ISO-10303-21;
HEADER;
/* Generated by software containing ST-Developer
 * from STEP Tools, Inc. (www.steptools.com) 
 */

FILE_DESCRIPTION(
/* description */ (''),
/* implementation_level */ '2;1');

FILE_NAME(
/* name */ 'zero_finger2_pip_center_v3.step',
/* time_stamp */ '2026-08-27T17:11:12+02:00',
/* author */ (''),
/* organization */ (''),
/* preprocessor_version */ 'ST-DEVELOPER v20.1',
/* originating_system */ 'Autodesk Translation Framework v15.8.0.0',
/* authorisation */ '');

FILE_SCHEMA (('AUTOMOTIVE_DESIGN { 1 0 10303 214 3 1 1 }'));
ENDSEC;

DATA;
#10=MECHANICAL_DESIGN_GEOMETRIC_PRESENTATION_REPRESENTATION('',(#13),#3084);
#11=SHAPE_REPRESENTATION_RELATIONSHIP('SRR','None',#3091,#12);
#12=ADVANCED_BREP_SHAPE_REPRESENTATION('',(#14),#3083);
#13=STYLED_ITEM('',(#3100),#14);
#14=MANIFOLD_SOLID_BREP('zero_finger2_pip_center_v3',#1055);
#15=B_SPLINE_SURFACE_WITH_KNOTS('',3,3,((#1668,#1669,#1670,#1671),(#1672,
#1673,#1674,#1675),(#1676,#1677,#1678,#1679),(#1680,#1681,#1682,#1683),
(#1684,#1685,#1686,#1687)),.UNSPECIFIED.,.F.,.F.,.F.,(4,1,4),(4,4),(0.,
0.5,1.),(0.,0.116161159637479),.UNSPECIFIED.);
#16=B_SPLINE_SURFACE_WITH_KNOTS('',3,3,((#1724,#1725,#1726,#1727),(#1728,
#1729,#1730,#1731),(#1732,#1733,#1734,#1735),(#1736,#1737,#1738,#1739),
(#1740,#1741,#1742,#1743)),.UNSPECIFIED.,.F.,.F.,.F.,(4,1,4),(4,4),(0.,
0.5,1.),(0.645301885875663,0.761463045808627),.UNSPECIFIED.);
#17=B_SPLINE_SURFACE_WITH_KNOTS('',3,3,((#1816,#1817,#1818,#1819),(#1820,
#1821,#1822,#1823),(#1824,#1825,#1826,#1827),(#1828,#1829,#1830,#1831),
(#1832,#1833,#1834,#1835)),.UNSPECIFIED.,.F.,.F.,.F.,(4,1,4),(4,4),(0.,
0.5,1.),(0.,0.116161180351166),.UNSPECIFIED.);
#18=B_SPLINE_SURFACE_WITH_KNOTS('',3,3,((#1872,#1873,#1874,#1875),(#1876,
#1877,#1878,#1879),(#1880,#1881,#1882,#1883),(#1884,#1885,#1886,#1887),
(#1888,#1889,#1890,#1891)),.UNSPECIFIED.,.F.,.F.,.F.,(4,1,4),(4,4),(0.,
0.5,1.),(0.645301885861114,0.761463066507768),.UNSPECIFIED.);
#19=B_SPLINE_SURFACE_WITH_KNOTS('',3,3,((#2070,#2071,#2072,#2073,#2074,
#2075,#2076,#2077,#2078,#2079,#2080,#2081,#2082,#2083,#2084,#2085,#2086,
#2087),(#2088,#2089,#2090,#2091,#2092,#2093,#2094,#2095,#2096,#2097,#2098,
#2099,#2100,#2101,#2102,#2103,#2104,#2105),(#2106,#2107,#2108,#2109,#2110,
#2111,#2112,#2113,#2114,#2115,#2116,#2117,#2118,#2119,#2120,#2121,#2122,
#2123),(#2124,#2125,#2126,#2127,#2128,#2129,#2130,#2131,#2132,#2133,#2134,
#2135,#2136,#2137,#2138,#2139,#2140,#2141),(#2142,#2143,#2144,#2145,#2146,
#2147,#2148,#2149,#2150,#2151,#2152,#2153,#2154,#2155,#2156,#2157,#2158,
#2159)),.UNSPECIFIED.,.F.,.F.,.F.,(4,1,4),(4,1,1,1,1,1,1,1,1,1,1,1,1,1,
1,4),(0.,0.571428571428571,1.),(1.31383451220827,1.40389501570315,1.49395551919804,
1.53898577094548,1.5615008968192,1.57275845975606,1.58401602269292,1.62904627444036,
1.6740765261878,1.67970530765623,1.69659165206152,1.71910677793524,1.76413702968268,
1.85419753317757,1.87671265905129,1.94425803667245),.UNSPECIFIED.);
#20=B_SPLINE_SURFACE_WITH_KNOTS('',3,3,((#2327,#2328,#2329,#2330),(#2331,
#2332,#2333,#2334),(#2335,#2336,#2337,#2338),(#2339,#2340,#2341,#2342)),
 .UNSPECIFIED.,.F.,.F.,.F.,(4,4),(4,4),(0.,1.),(1.66057259147538E-13,0.0426803550508437),
 .UNSPECIFIED.);
#21=B_SPLINE_SURFACE_WITH_KNOTS('',3,3,((#2351,#2352,#2353,#2354,#2355,
#2356,#2357,#2358),(#2359,#2360,#2361,#2362,#2363,#2364,#2365,#2366),(#2367,
#2368,#2369,#2370,#2371,#2372,#2373,#2374),(#2375,#2376,#2377,#2378,#2379,
#2380,#2381,#2382)),.UNSPECIFIED.,.F.,.F.,.F.,(4,4),(4,2,1,1,4),(0.,1.),
(-0.000841617630416997,0.,0.151283327946584,0.226924991919876,0.378208319866459),
 .UNSPECIFIED.);
#22=B_SPLINE_SURFACE_WITH_KNOTS('',3,3,((#2391,#2392,#2393,#2394,#2395,
#2396,#2397,#2398,#2399,#2400,#2401,#2402,#2403,#2404,#2405,#2406,#2407,
#2408),(#2409,#2410,#2411,#2412,#2413,#2414,#2415,#2416,#2417,#2418,#2419,
#2420,#2421,#2422,#2423,#2424,#2425,#2426),(#2427,#2428,#2429,#2430,#2431,
#2432,#2433,#2434,#2435,#2436,#2437,#2438,#2439,#2440,#2441,#2442,#2443,
#2444),(#2445,#2446,#2447,#2448,#2449,#2450,#2451,#2452,#2453,#2454,#2455,
#2456,#2457,#2458,#2459,#2460,#2461,#2462),(#2463,#2464,#2465,#2466,#2467,
#2468,#2469,#2470,#2471,#2472,#2473,#2474,#2475,#2476,#2477,#2478,#2479,
#2480)),.UNSPECIFIED.,.F.,.F.,.F.,(4,1,4),(4,1,1,1,1,1,1,1,1,1,1,1,1,1,
1,4),(0.,0.571428571428571,1.),(0.597967176904359,0.607491837970698,0.617016499037036,
0.636065821169713,0.674164465435066,0.750361753965774,0.826559042496481,
0.851958138673383,0.877357234850285,0.902756331027188,0.978953619557895,
1.0551509080886,1.09324955235396,1.11229887448663,1.12182353555297,1.13134819661931),
 .UNSPECIFIED.);
#23=B_SPLINE_SURFACE_WITH_KNOTS('',3,3,((#2581,#2582,#2583,#2584,#2585),
(#2586,#2587,#2588,#2589,#2590),(#2591,#2592,#2593,#2594,#2595),(#2596,
#2597,#2598,#2599,#2600)),.UNSPECIFIED.,.F.,.F.,.F.,(4,4),(4,1,4),(0.,1.),
(0.852504946838337,0.901989296667148,0.96796842977223),.UNSPECIFIED.);
#24=B_SPLINE_SURFACE_WITH_KNOTS('',3,3,((#2642,#2643,#2644,#2645,#2646,
#2647,#2648,#2649,#2650,#2651,#2652,#2653,#2654,#2655,#2656,#2657,#2658),
(#2659,#2660,#2661,#2662,#2663,#2664,#2665,#2666,#2667,#2668,#2669,#2670,
#2671,#2672,#2673,#2674,#2675),(#2676,#2677,#2678,#2679,#2680,#2681,#2682,
#2683,#2684,#2685,#2686,#2687,#2688,#2689,#2690,#2691,#2692),(#2693,#2694,
#2695,#2696,#2697,#2698,#2699,#2700,#2701,#2702,#2703,#2704,#2705,#2706,
#2707,#2708,#2709),(#2710,#2711,#2712,#2713,#2714,#2715,#2716,#2717,#2718,
#2719,#2720,#2721,#2722,#2723,#2724,#2725,#2726),(#2727,#2728,#2729,#2730,
#2731,#2732,#2733,#2734,#2735,#2736,#2737,#2738,#2739,#2740,#2741,#2742,
#2743)),.UNSPECIFIED.,.F.,.F.,.F.,(4,1,1,4),(4,1,1,1,1,1,1,1,1,1,1,1,1,
1,4),(0.,0.285714285714286,0.571428571428571,1.),(0.103241613555991,0.103910030691328,
0.104578447826665,0.10591528209734,0.106249490665008,0.106583699232677,
0.108588950638688,0.113936287721386,0.114604704856723,0.11527312199206,
0.119283624804083,0.12463096188678,0.129978298969478,0.135325636052175,
0.140672973134872),.UNSPECIFIED.);
#25=B_SPLINE_SURFACE_WITH_KNOTS('',3,3,((#2791,#2792,#2793,#2794,#2795,
#2796,#2797,#2798),(#2799,#2800,#2801,#2802,#2803,#2804,#2805,#2806),(#2807,
#2808,#2809,#2810,#2811,#2812,#2813,#2814),(#2815,#2816,#2817,#2818,#2819,
#2820,#2821,#2822),(#2823,#2824,#2825,#2826,#2827,#2828,#2829,#2830),(#2831,
#2832,#2833,#2834,#2835,#2836,#2837,#2838)),.UNSPECIFIED.,.F.,.F.,.F.,(4,
1,1,4),(4,1,1,1,1,4),(0.,0.285714285714286,0.571428571428571,1.),(1.76365737123628,
2.14276826043644,2.33232370503652,2.52187914963659,2.71143459423667,3.09054548343683),
 .UNSPECIFIED.);
#26=B_SPLINE_SURFACE_WITH_KNOTS('',3,3,((#2909,#2910,#2911,#2912,#2913,
#2914,#2915,#2916,#2917,#2918,#2919,#2920,#2921,#2922),(#2923,#2924,#2925,
#2926,#2927,#2928,#2929,#2930,#2931,#2932,#2933,#2934,#2935,#2936),(#2937,
#2938,#2939,#2940,#2941,#2942,#2943,#2944,#2945,#2946,#2947,#2948,#2949,
#2950),(#2951,#2952,#2953,#2954,#2955,#2956,#2957,#2958,#2959,#2960,#2961,
#2962,#2963,#2964),(#2965,#2966,#2967,#2968,#2969,#2970,#2971,#2972,#2973,
#2974,#2975,#2976,#2977,#2978),(#2979,#2980,#2981,#2982,#2983,#2984,#2985,
#2986,#2987,#2988,#2989,#2990,#2991,#2992)),.UNSPECIFIED.,.F.,.F.,.F.,(4,
1,1,4),(4,1,1,1,1,1,1,1,1,1,1,4),(0.,0.285714285714286,0.571428571428571,
1.),(0.,0.0123149691332733,0.0184724536999099,0.0215511959832282,0.0246299382665466,
0.0307874228331832,0.0369449073998198,0.038484278541479,0.0400236496831382,
0.0415630208247973,0.0423327063956269,0.0431023919664565),.UNSPECIFIED.);
#27=B_SPLINE_SURFACE_WITH_KNOTS('',3,3,((#3030,#3031,#3032,#3033,#3034,
#3035),(#3036,#3037,#3038,#3039,#3040,#3041),(#3042,#3043,#3044,#3045,#3046,
#3047),(#3048,#3049,#3050,#3051,#3052,#3053)),.UNSPECIFIED.,.F.,.F.,.F.,
(4,4),(4,1,1,4),(0.,1.),(0.,0.0526772965587679,0.0790159448381518,0.184370537955688),
 .UNSPECIFIED.);
#28=(
BOUNDED_SURFACE()
B_SPLINE_SURFACE(2,2,((#1603,#1604,#1605,#1606,#1607,#1608,#1609),(#1610,
#1611,#1612,#1613,#1614,#1615,#1616),(#1617,#1618,#1619,#1620,#1621,#1622,
#1623)),.UNSPECIFIED.,.F.,.F.,.F.)
B_SPLINE_SURFACE_WITH_KNOTS((3,3),(3,2,2,3),(-3.36760408643638E-14,1.20682792639771),
(-1.82898110952401,-0.609660369836594,0.609660369850819,1.82898110953823),
 .UNSPECIFIED.)
GEOMETRIC_REPRESENTATION_ITEM()
RATIONAL_B_SPLINE_SURFACE(((1.,0.819842533634106,1.,0.819842533634106,1.,
0.819842533634106,1.),(0.823403140331184,0.675060916771397,0.823403140331184,
0.675060916771397,0.823403140331184,0.675060916771397,0.823403140331184),
(1.,0.819842533634106,1.,0.819842533634106,1.,0.819842533634106,1.)))
REPRESENTATION_ITEM('')
SURFACE()
);
#29=(
BOUNDED_SURFACE()
B_SPLINE_SURFACE(2,2,((#1629,#1630,#1631,#1632,#1633,#1634,#1635),(#1636,
#1637,#1638,#1639,#1640,#1641,#1642),(#1643,#1644,#1645,#1646,#1647,#1648,
#1649)),.UNSPECIFIED.,.F.,.F.,.F.)
B_SPLINE_SURFACE_WITH_KNOTS((3,3),(3,2,2,3),(0.,1.5707963267949),(-1.82898110953112,
-0.609660369843706,0.609660369843706,1.82898110953112),.UNSPECIFIED.)
GEOMETRIC_REPRESENTATION_ITEM()
RATIONAL_B_SPLINE_SURFACE(((1.,0.819842533634106,1.,0.819842533634106,1.,
0.819842533634106,1.),(0.70710678118655,0.579716215037838,0.70710678118655,
0.579716215037838,0.70710678118655,0.579716215037838,0.70710678118655),
(1.,0.819842533634106,1.,0.819842533634106,1.,0.819842533634106,1.)))
REPRESENTATION_ITEM('')
SURFACE()
);
#30=(
BOUNDED_SURFACE()
B_SPLINE_SURFACE(1,2,((#2559,#2560,#2561),(#2562,#2563,#2564)),
 .UNSPECIFIED.,.F.,.F.,.F.)
B_SPLINE_SURFACE_WITH_KNOTS((2,2),(3,3),(0.,1.95710891093704),(1.51411968846671,
1.62747296512136),.UNSPECIFIED.)
GEOMETRIC_REPRESENTATION_ITEM()
RATIONAL_B_SPLINE_SURFACE(((1.,0.998394309225189,1.),(1.,0.998394309225189,
1.)))
REPRESENTATION_ITEM('')
SURFACE()
);
#31=(
BOUNDED_SURFACE()
B_SPLINE_SURFACE(1,2,((#2567,#2568,#2569),(#2570,#2571,#2572)),
 .UNSPECIFIED.,.F.,.F.,.F.)
B_SPLINE_SURFACE_WITH_KNOTS((2,2),(3,3),(0.,2.56839773731846),(-3.14159261552799,
-1.63882434482647),.UNSPECIFIED.)
GEOMETRIC_REPRESENTATION_ITEM()
RATIONAL_B_SPLINE_SURFACE(((1.,0.730744687975007,1.),(1.,0.730744687975007,
1.)))
REPRESENTATION_ITEM('')
SURFACE()
);
#32=(
BOUNDED_SURFACE()
B_SPLINE_SURFACE(1,2,((#3071,#3072,#3073),(#3074,#3075,#3076)),
 .UNSPECIFIED.,.F.,.F.,.F.)
B_SPLINE_SURFACE_WITH_KNOTS((2,2),(3,3),(0.,2.5684959254359),(-1.5027683087662,
1.05817816785215E-8),.UNSPECIFIED.)
GEOMETRIC_REPRESENTATION_ITEM()
RATIONAL_B_SPLINE_SURFACE(((1.,0.730744671370732,1.),(1.,0.730744671370732,
1.)))
REPRESENTATION_ITEM('')
SURFACE()
);
#33=FACE_BOUND('',#167,.T.);
#34=FACE_BOUND('',#198,.T.);
#35=FACE_BOUND('',#199,.T.);
#36=ELLIPSE('',#1081,5.50000000000001,4.5);
#37=ELLIPSE('',#1082,6.59999999999998,4.49999999999712);
#38=ELLIPSE('',#1083,5.50000000000001,4.5);
#39=PLANE('',#1077);
#40=PLANE('',#1088);
#41=PLANE('',#1092);
#42=PLANE('',#1103);
#43=PLANE('',#1114);
#44=PLANE('',#1125);
#45=PLANE('',#1156);
#46=PLANE('',#1163);
#47=PLANE('',#1164);
#48=CIRCLE('',#1071,2.505);
#49=CIRCLE('',#1072,2.005);
#50=CIRCLE('',#1073,2.005);
#51=CIRCLE('',#1075,2.005);
#52=CIRCLE('',#1078,0.75);
#53=CIRCLE('',#1079,10.);
#54=CIRCLE('',#1080,0.75);
#55=CIRCLE('',#1085,1.03);
#56=CIRCLE('',#1087,1.03);
#57=CIRCLE('',#1089,0.0150000000000002);
#58=CIRCLE('',#1091,0.2);
#59=CIRCLE('',#1093,0.3);
#60=CIRCLE('',#1094,0.900000000173904);
#61=CIRCLE('',#1095,6.10000000000183);
#62=CIRCLE('',#1096,0.3);
#63=CIRCLE('',#1097,10.);
#64=CIRCLE('',#1098,4.90000000000189);
#65=CIRCLE('',#1099,2.1000000000208);
#66=CIRCLE('',#1100,1.);
#67=CIRCLE('',#1101,0.2);
#68=CIRCLE('',#1104,1.);
#69=CIRCLE('',#1105,2.1000000000208);
#70=CIRCLE('',#1106,4.90000000000189);
#71=CIRCLE('',#1107,10.);
#72=CIRCLE('',#1108,0.3);
#73=CIRCLE('',#1109,6.10000000000183);
#74=CIRCLE('',#1110,0.900000000173904);
#75=CIRCLE('',#1111,0.3);
#76=CIRCLE('',#1113,0.2);
#77=CIRCLE('',#1115,0.3);
#78=CIRCLE('',#1116,0.900000000051655);
#79=CIRCLE('',#1117,6.10000000000183);
#80=CIRCLE('',#1118,0.3);
#81=CIRCLE('',#1119,10.);
#82=CIRCLE('',#1120,4.90000000000189);
#83=CIRCLE('',#1121,2.10000000002454);
#84=CIRCLE('',#1122,1.);
#85=CIRCLE('',#1123,0.2);
#86=CIRCLE('',#1126,1.);
#87=CIRCLE('',#1127,2.10000000002454);
#88=CIRCLE('',#1128,4.90000000000189);
#89=CIRCLE('',#1129,10.);
#90=CIRCLE('',#1130,0.3);
#91=CIRCLE('',#1131,6.10000000000183);
#92=CIRCLE('',#1132,0.900000000051655);
#93=CIRCLE('',#1133,0.3);
#94=CIRCLE('',#1148,0.699999999999999);
#95=CIRCLE('',#1149,0.7);
#96=CIRCLE('',#1150,0.7);
#97=CIRCLE('',#1154,0.700000000000002);
#98=CIRCLE('',#1155,0.700000000001188);
#99=CIRCLE('',#1158,0.7);
#100=CIRCLE('',#1159,0.700000000000001);
#101=CIRCLE('',#1161,0.7);
#102=CONICAL_SURFACE('',#1070,2.255,0.785398163397448);
#103=FACE_OUTER_BOUND('',#162,.T.);
#104=FACE_OUTER_BOUND('',#163,.T.);
#105=FACE_OUTER_BOUND('',#164,.T.);
#106=FACE_OUTER_BOUND('',#165,.T.);
#107=FACE_OUTER_BOUND('',#166,.T.);
#108=FACE_OUTER_BOUND('',#168,.T.);
#109=FACE_OUTER_BOUND('',#169,.T.);
#110=FACE_OUTER_BOUND('',#170,.T.);
#111=FACE_OUTER_BOUND('',#171,.T.);
#112=FACE_OUTER_BOUND('',#172,.T.);
#113=FACE_OUTER_BOUND('',#173,.T.);
#114=FACE_OUTER_BOUND('',#174,.T.);
#115=FACE_OUTER_BOUND('',#175,.T.);
#116=FACE_OUTER_BOUND('',#176,.T.);
#117=FACE_OUTER_BOUND('',#177,.T.);
#118=FACE_OUTER_BOUND('',#178,.T.);
#119=FACE_OUTER_BOUND('',#179,.T.);
#120=FACE_OUTER_BOUND('',#180,.T.);
#121=FACE_OUTER_BOUND('',#181,.T.);
#122=FACE_OUTER_BOUND('',#182,.T.);
#123=FACE_OUTER_BOUND('',#183,.T.);
#124=FACE_OUTER_BOUND('',#184,.T.);
#125=FACE_OUTER_BOUND('',#185,.T.);
#126=FACE_OUTER_BOUND('',#186,.T.);
#127=FACE_OUTER_BOUND('',#187,.T.);
#128=FACE_OUTER_BOUND('',#188,.T.);
#129=FACE_OUTER_BOUND('',#189,.T.);
#130=FACE_OUTER_BOUND('',#190,.T.);
#131=FACE_OUTER_BOUND('',#191,.T.);
#132=FACE_OUTER_BOUND('',#192,.T.);
#133=FACE_OUTER_BOUND('',#193,.T.);
#134=FACE_OUTER_BOUND('',#194,.T.);
#135=FACE_OUTER_BOUND('',#195,.T.);
#136=FACE_OUTER_BOUND('',#196,.T.);
#137=FACE_OUTER_BOUND('',#197,.T.);
#138=FACE_OUTER_BOUND('',#200,.T.);
#139=FACE_OUTER_BOUND('',#201,.T.);
#140=FACE_OUTER_BOUND('',#202,.T.);
#141=FACE_OUTER_BOUND('',#203,.T.);
#142=FACE_OUTER_BOUND('',#204,.T.);
#143=FACE_OUTER_BOUND('',#205,.T.);
#144=FACE_OUTER_BOUND('',#206,.T.);
#145=FACE_OUTER_BOUND('',#207,.T.);
#146=FACE_OUTER_BOUND('',#208,.T.);
#147=FACE_OUTER_BOUND('',#209,.T.);
#148=FACE_OUTER_BOUND('',#210,.T.);
#149=FACE_OUTER_BOUND('',#211,.T.);
#150=FACE_OUTER_BOUND('',#212,.T.);
#151=FACE_OUTER_BOUND('',#213,.T.);
#152=FACE_OUTER_BOUND('',#214,.T.);
#153=FACE_OUTER_BOUND('',#215,.T.);
#154=FACE_OUTER_BOUND('',#216,.T.);
#155=FACE_OUTER_BOUND('',#217,.T.);
#156=FACE_OUTER_BOUND('',#218,.T.);
#157=FACE_OUTER_BOUND('',#219,.T.);
#158=FACE_OUTER_BOUND('',#220,.T.);
#159=FACE_OUTER_BOUND('',#221,.T.);
#160=FACE_OUTER_BOUND('',#222,.T.);
#161=FACE_OUTER_BOUND('',#223,.T.);
#162=EDGE_LOOP('',(#643,#644,#645,#646));
#163=EDGE_LOOP('',(#647,#648,#649,#650,#651,#652,#653,#654));
#164=EDGE_LOOP('',(#655,#656,#657,#658,#659,#660,#661,#662,#663,#664,#665));
#165=EDGE_LOOP('',(#666,#667,#668,#669));
#166=EDGE_LOOP('',(#670,#671,#672,#673,#674,#675,#676,#677));
#167=EDGE_LOOP('',(#678));
#168=EDGE_LOOP('',(#679,#680,#681,#682));
#169=EDGE_LOOP('',(#683,#684,#685,#686,#687,#688));
#170=EDGE_LOOP('',(#689,#690,#691,#692));
#171=EDGE_LOOP('',(#693,#694));
#172=EDGE_LOOP('',(#695,#696,#697,#698));
#173=EDGE_LOOP('',(#699,#700,#701,#702));
#174=EDGE_LOOP('',(#703,#704,#705,#706));
#175=EDGE_LOOP('',(#707,#708,#709,#710,#711,#712,#713,#714,#715,#716));
#176=EDGE_LOOP('',(#717,#718,#719,#720));
#177=EDGE_LOOP('',(#721,#722,#723,#724));
#178=EDGE_LOOP('',(#725,#726,#727,#728,#729,#730,#731,#732,#733,#734));
#179=EDGE_LOOP('',(#735,#736,#737,#738));
#180=EDGE_LOOP('',(#739,#740,#741,#742));
#181=EDGE_LOOP('',(#743,#744,#745,#746,#747,#748,#749,#750,#751,#752));
#182=EDGE_LOOP('',(#753,#754,#755,#756));
#183=EDGE_LOOP('',(#757,#758,#759,#760));
#184=EDGE_LOOP('',(#761,#762,#763,#764,#765,#766,#767,#768,#769,#770));
#185=EDGE_LOOP('',(#771,#772,#773,#774));
#186=EDGE_LOOP('',(#775,#776,#777,#778));
#187=EDGE_LOOP('',(#779,#780,#781,#782));
#188=EDGE_LOOP('',(#783,#784,#785,#786));
#189=EDGE_LOOP('',(#787,#788,#789,#790,#791,#792));
#190=EDGE_LOOP('',(#793,#794,#795,#796));
#191=EDGE_LOOP('',(#797,#798,#799,#800,#801,#802));
#192=EDGE_LOOP('',(#803,#804,#805,#806));
#193=EDGE_LOOP('',(#807,#808,#809,#810,#811,#812));
#194=EDGE_LOOP('',(#813,#814,#815,#816));
#195=EDGE_LOOP('',(#817,#818,#819,#820,#821,#822));
#196=EDGE_LOOP('',(#823,#824,#825,#826));
#197=EDGE_LOOP('',(#827,#828,#829,#830));
#198=EDGE_LOOP('',(#831,#832,#833,#834));
#199=EDGE_LOOP('',(#835,#836,#837,#838));
#200=EDGE_LOOP('',(#839,#840,#841,#842));
#201=EDGE_LOOP('',(#843,#844,#845,#846,#847,#848,#849,#850));
#202=EDGE_LOOP('',(#851,#852,#853,#854));
#203=EDGE_LOOP('',(#855,#856,#857));
#204=EDGE_LOOP('',(#858,#859,#860,#861,#862,#863,#864));
#205=EDGE_LOOP('',(#865,#866,#867,#868));
#206=EDGE_LOOP('',(#869,#870,#871,#872,#873,#874,#875,#876,#877,#878));
#207=EDGE_LOOP('',(#879,#880,#881,#882));
#208=EDGE_LOOP('',(#883,#884,#885,#886,#887,#888));
#209=EDGE_LOOP('',(#889,#890));
#210=EDGE_LOOP('',(#891,#892,#893,#894));
#211=EDGE_LOOP('',(#895,#896,#897,#898));
#212=EDGE_LOOP('',(#899,#900,#901,#902,#903,#904,#905,#906));
#213=EDGE_LOOP('',(#907,#908,#909,#910));
#214=EDGE_LOOP('',(#911,#912,#913,#914,#915,#916));
#215=EDGE_LOOP('',(#917,#918,#919,#920));
#216=EDGE_LOOP('',(#921,#922,#923,#924));
#217=EDGE_LOOP('',(#925,#926,#927,#928,#929));
#218=EDGE_LOOP('',(#930,#931,#932,#933));
#219=EDGE_LOOP('',(#934,#935,#936,#937,#938,#939,#940,#941));
#220=EDGE_LOOP('',(#942,#943,#944,#945,#946,#947,#948,#949,#950));
#221=EDGE_LOOP('',(#951,#952,#953,#954));
#222=EDGE_LOOP('',(#955,#956,#957,#958));
#223=EDGE_LOOP('',(#959,#960,#961,#962,#963,#964));
#224=LINE('',#1429,#275);
#225=LINE('',#1445,#276);
#226=LINE('',#1450,#277);
#227=LINE('',#1496,#278);
#228=LINE('',#1538,#279);
#229=LINE('',#1548,#280);
#230=LINE('',#1563,#281);
#231=LINE('',#1573,#282);
#232=LINE('',#1580,#283);
#233=LINE('',#1655,#284);
#234=LINE('',#1667,#285);
#235=LINE('',#1780,#286);
#236=LINE('',#1781,#287);
#237=LINE('',#1803,#288);
#238=LINE('',#1815,#289);
#239=LINE('',#1928,#290);
#240=LINE('',#1929,#291);
#241=LINE('',#1947,#292);
#242=LINE('',#1948,#293);
#243=LINE('',#1950,#294);
#244=LINE('',#1952,#295);
#245=LINE('',#1953,#296);
#246=LINE('',#1955,#297);
#247=LINE('',#1957,#298);
#248=LINE('',#1958,#299);
#249=LINE('',#1961,#300);
#250=LINE('',#1962,#301);
#251=LINE('',#1965,#302);
#252=LINE('',#1966,#303);
#253=LINE('',#1968,#304);
#254=LINE('',#1970,#305);
#255=LINE('',#1971,#306);
#256=LINE('',#1973,#307);
#257=LINE('',#2065,#308);
#258=LINE('',#2066,#309);
#259=LINE('',#2067,#310);
#260=LINE('',#2068,#311);
#261=LINE('',#2565,#312);
#262=LINE('',#2566,#313);
#263=LINE('',#2573,#314);
#264=LINE('',#2580,#315);
#265=LINE('',#2610,#316);
#266=LINE('',#2636,#317);
#267=LINE('',#2641,#318);
#268=LINE('',#2789,#319);
#269=LINE('',#3028,#320);
#270=LINE('',#3029,#321);
#271=LINE('',#3067,#322);
#272=LINE('',#3069,#323);
#273=LINE('',#3070,#324);
#274=LINE('',#3078,#325);
#275=VECTOR('',#1171,10.);
#276=VECTOR('',#1172,10.);
#277=VECTOR('',#1177,2.255);
#278=VECTOR('',#1184,10.);
#279=VECTOR('',#1187,10.);
#280=VECTOR('',#1188,10.);
#281=VECTOR('',#1191,10.);
#282=VECTOR('',#1200,10.);
#283=VECTOR('',#1207,10.);
#284=VECTOR('',#1224,10.);
#285=VECTOR('',#1225,10.);
#286=VECTOR('',#1248,10.);
#287=VECTOR('',#1249,10.);
#288=VECTOR('',#1272,10.);
#289=VECTOR('',#1273,10.);
#290=VECTOR('',#1296,10.);
#291=VECTOR('',#1297,10.);
#292=VECTOR('',#1318,10.);
#293=VECTOR('',#1319,10.);
#294=VECTOR('',#1322,10.);
#295=VECTOR('',#1325,10.);
#296=VECTOR('',#1326,10.);
#297=VECTOR('',#1329,10.);
#298=VECTOR('',#1332,10.);
#299=VECTOR('',#1333,10.);
#300=VECTOR('',#1338,10.);
#301=VECTOR('',#1339,10.);
#302=VECTOR('',#1344,10.);
#303=VECTOR('',#1345,10.);
#304=VECTOR('',#1348,10.);
#305=VECTOR('',#1351,10.);
#306=VECTOR('',#1352,10.);
#307=VECTOR('',#1355,10.);
#308=VECTOR('',#1358,10.);
#309=VECTOR('',#1359,10.);
#310=VECTOR('',#1360,10.);
#311=VECTOR('',#1361,10.);
#312=VECTOR('',#1368,10.);
#313=VECTOR('',#1369,10.);
#314=VECTOR('',#1370,10.);
#315=VECTOR('',#1371,10.);
#316=VECTOR('',#1376,10.);
#317=VECTOR('',#1377,10.);
#318=VECTOR('',#1384,10.);
#319=VECTOR('',#1389,10.);
#320=VECTOR('',#1400,10.);
#321=VECTOR('',#1401,10.);
#322=VECTOR('',#1404,10.);
#323=VECTOR('',#1407,10.);
#324=VECTOR('',#1408,10.);
#325=VECTOR('',#1411,10.);
#326=B_SPLINE_CURVE_WITH_KNOTS('',3,(#1420,#1421,#1422,#1423,#1424,#1425,
#1426,#1427),.UNSPECIFIED.,.F.,.F.,(4,2,2,4),(0.112128973296929,0.119106733353002,
0.126084493409075,0.136152660105785),.UNSPECIFIED.);
#327=B_SPLINE_CURVE_WITH_KNOTS('',3,(#1431,#1432,#1433,#1434,#1435,#1436,
#1437,#1438,#1439,#1440,#1441,#1442,#1443,#1444),.UNSPECIFIED.,.F.,.F.,
(4,2,2,2,2,2,4),(-0.0695755206335168,-0.0689800634787687,-0.0662192606322034,
-0.0624747401573977,-0.0558308652756058,-0.047111104489174,-0.0467138993199357),
 .UNSPECIFIED.);
#328=B_SPLINE_CURVE_WITH_KNOTS('',3,(#1454,#1455,#1456,#1457,#1458,#1459,
#1460,#1461),.UNSPECIFIED.,.F.,.F.,(4,2,2,4),(0.0105725310748849,0.0206406977715944,
0.0276184578276676,0.0345962178837408),.UNSPECIFIED.);
#329=B_SPLINE_CURVE_WITH_KNOTS('',3,(#1462,#1463,#1464,#1465,#1466,#1467,
#1468,#1469,#1470,#1471,#1472,#1473,#1474,#1475,#1476,#1477,#1478,#1479,
#1480,#1481,#1482,#1483),.UNSPECIFIED.,.F.,.F.,(4,2,2,2,2,2,2,2,2,2,4),
(0.142458882356378,0.142554316777523,0.163661868983304,0.181008910490292,
0.189682431243787,0.198355951997281,0.207029472750775,0.215702993504269,
0.233050035011258,0.254157587217039,0.254253021638183),.UNSPECIFIED.);
#330=B_SPLINE_CURVE_WITH_KNOTS('',3,(#1487,#1488,#1489,#1490,#1491,#1492,
#1493,#1494),.UNSPECIFIED.,.F.,.F.,(4,2,2,4),(0.743309687861623,0.783526596852033,
0.827893119646834,0.865773415504277),.UNSPECIFIED.);
#331=B_SPLINE_CURVE_WITH_KNOTS('',3,(#1498,#1499,#1500,#1501,#1502,#1503,
#1504,#1505,#1506,#1507,#1508,#1509,#1510,#1511,#1512,#1513,#1514,#1515),
 .UNSPECIFIED.,.F.,.F.,(4,2,2,2,2,2,2,2,4),(-0.161010346992551,-0.160768936135034,
-0.159809042009977,-0.157011972585882,-0.15435434014934,-0.117212040191587,
-0.0777348067732866,-0.0384016750756797,-8.56420055706658E-6),
 .UNSPECIFIED.);
#332=B_SPLINE_CURVE_WITH_KNOTS('',3,(#1519,#1520,#1521,#1522,#1523,#1524,
#1525,#1526,#1527,#1528,#1529,#1530,#1531,#1532,#1533,#1534,#1535,#1536),
 .UNSPECIFIED.,.F.,.F.,(4,2,2,2,2,2,2,2,4),(-0.324978073393279,-0.286174112210283,
-0.24690085965126,-0.209609639237639,-0.174257984579507,-0.16823517766354,
-0.165736581950899,-0.164802354195032,-0.164604153286682),.UNSPECIFIED.);
#333=B_SPLINE_CURVE_WITH_KNOTS('',3,(#1540,#1541,#1542,#1543,#1544,#1545,
#1546,#1547),.UNSPECIFIED.,.F.,.F.,(4,2,2,4),(0.0982248012538535,0.161132378518136,
0.229314967522405,0.2846205876865),.UNSPECIFIED.);
#334=B_SPLINE_CURVE_WITH_KNOTS('',3,(#1551,#1552,#1553,#1554,#1555,#1556,
#1557,#1558,#1559,#1560,#1561,#1562),.UNSPECIFIED.,.F.,.F.,(4,2,2,2,2,4),
(-0.0926417382822933,-0.0875993159304207,-0.0793623773485266,-0.0746385630635242,
-0.0715727016532169,-0.0697913356065049),.UNSPECIFIED.);
#335=B_SPLINE_CURVE_WITH_KNOTS('',3,(#1582,#1583,#1584,#1585,#1586,#1587,
#1588,#1589,#1590,#1591,#1592,#1593,#1594,#1595,#1596,#1597,#1598,#1599,
#1600,#1601,#1602),.UNSPECIFIED.,.F.,.F.,(4,2,2,2,3,2,2,2,2,4),(-0.0503185352792918,
-0.0439816731228958,-0.0293133666047251,-0.0146522371849171,0.,0.0082885868557922,
0.0165805184698971,0.0312141979184363,0.045842092950809,0.0502804005298614),
 .UNSPECIFIED.);
#336=B_SPLINE_CURVE_WITH_KNOTS('',3,(#1657,#1658,#1659,#1660,#1661,#1662,
#1663,#1664,#1665,#1666),.UNSPECIFIED.,.F.,.F.,(4,2,2,2,4),(0.101821852911233,
0.110055374642862,0.118288896374491,0.130445890220564,0.142602884066638),
 .UNSPECIFIED.);
#337=B_SPLINE_CURVE_WITH_KNOTS('',3,(#1690,#1691,#1692,#1693,#1694,#1695,
#1696,#1697,#1698,#1699),.UNSPECIFIED.,.F.,.F.,(4,2,2,2,4),(-0.000403524033290382,
0.,0.0264851082952876,0.0511721056682196,0.0799607377669549),
 .UNSPECIFIED.);
#338=B_SPLINE_CURVE_WITH_KNOTS('',3,(#1700,#1701,#1702,#1703),
 .UNSPECIFIED.,.F.,.F.,(4,4),(-0.116161159637479,0.),.UNSPECIFIED.);
#339=B_SPLINE_CURVE_WITH_KNOTS('',3,(#1704,#1705,#1706,#1707),
 .UNSPECIFIED.,.F.,.F.,(4,4),(9.30399604600026E-10,0.048073569457843),
 .UNSPECIFIED.);
#340=B_SPLINE_CURVE_WITH_KNOTS('',3,(#1746,#1747,#1748,#1749,#1750,#1751,
#1752,#1753,#1754,#1755),.UNSPECIFIED.,.F.,.F.,(4,2,2,2,4),(0.,0.0112901584935624,
0.0405286928237923,0.0684735785686695,0.068809347236283),.UNSPECIFIED.);
#341=B_SPLINE_CURVE_WITH_KNOTS('',3,(#1757,#1758,#1759,#1760),
 .UNSPECIFIED.,.F.,.F.,(4,4),(0.713389478370962,0.761463045808627),
 .UNSPECIFIED.);
#342=B_SPLINE_CURVE_WITH_KNOTS('',3,(#1763,#1764,#1765,#1766),
 .UNSPECIFIED.,.F.,.F.,(4,4),(-0.761463045808627,-0.645301885875663),
 .UNSPECIFIED.);
#343=B_SPLINE_CURVE_WITH_KNOTS('',3,(#1770,#1771,#1772,#1773,#1774,#1775,
#1776,#1777,#1778,#1779),.UNSPECIFIED.,.F.,.F.,(4,2,2,2,4),(0.,0.012156993846074,
0.024313987692148,0.0325475094237764,0.0407810311554049),.UNSPECIFIED.);
#344=B_SPLINE_CURVE_WITH_KNOTS('',3,(#1805,#1806,#1807,#1808,#1809,#1810,
#1811,#1812,#1813,#1814),.UNSPECIFIED.,.F.,.F.,(4,2,2,2,4),(0.101821852911234,
0.110055374642862,0.118288896374491,0.130445890220565,0.142602884066638),
 .UNSPECIFIED.);
#345=B_SPLINE_CURVE_WITH_KNOTS('',3,(#1838,#1839,#1840,#1841,#1842,#1843,
#1844,#1845,#1846,#1847),.UNSPECIFIED.,.F.,.F.,(4,2,2,2,4),(-0.000403524033406868,
0.,0.0264851082948801,0.0511721056665652,0.0799607377664858),
 .UNSPECIFIED.);
#346=B_SPLINE_CURVE_WITH_KNOTS('',3,(#1848,#1849,#1850,#1851),
 .UNSPECIFIED.,.F.,.F.,(4,4),(-0.116161180351166,0.),.UNSPECIFIED.);
#347=B_SPLINE_CURVE_WITH_KNOTS('',3,(#1852,#1853,#1854,#1855),
 .UNSPECIFIED.,.F.,.F.,(4,4),(0.,0.0480735901735333),.UNSPECIFIED.);
#348=B_SPLINE_CURVE_WITH_KNOTS('',3,(#1894,#1895,#1896,#1897,#1898,#1899,
#1900,#1901,#1902,#1903),.UNSPECIFIED.,.F.,.F.,(4,2,2,2,4),(0.,0.0112901581715134,
0.0405286923474225,0.0684735784664314,0.0688093471339021),.UNSPECIFIED.);
#349=B_SPLINE_CURVE_WITH_KNOTS('',3,(#1905,#1906,#1907,#1908),
 .UNSPECIFIED.,.F.,.F.,(4,4),(0.713389478354414,0.761463066507768),
 .UNSPECIFIED.);
#350=B_SPLINE_CURVE_WITH_KNOTS('',3,(#1911,#1912,#1913,#1914),
 .UNSPECIFIED.,.F.,.F.,(4,4),(-0.761463066507768,-0.645301885861114),
 .UNSPECIFIED.);
#351=B_SPLINE_CURVE_WITH_KNOTS('',3,(#1918,#1919,#1920,#1921,#1922,#1923,
#1924,#1925,#1926,#1927),.UNSPECIFIED.,.F.,.F.,(4,2,2,2,4),(0.,0.0121569938460738,
0.0243139876921477,0.0325475094237763,0.0407810311554049),.UNSPECIFIED.);
#352=B_SPLINE_CURVE_WITH_KNOTS('',3,(#1977,#1978,#1979,#1980,#1981,#1982,
#1983,#1984,#1985,#1986,#1987,#1988,#1989,#1990,#1991,#1992,#1993,#1994,
#1995,#1996,#1997,#1998,#1999,#2000,#2001,#2002,#2003,#2004,#2005,#2006,
#2007,#2008,#2009,#2010,#2011,#2012,#2013,#2014,#2015,#2016,#2017,#2018,
#2019,#2020,#2021,#2022,#2023,#2024,#2025,#2026,#2027,#2028,#2029,#2030,
#2031,#2032,#2033,#2034,#2035,#2036,#2037,#2038,#2039,#2040,#2041,#2042,
#2043,#2044,#2045,#2046,#2047,#2048,#2049,#2050,#2051,#2052,#2053,#2054,
#2055,#2056,#2057,#2058,#2059,#2060,#2061,#2062,#2063,#2064),
 .UNSPECIFIED.,.F.,.F.,(4,3,3,3,3,3,3,3,3,3,3,3,3,3,3,3,3,3,3,3,3,3,3,3,
3,3,3,3,3,4),(-3.09054548343676,-3.04689098997979,-3.00267770384845,-2.95787256836845,
-2.94102956062342,-2.88132263605497,-2.82063446290352,-2.75943854679929,
-2.73767108714189,-2.71151423908274,-2.63869679476284,-2.56605619152113,
-2.55004467236029,-2.52189486304397,-2.46779448212417,-2.41449039267954,
-2.37437936653965,-2.33226205733042,-2.27767922247543,-2.22127192455257,
-2.19736867750644,-2.14273881887748,-2.07594529242131,-2.01008879298966,
-1.99842697159604,-1.92874267970476,-1.85711948829881,-1.82366954378553,
-1.78437450901556,-1.76365737123693),.UNSPECIFIED.);
#353=B_SPLINE_CURVE_WITH_KNOTS('',3,(#2162,#2163,#2164,#2165,#2166,#2167,
#2168,#2169,#2170,#2171,#2172,#2173),.UNSPECIFIED.,.F.,.F.,(4,2,2,2,2,4),
(0.0313836406569782,0.131600201212618,0.262985825986662,0.39253930874813,
0.482985044527441,0.483927938811449),.UNSPECIFIED.);
#354=B_SPLINE_CURVE_WITH_KNOTS('',3,(#2175,#2176,#2177,#2178,#2179,#2180),
 .UNSPECIFIED.,.F.,.F.,(4,2,4),(0.0339458181596297,0.107676557239222,0.108594426093554),
 .UNSPECIFIED.);
#355=B_SPLINE_CURVE_WITH_KNOTS('',3,(#2182,#2183,#2184,#2185,#2186,#2187,
#2188,#2189,#2190,#2191,#2192),.UNSPECIFIED.,.F.,.F.,(4,1,1,1,1,1,1,1,4),
(1.63935164255675,1.6740765261878,1.67970530765623,1.69659165206152,1.71910677793524,
1.76413702968268,1.85419753317757,1.87671265905129,1.94425803667245),
 .UNSPECIFIED.);
#356=B_SPLINE_CURVE_WITH_KNOTS('',3,(#2194,#2195,#2196,#2197,#2198,#2199,
#2200,#2201,#2202,#2203,#2204,#2205,#2206,#2207,#2208,#2209,#2210,#2211,
#2212,#2213,#2214,#2215,#2216,#2217,#2218,#2219,#2220,#2221,#2222,#2223,
#2224,#2225,#2226,#2227),.UNSPECIFIED.,.F.,.F.,(4,2,2,2,2,2,2,2,2,2,2,2,
2,2,2,2,4),(0.,0.00123578869091505,0.00884728683118468,0.017239954803725,
0.0287060622440725,0.0401561973314562,0.0412712822817902,0.0417517088050875,
0.0420559345208511,0.0423909249807637,0.0428556870664637,0.0439566312808551,
0.0491109991220131,0.0587318078098967,0.0685417537173341,0.0765656205520562,
0.0841766884075675),.UNSPECIFIED.);
#357=B_SPLINE_CURVE_WITH_KNOTS('',3,(#2229,#2230,#2231,#2232,#2233,#2234,
#2235,#2236,#2237,#2238,#2239,#2240,#2241,#2242,#2243,#2244,#2245,#2246,
#2247,#2248,#2249,#2250,#2251,#2252,#2253,#2254,#2255,#2256,#2257,#2258,
#2259,#2260,#2261,#2262,#2263,#2264,#2265,#2266,#2267,#2268,#2269,#2270,
#2271,#2272,#2273,#2274,#2275,#2276,#2277,#2278,#2279,#2280,#2281,#2282,
#2283,#2284,#2285,#2286,#2287,#2288,#2289,#2290,#2291,#2292,#2293,#2294,
#2295),.UNSPECIFIED.,.F.,.F.,(4,3,3,3,3,3,3,3,3,3,3,3,3,3,3,3,3,3,3,3,3,
3,4),(-1.61638269750915,-1.60988477437839,-1.60496094605234,-1.59427063314748,
-1.58399834002815,-1.57392842423047,-1.57266967058665,-1.56138387057683,
-1.54690526305682,-1.54262245078724,-1.53889479799798,-1.51198094303555,
-1.49388513630071,-1.46844910516134,-1.44434216745204,-1.43164258442365,
-1.40804025376114,-1.40386769851304,-1.38131562418501,-1.35981574033985,
-1.33913274626908,-1.32412915656676,-1.31383451220827),.UNSPECIFIED.);
#358=B_SPLINE_CURVE_WITH_KNOTS('',3,(#2297,#2298,#2299,#2300),
 .UNSPECIFIED.,.F.,.F.,(4,4),(1.66057259147538E-13,0.0426803550508437),
 .UNSPECIFIED.);
#359=B_SPLINE_CURVE_WITH_KNOTS('',3,(#2302,#2303,#2304,#2305,#2306,#2307,
#2308,#2309),.UNSPECIFIED.,.F.,.F.,(4,2,1,1,4),(-0.000841617630416997,0.,
0.151283327946584,0.226924991919876,0.378208319866459),.UNSPECIFIED.);
#360=B_SPLINE_CURVE_WITH_KNOTS('',3,(#2310,#2311,#2312,#2313,#2314,#2315,
#2316,#2317,#2318,#2319,#2320,#2321,#2322,#2323,#2324,#2325,#2326),
 .UNSPECIFIED.,.F.,.F.,(4,1,1,1,1,1,1,1,1,1,1,1,1,1,4),(1.40252792872532,
1.40389501570315,1.49395551919804,1.53898577094548,1.5615008968192,1.57275845975606,
1.58401602269292,1.62904627444036,1.6740765261878,1.67970530765623,1.69659165206152,
1.71910677793524,1.76413702968268,1.85419753317757,1.85443514000421),
 .UNSPECIFIED.);
#361=B_SPLINE_CURVE_WITH_KNOTS('',3,(#2346,#2347,#2348,#2349),
 .UNSPECIFIED.,.F.,.F.,(4,4),(-0.0426803547782884,-1.66057259147538E-13),
 .UNSPECIFIED.);
#362=B_SPLINE_CURVE_WITH_KNOTS('',3,(#2383,#2384,#2385,#2386,#2387,#2388,
#2389,#2390),.UNSPECIFIED.,.F.,.F.,(4,1,1,2,4),(-0.378208319866459,-0.226924991919876,
-0.151283327946584,0.,0.000841617630416997),.UNSPECIFIED.);
#363=B_SPLINE_CURVE_WITH_KNOTS('',3,(#2481,#2482,#2483,#2484,#2485,#2486,
#2487,#2488,#2489,#2490,#2491,#2492),.UNSPECIFIED.,.F.,.F.,(4,1,1,1,1,1,
1,1,1,4),(0.667989718998663,0.674164465435066,0.750361753965774,0.826559042496481,
0.851958138673383,0.877357234850285,0.902756331027188,0.978953619557895,
1.0551509080886,1.06379121279714),.UNSPECIFIED.);
#364=B_SPLINE_CURVE_WITH_KNOTS('',3,(#2494,#2495,#2496,#2497,#2498,#2499,
#2500,#2501,#2502,#2503),.UNSPECIFIED.,.F.,.F.,(4,1,1,1,1,1,1,4),(-1.13134819661931,
-1.12182353555297,-1.11229887448663,-1.09324955235396,-1.0551509080886,
-0.978953619557895,-0.902756331027188,-0.883132569990379),.UNSPECIFIED.);
#365=B_SPLINE_CURVE_WITH_KNOTS('',3,(#2505,#2506,#2507,#2508,#2509,#2510,
#2511,#2512,#2513,#2514,#2515,#2516,#2517,#2518,#2519,#2520,#2521,#2522,
#2523,#2524,#2525,#2526,#2527,#2528,#2529,#2530,#2531,#2532,#2533,#2534,
#2535,#2536,#2537,#2538,#2539,#2540),.UNSPECIFIED.,.F.,.F.,(4,2,2,2,2,2,
2,2,2,2,2,2,2,2,2,2,2,4),(0.,0.00242081796717112,0.00514959475282415,0.00949495449108191,
0.0196240316644218,0.0262288786737927,0.0366461975874674,0.0393741966373533,
0.0408688459808816,0.0421170463605597,0.0435823222079686,0.0461782689773797,
0.0531771927532339,0.0695312265122902,0.0765276749890568,0.0797285653061607,
0.0811466799662111,0.0825311740195147),.UNSPECIFIED.);
#366=B_SPLINE_CURVE_WITH_KNOTS('',3,(#2542,#2543,#2544,#2545,#2546,#2547,
#2548,#2549,#2550,#2551),.UNSPECIFIED.,.F.,.F.,(4,1,1,1,1,1,1,4),(0.598626124535334,
0.607491837970698,0.617016499037036,0.636065821169713,0.674164465435066,
0.750361753965774,0.826559042496481,0.846945661884125),.UNSPECIFIED.);
#367=B_SPLINE_CURVE_WITH_KNOTS('',3,(#2552,#2553,#2554,#2555,#2556,#2557,
#2558),.UNSPECIFIED.,.F.,.F.,(4,3,4),(-0.000899929974835267,-1.0842021724855E-18,
0.0200707833279071),.UNSPECIFIED.);
#368=B_SPLINE_CURVE_WITH_KNOTS('',3,(#2575,#2576,#2577,#2578,#2579),
 .UNSPECIFIED.,.F.,.F.,(4,1,4),(-0.96796842977223,-0.901989296667148,-0.852504946838337),
 .UNSPECIFIED.);
#369=B_SPLINE_CURVE_WITH_KNOTS('',3,(#2602,#2603,#2604,#2605,#2606),
 .UNSPECIFIED.,.F.,.F.,(4,1,4),(0.852504947111056,0.901989296667148,0.96796842977223),
 .UNSPECIFIED.);
#370=B_SPLINE_CURVE_WITH_KNOTS('',3,(#2612,#2613,#2614,#2615,#2616,#2617),
 .UNSPECIFIED.,.F.,.F.,(4,1,1,4),(1.76365737123628,2.14276826043644,2.33232370503652,
2.39622389074021),.UNSPECIFIED.);
#371=B_SPLINE_CURVE_WITH_KNOTS('',3,(#2619,#2620,#2621,#2622,#2623,#2624,
#2625,#2626,#2627,#2628,#2629,#2630,#2631,#2632,#2633,#2634,#2635),
 .UNSPECIFIED.,.F.,.F.,(4,1,1,1,1,1,1,1,1,1,1,1,1,1,4),(0.103241613555991,
0.103910030691328,0.104578447826665,0.10591528209734,0.106249490665008,
0.106583699232677,0.108588950638688,0.113936287721386,0.114604704856723,
0.11527312199206,0.119283624804083,0.12463096188678,0.129978298969478,0.135325636052175,
0.140672973134872),.UNSPECIFIED.);
#372=B_SPLINE_CURVE_WITH_KNOTS('',3,(#2745,#2746,#2747,#2748,#2749,#2750,
#2751,#2752,#2753,#2754,#2755,#2756,#2757,#2758,#2759,#2760,#2761,#2762,
#2763,#2764,#2765,#2766,#2767,#2768,#2769,#2770,#2771,#2772,#2773,#2774,
#2775,#2776,#2777,#2778,#2779,#2780,#2781,#2782,#2783,#2784,#2785,#2786,
#2787),.UNSPECIFIED.,.F.,.F.,(4,3,3,3,3,3,3,3,3,3,3,3,3,3,4),(-0.140672973124032,
-0.135325636052178,-0.129978298969483,-0.124630961886789,-0.119283624804094,
-0.115273121992073,-0.114604704856736,-0.113936287721399,-0.108588950638705,
-0.106583699232694,-0.106249490665026,-0.105915282097358,-0.104578447826684,
-0.103910030691347,-0.103241613556019),.UNSPECIFIED.);
#373=B_SPLINE_CURVE_WITH_KNOTS('',3,(#2840,#2841,#2842,#2843,#2844,#2845,
#2846,#2847,#2848,#2849,#2850,#2851,#2852,#2853,#2854,#2855,#2856,#2857,
#2858,#2859,#2860,#2861,#2862,#2863,#2864,#2865,#2866,#2867,#2868,#2869,
#2870,#2871,#2872,#2873,#2874,#2875,#2876,#2877,#2878,#2879,#2880,#2881,
#2882,#2883,#2884,#2885,#2886,#2887,#2888,#2889,#2890,#2891,#2892,#2893,
#2894,#2895,#2896,#2897,#2898,#2899,#2900),.UNSPECIFIED.,.F.,.F.,(4,3,3,
3,3,3,3,3,3,3,3,3,3,3,3,3,3,3,3,3,4),(0.,0.00153906891535927,0.00346771334880913,
0.00686860135310788,0.0130417817474721,0.0145390759771616,0.0202839686059382,
0.0231194498171614,0.0249871236748135,0.0259408299294383,0.026685524355592,
0.0275041784224685,0.0288226847326309,0.0330302157322509,0.0400029299626093,
0.0432836084879268,0.0464449627992085,0.0482080724515688,0.0498599903834942,
0.0505657417531942,0.0512369739252694),.UNSPECIFIED.);
#374=B_SPLINE_CURVE_WITH_KNOTS('',3,(#2902,#2903,#2904,#2905,#2906,#2907),
 .UNSPECIFIED.,.F.,.F.,(4,1,1,4),(2.4493084006485,2.52187914963659,2.71143459423667,
3.09054548343683),.UNSPECIFIED.);
#375=B_SPLINE_CURVE_WITH_KNOTS('',3,(#2996,#2997,#2998,#2999,#3000,#3001,
#3002,#3003,#3004,#3005,#3006,#3007,#3008,#3009),.UNSPECIFIED.,.F.,.F.,
(4,1,1,1,1,1,1,1,1,1,1,4),(-0.0431023919664565,-0.0423327063956269,-0.0415630208247973,
-0.0400236496831382,-0.038484278541479,-0.0369449073998198,-0.0307874228331832,
-0.0246299382665466,-0.0215511959832282,-0.0184724536999099,-0.0123149691332733,
0.),.UNSPECIFIED.);
#376=B_SPLINE_CURVE_WITH_KNOTS('',3,(#3010,#3011,#3012,#3013,#3014,#3015,
#3016,#3017,#3018,#3019,#3020,#3021,#3022,#3023),.UNSPECIFIED.,.F.,.F.,
(4,1,1,1,1,1,1,1,1,1,1,4),(0.,0.0123149691332733,0.0184724536999099,0.0215511959832282,
0.0246299382665466,0.0307874228331832,0.0369449073998198,0.038484278541479,
0.0400236496831382,0.0415630208247973,0.0423327063956269,0.0431023919664565),
 .UNSPECIFIED.);
#377=B_SPLINE_CURVE_WITH_KNOTS('',3,(#3054,#3055,#3056,#3057,#3058,#3059),
 .UNSPECIFIED.,.F.,.F.,(4,1,1,4),(-0.166526647085,-0.0790159448381518,-0.0526772965587679,
0.),.UNSPECIFIED.);
#378=B_SPLINE_CURVE_WITH_KNOTS('',3,(#3060,#3061,#3062,#3063,#3064,#3065),
 .UNSPECIFIED.,.F.,.F.,(4,1,1,4),(0.,0.0526772965587679,0.0790159448381518,
0.121222152749555),.UNSPECIFIED.);
#379=VERTEX_POINT('',#1418);
#380=VERTEX_POINT('',#1419);
#381=VERTEX_POINT('',#1428);
#382=VERTEX_POINT('',#1430);
#383=VERTEX_POINT('',#1447);
#384=VERTEX_POINT('',#1449);
#385=VERTEX_POINT('',#1451);
#386=VERTEX_POINT('',#1453);
#387=VERTEX_POINT('',#1486);
#388=VERTEX_POINT('',#1495);
#389=VERTEX_POINT('',#1497);
#390=VERTEX_POINT('',#1516);
#391=VERTEX_POINT('',#1518);
#392=VERTEX_POINT('',#1537);
#393=VERTEX_POINT('',#1539);
#394=VERTEX_POINT('',#1550);
#395=VERTEX_POINT('',#1565);
#396=VERTEX_POINT('',#1566);
#397=VERTEX_POINT('',#1568);
#398=VERTEX_POINT('',#1570);
#399=VERTEX_POINT('',#1572);
#400=VERTEX_POINT('',#1574);
#401=VERTEX_POINT('',#1576);
#402=VERTEX_POINT('',#1578);
#403=VERTEX_POINT('',#1651);
#404=VERTEX_POINT('',#1652);
#405=VERTEX_POINT('',#1654);
#406=VERTEX_POINT('',#1656);
#407=VERTEX_POINT('',#1688);
#408=VERTEX_POINT('',#1689);
#409=VERTEX_POINT('',#1709);
#410=VERTEX_POINT('',#1711);
#411=VERTEX_POINT('',#1713);
#412=VERTEX_POINT('',#1715);
#413=VERTEX_POINT('',#1717);
#414=VERTEX_POINT('',#1719);
#415=VERTEX_POINT('',#1721);
#416=VERTEX_POINT('',#1744);
#417=VERTEX_POINT('',#1745);
#418=VERTEX_POINT('',#1756);
#419=VERTEX_POINT('',#1761);
#420=VERTEX_POINT('',#1768);
#421=VERTEX_POINT('',#1769);
#422=VERTEX_POINT('',#1783);
#423=VERTEX_POINT('',#1785);
#424=VERTEX_POINT('',#1787);
#425=VERTEX_POINT('',#1789);
#426=VERTEX_POINT('',#1791);
#427=VERTEX_POINT('',#1793);
#428=VERTEX_POINT('',#1795);
#429=VERTEX_POINT('',#1799);
#430=VERTEX_POINT('',#1800);
#431=VERTEX_POINT('',#1802);
#432=VERTEX_POINT('',#1804);
#433=VERTEX_POINT('',#1836);
#434=VERTEX_POINT('',#1837);
#435=VERTEX_POINT('',#1857);
#436=VERTEX_POINT('',#1859);
#437=VERTEX_POINT('',#1861);
#438=VERTEX_POINT('',#1863);
#439=VERTEX_POINT('',#1865);
#440=VERTEX_POINT('',#1867);
#441=VERTEX_POINT('',#1869);
#442=VERTEX_POINT('',#1892);
#443=VERTEX_POINT('',#1893);
#444=VERTEX_POINT('',#1904);
#445=VERTEX_POINT('',#1909);
#446=VERTEX_POINT('',#1916);
#447=VERTEX_POINT('',#1917);
#448=VERTEX_POINT('',#1931);
#449=VERTEX_POINT('',#1933);
#450=VERTEX_POINT('',#1935);
#451=VERTEX_POINT('',#1937);
#452=VERTEX_POINT('',#1939);
#453=VERTEX_POINT('',#1941);
#454=VERTEX_POINT('',#1943);
#455=VERTEX_POINT('',#1975);
#456=VERTEX_POINT('',#1976);
#457=VERTEX_POINT('',#2160);
#458=VERTEX_POINT('',#2161);
#459=VERTEX_POINT('',#2174);
#460=VERTEX_POINT('',#2181);
#461=VERTEX_POINT('',#2193);
#462=VERTEX_POINT('',#2228);
#463=VERTEX_POINT('',#2296);
#464=VERTEX_POINT('',#2301);
#465=VERTEX_POINT('',#2343);
#466=VERTEX_POINT('',#2345);
#467=VERTEX_POINT('',#2493);
#468=VERTEX_POINT('',#2504);
#469=VERTEX_POINT('',#2541);
#470=VERTEX_POINT('',#2574);
#471=VERTEX_POINT('',#2601);
#472=VERTEX_POINT('',#2609);
#473=VERTEX_POINT('',#2611);
#474=VERTEX_POINT('',#2618);
#475=VERTEX_POINT('',#2639);
#476=VERTEX_POINT('',#2839);
#477=VERTEX_POINT('',#2901);
#478=VERTEX_POINT('',#2993);
#479=VERTEX_POINT('',#2994);
#480=VERTEX_POINT('',#3025);
#481=VERTEX_POINT('',#3026);
#482=EDGE_CURVE('',#379,#380,#326,.T.);
#483=EDGE_CURVE('',#380,#381,#224,.T.);
#484=EDGE_CURVE('',#381,#382,#327,.T.);
#485=EDGE_CURVE('',#382,#379,#225,.T.);
#486=EDGE_CURVE('',#383,#383,#48,.T.);
#487=EDGE_CURVE('',#383,#384,#226,.T.);
#488=EDGE_CURVE('',#384,#385,#49,.T.);
#489=EDGE_CURVE('',#386,#385,#328,.T.);
#490=EDGE_CURVE('',#380,#386,#329,.T.);
#491=EDGE_CURVE('',#379,#384,#50,.T.);
#492=EDGE_CURVE('',#387,#382,#330,.T.);
#493=EDGE_CURVE('',#388,#387,#227,.T.);
#494=EDGE_CURVE('',#389,#388,#331,.T.);
#495=EDGE_CURVE('',#389,#390,#51,.T.);
#496=EDGE_CURVE('',#391,#390,#332,.T.);
#497=EDGE_CURVE('',#392,#391,#228,.T.);
#498=EDGE_CURVE('',#393,#392,#333,.T.);
#499=EDGE_CURVE('',#385,#393,#229,.T.);
#500=EDGE_CURVE('',#393,#394,#334,.T.);
#501=EDGE_CURVE('',#394,#386,#230,.T.);
#502=EDGE_CURVE('',#395,#396,#52,.T.);
#503=EDGE_CURVE('',#395,#397,#53,.T.);
#504=EDGE_CURVE('',#398,#397,#54,.T.);
#505=EDGE_CURVE('',#398,#399,#231,.T.);
#506=EDGE_CURVE('',#400,#399,#36,.T.);
#507=EDGE_CURVE('',#401,#400,#37,.T.);
#508=EDGE_CURVE('',#402,#401,#38,.T.);
#509=EDGE_CURVE('',#402,#396,#232,.T.);
#510=EDGE_CURVE('',#381,#394,#335,.T.);
#511=EDGE_CURVE('',#392,#387,#55,.T.);
#512=EDGE_CURVE('',#388,#391,#56,.T.);
#513=EDGE_CURVE('',#390,#389,#57,.T.);
#514=EDGE_CURVE('',#403,#404,#58,.T.);
#515=EDGE_CURVE('',#404,#405,#233,.T.);
#516=EDGE_CURVE('',#405,#406,#336,.F.);
#517=EDGE_CURVE('',#406,#403,#234,.T.);
#518=EDGE_CURVE('',#407,#408,#337,.F.);
#519=EDGE_CURVE('',#408,#404,#338,.T.);
#520=EDGE_CURVE('',#403,#407,#339,.T.);
#521=EDGE_CURVE('',#409,#406,#59,.F.);
#522=EDGE_CURVE('',#410,#409,#60,.T.);
#523=EDGE_CURVE('',#411,#410,#61,.T.);
#524=EDGE_CURVE('',#412,#411,#62,.F.);
#525=EDGE_CURVE('',#413,#412,#63,.T.);
#526=EDGE_CURVE('',#414,#413,#64,.T.);
#527=EDGE_CURVE('',#415,#414,#65,.T.);
#528=EDGE_CURVE('',#407,#415,#66,.F.);
#529=EDGE_CURVE('',#416,#417,#340,.F.);
#530=EDGE_CURVE('',#417,#418,#341,.T.);
#531=EDGE_CURVE('',#418,#419,#67,.T.);
#532=EDGE_CURVE('',#419,#416,#342,.T.);
#533=EDGE_CURVE('',#420,#421,#343,.F.);
#534=EDGE_CURVE('',#421,#419,#235,.T.);
#535=EDGE_CURVE('',#418,#420,#236,.T.);
#536=EDGE_CURVE('',#422,#417,#68,.F.);
#537=EDGE_CURVE('',#423,#422,#69,.T.);
#538=EDGE_CURVE('',#424,#423,#70,.T.);
#539=EDGE_CURVE('',#425,#424,#71,.T.);
#540=EDGE_CURVE('',#426,#425,#72,.F.);
#541=EDGE_CURVE('',#427,#426,#73,.T.);
#542=EDGE_CURVE('',#428,#427,#74,.T.);
#543=EDGE_CURVE('',#420,#428,#75,.F.);
#544=EDGE_CURVE('',#429,#430,#76,.T.);
#545=EDGE_CURVE('',#430,#431,#237,.T.);
#546=EDGE_CURVE('',#431,#432,#344,.F.);
#547=EDGE_CURVE('',#432,#429,#238,.T.);
#548=EDGE_CURVE('',#433,#434,#345,.F.);
#549=EDGE_CURVE('',#434,#430,#346,.T.);
#550=EDGE_CURVE('',#429,#433,#347,.T.);
#551=EDGE_CURVE('',#435,#432,#77,.F.);
#552=EDGE_CURVE('',#436,#435,#78,.T.);
#553=EDGE_CURVE('',#437,#436,#79,.T.);
#554=EDGE_CURVE('',#438,#437,#80,.F.);
#555=EDGE_CURVE('',#439,#438,#81,.T.);
#556=EDGE_CURVE('',#440,#439,#82,.T.);
#557=EDGE_CURVE('',#441,#440,#83,.T.);
#558=EDGE_CURVE('',#433,#441,#84,.F.);
#559=EDGE_CURVE('',#442,#443,#348,.F.);
#560=EDGE_CURVE('',#443,#444,#349,.T.);
#561=EDGE_CURVE('',#444,#445,#85,.T.);
#562=EDGE_CURVE('',#445,#442,#350,.T.);
#563=EDGE_CURVE('',#446,#447,#351,.F.);
#564=EDGE_CURVE('',#447,#445,#239,.T.);
#565=EDGE_CURVE('',#444,#446,#240,.T.);
#566=EDGE_CURVE('',#448,#443,#86,.F.);
#567=EDGE_CURVE('',#449,#448,#87,.T.);
#568=EDGE_CURVE('',#450,#449,#88,.T.);
#569=EDGE_CURVE('',#451,#450,#89,.T.);
#570=EDGE_CURVE('',#452,#451,#90,.F.);
#571=EDGE_CURVE('',#453,#452,#91,.T.);
#572=EDGE_CURVE('',#454,#453,#92,.T.);
#573=EDGE_CURVE('',#446,#454,#93,.F.);
#574=EDGE_CURVE('',#411,#426,#241,.T.);
#575=EDGE_CURVE('',#425,#412,#242,.T.);
#576=EDGE_CURVE('',#427,#410,#243,.T.);
#577=EDGE_CURVE('',#437,#452,#244,.T.);
#578=EDGE_CURVE('',#451,#438,#245,.T.);
#579=EDGE_CURVE('',#436,#453,#246,.T.);
#580=EDGE_CURVE('',#454,#435,#247,.T.);
#581=EDGE_CURVE('',#431,#447,#248,.T.);
#582=EDGE_CURVE('',#428,#409,#249,.T.);
#583=EDGE_CURVE('',#405,#421,#250,.T.);
#584=EDGE_CURVE('',#415,#422,#251,.T.);
#585=EDGE_CURVE('',#416,#408,#252,.T.);
#586=EDGE_CURVE('',#423,#414,#253,.T.);
#587=EDGE_CURVE('',#441,#448,#254,.T.);
#588=EDGE_CURVE('',#442,#434,#255,.T.);
#589=EDGE_CURVE('',#440,#449,#256,.T.);
#590=EDGE_CURVE('',#455,#456,#352,.T.);
#591=EDGE_CURVE('',#397,#455,#257,.T.);
#592=EDGE_CURVE('',#395,#456,#258,.T.);
#593=EDGE_CURVE('',#424,#413,#259,.T.);
#594=EDGE_CURVE('',#450,#439,#260,.T.);
#595=EDGE_CURVE('',#457,#458,#353,.T.);
#596=EDGE_CURVE('',#457,#459,#354,.T.);
#597=EDGE_CURVE('',#460,#459,#355,.T.);
#598=EDGE_CURVE('',#460,#461,#356,.T.);
#599=EDGE_CURVE('',#461,#462,#357,.T.);
#600=EDGE_CURVE('',#463,#462,#358,.T.);
#601=EDGE_CURVE('',#464,#463,#359,.T.);
#602=EDGE_CURVE('',#464,#458,#360,.T.);
#603=EDGE_CURVE('',#462,#465,#94,.T.);
#604=EDGE_CURVE('',#465,#466,#361,.T.);
#605=EDGE_CURVE('',#463,#466,#95,.T.);
#606=EDGE_CURVE('',#466,#464,#362,.T.);
#607=EDGE_CURVE('',#458,#464,#363,.T.);
#608=EDGE_CURVE('',#466,#467,#364,.T.);
#609=EDGE_CURVE('',#467,#468,#365,.T.);
#610=EDGE_CURVE('',#469,#468,#366,.T.);
#611=EDGE_CURVE('',#469,#457,#367,.T.);
#612=EDGE_CURVE('',#401,#467,#261,.T.);
#613=EDGE_CURVE('',#400,#468,#262,.T.);
#614=EDGE_CURVE('',#402,#419,#263,.T.);
#615=EDGE_CURVE('',#470,#465,#368,.T.);
#616=EDGE_CURVE('',#404,#470,#264,.T.);
#617=EDGE_CURVE('',#462,#471,#369,.T.);
#618=EDGE_CURVE('',#471,#470,#96,.T.);
#619=EDGE_CURVE('',#472,#461,#265,.T.);
#620=EDGE_CURVE('',#473,#472,#370,.T.);
#621=EDGE_CURVE('',#474,#473,#371,.T.);
#622=EDGE_CURVE('',#471,#474,#266,.T.);
#623=EDGE_CURVE('',#474,#475,#97,.T.);
#624=EDGE_CURVE('',#475,#470,#267,.T.);
#625=EDGE_CURVE('',#473,#456,#98,.T.);
#626=EDGE_CURVE('',#456,#475,#372,.T.);
#627=EDGE_CURVE('',#396,#475,#268,.T.);
#628=EDGE_CURVE('',#472,#476,#373,.T.);
#629=EDGE_CURVE('',#476,#477,#374,.T.);
#630=EDGE_CURVE('',#477,#455,#99,.T.);
#631=EDGE_CURVE('',#478,#479,#100,.T.);
#632=EDGE_CURVE('',#479,#455,#375,.T.);
#633=EDGE_CURVE('',#477,#478,#376,.T.);
#634=EDGE_CURVE('',#480,#481,#101,.T.);
#635=EDGE_CURVE('',#481,#479,#269,.T.);
#636=EDGE_CURVE('',#478,#480,#270,.T.);
#637=EDGE_CURVE('',#469,#481,#377,.T.);
#638=EDGE_CURVE('',#480,#459,#378,.T.);
#639=EDGE_CURVE('',#398,#479,#271,.T.);
#640=EDGE_CURVE('',#399,#430,#272,.T.);
#641=EDGE_CURVE('',#445,#481,#273,.T.);
#642=EDGE_CURVE('',#460,#476,#274,.T.);
#643=ORIENTED_EDGE('',*,*,#482,.T.);
#644=ORIENTED_EDGE('',*,*,#483,.T.);
#645=ORIENTED_EDGE('',*,*,#484,.T.);
#646=ORIENTED_EDGE('',*,*,#485,.T.);
#647=ORIENTED_EDGE('',*,*,#486,.T.);
#648=ORIENTED_EDGE('',*,*,#487,.T.);
#649=ORIENTED_EDGE('',*,*,#488,.T.);
#650=ORIENTED_EDGE('',*,*,#489,.F.);
#651=ORIENTED_EDGE('',*,*,#490,.F.);
#652=ORIENTED_EDGE('',*,*,#482,.F.);
#653=ORIENTED_EDGE('',*,*,#491,.T.);
#654=ORIENTED_EDGE('',*,*,#487,.F.);
#655=ORIENTED_EDGE('',*,*,#485,.F.);
#656=ORIENTED_EDGE('',*,*,#492,.F.);
#657=ORIENTED_EDGE('',*,*,#493,.F.);
#658=ORIENTED_EDGE('',*,*,#494,.F.);
#659=ORIENTED_EDGE('',*,*,#495,.T.);
#660=ORIENTED_EDGE('',*,*,#496,.F.);
#661=ORIENTED_EDGE('',*,*,#497,.F.);
#662=ORIENTED_EDGE('',*,*,#498,.F.);
#663=ORIENTED_EDGE('',*,*,#499,.F.);
#664=ORIENTED_EDGE('',*,*,#488,.F.);
#665=ORIENTED_EDGE('',*,*,#491,.F.);
#666=ORIENTED_EDGE('',*,*,#489,.T.);
#667=ORIENTED_EDGE('',*,*,#499,.T.);
#668=ORIENTED_EDGE('',*,*,#500,.T.);
#669=ORIENTED_EDGE('',*,*,#501,.T.);
#670=ORIENTED_EDGE('',*,*,#502,.F.);
#671=ORIENTED_EDGE('',*,*,#503,.T.);
#672=ORIENTED_EDGE('',*,*,#504,.F.);
#673=ORIENTED_EDGE('',*,*,#505,.T.);
#674=ORIENTED_EDGE('',*,*,#506,.F.);
#675=ORIENTED_EDGE('',*,*,#507,.F.);
#676=ORIENTED_EDGE('',*,*,#508,.F.);
#677=ORIENTED_EDGE('',*,*,#509,.T.);
#678=ORIENTED_EDGE('',*,*,#486,.F.);
#679=ORIENTED_EDGE('',*,*,#483,.F.);
#680=ORIENTED_EDGE('',*,*,#490,.T.);
#681=ORIENTED_EDGE('',*,*,#501,.F.);
#682=ORIENTED_EDGE('',*,*,#510,.F.);
#683=ORIENTED_EDGE('',*,*,#484,.F.);
#684=ORIENTED_EDGE('',*,*,#510,.T.);
#685=ORIENTED_EDGE('',*,*,#500,.F.);
#686=ORIENTED_EDGE('',*,*,#498,.T.);
#687=ORIENTED_EDGE('',*,*,#511,.T.);
#688=ORIENTED_EDGE('',*,*,#492,.T.);
#689=ORIENTED_EDGE('',*,*,#511,.F.);
#690=ORIENTED_EDGE('',*,*,#497,.T.);
#691=ORIENTED_EDGE('',*,*,#512,.F.);
#692=ORIENTED_EDGE('',*,*,#493,.T.);
#693=ORIENTED_EDGE('',*,*,#495,.F.);
#694=ORIENTED_EDGE('',*,*,#513,.F.);
#695=ORIENTED_EDGE('',*,*,#496,.T.);
#696=ORIENTED_EDGE('',*,*,#513,.T.);
#697=ORIENTED_EDGE('',*,*,#494,.T.);
#698=ORIENTED_EDGE('',*,*,#512,.T.);
#699=ORIENTED_EDGE('',*,*,#514,.T.);
#700=ORIENTED_EDGE('',*,*,#515,.T.);
#701=ORIENTED_EDGE('',*,*,#516,.T.);
#702=ORIENTED_EDGE('',*,*,#517,.T.);
#703=ORIENTED_EDGE('',*,*,#518,.T.);
#704=ORIENTED_EDGE('',*,*,#519,.T.);
#705=ORIENTED_EDGE('',*,*,#514,.F.);
#706=ORIENTED_EDGE('',*,*,#520,.T.);
#707=ORIENTED_EDGE('',*,*,#520,.F.);
#708=ORIENTED_EDGE('',*,*,#517,.F.);
#709=ORIENTED_EDGE('',*,*,#521,.F.);
#710=ORIENTED_EDGE('',*,*,#522,.F.);
#711=ORIENTED_EDGE('',*,*,#523,.F.);
#712=ORIENTED_EDGE('',*,*,#524,.F.);
#713=ORIENTED_EDGE('',*,*,#525,.F.);
#714=ORIENTED_EDGE('',*,*,#526,.F.);
#715=ORIENTED_EDGE('',*,*,#527,.F.);
#716=ORIENTED_EDGE('',*,*,#528,.F.);
#717=ORIENTED_EDGE('',*,*,#529,.T.);
#718=ORIENTED_EDGE('',*,*,#530,.T.);
#719=ORIENTED_EDGE('',*,*,#531,.T.);
#720=ORIENTED_EDGE('',*,*,#532,.T.);
#721=ORIENTED_EDGE('',*,*,#533,.T.);
#722=ORIENTED_EDGE('',*,*,#534,.T.);
#723=ORIENTED_EDGE('',*,*,#531,.F.);
#724=ORIENTED_EDGE('',*,*,#535,.T.);
#725=ORIENTED_EDGE('',*,*,#535,.F.);
#726=ORIENTED_EDGE('',*,*,#530,.F.);
#727=ORIENTED_EDGE('',*,*,#536,.F.);
#728=ORIENTED_EDGE('',*,*,#537,.F.);
#729=ORIENTED_EDGE('',*,*,#538,.F.);
#730=ORIENTED_EDGE('',*,*,#539,.F.);
#731=ORIENTED_EDGE('',*,*,#540,.F.);
#732=ORIENTED_EDGE('',*,*,#541,.F.);
#733=ORIENTED_EDGE('',*,*,#542,.F.);
#734=ORIENTED_EDGE('',*,*,#543,.F.);
#735=ORIENTED_EDGE('',*,*,#544,.T.);
#736=ORIENTED_EDGE('',*,*,#545,.T.);
#737=ORIENTED_EDGE('',*,*,#546,.T.);
#738=ORIENTED_EDGE('',*,*,#547,.T.);
#739=ORIENTED_EDGE('',*,*,#548,.T.);
#740=ORIENTED_EDGE('',*,*,#549,.T.);
#741=ORIENTED_EDGE('',*,*,#544,.F.);
#742=ORIENTED_EDGE('',*,*,#550,.T.);
#743=ORIENTED_EDGE('',*,*,#550,.F.);
#744=ORIENTED_EDGE('',*,*,#547,.F.);
#745=ORIENTED_EDGE('',*,*,#551,.F.);
#746=ORIENTED_EDGE('',*,*,#552,.F.);
#747=ORIENTED_EDGE('',*,*,#553,.F.);
#748=ORIENTED_EDGE('',*,*,#554,.F.);
#749=ORIENTED_EDGE('',*,*,#555,.F.);
#750=ORIENTED_EDGE('',*,*,#556,.F.);
#751=ORIENTED_EDGE('',*,*,#557,.F.);
#752=ORIENTED_EDGE('',*,*,#558,.F.);
#753=ORIENTED_EDGE('',*,*,#559,.T.);
#754=ORIENTED_EDGE('',*,*,#560,.T.);
#755=ORIENTED_EDGE('',*,*,#561,.T.);
#756=ORIENTED_EDGE('',*,*,#562,.T.);
#757=ORIENTED_EDGE('',*,*,#563,.T.);
#758=ORIENTED_EDGE('',*,*,#564,.T.);
#759=ORIENTED_EDGE('',*,*,#561,.F.);
#760=ORIENTED_EDGE('',*,*,#565,.T.);
#761=ORIENTED_EDGE('',*,*,#565,.F.);
#762=ORIENTED_EDGE('',*,*,#560,.F.);
#763=ORIENTED_EDGE('',*,*,#566,.F.);
#764=ORIENTED_EDGE('',*,*,#567,.F.);
#765=ORIENTED_EDGE('',*,*,#568,.F.);
#766=ORIENTED_EDGE('',*,*,#569,.F.);
#767=ORIENTED_EDGE('',*,*,#570,.F.);
#768=ORIENTED_EDGE('',*,*,#571,.F.);
#769=ORIENTED_EDGE('',*,*,#572,.F.);
#770=ORIENTED_EDGE('',*,*,#573,.F.);
#771=ORIENTED_EDGE('',*,*,#524,.T.);
#772=ORIENTED_EDGE('',*,*,#574,.T.);
#773=ORIENTED_EDGE('',*,*,#540,.T.);
#774=ORIENTED_EDGE('',*,*,#575,.T.);
#775=ORIENTED_EDGE('',*,*,#574,.F.);
#776=ORIENTED_EDGE('',*,*,#523,.T.);
#777=ORIENTED_EDGE('',*,*,#576,.F.);
#778=ORIENTED_EDGE('',*,*,#541,.T.);
#779=ORIENTED_EDGE('',*,*,#554,.T.);
#780=ORIENTED_EDGE('',*,*,#577,.T.);
#781=ORIENTED_EDGE('',*,*,#570,.T.);
#782=ORIENTED_EDGE('',*,*,#578,.T.);
#783=ORIENTED_EDGE('',*,*,#577,.F.);
#784=ORIENTED_EDGE('',*,*,#553,.T.);
#785=ORIENTED_EDGE('',*,*,#579,.T.);
#786=ORIENTED_EDGE('',*,*,#571,.T.);
#787=ORIENTED_EDGE('',*,*,#573,.T.);
#788=ORIENTED_EDGE('',*,*,#580,.T.);
#789=ORIENTED_EDGE('',*,*,#551,.T.);
#790=ORIENTED_EDGE('',*,*,#546,.F.);
#791=ORIENTED_EDGE('',*,*,#581,.T.);
#792=ORIENTED_EDGE('',*,*,#563,.F.);
#793=ORIENTED_EDGE('',*,*,#580,.F.);
#794=ORIENTED_EDGE('',*,*,#572,.T.);
#795=ORIENTED_EDGE('',*,*,#579,.F.);
#796=ORIENTED_EDGE('',*,*,#552,.T.);
#797=ORIENTED_EDGE('',*,*,#543,.T.);
#798=ORIENTED_EDGE('',*,*,#582,.T.);
#799=ORIENTED_EDGE('',*,*,#521,.T.);
#800=ORIENTED_EDGE('',*,*,#516,.F.);
#801=ORIENTED_EDGE('',*,*,#583,.T.);
#802=ORIENTED_EDGE('',*,*,#533,.F.);
#803=ORIENTED_EDGE('',*,*,#582,.F.);
#804=ORIENTED_EDGE('',*,*,#542,.T.);
#805=ORIENTED_EDGE('',*,*,#576,.T.);
#806=ORIENTED_EDGE('',*,*,#522,.T.);
#807=ORIENTED_EDGE('',*,*,#528,.T.);
#808=ORIENTED_EDGE('',*,*,#584,.T.);
#809=ORIENTED_EDGE('',*,*,#536,.T.);
#810=ORIENTED_EDGE('',*,*,#529,.F.);
#811=ORIENTED_EDGE('',*,*,#585,.T.);
#812=ORIENTED_EDGE('',*,*,#518,.F.);
#813=ORIENTED_EDGE('',*,*,#584,.F.);
#814=ORIENTED_EDGE('',*,*,#527,.T.);
#815=ORIENTED_EDGE('',*,*,#586,.F.);
#816=ORIENTED_EDGE('',*,*,#537,.T.);
#817=ORIENTED_EDGE('',*,*,#558,.T.);
#818=ORIENTED_EDGE('',*,*,#587,.T.);
#819=ORIENTED_EDGE('',*,*,#566,.T.);
#820=ORIENTED_EDGE('',*,*,#559,.F.);
#821=ORIENTED_EDGE('',*,*,#588,.T.);
#822=ORIENTED_EDGE('',*,*,#548,.F.);
#823=ORIENTED_EDGE('',*,*,#587,.F.);
#824=ORIENTED_EDGE('',*,*,#557,.T.);
#825=ORIENTED_EDGE('',*,*,#589,.T.);
#826=ORIENTED_EDGE('',*,*,#567,.T.);
#827=ORIENTED_EDGE('',*,*,#590,.F.);
#828=ORIENTED_EDGE('',*,*,#591,.F.);
#829=ORIENTED_EDGE('',*,*,#503,.F.);
#830=ORIENTED_EDGE('',*,*,#592,.T.);
#831=ORIENTED_EDGE('',*,*,#539,.T.);
#832=ORIENTED_EDGE('',*,*,#593,.T.);
#833=ORIENTED_EDGE('',*,*,#525,.T.);
#834=ORIENTED_EDGE('',*,*,#575,.F.);
#835=ORIENTED_EDGE('',*,*,#569,.T.);
#836=ORIENTED_EDGE('',*,*,#594,.T.);
#837=ORIENTED_EDGE('',*,*,#555,.T.);
#838=ORIENTED_EDGE('',*,*,#578,.F.);
#839=ORIENTED_EDGE('',*,*,#586,.T.);
#840=ORIENTED_EDGE('',*,*,#526,.T.);
#841=ORIENTED_EDGE('',*,*,#593,.F.);
#842=ORIENTED_EDGE('',*,*,#538,.T.);
#843=ORIENTED_EDGE('',*,*,#595,.F.);
#844=ORIENTED_EDGE('',*,*,#596,.T.);
#845=ORIENTED_EDGE('',*,*,#597,.F.);
#846=ORIENTED_EDGE('',*,*,#598,.T.);
#847=ORIENTED_EDGE('',*,*,#599,.T.);
#848=ORIENTED_EDGE('',*,*,#600,.F.);
#849=ORIENTED_EDGE('',*,*,#601,.F.);
#850=ORIENTED_EDGE('',*,*,#602,.T.);
#851=ORIENTED_EDGE('',*,*,#603,.T.);
#852=ORIENTED_EDGE('',*,*,#604,.T.);
#853=ORIENTED_EDGE('',*,*,#605,.F.);
#854=ORIENTED_EDGE('',*,*,#600,.T.);
#855=ORIENTED_EDGE('',*,*,#605,.T.);
#856=ORIENTED_EDGE('',*,*,#606,.T.);
#857=ORIENTED_EDGE('',*,*,#601,.T.);
#858=ORIENTED_EDGE('',*,*,#595,.T.);
#859=ORIENTED_EDGE('',*,*,#607,.T.);
#860=ORIENTED_EDGE('',*,*,#606,.F.);
#861=ORIENTED_EDGE('',*,*,#608,.T.);
#862=ORIENTED_EDGE('',*,*,#609,.T.);
#863=ORIENTED_EDGE('',*,*,#610,.F.);
#864=ORIENTED_EDGE('',*,*,#611,.T.);
#865=ORIENTED_EDGE('',*,*,#609,.F.);
#866=ORIENTED_EDGE('',*,*,#612,.F.);
#867=ORIENTED_EDGE('',*,*,#507,.T.);
#868=ORIENTED_EDGE('',*,*,#613,.T.);
#869=ORIENTED_EDGE('',*,*,#585,.F.);
#870=ORIENTED_EDGE('',*,*,#532,.F.);
#871=ORIENTED_EDGE('',*,*,#614,.F.);
#872=ORIENTED_EDGE('',*,*,#508,.T.);
#873=ORIENTED_EDGE('',*,*,#612,.T.);
#874=ORIENTED_EDGE('',*,*,#608,.F.);
#875=ORIENTED_EDGE('',*,*,#604,.F.);
#876=ORIENTED_EDGE('',*,*,#615,.F.);
#877=ORIENTED_EDGE('',*,*,#616,.F.);
#878=ORIENTED_EDGE('',*,*,#519,.F.);
#879=ORIENTED_EDGE('',*,*,#603,.F.);
#880=ORIENTED_EDGE('',*,*,#617,.T.);
#881=ORIENTED_EDGE('',*,*,#618,.T.);
#882=ORIENTED_EDGE('',*,*,#615,.T.);
#883=ORIENTED_EDGE('',*,*,#599,.F.);
#884=ORIENTED_EDGE('',*,*,#619,.F.);
#885=ORIENTED_EDGE('',*,*,#620,.F.);
#886=ORIENTED_EDGE('',*,*,#621,.F.);
#887=ORIENTED_EDGE('',*,*,#622,.F.);
#888=ORIENTED_EDGE('',*,*,#617,.F.);
#889=ORIENTED_EDGE('',*,*,#602,.F.);
#890=ORIENTED_EDGE('',*,*,#607,.F.);
#891=ORIENTED_EDGE('',*,*,#623,.T.);
#892=ORIENTED_EDGE('',*,*,#624,.T.);
#893=ORIENTED_EDGE('',*,*,#618,.F.);
#894=ORIENTED_EDGE('',*,*,#622,.T.);
#895=ORIENTED_EDGE('',*,*,#625,.T.);
#896=ORIENTED_EDGE('',*,*,#626,.T.);
#897=ORIENTED_EDGE('',*,*,#623,.F.);
#898=ORIENTED_EDGE('',*,*,#621,.T.);
#899=ORIENTED_EDGE('',*,*,#515,.F.);
#900=ORIENTED_EDGE('',*,*,#616,.T.);
#901=ORIENTED_EDGE('',*,*,#624,.F.);
#902=ORIENTED_EDGE('',*,*,#627,.F.);
#903=ORIENTED_EDGE('',*,*,#509,.F.);
#904=ORIENTED_EDGE('',*,*,#614,.T.);
#905=ORIENTED_EDGE('',*,*,#534,.F.);
#906=ORIENTED_EDGE('',*,*,#583,.F.);
#907=ORIENTED_EDGE('',*,*,#626,.F.);
#908=ORIENTED_EDGE('',*,*,#592,.F.);
#909=ORIENTED_EDGE('',*,*,#502,.T.);
#910=ORIENTED_EDGE('',*,*,#627,.T.);
#911=ORIENTED_EDGE('',*,*,#625,.F.);
#912=ORIENTED_EDGE('',*,*,#620,.T.);
#913=ORIENTED_EDGE('',*,*,#628,.T.);
#914=ORIENTED_EDGE('',*,*,#629,.T.);
#915=ORIENTED_EDGE('',*,*,#630,.T.);
#916=ORIENTED_EDGE('',*,*,#590,.T.);
#917=ORIENTED_EDGE('',*,*,#631,.T.);
#918=ORIENTED_EDGE('',*,*,#632,.T.);
#919=ORIENTED_EDGE('',*,*,#630,.F.);
#920=ORIENTED_EDGE('',*,*,#633,.T.);
#921=ORIENTED_EDGE('',*,*,#634,.T.);
#922=ORIENTED_EDGE('',*,*,#635,.T.);
#923=ORIENTED_EDGE('',*,*,#631,.F.);
#924=ORIENTED_EDGE('',*,*,#636,.T.);
#925=ORIENTED_EDGE('',*,*,#611,.F.);
#926=ORIENTED_EDGE('',*,*,#637,.T.);
#927=ORIENTED_EDGE('',*,*,#634,.F.);
#928=ORIENTED_EDGE('',*,*,#638,.T.);
#929=ORIENTED_EDGE('',*,*,#596,.F.);
#930=ORIENTED_EDGE('',*,*,#632,.F.);
#931=ORIENTED_EDGE('',*,*,#639,.F.);
#932=ORIENTED_EDGE('',*,*,#504,.T.);
#933=ORIENTED_EDGE('',*,*,#591,.T.);
#934=ORIENTED_EDGE('',*,*,#545,.F.);
#935=ORIENTED_EDGE('',*,*,#640,.F.);
#936=ORIENTED_EDGE('',*,*,#505,.F.);
#937=ORIENTED_EDGE('',*,*,#639,.T.);
#938=ORIENTED_EDGE('',*,*,#635,.F.);
#939=ORIENTED_EDGE('',*,*,#641,.F.);
#940=ORIENTED_EDGE('',*,*,#564,.F.);
#941=ORIENTED_EDGE('',*,*,#581,.F.);
#942=ORIENTED_EDGE('',*,*,#588,.F.);
#943=ORIENTED_EDGE('',*,*,#562,.F.);
#944=ORIENTED_EDGE('',*,*,#641,.T.);
#945=ORIENTED_EDGE('',*,*,#637,.F.);
#946=ORIENTED_EDGE('',*,*,#610,.T.);
#947=ORIENTED_EDGE('',*,*,#613,.F.);
#948=ORIENTED_EDGE('',*,*,#506,.T.);
#949=ORIENTED_EDGE('',*,*,#640,.T.);
#950=ORIENTED_EDGE('',*,*,#549,.F.);
#951=ORIENTED_EDGE('',*,*,#598,.F.);
#952=ORIENTED_EDGE('',*,*,#642,.T.);
#953=ORIENTED_EDGE('',*,*,#628,.F.);
#954=ORIENTED_EDGE('',*,*,#619,.T.);
#955=ORIENTED_EDGE('',*,*,#594,.F.);
#956=ORIENTED_EDGE('',*,*,#568,.T.);
#957=ORIENTED_EDGE('',*,*,#589,.F.);
#958=ORIENTED_EDGE('',*,*,#556,.T.);
#959=ORIENTED_EDGE('',*,*,#597,.T.);
#960=ORIENTED_EDGE('',*,*,#638,.F.);
#961=ORIENTED_EDGE('',*,*,#636,.F.);
#962=ORIENTED_EDGE('',*,*,#633,.F.);
#963=ORIENTED_EDGE('',*,*,#629,.F.);
#964=ORIENTED_EDGE('',*,*,#642,.F.);
#965=CYLINDRICAL_SURFACE('',#1069,0.2);
#966=CYLINDRICAL_SURFACE('',#1074,2.005);
#967=CYLINDRICAL_SURFACE('',#1076,0.2);
#968=CYLINDRICAL_SURFACE('',#1084,0.375);
#969=CYLINDRICAL_SURFACE('',#1086,1.03);
#970=CYLINDRICAL_SURFACE('',#1090,0.2);
#971=CYLINDRICAL_SURFACE('',#1102,0.2);
#972=CYLINDRICAL_SURFACE('',#1112,0.2);
#973=CYLINDRICAL_SURFACE('',#1124,0.2);
#974=CYLINDRICAL_SURFACE('',#1134,0.3);
#975=CYLINDRICAL_SURFACE('',#1135,6.10000000000183);
#976=CYLINDRICAL_SURFACE('',#1136,0.3);
#977=CYLINDRICAL_SURFACE('',#1137,6.10000000000183);
#978=CYLINDRICAL_SURFACE('',#1138,0.3);
#979=CYLINDRICAL_SURFACE('',#1139,0.900000000051655);
#980=CYLINDRICAL_SURFACE('',#1140,0.3);
#981=CYLINDRICAL_SURFACE('',#1141,0.900000000173904);
#982=CYLINDRICAL_SURFACE('',#1142,1.);
#983=CYLINDRICAL_SURFACE('',#1143,2.1000000000208);
#984=CYLINDRICAL_SURFACE('',#1144,1.);
#985=CYLINDRICAL_SURFACE('',#1145,2.10000000002454);
#986=CYLINDRICAL_SURFACE('',#1146,10.);
#987=CYLINDRICAL_SURFACE('',#1147,4.90000000000189);
#988=CYLINDRICAL_SURFACE('',#1151,5.55);
#989=CYLINDRICAL_SURFACE('',#1152,5.7751925862656);
#990=CYLINDRICAL_SURFACE('',#1153,0.7);
#991=CYLINDRICAL_SURFACE('',#1157,0.75);
#992=CYLINDRICAL_SURFACE('',#1160,0.7);
#993=CYLINDRICAL_SURFACE('',#1162,0.75);
#994=CYLINDRICAL_SURFACE('',#1165,4.90000000000189);
#995=CYLINDRICAL_SURFACE('',#1166,5.55);
#996=ADVANCED_FACE('',(#103),#965,.T.);
#997=ADVANCED_FACE('',(#104),#102,.F.);
#998=ADVANCED_FACE('',(#105),#966,.F.);
#999=ADVANCED_FACE('',(#106),#967,.T.);
#1000=ADVANCED_FACE('',(#107,#33),#39,.F.);
#1001=ADVANCED_FACE('',(#108),#968,.F.);
#1002=ADVANCED_FACE('',(#109),#28,.T.);
#1003=ADVANCED_FACE('',(#110),#969,.F.);
#1004=ADVANCED_FACE('',(#111),#40,.F.);
#1005=ADVANCED_FACE('',(#112),#29,.T.);
#1006=ADVANCED_FACE('',(#113),#970,.T.);
#1007=ADVANCED_FACE('',(#114),#15,.F.);
#1008=ADVANCED_FACE('',(#115),#41,.T.);
#1009=ADVANCED_FACE('',(#116),#16,.F.);
#1010=ADVANCED_FACE('',(#117),#971,.T.);
#1011=ADVANCED_FACE('',(#118),#42,.F.);
#1012=ADVANCED_FACE('',(#119),#972,.T.);
#1013=ADVANCED_FACE('',(#120),#17,.F.);
#1014=ADVANCED_FACE('',(#121),#43,.F.);
#1015=ADVANCED_FACE('',(#122),#18,.F.);
#1016=ADVANCED_FACE('',(#123),#973,.T.);
#1017=ADVANCED_FACE('',(#124),#44,.T.);
#1018=ADVANCED_FACE('',(#125),#974,.T.);
#1019=ADVANCED_FACE('',(#126),#975,.F.);
#1020=ADVANCED_FACE('',(#127),#976,.T.);
#1021=ADVANCED_FACE('',(#128),#977,.F.);
#1022=ADVANCED_FACE('',(#129),#978,.T.);
#1023=ADVANCED_FACE('',(#130),#979,.T.);
#1024=ADVANCED_FACE('',(#131),#980,.T.);
#1025=ADVANCED_FACE('',(#132),#981,.T.);
#1026=ADVANCED_FACE('',(#133),#982,.T.);
#1027=ADVANCED_FACE('',(#134),#983,.F.);
#1028=ADVANCED_FACE('',(#135),#984,.T.);
#1029=ADVANCED_FACE('',(#136),#985,.F.);
#1030=ADVANCED_FACE('',(#137,#34,#35),#986,.F.);
#1031=ADVANCED_FACE('',(#138),#987,.T.);
#1032=ADVANCED_FACE('',(#139),#19,.F.);
#1033=ADVANCED_FACE('',(#140),#20,.F.);
#1034=ADVANCED_FACE('',(#141),#21,.F.);
#1035=ADVANCED_FACE('',(#142),#22,.F.);
#1036=ADVANCED_FACE('',(#143),#30,.F.);
#1037=ADVANCED_FACE('',(#144),#31,.F.);
#1038=ADVANCED_FACE('',(#145),#23,.F.);
#1039=ADVANCED_FACE('',(#146),#988,.T.);
#1040=ADVANCED_FACE('',(#147),#989,.T.);
#1041=ADVANCED_FACE('',(#148),#990,.T.);
#1042=ADVANCED_FACE('',(#149),#24,.F.);
#1043=ADVANCED_FACE('',(#150),#45,.T.);
#1044=ADVANCED_FACE('',(#151),#991,.T.);
#1045=ADVANCED_FACE('',(#152),#25,.F.);
#1046=ADVANCED_FACE('',(#153),#26,.F.);
#1047=ADVANCED_FACE('',(#154),#992,.T.);
#1048=ADVANCED_FACE('',(#155),#27,.F.);
#1049=ADVANCED_FACE('',(#156),#993,.T.);
#1050=ADVANCED_FACE('',(#157),#46,.T.);
#1051=ADVANCED_FACE('',(#158),#32,.F.);
#1052=ADVANCED_FACE('',(#159),#47,.T.);
#1053=ADVANCED_FACE('',(#160),#994,.T.);
#1054=ADVANCED_FACE('',(#161),#995,.T.);
#1055=CLOSED_SHELL('',(#996,#997,#998,#999,#1000,#1001,#1002,#1003,#1004,
#1005,#1006,#1007,#1008,#1009,#1010,#1011,#1012,#1013,#1014,#1015,#1016,
#1017,#1018,#1019,#1020,#1021,#1022,#1023,#1024,#1025,#1026,#1027,#1028,
#1029,#1030,#1031,#1032,#1033,#1034,#1035,#1036,#1037,#1038,#1039,#1040,
#1041,#1042,#1043,#1044,#1045,#1046,#1047,#1048,#1049,#1050,#1051,#1052,
#1053,#1054));
#1056=DERIVED_UNIT_ELEMENT(#1058,1.);
#1057=DERIVED_UNIT_ELEMENT(#3086,-3.);
#1058=(
MASS_UNIT()
NAMED_UNIT(*)
SI_UNIT(.KILO.,.GRAM.)
);
#1059=DERIVED_UNIT((#1056,#1057));
#1060=MEASURE_REPRESENTATION_ITEM('density measure',
POSITIVE_RATIO_MEASURE(7850.),#1059);
#1061=PROPERTY_DEFINITION_REPRESENTATION(#1066,#1063);
#1062=PROPERTY_DEFINITION_REPRESENTATION(#1067,#1064);
#1063=REPRESENTATION('material name',(#1065),#3083);
#1064=REPRESENTATION('density',(#1060),#3083);
#1065=DESCRIPTIVE_REPRESENTATION_ITEM('Steel','Steel');
#1066=PROPERTY_DEFINITION('material property','material name',#3093);
#1067=PROPERTY_DEFINITION('material property','density of part',#3093);
#1068=AXIS2_PLACEMENT_3D('',#1416,#1167,#1168);
#1069=AXIS2_PLACEMENT_3D('',#1417,#1169,#1170);
#1070=AXIS2_PLACEMENT_3D('',#1446,#1173,#1174);
#1071=AXIS2_PLACEMENT_3D('',#1448,#1175,#1176);
#1072=AXIS2_PLACEMENT_3D('',#1452,#1178,#1179);
#1073=AXIS2_PLACEMENT_3D('',#1484,#1180,#1181);
#1074=AXIS2_PLACEMENT_3D('',#1485,#1182,#1183);
#1075=AXIS2_PLACEMENT_3D('',#1517,#1185,#1186);
#1076=AXIS2_PLACEMENT_3D('',#1549,#1189,#1190);
#1077=AXIS2_PLACEMENT_3D('',#1564,#1192,#1193);
#1078=AXIS2_PLACEMENT_3D('',#1567,#1194,#1195);
#1079=AXIS2_PLACEMENT_3D('',#1569,#1196,#1197);
#1080=AXIS2_PLACEMENT_3D('',#1571,#1198,#1199);
#1081=AXIS2_PLACEMENT_3D('',#1575,#1201,#1202);
#1082=AXIS2_PLACEMENT_3D('',#1577,#1203,#1204);
#1083=AXIS2_PLACEMENT_3D('',#1579,#1205,#1206);
#1084=AXIS2_PLACEMENT_3D('',#1581,#1208,#1209);
#1085=AXIS2_PLACEMENT_3D('',#1624,#1210,#1211);
#1086=AXIS2_PLACEMENT_3D('',#1625,#1212,#1213);
#1087=AXIS2_PLACEMENT_3D('',#1626,#1214,#1215);
#1088=AXIS2_PLACEMENT_3D('',#1627,#1216,#1217);
#1089=AXIS2_PLACEMENT_3D('',#1628,#1218,#1219);
#1090=AXIS2_PLACEMENT_3D('',#1650,#1220,#1221);
#1091=AXIS2_PLACEMENT_3D('',#1653,#1222,#1223);
#1092=AXIS2_PLACEMENT_3D('',#1708,#1226,#1227);
#1093=AXIS2_PLACEMENT_3D('',#1710,#1228,#1229);
#1094=AXIS2_PLACEMENT_3D('',#1712,#1230,#1231);
#1095=AXIS2_PLACEMENT_3D('',#1714,#1232,#1233);
#1096=AXIS2_PLACEMENT_3D('',#1716,#1234,#1235);
#1097=AXIS2_PLACEMENT_3D('',#1718,#1236,#1237);
#1098=AXIS2_PLACEMENT_3D('',#1720,#1238,#1239);
#1099=AXIS2_PLACEMENT_3D('',#1722,#1240,#1241);
#1100=AXIS2_PLACEMENT_3D('',#1723,#1242,#1243);
#1101=AXIS2_PLACEMENT_3D('',#1762,#1244,#1245);
#1102=AXIS2_PLACEMENT_3D('',#1767,#1246,#1247);
#1103=AXIS2_PLACEMENT_3D('',#1782,#1250,#1251);
#1104=AXIS2_PLACEMENT_3D('',#1784,#1252,#1253);
#1105=AXIS2_PLACEMENT_3D('',#1786,#1254,#1255);
#1106=AXIS2_PLACEMENT_3D('',#1788,#1256,#1257);
#1107=AXIS2_PLACEMENT_3D('',#1790,#1258,#1259);
#1108=AXIS2_PLACEMENT_3D('',#1792,#1260,#1261);
#1109=AXIS2_PLACEMENT_3D('',#1794,#1262,#1263);
#1110=AXIS2_PLACEMENT_3D('',#1796,#1264,#1265);
#1111=AXIS2_PLACEMENT_3D('',#1797,#1266,#1267);
#1112=AXIS2_PLACEMENT_3D('',#1798,#1268,#1269);
#1113=AXIS2_PLACEMENT_3D('',#1801,#1270,#1271);
#1114=AXIS2_PLACEMENT_3D('',#1856,#1274,#1275);
#1115=AXIS2_PLACEMENT_3D('',#1858,#1276,#1277);
#1116=AXIS2_PLACEMENT_3D('',#1860,#1278,#1279);
#1117=AXIS2_PLACEMENT_3D('',#1862,#1280,#1281);
#1118=AXIS2_PLACEMENT_3D('',#1864,#1282,#1283);
#1119=AXIS2_PLACEMENT_3D('',#1866,#1284,#1285);
#1120=AXIS2_PLACEMENT_3D('',#1868,#1286,#1287);
#1121=AXIS2_PLACEMENT_3D('',#1870,#1288,#1289);
#1122=AXIS2_PLACEMENT_3D('',#1871,#1290,#1291);
#1123=AXIS2_PLACEMENT_3D('',#1910,#1292,#1293);
#1124=AXIS2_PLACEMENT_3D('',#1915,#1294,#1295);
#1125=AXIS2_PLACEMENT_3D('',#1930,#1298,#1299);
#1126=AXIS2_PLACEMENT_3D('',#1932,#1300,#1301);
#1127=AXIS2_PLACEMENT_3D('',#1934,#1302,#1303);
#1128=AXIS2_PLACEMENT_3D('',#1936,#1304,#1305);
#1129=AXIS2_PLACEMENT_3D('',#1938,#1306,#1307);
#1130=AXIS2_PLACEMENT_3D('',#1940,#1308,#1309);
#1131=AXIS2_PLACEMENT_3D('',#1942,#1310,#1311);
#1132=AXIS2_PLACEMENT_3D('',#1944,#1312,#1313);
#1133=AXIS2_PLACEMENT_3D('',#1945,#1314,#1315);
#1134=AXIS2_PLACEMENT_3D('',#1946,#1316,#1317);
#1135=AXIS2_PLACEMENT_3D('',#1949,#1320,#1321);
#1136=AXIS2_PLACEMENT_3D('',#1951,#1323,#1324);
#1137=AXIS2_PLACEMENT_3D('',#1954,#1327,#1328);
#1138=AXIS2_PLACEMENT_3D('',#1956,#1330,#1331);
#1139=AXIS2_PLACEMENT_3D('',#1959,#1334,#1335);
#1140=AXIS2_PLACEMENT_3D('',#1960,#1336,#1337);
#1141=AXIS2_PLACEMENT_3D('',#1963,#1340,#1341);
#1142=AXIS2_PLACEMENT_3D('',#1964,#1342,#1343);
#1143=AXIS2_PLACEMENT_3D('',#1967,#1346,#1347);
#1144=AXIS2_PLACEMENT_3D('',#1969,#1349,#1350);
#1145=AXIS2_PLACEMENT_3D('',#1972,#1353,#1354);
#1146=AXIS2_PLACEMENT_3D('',#1974,#1356,#1357);
#1147=AXIS2_PLACEMENT_3D('',#2069,#1362,#1363);
#1148=AXIS2_PLACEMENT_3D('',#2344,#1364,#1365);
#1149=AXIS2_PLACEMENT_3D('',#2350,#1366,#1367);
#1150=AXIS2_PLACEMENT_3D('',#2607,#1372,#1373);
#1151=AXIS2_PLACEMENT_3D('',#2608,#1374,#1375);
#1152=AXIS2_PLACEMENT_3D('',#2637,#1378,#1379);
#1153=AXIS2_PLACEMENT_3D('',#2638,#1380,#1381);
#1154=AXIS2_PLACEMENT_3D('',#2640,#1382,#1383);
#1155=AXIS2_PLACEMENT_3D('',#2744,#1385,#1386);
#1156=AXIS2_PLACEMENT_3D('',#2788,#1387,#1388);
#1157=AXIS2_PLACEMENT_3D('',#2790,#1390,#1391);
#1158=AXIS2_PLACEMENT_3D('',#2908,#1392,#1393);
#1159=AXIS2_PLACEMENT_3D('',#2995,#1394,#1395);
#1160=AXIS2_PLACEMENT_3D('',#3024,#1396,#1397);
#1161=AXIS2_PLACEMENT_3D('',#3027,#1398,#1399);
#1162=AXIS2_PLACEMENT_3D('',#3066,#1402,#1403);
#1163=AXIS2_PLACEMENT_3D('',#3068,#1405,#1406);
#1164=AXIS2_PLACEMENT_3D('',#3077,#1409,#1410);
#1165=AXIS2_PLACEMENT_3D('',#3079,#1412,#1413);
#1166=AXIS2_PLACEMENT_3D('',#3080,#1414,#1415);
#1167=DIRECTION('axis',(0.,0.,1.));
#1168=DIRECTION('refdir',(1.,0.,0.));
#1169=DIRECTION('center_axis',(0.,1.,0.));
#1170=DIRECTION('ref_axis',(0.715320712897647,0.,0.698796306300772));
#1171=DIRECTION('',(0.,1.,0.));
#1172=DIRECTION('',(0.,-1.,0.));
#1173=DIRECTION('center_axis',(0.,-1.,0.));
#1174=DIRECTION('ref_axis',(1.,0.,0.));
#1175=DIRECTION('center_axis',(0.,-1.,0.));
#1176=DIRECTION('ref_axis',(1.,0.,0.));
#1177=DIRECTION('',(0.707106781186547,0.707106781186548,8.65956056235493E-17));
#1178=DIRECTION('center_axis',(0.,1.,0.));
#1179=DIRECTION('ref_axis',(1.,0.,0.));
#1180=DIRECTION('center_axis',(0.,1.,0.));
#1181=DIRECTION('ref_axis',(1.,0.,0.));
#1182=DIRECTION('center_axis',(0.,1.,0.));
#1183=DIRECTION('ref_axis',(-7.11360466039818E-12,0.,1.));
#1184=DIRECTION('',(0.,-1.,0.));
#1185=DIRECTION('center_axis',(0.,1.,0.));
#1186=DIRECTION('ref_axis',(1.,0.,0.));
#1187=DIRECTION('',(0.,1.,0.));
#1188=DIRECTION('',(0.,1.,0.));
#1189=DIRECTION('center_axis',(0.,-1.,0.));
#1190=DIRECTION('ref_axis',(-0.715320712897647,0.,0.698796306300771));
#1191=DIRECTION('',(0.,-1.,0.));
#1192=DIRECTION('center_axis',(0.,1.,0.));
#1193=DIRECTION('ref_axis',(1.,0.,0.));
#1194=DIRECTION('center_axis',(0.,1.,0.));
#1195=DIRECTION('ref_axis',(1.,0.,0.));
#1196=DIRECTION('center_axis',(0.,1.,0.));
#1197=DIRECTION('ref_axis',(1.,0.,0.));
#1198=DIRECTION('center_axis',(0.,1.,0.));
#1199=DIRECTION('ref_axis',(1.,0.,0.));
#1200=DIRECTION('',(-4.36441006791534E-13,0.,-1.));
#1201=DIRECTION('center_axis',(0.,1.,0.));
#1202=DIRECTION('ref_axis',(-1.,0.,4.36156282174321E-13));
#1203=DIRECTION('center_axis',(0.,1.,0.));
#1204=DIRECTION('ref_axis',(1.,0.,4.35762232585626E-13));
#1205=DIRECTION('center_axis',(0.,1.,0.));
#1206=DIRECTION('ref_axis',(-1.,0.,4.36156282174321E-13));
#1207=DIRECTION('',(4.36194290563839E-13,0.,1.));
#1208=DIRECTION('center_axis',(0.,1.,0.));
#1209=DIRECTION('ref_axis',(1.,0.,0.));
#1210=DIRECTION('center_axis',(0.,1.,0.));
#1211=DIRECTION('ref_axis',(7.11323726635843E-12,0.,-1.));
#1212=DIRECTION('center_axis',(0.,1.,0.));
#1213=DIRECTION('ref_axis',(7.11348219571826E-12,0.,-1.));
#1214=DIRECTION('center_axis',(0.,-1.,0.));
#1215=DIRECTION('ref_axis',(7.11323726635843E-12,0.,-1.));
#1216=DIRECTION('center_axis',(0.,1.,0.));
#1217=DIRECTION('ref_axis',(-1.,0.,0.));
#1218=DIRECTION('center_axis',(0.,1.,0.));
#1219=DIRECTION('ref_axis',(7.11323726635843E-12,0.,-1.));
#1220=DIRECTION('center_axis',(-4.36194290563839E-13,0.,-1.));
#1221=DIRECTION('ref_axis',(0.707106781186548,-0.707106781186548,-3.06168029443336E-13));
#1222=DIRECTION('center_axis',(4.35762537165374E-13,0.,1.));
#1223=DIRECTION('ref_axis',(0.,-1.,0.));
#1224=DIRECTION('',(4.36194290563839E-13,0.,1.));
#1225=DIRECTION('',(-4.36194290563839E-13,0.,-1.));
#1226=DIRECTION('center_axis',(0.,-1.,0.));
#1227=DIRECTION('ref_axis',(-1.,0.,0.));
#1228=DIRECTION('center_axis',(0.,1.,0.));
#1229=DIRECTION('ref_axis',(0.348566291678275,0.,-0.937284129976421));
#1230=DIRECTION('center_axis',(0.,-1.,0.));
#1231=DIRECTION('ref_axis',(-0.807753763970042,0.,-0.589520022384506));
#1232=DIRECTION('center_axis',(0.,1.,0.));
#1233=DIRECTION('ref_axis',(0.80774155094819,0.,0.589536756166918));
#1234=DIRECTION('center_axis',(0.,1.,0.));
#1235=DIRECTION('ref_axis',(-0.992567496157022,0.,0.121695380243376));
#1236=DIRECTION('center_axis',(0.,-1.,0.));
#1237=DIRECTION('ref_axis',(1.,0.,0.));
#1238=DIRECTION('center_axis',(0.,-1.,0.));
#1239=DIRECTION('ref_axis',(0.807743926714972,0.,0.589533501045596));
#1240=DIRECTION('center_axis',(0.,1.,0.));
#1241=DIRECTION('ref_axis',(-0.807741241703459,0.,-0.589537179871935));
#1242=DIRECTION('center_axis',(0.,1.,0.));
#1243=DIRECTION('ref_axis',(0.919124512981753,0.,0.393967168220978));
#1244=DIRECTION('center_axis',(-4.65204177263478E-8,0.,-0.999999999999999));
#1245=DIRECTION('ref_axis',(0.,1.,0.));
#1246=DIRECTION('center_axis',(4.36194290563839E-13,0.,1.));
#1247=DIRECTION('ref_axis',(0.707106781186548,0.707106781186548,-3.06168029443336E-13));
#1248=DIRECTION('',(-4.36194290563839E-13,0.,-1.));
#1249=DIRECTION('',(4.36194290563839E-13,0.,1.));
#1250=DIRECTION('center_axis',(0.,-1.,0.));
#1251=DIRECTION('ref_axis',(-1.,0.,0.));
#1252=DIRECTION('center_axis',(0.,-1.,0.));
#1253=DIRECTION('ref_axis',(0.919124512981753,0.,0.393967168220978));
#1254=DIRECTION('center_axis',(0.,-1.,0.));
#1255=DIRECTION('ref_axis',(-0.807741241703459,0.,-0.589537179871935));
#1256=DIRECTION('center_axis',(0.,1.,0.));
#1257=DIRECTION('ref_axis',(0.807743926714972,0.,0.589533501045596));
#1258=DIRECTION('center_axis',(0.,1.,0.));
#1259=DIRECTION('ref_axis',(1.,0.,0.));
#1260=DIRECTION('center_axis',(0.,-1.,0.));
#1261=DIRECTION('ref_axis',(-0.992567496157022,0.,0.121695380243376));
#1262=DIRECTION('center_axis',(0.,-1.,0.));
#1263=DIRECTION('ref_axis',(0.80774155094819,0.,0.589536756166918));
#1264=DIRECTION('center_axis',(0.,1.,0.));
#1265=DIRECTION('ref_axis',(-0.807753763970042,0.,-0.589520022384506));
#1266=DIRECTION('center_axis',(0.,-1.,0.));
#1267=DIRECTION('ref_axis',(0.348566291678275,0.,-0.937284129976421));
#1268=DIRECTION('center_axis',(-4.36441006791534E-13,0.,-1.));
#1269=DIRECTION('ref_axis',(-0.707106781186548,0.707106781186548,3.09111952803368E-13));
#1270=DIRECTION('center_axis',(4.36456426555764E-13,0.,1.));
#1271=DIRECTION('ref_axis',(0.,1.,0.));
#1272=DIRECTION('',(4.36441006791534E-13,0.,1.));
#1273=DIRECTION('',(-4.36441006791534E-13,0.,-1.));
#1274=DIRECTION('center_axis',(0.,-1.,0.));
#1275=DIRECTION('ref_axis',(-1.,0.,0.));
#1276=DIRECTION('center_axis',(0.,-1.,0.));
#1277=DIRECTION('ref_axis',(-0.348566291534452,0.,-0.937284130029907));
#1278=DIRECTION('center_axis',(0.,1.,0.));
#1279=DIRECTION('ref_axis',(-0.569760006894683,0.,-0.821811130700583));
#1280=DIRECTION('center_axis',(0.,-1.,0.));
#1281=DIRECTION('ref_axis',(0.80774155094819,0.,0.589536756166918));
#1282=DIRECTION('center_axis',(0.,-1.,0.));
#1283=DIRECTION('ref_axis',(0.992567496157022,0.,0.121695380243376));
#1284=DIRECTION('center_axis',(0.,1.,0.));
#1285=DIRECTION('ref_axis',(1.,0.,0.));
#1286=DIRECTION('center_axis',(0.,1.,0.));
#1287=DIRECTION('ref_axis',(0.807743926714972,0.,0.589533501045596));
#1288=DIRECTION('center_axis',(0.,-1.,0.));
#1289=DIRECTION('ref_axis',(-0.673908694893456,0.,-0.738814639099009));
#1290=DIRECTION('center_axis',(0.,-1.,0.));
#1291=DIRECTION('ref_axis',(-0.919124512981771,0.,0.393967168220936));
#1292=DIRECTION('center_axis',(-1.29337193732759E-8,6.93889390390722E-16,
-1.));
#1293=DIRECTION('ref_axis',(0.,-1.,-6.93889390390722E-16));
#1294=DIRECTION('center_axis',(4.36441006791534E-13,0.,1.));
#1295=DIRECTION('ref_axis',(-0.707106781186548,-0.707106781186548,3.09111952803368E-13));
#1296=DIRECTION('',(-4.36441006791534E-13,0.,-1.));
#1297=DIRECTION('',(4.36441006791534E-13,0.,1.));
#1298=DIRECTION('center_axis',(0.,-1.,0.));
#1299=DIRECTION('ref_axis',(-1.,0.,0.));
#1300=DIRECTION('center_axis',(0.,1.,0.));
#1301=DIRECTION('ref_axis',(-0.919124512981771,0.,0.393967168220936));
#1302=DIRECTION('center_axis',(0.,1.,0.));
#1303=DIRECTION('ref_axis',(-0.673908694893456,0.,-0.738814639099009));
#1304=DIRECTION('center_axis',(0.,-1.,0.));
#1305=DIRECTION('ref_axis',(0.807743926714972,0.,0.589533501045596));
#1306=DIRECTION('center_axis',(0.,-1.,0.));
#1307=DIRECTION('ref_axis',(1.,0.,0.));
#1308=DIRECTION('center_axis',(0.,1.,0.));
#1309=DIRECTION('ref_axis',(0.992567496157022,0.,0.121695380243376));
#1310=DIRECTION('center_axis',(0.,1.,0.));
#1311=DIRECTION('ref_axis',(0.80774155094819,0.,0.589536756166918));
#1312=DIRECTION('center_axis',(0.,-1.,0.));
#1313=DIRECTION('ref_axis',(-0.569760006894683,0.,-0.821811130700583));
#1314=DIRECTION('center_axis',(0.,1.,0.));
#1315=DIRECTION('ref_axis',(-0.348566291534452,0.,-0.937284130029907));
#1316=DIRECTION('center_axis',(0.,-1.,0.));
#1317=DIRECTION('ref_axis',(-0.992567496157022,0.,0.121695380243376));
#1318=DIRECTION('',(0.,-1.,0.));
#1319=DIRECTION('',(0.,1.,0.));
#1320=DIRECTION('center_axis',(0.,1.,0.));
#1321=DIRECTION('ref_axis',(0.80774155094819,0.,0.589536756166918));
#1322=DIRECTION('',(0.,1.,0.));
#1323=DIRECTION('center_axis',(0.,1.,0.));
#1324=DIRECTION('ref_axis',(0.992567496157022,0.,0.121695380243376));
#1325=DIRECTION('',(0.,1.,0.));
#1326=DIRECTION('',(0.,-1.,0.));
#1327=DIRECTION('center_axis',(0.,1.,0.));
#1328=DIRECTION('ref_axis',(0.80774155094819,0.,0.589536756166918));
#1329=DIRECTION('',(0.,1.,0.));
#1330=DIRECTION('center_axis',(0.,-1.,0.));
#1331=DIRECTION('ref_axis',(-0.348566291534452,0.,-0.937284130029907));
#1332=DIRECTION('',(0.,-1.,0.));
#1333=DIRECTION('',(0.,1.,0.));
#1334=DIRECTION('center_axis',(0.,1.,0.));
#1335=DIRECTION('ref_axis',(-0.569760006894683,0.,-0.821811130700583));
#1336=DIRECTION('center_axis',(0.,1.,0.));
#1337=DIRECTION('ref_axis',(0.348566291678275,0.,-0.937284129976421));
#1338=DIRECTION('',(0.,1.,0.));
#1339=DIRECTION('',(0.,-1.,0.));
#1340=DIRECTION('center_axis',(0.,1.,0.));
#1341=DIRECTION('ref_axis',(-0.807753763970042,0.,-0.589520022384506));
#1342=DIRECTION('center_axis',(0.,-1.,0.));
#1343=DIRECTION('ref_axis',(0.919124512981753,0.,0.393967168220978));
#1344=DIRECTION('',(0.,-1.,0.));
#1345=DIRECTION('',(0.,1.,0.));
#1346=DIRECTION('center_axis',(0.,1.,0.));
#1347=DIRECTION('ref_axis',(-0.807741241703459,0.,-0.589537179871935));
#1348=DIRECTION('',(0.,1.,0.));
#1349=DIRECTION('center_axis',(0.,1.,0.));
#1350=DIRECTION('ref_axis',(-0.919124512981771,0.,0.393967168220936));
#1351=DIRECTION('',(0.,1.,0.));
#1352=DIRECTION('',(0.,-1.,0.));
#1353=DIRECTION('center_axis',(0.,1.,0.));
#1354=DIRECTION('ref_axis',(-0.673908694893456,0.,-0.738814639099009));
#1355=DIRECTION('',(0.,1.,0.));
#1356=DIRECTION('center_axis',(0.,1.,0.));
#1357=DIRECTION('ref_axis',(1.,0.,0.));
#1358=DIRECTION('',(0.,1.,0.));
#1359=DIRECTION('',(0.,1.,0.));
#1360=DIRECTION('',(0.,1.,0.));
#1361=DIRECTION('',(0.,-1.,0.));
#1362=DIRECTION('center_axis',(0.,1.,0.));
#1363=DIRECTION('ref_axis',(0.807743926714972,0.,0.589533501045596));
#1364=DIRECTION('center_axis',(-0.212976825380779,0.710988298765944,-0.670176477406239));
#1365=DIRECTION('ref_axis',(0.957944744238627,0.286952726046629,-3.56857400772372E-15));
#1366=DIRECTION('center_axis',(-0.322489578637661,0.584068608212099,-0.744892161706166));
#1367=DIRECTION('ref_axis',(0.925301107285379,0.360408060760212,-0.117999536420759));
#1368=DIRECTION('',(0.,1.,0.));
#1369=DIRECTION('',(0.,1.,0.));
#1370=DIRECTION('',(0.,1.,0.));
#1371=DIRECTION('',(0.,1.,0.));
#1372=DIRECTION('center_axis',(-4.65204161836811E-8,2.93363500550676E-7,
-0.999999999999956));
#1373=DIRECTION('ref_axis',(0.987659088035631,0.156619046800272,-7.74430123203931E-19));
#1374=DIRECTION('center_axis',(0.,0.,1.));
#1375=DIRECTION('ref_axis',(1.,0.,0.));
#1376=DIRECTION('',(0.,0.,-1.));
#1377=DIRECTION('',(0.,0.,1.));
#1378=DIRECTION('center_axis',(1.,0.,0.));
#1379=DIRECTION('ref_axis',(0.,1.,0.));
#1380=DIRECTION('center_axis',(4.36194290563839E-13,-2.75069516783612E-12,
1.));
#1381=DIRECTION('ref_axis',(0.996909997952581,0.0785522500135136,-2.18773154778102E-13));
#1382=DIRECTION('center_axis',(-4.36159045388454E-13,2.75047290718316E-12,
-1.));
#1383=DIRECTION('ref_axis',(0.987659088033727,0.156619046812278,0.));
#1384=DIRECTION('',(-4.36194290563839E-13,2.75069516783612E-12,-1.));
#1385=DIRECTION('center_axis',(0.230175820188405,-0.966522387081406,0.113373573071751));
#1386=DIRECTION('ref_axis',(0.972794547153266,0.23166952546434,0.));
#1387=DIRECTION('center_axis',(1.,0.,-4.36194290563839E-13));
#1388=DIRECTION('ref_axis',(-4.36194290563839E-13,0.,-1.));
#1389=DIRECTION('',(0.,1.,0.));
#1390=DIRECTION('center_axis',(0.,1.,0.));
#1391=DIRECTION('ref_axis',(1.,0.,0.));
#1392=DIRECTION('center_axis',(0.212712524318212,0.971481452167277,-0.104771990976274));
#1393=DIRECTION('ref_axis',(-0.976857814384479,0.213889715685395,0.));
#1394=DIRECTION('center_axis',(0.,0.,1.));
#1395=DIRECTION('ref_axis',(-0.991722355263065,0.128400818032752,0.));
#1396=DIRECTION('center_axis',(-4.36441006791534E-13,-3.37091546477174E-12,
-1.));
#1397=DIRECTION('ref_axis',(-0.997928443141927,0.0643336798911004,2.18673497980186E-13));
#1398=DIRECTION('center_axis',(4.36440937953301E-13,3.37091493308921E-12,
1.));
#1399=DIRECTION('ref_axis',(-0.991722355263337,0.12840081803065,0.));
#1400=DIRECTION('',(4.36441006791534E-13,3.37091546477174E-12,1.));
#1401=DIRECTION('',(0.,0.,-1.));
#1402=DIRECTION('center_axis',(0.,1.,0.));
#1403=DIRECTION('ref_axis',(1.,0.,0.));
#1404=DIRECTION('',(0.,1.,0.));
#1405=DIRECTION('center_axis',(-1.,0.,4.36441006791534E-13));
#1406=DIRECTION('ref_axis',(4.36441006791534E-13,0.,1.));
#1407=DIRECTION('',(0.,1.,0.));
#1408=DIRECTION('',(0.,1.,0.));
#1409=DIRECTION('center_axis',(0.,1.,0.));
#1410=DIRECTION('ref_axis',(-1.,0.,0.));
#1411=DIRECTION('',(0.,0.,1.));
#1412=DIRECTION('center_axis',(0.,1.,0.));
#1413=DIRECTION('ref_axis',(0.807743926714972,0.,0.589533501045596));
#1414=DIRECTION('center_axis',(0.,0.,1.));
#1415=DIRECTION('ref_axis',(1.,0.,0.));
#1416=CARTESIAN_POINT('',(0.,0.,0.));
#1417=CARTESIAN_POINT('Origin',(-0.55944249428937,0.,-2.13284999368997));
#1418=CARTESIAN_POINT('',(-0.508699410907114,0.5,-1.93939421194938));
#1419=CARTESIAN_POINT('',(-0.364853800623502,0.386701071718597,-2.08664133327429));
#1420=CARTESIAN_POINT('Ctrl Pts',(-0.508699410907114,0.5,-1.93939421194938));
#1421=CARTESIAN_POINT('Ctrl Pts',(-0.486201277133016,0.5,-1.94529542962182));
#1422=CARTESIAN_POINT('Ctrl Pts',(-0.464102561135851,0.495215483095958,
-1.9555756708545));
#1423=CARTESIAN_POINT('Ctrl Pts',(-0.426428245804689,0.478043286081835,
-1.98171215247492));
#1424=CARTESIAN_POINT('Ctrl Pts',(-0.410862246060892,0.465654039603836,
-1.99758119854045));
#1425=CARTESIAN_POINT('Ctrl Pts',(-0.38257637637071,0.43406096308296,-2.03540013223549));
#1426=CARTESIAN_POINT('Ctrl Pts',(-0.370982144854937,0.411066842009858,
-2.0608343419527));
#1427=CARTESIAN_POINT('Ctrl Pts',(-0.364853800623501,0.386701071718598,
-2.08664133327429));
#1428=CARTESIAN_POINT('',(-0.364853800623649,0.817890550482816,-2.08664133327367));
#1429=CARTESIAN_POINT('',(-0.364853800623502,0.,-2.08664133327429));
#1430=CARTESIAN_POINT('',(-0.508699410906833,0.883304980506323,-1.93939421194945));
#1431=CARTESIAN_POINT('Ctrl Pts',(-0.364853800623649,0.817890550482814,
-2.08664133327367));
#1432=CARTESIAN_POINT('Ctrl Pts',(-0.365312183075769,0.817896852181451,
-2.08471104484389));
#1433=CARTESIAN_POINT('Ctrl Pts',(-0.365799405537216,0.81792054358962,-2.08278708189804));
#1434=CARTESIAN_POINT('Ctrl Pts',(-0.368707518457461,0.818152254692362,
-2.07198221732432));
#1435=CARTESIAN_POINT('Ctrl Pts',(-0.371704747705973,0.818716103761762,
-2.06329126764895));
#1436=CARTESIAN_POINT('Ctrl Pts',(-0.380120211400977,0.820906718598719,
-2.04341946230749));
#1437=CARTESIAN_POINT('Ctrl Pts',(-0.385981185737319,0.822830134983535,
-2.03254734318851));
#1438=CARTESIAN_POINT('Ctrl Pts',(-0.404718147497811,0.829884563768958,
-2.00427762674962));
#1439=CARTESIAN_POINT('Ctrl Pts',(-0.419285815094352,0.836259156897541,
-1.98867599432114));
#1440=CARTESIAN_POINT('Ctrl Pts',(-0.456934135471797,0.854467853455288,
-1.95897421399455));
#1441=CARTESIAN_POINT('Ctrl Pts',(-0.480784995404799,0.867163702782389,
-1.94720626729463));
#1442=CARTESIAN_POINT('Ctrl Pts',(-0.506459385335975,0.882003503067959,
-1.9399921699992));
#1443=CARTESIAN_POINT('Ctrl Pts',(-0.507578959929158,0.882652863343078,
-1.93968810410855));
#1444=CARTESIAN_POINT('Ctrl Pts',(-0.508699410906766,0.883304980506447,
-1.93939421194947));
#1445=CARTESIAN_POINT('',(-0.508699410907114,0.,-1.93939421194938));
#1446=CARTESIAN_POINT('Origin',(0.,0.25,0.));
#1447=CARTESIAN_POINT('',(-2.505,0.,-3.06774023186412E-16));
#1448=CARTESIAN_POINT('Origin',(0.,0.,0.));
#1449=CARTESIAN_POINT('',(-2.005,0.5,-2.45541683229044E-16));
#1450=CARTESIAN_POINT('',(-2.255,0.25,-2.76157853207728E-16));
#1451=CARTESIAN_POINT('',(0.508699410907114,0.5,-1.93939421194938));
#1452=CARTESIAN_POINT('Origin',(0.,0.5,0.));
#1453=CARTESIAN_POINT('',(0.364853800623502,0.386701071718597,-2.08664133327429));
#1454=CARTESIAN_POINT('Ctrl Pts',(0.364853800623502,0.386701071718598,-2.08664133327429));
#1455=CARTESIAN_POINT('Ctrl Pts',(0.370982144854938,0.411066842009858,-2.0608343419527));
#1456=CARTESIAN_POINT('Ctrl Pts',(0.38257637637071,0.43406096308296,-2.03540013223549));
#1457=CARTESIAN_POINT('Ctrl Pts',(0.410862246060892,0.465654039603836,-1.99758119854045));
#1458=CARTESIAN_POINT('Ctrl Pts',(0.42642824580469,0.478043286081835,-1.98171215247492));
#1459=CARTESIAN_POINT('Ctrl Pts',(0.464102561135851,0.495215483095958,-1.9555756708545));
#1460=CARTESIAN_POINT('Ctrl Pts',(0.486201277133016,0.5,-1.94529542962182));
#1461=CARTESIAN_POINT('Ctrl Pts',(0.508699410907114,0.5,-1.93939421194938));
#1462=CARTESIAN_POINT('Ctrl Pts',(-0.364853800623501,0.386701071718597,
-2.08664133327429));
#1463=CARTESIAN_POINT('Ctrl Pts',(-0.364795888604967,0.386470818507059,
-2.08688520582833));
#1464=CARTESIAN_POINT('Ctrl Pts',(-0.364737723199358,0.386240621934303,
-2.08712905813297));
#1465=CARTESIAN_POINT('Ctrl Pts',(-0.351758536896392,0.335109802381601,
-2.14130189597791));
#1466=CARTESIAN_POINT('Ctrl Pts',(-0.325994946411551,0.287082533106325,
-2.19423982812608));
#1467=CARTESIAN_POINT('Ctrl Pts',(-0.258517542648241,0.214813985970203,
-2.27581603070665));
#1468=CARTESIAN_POINT('Ctrl Pts',(-0.216461784174278,0.184173149494262,
-2.31129073839606));
#1469=CARTESIAN_POINT('Ctrl Pts',(-0.14121419069988,0.152380046945582,-2.34852081803889));
#1470=CARTESIAN_POINT('Ctrl Pts',(-0.114144990823937,0.144039320476806,
-2.35837010012276));
#1471=CARTESIAN_POINT('Ctrl Pts',(-0.0579931557733231,0.132850817539968,
-2.37160848671017));
#1472=CARTESIAN_POINT('Ctrl Pts',(-0.0289117358449807,0.129999905005097,
-2.3750000949949));
#1473=CARTESIAN_POINT('Ctrl Pts',(0.0289117358449805,0.129999905005097,
-2.3750000949949));
#1474=CARTESIAN_POINT('Ctrl Pts',(0.0579931557733229,0.132850817539968,
-2.37160848671017));
#1475=CARTESIAN_POINT('Ctrl Pts',(0.114144990823937,0.144039320476806,-2.35837010012276));
#1476=CARTESIAN_POINT('Ctrl Pts',(0.14121419069988,0.152380046945582,-2.34852081803889));
#1477=CARTESIAN_POINT('Ctrl Pts',(0.216461784174278,0.184173149494262,-2.31129073839606));
#1478=CARTESIAN_POINT('Ctrl Pts',(0.258517542648241,0.214813985970203,-2.27581603070665));
#1479=CARTESIAN_POINT('Ctrl Pts',(0.325994946411551,0.287082533106324,-2.19423982812608));
#1480=CARTESIAN_POINT('Ctrl Pts',(0.351758536896392,0.335109802381601,-2.14130189597791));
#1481=CARTESIAN_POINT('Ctrl Pts',(0.364737723199358,0.386240621934303,-2.08712905813297));
#1482=CARTESIAN_POINT('Ctrl Pts',(0.364795888604967,0.386470818507059,-2.08688520582833));
#1483=CARTESIAN_POINT('Ctrl Pts',(0.364853800623501,0.386701071718597,-2.0866413332743));
#1484=CARTESIAN_POINT('Origin',(0.,0.5,0.));
#1485=CARTESIAN_POINT('Origin',(0.,0.,0.));
#1486=CARTESIAN_POINT('',(-0.995860694072175,1.772,-1.74019725261307));
#1487=CARTESIAN_POINT('Ctrl Pts',(-0.995860694072175,1.77200000000003,-1.74019725261307));
#1488=CARTESIAN_POINT('Ctrl Pts',(-0.995860694072179,1.65599714200197,-1.74019725261307));
#1489=CARTESIAN_POINT('Ctrl Pts',(-0.978245587579266,1.54010681188557,-1.75063277676783));
#1490=CARTESIAN_POINT('Ctrl Pts',(-0.902733924559933,1.30702743767945,-1.79084060160356));
#1491=CARTESIAN_POINT('Ctrl Pts',(-0.841603810019267,1.19355666693709,-1.82197381035901));
#1492=CARTESIAN_POINT('Ctrl Pts',(-0.689496301642916,1.01118155106212,-1.88423725411898));
#1493=CARTESIAN_POINT('Ctrl Pts',(-0.605215214801305,0.93947844415081,-1.91407830026848));
#1494=CARTESIAN_POINT('Ctrl Pts',(-0.508699410906766,0.883304980506447,
-1.93939421194947));
#1495=CARTESIAN_POINT('',(-0.995860694072175,13.985,-1.74019725261307));
#1496=CARTESIAN_POINT('',(-0.995860694072175,0.,-1.74019725261307));
#1497=CARTESIAN_POINT('',(-0.0148961864751135,15.,-2.00494466348288));
#1498=CARTESIAN_POINT('Ctrl Pts',(-0.0148961864751135,15.,-2.00494466348288));
#1499=CARTESIAN_POINT('Ctrl Pts',(-0.0156972135060024,15.,-2.00493871207273));
#1500=CARTESIAN_POINT('Ctrl Pts',(-0.0164987655324611,14.9999990673183,
-2.00493227724934));
#1501=CARTESIAN_POINT('Ctrl Pts',(-0.0204970059930233,14.9999897092069,
-2.00489777296277));
#1502=CARTESIAN_POINT('Ctrl Pts',(-0.0236889796582103,14.9999673055808,
-2.00486259705683));
#1503=CARTESIAN_POINT('Ctrl Pts',(-0.0361884745490568,14.9998207426189,
-2.00469499171157));
#1504=CARTESIAN_POINT('Ctrl Pts',(-0.0454866305045592,14.999584113471,-2.00450553168457));
#1505=CARTESIAN_POINT('Ctrl Pts',(-0.0636131113412797,14.9988734520826,
-2.00401008649555));
#1506=CARTESIAN_POINT('Ctrl Pts',(-0.07243771849654,14.9984119755539,-2.00371046263844));
#1507=CARTESIAN_POINT('Ctrl Pts',(-0.204456317590338,14.9897768887156,-1.99835597017827));
#1508=CARTESIAN_POINT('Ctrl Pts',(-0.323902047578956,14.9594886499102,-1.98186191379673));
#1509=CARTESIAN_POINT('Ctrl Pts',(-0.550549112887197,14.8542937589943,-1.93163846516984));
#1510=CARTESIAN_POINT('Ctrl Pts',(-0.653484856562654,14.7780498291808,-1.89771163178679));
#1511=CARTESIAN_POINT('Ctrl Pts',(-0.822854309577189,14.5895417304583,-1.83062885393493));
#1512=CARTESIAN_POINT('Ctrl Pts',(-0.887924793671713,14.4790870773386,-1.79834671555432));
#1513=CARTESIAN_POINT('Ctrl Pts',(-0.974294918741637,14.2393429297219,-1.75302472858849));
#1514=CARTESIAN_POINT('Ctrl Pts',(-0.995860694072175,14.1129763179359,-1.74019725261307));
#1515=CARTESIAN_POINT('Ctrl Pts',(-0.995860694072175,13.985,-1.74019725261307));
#1516=CARTESIAN_POINT('',(0.0148961865036365,15.,-2.00494466348267));
#1517=CARTESIAN_POINT('Origin',(0.,15.,0.));
#1518=CARTESIAN_POINT('',(0.995860694096932,13.985,-1.74019725259891));
#1519=CARTESIAN_POINT('Ctrl Pts',(0.995860694096932,13.985,-1.74019725259891));
#1520=CARTESIAN_POINT('Ctrl Pts',(0.995860694096932,14.1148268121018,-1.74019725259891));
#1521=CARTESIAN_POINT('Ctrl Pts',(0.973670808900691,14.2429755256716,-1.75340900417539));
#1522=CARTESIAN_POINT('Ctrl Pts',(0.885379908116893,14.4841454097695,-1.79962220738684));
#1523=CARTESIAN_POINT('Ctrl Pts',(0.819545007833383,14.5944226226452,-1.83215093166071));
#1524=CARTESIAN_POINT('Ctrl Pts',(0.653219062712376,14.7771508404344,-1.89760608484792));
#1525=CARTESIAN_POINT('Ctrl Pts',(0.555977585447813,14.8497569700471,-1.92966709509409));
#1526=CARTESIAN_POINT('Ctrl Pts',(0.341943243288377,14.9528193735012,-1.97851311368307));
#1527=CARTESIAN_POINT('Ctrl Pts',(0.228708846618788,14.9842135736718,-1.99537585346092));
#1528=CARTESIAN_POINT('Ctrl Pts',(0.0913965407214591,14.9973205159542,-2.00301583660166));
#1529=CARTESIAN_POINT('Ctrl Pts',(0.071343466029542,14.9986342152991,-2.00383108881528));
#1530=CARTESIAN_POINT('Ctrl Pts',(0.0429172330199458,14.9996496673666,-2.0045579633214));
#1531=CARTESIAN_POINT('Ctrl Pts',(0.0345802948981988,14.9998446850361,-2.00471913911039));
#1532=CARTESIAN_POINT('Ctrl Pts',(0.023117348729279,14.9999718254649,-2.00486915326099));
#1533=CARTESIAN_POINT('Ctrl Pts',(0.0199994921368968,14.9999920746147,-2.00490268098922));
#1534=CARTESIAN_POINT('Ctrl Pts',(0.0162166304973484,14.9999993669007,-2.0049345274314));
#1535=CARTESIAN_POINT('Ctrl Pts',(0.0155561006941132,15.,-2.00493976050204));
#1536=CARTESIAN_POINT('Ctrl Pts',(0.0148961865036365,15.,-2.00494466348267));
#1537=CARTESIAN_POINT('',(0.995860694096932,1.772,-1.74019725259891));
#1538=CARTESIAN_POINT('',(0.995860694096932,0.,-1.74019725259891));
#1539=CARTESIAN_POINT('',(0.508699410907112,0.883304980490589,-1.93939421194938));
#1540=CARTESIAN_POINT('Ctrl Pts',(0.508699410907109,0.883304980490589,-1.93939421194938));
#1541=CARTESIAN_POINT('Ctrl Pts',(0.609051175487508,0.941711023557454,-1.91307213508074));
#1542=CARTESIAN_POINT('Ctrl Pts',(0.697706415369326,1.01780193879993,-1.8813704285555));
#1543=CARTESIAN_POINT('Ctrl Pts',(0.850675128386578,1.20849403120499,-1.81763741963293));
#1544=CARTESIAN_POINT('Ctrl Pts',(0.910938517830685,1.32406383117254,-1.78664217169122));
#1545=CARTESIAN_POINT('Ctrl Pts',(0.980006518954404,1.55366670924013,-1.74952718486362));
#1546=CARTESIAN_POINT('Ctrl Pts',(0.995860694096932,1.66200531467336,-1.74019725259891));
#1547=CARTESIAN_POINT('Ctrl Pts',(0.995860694096932,1.772,-1.74019725259891));
#1548=CARTESIAN_POINT('',(0.508699410907114,0.,-1.93939421194938));
#1549=CARTESIAN_POINT('Origin',(0.55944249428937,0.,-2.13284999368997));
#1550=CARTESIAN_POINT('',(0.364853800623608,0.81789055047215,-2.08664133327385));
#1551=CARTESIAN_POINT('Ctrl Pts',(0.508699410907111,0.88330498049059,-1.93939421194938));
#1552=CARTESIAN_POINT('Ctrl Pts',(0.494484067613034,0.875031464263789,-1.94312286944201));
#1553=CARTESIAN_POINT('Ctrl Pts',(0.480454985175719,0.867228681458479,-1.94847497448214));
#1554=CARTESIAN_POINT('Ctrl Pts',(0.444803038983009,0.848330630498068,-1.96707906477573));
#1555=CARTESIAN_POINT('Ctrl Pts',(0.424332489709416,0.838458109917941,-1.98302422852265));
#1556=CARTESIAN_POINT('Ctrl Pts',(0.397299012289949,0.826989784153508,-2.01477997450812));
#1557=CARTESIAN_POINT('Ctrl Pts',(0.388666883698825,0.82371891502586,-2.02759378569896));
#1558=CARTESIAN_POINT('Ctrl Pts',(0.376916972898255,0.820002936580562,-2.05046754322469));
#1559=CARTESIAN_POINT('Ctrl Pts',(0.372961835474772,0.818980218154822,-2.05984874581907));
#1560=CARTESIAN_POINT('Ctrl Pts',(0.367851993806417,0.818083770800348,-2.07515888404842));
#1561=CARTESIAN_POINT('Ctrl Pts',(0.366224857781262,0.817909399337246,-2.08086769216747));
#1562=CARTESIAN_POINT('Ctrl Pts',(0.364853800623608,0.817890550472148,-2.08664133327385));
#1563=CARTESIAN_POINT('',(0.364853800623502,0.,-2.08664133327429));
#1564=CARTESIAN_POINT('Origin',(6.88338275267597E-13,0.,-0.348416856391734));
#1565=CARTESIAN_POINT('',(4.41860465116405,0.,3.72597913100382));
#1566=CARTESIAN_POINT('',(5.50000000000136,0.,3.05316628721366));
#1567=CARTESIAN_POINT('Origin',(4.75000000000135,0.,3.05316628721366));
#1568=CARTESIAN_POINT('',(-4.41860465116153,0.,3.72597913100259));
#1569=CARTESIAN_POINT('Origin',(2.10888164570155E-14,0.,12.696817048206));
#1570=CARTESIAN_POINT('',(-5.49999999999864,0.,3.05316628721234));
#1571=CARTESIAN_POINT('Origin',(-4.74999999999864,0.,3.05316628721234));
#1572=CARTESIAN_POINT('',(-5.49999999999998,0.,-0.00318290417363254));
#1573=CARTESIAN_POINT('',(-5.49999999999801,0.,4.49681704820835));
#1574=CARTESIAN_POINT('',(-0.373865580171028,0.,-4.49277439151086));
#1575=CARTESIAN_POINT('Origin',(2.82570191204035E-14,0.,-0.00318295179404673));
#1576=CARTESIAN_POINT('',(0.37386558018567,0.,-4.49277439151012));
#1577=CARTESIAN_POINT('Origin',(0.,0.,0.));
#1578=CARTESIAN_POINT('',(5.50000000000002,0.,-0.00318312307456159));
#1579=CARTESIAN_POINT('Origin',(2.82570191204035E-14,0.,-0.00318295179404673));
#1580=CARTESIAN_POINT('',(5.49999999999806,0.,-4.50318295179645));
#1581=CARTESIAN_POINT('Origin',(0.,0.,-2.0000000949949));
#1582=CARTESIAN_POINT('Ctrl Pts',(-0.364853800623649,0.817890550482814,
-2.08664133327367));
#1583=CARTESIAN_POINT('Ctrl Pts',(-0.359996069171116,0.817823767909617,
-2.10709766351636));
#1584=CARTESIAN_POINT('Ctrl Pts',(-0.353415317159632,0.817758290652233,
-2.12715663448223));
#1585=CARTESIAN_POINT('Ctrl Pts',(-0.326043667879304,0.817547950167493,
-2.19160167092058));
#1586=CARTESIAN_POINT('Ctrl Pts',(-0.298311159917238,0.817414714096636,
-2.23243524244711));
#1587=CARTESIAN_POINT('Ctrl Pts',(-0.228756308603063,0.817190583520964,
-2.30113770190703));
#1588=CARTESIAN_POINT('Ctrl Pts',(-0.187606936973158,0.817101813503863,
-2.3283550138665));
#1589=CARTESIAN_POINT('Ctrl Pts',(-0.097214419312338,0.816980807747952,
-2.36545840450849));
#1590=CARTESIAN_POINT('Ctrl Pts',(-0.048840788937619,0.816949694354707,
-2.37500009521355));
#1591=CARTESIAN_POINT('Ctrl Pts',(1.67877133462579E-9,0.816949694354707,
-2.3750000949949));
#1592=CARTESIAN_POINT('Ctrl Pts',(0.027628624531412,0.816949694354707,-2.37500009487122));
#1593=CARTESIAN_POINT('Ctrl Pts',(0.0551728190845672,0.816959651055507,
-2.37194673155842));
#1594=CARTESIAN_POINT('Ctrl Pts',(0.109099365320209,0.816999125029027,-2.35984212297545));
#1595=CARTESIAN_POINT('Ctrl Pts',(0.135316321098612,0.817028529499964,-2.35082547717401));
#1596=CARTESIAN_POINT('Ctrl Pts',(0.204400813500959,0.817135070451656,-2.31815836857013));
#1597=CARTESIAN_POINT('Ctrl Pts',(0.244008980970747,0.817230497148795,-2.28890144150868));
#1598=CARTESIAN_POINT('Ctrl Pts',(0.309784309710288,0.817465473600259,-2.2168783364129));
#1599=CARTESIAN_POINT('Ctrl Pts',(0.33532976257879,0.817602767071294,-2.17480407750648));
#1600=CARTESIAN_POINT('Ctrl Pts',(0.357195865504137,0.817797547889308,-2.11513038958861));
#1601=CARTESIAN_POINT('Ctrl Pts',(0.361449230967857,0.81784374551309,-2.10097827262355));
#1602=CARTESIAN_POINT('Ctrl Pts',(0.364853800623608,0.817890550472148,-2.08664133327385));
#1603=CARTESIAN_POINT('Ctrl Pts',(-0.995860694072175,1.77200000000003,-1.74019725261307));
#1604=CARTESIAN_POINT('Ctrl Pts',(-1.17953344273895,1.77200000000003,-2.43571975266422));
#1605=CARTESIAN_POINT('Ctrl Pts',(-0.58976672135788,1.77200000000003,-2.84762076144137));
#1606=CARTESIAN_POINT('Ctrl Pts',(1.42489649258121E-11,1.77200000000003,
-3.25952177021852));
#1607=CARTESIAN_POINT('Ctrl Pts',(0.58976672139839,1.77200000000003,-2.84762076143298));
#1608=CARTESIAN_POINT('Ctrl Pts',(1.1795334427736,1.77200000000003,-2.43571975264744));
#1609=CARTESIAN_POINT('Ctrl Pts',(0.995860694096931,1.77200000000003,-1.7401972525989));
#1610=CARTESIAN_POINT('Ctrl Pts',(-0.995860694072198,1.06767806462904,-1.74019725261307));
#1611=CARTESIAN_POINT('Ctrl Pts',(-1.17953344273897,1.06767806462904,-2.43571975266423));
#1612=CARTESIAN_POINT('Ctrl Pts',(-0.589766721357894,1.06767806462904,-2.84762076144139));
#1613=CARTESIAN_POINT('Ctrl Pts',(1.42489649258121E-11,1.06767806462904,
-3.25952177021855));
#1614=CARTESIAN_POINT('Ctrl Pts',(0.589766721398404,1.06767806462904,-2.847620761433));
#1615=CARTESIAN_POINT('Ctrl Pts',(1.17953344277362,1.06767806462904,-2.43571975264745));
#1616=CARTESIAN_POINT('Ctrl Pts',(0.995860694096954,1.06767806462904,-1.7401972525989));
#1617=CARTESIAN_POINT('Ctrl Pts',(-0.359493279889863,0.816949694354707,
-1.9082483970638));
#1618=CARTESIAN_POINT('Ctrl Pts',(-0.425796849494841,0.816949694354707,
-2.15932333784141));
#1619=CARTESIAN_POINT('Ctrl Pts',(-0.212898424738683,0.816949694354707,
-2.30801446052595));
#1620=CARTESIAN_POINT('Ctrl Pts',(1.42489649258121E-11,0.816949694354707,
-2.45670558321048));
#1621=CARTESIAN_POINT('Ctrl Pts',(0.212898424771517,0.816949694354707,-2.30801446052292));
#1622=CARTESIAN_POINT('Ctrl Pts',(0.42579684952556,0.816949694354707,-2.15932333783535));
#1623=CARTESIAN_POINT('Ctrl Pts',(0.35949327991701,0.816949694354707,-1.90824839705869));
#1624=CARTESIAN_POINT('Origin',(1.42489649258121E-11,1.772,-2.00318295179405));
#1625=CARTESIAN_POINT('Origin',(1.42489649258121E-11,0.,-2.00318295179405));
#1626=CARTESIAN_POINT('Origin',(1.42489649258121E-11,13.985,-2.00318295179405));
#1627=CARTESIAN_POINT('Origin',(-5.99520433297585E-13,15.,-0.348416856392081));
#1628=CARTESIAN_POINT('Origin',(1.42489649258121E-11,15.,-2.00318295179405));
#1629=CARTESIAN_POINT('Ctrl Pts',(0.995860694096931,13.985,-1.74019725259891));
#1630=CARTESIAN_POINT('Ctrl Pts',(1.1795334427736,13.985,-2.43571975264744));
#1631=CARTESIAN_POINT('Ctrl Pts',(0.58976672139839,13.985,-2.84762076143298));
#1632=CARTESIAN_POINT('Ctrl Pts',(2.31859856710299E-11,13.985,-3.25952177021852));
#1633=CARTESIAN_POINT('Ctrl Pts',(-0.589766721357879,13.985,-2.84762076144137));
#1634=CARTESIAN_POINT('Ctrl Pts',(-1.17953344273894,13.985,-2.43571975266422));
#1635=CARTESIAN_POINT('Ctrl Pts',(-0.995860694072175,13.985,-1.74019725261307));
#1636=CARTESIAN_POINT('Ctrl Pts',(0.995860694096931,15.,-1.74019725259891));
#1637=CARTESIAN_POINT('Ctrl Pts',(1.1795334427736,15.,-2.43571975264744));
#1638=CARTESIAN_POINT('Ctrl Pts',(0.58976672139839,15.,-2.84762076143298));
#1639=CARTESIAN_POINT('Ctrl Pts',(2.31859856710299E-11,15.,-3.25952177021852));
#1640=CARTESIAN_POINT('Ctrl Pts',(-0.589766721357879,15.,-2.84762076144137));
#1641=CARTESIAN_POINT('Ctrl Pts',(-1.17953344273894,15.,-2.43571975266422));
#1642=CARTESIAN_POINT('Ctrl Pts',(-0.995860694072175,15.,-1.74019725261307));
#1643=CARTESIAN_POINT('Ctrl Pts',(0.0145028256562295,15.,-1.99935306297082));
#1644=CARTESIAN_POINT('Ctrl Pts',(0.017177671510744,15.,-2.00948203141813));
#1645=CARTESIAN_POINT('Ctrl Pts',(0.00858883576256156,15.,-2.0154805897985));
#1646=CARTESIAN_POINT('Ctrl Pts',(1.43791157133638E-11,15.,-2.02147914817887));
#1647=CARTESIAN_POINT('Ctrl Pts',(-0.00858883573388868,15.,-2.01548058979862));
#1648=CARTESIAN_POINT('Ctrl Pts',(-0.0171776714821565,15.,-2.00948203141837));
#1649=CARTESIAN_POINT('Ctrl Pts',(-0.0145028256277861,15.,-1.99935306297102));
#1650=CARTESIAN_POINT('Origin',(5.30000000000117,11.2,2.63207324899937));
#1651=CARTESIAN_POINT('',(5.30000000000002,11.,-0.00318312307447444));
#1652=CARTESIAN_POINT('',(5.50000000000002,11.2,-0.00318312307456159));
#1653=CARTESIAN_POINT('Origin',(5.30000000000002,11.2,-0.00318312307447444));
#1654=CARTESIAN_POINT('',(5.50000000000069,11.2,1.53469544863216));
#1655=CARTESIAN_POINT('',(5.50000000000117,11.2,2.63207324899929));
#1656=CARTESIAN_POINT('',(5.30000000000057,11.,1.25185273615763));
#1657=CARTESIAN_POINT('Ctrl Pts',(5.30000000000057,11.,1.25185273615763));
#1658=CARTESIAN_POINT('Ctrl Pts',(5.32587546244271,11.,1.26100109363721));
#1659=CARTESIAN_POINT('Ctrl Pts',(5.35166705886401,11.0052910527403,1.27438044156466));
#1660=CARTESIAN_POINT('Ctrl Pts',(5.39698191515061,11.0233549248185,1.30670320524358));
#1661=CARTESIAN_POINT('Ctrl Pts',(5.41649412841806,11.0361737600045,1.32563637324734));
#1662=CARTESIAN_POINT('Ctrl Pts',(5.45422285906698,11.0691986867503,1.37152317409217));
#1663=CARTESIAN_POINT('Ctrl Pts',(5.47193265010639,11.0939301914773,1.40329907456458));
#1664=CARTESIAN_POINT('Ctrl Pts',(5.49484823091953,11.1464706165205,1.46921761072534));
#1665=CARTESIAN_POINT('Ctrl Pts',(5.50000000000068,11.1743708066305,1.50330622549497));
#1666=CARTESIAN_POINT('Ctrl Pts',(5.50000000000069,11.2,1.53469544863216));
#1667=CARTESIAN_POINT('',(5.30000000000117,11.,2.63207324899937));
#1668=CARTESIAN_POINT('Ctrl Pts',(5.30000000000003,11.,-0.00318311377047839));
#1669=CARTESIAN_POINT('Ctrl Pts',(5.29999998198714,11.,-0.39038697922874));
#1670=CARTESIAN_POINT('Ctrl Pts',(5.23428634821527,11.,-0.777328266928802));
#1671=CARTESIAN_POINT('Ctrl Pts',(5.10974313867228,11.,-1.14393829428365));
#1672=CARTESIAN_POINT('Ctrl Pts',(5.35235987755986,11.,-0.0031831162062818));
#1673=CARTESIAN_POINT('Ctrl Pts',(5.35235985927565,11.,-0.396219294050332));
#1674=CARTESIAN_POINT('Ctrl Pts',(5.28563888980418,11.,-0.788944455393993));
#1675=CARTESIAN_POINT('Ctrl Pts',(5.15932033658014,11.,-1.16078045049018));
#1676=CARTESIAN_POINT('Ctrl Pts',(5.4566305462496,11.0433694537504,-0.00318312105699696));
#1677=CARTESIAN_POINT('Ctrl Pts',(5.4566305274273,11.0433694537504,-0.407786177256865));
#1678=CARTESIAN_POINT('Ctrl Pts',(5.38788899956579,11.0433694537504,-0.812119962920351));
#1679=CARTESIAN_POINT('Ctrl Pts',(5.25804951278398,11.0433694537504,-1.19432030909329));
#1680=CARTESIAN_POINT('Ctrl Pts',(5.50000000000003,11.1476401224402,-0.00318312307456216));
#1681=CARTESIAN_POINT('Ctrl Pts',(5.4999999809503,11.1476401224402,-0.412674921191883));
#1682=CARTESIAN_POINT('Ctrl Pts',(5.43044169494016,11.1476401224402,-0.821689752331191));
#1683=CARTESIAN_POINT('Ctrl Pts',(5.29911408535262,11.1476401224402,-1.20827059218595));
#1684=CARTESIAN_POINT('Ctrl Pts',(5.50000000000003,11.2,-0.0031831230745622));
#1685=CARTESIAN_POINT('Ctrl Pts',(5.49999998095246,11.2,-0.412628463833293));
#1686=CARTESIAN_POINT('Ctrl Pts',(5.43042755341746,11.2,-0.821731379843793));
#1687=CARTESIAN_POINT('Ctrl Pts',(5.29911408535262,11.2,-1.20827059218595));
#1688=CARTESIAN_POINT('',(5.26692101282885,11.,-0.482388807927641));
#1689=CARTESIAN_POINT('',(5.29911408535262,11.2,-1.20827059218595));
#1690=CARTESIAN_POINT('Ctrl Pts',(5.29911408545001,11.2,-1.20827059189928));
#1691=CARTESIAN_POINT('Ctrl Pts',(5.29951781699563,11.1995164158829,-1.20708215269359));
#1692=CARTESIAN_POINT('Ctrl Pts',(5.29991931214041,11.1990328389551,-1.20589295015863));
#1693=CARTESIAN_POINT('Ctrl Pts',(5.32652358348635,11.1668110011578,-1.1266005601033));
#1694=CARTESIAN_POINT('Ctrl Pts',(5.34311959888334,11.1350665459329,-1.0451331853551));
#1695=CARTESIAN_POINT('Ctrl Pts',(5.35526520613747,11.0789823670996,-0.88470536137324));
#1696=CARTESIAN_POINT('Ctrl Pts',(5.352152548379,11.0541252003294,-0.805699529029272));
#1697=CARTESIAN_POINT('Ctrl Pts',(5.32466330136703,11.0124489216386,-0.635526536174978));
#1698=CARTESIAN_POINT('Ctrl Pts',(5.29828755891171,11.,-0.553364406344957));
#1699=CARTESIAN_POINT('Ctrl Pts',(5.26692101288008,11.,-0.482388808366054));
#1700=CARTESIAN_POINT('Ctrl Pts',(5.29911408535262,11.2,-1.20827059218595));
#1701=CARTESIAN_POINT('Ctrl Pts',(5.43042755341746,11.2,-0.821731379843793));
#1702=CARTESIAN_POINT('Ctrl Pts',(5.49999998095246,11.2,-0.412628463833293));
#1703=CARTESIAN_POINT('Ctrl Pts',(5.50000000000003,11.2,-0.0031831230745622));
#1704=CARTESIAN_POINT('Ctrl Pts',(5.30000000000003,11.,-0.00318312307447444));
#1705=CARTESIAN_POINT('Ctrl Pts',(5.2999999921097,11.,-0.163428351497545));
#1706=CARTESIAN_POINT('Ctrl Pts',(5.28874496584709,11.,-0.323628607211837));
#1707=CARTESIAN_POINT('Ctrl Pts',(5.26672287607598,11.,-0.482361380863004));
#1708=CARTESIAN_POINT('Origin',(-0.0660497954893668,11.,2.21098021078734));
#1709=CARTESIAN_POINT('',(4.97289907581738,11.,1.33867205657132));
#1710=CARTESIAN_POINT('Origin',(5.20000000000069,11.,1.53469544863229));
#1711=CARTESIAN_POINT('',(4.92722346078544,11.,1.39617421261928));
#1712=CARTESIAN_POINT('Origin',(5.65420184849895,11.,1.92674223286786));
#1713=CARTESIAN_POINT('',(3.4717112957033,11.,2.81569742700938));
#1714=CARTESIAN_POINT('Origin',(0.,11.,-2.2));
#1715=CARTESIAN_POINT('',(3.53636038397276,11.,3.34298600233666));
#1716=CARTESIAN_POINT('Origin',(3.64245119549194,11.,3.06237107096058));
#1717=CARTESIAN_POINT('',(0.144676976350451,11.,2.69786367435156));
#1718=CARTESIAN_POINT('Origin',(2.10888164570155E-14,11.,12.696817048206));
#1719=CARTESIAN_POINT('',(3.95794524090489,11.,0.688714155124534));
#1720=CARTESIAN_POINT('Origin',(0.,11.,-2.2));
#1721=CARTESIAN_POINT('',(4.77224080249646,11.,0.0209235863483259));
#1722=CARTESIAN_POINT('Origin',(5.65420184849895,11.,1.92674223286786));
#1723=CARTESIAN_POINT('Origin',(4.35225935202324,11.,-0.88660910246151));
#1724=CARTESIAN_POINT('Ctrl Pts',(5.10974313772186,2.,-1.14393829708134));
#1725=CARTESIAN_POINT('Ctrl Pts',(5.23428634787614,2.,-0.777328268893777));
#1726=CARTESIAN_POINT('Ctrl Pts',(5.29999998198714,2.,-0.39038698021369));
#1727=CARTESIAN_POINT('Ctrl Pts',(5.30000000000003,2.,-0.00318311377047797));
#1728=CARTESIAN_POINT('Ctrl Pts',(5.15932033561619,2.,-1.16078045332769));
#1729=CARTESIAN_POINT('Ctrl Pts',(5.28563888945977,2.,-0.788944457388296));
#1730=CARTESIAN_POINT('Ctrl Pts',(5.35235985927565,2.,-0.396219295050118));
#1731=CARTESIAN_POINT('Ctrl Pts',(5.35235987755986,2.,-0.00318311620628138));
#1732=CARTESIAN_POINT('Ctrl Pts',(5.25810113811226,1.95668507026192,-1.19433785028515));
#1733=CARTESIAN_POINT('Ctrl Pts',(5.38794062552996,1.95668507026192,-0.812137503248217));
#1734=CARTESIAN_POINT('Ctrl Pts',(5.45668505143965,1.95668507026192,-0.407786178288612));
#1735=CARTESIAN_POINT('Ctrl Pts',(5.45668507026195,1.95668507026192,-0.00318312105953297));
#1736=CARTESIAN_POINT('Ctrl Pts',(5.29911408435054,1.85235987755983,-1.20827059513573));
#1737=CARTESIAN_POINT('Ctrl Pts',(5.43044169458087,1.85235987755983,-0.821689754408176));
#1738=CARTESIAN_POINT('Ctrl Pts',(5.4999999809503,1.85235987755983,-0.41267492223353));
#1739=CARTESIAN_POINT('Ctrl Pts',(5.50000000000003,1.85235987755983,-0.00318312307456162));
#1740=CARTESIAN_POINT('Ctrl Pts',(5.29911408435054,1.8,-1.20827059513573));
#1741=CARTESIAN_POINT('Ctrl Pts',(5.43042755305811,1.8,-0.821731381920862));
#1742=CARTESIAN_POINT('Ctrl Pts',(5.49999998095246,1.8,-0.412628464874822));
#1743=CARTESIAN_POINT('Ctrl Pts',(5.50000000000003,1.8,-0.00318312307456162));
#1744=CARTESIAN_POINT('',(5.29911408435054,1.8,-1.20827059513573));
#1745=CARTESIAN_POINT('',(5.26692101040635,2.,-0.482388787194528));
#1746=CARTESIAN_POINT('Ctrl Pts',(5.26692101288008,2.,-0.482388808366054));
#1747=CARTESIAN_POINT('Ctrl Pts',(5.28213338350225,2.,-0.516811058762917));
#1748=CARTESIAN_POINT('Ctrl Pts',(5.29543637612966,1.99709000151032,-0.552220031763814));
#1749=CARTESIAN_POINT('Ctrl Pts',(5.33554059548235,1.97968981601431,-0.680355911853656));
#1750=CARTESIAN_POINT('Ctrl Pts',(5.35316955628189,1.95281890680768,-0.784117052435496));
#1751=CARTESIAN_POINT('Ctrl Pts',(5.35131833705293,1.88200200486356,-1.00124079233921));
#1752=CARTESIAN_POINT('Ctrl Pts',(5.33354733617402,1.84169583659364,-1.10566669837409));
#1753=CARTESIAN_POINT('Ctrl Pts',(5.29991931214049,1.80096716104498,-1.20589295015838));
#1754=CARTESIAN_POINT('Ctrl Pts',(5.29951781699556,1.80048358411705,-1.20708215269382));
#1755=CARTESIAN_POINT('Ctrl Pts',(5.29911408545001,1.8,-1.20827059189928));
#1756=CARTESIAN_POINT('',(5.30000000000003,2.,-0.00318311377047797));
#1757=CARTESIAN_POINT('Ctrl Pts',(5.26672287885082,2.,-0.48236136085081));
#1758=CARTESIAN_POINT('Ctrl Pts',(5.2887449672184,2.,-0.323628590675084));
#1759=CARTESIAN_POINT('Ctrl Pts',(5.29999999254535,2.,-0.163428338562693));
#1760=CARTESIAN_POINT('Ctrl Pts',(5.30000000000003,2.,-0.00318311377047797));
#1761=CARTESIAN_POINT('',(5.50000000000003,1.8,-0.00318312307456152));
#1762=CARTESIAN_POINT('Origin',(5.30000000000003,1.8,-0.00318311377047797));
#1763=CARTESIAN_POINT('Ctrl Pts',(5.50000000000003,1.8,-0.00318312307456162));
#1764=CARTESIAN_POINT('Ctrl Pts',(5.49999998095246,1.8,-0.412628464874822));
#1765=CARTESIAN_POINT('Ctrl Pts',(5.43042755305811,1.8,-0.821731381920862));
#1766=CARTESIAN_POINT('Ctrl Pts',(5.29911408435054,1.8,-1.20827059513573));
#1767=CARTESIAN_POINT('Origin',(5.30000000000117,1.8,2.63207324899937));
#1768=CARTESIAN_POINT('',(5.30000000000057,2.,1.25185273615763));
#1769=CARTESIAN_POINT('',(5.50000000000069,1.8,1.53469544863216));
#1770=CARTESIAN_POINT('Ctrl Pts',(5.50000000000069,1.8,1.53469544863216));
#1771=CARTESIAN_POINT('Ctrl Pts',(5.50000000000068,1.8256291933695,1.50330622549497));
#1772=CARTESIAN_POINT('Ctrl Pts',(5.49484823091953,1.85352938347949,1.46921761072534));
#1773=CARTESIAN_POINT('Ctrl Pts',(5.47193265010639,1.90606980852268,1.40329907456459));
#1774=CARTESIAN_POINT('Ctrl Pts',(5.45422285906698,1.93080131324972,1.37152317409217));
#1775=CARTESIAN_POINT('Ctrl Pts',(5.41649412841806,1.96382623999551,1.32563637324734));
#1776=CARTESIAN_POINT('Ctrl Pts',(5.39698191515061,1.97664507518154,1.30670320524358));
#1777=CARTESIAN_POINT('Ctrl Pts',(5.35166705886401,1.99470894725969,1.27438044156466));
#1778=CARTESIAN_POINT('Ctrl Pts',(5.32587546244271,2.,1.26100109363721));
#1779=CARTESIAN_POINT('Ctrl Pts',(5.30000000000057,2.,1.25185273615763));
#1780=CARTESIAN_POINT('',(5.50000000000117,1.8,2.63207324899929));
#1781=CARTESIAN_POINT('',(5.30000000000117,2.,2.63207324899937));
#1782=CARTESIAN_POINT('Origin',(-0.0660497954893668,2.,2.21098021078734));
#1783=CARTESIAN_POINT('',(4.77224080249646,2.,0.0209235863483259));
#1784=CARTESIAN_POINT('Origin',(4.35225935202324,2.,-0.88660910246151));
#1785=CARTESIAN_POINT('',(3.95794524090489,2.,0.688714155124534));
#1786=CARTESIAN_POINT('Origin',(5.65420184849895,2.,1.92674223286786));
#1787=CARTESIAN_POINT('',(0.144676976350451,2.,2.69786367435156));
#1788=CARTESIAN_POINT('Origin',(0.,2.,-2.2));
#1789=CARTESIAN_POINT('',(3.53636038397276,2.,3.34298600233666));
#1790=CARTESIAN_POINT('Origin',(2.10888164570155E-14,2.,12.696817048206));
#1791=CARTESIAN_POINT('',(3.4717112957033,2.,2.81569742700938));
#1792=CARTESIAN_POINT('Origin',(3.64245119549194,2.,3.06237107096058));
#1793=CARTESIAN_POINT('',(4.92722346078544,2.,1.39617421261928));
#1794=CARTESIAN_POINT('Origin',(0.,2.,-2.2));
#1795=CARTESIAN_POINT('',(4.97289907581738,2.,1.33867205657132));
#1796=CARTESIAN_POINT('Origin',(5.65420184849895,2.,1.92674223286786));
#1797=CARTESIAN_POINT('Origin',(5.20000000000069,2.,1.53469544863229));
#1798=CARTESIAN_POINT('Origin',(-5.29999999999949,1.8,1.10389865330795));
#1799=CARTESIAN_POINT('',(-5.29999999999998,2.,-0.00318290417371983));
#1800=CARTESIAN_POINT('',(-5.49999999999998,1.8,-0.00318290417363254));
#1801=CARTESIAN_POINT('Origin',(-5.29999999999998,1.8,-0.00318290417371983));
#1802=CARTESIAN_POINT('',(-5.49999999999931,1.8,1.53469544886259));
#1803=CARTESIAN_POINT('',(-5.49999999999949,1.8,1.10389865330804));
#1804=CARTESIAN_POINT('',(-5.29999999999943,2.,1.25185273638788));
#1805=CARTESIAN_POINT('Ctrl Pts',(-5.29999999999943,2.,1.25185273638788));
#1806=CARTESIAN_POINT('Ctrl Pts',(-5.32587546244156,2.,1.26100109386748));
#1807=CARTESIAN_POINT('Ctrl Pts',(-5.35166705886286,1.99470894725969,1.27438044179496));
#1808=CARTESIAN_POINT('Ctrl Pts',(-5.39698191514942,1.97664507518154,1.30670320547392));
#1809=CARTESIAN_POINT('Ctrl Pts',(-5.41649412841686,1.96382623999551,1.32563637347769));
#1810=CARTESIAN_POINT('Ctrl Pts',(-5.45422285906573,1.93080131324972,1.37152317432256));
#1811=CARTESIAN_POINT('Ctrl Pts',(-5.47193265010512,1.90606980852268,1.40329907479499));
#1812=CARTESIAN_POINT('Ctrl Pts',(-5.4948482309182,1.85352938347949,1.46921761095576));
#1813=CARTESIAN_POINT('Ctrl Pts',(-5.49999999999932,1.8256291933695,1.50330622572539));
#1814=CARTESIAN_POINT('Ctrl Pts',(-5.49999999999931,1.8,1.53469544886259));
#1815=CARTESIAN_POINT('',(-5.29999999999949,2.,1.10389865330795));
#1816=CARTESIAN_POINT('Ctrl Pts',(-5.29999999999998,2.,-0.00318290676037558));
#1817=CARTESIAN_POINT('Ctrl Pts',(-5.30000000500797,2.,-0.390386841264261));
#1818=CARTESIAN_POINT('Ctrl Pts',(-5.23428637040281,2.,-0.777328201655346));
#1819=CARTESIAN_POINT('Ctrl Pts',(-5.10974313863256,2.,-1.14393829439887));
#1820=CARTESIAN_POINT('Ctrl Pts',(-5.35235987755981,2.,-0.00318290608316733));
#1821=CARTESIAN_POINT('Ctrl Pts',(-5.35235988264323,2.,-0.396219154012851));
#1822=CARTESIAN_POINT('Ctrl Pts',(-5.28563891230798,2.,-0.788944389190152));
#1823=CARTESIAN_POINT('Ctrl Pts',(-5.15932033653986,2.,-1.16078045060707));
#1824=CARTESIAN_POINT('Ctrl Pts',(-5.45668507026191,1.95668507026194,-0.00318290473385399));
#1825=CARTESIAN_POINT('Ctrl Pts',(-5.45668507549494,1.95668507026194,-0.407786033081945));
#1826=CARTESIAN_POINT('Ctrl Pts',(-5.387940649016,1.95668507026194,-0.812137433146374));
#1827=CARTESIAN_POINT('Ctrl Pts',(-5.25810113906177,1.95668507026194,-1.19433784748851));
#1828=CARTESIAN_POINT('Ctrl Pts',(-5.49999999999998,1.85235987755983,-0.00318290417363061));
#1829=CARTESIAN_POINT('Ctrl Pts',(-5.50000000529623,1.85235987755983,-0.41267477531093));
#1830=CARTESIAN_POINT('Ctrl Pts',(-5.43044171833629,1.85235987755983,-0.821689683502302));
#1831=CARTESIAN_POINT('Ctrl Pts',(-5.29911408531075,1.85235987755983,-1.20827059230752));
#1832=CARTESIAN_POINT('Ctrl Pts',(-5.49999999999998,1.8,-0.00318290417363061));
#1833=CARTESIAN_POINT('Ctrl Pts',(-5.50000000529563,1.8,-0.412628317944055));
#1834=CARTESIAN_POINT('Ctrl Pts',(-5.43042757681106,1.8,-0.821731311022327));
#1835=CARTESIAN_POINT('Ctrl Pts',(-5.29911408531075,1.8,-1.20827059230752));
#1836=CARTESIAN_POINT('',(-5.26692101281175,2.,-0.482388808049174));
#1837=CARTESIAN_POINT('',(-5.29911408531075,1.8,-1.20827059230752));
#1838=CARTESIAN_POINT('Ctrl Pts',(-5.29911408540814,1.8,-1.20827059202085));
#1839=CARTESIAN_POINT('Ctrl Pts',(-5.29951781695392,1.80048358411729,-1.20708215281482));
#1840=CARTESIAN_POINT('Ctrl Pts',(-5.29991931209884,1.80096716104515,-1.20589295027957));
#1841=CARTESIAN_POINT('Ctrl Pts',(-5.32652358344705,1.83318899884228,-1.12660056022602));
#1842=CARTESIAN_POINT('Ctrl Pts',(-5.34311959884675,1.86493345406689,-1.04513318547884));
#1843=CARTESIAN_POINT('Ctrl Pts',(-5.35526520610617,1.92101763289885,-0.88470536150174));
#1844=CARTESIAN_POINT('Ctrl Pts',(-5.35215254835102,1.94587479966806,-0.805699529161298));
#1845=CARTESIAN_POINT('Ctrl Pts',(-5.32466330134675,1.98755107836037,-0.635526536305182));
#1846=CARTESIAN_POINT('Ctrl Pts',(-5.29828755889343,2.,-0.553364406470486));
#1847=CARTESIAN_POINT('Ctrl Pts',(-5.26692101286297,2.,-0.482388808487587));
#1848=CARTESIAN_POINT('Ctrl Pts',(-5.29911408531075,1.8,-1.20827059230752));
#1849=CARTESIAN_POINT('Ctrl Pts',(-5.43042757681106,1.8,-0.821731311022327));
#1850=CARTESIAN_POINT('Ctrl Pts',(-5.50000000529563,1.8,-0.412628317944055));
#1851=CARTESIAN_POINT('Ctrl Pts',(-5.49999999999998,1.8,-0.00318290417363061));
#1852=CARTESIAN_POINT('Ctrl Pts',(-5.29999999999998,2.,-0.00318290676037558));
#1853=CARTESIAN_POINT('Ctrl Pts',(-5.30000000207255,2.,-0.16342820733882));
#1854=CARTESIAN_POINT('Ctrl Pts',(-5.28874497555615,2.,-0.323628535835918));
#1855=CARTESIAN_POINT('Ctrl Pts',(-5.26672287588707,2.,-0.482361380960762));
#1856=CARTESIAN_POINT('Origin',(-0.0660497954893668,2.,2.21098021078734));
#1857=CARTESIAN_POINT('',(-4.97289907575567,2.,1.33867205687138));
#1858=CARTESIAN_POINT('Origin',(-5.1999999999993,2.,1.53469544886246));
#1859=CARTESIAN_POINT('',(-4.9272292275574,2.,1.39616631138307));
#1860=CARTESIAN_POINT('Origin',(-5.65420184852568,2.,1.92674223287835));
#1861=CARTESIAN_POINT('',(-3.47171129570329,2.,2.81569742700939));
#1862=CARTESIAN_POINT('Origin',(0.,2.,-2.2));
#1863=CARTESIAN_POINT('',(-3.53636038397274,2.,3.34298600233667));
#1864=CARTESIAN_POINT('Origin',(-3.64245119549192,2.,3.06237107096059));
#1865=CARTESIAN_POINT('',(-0.144676976350436,2.,2.69786367435156));
#1866=CARTESIAN_POINT('Origin',(2.10888164570155E-14,2.,12.696817048206));
#1867=CARTESIAN_POINT('',(-3.95793300802743,2.,0.688730915815007));
#1868=CARTESIAN_POINT('Origin',(0.,2.,-2.2));
#1869=CARTESIAN_POINT('',(-4.77224080243505,2.,0.0209235862724888));
#1870=CARTESIAN_POINT('Origin',(-5.65420184837548,2.,1.92674223282486));
#1871=CARTESIAN_POINT('Origin',(-4.35225935199214,2.,-0.886609102551371));
#1872=CARTESIAN_POINT('Ctrl Pts',(-5.10974313768213,11.,-1.1439382971966));
#1873=CARTESIAN_POINT('Ctrl Pts',(-5.23428637006367,11.,-0.777328203620349));
#1874=CARTESIAN_POINT('Ctrl Pts',(-5.30000000500797,11.,-0.390386842249223));
#1875=CARTESIAN_POINT('Ctrl Pts',(-5.29999999999998,11.,-0.00318290676037544));
#1876=CARTESIAN_POINT('Ctrl Pts',(-5.1593203355759,11.,-1.16078045344461));
#1877=CARTESIAN_POINT('Ctrl Pts',(-5.28563891196356,11.,-0.788944391184482));
#1878=CARTESIAN_POINT('Ctrl Pts',(-5.35235988264323,11.,-0.39621915501265));
#1879=CARTESIAN_POINT('Ctrl Pts',(-5.35235987755981,11.,-0.00318290608316718));
#1880=CARTESIAN_POINT('Ctrl Pts',(-5.25804951175167,11.0433694537504,-1.19432031213031));
#1881=CARTESIAN_POINT('Ctrl Pts',(-5.3878890223418,11.0433694537504,-0.812119896924165));
#1882=CARTESIAN_POINT('Ctrl Pts',(-5.45663055148256,11.0433694537504,-0.407786034111874));
#1883=CARTESIAN_POINT('Ctrl Pts',(-5.45663054624954,11.0433694537504,-0.003182904734559));
#1884=CARTESIAN_POINT('Ctrl Pts',(-5.29911408430865,11.1476401224402,-1.20827059525733));
#1885=CARTESIAN_POINT('Ctrl Pts',(-5.43044171797699,11.1476401224402,-0.821689685579316));
#1886=CARTESIAN_POINT('Ctrl Pts',(-5.50000000529623,11.1476401224402,-0.412674776352589));
#1887=CARTESIAN_POINT('Ctrl Pts',(-5.49999999999998,11.1476401224402,-0.00318290417363034));
#1888=CARTESIAN_POINT('Ctrl Pts',(-5.29911408430865,11.2,-1.20827059525733));
#1889=CARTESIAN_POINT('Ctrl Pts',(-5.4304275764517,11.2,-0.821731313099425));
#1890=CARTESIAN_POINT('Ctrl Pts',(-5.50000000529563,11.2,-0.412628318985597));
#1891=CARTESIAN_POINT('Ctrl Pts',(-5.49999999999998,11.2,-0.0031829041736303));
#1892=CARTESIAN_POINT('',(-5.29911408430865,11.2,-1.20827059525733));
#1893=CARTESIAN_POINT('',(-5.26692101038925,11.,-0.482388787316054));
#1894=CARTESIAN_POINT('Ctrl Pts',(-5.26692101286297,11.,-0.482388808487586));
#1895=CARTESIAN_POINT('Ctrl Pts',(-5.28213338305002,11.,-0.516811057903089));
#1896=CARTESIAN_POINT('Ctrl Pts',(-5.29543637535134,11.0029099983252,-0.55222002986447));
#1897=CARTESIAN_POINT('Ctrl Pts',(-5.33554059464924,11.020310183208,-0.680355908349818));
#1898=CARTESIAN_POINT('Ctrl Pts',(-5.35316955578071,11.0471810920307,-0.784117048403547));
#1899=CARTESIAN_POINT('Ctrl Pts',(-5.3513183375301,11.1179979939684,-1.00124078944973));
#1900=CARTESIAN_POINT('Ctrl Pts',(-5.33354733661508,11.1583041628251,-1.10566669706733));
#1901=CARTESIAN_POINT('Ctrl Pts',(-5.2999193120988,11.1990328389549,-1.20589295027968));
#1902=CARTESIAN_POINT('Ctrl Pts',(-5.29951781695397,11.1995164158827,-1.20708215281467));
#1903=CARTESIAN_POINT('Ctrl Pts',(-5.29911408540814,11.2,-1.20827059202084));
#1904=CARTESIAN_POINT('',(-5.29999999999998,11.,-0.00318290676037544));
#1905=CARTESIAN_POINT('Ctrl Pts',(-5.2667228786619,11.,-0.482361360948562));
#1906=CARTESIAN_POINT('Ctrl Pts',(-5.28874497650126,11.,-0.323628522371222));
#1907=CARTESIAN_POINT('Ctrl Pts',(-5.30000000207255,11.,-0.163428200604889));
#1908=CARTESIAN_POINT('Ctrl Pts',(-5.29999999999998,11.,-0.00318290676037544));
#1909=CARTESIAN_POINT('',(-5.49999999999998,11.2,-0.00318290417363143));
#1910=CARTESIAN_POINT('Origin',(-5.29999999999998,11.2,-0.0031829067603753));
#1911=CARTESIAN_POINT('Ctrl Pts',(-5.49999999999998,11.2,-0.0031829041736303));
#1912=CARTESIAN_POINT('Ctrl Pts',(-5.50000000529563,11.2,-0.412628318985597));
#1913=CARTESIAN_POINT('Ctrl Pts',(-5.4304275764517,11.2,-0.821731313099425));
#1914=CARTESIAN_POINT('Ctrl Pts',(-5.29911408430865,11.2,-1.20827059525733));
#1915=CARTESIAN_POINT('Origin',(-5.29999999999949,11.2,1.10389865330795));
#1916=CARTESIAN_POINT('',(-5.29999999999943,11.,1.25185273638788));
#1917=CARTESIAN_POINT('',(-5.49999999999931,11.2,1.53469544886259));
#1918=CARTESIAN_POINT('Ctrl Pts',(-5.49999999999931,11.2,1.53469544886259));
#1919=CARTESIAN_POINT('Ctrl Pts',(-5.49999999999932,11.1743708066305,1.50330622572539));
#1920=CARTESIAN_POINT('Ctrl Pts',(-5.4948482309182,11.1464706165205,1.46921761095576));
#1921=CARTESIAN_POINT('Ctrl Pts',(-5.47193265010512,11.0939301914773,1.40329907479499));
#1922=CARTESIAN_POINT('Ctrl Pts',(-5.45422285906573,11.0691986867503,1.37152317432256));
#1923=CARTESIAN_POINT('Ctrl Pts',(-5.41649412841686,11.0361737600045,1.32563637347769));
#1924=CARTESIAN_POINT('Ctrl Pts',(-5.39698191514942,11.0233549248185,1.30670320547392));
#1925=CARTESIAN_POINT('Ctrl Pts',(-5.35166705886286,11.0052910527403,1.27438044179496));
#1926=CARTESIAN_POINT('Ctrl Pts',(-5.32587546244156,11.,1.26100109386748));
#1927=CARTESIAN_POINT('Ctrl Pts',(-5.29999999999943,11.,1.25185273638788));
#1928=CARTESIAN_POINT('',(-5.49999999999949,11.2,1.10389865330804));
#1929=CARTESIAN_POINT('',(-5.29999999999949,11.,1.10389865330795));
#1930=CARTESIAN_POINT('Origin',(-0.0660497954893668,11.,2.21098021078734));
#1931=CARTESIAN_POINT('',(-4.77224080243505,11.,0.0209235862724888));
#1932=CARTESIAN_POINT('Origin',(-4.35225935199214,11.,-0.886609102551371));
#1933=CARTESIAN_POINT('',(-3.95793300802743,11.,0.688730915815007));
#1934=CARTESIAN_POINT('Origin',(-5.65420184837548,11.,1.92674223282486));
#1935=CARTESIAN_POINT('',(-0.144676976350437,11.,2.69786367435156));
#1936=CARTESIAN_POINT('Origin',(0.,11.,-2.2));
#1937=CARTESIAN_POINT('',(-3.53636038397274,11.,3.34298600233667));
#1938=CARTESIAN_POINT('Origin',(2.10888164570155E-14,11.,12.696817048206));
#1939=CARTESIAN_POINT('',(-3.47171129570329,11.,2.81569742700939));
#1940=CARTESIAN_POINT('Origin',(-3.64245119549192,11.,3.06237107096059));
#1941=CARTESIAN_POINT('',(-4.9272292275574,11.,1.39616631138307));
#1942=CARTESIAN_POINT('Origin',(0.,11.,-2.2));
#1943=CARTESIAN_POINT('',(-4.97289907575567,11.,1.33867205687138));
#1944=CARTESIAN_POINT('Origin',(-5.65420184852568,11.,1.92674223287835));
#1945=CARTESIAN_POINT('Origin',(-5.1999999999993,11.,1.53469544886246));
#1946=CARTESIAN_POINT('Origin',(3.64245119549194,0.,3.06237107096058));
#1947=CARTESIAN_POINT('',(3.4717112957033,0.,2.81569742700938));
#1948=CARTESIAN_POINT('',(3.53636038397276,0.,3.34298600233666));
#1949=CARTESIAN_POINT('Origin',(0.,3.,-2.2));
#1950=CARTESIAN_POINT('',(4.92722346078544,3.,1.39617421261928));
#1951=CARTESIAN_POINT('Origin',(-3.64245119549192,0.,3.06237107096059));
#1952=CARTESIAN_POINT('',(-3.47171129570329,0.,2.81569742700939));
#1953=CARTESIAN_POINT('',(-3.53636038397274,0.,3.34298600233667));
#1954=CARTESIAN_POINT('Origin',(0.,3.,-2.2));
#1955=CARTESIAN_POINT('',(-4.9272292275574,3.,1.39616631138307));
#1956=CARTESIAN_POINT('Origin',(-5.1999999999993,3.,1.53469544886246));
#1957=CARTESIAN_POINT('',(-4.97289907575567,3.,1.33867205687138));
#1958=CARTESIAN_POINT('',(-5.49999999999931,3.,1.53469544886259));
#1959=CARTESIAN_POINT('Origin',(-5.65420184852568,3.,1.92674223287835));
#1960=CARTESIAN_POINT('Origin',(5.20000000000069,3.,1.53469544863229));
#1961=CARTESIAN_POINT('',(4.97289907581738,3.,1.33867205657132));
#1962=CARTESIAN_POINT('',(5.50000000000069,3.,1.53469544863216));
#1963=CARTESIAN_POINT('Origin',(5.65420184849895,3.,1.92674223286786));
#1964=CARTESIAN_POINT('Origin',(4.35225935202324,0.,-0.88660910246151));
#1965=CARTESIAN_POINT('',(4.77224080249646,0.,0.0209235863483262));
#1966=CARTESIAN_POINT('',(5.29911408545008,0.,-1.20827059189908));
#1967=CARTESIAN_POINT('Origin',(5.65420184849895,3.,1.92674223286786));
#1968=CARTESIAN_POINT('',(3.95794524090489,3.,0.688714155124534));
#1969=CARTESIAN_POINT('Origin',(-4.35225935199214,0.,-0.886609102551371));
#1970=CARTESIAN_POINT('',(-4.77224080243505,0.,0.0209235862724885));
#1971=CARTESIAN_POINT('',(-5.29911408540821,0.,-1.20827059202064));
#1972=CARTESIAN_POINT('Origin',(-5.65420184837548,3.,1.92674223282486));
#1973=CARTESIAN_POINT('',(-3.95793300802743,3.,0.688730915815007));
#1974=CARTESIAN_POINT('Origin',(2.10888164570155E-14,0.,12.696817048206));
#1975=CARTESIAN_POINT('',(-4.41860465115897,13.495690134841,3.72597913100133));
#1976=CARTESIAN_POINT('',(4.41860465116405,13.5819222121634,3.72597913100381));
#1977=CARTESIAN_POINT('Ctrl Pts',(-4.41860465115654,13.4956901348403,3.72597913100014));
#1978=CARTESIAN_POINT('Ctrl Pts',(-4.38967674616881,13.6370552371643,3.7117306319517));
#1979=CARTESIAN_POINT('Ctrl Pts',(-4.35492915385626,13.7766548589661,3.69469363415226));
#1980=CARTESIAN_POINT('Ctrl Pts',(-4.31456402685476,13.9140079482488,3.67529121371358));
#1981=CARTESIAN_POINT('Ctrl Pts',(-4.27368221221167,14.0531192047674,3.65564043555619));
#1982=CARTESIAN_POINT('Ctrl Pts',(-4.22703801965305,14.18992523837,3.63356345687635));
#1983=CARTESIAN_POINT('Ctrl Pts',(-4.17488753778038,14.3239152586184,3.6095255451459));
#1984=CARTESIAN_POINT('Ctrl Pts',(-4.1220389574077,14.4596989004939,3.58516585632885));
#1985=CARTESIAN_POINT('Ctrl Pts',(-4.06353563396761,14.5925897802888,3.55879271110605));
#1986=CARTESIAN_POINT('Ctrl Pts',(-3.99969234310718,14.722057748577,3.53091285096224));
#1987=CARTESIAN_POINT('Ctrl Pts',(-3.97569257096252,14.7707269461869,3.52043234029529));
#1988=CARTESIAN_POINT('Ctrl Pts',(-3.95093867551623,14.8189125207163,3.50973910917488));
#1989=CARTESIAN_POINT('Ctrl Pts',(-3.92544911596972,14.8665867376227,3.49886071267394));
#1990=CARTESIAN_POINT('Ctrl Pts',(-3.83509095475738,15.0355874835571,3.46029779035389));
#1991=CARTESIAN_POINT('Ctrl Pts',(-3.73542440203317,15.1982474685804,3.41938146111425));
#1992=CARTESIAN_POINT('Ctrl Pts',(-3.62721262092872,15.353751546828,3.37731351913081));
#1993=CARTESIAN_POINT('Ctrl Pts',(-3.51722244213189,15.5118112441688,3.33455421498528));
#1994=CARTESIAN_POINT('Ctrl Pts',(-3.39840398437041,15.6624790613885,3.29060473226916));
#1995=CARTESIAN_POINT('Ctrl Pts',(-3.27151121774492,15.8049056961165,3.24670149030848));
#1996=CARTESIAN_POINT('Ctrl Pts',(-3.14355681250572,15.9485239323761,3.20243093523632));
#1997=CARTESIAN_POINT('Ctrl Pts',(-3.00739234135637,16.0837636499089,3.15820671084112));
#1998=CARTESIAN_POINT('Ctrl Pts',(-2.8637427533888,16.2097432612023,3.11527899703589));
#1999=CARTESIAN_POINT('Ctrl Pts',(-2.81264642523578,16.2545543577764,3.10000955851897));
#2000=CARTESIAN_POINT('Ctrl Pts',(-2.7606026227733,16.2981936546086,3.08490405034942));
#2001=CARTESIAN_POINT('Ctrl Pts',(-2.70764257512675,16.3406207425966,3.07001849381059));
#2002=CARTESIAN_POINT('Ctrl Pts',(-2.64400318213837,16.3916032142107,3.05213127836193));
#2003=CARTESIAN_POINT('Ctrl Pts',(-2.57905177663773,16.4408421846544,3.03456472662429));
#2004=CARTESIAN_POINT('Ctrl Pts',(-2.51284160527628,16.4882602471939,3.01741541332349));
#2005=CARTESIAN_POINT('Ctrl Pts',(-2.32852064062408,16.6202662947467,2.96967383667855));
#2006=CARTESIAN_POINT('Ctrl Pts',(-2.13444279743717,16.7381631717336,2.92516375317266));
#2007=CARTESIAN_POINT('Ctrl Pts',(-1.93261096736217,16.8405438680872,2.88545959826836));
#2008=CARTESIAN_POINT('Ctrl Pts',(-1.73126929673698,16.9426759274157,2.84585186703873));
#2009=CARTESIAN_POINT('Ctrl Pts',(-1.52221073479572,17.0293667900612,2.81102682654707));
#2010=CARTESIAN_POINT('Ctrl Pts',(-1.30744725445652,17.0991834856169,2.78257552991884));
#2011=CARTESIAN_POINT('Ctrl Pts',(-1.26010885930225,17.1145725560369,2.77630426480285));
#2012=CARTESIAN_POINT('Ctrl Pts',(-1.21249339685725,17.1291416559924,2.77034277596548));
#2013=CARTESIAN_POINT('Ctrl Pts',(-1.16462260856761,17.1428752184988,2.76470827798689));
#2014=CARTESIAN_POINT('Ctrl Pts',(-1.08046110280176,17.1670201582703,2.75480228205375));
#2015=CARTESIAN_POINT('Ctrl Pts',(-0.995571399372727,17.18859812229,2.74591399090725));
#2016=CARTESIAN_POINT('Ctrl Pts',(-0.910060857831922,17.2075230388493,2.73813173925386));
#2017=CARTESIAN_POINT('Ctrl Pts',(-0.745720388664527,17.2438943400977,2.72317523371839));
#2018=CARTESIAN_POINT('Ctrl Pts',(-0.579084545651289,17.2704683437881,2.71230282358363));
#2019=CARTESIAN_POINT('Ctrl Pts',(-0.411386560232966,17.2871438824522,2.70552970139272));
#2020=CARTESIAN_POINT('Ctrl Pts',(-0.246156884167031,17.3035739775712,2.69885627128104));
#2021=CARTESIAN_POINT('Ctrl Pts',(-0.0798955564229732,17.310394446981,2.69616311669039));
#2022=CARTESIAN_POINT('Ctrl Pts',(0.0861781097175818,17.3074807749487,2.69747708459455));
#2023=CARTESIAN_POINT('Ctrl Pts',(0.211147605174965,17.3052882532067,2.69846583801853));
#2024=CARTESIAN_POINT('Ctrl Pts',(0.336010044995316,17.2975832030088,2.70172395087432));
#2025=CARTESIAN_POINT('Ctrl Pts',(0.460228335735136,17.2843039613834,2.70726348870191));
#2026=CARTESIAN_POINT('Ctrl Pts',(0.590659807178575,17.2703605154179,2.713080104481));
#2027=CARTESIAN_POINT('Ctrl Pts',(0.720450634667866,17.2504744236944,2.72141501570348));
#2028=CARTESIAN_POINT('Ctrl Pts',(0.84894557712978,17.2246032210929,2.73228621045258));
#2029=CARTESIAN_POINT('Ctrl Pts',(1.0154713679693,17.1910748783376,2.74637496965415));
#2030=CARTESIAN_POINT('Ctrl Pts',(1.17982035101869,17.1474925098117,2.76472436836497));
#2031=CARTESIAN_POINT('Ctrl Pts',(1.34099675437013,17.0944147535481,2.78666224626896));
#2032=CARTESIAN_POINT('Ctrl Pts',(1.50756057294299,17.0395628423459,2.80933341052808));
#2033=CARTESIAN_POINT('Ctrl Pts',(1.67073527157569,16.9745702784641,2.83583676995105));
#2034=CARTESIAN_POINT('Ctrl Pts',(1.82942149034882,16.9001053049598,2.86541070087267));
#2035=CARTESIAN_POINT('Ctrl Pts',(1.89666661695174,16.8685499083445,2.87794299727715));
#2036=CARTESIAN_POINT('Ctrl Pts',(1.96310580689439,16.8352941236296,2.89102646793688));
#2037=CARTESIAN_POINT('Ctrl Pts',(2.0286560130694,16.800391390854,2.90460228108479));
#2038=CARTESIAN_POINT('Ctrl Pts',(2.17846823270333,16.720622673507,2.93562922698934));
#2039=CARTESIAN_POINT('Ctrl Pts',(2.32377913674996,16.6322709475703,2.96925645269285));
#2040=CARTESIAN_POINT('Ctrl Pts',(2.4637116668468,16.5358748138124,3.00482463190502));
#2041=CARTESIAN_POINT('Ctrl Pts',(2.6348010195501,16.4180154989246,3.04831228094583));
#2042=CARTESIAN_POINT('Ctrl Pts',(2.7978519881014,16.2881304829924,3.09470242562432));
#2043=CARTESIAN_POINT('Ctrl Pts',(2.95189001929734,16.1473871190973,3.14236391332152));
#2044=CARTESIAN_POINT('Ctrl Pts',(3.10376709559701,16.0086182030639,3.1893567718211));
#2045=CARTESIAN_POINT('Ctrl Pts',(3.24688217869699,15.8592922614091,3.2375862322142));
#2046=CARTESIAN_POINT('Ctrl Pts',(3.38025446397831,15.7005263910758,3.28546992690719));
#2047=CARTESIAN_POINT('Ctrl Pts',(3.40387193200703,15.6724122453316,3.29394913700787));
#2048=CARTESIAN_POINT('Ctrl Pts',(3.4271837795709,15.6440021137833,3.30241744355037));
#2049=CARTESIAN_POINT('Ctrl Pts',(3.45018441447415,15.6153022397519,3.31086597764181));
#2050=CARTESIAN_POINT('Ctrl Pts',(3.58762289017915,15.4438084111518,3.36134952526357));
#2051=CARTESIAN_POINT('Ctrl Pts',(3.71401666303718,15.2617857491628,3.41115291728459));
#2052=CARTESIAN_POINT('Ctrl Pts',(3.82817897015742,15.0707377730997,3.45838824695506));
#2053=CARTESIAN_POINT('Ctrl Pts',(3.94551773549888,14.8743740677953,3.50693785499857));
#2054=CARTESIAN_POINT('Ctrl Pts',(4.0499348889272,14.6684773872894,3.55277368207636));
#2055=CARTESIAN_POINT('Ctrl Pts',(4.14019298881698,14.4546935623997,3.5938594550604));
#2056=CARTESIAN_POINT('Ctrl Pts',(4.18234593360934,14.3548508028126,3.61304760905945));
#2057=CARTESIAN_POINT('Ctrl Pts',(4.22141130890121,14.2532877843818,3.63119998086993));
#2058=CARTESIAN_POINT('Ctrl Pts',(4.25726657831907,14.1501714504207,3.64811065772313));
#2059=CARTESIAN_POINT('Ctrl Pts',(4.2993872478437,14.0290364235226,3.66797632998654));
#2060=CARTESIAN_POINT('Ctrl Pts',(4.33707514362531,13.9058006489687,3.6861269806944));
#2061=CARTESIAN_POINT('Ctrl Pts',(4.37015201815199,13.7808713041956,3.70223896069041));
#2062=CARTESIAN_POINT('Ctrl Pts',(4.38759081597638,13.7150060246912,3.71073352269851));
#2063=CARTESIAN_POINT('Ctrl Pts',(4.40374868888753,13.6486699857538,3.71866179625556));
#2064=CARTESIAN_POINT('Ctrl Pts',(4.41860465116404,13.5819222121634,3.72597913100381));
#2065=CARTESIAN_POINT('',(-4.41860465116153,0.,3.72597913100259));
#2066=CARTESIAN_POINT('',(4.41860465116405,0.,3.72597913100382));
#2067=CARTESIAN_POINT('',(0.144676976350451,3.,2.69786367435156));
#2068=CARTESIAN_POINT('',(-0.144676976350437,6.,2.69786367435156));
#2069=CARTESIAN_POINT('Origin',(0.,3.,-2.2));
#2070=CARTESIAN_POINT('Ctrl Pts',(1.97364014871641,14.219787816271,-4.22108778251875));
#2071=CARTESIAN_POINT('Ctrl Pts',(1.89209412551882,14.910792829066,-3.97523756788342));
#2072=CARTESIAN_POINT('Ctrl Pts',(1.62613071271455,16.1130195243514,-3.24764866904835));
#2073=CARTESIAN_POINT('Ctrl Pts',(1.16837990219476,17.0887160890112,-2.0704696181416));
#2074=CARTESIAN_POINT('Ctrl Pts',(0.807063759027675,17.5371645800139,-1.20447826429017));
#2075=CARTESIAN_POINT('Ctrl Pts',(0.615291061093981,17.7031318606384,-0.782518460548807));
#2076=CARTESIAN_POINT('Ctrl Pts',(0.499866873566986,17.781588821609,-0.551124247669962));
#2077=CARTESIAN_POINT('Ctrl Pts',(0.32480507263181,17.882457778332,-0.221650025169695));
#2078=CARTESIAN_POINT('Ctrl Pts',(-0.00427239800433786,17.9722273677569,
0.206160544462789));
#2079=CARTESIAN_POINT('Ctrl Pts',(-0.310423560055571,17.8780790634422,-0.237776214969599));
#2080=CARTESIAN_POINT('Ctrl Pts',(-0.486464106804332,17.7777719472745,-0.564042543016709));
#2081=CARTESIAN_POINT('Ctrl Pts',(-0.602297447093105,17.6991257552162,-0.797454924770224));
#2082=CARTESIAN_POINT('Ctrl Pts',(-0.806539100092865,17.5162816258397,-1.25024700437119));
#2083=CARTESIAN_POINT('Ctrl Pts',(-1.16572434448575,17.0603849942381,-2.11384038001721));
#2084=CARTESIAN_POINT('Ctrl Pts',(-1.48452396390595,16.3640150627155,-2.93529582546308));
#2085=CARTESIAN_POINT('Ctrl Pts',(-1.78482213633258,15.3113828047038,-3.73505376238627));
#2086=CARTESIAN_POINT('Ctrl Pts',(-1.90230188281612,14.6794544962569,-4.06382613544158));
#2087=CARTESIAN_POINT('Ctrl Pts',(-1.96110738833657,14.1575895484913,-4.24281818787735));
#2088=CARTESIAN_POINT('Ctrl Pts',(2.91966077312587,14.4713277398382,-4.13159328819053));
#2089=CARTESIAN_POINT('Ctrl Pts',(2.75435709264298,15.244908817928,-3.8184911037677));
#2090=CARTESIAN_POINT('Ctrl Pts',(2.2686971369367,16.4528098977244,-2.95199144212713));
#2091=CARTESIAN_POINT('Ctrl Pts',(1.58365295267336,17.2842867324735,-1.76695793553275));
#2092=CARTESIAN_POINT('Ctrl Pts',(1.08004717714797,17.6502922808604,-0.954203985799499));
#2093=CARTESIAN_POINT('Ctrl Pts',(0.818921029536488,17.7816637719898,-0.567039229061815));
#2094=CARTESIAN_POINT('Ctrl Pts',(0.663193646884352,17.8435592410922,-0.356719142314372));
#2095=CARTESIAN_POINT('Ctrl Pts',(0.428037756005349,17.9225390440513,-0.0587718591846159));
#2096=CARTESIAN_POINT('Ctrl Pts',(-0.00883106372008201,17.9920347965451,
0.323004747045986));
#2097=CARTESIAN_POINT('Ctrl Pts',(-0.415508754537727,17.9191960425191,-0.0733093600740104));
#2098=CARTESIAN_POINT('Ctrl Pts',(-0.65194919117014,17.8406110460002,-0.368401648158783));
#2099=CARTESIAN_POINT('Ctrl Pts',(-0.80817917281547,17.7786716671152,-0.580472552964035));
#2100=CARTESIAN_POINT('Ctrl Pts',(-1.08681819175079,17.6332716435111,-0.996649536840117));
#2101=CARTESIAN_POINT('Ctrl Pts',(-1.58813957227932,17.2619956878332,-1.80881803313875));
#2102=CARTESIAN_POINT('Ctrl Pts',(-2.06832980939722,16.662659719544,-2.63935070278194));
#2103=CARTESIAN_POINT('Ctrl Pts',(-2.57260355393888,15.6497946912411,-3.53001274172483));
#2104=CARTESIAN_POINT('Ctrl Pts',(-2.79439821272499,14.9886265190983,-3.93035135872819));
#2105=CARTESIAN_POINT('Ctrl Pts',(-2.91446929616824,14.4015752769594,-4.15913464773823));
#2106=CARTESIAN_POINT('Ctrl Pts',(4.5622977473307,14.6508285200587,-3.25311188228911));
#2107=CARTESIAN_POINT('Ctrl Pts',(4.25726074740708,15.5042714822009,-2.9437257265573));
#2108=CARTESIAN_POINT('Ctrl Pts',(3.39288718540831,16.7210698891885,-2.11973865178322));
#2109=CARTESIAN_POINT('Ctrl Pts',(2.31146445951769,17.4423204582895,-1.1262568013364));
#2110=CARTESIAN_POINT('Ctrl Pts',(1.55798137016451,17.7477766816701,-0.47287568267089));
#2111=CARTESIAN_POINT('Ctrl Pts',(1.17560607945978,17.8543550507384,-0.167370277487063));
#2112=CARTESIAN_POINT('Ctrl Pts',(0.949292642713303,17.9044017578508,-0.00218277181860268));
#2113=CARTESIAN_POINT('Ctrl Pts',(0.608951023937765,17.9678234445933,0.230911605477258));
#2114=CARTESIAN_POINT('Ctrl Pts',(-0.0169115961478736,18.0228996130413,
0.527261831121882));
#2115=CARTESIAN_POINT('Ctrl Pts',(-0.599624334304654,17.9651956308323,0.219604998612351));
#2116=CARTESIAN_POINT('Ctrl Pts',(-0.941858428362898,17.9020958761249,-0.0113414158928614));
#2117=CARTESIAN_POINT('Ctrl Pts',(-1.16877925853556,17.8520646645218,-0.177758561122216));
#2118=CARTESIAN_POINT('Ctrl Pts',(-1.57773766767969,17.7336916973378,-0.506997455500393));
#2119=CARTESIAN_POINT('Ctrl Pts',(-2.32768013901844,17.4240213559512,-1.15896106949138));
#2120=CARTESIAN_POINT('Ctrl Pts',(-3.0921486633171,16.9007481322011,-1.86247324037509));
#2121=CARTESIAN_POINT('Ctrl Pts',(-3.94611700949314,15.9135625077347,-2.66562184592448));
#2122=CARTESIAN_POINT('Ctrl Pts',(-4.34740858806487,15.2236391323802,-3.05395632216308));
#2123=CARTESIAN_POINT('Ctrl Pts',(-4.56960425564858,14.5736645488476,-3.28059794236923));
#2124=CARTESIAN_POINT('Ctrl Pts',(5.25820034073166,14.2787421306928,-1.62139066455472));
#2125=CARTESIAN_POINT('Ctrl Pts',(4.98700226887061,15.0677090118532,-1.46137613228473));
#2126=CARTESIAN_POINT('Ctrl Pts',(4.1595067533709,16.336497855917,-1.01393149824433));
#2127=CARTESIAN_POINT('Ctrl Pts',(2.92024320718189,17.2520350042281,-0.39145879539195));
#2128=CARTESIAN_POINT('Ctrl Pts',(1.99411407530272,17.659712070996,0.0434813063046754));
#2129=CARTESIAN_POINT('Ctrl Pts',(1.51136797538045,17.8075956237164,0.251475209244022));
#2130=CARTESIAN_POINT('Ctrl Pts',(1.22293271120668,17.8772914526421,0.364848775487065));
#2131=CARTESIAN_POINT('Ctrl Pts',(0.786971833760137,17.9664594181847,0.525633955934786));
#2132=CARTESIAN_POINT('Ctrl Pts',(-0.0249198582748382,18.0451184480956,
0.732532166423551));
#2133=CARTESIAN_POINT('Ctrl Pts',(-0.780573492949042,17.9626411306804,0.517797787501291));
#2134=CARTESIAN_POINT('Ctrl Pts',(-1.21893689127988,17.8739501025342,0.358535916413936));
#2135=CARTESIAN_POINT('Ctrl Pts',(-1.50832351219986,17.8041509807567,0.244244379224562));
#2136=CARTESIAN_POINT('Ctrl Pts',(-2.02322588656751,17.6407911402195,0.0205951876520725));
#2137=CARTESIAN_POINT('Ctrl Pts',(-2.94491531503568,17.2266703362306,-0.413126894937871));
#2138=CARTESIAN_POINT('Ctrl Pts',(-3.81217759254656,16.5693979617081,-0.850939837970328));
#2139=CARTESIAN_POINT('Ctrl Pts',(-4.69232893906561,15.4921844723434,-1.31170688556327));
#2140=CARTESIAN_POINT('Ctrl Pts',(-5.06584451351575,14.8055412368786,-1.51869657005509));
#2141=CARTESIAN_POINT('Ctrl Pts',(-5.26236896512368,14.2076060564002,-1.63560535760176));
#2142=CARTESIAN_POINT('Ctrl Pts',(5.3264467535516,14.0509126433249,-0.923576756499323));
#2143=CARTESIAN_POINT('Ctrl Pts',(5.1056758126996,14.7879203218491,-0.826721703214973));
#2144=CARTESIAN_POINT('Ctrl Pts',(4.38562852437585,16.0701835317326,-0.540081068508599));
#2145=CARTESIAN_POINT('Ctrl Pts',(3.14635193979789,17.1108356930754,-0.0763200753774517));
#2146=CARTESIAN_POINT('Ctrl Pts',(2.16815457658943,17.589138997931,0.264845535746685));
#2147=CARTESIAN_POINT('Ctrl Pts',(1.64896507730553,17.7661553117624,0.431080653075512));
#2148=CARTESIAN_POINT('Ctrl Pts',(1.33647520375683,17.8498354321643,0.522240625627551));
#2149=CARTESIAN_POINT('Ctrl Pts',(0.862527401225017,17.957419594729,0.652040159963592));
#2150=CARTESIAN_POINT('Ctrl Pts',(-0.0283896534240671,18.0531654655679,
0.820580242707963));
#2151=CARTESIAN_POINT('Ctrl Pts',(-0.857237921416425,17.9527493731878,0.645687092610534));
#2152=CARTESIAN_POINT('Ctrl Pts',(-1.33383549919966,17.845764454906,0.517151339104014));
#2153=CARTESIAN_POINT('Ctrl Pts',(-1.64743307900583,17.7618825056286,0.425196289540637));
#2154=CARTESIAN_POINT('Ctrl Pts',(-2.20037999322472,17.5668657910921,0.246814501013275));
#2155=CARTESIAN_POINT('Ctrl Pts',(-3.17280833780066,17.0806184963805,-0.0934064035659109));
#2156=CARTESIAN_POINT('Ctrl Pts',(-4.03589999037721,16.3378887373741,-0.417026665835666));
#2157=CARTESIAN_POINT('Ctrl Pts',(-4.84890235962981,15.2151789994535,-0.732098986232734));
#2158=CARTESIAN_POINT('Ctrl Pts',(-5.16695728303645,14.5411809719742,-0.861622020239136));
#2159=CARTESIAN_POINT('Ctrl Pts',(-5.32616243212842,13.9845736152488,-0.932137658396522));
#2160=CARTESIAN_POINT('',(-5.14945634741029,14.3200477155259,-1.57096595241447));
#2161=CARTESIAN_POINT('',(-1.59662503482066,15.9590964794008,-3.2348959063324));
#2162=CARTESIAN_POINT('Ctrl Pts',(-5.14945634741028,14.3200477155259,-1.57096595241448));
#2163=CARTESIAN_POINT('Ctrl Pts',(-5.02564486093077,14.5092952804884,-1.81531673893631));
#2164=CARTESIAN_POINT('Ctrl Pts',(-4.85907090455389,14.6909824597288,-2.04227778870786));
#2165=CARTESIAN_POINT('Ctrl Pts',(-4.38674104937967,15.0826743474461,-2.51134905772498));
#2166=CARTESIAN_POINT('Ctrl Pts',(-4.05895303746779,15.2797744425702,-2.73120221006342));
#2167=CARTESIAN_POINT('Ctrl Pts',(-3.32148072583486,15.6069939075883,-3.05898203822177));
#2168=CARTESIAN_POINT('Ctrl Pts',(-2.91993287036392,15.7350249590395,-3.16543744466896));
#2169=CARTESIAN_POINT('Ctrl Pts',(-2.20606691279166,15.8887337708615,-3.24928372915797));
#2170=CARTESIAN_POINT('Ctrl Pts',(-1.90663912874828,15.9329339366634,-3.25559235156869));
#2171=CARTESIAN_POINT('Ctrl Pts',(-1.60289272975971,15.9585735866892,-3.23532272944814));
#2172=CARTESIAN_POINT('Ctrl Pts',(-1.59975887080895,15.9588360622751,-3.2351107440875));
#2173=CARTESIAN_POINT('Ctrl Pts',(-1.59662503482066,15.9590964794008,-3.2348959063324));
#2174=CARTESIAN_POINT('',(-5.32616243212842,13.9845736152488,-0.932137658396392));
#2175=CARTESIAN_POINT('Ctrl Pts',(-5.14945634741028,14.3200477155259,-1.57096595241447));
#2176=CARTESIAN_POINT('Ctrl Pts',(-5.23345034047266,14.2114396217607,-1.36761382234974));
#2177=CARTESIAN_POINT('Ctrl Pts',(-5.29247753579097,14.0999991696812,-1.15591234206275));
#2178=CARTESIAN_POINT('Ctrl Pts',(-5.32536601407522,13.9873437097762,-0.937510541353279));
#2179=CARTESIAN_POINT('Ctrl Pts',(-5.32576628592199,13.9859586074686,-0.934824430165192));
#2180=CARTESIAN_POINT('Ctrl Pts',(-5.32616243212842,13.9845736152488,-0.932137658396391));
#2181=CARTESIAN_POINT('',(-0.294018831300565,18.,0.727821812564283));
#2182=CARTESIAN_POINT('Ctrl Pts',(-0.29405384295279,17.9998738694425,0.72799213777404));
#2183=CARTESIAN_POINT('Ctrl Pts',(-0.593596842956768,17.9831614652918,0.700449223208322));
#2184=CARTESIAN_POINT('Ctrl Pts',(-0.929952201140856,17.9364267319557,0.626076450066911));
#2185=CARTESIAN_POINT('Ctrl Pts',(-1.33383549919966,17.845764454906,0.517151339104014));
#2186=CARTESIAN_POINT('Ctrl Pts',(-1.64743307900583,17.7618825056286,0.425196289540637));
#2187=CARTESIAN_POINT('Ctrl Pts',(-2.20037999322472,17.5668657910921,0.246814501013275));
#2188=CARTESIAN_POINT('Ctrl Pts',(-3.17280833780066,17.0806184963805,-0.0934064035659109));
#2189=CARTESIAN_POINT('Ctrl Pts',(-4.03589999037721,16.3378887373741,-0.417026665835666));
#2190=CARTESIAN_POINT('Ctrl Pts',(-4.84890235962981,15.2151789994535,-0.732098986232734));
#2191=CARTESIAN_POINT('Ctrl Pts',(-5.16695728303645,14.5411809719742,-0.861622020239136));
#2192=CARTESIAN_POINT('Ctrl Pts',(-5.32616243212842,13.9845736152488,-0.932137658396522));
#2193=CARTESIAN_POINT('',(0.313725677350717,18.0000000000002,0.727821812565035));
#2194=CARTESIAN_POINT('Ctrl Pts',(-0.294018831300549,18.,0.727821812564245));
#2195=CARTESIAN_POINT('Ctrl Pts',(-0.294018831300549,18.,0.723702516927861));
#2196=CARTESIAN_POINT('Ctrl Pts',(-0.293888938809886,18.,0.719585130945521));
#2197=CARTESIAN_POINT('Ctrl Pts',(-0.292016205452353,18.,0.690153740806434));
#2198=CARTESIAN_POINT('Ctrl Pts',(-0.285453332693302,18.0000000000002,0.665694719895742));
#2199=CARTESIAN_POINT('Ctrl Pts',(-0.261780555852815,18.0000000000002,0.617844156005906));
#2200=CARTESIAN_POINT('Ctrl Pts',(-0.244240144008408,18.,0.595958868298053));
#2201=CARTESIAN_POINT('Ctrl Pts',(-0.194296903980172,18.,0.552214340584695));
#2202=CARTESIAN_POINT('Ctrl Pts',(-0.159625188615095,18.,0.533969400101832));
#2203=CARTESIAN_POINT('Ctrl Pts',(-0.0868044727916671,18.,0.509361352523921));
#2204=CARTESIAN_POINT('Ctrl Pts',(-0.0479291387740374,17.9999999999996,
0.502729798603651));
#2205=CARTESIAN_POINT('Ctrl Pts',(-0.00579709186434911,17.9999999999996,
0.500909713286542));
#2206=CARTESIAN_POINT('Ctrl Pts',(-0.00205545899352746,18.,0.500795043048514));
#2207=CARTESIAN_POINT('Ctrl Pts',(0.00329850729757259,18.,0.500697832431307));
#2208=CARTESIAN_POINT('Ctrl Pts',(0.00491085677109158,18.,0.500677232503725));
#2209=CARTESIAN_POINT('Ctrl Pts',(0.00754423112974913,18.,0.500657743608595));
#2210=CARTESIAN_POINT('Ctrl Pts',(0.00856528322014071,18.,0.500653662637541));
#2211=CARTESIAN_POINT('Ctrl Pts',(0.0107106173816574,18.,0.500652389318167));
#2212=CARTESIAN_POINT('Ctrl Pts',(0.0118349309497028,18.,0.500655935292738));
#2213=CARTESIAN_POINT('Ctrl Pts',(0.0145189930221886,18.,0.500674460443976));
#2214=CARTESIAN_POINT('Ctrl Pts',(0.0160787797714072,18.,0.500693337135171));
#2215=CARTESIAN_POINT('Ctrl Pts',(0.0213328096765321,18.,0.500784266201581));
#2216=CARTESIAN_POINT('Ctrl Pts',(0.0250270819609547,18.,0.500893753373295));
#2217=CARTESIAN_POINT('Ctrl Pts',(0.0460026169499987,18.,0.501775270730467));
#2218=CARTESIAN_POINT('Ctrl Pts',(0.0633086468309861,18.,0.503505766216042));
#2219=CARTESIAN_POINT('Ctrl Pts',(0.112254807697904,18.,0.511454013898701));
#2220=CARTESIAN_POINT('Ctrl Pts',(0.143892562276202,18.0000000000036,0.520353631447304));
#2221=CARTESIAN_POINT('Ctrl Pts',(0.203339348940693,18.0000000000036,0.547039528022505));
#2222=CARTESIAN_POINT('Ctrl Pts',(0.231281728501089,18.,0.565101611307192));
#2223=CARTESIAN_POINT('Ctrl Pts',(0.273387472499372,18.,0.607356922659829));
#2224=CARTESIAN_POINT('Ctrl Pts',(0.288653395980026,18.,0.629375296509786));
#2225=CARTESIAN_POINT('Ctrl Pts',(0.308787852837535,18.,0.677532354939235));
#2226=CARTESIAN_POINT('Ctrl Pts',(0.313725677355006,18.,0.702423856622468));
#2227=CARTESIAN_POINT('Ctrl Pts',(0.313725677355006,18.,0.727821812564244));
#2228=CARTESIAN_POINT('',(5.3264467535516,14.0509126433249,-0.923576756499328));
#2229=CARTESIAN_POINT('Ctrl Pts',(0.313560794536171,17.9996170091888,0.727239206266557));
#2230=CARTESIAN_POINT('Ctrl Pts',(0.370365916927577,17.9964427897421,0.722004586658586));
#2231=CARTESIAN_POINT('Ctrl Pts',(0.426245734571563,17.9924777937262,0.715578231935447));
#2232=CARTESIAN_POINT('Ctrl Pts',(0.481099516772827,17.9878263314005,0.708167546152245));
#2233=CARTESIAN_POINT('Ctrl Pts',(0.522665198785068,17.9843016664428,0.702552068123274));
#2234=CARTESIAN_POINT('Ctrl Pts',(0.56364161886791,17.9803824380045,0.696370283275542));
#2235=CARTESIAN_POINT('Ctrl Pts',(0.603980374481683,17.9761093884739,0.689693663910771));
#2236=CARTESIAN_POINT('Ctrl Pts',(0.691561397041539,17.9668320064218,0.67519779902073));
#2237=CARTESIAN_POINT('Ctrl Pts',(0.777601601576074,17.9557293398927,0.658478146095147));
#2238=CARTESIAN_POINT('Ctrl Pts',(0.861205066464271,17.9430468719467,0.640389158812689));
#2239=CARTESIAN_POINT('Ctrl Pts',(0.941539412593006,17.9308603223689,0.623007499243787));
#2240=CARTESIAN_POINT('Ctrl Pts',(1.0196232643635,17.9172150749825,0.604362664086194));
#2241=CARTESIAN_POINT('Ctrl Pts',(1.09463035204174,17.9023398550347,0.585243423825765));
#2242=CARTESIAN_POINT('Ctrl Pts',(1.16815970409336,17.8877576959582,0.566500857068618));
#2243=CARTESIAN_POINT('Ctrl Pts',(1.23872566570988,17.8719940424677,0.547304501197488));
#2244=CARTESIAN_POINT('Ctrl Pts',(1.30877922325654,17.8550122299616,0.52765031409178));
#2245=CARTESIAN_POINT('Ctrl Pts',(1.31753601652038,17.8528894795037,0.52519351304868));
#2246=CARTESIAN_POINT('Ctrl Pts',(1.32628486906843,17.8507477019566,0.522729552819296));
#2247=CARTESIAN_POINT('Ctrl Pts',(1.33503062233692,17.8485868320606,0.520258420696959));
#2248=CARTESIAN_POINT('Ctrl Pts',(1.41344375965558,17.8292127904339,0.498102613587757));
#2249=CARTESIAN_POINT('Ctrl Pts',(1.49161032328642,17.8083029437195,0.475370625943428));
#2250=CARTESIAN_POINT('Ctrl Pts',(1.56858652530941,17.7858917594072,0.452306463575949));
#2251=CARTESIAN_POINT('Ctrl Pts',(1.66733966788703,17.7571403424554,0.422717337913074));
#2252=CARTESIAN_POINT('Ctrl Pts',(1.76413046349525,17.725916430011,0.392583159619827));
#2253=CARTESIAN_POINT('Ctrl Pts',(1.85944289099766,17.6922186171776,0.362077944083403));
#2254=CARTESIAN_POINT('Ctrl Pts',(1.8876365714594,17.6822507106603,0.353054416703106));
#2255=CARTESIAN_POINT('Ctrl Pts',(1.91570084418345,17.6720666119973,0.343998226038602));
#2256=CARTESIAN_POINT('Ctrl Pts',(1.94364810381533,17.6616669980315,0.334913343448229));
#2257=CARTESIAN_POINT('Ctrl Pts',(1.96797270030979,17.6526154338801,0.327006088636089));
#2258=CARTESIAN_POINT('Ctrl Pts',(1.99220259888,17.6434028891073,0.31908473170822));
#2259=CARTESIAN_POINT('Ctrl Pts',(2.01634912588261,17.6340290270653,0.311153097902853));
#2260=CARTESIAN_POINT('Ctrl Pts',(2.1906883581919,17.5663492355995,0.253886272390574));
#2261=CARTESIAN_POINT('Ctrl Pts',(2.36068178730176,17.4902641460651,0.19608379737402));
#2262=CARTESIAN_POINT('Ctrl Pts',(2.52665302024832,17.4057491473129,0.138393303036936));
#2263=CARTESIAN_POINT('Ctrl Pts',(2.6382454829088,17.3489246201038,0.0996045068047088));
#2264=CARTESIAN_POINT('Ctrl Pts',(2.74801956516461,17.2882882164376,0.0608662135457227));
#2265=CARTESIAN_POINT('Ctrl Pts',(2.85607211535288,17.2238192416003,0.0223766113805233));
#2266=CARTESIAN_POINT('Ctrl Pts',(3.00795415474187,17.1331996369863,-0.031725575582538));
#2267=CARTESIAN_POINT('Ctrl Pts',(3.15643540547368,17.0350096472292,-0.0853372689896258));
#2268=CARTESIAN_POINT('Ctrl Pts',(3.30103494623615,16.9287951063715,-0.138145971544018));
#2269=CARTESIAN_POINT('Ctrl Pts',(3.43807881533877,16.8281305291719,-0.188195293154466));
#2270=CARTESIAN_POINT('Ctrl Pts',(3.57163664967234,16.7202580285898,-0.237523549723088));
#2271=CARTESIAN_POINT('Ctrl Pts',(3.70128394602348,16.6047495262124,-0.285849162767983));
#2272=CARTESIAN_POINT('Ctrl Pts',(3.76958240119317,16.5438994160027,-0.311307192429901));
#2273=CARTESIAN_POINT('Ctrl Pts',(3.83679529170153,16.4809294540397,-0.336486685256725));
#2274=CARTESIAN_POINT('Ctrl Pts',(3.90285785663822,16.415772268595,-0.361344306990841));
#2275=CARTESIAN_POINT('Ctrl Pts',(4.02563594301826,16.2946768410942,-0.407542501556835));
#2276=CARTESIAN_POINT('Ctrl Pts',(4.14407483883019,16.1663911592878,-0.452546317363349));
#2277=CARTESIAN_POINT('Ctrl Pts',(4.25784034367885,16.0305580180211,-0.496127661490338));
#2278=CARTESIAN_POINT('Ctrl Pts',(4.27795246146483,16.0065446570288,-0.503832221211841));
#2279=CARTESIAN_POINT('Ctrl Pts',(4.29791847017372,15.9822952948445,-0.51149230030722));
#2280=CARTESIAN_POINT('Ctrl Pts',(4.31773645273046,15.9578078025523,-0.519106605141208));
#2281=CARTESIAN_POINT('Ctrl Pts',(4.42484986143982,15.8254563503978,-0.560260851966545));
#2282=CARTESIAN_POINT('Ctrl Pts',(4.52764094105451,15.6861519834518,-0.600078856256686));
#2283=CARTESIAN_POINT('Ctrl Pts',(4.62507664958211,15.5400616416878,-0.63818389338156));
#2284=CARTESIAN_POINT('Ctrl Pts',(4.71796639379116,15.4007872967588,-0.674511100368547));
#2285=CARTESIAN_POINT('Ctrl Pts',(4.80598959115019,15.2553447905739,-0.709281678016503));
#2286=CARTESIAN_POINT('Ctrl Pts',(4.88822253216459,15.103845400173,-0.742156372140294));
#2287=CARTESIAN_POINT('Ctrl Pts',(4.96733102613003,14.9581022410027,-0.773781989680255));
#2288=CARTESIAN_POINT('Ctrl Pts',(5.04108142942718,14.8067532058547,-0.803653182763734));
#2289=CARTESIAN_POINT('Ctrl Pts',(5.10861518040328,14.6498737607523,-0.831453264934319));
#2290=CARTESIAN_POINT('Ctrl Pts',(5.157604639436,14.536072305364,-0.851619640515677));
#2291=CARTESIAN_POINT('Ctrl Pts',(5.2032976670727,14.4194041654372,-0.870701388270741));
#2292=CARTESIAN_POINT('Ctrl Pts',(5.24530291038664,14.300106684803,-0.888564858418731));
#2293=CARTESIAN_POINT('Ctrl Pts',(5.27412461570441,14.2182512648429,-0.900821796646898));
#2294=CARTESIAN_POINT('Ctrl Pts',(5.30121084843711,14.1351585851691,-0.912505440115427));
#2295=CARTESIAN_POINT('Ctrl Pts',(5.3264467535516,14.0509126433249,-0.923576756499324));
#2296=CARTESIAN_POINT('',(5.18969243969819,14.3784731977837,-1.31018324810077));
#2297=CARTESIAN_POINT('Ctrl Pts',(5.18969243969819,14.3784731977837,-1.31018324810076));
#2298=CARTESIAN_POINT('Ctrl Pts',(5.24539791875039,14.2794515909351,-1.17580851551996));
#2299=CARTESIAN_POINT('Ctrl Pts',(5.29068476194494,14.1702982033616,-1.04526679580689));
#2300=CARTESIAN_POINT('Ctrl Pts',(5.3264467535516,14.0509126433249,-0.923576756499328));
#2301=CARTESIAN_POINT('',(1.60817397002226,15.9850483894551,-3.21335856264056));
#2302=CARTESIAN_POINT('Ctrl Pts',(1.60817397002226,15.9850483894551,-3.21335856264056));
#2303=CARTESIAN_POINT('Ctrl Pts',(1.61154530995242,15.9849280207597,-3.2134590508911));
#2304=CARTESIAN_POINT('Ctrl Pts',(1.61491661480711,15.9848048367484,-3.21355591582897));
#2305=CARTESIAN_POINT('Ctrl Pts',(2.22444828450884,15.9621516930913,-3.23065805031981));
#2306=CARTESIAN_POINT('Ctrl Pts',(3.14867162226321,15.7961124355601,-3.09197250228439));
#2307=CARTESIAN_POINT('Ctrl Pts',(4.44928150758357,15.2234141259604,-2.42592752561505));
#2308=CARTESIAN_POINT('Ctrl Pts',(4.99224070233859,14.7294618014377,-1.78648333306028));
#2309=CARTESIAN_POINT('Ctrl Pts',(5.18969243969819,14.3784731977837,-1.31018324810077));
#2310=CARTESIAN_POINT('Ctrl Pts',(1.60825101111028,15.9849558707147,-3.21307775791924));
#2311=CARTESIAN_POINT('Ctrl Pts',(1.60586364439312,15.9925288892181,-3.20676768644366));
#2312=CARTESIAN_POINT('Ctrl Pts',(1.44580978745677,16.4973738570297,-2.78392471537026));
#2313=CARTESIAN_POINT('Ctrl Pts',(1.16837990219476,17.0887160890112,-2.0704696181416));
#2314=CARTESIAN_POINT('Ctrl Pts',(0.807063759027675,17.5371645800139,-1.20447826429017));
#2315=CARTESIAN_POINT('Ctrl Pts',(0.615291061093981,17.7031318606384,-0.782518460548807));
#2316=CARTESIAN_POINT('Ctrl Pts',(0.499866873566986,17.781588821609,-0.551124247669962));
#2317=CARTESIAN_POINT('Ctrl Pts',(0.32480507263181,17.882457778332,-0.221650025169695));
#2318=CARTESIAN_POINT('Ctrl Pts',(-0.00427239800433786,17.9722273677569,
0.206160544462789));
#2319=CARTESIAN_POINT('Ctrl Pts',(-0.310423560055571,17.8780790634422,-0.237776214969599));
#2320=CARTESIAN_POINT('Ctrl Pts',(-0.486464106804332,17.7777719472745,-0.564042543016709));
#2321=CARTESIAN_POINT('Ctrl Pts',(-0.602297447093105,17.6991257552162,-0.797454924770224));
#2322=CARTESIAN_POINT('Ctrl Pts',(-0.806539100092865,17.5162816258397,-1.25024700437119));
#2323=CARTESIAN_POINT('Ctrl Pts',(-1.16572434448575,17.0603849942381,-2.11384038001721));
#2324=CARTESIAN_POINT('Ctrl Pts',(-1.43946178384298,16.4624466333108,-2.81918347481564));
#2325=CARTESIAN_POINT('Ctrl Pts',(-1.59636056495961,15.9602160594258,-3.23391183092637));
#2326=CARTESIAN_POINT('Ctrl Pts',(-1.59677324328722,15.9588937948759,-3.23500274220888));
#2327=CARTESIAN_POINT('Ctrl Pts',(5.18969243969819,14.3784731977837,-1.31018324810076));
#2328=CARTESIAN_POINT('Ctrl Pts',(5.24539791875039,14.2794515909351,-1.17580851551996));
#2329=CARTESIAN_POINT('Ctrl Pts',(5.29068476194494,14.1702982033616,-1.04526679580689));
#2330=CARTESIAN_POINT('Ctrl Pts',(5.3264467535516,14.0509126433249,-0.923576756499328));
#2331=CARTESIAN_POINT('Ctrl Pts',(5.2111137268227,14.3003968474637,-1.38067679041965));
#2332=CARTESIAN_POINT('Ctrl Pts',(5.26578510754424,14.2059502365961,-1.24698529988079));
#2333=CARTESIAN_POINT('Ctrl Pts',(5.31019754397148,14.1018659307732,-1.11719898924201));
#2334=CARTESIAN_POINT('Ctrl Pts',(5.34530798949529,13.9879474919182,-0.996370256012273));
#2335=CARTESIAN_POINT('Ctrl Pts',(5.2092747048896,14.2133244082929,-1.44815395763338));
#2336=CARTESIAN_POINT('Ctrl Pts',(5.26392765578622,14.1245474010994,-1.31634920562308));
#2337=CARTESIAN_POINT('Ctrl Pts',(5.30858363166568,14.0265533671646,-1.18829946880779));
#2338=CARTESIAN_POINT('Ctrl Pts',(5.34412807290216,13.919014404085,-1.06912620112339));
#2339=CARTESIAN_POINT('Ctrl Pts',(5.18436401621033,14.1261875552515,-1.50569310918771));
#2340=CARTESIAN_POINT('Ctrl Pts',(5.24000556445855,14.0430933700101,-1.37717127189161));
#2341=CARTESIAN_POINT('Ctrl Pts',(5.28598802850381,13.9511965109659,-1.25207611054336));
#2342=CARTESIAN_POINT('Ctrl Pts',(5.32300854694455,13.8500457350923,-1.13558324292518));
#2343=CARTESIAN_POINT('',(5.32300854574964,13.8500457350923,-1.13558324668521));
#2344=CARTESIAN_POINT('Origin',(4.65588543258456,13.8500457350923,-0.923576756499325));
#2345=CARTESIAN_POINT('',(5.1843640162103,14.126187555252,-1.50569310918776));
#2346=CARTESIAN_POINT('Ctrl Pts',(5.32300854623531,13.8500457370301,-1.13558324515694));
#2347=CARTESIAN_POINT('Ctrl Pts',(5.28598802791653,13.9511965121396,-1.25207611214107));
#2348=CARTESIAN_POINT('Ctrl Pts',(5.24000556410322,14.0430933705408,-1.37717127271235));
#2349=CARTESIAN_POINT('Ctrl Pts',(5.18436401621033,14.1261875552515,-1.50569310918771));
#2350=CARTESIAN_POINT('Origin',(4.54198166459842,14.1261875552515,-1.22758357260624));
#2351=CARTESIAN_POINT('Ctrl Pts',(1.60817397002226,15.9850483894551,-3.21335856264056));
#2352=CARTESIAN_POINT('Ctrl Pts',(1.61154530995242,15.9849280207597,-3.2134590508911));
#2353=CARTESIAN_POINT('Ctrl Pts',(1.61491661480711,15.9848048367484,-3.21355591582897));
#2354=CARTESIAN_POINT('Ctrl Pts',(2.22444828450884,15.9621516930913,-3.23065805031981));
#2355=CARTESIAN_POINT('Ctrl Pts',(3.14867162226321,15.7961124355601,-3.09197250228439));
#2356=CARTESIAN_POINT('Ctrl Pts',(4.44928150758357,15.2234141259604,-2.42592752561505));
#2357=CARTESIAN_POINT('Ctrl Pts',(4.99224070233859,14.7294618014377,-1.78648333306028));
#2358=CARTESIAN_POINT('Ctrl Pts',(5.18969243969819,14.3784731977837,-1.31018324810077));
#2359=CARTESIAN_POINT('Ctrl Pts',(1.60817397002226,15.9850483894551,-3.21335856264056));
#2360=CARTESIAN_POINT('Ctrl Pts',(1.6115319054874,15.9848332235755,-3.21353863057362));
#2361=CARTESIAN_POINT('Ctrl Pts',(1.61489336296021,15.9846151870538,-3.21371387786934));
#2362=CARTESIAN_POINT('Ctrl Pts',(2.22196586479079,15.9448751026331,-3.2451759714079));
#2363=CARTESIAN_POINT('Ctrl Pts',(3.14541054402785,15.7610022517836,-3.12732405377576));
#2364=CARTESIAN_POINT('Ctrl Pts',(4.45491905815178,15.1659929764171,-2.48655074672324));
#2365=CARTESIAN_POINT('Ctrl Pts',(5.00749472382775,14.6601475279788,-1.85503821380459));
#2366=CARTESIAN_POINT('Ctrl Pts',(5.21111372682264,14.3003968474638,-1.38067679041966));
#2367=CARTESIAN_POINT('Ctrl Pts',(1.60817397002226,15.9850483894551,-3.21335856264056));
#2368=CARTESIAN_POINT('Ctrl Pts',(1.61151977394096,15.9847388868395,-3.21361747487979));
#2369=CARTESIAN_POINT('Ctrl Pts',(1.61486847815955,15.9844249523455,-3.21387258830859));
#2370=CARTESIAN_POINT('Ctrl Pts',(2.21976624467045,15.9276561977623,-3.25956539800087));
#2371=CARTESIAN_POINT('Ctrl Pts',(3.14138177819131,15.7227461922905,-3.15904530074796));
#2372=CARTESIAN_POINT('Ctrl Pts',(4.45088229820469,15.100163787349,-2.5398203869352));
#2373=CARTESIAN_POINT('Ctrl Pts',(5.00467372204025,14.5811186125346,-1.9174960793396));
#2374=CARTESIAN_POINT('Ctrl Pts',(5.20927470488953,14.2133244082933,-1.44815395763341));
#2375=CARTESIAN_POINT('Ctrl Pts',(1.60817397002226,15.9850483894551,-3.21335856264056));
#2376=CARTESIAN_POINT('Ctrl Pts',(1.61150830423254,15.9846434125517,-3.21369665237736));
#2377=CARTESIAN_POINT('Ctrl Pts',(1.61484272407768,15.9842359808446,-3.21403081954063));
#2378=CARTESIAN_POINT('Ctrl Pts',(2.21771102422162,15.9102256564613,-3.27399768213649));
#2379=CARTESIAN_POINT('Ctrl Pts',(3.13663844049658,15.6816638327146,-3.1868780708888));
#2380=CARTESIAN_POINT('Ctrl Pts',(4.43739684743631,15.0296883927321,-2.5826745912126));
#2381=CARTESIAN_POINT('Ctrl Pts',(4.98404593071873,14.4993124355221,-1.9683913841553));
#2382=CARTESIAN_POINT('Ctrl Pts',(5.1843640162103,14.126187555252,-1.50569310918776));
#2383=CARTESIAN_POINT('Ctrl Pts',(5.1843640162103,14.126187555252,-1.50569310918776));
#2384=CARTESIAN_POINT('Ctrl Pts',(4.98404593071873,14.4993124355221,-1.9683913841553));
#2385=CARTESIAN_POINT('Ctrl Pts',(4.43739684743631,15.0296883927321,-2.5826745912126));
#2386=CARTESIAN_POINT('Ctrl Pts',(3.13663844049658,15.6816638327146,-3.1868780708888));
#2387=CARTESIAN_POINT('Ctrl Pts',(2.21771102422162,15.9102256564613,-3.27399768213649));
#2388=CARTESIAN_POINT('Ctrl Pts',(1.61484272407768,15.9842359808446,-3.21403081954063));
#2389=CARTESIAN_POINT('Ctrl Pts',(1.61150830423254,15.9846434125517,-3.21369665237736));
#2390=CARTESIAN_POINT('Ctrl Pts',(1.60817397002226,15.9850483894551,-3.21335856264056));
#2391=CARTESIAN_POINT('Ctrl Pts',(-1.97492220625448,16.9708448498009,-2.154276421458));
#2392=CARTESIAN_POINT('Ctrl Pts',(-1.96472614532521,16.9262064124062,-2.21628008314755));
#2393=CARTESIAN_POINT('Ctrl Pts',(-1.94043121353255,16.8366523475002,-2.33553061730575));
#2394=CARTESIAN_POINT('Ctrl Pts',(-1.88246042753116,16.6565824212152,-2.55717285927858));
#2395=CARTESIAN_POINT('Ctrl Pts',(-1.76169095374252,16.3354147906504,-2.91117620893407));
#2396=CARTESIAN_POINT('Ctrl Pts',(-1.4796714114383,15.6803221363078,-3.49183600300117));
#2397=CARTESIAN_POINT('Ctrl Pts',(-1.01114497315142,14.7449775880373,-4.05678989963719));
#2398=CARTESIAN_POINT('Ctrl Pts',(-0.532798488099987,13.8794215421437,-4.34096468697371));
#2399=CARTESIAN_POINT('Ctrl Pts',(-0.133501082566364,13.5052438639107,-4.42471032048815));
#2400=CARTESIAN_POINT('Ctrl Pts',(0.1260305225629,13.5018577028191,-4.42550649957123));
#2401=CARTESIAN_POINT('Ctrl Pts',(0.525901419943324,13.8713364412262,-4.34342798833787));
#2402=CARTESIAN_POINT('Ctrl Pts',(1.00560301368698,14.7303828620653,-4.0628408603402));
#2403=CARTESIAN_POINT('Ctrl Pts',(1.47492204246221,15.670190684038,-3.49858797054901));
#2404=CARTESIAN_POINT('Ctrl Pts',(1.75691822297167,16.3237704753258,-2.92229617286132));
#2405=CARTESIAN_POINT('Ctrl Pts',(1.87822823835786,16.6446387236681,-2.57094086045379));
#2406=CARTESIAN_POINT('Ctrl Pts',(1.93734041013061,16.8263375603756,-2.34871179714205));
#2407=CARTESIAN_POINT('Ctrl Pts',(1.96197450623899,16.9156730386613,-2.23045314904195));
#2408=CARTESIAN_POINT('Ctrl Pts',(1.97245225815097,16.9601942975395,-2.1690212221003));
#2409=CARTESIAN_POINT('Ctrl Pts',(-2.82342060213364,16.8029073204277,-2.38754493093024));
#2410=CARTESIAN_POINT('Ctrl Pts',(-2.77758496418524,16.7366157366682,-2.47201014961054));
#2411=CARTESIAN_POINT('Ctrl Pts',(-2.6949683671703,16.6165570878152,-2.61601881724014));
#2412=CARTESIAN_POINT('Ctrl Pts',(-2.545726199365,16.3964791168155,-2.85578074712091));
#2413=CARTESIAN_POINT('Ctrl Pts',(-2.3034117331781,16.0362946528853,-3.20073302464465));
#2414=CARTESIAN_POINT('Ctrl Pts',(-1.85554801841681,15.3640734621981,-3.71160866778443));
#2415=CARTESIAN_POINT('Ctrl Pts',(-1.23487597556583,14.4812350956279,-4.16792466628381));
#2416=CARTESIAN_POINT('Ctrl Pts',(-0.644813890568411,13.7002466669238,-4.38974081409927));
#2417=CARTESIAN_POINT('Ctrl Pts',(-0.161251681031928,13.366197775158,-4.45452005298491));
#2418=CARTESIAN_POINT('Ctrl Pts',(0.152180382871738,13.3631753776641,-4.45516618892086));
#2419=CARTESIAN_POINT('Ctrl Pts',(0.636377053711605,13.6929308007979,-4.39157275355315));
#2420=CARTESIAN_POINT('Ctrl Pts',(1.22765737828058,14.4679481782461,-4.17304885646832));
#2421=CARTESIAN_POINT('Ctrl Pts',(1.84928545125945,15.3547202615789,-3.71725693359431));
#2422=CARTESIAN_POINT('Ctrl Pts',(2.29537892546579,16.0241517020351,-3.21079854240678));
#2423=CARTESIAN_POINT('Ctrl Pts',(2.53652303211475,16.3828190032589,-2.86971241099641));
#2424=CARTESIAN_POINT('Ctrl Pts',(2.68611634062689,16.603599328984,-2.63095519180281));
#2425=CARTESIAN_POINT('Ctrl Pts',(2.76770638046779,16.7223231395258,-2.48960440090003));
#2426=CARTESIAN_POINT('Ctrl Pts',(2.81264732124422,16.7873554454895,-2.40751006988561));
#2427=CARTESIAN_POINT('Ctrl Pts',(-4.30025928019406,15.9978794611387,-2.42442739257329));
#2428=CARTESIAN_POINT('Ctrl Pts',(-4.19423179675965,15.9286357663813,-2.56272477393842));
#2429=CARTESIAN_POINT('Ctrl Pts',(-4.01217228315856,15.8089579753352,-2.77181718282587));
#2430=CARTESIAN_POINT('Ctrl Pts',(-3.70641526692095,15.6003183146265,-3.07744910762652));
#2431=CARTESIAN_POINT('Ctrl Pts',(-3.25371990384618,15.2754010041908,-3.45486059182519));
#2432=CARTESIAN_POINT('Ctrl Pts',(-2.5163371675688,14.7026973766877,-3.92494472768063));
#2433=CARTESIAN_POINT('Ctrl Pts',(-1.62687153219764,13.9900376374821,-4.28020854717873));
#2434=CARTESIAN_POINT('Ctrl Pts',(-0.841073679826906,13.3795933146316,-4.4453874359483));
#2435=CARTESIAN_POINT('Ctrl Pts',(-0.209816203482609,13.1202637038447,-4.49265250157742));
#2436=CARTESIAN_POINT('Ctrl Pts',(0.197974452038798,13.1178886523602,-4.49312883216495));
#2437=CARTESIAN_POINT('Ctrl Pts',(0.830056277865354,13.3739797508899,-4.44683050874158));
#2438=CARTESIAN_POINT('Ctrl Pts',(1.61648259377876,13.9792630793704,-4.28420293415962));
#2439=CARTESIAN_POINT('Ctrl Pts',(2.50694092139587,14.694765640576,-3.92883733467134));
#2440=CARTESIAN_POINT('Ctrl Pts',(3.23986106897694,15.2647934247307,-3.46443512358071));
#2441=CARTESIAN_POINT('Ctrl Pts',(3.68844220741856,15.5876467538125,-3.09338465222645));
#2442=CARTESIAN_POINT('Ctrl Pts',(3.9932686820131,15.7962727567503,-2.79178491518272));
#2443=CARTESIAN_POINT('Ctrl Pts',(4.17202343226225,15.9140910265578,-2.58883353164311));
#2444=CARTESIAN_POINT('Ctrl Pts',(4.27522887001375,15.9815080946348,-2.45669441007651));
#2445=CARTESIAN_POINT('Ctrl Pts',(-5.06161528153132,14.6900250675204,-1.8006588051082));
#2446=CARTESIAN_POINT('Ctrl Pts',(-4.95939597971312,14.6570442817407,-1.99088438570631));
#2447=CARTESIAN_POINT('Ctrl Pts',(-4.7734197674191,14.5965799013397,-2.27611833260123));
#2448=CARTESIAN_POINT('Ctrl Pts',(-4.44555912707381,14.484512961792,-2.68724339075519));
#2449=CARTESIAN_POINT('Ctrl Pts',(-3.93746118452606,14.2986404188243,-3.18578818944386));
#2450=CARTESIAN_POINT('Ctrl Pts',(-3.07350145382046,13.9462923683258,-3.79268068506504));
#2451=CARTESIAN_POINT('Ctrl Pts',(-1.99597390271459,13.4744708068849,-4.24043491454517));
#2452=CARTESIAN_POINT('Ctrl Pts',(-1.03330196572726,13.0526347931952,-4.44573714813886));
#2453=CARTESIAN_POINT('Ctrl Pts',(-0.25783034648046,12.8716444864863,-4.50424995871201));
#2454=CARTESIAN_POINT('Ctrl Pts',(0.243287942986724,12.8699971285232,-4.50485269087767));
#2455=CARTESIAN_POINT('Ctrl Pts',(1.01974051665985,13.0487254568377,-4.44748611626331));
#2456=CARTESIAN_POINT('Ctrl Pts',(1.98351834204978,13.4672024778367,-4.24556793829445));
#2457=CARTESIAN_POINT('Ctrl Pts',(3.06226456221561,13.9410987363898,-3.79770455771623));
#2458=CARTESIAN_POINT('Ctrl Pts',(3.92143620465649,14.2922450053432,-3.19822935755894));
#2459=CARTESIAN_POINT('Ctrl Pts',(4.42573244643882,14.4774192413386,-2.70845737056998));
#2460=CARTESIAN_POINT('Ctrl Pts',(4.75358584907827,14.5899356329695,-2.30315879391911));
#2461=CARTESIAN_POINT('Ctrl Pts',(4.93702037779658,14.6497867310766,-2.02660785372581));
#2462=CARTESIAN_POINT('Ctrl Pts',(5.03744927897788,14.6821925110995,-1.84503938098435));
#2463=CARTESIAN_POINT('Ctrl Pts',(-5.20483779901322,14.1303834426047,-1.45753732095481));
#2464=CARTESIAN_POINT('Ctrl Pts',(-5.1187667184288,14.1127977014704,-1.66373979129294));
#2465=CARTESIAN_POINT('Ctrl Pts',(-4.95348480090466,14.0775170174931,-1.97567763793045));
#2466=CARTESIAN_POINT('Ctrl Pts',(-4.64891232720324,14.0065767405805,-2.42935489164978));
#2467=CARTESIAN_POINT('Ctrl Pts',(-4.15649938752449,13.8800496679168,-2.98629951671093));
#2468=CARTESIAN_POINT('Ctrl Pts',(-3.28247265931074,13.6219696250067,-3.67618612698284));
#2469=CARTESIAN_POINT('Ctrl Pts',(-2.14728270699404,13.2534816568496,-4.19592131670009));
#2470=CARTESIAN_POINT('Ctrl Pts',(-1.11452803328965,12.9124875394763,-4.43585072760715));
#2471=CARTESIAN_POINT('Ctrl Pts',(-0.278241144830902,12.7650766494072,-4.50443932850096));
#2472=CARTESIAN_POINT('Ctrl Pts',(0.262577336862162,12.7637426387233,-4.50514096737323));
#2473=CARTESIAN_POINT('Ctrl Pts',(1.09995673187794,12.9093023363178,-4.43789782283016));
#2474=CARTESIAN_POINT('Ctrl Pts',(2.13410648034752,13.2477319243802,-4.20184000114322));
#2475=CARTESIAN_POINT('Ctrl Pts',(3.27056498361648,13.6179782420791,-3.68206802798484));
#2476=CARTESIAN_POINT('Ctrl Pts',(4.1404448779687,13.8754622780587,-3.00039312215755));
#2477=CARTESIAN_POINT('Ctrl Pts',(4.62992527479781,14.0018714062205,-2.45297426022023));
#2478=CARTESIAN_POINT('Ctrl Pts',(4.9353389631373,14.0734534080386,-2.00542453005582));
#2479=CARTESIAN_POINT('Ctrl Pts',(5.09904679846994,14.1086479777175,-1.70276033542828));
#2480=CARTESIAN_POINT('Ctrl Pts',(5.1843640162115,14.1261875552498,-1.50569310918499));
#2481=CARTESIAN_POINT('Ctrl Pts',(-1.5968190005333,15.9585058757108,-3.23478851111077));
#2482=CARTESIAN_POINT('Ctrl Pts',(-1.58329452388216,15.9281850093977,-3.25977303815992));
#2483=CARTESIAN_POINT('Ctrl Pts',(-1.40115318364071,15.5235719717304,-3.58651407263882));
#2484=CARTESIAN_POINT('Ctrl Pts',(-1.01114497315142,14.7449775880373,-4.05678989963719));
#2485=CARTESIAN_POINT('Ctrl Pts',(-0.532798488099987,13.8794215421437,-4.34096468697371));
#2486=CARTESIAN_POINT('Ctrl Pts',(-0.133501082566364,13.5052438639107,-4.42471032048815));
#2487=CARTESIAN_POINT('Ctrl Pts',(0.1260305225629,13.5018577028191,-4.42550649957123));
#2488=CARTESIAN_POINT('Ctrl Pts',(0.525901419943324,13.8713364412262,-4.34342798833787));
#2489=CARTESIAN_POINT('Ctrl Pts',(1.00560301368698,14.7303828620653,-4.0628408603402));
#2490=CARTESIAN_POINT('Ctrl Pts',(1.40234539530468,15.52485649448,-3.58584542311143));
#2491=CARTESIAN_POINT('Ctrl Pts',(1.58938790737119,15.941383100709,-3.24892595506471));
#2492=CARTESIAN_POINT('Ctrl Pts',(1.60817359150411,15.9837618062738,-3.21364471543447));
#2493=CARTESIAN_POINT('',(0.373865580182917,12.7900385177625,-4.49277439150933));
#2494=CARTESIAN_POINT('Ctrl Pts',(5.1843640162115,14.1261875552498,-1.50569310918499));
#2495=CARTESIAN_POINT('Ctrl Pts',(5.09904679846994,14.1086479777175,-1.70276033542828));
#2496=CARTESIAN_POINT('Ctrl Pts',(4.9353389631373,14.0734534080386,-2.00542453005582));
#2497=CARTESIAN_POINT('Ctrl Pts',(4.62992527479781,14.0018714062205,-2.45297426022023));
#2498=CARTESIAN_POINT('Ctrl Pts',(4.1404448779687,13.8754622780587,-3.00039312215755));
#2499=CARTESIAN_POINT('Ctrl Pts',(3.27056498361648,13.6179782420791,-3.68206802798484));
#2500=CARTESIAN_POINT('Ctrl Pts',(2.13410648034752,13.2477319243802,-4.20184000114322));
#2501=CARTESIAN_POINT('Ctrl Pts',(1.13354938606901,12.9202956650273,-4.43022987262782));
#2502=CARTESIAN_POINT('Ctrl Pts',(0.505960557554498,12.8063423569579,-4.48531428924277));
#2503=CARTESIAN_POINT('Ctrl Pts',(0.373812073564737,12.7904736921636,-4.49275218567792));
#2504=CARTESIAN_POINT('',(-0.373865580171028,12.7900385177615,-4.49277439151086));
#2505=CARTESIAN_POINT('Ctrl Pts',(0.373865580186275,12.790038517763,-4.4927743915101));
#2506=CARTESIAN_POINT('Ctrl Pts',(0.373865580186275,12.7981079109869,-4.4927743915101));
#2507=CARTESIAN_POINT('Ctrl Pts',(0.37227334940121,12.8059015403462,-4.49283634783726));
#2508=CARTESIAN_POINT('Ctrl Pts',(0.365716298414477,12.821769206555,-4.4930868230242));
#2509=CARTESIAN_POINT('Ctrl Pts',(0.360533403580986,12.8293095025197,-4.49328288261131));
#2510=CARTESIAN_POINT('Ctrl Pts',(0.344575719789455,12.8466955036168,-4.49386792597058));
#2511=CARTESIAN_POINT('Ctrl Pts',(0.332149412020268,12.8554377121448,-4.49430619042104));
#2512=CARTESIAN_POINT('Ctrl Pts',(0.28995725692953,12.8790001610728,-4.49570035304051));
#2513=CARTESIAN_POINT('Ctrl Pts',(0.2531605092096,12.8897687109388,-4.49674506578244));
#2514=CARTESIAN_POINT('Ctrl Pts',(0.198460161963456,12.9015509185488,-4.49798923133829));
#2515=CARTESIAN_POINT('Ctrl Pts',(0.176179706107006,12.9051406634302,-4.49842127694708));
#2516=CARTESIAN_POINT('Ctrl Pts',(0.119697377902973,12.9122652584426,-4.49932164435084));
#2517=CARTESIAN_POINT('Ctrl Pts',(0.083848988634474,12.9148492855683,-4.49969950743854));
#2518=CARTESIAN_POINT('Ctrl Pts',(0.0398959139740824,12.9163830987818,-4.49992208201426));
#2519=CARTESIAN_POINT('Ctrl Pts',(0.0307562233252148,12.9166105516224,-4.49995544088723));
#2520=CARTESIAN_POINT('Ctrl Pts',(0.0166301248406715,12.9168254946444,-4.4999870061756));
#2521=CARTESIAN_POINT('Ctrl Pts',(0.0116272258129384,12.9168750865777,-4.4999943085562));
#2522=CARTESIAN_POINT('Ctrl Pts',(0.00245053868757747,12.9169177528593,
-4.50000059062078));
#2523=CARTESIAN_POINT('Ctrl Pts',(-0.00172702048139102,12.9169188121845,
-4.50000074674763));
#2524=CARTESIAN_POINT('Ctrl Pts',(-0.0108054541640343,12.9168812133455,
-4.49999521049112));
#2525=CARTESIAN_POINT('Ctrl Pts',(-0.0157099675119263,12.9168355985627,
-4.49998849303239));
#2526=CARTESIAN_POINT('Ctrl Pts',(-0.0292961942712986,12.9166386553646,
-4.49995956344432));
#2527=CARTESIAN_POINT('Ctrl Pts',(-0.0379922952733388,12.9164326261215,
-4.49992933511763));
#2528=CARTESIAN_POINT('Ctrl Pts',(-0.0700759071741653,12.9153680523358,
-4.49977463819621));
#2529=CARTESIAN_POINT('Ctrl Pts',(-0.0937502182465304,12.9139828783502,
-4.4995740961506));
#2530=CARTESIAN_POINT('Ctrl Pts',(-0.171561005181161,12.9070164146801,-4.49863290174432));
#2531=CARTESIAN_POINT('Ctrl Pts',(-0.235368139390877,12.897307418586,-4.49727190480724));
#2532=CARTESIAN_POINT('Ctrl Pts',(-0.308079500419997,12.8694625233122,-4.49511938636298));
#2533=CARTESIAN_POINT('Ctrl Pts',(-0.331186656161707,12.8579102605549,-4.49434607375));
#2534=CARTESIAN_POINT('Ctrl Pts',(-0.356115331774366,12.8348820046367,-4.49344787829841));
#2535=CARTESIAN_POINT('Ctrl Pts',(-0.36294820578747,12.8265159054084,-4.4931916568019));
#2536=CARTESIAN_POINT('Ctrl Pts',(-0.369642479452973,12.8126921564943,-4.49293705402599));
#2537=CARTESIAN_POINT('Ctrl Pts',(-0.371236627158433,12.8082713279982,-4.49287579196316));
#2538=CARTESIAN_POINT('Ctrl Pts',(-0.373347089873451,12.7991942274218,-4.49279449155795));
#2539=CARTESIAN_POINT('Ctrl Pts',(-0.373865580169536,12.7946422854451,-4.49277439151092));
#2540=CARTESIAN_POINT('Ctrl Pts',(-0.373865580169537,12.7900385177613,-4.49277439151092));
#2541=CARTESIAN_POINT('',(-5.18699196649066,14.1267275898959,-1.49960916694464));
#2542=CARTESIAN_POINT('Ctrl Pts',(-5.18702294395377,14.1267327413596,-1.49962291866335));
#2543=CARTESIAN_POINT('Ctrl Pts',(-5.1073475178006,14.110356640084,-1.68521885747203));
#2544=CARTESIAN_POINT('Ctrl Pts',(-4.94821696752435,14.0762900466044,-1.98352436206801));
#2545=CARTESIAN_POINT('Ctrl Pts',(-4.64891232720324,14.0065767405805,-2.42935489164978));
#2546=CARTESIAN_POINT('Ctrl Pts',(-4.15649938752449,13.8800496679168,-2.98629951671093));
#2547=CARTESIAN_POINT('Ctrl Pts',(-3.28247265931074,13.6219696250067,-3.67618612698284));
#2548=CARTESIAN_POINT('Ctrl Pts',(-2.14728270699404,13.2534816568496,-4.19592131670009));
#2549=CARTESIAN_POINT('Ctrl Pts',(-1.14364413588573,12.9221010710912,-4.42908647901874));
#2550=CARTESIAN_POINT('Ctrl Pts',(-0.511322534779628,12.8063826097458,-4.48510709723956));
#2551=CARTESIAN_POINT('Ctrl Pts',(-0.373862099480998,12.7900761614952,-4.49279200881853));
#2552=CARTESIAN_POINT('Ctrl Pts',(-5.18699900190437,14.1267278204054,-1.49967868822342));
#2553=CARTESIAN_POINT('Ctrl Pts',(-5.18654389934828,14.1294989273498,-1.50073194124207));
#2554=CARTESIAN_POINT('Ctrl Pts',(-5.18608517044976,14.1322700326848,-1.50178371793954));
#2555=CARTESIAN_POINT('Ctrl Pts',(-5.18562281473379,14.1350411249844,-1.50283402735878));
#2556=CARTESIAN_POINT('Ctrl Pts',(-5.17530932404393,14.1968542131431,-1.5262626474503));
#2557=CARTESIAN_POINT('Ctrl Pts',(-5.16320812168714,14.2585713090164,-1.54892553440924));
#2558=CARTESIAN_POINT('Ctrl Pts',(-5.14932069382443,14.3200803440711,-1.57093281952339));
#2559=CARTESIAN_POINT('Ctrl Pts',(0.373865580186275,0.,-4.4927743915101));
#2560=CARTESIAN_POINT('Ctrl Pts',(1.96408375780493E-12,0.,-4.50723722923599));
#2561=CARTESIAN_POINT('Ctrl Pts',(-0.373865580171028,0.,-4.49277439151086));
#2562=CARTESIAN_POINT('Ctrl Pts',(0.373865580186275,12.9169188121844,-4.4927743915101));
#2563=CARTESIAN_POINT('Ctrl Pts',(1.96408375780493E-12,12.9169188121844,
-4.50723722923599));
#2564=CARTESIAN_POINT('Ctrl Pts',(-0.373865580171028,12.9169188121844,-4.49277439151086));
#2565=CARTESIAN_POINT('',(0.37386558018567,0.,-4.49277439151012));
#2566=CARTESIAN_POINT('',(-0.373865580171028,0.,-4.49277439151086));
#2567=CARTESIAN_POINT('Ctrl Pts',(5.50000000000003,0.,-0.00318312307456183));
#2568=CARTESIAN_POINT('Ctrl Pts',(5.49999980443595,0.,-4.20701646575578));
#2569=CARTESIAN_POINT('Ctrl Pts',(0.373865580182949,0.,-4.49277439151029));
#2570=CARTESIAN_POINT('Ctrl Pts',(5.50000000000003,14.1261875552515,-0.00318312307456183));
#2571=CARTESIAN_POINT('Ctrl Pts',(5.49999980443595,14.1261875552515,-4.20701646575578));
#2572=CARTESIAN_POINT('Ctrl Pts',(0.373865580182949,14.1261875552515,-4.49277439151029));
#2573=CARTESIAN_POINT('',(5.50000000000002,3.,-0.00318312307456159));
#2574=CARTESIAN_POINT('',(5.50000000000003,13.2179273907475,-0.00318312307456032));
#2575=CARTESIAN_POINT('Ctrl Pts',(5.50000000000003,13.2179273907475,-0.00318312307456183));
#2576=CARTESIAN_POINT('Ctrl Pts',(5.49999998736692,13.2179274552671,-0.274743579452175));
#2577=CARTESIAN_POINT('Ctrl Pts',(5.44985396764818,13.4712779491184,-0.679279249492432));
#2578=CARTESIAN_POINT('Ctrl Pts',(5.36590506500416,13.7328400270053,-1.00060030374551));
#2579=CARTESIAN_POINT('Ctrl Pts',(5.32300854623531,13.8500457370301,-1.13558324515694));
#2580=CARTESIAN_POINT('',(5.50000000000002,0.,-0.00318312307456159));
#2581=CARTESIAN_POINT('Ctrl Pts',(5.32644675288734,14.0509126455425,-0.92357675832593));
#2582=CARTESIAN_POINT('Ctrl Pts',(5.3666230503813,13.9167906474728,-0.813098834145771));
#2583=CARTESIAN_POINT('Ctrl Pts',(5.44492252595303,13.6174773418497,-0.550968877946394));
#2584=CARTESIAN_POINT('Ctrl Pts',(5.49136134991704,13.3275607973393,-0.223113534193867));
#2585=CARTESIAN_POINT('Ctrl Pts',(5.49136136162497,13.3275607235077,-0.00318309051026899));
#2586=CARTESIAN_POINT('Ctrl Pts',(5.34530798888182,13.9879474940617,-0.99637025798533));
#2587=CARTESIAN_POINT('Ctrl Pts',(5.38238691139785,13.8582960003582,-0.877029862892529));
#2588=CARTESIAN_POINT('Ctrl Pts',(5.45448983546912,13.5696461383213,-0.594032687239316));
#2589=CARTESIAN_POINT('Ctrl Pts',(5.49710856838686,13.2913181297123,-0.240394736127713));
#2590=CARTESIAN_POINT('Ctrl Pts',(5.49710857912646,13.291318058824,-0.00318310140990743));
#2591=CARTESIAN_POINT('Ctrl Pts',(5.34412807227314,13.9190144061258,-1.06912620324257));
#2592=CARTESIAN_POINT('Ctrl Pts',(5.38214752505283,13.7955756744024,-0.94094606672562));
#2593=CARTESIAN_POINT('Ctrl Pts',(5.45616540162334,13.5204605078253,-0.637101174615833));
#2594=CARTESIAN_POINT('Ctrl Pts',(5.49999998895607,13.254622979328,-0.257675737193671));
#2595=CARTESIAN_POINT('Ctrl Pts',(5.50000000000003,13.2546229116238,-0.00318311230943487));
#2596=CARTESIAN_POINT('Ctrl Pts',(5.32300854623531,13.8500457370301,-1.13558324515694));
#2597=CARTESIAN_POINT('Ctrl Pts',(5.36590506500416,13.7328400270053,-1.00060030374551));
#2598=CARTESIAN_POINT('Ctrl Pts',(5.44985396764818,13.4712779491184,-0.679279249492432));
#2599=CARTESIAN_POINT('Ctrl Pts',(5.49999998736692,13.2179274552671,-0.274743579452175));
#2600=CARTESIAN_POINT('Ctrl Pts',(5.50000000000003,13.2179273907475,-0.00318312307456183));
#2601=CARTESIAN_POINT('',(5.49136136162497,13.3275607235077,-0.00318309051026899));
#2602=CARTESIAN_POINT('Ctrl Pts',(5.3264467535516,14.0509126433249,-0.923576756499326));
#2603=CARTESIAN_POINT('Ctrl Pts',(5.36662305075118,13.9167906460589,-0.813098832907495));
#2604=CARTESIAN_POINT('Ctrl Pts',(5.44492252606272,13.6174773411649,-0.550968877172016));
#2605=CARTESIAN_POINT('Ctrl Pts',(5.49136134991704,13.3275607973393,-0.223113534193867));
#2606=CARTESIAN_POINT('Ctrl Pts',(5.49136136162497,13.3275607235077,-0.00318309051026899));
#2607=CARTESIAN_POINT('Origin',(4.80000000000003,13.2179273907475,-0.00318309051026899));
#2608=CARTESIAN_POINT('Origin',(0.00985342302721905,12.4583250137662,0.));
#2609=CARTESIAN_POINT('',(0.313725677355003,18.,2.00036178747823));
#2610=CARTESIAN_POINT('',(0.313725677355003,18.,0.));
#2611=CARTESIAN_POINT('',(5.408863159729,13.7440908800935,3.09802047678737));
#2612=CARTESIAN_POINT('Ctrl Pts',(5.40886315972785,13.7440908800932,3.09802047678737));
#2613=CARTESIAN_POINT('Ctrl Pts',(5.07599495430294,15.1418248916895,2.95474455690759));
#2614=CARTESIAN_POINT('Ctrl Pts',(3.76885269844248,16.9636035414131,2.40842225326837));
#2615=CARTESIAN_POINT('Ctrl Pts',(1.51820527222175,17.8711794724266,2.05096134559514));
#2616=CARTESIAN_POINT('Ctrl Pts',(0.557079619045256,17.9853777788026,2.00572188507439));
#2617=CARTESIAN_POINT('Ctrl Pts',(0.313635488533791,17.9983636000028,2.00049687628957));
#2618=CARTESIAN_POINT('',(5.49136136162497,13.3275607235077,3.05316628721396));
#2619=CARTESIAN_POINT('Ctrl Pts',(5.49136136162649,13.3275607234981,3.05316628721358));
#2620=CARTESIAN_POINT('Ctrl Pts',(5.49136136162649,13.3275607234981,3.05495789435459));
#2621=CARTESIAN_POINT('Ctrl Pts',(5.49112357310965,13.329061305595,3.05840592870044));
#2622=CARTESIAN_POINT('Ctrl Pts',(5.49020709022751,13.33481925122,3.0636312970307));
#2623=CARTESIAN_POINT('Ctrl Pts',(5.48910394661593,13.3416947163797,3.06724361895661));
#2624=CARTESIAN_POINT('Ctrl Pts',(5.48796573172065,13.3487128278651,3.07013412071086));
#2625=CARTESIAN_POINT('Ctrl Pts',(5.48637350601364,13.3584872480189,3.07383248262528));
#2626=CARTESIAN_POINT('Ctrl Pts',(5.48071631946026,13.3927778151035,3.08343589565943));
#2627=CARTESIAN_POINT('Ctrl Pts',(5.4740471981524,13.4307653368402,3.08919711412041));
#2628=CARTESIAN_POINT('Ctrl Pts',(5.46975864853055,13.4543348933146,3.09228767986752));
#2629=CARTESIAN_POINT('Ctrl Pts',(5.46632326185242,13.4731069015154,3.09460271827891));
#2630=CARTESIAN_POINT('Ctrl Pts',(5.46014349597561,13.5060451170724,3.09800664917939));
#2631=CARTESIAN_POINT('Ctrl Pts',(5.44909863782964,13.5622616666372,3.10191585737638));
#2632=CARTESIAN_POINT('Ctrl Pts',(5.43555463811953,13.6269469577378,3.10360247027595));
#2633=CARTESIAN_POINT('Ctrl Pts',(5.42257295263226,13.6855868211234,3.10258797475569));
#2634=CARTESIAN_POINT('Ctrl Pts',(5.41356202178003,13.7243600701258,3.10004300033539));
#2635=CARTESIAN_POINT('Ctrl Pts',(5.40886315972785,13.7440908800932,3.09802047678737));
#2636=CARTESIAN_POINT('',(5.49136136162497,13.3275607235077,0.));
#2637=CARTESIAN_POINT('Origin',(0.,12.28392723254,1.21998685479452));
#2638=CARTESIAN_POINT('Origin',(4.80000000000002,13.2179273907475,0.));
#2639=CARTESIAN_POINT('',(5.50000000000136,13.2179273907391,3.05316628721366));
#2640=CARTESIAN_POINT('Origin',(4.80000000000136,13.2179273907391,3.05316628721396));
#2641=CARTESIAN_POINT('',(5.50000000000002,13.2179273907475,-3.05336003394688E-13));
#2642=CARTESIAN_POINT('Ctrl Pts',(5.49136136162649,13.3275607234981,3.05316628721358));
#2643=CARTESIAN_POINT('Ctrl Pts',(5.49136136162649,13.3275607234981,3.05495789435459));
#2644=CARTESIAN_POINT('Ctrl Pts',(5.49112357310965,13.329061305595,3.05840592870044));
#2645=CARTESIAN_POINT('Ctrl Pts',(5.49020709022751,13.33481925122,3.0636312970307));
#2646=CARTESIAN_POINT('Ctrl Pts',(5.48910394661593,13.3416947163797,3.06724361895661));
#2647=CARTESIAN_POINT('Ctrl Pts',(5.48796573172065,13.3487128278651,3.07013412071086));
#2648=CARTESIAN_POINT('Ctrl Pts',(5.48637350601364,13.3584872480189,3.07383248262528));
#2649=CARTESIAN_POINT('Ctrl Pts',(5.48071631946026,13.3927778151035,3.08343589565943));
#2650=CARTESIAN_POINT('Ctrl Pts',(5.4740471981524,13.4307653368402,3.08919711412041));
#2651=CARTESIAN_POINT('Ctrl Pts',(5.46975864853055,13.4543348933146,3.09228767986752));
#2652=CARTESIAN_POINT('Ctrl Pts',(5.46632326185242,13.4731069015154,3.09460271827891));
#2653=CARTESIAN_POINT('Ctrl Pts',(5.46014349597561,13.5060451170724,3.09800664917939));
#2654=CARTESIAN_POINT('Ctrl Pts',(5.44909863782964,13.5622616666372,3.10191585737638));
#2655=CARTESIAN_POINT('Ctrl Pts',(5.43555463811953,13.6269469577378,3.10360247027595));
#2656=CARTESIAN_POINT('Ctrl Pts',(5.42257295263226,13.6855868211234,3.10258797475569));
#2657=CARTESIAN_POINT('Ctrl Pts',(5.41356202178003,13.7243600701258,3.10004300033539));
#2658=CARTESIAN_POINT('Ctrl Pts',(5.40886315972785,13.7440908800932,3.09802047678737));
#2659=CARTESIAN_POINT('Ctrl Pts',(5.49300342376973,13.3172056764457,3.05316628721348));
#2660=CARTESIAN_POINT('Ctrl Pts',(5.49300342376974,13.3172056764457,3.05735657948771));
#2661=CARTESIAN_POINT('Ctrl Pts',(5.49276566628946,13.3187170729032,3.06542356695958));
#2662=CARTESIAN_POINT('Ctrl Pts',(5.49185312823547,13.3245198837025,3.07772024985321));
#2663=CARTESIAN_POINT('Ctrl Pts',(5.49075138568772,13.3314529669216,3.08632651970617));
#2664=CARTESIAN_POINT('Ctrl Pts',(5.48961544854261,13.3385372655321,3.09330988899234));
#2665=CARTESIAN_POINT('Ctrl Pts',(5.48802613277641,13.3484084369755,3.10230029473136));
#2666=CARTESIAN_POINT('Ctrl Pts',(5.48236310140172,13.3830732369767,3.12628174393486));
#2667=CARTESIAN_POINT('Ctrl Pts',(5.47563797621663,13.421743550966,3.14280987487683));
#2668=CARTESIAN_POINT('Ctrl Pts',(5.47128318773038,13.4458717746018,3.15241706382448));
#2669=CARTESIAN_POINT('Ctrl Pts',(5.467800804513,13.4651097730913,3.15979788452653));
#2670=CARTESIAN_POINT('Ctrl Pts',(5.4614453595175,13.4989974542371,3.17170585912487));
#2671=CARTESIAN_POINT('Ctrl Pts',(5.45003991300836,13.557427657054,3.18939143719147));
#2672=CARTESIAN_POINT('Ctrl Pts',(5.43569738122194,13.6260801433214,3.20674192850648));
#2673=CARTESIAN_POINT('Ctrl Pts',(5.42149091076855,13.6903326481589,3.22038184887968));
#2674=CARTESIAN_POINT('Ctrl Pts',(5.41106509828126,13.7349261515677,3.22809584323856));
#2675=CARTESIAN_POINT('Ctrl Pts',(5.40533467274116,13.7589072133743,3.23149505770155));
#2676=CARTESIAN_POINT('Ctrl Pts',(5.49582215332862,13.2964217860843,3.05316628721328));
#2677=CARTESIAN_POINT('Ctrl Pts',(5.49582215332863,13.2964217860843,3.06215394888128));
#2678=CARTESIAN_POINT('Ctrl Pts',(5.49543101830922,13.2979305319005,3.07945792771431));
#2679=CARTESIAN_POINT('Ctrl Pts',(5.49392068395783,13.3037258433651,3.10589712864562));
#2680=CARTESIAN_POINT('Ctrl Pts',(5.49209510591603,13.3106559893168,3.12448908056294));
#2681=CARTESIAN_POINT('Ctrl Pts',(5.49020121898659,13.3177458471121,3.13965748184229));
#2682=CARTESIAN_POINT('Ctrl Pts',(5.48754485316859,13.3276304348409,3.15923135308821));
#2683=CARTESIAN_POINT('Ctrl Pts',(5.47804980604128,13.3623894440382,3.21195833483399));
#2684=CARTESIAN_POINT('Ctrl Pts',(5.46642208913648,13.4015117229355,3.25000300559871));
#2685=CARTESIAN_POINT('Ctrl Pts',(5.45871602871162,13.4261046154207,3.27262585405826));
#2686=CARTESIAN_POINT('Ctrl Pts',(5.45251431622391,13.4457374786465,3.29013152076649));
#2687=CARTESIAN_POINT('Ctrl Pts',(5.44110569817018,13.4805242016886,3.3189807049552));
#2688=CARTESIAN_POINT('Ctrl Pts',(5.41976591561907,13.5412929681583,3.36414003438366));
#2689=CARTESIAN_POINT('Ctrl Pts',(5.39115704612934,13.6147473183425,3.41264192127649));
#2690=CARTESIAN_POINT('Ctrl Pts',(5.36040155341947,13.6864952260304,3.45537353481385));
#2691=CARTESIAN_POINT('Ctrl Pts',(5.33567554740249,13.739518725269,3.4833642447992));
#2692=CARTESIAN_POINT('Ctrl Pts',(5.32091976210544,13.7700050735711,3.49748827565562));
#2693=CARTESIAN_POINT('Ctrl Pts',(5.49911631081649,13.2598651193104,3.05316628721293));
#2694=CARTESIAN_POINT('Ctrl Pts',(5.4991163108165,13.2598651193104,3.07053239957319));
#2695=CARTESIAN_POINT('Ctrl Pts',(5.49790323343817,13.2613069409244,3.10397008387935));
#2696=CARTESIAN_POINT('Ctrl Pts',(5.49321889291186,13.2668443334074,3.15498032992806));
#2697=CARTESIAN_POINT('Ctrl Pts',(5.48755261241172,13.2734669295525,3.19075549248014));
#2698=CARTESIAN_POINT('Ctrl Pts',(5.48167024137056,13.280242126843,3.21983836655434));
#2699=CARTESIAN_POINT('Ctrl Pts',(5.47341681625385,13.2896882916523,3.25730981790015));
#2700=CARTESIAN_POINT('Ctrl Pts',(5.44388618053303,13.3229098820983,3.3576715036575));
#2701=CARTESIAN_POINT('Ctrl Pts',(5.40754733525373,13.3603285223782,3.42795679382827));
#2702=CARTESIAN_POINT('Ctrl Pts',(5.38339103723368,13.3838729446746,3.4690706729922));
#2703=CARTESIAN_POINT('Ctrl Pts',(5.36394499485335,13.4026695510482,3.50069193825226));
#2704=CARTESIAN_POINT('Ctrl Pts',(5.32808183686246,13.4360157590459,3.55220847915313));
#2705=CARTESIAN_POINT('Ctrl Pts',(5.26080248640166,13.4943704693317,3.62949803423842));
#2706=CARTESIAN_POINT('Ctrl Pts',(5.17029477504812,13.5653190126746,3.70650829439434));
#2707=CARTESIAN_POINT('Ctrl Pts',(5.07312791101156,13.6353591412277,3.76727388653993));
#2708=CARTESIAN_POINT('Ctrl Pts',(4.99559787914911,13.6880511475503,3.80121807227803));
#2709=CARTESIAN_POINT('Ctrl Pts',(4.95008116901873,13.7189896973747,3.81546867496497));
#2710=CARTESIAN_POINT('Ctrl Pts',(5.50000000000136,13.2336540425431,3.05316628721268));
#2711=CARTESIAN_POINT('Ctrl Pts',(5.50000000000138,13.2336540425431,3.07648677220998));
#2712=CARTESIAN_POINT('Ctrl Pts',(5.49770913853415,13.2350135327257,3.12136753553662));
#2713=CARTESIAN_POINT('Ctrl Pts',(5.48886360355907,13.2402348268176,3.18960812634461));
#2714=CARTESIAN_POINT('Ctrl Pts',(5.47819369428315,13.246471733601,3.23707829514646));
#2715=CARTESIAN_POINT('Ctrl Pts',(5.46714598971798,13.2528451770892,3.27535952937006));
#2716=CARTESIAN_POINT('Ctrl Pts',(5.45166689635649,13.2617259347949,3.32450430892858));
#2717=CARTESIAN_POINT('Ctrl Pts',(5.39648473686147,13.2929058534845,3.45392188406557));
#2718=CARTESIAN_POINT('Ctrl Pts',(5.32997112433523,13.3276816791438,3.5376214821625));
#2719=CARTESIAN_POINT('Ctrl Pts',(5.28647480726648,13.349381619545,3.58445692752227));
#2720=CARTESIAN_POINT('Ctrl Pts',(5.2515265514743,13.3666882562455,3.62010915718748));
#2721=CARTESIAN_POINT('Ctrl Pts',(5.18796185095016,13.3971524732588,3.67486508483591));
#2722=CARTESIAN_POINT('Ctrl Pts',(5.07135707268583,13.4497457632118,3.74838405866947));
#2723=CARTESIAN_POINT('Ctrl Pts',(4.92153511920616,13.5116965744637,3.80354994344134));
#2724=CARTESIAN_POINT('Ctrl Pts',(4.76939885989214,13.5700752383884,3.82732970653446));
#2725=CARTESIAN_POINT('Ctrl Pts',(4.6560969695726,13.6111143982066,3.82260818165861));
#2726=CARTESIAN_POINT('Ctrl Pts',(4.59332519045789,13.633626400521,3.81203809180408));
#2727=CARTESIAN_POINT('Ctrl Pts',(5.50000000000136,13.2179273907391,3.05316628721253));
#2728=CARTESIAN_POINT('Ctrl Pts',(5.50000000000139,13.2179273907391,3.0800403943277));
#2729=CARTESIAN_POINT('Ctrl Pts',(5.49688304241581,13.2192387102292,3.13176090951549));
#2730=CARTESIAN_POINT('Ctrl Pts',(5.48486968571742,13.2242704284781,3.21014143446928));
#2731=CARTESIAN_POINT('Ctrl Pts',(5.47040955999817,13.2302787178519,3.264326263358));
#2732=CARTESIAN_POINT('Ctrl Pts',(5.45548971610055,13.2364116621229,3.30768378967177));
#2733=CARTESIAN_POINT('Ctrl Pts',(5.43461864940048,13.2449532725275,3.36315921838805));
#2734=CARTESIAN_POINT('Ctrl Pts',(5.36046363647103,13.2749189032231,3.50721041390028));
#2735=CARTESIAN_POINT('Ctrl Pts',(5.2730440733815,13.3081152060021,3.59362869081501));
#2736=CARTESIAN_POINT('Ctrl Pts',(5.21682930131134,13.3287120256238,3.6399871770216));
#2737=CARTESIAN_POINT('Ctrl Pts',(5.17179788134118,13.3451163931506,3.67471275319242));
#2738=CARTESIAN_POINT('Ctrl Pts',(5.09079284214523,13.3739002391779,3.72577171669963));
#2739=CARTESIAN_POINT('Ctrl Pts',(4.94601564752912,13.4230264131219,3.78440983965444));
#2740=CARTESIAN_POINT('Ctrl Pts',(4.7684794351129,13.4795531990387,3.80970903314808));
#2741=CARTESIAN_POINT('Ctrl Pts',(4.59831409832024,13.5307970436189,3.7944916003441));
#2742=CARTESIAN_POINT('Ctrl Pts',(4.48019784255455,13.5646799729273,3.75631698403965));
#2743=CARTESIAN_POINT('Ctrl Pts',(4.41860465078945,13.5819222122682,3.7259791308193));
#2744=CARTESIAN_POINT('Origin',(4.72790697672056,13.5819222122682,3.09802047678737));
#2745=CARTESIAN_POINT('Ctrl Pts',(4.41860465116404,13.5819222121634,3.72597913100381));
#2746=CARTESIAN_POINT('Ctrl Pts',(4.480197842794,13.5646799728586,3.75631698411704));
#2747=CARTESIAN_POINT('Ctrl Pts',(4.53925597055475,13.5477385082386,3.77540429221636));
#2748=CARTESIAN_POINT('Ctrl Pts',(4.59714592384427,13.5307271351826,3.78748418506865));
#2749=CARTESIAN_POINT('Ctrl Pts',(4.65503587725113,13.5137157620922,3.79956407794543));
#2750=CARTESIAN_POINT('Ctrl Pts',(4.71175765618202,13.4966344805654,3.80463655554675));
#2751=CARTESIAN_POINT('Ctrl Pts',(4.7697079143835,13.4786727088159,3.80295626209848));
#2752=CARTESIAN_POINT('Ctrl Pts',(4.82765817258498,13.4607109370664,3.8012759686502));
#2753=CARTESIAN_POINT('Ctrl Pts',(4.88683691005705,13.4418686750942,3.79284290415232));
#2754=CARTESIAN_POINT('Ctrl Pts',(4.94274940508693,13.4235155124818,3.77796489500251));
#2755=CARTESIAN_POINT('Ctrl Pts',(4.9986619001168,13.4051623498695,3.76308688585269));
#2756=CARTESIAN_POINT('Ctrl Pts',(5.05130815270448,13.3872982866172,3.74176393205094));
#2757=CARTESIAN_POINT('Ctrl Pts',(5.09855808242558,13.3708700397674,3.71706469630514));
#2758=CARTESIAN_POINT('Ctrl Pts',(5.13399552971641,13.35854885463,3.69854026949579));
#2759=CARTESIAN_POINT('Ctrl Pts',(5.16639754539478,13.3470353162191,3.6781166840929));
#2760=CARTESIAN_POINT('Ctrl Pts',(5.19997517475823,13.3348448601788,3.6528754443541));
#2761=CARTESIAN_POINT('Ctrl Pts',(5.2055714463188,13.3328131175055,3.6486685710643));
#2762=CARTESIAN_POINT('Ctrl Pts',(5.21120037381507,13.3307625715646,3.64432787404295));
#2763=CARTESIAN_POINT('Ctrl Pts',(5.21682557616672,13.3287074576131,3.63983960122194));
#2764=CARTESIAN_POINT('Ctrl Pts',(5.22245077851836,13.3266523436616,3.63535132840094));
#2765=CARTESIAN_POINT('Ctrl Pts',(5.22807225572538,13.3245926616994,3.63071547978028));
#2766=CARTESIAN_POINT('Ctrl Pts',(5.23387856475281,13.3224544601147,3.62579455622011));
#2767=CARTESIAN_POINT('Ctrl Pts',(5.2803290369723,13.3053488474371,3.58642716773878));
#2768=CARTESIAN_POINT('Ctrl Pts',(5.33860874569865,13.2832179789178,3.52881498312896));
#2769=CARTESIAN_POINT('Ctrl Pts',(5.39202037240651,13.2620218103136,3.44022291291693));
#2770=CARTESIAN_POINT('Ctrl Pts',(5.41204973242195,13.254073247087,3.40700088658742));
#2771=CARTESIAN_POINT('Ctrl Pts',(5.43139451840355,13.246256126036,3.3694223138451));
#2772=CARTESIAN_POINT('Ctrl Pts',(5.44757517356525,13.2396483591972,3.32839117070716));
#2773=CARTESIAN_POINT('Ctrl Pts',(5.45027194942553,13.2385470647241,3.32155264685084));
#2774=CARTESIAN_POINT('Ctrl Pts',(5.45288083276304,13.2374793634235,3.3146182182613));
#2775=CARTESIAN_POINT('Ctrl Pts',(5.4554285947566,13.236434434084,3.30753787677372));
#2776=CARTESIAN_POINT('Ctrl Pts',(5.45797635675015,13.2353895047444,3.30045753528614));
#2777=CARTESIAN_POINT('Ctrl Pts',(5.46046299739976,13.2343673473659,3.29323128090051));
#2778=CARTESIAN_POINT('Ctrl Pts',(5.46286545636856,13.2333779560524,3.28590213942376));
#2779=CARTESIAN_POINT('Ctrl Pts',(5.47247529224377,13.2294203907985,3.25658557351676));
#2780=CARTESIAN_POINT('Ctrl Pts',(5.4807382212262,13.2259870825849,3.22562281415177));
#2781=CARTESIAN_POINT('Ctrl Pts',(5.48749698311981,13.2231654070974,3.18917505271218));
#2782=CARTESIAN_POINT('Ctrl Pts',(5.49087636406661,13.2217545693536,3.17095117199238));
#2783=CARTESIAN_POINT('Ctrl Pts',(5.49387970324121,13.2204966397914,3.15135604075394));
#2784=CARTESIAN_POINT('Ctrl Pts',(5.49616061222491,13.2195398451378,3.12862834633777));
#2785=CARTESIAN_POINT('Ctrl Pts',(5.49844152120857,13.2185830504842,3.10590065192191));
#2786=CARTESIAN_POINT('Ctrl Pts',(5.50000000000135,13.2179273907391,3.08004039432842));
#2787=CARTESIAN_POINT('Ctrl Pts',(5.50000000000136,13.2179273907391,3.05316628721364));
#2788=CARTESIAN_POINT('Origin',(5.50000000000136,0.,3.05316628721366));
#2789=CARTESIAN_POINT('',(5.50000000000136,0.,3.05316628721366));
#2790=CARTESIAN_POINT('Origin',(4.75000000000135,0.,3.05316628721366));
#2791=CARTESIAN_POINT('Ctrl Pts',(5.40886315975813,13.7440908799661,3.0980204768004));
#2792=CARTESIAN_POINT('Ctrl Pts',(5.07599495430294,15.1418248916895,2.95474455690759));
#2793=CARTESIAN_POINT('Ctrl Pts',(3.76885269844248,16.9636035414131,2.40842225326837));
#2794=CARTESIAN_POINT('Ctrl Pts',(1.07112867820913,18.0514635770439,1.97995404199292));
#2795=CARTESIAN_POINT('Ctrl Pts',(-1.15130922718096,18.0302164094349,1.98744684053974));
#2796=CARTESIAN_POINT('Ctrl Pts',(-3.8282109590132,16.8961611608653,2.42592744578788));
#2797=CARTESIAN_POINT('Ctrl Pts',(-5.10410533682558,15.0502655435918,2.96561980125471));
#2798=CARTESIAN_POINT('Ctrl Pts',(-5.41170744680665,13.6454129358201,3.09802047679574));
#2799=CARTESIAN_POINT('Ctrl Pts',(5.40533467277796,13.7589072132213,3.23149505768171));
#2800=CARTESIAN_POINT('Ctrl Pts',(5.0651683711163,15.1701481658657,3.08259230615014));
#2801=CARTESIAN_POINT('Ctrl Pts',(3.74082904544577,16.981464242587,2.52021550864296));
#2802=CARTESIAN_POINT('Ctrl Pts',(1.06164747492994,18.0503825812555,2.08453240494343));
#2803=CARTESIAN_POINT('Ctrl Pts',(-1.14108473016631,18.0295478815182,2.09215065061302));
#2804=CARTESIAN_POINT('Ctrl Pts',(-3.80037828664162,16.9146236603087,2.53829182267474));
#2805=CARTESIAN_POINT('Ctrl Pts',(-5.09424833095818,15.0780961371819,3.09410763345333));
#2806=CARTESIAN_POINT('Ctrl Pts',(-5.40869394525456,13.6591759282593,3.23175375104853));
#2807=CARTESIAN_POINT('Ctrl Pts',(5.32091831705223,13.7700043755779,3.49748526073641));
#2808=CARTESIAN_POINT('Ctrl Pts',(4.97569823256187,15.1890811215231,3.33741911907014));
#2809=CARTESIAN_POINT('Ctrl Pts',(3.64854022890712,16.9676946232668,2.74332098295794));
#2810=CARTESIAN_POINT('Ctrl Pts',(1.03405342778176,18.0005926975509,2.29331628393276));
#2811=CARTESIAN_POINT('Ctrl Pts',(-1.11117102566246,17.980499573749,2.30119305060253));
#2812=CARTESIAN_POINT('Ctrl Pts',(-3.70725823314645,16.9023383333485,2.76251888067427));
#2813=CARTESIAN_POINT('Ctrl Pts',(-5.00555547991294,15.0971224645002,3.35020352941765));
#2814=CARTESIAN_POINT('Ctrl Pts',(-5.32482401012414,13.66955372382,3.4982564800445));
#2815=CARTESIAN_POINT('Ctrl Pts',(4.9500812193716,13.7189889771068,3.81546243451532));
#2816=CARTESIAN_POINT('Ctrl Pts',(4.62897225092709,15.0817089014796,3.65052383887958));
#2817=CARTESIAN_POINT('Ctrl Pts',(3.39703880810762,16.7796747070692,3.04280179737771));
#2818=CARTESIAN_POINT('Ctrl Pts',(0.963853505871896,17.7645378328015,2.58789048398496));
#2819=CARTESIAN_POINT('Ctrl Pts',(-1.03488928156604,17.7453602547011,2.59582668234));
#2820=CARTESIAN_POINT('Ctrl Pts',(-3.45085341736292,16.7173053500466,3.06256141476161));
#2821=CARTESIAN_POINT('Ctrl Pts',(-4.6560473577428,14.9935536172778,3.66395739807141));
#2822=CARTESIAN_POINT('Ctrl Pts',(-4.95304941859264,13.6224798726488,3.81656424757243));
#2823=CARTESIAN_POINT('Ctrl Pts',(4.59332519083972,13.6336264003779,3.81203809187131));
#2824=CARTESIAN_POINT('Ctrl Pts',(4.3059932606491,14.9084873047127,3.66364043342878));
#2825=CARTESIAN_POINT('Ctrl Pts',(3.18674987503895,16.5399759621962,3.10770829936985));
#2826=CARTESIAN_POINT('Ctrl Pts',(0.906148218708674,17.5032816434064,2.6797921913518));
#2827=CARTESIAN_POINT('Ctrl Pts',(-0.972056589691449,17.4844941426574,2.68737195352999));
#2828=CARTESIAN_POINT('Ctrl Pts',(-3.23546092244196,16.4797658940454,3.12561948439877));
#2829=CARTESIAN_POINT('Ctrl Pts',(-4.32877932741938,14.8254177771355,3.67534643090112));
#2830=CARTESIAN_POINT('Ctrl Pts',(-4.59439502990331,13.5435187305717,3.8125650433004));
#2831=CARTESIAN_POINT('Ctrl Pts',(4.41860465116544,13.5819222121571,3.7259791310045));
#2832=CARTESIAN_POINT('Ctrl Pts',(4.14674967154809,14.8033654476271,3.59207640213272));
#2833=CARTESIAN_POINT('Ctrl Pts',(3.07920063712471,16.3953702136017,3.08149480994653));
#2834=CARTESIAN_POINT('Ctrl Pts',(0.875957141607032,17.346022677171,2.68105722931527));
#2835=CARTESIAN_POINT('Ctrl Pts',(-0.939118018979297,17.3274553325037,2.68805984477958));
#2836=CARTESIAN_POINT('Ctrl Pts',(-3.12535585671381,16.3364340792492,3.09785480295542));
#2837=CARTESIAN_POINT('Ctrl Pts',(-4.16738460680054,14.7233541254156,3.60224018189638));
#2838=CARTESIAN_POINT('Ctrl Pts',(-4.41860465115655,13.4956901348403,3.72597913100014));
#2839=CARTESIAN_POINT('',(-0.294018831299392,18.0000000000001,1.99987256420576));
#2840=CARTESIAN_POINT('Ctrl Pts',(0.314326997543679,17.9983266707884,2.00051173474311));
#2841=CARTESIAN_POINT('Ctrl Pts',(0.314331261153007,17.9983126517342,2.00564900460375));
#2842=CARTESIAN_POINT('Ctrl Pts',(0.313305674617113,17.9982967833867,2.0106227390402));
#2843=CARTESIAN_POINT('Ctrl Pts',(0.311416046792644,17.9982797950935,2.01540056936175));
#2844=CARTESIAN_POINT('Ctrl Pts',(0.309048108522573,17.9982585066531,2.02138778394433));
#2845=CARTESIAN_POINT('Ctrl Pts',(0.305418691590204,17.9982363375364,2.02682943634066));
#2846=CARTESIAN_POINT('Ctrl Pts',(0.301187396242155,17.9982150153325,2.03168618642443));
#2847=CARTESIAN_POINT('Ctrl Pts',(0.293726113414568,17.9981774166823,2.04025036902506));
#2848=CARTESIAN_POINT('Ctrl Pts',(0.283997240220968,17.9981405094104,2.04745801020357));
#2849=CARTESIAN_POINT('Ctrl Pts',(0.274249694286391,17.998108537783,2.05332189827596));
#2850=CARTESIAN_POINT('Ctrl Pts',(0.256556268516289,17.9980505039331,2.06396583563512));
#2851=CARTESIAN_POINT('Ctrl Pts',(0.2335850424584,17.9979911672054,2.07332018978887));
#2852=CARTESIAN_POINT('Ctrl Pts',(0.206414916555163,17.9979366001128,2.08104593332002));
#2853=CARTESIAN_POINT('Ctrl Pts',(0.199824849501235,17.9979233649588,2.08291979905376));
#2854=CARTESIAN_POINT('Ctrl Pts',(0.192987549789024,17.9979104035024,2.0846979714526));
#2855=CARTESIAN_POINT('Ctrl Pts',(0.185917987085006,17.99789777559,2.0863757790169));
#2856=CARTESIAN_POINT('Ctrl Pts',(0.158793138901088,17.9978493241903,2.09281327414479));
#2857=CARTESIAN_POINT('Ctrl Pts',(0.130130213322417,17.9978095135785,2.09734098472376));
#2858=CARTESIAN_POINT('Ctrl Pts',(0.101573696150806,17.9977784949213,2.10031516917979));
#2859=CARTESIAN_POINT('Ctrl Pts',(0.0874791824444073,17.9977631851801,2.10178312422939));
#2860=CARTESIAN_POINT('Ctrl Pts',(0.0734104191355889,17.9977497584009,2.10287183470016));
#2861=CARTESIAN_POINT('Ctrl Pts',(0.059564972063006,17.9977386787448,2.10361941143283));
#2862=CARTESIAN_POINT('Ctrl Pts',(0.0504452574118872,17.9977313808005,2.1041118250361));
#2863=CARTESIAN_POINT('Ctrl Pts',(0.0413039486545346,17.997724893982,2.10446358137395));
#2864=CARTESIAN_POINT('Ctrl Pts',(0.0321732439521894,17.9977192270117,2.10467777231773));
#2865=CARTESIAN_POINT('Ctrl Pts',(0.0275107542203364,17.9977163332382,2.10478714646886));
#2866=CARTESIAN_POINT('Ctrl Pts',(0.0228456626147309,17.9977136497846,2.10486077631479));
#2867=CARTESIAN_POINT('Ctrl Pts',(0.0181820352357717,17.9977111783759,2.10489883340893));
#2868=CARTESIAN_POINT('Ctrl Pts',(0.0145404765294852,17.9977092485948,2.10492855000746));
#2869=CARTESIAN_POINT('Ctrl Pts',(0.0108979111840013,17.9977074470842,2.10493659287747));
#2870=CARTESIAN_POINT('Ctrl Pts',(0.00725625417247139,17.9977057748482,
2.1049229763284));
#2871=CARTESIAN_POINT('Ctrl Pts',(0.00325292446036793,17.9977039365334,
2.10490800744603));
#2872=CARTESIAN_POINT('Ctrl Pts',(-0.000751412171215852,17.9977022534837,
2.10486685540261));
#2873=CARTESIAN_POINT('Ctrl Pts',(-0.00475420252642371,17.9977007272724,
2.10479945704429));
#2874=CARTESIAN_POINT('Ctrl Pts',(-0.0112010090044401,17.99769826919,2.10469090672452));
#2875=CARTESIAN_POINT('Ctrl Pts',(-0.0176513931480966,17.9976962151458,
2.10451414652842));
#2876=CARTESIAN_POINT('Ctrl Pts',(-0.0240943991478886,17.997694573176,2.10426843883376));
#2877=CARTESIAN_POINT('Ctrl Pts',(-0.044654897998693,17.9976893334296,2.10348435252781));
#2878=CARTESIAN_POINT('Ctrl Pts',(-0.065368385975252,17.9976882509845,2.10198942505982));
#2879=CARTESIAN_POINT('Ctrl Pts',(-0.0858085198514776,17.9976917248511,
2.0997167780153));
#2880=CARTESIAN_POINT('Ctrl Pts',(-0.119681879872372,17.9976974817376,2.09595055065077));
#2881=CARTESIAN_POINT('Ctrl Pts',(-0.15133227091087,17.9977155098819,2.09021436256591));
#2882=CARTESIAN_POINT('Ctrl Pts',(-0.179298031471135,17.9977433257079,2.08268877600075));
#2883=CARTESIAN_POINT('Ctrl Pts',(-0.192455987911508,17.9977564131197,2.07914796973521));
#2884=CARTESIAN_POINT('Ctrl Pts',(-0.204797609022297,17.9977716764387,2.0752105730225));
#2885=CARTESIAN_POINT('Ctrl Pts',(-0.21616689610635,17.9977886069896,2.07089417335295));
#2886=CARTESIAN_POINT('Ctrl Pts',(-0.227122661647534,17.9978049217457,2.06673476894949));
#2887=CARTESIAN_POINT('Ctrl Pts',(-0.241159353344978,17.9978298525013,2.0607064675114));
#2888=CARTESIAN_POINT('Ctrl Pts',(-0.25431060122579,17.9978605709702,2.05271261393329));
#2889=CARTESIAN_POINT('Ctrl Pts',(-0.261645145157325,17.9978777028775,2.04825438527072));
#2890=CARTESIAN_POINT('Ctrl Pts',(-0.268703952587174,17.9978968462296,2.04318391870083));
#2891=CARTESIAN_POINT('Ctrl Pts',(-0.274793461992788,17.9979177723597,2.03747956845828));
#2892=CARTESIAN_POINT('Ctrl Pts',(-0.280498932307861,17.9979373787692,2.03213496697927));
#2893=CARTESIAN_POINT('Ctrl Pts',(-0.285661459790568,17.9979593557023,2.02594814622013));
#2894=CARTESIAN_POINT('Ctrl Pts',(-0.28916936287616,17.9979820056561,2.01896810600682));
#2895=CARTESIAN_POINT('Ctrl Pts',(-0.290668049560036,17.9979916824297,2.01598601298276));
#2896=CARTESIAN_POINT('Ctrl Pts',(-0.291858471797494,17.9980014326865,2.01287069885561));
#2897=CARTESIAN_POINT('Ctrl Pts',(-0.292658742146251,17.9980110677795,2.00963049343573));
#2898=CARTESIAN_POINT('Ctrl Pts',(-0.293419870253834,17.9980202316079,2.0065487705864));
#2899=CARTESIAN_POINT('Ctrl Pts',(-0.293812618420933,17.9980291038276,2.00341643419951));
#2900=CARTESIAN_POINT('Ctrl Pts',(-0.293812026572857,17.9980375607516,2.00024194264462));
#2901=CARTESIAN_POINT('',(-5.41170744680664,13.6454129358201,3.09802047679573));
#2902=CARTESIAN_POINT('Ctrl Pts',(-0.293904211800563,17.9980325489925,2.00024383945124));
#2903=CARTESIAN_POINT('Ctrl Pts',(-0.570440329416836,17.9829960680241,2.0059347399811));
#2904=CARTESIAN_POINT('Ctrl Pts',(-1.5643236554163,17.8552450331959,2.05509923670928));
#2905=CARTESIAN_POINT('Ctrl Pts',(-3.8282109590132,16.8961611608653,2.42592744578788));
#2906=CARTESIAN_POINT('Ctrl Pts',(-5.10410533682558,15.0502655435918,2.96561980125471));
#2907=CARTESIAN_POINT('Ctrl Pts',(-5.41170744680665,13.6454129358201,3.09802047679574));
#2908=CARTESIAN_POINT('Origin',(-4.7279069767375,13.4956901348403,3.09802047679573));
#2909=CARTESIAN_POINT('Ctrl Pts',(-5.41170744681244,13.6454129357936,3.09802047679823));
#2910=CARTESIAN_POINT('Ctrl Pts',(-5.42169953777468,13.5997779593411,3.10232135624789));
#2911=CARTESIAN_POINT('Ctrl Pts',(-5.4358758232884,13.5309090929628,3.10416351011144));
#2912=CARTESIAN_POINT('Ctrl Pts',(-5.45086719121262,13.4502889139014,3.10196302083214));
#2913=CARTESIAN_POINT('Ctrl Pts',(-5.45901917064004,13.4040094492212,3.09944215427707));
#2914=CARTESIAN_POINT('Ctrl Pts',(-5.46664199316584,13.3590735139398,3.09621489147199));
#2915=CARTESIAN_POINT('Ctrl Pts',(-5.47582800388388,13.3018184339196,3.09059247494798));
#2916=CARTESIAN_POINT('Ctrl Pts',(-5.48373739320769,13.248017328494,3.08260759680246));
#2917=CARTESIAN_POINT('Ctrl Pts',(-5.48830757714729,13.2151643008188,3.07539652334859));
#2918=CARTESIAN_POINT('Ctrl Pts',(-5.49078053770751,13.1970049146742,3.07055713348412));
#2919=CARTESIAN_POINT('Ctrl Pts',(-5.49274833900285,13.1821418802027,3.06489388339599));
#2920=CARTESIAN_POINT('Ctrl Pts',(-5.49382455863647,13.1738925463363,3.05947219001024));
#2921=CARTESIAN_POINT('Ctrl Pts',(-5.49420564868279,13.1709495538479,3.05573190578177));
#2922=CARTESIAN_POINT('Ctrl Pts',(-5.49420564868279,13.1709495538479,3.05316628721234));
#2923=CARTESIAN_POINT('Ctrl Pts',(-5.40869394526043,13.6591759282329,3.23175375105148));
#2924=CARTESIAN_POINT('Ctrl Pts',(-5.42058655697528,13.6050469085803,3.22432826038781));
#2925=CARTESIAN_POINT('Ctrl Pts',(-5.43589872585105,13.5307489697895,3.21030893214235));
#2926=CARTESIAN_POINT('Ctrl Pts',(-5.45155760847226,13.4461649449595,3.19061653456061));
#2927=CARTESIAN_POINT('Ctrl Pts',(-5.45991605750091,13.3983897562812,3.178058631254));
#2928=CARTESIAN_POINT('Ctrl Pts',(-5.46769909075697,13.352276599622,3.16497671241981));
#2929=CARTESIAN_POINT('Ctrl Pts',(-5.476982383276,13.2940404454605,3.14634953337819));
#2930=CARTESIAN_POINT('Ctrl Pts',(-5.48490379143698,13.2397739348165,3.12437940113704));
#2931=CARTESIAN_POINT('Ctrl Pts',(-5.48945634747927,13.2067619835195,3.10616251560002));
#2932=CARTESIAN_POINT('Ctrl Pts',(-5.49191174868549,13.1885344257566,3.09424189559822));
#2933=CARTESIAN_POINT('Ctrl Pts',(-5.49386454551875,13.1736426544869,3.08068808070806));
#2934=CARTESIAN_POINT('Ctrl Pts',(-5.49492998662097,13.165382018598,3.06791369145183));
#2935=CARTESIAN_POINT('Ctrl Pts',(-5.49530780946755,13.1624368550498,3.0591622007917));
#2936=CARTESIAN_POINT('Ctrl Pts',(-5.49530780946755,13.1624368550498,3.05316628721234));
#2937=CARTESIAN_POINT('Ctrl Pts',(-5.32482568955921,13.6695544658779,3.49825995125616));
#2938=CARTESIAN_POINT('Ctrl Pts',(-5.35548290950318,13.6024774562743,3.46763674713234));
#2939=CARTESIAN_POINT('Ctrl Pts',(-5.38858483186864,13.5212299145192,3.4222141085053));
#2940=CARTESIAN_POINT('Ctrl Pts',(-5.4197318900206,13.4319284196815,3.3676904533674));
#2941=CARTESIAN_POINT('Ctrl Pts',(-5.43552156847649,13.3826469789346,3.33512062296392));
#2942=CARTESIAN_POINT('Ctrl Pts',(-5.44985117504634,13.3354355013398,3.30238841882479));
#2943=CARTESIAN_POINT('Ctrl Pts',(-5.46632847752333,13.2765360242261,3.25780671559436));
#2944=CARTESIAN_POINT('Ctrl Pts',(-5.47985040638497,13.2222416295369,3.20790118405475));
#2945=CARTESIAN_POINT('Ctrl Pts',(-5.48748872083734,13.189373646568,3.16768603327902));
#2946=CARTESIAN_POINT('Ctrl Pts',(-5.49159099952901,13.1712500571877,3.14160557626574));
#2947=CARTESIAN_POINT('Ctrl Pts',(-5.49481977102858,13.1564772059731,3.11227486628108));
#2948=CARTESIAN_POINT('Ctrl Pts',(-5.49657830906866,13.1482882001044,3.08479577577578));
#2949=CARTESIAN_POINT('Ctrl Pts',(-5.49719892123474,13.1453709069172,3.0660227902503));
#2950=CARTESIAN_POINT('Ctrl Pts',(-5.49719892123474,13.1453709069172,3.05316628721234));
#2951=CARTESIAN_POINT('Ctrl Pts',(-4.95304937651877,13.6224806388436,3.81657143765436));
#2952=CARTESIAN_POINT('Ctrl Pts',(-5.04913308426983,13.5547602001907,3.78545257463769));
#2953=CARTESIAN_POINT('Ctrl Pts',(-5.15562405636169,13.4759347976086,3.72211341395639));
#2954=CARTESIAN_POINT('Ctrl Pts',(-5.25480427819634,13.3897304262267,3.63509544536999));
#2955=CARTESIAN_POINT('Ctrl Pts',(-5.30507518127298,13.3424358374154,3.58006078939852));
#2956=CARTESIAN_POINT('Ctrl Pts',(-5.35054443009256,13.2971590361875,3.52313875263546));
#2957=CARTESIAN_POINT('Ctrl Pts',(-5.40265226000681,13.2407910978339,3.44292273410512));
#2958=CARTESIAN_POINT('Ctrl Pts',(-5.44514810228793,13.1888771252796,3.3498295105959));
#2959=CARTESIAN_POINT('Ctrl Pts',(-5.46907401952185,13.157460568363,3.27346133188206));
#2960=CARTESIAN_POINT('Ctrl Pts',(-5.48190269886769,13.1401371509002,3.22367745934429));
#2961=CARTESIAN_POINT('Ctrl Pts',(-5.49198602452771,13.1260185610649,3.16729272368154));
#2962=CARTESIAN_POINT('Ctrl Pts',(-5.49747184385688,13.1181919393622,3.11428834026942));
#2963=CARTESIAN_POINT('Ctrl Pts',(-5.49940775302466,13.1154039858963,3.07801257672443));
#2964=CARTESIAN_POINT('Ctrl Pts',(-5.49940775302466,13.1154039858963,3.05316628721234));
#2965=CARTESIAN_POINT('Ctrl Pts',(-4.59439502990461,13.5435187305478,3.81256504330243));
#2966=CARTESIAN_POINT('Ctrl Pts',(-4.72766040802052,13.4929312291884,3.83466753475428));
#2967=CARTESIAN_POINT('Ctrl Pts',(-4.89470954596824,13.4257457424339,3.81669178265462));
#2968=CARTESIAN_POINT('Ctrl Pts',(-5.0598168155483,13.3493351333311,3.75167606635299));
#2969=CARTESIAN_POINT('Ctrl Pts',(-5.14654133121791,13.3063165795889,3.70137779444191));
#2970=CARTESIAN_POINT('Ctrl Pts',(-5.22620820657985,13.2648007630452,3.64466498974224));
#2971=CARTESIAN_POINT('Ctrl Pts',(-5.319812536465,13.2124080387492,3.55642658397508));
#2972=CARTESIAN_POINT('Ctrl Pts',(-5.3981737341913,13.1635747923688,3.44317921545018));
#2973=CARTESIAN_POINT('Ctrl Pts',(-5.44285564659294,13.133858759333,3.34543985353471));
#2974=CARTESIAN_POINT('Ctrl Pts',(-5.46692437821421,13.1174456854795,3.2806846381841));
#2975=CARTESIAN_POINT('Ctrl Pts',(-5.48595179219971,13.1040367269676,3.2060831303319));
#2976=CARTESIAN_POINT('Ctrl Pts',(-5.49633181349284,13.0965967174507,3.13523635081126));
#2977=CARTESIAN_POINT('Ctrl Pts',(-5.49999999999864,13.0939446092971,3.08654771708181));
#2978=CARTESIAN_POINT('Ctrl Pts',(-5.49999999999864,13.0939446092971,3.05316628721234));
#2979=CARTESIAN_POINT('Ctrl Pts',(-4.41860465115762,13.4956901348172,3.72597913100067));
#2980=CARTESIAN_POINT('Ctrl Pts',(-4.54958205971667,13.4558109211605,3.79049232274553));
#2981=CARTESIAN_POINT('Ctrl Pts',(-4.73540634280193,13.3956282181091,3.81812463069885));
#2982=CARTESIAN_POINT('Ctrl Pts',(-4.931914814241,13.3251763499204,3.78511729150922));
#2983=CARTESIAN_POINT('Ctrl Pts',(-5.03877184187068,13.2847339348395,3.74730429318327));
#2984=CARTESIAN_POINT('Ctrl Pts',(-5.13869262362781,13.245465594999,3.69889535110705));
#2985=CARTESIAN_POINT('Ctrl Pts',(-5.25910384520214,13.1954318764228,3.61455910324686));
#2986=CARTESIAN_POINT('Ctrl Pts',(-5.36278097552774,13.1484164960058,3.49478593106411));
#2987=CARTESIAN_POINT('Ctrl Pts',(-5.42268744068201,13.1197070934428,3.38661982925605));
#2988=CARTESIAN_POINT('Ctrl Pts',(-5.45510327505248,13.1038380803254,3.31402898128898));
#2989=CARTESIAN_POINT('Ctrl Pts',(-5.48089742716695,13.0908496628143,3.22908022996703));
#2990=CARTESIAN_POINT('Ctrl Pts',(-5.49500463047262,13.0836407854716,3.1477548291809));
#2991=CARTESIAN_POINT('Ctrl Pts',(-5.49999999999864,13.081068981225,3.09165056575382));
#2992=CARTESIAN_POINT('Ctrl Pts',(-5.49999999999864,13.081068981225,3.05316628721234));
#2993=CARTESIAN_POINT('',(-5.49420564868279,13.1709495538479,3.05316628721234));
#2994=CARTESIAN_POINT('',(-5.49999999999864,13.081068981225,3.05316628721234));
#2995=CARTESIAN_POINT('Origin',(-4.79999999999864,13.081068981225,3.05316628721234));
#2996=CARTESIAN_POINT('Ctrl Pts',(-5.49999999999864,13.081068981225,3.05316628721234));
#2997=CARTESIAN_POINT('Ctrl Pts',(-5.49999999999864,13.081068981225,3.09165056575382));
#2998=CARTESIAN_POINT('Ctrl Pts',(-5.49500463047262,13.0836407854716,3.1477548291809));
#2999=CARTESIAN_POINT('Ctrl Pts',(-5.48089742716695,13.0908496628143,3.22908022996703));
#3000=CARTESIAN_POINT('Ctrl Pts',(-5.45510327505248,13.1038380803254,3.31402898128898));
#3001=CARTESIAN_POINT('Ctrl Pts',(-5.42268744068201,13.1197070934428,3.38661982925605));
#3002=CARTESIAN_POINT('Ctrl Pts',(-5.36278097552774,13.1484164960058,3.49478593106411));
#3003=CARTESIAN_POINT('Ctrl Pts',(-5.25910384520214,13.1954318764228,3.61455910324686));
#3004=CARTESIAN_POINT('Ctrl Pts',(-5.13869262362781,13.245465594999,3.69889535110705));
#3005=CARTESIAN_POINT('Ctrl Pts',(-5.03877184187068,13.2847339348395,3.74730429318327));
#3006=CARTESIAN_POINT('Ctrl Pts',(-4.931914814241,13.3251763499204,3.78511729150922));
#3007=CARTESIAN_POINT('Ctrl Pts',(-4.73540634280193,13.3956282181091,3.81812463069885));
#3008=CARTESIAN_POINT('Ctrl Pts',(-4.54958205971667,13.4558109211605,3.79049232274553));
#3009=CARTESIAN_POINT('Ctrl Pts',(-4.41860465115762,13.4956901348172,3.72597913100067));
#3010=CARTESIAN_POINT('Ctrl Pts',(-5.41170744681244,13.6454129357936,3.09802047679823));
#3011=CARTESIAN_POINT('Ctrl Pts',(-5.42169953777468,13.5997779593411,3.10232135624789));
#3012=CARTESIAN_POINT('Ctrl Pts',(-5.4358758232884,13.5309090929628,3.10416351011144));
#3013=CARTESIAN_POINT('Ctrl Pts',(-5.45086719121262,13.4502889139014,3.10196302083214));
#3014=CARTESIAN_POINT('Ctrl Pts',(-5.45901917064004,13.4040094492212,3.09944215427707));
#3015=CARTESIAN_POINT('Ctrl Pts',(-5.46664199316584,13.3590735139398,3.09621489147199));
#3016=CARTESIAN_POINT('Ctrl Pts',(-5.47582800388388,13.3018184339196,3.09059247494798));
#3017=CARTESIAN_POINT('Ctrl Pts',(-5.48373739320769,13.248017328494,3.08260759680246));
#3018=CARTESIAN_POINT('Ctrl Pts',(-5.48830757714729,13.2151643008188,3.07539652334859));
#3019=CARTESIAN_POINT('Ctrl Pts',(-5.49078053770751,13.1970049146742,3.07055713348412));
#3020=CARTESIAN_POINT('Ctrl Pts',(-5.49274833900285,13.1821418802027,3.06489388339599));
#3021=CARTESIAN_POINT('Ctrl Pts',(-5.49382455863647,13.1738925463363,3.05947219001024));
#3022=CARTESIAN_POINT('Ctrl Pts',(-5.49420564868279,13.1709495538479,3.05573190578177));
#3023=CARTESIAN_POINT('Ctrl Pts',(-5.49420564868279,13.1709495538479,3.05316628721234));
#3024=CARTESIAN_POINT('Origin',(-4.79999999999998,13.0810689812147,0.));
#3025=CARTESIAN_POINT('',(-5.49420564868431,13.1709495538362,-0.00318290417393805));
#3026=CARTESIAN_POINT('',(-5.49999999999998,13.0810689812147,-0.00318290417363254));
#3027=CARTESIAN_POINT('Origin',(-4.79999999999998,13.0810689812147,-0.00318290417393805));
#3028=CARTESIAN_POINT('',(-5.49999999999998,13.0810689812147,3.05508704754074E-13));
#3029=CARTESIAN_POINT('',(-5.49420564868431,13.1709495538362,0.));
#3030=CARTESIAN_POINT('Ctrl Pts',(-5.49420564868432,13.1709495538362,-0.00318291322723775));
#3031=CARTESIAN_POINT('Ctrl Pts',(-5.49420565128314,13.1709495337638,-0.17877390175646));
#3032=CARTESIAN_POINT('Ctrl Pts',(-5.46920174627605,13.3607881951342,-0.401659700300055));
#3033=CARTESIAN_POINT('Ctrl Pts',(-5.37437280478278,13.8398779426843,-0.836827868238242));
#3034=CARTESIAN_POINT('Ctrl Pts',(-5.26152919168007,14.2233775010126,-1.1172279183241));
#3035=CARTESIAN_POINT('Ctrl Pts',(-5.14397044146924,14.517596626193,-1.33341542451817));
#3036=CARTESIAN_POINT('Ctrl Pts',(-5.49806321143086,13.1411551080433,-0.003182910201014));
#3037=CARTESIAN_POINT('Ctrl Pts',(-5.49806321381356,13.1411550887855,-0.19255230328246));
#3038=CARTESIAN_POINT('Ctrl Pts',(-5.47509085765587,13.3232684129391,-0.432927823168003));
#3039=CARTESIAN_POINT('Ctrl Pts',(-5.38796311370594,13.784023715221,-0.902488011123588));
#3040=CARTESIAN_POINT('Ctrl Pts',(-5.28383042517366,14.1544787252692,-1.20533505819239));
#3041=CARTESIAN_POINT('Ctrl Pts',(-5.1746520897569,14.440808401564,-1.43931897299325));
#3042=CARTESIAN_POINT('Ctrl Pts',(-5.49999999999998,13.1111121133825,-0.00318290717480409));
#3043=CARTESIAN_POINT('Ctrl Pts',(-5.50000000245053,13.1111120949832,-0.206330632829241));
#3044=CARTESIAN_POINT('Ctrl Pts',(-5.47636993586668,13.2851122870569,-0.464205369144827));
#3045=CARTESIAN_POINT('Ctrl Pts',(-5.38685459879868,13.7248295018972,-0.968141552162898));
#3046=CARTESIAN_POINT('Ctrl Pts',(-5.28001971496591,14.0776289184842,-1.29341976498679));
#3047=CARTESIAN_POINT('Ctrl Pts',(-5.16839404879232,14.3494211103757,-1.54503149053237));
#3048=CARTESIAN_POINT('Ctrl Pts',(-5.49999999999998,13.0810689812147,-0.00318290417363034));
#3049=CARTESIAN_POINT('Ctrl Pts',(-5.50000000280416,13.081068963674,-0.219994947936848));
#3050=CARTESIAN_POINT('Ctrl Pts',(-5.4730010717672,13.2469640100968,-0.495058871746904));
#3051=CARTESIAN_POINT('Ctrl Pts',(-5.37106789669592,13.6656280237216,-1.03026021829541));
#3052=CARTESIAN_POINT('Ctrl Pts',(-5.25041018899928,14.0007582683869,-1.37243728828012));
#3053=CARTESIAN_POINT('Ctrl Pts',(-5.12618472819771,14.2578686750761,-1.63385649494313));
#3054=CARTESIAN_POINT('Ctrl Pts',(-5.18690690606951,14.1264479376617,-1.49990160380952));
#3055=CARTESIAN_POINT('Ctrl Pts',(-5.28222897897256,13.9106032179115,-1.27897374826504));
#3056=CARTESIAN_POINT('Ctrl Pts',(-5.3809332714583,13.625108561917,-0.978461950917398));
#3057=CARTESIAN_POINT('Ctrl Pts',(-5.4730010717672,13.2469640100968,-0.495058871746904));
#3058=CARTESIAN_POINT('Ctrl Pts',(-5.50000000280416,13.081068963674,-0.219994947936848));
#3059=CARTESIAN_POINT('Ctrl Pts',(-5.49999999999998,13.0810689812147,-0.00318290417363034));
#3060=CARTESIAN_POINT('Ctrl Pts',(-5.49420564868432,13.1709495538362,-0.00318291322723775));
#3061=CARTESIAN_POINT('Ctrl Pts',(-5.49420565128314,13.1709495337638,-0.17877390175646));
#3062=CARTESIAN_POINT('Ctrl Pts',(-5.46920174627605,13.3607881951342,-0.401659700300055));
#3063=CARTESIAN_POINT('Ctrl Pts',(-5.40685247638598,13.6757858688527,-0.687779287032647));
#3064=CARTESIAN_POINT('Ctrl Pts',(-5.35937686799775,13.8650872761748,-0.841320183348772));
#3065=CARTESIAN_POINT('Ctrl Pts',(-5.32561266209624,13.9833821578384,-0.933465782216802));
#3066=CARTESIAN_POINT('Origin',(-4.74999999999864,0.,3.05316628721234));
#3067=CARTESIAN_POINT('',(-5.49999999999864,0.,3.05316628721234));
#3068=CARTESIAN_POINT('Origin',(-5.49999999999998,0.,-0.00318290417363254));
#3069=CARTESIAN_POINT('',(-5.49999999999998,3.,-0.00318290417363254));
#3070=CARTESIAN_POINT('',(-5.49999999999998,0.,-0.00318290417363254));
#3071=CARTESIAN_POINT('Ctrl Pts',(-0.373865580171024,0.,-4.49277439151084));
#3072=CARTESIAN_POINT('Ctrl Pts',(-5.5000000543712,0.,-4.20701645183059));
#3073=CARTESIAN_POINT('Ctrl Pts',(-5.49999999999998,0.,-0.00318290417363034));
#3074=CARTESIAN_POINT('Ctrl Pts',(-0.373865580171024,14.1267275898975,-4.49277439151084));
#3075=CARTESIAN_POINT('Ctrl Pts',(-5.5000000543712,14.1267275898975,-4.20701645183059));
#3076=CARTESIAN_POINT('Ctrl Pts',(-5.49999999999998,14.1267275898975,-0.00318290417363034));
#3077=CARTESIAN_POINT('Origin',(-5.99520433297585E-13,18.,-0.348416856392081));
#3078=CARTESIAN_POINT('',(-0.294018831300565,18.,0.));
#3079=CARTESIAN_POINT('Origin',(0.,3.,-2.2));
#3080=CARTESIAN_POINT('Origin',(0.00985342302721905,12.4583250137662,0.));
#3081=UNCERTAINTY_MEASURE_WITH_UNIT(LENGTH_MEASURE(0.01),#3085,
'DISTANCE_ACCURACY_VALUE',
'Maximum model space distance between geometric entities at asserted c
onnectivities');
#3082=UNCERTAINTY_MEASURE_WITH_UNIT(LENGTH_MEASURE(0.01),#3085,
'DISTANCE_ACCURACY_VALUE',
'Maximum model space distance between geometric entities at asserted c
onnectivities');
#3083=(
GEOMETRIC_REPRESENTATION_CONTEXT(3)
GLOBAL_UNCERTAINTY_ASSIGNED_CONTEXT((#3081))
GLOBAL_UNIT_ASSIGNED_CONTEXT((#3085,#3087,#3088))
REPRESENTATION_CONTEXT('','3D')
);
#3084=(
GEOMETRIC_REPRESENTATION_CONTEXT(3)
GLOBAL_UNCERTAINTY_ASSIGNED_CONTEXT((#3082))
GLOBAL_UNIT_ASSIGNED_CONTEXT((#3085,#3087,#3088))
REPRESENTATION_CONTEXT('','3D')
);
#3085=(
LENGTH_UNIT()
NAMED_UNIT(*)
SI_UNIT(.MILLI.,.METRE.)
);
#3086=(
LENGTH_UNIT()
NAMED_UNIT(*)
SI_UNIT($,.METRE.)
);
#3087=(
NAMED_UNIT(*)
PLANE_ANGLE_UNIT()
SI_UNIT($,.RADIAN.)
);
#3088=(
NAMED_UNIT(*)
SI_UNIT($,.STERADIAN.)
SOLID_ANGLE_UNIT()
);
#3089=SHAPE_DEFINITION_REPRESENTATION(#3090,#3091);
#3090=PRODUCT_DEFINITION_SHAPE('',$,#3093);
#3091=SHAPE_REPRESENTATION('',(#1068),#3083);
#3092=PRODUCT_DEFINITION_CONTEXT('part definition',#3097,'design');
#3093=PRODUCT_DEFINITION('2026-08-27-17-11-11-666','(Unsaved)',#3094,#3092);
#3094=PRODUCT_DEFINITION_FORMATION('',$,#3099);
#3095=PRODUCT_RELATED_PRODUCT_CATEGORY('(Unsaved)','(Unsaved)',(#3099));
#3096=APPLICATION_PROTOCOL_DEFINITION('international standard',
'automotive_design',2009,#3097);
#3097=APPLICATION_CONTEXT(
'Core Data for Automotive Mechanical Design Process');
#3098=PRODUCT_CONTEXT('part definition',#3097,'mechanical');
#3099=PRODUCT('2026-08-27-17-11-11-666','(Unsaved)',$,(#3098));
#3100=PRESENTATION_STYLE_ASSIGNMENT((#3101));
#3101=SURFACE_STYLE_USAGE(.BOTH.,#3102);
#3102=SURFACE_SIDE_STYLE('',(#3103));
#3103=SURFACE_STYLE_FILL_AREA(#3104);
#3104=FILL_AREA_STYLE('Steel - Satin',(#3105));
#3105=FILL_AREA_STYLE_COLOUR('Steel - Satin',#3106);
#3106=COLOUR_RGB('Steel - Satin',0.627450980392157,0.627450980392157,0.627450980392157);
ENDSEC;
END-ISO-10303-21;
