ISO-10303-21;
HEADER;
/* Generated by software containing ST-Developer
 * from STEP Tools, Inc. (www.steptools.com) 
 */

FILE_DESCRIPTION(
/* description */ (''),
/* implementation_level */ '2;1');

FILE_NAME(
/* name */ 'zero_finger2_mcp_center_v3.step',
/* time_stamp */ '2026-08-27T17:11:07+02:00',
/* author */ (''),
/* organization */ (''),
/* preprocessor_version */ 'ST-DEVELOPER v20.1',
/* originating_system */ 'Autodesk Translation Framework v15.8.0.0',
/* authorisation */ '');

FILE_SCHEMA (('AUTOMOTIVE_DESIGN { 1 0 10303 214 3 1 1 }'));
ENDSEC;

DATA;
#10=MECHANICAL_DESIGN_GEOMETRIC_PRESENTATION_REPRESENTATION('',(#13),#6245);
#11=SHAPE_REPRESENTATION_RELATIONSHIP('SRR','None',#6252,#12);
#12=ADVANCED_BREP_SHAPE_REPRESENTATION('',(#14),#6244);
#13=STYLED_ITEM('',(#6261),#14);
#14=MANIFOLD_SOLID_BREP('zero_finger2_mcp_center_v3',#2259);
#15=FACE_BOUND('',#408,.T.);
#16=FACE_BOUND('',#412,.T.);
#17=FACE_BOUND('',#437,.T.);
#18=FACE_BOUND('',#438,.T.);
#19=FACE_BOUND('',#440,.T.);
#20=FACE_BOUND('',#463,.T.);
#21=FACE_BOUND('',#464,.T.);
#22=FACE_BOUND('',#466,.T.);
#23=ELLIPSE('',#2383,6.60000000000001,4.5);
#24=ELLIPSE('',#2391,6.60000000000001,4.5);
#25=CONICAL_SURFACE('',#2325,2.275,0.785398163397447);
#26=CONICAL_SURFACE('',#2334,2.275,0.785398163397448);
#27=CONICAL_SURFACE('',#2344,0.5,0.785398163397447);
#28=CONICAL_SURFACE('',#2347,11.15,0.785398163397448);
#29=CONICAL_SURFACE('',#2350,0.5,0.785398163397448);
#30=CONICAL_SURFACE('',#2353,2.55,0.785398163397448);
#31=CONICAL_SURFACE('',#2355,2.55,0.785398163397447);
#32=CONICAL_SURFACE('',#2365,0.5,0.785398163397448);
#33=CONICAL_SURFACE('',#2367,11.15,0.785398163397448);
#34=CONICAL_SURFACE('',#2369,0.5,0.785398163397447);
#35=CONICAL_SURFACE('',#2372,2.55,0.785398163397448);
#36=CONICAL_SURFACE('',#2373,2.55,0.785398163397448);
#37=CONICAL_SURFACE('',#2387,2.275,0.785398163397448);
#38=CONICAL_SURFACE('',#2397,2.275,0.785398163397447);
#39=CONICAL_SURFACE('',#2403,1.125,0.785398163397454);
#40=CONICAL_SURFACE('',#2404,1.125,0.78539816339745);
#41=TOROIDAL_SURFACE('',#2322,1.025,0.4);
#42=TOROIDAL_SURFACE('',#2331,1.025,0.4);
#43=(
BOUNDED_SURFACE()
B_SPLINE_SURFACE(2,2,((#3228,#3229,#3230,#3231,#3232),(#3233,#3234,#3235,
#3236,#3237),(#3238,#3239,#3240,#3241,#3242)),.UNSPECIFIED.,.F.,.F.,.F.)
B_SPLINE_SURFACE_WITH_KNOTS((3,3),(3,2,3),(-1.18639955229926,0.),(-1.5707963267949,
0.,1.5707963267949),.UNSPECIFIED.)
GEOMETRIC_REPRESENTATION_ITEM()
RATIONAL_B_SPLINE_SURFACE(((1.,0.707106781186547,1.,0.707106781186547,1.),
(0.829156197588868,0.586301969977941,0.829156197588868,0.586301969977941,
0.829156197588868),(1.,0.707106781186547,1.,0.707106781186547,1.)))
REPRESENTATION_ITEM('')
SURFACE()
);
#44=(
BOUNDED_SURFACE()
B_SPLINE_SURFACE(1,2,((#5634,#5635,#5636,#5637,#5638),(#5639,#5640,#5641,
#5642,#5643)),.UNSPECIFIED.,.F.,.F.,.F.)
B_SPLINE_SURFACE_WITH_KNOTS((2,2),(3,2,3),(-0.303030303030303,3.93939393939393),
(-3.14159272347448,-1.57079636139121,6.9205378321021E-10),.UNSPECIFIED.)
GEOMETRIC_REPRESENTATION_ITEM()
RATIONAL_B_SPLINE_SURFACE(((1.,0.707106768710224,1.,0.707106768710224,1.),
(1.,0.707106768710224,1.,0.707106768710224,1.)))
REPRESENTATION_ITEM('')
SURFACE()
);
#45=(
BOUNDED_SURFACE()
B_SPLINE_SURFACE(5,1,((#5694,#5695),(#5696,#5697),(#5698,#5699),(#5700,
#5701),(#5702,#5703),(#5704,#5705),(#5706,#5707),(#5708,#5709),(#5710,#5711),
(#5712,#5713),(#5714,#5715),(#5716,#5717),(#5718,#5719),(#5720,#5721),(#5722,
#5723),(#5724,#5725),(#5726,#5727),(#5728,#5729),(#5730,#5731),(#5732,#5733),
(#5734,#5735),(#5736,#5737),(#5738,#5739),(#5740,#5741),(#5742,#5743),(#5744,
#5745),(#5746,#5747),(#5748,#5749),(#5750,#5751),(#5752,#5753)),
 .UNSPECIFIED.,.F.,.F.,.F.)
B_SPLINE_SURFACE_WITH_KNOTS((6,5,1,1,1,1,1,1,1,1,1,1,1,1,1,1,1,1,1,1,1,
6),(2,2),(-1.2737157517804,0.,0.05,0.1,0.15,0.2,0.25,0.3,0.35,0.4,0.45,
0.5,0.55,0.6,0.65,0.7,0.75,0.8,0.85,0.9,0.95,1.),(-0.31,0.694000000000001),
 .UNSPECIFIED.)
GEOMETRIC_REPRESENTATION_ITEM()
RATIONAL_B_SPLINE_SURFACE(((1.,1.),(1.,1.),(1.,1.),(1.,1.),(1.,1.),(1.,
1.),(1.,1.),(1.,1.),(1.,1.),(1.,1.),(1.,1.),(1.,1.),(1.,1.),(1.,1.),(1.,
1.),(1.,1.),(1.,1.),(1.,1.),(1.,1.),(1.,1.),(1.,1.),(1.,1.),(1.,1.),(1.,
1.),(1.,1.),(1.,1.),(1.,1.),(1.,1.),(1.,1.),(1.,1.)))
REPRESENTATION_ITEM('')
SURFACE()
);
#46=(
BOUNDED_SURFACE()
B_SPLINE_SURFACE(5,1,((#5793,#5794),(#5795,#5796),(#5797,#5798),(#5799,
#5800),(#5801,#5802),(#5803,#5804),(#5805,#5806),(#5807,#5808),(#5809,#5810),
(#5811,#5812),(#5813,#5814),(#5815,#5816),(#5817,#5818),(#5819,#5820),(#5821,
#5822),(#5823,#5824),(#5825,#5826),(#5827,#5828),(#5829,#5830),(#5831,#5832),
(#5833,#5834),(#5835,#5836),(#5837,#5838),(#5839,#5840),(#5841,#5842),(#5843,
#5844),(#5845,#5846),(#5847,#5848),(#5849,#5850),(#5851,#5852)),
 .UNSPECIFIED.,.F.,.F.,.F.)
B_SPLINE_SURFACE_WITH_KNOTS((6,1,1,1,1,1,1,1,1,1,1,1,1,1,1,1,1,1,1,1,5,
6),(2,2),(0.,0.05,0.1,0.15,0.2,0.25,0.3,0.35,0.4,0.45,0.5,0.55,0.6,0.65,
0.7,0.75,0.8,0.85,0.9,0.95,1.,2.26599932864734),(-0.694,0.31),
 .UNSPECIFIED.)
GEOMETRIC_REPRESENTATION_ITEM()
RATIONAL_B_SPLINE_SURFACE(((1.,1.),(1.,1.),(1.,1.),(1.,1.),(1.,1.),(1.,
1.),(1.,1.),(1.,1.),(1.,1.),(1.,1.),(1.,1.),(1.,1.),(1.,1.),(1.,1.),(1.,
1.),(1.,1.),(1.,1.),(1.,1.),(1.,1.),(1.,1.),(1.,1.),(1.,1.),(1.,1.),(1.,
1.),(1.,1.),(1.,1.),(1.,1.),(1.,1.),(1.,1.),(1.,1.)))
REPRESENTATION_ITEM('')
SURFACE()
);
#47=(
BOUNDED_SURFACE()
B_SPLINE_SURFACE(5,1,((#5920,#5921),(#5922,#5923),(#5924,#5925),(#5926,
#5927),(#5928,#5929),(#5930,#5931),(#5932,#5933),(#5934,#5935),(#5936,#5937),
(#5938,#5939),(#5940,#5941),(#5942,#5943),(#5944,#5945),(#5946,#5947),(#5948,
#5949),(#5950,#5951),(#5952,#5953),(#5954,#5955),(#5956,#5957),(#5958,#5959),
(#5960,#5961),(#5962,#5963),(#5964,#5965),(#5966,#5967),(#5968,#5969),(#5970,
#5971),(#5972,#5973),(#5974,#5975),(#5976,#5977),(#5978,#5979)),
 .UNSPECIFIED.,.F.,.F.,.F.)
B_SPLINE_SURFACE_WITH_KNOTS((6,5,1,1,1,1,1,1,1,1,1,1,1,1,1,1,1,1,1,1,1,
6),(2,2),(-1.2737157517804,0.,0.05,0.1,0.15,0.2,0.25,0.3,0.35,0.4,0.45,
0.5,0.55,0.6,0.65,0.7,0.75,0.8,0.85,0.9,0.95,1.),(-0.31,0.694000000000001),
 .UNSPECIFIED.)
GEOMETRIC_REPRESENTATION_ITEM()
RATIONAL_B_SPLINE_SURFACE(((1.,1.),(1.,1.),(1.,1.),(1.,1.),(1.,1.),(1.,
1.),(1.,1.),(1.,1.),(1.,1.),(1.,1.),(1.,1.),(1.,1.),(1.,1.),(1.,1.),(1.,
1.),(1.,1.),(1.,1.),(1.,1.),(1.,1.),(1.,1.),(1.,1.),(1.,1.),(1.,1.),(1.,
1.),(1.,1.),(1.,1.),(1.,1.),(1.,1.),(1.,1.),(1.,1.)))
REPRESENTATION_ITEM('')
SURFACE()
);
#48=(
BOUNDED_SURFACE()
B_SPLINE_SURFACE(5,1,((#5992,#5993),(#5994,#5995),(#5996,#5997),(#5998,
#5999),(#6000,#6001),(#6002,#6003),(#6004,#6005),(#6006,#6007),(#6008,#6009),
(#6010,#6011),(#6012,#6013),(#6014,#6015),(#6016,#6017),(#6018,#6019),(#6020,
#6021),(#6022,#6023),(#6024,#6025),(#6026,#6027),(#6028,#6029),(#6030,#6031),
(#6032,#6033),(#6034,#6035),(#6036,#6037),(#6038,#6039),(#6040,#6041),(#6042,
#6043),(#6044,#6045),(#6046,#6047),(#6048,#6049),(#6050,#6051)),
 .UNSPECIFIED.,.F.,.F.,.F.)
B_SPLINE_SURFACE_WITH_KNOTS((6,5,1,1,1,1,1,1,1,1,1,1,1,1,1,1,1,1,1,1,1,
6),(2,2),(-1.2737157517804,0.,0.05,0.1,0.15,0.2,0.25,0.3,0.35,0.4,0.45,
0.5,0.55,0.6,0.65,0.7,0.75,0.8,0.85,0.9,0.95,1.),(-0.694,0.266),
 .UNSPECIFIED.)
GEOMETRIC_REPRESENTATION_ITEM()
RATIONAL_B_SPLINE_SURFACE(((1.,1.),(1.,1.),(1.,1.),(1.,1.),(1.,1.),(1.,
1.),(1.,1.),(1.,1.),(1.,1.),(1.,1.),(1.,1.),(1.,1.),(1.,1.),(1.,1.),(1.,
1.),(1.,1.),(1.,1.),(1.,1.),(1.,1.),(1.,1.),(1.,1.),(1.,1.),(1.,1.),(1.,
1.),(1.,1.),(1.,1.),(1.,1.),(1.,1.),(1.,1.),(1.,1.)))
REPRESENTATION_ITEM('')
SURFACE()
);
#49=(
BOUNDED_SURFACE()
B_SPLINE_SURFACE(5,1,((#6064,#6065),(#6066,#6067),(#6068,#6069),(#6070,
#6071),(#6072,#6073),(#6074,#6075),(#6076,#6077),(#6078,#6079),(#6080,#6081),
(#6082,#6083),(#6084,#6085),(#6086,#6087),(#6088,#6089),(#6090,#6091),(#6092,
#6093),(#6094,#6095),(#6096,#6097),(#6098,#6099),(#6100,#6101),(#6102,#6103),
(#6104,#6105),(#6106,#6107),(#6108,#6109),(#6110,#6111),(#6112,#6113),(#6114,
#6115),(#6116,#6117),(#6118,#6119),(#6120,#6121),(#6122,#6123)),
 .UNSPECIFIED.,.F.,.F.,.F.)
B_SPLINE_SURFACE_WITH_KNOTS((6,1,1,1,1,1,1,1,1,1,1,1,1,1,1,1,1,1,1,1,5,
6),(2,2),(0.,0.05,0.1,0.15,0.2,0.25,0.3,0.35,0.4,0.45,0.5,0.55,0.6,0.65,
0.7,0.75,0.8,0.85,0.9,0.95,1.,2.26599932864734),(-0.694,0.31),
 .UNSPECIFIED.)
GEOMETRIC_REPRESENTATION_ITEM()
RATIONAL_B_SPLINE_SURFACE(((1.,1.),(1.,1.),(1.,1.),(1.,1.),(1.,1.),(1.,
1.),(1.,1.),(1.,1.),(1.,1.),(1.,1.),(1.,1.),(1.,1.),(1.,1.),(1.,1.),(1.,
1.),(1.,1.),(1.,1.),(1.,1.),(1.,1.),(1.,1.),(1.,1.),(1.,1.),(1.,1.),(1.,
1.),(1.,1.),(1.,1.),(1.,1.),(1.,1.),(1.,1.),(1.,1.)))
REPRESENTATION_ITEM('')
SURFACE()
);
#50=(
BOUNDED_SURFACE()
B_SPLINE_SURFACE(5,1,((#6136,#6137),(#6138,#6139),(#6140,#6141),(#6142,
#6143),(#6144,#6145),(#6146,#6147),(#6148,#6149),(#6150,#6151),(#6152,#6153),
(#6154,#6155),(#6156,#6157),(#6158,#6159),(#6160,#6161),(#6162,#6163),(#6164,
#6165),(#6166,#6167),(#6168,#6169),(#6170,#6171),(#6172,#6173),(#6174,#6175),
(#6176,#6177),(#6178,#6179),(#6180,#6181),(#6182,#6183),(#6184,#6185),(#6186,
#6187),(#6188,#6189),(#6190,#6191),(#6192,#6193),(#6194,#6195)),
 .UNSPECIFIED.,.F.,.F.,.F.)
B_SPLINE_SURFACE_WITH_KNOTS((6,1,1,1,1,1,1,1,1,1,1,1,1,1,1,1,1,1,1,1,5,
6),(2,2),(0.,0.05,0.1,0.15,0.2,0.25,0.3,0.35,0.4,0.45,0.5,0.55,0.6,0.65,
0.7,0.75,0.8,0.85,0.9,0.95,1.,2.26599932864734),(-0.266,0.694),
 .UNSPECIFIED.)
GEOMETRIC_REPRESENTATION_ITEM()
RATIONAL_B_SPLINE_SURFACE(((1.,1.),(1.,1.),(1.,1.),(1.,1.),(1.,1.),(1.,
1.),(1.,1.),(1.,1.),(1.,1.),(1.,1.),(1.,1.),(1.,1.),(1.,1.),(1.,1.),(1.,
1.),(1.,1.),(1.,1.),(1.,1.),(1.,1.),(1.,1.),(1.,1.),(1.,1.),(1.,1.),(1.,
1.),(1.,1.),(1.,1.),(1.,1.),(1.,1.),(1.,1.),(1.,1.)))
REPRESENTATION_ITEM('')
SURFACE()
);
#51=(
BOUNDED_SURFACE()
B_SPLINE_SURFACE(5,1,((#6212,#6213),(#6214,#6215),(#6216,#6217),(#6218,
#6219),(#6220,#6221),(#6222,#6223),(#6224,#6225),(#6226,#6227),(#6228,#6229),
(#6230,#6231),(#6232,#6233),(#6234,#6235),(#6236,#6237),(#6238,#6239),(#6240,
#6241)),.UNSPECIFIED.,.F.,.F.,.F.)
B_SPLINE_SURFACE_WITH_KNOTS((6,1,1,1,1,1,1,1,1,1,6),(2,2),(0.265895001544197,
0.3,0.35,0.4,0.45,0.5,0.55,0.6,0.65,0.7,0.716191797871285),(-0.15,0.15),
 .UNSPECIFIED.)
GEOMETRIC_REPRESENTATION_ITEM()
RATIONAL_B_SPLINE_SURFACE(((1.,1.),(1.,1.),(1.,1.),(1.,1.),(1.,1.),(1.,
1.),(1.,1.),(1.,1.),(1.,1.),(1.,1.),(1.,1.),(1.,1.),(1.,1.),(1.,1.),(1.,
1.)))
REPRESENTATION_ITEM('')
SURFACE()
);
#52=(
BOUNDED_CURVE()
B_SPLINE_CURVE(2,(#3210,#3211,#3212),.UNSPECIFIED.,.F.,.F.)
B_SPLINE_CURVE_WITH_KNOTS((3,3),(0.468326991115355,0.486784520737573),
 .UNSPECIFIED.)
CURVE()
GEOMETRIC_REPRESENTATION_ITEM()
RATIONAL_B_SPLINE_CURVE((1.09981670606278,1.05506193499054,1.00662440410794))
REPRESENTATION_ITEM('')
);
#53=(
BOUNDED_CURVE()
B_SPLINE_CURVE(2,(#3329,#3330,#3331),.UNSPECIFIED.,.F.,.F.)
B_SPLINE_CURVE_WITH_KNOTS((3,3),(0.468326992315328,0.486784521209872),
 .UNSPECIFIED.)
CURVE()
GEOMETRIC_REPRESENTATION_ITEM()
RATIONAL_B_SPLINE_CURVE((1.09981670625219,1.05506193655836,1.00662440732367))
REPRESENTATION_ITEM('')
);
#54=(
BOUNDED_CURVE()
B_SPLINE_CURVE(2,(#4221,#4222,#4223),.UNSPECIFIED.,.F.,.F.)
B_SPLINE_CURVE_WITH_KNOTS((3,3),(0.00152391427756274,0.0194759252899728),
 .UNSPECIFIED.)
CURVE()
GEOMETRIC_REPRESENTATION_ITEM()
RATIONAL_B_SPLINE_CURVE((1.00813800951069,1.05592218402857,1.10018396815212))
REPRESENTATION_ITEM('')
);
#55=(
BOUNDED_CURVE()
B_SPLINE_CURVE(2,(#4256,#4257,#4258),.UNSPECIFIED.,.F.,.F.)
B_SPLINE_CURVE_WITH_KNOTS((3,3),(0.00152391504999151,0.0194759251659482),
 .UNSPECIFIED.)
CURVE()
GEOMETRIC_REPRESENTATION_ITEM()
RATIONAL_B_SPLINE_CURVE((1.00813801368724,1.05592218604645,1.10018396834292))
REPRESENTATION_ITEM('')
);
#56=(
BOUNDED_CURVE()
B_SPLINE_CURVE(5,(#4873,#4874,#4875,#4876,#4877,#4878,#4879,#4880,#4881,
#4882,#4883,#4884,#4885),.UNSPECIFIED.,.F.,.F.)
B_SPLINE_CURVE_WITH_KNOTS((6,1,1,1,1,1,1,1,6),(0.34279337464757,0.35,0.4,
0.45,0.5,0.55,0.6,0.65,0.651028319722593),.UNSPECIFIED.)
CURVE()
GEOMETRIC_REPRESENTATION_ITEM()
RATIONAL_B_SPLINE_CURVE((1.,1.,1.,1.,1.,1.,1.,1.,1.,1.,1.,1.,1.))
REPRESENTATION_ITEM('')
);
#57=(
BOUNDED_CURVE()
B_SPLINE_CURVE(5,(#5429,#5430,#5431,#5432,#5433,#5434,#5435,#5436,#5437,
#5438,#5439,#5440,#5441),.UNSPECIFIED.,.F.,.F.)
B_SPLINE_CURVE_WITH_KNOTS((6,1,1,1,1,1,1,1,6),(-0.651028319722579,-0.65,
-0.6,-0.55,-0.5,-0.45,-0.4,-0.35,-0.342793374647571),.UNSPECIFIED.)
CURVE()
GEOMETRIC_REPRESENTATION_ITEM()
RATIONAL_B_SPLINE_CURVE((1.,1.,1.,1.,1.,1.,1.,1.,1.,1.,1.,1.,1.))
REPRESENTATION_ITEM('')
);
#58=(
BOUNDED_CURVE()
B_SPLINE_CURVE(5,(#5985,#5986,#5987,#5988,#5989,#5990,#5991),
 .UNSPECIFIED.,.F.,.F.)
B_SPLINE_CURVE_WITH_KNOTS((6,1,6),(0.265895001544197,0.3,0.34279337464757),
 .UNSPECIFIED.)
CURVE()
GEOMETRIC_REPRESENTATION_ITEM()
RATIONAL_B_SPLINE_CURVE((1.,1.,1.,1.,1.,1.,1.))
REPRESENTATION_ITEM('')
);
#59=(
BOUNDED_CURVE()
B_SPLINE_CURVE(5,(#6057,#6058,#6059,#6060,#6061,#6062,#6063),
 .UNSPECIFIED.,.F.,.F.)
B_SPLINE_CURVE_WITH_KNOTS((6,1,6),(-0.342793374647571,-0.3,-0.265895001544197),
 .UNSPECIFIED.)
CURVE()
GEOMETRIC_REPRESENTATION_ITEM()
RATIONAL_B_SPLINE_CURVE((1.,1.,1.,1.,1.,1.,1.))
REPRESENTATION_ITEM('')
);
#60=(
BOUNDED_CURVE()
B_SPLINE_CURVE(5,(#6129,#6130,#6131,#6132,#6133,#6134,#6135),
 .UNSPECIFIED.,.F.,.F.)
B_SPLINE_CURVE_WITH_KNOTS((6,1,6),(-0.716191797871285,-0.7,-0.651028319722579),
 .UNSPECIFIED.)
CURVE()
GEOMETRIC_REPRESENTATION_ITEM()
RATIONAL_B_SPLINE_CURVE((1.,1.,1.,1.,1.,1.,1.))
REPRESENTATION_ITEM('')
);
#61=(
BOUNDED_CURVE()
B_SPLINE_CURVE(5,(#6201,#6202,#6203,#6204,#6205,#6206,#6207),
 .UNSPECIFIED.,.F.,.F.)
B_SPLINE_CURVE_WITH_KNOTS((6,1,6),(0.651028319722593,0.7,0.716191797871285),
 .UNSPECIFIED.)
CURVE()
GEOMETRIC_REPRESENTATION_ITEM()
RATIONAL_B_SPLINE_CURVE((1.,1.,1.,1.,1.,1.,1.))
REPRESENTATION_ITEM('')
);
#62=B_SPLINE_SURFACE_WITH_KNOTS('',3,3,((#3060,#3061,#3062,#3063,#3064,
#3065,#3066,#3067,#3068),(#3069,#3070,#3071,#3072,#3073,#3074,#3075,#3076,
#3077),(#3078,#3079,#3080,#3081,#3082,#3083,#3084,#3085,#3086),(#3087,#3088,
#3089,#3090,#3091,#3092,#3093,#3094,#3095),(#3096,#3097,#3098,#3099,#3100,
#3101,#3102,#3103,#3104)),.UNSPECIFIED.,.F.,.F.,.F.,(4,1,4),(4,1,1,1,1,
1,4),(0.,0.5,1.),(-0.312359435547243,-0.294510585253866,-0.27666173496049,
-0.258812884667114,-0.223115184080361,-0.205266333786985,-0.187417483493609),
 .UNSPECIFIED.);
#63=B_SPLINE_SURFACE_WITH_KNOTS('',3,3,((#3132,#3133,#3134,#3135),(#3136,
#3137,#3138,#3139),(#3140,#3141,#3142,#3143),(#3144,#3145,#3146,#3147),
(#3148,#3149,#3150,#3151)),.UNSPECIFIED.,.F.,.F.,.F.,(4,1,4),(4,4),(0.,
0.5,1.),(-0.595170304178247,-0.563427492945988),.UNSPECIFIED.);
#64=B_SPLINE_SURFACE_WITH_KNOTS('',3,3,((#3169,#3170,#3171,#3172),(#3173,
#3174,#3175,#3176),(#3177,#3178,#3179,#3180),(#3181,#3182,#3183,#3184),
(#3185,#3186,#3187,#3188)),.UNSPECIFIED.,.F.,.F.,.F.,(4,1,4),(4,4),(0.,
0.5,1.),(-0.625249872760986,-0.594183067477219),.UNSPECIFIED.);
#65=B_SPLINE_SURFACE_WITH_KNOTS('',3,3,((#3251,#3252,#3253,#3254),(#3255,
#3256,#3257,#3258),(#3259,#3260,#3261,#3262),(#3263,#3264,#3265,#3266),
(#3267,#3268,#3269,#3270)),.UNSPECIFIED.,.F.,.F.,.F.,(4,1,4),(4,4),(0.,
0.5,1.),(-0.62575553928579,-0.594678018727212),.UNSPECIFIED.);
#66=B_SPLINE_SURFACE_WITH_KNOTS('',3,3,((#3288,#3289,#3290,#3291),(#3292,
#3293,#3294,#3295),(#3296,#3297,#3298,#3299),(#3300,#3301,#3302,#3303),
(#3304,#3305,#3306,#3307)),.UNSPECIFIED.,.F.,.F.,.F.,(4,1,4),(4,4),(0.,
0.5,1.),(-0.594678018727212,-0.562940001951001),.UNSPECIFIED.);
#67=B_SPLINE_SURFACE_WITH_KNOTS('',3,3,((#3569,#3570,#3571,#3572),(#3573,
#3574,#3575,#3576),(#3577,#3578,#3579,#3580),(#3581,#3582,#3583,#3584)),
 .UNSPECIFIED.,.F.,.F.,.F.,(4,4),(4,4),(0.,1.),(-1.06927952423118,-0.540429751873223),
 .UNSPECIFIED.);
#68=B_SPLINE_SURFACE_WITH_KNOTS('',3,3,((#3591,#3592,#3593,#3594,#3595),
(#3596,#3597,#3598,#3599,#3600),(#3601,#3602,#3603,#3604,#3605),(#3606,
#3607,#3608,#3609,#3610)),.UNSPECIFIED.,.F.,.F.,.F.,(4,4),(4,1,4),(0.,1.),
(0.0212174169222516,0.047858822684915,0.0745002284475785),.UNSPECIFIED.);
#69=B_SPLINE_SURFACE_WITH_KNOTS('',3,3,((#3627,#3628,#3629,#3630),(#3631,
#3632,#3633,#3634),(#3635,#3636,#3637,#3638),(#3639,#3640,#3641,#3642)),
 .UNSPECIFIED.,.F.,.F.,.F.,(4,4),(4,4),(0.,1.),(-4.10813272618384E-14,0.00908366674189732),
 .UNSPECIFIED.);
#70=B_SPLINE_SURFACE_WITH_KNOTS('',3,3,((#3654,#3655,#3656,#3657),(#3658,
#3659,#3660,#3661),(#3662,#3663,#3664,#3665),(#3666,#3667,#3668,#3669)),
 .UNSPECIFIED.,.F.,.F.,.F.,(4,4),(4,4),(0.,1.),(0.0582804202137495,0.0673639290129652),
 .UNSPECIFIED.);
#71=B_SPLINE_SURFACE_WITH_KNOTS('',3,3,((#3681,#3682,#3683,#3684,#3685),
(#3686,#3687,#3688,#3689,#3690),(#3691,#3692,#3693,#3694,#3695),(#3696,
#3697,#3698,#3699,#3700)),.UNSPECIFIED.,.F.,.F.,.F.,(4,4),(4,1,4),(0.,1.),
(0.,0.0266467478674896,0.0532934957349791),.UNSPECIFIED.);
#72=B_SPLINE_SURFACE_WITH_KNOTS('',3,3,((#3713,#3714,#3715,#3716),(#3717,
#3718,#3719,#3720),(#3721,#3722,#3723,#3724),(#3725,#3726,#3727,#3728)),
 .UNSPECIFIED.,.F.,.F.,.F.,(4,4),(4,4),(0.,1.),(0.,0.0212174169222516),
 .UNSPECIFIED.);
#73=B_SPLINE_SURFACE_WITH_KNOTS('',3,3,((#3752,#3753,#3754,#3755),(#3756,
#3757,#3758,#3759),(#3760,#3761,#3762,#3763),(#3764,#3765,#3766,#3767)),
 .UNSPECIFIED.,.F.,.F.,.F.,(4,4),(4,4),(0.,1.),(0.0532934957349791,0.0745002282871633),
 .UNSPECIFIED.);
#74=B_SPLINE_SURFACE_WITH_KNOTS('',3,3,((#3776,#3777,#3778,#3779),(#3780,
#3781,#3782,#3783),(#3784,#3785,#3786,#3787),(#3788,#3789,#3790,#3791)),
 .UNSPECIFIED.,.F.,.F.,.F.,(4,4),(4,4),(0.,1.),(0.540429748900309,1.06927952108085),
 .UNSPECIFIED.);
#75=B_SPLINE_SURFACE_WITH_KNOTS('',3,3,((#3856,#3857,#3858,#3859),(#3860,
#3861,#3862,#3863),(#3864,#3865,#3866,#3867),(#3868,#3869,#3870,#3871),
(#3872,#3873,#3874,#3875),(#3876,#3877,#3878,#3879)),.UNSPECIFIED.,.F.,
 .F.,.F.,(4,1,1,4),(4,4),(0.,0.285714285714286,0.571428571428571,1.),(1.38777878078145E-17,
0.3345),.UNSPECIFIED.);
#76=B_SPLINE_SURFACE_WITH_KNOTS('',3,3,((#3901,#3902,#3903,#3904),(#3905,
#3906,#3907,#3908),(#3909,#3910,#3911,#3912),(#3913,#3914,#3915,#3916)),
 .UNSPECIFIED.,.F.,.F.,.F.,(4,4),(4,4),(0.,1.),(-1.06927952125827,-0.540429748900308),
 .UNSPECIFIED.);
#77=B_SPLINE_SURFACE_WITH_KNOTS('',3,3,((#3918,#3919,#3920,#3921,#3922),
(#3923,#3924,#3925,#3926,#3927),(#3928,#3929,#3930,#3931,#3932),(#3933,
#3934,#3935,#3936,#3937)),.UNSPECIFIED.,.F.,.F.,.F.,(4,4),(4,1,4),(0.,1.),
(0.0212174169222516,0.0478588226047075,0.0745002282871633),
 .UNSPECIFIED.);
#78=B_SPLINE_SURFACE_WITH_KNOTS('',3,3,((#3954,#3955,#3956,#3957),(#3958,
#3959,#3960,#3961),(#3962,#3963,#3964,#3965),(#3966,#3967,#3968,#3969)),
 .UNSPECIFIED.,.F.,.F.,.F.,(4,4),(4,4),(0.,1.),(-1.15067596083216E-18,0.00908366630201981),
 .UNSPECIFIED.);
#79=B_SPLINE_SURFACE_WITH_KNOTS('',3,3,((#3981,#3982,#3983,#3984),(#3985,
#3986,#3987,#3988),(#3989,#3990,#3991,#3992),(#3993,#3994,#3995,#3996)),
 .UNSPECIFIED.,.F.,.F.,.F.,(4,4),(4,4),(0.,1.),(0.0582804199982371,0.06736392923736),
 .UNSPECIFIED.);
#80=B_SPLINE_SURFACE_WITH_KNOTS('',3,3,((#4008,#4009,#4010,#4011,#4012),
(#4013,#4014,#4015,#4016,#4017),(#4018,#4019,#4020,#4021,#4022),(#4023,
#4024,#4025,#4026,#4027)),.UNSPECIFIED.,.F.,.F.,.F.,(4,4),(4,1,4),(0.,1.),
(0.,0.0266467479474652,0.0532934958949305),.UNSPECIFIED.);
#81=B_SPLINE_SURFACE_WITH_KNOTS('',3,3,((#4040,#4041,#4042,#4043),(#4044,
#4045,#4046,#4047),(#4048,#4049,#4050,#4051),(#4052,#4053,#4054,#4055)),
 .UNSPECIFIED.,.F.,.F.,.F.,(4,4),(4,4),(0.,1.),(0.,0.0212174169222516),
 .UNSPECIFIED.);
#82=B_SPLINE_SURFACE_WITH_KNOTS('',3,3,((#4079,#4080,#4081,#4082),(#4083,
#4084,#4085,#4086),(#4087,#4088,#4089,#4090),(#4091,#4092,#4093,#4094)),
 .UNSPECIFIED.,.F.,.F.,.F.,(4,4),(4,4),(0.,1.),(0.0532934958949304,0.0745002284475784),
 .UNSPECIFIED.);
#83=B_SPLINE_SURFACE_WITH_KNOTS('',3,3,((#4101,#4102,#4103,#4104),(#4105,
#4106,#4107,#4108),(#4109,#4110,#4111,#4112),(#4113,#4114,#4115,#4116)),
 .UNSPECIFIED.,.F.,.F.,.F.,(4,4),(4,4),(0.,1.),(0.540429751873223,1.06927952405376),
 .UNSPECIFIED.);
#84=B_SPLINE_SURFACE_WITH_KNOTS('',3,3,((#4166,#4167,#4168,#4169),(#4170,
#4171,#4172,#4173),(#4174,#4175,#4176,#4177),(#4178,#4179,#4180,#4181),
(#4182,#4183,#4184,#4185),(#4186,#4187,#4188,#4189)),.UNSPECIFIED.,.F.,
 .F.,.F.,(4,1,1,4),(4,4),(0.,0.285714285714286,0.571428571428571,1.),(0.,
0.3345),.UNSPECIFIED.);
#85=B_SPLINE_SURFACE_WITH_KNOTS('',3,3,((#4282,#4283,#4284,#4285),(#4286,
#4287,#4288,#4289),(#4290,#4291,#4292,#4293),(#4294,#4295,#4296,#4297),
(#4298,#4299,#4300,#4301),(#4302,#4303,#4304,#4305)),.UNSPECIFIED.,.F.,
 .F.,.F.,(4,1,1,4),(4,4),(0.,0.285714285714286,0.571428571428571,1.),(0.,
0.3345),.UNSPECIFIED.);
#86=B_SPLINE_SURFACE_WITH_KNOTS('',3,3,((#4312,#4313,#4314,#4315),(#4316,
#4317,#4318,#4319),(#4320,#4321,#4322,#4323),(#4324,#4325,#4326,#4327),
(#4328,#4329,#4330,#4331),(#4332,#4333,#4334,#4335)),.UNSPECIFIED.,.F.,
 .F.,.F.,(4,1,1,4),(4,4),(0.,0.285714285714286,0.571428571428571,1.),(0.,
2.091),.UNSPECIFIED.);
#87=B_SPLINE_SURFACE_WITH_KNOTS('',3,3,((#4340,#4341,#4342,#4343),(#4344,
#4345,#4346,#4347),(#4348,#4349,#4350,#4351),(#4352,#4353,#4354,#4355),
(#4356,#4357,#4358,#4359),(#4360,#4361,#4362,#4363)),.UNSPECIFIED.,.F.,
 .F.,.F.,(4,1,1,4),(4,4),(0.,0.285714285714286,0.571428571428571,1.),(0.,
2.091),.UNSPECIFIED.);
#88=B_SPLINE_SURFACE_WITH_KNOTS('',3,3,((#4370,#4371,#4372,#4373),(#4374,
#4375,#4376,#4377),(#4378,#4379,#4380,#4381),(#4382,#4383,#4384,#4385),
(#4386,#4387,#4388,#4389),(#4390,#4391,#4392,#4393)),.UNSPECIFIED.,.F.,
 .F.,.F.,(4,1,1,4),(4,4),(0.,0.285714285714286,0.571428571428571,1.),(1.38777878078145E-17,
0.3345),.UNSPECIFIED.);
#89=B_SPLINE_SURFACE_WITH_KNOTS('',3,1,((#4398,#4399),(#4400,#4401),(#4402,
#4403),(#4404,#4405),(#4406,#4407),(#4408,#4409)),.UNSPECIFIED.,.F.,.F.,
 .F.,(4,2,4),(2,2),(0.,0.0335833599863817,0.0673639290129244),(0.,0.3545),
 .UNSPECIFIED.);
#90=B_SPLINE_SURFACE_WITH_KNOTS('',3,1,((#4416,#4417),(#4418,#4419),(#4420,
#4421),(#4422,#4423)),.UNSPECIFIED.,.F.,.F.,.F.,(4,4),(2,2),(1.5707963267949,
1.71292541719851),(-0.2575,2.65942104198512),.UNSPECIFIED.);
#91=B_SPLINE_SURFACE_WITH_KNOTS('',3,1,((#4430,#4431),(#4432,#4433),(#4434,
#4435),(#4436,#4437),(#4438,#4439),(#4440,#4441)),.UNSPECIFIED.,.F.,.F.,
 .F.,(4,2,4),(2,2),(0.,0.0337811547622801,0.0673650970649074),(0.,0.3545),
 .UNSPECIFIED.);
#92=B_SPLINE_SURFACE_WITH_KNOTS('',3,3,((#4474,#4475,#4476,#4477,#4478,
#4479,#4480,#4481),(#4482,#4483,#4484,#4485,#4486,#4487,#4488,#4489),(#4490,
#4491,#4492,#4493,#4494,#4495,#4496,#4497),(#4498,#4499,#4500,#4501,#4502,
#4503,#4504,#4505)),.UNSPECIFIED.,.F.,.F.,.F.,(4,4),(4,2,1,1,4),(0.,1.),
(-0.408218176241715,-0.407502457426508,-0.244501474455905,-0.163000982970603,
0.),.UNSPECIFIED.);
#93=B_SPLINE_SURFACE_WITH_KNOTS('',3,3,((#4526,#4527,#4528,#4529),(#4530,
#4531,#4532,#4533),(#4534,#4535,#4536,#4537),(#4538,#4539,#4540,#4541),
(#4542,#4543,#4544,#4545)),.UNSPECIFIED.,.F.,.F.,.F.,(4,1,4),(4,4),(0.,
0.5,1.),(0.,0.0349209245136539),.UNSPECIFIED.);
#94=B_SPLINE_SURFACE_WITH_KNOTS('',3,3,((#4557,#4558,#4559,#4560,#4561,
#4562,#4563,#4564,#4565,#4566),(#4567,#4568,#4569,#4570,#4571,#4572,#4573,
#4574,#4575,#4576),(#4577,#4578,#4579,#4580,#4581,#4582,#4583,#4584,#4585,
#4586),(#4587,#4588,#4589,#4590,#4591,#4592,#4593,#4594,#4595,#4596),(#4597,
#4598,#4599,#4600,#4601,#4602,#4603,#4604,#4605,#4606)),.UNSPECIFIED.,.F.,
 .F.,.F.,(4,1,4),(4,1,1,1,1,1,1,4),(0.,0.5,1.),(0.,0.0943323654879948,0.141498548231992,
0.282997096463985,0.471661827439974,0.565994192927969,0.613160375671966,
0.660326558415964),.UNSPECIFIED.);
#95=B_SPLINE_SURFACE_WITH_KNOTS('',3,3,((#4630,#4631,#4632,#4633),(#4634,
#4635,#4636,#4637),(#4638,#4639,#4640,#4641),(#4642,#4643,#4644,#4645),
(#4646,#4647,#4648,#4649)),.UNSPECIFIED.,.F.,.F.,.F.,(4,1,4),(4,4),(0.,
0.5,1.),(0.,0.0465751604048807),.UNSPECIFIED.);
#96=B_SPLINE_SURFACE_WITH_KNOTS('',3,3,((#4661,#4662,#4663,#4664,#4665,
#4666,#4667,#4668),(#4669,#4670,#4671,#4672,#4673,#4674,#4675,#4676),(#4677,
#4678,#4679,#4680,#4681,#4682,#4683,#4684),(#4685,#4686,#4687,#4688,#4689,
#4690,#4691,#4692),(#4693,#4694,#4695,#4696,#4697,#4698,#4699,#4700)),
 .UNSPECIFIED.,.F.,.F.,.F.,(4,1,4),(4,1,1,2,4),(0.,0.571428571428571,1.),
(-0.398017465104864,-0.238810479062918,-0.159206986041945,0.,0.000706734829382784),
 .UNSPECIFIED.);
#97=B_SPLINE_SURFACE_WITH_KNOTS('',3,3,((#4718,#4719,#4720,#4721),(#4722,
#4723,#4724,#4725),(#4726,#4727,#4728,#4729),(#4730,#4731,#4732,#4733),
(#4734,#4735,#4736,#4737)),.UNSPECIFIED.,.F.,.F.,.F.,(4,1,4),(4,4),(0.,
0.571428571428571,1.),(5.08955295876197,5.61051909034798),.UNSPECIFIED.);
#98=B_SPLINE_SURFACE_WITH_KNOTS('',3,3,((#4886,#4887,#4888,#4889),(#4890,
#4891,#4892,#4893),(#4894,#4895,#4896,#4897),(#4898,#4899,#4900,#4901),
(#4902,#4903,#4904,#4905)),.UNSPECIFIED.,.F.,.F.,.F.,(4,1,4),(4,4),(0.,
0.571428571428571,1.),(1.51032730854344,2.01948726633628),.UNSPECIFIED.);
#99=B_SPLINE_SURFACE_WITH_KNOTS('',3,3,((#5016,#5017,#5018,#5019),(#5020,
#5021,#5022,#5023),(#5024,#5025,#5026,#5027),(#5028,#5029,#5030,#5031)),
 .UNSPECIFIED.,.F.,.F.,.F.,(4,4),(4,4),(0.,1.),(-1.75526260193237E-13,0.620000000000176),
 .UNSPECIFIED.);
#100=B_SPLINE_SURFACE_WITH_KNOTS('',3,3,((#5050,#5051,#5052,#5053,#5054,
#5055,#5056,#5057),(#5058,#5059,#5060,#5061,#5062,#5063,#5064,#5065),(#5066,
#5067,#5068,#5069,#5070,#5071,#5072,#5073),(#5074,#5075,#5076,#5077,#5078,
#5079,#5080,#5081)),.UNSPECIFIED.,.F.,.F.,.F.,(4,4),(4,2,1,1,4),(0.,1.),
(-0.398724199853612,-0.398017465024172,-0.159206986009669,-0.0796034930048344,
0.),.UNSPECIFIED.);
#101=B_SPLINE_SURFACE_WITH_KNOTS('',3,3,((#5102,#5103,#5104,#5105),(#5106,
#5107,#5108,#5109),(#5110,#5111,#5112,#5113),(#5114,#5115,#5116,#5117),
(#5118,#5119,#5120,#5121)),.UNSPECIFIED.,.F.,.F.,.F.,(4,1,4),(4,4),(0.,
0.5,1.),(0.,0.0465751604354611),.UNSPECIFIED.);
#102=B_SPLINE_SURFACE_WITH_KNOTS('',3,3,((#5133,#5134,#5135,#5136,#5137,
#5138,#5139,#5140,#5141,#5142,#5143),(#5144,#5145,#5146,#5147,#5148,#5149,
#5150,#5151,#5152,#5153,#5154),(#5155,#5156,#5157,#5158,#5159,#5160,#5161,
#5162,#5163,#5164,#5165),(#5166,#5167,#5168,#5169,#5170,#5171,#5172,#5173,
#5174,#5175,#5176),(#5177,#5178,#5179,#5180,#5181,#5182,#5183,#5184,#5185,
#5186,#5187)),.UNSPECIFIED.,.F.,.F.,.F.,(4,1,4),(4,1,1,1,1,1,1,1,4),(0.,
0.5,1.),(0.,0.0471667174558711,0.0943334349117423,0.188666869823485,0.283000304735227,
0.471667174558711,0.566000609470454,0.613167326926325,0.660334044382196),
 .UNSPECIFIED.);
#103=B_SPLINE_SURFACE_WITH_KNOTS('',3,3,((#5213,#5214,#5215,#5216),(#5217,
#5218,#5219,#5220),(#5221,#5222,#5223,#5224),(#5225,#5226,#5227,#5228),
(#5229,#5230,#5231,#5232)),.UNSPECIFIED.,.F.,.F.,.F.,(4,1,4),(4,4),(0.,
0.5,1.),(0.,0.0349209245138692),.UNSPECIFIED.);
#104=B_SPLINE_SURFACE_WITH_KNOTS('',3,3,((#5243,#5244,#5245,#5246,#5247,
#5248,#5249,#5250),(#5251,#5252,#5253,#5254,#5255,#5256,#5257,#5258),(#5259,
#5260,#5261,#5262,#5263,#5264,#5265,#5266),(#5267,#5268,#5269,#5270,#5271,
#5272,#5273,#5274),(#5275,#5276,#5277,#5278,#5279,#5280,#5281,#5282)),
 .UNSPECIFIED.,.F.,.F.,.F.,(4,1,4),(4,1,1,2,4),(0.,0.571428571428571,1.),
(-0.407502457426549,-0.244501474455929,-0.16300098297062,0.,0.000715718815167458),
 .UNSPECIFIED.);
#105=B_SPLINE_SURFACE_WITH_KNOTS('',3,3,((#5291,#5292,#5293,#5294),(#5295,
#5296,#5297,#5298),(#5299,#5300,#5301,#5302),(#5303,#5304,#5305,#5306),
(#5307,#5308,#5309,#5310)),.UNSPECIFIED.,.F.,.F.,.F.,(4,1,4),(4,4),(0.,
0.571428571428571,1.),(5.09256359711163,5.60172355490447),.UNSPECIFIED.);
#106=B_SPLINE_SURFACE_WITH_KNOTS('',3,3,((#5442,#5443,#5444,#5445),(#5446,
#5447,#5448,#5449),(#5450,#5451,#5452,#5453),(#5454,#5455,#5456,#5457),
(#5458,#5459,#5460,#5461)),.UNSPECIFIED.,.F.,.F.,.F.,(4,1,4),(4,4),(0.,
0.571428571428571,1.),(1.50153213172046,2.02249826330649),.UNSPECIFIED.);
#107=B_SPLINE_SURFACE_WITH_KNOTS('',3,3,((#5578,#5579,#5580,#5581),(#5582,
#5583,#5584,#5585),(#5586,#5587,#5588,#5589),(#5590,#5591,#5592,#5593)),
 .UNSPECIFIED.,.F.,.F.,.F.,(4,4),(4,4),(0.,1.),(-2.18547402397462E-13,0.620000000000219),
 .UNSPECIFIED.);
#108=B_SPLINE_SURFACE_WITH_KNOTS('',3,1,((#5602,#5603),(#5604,#5605),(#5606,
#5607),(#5608,#5609),(#5610,#5611),(#5612,#5613)),.UNSPECIFIED.,.F.,.F.,
 .F.,(4,2,4),(2,2),(0.,0.0337811548754689,0.0673650972892963),(0.,0.3545),
 .UNSPECIFIED.);
#109=B_SPLINE_SURFACE_WITH_KNOTS('',3,1,((#5618,#5619),(#5620,#5621),(#5622,
#5623),(#5624,#5625),(#5626,#5627),(#5628,#5629)),.UNSPECIFIED.,.F.,.F.,
 .F.,(4,2,4),(2,2),(0.,0.033583360097566,0.0673639292372784),(0.,0.3545),
 .UNSPECIFIED.);
#110=B_SPLINE_SURFACE_WITH_KNOTS('',3,1,((#5657,#5658),(#5659,#5660),(#5661,
#5662),(#5663,#5664)),.UNSPECIFIED.,.F.,.F.,.F.,(4,4),(2,2),(1.42866723591382,
1.57079632679472),(-0.2575,2.65942104198512),.UNSPECIFIED.);
#111=B_SPLINE_SURFACE_WITH_KNOTS('',3,3,((#5666,#5667,#5668,#5669),(#5670,
#5671,#5672,#5673),(#5674,#5675,#5676,#5677),(#5678,#5679,#5680,#5681),
(#5682,#5683,#5684,#5685),(#5686,#5687,#5688,#5689)),.UNSPECIFIED.,.F.,
 .F.,.F.,(4,1,1,4),(4,4),(0.,0.285714285714286,0.571428571428571,1.),(-5.55111512312578E-17,
0.62),.UNSPECIFIED.);
#112=B_SPLINE_SURFACE_WITH_KNOTS('',3,3,((#5765,#5766,#5767,#5768),(#5769,
#5770,#5771,#5772),(#5773,#5774,#5775,#5776),(#5777,#5778,#5779,#5780),
(#5781,#5782,#5783,#5784),(#5785,#5786,#5787,#5788)),.UNSPECIFIED.,.F.,
 .F.,.F.,(4,1,1,4),(4,4),(0.,0.285714285714286,0.571428571428571,1.),(-3.65041330496753E-13,
0.620000000000365),.UNSPECIFIED.);
#113=B_SPLINE_SURFACE_WITH_KNOTS('',3,1,((#5864,#5865),(#5866,#5867),(#5868,
#5869),(#5870,#5871),(#5872,#5873),(#5874,#5875),(#5876,#5877),(#5878,#5879),
(#5880,#5881),(#5882,#5883),(#5884,#5885),(#5886,#5887),(#5888,#5889),(#5890,
#5891),(#5892,#5893),(#5894,#5895),(#5896,#5897),(#5898,#5899),(#5900,#5901),
(#5902,#5903),(#5904,#5905),(#5906,#5907),(#5908,#5909),(#5910,#5911),(#5912,
#5913),(#5914,#5915),(#5916,#5917),(#5918,#5919)),.UNSPECIFIED.,.F.,.F.,
 .F.,(4,3,3,3,3,3,3,3,3,4),(2,2),(-1.3333438837453,-1.,-0.988573214586374,
-0.822334348279358,-0.713115192791903,-0.560274161484297,-0.376223979542264,
-0.254014424200974,-0.148548633978693,0.),(-0.534,0.31),.UNSPECIFIED.);
#114=CIRCLE('',#2275,3.45578108462672);
#115=CIRCLE('',#2276,10.7984981763166);
#116=CIRCLE('',#2277,0.3);
#117=CIRCLE('',#2278,10.);
#118=CIRCLE('',#2279,9.79849817631359);
#119=CIRCLE('',#2280,4.45578108463306);
#120=CIRCLE('',#2283,4.45578108463306);
#121=CIRCLE('',#2284,9.79849817631359);
#122=CIRCLE('',#2285,10.);
#123=CIRCLE('',#2286,0.3);
#124=CIRCLE('',#2287,10.7984981763166);
#125=CIRCLE('',#2288,3.45578108462672);
#126=CIRCLE('',#2291,3.4557810846056);
#127=CIRCLE('',#2292,10.7984981763166);
#128=CIRCLE('',#2293,0.3);
#129=CIRCLE('',#2294,10.);
#130=CIRCLE('',#2295,9.79849817631359);
#131=CIRCLE('',#2296,4.45578108459504);
#132=CIRCLE('',#2299,4.45578108459504);
#133=CIRCLE('',#2300,9.79849817631359);
#134=CIRCLE('',#2301,10.);
#135=CIRCLE('',#2302,0.3);
#136=CIRCLE('',#2303,10.7984981763166);
#137=CIRCLE('',#2304,3.4557810846056);
#138=CIRCLE('',#2305,0.6);
#139=CIRCLE('',#2306,0.625);
#140=CIRCLE('',#2307,0.6);
#141=CIRCLE('',#2308,0.625);
#142=CIRCLE('',#2309,0.625);
#143=CIRCLE('',#2312,0.999999999999999);
#144=CIRCLE('',#2313,0.6);
#145=CIRCLE('',#2314,0.999999999999999);
#146=CIRCLE('',#2315,0.6);
#147=CIRCLE('',#2316,0.625);
#148=CIRCLE('',#2317,0.625);
#149=CIRCLE('',#2318,0.625);
#150=CIRCLE('',#2321,0.999999999999999);
#151=CIRCLE('',#2323,1.025);
#152=CIRCLE('',#2324,0.625);
#153=CIRCLE('',#2326,2.);
#154=CIRCLE('',#2327,2.55);
#155=CIRCLE('',#2328,2.5);
#156=CIRCLE('',#2329,2.55);
#157=CIRCLE('',#2332,1.025);
#158=CIRCLE('',#2333,0.625);
#159=CIRCLE('',#2335,2.);
#160=CIRCLE('',#2336,2.55);
#161=CIRCLE('',#2337,2.5);
#162=CIRCLE('',#2338,2.55);
#163=CIRCLE('',#2341,2.);
#164=CIRCLE('',#2343,2.);
#165=CIRCLE('',#2345,0.6);
#166=CIRCLE('',#2346,0.4);
#167=CIRCLE('',#2348,11.05);
#168=CIRCLE('',#2349,11.25);
#169=CIRCLE('',#2351,0.4);
#170=CIRCLE('',#2352,0.6);
#171=CIRCLE('',#2354,2.65);
#172=CIRCLE('',#2356,2.5);
#173=CIRCLE('',#2357,2.65);
#174=CIRCLE('',#2359,11.25);
#175=CIRCLE('',#2361,0.4);
#176=CIRCLE('',#2363,2.65);
#177=CIRCLE('',#2364,0.4);
#178=CIRCLE('',#2366,0.6);
#179=CIRCLE('',#2368,11.05);
#180=CIRCLE('',#2370,0.4);
#181=CIRCLE('',#2371,0.6);
#182=CIRCLE('',#2374,2.5);
#183=CIRCLE('',#2375,2.65);
#184=CIRCLE('',#2378,0.4);
#185=CIRCLE('',#2380,0.750000000000001);
#186=CIRCLE('',#2381,10.);
#187=CIRCLE('',#2382,0.750000000000001);
#188=CIRCLE('',#2384,2.55);
#189=CIRCLE('',#2385,1.25);
#190=CIRCLE('',#2386,2.55);
#191=CIRCLE('',#2390,0.750000000000001);
#192=CIRCLE('',#2392,0.750000000000001);
#193=CIRCLE('',#2393,10.);
#194=CIRCLE('',#2394,2.55);
#195=CIRCLE('',#2395,1.25);
#196=CIRCLE('',#2396,2.55);
#197=CIRCLE('',#2405,0.4);
#198=CIRCLE('',#2406,0.4);
#199=CIRCLE('',#2418,0.199999999999999);
#200=CIRCLE('',#2419,0.199999999999998);
#201=CIRCLE('',#2420,0.2);
#202=CIRCLE('',#2421,0.200000000000001);
#203=CIRCLE('',#2423,0.199999999999999);
#204=CIRCLE('',#2424,0.2);
#205=CIRCLE('',#2425,0.2);
#206=CIRCLE('',#2426,0.199999999999999);
#207=PLANE('',#2274);
#208=PLANE('',#2282);
#209=PLANE('',#2290);
#210=PLANE('',#2298);
#211=PLANE('',#2310);
#212=PLANE('',#2319);
#213=PLANE('',#2379);
#214=PLANE('',#2388);
#215=PLANE('',#2389);
#216=PLANE('',#2398);
#217=PLANE('',#2416);
#218=PLANE('',#2422);
#219=PLANE('',#2427);
#220=PLANE('',#2428);
#221=FACE_OUTER_BOUND('',#348,.T.);
#222=FACE_OUTER_BOUND('',#349,.T.);
#223=FACE_OUTER_BOUND('',#350,.T.);
#224=FACE_OUTER_BOUND('',#351,.T.);
#225=FACE_OUTER_BOUND('',#352,.T.);
#226=FACE_OUTER_BOUND('',#353,.T.);
#227=FACE_OUTER_BOUND('',#354,.T.);
#228=FACE_OUTER_BOUND('',#355,.T.);
#229=FACE_OUTER_BOUND('',#356,.T.);
#230=FACE_OUTER_BOUND('',#357,.T.);
#231=FACE_OUTER_BOUND('',#358,.T.);
#232=FACE_OUTER_BOUND('',#359,.T.);
#233=FACE_OUTER_BOUND('',#360,.T.);
#234=FACE_OUTER_BOUND('',#361,.T.);
#235=FACE_OUTER_BOUND('',#362,.T.);
#236=FACE_OUTER_BOUND('',#363,.T.);
#237=FACE_OUTER_BOUND('',#364,.T.);
#238=FACE_OUTER_BOUND('',#365,.T.);
#239=FACE_OUTER_BOUND('',#366,.T.);
#240=FACE_OUTER_BOUND('',#367,.T.);
#241=FACE_OUTER_BOUND('',#368,.T.);
#242=FACE_OUTER_BOUND('',#369,.T.);
#243=FACE_OUTER_BOUND('',#370,.T.);
#244=FACE_OUTER_BOUND('',#371,.T.);
#245=FACE_OUTER_BOUND('',#372,.T.);
#246=FACE_OUTER_BOUND('',#373,.T.);
#247=FACE_OUTER_BOUND('',#374,.T.);
#248=FACE_OUTER_BOUND('',#375,.T.);
#249=FACE_OUTER_BOUND('',#376,.T.);
#250=FACE_OUTER_BOUND('',#377,.T.);
#251=FACE_OUTER_BOUND('',#378,.T.);
#252=FACE_OUTER_BOUND('',#379,.T.);
#253=FACE_OUTER_BOUND('',#380,.T.);
#254=FACE_OUTER_BOUND('',#381,.T.);
#255=FACE_OUTER_BOUND('',#382,.T.);
#256=FACE_OUTER_BOUND('',#383,.T.);
#257=FACE_OUTER_BOUND('',#384,.T.);
#258=FACE_OUTER_BOUND('',#385,.T.);
#259=FACE_OUTER_BOUND('',#386,.T.);
#260=FACE_OUTER_BOUND('',#387,.T.);
#261=FACE_OUTER_BOUND('',#388,.T.);
#262=FACE_OUTER_BOUND('',#389,.T.);
#263=FACE_OUTER_BOUND('',#390,.T.);
#264=FACE_OUTER_BOUND('',#391,.T.);
#265=FACE_OUTER_BOUND('',#392,.T.);
#266=FACE_OUTER_BOUND('',#393,.T.);
#267=FACE_OUTER_BOUND('',#394,.T.);
#268=FACE_OUTER_BOUND('',#395,.T.);
#269=FACE_OUTER_BOUND('',#396,.T.);
#270=FACE_OUTER_BOUND('',#397,.T.);
#271=FACE_OUTER_BOUND('',#398,.T.);
#272=FACE_OUTER_BOUND('',#399,.T.);
#273=FACE_OUTER_BOUND('',#400,.T.);
#274=FACE_OUTER_BOUND('',#401,.T.);
#275=FACE_OUTER_BOUND('',#402,.T.);
#276=FACE_OUTER_BOUND('',#403,.T.);
#277=FACE_OUTER_BOUND('',#404,.T.);
#278=FACE_OUTER_BOUND('',#405,.T.);
#279=FACE_OUTER_BOUND('',#406,.T.);
#280=FACE_OUTER_BOUND('',#407,.T.);
#281=FACE_OUTER_BOUND('',#409,.T.);
#282=FACE_OUTER_BOUND('',#410,.T.);
#283=FACE_OUTER_BOUND('',#411,.T.);
#284=FACE_OUTER_BOUND('',#413,.T.);
#285=FACE_OUTER_BOUND('',#414,.T.);
#286=FACE_OUTER_BOUND('',#415,.T.);
#287=FACE_OUTER_BOUND('',#416,.T.);
#288=FACE_OUTER_BOUND('',#417,.T.);
#289=FACE_OUTER_BOUND('',#418,.T.);
#290=FACE_OUTER_BOUND('',#419,.T.);
#291=FACE_OUTER_BOUND('',#420,.T.);
#292=FACE_OUTER_BOUND('',#421,.T.);
#293=FACE_OUTER_BOUND('',#422,.T.);
#294=FACE_OUTER_BOUND('',#423,.T.);
#295=FACE_OUTER_BOUND('',#424,.T.);
#296=FACE_OUTER_BOUND('',#425,.T.);
#297=FACE_OUTER_BOUND('',#426,.T.);
#298=FACE_OUTER_BOUND('',#427,.T.);
#299=FACE_OUTER_BOUND('',#428,.T.);
#300=FACE_OUTER_BOUND('',#429,.T.);
#301=FACE_OUTER_BOUND('',#430,.T.);
#302=FACE_OUTER_BOUND('',#431,.T.);
#303=FACE_OUTER_BOUND('',#432,.T.);
#304=FACE_OUTER_BOUND('',#433,.T.);
#305=FACE_OUTER_BOUND('',#434,.T.);
#306=FACE_OUTER_BOUND('',#435,.T.);
#307=FACE_OUTER_BOUND('',#436,.T.);
#308=FACE_OUTER_BOUND('',#439,.T.);
#309=FACE_OUTER_BOUND('',#441,.T.);
#310=FACE_OUTER_BOUND('',#442,.T.);
#311=FACE_OUTER_BOUND('',#443,.T.);
#312=FACE_OUTER_BOUND('',#444,.T.);
#313=FACE_OUTER_BOUND('',#445,.T.);
#314=FACE_OUTER_BOUND('',#446,.T.);
#315=FACE_OUTER_BOUND('',#447,.T.);
#316=FACE_OUTER_BOUND('',#448,.T.);
#317=FACE_OUTER_BOUND('',#449,.T.);
#318=FACE_OUTER_BOUND('',#450,.T.);
#319=FACE_OUTER_BOUND('',#451,.T.);
#320=FACE_OUTER_BOUND('',#452,.T.);
#321=FACE_OUTER_BOUND('',#453,.T.);
#322=FACE_OUTER_BOUND('',#454,.T.);
#323=FACE_OUTER_BOUND('',#455,.T.);
#324=FACE_OUTER_BOUND('',#456,.T.);
#325=FACE_OUTER_BOUND('',#457,.T.);
#326=FACE_OUTER_BOUND('',#458,.T.);
#327=FACE_OUTER_BOUND('',#459,.T.);
#328=FACE_OUTER_BOUND('',#460,.T.);
#329=FACE_OUTER_BOUND('',#461,.T.);
#330=FACE_OUTER_BOUND('',#462,.T.);
#331=FACE_OUTER_BOUND('',#465,.T.);
#332=FACE_OUTER_BOUND('',#467,.T.);
#333=FACE_OUTER_BOUND('',#468,.T.);
#334=FACE_OUTER_BOUND('',#469,.T.);
#335=FACE_OUTER_BOUND('',#470,.T.);
#336=FACE_OUTER_BOUND('',#471,.T.);
#337=FACE_OUTER_BOUND('',#472,.T.);
#338=FACE_OUTER_BOUND('',#473,.T.);
#339=FACE_OUTER_BOUND('',#474,.T.);
#340=FACE_OUTER_BOUND('',#475,.T.);
#341=FACE_OUTER_BOUND('',#476,.T.);
#342=FACE_OUTER_BOUND('',#477,.T.);
#343=FACE_OUTER_BOUND('',#478,.T.);
#344=FACE_OUTER_BOUND('',#479,.T.);
#345=FACE_OUTER_BOUND('',#480,.T.);
#346=FACE_OUTER_BOUND('',#481,.T.);
#347=FACE_OUTER_BOUND('',#482,.T.);
#348=EDGE_LOOP('',(#1394,#1395,#1396,#1397,#1398,#1399));
#349=EDGE_LOOP('',(#1400,#1401,#1402,#1403,#1404,#1405,#1406));
#350=EDGE_LOOP('',(#1407,#1408,#1409,#1410,#1411,#1412));
#351=EDGE_LOOP('',(#1413,#1414,#1415,#1416,#1417,#1418,#1419));
#352=EDGE_LOOP('',(#1420,#1421,#1422,#1423,#1424,#1425));
#353=EDGE_LOOP('',(#1426,#1427,#1428,#1429,#1430,#1431,#1432));
#354=EDGE_LOOP('',(#1433,#1434,#1435,#1436,#1437,#1438));
#355=EDGE_LOOP('',(#1439,#1440,#1441,#1442,#1443,#1444,#1445));
#356=EDGE_LOOP('',(#1446,#1447,#1448,#1449,#1450));
#357=EDGE_LOOP('',(#1451,#1452,#1453,#1454));
#358=EDGE_LOOP('',(#1455,#1456,#1457,#1458));
#359=EDGE_LOOP('',(#1459,#1460,#1461,#1462));
#360=EDGE_LOOP('',(#1463,#1464,#1465,#1466,#1467,#1468,#1469));
#361=EDGE_LOOP('',(#1470,#1471,#1472,#1473));
#362=EDGE_LOOP('',(#1474,#1475,#1476,#1477));
#363=EDGE_LOOP('',(#1478,#1479,#1480,#1481));
#364=EDGE_LOOP('',(#1482,#1483,#1484,#1485));
#365=EDGE_LOOP('',(#1486,#1487,#1488,#1489,#1490,#1491));
#366=EDGE_LOOP('',(#1492,#1493,#1494,#1495));
#367=EDGE_LOOP('',(#1496,#1497,#1498,#1499,#1500,#1501,#1502,#1503,#1504,
#1505));
#368=EDGE_LOOP('',(#1506,#1507,#1508,#1509,#1510,#1511,#1512,#1513));
#369=EDGE_LOOP('',(#1514,#1515,#1516,#1517));
#370=EDGE_LOOP('',(#1518,#1519,#1520,#1521,#1522,#1523,#1524,#1525,#1526,
#1527));
#371=EDGE_LOOP('',(#1528,#1529,#1530,#1531,#1532,#1533,#1534,#1535));
#372=EDGE_LOOP('',(#1536,#1537,#1538,#1539,#1540,#1541,#1542,#1543));
#373=EDGE_LOOP('',(#1544,#1545,#1546,#1547,#1548,#1549,#1550,#1551));
#374=EDGE_LOOP('',(#1552,#1553,#1554,#1555));
#375=EDGE_LOOP('',(#1556,#1557,#1558,#1559));
#376=EDGE_LOOP('',(#1560,#1561,#1562,#1563));
#377=EDGE_LOOP('',(#1564,#1565,#1566,#1567));
#378=EDGE_LOOP('',(#1568,#1569,#1570,#1571));
#379=EDGE_LOOP('',(#1572,#1573,#1574,#1575));
#380=EDGE_LOOP('',(#1576,#1577,#1578,#1579));
#381=EDGE_LOOP('',(#1580,#1581,#1582,#1583));
#382=EDGE_LOOP('',(#1584,#1585,#1586,#1587));
#383=EDGE_LOOP('',(#1588,#1589,#1590,#1591));
#384=EDGE_LOOP('',(#1592,#1593,#1594,#1595));
#385=EDGE_LOOP('',(#1596,#1597,#1598,#1599));
#386=EDGE_LOOP('',(#1600,#1601,#1602,#1603));
#387=EDGE_LOOP('',(#1604,#1605,#1606,#1607));
#388=EDGE_LOOP('',(#1608,#1609,#1610,#1611,#1612,#1613));
#389=EDGE_LOOP('',(#1614,#1615,#1616,#1617,#1618,#1619));
#390=EDGE_LOOP('',(#1620,#1621,#1622,#1623,#1624));
#391=EDGE_LOOP('',(#1625,#1626,#1627,#1628));
#392=EDGE_LOOP('',(#1629,#1630,#1631,#1632));
#393=EDGE_LOOP('',(#1633,#1634,#1635,#1636));
#394=EDGE_LOOP('',(#1637,#1638,#1639,#1640));
#395=EDGE_LOOP('',(#1641,#1642,#1643,#1644));
#396=EDGE_LOOP('',(#1645,#1646,#1647,#1648));
#397=EDGE_LOOP('',(#1649,#1650,#1651,#1652));
#398=EDGE_LOOP('',(#1653,#1654,#1655,#1656));
#399=EDGE_LOOP('',(#1657,#1658,#1659,#1660));
#400=EDGE_LOOP('',(#1661,#1662,#1663,#1664));
#401=EDGE_LOOP('',(#1665,#1666,#1667,#1668));
#402=EDGE_LOOP('',(#1669,#1670,#1671,#1672));
#403=EDGE_LOOP('',(#1673,#1674,#1675,#1676));
#404=EDGE_LOOP('',(#1677,#1678,#1679,#1680,#1681,#1682));
#405=EDGE_LOOP('',(#1683,#1684,#1685,#1686,#1687,#1688));
#406=EDGE_LOOP('',(#1689,#1690,#1691,#1692,#1693));
#407=EDGE_LOOP('',(#1694,#1695,#1696,#1697,#1698,#1699));
#408=EDGE_LOOP('',(#1700,#1701,#1702,#1703,#1704,#1705,#1706,#1707,#1708,
#1709,#1710,#1711,#1712));
#409=EDGE_LOOP('',(#1713,#1714,#1715,#1716,#1717,#1718,#1719,#1720,#1721,
#1722,#1723,#1724));
#410=EDGE_LOOP('',(#1725,#1726,#1727,#1728));
#411=EDGE_LOOP('',(#1729,#1730,#1731,#1732,#1733,#1734));
#412=EDGE_LOOP('',(#1735,#1736,#1737,#1738,#1739,#1740,#1741,#1742,#1743,
#1744,#1745,#1746,#1747));
#413=EDGE_LOOP('',(#1748,#1749,#1750,#1751,#1752,#1753,#1754,#1755,#1756,
#1757,#1758,#1759));
#414=EDGE_LOOP('',(#1760,#1761,#1762,#1763));
#415=EDGE_LOOP('',(#1764,#1765,#1766,#1767));
#416=EDGE_LOOP('',(#1768,#1769,#1770,#1771,#1772,#1773));
#417=EDGE_LOOP('',(#1774,#1775,#1776,#1777));
#418=EDGE_LOOP('',(#1778,#1779,#1780,#1781));
#419=EDGE_LOOP('',(#1782,#1783,#1784,#1785));
#420=EDGE_LOOP('',(#1786,#1787,#1788,#1789));
#421=EDGE_LOOP('',(#1790,#1791,#1792,#1793,#1794));
#422=EDGE_LOOP('',(#1795,#1796,#1797,#1798));
#423=EDGE_LOOP('',(#1799,#1800,#1801,#1802));
#424=EDGE_LOOP('',(#1803,#1804,#1805,#1806,#1807));
#425=EDGE_LOOP('',(#1808,#1809,#1810,#1811));
#426=EDGE_LOOP('',(#1812,#1813,#1814,#1815));
#427=EDGE_LOOP('',(#1816,#1817,#1818,#1819));
#428=EDGE_LOOP('',(#1820,#1821,#1822,#1823));
#429=EDGE_LOOP('',(#1824,#1825,#1826,#1827,#1828,#1829,#1830,#1831));
#430=EDGE_LOOP('',(#1832,#1833,#1834,#1835));
#431=EDGE_LOOP('',(#1836,#1837,#1838,#1839,#1840,#1841));
#432=EDGE_LOOP('',(#1842,#1843,#1844,#1845));
#433=EDGE_LOOP('',(#1846,#1847,#1848,#1849,#1850,#1851));
#434=EDGE_LOOP('',(#1852,#1853,#1854,#1855));
#435=EDGE_LOOP('',(#1856,#1857,#1858,#1859,#1860,#1861,#1862,#1863));
#436=EDGE_LOOP('',(#1864,#1865,#1866,#1867));
#437=EDGE_LOOP('',(#1868,#1869,#1870,#1871));
#438=EDGE_LOOP('',(#1872,#1873,#1874,#1875));
#439=EDGE_LOOP('',(#1876,#1877,#1878,#1879));
#440=EDGE_LOOP('',(#1880,#1881,#1882,#1883));
#441=EDGE_LOOP('',(#1884,#1885,#1886,#1887));
#442=EDGE_LOOP('',(#1888,#1889,#1890));
#443=EDGE_LOOP('',(#1891,#1892,#1893,#1894));
#444=EDGE_LOOP('',(#1895,#1896,#1897,#1898));
#445=EDGE_LOOP('',(#1899,#1900,#1901,#1902));
#446=EDGE_LOOP('',(#1903,#1904,#1905));
#447=EDGE_LOOP('',(#1906,#1907,#1908,#1909,#1910,#1911,#1912,#1913,#1914,
#1915));
#448=EDGE_LOOP('',(#1916,#1917,#1918,#1919));
#449=EDGE_LOOP('',(#1920,#1921,#1922,#1923,#1924,#1925,#1926,#1927,#1928,
#1929));
#450=EDGE_LOOP('',(#1930,#1931,#1932,#1933));
#451=EDGE_LOOP('',(#1934,#1935,#1936));
#452=EDGE_LOOP('',(#1937,#1938,#1939,#1940));
#453=EDGE_LOOP('',(#1941,#1942,#1943,#1944));
#454=EDGE_LOOP('',(#1945,#1946,#1947,#1948));
#455=EDGE_LOOP('',(#1949,#1950,#1951));
#456=EDGE_LOOP('',(#1952,#1953,#1954,#1955,#1956,#1957,#1958,#1959,#1960,
#1961));
#457=EDGE_LOOP('',(#1962,#1963,#1964,#1965));
#458=EDGE_LOOP('',(#1966,#1967,#1968,#1969,#1970,#1971,#1972,#1973,#1974,
#1975));
#459=EDGE_LOOP('',(#1976,#1977,#1978,#1979));
#460=EDGE_LOOP('',(#1980,#1981,#1982,#1983));
#461=EDGE_LOOP('',(#1984,#1985,#1986,#1987));
#462=EDGE_LOOP('',(#1988,#1989,#1990,#1991));
#463=EDGE_LOOP('',(#1992,#1993,#1994,#1995,#1996,#1997,#1998,#1999));
#464=EDGE_LOOP('',(#2000,#2001,#2002,#2003,#2004,#2005,#2006,#2007));
#465=EDGE_LOOP('',(#2008,#2009,#2010,#2011));
#466=EDGE_LOOP('',(#2012,#2013,#2014,#2015));
#467=EDGE_LOOP('',(#2016,#2017,#2018,#2019));
#468=EDGE_LOOP('',(#2020,#2021,#2022,#2023));
#469=EDGE_LOOP('',(#2024,#2025,#2026,#2027));
#470=EDGE_LOOP('',(#2028,#2029,#2030,#2031,#2032,#2033));
#471=EDGE_LOOP('',(#2034,#2035,#2036,#2037));
#472=EDGE_LOOP('',(#2038,#2039,#2040,#2041,#2042,#2043));
#473=EDGE_LOOP('',(#2044,#2045,#2046,#2047));
#474=EDGE_LOOP('',(#2048,#2049,#2050,#2051,#2052,#2053));
#475=EDGE_LOOP('',(#2054,#2055,#2056,#2057,#2058,#2059,#2060,#2061));
#476=EDGE_LOOP('',(#2062,#2063,#2064));
#477=EDGE_LOOP('',(#2065,#2066,#2067));
#478=EDGE_LOOP('',(#2068,#2069,#2070));
#479=EDGE_LOOP('',(#2071,#2072,#2073));
#480=EDGE_LOOP('',(#2074,#2075,#2076,#2077,#2078,#2079,#2080,#2081));
#481=EDGE_LOOP('',(#2082,#2083,#2084,#2085,#2086,#2087,#2088,#2089));
#482=EDGE_LOOP('',(#2090,#2091,#2092,#2093,#2094,#2095,#2096,#2097));
#483=LINE('',#2864,#572);
#484=LINE('',#2884,#573);
#485=LINE('',#2913,#574);
#486=LINE('',#2933,#575);
#487=LINE('',#2970,#576);
#488=LINE('',#2990,#577);
#489=LINE('',#3019,#578);
#490=LINE('',#3039,#579);
#491=LINE('',#3208,#580);
#492=LINE('',#3213,#581);
#493=LINE('',#3216,#582);
#494=LINE('',#3327,#583);
#495=LINE('',#3332,#584);
#496=LINE('',#3335,#585);
#497=LINE('',#3442,#586);
#498=LINE('',#3443,#587);
#499=LINE('',#3539,#588);
#500=LINE('',#3540,#589);
#501=LINE('',#3544,#590);
#502=LINE('',#3548,#591);
#503=LINE('',#3551,#592);
#504=LINE('',#3555,#593);
#505=LINE('',#3561,#594);
#506=LINE('',#3566,#595);
#507=LINE('',#3590,#596);
#508=LINE('',#3613,#597);
#509=LINE('',#3621,#598);
#510=LINE('',#3649,#599);
#511=LINE('',#3676,#600);
#512=LINE('',#3702,#601);
#513=LINE('',#3751,#602);
#514=LINE('',#3769,#603);
#515=LINE('',#3816,#604);
#516=LINE('',#3826,#605);
#517=LINE('',#3829,#606);
#518=LINE('',#3832,#607);
#519=LINE('',#3887,#608);
#520=LINE('',#3890,#609);
#521=LINE('',#3894,#610);
#522=LINE('',#3898,#611);
#523=LINE('',#3917,#612);
#524=LINE('',#3940,#613);
#525=LINE('',#3948,#614);
#526=LINE('',#3976,#615);
#527=LINE('',#4003,#616);
#528=LINE('',#4029,#617);
#529=LINE('',#4078,#618);
#530=LINE('',#4095,#619);
#531=LINE('',#4141,#620);
#532=LINE('',#4150,#621);
#533=LINE('',#4205,#622);
#534=LINE('',#4208,#623);
#535=LINE('',#4236,#624);
#536=LINE('',#4240,#625);
#537=LINE('',#4267,#626);
#538=LINE('',#4268,#627);
#539=LINE('',#4271,#628);
#540=LINE('',#4273,#629);
#541=LINE('',#4274,#630);
#542=LINE('',#4276,#631);
#543=LINE('',#4277,#632);
#544=LINE('',#4279,#633);
#545=LINE('',#4415,#634);
#546=LINE('',#4429,#635);
#547=LINE('',#4442,#636);
#548=LINE('',#4444,#637);
#549=LINE('',#4445,#638);
#550=LINE('',#4448,#639);
#551=LINE('',#4449,#640);
#552=LINE('',#4452,#641);
#553=LINE('',#4453,#642);
#554=LINE('',#4455,#643);
#555=LINE('',#4457,#644);
#556=LINE('',#4458,#645);
#557=LINE('',#4461,#646);
#558=LINE('',#4463,#647);
#559=LINE('',#4464,#648);
#560=LINE('',#4466,#649);
#561=LINE('',#4467,#650);
#562=LINE('',#4468,#651);
#563=LINE('',#4469,#652);
#564=LINE('',#4471,#653);
#565=LINE('',#4472,#654);
#566=LINE('',#5644,#655);
#567=LINE('',#5654,#656);
#568=LINE('',#5760,#657);
#569=LINE('',#5859,#658);
#570=LINE('',#6209,#659);
#571=LINE('',#6211,#660);
#572=VECTOR('',#2438,10.);
#573=VECTOR('',#2439,10.);
#574=VECTOR('',#2456,10.);
#575=VECTOR('',#2457,10.);
#576=VECTOR('',#2474,10.);
#577=VECTOR('',#2475,10.);
#578=VECTOR('',#2492,10.);
#579=VECTOR('',#2493,10.);
#580=VECTOR('',#2520,10.);
#581=VECTOR('',#2521,10.);
#582=VECTOR('',#2524,10.);
#583=VECTOR('',#2541,10.);
#584=VECTOR('',#2542,10.);
#585=VECTOR('',#2545,10.);
#586=VECTOR('',#2566,10.);
#587=VECTOR('',#2567,10.);
#588=VECTOR('',#2586,10.);
#589=VECTOR('',#2587,10.);
#590=VECTOR('',#2592,10.);
#591=VECTOR('',#2597,10.);
#592=VECTOR('',#2600,10.);
#593=VECTOR('',#2603,10.);
#594=VECTOR('',#2610,10.);
#595=VECTOR('',#2615,10.);
#596=VECTOR('',#2620,10.);
#597=VECTOR('',#2621,10.);
#598=VECTOR('',#2622,10.);
#599=VECTOR('',#2623,10.);
#600=VECTOR('',#2624,10.);
#601=VECTOR('',#2625,10.);
#602=VECTOR('',#2626,10.);
#603=VECTOR('',#2627,10.);
#604=VECTOR('',#2632,10.);
#605=VECTOR('',#2641,10.);
#606=VECTOR('',#2644,10.);
#607=VECTOR('',#2647,10.);
#608=VECTOR('',#2658,10.);
#609=VECTOR('',#2661,10.);
#610=VECTOR('',#2666,10.);
#611=VECTOR('',#2669,10.);
#612=VECTOR('',#2674,10.);
#613=VECTOR('',#2675,10.);
#614=VECTOR('',#2676,10.);
#615=VECTOR('',#2677,10.);
#616=VECTOR('',#2678,10.);
#617=VECTOR('',#2679,10.);
#618=VECTOR('',#2680,10.);
#619=VECTOR('',#2681,10.);
#620=VECTOR('',#2684,10.);
#621=VECTOR('',#2693,10.);
#622=VECTOR('',#2706,10.);
#623=VECTOR('',#2709,10.);
#624=VECTOR('',#2724,10.);
#625=VECTOR('',#2727,10.);
#626=VECTOR('',#2744,10.);
#627=VECTOR('',#2745,10.);
#628=VECTOR('',#2748,10.);
#629=VECTOR('',#2749,10.);
#630=VECTOR('',#2750,10.);
#631=VECTOR('',#2753,10.);
#632=VECTOR('',#2754,10.);
#633=VECTOR('',#2757,10.);
#634=VECTOR('',#2766,10.);
#635=VECTOR('',#2767,10.);
#636=VECTOR('',#2768,10.);
#637=VECTOR('',#2771,10.);
#638=VECTOR('',#2772,10.);
#639=VECTOR('',#2777,10.);
#640=VECTOR('',#2778,10.);
#641=VECTOR('',#2783,10.);
#642=VECTOR('',#2784,10.);
#643=VECTOR('',#2787,10.);
#644=VECTOR('',#2790,10.);
#645=VECTOR('',#2791,10.);
#646=VECTOR('',#2794,10.);
#647=VECTOR('',#2795,10.);
#648=VECTOR('',#2796,10.);
#649=VECTOR('',#2799,10.);
#650=VECTOR('',#2800,10.);
#651=VECTOR('',#2801,10.);
#652=VECTOR('',#2802,10.);
#653=VECTOR('',#2805,10.);
#654=VECTOR('',#2806,10.);
#655=VECTOR('',#2829,10.);
#656=VECTOR('',#2832,10.);
#657=VECTOR('',#2839,10.);
#658=VECTOR('',#2840,10.);
#659=VECTOR('',#2843,10.);
#660=VECTOR('',#2846,10.);
#661=B_SPLINE_CURVE_WITH_KNOTS('',3,(#2851,#2852,#2853,#2854,#2855,#2856,
#2857,#2858,#2859,#2860,#2861,#2862),.UNSPECIFIED.,.F.,.F.,(4,2,2,2,2,4),
(0.,0.0285278185804284,0.0570556371608568,0.076401821496995,0.0957480058331333,
0.0967924142196373),.UNSPECIFIED.);
#662=B_SPLINE_CURVE_WITH_KNOTS('',3,(#2866,#2867,#2868,#2869,#2870,#2871,
#2872,#2873),.UNSPECIFIED.,.F.,.F.,(4,2,2,4),(0.123276365386558,0.131610914736409,
0.143294806765807,0.171852375214184),.UNSPECIFIED.);
#663=B_SPLINE_CURVE_WITH_KNOTS('',3,(#2875,#2876,#2877,#2878,#2879,#2880,
#2881,#2882),.UNSPECIFIED.,.F.,.F.,(4,2,2,4),(0.271804907803408,0.294455882401767,
0.317106857000127,0.317171744486618),.UNSPECIFIED.);
#664=B_SPLINE_CURVE_WITH_KNOTS('',3,(#2885,#2886,#2887,#2888),
 .UNSPECIFIED.,.F.,.F.,(4,4),(0.0817181154635788,0.0905244263930587),
 .UNSPECIFIED.);
#665=B_SPLINE_CURVE_WITH_KNOTS('',3,(#2904,#2905,#2906,#2907,#2908,#2909,
#2910,#2911),.UNSPECIFIED.,.F.,.F.,(4,2,2,4),(0.,0.028557568448377,0.0402414604777753,
0.0485760098276267),.UNSPECIFIED.);
#666=B_SPLINE_CURVE_WITH_KNOTS('',3,(#2915,#2916,#2917,#2918,#2919,#2920,
#2921,#2922,#2923,#2924,#2925,#2926),.UNSPECIFIED.,.F.,.F.,(4,2,2,2,2,4),
(0.250634536237464,0.251678944623991,0.27102512896013,0.290371313296268,
0.318899131876696,0.347426950457125),.UNSPECIFIED.);
#667=B_SPLINE_CURVE_WITH_KNOTS('',3,(#2928,#2929,#2930,#2931),
 .UNSPECIFIED.,.F.,.F.,(4,4),(0.0905215503409591,0.0993278647027307),
 .UNSPECIFIED.);
#668=B_SPLINE_CURVE_WITH_KNOTS('',3,(#2934,#2935,#2936,#2937,#2938,#2939,
#2940,#2941),.UNSPECIFIED.,.F.,.F.,(4,2,2,4),(0.226442900459832,0.226507787946248,
0.249158762544607,0.271809737142966),.UNSPECIFIED.);
#669=B_SPLINE_CURVE_WITH_KNOTS('',3,(#2957,#2958,#2959,#2960,#2961,#2962,
#2963,#2964,#2965,#2966,#2967,#2968),.UNSPECIFIED.,.F.,.F.,(4,2,2,2,2,4),
(0.,0.0285278185804283,0.0570556371608567,0.0764018214969949,0.0957480058331331,
0.0967925689755474),.UNSPECIFIED.);
#670=B_SPLINE_CURVE_WITH_KNOTS('',3,(#2972,#2973,#2974,#2975,#2976,#2977,
#2978,#2979),.UNSPECIFIED.,.F.,.F.,(4,2,2,4),(0.123276365386601,0.131610914736409,
0.143294806765807,0.171852375214184),.UNSPECIFIED.);
#671=B_SPLINE_CURVE_WITH_KNOTS('',3,(#2981,#2982,#2983,#2984,#2985,#2986,
#2987,#2988),.UNSPECIFIED.,.F.,.F.,(4,2,2,4),(0.0906000261744888,0.113251366959934,
0.135902707745379,0.135966866373771),.UNSPECIFIED.);
#672=B_SPLINE_CURVE_WITH_KNOTS('',3,(#2991,#2992,#2993,#2994),
 .UNSPECIFIED.,.F.,.F.,(4,4),(0.262764088753599,0.271570403115365),
 .UNSPECIFIED.);
#673=B_SPLINE_CURVE_WITH_KNOTS('',3,(#3010,#3011,#3012,#3013,#3014,#3015,
#3016,#3017),.UNSPECIFIED.,.F.,.F.,(4,2,2,4),(0.,0.0285575684483771,0.0402414604777754,
0.0485760098276057),.UNSPECIFIED.);
#674=B_SPLINE_CURVE_WITH_KNOTS('',3,(#3021,#3022,#3023,#3024,#3025,#3026,
#3027,#3028,#3029,#3030,#3031,#3032),.UNSPECIFIED.,.F.,.F.,(4,2,2,2,2,4),
(0.250631015686749,0.251675578829139,0.271021763165278,0.290367947501416,
0.318895766081844,0.347423584662273),.UNSPECIFIED.);
#675=B_SPLINE_CURVE_WITH_KNOTS('',3,(#3034,#3035,#3036,#3037),
 .UNSPECIFIED.,.F.,.F.,(4,4),(0.271567527065902,0.280373837995376),
 .UNSPECIFIED.);
#676=B_SPLINE_CURVE_WITH_KNOTS('',3,(#3040,#3041,#3042,#3043,#3044,#3045,
#3046,#3047),.UNSPECIFIED.,.F.,.F.,(4,2,2,4),(0.0452380188135718,0.0453029063000099,
0.0679538808983697,0.0906048554967294),.UNSPECIFIED.);
#677=B_SPLINE_CURVE_WITH_KNOTS('',3,(#3113,#3114,#3115,#3116,#3117,#3118,
#3119,#3120,#3121,#3122,#3123,#3124,#3125),.UNSPECIFIED.,.F.,.F.,(4,3,3,
3,4),(-0.0625397594245546,-0.0446882632654693,-0.0268367671063839,-0.00898527094729842,
0.),.UNSPECIFIED.);
#678=B_SPLINE_CURVE_WITH_KNOTS('',3,(#3126,#3127,#3128,#3129,#3130,#3131),
 .UNSPECIFIED.,.F.,.F.,(4,1,1,4),(-0.249819676122688,-0.223115184080361,
-0.205266333786985,-0.187417483493609),.UNSPECIFIED.);
#679=B_SPLINE_CURVE_WITH_KNOTS('',3,(#3154,#3155,#3156,#3157,#3158,#3159,
#3160,#3161,#3162,#3163),.UNSPECIFIED.,.F.,.F.,(4,2,2,2,4),(0.,0.0200731302646701,
0.0426123319324292,0.0599250155355915,0.0769696124220858),.UNSPECIFIED.);
#680=B_SPLINE_CURVE_WITH_KNOTS('',3,(#3165,#3166,#3167,#3168),
 .UNSPECIFIED.,.F.,.F.,(4,4),(-0.595170304178247,-0.563427496519849),
 .UNSPECIFIED.);
#681=B_SPLINE_CURVE_WITH_KNOTS('',3,(#3191,#3192,#3193,#3194,#3195,#3196,
#3197,#3198,#3199,#3200),.UNSPECIFIED.,.F.,.F.,(4,2,2,2,4),(0.,0.0234276458017315,
0.0352075900150937,0.0553446260404995,0.0773711214567959),.UNSPECIFIED.);
#682=B_SPLINE_CURVE_WITH_KNOTS('',3,(#3201,#3202,#3203,#3204),
 .UNSPECIFIED.,.F.,.F.,(4,4),(-0.625249872760986,-0.594183067477219),
 .UNSPECIFIED.);
#683=B_SPLINE_CURVE_WITH_KNOTS('',3,(#3218,#3219,#3220,#3221),
 .UNSPECIFIED.,.F.,.F.,(4,4),(0.319142977112788,0.32291782060237),
 .UNSPECIFIED.);
#684=B_SPLINE_CURVE_WITH_KNOTS('',3,(#3224,#3225,#3226,#3227),
 .UNSPECIFIED.,.F.,.F.,(4,4),(0.658034574282115,0.661124412133934),
 .UNSPECIFIED.);
#685=B_SPLINE_CURVE_WITH_KNOTS('',3,(#3273,#3274,#3275,#3276,#3277,#3278,
#3279,#3280,#3281,#3282),.UNSPECIFIED.,.F.,.F.,(4,2,2,2,4),(0.,0.0233181925981957,
0.0350535147177577,0.0551612528523685,0.0772043849161722),.UNSPECIFIED.);
#686=B_SPLINE_CURVE_WITH_KNOTS('',3,(#3283,#3284,#3285,#3286),
 .UNSPECIFIED.,.F.,.F.,(4,4),(-0.62575553928579,-0.594678018727212),
 .UNSPECIFIED.);
#687=B_SPLINE_CURVE_WITH_KNOTS('',3,(#3310,#3311,#3312,#3313,#3314,#3315,
#3316,#3317,#3318,#3319),.UNSPECIFIED.,.F.,.F.,(4,2,2,2,4),(0.,0.0200710675324459,
0.0425608288471929,0.0600808620871465,0.0773152900236148),.UNSPECIFIED.);
#688=B_SPLINE_CURVE_WITH_KNOTS('',3,(#3321,#3322,#3323,#3324),
 .UNSPECIFIED.,.F.,.F.,(4,4),(-0.594678018727212,-0.562940001951001),
 .UNSPECIFIED.);
#689=B_SPLINE_CURVE_WITH_KNOTS('',3,(#3337,#3338,#3339,#3340),
 .UNSPECIFIED.,.F.,.F.,(4,4),(0.0676917382142363,0.0714665797805326),
 .UNSPECIFIED.);
#690=B_SPLINE_CURVE_WITH_KNOTS('',3,(#3343,#3344,#3345,#3346),
 .UNSPECIFIED.,.F.,.F.,(4,4),(0.406583336687137,0.409673176006137),
 .UNSPECIFIED.);
#691=B_SPLINE_CURVE_WITH_KNOTS('',3,(#3350,#3351,#3352,#3353,#3354,#3355,
#3356,#3357,#3358,#3359,#3360,#3361,#3362,#3363),.UNSPECIFIED.,.F.,.F.,
(4,2,2,2,2,2,4),(0.0184054750977831,0.0380908476005133,0.0511617325566589,
0.0608026455742101,0.0693600423352595,0.0789957944553868,0.0885501114262404),
 .UNSPECIFIED.);
#692=B_SPLINE_CURVE_WITH_KNOTS('',3,(#3367,#3368,#3369,#3370,#3371,#3372,
#3373,#3374,#3375,#3376,#3377,#3378,#3379,#3380,#3381,#3382),
 .UNSPECIFIED.,.F.,.F.,(4,2,2,2,2,2,2,4),(0.123884715184077,0.126262407779972,
0.144084917738404,0.15773636468331,0.169995924262494,0.184228259961074,
0.205502521680477,0.222862754243655),.UNSPECIFIED.);
#693=B_SPLINE_CURVE_WITH_KNOTS('',3,(#3386,#3387,#3388,#3389),
 .UNSPECIFIED.,.F.,.F.,(4,4),(0.427491008715563,0.447909735528792),
 .UNSPECIFIED.);
#694=B_SPLINE_CURVE_WITH_KNOTS('',3,(#3392,#3393,#3394,#3395),
 .UNSPECIFIED.,.F.,.F.,(4,4),(0.192710197821916,0.213128924635143),
 .UNSPECIFIED.);
#695=B_SPLINE_CURVE_WITH_KNOTS('',3,(#3399,#3400,#3401,#3402,#3403,#3404,
#3405,#3406,#3407,#3408,#3409,#3410,#3411,#3412,#3413,#3414,#3415,#3416,
#3417,#3418,#3419,#3420),.UNSPECIFIED.,.F.,.F.,(4,3,3,3,3,3,3,4),(0.0310552368560475,
0.0326270822380713,0.0353790333077858,0.0406931354884398,0.0483377428892872,
0.0525655267398791,0.0601458769645898,0.0621025682837976),.UNSPECIFIED.);
#696=B_SPLINE_CURVE_WITH_KNOTS('',3,(#3424,#3425,#3426,#3427,#3428,#3429,
#3430,#3431,#3432,#3433,#3434,#3435,#3436,#3437,#3438,#3439),
 .UNSPECIFIED.,.F.,.F.,(4,3,3,3,3,4),(0.,0.00750340967668397,0.0134611391969394,
0.0216662397429941,0.0304152167950801,0.0311227283701768),.UNSPECIFIED.);
#697=B_SPLINE_CURVE_WITH_KNOTS('',3,(#3447,#3448,#3449,#3450,#3451,#3452,
#3453,#3454,#3455,#3456,#3457,#3458,#3459,#3460),.UNSPECIFIED.,.F.,.F.,
(4,2,2,2,2,2,4),(0.0185700013791076,0.0380684893672877,0.0519135693551303,
0.061738497165886,0.0704565470261222,0.0802765506956815,0.0902449876175631),
 .UNSPECIFIED.);
#698=B_SPLINE_CURVE_WITH_KNOTS('',3,(#3464,#3465,#3466,#3467,#3468,#3469,
#3470,#3471,#3472,#3473,#3474,#3475,#3476,#3477,#3478,#3479),
 .UNSPECIFIED.,.F.,.F.,(4,2,2,2,2,2,2,4),(0.124076437396341,0.126495914171093,
0.144385709917872,0.1580493764785,0.170289126426193,0.184440911842907,0.20557680226586,
0.22330902150119),.UNSPECIFIED.);
#699=B_SPLINE_CURVE_WITH_KNOTS('',3,(#3483,#3484,#3485,#3486),
 .UNSPECIFIED.,.F.,.F.,(4,4),(0.241810753344207,0.262224419896118),
 .UNSPECIFIED.);
#700=B_SPLINE_CURVE_WITH_KNOTS('',3,(#3489,#3490,#3491,#3492),
 .UNSPECIFIED.,.F.,.F.,(4,4),(0.0079862330168651,0.0283998995687763),
 .UNSPECIFIED.);
#701=B_SPLINE_CURVE_WITH_KNOTS('',3,(#3496,#3497,#3498,#3499,#3500,#3501,
#3502,#3503,#3504,#3505,#3506,#3507,#3508,#3509,#3510,#3511,#3512,#3513,
#3514,#3515,#3516,#3517),.UNSPECIFIED.,.F.,.F.,(4,3,3,3,3,3,3,4),(0.0310552368560593,
0.0326270822380974,0.0353790333078552,0.040693135488533,0.0483377428894076,
0.0525655267399849,0.0601458769647984,0.0621025682839115),.UNSPECIFIED.);
#702=B_SPLINE_CURVE_WITH_KNOTS('',3,(#3521,#3522,#3523,#3524,#3525,#3526,
#3527,#3528,#3529,#3530,#3531,#3532,#3533,#3534,#3535,#3536),
 .UNSPECIFIED.,.F.,.F.,(4,3,3,3,3,4),(0.,0.00750340967928236,0.0134611391965973,
0.0216662397433136,0.0304152167958448,0.0311227283701703),.UNSPECIFIED.);
#703=B_SPLINE_CURVE_WITH_KNOTS('',3,(#3586,#3587,#3588,#3589),
 .UNSPECIFIED.,.F.,.F.,(4,4),(0.540429751873223,1.06927952405376),
 .UNSPECIFIED.);
#704=B_SPLINE_CURVE_WITH_KNOTS('',3,(#3615,#3616,#3617,#3618,#3619),
 .UNSPECIFIED.,.F.,.F.,(4,1,4),(0.0212174169222516,0.047858822684915,0.0745002284475785),
 .UNSPECIFIED.);
#705=B_SPLINE_CURVE_WITH_KNOTS('',3,(#3622,#3623,#3624,#3625,#3626),
 .UNSPECIFIED.,.F.,.F.,(4,1,4),(-0.0745002284475785,-0.047858822684915,
-0.0212174169222516),.UNSPECIFIED.);
#706=B_SPLINE_CURVE_WITH_KNOTS('',3,(#3644,#3645,#3646,#3647),
 .UNSPECIFIED.,.F.,.F.,(4,4),(-0.00908366674189732,4.10813272618384E-14),
 .UNSPECIFIED.);
#707=B_SPLINE_CURVE_WITH_KNOTS('',3,(#3650,#3651,#3652,#3653),
 .UNSPECIFIED.,.F.,.F.,(4,4),(-4.10813272618384E-14,0.00908366674189732),
 .UNSPECIFIED.);
#708=B_SPLINE_CURVE_WITH_KNOTS('',3,(#3671,#3672,#3673,#3674),
 .UNSPECIFIED.,.F.,.F.,(4,4),(-0.0673639290129652,-0.0582804202137495),
 .UNSPECIFIED.);
#709=B_SPLINE_CURVE_WITH_KNOTS('',3,(#3677,#3678,#3679,#3680),
 .UNSPECIFIED.,.F.,.F.,(4,4),(0.0582804202137495,0.0673639290129652),
 .UNSPECIFIED.);
#710=B_SPLINE_CURVE_WITH_KNOTS('',3,(#3703,#3704,#3705,#3706,#3707),
 .UNSPECIFIED.,.F.,.F.,(4,1,4),(-0.0532934957349791,-0.0266467478674896,
0.),.UNSPECIFIED.);
#711=B_SPLINE_CURVE_WITH_KNOTS('',3,(#3708,#3709,#3710,#3711,#3712),
 .UNSPECIFIED.,.F.,.F.,(4,1,4),(0.,0.0266467478674896,0.0532934957349791),
 .UNSPECIFIED.);
#712=B_SPLINE_CURVE_WITH_KNOTS('',3,(#3730,#3731,#3732,#3733,#3734,#3735,
#3736,#3737,#3738,#3739,#3740,#3741,#3742,#3743,#3744,#3745),
 .UNSPECIFIED.,.F.,.F.,(4,3,3,3,3,4),(0.,0.00881321195156388,0.014717693043477,
0.0216691644527574,0.0291804985954757,0.03111740790548),.UNSPECIFIED.);
#713=B_SPLINE_CURVE_WITH_KNOTS('',3,(#3747,#3748,#3749,#3750),
 .UNSPECIFIED.,.F.,.F.,(4,4),(-0.0212174169222516,0.),.UNSPECIFIED.);
#714=B_SPLINE_CURVE_WITH_KNOTS('',3,(#3770,#3771,#3772,#3773),
 .UNSPECIFIED.,.F.,.F.,(4,4),(-0.0745002282871633,-0.0532934957349791),
 .UNSPECIFIED.);
#715=B_SPLINE_CURVE_WITH_KNOTS('',3,(#3793,#3794,#3795,#3796,#3797,#3798,
#3799,#3800,#3801,#3802,#3803,#3804,#3805,#3806,#3807,#3808,#3809,#3810,
#3811,#3812,#3813,#3814),.UNSPECIFIED.,.F.,.F.,(4,3,3,3,3,3,3,4),(0.,0.00757624074897017,
0.0132936530984022,0.0210467053811758,0.0244016819142552,0.0281571226690648,
0.0304932407551281,0.0310552368560496),.UNSPECIFIED.);
#716=B_SPLINE_CURVE_WITH_KNOTS('',3,(#3817,#3818,#3819,#3820),
 .UNSPECIFIED.,.F.,.F.,(4,4),(-1.06927952108085,-0.540429748900309),
 .UNSPECIFIED.);
#717=B_SPLINE_CURVE_WITH_KNOTS('',3,(#3834,#3835,#3836,#3837),
 .UNSPECIFIED.,.F.,.F.,(4,4),(0.540429748900308,1.06927952108085),
 .UNSPECIFIED.);
#718=B_SPLINE_CURVE_WITH_KNOTS('',3,(#3841,#3842,#3843,#3844),
 .UNSPECIFIED.,.F.,.F.,(4,4),(1.38777878078145E-17,0.3345),
 .UNSPECIFIED.);
#719=B_SPLINE_CURVE_WITH_KNOTS('',3,(#3846,#3847,#3848,#3849),
 .UNSPECIFIED.,.F.,.F.,(4,4),(0.,2.091),.UNSPECIFIED.);
#720=B_SPLINE_CURVE_WITH_KNOTS('',3,(#3851,#3852,#3853,#3854),
 .UNSPECIFIED.,.F.,.F.,(4,4),(-0.3345,0.),.UNSPECIFIED.);
#721=B_SPLINE_CURVE_WITH_KNOTS('',3,(#3881,#3882,#3883,#3884),
 .UNSPECIFIED.,.F.,.F.,(4,4),(-0.3345,-1.38777878078145E-17),
 .UNSPECIFIED.);
#722=B_SPLINE_CURVE_WITH_KNOTS('',3,(#3942,#3943,#3944,#3945,#3946),
 .UNSPECIFIED.,.F.,.F.,(4,1,4),(0.0212174169222516,0.0478588226047075,0.0745002282871633),
 .UNSPECIFIED.);
#723=B_SPLINE_CURVE_WITH_KNOTS('',3,(#3949,#3950,#3951,#3952,#3953),
 .UNSPECIFIED.,.F.,.F.,(4,1,4),(-0.0745002282871633,-0.0478588226047075,
-0.0212174169222516),.UNSPECIFIED.);
#724=B_SPLINE_CURVE_WITH_KNOTS('',3,(#3971,#3972,#3973,#3974),
 .UNSPECIFIED.,.F.,.F.,(4,4),(-0.00908366630201981,1.15067596083216E-18),
 .UNSPECIFIED.);
#725=B_SPLINE_CURVE_WITH_KNOTS('',3,(#3977,#3978,#3979,#3980),
 .UNSPECIFIED.,.F.,.F.,(4,4),(-1.15067596083216E-18,0.00908366630201981),
 .UNSPECIFIED.);
#726=B_SPLINE_CURVE_WITH_KNOTS('',3,(#3998,#3999,#4000,#4001),
 .UNSPECIFIED.,.F.,.F.,(4,4),(-0.06736392923736,-0.0582804199982371),
 .UNSPECIFIED.);
#727=B_SPLINE_CURVE_WITH_KNOTS('',3,(#4004,#4005,#4006,#4007),
 .UNSPECIFIED.,.F.,.F.,(4,4),(0.0582804199982371,0.06736392923736),
 .UNSPECIFIED.);
#728=B_SPLINE_CURVE_WITH_KNOTS('',3,(#4030,#4031,#4032,#4033,#4034),
 .UNSPECIFIED.,.F.,.F.,(4,1,4),(-0.0532934958949305,-0.0266467479474652,
0.),.UNSPECIFIED.);
#729=B_SPLINE_CURVE_WITH_KNOTS('',3,(#4035,#4036,#4037,#4038,#4039),
 .UNSPECIFIED.,.F.,.F.,(4,1,4),(0.,0.0266467479474652,0.0532934958949305),
 .UNSPECIFIED.);
#730=B_SPLINE_CURVE_WITH_KNOTS('',3,(#4057,#4058,#4059,#4060,#4061,#4062,
#4063,#4064,#4065,#4066,#4067,#4068,#4069,#4070,#4071,#4072),
 .UNSPECIFIED.,.F.,.F.,(4,3,3,3,3,4),(0.,0.008813211951589,0.0147176930434757,
0.0216691644527557,0.0291804985954811,0.0311174079054746),.UNSPECIFIED.);
#731=B_SPLINE_CURVE_WITH_KNOTS('',3,(#4074,#4075,#4076,#4077),
 .UNSPECIFIED.,.F.,.F.,(4,4),(-0.0212174169222516,0.),.UNSPECIFIED.);
#732=B_SPLINE_CURVE_WITH_KNOTS('',3,(#4096,#4097,#4098,#4099),
 .UNSPECIFIED.,.F.,.F.,(4,4),(-0.0745002284475784,-0.0532934958949304),
 .UNSPECIFIED.);
#733=B_SPLINE_CURVE_WITH_KNOTS('',3,(#4118,#4119,#4120,#4121,#4122,#4123,
#4124,#4125,#4126,#4127,#4128,#4129,#4130,#4131,#4132,#4133,#4134,#4135,
#4136,#4137,#4138,#4139),.UNSPECIFIED.,.F.,.F.,(4,3,3,3,3,3,3,4),(0.,0.00757624074899628,
0.0132936530984054,0.021046705381165,0.0244016819142593,0.0281571226690556,
0.0304932407551199,0.0310552368560441),.UNSPECIFIED.);
#734=B_SPLINE_CURVE_WITH_KNOTS('',3,(#4142,#4143,#4144,#4145),
 .UNSPECIFIED.,.F.,.F.,(4,4),(-1.06927952405376,-0.540429751873223),
 .UNSPECIFIED.);
#735=B_SPLINE_CURVE_WITH_KNOTS('',3,(#4153,#4154,#4155,#4156),
 .UNSPECIFIED.,.F.,.F.,(4,4),(0.,0.3345),.UNSPECIFIED.);
#736=B_SPLINE_CURVE_WITH_KNOTS('',3,(#4158,#4159,#4160,#4161),
 .UNSPECIFIED.,.F.,.F.,(4,4),(-2.091,0.),.UNSPECIFIED.);
#737=B_SPLINE_CURVE_WITH_KNOTS('',3,(#4162,#4163,#4164,#4165),
 .UNSPECIFIED.,.F.,.F.,(4,4),(-0.3345,-1.38777878078145E-17),
 .UNSPECIFIED.);
#738=B_SPLINE_CURVE_WITH_KNOTS('',3,(#4191,#4192,#4193,#4194),
 .UNSPECIFIED.,.F.,.F.,(4,4),(-0.3345,0.),.UNSPECIFIED.);
#739=B_SPLINE_CURVE_WITH_KNOTS('',3,(#4215,#4216,#4217,#4218,#4219,#4220),
 .UNSPECIFIED.,.F.,.F.,(4,2,4),(1.37608661355702,1.40934376688802,1.41527718393086),
 .UNSPECIFIED.);
#740=B_SPLINE_CURVE_WITH_KNOTS('',3,(#4224,#4225,#4226,#4227,#4228,#4229),
 .UNSPECIFIED.,.F.,.F.,(4,2,4),(1.67276412632231,1.67869754336514,1.71195469669614),
 .UNSPECIFIED.);
#741=B_SPLINE_CURVE_WITH_KNOTS('',3,(#4250,#4251,#4252,#4253,#4254,#4255),
 .UNSPECIFIED.,.F.,.F.,(4,2,4),(1.37608661331484,1.40934376746929,1.41527718361751),
 .UNSPECIFIED.);
#742=B_SPLINE_CURVE_WITH_KNOTS('',3,(#4259,#4260,#4261,#4262,#4263,#4264),
 .UNSPECIFIED.,.F.,.F.,(4,2,4),(1.67276412716985,1.67869754331806,1.71195469747252),
 .UNSPECIFIED.);
#743=B_SPLINE_CURVE_WITH_KNOTS('',3,(#4308,#4309,#4310,#4311),
 .UNSPECIFIED.,.F.,.F.,(4,4),(0.,0.3345),.UNSPECIFIED.);
#744=B_SPLINE_CURVE_WITH_KNOTS('',3,(#4336,#4337,#4338,#4339),
 .UNSPECIFIED.,.F.,.F.,(4,4),(-2.091,0.),.UNSPECIFIED.);
#745=B_SPLINE_CURVE_WITH_KNOTS('',3,(#4366,#4367,#4368,#4369),
 .UNSPECIFIED.,.F.,.F.,(4,4),(0.,2.091),.UNSPECIFIED.);
#746=B_SPLINE_CURVE_WITH_KNOTS('',3,(#4394,#4395,#4396,#4397),
 .UNSPECIFIED.,.F.,.F.,(4,4),(1.38777878078145E-17,0.3345),
 .UNSPECIFIED.);
#747=B_SPLINE_CURVE_WITH_KNOTS('',3,(#4411,#4412,#4413,#4414),
 .UNSPECIFIED.,.F.,.F.,(4,4),(-0.0673639290129244,-0.0582804202137496),
 .UNSPECIFIED.);
#748=B_SPLINE_CURVE_WITH_KNOTS('',3,(#4425,#4426,#4427,#4428),
 .UNSPECIFIED.,.F.,.F.,(4,4),(-0.00908366630201979,0.),.UNSPECIFIED.);
#749=B_SPLINE_CURVE_WITH_KNOTS('',3,(#4510,#4511,#4512,#4513,#4514,#4515,
#4516,#4517),.UNSPECIFIED.,.F.,.F.,(4,1,1,2,4),(0.,0.163000982970603,0.244501474455905,
0.407502457426508,0.408218176241715),.UNSPECIFIED.);
#750=B_SPLINE_CURVE_WITH_KNOTS('',3,(#4518,#4519,#4520,#4521,#4522,#4523,
#4524,#4525),.UNSPECIFIED.,.F.,.F.,(4,2,1,1,4),(-0.408218176241715,-0.407502457426508,
-0.244501474455905,-0.163000982970603,0.),.UNSPECIFIED.);
#751=B_SPLINE_CURVE_WITH_KNOTS('',3,(#4547,#4548,#4549,#4550),
 .UNSPECIFIED.,.F.,.F.,(4,4),(-0.0349209245136539,0.),.UNSPECIFIED.);
#752=B_SPLINE_CURVE_WITH_KNOTS('',3,(#4553,#4554,#4555,#4556),
 .UNSPECIFIED.,.F.,.F.,(4,4),(0.,0.0349209245136539),.UNSPECIFIED.);
#753=B_SPLINE_CURVE_WITH_KNOTS('',3,(#4608,#4609,#4610,#4611,#4612,#4613,
#4614,#4615,#4616,#4617),.UNSPECIFIED.,.F.,.F.,(4,1,1,1,1,1,1,4),(-0.660326558415964,
-0.613160375671966,-0.565994192927969,-0.471661827439974,-0.282997096463985,
-0.141498548231992,-0.0943323654879948,0.),.UNSPECIFIED.);
#754=B_SPLINE_CURVE_WITH_KNOTS('',3,(#4620,#4621,#4622,#4623,#4624,#4625,
#4626,#4627,#4628,#4629),.UNSPECIFIED.,.F.,.F.,(4,1,1,1,1,1,1,4),(0.,0.0943323654879948,
0.141498548231992,0.282997096463985,0.471661827439974,0.565994192927969,
0.613160375671966,0.660326558415964),.UNSPECIFIED.);
#755=B_SPLINE_CURVE_WITH_KNOTS('',3,(#4651,#4652,#4653,#4654),
 .UNSPECIFIED.,.F.,.F.,(4,4),(-0.0465751604048807,0.),.UNSPECIFIED.);
#756=B_SPLINE_CURVE_WITH_KNOTS('',3,(#4657,#4658,#4659,#4660),
 .UNSPECIFIED.,.F.,.F.,(4,4),(0.,0.0465751604048807),.UNSPECIFIED.);
#757=B_SPLINE_CURVE_WITH_KNOTS('',3,(#4702,#4703,#4704,#4705,#4706,#4707,
#4708,#4709),.UNSPECIFIED.,.F.,.F.,(4,1,1,2,4),(-0.398017465104864,-0.238810479062918,
-0.159206986041945,0.,0.000706734829382784),.UNSPECIFIED.);
#758=B_SPLINE_CURVE_WITH_KNOTS('',3,(#4710,#4711,#4712,#4713,#4714,#4715,
#4716,#4717),.UNSPECIFIED.,.F.,.F.,(4,2,1,1,4),(-0.000706734829382784,0.,
0.159206986041945,0.238810479062918,0.398017465104864),.UNSPECIFIED.);
#759=B_SPLINE_CURVE_WITH_KNOTS('',3,(#4739,#4740,#4741,#4742),
 .UNSPECIFIED.,.F.,.F.,(4,4),(5.50122132734966,5.61051909034798),
 .UNSPECIFIED.);
#760=B_SPLINE_CURVE_WITH_KNOTS('',3,(#4744,#4745,#4746,#4747,#4748,#4749,
#4750,#4751,#4752,#4753,#4754,#4755,#4756,#4757,#4758,#4759),
 .UNSPECIFIED.,.F.,.F.,(4,3,3,3,3,4),(0.,0.0162720315016586,0.0279366732499418,
0.042036529791037,0.0549088809649406,0.0644067244178483),.UNSPECIFIED.);
#761=B_SPLINE_CURVE_WITH_KNOTS('',3,(#4761,#4762,#4763,#4764,#4765,#4766,
#4767,#4768,#4769,#4770,#4771,#4772,#4773),.UNSPECIFIED.,.F.,.F.,(4,3,3,
3,4),(0.14072147454473,0.153960189980036,0.159087580716592,0.173609578008084,
0.184718433051849),.UNSPECIFIED.);
#762=B_SPLINE_CURVE_WITH_KNOTS('',3,(#4775,#4776,#4777,#4778,#4779,#4780,
#4781,#4782,#4783,#4784,#4785,#4786,#4787,#4788,#4789,#4790,#4791,#4792,
#4793),.UNSPECIFIED.,.F.,.F.,(4,3,3,3,3,3,4),(0.10072985910075,0.108361127492713,
0.126229050808225,0.141438010515402,0.146406784086046,0.163223539149193,
0.178510907805368),.UNSPECIFIED.);
#763=B_SPLINE_CURVE_WITH_KNOTS('',3,(#4795,#4796,#4797,#4798,#4799,#4800,
#4801,#4802,#4803,#4804,#4805,#4806,#4807,#4808,#4809,#4810,#4811,#4812,
#4813,#4814,#4815,#4816,#4817,#4818,#4819,#4820,#4821,#4822,#4823,#4824,
#4825,#4826,#4827,#4828,#4829,#4830,#4831,#4832,#4833,#4834,#4835,#4836,
#4837,#4838,#4839,#4840,#4841,#4842,#4843,#4844,#4845,#4846,#4847,#4848,
#4849,#4850,#4851,#4852),.UNSPECIFIED.,.F.,.F.,(4,3,3,3,3,3,3,3,3,3,3,3,
3,3,3,3,3,3,3,4),(-0.000641874985517022,0.,0.0161613041370547,0.0316784174373307,
0.0420661843425927,0.0550930436211002,0.0611784830713929,0.0738649568384477,
0.0814413445881212,0.0957279066193583,0.109708150056178,0.117422729639031,
0.128258326955105,0.142575555809528,0.156968253809202,0.16603200187335,
0.176667470765715,0.187233900622372,0.1969029127873,0.19780033047903),
 .UNSPECIFIED.);
#764=B_SPLINE_CURVE_WITH_KNOTS('',3,(#4854,#4855,#4856,#4857),
 .UNSPECIFIED.,.F.,.F.,(4,4),(5.4006702204773,5.50793431682225),
 .UNSPECIFIED.);
#765=B_SPLINE_CURVE_WITH_KNOTS('',3,(#4859,#4860,#4861,#4862),
 .UNSPECIFIED.,.F.,.F.,(4,4),(-5.4006702204773,-5.31687952534209),
 .UNSPECIFIED.);
#766=B_SPLINE_CURVE_WITH_KNOTS('',3,(#4863,#4864,#4865,#4866),
 .UNSPECIFIED.,.F.,.F.,(4,4),(5.08955295876197,5.31687952534192),
 .UNSPECIFIED.);
#767=B_SPLINE_CURVE_WITH_KNOTS('',3,(#4869,#4870,#4871,#4872),
 .UNSPECIFIED.,.F.,.F.,(4,4),(1.51032730854344,1.6109666554785),
 .UNSPECIFIED.);
#768=B_SPLINE_CURVE_WITH_KNOTS('',3,(#4907,#4908,#4909,#4910),
 .UNSPECIFIED.,.F.,.F.,(4,4),(1.78641551870305,2.01948726633628),
 .UNSPECIFIED.);
#769=B_SPLINE_CURVE_WITH_KNOTS('',3,(#4912,#4913,#4914,#4915),
 .UNSPECIFIED.,.F.,.F.,(4,4),(-1.78641551822469,-1.69921776944474),
 .UNSPECIFIED.);
#770=B_SPLINE_CURVE_WITH_KNOTS('',3,(#4917,#4918,#4919,#4920),
 .UNSPECIFIED.,.F.,.F.,(4,4),(1.59633162181858,1.69921776944474),
 .UNSPECIFIED.);
#771=B_SPLINE_CURVE_WITH_KNOTS('',3,(#4922,#4923,#4924,#4925,#4926,#4927,
#4928,#4929,#4930,#4931,#4932,#4933,#4934,#4935,#4936,#4937,#4938,#4939,
#4940,#4941,#4942,#4943,#4944,#4945,#4946,#4947,#4948,#4949,#4950,#4951,
#4952,#4953,#4954,#4955,#4956,#4957,#4958,#4959,#4960,#4961,#4962,#4963,
#4964,#4965,#4966,#4967,#4968,#4969,#4970),.UNSPECIFIED.,.F.,.F.,(4,3,3,
3,3,3,3,3,3,3,3,3,3,3,3,3,4),(0.,0.00837110568929792,0.0170214509212393,
0.0217557006046699,0.0308220671153717,0.0399012682679611,0.0466187520248563,
0.0504875514686577,0.0592885443519151,0.0686597079731707,0.0780308715944263,
0.0847490103122756,0.0939029946811355,0.103220906292121,0.112396253121002,
0.119275233601957,0.119638868456687),.UNSPECIFIED.);
#772=B_SPLINE_CURVE_WITH_KNOTS('',3,(#4972,#4973,#4974,#4975,#4976,#4977,
#4978,#4979),.UNSPECIFIED.,.F.,.F.,(4,2,2,4),(0.172488885485552,0.17780543692643,
0.235444214227566,0.269051864029601),.UNSPECIFIED.);
#773=B_SPLINE_CURVE_WITH_KNOTS('',3,(#4981,#4982,#4983,#4984,#4985,#4986,
#4987,#4988,#4989,#4990),.UNSPECIFIED.,.F.,.F.,(4,3,3,4),(0.0255053588994081,
0.0278817873861365,0.0389844579933384,0.0466362942830025),.UNSPECIFIED.);
#774=B_SPLINE_CURVE_WITH_KNOTS('',3,(#4991,#4992,#4993,#4994,#4995,#4996,
#4997,#4998,#4999,#5000,#5001,#5002,#5003,#5004,#5005,#5006,#5007,#5008,
#5009,#5010,#5011,#5012,#5013,#5014,#5015),.UNSPECIFIED.,.F.,.F.,(4,3,3,
3,3,3,3,3,4),(0.296179879828937,0.310813742728456,0.326377877377538,0.32796325215248,
0.344233303920459,0.36178512511792,0.363731660696618,0.383758398190079,
0.389999676878418),.UNSPECIFIED.);
#775=B_SPLINE_CURVE_WITH_KNOTS('',3,(#5033,#5034,#5035,#5036),
 .UNSPECIFIED.,.F.,.F.,(4,4),(0.178520625261788,0.441479374738204),
 .UNSPECIFIED.);
#776=B_SPLINE_CURVE_WITH_KNOTS('',3,(#5038,#5039,#5040,#5041,#5042,#5043,
#5044,#5045),.UNSPECIFIED.,.F.,.F.,(4,2,1,1,4),(-0.000715718815167458,0.,
0.16300098297062,0.244501474455929,0.407502457426549),.UNSPECIFIED.);
#777=B_SPLINE_CURVE_WITH_KNOTS('',3,(#5046,#5047,#5048,#5049),
 .UNSPECIFIED.,.F.,.F.,(4,4),(-0.620000000000176,1.75526260193237E-13),
 .UNSPECIFIED.);
#778=B_SPLINE_CURVE_WITH_KNOTS('',3,(#5086,#5087,#5088,#5089,#5090,#5091,
#5092,#5093),.UNSPECIFIED.,.F.,.F.,(4,1,1,2,4),(0.,0.0796034930048344,0.159206986009669,
0.398017465024172,0.398724199853612),.UNSPECIFIED.);
#779=B_SPLINE_CURVE_WITH_KNOTS('',3,(#5094,#5095,#5096,#5097,#5098,#5099,
#5100,#5101),.UNSPECIFIED.,.F.,.F.,(4,2,1,1,4),(-0.398724199853612,-0.398017465024172,
-0.159206986009669,-0.0796034930048344,0.),.UNSPECIFIED.);
#780=B_SPLINE_CURVE_WITH_KNOTS('',3,(#5123,#5124,#5125,#5126),
 .UNSPECIFIED.,.F.,.F.,(4,4),(-0.0465751604354611,0.),.UNSPECIFIED.);
#781=B_SPLINE_CURVE_WITH_KNOTS('',3,(#5129,#5130,#5131,#5132),
 .UNSPECIFIED.,.F.,.F.,(4,4),(0.,0.0465751604354611),.UNSPECIFIED.);
#782=B_SPLINE_CURVE_WITH_KNOTS('',3,(#5189,#5190,#5191,#5192,#5193,#5194,
#5195,#5196,#5197,#5198,#5199),.UNSPECIFIED.,.F.,.F.,(4,1,1,1,1,1,1,1,4),
(-0.660334044382196,-0.613167326926325,-0.566000609470454,-0.471667174558711,
-0.283000304735227,-0.188666869823485,-0.0943334349117423,-0.0471667174558711,
0.),.UNSPECIFIED.);
#783=B_SPLINE_CURVE_WITH_KNOTS('',3,(#5202,#5203,#5204,#5205,#5206,#5207,
#5208,#5209,#5210,#5211,#5212),.UNSPECIFIED.,.F.,.F.,(4,1,1,1,1,1,1,1,4),
(0.,0.0471667174558711,0.0943334349117423,0.188666869823485,0.283000304735227,
0.471667174558711,0.566000609470454,0.613167326926325,0.660334044382196),
 .UNSPECIFIED.);
#784=B_SPLINE_CURVE_WITH_KNOTS('',3,(#5234,#5235,#5236,#5237),
 .UNSPECIFIED.,.F.,.F.,(4,4),(-0.0349209245138692,0.),.UNSPECIFIED.);
#785=B_SPLINE_CURVE_WITH_KNOTS('',3,(#5239,#5240,#5241,#5242),
 .UNSPECIFIED.,.F.,.F.,(4,4),(0.,0.0349209245138692),.UNSPECIFIED.);
#786=B_SPLINE_CURVE_WITH_KNOTS('',3,(#5283,#5284,#5285,#5286,#5287,#5288,
#5289,#5290),.UNSPECIFIED.,.F.,.F.,(4,1,1,2,4),(-0.407502457426549,-0.244501474455929,
-0.16300098297062,0.,0.000715718815167458),.UNSPECIFIED.);
#787=B_SPLINE_CURVE_WITH_KNOTS('',3,(#5312,#5313,#5314,#5315),
 .UNSPECIFIED.,.F.,.F.,(4,4),(5.50108420796942,5.60172355490447),
 .UNSPECIFIED.);
#788=B_SPLINE_CURVE_WITH_KNOTS('',3,(#5317,#5318,#5319,#5320,#5321,#5322,
#5323,#5324,#5325,#5326,#5327,#5328,#5329,#5330,#5331,#5332,#5333,#5334,
#5335),.UNSPECIFIED.,.F.,.F.,(4,3,3,3,3,3,4),(0.,0.0149829843829755,0.0285774370576801,
0.0413195037132952,0.05300106164034,0.0611914402963163,0.0720834316750492),
 .UNSPECIFIED.);
#789=B_SPLINE_CURVE_WITH_KNOTS('',3,(#5337,#5338,#5339,#5340,#5341,#5342,
#5343,#5344,#5345,#5346),.UNSPECIFIED.,.F.,.F.,(4,3,3,4),(0.505285179755763,
0.51693991566618,0.524221610647182,0.526018001198124),.UNSPECIFIED.);
#790=B_SPLINE_CURVE_WITH_KNOTS('',3,(#5348,#5349,#5350,#5351,#5352,#5353,
#5354,#5355),.UNSPECIFIED.,.F.,.F.,(4,2,2,4),(0.0930890791800044,0.0931514682870123,
0.12512011261263,0.16797824467571),.UNSPECIFIED.);
#791=B_SPLINE_CURVE_WITH_KNOTS('',3,(#5357,#5358,#5359,#5360,#5361,#5362,
#5363,#5364,#5365,#5366,#5367,#5368,#5369,#5370,#5371,#5372,#5373,#5374,
#5375,#5376,#5377,#5378,#5379,#5380,#5381,#5382,#5383,#5384,#5385,#5386,
#5387,#5388,#5389,#5390,#5391,#5392,#5393,#5394,#5395,#5396,#5397,#5398,
#5399,#5400,#5401,#5402,#5403,#5404,#5405,#5406,#5407,#5408),
 .UNSPECIFIED.,.F.,.F.,(4,3,3,3,3,3,3,3,3,3,3,3,3,3,3,3,3,4),(-0.000641973812591179,
0.,0.0162322967362442,0.0326990499294119,0.0488206338475488,0.0609538137174672,
0.0728142530263354,0.0888693347306256,0.105154768828128,0.120500736552933,
0.12144020292563,0.128270318070268,0.144220513144194,0.16029267536801,0.172164426956923,
0.187454601986659,0.202313830062117,0.210572708993944),.UNSPECIFIED.);
#792=B_SPLINE_CURVE_WITH_KNOTS('',3,(#5410,#5411,#5412,#5413),
 .UNSPECIFIED.,.F.,.F.,(4,4),(5.41283309400318,5.51571924162934),
 .UNSPECIFIED.);
#793=B_SPLINE_CURVE_WITH_KNOTS('',3,(#5415,#5416,#5417,#5418),
 .UNSPECIFIED.,.F.,.F.,(4,4),(-5.41283309400318,-5.32563534474491),
 .UNSPECIFIED.);
#794=B_SPLINE_CURVE_WITH_KNOTS('',3,(#5419,#5420,#5421,#5422),
 .UNSPECIFIED.,.F.,.F.,(4,4),(5.09256359711163,5.32563534474486),
 .UNSPECIFIED.);
#795=B_SPLINE_CURVE_WITH_KNOTS('',3,(#5425,#5426,#5427,#5428),
 .UNSPECIFIED.,.F.,.F.,(4,4),(1.50153213172046,1.61082989471898),
 .UNSPECIFIED.);
#796=B_SPLINE_CURVE_WITH_KNOTS('',3,(#5463,#5464,#5465,#5466),
 .UNSPECIFIED.,.F.,.F.,(4,4),(1.79517169672653,2.02249826330649),
 .UNSPECIFIED.);
#797=B_SPLINE_CURVE_WITH_KNOTS('',3,(#5468,#5469,#5470,#5471),
 .UNSPECIFIED.,.F.,.F.,(4,4),(-1.79517169631282,-1.71138100159116),
 .UNSPECIFIED.);
#798=B_SPLINE_CURVE_WITH_KNOTS('',3,(#5473,#5474,#5475,#5476),
 .UNSPECIFIED.,.F.,.F.,(4,4),(1.60411690524621,1.71138100159116),
 .UNSPECIFIED.);
#799=B_SPLINE_CURVE_WITH_KNOTS('',3,(#5478,#5479,#5480,#5481,#5482,#5483,
#5484,#5485,#5486,#5487,#5488,#5489,#5490,#5491,#5492,#5493,#5494,#5495,
#5496,#5497,#5498,#5499,#5500,#5501,#5502,#5503,#5504,#5505,#5506,#5507,
#5508,#5509,#5510,#5511,#5512,#5513,#5514,#5515,#5516,#5517,#5518,#5519,
#5520,#5521,#5522,#5523,#5524,#5525,#5526,#5527,#5528,#5529,#5530,#5531,
#5532,#5533,#5534,#5535),.UNSPECIFIED.,.F.,.F.,(4,3,3,3,3,3,3,3,3,3,3,3,
3,3,3,3,3,3,3,4),(0.,0.0068559272049788,0.0139789451244973,0.0214999785680658,
0.0222263817845926,0.0322589267144794,0.0423159487198063,0.0486543418627236,
0.0562353551983785,0.0659636341189005,0.0759620580061767,0.0814093582504918,
0.0902853181080845,0.0955860592569992,0.104700166309097,0.108957780936162,
0.119732381320902,0.13099926586288,0.138388950735056,0.13883803191471),
 .UNSPECIFIED.);
#800=B_SPLINE_CURVE_WITH_KNOTS('',3,(#5537,#5538,#5539,#5540,#5541,#5542,
#5543,#5544),.UNSPECIFIED.,.F.,.F.,(4,2,2,4),(0.178201439362795,0.179872111445535,
0.237959437388456,0.272321702216305),.UNSPECIFIED.);
#801=B_SPLINE_CURVE_WITH_KNOTS('',3,(#5546,#5547,#5548,#5549,#5550,#5551,
#5552,#5553,#5554,#5555,#5556,#5557,#5558),.UNSPECIFIED.,.F.,.F.,(4,3,3,
3,4),(0.434206721933466,0.446669419458865,0.457360756528656,0.468785238532086,
0.473310377279261),.UNSPECIFIED.);
#802=B_SPLINE_CURVE_WITH_KNOTS('',3,(#5559,#5560,#5561,#5562,#5563,#5564,
#5565,#5566,#5567,#5568,#5569,#5570,#5571,#5572,#5573,#5574,#5575,#5576,
#5577),.UNSPECIFIED.,.F.,.F.,(4,3,3,3,3,3,4),(0.316808093829972,0.333007532592141,
0.343190057321332,0.361177376063708,0.373135511399863,0.3935967617277,0.395822021467038),
 .UNSPECIFIED.);
#803=B_SPLINE_CURVE_WITH_KNOTS('',3,(#5594,#5595,#5596,#5597),
 .UNSPECIFIED.,.F.,.F.,(4,4),(-0.620000000000219,2.18547402397462E-13),
 .UNSPECIFIED.);
#804=B_SPLINE_CURVE_WITH_KNOTS('',3,(#5598,#5599,#5600,#5601),
 .UNSPECIFIED.,.F.,.F.,(4,4),(0.177511626515127,0.442488373552191),
 .UNSPECIFIED.);
#805=B_SPLINE_CURVE_WITH_KNOTS('',3,(#5614,#5615,#5616,#5617),
 .UNSPECIFIED.,.F.,.F.,(4,4),(-0.00908366674189724,0.),.UNSPECIFIED.);
#806=B_SPLINE_CURVE_WITH_KNOTS('',3,(#5630,#5631,#5632,#5633),
 .UNSPECIFIED.,.F.,.F.,(4,4),(-0.0673639292372784,-0.0582804199982372),
 .UNSPECIFIED.);
#807=B_SPLINE_CURVE_WITH_KNOTS('',3,(#5645,#5646,#5647,#5648),
 .UNSPECIFIED.,.F.,.F.,(4,4),(-0.62,5.55111512312578E-17),.UNSPECIFIED.);
#808=B_SPLINE_CURVE_WITH_KNOTS('',3,(#5649,#5650,#5651,#5652),
 .UNSPECIFIED.,.F.,.F.,(4,4),(-0.620000000000365,3.65041330496753E-13),
 .UNSPECIFIED.);
#809=B_SPLINE_CURVE_WITH_KNOTS('',3,(#5690,#5691,#5692,#5693),
 .UNSPECIFIED.,.F.,.F.,(4,4),(0.134907544677563,0.485092455322438),
 .UNSPECIFIED.);
#810=B_SPLINE_CURVE_WITH_KNOTS('',3,(#5755,#5756,#5757,#5758),
 .UNSPECIFIED.,.F.,.F.,(4,4),(0.477535945234122,0.48),.UNSPECIFIED.);
#811=B_SPLINE_CURVE_WITH_KNOTS('',3,(#5761,#5762,#5763,#5764),
 .UNSPECIFIED.,.F.,.F.,(4,4),(0.320000000000001,0.3224640550758),
 .UNSPECIFIED.);
#812=B_SPLINE_CURVE_WITH_KNOTS('',3,(#5789,#5790,#5791,#5792),
 .UNSPECIFIED.,.F.,.F.,(4,4),(0.136872200848287,0.483127799151713),
 .UNSPECIFIED.);
#813=B_SPLINE_CURVE_WITH_KNOTS('',3,(#5854,#5855,#5856,#5857),
 .UNSPECIFIED.,.F.,.F.,(4,4),(0.477672965135283,0.480000000000001),
 .UNSPECIFIED.);
#814=B_SPLINE_CURVE_WITH_KNOTS('',3,(#5860,#5861,#5862,#5863),
 .UNSPECIFIED.,.F.,.F.,(4,4),(0.320000000000001,0.32232703492377),
 .UNSPECIFIED.);
#815=B_SPLINE_CURVE_WITH_KNOTS('',3,(#5981,#5982,#5983,#5984),
 .UNSPECIFIED.,.F.,.F.,(4,4),(0.479128639897631,0.480000000000001),
 .UNSPECIFIED.);
#816=B_SPLINE_CURVE_WITH_KNOTS('',3,(#6053,#6054,#6055,#6056),
 .UNSPECIFIED.,.F.,.F.,(4,4),(0.320000000000001,0.320871360102797),
 .UNSPECIFIED.);
#817=B_SPLINE_CURVE_WITH_KNOTS('',3,(#6125,#6126,#6127,#6128),
 .UNSPECIFIED.,.F.,.F.,(4,4),(0.479622426996639,0.480000000000001),
 .UNSPECIFIED.);
#818=B_SPLINE_CURVE_WITH_KNOTS('',3,(#6197,#6198,#6199,#6200),
 .UNSPECIFIED.,.F.,.F.,(4,4),(0.320000000000001,0.320377572907624),
 .UNSPECIFIED.);
#819=VERTEX_POINT('',#2849);
#820=VERTEX_POINT('',#2850);
#821=VERTEX_POINT('',#2863);
#822=VERTEX_POINT('',#2865);
#823=VERTEX_POINT('',#2874);
#824=VERTEX_POINT('',#2883);
#825=VERTEX_POINT('',#2890);
#826=VERTEX_POINT('',#2892);
#827=VERTEX_POINT('',#2894);
#828=VERTEX_POINT('',#2896);
#829=VERTEX_POINT('',#2898);
#830=VERTEX_POINT('',#2902);
#831=VERTEX_POINT('',#2903);
#832=VERTEX_POINT('',#2912);
#833=VERTEX_POINT('',#2914);
#834=VERTEX_POINT('',#2927);
#835=VERTEX_POINT('',#2932);
#836=VERTEX_POINT('',#2943);
#837=VERTEX_POINT('',#2945);
#838=VERTEX_POINT('',#2947);
#839=VERTEX_POINT('',#2949);
#840=VERTEX_POINT('',#2951);
#841=VERTEX_POINT('',#2955);
#842=VERTEX_POINT('',#2956);
#843=VERTEX_POINT('',#2969);
#844=VERTEX_POINT('',#2971);
#845=VERTEX_POINT('',#2980);
#846=VERTEX_POINT('',#2989);
#847=VERTEX_POINT('',#2996);
#848=VERTEX_POINT('',#2998);
#849=VERTEX_POINT('',#3000);
#850=VERTEX_POINT('',#3002);
#851=VERTEX_POINT('',#3004);
#852=VERTEX_POINT('',#3008);
#853=VERTEX_POINT('',#3009);
#854=VERTEX_POINT('',#3018);
#855=VERTEX_POINT('',#3020);
#856=VERTEX_POINT('',#3033);
#857=VERTEX_POINT('',#3038);
#858=VERTEX_POINT('',#3049);
#859=VERTEX_POINT('',#3051);
#860=VERTEX_POINT('',#3053);
#861=VERTEX_POINT('',#3055);
#862=VERTEX_POINT('',#3057);
#863=VERTEX_POINT('',#3105);
#864=VERTEX_POINT('',#3106);
#865=VERTEX_POINT('',#3108);
#866=VERTEX_POINT('',#3110);
#867=VERTEX_POINT('',#3112);
#868=VERTEX_POINT('',#3152);
#869=VERTEX_POINT('',#3153);
#870=VERTEX_POINT('',#3189);
#871=VERTEX_POINT('',#3190);
#872=VERTEX_POINT('',#3207);
#873=VERTEX_POINT('',#3209);
#874=VERTEX_POINT('',#3215);
#875=VERTEX_POINT('',#3217);
#876=VERTEX_POINT('',#3222);
#877=VERTEX_POINT('',#3243);
#878=VERTEX_POINT('',#3244);
#879=VERTEX_POINT('',#3246);
#880=VERTEX_POINT('',#3248);
#881=VERTEX_POINT('',#3271);
#882=VERTEX_POINT('',#3272);
#883=VERTEX_POINT('',#3308);
#884=VERTEX_POINT('',#3309);
#885=VERTEX_POINT('',#3326);
#886=VERTEX_POINT('',#3328);
#887=VERTEX_POINT('',#3334);
#888=VERTEX_POINT('',#3336);
#889=VERTEX_POINT('',#3341);
#890=VERTEX_POINT('',#3348);
#891=VERTEX_POINT('',#3349);
#892=VERTEX_POINT('',#3364);
#893=VERTEX_POINT('',#3366);
#894=VERTEX_POINT('',#3385);
#895=VERTEX_POINT('',#3390);
#896=VERTEX_POINT('',#3396);
#897=VERTEX_POINT('',#3398);
#898=VERTEX_POINT('',#3421);
#899=VERTEX_POINT('',#3423);
#900=VERTEX_POINT('',#3445);
#901=VERTEX_POINT('',#3446);
#902=VERTEX_POINT('',#3461);
#903=VERTEX_POINT('',#3463);
#904=VERTEX_POINT('',#3482);
#905=VERTEX_POINT('',#3487);
#906=VERTEX_POINT('',#3493);
#907=VERTEX_POINT('',#3495);
#908=VERTEX_POINT('',#3518);
#909=VERTEX_POINT('',#3520);
#910=VERTEX_POINT('',#3542);
#911=VERTEX_POINT('',#3546);
#912=VERTEX_POINT('',#3550);
#913=VERTEX_POINT('',#3552);
#914=VERTEX_POINT('',#3554);
#915=VERTEX_POINT('',#3558);
#916=VERTEX_POINT('',#3560);
#917=VERTEX_POINT('',#3564);
#918=VERTEX_POINT('',#3565);
#919=VERTEX_POINT('',#3585);
#920=VERTEX_POINT('',#3611);
#921=VERTEX_POINT('',#3612);
#922=VERTEX_POINT('',#3614);
#923=VERTEX_POINT('',#3620);
#924=VERTEX_POINT('',#3643);
#925=VERTEX_POINT('',#3648);
#926=VERTEX_POINT('',#3670);
#927=VERTEX_POINT('',#3675);
#928=VERTEX_POINT('',#3701);
#929=VERTEX_POINT('',#3729);
#930=VERTEX_POINT('',#3746);
#931=VERTEX_POINT('',#3768);
#932=VERTEX_POINT('',#3792);
#933=VERTEX_POINT('',#3815);
#934=VERTEX_POINT('',#3825);
#935=VERTEX_POINT('',#3827);
#936=VERTEX_POINT('',#3831);
#937=VERTEX_POINT('',#3833);
#938=VERTEX_POINT('',#3840);
#939=VERTEX_POINT('',#3845);
#940=VERTEX_POINT('',#3850);
#941=VERTEX_POINT('',#3880);
#942=VERTEX_POINT('',#3888);
#943=VERTEX_POINT('',#3892);
#944=VERTEX_POINT('',#3896);
#945=VERTEX_POINT('',#3897);
#946=VERTEX_POINT('',#3938);
#947=VERTEX_POINT('',#3939);
#948=VERTEX_POINT('',#3941);
#949=VERTEX_POINT('',#3947);
#950=VERTEX_POINT('',#3970);
#951=VERTEX_POINT('',#3975);
#952=VERTEX_POINT('',#3997);
#953=VERTEX_POINT('',#4002);
#954=VERTEX_POINT('',#4028);
#955=VERTEX_POINT('',#4056);
#956=VERTEX_POINT('',#4073);
#957=VERTEX_POINT('',#4117);
#958=VERTEX_POINT('',#4140);
#959=VERTEX_POINT('',#4152);
#960=VERTEX_POINT('',#4157);
#961=VERTEX_POINT('',#4190);
#962=VERTEX_POINT('',#4197);
#963=VERTEX_POINT('',#4198);
#964=VERTEX_POINT('',#4200);
#965=VERTEX_POINT('',#4202);
#966=VERTEX_POINT('',#4204);
#967=VERTEX_POINT('',#4206);
#968=VERTEX_POINT('',#4209);
#969=VERTEX_POINT('',#4211);
#970=VERTEX_POINT('',#4232);
#971=VERTEX_POINT('',#4233);
#972=VERTEX_POINT('',#4235);
#973=VERTEX_POINT('',#4237);
#974=VERTEX_POINT('',#4239);
#975=VERTEX_POINT('',#4241);
#976=VERTEX_POINT('',#4244);
#977=VERTEX_POINT('',#4246);
#978=VERTEX_POINT('',#4270);
#979=VERTEX_POINT('',#4272);
#980=VERTEX_POINT('',#4306);
#981=VERTEX_POINT('',#4364);
#982=VERTEX_POINT('',#4410);
#983=VERTEX_POINT('',#4424);
#984=VERTEX_POINT('',#4460);
#985=VERTEX_POINT('',#4462);
#986=VERTEX_POINT('',#4506);
#987=VERTEX_POINT('',#4507);
#988=VERTEX_POINT('',#4509);
#989=VERTEX_POINT('',#4546);
#990=VERTEX_POINT('',#4551);
#991=VERTEX_POINT('',#4607);
#992=VERTEX_POINT('',#4618);
#993=VERTEX_POINT('',#4650);
#994=VERTEX_POINT('',#4655);
#995=VERTEX_POINT('',#4701);
#996=VERTEX_POINT('',#4738);
#997=VERTEX_POINT('',#4743);
#998=VERTEX_POINT('',#4760);
#999=VERTEX_POINT('',#4774);
#1000=VERTEX_POINT('',#4794);
#1001=VERTEX_POINT('',#4853);
#1002=VERTEX_POINT('',#4858);
#1003=VERTEX_POINT('',#4868);
#1004=VERTEX_POINT('',#4906);
#1005=VERTEX_POINT('',#4911);
#1006=VERTEX_POINT('',#4916);
#1007=VERTEX_POINT('',#4921);
#1008=VERTEX_POINT('',#4971);
#1009=VERTEX_POINT('',#4980);
#1010=VERTEX_POINT('',#5032);
#1011=VERTEX_POINT('',#5037);
#1012=VERTEX_POINT('',#5082);
#1013=VERTEX_POINT('',#5083);
#1014=VERTEX_POINT('',#5085);
#1015=VERTEX_POINT('',#5122);
#1016=VERTEX_POINT('',#5127);
#1017=VERTEX_POINT('',#5188);
#1018=VERTEX_POINT('',#5200);
#1019=VERTEX_POINT('',#5233);
#1020=VERTEX_POINT('',#5311);
#1021=VERTEX_POINT('',#5316);
#1022=VERTEX_POINT('',#5336);
#1023=VERTEX_POINT('',#5347);
#1024=VERTEX_POINT('',#5356);
#1025=VERTEX_POINT('',#5409);
#1026=VERTEX_POINT('',#5414);
#1027=VERTEX_POINT('',#5424);
#1028=VERTEX_POINT('',#5462);
#1029=VERTEX_POINT('',#5467);
#1030=VERTEX_POINT('',#5472);
#1031=VERTEX_POINT('',#5477);
#1032=VERTEX_POINT('',#5536);
#1033=VERTEX_POINT('',#5545);
#1034=VERTEX_POINT('',#5754);
#1035=VERTEX_POINT('',#5759);
#1036=VERTEX_POINT('',#5853);
#1037=VERTEX_POINT('',#5858);
#1038=VERTEX_POINT('',#5980);
#1039=VERTEX_POINT('',#6052);
#1040=VERTEX_POINT('',#6124);
#1041=VERTEX_POINT('',#6196);
#1042=EDGE_CURVE('',#819,#820,#661,.T.);
#1043=EDGE_CURVE('',#819,#821,#483,.T.);
#1044=EDGE_CURVE('',#821,#822,#662,.F.);
#1045=EDGE_CURVE('',#822,#823,#663,.F.);
#1046=EDGE_CURVE('',#823,#824,#484,.T.);
#1047=EDGE_CURVE('',#820,#824,#664,.T.);
#1048=EDGE_CURVE('',#825,#823,#114,.T.);
#1049=EDGE_CURVE('',#826,#825,#115,.T.);
#1050=EDGE_CURVE('',#827,#826,#116,.F.);
#1051=EDGE_CURVE('',#828,#827,#117,.T.);
#1052=EDGE_CURVE('',#829,#828,#118,.T.);
#1053=EDGE_CURVE('',#824,#829,#119,.T.);
#1054=EDGE_CURVE('',#830,#831,#665,.T.);
#1055=EDGE_CURVE('',#830,#832,#485,.T.);
#1056=EDGE_CURVE('',#832,#833,#666,.F.);
#1057=EDGE_CURVE('',#833,#834,#667,.F.);
#1058=EDGE_CURVE('',#834,#835,#486,.T.);
#1059=EDGE_CURVE('',#831,#835,#668,.T.);
#1060=EDGE_CURVE('',#836,#834,#120,.T.);
#1061=EDGE_CURVE('',#837,#836,#121,.T.);
#1062=EDGE_CURVE('',#838,#837,#122,.T.);
#1063=EDGE_CURVE('',#839,#838,#123,.F.);
#1064=EDGE_CURVE('',#840,#839,#124,.T.);
#1065=EDGE_CURVE('',#835,#840,#125,.T.);
#1066=EDGE_CURVE('',#841,#842,#669,.T.);
#1067=EDGE_CURVE('',#841,#843,#487,.T.);
#1068=EDGE_CURVE('',#843,#844,#670,.F.);
#1069=EDGE_CURVE('',#844,#845,#671,.F.);
#1070=EDGE_CURVE('',#845,#846,#488,.T.);
#1071=EDGE_CURVE('',#842,#846,#672,.T.);
#1072=EDGE_CURVE('',#847,#845,#126,.T.);
#1073=EDGE_CURVE('',#848,#847,#127,.T.);
#1074=EDGE_CURVE('',#849,#848,#128,.F.);
#1075=EDGE_CURVE('',#850,#849,#129,.T.);
#1076=EDGE_CURVE('',#851,#850,#130,.T.);
#1077=EDGE_CURVE('',#846,#851,#131,.T.);
#1078=EDGE_CURVE('',#852,#853,#673,.T.);
#1079=EDGE_CURVE('',#852,#854,#489,.T.);
#1080=EDGE_CURVE('',#854,#855,#674,.F.);
#1081=EDGE_CURVE('',#855,#856,#675,.F.);
#1082=EDGE_CURVE('',#856,#857,#490,.T.);
#1083=EDGE_CURVE('',#853,#857,#676,.T.);
#1084=EDGE_CURVE('',#858,#856,#132,.T.);
#1085=EDGE_CURVE('',#859,#858,#133,.T.);
#1086=EDGE_CURVE('',#860,#859,#134,.T.);
#1087=EDGE_CURVE('',#861,#860,#135,.F.);
#1088=EDGE_CURVE('',#862,#861,#136,.T.);
#1089=EDGE_CURVE('',#857,#862,#137,.T.);
#1090=EDGE_CURVE('',#863,#864,#138,.T.);
#1091=EDGE_CURVE('',#864,#865,#139,.T.);
#1092=EDGE_CURVE('',#865,#866,#140,.T.);
#1093=EDGE_CURVE('',#866,#867,#677,.T.);
#1094=EDGE_CURVE('',#867,#863,#678,.T.);
#1095=EDGE_CURVE('',#868,#869,#679,.T.);
#1096=EDGE_CURVE('',#869,#864,#141,.T.);
#1097=EDGE_CURVE('',#863,#868,#680,.T.);
#1098=EDGE_CURVE('',#870,#871,#681,.F.);
#1099=EDGE_CURVE('',#870,#866,#682,.T.);
#1100=EDGE_CURVE('',#865,#871,#142,.T.);
#1101=EDGE_CURVE('',#872,#863,#491,.T.);
#1102=EDGE_CURVE('',#873,#872,#52,.T.);
#1103=EDGE_CURVE('',#868,#873,#492,.T.);
#1104=EDGE_CURVE('',#874,#866,#493,.T.);
#1105=EDGE_CURVE('',#874,#875,#683,.T.);
#1106=EDGE_CURVE('',#876,#875,#143,.T.);
#1107=EDGE_CURVE('',#876,#872,#684,.T.);
#1108=EDGE_CURVE('',#877,#878,#144,.T.);
#1109=EDGE_CURVE('',#878,#879,#145,.T.);
#1110=EDGE_CURVE('',#879,#880,#146,.T.);
#1111=EDGE_CURVE('',#880,#877,#147,.T.);
#1112=EDGE_CURVE('',#881,#882,#685,.F.);
#1113=EDGE_CURVE('',#881,#878,#686,.T.);
#1114=EDGE_CURVE('',#877,#882,#148,.T.);
#1115=EDGE_CURVE('',#883,#884,#687,.T.);
#1116=EDGE_CURVE('',#884,#880,#149,.T.);
#1117=EDGE_CURVE('',#879,#883,#688,.T.);
#1118=EDGE_CURVE('',#879,#885,#494,.T.);
#1119=EDGE_CURVE('',#886,#885,#53,.T.);
#1120=EDGE_CURVE('',#883,#886,#495,.T.);
#1121=EDGE_CURVE('',#878,#887,#496,.T.);
#1122=EDGE_CURVE('',#887,#888,#689,.T.);
#1123=EDGE_CURVE('',#889,#888,#150,.T.);
#1124=EDGE_CURVE('',#889,#885,#690,.T.);
#1125=EDGE_CURVE('',#890,#891,#691,.T.);
#1126=EDGE_CURVE('',#891,#892,#151,.T.);
#1127=EDGE_CURVE('',#892,#893,#692,.T.);
#1128=EDGE_CURVE('',#893,#890,#152,.T.);
#1129=EDGE_CURVE('',#890,#894,#693,.T.);
#1130=EDGE_CURVE('',#894,#895,#153,.T.);
#1131=EDGE_CURVE('',#895,#893,#694,.T.);
#1132=EDGE_CURVE('',#892,#896,#154,.T.);
#1133=EDGE_CURVE('',#897,#896,#695,.T.);
#1134=EDGE_CURVE('',#898,#897,#155,.T.);
#1135=EDGE_CURVE('',#899,#898,#696,.T.);
#1136=EDGE_CURVE('',#899,#891,#156,.T.);
#1137=EDGE_CURVE('',#882,#895,#497,.T.);
#1138=EDGE_CURVE('',#894,#884,#498,.T.);
#1139=EDGE_CURVE('',#900,#901,#697,.T.);
#1140=EDGE_CURVE('',#901,#902,#157,.T.);
#1141=EDGE_CURVE('',#902,#903,#698,.T.);
#1142=EDGE_CURVE('',#903,#900,#158,.T.);
#1143=EDGE_CURVE('',#900,#904,#699,.T.);
#1144=EDGE_CURVE('',#904,#905,#159,.T.);
#1145=EDGE_CURVE('',#905,#903,#700,.T.);
#1146=EDGE_CURVE('',#902,#906,#160,.T.);
#1147=EDGE_CURVE('',#907,#906,#701,.T.);
#1148=EDGE_CURVE('',#908,#907,#161,.T.);
#1149=EDGE_CURVE('',#909,#908,#702,.T.);
#1150=EDGE_CURVE('',#909,#901,#162,.T.);
#1151=EDGE_CURVE('',#871,#905,#499,.T.);
#1152=EDGE_CURVE('',#904,#869,#500,.T.);
#1153=EDGE_CURVE('',#910,#873,#163,.T.);
#1154=EDGE_CURVE('',#910,#870,#501,.T.);
#1155=EDGE_CURVE('',#911,#886,#164,.T.);
#1156=EDGE_CURVE('',#911,#881,#502,.T.);
#1157=EDGE_CURVE('',#912,#906,#503,.T.);
#1158=EDGE_CURVE('',#906,#913,#165,.T.);
#1159=EDGE_CURVE('',#913,#914,#504,.T.);
#1160=EDGE_CURVE('',#914,#912,#166,.T.);
#1161=EDGE_CURVE('',#913,#915,#167,.T.);
#1162=EDGE_CURVE('',#915,#916,#505,.T.);
#1163=EDGE_CURVE('',#916,#914,#168,.T.);
#1164=EDGE_CURVE('',#917,#918,#506,.T.);
#1165=EDGE_CURVE('',#918,#916,#169,.T.);
#1166=EDGE_CURVE('',#915,#917,#170,.T.);
#1167=EDGE_CURVE('',#912,#919,#703,.T.);
#1168=EDGE_CURVE('',#919,#907,#507,.T.);
#1169=EDGE_CURVE('',#920,#921,#508,.T.);
#1170=EDGE_CURVE('',#921,#922,#704,.T.);
#1171=EDGE_CURVE('',#922,#923,#509,.T.);
#1172=EDGE_CURVE('',#923,#920,#705,.T.);
#1173=EDGE_CURVE('',#922,#924,#706,.T.);
#1174=EDGE_CURVE('',#924,#925,#510,.T.);
#1175=EDGE_CURVE('',#925,#923,#707,.T.);
#1176=EDGE_CURVE('',#924,#926,#708,.T.);
#1177=EDGE_CURVE('',#926,#927,#511,.T.);
#1178=EDGE_CURVE('',#927,#925,#709,.T.);
#1179=EDGE_CURVE('',#909,#928,#512,.T.);
#1180=EDGE_CURVE('',#928,#927,#710,.T.);
#1181=EDGE_CURVE('',#926,#909,#711,.T.);
#1182=EDGE_CURVE('',#929,#921,#712,.T.);
#1183=EDGE_CURVE('',#920,#930,#713,.T.);
#1184=EDGE_CURVE('',#930,#929,#513,.T.);
#1185=EDGE_CURVE('',#908,#931,#514,.T.);
#1186=EDGE_CURVE('',#931,#928,#714,.T.);
#1187=EDGE_CURVE('',#919,#931,#171,.T.);
#1188=EDGE_CURVE('',#917,#932,#715,.T.);
#1189=EDGE_CURVE('',#932,#933,#515,.T.);
#1190=EDGE_CURVE('',#933,#918,#716,.T.);
#1191=EDGE_CURVE('',#932,#929,#172,.T.);
#1192=EDGE_CURVE('',#930,#933,#173,.T.);
#1193=EDGE_CURVE('',#934,#916,#516,.T.);
#1194=EDGE_CURVE('',#935,#934,#174,.T.);
#1195=EDGE_CURVE('',#914,#935,#517,.T.);
#1196=EDGE_CURVE('',#933,#936,#518,.T.);
#1197=EDGE_CURVE('',#937,#936,#717,.T.);
#1198=EDGE_CURVE('',#934,#937,#175,.T.);
#1199=EDGE_CURVE('',#938,#930,#718,.T.);
#1200=EDGE_CURVE('',#939,#938,#719,.T.);
#1201=EDGE_CURVE('',#940,#939,#720,.T.);
#1202=EDGE_CURVE('',#936,#940,#176,.T.);
#1203=EDGE_CURVE('',#923,#941,#721,.T.);
#1204=EDGE_CURVE('',#938,#941,#177,.T.);
#1205=EDGE_CURVE('',#937,#896,#519,.T.);
#1206=EDGE_CURVE('',#896,#942,#178,.T.);
#1207=EDGE_CURVE('',#942,#934,#520,.T.);
#1208=EDGE_CURVE('',#942,#943,#179,.T.);
#1209=EDGE_CURVE('',#943,#935,#521,.T.);
#1210=EDGE_CURVE('',#944,#945,#522,.T.);
#1211=EDGE_CURVE('',#945,#935,#180,.T.);
#1212=EDGE_CURVE('',#943,#944,#181,.T.);
#1213=EDGE_CURVE('',#936,#897,#523,.T.);
#1214=EDGE_CURVE('',#946,#947,#524,.T.);
#1215=EDGE_CURVE('',#947,#948,#722,.T.);
#1216=EDGE_CURVE('',#948,#949,#525,.T.);
#1217=EDGE_CURVE('',#949,#946,#723,.T.);
#1218=EDGE_CURVE('',#948,#950,#724,.T.);
#1219=EDGE_CURVE('',#950,#951,#526,.T.);
#1220=EDGE_CURVE('',#951,#949,#725,.T.);
#1221=EDGE_CURVE('',#950,#952,#726,.T.);
#1222=EDGE_CURVE('',#952,#953,#527,.T.);
#1223=EDGE_CURVE('',#953,#951,#727,.T.);
#1224=EDGE_CURVE('',#899,#954,#528,.T.);
#1225=EDGE_CURVE('',#954,#953,#728,.T.);
#1226=EDGE_CURVE('',#952,#899,#729,.T.);
#1227=EDGE_CURVE('',#955,#947,#730,.T.);
#1228=EDGE_CURVE('',#946,#956,#731,.T.);
#1229=EDGE_CURVE('',#956,#955,#529,.T.);
#1230=EDGE_CURVE('',#898,#940,#530,.T.);
#1231=EDGE_CURVE('',#940,#954,#732,.T.);
#1232=EDGE_CURVE('',#944,#957,#733,.T.);
#1233=EDGE_CURVE('',#957,#958,#531,.T.);
#1234=EDGE_CURVE('',#958,#945,#734,.T.);
#1235=EDGE_CURVE('',#957,#955,#182,.T.);
#1236=EDGE_CURVE('',#956,#958,#183,.T.);
#1237=EDGE_CURVE('',#958,#919,#532,.T.);
#1238=EDGE_CURVE('',#959,#956,#735,.T.);
#1239=EDGE_CURVE('',#960,#959,#736,.T.);
#1240=EDGE_CURVE('',#931,#960,#737,.T.);
#1241=EDGE_CURVE('',#949,#961,#738,.T.);
#1242=EDGE_CURVE('',#961,#959,#184,.T.);
#1243=EDGE_CURVE('',#962,#963,#185,.T.);
#1244=EDGE_CURVE('',#963,#964,#186,.T.);
#1245=EDGE_CURVE('',#964,#965,#187,.T.);
#1246=EDGE_CURVE('',#965,#966,#533,.T.);
#1247=EDGE_CURVE('',#966,#967,#23,.T.);
#1248=EDGE_CURVE('',#967,#962,#534,.T.);
#1249=EDGE_CURVE('',#968,#921,#188,.T.);
#1250=EDGE_CURVE('',#969,#968,#189,.T.);
#1251=EDGE_CURVE('',#917,#969,#190,.T.);
#1252=EDGE_CURVE('',#969,#888,#739,.T.);
#1253=EDGE_CURVE('',#887,#911,#54,.T.);
#1254=EDGE_CURVE('',#889,#968,#740,.T.);
#1255=EDGE_CURVE('',#970,#971,#191,.T.);
#1256=EDGE_CURVE('',#971,#972,#535,.T.);
#1257=EDGE_CURVE('',#972,#973,#24,.T.);
#1258=EDGE_CURVE('',#973,#974,#536,.T.);
#1259=EDGE_CURVE('',#974,#975,#192,.T.);
#1260=EDGE_CURVE('',#975,#970,#193,.T.);
#1261=EDGE_CURVE('',#976,#947,#194,.T.);
#1262=EDGE_CURVE('',#977,#976,#195,.T.);
#1263=EDGE_CURVE('',#944,#977,#196,.T.);
#1264=EDGE_CURVE('',#977,#875,#741,.T.);
#1265=EDGE_CURVE('',#874,#910,#55,.T.);
#1266=EDGE_CURVE('',#876,#976,#742,.T.);
#1267=EDGE_CURVE('',#826,#839,#537,.T.);
#1268=EDGE_CURVE('',#838,#827,#538,.T.);
#1269=EDGE_CURVE('',#978,#825,#539,.T.);
#1270=EDGE_CURVE('',#978,#979,#540,.T.);
#1271=EDGE_CURVE('',#979,#840,#541,.T.);
#1272=EDGE_CURVE('',#848,#861,#542,.T.);
#1273=EDGE_CURVE('',#860,#849,#543,.T.);
#1274=EDGE_CURVE('',#847,#862,#544,.T.);
#1275=EDGE_CURVE('',#939,#980,#197,.T.);
#1276=EDGE_CURVE('',#980,#953,#743,.T.);
#1277=EDGE_CURVE('',#941,#980,#744,.T.);
#1278=EDGE_CURVE('',#981,#960,#198,.T.);
#1279=EDGE_CURVE('',#961,#981,#745,.T.);
#1280=EDGE_CURVE('',#981,#927,#746,.T.);
#1281=EDGE_CURVE('',#982,#981,#747,.T.);
#1282=EDGE_CURVE('',#982,#925,#545,.T.);
#1283=EDGE_CURVE('',#961,#983,#748,.T.);
#1284=EDGE_CURVE('',#983,#982,#546,.T.);
#1285=EDGE_CURVE('',#983,#951,#547,.T.);
#1286=EDGE_CURVE('',#831,#822,#548,.F.);
#1287=EDGE_CURVE('',#830,#821,#549,.T.);
#1288=EDGE_CURVE('',#853,#844,#550,.T.);
#1289=EDGE_CURVE('',#852,#843,#551,.T.);
#1290=EDGE_CURVE('',#842,#855,#552,.F.);
#1291=EDGE_CURVE('',#841,#854,#553,.T.);
#1292=EDGE_CURVE('',#858,#851,#554,.T.);
#1293=EDGE_CURVE('',#820,#833,#555,.T.);
#1294=EDGE_CURVE('',#819,#832,#556,.T.);
#1295=EDGE_CURVE('',#984,#829,#557,.T.);
#1296=EDGE_CURVE('',#984,#985,#558,.T.);
#1297=EDGE_CURVE('',#985,#836,#559,.T.);
#1298=EDGE_CURVE('',#975,#964,#560,.T.);
#1299=EDGE_CURVE('',#963,#970,#561,.T.);
#1300=EDGE_CURVE('',#837,#828,#562,.T.);
#1301=EDGE_CURVE('',#859,#850,#563,.T.);
#1302=EDGE_CURVE('',#973,#966,#564,.T.);
#1303=EDGE_CURVE('',#965,#974,#565,.T.);
#1304=EDGE_CURVE('',#986,#987,#199,.T.);
#1305=EDGE_CURVE('',#987,#988,#749,.T.);
#1306=EDGE_CURVE('',#988,#986,#750,.T.);
#1307=EDGE_CURVE('',#986,#989,#751,.T.);
#1308=EDGE_CURVE('',#989,#990,#200,.T.);
#1309=EDGE_CURVE('',#990,#987,#752,.T.);
#1310=EDGE_CURVE('',#989,#991,#753,.T.);
#1311=EDGE_CURVE('',#991,#992,#201,.T.);
#1312=EDGE_CURVE('',#992,#990,#754,.T.);
#1313=EDGE_CURVE('',#991,#993,#755,.T.);
#1314=EDGE_CURVE('',#993,#994,#202,.T.);
#1315=EDGE_CURVE('',#994,#992,#756,.T.);
#1316=EDGE_CURVE('',#993,#995,#757,.T.);
#1317=EDGE_CURVE('',#995,#994,#758,.T.);
#1318=EDGE_CURVE('',#991,#996,#759,.T.);
#1319=EDGE_CURVE('',#997,#996,#760,.F.);
#1320=EDGE_CURVE('',#997,#998,#761,.T.);
#1321=EDGE_CURVE('',#999,#998,#762,.F.);
#1322=EDGE_CURVE('',#1000,#999,#763,.T.);
#1323=EDGE_CURVE('',#1001,#1000,#764,.T.);
#1324=EDGE_CURVE('',#1001,#1002,#765,.T.);
#1325=EDGE_CURVE('',#995,#1002,#766,.T.);
#1326=EDGE_CURVE('',#1003,#989,#767,.T.);
#1327=EDGE_CURVE('',#1003,#996,#56,.T.);
#1328=EDGE_CURVE('',#1004,#988,#768,.T.);
#1329=EDGE_CURVE('',#1004,#1005,#769,.T.);
#1330=EDGE_CURVE('',#1006,#1005,#770,.T.);
#1331=EDGE_CURVE('',#1007,#1006,#771,.T.);
#1332=EDGE_CURVE('',#1007,#1008,#772,.T.);
#1333=EDGE_CURVE('',#1009,#1008,#773,.F.);
#1334=EDGE_CURVE('',#1009,#1003,#774,.T.);
#1335=EDGE_CURVE('',#987,#1010,#775,.T.);
#1336=EDGE_CURVE('',#1011,#1010,#776,.T.);
#1337=EDGE_CURVE('',#1011,#988,#777,.T.);
#1338=EDGE_CURVE('',#1012,#1013,#203,.T.);
#1339=EDGE_CURVE('',#1013,#1014,#778,.T.);
#1340=EDGE_CURVE('',#1014,#1012,#779,.T.);
#1341=EDGE_CURVE('',#1012,#1015,#780,.T.);
#1342=EDGE_CURVE('',#1015,#1016,#204,.T.);
#1343=EDGE_CURVE('',#1016,#1013,#781,.T.);
#1344=EDGE_CURVE('',#1015,#1017,#782,.T.);
#1345=EDGE_CURVE('',#1017,#1018,#205,.T.);
#1346=EDGE_CURVE('',#1018,#1016,#783,.T.);
#1347=EDGE_CURVE('',#1017,#1019,#784,.T.);
#1348=EDGE_CURVE('',#1019,#1010,#206,.T.);
#1349=EDGE_CURVE('',#1010,#1018,#785,.T.);
#1350=EDGE_CURVE('',#1019,#1011,#786,.T.);
#1351=EDGE_CURVE('',#1017,#1020,#787,.T.);
#1352=EDGE_CURVE('',#1021,#1020,#788,.F.);
#1353=EDGE_CURVE('',#1021,#1022,#789,.T.);
#1354=EDGE_CURVE('',#1023,#1022,#790,.F.);
#1355=EDGE_CURVE('',#1024,#1023,#791,.T.);
#1356=EDGE_CURVE('',#1025,#1024,#792,.T.);
#1357=EDGE_CURVE('',#1025,#1026,#793,.T.);
#1358=EDGE_CURVE('',#1011,#1026,#794,.T.);
#1359=EDGE_CURVE('',#1027,#1015,#795,.T.);
#1360=EDGE_CURVE('',#1027,#1020,#57,.T.);
#1361=EDGE_CURVE('',#1028,#1014,#796,.T.);
#1362=EDGE_CURVE('',#1028,#1029,#797,.T.);
#1363=EDGE_CURVE('',#1030,#1029,#798,.T.);
#1364=EDGE_CURVE('',#1031,#1030,#799,.T.);
#1365=EDGE_CURVE('',#1031,#1032,#800,.T.);
#1366=EDGE_CURVE('',#1033,#1032,#801,.F.);
#1367=EDGE_CURVE('',#1033,#1027,#802,.T.);
#1368=EDGE_CURVE('',#995,#1014,#803,.T.);
#1369=EDGE_CURVE('',#1013,#994,#804,.T.);
#1370=EDGE_CURVE('',#941,#982,#805,.T.);
#1371=EDGE_CURVE('',#983,#980,#806,.T.);
#1372=EDGE_CURVE('',#967,#972,#566,.T.);
#1373=EDGE_CURVE('',#1006,#1024,#807,.T.);
#1374=EDGE_CURVE('',#1030,#1000,#808,.T.);
#1375=EDGE_CURVE('',#971,#962,#567,.T.);
#1376=EDGE_CURVE('',#1023,#1007,#809,.T.);
#1377=EDGE_CURVE('',#1022,#1034,#810,.T.);
#1378=EDGE_CURVE('',#1034,#1035,#568,.T.);
#1379=EDGE_CURVE('',#1008,#1035,#811,.F.);
#1380=EDGE_CURVE('',#999,#1031,#812,.T.);
#1381=EDGE_CURVE('',#998,#1036,#813,.T.);
#1382=EDGE_CURVE('',#1037,#1036,#569,.T.);
#1383=EDGE_CURVE('',#1032,#1037,#814,.F.);
#1384=EDGE_CURVE('',#1038,#1009,#815,.F.);
#1385=EDGE_CURVE('',#1038,#1003,#58,.T.);
#1386=EDGE_CURVE('',#1039,#1021,#816,.T.);
#1387=EDGE_CURVE('',#1020,#1039,#59,.T.);
#1388=EDGE_CURVE('',#1040,#1033,#817,.F.);
#1389=EDGE_CURVE('',#1040,#1027,#60,.T.);
#1390=EDGE_CURVE('',#1041,#997,#818,.T.);
#1391=EDGE_CURVE('',#996,#1041,#61,.T.);
#1392=EDGE_CURVE('',#1038,#1039,#570,.T.);
#1393=EDGE_CURVE('',#1040,#1041,#571,.T.);
#1394=ORIENTED_EDGE('',*,*,#1042,.F.);
#1395=ORIENTED_EDGE('',*,*,#1043,.T.);
#1396=ORIENTED_EDGE('',*,*,#1044,.T.);
#1397=ORIENTED_EDGE('',*,*,#1045,.T.);
#1398=ORIENTED_EDGE('',*,*,#1046,.T.);
#1399=ORIENTED_EDGE('',*,*,#1047,.F.);
#1400=ORIENTED_EDGE('',*,*,#1046,.F.);
#1401=ORIENTED_EDGE('',*,*,#1048,.F.);
#1402=ORIENTED_EDGE('',*,*,#1049,.F.);
#1403=ORIENTED_EDGE('',*,*,#1050,.F.);
#1404=ORIENTED_EDGE('',*,*,#1051,.F.);
#1405=ORIENTED_EDGE('',*,*,#1052,.F.);
#1406=ORIENTED_EDGE('',*,*,#1053,.F.);
#1407=ORIENTED_EDGE('',*,*,#1054,.F.);
#1408=ORIENTED_EDGE('',*,*,#1055,.T.);
#1409=ORIENTED_EDGE('',*,*,#1056,.T.);
#1410=ORIENTED_EDGE('',*,*,#1057,.T.);
#1411=ORIENTED_EDGE('',*,*,#1058,.T.);
#1412=ORIENTED_EDGE('',*,*,#1059,.F.);
#1413=ORIENTED_EDGE('',*,*,#1058,.F.);
#1414=ORIENTED_EDGE('',*,*,#1060,.F.);
#1415=ORIENTED_EDGE('',*,*,#1061,.F.);
#1416=ORIENTED_EDGE('',*,*,#1062,.F.);
#1417=ORIENTED_EDGE('',*,*,#1063,.F.);
#1418=ORIENTED_EDGE('',*,*,#1064,.F.);
#1419=ORIENTED_EDGE('',*,*,#1065,.F.);
#1420=ORIENTED_EDGE('',*,*,#1066,.F.);
#1421=ORIENTED_EDGE('',*,*,#1067,.T.);
#1422=ORIENTED_EDGE('',*,*,#1068,.T.);
#1423=ORIENTED_EDGE('',*,*,#1069,.T.);
#1424=ORIENTED_EDGE('',*,*,#1070,.T.);
#1425=ORIENTED_EDGE('',*,*,#1071,.F.);
#1426=ORIENTED_EDGE('',*,*,#1070,.F.);
#1427=ORIENTED_EDGE('',*,*,#1072,.F.);
#1428=ORIENTED_EDGE('',*,*,#1073,.F.);
#1429=ORIENTED_EDGE('',*,*,#1074,.F.);
#1430=ORIENTED_EDGE('',*,*,#1075,.F.);
#1431=ORIENTED_EDGE('',*,*,#1076,.F.);
#1432=ORIENTED_EDGE('',*,*,#1077,.F.);
#1433=ORIENTED_EDGE('',*,*,#1078,.F.);
#1434=ORIENTED_EDGE('',*,*,#1079,.T.);
#1435=ORIENTED_EDGE('',*,*,#1080,.T.);
#1436=ORIENTED_EDGE('',*,*,#1081,.T.);
#1437=ORIENTED_EDGE('',*,*,#1082,.T.);
#1438=ORIENTED_EDGE('',*,*,#1083,.F.);
#1439=ORIENTED_EDGE('',*,*,#1082,.F.);
#1440=ORIENTED_EDGE('',*,*,#1084,.F.);
#1441=ORIENTED_EDGE('',*,*,#1085,.F.);
#1442=ORIENTED_EDGE('',*,*,#1086,.F.);
#1443=ORIENTED_EDGE('',*,*,#1087,.F.);
#1444=ORIENTED_EDGE('',*,*,#1088,.F.);
#1445=ORIENTED_EDGE('',*,*,#1089,.F.);
#1446=ORIENTED_EDGE('',*,*,#1090,.T.);
#1447=ORIENTED_EDGE('',*,*,#1091,.T.);
#1448=ORIENTED_EDGE('',*,*,#1092,.T.);
#1449=ORIENTED_EDGE('',*,*,#1093,.T.);
#1450=ORIENTED_EDGE('',*,*,#1094,.T.);
#1451=ORIENTED_EDGE('',*,*,#1095,.T.);
#1452=ORIENTED_EDGE('',*,*,#1096,.T.);
#1453=ORIENTED_EDGE('',*,*,#1090,.F.);
#1454=ORIENTED_EDGE('',*,*,#1097,.T.);
#1455=ORIENTED_EDGE('',*,*,#1098,.F.);
#1456=ORIENTED_EDGE('',*,*,#1099,.T.);
#1457=ORIENTED_EDGE('',*,*,#1092,.F.);
#1458=ORIENTED_EDGE('',*,*,#1100,.T.);
#1459=ORIENTED_EDGE('',*,*,#1097,.F.);
#1460=ORIENTED_EDGE('',*,*,#1101,.F.);
#1461=ORIENTED_EDGE('',*,*,#1102,.F.);
#1462=ORIENTED_EDGE('',*,*,#1103,.F.);
#1463=ORIENTED_EDGE('',*,*,#1094,.F.);
#1464=ORIENTED_EDGE('',*,*,#1093,.F.);
#1465=ORIENTED_EDGE('',*,*,#1104,.F.);
#1466=ORIENTED_EDGE('',*,*,#1105,.T.);
#1467=ORIENTED_EDGE('',*,*,#1106,.F.);
#1468=ORIENTED_EDGE('',*,*,#1107,.T.);
#1469=ORIENTED_EDGE('',*,*,#1101,.T.);
#1470=ORIENTED_EDGE('',*,*,#1108,.T.);
#1471=ORIENTED_EDGE('',*,*,#1109,.T.);
#1472=ORIENTED_EDGE('',*,*,#1110,.T.);
#1473=ORIENTED_EDGE('',*,*,#1111,.T.);
#1474=ORIENTED_EDGE('',*,*,#1112,.F.);
#1475=ORIENTED_EDGE('',*,*,#1113,.T.);
#1476=ORIENTED_EDGE('',*,*,#1108,.F.);
#1477=ORIENTED_EDGE('',*,*,#1114,.T.);
#1478=ORIENTED_EDGE('',*,*,#1115,.T.);
#1479=ORIENTED_EDGE('',*,*,#1116,.T.);
#1480=ORIENTED_EDGE('',*,*,#1110,.F.);
#1481=ORIENTED_EDGE('',*,*,#1117,.T.);
#1482=ORIENTED_EDGE('',*,*,#1117,.F.);
#1483=ORIENTED_EDGE('',*,*,#1118,.T.);
#1484=ORIENTED_EDGE('',*,*,#1119,.F.);
#1485=ORIENTED_EDGE('',*,*,#1120,.F.);
#1486=ORIENTED_EDGE('',*,*,#1109,.F.);
#1487=ORIENTED_EDGE('',*,*,#1121,.T.);
#1488=ORIENTED_EDGE('',*,*,#1122,.T.);
#1489=ORIENTED_EDGE('',*,*,#1123,.F.);
#1490=ORIENTED_EDGE('',*,*,#1124,.T.);
#1491=ORIENTED_EDGE('',*,*,#1118,.F.);
#1492=ORIENTED_EDGE('',*,*,#1125,.T.);
#1493=ORIENTED_EDGE('',*,*,#1126,.T.);
#1494=ORIENTED_EDGE('',*,*,#1127,.T.);
#1495=ORIENTED_EDGE('',*,*,#1128,.T.);
#1496=ORIENTED_EDGE('',*,*,#1125,.F.);
#1497=ORIENTED_EDGE('',*,*,#1129,.T.);
#1498=ORIENTED_EDGE('',*,*,#1130,.T.);
#1499=ORIENTED_EDGE('',*,*,#1131,.T.);
#1500=ORIENTED_EDGE('',*,*,#1127,.F.);
#1501=ORIENTED_EDGE('',*,*,#1132,.T.);
#1502=ORIENTED_EDGE('',*,*,#1133,.F.);
#1503=ORIENTED_EDGE('',*,*,#1134,.F.);
#1504=ORIENTED_EDGE('',*,*,#1135,.F.);
#1505=ORIENTED_EDGE('',*,*,#1136,.T.);
#1506=ORIENTED_EDGE('',*,*,#1128,.F.);
#1507=ORIENTED_EDGE('',*,*,#1131,.F.);
#1508=ORIENTED_EDGE('',*,*,#1137,.F.);
#1509=ORIENTED_EDGE('',*,*,#1114,.F.);
#1510=ORIENTED_EDGE('',*,*,#1111,.F.);
#1511=ORIENTED_EDGE('',*,*,#1116,.F.);
#1512=ORIENTED_EDGE('',*,*,#1138,.F.);
#1513=ORIENTED_EDGE('',*,*,#1129,.F.);
#1514=ORIENTED_EDGE('',*,*,#1139,.T.);
#1515=ORIENTED_EDGE('',*,*,#1140,.T.);
#1516=ORIENTED_EDGE('',*,*,#1141,.T.);
#1517=ORIENTED_EDGE('',*,*,#1142,.T.);
#1518=ORIENTED_EDGE('',*,*,#1139,.F.);
#1519=ORIENTED_EDGE('',*,*,#1143,.T.);
#1520=ORIENTED_EDGE('',*,*,#1144,.T.);
#1521=ORIENTED_EDGE('',*,*,#1145,.T.);
#1522=ORIENTED_EDGE('',*,*,#1141,.F.);
#1523=ORIENTED_EDGE('',*,*,#1146,.T.);
#1524=ORIENTED_EDGE('',*,*,#1147,.F.);
#1525=ORIENTED_EDGE('',*,*,#1148,.F.);
#1526=ORIENTED_EDGE('',*,*,#1149,.F.);
#1527=ORIENTED_EDGE('',*,*,#1150,.T.);
#1528=ORIENTED_EDGE('',*,*,#1142,.F.);
#1529=ORIENTED_EDGE('',*,*,#1145,.F.);
#1530=ORIENTED_EDGE('',*,*,#1151,.F.);
#1531=ORIENTED_EDGE('',*,*,#1100,.F.);
#1532=ORIENTED_EDGE('',*,*,#1091,.F.);
#1533=ORIENTED_EDGE('',*,*,#1096,.F.);
#1534=ORIENTED_EDGE('',*,*,#1152,.F.);
#1535=ORIENTED_EDGE('',*,*,#1143,.F.);
#1536=ORIENTED_EDGE('',*,*,#1152,.T.);
#1537=ORIENTED_EDGE('',*,*,#1095,.F.);
#1538=ORIENTED_EDGE('',*,*,#1103,.T.);
#1539=ORIENTED_EDGE('',*,*,#1153,.F.);
#1540=ORIENTED_EDGE('',*,*,#1154,.T.);
#1541=ORIENTED_EDGE('',*,*,#1098,.T.);
#1542=ORIENTED_EDGE('',*,*,#1151,.T.);
#1543=ORIENTED_EDGE('',*,*,#1144,.F.);
#1544=ORIENTED_EDGE('',*,*,#1138,.T.);
#1545=ORIENTED_EDGE('',*,*,#1115,.F.);
#1546=ORIENTED_EDGE('',*,*,#1120,.T.);
#1547=ORIENTED_EDGE('',*,*,#1155,.F.);
#1548=ORIENTED_EDGE('',*,*,#1156,.T.);
#1549=ORIENTED_EDGE('',*,*,#1112,.T.);
#1550=ORIENTED_EDGE('',*,*,#1137,.T.);
#1551=ORIENTED_EDGE('',*,*,#1130,.F.);
#1552=ORIENTED_EDGE('',*,*,#1157,.T.);
#1553=ORIENTED_EDGE('',*,*,#1158,.T.);
#1554=ORIENTED_EDGE('',*,*,#1159,.T.);
#1555=ORIENTED_EDGE('',*,*,#1160,.T.);
#1556=ORIENTED_EDGE('',*,*,#1159,.F.);
#1557=ORIENTED_EDGE('',*,*,#1161,.T.);
#1558=ORIENTED_EDGE('',*,*,#1162,.T.);
#1559=ORIENTED_EDGE('',*,*,#1163,.T.);
#1560=ORIENTED_EDGE('',*,*,#1164,.T.);
#1561=ORIENTED_EDGE('',*,*,#1165,.T.);
#1562=ORIENTED_EDGE('',*,*,#1162,.F.);
#1563=ORIENTED_EDGE('',*,*,#1166,.T.);
#1564=ORIENTED_EDGE('',*,*,#1147,.T.);
#1565=ORIENTED_EDGE('',*,*,#1157,.F.);
#1566=ORIENTED_EDGE('',*,*,#1167,.T.);
#1567=ORIENTED_EDGE('',*,*,#1168,.T.);
#1568=ORIENTED_EDGE('',*,*,#1169,.T.);
#1569=ORIENTED_EDGE('',*,*,#1170,.T.);
#1570=ORIENTED_EDGE('',*,*,#1171,.T.);
#1571=ORIENTED_EDGE('',*,*,#1172,.T.);
#1572=ORIENTED_EDGE('',*,*,#1171,.F.);
#1573=ORIENTED_EDGE('',*,*,#1173,.T.);
#1574=ORIENTED_EDGE('',*,*,#1174,.T.);
#1575=ORIENTED_EDGE('',*,*,#1175,.T.);
#1576=ORIENTED_EDGE('',*,*,#1174,.F.);
#1577=ORIENTED_EDGE('',*,*,#1176,.T.);
#1578=ORIENTED_EDGE('',*,*,#1177,.T.);
#1579=ORIENTED_EDGE('',*,*,#1178,.T.);
#1580=ORIENTED_EDGE('',*,*,#1179,.T.);
#1581=ORIENTED_EDGE('',*,*,#1180,.T.);
#1582=ORIENTED_EDGE('',*,*,#1177,.F.);
#1583=ORIENTED_EDGE('',*,*,#1181,.T.);
#1584=ORIENTED_EDGE('',*,*,#1182,.T.);
#1585=ORIENTED_EDGE('',*,*,#1169,.F.);
#1586=ORIENTED_EDGE('',*,*,#1183,.T.);
#1587=ORIENTED_EDGE('',*,*,#1184,.T.);
#1588=ORIENTED_EDGE('',*,*,#1149,.T.);
#1589=ORIENTED_EDGE('',*,*,#1185,.T.);
#1590=ORIENTED_EDGE('',*,*,#1186,.T.);
#1591=ORIENTED_EDGE('',*,*,#1179,.F.);
#1592=ORIENTED_EDGE('',*,*,#1148,.T.);
#1593=ORIENTED_EDGE('',*,*,#1168,.F.);
#1594=ORIENTED_EDGE('',*,*,#1187,.T.);
#1595=ORIENTED_EDGE('',*,*,#1185,.F.);
#1596=ORIENTED_EDGE('',*,*,#1188,.T.);
#1597=ORIENTED_EDGE('',*,*,#1189,.T.);
#1598=ORIENTED_EDGE('',*,*,#1190,.T.);
#1599=ORIENTED_EDGE('',*,*,#1164,.F.);
#1600=ORIENTED_EDGE('',*,*,#1191,.T.);
#1601=ORIENTED_EDGE('',*,*,#1184,.F.);
#1602=ORIENTED_EDGE('',*,*,#1192,.T.);
#1603=ORIENTED_EDGE('',*,*,#1189,.F.);
#1604=ORIENTED_EDGE('',*,*,#1163,.F.);
#1605=ORIENTED_EDGE('',*,*,#1193,.F.);
#1606=ORIENTED_EDGE('',*,*,#1194,.F.);
#1607=ORIENTED_EDGE('',*,*,#1195,.F.);
#1608=ORIENTED_EDGE('',*,*,#1165,.F.);
#1609=ORIENTED_EDGE('',*,*,#1190,.F.);
#1610=ORIENTED_EDGE('',*,*,#1196,.T.);
#1611=ORIENTED_EDGE('',*,*,#1197,.F.);
#1612=ORIENTED_EDGE('',*,*,#1198,.F.);
#1613=ORIENTED_EDGE('',*,*,#1193,.T.);
#1614=ORIENTED_EDGE('',*,*,#1192,.F.);
#1615=ORIENTED_EDGE('',*,*,#1199,.F.);
#1616=ORIENTED_EDGE('',*,*,#1200,.F.);
#1617=ORIENTED_EDGE('',*,*,#1201,.F.);
#1618=ORIENTED_EDGE('',*,*,#1202,.F.);
#1619=ORIENTED_EDGE('',*,*,#1196,.F.);
#1620=ORIENTED_EDGE('',*,*,#1183,.F.);
#1621=ORIENTED_EDGE('',*,*,#1172,.F.);
#1622=ORIENTED_EDGE('',*,*,#1203,.T.);
#1623=ORIENTED_EDGE('',*,*,#1204,.F.);
#1624=ORIENTED_EDGE('',*,*,#1199,.T.);
#1625=ORIENTED_EDGE('',*,*,#1205,.T.);
#1626=ORIENTED_EDGE('',*,*,#1206,.T.);
#1627=ORIENTED_EDGE('',*,*,#1207,.T.);
#1628=ORIENTED_EDGE('',*,*,#1198,.T.);
#1629=ORIENTED_EDGE('',*,*,#1207,.F.);
#1630=ORIENTED_EDGE('',*,*,#1208,.T.);
#1631=ORIENTED_EDGE('',*,*,#1209,.T.);
#1632=ORIENTED_EDGE('',*,*,#1194,.T.);
#1633=ORIENTED_EDGE('',*,*,#1210,.T.);
#1634=ORIENTED_EDGE('',*,*,#1211,.T.);
#1635=ORIENTED_EDGE('',*,*,#1209,.F.);
#1636=ORIENTED_EDGE('',*,*,#1212,.T.);
#1637=ORIENTED_EDGE('',*,*,#1133,.T.);
#1638=ORIENTED_EDGE('',*,*,#1205,.F.);
#1639=ORIENTED_EDGE('',*,*,#1197,.T.);
#1640=ORIENTED_EDGE('',*,*,#1213,.T.);
#1641=ORIENTED_EDGE('',*,*,#1214,.T.);
#1642=ORIENTED_EDGE('',*,*,#1215,.T.);
#1643=ORIENTED_EDGE('',*,*,#1216,.T.);
#1644=ORIENTED_EDGE('',*,*,#1217,.T.);
#1645=ORIENTED_EDGE('',*,*,#1216,.F.);
#1646=ORIENTED_EDGE('',*,*,#1218,.T.);
#1647=ORIENTED_EDGE('',*,*,#1219,.T.);
#1648=ORIENTED_EDGE('',*,*,#1220,.T.);
#1649=ORIENTED_EDGE('',*,*,#1219,.F.);
#1650=ORIENTED_EDGE('',*,*,#1221,.T.);
#1651=ORIENTED_EDGE('',*,*,#1222,.T.);
#1652=ORIENTED_EDGE('',*,*,#1223,.T.);
#1653=ORIENTED_EDGE('',*,*,#1224,.T.);
#1654=ORIENTED_EDGE('',*,*,#1225,.T.);
#1655=ORIENTED_EDGE('',*,*,#1222,.F.);
#1656=ORIENTED_EDGE('',*,*,#1226,.T.);
#1657=ORIENTED_EDGE('',*,*,#1227,.T.);
#1658=ORIENTED_EDGE('',*,*,#1214,.F.);
#1659=ORIENTED_EDGE('',*,*,#1228,.T.);
#1660=ORIENTED_EDGE('',*,*,#1229,.T.);
#1661=ORIENTED_EDGE('',*,*,#1135,.T.);
#1662=ORIENTED_EDGE('',*,*,#1230,.T.);
#1663=ORIENTED_EDGE('',*,*,#1231,.T.);
#1664=ORIENTED_EDGE('',*,*,#1224,.F.);
#1665=ORIENTED_EDGE('',*,*,#1134,.T.);
#1666=ORIENTED_EDGE('',*,*,#1213,.F.);
#1667=ORIENTED_EDGE('',*,*,#1202,.T.);
#1668=ORIENTED_EDGE('',*,*,#1230,.F.);
#1669=ORIENTED_EDGE('',*,*,#1232,.T.);
#1670=ORIENTED_EDGE('',*,*,#1233,.T.);
#1671=ORIENTED_EDGE('',*,*,#1234,.T.);
#1672=ORIENTED_EDGE('',*,*,#1210,.F.);
#1673=ORIENTED_EDGE('',*,*,#1235,.T.);
#1674=ORIENTED_EDGE('',*,*,#1229,.F.);
#1675=ORIENTED_EDGE('',*,*,#1236,.T.);
#1676=ORIENTED_EDGE('',*,*,#1233,.F.);
#1677=ORIENTED_EDGE('',*,*,#1160,.F.);
#1678=ORIENTED_EDGE('',*,*,#1195,.T.);
#1679=ORIENTED_EDGE('',*,*,#1211,.F.);
#1680=ORIENTED_EDGE('',*,*,#1234,.F.);
#1681=ORIENTED_EDGE('',*,*,#1237,.T.);
#1682=ORIENTED_EDGE('',*,*,#1167,.F.);
#1683=ORIENTED_EDGE('',*,*,#1187,.F.);
#1684=ORIENTED_EDGE('',*,*,#1237,.F.);
#1685=ORIENTED_EDGE('',*,*,#1236,.F.);
#1686=ORIENTED_EDGE('',*,*,#1238,.F.);
#1687=ORIENTED_EDGE('',*,*,#1239,.F.);
#1688=ORIENTED_EDGE('',*,*,#1240,.F.);
#1689=ORIENTED_EDGE('',*,*,#1228,.F.);
#1690=ORIENTED_EDGE('',*,*,#1217,.F.);
#1691=ORIENTED_EDGE('',*,*,#1241,.T.);
#1692=ORIENTED_EDGE('',*,*,#1242,.T.);
#1693=ORIENTED_EDGE('',*,*,#1238,.T.);
#1694=ORIENTED_EDGE('',*,*,#1243,.T.);
#1695=ORIENTED_EDGE('',*,*,#1244,.T.);
#1696=ORIENTED_EDGE('',*,*,#1245,.T.);
#1697=ORIENTED_EDGE('',*,*,#1246,.T.);
#1698=ORIENTED_EDGE('',*,*,#1247,.T.);
#1699=ORIENTED_EDGE('',*,*,#1248,.T.);
#1700=ORIENTED_EDGE('',*,*,#1140,.F.);
#1701=ORIENTED_EDGE('',*,*,#1150,.F.);
#1702=ORIENTED_EDGE('',*,*,#1181,.F.);
#1703=ORIENTED_EDGE('',*,*,#1176,.F.);
#1704=ORIENTED_EDGE('',*,*,#1173,.F.);
#1705=ORIENTED_EDGE('',*,*,#1170,.F.);
#1706=ORIENTED_EDGE('',*,*,#1249,.F.);
#1707=ORIENTED_EDGE('',*,*,#1250,.F.);
#1708=ORIENTED_EDGE('',*,*,#1251,.F.);
#1709=ORIENTED_EDGE('',*,*,#1166,.F.);
#1710=ORIENTED_EDGE('',*,*,#1161,.F.);
#1711=ORIENTED_EDGE('',*,*,#1158,.F.);
#1712=ORIENTED_EDGE('',*,*,#1146,.F.);
#1713=ORIENTED_EDGE('',*,*,#1188,.F.);
#1714=ORIENTED_EDGE('',*,*,#1251,.T.);
#1715=ORIENTED_EDGE('',*,*,#1252,.T.);
#1716=ORIENTED_EDGE('',*,*,#1122,.F.);
#1717=ORIENTED_EDGE('',*,*,#1253,.T.);
#1718=ORIENTED_EDGE('',*,*,#1155,.T.);
#1719=ORIENTED_EDGE('',*,*,#1119,.T.);
#1720=ORIENTED_EDGE('',*,*,#1124,.F.);
#1721=ORIENTED_EDGE('',*,*,#1254,.T.);
#1722=ORIENTED_EDGE('',*,*,#1249,.T.);
#1723=ORIENTED_EDGE('',*,*,#1182,.F.);
#1724=ORIENTED_EDGE('',*,*,#1191,.F.);
#1725=ORIENTED_EDGE('',*,*,#1113,.F.);
#1726=ORIENTED_EDGE('',*,*,#1156,.F.);
#1727=ORIENTED_EDGE('',*,*,#1253,.F.);
#1728=ORIENTED_EDGE('',*,*,#1121,.F.);
#1729=ORIENTED_EDGE('',*,*,#1255,.T.);
#1730=ORIENTED_EDGE('',*,*,#1256,.T.);
#1731=ORIENTED_EDGE('',*,*,#1257,.T.);
#1732=ORIENTED_EDGE('',*,*,#1258,.T.);
#1733=ORIENTED_EDGE('',*,*,#1259,.T.);
#1734=ORIENTED_EDGE('',*,*,#1260,.T.);
#1735=ORIENTED_EDGE('',*,*,#1126,.F.);
#1736=ORIENTED_EDGE('',*,*,#1136,.F.);
#1737=ORIENTED_EDGE('',*,*,#1226,.F.);
#1738=ORIENTED_EDGE('',*,*,#1221,.F.);
#1739=ORIENTED_EDGE('',*,*,#1218,.F.);
#1740=ORIENTED_EDGE('',*,*,#1215,.F.);
#1741=ORIENTED_EDGE('',*,*,#1261,.F.);
#1742=ORIENTED_EDGE('',*,*,#1262,.F.);
#1743=ORIENTED_EDGE('',*,*,#1263,.F.);
#1744=ORIENTED_EDGE('',*,*,#1212,.F.);
#1745=ORIENTED_EDGE('',*,*,#1208,.F.);
#1746=ORIENTED_EDGE('',*,*,#1206,.F.);
#1747=ORIENTED_EDGE('',*,*,#1132,.F.);
#1748=ORIENTED_EDGE('',*,*,#1232,.F.);
#1749=ORIENTED_EDGE('',*,*,#1263,.T.);
#1750=ORIENTED_EDGE('',*,*,#1264,.T.);
#1751=ORIENTED_EDGE('',*,*,#1105,.F.);
#1752=ORIENTED_EDGE('',*,*,#1265,.T.);
#1753=ORIENTED_EDGE('',*,*,#1153,.T.);
#1754=ORIENTED_EDGE('',*,*,#1102,.T.);
#1755=ORIENTED_EDGE('',*,*,#1107,.F.);
#1756=ORIENTED_EDGE('',*,*,#1266,.T.);
#1757=ORIENTED_EDGE('',*,*,#1261,.T.);
#1758=ORIENTED_EDGE('',*,*,#1227,.F.);
#1759=ORIENTED_EDGE('',*,*,#1235,.F.);
#1760=ORIENTED_EDGE('',*,*,#1099,.F.);
#1761=ORIENTED_EDGE('',*,*,#1154,.F.);
#1762=ORIENTED_EDGE('',*,*,#1265,.F.);
#1763=ORIENTED_EDGE('',*,*,#1104,.T.);
#1764=ORIENTED_EDGE('',*,*,#1050,.T.);
#1765=ORIENTED_EDGE('',*,*,#1267,.T.);
#1766=ORIENTED_EDGE('',*,*,#1063,.T.);
#1767=ORIENTED_EDGE('',*,*,#1268,.T.);
#1768=ORIENTED_EDGE('',*,*,#1267,.F.);
#1769=ORIENTED_EDGE('',*,*,#1049,.T.);
#1770=ORIENTED_EDGE('',*,*,#1269,.F.);
#1771=ORIENTED_EDGE('',*,*,#1270,.T.);
#1772=ORIENTED_EDGE('',*,*,#1271,.T.);
#1773=ORIENTED_EDGE('',*,*,#1064,.T.);
#1774=ORIENTED_EDGE('',*,*,#1074,.T.);
#1775=ORIENTED_EDGE('',*,*,#1272,.T.);
#1776=ORIENTED_EDGE('',*,*,#1087,.T.);
#1777=ORIENTED_EDGE('',*,*,#1273,.T.);
#1778=ORIENTED_EDGE('',*,*,#1272,.F.);
#1779=ORIENTED_EDGE('',*,*,#1073,.T.);
#1780=ORIENTED_EDGE('',*,*,#1274,.T.);
#1781=ORIENTED_EDGE('',*,*,#1088,.T.);
#1782=ORIENTED_EDGE('',*,*,#1254,.F.);
#1783=ORIENTED_EDGE('',*,*,#1123,.T.);
#1784=ORIENTED_EDGE('',*,*,#1252,.F.);
#1785=ORIENTED_EDGE('',*,*,#1250,.T.);
#1786=ORIENTED_EDGE('',*,*,#1266,.F.);
#1787=ORIENTED_EDGE('',*,*,#1106,.T.);
#1788=ORIENTED_EDGE('',*,*,#1264,.F.);
#1789=ORIENTED_EDGE('',*,*,#1262,.T.);
#1790=ORIENTED_EDGE('',*,*,#1231,.F.);
#1791=ORIENTED_EDGE('',*,*,#1201,.T.);
#1792=ORIENTED_EDGE('',*,*,#1275,.T.);
#1793=ORIENTED_EDGE('',*,*,#1276,.T.);
#1794=ORIENTED_EDGE('',*,*,#1225,.F.);
#1795=ORIENTED_EDGE('',*,*,#1204,.T.);
#1796=ORIENTED_EDGE('',*,*,#1277,.T.);
#1797=ORIENTED_EDGE('',*,*,#1275,.F.);
#1798=ORIENTED_EDGE('',*,*,#1200,.T.);
#1799=ORIENTED_EDGE('',*,*,#1278,.T.);
#1800=ORIENTED_EDGE('',*,*,#1239,.T.);
#1801=ORIENTED_EDGE('',*,*,#1242,.F.);
#1802=ORIENTED_EDGE('',*,*,#1279,.T.);
#1803=ORIENTED_EDGE('',*,*,#1186,.F.);
#1804=ORIENTED_EDGE('',*,*,#1240,.T.);
#1805=ORIENTED_EDGE('',*,*,#1278,.F.);
#1806=ORIENTED_EDGE('',*,*,#1280,.T.);
#1807=ORIENTED_EDGE('',*,*,#1180,.F.);
#1808=ORIENTED_EDGE('',*,*,#1178,.F.);
#1809=ORIENTED_EDGE('',*,*,#1280,.F.);
#1810=ORIENTED_EDGE('',*,*,#1281,.F.);
#1811=ORIENTED_EDGE('',*,*,#1282,.T.);
#1812=ORIENTED_EDGE('',*,*,#1279,.F.);
#1813=ORIENTED_EDGE('',*,*,#1283,.T.);
#1814=ORIENTED_EDGE('',*,*,#1284,.T.);
#1815=ORIENTED_EDGE('',*,*,#1281,.T.);
#1816=ORIENTED_EDGE('',*,*,#1220,.F.);
#1817=ORIENTED_EDGE('',*,*,#1285,.F.);
#1818=ORIENTED_EDGE('',*,*,#1283,.F.);
#1819=ORIENTED_EDGE('',*,*,#1241,.F.);
#1820=ORIENTED_EDGE('',*,*,#1286,.T.);
#1821=ORIENTED_EDGE('',*,*,#1044,.F.);
#1822=ORIENTED_EDGE('',*,*,#1287,.F.);
#1823=ORIENTED_EDGE('',*,*,#1054,.T.);
#1824=ORIENTED_EDGE('',*,*,#1286,.F.);
#1825=ORIENTED_EDGE('',*,*,#1059,.T.);
#1826=ORIENTED_EDGE('',*,*,#1065,.T.);
#1827=ORIENTED_EDGE('',*,*,#1271,.F.);
#1828=ORIENTED_EDGE('',*,*,#1270,.F.);
#1829=ORIENTED_EDGE('',*,*,#1269,.T.);
#1830=ORIENTED_EDGE('',*,*,#1048,.T.);
#1831=ORIENTED_EDGE('',*,*,#1045,.F.);
#1832=ORIENTED_EDGE('',*,*,#1288,.T.);
#1833=ORIENTED_EDGE('',*,*,#1068,.F.);
#1834=ORIENTED_EDGE('',*,*,#1289,.F.);
#1835=ORIENTED_EDGE('',*,*,#1078,.T.);
#1836=ORIENTED_EDGE('',*,*,#1288,.F.);
#1837=ORIENTED_EDGE('',*,*,#1083,.T.);
#1838=ORIENTED_EDGE('',*,*,#1089,.T.);
#1839=ORIENTED_EDGE('',*,*,#1274,.F.);
#1840=ORIENTED_EDGE('',*,*,#1072,.T.);
#1841=ORIENTED_EDGE('',*,*,#1069,.F.);
#1842=ORIENTED_EDGE('',*,*,#1290,.T.);
#1843=ORIENTED_EDGE('',*,*,#1080,.F.);
#1844=ORIENTED_EDGE('',*,*,#1291,.F.);
#1845=ORIENTED_EDGE('',*,*,#1066,.T.);
#1846=ORIENTED_EDGE('',*,*,#1290,.F.);
#1847=ORIENTED_EDGE('',*,*,#1071,.T.);
#1848=ORIENTED_EDGE('',*,*,#1077,.T.);
#1849=ORIENTED_EDGE('',*,*,#1292,.F.);
#1850=ORIENTED_EDGE('',*,*,#1084,.T.);
#1851=ORIENTED_EDGE('',*,*,#1081,.F.);
#1852=ORIENTED_EDGE('',*,*,#1293,.T.);
#1853=ORIENTED_EDGE('',*,*,#1056,.F.);
#1854=ORIENTED_EDGE('',*,*,#1294,.F.);
#1855=ORIENTED_EDGE('',*,*,#1042,.T.);
#1856=ORIENTED_EDGE('',*,*,#1293,.F.);
#1857=ORIENTED_EDGE('',*,*,#1047,.T.);
#1858=ORIENTED_EDGE('',*,*,#1053,.T.);
#1859=ORIENTED_EDGE('',*,*,#1295,.F.);
#1860=ORIENTED_EDGE('',*,*,#1296,.T.);
#1861=ORIENTED_EDGE('',*,*,#1297,.T.);
#1862=ORIENTED_EDGE('',*,*,#1060,.T.);
#1863=ORIENTED_EDGE('',*,*,#1057,.F.);
#1864=ORIENTED_EDGE('',*,*,#1298,.T.);
#1865=ORIENTED_EDGE('',*,*,#1244,.F.);
#1866=ORIENTED_EDGE('',*,*,#1299,.T.);
#1867=ORIENTED_EDGE('',*,*,#1260,.F.);
#1868=ORIENTED_EDGE('',*,*,#1062,.T.);
#1869=ORIENTED_EDGE('',*,*,#1300,.T.);
#1870=ORIENTED_EDGE('',*,*,#1051,.T.);
#1871=ORIENTED_EDGE('',*,*,#1268,.F.);
#1872=ORIENTED_EDGE('',*,*,#1086,.T.);
#1873=ORIENTED_EDGE('',*,*,#1301,.T.);
#1874=ORIENTED_EDGE('',*,*,#1075,.T.);
#1875=ORIENTED_EDGE('',*,*,#1273,.F.);
#1876=ORIENTED_EDGE('',*,*,#1302,.T.);
#1877=ORIENTED_EDGE('',*,*,#1246,.F.);
#1878=ORIENTED_EDGE('',*,*,#1303,.T.);
#1879=ORIENTED_EDGE('',*,*,#1258,.F.);
#1880=ORIENTED_EDGE('',*,*,#1294,.T.);
#1881=ORIENTED_EDGE('',*,*,#1055,.F.);
#1882=ORIENTED_EDGE('',*,*,#1287,.T.);
#1883=ORIENTED_EDGE('',*,*,#1043,.F.);
#1884=ORIENTED_EDGE('',*,*,#1301,.F.);
#1885=ORIENTED_EDGE('',*,*,#1085,.T.);
#1886=ORIENTED_EDGE('',*,*,#1292,.T.);
#1887=ORIENTED_EDGE('',*,*,#1076,.T.);
#1888=ORIENTED_EDGE('',*,*,#1304,.T.);
#1889=ORIENTED_EDGE('',*,*,#1305,.T.);
#1890=ORIENTED_EDGE('',*,*,#1306,.T.);
#1891=ORIENTED_EDGE('',*,*,#1304,.F.);
#1892=ORIENTED_EDGE('',*,*,#1307,.T.);
#1893=ORIENTED_EDGE('',*,*,#1308,.T.);
#1894=ORIENTED_EDGE('',*,*,#1309,.T.);
#1895=ORIENTED_EDGE('',*,*,#1308,.F.);
#1896=ORIENTED_EDGE('',*,*,#1310,.T.);
#1897=ORIENTED_EDGE('',*,*,#1311,.T.);
#1898=ORIENTED_EDGE('',*,*,#1312,.T.);
#1899=ORIENTED_EDGE('',*,*,#1311,.F.);
#1900=ORIENTED_EDGE('',*,*,#1313,.T.);
#1901=ORIENTED_EDGE('',*,*,#1314,.T.);
#1902=ORIENTED_EDGE('',*,*,#1315,.T.);
#1903=ORIENTED_EDGE('',*,*,#1316,.T.);
#1904=ORIENTED_EDGE('',*,*,#1317,.T.);
#1905=ORIENTED_EDGE('',*,*,#1314,.F.);
#1906=ORIENTED_EDGE('',*,*,#1316,.F.);
#1907=ORIENTED_EDGE('',*,*,#1313,.F.);
#1908=ORIENTED_EDGE('',*,*,#1318,.T.);
#1909=ORIENTED_EDGE('',*,*,#1319,.F.);
#1910=ORIENTED_EDGE('',*,*,#1320,.T.);
#1911=ORIENTED_EDGE('',*,*,#1321,.F.);
#1912=ORIENTED_EDGE('',*,*,#1322,.F.);
#1913=ORIENTED_EDGE('',*,*,#1323,.F.);
#1914=ORIENTED_EDGE('',*,*,#1324,.T.);
#1915=ORIENTED_EDGE('',*,*,#1325,.F.);
#1916=ORIENTED_EDGE('',*,*,#1310,.F.);
#1917=ORIENTED_EDGE('',*,*,#1326,.F.);
#1918=ORIENTED_EDGE('',*,*,#1327,.T.);
#1919=ORIENTED_EDGE('',*,*,#1318,.F.);
#1920=ORIENTED_EDGE('',*,*,#1307,.F.);
#1921=ORIENTED_EDGE('',*,*,#1306,.F.);
#1922=ORIENTED_EDGE('',*,*,#1328,.F.);
#1923=ORIENTED_EDGE('',*,*,#1329,.T.);
#1924=ORIENTED_EDGE('',*,*,#1330,.F.);
#1925=ORIENTED_EDGE('',*,*,#1331,.F.);
#1926=ORIENTED_EDGE('',*,*,#1332,.T.);
#1927=ORIENTED_EDGE('',*,*,#1333,.F.);
#1928=ORIENTED_EDGE('',*,*,#1334,.T.);
#1929=ORIENTED_EDGE('',*,*,#1326,.T.);
#1930=ORIENTED_EDGE('',*,*,#1305,.F.);
#1931=ORIENTED_EDGE('',*,*,#1335,.T.);
#1932=ORIENTED_EDGE('',*,*,#1336,.F.);
#1933=ORIENTED_EDGE('',*,*,#1337,.T.);
#1934=ORIENTED_EDGE('',*,*,#1338,.T.);
#1935=ORIENTED_EDGE('',*,*,#1339,.T.);
#1936=ORIENTED_EDGE('',*,*,#1340,.T.);
#1937=ORIENTED_EDGE('',*,*,#1338,.F.);
#1938=ORIENTED_EDGE('',*,*,#1341,.T.);
#1939=ORIENTED_EDGE('',*,*,#1342,.T.);
#1940=ORIENTED_EDGE('',*,*,#1343,.T.);
#1941=ORIENTED_EDGE('',*,*,#1342,.F.);
#1942=ORIENTED_EDGE('',*,*,#1344,.T.);
#1943=ORIENTED_EDGE('',*,*,#1345,.T.);
#1944=ORIENTED_EDGE('',*,*,#1346,.T.);
#1945=ORIENTED_EDGE('',*,*,#1345,.F.);
#1946=ORIENTED_EDGE('',*,*,#1347,.T.);
#1947=ORIENTED_EDGE('',*,*,#1348,.T.);
#1948=ORIENTED_EDGE('',*,*,#1349,.T.);
#1949=ORIENTED_EDGE('',*,*,#1350,.T.);
#1950=ORIENTED_EDGE('',*,*,#1336,.T.);
#1951=ORIENTED_EDGE('',*,*,#1348,.F.);
#1952=ORIENTED_EDGE('',*,*,#1350,.F.);
#1953=ORIENTED_EDGE('',*,*,#1347,.F.);
#1954=ORIENTED_EDGE('',*,*,#1351,.T.);
#1955=ORIENTED_EDGE('',*,*,#1352,.F.);
#1956=ORIENTED_EDGE('',*,*,#1353,.T.);
#1957=ORIENTED_EDGE('',*,*,#1354,.F.);
#1958=ORIENTED_EDGE('',*,*,#1355,.F.);
#1959=ORIENTED_EDGE('',*,*,#1356,.F.);
#1960=ORIENTED_EDGE('',*,*,#1357,.T.);
#1961=ORIENTED_EDGE('',*,*,#1358,.F.);
#1962=ORIENTED_EDGE('',*,*,#1344,.F.);
#1963=ORIENTED_EDGE('',*,*,#1359,.F.);
#1964=ORIENTED_EDGE('',*,*,#1360,.T.);
#1965=ORIENTED_EDGE('',*,*,#1351,.F.);
#1966=ORIENTED_EDGE('',*,*,#1341,.F.);
#1967=ORIENTED_EDGE('',*,*,#1340,.F.);
#1968=ORIENTED_EDGE('',*,*,#1361,.F.);
#1969=ORIENTED_EDGE('',*,*,#1362,.T.);
#1970=ORIENTED_EDGE('',*,*,#1363,.F.);
#1971=ORIENTED_EDGE('',*,*,#1364,.F.);
#1972=ORIENTED_EDGE('',*,*,#1365,.T.);
#1973=ORIENTED_EDGE('',*,*,#1366,.F.);
#1974=ORIENTED_EDGE('',*,*,#1367,.T.);
#1975=ORIENTED_EDGE('',*,*,#1359,.T.);
#1976=ORIENTED_EDGE('',*,*,#1317,.F.);
#1977=ORIENTED_EDGE('',*,*,#1368,.T.);
#1978=ORIENTED_EDGE('',*,*,#1339,.F.);
#1979=ORIENTED_EDGE('',*,*,#1369,.T.);
#1980=ORIENTED_EDGE('',*,*,#1175,.F.);
#1981=ORIENTED_EDGE('',*,*,#1282,.F.);
#1982=ORIENTED_EDGE('',*,*,#1370,.F.);
#1983=ORIENTED_EDGE('',*,*,#1203,.F.);
#1984=ORIENTED_EDGE('',*,*,#1223,.F.);
#1985=ORIENTED_EDGE('',*,*,#1276,.F.);
#1986=ORIENTED_EDGE('',*,*,#1371,.F.);
#1987=ORIENTED_EDGE('',*,*,#1285,.T.);
#1988=ORIENTED_EDGE('',*,*,#1372,.F.);
#1989=ORIENTED_EDGE('',*,*,#1247,.F.);
#1990=ORIENTED_EDGE('',*,*,#1302,.F.);
#1991=ORIENTED_EDGE('',*,*,#1257,.F.);
#1992=ORIENTED_EDGE('',*,*,#1330,.T.);
#1993=ORIENTED_EDGE('',*,*,#1329,.F.);
#1994=ORIENTED_EDGE('',*,*,#1328,.T.);
#1995=ORIENTED_EDGE('',*,*,#1337,.F.);
#1996=ORIENTED_EDGE('',*,*,#1358,.T.);
#1997=ORIENTED_EDGE('',*,*,#1357,.F.);
#1998=ORIENTED_EDGE('',*,*,#1356,.T.);
#1999=ORIENTED_EDGE('',*,*,#1373,.F.);
#2000=ORIENTED_EDGE('',*,*,#1363,.T.);
#2001=ORIENTED_EDGE('',*,*,#1362,.F.);
#2002=ORIENTED_EDGE('',*,*,#1361,.T.);
#2003=ORIENTED_EDGE('',*,*,#1368,.F.);
#2004=ORIENTED_EDGE('',*,*,#1325,.T.);
#2005=ORIENTED_EDGE('',*,*,#1324,.F.);
#2006=ORIENTED_EDGE('',*,*,#1323,.T.);
#2007=ORIENTED_EDGE('',*,*,#1374,.F.);
#2008=ORIENTED_EDGE('',*,*,#1375,.T.);
#2009=ORIENTED_EDGE('',*,*,#1248,.F.);
#2010=ORIENTED_EDGE('',*,*,#1372,.T.);
#2011=ORIENTED_EDGE('',*,*,#1256,.F.);
#2012=ORIENTED_EDGE('',*,*,#1291,.T.);
#2013=ORIENTED_EDGE('',*,*,#1079,.F.);
#2014=ORIENTED_EDGE('',*,*,#1289,.T.);
#2015=ORIENTED_EDGE('',*,*,#1067,.F.);
#2016=ORIENTED_EDGE('',*,*,#1299,.F.);
#2017=ORIENTED_EDGE('',*,*,#1243,.F.);
#2018=ORIENTED_EDGE('',*,*,#1375,.F.);
#2019=ORIENTED_EDGE('',*,*,#1255,.F.);
#2020=ORIENTED_EDGE('',*,*,#1303,.F.);
#2021=ORIENTED_EDGE('',*,*,#1245,.F.);
#2022=ORIENTED_EDGE('',*,*,#1298,.F.);
#2023=ORIENTED_EDGE('',*,*,#1259,.F.);
#2024=ORIENTED_EDGE('',*,*,#1277,.F.);
#2025=ORIENTED_EDGE('',*,*,#1370,.T.);
#2026=ORIENTED_EDGE('',*,*,#1284,.F.);
#2027=ORIENTED_EDGE('',*,*,#1371,.T.);
#2028=ORIENTED_EDGE('',*,*,#1300,.F.);
#2029=ORIENTED_EDGE('',*,*,#1061,.T.);
#2030=ORIENTED_EDGE('',*,*,#1297,.F.);
#2031=ORIENTED_EDGE('',*,*,#1296,.F.);
#2032=ORIENTED_EDGE('',*,*,#1295,.T.);
#2033=ORIENTED_EDGE('',*,*,#1052,.T.);
#2034=ORIENTED_EDGE('',*,*,#1355,.T.);
#2035=ORIENTED_EDGE('',*,*,#1376,.T.);
#2036=ORIENTED_EDGE('',*,*,#1331,.T.);
#2037=ORIENTED_EDGE('',*,*,#1373,.T.);
#2038=ORIENTED_EDGE('',*,*,#1376,.F.);
#2039=ORIENTED_EDGE('',*,*,#1354,.T.);
#2040=ORIENTED_EDGE('',*,*,#1377,.T.);
#2041=ORIENTED_EDGE('',*,*,#1378,.T.);
#2042=ORIENTED_EDGE('',*,*,#1379,.F.);
#2043=ORIENTED_EDGE('',*,*,#1332,.F.);
#2044=ORIENTED_EDGE('',*,*,#1322,.T.);
#2045=ORIENTED_EDGE('',*,*,#1380,.T.);
#2046=ORIENTED_EDGE('',*,*,#1364,.T.);
#2047=ORIENTED_EDGE('',*,*,#1374,.T.);
#2048=ORIENTED_EDGE('',*,*,#1380,.F.);
#2049=ORIENTED_EDGE('',*,*,#1321,.T.);
#2050=ORIENTED_EDGE('',*,*,#1381,.T.);
#2051=ORIENTED_EDGE('',*,*,#1382,.F.);
#2052=ORIENTED_EDGE('',*,*,#1383,.F.);
#2053=ORIENTED_EDGE('',*,*,#1365,.F.);
#2054=ORIENTED_EDGE('',*,*,#1315,.F.);
#2055=ORIENTED_EDGE('',*,*,#1369,.F.);
#2056=ORIENTED_EDGE('',*,*,#1343,.F.);
#2057=ORIENTED_EDGE('',*,*,#1346,.F.);
#2058=ORIENTED_EDGE('',*,*,#1349,.F.);
#2059=ORIENTED_EDGE('',*,*,#1335,.F.);
#2060=ORIENTED_EDGE('',*,*,#1309,.F.);
#2061=ORIENTED_EDGE('',*,*,#1312,.F.);
#2062=ORIENTED_EDGE('',*,*,#1384,.F.);
#2063=ORIENTED_EDGE('',*,*,#1385,.T.);
#2064=ORIENTED_EDGE('',*,*,#1334,.F.);
#2065=ORIENTED_EDGE('',*,*,#1386,.T.);
#2066=ORIENTED_EDGE('',*,*,#1352,.T.);
#2067=ORIENTED_EDGE('',*,*,#1387,.T.);
#2068=ORIENTED_EDGE('',*,*,#1388,.F.);
#2069=ORIENTED_EDGE('',*,*,#1389,.T.);
#2070=ORIENTED_EDGE('',*,*,#1367,.F.);
#2071=ORIENTED_EDGE('',*,*,#1390,.T.);
#2072=ORIENTED_EDGE('',*,*,#1319,.T.);
#2073=ORIENTED_EDGE('',*,*,#1391,.T.);
#2074=ORIENTED_EDGE('',*,*,#1392,.F.);
#2075=ORIENTED_EDGE('',*,*,#1384,.T.);
#2076=ORIENTED_EDGE('',*,*,#1333,.T.);
#2077=ORIENTED_EDGE('',*,*,#1379,.T.);
#2078=ORIENTED_EDGE('',*,*,#1378,.F.);
#2079=ORIENTED_EDGE('',*,*,#1377,.F.);
#2080=ORIENTED_EDGE('',*,*,#1353,.F.);
#2081=ORIENTED_EDGE('',*,*,#1386,.F.);
#2082=ORIENTED_EDGE('',*,*,#1382,.T.);
#2083=ORIENTED_EDGE('',*,*,#1381,.F.);
#2084=ORIENTED_EDGE('',*,*,#1320,.F.);
#2085=ORIENTED_EDGE('',*,*,#1390,.F.);
#2086=ORIENTED_EDGE('',*,*,#1393,.F.);
#2087=ORIENTED_EDGE('',*,*,#1388,.T.);
#2088=ORIENTED_EDGE('',*,*,#1366,.T.);
#2089=ORIENTED_EDGE('',*,*,#1383,.T.);
#2090=ORIENTED_EDGE('',*,*,#1393,.T.);
#2091=ORIENTED_EDGE('',*,*,#1391,.F.);
#2092=ORIENTED_EDGE('',*,*,#1327,.F.);
#2093=ORIENTED_EDGE('',*,*,#1385,.F.);
#2094=ORIENTED_EDGE('',*,*,#1392,.T.);
#2095=ORIENTED_EDGE('',*,*,#1387,.F.);
#2096=ORIENTED_EDGE('',*,*,#1360,.F.);
#2097=ORIENTED_EDGE('',*,*,#1389,.F.);
#2098=CYLINDRICAL_SURFACE('',#2273,0.6);
#2099=CYLINDRICAL_SURFACE('',#2281,0.6);
#2100=CYLINDRICAL_SURFACE('',#2289,0.6);
#2101=CYLINDRICAL_SURFACE('',#2297,0.6);
#2102=CYLINDRICAL_SURFACE('',#2311,0.999999999999999);
#2103=CYLINDRICAL_SURFACE('',#2320,0.999999999999999);
#2104=CYLINDRICAL_SURFACE('',#2330,0.625);
#2105=CYLINDRICAL_SURFACE('',#2339,0.625);
#2106=CYLINDRICAL_SURFACE('',#2340,2.);
#2107=CYLINDRICAL_SURFACE('',#2342,2.);
#2108=CYLINDRICAL_SURFACE('',#2358,11.25);
#2109=CYLINDRICAL_SURFACE('',#2360,0.4);
#2110=CYLINDRICAL_SURFACE('',#2362,2.65);
#2111=CYLINDRICAL_SURFACE('',#2376,0.4);
#2112=CYLINDRICAL_SURFACE('',#2377,2.65);
#2113=CYLINDRICAL_SURFACE('',#2399,0.3);
#2114=CYLINDRICAL_SURFACE('',#2400,10.7984981763166);
#2115=CYLINDRICAL_SURFACE('',#2401,0.3);
#2116=CYLINDRICAL_SURFACE('',#2402,10.7984981763166);
#2117=CYLINDRICAL_SURFACE('',#2407,0.2);
#2118=CYLINDRICAL_SURFACE('',#2408,3.45578108462672);
#2119=CYLINDRICAL_SURFACE('',#2409,0.2);
#2120=CYLINDRICAL_SURFACE('',#2410,3.4557810846056);
#2121=CYLINDRICAL_SURFACE('',#2411,0.5);
#2122=CYLINDRICAL_SURFACE('',#2412,4.45578108459504);
#2123=CYLINDRICAL_SURFACE('',#2413,0.5);
#2124=CYLINDRICAL_SURFACE('',#2414,4.45578108463306);
#2125=CYLINDRICAL_SURFACE('',#2415,10.);
#2126=CYLINDRICAL_SURFACE('',#2417,9.79849817631359);
#2127=CYLINDRICAL_SURFACE('',#2429,0.750000000000001);
#2128=CYLINDRICAL_SURFACE('',#2430,0.750000000000001);
#2129=CYLINDRICAL_SURFACE('',#2431,9.79849817631359);
#2130=CYLINDRICAL_SURFACE('',#2432,0.75);
#2131=CYLINDRICAL_SURFACE('',#2433,0.75);
#2132=ADVANCED_FACE('',(#221),#2098,.T.);
#2133=ADVANCED_FACE('',(#222),#207,.F.);
#2134=ADVANCED_FACE('',(#223),#2099,.T.);
#2135=ADVANCED_FACE('',(#224),#208,.T.);
#2136=ADVANCED_FACE('',(#225),#2100,.T.);
#2137=ADVANCED_FACE('',(#226),#209,.T.);
#2138=ADVANCED_FACE('',(#227),#2101,.T.);
#2139=ADVANCED_FACE('',(#228),#210,.F.);
#2140=ADVANCED_FACE('',(#229),#62,.T.);
#2141=ADVANCED_FACE('',(#230),#63,.T.);
#2142=ADVANCED_FACE('',(#231),#64,.T.);
#2143=ADVANCED_FACE('',(#232),#211,.F.);
#2144=ADVANCED_FACE('',(#233),#2102,.F.);
#2145=ADVANCED_FACE('',(#234),#43,.T.);
#2146=ADVANCED_FACE('',(#235),#65,.T.);
#2147=ADVANCED_FACE('',(#236),#66,.T.);
#2148=ADVANCED_FACE('',(#237),#212,.F.);
#2149=ADVANCED_FACE('',(#238),#2103,.F.);
#2150=ADVANCED_FACE('',(#239),#41,.T.);
#2151=ADVANCED_FACE('',(#240),#25,.F.);
#2152=ADVANCED_FACE('',(#241),#2104,.F.);
#2153=ADVANCED_FACE('',(#242),#42,.T.);
#2154=ADVANCED_FACE('',(#243),#26,.F.);
#2155=ADVANCED_FACE('',(#244),#2105,.F.);
#2156=ADVANCED_FACE('',(#245),#2106,.F.);
#2157=ADVANCED_FACE('',(#246),#2107,.F.);
#2158=ADVANCED_FACE('',(#247),#27,.F.);
#2159=ADVANCED_FACE('',(#248),#28,.T.);
#2160=ADVANCED_FACE('',(#249),#29,.F.);
#2161=ADVANCED_FACE('',(#250),#67,.T.);
#2162=ADVANCED_FACE('',(#251),#68,.T.);
#2163=ADVANCED_FACE('',(#252),#69,.T.);
#2164=ADVANCED_FACE('',(#253),#70,.T.);
#2165=ADVANCED_FACE('',(#254),#71,.T.);
#2166=ADVANCED_FACE('',(#255),#72,.T.);
#2167=ADVANCED_FACE('',(#256),#73,.T.);
#2168=ADVANCED_FACE('',(#257),#30,.T.);
#2169=ADVANCED_FACE('',(#258),#74,.T.);
#2170=ADVANCED_FACE('',(#259),#31,.T.);
#2171=ADVANCED_FACE('',(#260),#2108,.T.);
#2172=ADVANCED_FACE('',(#261),#2109,.F.);
#2173=ADVANCED_FACE('',(#262),#2110,.T.);
#2174=ADVANCED_FACE('',(#263),#75,.T.);
#2175=ADVANCED_FACE('',(#264),#32,.F.);
#2176=ADVANCED_FACE('',(#265),#33,.T.);
#2177=ADVANCED_FACE('',(#266),#34,.F.);
#2178=ADVANCED_FACE('',(#267),#76,.T.);
#2179=ADVANCED_FACE('',(#268),#77,.T.);
#2180=ADVANCED_FACE('',(#269),#78,.T.);
#2181=ADVANCED_FACE('',(#270),#79,.T.);
#2182=ADVANCED_FACE('',(#271),#80,.T.);
#2183=ADVANCED_FACE('',(#272),#81,.T.);
#2184=ADVANCED_FACE('',(#273),#82,.T.);
#2185=ADVANCED_FACE('',(#274),#35,.T.);
#2186=ADVANCED_FACE('',(#275),#83,.T.);
#2187=ADVANCED_FACE('',(#276),#36,.T.);
#2188=ADVANCED_FACE('',(#277),#2111,.F.);
#2189=ADVANCED_FACE('',(#278),#2112,.T.);
#2190=ADVANCED_FACE('',(#279),#84,.T.);
#2191=ADVANCED_FACE('',(#280,#15),#213,.F.);
#2192=ADVANCED_FACE('',(#281),#37,.F.);
#2193=ADVANCED_FACE('',(#282),#214,.F.);
#2194=ADVANCED_FACE('',(#283,#16),#215,.T.);
#2195=ADVANCED_FACE('',(#284),#38,.F.);
#2196=ADVANCED_FACE('',(#285),#216,.F.);
#2197=ADVANCED_FACE('',(#286),#2113,.T.);
#2198=ADVANCED_FACE('',(#287),#2114,.F.);
#2199=ADVANCED_FACE('',(#288),#2115,.T.);
#2200=ADVANCED_FACE('',(#289),#2116,.F.);
#2201=ADVANCED_FACE('',(#290),#39,.F.);
#2202=ADVANCED_FACE('',(#291),#40,.F.);
#2203=ADVANCED_FACE('',(#292),#85,.T.);
#2204=ADVANCED_FACE('',(#293),#86,.T.);
#2205=ADVANCED_FACE('',(#294),#87,.T.);
#2206=ADVANCED_FACE('',(#295),#88,.T.);
#2207=ADVANCED_FACE('',(#296),#89,.T.);
#2208=ADVANCED_FACE('',(#297),#90,.T.);
#2209=ADVANCED_FACE('',(#298),#91,.T.);
#2210=ADVANCED_FACE('',(#299),#2117,.T.);
#2211=ADVANCED_FACE('',(#300),#2118,.T.);
#2212=ADVANCED_FACE('',(#301),#2119,.T.);
#2213=ADVANCED_FACE('',(#302),#2120,.T.);
#2214=ADVANCED_FACE('',(#303),#2121,.T.);
#2215=ADVANCED_FACE('',(#304),#2122,.F.);
#2216=ADVANCED_FACE('',(#305),#2123,.T.);
#2217=ADVANCED_FACE('',(#306),#2124,.F.);
#2218=ADVANCED_FACE('',(#307,#17,#18),#2125,.F.);
#2219=ADVANCED_FACE('',(#308,#19),#217,.T.);
#2220=ADVANCED_FACE('',(#309),#2126,.T.);
#2221=ADVANCED_FACE('',(#310),#92,.F.);
#2222=ADVANCED_FACE('',(#311),#93,.F.);
#2223=ADVANCED_FACE('',(#312),#94,.F.);
#2224=ADVANCED_FACE('',(#313),#95,.F.);
#2225=ADVANCED_FACE('',(#314),#96,.F.);
#2226=ADVANCED_FACE('',(#315),#97,.T.);
#2227=ADVANCED_FACE('',(#316),#218,.T.);
#2228=ADVANCED_FACE('',(#317),#98,.T.);
#2229=ADVANCED_FACE('',(#318),#99,.T.);
#2230=ADVANCED_FACE('',(#319),#100,.F.);
#2231=ADVANCED_FACE('',(#320),#101,.F.);
#2232=ADVANCED_FACE('',(#321),#102,.F.);
#2233=ADVANCED_FACE('',(#322),#103,.F.);
#2234=ADVANCED_FACE('',(#323),#104,.F.);
#2235=ADVANCED_FACE('',(#324),#105,.T.);
#2236=ADVANCED_FACE('',(#325),#219,.F.);
#2237=ADVANCED_FACE('',(#326),#106,.T.);
#2238=ADVANCED_FACE('',(#327),#107,.T.);
#2239=ADVANCED_FACE('',(#328),#108,.T.);
#2240=ADVANCED_FACE('',(#329),#109,.T.);
#2241=ADVANCED_FACE('',(#330,#20,#21),#44,.F.);
#2242=ADVANCED_FACE('',(#331,#22),#220,.T.);
#2243=ADVANCED_FACE('',(#332),#2127,.T.);
#2244=ADVANCED_FACE('',(#333),#2128,.T.);
#2245=ADVANCED_FACE('',(#334),#110,.T.);
#2246=ADVANCED_FACE('',(#335),#2129,.T.);
#2247=ADVANCED_FACE('',(#336),#111,.T.);
#2248=ADVANCED_FACE('',(#337),#45,.T.);
#2249=ADVANCED_FACE('',(#338),#112,.T.);
#2250=ADVANCED_FACE('',(#339),#46,.T.);
#2251=ADVANCED_FACE('',(#340),#113,.T.);
#2252=ADVANCED_FACE('',(#341),#47,.T.);
#2253=ADVANCED_FACE('',(#342),#48,.T.);
#2254=ADVANCED_FACE('',(#343),#49,.T.);
#2255=ADVANCED_FACE('',(#344),#50,.T.);
#2256=ADVANCED_FACE('',(#345),#2130,.F.);
#2257=ADVANCED_FACE('',(#346),#2131,.F.);
#2258=ADVANCED_FACE('',(#347),#51,.T.);
#2259=CLOSED_SHELL('',(#2132,#2133,#2134,#2135,#2136,#2137,#2138,#2139,
#2140,#2141,#2142,#2143,#2144,#2145,#2146,#2147,#2148,#2149,#2150,#2151,
#2152,#2153,#2154,#2155,#2156,#2157,#2158,#2159,#2160,#2161,#2162,#2163,
#2164,#2165,#2166,#2167,#2168,#2169,#2170,#2171,#2172,#2173,#2174,#2175,
#2176,#2177,#2178,#2179,#2180,#2181,#2182,#2183,#2184,#2185,#2186,#2187,
#2188,#2189,#2190,#2191,#2192,#2193,#2194,#2195,#2196,#2197,#2198,#2199,
#2200,#2201,#2202,#2203,#2204,#2205,#2206,#2207,#2208,#2209,#2210,#2211,
#2212,#2213,#2214,#2215,#2216,#2217,#2218,#2219,#2220,#2221,#2222,#2223,
#2224,#2225,#2226,#2227,#2228,#2229,#2230,#2231,#2232,#2233,#2234,#2235,
#2236,#2237,#2238,#2239,#2240,#2241,#2242,#2243,#2244,#2245,#2246,#2247,
#2248,#2249,#2250,#2251,#2252,#2253,#2254,#2255,#2256,#2257,#2258));
#2260=DERIVED_UNIT_ELEMENT(#2262,1.);
#2261=DERIVED_UNIT_ELEMENT(#6247,-3.);
#2262=(
MASS_UNIT()
NAMED_UNIT(*)
SI_UNIT(.KILO.,.GRAM.)
);
#2263=DERIVED_UNIT((#2260,#2261));
#2264=MEASURE_REPRESENTATION_ITEM('density measure',
POSITIVE_RATIO_MEASURE(7850.),#2263);
#2265=PROPERTY_DEFINITION_REPRESENTATION(#2270,#2267);
#2266=PROPERTY_DEFINITION_REPRESENTATION(#2271,#2268);
#2267=REPRESENTATION('material name',(#2269),#6244);
#2268=REPRESENTATION('density',(#2264),#6244);
#2269=DESCRIPTIVE_REPRESENTATION_ITEM('Steel','Steel');
#2270=PROPERTY_DEFINITION('material property','material name',#6254);
#2271=PROPERTY_DEFINITION('material property','density of part',#6254);
#2272=AXIS2_PLACEMENT_3D('',#2847,#2434,#2435);
#2273=AXIS2_PLACEMENT_3D('',#2848,#2436,#2437);
#2274=AXIS2_PLACEMENT_3D('',#2889,#2440,#2441);
#2275=AXIS2_PLACEMENT_3D('',#2891,#2442,#2443);
#2276=AXIS2_PLACEMENT_3D('',#2893,#2444,#2445);
#2277=AXIS2_PLACEMENT_3D('',#2895,#2446,#2447);
#2278=AXIS2_PLACEMENT_3D('',#2897,#2448,#2449);
#2279=AXIS2_PLACEMENT_3D('',#2899,#2450,#2451);
#2280=AXIS2_PLACEMENT_3D('',#2900,#2452,#2453);
#2281=AXIS2_PLACEMENT_3D('',#2901,#2454,#2455);
#2282=AXIS2_PLACEMENT_3D('',#2942,#2458,#2459);
#2283=AXIS2_PLACEMENT_3D('',#2944,#2460,#2461);
#2284=AXIS2_PLACEMENT_3D('',#2946,#2462,#2463);
#2285=AXIS2_PLACEMENT_3D('',#2948,#2464,#2465);
#2286=AXIS2_PLACEMENT_3D('',#2950,#2466,#2467);
#2287=AXIS2_PLACEMENT_3D('',#2952,#2468,#2469);
#2288=AXIS2_PLACEMENT_3D('',#2953,#2470,#2471);
#2289=AXIS2_PLACEMENT_3D('',#2954,#2472,#2473);
#2290=AXIS2_PLACEMENT_3D('',#2995,#2476,#2477);
#2291=AXIS2_PLACEMENT_3D('',#2997,#2478,#2479);
#2292=AXIS2_PLACEMENT_3D('',#2999,#2480,#2481);
#2293=AXIS2_PLACEMENT_3D('',#3001,#2482,#2483);
#2294=AXIS2_PLACEMENT_3D('',#3003,#2484,#2485);
#2295=AXIS2_PLACEMENT_3D('',#3005,#2486,#2487);
#2296=AXIS2_PLACEMENT_3D('',#3006,#2488,#2489);
#2297=AXIS2_PLACEMENT_3D('',#3007,#2490,#2491);
#2298=AXIS2_PLACEMENT_3D('',#3048,#2494,#2495);
#2299=AXIS2_PLACEMENT_3D('',#3050,#2496,#2497);
#2300=AXIS2_PLACEMENT_3D('',#3052,#2498,#2499);
#2301=AXIS2_PLACEMENT_3D('',#3054,#2500,#2501);
#2302=AXIS2_PLACEMENT_3D('',#3056,#2502,#2503);
#2303=AXIS2_PLACEMENT_3D('',#3058,#2504,#2505);
#2304=AXIS2_PLACEMENT_3D('',#3059,#2506,#2507);
#2305=AXIS2_PLACEMENT_3D('',#3107,#2508,#2509);
#2306=AXIS2_PLACEMENT_3D('',#3109,#2510,#2511);
#2307=AXIS2_PLACEMENT_3D('',#3111,#2512,#2513);
#2308=AXIS2_PLACEMENT_3D('',#3164,#2514,#2515);
#2309=AXIS2_PLACEMENT_3D('',#3205,#2516,#2517);
#2310=AXIS2_PLACEMENT_3D('',#3206,#2518,#2519);
#2311=AXIS2_PLACEMENT_3D('',#3214,#2522,#2523);
#2312=AXIS2_PLACEMENT_3D('',#3223,#2525,#2526);
#2313=AXIS2_PLACEMENT_3D('',#3245,#2527,#2528);
#2314=AXIS2_PLACEMENT_3D('',#3247,#2529,#2530);
#2315=AXIS2_PLACEMENT_3D('',#3249,#2531,#2532);
#2316=AXIS2_PLACEMENT_3D('',#3250,#2533,#2534);
#2317=AXIS2_PLACEMENT_3D('',#3287,#2535,#2536);
#2318=AXIS2_PLACEMENT_3D('',#3320,#2537,#2538);
#2319=AXIS2_PLACEMENT_3D('',#3325,#2539,#2540);
#2320=AXIS2_PLACEMENT_3D('',#3333,#2543,#2544);
#2321=AXIS2_PLACEMENT_3D('',#3342,#2546,#2547);
#2322=AXIS2_PLACEMENT_3D('',#3347,#2548,#2549);
#2323=AXIS2_PLACEMENT_3D('',#3365,#2550,#2551);
#2324=AXIS2_PLACEMENT_3D('',#3383,#2552,#2553);
#2325=AXIS2_PLACEMENT_3D('',#3384,#2554,#2555);
#2326=AXIS2_PLACEMENT_3D('',#3391,#2556,#2557);
#2327=AXIS2_PLACEMENT_3D('',#3397,#2558,#2559);
#2328=AXIS2_PLACEMENT_3D('',#3422,#2560,#2561);
#2329=AXIS2_PLACEMENT_3D('',#3440,#2562,#2563);
#2330=AXIS2_PLACEMENT_3D('',#3441,#2564,#2565);
#2331=AXIS2_PLACEMENT_3D('',#3444,#2568,#2569);
#2332=AXIS2_PLACEMENT_3D('',#3462,#2570,#2571);
#2333=AXIS2_PLACEMENT_3D('',#3480,#2572,#2573);
#2334=AXIS2_PLACEMENT_3D('',#3481,#2574,#2575);
#2335=AXIS2_PLACEMENT_3D('',#3488,#2576,#2577);
#2336=AXIS2_PLACEMENT_3D('',#3494,#2578,#2579);
#2337=AXIS2_PLACEMENT_3D('',#3519,#2580,#2581);
#2338=AXIS2_PLACEMENT_3D('',#3537,#2582,#2583);
#2339=AXIS2_PLACEMENT_3D('',#3538,#2584,#2585);
#2340=AXIS2_PLACEMENT_3D('',#3541,#2588,#2589);
#2341=AXIS2_PLACEMENT_3D('',#3543,#2590,#2591);
#2342=AXIS2_PLACEMENT_3D('',#3545,#2593,#2594);
#2343=AXIS2_PLACEMENT_3D('',#3547,#2595,#2596);
#2344=AXIS2_PLACEMENT_3D('',#3549,#2598,#2599);
#2345=AXIS2_PLACEMENT_3D('',#3553,#2601,#2602);
#2346=AXIS2_PLACEMENT_3D('',#3556,#2604,#2605);
#2347=AXIS2_PLACEMENT_3D('',#3557,#2606,#2607);
#2348=AXIS2_PLACEMENT_3D('',#3559,#2608,#2609);
#2349=AXIS2_PLACEMENT_3D('',#3562,#2611,#2612);
#2350=AXIS2_PLACEMENT_3D('',#3563,#2613,#2614);
#2351=AXIS2_PLACEMENT_3D('',#3567,#2616,#2617);
#2352=AXIS2_PLACEMENT_3D('',#3568,#2618,#2619);
#2353=AXIS2_PLACEMENT_3D('',#3774,#2628,#2629);
#2354=AXIS2_PLACEMENT_3D('',#3775,#2630,#2631);
#2355=AXIS2_PLACEMENT_3D('',#3821,#2633,#2634);
#2356=AXIS2_PLACEMENT_3D('',#3822,#2635,#2636);
#2357=AXIS2_PLACEMENT_3D('',#3823,#2637,#2638);
#2358=AXIS2_PLACEMENT_3D('',#3824,#2639,#2640);
#2359=AXIS2_PLACEMENT_3D('',#3828,#2642,#2643);
#2360=AXIS2_PLACEMENT_3D('',#3830,#2645,#2646);
#2361=AXIS2_PLACEMENT_3D('',#3838,#2648,#2649);
#2362=AXIS2_PLACEMENT_3D('',#3839,#2650,#2651);
#2363=AXIS2_PLACEMENT_3D('',#3855,#2652,#2653);
#2364=AXIS2_PLACEMENT_3D('',#3885,#2654,#2655);
#2365=AXIS2_PLACEMENT_3D('',#3886,#2656,#2657);
#2366=AXIS2_PLACEMENT_3D('',#3889,#2659,#2660);
#2367=AXIS2_PLACEMENT_3D('',#3891,#2662,#2663);
#2368=AXIS2_PLACEMENT_3D('',#3893,#2664,#2665);
#2369=AXIS2_PLACEMENT_3D('',#3895,#2667,#2668);
#2370=AXIS2_PLACEMENT_3D('',#3899,#2670,#2671);
#2371=AXIS2_PLACEMENT_3D('',#3900,#2672,#2673);
#2372=AXIS2_PLACEMENT_3D('',#4100,#2682,#2683);
#2373=AXIS2_PLACEMENT_3D('',#4146,#2685,#2686);
#2374=AXIS2_PLACEMENT_3D('',#4147,#2687,#2688);
#2375=AXIS2_PLACEMENT_3D('',#4148,#2689,#2690);
#2376=AXIS2_PLACEMENT_3D('',#4149,#2691,#2692);
#2377=AXIS2_PLACEMENT_3D('',#4151,#2694,#2695);
#2378=AXIS2_PLACEMENT_3D('',#4195,#2696,#2697);
#2379=AXIS2_PLACEMENT_3D('',#4196,#2698,#2699);
#2380=AXIS2_PLACEMENT_3D('',#4199,#2700,#2701);
#2381=AXIS2_PLACEMENT_3D('',#4201,#2702,#2703);
#2382=AXIS2_PLACEMENT_3D('',#4203,#2704,#2705);
#2383=AXIS2_PLACEMENT_3D('',#4207,#2707,#2708);
#2384=AXIS2_PLACEMENT_3D('',#4210,#2710,#2711);
#2385=AXIS2_PLACEMENT_3D('',#4212,#2712,#2713);
#2386=AXIS2_PLACEMENT_3D('',#4213,#2714,#2715);
#2387=AXIS2_PLACEMENT_3D('',#4214,#2716,#2717);
#2388=AXIS2_PLACEMENT_3D('',#4230,#2718,#2719);
#2389=AXIS2_PLACEMENT_3D('',#4231,#2720,#2721);
#2390=AXIS2_PLACEMENT_3D('',#4234,#2722,#2723);
#2391=AXIS2_PLACEMENT_3D('',#4238,#2725,#2726);
#2392=AXIS2_PLACEMENT_3D('',#4242,#2728,#2729);
#2393=AXIS2_PLACEMENT_3D('',#4243,#2730,#2731);
#2394=AXIS2_PLACEMENT_3D('',#4245,#2732,#2733);
#2395=AXIS2_PLACEMENT_3D('',#4247,#2734,#2735);
#2396=AXIS2_PLACEMENT_3D('',#4248,#2736,#2737);
#2397=AXIS2_PLACEMENT_3D('',#4249,#2738,#2739);
#2398=AXIS2_PLACEMENT_3D('',#4265,#2740,#2741);
#2399=AXIS2_PLACEMENT_3D('',#4266,#2742,#2743);
#2400=AXIS2_PLACEMENT_3D('',#4269,#2746,#2747);
#2401=AXIS2_PLACEMENT_3D('',#4275,#2751,#2752);
#2402=AXIS2_PLACEMENT_3D('',#4278,#2755,#2756);
#2403=AXIS2_PLACEMENT_3D('',#4280,#2758,#2759);
#2404=AXIS2_PLACEMENT_3D('',#4281,#2760,#2761);
#2405=AXIS2_PLACEMENT_3D('',#4307,#2762,#2763);
#2406=AXIS2_PLACEMENT_3D('',#4365,#2764,#2765);
#2407=AXIS2_PLACEMENT_3D('',#4443,#2769,#2770);
#2408=AXIS2_PLACEMENT_3D('',#4446,#2773,#2774);
#2409=AXIS2_PLACEMENT_3D('',#4447,#2775,#2776);
#2410=AXIS2_PLACEMENT_3D('',#4450,#2779,#2780);
#2411=AXIS2_PLACEMENT_3D('',#4451,#2781,#2782);
#2412=AXIS2_PLACEMENT_3D('',#4454,#2785,#2786);
#2413=AXIS2_PLACEMENT_3D('',#4456,#2788,#2789);
#2414=AXIS2_PLACEMENT_3D('',#4459,#2792,#2793);
#2415=AXIS2_PLACEMENT_3D('',#4465,#2797,#2798);
#2416=AXIS2_PLACEMENT_3D('',#4470,#2803,#2804);
#2417=AXIS2_PLACEMENT_3D('',#4473,#2807,#2808);
#2418=AXIS2_PLACEMENT_3D('',#4508,#2809,#2810);
#2419=AXIS2_PLACEMENT_3D('',#4552,#2811,#2812);
#2420=AXIS2_PLACEMENT_3D('',#4619,#2813,#2814);
#2421=AXIS2_PLACEMENT_3D('',#4656,#2815,#2816);
#2422=AXIS2_PLACEMENT_3D('',#4867,#2817,#2818);
#2423=AXIS2_PLACEMENT_3D('',#5084,#2819,#2820);
#2424=AXIS2_PLACEMENT_3D('',#5128,#2821,#2822);
#2425=AXIS2_PLACEMENT_3D('',#5201,#2823,#2824);
#2426=AXIS2_PLACEMENT_3D('',#5238,#2825,#2826);
#2427=AXIS2_PLACEMENT_3D('',#5423,#2827,#2828);
#2428=AXIS2_PLACEMENT_3D('',#5653,#2830,#2831);
#2429=AXIS2_PLACEMENT_3D('',#5655,#2833,#2834);
#2430=AXIS2_PLACEMENT_3D('',#5656,#2835,#2836);
#2431=AXIS2_PLACEMENT_3D('',#5665,#2837,#2838);
#2432=AXIS2_PLACEMENT_3D('',#6208,#2841,#2842);
#2433=AXIS2_PLACEMENT_3D('',#6210,#2844,#2845);
#2434=DIRECTION('axis',(0.,0.,1.));
#2435=DIRECTION('refdir',(1.,0.,0.));
#2436=DIRECTION('center_axis',(2.96059473233375E-15,0.,1.));
#2437=DIRECTION('ref_axis',(0.707106781186548,0.707106781186547,-1.96261557335472E-15));
#2438=DIRECTION('',(-2.96059473233375E-15,0.,-1.));
#2439=DIRECTION('',(2.96059473233375E-15,0.,1.));
#2440=DIRECTION('center_axis',(0.,-1.,0.));
#2441=DIRECTION('ref_axis',(-1.,0.,0.));
#2442=DIRECTION('center_axis',(0.,1.,0.));
#2443=DIRECTION('ref_axis',(0.771520462200875,0.,0.636204508318944));
#2444=DIRECTION('center_axis',(0.,-1.,0.));
#2445=DIRECTION('ref_axis',(-0.420755171491386,0.,-0.907174231150364));
#2446=DIRECTION('center_axis',(0.,-1.,0.));
#2447=DIRECTION('ref_axis',(-0.999876035355582,0.,0.0157452825189993));
#2448=DIRECTION('center_axis',(0.,1.,0.));
#2449=DIRECTION('ref_axis',(1.,0.,0.));
#2450=DIRECTION('center_axis',(0.,1.,0.));
#2451=DIRECTION('ref_axis',(0.,0.,-1.));
#2452=DIRECTION('center_axis',(0.,-1.,0.));
#2453=DIRECTION('ref_axis',(0.771520462200493,0.,0.636204508319406));
#2454=DIRECTION('center_axis',(-2.96059473233375E-15,0.,-1.));
#2455=DIRECTION('ref_axis',(0.70710678118655,-0.707106781186545,-1.96261557335472E-15));
#2456=DIRECTION('',(2.96059473233375E-15,0.,1.));
#2457=DIRECTION('',(-2.96059473233375E-15,0.,-1.));
#2458=DIRECTION('center_axis',(0.,-1.,0.));
#2459=DIRECTION('ref_axis',(-1.,0.,0.));
#2460=DIRECTION('center_axis',(0.,1.,0.));
#2461=DIRECTION('ref_axis',(0.771520462200493,0.,0.636204508319406));
#2462=DIRECTION('center_axis',(0.,-1.,0.));
#2463=DIRECTION('ref_axis',(0.,0.,-1.));
#2464=DIRECTION('center_axis',(0.,-1.,0.));
#2465=DIRECTION('ref_axis',(1.,0.,0.));
#2466=DIRECTION('center_axis',(0.,1.,0.));
#2467=DIRECTION('ref_axis',(-0.999876035355582,0.,0.0157452825189993));
#2468=DIRECTION('center_axis',(0.,1.,0.));
#2469=DIRECTION('ref_axis',(-0.420755171491386,0.,-0.907174231150364));
#2470=DIRECTION('center_axis',(0.,-1.,0.));
#2471=DIRECTION('ref_axis',(0.771520462200875,0.,0.636204508318944));
#2472=DIRECTION('center_axis',(0.,0.,1.));
#2473=DIRECTION('ref_axis',(-0.70710678118655,-0.707106781186545,0.));
#2474=DIRECTION('',(0.,0.,-1.));
#2475=DIRECTION('',(0.,0.,1.));
#2476=DIRECTION('center_axis',(0.,-1.,0.));
#2477=DIRECTION('ref_axis',(-1.,0.,0.));
#2478=DIRECTION('center_axis',(0.,-1.,0.));
#2479=DIRECTION('ref_axis',(0.42075748004628,0.,0.90717316041928));
#2480=DIRECTION('center_axis',(0.,1.,0.));
#2481=DIRECTION('ref_axis',(-0.420755171491386,0.,-0.907174231150364));
#2482=DIRECTION('center_axis',(0.,1.,0.));
#2483=DIRECTION('ref_axis',(0.999876035355582,0.,0.0157452825189945));
#2484=DIRECTION('center_axis',(0.,-1.,0.));
#2485=DIRECTION('ref_axis',(1.,0.,0.));
#2486=DIRECTION('center_axis',(0.,-1.,0.));
#2487=DIRECTION('ref_axis',(0.,0.,-1.));
#2488=DIRECTION('center_axis',(0.,1.,0.));
#2489=DIRECTION('ref_axis',(0.420757153976006,0.,0.9071733116544));
#2490=DIRECTION('center_axis',(0.,0.,-1.));
#2491=DIRECTION('ref_axis',(-0.707106781186548,0.707106781186547,0.));
#2492=DIRECTION('',(0.,0.,1.));
#2493=DIRECTION('',(0.,0.,-1.));
#2494=DIRECTION('center_axis',(0.,-1.,0.));
#2495=DIRECTION('ref_axis',(-1.,0.,0.));
#2496=DIRECTION('center_axis',(0.,-1.,0.));
#2497=DIRECTION('ref_axis',(0.420757153976006,0.,0.9071733116544));
#2498=DIRECTION('center_axis',(0.,1.,0.));
#2499=DIRECTION('ref_axis',(0.,0.,-1.));
#2500=DIRECTION('center_axis',(0.,1.,0.));
#2501=DIRECTION('ref_axis',(1.,0.,0.));
#2502=DIRECTION('center_axis',(0.,-1.,0.));
#2503=DIRECTION('ref_axis',(0.999876035355582,0.,0.0157452825189945));
#2504=DIRECTION('center_axis',(0.,-1.,0.));
#2505=DIRECTION('ref_axis',(-0.420755171491386,0.,-0.907174231150364));
#2506=DIRECTION('center_axis',(0.,1.,0.));
#2507=DIRECTION('ref_axis',(0.42075748004628,0.,0.90717316041928));
#2508=DIRECTION('center_axis',(-0.422615302147295,-0.00373021452842489,
-0.906301490614753));
#2509=DIRECTION('ref_axis',(0.906307796046794,6.1478599988618E-13,-0.422618242418383));
#2510=DIRECTION('center_axis',(0.,-1.,0.));
#2511=DIRECTION('ref_axis',(1.,0.,0.));
#2512=DIRECTION('center_axis',(-0.422615568264105,-0.00356950286126917,
-0.906302013740525));
#2513=DIRECTION('ref_axis',(-0.334090655539902,-0.928956320950988,0.159447758360299));
#2514=DIRECTION('center_axis',(0.,-1.,0.));
#2515=DIRECTION('ref_axis',(1.,0.,0.));
#2516=DIRECTION('center_axis',(0.,-1.,0.));
#2517=DIRECTION('ref_axis',(1.,0.,0.));
#2518=DIRECTION('center_axis',(0.90630778703665,0.,-0.422618261740699));
#2519=DIRECTION('ref_axis',(0.422618261740699,0.,0.90630778703665));
#2520=DIRECTION('',(0.,-1.,0.));
#2521=DIRECTION('',(0.,1.,0.));
#2522=DIRECTION('center_axis',(0.,-1.,0.));
#2523=DIRECTION('ref_axis',(-0.90630778703665,0.,0.422618261740699));
#2524=DIRECTION('',(0.,-1.,0.));
#2525=DIRECTION('center_axis',(0.,-1.,0.));
#2526=DIRECTION('ref_axis',(-0.90630778703665,0.,0.422618261740699));
#2527=DIRECTION('center_axis',(0.422618261740699,-4.8731263704805E-16,-0.90630778703665));
#2528=DIRECTION('ref_axis',(0.339865420138747,0.927024810886957,0.158481848152763));
#2529=DIRECTION('center_axis',(0.,-1.,0.));
#2530=DIRECTION('ref_axis',(0.422618261740699,0.,-0.90630778703665));
#2531=DIRECTION('center_axis',(0.422618261740699,1.29950036546147E-16,-0.90630778703665));
#2532=DIRECTION('ref_axis',(-0.90630778703665,0.,-0.422618261740699));
#2533=DIRECTION('center_axis',(0.,1.,0.));
#2534=DIRECTION('ref_axis',(1.,0.,0.));
#2535=DIRECTION('center_axis',(0.,1.,0.));
#2536=DIRECTION('ref_axis',(1.,0.,0.));
#2537=DIRECTION('center_axis',(0.,1.,0.));
#2538=DIRECTION('ref_axis',(1.,0.,0.));
#2539=DIRECTION('center_axis',(-0.90630778703665,0.,-0.422618261740699));
#2540=DIRECTION('ref_axis',(0.422618261740699,0.,-0.90630778703665));
#2541=DIRECTION('',(0.,-1.,0.));
#2542=DIRECTION('',(0.,-1.,0.));
#2543=DIRECTION('center_axis',(0.,-1.,0.));
#2544=DIRECTION('ref_axis',(-0.90630778703665,0.,-0.422618261740699));
#2545=DIRECTION('',(0.,-1.,0.));
#2546=DIRECTION('center_axis',(0.,1.,0.));
#2547=DIRECTION('ref_axis',(-0.90630778703665,0.,-0.422618261740699));
#2548=DIRECTION('center_axis',(0.,-1.,0.));
#2549=DIRECTION('ref_axis',(-0.425058947643419,0.,0.905165670487049));
#2550=DIRECTION('center_axis',(0.,1.,0.));
#2551=DIRECTION('ref_axis',(-0.425058947643421,0.,0.905165670487048));
#2552=DIRECTION('center_axis',(0.,-1.,0.));
#2553=DIRECTION('ref_axis',(-0.425058947643421,0.,0.905165670487048));
#2554=DIRECTION('center_axis',(0.,1.,0.));
#2555=DIRECTION('ref_axis',(0.425208643846614,0.,-0.905095359173896));
#2556=DIRECTION('center_axis',(0.,-1.,0.));
#2557=DIRECTION('ref_axis',(1.,0.,0.));
#2558=DIRECTION('center_axis',(0.,1.,0.));
#2559=DIRECTION('ref_axis',(1.,0.,0.));
#2560=DIRECTION('center_axis',(0.,-1.,0.));
#2561=DIRECTION('ref_axis',(1.,0.,0.));
#2562=DIRECTION('center_axis',(0.,1.,0.));
#2563=DIRECTION('ref_axis',(1.,0.,0.));
#2564=DIRECTION('center_axis',(0.,1.,0.));
#2565=DIRECTION('ref_axis',(-0.425058947643421,0.,0.905165670487048));
#2566=DIRECTION('',(0.,1.,0.));
#2567=DIRECTION('',(0.,-1.,0.));
#2568=DIRECTION('center_axis',(0.,1.,0.));
#2569=DIRECTION('ref_axis',(0.,0.,1.));
#2570=DIRECTION('center_axis',(0.,-1.,0.));
#2571=DIRECTION('ref_axis',(0.426335908094958,0.,0.90456491943301));
#2572=DIRECTION('center_axis',(0.,1.,0.));
#2573=DIRECTION('ref_axis',(0.426335908094959,0.,0.90456491943301));
#2574=DIRECTION('center_axis',(0.,-1.,0.));
#2575=DIRECTION('ref_axis',(-0.426432674984859,0.,-0.904519305324799));
#2576=DIRECTION('center_axis',(0.,1.,0.));
#2577=DIRECTION('ref_axis',(-1.,0.,0.));
#2578=DIRECTION('center_axis',(0.,-1.,0.));
#2579=DIRECTION('ref_axis',(-1.,0.,0.));
#2580=DIRECTION('center_axis',(0.,1.,0.));
#2581=DIRECTION('ref_axis',(-1.,0.,0.));
#2582=DIRECTION('center_axis',(0.,-1.,0.));
#2583=DIRECTION('ref_axis',(-1.,0.,0.));
#2584=DIRECTION('center_axis',(0.,1.,0.));
#2585=DIRECTION('ref_axis',(1.,0.,0.));
#2586=DIRECTION('',(0.,-1.,0.));
#2587=DIRECTION('',(0.,1.,0.));
#2588=DIRECTION('center_axis',(0.,1.,0.));
#2589=DIRECTION('ref_axis',(-0.426335908094958,0.,-0.90456491943301));
#2590=DIRECTION('center_axis',(0.,-1.,0.));
#2591=DIRECTION('ref_axis',(-1.,0.,0.));
#2592=DIRECTION('',(0.,-1.,0.));
#2593=DIRECTION('center_axis',(0.,1.,0.));
#2594=DIRECTION('ref_axis',(0.42505894764342,0.,-0.905165670487049));
#2595=DIRECTION('center_axis',(0.,1.,0.));
#2596=DIRECTION('ref_axis',(1.,0.,0.));
#2597=DIRECTION('',(0.,1.,0.));
#2598=DIRECTION('center_axis',(0.,-1.,0.));
#2599=DIRECTION('ref_axis',(-0.860845406152629,0.,-0.508866570631159));
#2600=DIRECTION('',(-0.707091556723219,-0.707106781186546,0.0046400873629294));
#2601=DIRECTION('center_axis',(0.,-1.,0.));
#2602=DIRECTION('ref_axis',(-0.860845406152629,0.,-0.508866570631159));
#2603=DIRECTION('',(-0.0228714995949402,0.707106781186547,0.706736792947897));
#2604=DIRECTION('center_axis',(0.,1.,0.));
#2605=DIRECTION('ref_axis',(-0.860845406152629,0.,-0.508866570631159));
#2606=DIRECTION('center_axis',(0.,1.,0.));
#2607=DIRECTION('ref_axis',(-1.,0.,0.));
#2608=DIRECTION('center_axis',(0.,1.,0.));
#2609=DIRECTION('ref_axis',(-1.,0.,0.));
#2610=DIRECTION('',(0.0228714990995629,0.707106781186545,0.706736792963931));
#2611=DIRECTION('center_axis',(0.,-1.,0.));
#2612=DIRECTION('ref_axis',(-1.,0.,0.));
#2613=DIRECTION('center_axis',(0.,-1.,0.));
#2614=DIRECTION('ref_axis',(0.860845404996493,0.,-0.508866572586984));
#2615=DIRECTION('',(-0.707091556747555,0.707106781186547,-0.00464008365430772));
#2616=DIRECTION('center_axis',(0.,1.,0.));
#2617=DIRECTION('ref_axis',(0.860845404996493,0.,-0.508866572586985));
#2618=DIRECTION('center_axis',(0.,-1.,0.));
#2619=DIRECTION('ref_axis',(0.860845404996492,0.,-0.508866572586985));
#2620=DIRECTION('',(-0.608153237140523,-0.707106781186547,0.360762581423716));
#2621=DIRECTION('',(0.688566673735248,-0.70710677941468,0.160859996043067));
#2622=DIRECTION('',(-0.00920429449162463,0.707106781186547,-0.707046873243148));
#2623=DIRECTION('',(-3.39871905970765E-14,0.707106781186548,-0.707106781186548));
#2624=DIRECTION('',(0.00920429404568181,0.707106781186548,-0.707046873248953));
#2625=DIRECTION('',(0.688566672789893,0.707106779858829,-0.160859998137305));
#2626=DIRECTION('',(0.675660581449296,-0.707106781186546,-0.20852524709397));
#2627=DIRECTION('',(0.675660582410951,0.707106781186548,0.208525243978022));
#2628=DIRECTION('center_axis',(0.,1.,0.));
#2629=DIRECTION('ref_axis',(1.,0.,0.));
#2630=DIRECTION('center_axis',(0.,-1.,0.));
#2631=DIRECTION('ref_axis',(1.,0.,0.));
#2632=DIRECTION('',(-0.608153239032684,0.707106781186548,-0.360762578234017));
#2633=DIRECTION('center_axis',(0.,1.,0.));
#2634=DIRECTION('ref_axis',(-1.,0.,0.));
#2635=DIRECTION('center_axis',(0.,1.,0.));
#2636=DIRECTION('ref_axis',(-1.,0.,0.));
#2637=DIRECTION('center_axis',(0.,-1.,0.));
#2638=DIRECTION('ref_axis',(-1.,0.,0.));
#2639=DIRECTION('center_axis',(0.,1.,0.));
#2640=DIRECTION('ref_axis',(1.,0.,0.));
#2641=DIRECTION('',(0.,-1.,0.));
#2642=DIRECTION('center_axis',(0.,1.,0.));
#2643=DIRECTION('ref_axis',(-1.,0.,0.));
#2644=DIRECTION('',(0.,1.,0.));
#2645=DIRECTION('center_axis',(0.,-1.,0.));
#2646=DIRECTION('ref_axis',(0.860845404996493,0.,-0.508866572586985));
#2647=DIRECTION('',(0.,1.,0.));
#2648=DIRECTION('center_axis',(0.,-1.,0.));
#2649=DIRECTION('ref_axis',(0.860845404996493,0.,-0.508866572586985));
#2650=DIRECTION('center_axis',(0.,1.,0.));
#2651=DIRECTION('ref_axis',(-0.993042434573468,0.,-0.117757051323473));
#2652=DIRECTION('center_axis',(0.,1.,0.));
#2653=DIRECTION('ref_axis',(-1.,0.,0.));
#2654=DIRECTION('center_axis',(2.13312230351111E-16,-1.,6.9117129747041E-16));
#2655=DIRECTION('ref_axis',(0.955528357846484,0.,-0.294899232537493));
#2656=DIRECTION('center_axis',(0.,1.,0.));
#2657=DIRECTION('ref_axis',(0.860845404996493,0.,-0.508866572586984));
#2658=DIRECTION('',(0.707091556747555,0.707106781186548,0.00464008365430773));
#2659=DIRECTION('center_axis',(0.,1.,0.));
#2660=DIRECTION('ref_axis',(0.860845404996492,0.,-0.508866572586985));
#2661=DIRECTION('',(0.0228714990995666,-0.707106781186546,0.70673679296393));
#2662=DIRECTION('center_axis',(0.,-1.,0.));
#2663=DIRECTION('ref_axis',(-1.,0.,0.));
#2664=DIRECTION('center_axis',(0.,-1.,0.));
#2665=DIRECTION('ref_axis',(-1.,0.,0.));
#2666=DIRECTION('',(-0.0228714995949439,-0.707106781186548,0.706736792947896));
#2667=DIRECTION('center_axis',(0.,1.,0.));
#2668=DIRECTION('ref_axis',(-0.860845406152629,0.,-0.508866570631159));
#2669=DIRECTION('',(0.707091556723219,-0.707106781186546,-0.0046400873629294));
#2670=DIRECTION('center_axis',(0.,-1.,0.));
#2671=DIRECTION('ref_axis',(-0.860845406152629,0.,-0.508866570631159));
#2672=DIRECTION('center_axis',(0.,1.,0.));
#2673=DIRECTION('ref_axis',(-0.860845406152629,0.,-0.508866570631159));
#2674=DIRECTION('',(0.608153239032684,0.707106781186548,0.360762578234017));
#2675=DIRECTION('',(-0.688566672993409,0.70710677941468,0.160859999218532));
#2676=DIRECTION('',(0.00920429404567898,-0.707106781186548,-0.707046873248953));
#2677=DIRECTION('',(-4.82147458522404E-17,-0.707106781186548,-0.707106781186548));
#2678=DIRECTION('',(-0.00920429449162369,-0.707106781186547,-0.707046873243148));
#2679=DIRECTION('',(-0.688566673531733,-0.707106779858828,-0.160859994961841));
#2680=DIRECTION('',(-0.675660582410952,0.707106781186548,-0.208525243978022));
#2681=DIRECTION('',(-0.675660581449295,-0.707106781186548,0.208525247093969));
#2682=DIRECTION('center_axis',(0.,-1.,0.));
#2683=DIRECTION('ref_axis',(-1.,0.,0.));
#2684=DIRECTION('',(0.608153237140523,-0.707106781186547,-0.360762581423716));
#2685=DIRECTION('center_axis',(0.,-1.,0.));
#2686=DIRECTION('ref_axis',(1.,0.,0.));
#2687=DIRECTION('center_axis',(0.,-1.,0.));
#2688=DIRECTION('ref_axis',(-1.,0.,0.));
#2689=DIRECTION('center_axis',(0.,1.,0.));
#2690=DIRECTION('ref_axis',(1.,0.,0.));
#2691=DIRECTION('center_axis',(0.,-1.,0.));
#2692=DIRECTION('ref_axis',(-0.860845406152629,0.,-0.508866570631159));
#2693=DIRECTION('',(0.,-1.,0.));
#2694=DIRECTION('center_axis',(0.,1.,0.));
#2695=DIRECTION('ref_axis',(1.,0.,0.));
#2696=DIRECTION('center_axis',(0.,-1.,0.));
#2697=DIRECTION('ref_axis',(-0.0130168374714697,0.,0.99991527738216));
#2698=DIRECTION('center_axis',(0.,1.,0.));
#2699=DIRECTION('ref_axis',(1.,0.,0.));
#2700=DIRECTION('center_axis',(0.,-1.,0.));
#2701=DIRECTION('ref_axis',(1.,0.,0.));
#2702=DIRECTION('center_axis',(0.,1.,0.));
#2703=DIRECTION('ref_axis',(1.,0.,0.));
#2704=DIRECTION('center_axis',(0.,-1.,0.));
#2705=DIRECTION('ref_axis',(1.,0.,0.));
#2706=DIRECTION('',(2.96059473233375E-15,0.,1.));
#2707=DIRECTION('center_axis',(0.,-1.,0.));
#2708=DIRECTION('ref_axis',(1.,0.,-1.31348256046034E-16));
#2709=DIRECTION('',(0.,0.,-1.));
#2710=DIRECTION('center_axis',(0.,-1.,0.));
#2711=DIRECTION('ref_axis',(1.,0.,0.));
#2712=DIRECTION('center_axis',(0.,-1.,0.));
#2713=DIRECTION('ref_axis',(-0.90630778703665,0.,-0.422618261740699));
#2714=DIRECTION('center_axis',(0.,-1.,0.));
#2715=DIRECTION('ref_axis',(1.,0.,0.));
#2716=DIRECTION('center_axis',(0.,-1.,0.));
#2717=DIRECTION('ref_axis',(0.42505894764342,0.,-0.905165670487048));
#2718=DIRECTION('center_axis',(0.90630778703665,0.,0.4226182617407));
#2719=DIRECTION('ref_axis',(-0.4226182617407,0.,0.90630778703665));
#2720=DIRECTION('center_axis',(0.,1.,0.));
#2721=DIRECTION('ref_axis',(1.,0.,0.));
#2722=DIRECTION('center_axis',(0.,1.,0.));
#2723=DIRECTION('ref_axis',(1.,0.,0.));
#2724=DIRECTION('',(0.,0.,1.));
#2725=DIRECTION('center_axis',(0.,1.,0.));
#2726=DIRECTION('ref_axis',(1.,0.,-1.31348256046034E-16));
#2727=DIRECTION('',(-2.96059473233375E-15,0.,-1.));
#2728=DIRECTION('center_axis',(0.,1.,0.));
#2729=DIRECTION('ref_axis',(1.,0.,0.));
#2730=DIRECTION('center_axis',(0.,-1.,0.));
#2731=DIRECTION('ref_axis',(1.,0.,0.));
#2732=DIRECTION('center_axis',(0.,1.,0.));
#2733=DIRECTION('ref_axis',(-1.,0.,0.));
#2734=DIRECTION('center_axis',(0.,1.,0.));
#2735=DIRECTION('ref_axis',(-0.90630778703665,0.,0.422618261740699));
#2736=DIRECTION('center_axis',(0.,1.,0.));
#2737=DIRECTION('ref_axis',(-1.,0.,0.));
#2738=DIRECTION('center_axis',(0.,1.,0.));
#2739=DIRECTION('ref_axis',(-0.425058950183035,0.,-0.905165669294465));
#2740=DIRECTION('center_axis',(-0.90630778703665,0.,0.4226182617407));
#2741=DIRECTION('ref_axis',(-0.4226182617407,0.,-0.90630778703665));
#2742=DIRECTION('center_axis',(0.,1.,0.));
#2743=DIRECTION('ref_axis',(-0.999876035355582,0.,0.0157452825189993));
#2744=DIRECTION('',(0.,1.,0.));
#2745=DIRECTION('',(0.,-1.,0.));
#2746=DIRECTION('center_axis',(0.,1.,0.));
#2747=DIRECTION('ref_axis',(-0.420755171491386,0.,-0.907174231150364));
#2748=DIRECTION('',(0.,-1.,0.));
#2749=DIRECTION('',(0.,1.,0.));
#2750=DIRECTION('',(0.,1.,0.));
#2751=DIRECTION('center_axis',(0.,-1.,0.));
#2752=DIRECTION('ref_axis',(0.999876035355582,0.,0.0157452825189945));
#2753=DIRECTION('',(0.,-1.,0.));
#2754=DIRECTION('',(0.,1.,0.));
#2755=DIRECTION('center_axis',(0.,1.,0.));
#2756=DIRECTION('ref_axis',(-0.420755171491386,0.,-0.907174231150364));
#2757=DIRECTION('',(0.,-1.,0.));
#2758=DIRECTION('center_axis',(0.,-1.,0.));
#2759=DIRECTION('ref_axis',(-0.90630778703665,0.,-0.422618261740699));
#2760=DIRECTION('center_axis',(0.,1.,0.));
#2761=DIRECTION('ref_axis',(-0.90630778703665,0.,0.422618261740699));
#2762=DIRECTION('center_axis',(0.,-1.,0.));
#2763=DIRECTION('ref_axis',(0.955528357846484,0.,-0.294899232537493));
#2764=DIRECTION('center_axis',(-2.13312226913609E-16,-1.,6.91171297644023E-16));
#2765=DIRECTION('ref_axis',(-0.0130168374714695,6.93889390390723E-16,0.99991527738216));
#2766=DIRECTION('',(0.,-1.,0.));
#2767=DIRECTION('',(0.,-1.,0.));
#2768=DIRECTION('',(0.,1.,0.));
#2769=DIRECTION('center_axis',(0.,-1.,0.));
#2770=DIRECTION('ref_axis',(0.749534803130101,0.,0.66196493781523));
#2771=DIRECTION('',(0.,1.,0.));
#2772=DIRECTION('',(0.,-1.,0.));
#2773=DIRECTION('center_axis',(0.,1.,0.));
#2774=DIRECTION('ref_axis',(0.771520462200875,0.,0.636204508318944));
#2775=DIRECTION('center_axis',(0.,1.,0.));
#2776=DIRECTION('ref_axis',(-0.749534803130349,0.,0.661964937814949));
#2777=DIRECTION('',(0.,1.,0.));
#2778=DIRECTION('',(0.,1.,0.));
#2779=DIRECTION('center_axis',(0.,1.,0.));
#2780=DIRECTION('ref_axis',(0.42075748004628,0.,0.90717316041928));
#2781=DIRECTION('center_axis',(0.,-1.,0.));
#2782=DIRECTION('ref_axis',(-0.699761083409532,0.,-0.714376949618));
#2783=DIRECTION('',(0.,1.,0.));
#2784=DIRECTION('',(0.,-1.,0.));
#2785=DIRECTION('center_axis',(0.,1.,0.));
#2786=DIRECTION('ref_axis',(0.420757153976006,0.,0.9071733116544));
#2787=DIRECTION('',(0.,1.,0.));
#2788=DIRECTION('center_axis',(0.,1.,0.));
#2789=DIRECTION('ref_axis',(0.699761083409574,0.,-0.714376949617959));
#2790=DIRECTION('',(0.,1.,0.));
#2791=DIRECTION('',(0.,1.,0.));
#2792=DIRECTION('center_axis',(0.,1.,0.));
#2793=DIRECTION('ref_axis',(0.771520462200493,0.,0.636204508319406));
#2794=DIRECTION('',(0.,-1.,0.));
#2795=DIRECTION('',(0.,1.,0.));
#2796=DIRECTION('',(0.,1.,0.));
#2797=DIRECTION('center_axis',(0.,1.,0.));
#2798=DIRECTION('ref_axis',(1.,0.,0.));
#2799=DIRECTION('',(0.,-1.,0.));
#2800=DIRECTION('',(0.,1.,0.));
#2801=DIRECTION('',(0.,-1.,0.));
#2802=DIRECTION('',(0.,1.,0.));
#2803=DIRECTION('center_axis',(1.,0.,-2.96059473233375E-15));
#2804=DIRECTION('ref_axis',(-2.96059473233375E-15,0.,-1.));
#2805=DIRECTION('',(0.,-1.,0.));
#2806=DIRECTION('',(0.,1.,0.));
#2807=DIRECTION('center_axis',(0.,1.,0.));
#2808=DIRECTION('ref_axis',(0.,0.,-1.));
#2809=DIRECTION('center_axis',(-0.406169796626825,-0.0949266694605824,-0.908853686647771));
#2810=DIRECTION('ref_axis',(-0.0400867731825823,-0.991781251454375,0.121503085884278));
#2811=DIRECTION('center_axis',(-0.623412544075686,7.80101334266502E-15,
-0.781893087249837));
#2812=DIRECTION('ref_axis',(-5.55111512312584E-15,-1.,-5.55111512312584E-15));
#2813=DIRECTION('center_axis',(-0.653599680776295,1.14577225779247E-14,
0.756840443745659));
#2814=DIRECTION('ref_axis',(-1.11022302462516E-14,-1.,5.55111512312578E-15));
#2815=DIRECTION('center_axis',(-0.409378303887209,0.121596455653248,0.90422547314207));
#2816=DIRECTION('ref_axis',(0.0534878414111425,-0.986175702918474,0.156832821164548));
#2817=DIRECTION('center_axis',(0.,-1.,0.));
#2818=DIRECTION('ref_axis',(-1.,0.,0.));
#2819=DIRECTION('center_axis',(0.409378306280638,0.121596455599842,-0.904225472065653));
#2820=DIRECTION('ref_axis',(0.0534878415294347,0.986175702861809,0.156832821480514));
#2821=DIRECTION('center_axis',(0.653599680776293,0.,-0.75684044374566));
#2822=DIRECTION('ref_axis',(0.,1.,0.));
#2823=DIRECTION('center_axis',(0.623412544075686,8.79743739935212E-16,0.781893087249837));
#2824=DIRECTION('ref_axis',(5.55111512312578E-15,1.,-5.55111512312578E-15));
#2825=DIRECTION('center_axis',(0.40616979662681,-0.0949266694605833,0.908853686647778));
#2826=DIRECTION('ref_axis',(-0.0400867731825712,0.991781251454376,0.121503085884273));
#2827=DIRECTION('center_axis',(0.,-1.,0.));
#2828=DIRECTION('ref_axis',(-1.,0.,0.));
#2829=DIRECTION('',(0.,1.,0.));
#2830=DIRECTION('center_axis',(-1.,0.,0.));
#2831=DIRECTION('ref_axis',(0.,0.,1.));
#2832=DIRECTION('',(0.,-1.,0.));
#2833=DIRECTION('center_axis',(0.,1.,0.));
#2834=DIRECTION('ref_axis',(1.,0.,0.));
#2835=DIRECTION('center_axis',(0.,1.,0.));
#2836=DIRECTION('ref_axis',(1.,0.,0.));
#2837=DIRECTION('center_axis',(0.,1.,0.));
#2838=DIRECTION('ref_axis',(0.,0.,-1.));
#2839=DIRECTION('',(0.,-1.,0.));
#2840=DIRECTION('',(0.,-1.,0.));
#2841=DIRECTION('center_axis',(0.,-1.,0.));
#2842=DIRECTION('ref_axis',(1.,0.,0.));
#2843=DIRECTION('',(0.,1.,0.));
#2844=DIRECTION('center_axis',(0.,-1.,0.));
#2845=DIRECTION('ref_axis',(1.,0.,0.));
#2846=DIRECTION('',(0.,-1.,0.));
#2847=CARTESIAN_POINT('',(0.,0.,0.));
#2848=CARTESIAN_POINT('Origin',(6.00000000000001,1.4,-1.30977577185808));
#2849=CARTESIAN_POINT('',(6.60000000000001,1.4,-0.959026149223648));
#2850=CARTESIAN_POINT('',(6.08966557169068,1.99326223986816,-1.4589193374064));
#2851=CARTESIAN_POINT('Ctrl Pts',(6.60000000000001,1.4,-0.959026149223648));
#2852=CARTESIAN_POINT('Ctrl Pts',(6.60000000000001,1.47023063446906,-1.02313765376798));
#2853=CARTESIAN_POINT('Ctrl Pts',(6.5870902473072,1.5464238576807,-1.09272587156829));
#2854=CARTESIAN_POINT('Ctrl Pts',(6.52994953004783,1.69200759170074,-1.22412217252921));
#2855=CARTESIAN_POINT('Ctrl Pts',(6.48576016962799,1.76141630800357,-1.28592817306082));
#2856=CARTESIAN_POINT('Ctrl Pts',(6.39056437399263,1.85878938495421,-1.36912687426074));
#2857=CARTESIAN_POINT('Ctrl Pts',(6.34124144013788,1.89769824365577,-1.40120923391095));
#2858=CARTESIAN_POINT('Ctrl Pts',(6.22781866243424,1.95879151003836,-1.44624859534057));
#2859=CARTESIAN_POINT('Ctrl Pts',(6.16358531668398,1.98086009812322,-1.45902614922365));
#2860=CARTESIAN_POINT('Ctrl Pts',(6.0965673314774,1.99218820519135,-1.45902614922365));
#2861=CARTESIAN_POINT('Ctrl Pts',(6.09312198374332,1.99273983823551,-1.45899079275608));
#2862=CARTESIAN_POINT('Ctrl Pts',(6.08966557169068,1.99326223986816,-1.4589193374064));
#2863=CARTESIAN_POINT('',(6.60000000000001,1.4,-2.6829343741077));
#2864=CARTESIAN_POINT('',(6.60000000000001,1.4,-1.30977577185809));
#2865=CARTESIAN_POINT('',(6.42472096843395,1.82380667641336,-2.48446807036903));
#2866=CARTESIAN_POINT('Ctrl Pts',(6.42472096843395,1.82380667641336,-2.48446807036904));
#2867=CARTESIAN_POINT('Ctrl Pts',(6.44494524165813,1.8035387727023,-2.4869872064166));
#2868=CARTESIAN_POINT('Ctrl Pts',(6.46422831377948,1.78121740459902,-2.49262493348606));
#2869=CARTESIAN_POINT('Ctrl Pts',(6.50577148204755,1.72535215781018,-2.51106860658375));
#2870=CARTESIAN_POINT('Ctrl Pts',(6.52600737873925,1.69085298970471,-2.52609904037232));
#2871=CARTESIAN_POINT('Ctrl Pts',(6.57909593559454,1.57969424111272,-2.57918759722762));
#2872=CARTESIAN_POINT('Ctrl Pts',(6.60000000000001,1.48243859915536,-2.63533842669374));
#2873=CARTESIAN_POINT('Ctrl Pts',(6.60000000000001,1.4,-2.6829343741077));
#2874=CARTESIAN_POINT('',(6.00000000000001,2.,-2.45796833227381));
#2875=CARTESIAN_POINT('Ctrl Pts',(6.00000000000001,2.,-2.45796833227381));
#2876=CARTESIAN_POINT('Ctrl Pts',(6.07550322999029,2.,-2.4580214305709));
#2877=CARTESIAN_POINT('Ctrl Pts',(6.15593339824693,1.9848790541601,-2.46080365658119));
#2878=CARTESIAN_POINT('Ctrl Pts',(6.30371576620858,1.9235985710608,-2.47075826792908));
#2879=CARTESIAN_POINT('Ctrl Pts',(6.37108065271869,1.87744748470517,-2.47779385767154));
#2880=CARTESIAN_POINT('Ctrl Pts',(6.42441642145825,1.82411171596561,-2.48443014628517));
#2881=CARTESIAN_POINT('Ctrl Pts',(6.42456872146069,1.82395925183399,-2.48444910648171));
#2882=CARTESIAN_POINT('Ctrl Pts',(6.42472096843395,1.82380667641336,-2.48446807036903));
#2883=CARTESIAN_POINT('',(6.00000000000001,2.,-1.4579681404787));
#2884=CARTESIAN_POINT('',(6.00000000000001,2.,-1.30977577185808));
#2885=CARTESIAN_POINT('Ctrl Pts',(6.08966557169068,1.99326223986816,-1.4589193374064));
#2886=CARTESIAN_POINT('Ctrl Pts',(6.05947785939217,1.9978248064692,-1.45829525873667));
#2887=CARTESIAN_POINT('Ctrl Pts',(6.0293543653986,2.,-1.45798415117033));
#2888=CARTESIAN_POINT('Ctrl Pts',(6.00000000000001,2.,-1.4579681404787));
#2889=CARTESIAN_POINT('Origin',(0.00621491712461508,2.,-2.61955154371615));
#2890=CARTESIAN_POINT('',(4.54352584051509,2.,-2.77875583819318));
#2891=CARTESIAN_POINT('Origin',(5.99756969277562,2.,-5.91374856233339));
#2892=CARTESIAN_POINT('',(4.04127865018519,2.,-2.99640943678538));
#2893=CARTESIAN_POINT('Origin',(0.,2.,7.01736256658427));
#2894=CARTESIAN_POINT('',(4.03257476014346,2.,-3.54913442324422));
#2895=CARTESIAN_POINT('Origin',(4.15355200294776,2.,-3.27460845594154));
#2896=CARTESIAN_POINT('',(0.895238600985535,2.,-2.74015322169535));
#2897=CARTESIAN_POINT('Origin',(1.54074395550979E-32,2.,-12.7));
#2898=CARTESIAN_POINT('',(4.12276601870899,2.,-1.87158376389827));
#2899=CARTESIAN_POINT('Origin',(0.,2.,7.01736256658427));
#2900=CARTESIAN_POINT('Origin',(5.99756969277561,2.,-5.91374856233306));
#2901=CARTESIAN_POINT('Origin',(6.00000000000001,22.6,-1.30977577185808));
#2902=CARTESIAN_POINT('',(6.60000000000001,22.6,-2.6829343741077));
#2903=CARTESIAN_POINT('',(6.42472096843394,22.1761933235866,-2.48446807036903));
#2904=CARTESIAN_POINT('Ctrl Pts',(6.60000000000001,22.6,-2.6829343741077));
#2905=CARTESIAN_POINT('Ctrl Pts',(6.60000000000001,22.5175614008446,-2.63533842669374));
#2906=CARTESIAN_POINT('Ctrl Pts',(6.57909593559454,22.4203057588873,-2.57918759722762));
#2907=CARTESIAN_POINT('Ctrl Pts',(6.52600737873925,22.3091470102953,-2.52609904037232));
#2908=CARTESIAN_POINT('Ctrl Pts',(6.50577148204754,22.2746478421898,-2.51106860658375));
#2909=CARTESIAN_POINT('Ctrl Pts',(6.46422831377947,22.218782595401,-2.49262493348606));
#2910=CARTESIAN_POINT('Ctrl Pts',(6.44494524165813,22.1964612272977,-2.4869872064166));
#2911=CARTESIAN_POINT('Ctrl Pts',(6.42472096843394,22.1761933235866,-2.48446807036903));
#2912=CARTESIAN_POINT('',(6.60000000000001,22.6,-0.959026149223648));
#2913=CARTESIAN_POINT('',(6.60000000000001,22.6,-1.30977577185809));
#2914=CARTESIAN_POINT('',(6.08966557169044,22.0067377601318,-1.4589193374064));
#2915=CARTESIAN_POINT('Ctrl Pts',(6.08966557169044,22.0067377601318,-1.4589193374064));
#2916=CARTESIAN_POINT('Ctrl Pts',(6.09312198374317,22.0072601617645,-1.45899079275608));
#2917=CARTESIAN_POINT('Ctrl Pts',(6.09656733147732,22.0078117948086,-1.45902614922365));
#2918=CARTESIAN_POINT('Ctrl Pts',(6.16358531668398,22.0191399018768,-1.45902614922365));
#2919=CARTESIAN_POINT('Ctrl Pts',(6.22781866243424,22.0412084899616,-1.44624859534057));
#2920=CARTESIAN_POINT('Ctrl Pts',(6.34124144013789,22.1023017563442,-1.40120923391095));
#2921=CARTESIAN_POINT('Ctrl Pts',(6.39056437399263,22.1412106150458,-1.36912687426074));
#2922=CARTESIAN_POINT('Ctrl Pts',(6.48576016962799,22.2385836919964,-1.28592817306082));
#2923=CARTESIAN_POINT('Ctrl Pts',(6.52994953004783,22.3079924082993,-1.22412217252921));
#2924=CARTESIAN_POINT('Ctrl Pts',(6.5870902473072,22.4535761423193,-1.0927258715683));
#2925=CARTESIAN_POINT('Ctrl Pts',(6.60000000000001,22.5297693655309,-1.02313765376798));
#2926=CARTESIAN_POINT('Ctrl Pts',(6.60000000000001,22.6,-0.959026149223648));
#2927=CARTESIAN_POINT('',(6.00000000000001,22.,-1.4579681404787));
#2928=CARTESIAN_POINT('Ctrl Pts',(6.00000000000001,22.,-1.4579681404787));
#2929=CARTESIAN_POINT('Ctrl Pts',(6.02935437683958,22.,-1.45798415117657));
#2930=CARTESIAN_POINT('Ctrl Pts',(6.05947786782959,22.002175194806,-1.4582952589111));
#2931=CARTESIAN_POINT('Ctrl Pts',(6.08966557169044,22.0067377601318,-1.4589193374064));
#2932=CARTESIAN_POINT('',(6.00000000000001,22.,-2.45796833227381));
#2933=CARTESIAN_POINT('',(6.00000000000001,22.,-1.30977577185808));
#2934=CARTESIAN_POINT('Ctrl Pts',(6.42472096843341,22.1761933235861,-2.48446807036897));
#2935=CARTESIAN_POINT('Ctrl Pts',(6.42456872146034,22.1760407481657,-2.48444910648167));
#2936=CARTESIAN_POINT('Ctrl Pts',(6.42441642145808,22.1758882840342,-2.48443014628515));
#2937=CARTESIAN_POINT('Ctrl Pts',(6.37108065271869,22.1225525152948,-2.47779385767154));
#2938=CARTESIAN_POINT('Ctrl Pts',(6.30371576620859,22.0764014289392,-2.47075826792908));
#2939=CARTESIAN_POINT('Ctrl Pts',(6.15593339824693,22.0151209458399,-2.46080365658119));
#2940=CARTESIAN_POINT('Ctrl Pts',(6.07550322999029,22.,-2.4580214305709));
#2941=CARTESIAN_POINT('Ctrl Pts',(6.00000000000001,22.,-2.45796833227381));
#2942=CARTESIAN_POINT('Origin',(0.00621491712461508,22.,-2.61955154371615));
#2943=CARTESIAN_POINT('',(4.12276601870899,22.,-1.87158376389827));
#2944=CARTESIAN_POINT('Origin',(5.99756969277561,22.,-5.91374856233306));
#2945=CARTESIAN_POINT('',(0.895238600985535,22.,-2.74015322169535));
#2946=CARTESIAN_POINT('Origin',(0.,22.,7.01736256658427));
#2947=CARTESIAN_POINT('',(4.03257476014346,22.,-3.54913442324422));
#2948=CARTESIAN_POINT('Origin',(1.54074395550979E-32,22.,-12.7));
#2949=CARTESIAN_POINT('',(4.04127865018519,22.,-2.99640943678538));
#2950=CARTESIAN_POINT('Origin',(4.15355200294776,22.,-3.27460845594154));
#2951=CARTESIAN_POINT('',(4.54352584051509,22.,-2.77875583819318));
#2952=CARTESIAN_POINT('Origin',(0.,22.,7.01736256658427));
#2953=CARTESIAN_POINT('Origin',(5.99756969277562,22.,-5.91374856233339));
#2954=CARTESIAN_POINT('Origin',(-5.99999999999997,22.6,-3.15034123193783));
#2955=CARTESIAN_POINT('',(-6.59999999999997,22.6,-0.959026149261818));
#2956=CARTESIAN_POINT('',(-6.08966557169033,22.0067377601318,-1.45891933744457));
#2957=CARTESIAN_POINT('Ctrl Pts',(-6.59999999999997,22.6,-0.959026149261818));
#2958=CARTESIAN_POINT('Ctrl Pts',(-6.59999999999997,22.5297693655309,-1.02313765380615));
#2959=CARTESIAN_POINT('Ctrl Pts',(-6.58709024730716,22.4535761423193,-1.09272587160646));
#2960=CARTESIAN_POINT('Ctrl Pts',(-6.52994953004778,22.3079924082993,-1.22412217256738));
#2961=CARTESIAN_POINT('Ctrl Pts',(-6.48576016962794,22.2385836919964,-1.28592817309899));
#2962=CARTESIAN_POINT('Ctrl Pts',(-6.39056437399258,22.1412106150458,-1.36912687429891));
#2963=CARTESIAN_POINT('Ctrl Pts',(-6.34124144013784,22.1023017563442,-1.40120923394912));
#2964=CARTESIAN_POINT('Ctrl Pts',(-6.2278186624342,22.0412084899616,-1.44624859537874));
#2965=CARTESIAN_POINT('Ctrl Pts',(-6.16358531668394,22.0191399018768,-1.45902614926182));
#2966=CARTESIAN_POINT('Ctrl Pts',(-6.09656682283941,22.0078117088331,-1.45902614926182));
#2967=CARTESIAN_POINT('Ctrl Pts',(-6.09312148986639,22.00726008712,-1.45899078258421));
#2968=CARTESIAN_POINT('Ctrl Pts',(-6.08966557169033,22.0067377601318,-1.45891933744457));
#2969=CARTESIAN_POINT('',(-6.59999999999997,22.6,-2.68293437412873));
#2970=CARTESIAN_POINT('',(-6.59999999999997,22.6,-3.15034123193783));
#2971=CARTESIAN_POINT('',(-6.42472096843422,22.176193323587,-2.4844680703901));
#2972=CARTESIAN_POINT('Ctrl Pts',(-6.42472096843422,22.176193323587,-2.4844680703901));
#2973=CARTESIAN_POINT('Ctrl Pts',(-6.44494524165829,22.1964612272979,-2.48698720643768));
#2974=CARTESIAN_POINT('Ctrl Pts',(-6.46422831377953,22.2187825954011,-2.49262493350713));
#2975=CARTESIAN_POINT('Ctrl Pts',(-6.5057714820475,22.2746478421898,-2.51106860660478));
#2976=CARTESIAN_POINT('Ctrl Pts',(-6.52600737873921,22.3091470102953,-2.52609904039335));
#2977=CARTESIAN_POINT('Ctrl Pts',(-6.5790959355945,22.4203057588873,-2.57918759724864));
#2978=CARTESIAN_POINT('Ctrl Pts',(-6.59999999999997,22.5175614008446,-2.63533842671477));
#2979=CARTESIAN_POINT('Ctrl Pts',(-6.59999999999997,22.6,-2.68293437412873));
#2980=CARTESIAN_POINT('',(-5.99999999999997,22.,-2.4579683322947));
#2981=CARTESIAN_POINT('Ctrl Pts',(-5.99999999999997,22.,-2.4579683322947));
#2982=CARTESIAN_POINT('Ctrl Pts',(-6.07550445061356,22.,-2.45802143145019));
#2983=CARTESIAN_POINT('Ctrl Pts',(-6.15593583197011,22.0151214303029,-2.4608037482408));
#2984=CARTESIAN_POINT('Ctrl Pts',(-6.30372004920997,22.0764037297046,-2.47075862875276));
#2985=CARTESIAN_POINT('Ctrl Pts',(-6.37108557270467,22.1225561476975,-2.47779438898148));
#2986=CARTESIAN_POINT('Ctrl Pts',(-6.42441984421165,22.1758917104972,-2.48443057241437));
#2987=CARTESIAN_POINT('Ctrl Pts',(-6.42457043224387,22.17604246264,-2.48444931959795));
#2988=CARTESIAN_POINT('Ctrl Pts',(-6.42472096843422,22.176193323587,-2.4844680703901));
#2989=CARTESIAN_POINT('',(-5.99999999999997,22.,-1.45796814051687));
#2990=CARTESIAN_POINT('',(-5.99999999999997,22.,-3.15034123193783));
#2991=CARTESIAN_POINT('Ctrl Pts',(-6.08966557169034,22.0067377601318,-1.45891933744457));
#2992=CARTESIAN_POINT('Ctrl Pts',(-6.05947786782951,22.002175194806,-1.45829525894927));
#2993=CARTESIAN_POINT('Ctrl Pts',(-6.02935437683951,22.,-1.45798415121474));
#2994=CARTESIAN_POINT('Ctrl Pts',(-5.99999999999997,22.,-1.45796814051687));
#2995=CARTESIAN_POINT('Origin',(0.00621491712461508,22.,-2.61955154371615));
#2996=CARTESIAN_POINT('',(-4.5435239520255,22.,-2.77875671409433));
#2997=CARTESIAN_POINT('Origin',(-5.99756969277575,22.,-5.91374856233315));
#2998=CARTESIAN_POINT('',(-4.04127865018519,22.,-2.99640943678538));
#2999=CARTESIAN_POINT('Origin',(0.,22.,7.01736256658427));
#3000=CARTESIAN_POINT('',(-4.03257476014346,22.,-3.54913442324422));
#3001=CARTESIAN_POINT('Origin',(-4.15355200294776,22.,-3.27460845594154));
#3002=CARTESIAN_POINT('',(-0.895238600985535,22.,-2.74015322169535));
#3003=CARTESIAN_POINT('Origin',(1.54074395550979E-32,22.,-12.7));
#3004=CARTESIAN_POINT('',(-4.1227679248814,22.,-1.87158287981409));
#3005=CARTESIAN_POINT('Origin',(0.,22.,7.01736256658427));
#3006=CARTESIAN_POINT('Origin',(-5.99756969277574,22.,-5.91374856233321));
#3007=CARTESIAN_POINT('Origin',(-5.99999999999997,1.4,-3.15034123193783));
#3008=CARTESIAN_POINT('',(-6.59999999999997,1.4,-2.68293437412873));
#3009=CARTESIAN_POINT('',(-6.42472096843406,1.82380667641321,-2.48446807039008));
#3010=CARTESIAN_POINT('Ctrl Pts',(-6.59999999999997,1.4,-2.68293437412873));
#3011=CARTESIAN_POINT('Ctrl Pts',(-6.59999999999997,1.48243859915536,-2.63533842671477));
#3012=CARTESIAN_POINT('Ctrl Pts',(-6.5790959355945,1.57969424111272,-2.57918759724864));
#3013=CARTESIAN_POINT('Ctrl Pts',(-6.52600737873921,1.69085298970471,-2.52609904039335));
#3014=CARTESIAN_POINT('Ctrl Pts',(-6.5057714820475,1.72535215781019,-2.51106860660478));
#3015=CARTESIAN_POINT('Ctrl Pts',(-6.46422831377948,1.78121740459896,-2.49262493350711));
#3016=CARTESIAN_POINT('Ctrl Pts',(-6.44494524165819,1.80353877270219,-2.48698720643765));
#3017=CARTESIAN_POINT('Ctrl Pts',(-6.42472096843406,1.82380667641321,-2.48446807039008));
#3018=CARTESIAN_POINT('',(-6.59999999999997,1.4,-0.959026149261818));
#3019=CARTESIAN_POINT('',(-6.59999999999997,1.4,-3.15034123193783));
#3020=CARTESIAN_POINT('',(-6.08966557169057,1.99326223986817,-1.45891933744457));
#3021=CARTESIAN_POINT('Ctrl Pts',(-6.08966557169057,1.99326223986817,-1.45891933744457));
#3022=CARTESIAN_POINT('Ctrl Pts',(-6.09312148986655,1.99273991287997,-1.45899078258421));
#3023=CARTESIAN_POINT('Ctrl Pts',(-6.09656682283948,1.99218829116685,-1.45902614926182));
#3024=CARTESIAN_POINT('Ctrl Pts',(-6.16358531668394,1.98086009812322,-1.45902614926182));
#3025=CARTESIAN_POINT('Ctrl Pts',(-6.2278186624342,1.95879151003836,-1.44624859537874));
#3026=CARTESIAN_POINT('Ctrl Pts',(-6.34124144013784,1.89769824365577,-1.40120923394912));
#3027=CARTESIAN_POINT('Ctrl Pts',(-6.39056437399258,1.85878938495421,-1.36912687429891));
#3028=CARTESIAN_POINT('Ctrl Pts',(-6.48576016962794,1.76141630800357,-1.28592817309899));
#3029=CARTESIAN_POINT('Ctrl Pts',(-6.52994953004778,1.69200759170074,-1.22412217256738));
#3030=CARTESIAN_POINT('Ctrl Pts',(-6.58709024730716,1.54642385768071,-1.09272587160646));
#3031=CARTESIAN_POINT('Ctrl Pts',(-6.59999999999997,1.47023063446906,-1.02313765380616));
#3032=CARTESIAN_POINT('Ctrl Pts',(-6.59999999999997,1.4,-0.959026149261818));
#3033=CARTESIAN_POINT('',(-5.99999999999997,2.,-1.45796814051687));
#3034=CARTESIAN_POINT('Ctrl Pts',(-5.99999999999997,2.,-1.45796814051687));
#3035=CARTESIAN_POINT('Ctrl Pts',(-6.02935436539854,2.,-1.4579841512085));
#3036=CARTESIAN_POINT('Ctrl Pts',(-6.05947785939208,1.9978248064692,-1.45829525877484));
#3037=CARTESIAN_POINT('Ctrl Pts',(-6.08966557169057,1.99326223986817,-1.45891933744457));
#3038=CARTESIAN_POINT('',(-5.99999999999997,2.,-2.4579683322947));
#3039=CARTESIAN_POINT('',(-5.99999999999997,2.,-3.15034123193783));
#3040=CARTESIAN_POINT('Ctrl Pts',(-6.42472096843353,1.82380667641374,-2.48446807039002));
#3041=CARTESIAN_POINT('Ctrl Pts',(-6.4245687214604,1.82395925183424,-2.48444910650271));
#3042=CARTESIAN_POINT('Ctrl Pts',(-6.42441642145809,1.82411171596574,-2.48443014630618));
#3043=CARTESIAN_POINT('Ctrl Pts',(-6.37108065271865,1.87744748470517,-2.47779385769253));
#3044=CARTESIAN_POINT('Ctrl Pts',(-6.30371576620855,1.9235985710608,-2.47075826795003));
#3045=CARTESIAN_POINT('Ctrl Pts',(-6.15593339824689,1.9848790541601,-2.46080365660209));
#3046=CARTESIAN_POINT('Ctrl Pts',(-6.07550322999025,2.,-2.45802143059178));
#3047=CARTESIAN_POINT('Ctrl Pts',(-5.99999999999997,2.,-2.4579683322947));
#3048=CARTESIAN_POINT('Origin',(0.00621491712461508,2.,-2.61955154371615));
#3049=CARTESIAN_POINT('',(-4.1227679248814,2.,-1.87158287981409));
#3050=CARTESIAN_POINT('Origin',(-5.99756969277574,2.,-5.91374856233321));
#3051=CARTESIAN_POINT('',(-0.895238600985535,2.,-2.74015322169535));
#3052=CARTESIAN_POINT('Origin',(0.,2.,7.01736256658427));
#3053=CARTESIAN_POINT('',(-4.03257476014346,2.,-3.54913442324422));
#3054=CARTESIAN_POINT('Origin',(1.54074395550979E-32,2.,-12.7));
#3055=CARTESIAN_POINT('',(-4.04127865018519,2.,-2.99640943678538));
#3056=CARTESIAN_POINT('Origin',(-4.15355200294776,2.,-3.27460845594154));
#3057=CARTESIAN_POINT('',(-4.5435239520255,2.,-2.77875671409433));
#3058=CARTESIAN_POINT('Origin',(0.,2.,7.01736256658427));
#3059=CARTESIAN_POINT('Origin',(-5.99756969277575,2.,-5.91374856233315));
#3060=CARTESIAN_POINT('Ctrl Pts',(-2.69400565627714,-0.749999999999997,
2.61519690420597));
#3061=CARTESIAN_POINT('Ctrl Pts',(-2.65419655927983,-0.749999999999997,
2.6986088470834));
#3062=CARTESIAN_POINT('Ctrl Pts',(-2.53612391724143,-0.749999999999997,
2.84800818944794));
#3063=CARTESIAN_POINT('Ctrl Pts',(-2.28133293266857,-0.749999999999997,
2.97356577785101));
#3064=CARTESIAN_POINT('Ctrl Pts',(-1.90010630210283,-0.749999999999997,
2.98010223595033));
#3065=CARTESIAN_POINT('Ctrl Pts',(-1.57836715281148,-0.749999999999997,
2.73561758788471));
#3066=CARTESIAN_POINT('Ctrl Pts',(-1.48404105153137,-0.749999999999997,
2.36065763750927));
#3067=CARTESIAN_POINT('Ctrl Pts',(-1.5221883381769,-0.749999999999997,2.17255649010554));
#3068=CARTESIAN_POINT('Ctrl Pts',(-1.56113283063552,-0.749999999999997,
2.08701892765315));
#3069=CARTESIAN_POINT('Ctrl Pts',(-2.79439602116549,-0.705890307468326,
2.66183597240949));
#3070=CARTESIAN_POINT('Ctrl Pts',(-2.74773745122321,-0.705961831317549,
2.76030175581887));
#3071=CARTESIAN_POINT('Ctrl Pts',(-2.60888179259072,-0.706080590852552,
2.93690185785337));
#3072=CARTESIAN_POINT('Ctrl Pts',(-2.30823382513989,-0.706144686335986,
3.08542030675975));
#3073=CARTESIAN_POINT('Ctrl Pts',(-1.85813268081509,-0.706063876078263,
3.09278087553175));
#3074=CARTESIAN_POINT('Ctrl Pts',(-1.47975655088354,-0.705757174082188,
2.80314779132437));
#3075=CARTESIAN_POINT('Ctrl Pts',(-1.37059986911988,-0.705380302227666,
2.36166851998321));
#3076=CARTESIAN_POINT('Ctrl Pts',(-1.41617284395476,-0.705213688137791,
2.1409516438249));
#3077=CARTESIAN_POINT('Ctrl Pts',(-1.46216276342601,-0.705142289196555,
2.04068380167498));
#3078=CARTESIAN_POINT('Ctrl Pts',(-2.97053498531043,-0.549847748896461,
2.74335634083649));
#3079=CARTESIAN_POINT('Ctrl Pts',(-2.91198967035479,-0.549919861194895,
2.86817088261553));
#3080=CARTESIAN_POINT('Ctrl Pts',(-2.73672474499566,-0.550038962424596,
3.09242864635505));
#3081=CARTESIAN_POINT('Ctrl Pts',(-2.35571934027342,-0.550102855711409,
3.28117873978345));
#3082=CARTESIAN_POINT('Ctrl Pts',(-1.78466632222132,-0.550016355234817,
3.28976059647842));
#3083=CARTESIAN_POINT('Ctrl Pts',(-1.30696610294735,-0.549695813893781,
2.9204349671253));
#3084=CARTESIAN_POINT('Ctrl Pts',(-1.17232543825883,-0.549319896181684,
2.36276677198071));
#3085=CARTESIAN_POINT('Ctrl Pts',(-1.23092271247803,-0.549154548155231,
2.0852480370345));
#3086=CARTESIAN_POINT('Ctrl Pts',(-1.28924795042533,-0.549085239326449,
1.95940999491256));
#3087=CARTESIAN_POINT('Ctrl Pts',(-3.03715617828407,-0.311785395513759,
2.77348469613246));
#3088=CARTESIAN_POINT('Ctrl Pts',(-2.97414623748909,-0.311668515451744,
2.90846309227936));
#3089=CARTESIAN_POINT('Ctrl Pts',(-2.78519918488293,-0.31147820162284,3.15121031038352));
#3090=CARTESIAN_POINT('Ctrl Pts',(-2.37336441070083,-0.311377712124954,
3.35562918865397));
#3091=CARTESIAN_POINT('Ctrl Pts',(-1.75597293091245,-0.31151094961961,3.36465349823245));
#3092=CARTESIAN_POINT('Ctrl Pts',(-1.24103181685778,-0.312018950849822,
2.9645382644231));
#3093=CARTESIAN_POINT('Ctrl Pts',(-1.0975120401747,-0.31265904112514,2.36255959042443));
#3094=CARTESIAN_POINT('Ctrl Pts',(-1.16144493680296,-0.312950732169258,
2.06370989384378));
#3095=CARTESIAN_POINT('Ctrl Pts',(-1.22453412815482,-0.313075293707088,
1.92826206061886));
#3096=CARTESIAN_POINT('Ctrl Pts',(-3.03733593548415,-0.192626207429405,
2.77309920557164));
#3097=CARTESIAN_POINT('Ctrl Pts',(-2.97438588281813,-0.192413531503593,
2.90809602958981));
#3098=CARTESIAN_POINT('Ctrl Pts',(-2.78542751077398,-0.192065874916851,
3.15091236904566));
#3099=CARTESIAN_POINT('Ctrl Pts',(-2.37350207597399,-0.191881486126519,
3.35539444832909));
#3100=CARTESIAN_POINT('Ctrl Pts',(-1.75583492597189,-0.192124715163258,
3.36429415103437));
#3101=CARTESIAN_POINT('Ctrl Pts',(-1.24081057687691,-0.193049176082266,
2.96374268914991));
#3102=CARTESIAN_POINT('Ctrl Pts',(-1.09762939673089,-0.194203058700837,
2.3618587751757));
#3103=CARTESIAN_POINT('Ctrl Pts',(-1.16161892040176,-0.194725296011972,
2.06318416656065));
#3104=CARTESIAN_POINT('Ctrl Pts',(-1.22472035188577,-0.194948081959656,
1.92786270251685));
#3105=CARTESIAN_POINT('',(-1.22472035188577,-0.194948081959287,1.92786270251685));
#3106=CARTESIAN_POINT('',(-1.56113283063552,-0.749999999999997,2.08701892765315));
#3107=CARTESIAN_POINT('Origin',(-1.76850502951385,-0.194948081959656,2.18143364796788));
#3108=CARTESIAN_POINT('',(-2.69400565627714,-0.749999999999997,2.61519690420598));
#3109=CARTESIAN_POINT('Origin',(-2.12995198876485,-0.749999999999997,2.34599723822191));
#3110=CARTESIAN_POINT('',(-3.03733593548415,-0.192626207431146,2.77309920557165));
#3111=CARTESIAN_POINT('Origin',(-2.4935512629532,-0.192626207429405,2.5195282491898));
#3112=CARTESIAN_POINT('',(-1.70612064928948,-0.19233767098886,3.25571771926384));
#3113=CARTESIAN_POINT('Ctrl Pts',(-3.03733593548415,-0.192626207429405,
2.77309920557165));
#3114=CARTESIAN_POINT('Ctrl Pts',(-2.97438588281813,-0.192413531503593,
2.90809602958982));
#3115=CARTESIAN_POINT('Ctrl Pts',(-2.87990669679605,-0.192239703210222,
3.02950419931774));
#3116=CARTESIAN_POINT('Ctrl Pts',(-2.76401286465168,-0.192122057598481,
3.12428863072894));
#3117=CARTESIAN_POINT('Ctrl Pts',(-2.64811903250732,-0.192004411986741,
3.21907306214014));
#3118=CARTESIAN_POINT('Ctrl Pts',(-2.51081055424065,-0.19194294905663,3.28723375523462));
#3119=CARTESIAN_POINT('Ctrl Pts',(-2.36494792135706,-0.191942621221167,
3.32242656462001));
#3120=CARTESIAN_POINT('Ctrl Pts',(-2.21908528847346,-0.191942293385704,
3.35761937400541));
#3121=CARTESIAN_POINT('Ctrl Pts',(-2.06466850097294,-0.192003100644889,
3.35984429968173));
#3122=CARTESIAN_POINT('Ctrl Pts',(-1.91880528021467,-0.192120677227596,
3.32794829497557));
#3123=CARTESIAN_POINT('Ctrl Pts',(-1.84538731299899,-0.19217985755866,3.31189394065887));
#3124=CARTESIAN_POINT('Ctrl Pts',(-1.77413635302226,-0.192253420139694,
3.28719520378614));
#3125=CARTESIAN_POINT('Ctrl Pts',(-1.70648272313879,-0.192338964400317,
3.25495786646704));
#3126=CARTESIAN_POINT('Ctrl Pts',(-1.70627332582446,-0.192339229224392,
3.2548580579128));
#3127=CARTESIAN_POINT('Ctrl Pts',(-1.5051969930513,-0.192593580480488,3.1589872947376));
#3128=CARTESIAN_POINT('Ctrl Pts',(-1.22277498646737,-0.193194523077367,
2.88792733593478));
#3129=CARTESIAN_POINT('Ctrl Pts',(-1.09762939673089,-0.194203058700837,
2.3618587751757));
#3130=CARTESIAN_POINT('Ctrl Pts',(-1.16161892040176,-0.194725296011972,
2.06318416656065));
#3131=CARTESIAN_POINT('Ctrl Pts',(-1.22472035188577,-0.194948081959656,
1.92786270251685));
#3132=CARTESIAN_POINT('Ctrl Pts',(-1.56113283063552,-0.749999999999997,
2.08701892765315));
#3133=CARTESIAN_POINT('Ctrl Pts',(-1.63012760443184,-0.749999999999997,
1.93547902046959));
#3134=CARTESIAN_POINT('Ctrl Pts',(-1.75644041524182,-0.749999999999997,
1.83457113300066));
#3135=CARTESIAN_POINT('Ctrl Pts',(-1.84760756835564,-0.749999999999997,
1.78840722014071));
#3136=CARTESIAN_POINT('Ctrl Pts',(-1.46216276456986,-0.70514228920369,2.04068379920457));
#3137=CARTESIAN_POINT('Ctrl Pts',(-1.5294413304973,-0.704926049036262,1.89371315955294));
#3138=CARTESIAN_POINT('Ctrl Pts',(-1.63940893725206,-0.714714376111632,
1.78595830943746));
#3139=CARTESIAN_POINT('Ctrl Pts',(-1.71998459532375,-0.727944705344901,
1.73196486010045));
#3140=CARTESIAN_POINT('Ctrl Pts',(-1.28919261503278,-0.549126130825209,
1.95938435089426));
#3141=CARTESIAN_POINT('Ctrl Pts',(-1.34995427482408,-0.548852608611183,
1.82826762012811));
#3142=CARTESIAN_POINT('Ctrl Pts',(-1.4214479365198,-0.561727488770268,1.71287091394197));
#3143=CARTESIAN_POINT('Ctrl Pts',(-1.47461965178219,-0.582100774791123,
1.63784491511776));
#3144=CARTESIAN_POINT('Ctrl Pts',(-1.22453413311549,-0.313075293711185,
1.92826204995846));
#3145=CARTESIAN_POINT('Ctrl Pts',(-1.27471611526604,-0.313244826911775,
1.8206552265892));
#3146=CARTESIAN_POINT('Ctrl Pts',(-1.3234281074137,-0.304127623745881,1.71677715917684));
#3147=CARTESIAN_POINT('Ctrl Pts',(-1.36552342647993,-0.302299895665881,
1.62590953462065));
#3148=CARTESIAN_POINT('Ctrl Pts',(-1.22472035729186,-0.194948081959656,
1.92786269092346));
#3149=CARTESIAN_POINT('Ctrl Pts',(-1.26943701853462,-0.195342774537745,
1.83196750142628));
#3150=CARTESIAN_POINT('Ctrl Pts',(-1.31368640720401,-0.175371209897726,
1.73707438119645));
#3151=CARTESIAN_POINT('Ctrl Pts',(-1.35805225261923,-0.162131151421572,
1.64193151866926));
#3152=CARTESIAN_POINT('',(-1.35805223786505,-0.162131160227723,1.64193155030969));
#3153=CARTESIAN_POINT('',(-1.63616271959328,-0.749999999999997,1.96285606626175));
#3154=CARTESIAN_POINT('Ctrl Pts',(-1.35805225261923,-0.162131151421572,
1.64193151866926));
#3155=CARTESIAN_POINT('Ctrl Pts',(-1.35805225261923,-0.229041585637139,
1.64193151866926));
#3156=CARTESIAN_POINT('Ctrl Pts',(-1.36525637056026,-0.294911578199941,
1.6524567445754));
#3157=CARTESIAN_POINT('Ctrl Pts',(-1.39423580836914,-0.427971830656916,
1.69256292594678));
#3158=CARTESIAN_POINT('Ctrl Pts',(-1.41759317846093,-0.493624971164341,
1.72405839848079));
#3159=CARTESIAN_POINT('Ctrl Pts',(-1.47143017028325,-0.595411305461097,
1.79029033862029));
#3160=CARTESIAN_POINT('Ctrl Pts',(-1.49911306235548,-0.635054434860813,
1.82269950091565));
#3161=CARTESIAN_POINT('Ctrl Pts',(-1.56221108873386,-0.702033143839841,
1.89100364684575));
#3162=CARTESIAN_POINT('Ctrl Pts',(-1.59739537613312,-0.72944320963811,1.92671283285122));
#3163=CARTESIAN_POINT('Ctrl Pts',(-1.63616271959328,-0.749999999999997,
1.96285606626175));
#3164=CARTESIAN_POINT('Origin',(-2.12995198876485,-0.749999999999997,2.34599723822191));
#3165=CARTESIAN_POINT('Ctrl Pts',(-1.22472035729186,-0.194948081959656,
1.92786269092346));
#3166=CARTESIAN_POINT('Ctrl Pts',(-1.26943701350006,-0.195342774493308,
1.83196751222293));
#3167=CARTESIAN_POINT('Ctrl Pts',(-1.31368639724011,-0.175371214394844,
1.73707440256411));
#3168=CARTESIAN_POINT('Ctrl Pts',(-1.35805223763404,-0.162131155893589,
1.6419315508051));
#3169=CARTESIAN_POINT('Ctrl Pts',(-2.74089408870577,-0.749999999999997,
2.21418392129309));
#3170=CARTESIAN_POINT('Ctrl Pts',(-2.76225914806289,-0.749999999999997,
2.31320892523898));
#3171=CARTESIAN_POINT('Ctrl Pts',(-2.76319625195201,-0.749999999999997,
2.47022195000199));
#3172=CARTESIAN_POINT('Ctrl Pts',(-2.69400565627714,-0.749999999999997,
2.61519690420598));
#3173=CARTESIAN_POINT('Ctrl Pts',(-2.8660572476911,-0.72778714786896,2.27555534626792));
#3174=CARTESIAN_POINT('Ctrl Pts',(-2.87503197793619,-0.7149655062241,2.37149098856353));
#3175=CARTESIAN_POINT('Ctrl Pts',(-2.86137189334105,-0.705680484546156,
2.52077094459999));
#3176=CARTESIAN_POINT('Ctrl Pts',(-2.79439602109907,-0.705890307467929,
2.66183597255097));
#3177=CARTESIAN_POINT('Ctrl Pts',(-3.09570162004176,-0.581761102877592,
2.40240737198486));
#3178=CARTESIAN_POINT('Ctrl Pts',(-3.07216634762386,-0.561976135218957,
2.49067375453687));
#3179=CARTESIAN_POINT('Ctrl Pts',(-3.03009017498973,-0.549609631840232,
2.61652587464315));
#3180=CARTESIAN_POINT('Ctrl Pts',(-2.97057653099546,-0.549878863342707,
2.74337583696991));
#3181=CARTESIAN_POINT('Ctrl Pts',(-3.17524386002746,-0.302105048000319,
2.47735470699541));
#3182=CARTESIAN_POINT('Ctrl Pts',(-3.13337321303285,-0.303721663949664,
2.56657197912214));
#3183=CARTESIAN_POINT('Ctrl Pts',(-3.08607740986751,-0.311939699636521,
2.66856423250121));
#3184=CARTESIAN_POINT('Ctrl Pts',(-3.03715617799909,-0.311785395513534,
2.77348469674238));
#3185=CARTESIAN_POINT('Ctrl Pts',(-3.16797947131937,-0.161997171803878,
2.49293323885319));
#3186=CARTESIAN_POINT('Ctrl Pts',(-3.12451158233499,-0.174615695719051,
2.58615042760012));
#3187=CARTESIAN_POINT('Ctrl Pts',(-3.08110032052012,-0.1929958508803,2.67924617899017));
#3188=CARTESIAN_POINT('Ctrl Pts',(-3.03733593517519,-0.192626207429409,
2.77309920623422));
#3189=CARTESIAN_POINT('',(-3.16797947131937,-0.161997171803874,2.49293323885319));
#3190=CARTESIAN_POINT('',(-2.73975234630736,-0.749999999999997,2.48299550076938));
#3191=CARTESIAN_POINT('Ctrl Pts',(-2.73975234630736,-0.749999999999997,
2.48299550076938));
#3192=CARTESIAN_POINT('Ctrl Pts',(-2.81219384730655,-0.722427796059987,
2.49250269866835));
#3193=CARTESIAN_POINT('Ctrl Pts',(-2.87969996621178,-0.681870921681382,
2.49725911416392));
#3194=CARTESIAN_POINT('Ctrl Pts',(-2.96877050907161,-0.60552702967755,2.49997842121207));
#3195=CARTESIAN_POINT('Ctrl Pts',(-2.99642780384271,-0.577441462935744,
2.50015386586526));
#3196=CARTESIAN_POINT('Ctrl Pts',(-3.06433563804476,-0.495598693937002,
2.49942411056561));
#3197=CARTESIAN_POINT('Ctrl Pts',(-3.09977395320257,-0.437553668776803,
2.49767045685632));
#3198=CARTESIAN_POINT('Ctrl Pts',(-3.15272707126806,-0.307539091596918,
2.49435269875736));
#3199=CARTESIAN_POINT('Ctrl Pts',(-3.16797947131935,-0.235415615855444,
2.49293323885322));
#3200=CARTESIAN_POINT('Ctrl Pts',(-3.16797947131935,-0.161997171803883,
2.49293323885322));
#3201=CARTESIAN_POINT('Ctrl Pts',(-3.16797947131937,-0.161997171803878,
2.49293323885319));
#3202=CARTESIAN_POINT('Ctrl Pts',(-3.12451158233499,-0.174615695719051,
2.58615042760012));
#3203=CARTESIAN_POINT('Ctrl Pts',(-3.08110032052012,-0.1929958508803,2.67924617899017));
#3204=CARTESIAN_POINT('Ctrl Pts',(-3.03733593517519,-0.192626207429409,
2.77309920623422));
#3205=CARTESIAN_POINT('Origin',(-2.12995198876485,-0.749999999999997,2.34599723822191));
#3206=CARTESIAN_POINT('Origin',(-2.08969551556569,26.,0.0729174779363828));
#3207=CARTESIAN_POINT('',(-1.2247203519899,25.7282470733366,1.92786270229354));
#3208=CARTESIAN_POINT('',(-1.2247203519899,26.,1.92786270229354));
#3209=CARTESIAN_POINT('',(-1.35805225261923,25.45,1.64193151866926));
#3210=CARTESIAN_POINT('Ctrl Pts',(-1.35805225261923,25.45,1.64193151866926));
#3211=CARTESIAN_POINT('Ctrl Pts',(-1.29572209807534,25.5774909642863,1.77559896644505));
#3212=CARTESIAN_POINT('Ctrl Pts',(-1.2247203519899,25.7282470733366,1.92786270229354));
#3213=CARTESIAN_POINT('',(-1.35805225261923,0.,1.64193151866926));
#3214=CARTESIAN_POINT('Origin',(-2.13102814793257,26.,2.35048094493523));
#3215=CARTESIAN_POINT('',(-3.03733593496922,25.7234058103423,2.77309920667593));
#3216=CARTESIAN_POINT('',(-3.03733593496922,26.,2.77309920667593));
#3217=CARTESIAN_POINT('',(-3.02436381860619,25.75,2.79987095317095));
#3218=CARTESIAN_POINT('Ctrl Pts',(-3.03733593496922,25.7234058103423,2.77309920667593));
#3219=CARTESIAN_POINT('Ctrl Pts',(-3.03315370339936,25.7323047409008,2.78206803122066));
#3220=CARTESIAN_POINT('Ctrl Pts',(-3.02882946426109,25.7411706123458,2.79099376301764));
#3221=CARTESIAN_POINT('Ctrl Pts',(-3.02436381860619,25.75,2.79987095317095));
#3222=CARTESIAN_POINT('',(-1.21469501535305,25.75,1.95006417438609));
#3223=CARTESIAN_POINT('Origin',(-2.13102814793257,25.75,2.35048094493523));
#3224=CARTESIAN_POINT('Ctrl Pts',(-1.21469501535305,25.75,1.95006417438609));
#3225=CARTESIAN_POINT('Ctrl Pts',(-1.2179519684226,25.7427728181945,1.94261080522577));
#3226=CARTESIAN_POINT('Ctrl Pts',(-1.22129443090384,25.7355212402312,1.93520961417595));
#3227=CARTESIAN_POINT('Ctrl Pts',(-1.2247203519899,25.7282470733366,1.92786270229354));
#3228=CARTESIAN_POINT('Ctrl Pts',(2.69747051483047,24.75,2.61461735852317));
#3229=CARTESIAN_POINT('Ctrl Pts',(2.43333410124254,24.75,3.18105972542107));
#3230=CARTESIAN_POINT('Ctrl Pts',(1.86689173434463,24.75,2.91692331183313));
#3231=CARTESIAN_POINT('Ctrl Pts',(1.30044936744672,24.75,2.6527868982452));
#3232=CARTESIAN_POINT('Ctrl Pts',(1.56458578103466,24.75,2.08634453134729));
#3233=CARTESIAN_POINT('Ctrl Pts',(3.03733593496922,24.5983050309458,2.77309920667593));
#3234=CARTESIAN_POINT('Ctrl Pts',(2.61471767322852,24.5983050309458,3.67940699371258));
#3235=CARTESIAN_POINT('Ctrl Pts',(1.70840988619187,24.5983050309458,3.25678873197188));
#3236=CARTESIAN_POINT('Ctrl Pts',(0.802102099155219,24.5983050309458,2.83417047023118));
#3237=CARTESIAN_POINT('Ctrl Pts',(1.22472036089592,24.5983050309458,1.92786268319453));
#3238=CARTESIAN_POINT('Ctrl Pts',(3.03733593496922,24.1937851134678,2.77309920667593));
#3239=CARTESIAN_POINT('Ctrl Pts',(2.61471767322852,24.1937851134678,3.67940699371258));
#3240=CARTESIAN_POINT('Ctrl Pts',(1.70840988619187,24.1937851134678,3.25678873197188));
#3241=CARTESIAN_POINT('Ctrl Pts',(0.80210209915522,24.1937851134678,2.83417047023118));
#3242=CARTESIAN_POINT('Ctrl Pts',(1.22472036089592,24.1937851134678,1.92786268319453));
#3243=CARTESIAN_POINT('',(2.69747051483047,24.75,2.61461735852317));
#3244=CARTESIAN_POINT('',(3.03733593496922,24.1937851134678,2.77309920667593));
#3245=CARTESIAN_POINT('Origin',(2.49355126274723,24.1937851134678,2.51952824963151));
#3246=CARTESIAN_POINT('',(1.22472036089592,24.1937851134678,1.92786268319453));
#3247=CARTESIAN_POINT('Origin',(2.13102814793257,24.1937851134678,2.35048094493523));
#3248=CARTESIAN_POINT('',(1.56458578103466,24.75,2.08634453134729));
#3249=CARTESIAN_POINT('Origin',(1.76850503311791,24.1937851134678,2.18143364023895));
#3250=CARTESIAN_POINT('Origin',(2.13102814793257,24.75,2.35048094493523));
#3251=CARTESIAN_POINT('Ctrl Pts',(2.7407428663301,24.75,2.21310204491992));
#3252=CARTESIAN_POINT('Ctrl Pts',(2.76286284055264,24.75,2.31127486369015));
#3253=CARTESIAN_POINT('Ctrl Pts',(2.76587638836004,24.75,2.4679204893355));
#3254=CARTESIAN_POINT('Ctrl Pts',(2.69747051483047,24.75,2.61461735852317));
#3255=CARTESIAN_POINT('Ctrl Pts',(2.86600809531637,24.72791443007,2.27454191169871));
#3256=CARTESIAN_POINT('Ctrl Pts',(2.87566165222717,24.7150113344156,2.36966340427379));
#3257=CARTESIAN_POINT('Ctrl Pts',(2.86359983580987,24.7055100167888,2.5185918932938));
#3258=CARTESIAN_POINT('Ctrl Pts',(2.79714822286733,24.7055100167888,2.66109783712809));
#3259=CARTESIAN_POINT('Ctrl Pts',(3.09567997293122,24.5818429102643,2.40166474680081));
#3260=CARTESIAN_POINT('Ctrl Pts',(3.07253793744287,24.5619454191595,2.48931339926479));
#3261=CARTESIAN_POINT('Ctrl Pts',(3.031136146487,24.5494178957248,2.61481824929852));
#3262=CARTESIAN_POINT('Ctrl Pts',(2.97161834319333,24.5494178957248,2.74245459035533));
#3263=CARTESIAN_POINT('Ctrl Pts',(3.17534021319549,24.302195295472,2.47714807695974));
#3264=CARTESIAN_POINT('Ctrl Pts',(3.13356524686122,24.30388133947,2.56615595360531));
#3265=CARTESIAN_POINT('Ctrl Pts',(3.08637133694043,24.3124250686978,2.66794244779869));
#3266=CARTESIAN_POINT('Ctrl Pts',(3.03733593496922,24.3124250686978,2.77309920667593));
#3267=CARTESIAN_POINT('Ctrl Pts',(3.16797947786924,24.1620144982678,2.49293322480693));
#3268=CARTESIAN_POINT('Ctrl Pts',(3.12450374210701,24.1747960357548,2.58616724102327));
#3269=CARTESIAN_POINT('Ctrl Pts',(3.08111569402814,24.1937851134678,2.67921321039582));
#3270=CARTESIAN_POINT('Ctrl Pts',(3.03733593496922,24.1937851134678,2.77309920667593));
#3271=CARTESIAN_POINT('',(3.16797947786924,24.1620144982678,2.49293322480694));
#3272=CARTESIAN_POINT('',(2.74176149289995,24.75,2.48325813177449));
#3273=CARTESIAN_POINT('Ctrl Pts',(2.74176149289995,24.75,2.48325813177449));
#3274=CARTESIAN_POINT('Ctrl Pts',(2.81375705470917,24.7222458544133,2.4926326181153));
#3275=CARTESIAN_POINT('Ctrl Pts',(2.88080555963326,24.6816543238156,2.49731367595191));
#3276=CARTESIAN_POINT('Ctrl Pts',(2.96930885790014,24.6054339023362,2.49998417442397));
#3277=CARTESIAN_POINT('Ctrl Pts',(2.99680816039361,24.577401944595,2.50015279389856));
#3278=CARTESIAN_POINT('Ctrl Pts',(3.06444681281447,24.4956542536007,2.49941767201098));
#3279=CARTESIAN_POINT('Ctrl Pts',(3.09979267421353,24.4376568988106,2.49766891091538));
#3280=CARTESIAN_POINT('Ctrl Pts',(3.15270845624181,24.3076689071034,2.49435424524857));
#3281=CARTESIAN_POINT('Ctrl Pts',(3.16797947786922,24.2354910903659,2.49293322480697));
#3282=CARTESIAN_POINT('Ctrl Pts',(3.16797947786922,24.1620144982678,2.49293322480697));
#3283=CARTESIAN_POINT('Ctrl Pts',(3.16797947786924,24.1620144982678,2.49293322480693));
#3284=CARTESIAN_POINT('Ctrl Pts',(3.12450374210701,24.1747960357548,2.58616724102327));
#3285=CARTESIAN_POINT('Ctrl Pts',(3.08111569402814,24.1937851134678,2.67921321039582));
#3286=CARTESIAN_POINT('Ctrl Pts',(3.03733593496922,24.1937851134678,2.77309920667593));
#3287=CARTESIAN_POINT('Origin',(2.13102814793257,24.75,2.35048094493523));
#3288=CARTESIAN_POINT('Ctrl Pts',(1.56458578103466,24.75,2.08634453134729));
#3289=CARTESIAN_POINT('Ctrl Pts',(1.63444549708185,24.75,1.93652988681927));
#3290=CARTESIAN_POINT('Ctrl Pts',(1.75949176679739,24.75,1.83781902550508));
#3291=CARTESIAN_POINT('Ctrl Pts',(1.84985047172479,24.75,1.79230165975672));
#3292=CARTESIAN_POINT('Ctrl Pts',(1.4649080729978,24.7055100167888,2.03986405274237));
#3293=CARTESIAN_POINT('Ctrl Pts',(1.53277199420095,24.7055100167888,1.89432940406931));
#3294=CARTESIAN_POINT('Ctrl Pts',(1.64172624738094,24.7154198615268,1.78858478479102));
#3295=CARTESIAN_POINT('Ctrl Pts',(1.72163040158016,24.7286990989338,1.73536830612224));
#3296=CARTESIAN_POINT('Ctrl Pts',(1.29043449496915,24.5494204679002,1.9585056871619));
#3297=CARTESIAN_POINT('Ctrl Pts',(1.35121724100119,24.5494204679002,1.8281566676486));
#3298=CARTESIAN_POINT('Ctrl Pts',(1.4221730116108,24.5624973127447,1.71418138194644));
#3299=CARTESIAN_POINT('Ctrl Pts',(1.47495516227723,24.5830960682462,1.63986846030097));
#3300=CARTESIAN_POINT('Ctrl Pts',(1.22472036089592,24.3124250686978,1.92786268319453));
#3301=CARTESIAN_POINT('Ctrl Pts',(1.27479792121664,24.3124250686978,1.82047100852451));
#3302=CARTESIAN_POINT('Ctrl Pts',(1.32329319614751,24.3035301436501,1.7170695465911));
#3303=CARTESIAN_POINT('Ctrl Pts',(1.36528793991399,24.3020956606406,1.626414537191));
#3304=CARTESIAN_POINT('Ctrl Pts',(1.22472036089592,24.1937851134678,1.92786268319453));
#3305=CARTESIAN_POINT('Ctrl Pts',(1.26943057916612,24.1937851134678,1.8319813106966));
#3306=CARTESIAN_POINT('Ctrl Pts',(1.31366289870501,24.1739989384129,1.73712479533524));
#3307=CARTESIAN_POINT('Ctrl Pts',(1.35805225638616,24.1612326422483,1.64193151059106));
#3308=CARTESIAN_POINT('',(1.35805225638615,24.1612326422483,1.64193151059106));
#3309=CARTESIAN_POINT('',(1.63881171233988,24.75,1.96532126307272));
#3310=CARTESIAN_POINT('Ctrl Pts',(1.35805225638605,24.1612326422484,1.64193151059129));
#3311=CARTESIAN_POINT('Ctrl Pts',(1.35805225638605,24.2281362006899,1.64193151059129));
#3312=CARTESIAN_POINT('Ctrl Pts',(1.36526226876291,24.2939802718306,1.65246590166086));
#3313=CARTESIAN_POINT('Ctrl Pts',(1.39426000595842,24.4268532312001,1.69259526927773));
#3314=CARTESIAN_POINT('Ctrl Pts',(1.41759483705647,24.4923307944956,1.72405690157346));
#3315=CARTESIAN_POINT('Ctrl Pts',(1.47165759226133,24.5944912597502,1.79057284589264));
#3316=CARTESIAN_POINT('Ctrl Pts',(1.49973123319463,24.6345495821391,1.82342425562018));
#3317=CARTESIAN_POINT('Ctrl Pts',(1.56375201635567,24.702019958167,1.8926151072186));
#3318=CARTESIAN_POINT('Ctrl Pts',(1.59945956175383,24.7295231616221,1.92876567126912));
#3319=CARTESIAN_POINT('Ctrl Pts',(1.63881171233988,24.75,1.96532126307271));
#3320=CARTESIAN_POINT('Origin',(2.13102814793257,24.75,2.35048094493523));
#3321=CARTESIAN_POINT('Ctrl Pts',(1.22472036089592,24.1937851134678,1.92786268319453));
#3322=CARTESIAN_POINT('Ctrl Pts',(1.26943057916612,24.1937851134678,1.8319813106966));
#3323=CARTESIAN_POINT('Ctrl Pts',(1.31366289870501,24.1739989384129,1.73712479533524));
#3324=CARTESIAN_POINT('Ctrl Pts',(1.35805225638616,24.1612326422483,1.64193151059106));
#3325=CARTESIAN_POINT('Origin',(1.22472036089592,26.,1.92786268319453));
#3326=CARTESIAN_POINT('',(1.22472036089592,-1.72824706288396,1.92786268319453));
#3327=CARTESIAN_POINT('',(1.22472036089592,26.,1.92786268319453));
#3328=CARTESIAN_POINT('',(1.35805225638605,-1.45,1.64193151059129));
#3329=CARTESIAN_POINT('Ctrl Pts',(1.35805225638605,-1.45,1.64193151059129));
#3330=CARTESIAN_POINT('Ctrl Pts',(1.29572210409235,-1.57749095992834,1.77559895354155));
#3331=CARTESIAN_POINT('Ctrl Pts',(1.22472036089592,-1.72824706288396,1.92786268319453));
#3332=CARTESIAN_POINT('',(1.35805225638605,0.,1.64193151059129));
#3333=CARTESIAN_POINT('Origin',(2.13102814793257,26.,2.35048094493523));
#3334=CARTESIAN_POINT('',(3.03733593496922,-1.72340582383465,2.77309920667593));
#3335=CARTESIAN_POINT('',(3.03733593496922,26.,2.77309920667593));
#3336=CARTESIAN_POINT('',(3.02436382543077,-1.75,2.79987093960448));
#3337=CARTESIAN_POINT('Ctrl Pts',(3.03733593496922,-1.72340582383465,2.77309920667593));
#3338=CARTESIAN_POINT('Ctrl Pts',(3.03315370552982,-1.73230474986042,2.78206802665188));
#3339=CARTESIAN_POINT('Ctrl Pts',(3.02882946866669,-1.74117061680628,2.790993753924));
#3340=CARTESIAN_POINT('Ctrl Pts',(3.02436382543077,-1.75,2.79987093960448));
#3341=CARTESIAN_POINT('',(1.21469501918701,-1.75,1.95006416561227));
#3342=CARTESIAN_POINT('Origin',(2.13102814793257,-1.75,2.35048094493523));
#3343=CARTESIAN_POINT('Ctrl Pts',(1.21469501918701,-1.75,1.95006416561227));
#3344=CARTESIAN_POINT('Ctrl Pts',(1.21795197386796,-1.74277281473153,1.94261079295884));
#3345=CARTESIAN_POINT('Ctrl Pts',(1.22129443804081,-1.73552123328332,1.93520959846644));
#3346=CARTESIAN_POINT('Ctrl Pts',(1.22472036089592,-1.72824706288396,1.92786268319453));
#3347=CARTESIAN_POINT('Origin',(2.13102814793257,25.6,2.35048094493523));
#3348=CARTESIAN_POINT('',(1.55996282719524,25.5999999999866,2.09649393847393));
#3349=CARTESIAN_POINT('',(1.11474764387659,26.,2.21706828783054));
#3350=CARTESIAN_POINT('Ctrl Pts',(1.55996282719251,25.5999999999795,2.09649393848006));
#3351=CARTESIAN_POINT('Ctrl Pts',(1.53399078586108,25.6607576653483,2.15488957187153));
#3352=CARTESIAN_POINT('Ctrl Pts',(1.50404003028665,25.7239360091422,2.21257080892749));
#3353=CARTESIAN_POINT('Ctrl Pts',(1.45174865604002,25.8096144708778,2.28064668628222));
#3354=CARTESIAN_POINT('Ctrl Pts',(1.42870748348628,25.8414841307488,2.30287266742799));
#3355=CARTESIAN_POINT('Ctrl Pts',(1.38189457043999,25.8913003668377,2.32804379642684));
#3356=CARTESIAN_POINT('Ctrl Pts',(1.35954408202824,25.9110667975165,2.33469035593886));
#3357=CARTESIAN_POINT('Ctrl Pts',(1.31167073488749,25.9442566058078,2.33606205393021));
#3358=CARTESIAN_POINT('Ctrl Pts',(1.28820620244422,25.957158451299,2.3319768488303));
#3359=CARTESIAN_POINT('Ctrl Pts',(1.23743483845681,25.9791967374671,2.31407741291159));
#3360=CARTESIAN_POINT('Ctrl Pts',(1.21112278296297,25.9871936168164,2.29949117144946));
#3361=CARTESIAN_POINT('Ctrl Pts',(1.16197120144695,25.9974394830033,2.2640809656185));
#3362=CARTESIAN_POINT('Ctrl Pts',(1.13783658120735,26.,2.24241874910952));
#3363=CARTESIAN_POINT('Ctrl Pts',(1.11474764387659,26.,2.21706828783054));
#3364=CARTESIAN_POINT('',(2.88273618109343,26.,3.04730232296652));
#3365=CARTESIAN_POINT('Origin',(2.13102814793257,26.,2.35048094493523));
#3366=CARTESIAN_POINT('',(2.69118126587432,25.5999999999866,2.62770555506235));
#3367=CARTESIAN_POINT('Ctrl Pts',(2.88273618109343,26.,3.04730232296651));
#3368=CARTESIAN_POINT('Ctrl Pts',(2.87663387306611,26.,3.04702140619704));
#3369=CARTESIAN_POINT('Ctrl Pts',(2.87059483634538,25.999918352776,3.04663968594004));
#3370=CARTESIAN_POINT('Ctrl Pts',(2.81987029940707,25.9985313616675,3.04255378179804));
#3371=CARTESIAN_POINT('Ctrl Pts',(2.77883390821971,25.9927310916702,3.03335432339756));
#3372=CARTESIAN_POINT('Ctrl Pts',(2.71695039165879,25.9741395862502,3.00837324321272));
#3373=CARTESIAN_POINT('Ctrl Pts',(2.69284370562227,25.9630669796528,2.99432028397936));
#3374=CARTESIAN_POINT('Ctrl Pts',(2.65555575814441,25.93523038606,2.96132275547828));
#3375=CARTESIAN_POINT('Ctrl Pts',(2.64251743537071,25.9199197144886,2.94394014888651));
#3376=CARTESIAN_POINT('Ctrl Pts',(2.62337033985482,25.8825736116997,2.90327794477521));
#3377=CARTESIAN_POINT('Ctrl Pts',(2.61924668923608,25.8608795673627,2.88062653246679));
#3378=CARTESIAN_POINT('Ctrl Pts',(2.61829637303658,25.8059648013854,2.82484562174587));
#3379=CARTESIAN_POINT('Ctrl Pts',(2.62599328018058,25.7678623076598,2.78750260444535));
#3380=CARTESIAN_POINT('Ctrl Pts',(2.653188346938,25.6862188957567,2.70917154183669));
#3381=CARTESIAN_POINT('Ctrl Pts',(2.67092761069231,25.6434088341353,2.66862958447309));
#3382=CARTESIAN_POINT('Ctrl Pts',(2.69118126587135,25.5999999999795,2.62770555506835));
#3383=CARTESIAN_POINT('Origin',(2.13102814793257,25.6,2.35048094493523));
#3384=CARTESIAN_POINT('Origin',(2.99999999999999,25.725,0.499999985831119));
#3385=CARTESIAN_POINT('',(1.63881171233988,25.45,1.96532126307272));
#3386=CARTESIAN_POINT('Ctrl Pts',(1.55996282719251,25.5999999999795,2.09649393848006));
#3387=CARTESIAN_POINT('Ctrl Pts',(1.58131311235828,25.5500542346485,2.0484898786809));
#3388=CARTESIAN_POINT('Ctrl Pts',(1.60827587841249,25.4993734170193,2.00434466048781));
#3389=CARTESIAN_POINT('Ctrl Pts',(1.63881171233988,25.45,1.96532126307272));
#3390=CARTESIAN_POINT('',(2.74176149289995,25.45,2.48325813177449));
#3391=CARTESIAN_POINT('Origin',(2.99999999999999,25.45,0.499999985831119));
#3392=CARTESIAN_POINT('Ctrl Pts',(2.74176149289995,25.45,2.48325813177449));
#3393=CARTESIAN_POINT('Ctrl Pts',(2.73123478847683,25.4993734170192,2.53167766495528));
#3394=CARTESIAN_POINT('Ctrl Pts',(2.71448491657348,25.5500542346485,2.58061878094001));
#3395=CARTESIAN_POINT('Ctrl Pts',(2.69118126587135,25.5999999999795,2.62770555506835));
#3396=CARTESIAN_POINT('',(0.976808477779624,26.,-1.05215853198065));
#3397=CARTESIAN_POINT('Origin',(2.99999999999999,26.,0.499999985831119));
#3398=CARTESIAN_POINT('',(0.849853603397118,25.95,-0.775488341506958));
#3399=CARTESIAN_POINT('Ctrl Pts',(0.849853603347533,25.9500000000002,-0.775488341422913));
#3400=CARTESIAN_POINT('Ctrl Pts',(0.85252730659443,25.9500000000004,-0.77999551979205));
#3401=CARTESIAN_POINT('Ctrl Pts',(0.855174004062298,25.9500456890233,-0.784517744284977));
#3402=CARTESIAN_POINT('Ctrl Pts',(0.857794385860782,25.9501370422863,-0.789055118222872));
#3403=CARTESIAN_POINT('Ctrl Pts',(0.862382090590439,25.9502969814971,-0.796999049098573));
#3404=CARTESIAN_POINT('Ctrl Pts',(0.866885674979279,25.9505967701205,-0.804983360530572));
#3405=CARTESIAN_POINT('Ctrl Pts',(0.871308772358433,25.9510356353496,-0.813008589081419));
#3406=CARTESIAN_POINT('Ctrl Pts',(0.879849909476197,25.9518830976089,-0.828505552312936));
#3407=CARTESIAN_POINT('Ctrl Pts',(0.888071609004726,25.9532471998718,-0.844118991792436));
#3408=CARTESIAN_POINT('Ctrl Pts',(0.895997611086318,25.9551150653288,-0.859852034121061));
#3409=CARTESIAN_POINT('Ctrl Pts',(0.907399569895589,25.9578020851885,-0.882484819064697));
#3410=CARTESIAN_POINT('Ctrl Pts',(0.918124267677607,25.9615164185247,-0.90523051960834));
#3411=CARTESIAN_POINT('Ctrl Pts',(0.928231957291873,25.9661811191134,-0.928094610526886));
#3412=CARTESIAN_POINT('Ctrl Pts',(0.933821927407703,25.9687608913348,-0.940739397796559));
#3413=CARTESIAN_POINT('Ctrl Pts',(0.939222267638082,25.9716313378601,-0.953419880927412));
#3414=CARTESIAN_POINT('Ctrl Pts',(0.944438662069562,25.9747794432125,-0.966131945022947));
#3415=CARTESIAN_POINT('Ctrl Pts',(0.953791575581287,25.9804239468009,-0.988924476838317));
#3416=CARTESIAN_POINT('Ctrl Pts',(0.962514998221529,25.9869370195286,-1.01172635662389));
#3417=CARTESIAN_POINT('Ctrl Pts',(0.970638028530395,25.9942139766249,-1.03451541067049));
#3418=CARTESIAN_POINT('Ctrl Pts',(0.972734800106886,25.9960923540559,-1.0403978755836));
#3419=CARTESIAN_POINT('Ctrl Pts',(0.974791482607794,25.9980216286664,-1.04627922627318));
#3420=CARTESIAN_POINT('Ctrl Pts',(0.976808477779624,26.,-1.05215853198066));
#3421=CARTESIAN_POINT('',(0.61117910538378,25.95,1.23724806717485));
#3422=CARTESIAN_POINT('Origin',(2.99999999999999,25.95,0.499999985831119));
#3423=CARTESIAN_POINT('',(0.669906705186546,26.,1.53593687689602));
#3424=CARTESIAN_POINT('Ctrl Pts',(0.669906704455167,26.,1.53593687672516));
#3425=CARTESIAN_POINT('Ctrl Pts',(0.667659635679978,25.9924141665431,1.51220979891714));
#3426=CARTESIAN_POINT('Ctrl Pts',(0.664852858772135,25.9855551074966,1.48835132923291));
#3427=CARTESIAN_POINT('Ctrl Pts',(0.661458299060092,25.979520234258,1.46438731285863));
#3428=CARTESIAN_POINT('Ctrl Pts',(0.658763008588674,25.9747285270218,1.44535981283813));
#3429=CARTESIAN_POINT('Ctrl Pts',(0.655697975888988,25.9704564200683,1.42626480990065));
#3430=CARTESIAN_POINT('Ctrl Pts',(0.652244160316058,25.9667526747953,1.40709212544196));
#3431=CARTESIAN_POINT('Ctrl Pts',(0.647487498579894,25.9616518050328,1.38068713287114));
#3432=CARTESIAN_POINT('Ctrl Pts',(0.642034142876732,25.9576746895641,1.35429234265029));
#3433=CARTESIAN_POINT('Ctrl Pts',(0.635817797875902,25.9548781079046,1.32796772207918));
#3434=CARTESIAN_POINT('Ctrl Pts',(0.629189401373648,25.9518961543471,1.29989816948945));
#3435=CARTESIAN_POINT('Ctrl Pts',(0.621696121117604,25.9502564253132,1.27190752459133));
#3436=CARTESIAN_POINT('Ctrl Pts',(0.613247597476339,25.9500277561955,1.24401344916058));
#3437=CARTESIAN_POINT('Ctrl Pts',(0.61256438294359,25.9500092641996,1.24175771330411));
#3438=CARTESIAN_POINT('Ctrl Pts',(0.611874904728545,25.95,1.23950258645445));
#3439=CARTESIAN_POINT('Ctrl Pts',(0.611179105383781,25.95,1.23724806717485));
#3440=CARTESIAN_POINT('Origin',(2.99999999999999,26.,0.499999985831119));
#3441=CARTESIAN_POINT('Origin',(2.13102814793257,-2.,2.35048094493523));
#3442=CARTESIAN_POINT('',(2.74176149289995,-2.,2.48325813177449));
#3443=CARTESIAN_POINT('',(1.63881171233988,-2.,1.96532126307272));
#3444=CARTESIAN_POINT('Origin',(-2.12995198876485,-1.6,2.34599723822191));
#3445=CARTESIAN_POINT('',(-1.55777713170805,-1.59999999998825,2.09451973832971));
#3446=CARTESIAN_POINT('',(-1.11329640759693,-2.,2.21547356496638));
#3447=CARTESIAN_POINT('Ctrl Pts',(-1.55777713170569,-1.59999999998207,2.09451973833508));
#3448=CARTESIAN_POINT('Ctrl Pts',(-1.53260644037063,-1.65935785428961,2.15178942140758));
#3449=CARTESIAN_POINT('Ctrl Pts',(-1.50376193998413,-1.72078748820237,2.20814619206735));
#3450=CARTESIAN_POINT('Ctrl Pts',(-1.45238528811353,-1.80673697547202,2.27738738183038));
#3451=CARTESIAN_POINT('Ctrl Pts',(-1.42879743504737,-1.83991807952804,2.30087435474942));
#3452=CARTESIAN_POINT('Ctrl Pts',(-1.38129127288928,-1.89075731861722,2.32678338123471));
#3453=CARTESIAN_POINT('Ctrl Pts',(-1.35908814192573,-1.91050075542053,2.33352126826873));
#3454=CARTESIAN_POINT('Ctrl Pts',(-1.31146999766909,-1.94369181514026,2.33510859553422));
#3455=CARTESIAN_POINT('Ctrl Pts',(-1.28811231300831,-1.95661212806259,2.33113942000274));
#3456=CARTESIAN_POINT('Ctrl Pts',(-1.23751505344072,-1.97873613991468,2.31351082215905));
#3457=CARTESIAN_POINT('Ctrl Pts',(-1.21126211339251,-1.98680085247314,2.29907367166697));
#3458=CARTESIAN_POINT('Ctrl Pts',(-1.1616005579555,-1.99733470453099,2.2635530776558));
#3459=CARTESIAN_POINT('Ctrl Pts',(-1.1369075675692,-2.,2.24144147332283));
#3460=CARTESIAN_POINT('Ctrl Pts',(-1.11329640759693,-2.,2.21547356496638));
#3461=CARTESIAN_POINT('',(-2.8777007624416,-2.,3.04706554549654));
#3462=CARTESIAN_POINT('Origin',(-2.12995198876485,-2.,2.34599723822191));
#3463=CARTESIAN_POINT('',(-2.68809104673789,-1.59999999998825,2.62725475717023));
#3464=CARTESIAN_POINT('Ctrl Pts',(-2.8777007624416,-2.,3.04706554549654));
#3465=CARTESIAN_POINT('Ctrl Pts',(-2.87148955708304,-2.,3.04676730987366));
#3466=CARTESIAN_POINT('Ctrl Pts',(-2.86534412688893,-1.99991592472955,3.04636527974682));
#3467=CARTESIAN_POINT('Ctrl Pts',(-2.81435647161561,-1.99850488901971,3.04213359419467));
#3468=CARTESIAN_POINT('Ctrl Pts',(-2.77321282651025,-1.9926771526065,3.03280429777767));
#3469=CARTESIAN_POINT('Ctrl Pts',(-2.71133015586482,-1.97405984965122,3.00765220198856));
#3470=CARTESIAN_POINT('Ctrl Pts',(-2.68725838772496,-1.96299682987733,2.99355532162512));
#3471=CARTESIAN_POINT('Ctrl Pts',(-2.65011652247596,-1.93521020556728,2.96053457223293));
#3472=CARTESIAN_POINT('Ctrl Pts',(-2.6371598759993,-1.91995014181881,2.94318099511965));
#3473=CARTESIAN_POINT('Ctrl Pts',(-2.61824447506782,-1.88279057506646,2.90268807865142));
#3474=CARTESIAN_POINT('Ctrl Pts',(-2.61422546796109,-1.8612574659172,2.88020074127493));
#3475=CARTESIAN_POINT('Ctrl Pts',(-2.61350281034104,-1.80675557410174,2.82485487762988));
#3476=CARTESIAN_POINT('Ctrl Pts',(-2.62131327544854,-1.76903764777778,2.78792394090261));
#3477=CARTESIAN_POINT('Ctrl Pts',(-2.64886744284614,-1.68752322823835,2.70981020865614));
#3478=CARTESIAN_POINT('Ctrl Pts',(-2.66720889811428,-1.64403046016048,2.66869415691788));
#3479=CARTESIAN_POINT('Ctrl Pts',(-2.68809104673525,-1.59999999998207,2.62725475717546));
#3480=CARTESIAN_POINT('Origin',(-2.12995198876485,-1.6,2.34599723822191));
#3481=CARTESIAN_POINT('Origin',(-3.,-1.725,0.499999999325291));
#3482=CARTESIAN_POINT('',(-1.63616271959328,-1.45,1.96285606626175));
#3483=CARTESIAN_POINT('Ctrl Pts',(-1.55777713170569,-1.59999999998207,2.09451973833508));
#3484=CARTESIAN_POINT('Ctrl Pts',(-1.57893539844771,-1.55010429795899,2.04637933510145));
#3485=CARTESIAN_POINT('Ctrl Pts',(-1.60573853345926,-1.49942643981583,2.00206651331289));
#3486=CARTESIAN_POINT('Ctrl Pts',(-1.63616271959328,-1.45,1.96285606626175));
#3487=CARTESIAN_POINT('',(-2.73975234630736,-1.45,2.48299550076938));
#3488=CARTESIAN_POINT('Origin',(-3.,-1.45,0.499999999325291));
#3489=CARTESIAN_POINT('Ctrl Pts',(-2.73975234630736,-1.45,2.48299550076938));
#3490=CARTESIAN_POINT('Ctrl Pts',(-2.72887369127152,-1.49942643981583,2.53141806910769));
#3491=CARTESIAN_POINT('Ctrl Pts',(-2.71175487992867,-1.55010429795899,2.58029526746766));
#3492=CARTESIAN_POINT('Ctrl Pts',(-2.68809104673525,-1.59999999998207,2.62725475717547));
#3493=CARTESIAN_POINT('',(-0.976808485920545,-2.,-1.05215852909791));
#3494=CARTESIAN_POINT('Origin',(-3.,-2.,0.499999999325291));
#3495=CARTESIAN_POINT('',(-0.849853610086932,-1.95,-0.77548833929008));
#3496=CARTESIAN_POINT('Ctrl Pts',(-0.849853610037347,-1.95000000000023,
-0.775488339206036));
#3497=CARTESIAN_POINT('Ctrl Pts',(-0.852527313307906,-1.95000000000044,
-0.779995517561187));
#3498=CARTESIAN_POINT('Ctrl Pts',(-0.855174010799504,-1.9500456890233,-0.784517742040252));
#3499=CARTESIAN_POINT('Ctrl Pts',(-0.857794392621757,-1.95013704228631,
-0.789055115964354));
#3500=CARTESIAN_POINT('Ctrl Pts',(-0.862382097393059,-1.95029698149709,
-0.796999046815957));
#3501=CARTESIAN_POINT('Ctrl Pts',(-0.866885681823754,-1.95059677012054,
-0.804983358224301));
#3502=CARTESIAN_POINT('Ctrl Pts',(-0.871308779245042,-1.95103563534962,
-0.813008586752026));
#3503=CARTESIAN_POINT('Ctrl Pts',(-0.879849916444072,-1.95188309760887,
-0.828505549938722));
#3504=CARTESIAN_POINT('Ctrl Pts',(-0.888071616054479,-1.95324719987182,
-0.844118989375074));
#3505=CARTESIAN_POINT('Ctrl Pts',(-0.895997618218625,-1.95511506532877,
-0.8598520316622));
#3506=CARTESIAN_POINT('Ctrl Pts',(-0.907399577146643,-1.95780208518849,
-0.882484816546117));
#3507=CARTESIAN_POINT('Ctrl Pts',(-0.918124275047998,-1.96151641852471,
-0.905230517033594));
#3508=CARTESIAN_POINT('Ctrl Pts',(-0.928231964782208,-1.96618111911342,
-0.92809460789919));
#3509=CARTESIAN_POINT('Ctrl Pts',(-0.933821934964333,-1.96876089133488,
-0.940739395139492));
#3510=CARTESIAN_POINT('Ctrl Pts',(-0.939222275261192,-1.97163133786016,
-0.953419878241962));
#3511=CARTESIAN_POINT('Ctrl Pts',(-0.944438669759316,-1.97477944321256,
-0.966131942310066));
#3512=CARTESIAN_POINT('Ctrl Pts',(-0.95379158339069,-1.98042394680101,-0.988924474076642));
#3513=CARTESIAN_POINT('Ctrl Pts',(-0.962515006150617,-1.9869370195288,-1.01172635381672));
#3514=CARTESIAN_POINT('Ctrl Pts',(-0.970638036579092,-1.99421397662522,
-1.03451540782099));
#3515=CARTESIAN_POINT('Ctrl Pts',(-0.972734808186327,-1.99609235405606,
-1.04039787272281));
#3516=CARTESIAN_POINT('Ctrl Pts',(-0.974791490717978,-1.9980216286665,-1.04627922340131));
#3517=CARTESIAN_POINT('Ctrl Pts',(-0.976808485920544,-2.,-1.05215852909791));
#3518=CARTESIAN_POINT('',(-0.611179101983821,-1.95,1.23724806965249));
#3519=CARTESIAN_POINT('Origin',(-3.,-1.95,0.499999999325291));
#3520=CARTESIAN_POINT('',(-0.669906700409123,-2.,1.53593687964449));
#3521=CARTESIAN_POINT('Ctrl Pts',(-0.669906699677744,-2.,1.53593687947363));
#3522=CARTESIAN_POINT('Ctrl Pts',(-0.667659631011199,-1.99241416654049,
1.51220980164703));
#3523=CARTESIAN_POINT('Ctrl Pts',(-0.664852854212649,-1.98555510749184,
1.48835133193928));
#3524=CARTESIAN_POINT('Ctrl Pts',(-0.661458294609572,-1.97952023425176,
1.4643873155394));
#3525=CARTESIAN_POINT('Ctrl Pts',(-0.658763004226938,-1.97472852701833,
1.44535981551456));
#3526=CARTESIAN_POINT('Ctrl Pts',(-0.655697971616483,-1.9704564200672,1.42626481257154));
#3527=CARTESIAN_POINT('Ctrl Pts',(-0.652244156133549,-1.96675267479588,
1.40709212810743));
#3528=CARTESIAN_POINT('Ctrl Pts',(-0.647487494518597,-1.96165180503296,
1.38068713551398));
#3529=CARTESIAN_POINT('Ctrl Pts',(-0.642034138936674,-1.95767468956393,
1.354292345267));
#3530=CARTESIAN_POINT('Ctrl Pts',(-0.635817794056702,-1.9548781079043,1.32796772466591));
#3531=CARTESIAN_POINT('Ctrl Pts',(-0.629189397683513,-1.9518961543467,1.29989817204504));
#3532=CARTESIAN_POINT('Ctrl Pts',(-0.621696117556157,-1.95025642531294,
1.27190752711143));
#3533=CARTESIAN_POINT('Ctrl Pts',(-0.613247594042944,-1.95002775619542,
1.24401345164037));
#3534=CARTESIAN_POINT('Ctrl Pts',(-0.612564379521329,-1.95000926419957,
1.24175771578321));
#3535=CARTESIAN_POINT('Ctrl Pts',(-0.61187490131743,-1.95,1.23950258893283));
#3536=CARTESIAN_POINT('Ctrl Pts',(-0.611179101983821,-1.95,1.23724806965249));
#3537=CARTESIAN_POINT('Origin',(-3.,-2.,0.499999999325291));
#3538=CARTESIAN_POINT('Origin',(-2.12995198876485,-2.,2.34599723822191));
#3539=CARTESIAN_POINT('',(-2.73975234630736,-2.,2.48299550076938));
#3540=CARTESIAN_POINT('',(-1.63616271959328,-2.,1.96285606626175));
#3541=CARTESIAN_POINT('Origin',(-3.,0.,0.499999999325291));
#3542=CARTESIAN_POINT('',(-3.16797947131935,25.45,2.49293323885322));
#3543=CARTESIAN_POINT('Origin',(-3.,25.45,0.499999999325291));
#3544=CARTESIAN_POINT('',(-3.16797947131935,0.,2.49293323885322));
#3545=CARTESIAN_POINT('Origin',(2.99999999999999,0.,0.499999985831119));
#3546=CARTESIAN_POINT('',(3.16797947786922,-1.45,2.49293322480697));
#3547=CARTESIAN_POINT('Origin',(2.99999999999999,-1.45,0.499999985831119));
#3548=CARTESIAN_POINT('',(3.16797947786922,0.,2.49293322480697));
#3549=CARTESIAN_POINT('Origin',(-0.376821404306056,-1.9,-1.05609577378546));
#3550=CARTESIAN_POINT('',(-0.776812792049048,-1.8,-1.05347094399376));
#3551=CARTESIAN_POINT('',(-0.776812792049048,-1.8,-1.05347094399376));
#3552=CARTESIAN_POINT('',(-0.357414293354671,-2.,-1.65578182835445));
#3553=CARTESIAN_POINT('Origin',(-0.376821404306056,-2.,-1.05609577378546));
#3554=CARTESIAN_POINT('',(-0.363883330338466,-1.8,-1.45588647683145));
#3555=CARTESIAN_POINT('',(-0.357414293354671,-2.,-1.65578182835445));
#3556=CARTESIAN_POINT('Origin',(-0.376821404306056,-1.8,-1.05609577378546));
#3557=CARTESIAN_POINT('Origin',(1.54074395550979E-32,-1.9,-12.7));
#3558=CARTESIAN_POINT('',(0.35741428561344,-2.,-1.65578182810393));
#3559=CARTESIAN_POINT('Origin',(1.54074395550979E-32,-2.,-12.7));
#3560=CARTESIAN_POINT('',(0.363883322457121,-1.8,-1.4558864765764));
#3561=CARTESIAN_POINT('',(0.35741428561344,-2.,-1.65578182810393));
#3562=CARTESIAN_POINT('Origin',(1.54074395550979E-32,-1.8,-12.7));
#3563=CARTESIAN_POINT('Origin',(0.376821396144486,-1.9,-1.05609577352134));
#3564=CARTESIAN_POINT('',(0.976808477779624,-2.,-1.05215853198065));
#3565=CARTESIAN_POINT('',(0.776812783901245,-1.8,-1.05347094582755));
#3566=CARTESIAN_POINT('',(0.976808477779624,-2.,-1.05215853198065));
#3567=CARTESIAN_POINT('Origin',(0.376821396144486,-1.8,-1.05609577352134));
#3568=CARTESIAN_POINT('Origin',(0.376821396144486,-2.,-1.05609577352134));
#3569=CARTESIAN_POINT('Ctrl Pts',(-0.72084482665594,-1.8,-0.852017639545966));
#3570=CARTESIAN_POINT('Ctrl Pts',(-0.756820384934538,-1.8,-0.912663209077813));
#3571=CARTESIAN_POINT('Ctrl Pts',(-0.776350078503108,-1.8,-0.982959159209419));
#3572=CARTESIAN_POINT('Ctrl Pts',(-0.776812792049048,-1.8,-1.05347094399376));
#3573=CARTESIAN_POINT('Ctrl Pts',(-0.778182063714253,-1.86666666666667,
-0.818004617172716));
#3574=CARTESIAN_POINT('Ctrl Pts',(-0.820153548372618,-1.86666666666667,
-0.888757781626539));
#3575=CARTESIAN_POINT('Ctrl Pts',(-0.842938190869284,-1.86666666666667,
-0.970769723446746));
#3576=CARTESIAN_POINT('Ctrl Pts',(-0.843478023339547,-1.86666666666667,
-1.05303347236181));
#3577=CARTESIAN_POINT('Ctrl Pts',(-0.835519300772567,-1.93333333333333,
-0.783991594799467));
#3578=CARTESIAN_POINT('Ctrl Pts',(-0.883486711810698,-1.93333333333333,
-0.864852354175264));
#3579=CARTESIAN_POINT('Ctrl Pts',(-0.909526303235459,-1.93333333333333,
-0.958580287684072));
#3580=CARTESIAN_POINT('Ctrl Pts',(-0.910143254630045,-1.93333333333333,
-1.05259600072986));
#3581=CARTESIAN_POINT('Ctrl Pts',(-0.892856537830881,-2.,-0.749978572426218));
#3582=CARTESIAN_POINT('Ctrl Pts',(-0.946819875248778,-2.,-0.840946926723989));
#3583=CARTESIAN_POINT('Ctrl Pts',(-0.976114415601634,-2.,-0.946390851921398));
#3584=CARTESIAN_POINT('Ctrl Pts',(-0.976808485920544,-2.,-1.05215852909791));
#3585=CARTESIAN_POINT('',(-0.720844826692147,-1.8,-0.852017639607002));
#3586=CARTESIAN_POINT('Ctrl Pts',(-0.776812792049048,-1.8,-1.05347094399376));
#3587=CARTESIAN_POINT('Ctrl Pts',(-0.776350078503264,-1.8,-0.982959159233075));
#3588=CARTESIAN_POINT('Ctrl Pts',(-0.756820384947641,-1.8,-0.912663209124979));
#3589=CARTESIAN_POINT('Ctrl Pts',(-0.720844826692147,-1.8,-0.852017639607002));
#3590=CARTESIAN_POINT('',(-0.720844826692147,-1.8,-0.852017639607002));
#3591=CARTESIAN_POINT('Ctrl Pts',(0.475150639029982,-1.8,1.49043880006141));
#3592=CARTESIAN_POINT('Ctrl Pts',(0.455035652253389,-1.8,1.57654168379689));
#3593=CARTESIAN_POINT('Ctrl Pts',(0.355277578268782,-1.8,1.73458345770424));
#3594=CARTESIAN_POINT('Ctrl Pts',(0.179642405918417,-1.8,1.7982527998013));
#3595=CARTESIAN_POINT('Ctrl Pts',(0.0908452438090657,-1.8,1.79940875602005));
#3596=CARTESIAN_POINT('Ctrl Pts',(0.540069327440277,-1.86666666666667,1.50560482589323));
#3597=CARTESIAN_POINT('Ctrl Pts',(0.516601842867585,-1.86666666666667,1.6060581902513));
#3598=CARTESIAN_POINT('Ctrl Pts',(0.400217423218877,-1.86666666666667,1.79044025980986));
#3599=CARTESIAN_POINT('Ctrl Pts',(0.195309722143451,-1.86666666666667,1.8647211589231));
#3600=CARTESIAN_POINT('Ctrl Pts',(0.0917130330158744,-1.86666666666667,
1.86606977451165));
#3601=CARTESIAN_POINT('Ctrl Pts',(0.604988015850571,-1.93333333333333,1.52077085172505));
#3602=CARTESIAN_POINT('Ctrl Pts',(0.578168033481781,-1.93333333333333,1.6355746967057));
#3603=CARTESIAN_POINT('Ctrl Pts',(0.445157268168971,-1.93333333333333,1.84629706191549));
#3604=CARTESIAN_POINT('Ctrl Pts',(0.210977038368486,-1.93333333333333,1.93118951804491));
#3605=CARTESIAN_POINT('Ctrl Pts',(0.0925808222226832,-1.93333333333333,
1.93273079300324));
#3606=CARTESIAN_POINT('Ctrl Pts',(0.669906704260866,-2.,1.53593687755688));
#3607=CARTESIAN_POINT('Ctrl Pts',(0.639734224095977,-2.,1.66509120316011));
#3608=CARTESIAN_POINT('Ctrl Pts',(0.490097113119066,-2.,1.90215386402112));
#3609=CARTESIAN_POINT('Ctrl Pts',(0.22664435459352,-2.,1.99765787716671));
#3610=CARTESIAN_POINT('Ctrl Pts',(0.0934486114294919,-2.,1.99939181149484));
#3611=CARTESIAN_POINT('',(0.475150639029982,-1.8,1.49043880006141));
#3612=CARTESIAN_POINT('',(0.669906705236905,-2.,1.53593687778489));
#3613=CARTESIAN_POINT('',(0.475150639029982,-1.8,1.49043880006141));
#3614=CARTESIAN_POINT('',(0.0934486114294919,-2.,1.99939181149484));
#3615=CARTESIAN_POINT('Ctrl Pts',(0.669906704260866,-2.,1.53593687755688));
#3616=CARTESIAN_POINT('Ctrl Pts',(0.639734224095977,-2.,1.66509120316011));
#3617=CARTESIAN_POINT('Ctrl Pts',(0.490097113119066,-2.,1.90215386402112));
#3618=CARTESIAN_POINT('Ctrl Pts',(0.22664435459352,-2.,1.99765787716671));
#3619=CARTESIAN_POINT('Ctrl Pts',(0.0934486114294919,-2.,1.99939181149484));
#3620=CARTESIAN_POINT('',(0.0908452438090656,-1.8,1.79940875602005));
#3621=CARTESIAN_POINT('',(0.0934486114294919,-2.,1.99939181149484));
#3622=CARTESIAN_POINT('Ctrl Pts',(0.0908452438090657,-1.8,1.79940875602005));
#3623=CARTESIAN_POINT('Ctrl Pts',(0.179642405918417,-1.8,1.7982527998013));
#3624=CARTESIAN_POINT('Ctrl Pts',(0.355277578268782,-1.8,1.73458345770424));
#3625=CARTESIAN_POINT('Ctrl Pts',(0.455035652253389,-1.8,1.57654168379689));
#3626=CARTESIAN_POINT('Ctrl Pts',(0.475150639029982,-1.8,1.49043880006141));
#3627=CARTESIAN_POINT('Ctrl Pts',(4.19109191795997E-13,-2.,2.));
#3628=CARTESIAN_POINT('Ctrl Pts',(0.0311464790869127,-2.,2.));
#3629=CARTESIAN_POINT('Ctrl Pts',(0.0622976204573501,-2.,1.99979733325792));
#3630=CARTESIAN_POINT('Ctrl Pts',(0.0934486114294913,-2.,1.99939181149484));
#3631=CARTESIAN_POINT('Ctrl Pts',(4.15281235325674E-13,-1.93333333333333,
1.93333333333333));
#3632=CARTESIAN_POINT('Ctrl Pts',(0.0308572824380092,-1.93333333333333,
1.93333333333333));
#3633=CARTESIAN_POINT('Ctrl Pts',(0.0617191838942018,-1.93333333333333,
1.93313254799067));
#3634=CARTESIAN_POINT('Ctrl Pts',(0.0925808222226827,-1.93333333333333,
1.93273079300325));
#3635=CARTESIAN_POINT('Ctrl Pts',(4.11453278855352E-13,-1.86666666666667,
1.86666666666666));
#3636=CARTESIAN_POINT('Ctrl Pts',(0.0305680857891057,-1.86666666666667,
1.86666666666666));
#3637=CARTESIAN_POINT('Ctrl Pts',(0.0611407473310534,-1.86666666666667,
1.86646776272343));
#3638=CARTESIAN_POINT('Ctrl Pts',(0.091713033015874,-1.86666666666667,1.86606977451165));
#3639=CARTESIAN_POINT('Ctrl Pts',(4.0762532238503E-13,-1.8,1.8));
#3640=CARTESIAN_POINT('Ctrl Pts',(0.0302788891402022,-1.8,1.8));
#3641=CARTESIAN_POINT('Ctrl Pts',(0.0605623107679051,-1.8,1.79980297745618));
#3642=CARTESIAN_POINT('Ctrl Pts',(0.0908452438090654,-1.8,1.79940875602005));
#3643=CARTESIAN_POINT('',(4.19109191795997E-13,-2.,2.));
#3644=CARTESIAN_POINT('Ctrl Pts',(0.0934486114294913,-2.,1.99939181149484));
#3645=CARTESIAN_POINT('Ctrl Pts',(0.0622976204573501,-2.,1.99979733325792));
#3646=CARTESIAN_POINT('Ctrl Pts',(0.0311464790869127,-2.,2.));
#3647=CARTESIAN_POINT('Ctrl Pts',(4.19109191795997E-13,-2.,2.));
#3648=CARTESIAN_POINT('',(4.09496162618128E-13,-1.8,1.8));
#3649=CARTESIAN_POINT('',(4.19109191795997E-13,-2.,2.));
#3650=CARTESIAN_POINT('Ctrl Pts',(4.0762532238503E-13,-1.8,1.8));
#3651=CARTESIAN_POINT('Ctrl Pts',(0.0302788891402022,-1.8,1.8));
#3652=CARTESIAN_POINT('Ctrl Pts',(0.0605623107679051,-1.8,1.79980297745618));
#3653=CARTESIAN_POINT('Ctrl Pts',(0.0908452438090654,-1.8,1.79940875602005));
#3654=CARTESIAN_POINT('Ctrl Pts',(-0.0934486069031443,-2.,1.99939181155377));
#3655=CARTESIAN_POINT('Ctrl Pts',(-0.0622976174395043,-2.,1.99979733327755));
#3656=CARTESIAN_POINT('Ctrl Pts',(-0.0311464775778019,-2.,2.));
#3657=CARTESIAN_POINT('Ctrl Pts',(4.19109191795997E-13,-2.,2.));
#3658=CARTESIAN_POINT('Ctrl Pts',(-0.0925808177383797,-1.93333333333333,
1.93273079306162));
#3659=CARTESIAN_POINT('Ctrl Pts',(-0.0617191809043769,-1.93333333333333,
1.93313254801012));
#3660=CARTESIAN_POINT('Ctrl Pts',(-0.0308572809429105,-1.93333333333333,
1.93333333333333));
#3661=CARTESIAN_POINT('Ctrl Pts',(4.15246540856155E-13,-1.93333333333333,
1.93333333333333));
#3662=CARTESIAN_POINT('Ctrl Pts',(-0.0917130285736151,-1.86666666666667,
1.86606977456948));
#3663=CARTESIAN_POINT('Ctrl Pts',(-0.0611407443692495,-1.86666666666667,
1.8664677627427));
#3664=CARTESIAN_POINT('Ctrl Pts',(-0.0305680843080191,-1.86666666666667,
1.86666666666667));
#3665=CARTESIAN_POINT('Ctrl Pts',(4.11383889916313E-13,-1.86666666666667,
1.86666666666666));
#3666=CARTESIAN_POINT('Ctrl Pts',(-0.0908452394088505,-1.8,1.79940875607733));
#3667=CARTESIAN_POINT('Ctrl Pts',(-0.0605623078341221,-1.8,1.79980297747527));
#3668=CARTESIAN_POINT('Ctrl Pts',(-0.0302788876731277,-1.8,1.8));
#3669=CARTESIAN_POINT('Ctrl Pts',(4.07521238976472E-13,-1.8,1.8));
#3670=CARTESIAN_POINT('',(-0.0934486069031443,-2.,1.99939181155377));
#3671=CARTESIAN_POINT('Ctrl Pts',(4.19109191795997E-13,-2.,2.));
#3672=CARTESIAN_POINT('Ctrl Pts',(-0.0311464775778019,-2.,2.));
#3673=CARTESIAN_POINT('Ctrl Pts',(-0.0622976174395043,-2.,1.99979733327755));
#3674=CARTESIAN_POINT('Ctrl Pts',(-0.0934486069031443,-2.,1.99939181155377));
#3675=CARTESIAN_POINT('',(-0.0908452394088496,-1.8,1.79940875607733));
#3676=CARTESIAN_POINT('',(-0.0934486069031443,-2.,1.99939181155377));
#3677=CARTESIAN_POINT('Ctrl Pts',(-0.0908452394088505,-1.8,1.79940875607733));
#3678=CARTESIAN_POINT('Ctrl Pts',(-0.0605623078341221,-1.8,1.79980297747527));
#3679=CARTESIAN_POINT('Ctrl Pts',(-0.0302788876731277,-1.8,1.8));
#3680=CARTESIAN_POINT('Ctrl Pts',(4.07521238976472E-13,-1.8,1.8));
#3681=CARTESIAN_POINT('Ctrl Pts',(-0.0908452394088489,-1.8,1.79940875607733));
#3682=CARTESIAN_POINT('Ctrl Pts',(-0.17966020702636,-1.8,1.79825256812355));
#3683=CARTESIAN_POINT('Ctrl Pts',(-0.355103605343087,-1.8,1.73475193262172));
#3684=CARTESIAN_POINT('Ctrl Pts',(-0.455018310756778,-1.8,1.57661589572012));
#3685=CARTESIAN_POINT('Ctrl Pts',(-0.475150634591916,-1.8,1.49043880135724));
#3686=CARTESIAN_POINT('Ctrl Pts',(-0.0917130285736135,-1.86666666666667,
1.86606977456948));
#3687=CARTESIAN_POINT('Ctrl Pts',(-0.195330490794043,-1.86666666666667,
1.8647208886234));
#3688=CARTESIAN_POINT('Ctrl Pts',(-0.400014455496891,-1.86666666666667,
1.79063681387126));
#3689=CARTESIAN_POINT('Ctrl Pts',(-0.516581611812864,-1.86666666666667,
1.60614477081939));
#3690=CARTESIAN_POINT('Ctrl Pts',(-0.540069322953859,-1.86666666666667,
1.50560482739604));
#3691=CARTESIAN_POINT('Ctrl Pts',(-0.092580817738378,-1.93333333333333,
1.93273079306162));
#3692=CARTESIAN_POINT('Ctrl Pts',(-0.211000774561726,-1.93333333333333,
1.93118920912325));
#3693=CARTESIAN_POINT('Ctrl Pts',(-0.444925305650696,-1.93333333333333,
1.8465216951208));
#3694=CARTESIAN_POINT('Ctrl Pts',(-0.57814491286895,-1.93333333333333,1.63567364591866));
#3695=CARTESIAN_POINT('Ctrl Pts',(-0.604988011315802,-1.93333333333333,
1.52077085343483));
#3696=CARTESIAN_POINT('Ctrl Pts',(-0.0934486069031426,-2.,1.99939181155377));
#3697=CARTESIAN_POINT('Ctrl Pts',(-0.226671058329409,-2.,1.99765752962309));
#3698=CARTESIAN_POINT('Ctrl Pts',(-0.4898361558045,-2.,1.90240657637034));
#3699=CARTESIAN_POINT('Ctrl Pts',(-0.639708213925036,-2.,1.66520252101794));
#3700=CARTESIAN_POINT('Ctrl Pts',(-0.669906699677744,-2.,1.53593687947363));
#3701=CARTESIAN_POINT('',(-0.475150634591916,-1.8,1.49043880135724));
#3702=CARTESIAN_POINT('',(-0.669906700409123,-2.,1.53593687964449));
#3703=CARTESIAN_POINT('Ctrl Pts',(-0.475150634591916,-1.8,1.49043880135724));
#3704=CARTESIAN_POINT('Ctrl Pts',(-0.455018310756778,-1.8,1.57661589572012));
#3705=CARTESIAN_POINT('Ctrl Pts',(-0.355103605343087,-1.8,1.73475193262172));
#3706=CARTESIAN_POINT('Ctrl Pts',(-0.17966020702636,-1.8,1.79825256812355));
#3707=CARTESIAN_POINT('Ctrl Pts',(-0.0908452394088489,-1.8,1.79940875607733));
#3708=CARTESIAN_POINT('Ctrl Pts',(-0.0934486069031426,-2.,1.99939181155377));
#3709=CARTESIAN_POINT('Ctrl Pts',(-0.226671058329409,-2.,1.99765752962309));
#3710=CARTESIAN_POINT('Ctrl Pts',(-0.4898361558045,-2.,1.90240657637034));
#3711=CARTESIAN_POINT('Ctrl Pts',(-0.639708213925036,-2.,1.66520252101794));
#3712=CARTESIAN_POINT('Ctrl Pts',(-0.669906699677744,-2.,1.53593687947363));
#3713=CARTESIAN_POINT('Ctrl Pts',(0.467849851706807,-1.8,1.28148295205547));
#3714=CARTESIAN_POINT('Ctrl Pts',(0.488706518262807,-1.8,1.34906243055369));
#3715=CARTESIAN_POINT('Ctrl Pts',(0.491170366540858,-1.8,1.42186581263354));
#3716=CARTESIAN_POINT('Ctrl Pts',(0.475150639029982,-1.8,1.49043880006141));
#3717=CARTESIAN_POINT('Ctrl Pts',(0.531551742229906,-1.86666666666667,1.26182300321964));
#3718=CARTESIAN_POINT('Ctrl Pts',(0.555884519878573,-1.86666666666667,1.34066572813422));
#3719=CARTESIAN_POINT('Ctrl Pts',(0.558759009536298,-1.86666666666667,1.42560300722738));
#3720=CARTESIAN_POINT('Ctrl Pts',(0.540069327440277,-1.86666666666667,1.50560482589323));
#3721=CARTESIAN_POINT('Ctrl Pts',(0.595253632753005,-1.93333333333333,1.24216305438381));
#3722=CARTESIAN_POINT('Ctrl Pts',(0.623062521494339,-1.93333333333333,1.33226902571476));
#3723=CARTESIAN_POINT('Ctrl Pts',(0.626347652531739,-1.93333333333333,1.42934020182122));
#3724=CARTESIAN_POINT('Ctrl Pts',(0.604988015850571,-1.93333333333333,1.52077085172505));
#3725=CARTESIAN_POINT('Ctrl Pts',(0.658955523276104,-2.,1.22250310554798));
#3726=CARTESIAN_POINT('Ctrl Pts',(0.690240523110104,-2.,1.32387232329529));
#3727=CARTESIAN_POINT('Ctrl Pts',(0.69393629552718,-2.,1.43307739641507));
#3728=CARTESIAN_POINT('Ctrl Pts',(0.669906704260866,-2.,1.53593687755688));
#3729=CARTESIAN_POINT('',(0.61117910538378,-1.95,1.23724806717485));
#3730=CARTESIAN_POINT('Ctrl Pts',(0.61117910538378,-1.95,1.23724806717485));
#3731=CARTESIAN_POINT('Ctrl Pts',(0.619842470186135,-1.95,1.26531898031962));
#3732=CARTESIAN_POINT('Ctrl Pts',(0.627543001600755,-1.95143597903821,1.29353127323848));
#3733=CARTESIAN_POINT('Ctrl Pts',(0.634362361049245,-1.95424796447499,1.32186584148628));
#3734=CARTESIAN_POINT('Ctrl Pts',(0.638931044878007,-1.95613187637152,1.34084880971467));
#3735=CARTESIAN_POINT('Ctrl Pts',(0.643103423422769,-1.95863339994201,1.35988602445532));
#3736=CARTESIAN_POINT('Ctrl Pts',(0.646901644684568,-1.96173450103433,1.37895846281304));
#3737=CARTESIAN_POINT('Ctrl Pts',(0.651373371513143,-1.96538549343231,1.40141285091001));
#3738=CARTESIAN_POINT('Ctrl Pts',(0.655294545883863,-1.96983916269954,1.42371013149037));
#3739=CARTESIAN_POINT('Ctrl Pts',(0.658713527405317,-1.97502111593289,1.44590878805229));
#3740=CARTESIAN_POINT('Ctrl Pts',(0.662407869383209,-1.98062041713919,1.46989529639545));
#3741=CARTESIAN_POINT('Ctrl Pts',(0.665514260052842,-1.98707003645986,1.49376746057222));
#3742=CARTESIAN_POINT('Ctrl Pts',(0.668054582787343,-1.99427611995023,1.5175537945327));
#3743=CARTESIAN_POINT('Ctrl Pts',(0.668709642815479,-1.99613431583608,1.52368745478846));
#3744=CARTESIAN_POINT('Ctrl Pts',(0.669326947875727,-1.99804281227628,1.52981515796533));
#3745=CARTESIAN_POINT('Ctrl Pts',(0.669906704260866,-2.,1.53593687755688));
#3746=CARTESIAN_POINT('',(0.467849851706807,-1.8,1.28148295205547));
#3747=CARTESIAN_POINT('Ctrl Pts',(0.475150639029982,-1.8,1.49043880006141));
#3748=CARTESIAN_POINT('Ctrl Pts',(0.491170366540858,-1.8,1.42186581263354));
#3749=CARTESIAN_POINT('Ctrl Pts',(0.488706518262807,-1.8,1.34906243055369));
#3750=CARTESIAN_POINT('Ctrl Pts',(0.467849851706807,-1.8,1.28148295205547));
#3751=CARTESIAN_POINT('',(0.467849851706807,-1.8,1.28148295205547));
#3752=CARTESIAN_POINT('Ctrl Pts',(-0.475150634591916,-1.8,1.49043880135724));
#3753=CARTESIAN_POINT('Ctrl Pts',(-0.491172882760769,-1.8,1.42185502515439));
#3754=CARTESIAN_POINT('Ctrl Pts',(-0.488696011638907,-1.8,1.34902840173785));
#3755=CARTESIAN_POINT('Ctrl Pts',(-0.46784984810285,-1.8,1.28148295387212));
#3756=CARTESIAN_POINT('Ctrl Pts',(-0.540069322953859,-1.86666666666667,
1.50560482739604));
#3757=CARTESIAN_POINT('Ctrl Pts',(-0.55876194581752,-1.86666666666667,1.42559042182604));
#3758=CARTESIAN_POINT('Ctrl Pts',(-0.555872262842014,-1.86666666666667,
1.34062602784008));
#3759=CARTESIAN_POINT('Ctrl Pts',(-0.531551738716615,-1.86666666666667,
1.26182300533006));
#3760=CARTESIAN_POINT('Ctrl Pts',(-0.604988011315802,-1.93333333333333,
1.52077085343483));
#3761=CARTESIAN_POINT('Ctrl Pts',(-0.626351008874271,-1.93333333333333,
1.42932581849769));
#3762=CARTESIAN_POINT('Ctrl Pts',(-0.623048514045122,-1.93333333333333,
1.33222365394231));
#3763=CARTESIAN_POINT('Ctrl Pts',(-0.59525362933038,-1.93333333333333,1.242163056788));
#3764=CARTESIAN_POINT('Ctrl Pts',(-0.669906699677744,-2.,1.53593687947363));
#3765=CARTESIAN_POINT('Ctrl Pts',(-0.693940071931023,-2.,1.43306121516935));
#3766=CARTESIAN_POINT('Ctrl Pts',(-0.69022476524823,-2.,1.32382128004454));
#3767=CARTESIAN_POINT('Ctrl Pts',(-0.658955519944144,-2.,1.22250310824594));
#3768=CARTESIAN_POINT('',(-0.46784984810285,-1.8,1.28148295387212));
#3769=CARTESIAN_POINT('',(-0.658955519944144,-2.,1.22250310824594));
#3770=CARTESIAN_POINT('Ctrl Pts',(-0.46784984810285,-1.8,1.28148295387212));
#3771=CARTESIAN_POINT('Ctrl Pts',(-0.488696011638907,-1.8,1.34902840173785));
#3772=CARTESIAN_POINT('Ctrl Pts',(-0.491172882760769,-1.8,1.42185502515439));
#3773=CARTESIAN_POINT('Ctrl Pts',(-0.475150634591916,-1.8,1.49043880135724));
#3774=CARTESIAN_POINT('Origin',(-3.,-1.9,0.499999999325291));
#3775=CARTESIAN_POINT('Origin',(-3.,-1.8,0.499999999325291));
#3776=CARTESIAN_POINT('Ctrl Pts',(0.776812783901245,-1.8,-1.05347094582755));
#3777=CARTESIAN_POINT('Ctrl Pts',(0.776350070725287,-1.8,-0.982959161064435));
#3778=CARTESIAN_POINT('Ctrl Pts',(0.756820377538635,-1.8,-0.912663210853816));
#3779=CARTESIAN_POINT('Ctrl Pts',(0.720844819600945,-1.8,-0.852017641147243));
#3780=CARTESIAN_POINT('Ctrl Pts',(0.843478015194038,-1.86666666666667,-1.05303347454525));
#3781=CARTESIAN_POINT('Ctrl Pts',(0.842938183155421,-1.86666666666667,-0.970769725654951));
#3782=CARTESIAN_POINT('Ctrl Pts',(0.820153541104326,-1.86666666666667,-0.888757783742562));
#3783=CARTESIAN_POINT('Ctrl Pts',(0.778182056843688,-1.86666666666667,-0.818004619084894));
#3784=CARTESIAN_POINT('Ctrl Pts',(0.910143246486831,-1.93333333333333,-1.05259600326295));
#3785=CARTESIAN_POINT('Ctrl Pts',(0.909526295585554,-1.93333333333333,-0.958580290245468));
#3786=CARTESIAN_POINT('Ctrl Pts',(0.883486704670018,-1.93333333333333,-0.864852356631309));
#3787=CARTESIAN_POINT('Ctrl Pts',(0.835519294086431,-1.93333333333333,-0.783991597022545));
#3788=CARTESIAN_POINT('Ctrl Pts',(0.976808477779624,-2.,-1.05215853198065));
#3789=CARTESIAN_POINT('Ctrl Pts',(0.976114408015688,-2.,-0.946390854835984));
#3790=CARTESIAN_POINT('Ctrl Pts',(0.946819868235709,-2.,-0.840946929520056));
#3791=CARTESIAN_POINT('Ctrl Pts',(0.892856531329175,-2.,-0.749978574960196));
#3792=CARTESIAN_POINT('',(0.849853603397118,-1.95,-0.775488341506958));
#3793=CARTESIAN_POINT('Ctrl Pts',(0.976808477779624,-2.,-1.05215853198065));
#3794=CARTESIAN_POINT('Ctrl Pts',(0.968999477172551,-1.99234053548525,-1.02939620588289));
#3795=CARTESIAN_POINT('Ctrl Pts',(0.960600577066485,-1.98542177549218,-1.00661517732743));
#3796=CARTESIAN_POINT('Ctrl Pts',(0.951587585510124,-1.97934419693589,-0.983858749249499));
#3797=CARTESIAN_POINT('Ctrl Pts',(0.944785928733751,-1.97475775045884,-0.966685603987525));
#3798=CARTESIAN_POINT('Ctrl Pts',(0.937635050688321,-1.97065035434905,-0.949525289608048));
#3799=CARTESIAN_POINT('Ctrl Pts',(0.930117057256888,-1.96706519068464,-0.932378029224379));
#3800=CARTESIAN_POINT('Ctrl Pts',(0.919922341085815,-1.96220355754823,-0.909125620943187));
#3801=CARTESIAN_POINT('Ctrl Pts',(0.909113469809826,-1.95833001733929,-0.886038400640605));
#3802=CARTESIAN_POINT('Ctrl Pts',(0.897639358277195,-1.95551038066467,-0.863120547152132));
#3803=CARTESIAN_POINT('Ctrl Pts',(0.892674168629829,-1.95429023993427,-0.853203309677386));
#3804=CARTESIAN_POINT('Ctrl Pts',(0.887583938759345,-1.95326744796717,-0.843317350858107));
#3805=CARTESIAN_POINT('Ctrl Pts',(0.882361807090732,-1.95244733745188,-0.83346149869715));
#3806=CARTESIAN_POINT('Ctrl Pts',(0.876516339647987,-1.9515293350688,-0.822429210240378));
#3807=CARTESIAN_POINT('Ctrl Pts',(0.870521851274933,-1.95086772542434,-0.811465582309716));
#3808=CARTESIAN_POINT('Ctrl Pts',(0.864369451348104,-1.95046566469576,-0.80056932208187));
#3809=CARTESIAN_POINT('Ctrl Pts',(0.860542275343968,-1.95021555787713,-0.793791169462601));
#3810=CARTESIAN_POINT('Ctrl Pts',(0.856656987300521,-1.95006608452408,-0.787044474166059));
#3811=CARTESIAN_POINT('Ctrl Pts',(0.852711321437392,-1.95001752298766,-0.780328906942146));
#3812=CARTESIAN_POINT('Ctrl Pts',(0.851762119064513,-1.9500058406184,-0.778713353936572));
#3813=CARTESIAN_POINT('Ctrl Pts',(0.850809556758963,-1.95000000000016,-0.77709983385282));
#3814=CARTESIAN_POINT('Ctrl Pts',(0.849853603447104,-1.95000000000023,-0.775488341590764));
#3815=CARTESIAN_POINT('',(0.720844819600945,-1.8,-0.852017641147243));
#3816=CARTESIAN_POINT('',(0.892856531329175,-2.,-0.749978574960196));
#3817=CARTESIAN_POINT('Ctrl Pts',(0.720844819600945,-1.8,-0.852017641147243));
#3818=CARTESIAN_POINT('Ctrl Pts',(0.756820377538635,-1.8,-0.912663210853816));
#3819=CARTESIAN_POINT('Ctrl Pts',(0.776350070725287,-1.8,-0.982959161064435));
#3820=CARTESIAN_POINT('Ctrl Pts',(0.776812783901245,-1.8,-1.05347094582755));
#3821=CARTESIAN_POINT('Origin',(2.99999999999999,-1.9,0.499999985831119));
#3822=CARTESIAN_POINT('Origin',(2.99999999999999,-1.95,0.499999985831119));
#3823=CARTESIAN_POINT('Origin',(2.99999999999999,-1.8,0.499999985831119));
#3824=CARTESIAN_POINT('Origin',(1.54074395550979E-32,0.,-12.7));
#3825=CARTESIAN_POINT('',(0.363883322457121,25.8,-1.4558864765764));
#3826=CARTESIAN_POINT('',(0.363883322457121,0.,-1.4558864765764));
#3827=CARTESIAN_POINT('',(-0.363883330338466,25.8,-1.45588647683145));
#3828=CARTESIAN_POINT('Origin',(1.54074395550979E-32,25.8,-12.7));
#3829=CARTESIAN_POINT('',(-0.363883330338466,0.,-1.45588647683145));
#3830=CARTESIAN_POINT('Origin',(0.376821396144486,0.,-1.05609577352134));
#3831=CARTESIAN_POINT('',(0.720844819600945,25.8,-0.852017641147243));
#3832=CARTESIAN_POINT('',(0.720844819600945,0.,-0.852017641147243));
#3833=CARTESIAN_POINT('',(0.776812783901245,25.8,-1.05347094582755));
#3834=CARTESIAN_POINT('Ctrl Pts',(0.776812783901245,25.8,-1.05347094582755));
#3835=CARTESIAN_POINT('Ctrl Pts',(0.776350070725287,25.8,-0.982959161064435));
#3836=CARTESIAN_POINT('Ctrl Pts',(0.75682037753836,25.8,-0.912663210853908));
#3837=CARTESIAN_POINT('Ctrl Pts',(0.720844819600945,25.8,-0.852017641147243));
#3838=CARTESIAN_POINT('Origin',(0.376821396144486,25.8,-1.05609577352134));
#3839=CARTESIAN_POINT('Origin',(2.99999999999999,0.,0.499999985831119));
#3840=CARTESIAN_POINT('',(0.467849851706807,1.545,1.28148295205547));
#3841=CARTESIAN_POINT('Ctrl Pts',(0.467849851706807,1.545,1.28148295205547));
#3842=CARTESIAN_POINT('Ctrl Pts',(0.467849851706807,0.429999999999998,1.28148295205547));
#3843=CARTESIAN_POINT('Ctrl Pts',(0.467849851706807,-0.685000000000001,
1.28148295205547));
#3844=CARTESIAN_POINT('Ctrl Pts',(0.467849851706807,-1.8,1.28148295205547));
#3845=CARTESIAN_POINT('',(0.467849851706807,22.455,1.28148295205547));
#3846=CARTESIAN_POINT('Ctrl Pts',(0.467849851706807,22.455,1.28148295205547));
#3847=CARTESIAN_POINT('Ctrl Pts',(0.467849851706807,15.485,1.28148295205547));
#3848=CARTESIAN_POINT('Ctrl Pts',(0.467849851706807,8.515,1.28148295205547));
#3849=CARTESIAN_POINT('Ctrl Pts',(0.467849851706807,1.545,1.28148295205547));
#3850=CARTESIAN_POINT('',(0.467849851706807,25.8,1.28148295205547));
#3851=CARTESIAN_POINT('Ctrl Pts',(0.467849851706807,25.8,1.28148295205547));
#3852=CARTESIAN_POINT('Ctrl Pts',(0.467849851706807,24.685,1.28148295205547));
#3853=CARTESIAN_POINT('Ctrl Pts',(0.467849851706807,23.57,1.28148295205547));
#3854=CARTESIAN_POINT('Ctrl Pts',(0.467849851706807,22.455,1.28148295205547));
#3855=CARTESIAN_POINT('Origin',(2.99999999999999,25.8,0.499999985831119));
#3856=CARTESIAN_POINT('Ctrl Pts',(0.0908452438090656,1.545,1.79940875602005));
#3857=CARTESIAN_POINT('Ctrl Pts',(0.0908452438090656,0.430000000000002,
1.79940875602005));
#3858=CARTESIAN_POINT('Ctrl Pts',(0.0908452438090656,-0.685000000000001,
1.79940875602005));
#3859=CARTESIAN_POINT('Ctrl Pts',(0.0908452438090656,-1.8,1.79940875602005));
#3860=CARTESIAN_POINT('Ctrl Pts',(0.161587028184044,1.545,1.79848784364367));
#3861=CARTESIAN_POINT('Ctrl Pts',(0.161587028184044,0.430000000000003,1.79848784364367));
#3862=CARTESIAN_POINT('Ctrl Pts',(0.161587028184044,-0.685,1.79848784364367));
#3863=CARTESIAN_POINT('Ctrl Pts',(0.161587028184044,-1.8,1.79848784364367));
#3864=CARTESIAN_POINT('Ctrl Pts',(0.30220434750131,1.545,1.75824157083838));
#3865=CARTESIAN_POINT('Ctrl Pts',(0.30220434750131,0.430000000000001,1.75824157083838));
#3866=CARTESIAN_POINT('Ctrl Pts',(0.30220434750131,-0.685000000000002,1.75824157083838));
#3867=CARTESIAN_POINT('Ctrl Pts',(0.30220434750131,-1.8,1.75824157083838));
#3868=CARTESIAN_POINT('Ctrl Pts',(0.480091905597125,1.545,1.57266612381049));
#3869=CARTESIAN_POINT('Ctrl Pts',(0.480091905597125,0.430000000000003,1.57266612381049));
#3870=CARTESIAN_POINT('Ctrl Pts',(0.480091905597125,-0.685,1.57266612381049));
#3871=CARTESIAN_POINT('Ctrl Pts',(0.480091905597125,-1.8,1.57266612381049));
#3872=CARTESIAN_POINT('Ctrl Pts',(0.499145049998961,1.545,1.38288521470388));
#3873=CARTESIAN_POINT('Ctrl Pts',(0.499145049998961,0.429999999999998,1.38288521470388));
#3874=CARTESIAN_POINT('Ctrl Pts',(0.49914504999896,-0.685000000000002,1.38288521470388));
#3875=CARTESIAN_POINT('Ctrl Pts',(0.49914504999896,-1.8,1.38288521470388));
#3876=CARTESIAN_POINT('Ctrl Pts',(0.467849851706807,1.545,1.28148295205547));
#3877=CARTESIAN_POINT('Ctrl Pts',(0.467849851706807,0.429999999999998,1.28148295205547));
#3878=CARTESIAN_POINT('Ctrl Pts',(0.467849851706807,-0.685000000000001,
1.28148295205547));
#3879=CARTESIAN_POINT('Ctrl Pts',(0.467849851706807,-1.8,1.28148295205547));
#3880=CARTESIAN_POINT('',(0.0908452438090653,1.545,1.79940875602005));
#3881=CARTESIAN_POINT('Ctrl Pts',(0.0908452438090656,-1.8,1.79940875602005));
#3882=CARTESIAN_POINT('Ctrl Pts',(0.0908452438090656,-0.685000000000001,
1.79940875602005));
#3883=CARTESIAN_POINT('Ctrl Pts',(0.0908452438090656,0.430000000000002,
1.79940875602005));
#3884=CARTESIAN_POINT('Ctrl Pts',(0.0908452438090656,1.545,1.79940875602005));
#3885=CARTESIAN_POINT('Origin',(0.0856385085682136,1.545,1.39944264507047));
#3886=CARTESIAN_POINT('Origin',(0.376821396144486,25.9,-1.05609577352134));
#3887=CARTESIAN_POINT('',(0.776812783901245,25.8,-1.05347094582755));
#3888=CARTESIAN_POINT('',(0.357414285613439,26.,-1.65578182810393));
#3889=CARTESIAN_POINT('Origin',(0.376821396144486,26.,-1.05609577352134));
#3890=CARTESIAN_POINT('',(0.357414285613439,26.,-1.65578182810393));
#3891=CARTESIAN_POINT('Origin',(1.54074395550979E-32,25.9,-12.7));
#3892=CARTESIAN_POINT('',(-0.35741429335467,26.,-1.65578182835445));
#3893=CARTESIAN_POINT('Origin',(1.54074395550979E-32,26.,-12.7));
#3894=CARTESIAN_POINT('',(-0.35741429335467,26.,-1.65578182835445));
#3895=CARTESIAN_POINT('Origin',(-0.376821404306056,25.9,-1.05609577378546));
#3896=CARTESIAN_POINT('',(-0.976808485920545,26.,-1.05215852909791));
#3897=CARTESIAN_POINT('',(-0.776812792049048,25.8,-1.05347094399376));
#3898=CARTESIAN_POINT('',(-0.976808485920545,26.,-1.05215852909791));
#3899=CARTESIAN_POINT('Origin',(-0.376821404306056,25.8,-1.05609577378546));
#3900=CARTESIAN_POINT('Origin',(-0.376821404306056,26.,-1.05609577378546));
#3901=CARTESIAN_POINT('Ctrl Pts',(0.720844819564738,25.8,-0.852017641086206));
#3902=CARTESIAN_POINT('Ctrl Pts',(0.756820377525256,25.8,-0.912663210806742));
#3903=CARTESIAN_POINT('Ctrl Pts',(0.776350070725132,25.8,-0.982959161040779));
#3904=CARTESIAN_POINT('Ctrl Pts',(0.776812783901245,25.8,-1.05347094582755));
#3905=CARTESIAN_POINT('Ctrl Pts',(0.778182056801446,25.8666666666667,-0.818004619013685));
#3906=CARTESIAN_POINT('Ctrl Pts',(0.820153541088718,25.8666666666667,-0.888757783687643));
#3907=CARTESIAN_POINT('Ctrl Pts',(0.84293818315524,25.8666666666667,-0.970769725627353));
#3908=CARTESIAN_POINT('Ctrl Pts',(0.843478015194038,25.8666666666667,-1.05303347454525));
#3909=CARTESIAN_POINT('Ctrl Pts',(0.835519294038155,25.9333333333333,-0.783991596941163));
#3910=CARTESIAN_POINT('Ctrl Pts',(0.88348670465218,25.9333333333333,-0.864852356568544));
#3911=CARTESIAN_POINT('Ctrl Pts',(0.909526295585347,25.9333333333333,-0.958580290213927));
#3912=CARTESIAN_POINT('Ctrl Pts',(0.910143246486831,25.9333333333333,-1.05259600326295));
#3913=CARTESIAN_POINT('Ctrl Pts',(0.892856531274864,26.,-0.749978574868642));
#3914=CARTESIAN_POINT('Ctrl Pts',(0.946819868215642,26.,-0.840946929449445));
#3915=CARTESIAN_POINT('Ctrl Pts',(0.976114408015455,26.,-0.946390854800501));
#3916=CARTESIAN_POINT('Ctrl Pts',(0.976808477779624,26.,-1.05215853198066));
#3917=CARTESIAN_POINT('',(0.720844819600945,25.8,-0.852017641147243));
#3918=CARTESIAN_POINT('Ctrl Pts',(-0.475150634462382,25.8,1.49043880191172));
#3919=CARTESIAN_POINT('Ctrl Pts',(-0.455035647349267,25.8,1.57654168529522));
#3920=CARTESIAN_POINT('Ctrl Pts',(-0.355274145059207,25.8,1.7345743948038));
#3921=CARTESIAN_POINT('Ctrl Pts',(-0.179642401251594,25.8,1.79825279991807));
#3922=CARTESIAN_POINT('Ctrl Pts',(-0.0908452394088488,25.8,1.79940875607733));
#3923=CARTESIAN_POINT('Ctrl Pts',(-0.540069322802735,25.8666666666667,1.50560482804293));
#3924=CARTESIAN_POINT('Ctrl Pts',(-0.516601837837435,25.8666666666667,1.60605819199034));
#3925=CARTESIAN_POINT('Ctrl Pts',(-0.400213418499032,25.8666666666667,1.79042968641703));
#3926=CARTESIAN_POINT('Ctrl Pts',(-0.195309717390149,25.8666666666667,1.86472115905033));
#3927=CARTESIAN_POINT('Ctrl Pts',(-0.0917130285736134,25.8666666666667,
1.86606977456948));
#3928=CARTESIAN_POINT('Ctrl Pts',(-0.604988011143089,25.9333333333333,1.52077085417414));
#3929=CARTESIAN_POINT('Ctrl Pts',(-0.578168028325602,25.9333333333333,1.63557469868547));
#3930=CARTESIAN_POINT('Ctrl Pts',(-0.445152691938856,25.9333333333333,1.84628497803025));
#3931=CARTESIAN_POINT('Ctrl Pts',(-0.210977033528705,25.9333333333333,1.9311895181826));
#3932=CARTESIAN_POINT('Ctrl Pts',(-0.092580817738378,25.9333333333333,1.93273079306162));
#3933=CARTESIAN_POINT('Ctrl Pts',(-0.669906699483442,26.,1.53593688030535));
#3934=CARTESIAN_POINT('Ctrl Pts',(-0.63973421881377,26.,1.66509120538059));
#3935=CARTESIAN_POINT('Ctrl Pts',(-0.490091965378681,26.,1.90214026964347));
#3936=CARTESIAN_POINT('Ctrl Pts',(-0.22664434966726,26.,1.99765787731486));
#3937=CARTESIAN_POINT('Ctrl Pts',(-0.0934486069031426,26.,1.99939181155377));
#3938=CARTESIAN_POINT('',(-0.475150634462382,25.8,1.49043880191172));
#3939=CARTESIAN_POINT('',(-0.669906700459481,26.,1.53593688053336));
#3940=CARTESIAN_POINT('',(-0.475150634462382,25.8,1.49043880191172));
#3941=CARTESIAN_POINT('',(-0.0934486069031426,26.,1.99939181155377));
#3942=CARTESIAN_POINT('Ctrl Pts',(-0.669906699483442,26.,1.53593688030535));
#3943=CARTESIAN_POINT('Ctrl Pts',(-0.63973421881377,26.,1.66509120538059));
#3944=CARTESIAN_POINT('Ctrl Pts',(-0.490091965378681,26.,1.90214026964347));
#3945=CARTESIAN_POINT('Ctrl Pts',(-0.22664434966726,26.,1.99765787731486));
#3946=CARTESIAN_POINT('Ctrl Pts',(-0.0934486069031426,26.,1.99939181155377));
#3947=CARTESIAN_POINT('',(-0.0908452394088488,25.8,1.79940875607733));
#3948=CARTESIAN_POINT('',(-0.0934486069031426,26.,1.99939181155377));
#3949=CARTESIAN_POINT('Ctrl Pts',(-0.0908452394088488,25.8,1.79940875607733));
#3950=CARTESIAN_POINT('Ctrl Pts',(-0.179642401251594,25.8,1.79825279991807));
#3951=CARTESIAN_POINT('Ctrl Pts',(-0.355274145059207,25.8,1.7345743948038));
#3952=CARTESIAN_POINT('Ctrl Pts',(-0.455035647349267,25.8,1.57654168529522));
#3953=CARTESIAN_POINT('Ctrl Pts',(-0.475150634462382,25.8,1.49043880191172));
#3954=CARTESIAN_POINT('Ctrl Pts',(5.55111512312578E-16,26.,2.));
#3955=CARTESIAN_POINT('Ctrl Pts',(-0.0311464775780808,26.,2.));
#3956=CARTESIAN_POINT('Ctrl Pts',(-0.0622976174396423,26.,1.99979733327755));
#3957=CARTESIAN_POINT('Ctrl Pts',(-0.0934486069031426,26.,1.99939181155377));
#3958=CARTESIAN_POINT('Ctrl Pts',(5.55111512312578E-16,25.9333333333333,
1.93333333333333));
#3959=CARTESIAN_POINT('Ctrl Pts',(-0.0308572809431867,25.9333333333333,
1.93333333333333));
#3960=CARTESIAN_POINT('Ctrl Pts',(-0.0617191809045135,25.9333333333333,
1.93313254801012));
#3961=CARTESIAN_POINT('Ctrl Pts',(-0.0925808177383779,25.9333333333333,
1.93273079306162));
#3962=CARTESIAN_POINT('Ctrl Pts',(5.55111512312578E-16,25.8666666666667,
1.86666666666666));
#3963=CARTESIAN_POINT('Ctrl Pts',(-0.0305680843082929,25.8666666666667,
1.86666666666666));
#3964=CARTESIAN_POINT('Ctrl Pts',(-0.0611407443693847,25.8666666666667,
1.8664677627427));
#3965=CARTESIAN_POINT('Ctrl Pts',(-0.0917130285736132,25.8666666666667,
1.86606977456948));
#3966=CARTESIAN_POINT('Ctrl Pts',(5.55111512312578E-16,25.8,1.8));
#3967=CARTESIAN_POINT('Ctrl Pts',(-0.0302788876733988,25.8,1.8));
#3968=CARTESIAN_POINT('Ctrl Pts',(-0.060562307834256,25.8,1.79980297747527));
#3969=CARTESIAN_POINT('Ctrl Pts',(-0.0908452394088485,25.8,1.79940875607733));
#3970=CARTESIAN_POINT('',(5.55111512312578E-16,26.,2.));
#3971=CARTESIAN_POINT('Ctrl Pts',(-0.0934486069031426,26.,1.99939181155377));
#3972=CARTESIAN_POINT('Ctrl Pts',(-0.0622976174396423,26.,1.99979733327755));
#3973=CARTESIAN_POINT('Ctrl Pts',(-0.0311464775780808,26.,2.));
#3974=CARTESIAN_POINT('Ctrl Pts',(5.55111512312578E-16,26.,2.));
#3975=CARTESIAN_POINT('',(5.41474322814456E-16,25.8,1.8));
#3976=CARTESIAN_POINT('',(5.55111512312578E-16,26.,2.));
#3977=CARTESIAN_POINT('Ctrl Pts',(5.55111512312578E-16,25.8,1.8));
#3978=CARTESIAN_POINT('Ctrl Pts',(-0.0302788876733988,25.8,1.8));
#3979=CARTESIAN_POINT('Ctrl Pts',(-0.060562307834256,25.8,1.79980297747527));
#3980=CARTESIAN_POINT('Ctrl Pts',(-0.0908452394088485,25.8,1.79940875607733));
#3981=CARTESIAN_POINT('Ctrl Pts',(0.0934486114294913,26.,1.99939181149484));
#3982=CARTESIAN_POINT('Ctrl Pts',(0.062297620457209,26.,1.99979733325792));
#3983=CARTESIAN_POINT('Ctrl Pts',(0.0311464790866313,26.,2.));
#3984=CARTESIAN_POINT('Ctrl Pts',(5.55111512312578E-16,26.,2.));
#3985=CARTESIAN_POINT('Ctrl Pts',(0.0925808222226827,25.9333333333333,1.93273079300325));
#3986=CARTESIAN_POINT('Ctrl Pts',(0.061719183894062,25.9333333333333,1.93313254799067));
#3987=CARTESIAN_POINT('Ctrl Pts',(0.0308572824377303,25.9333333333333,1.93333333333333));
#3988=CARTESIAN_POINT('Ctrl Pts',(5.31981865966221E-16,25.9333333333333,
1.93333333333333));
#3989=CARTESIAN_POINT('Ctrl Pts',(0.091713033015874,25.8666666666667,1.86606977451165));
#3990=CARTESIAN_POINT('Ctrl Pts',(0.0611407473309149,25.8666666666667,1.86646776272343));
#3991=CARTESIAN_POINT('Ctrl Pts',(0.0305680857888294,25.8666666666667,1.86666666666666));
#3992=CARTESIAN_POINT('Ctrl Pts',(5.08852219619863E-16,25.8666666666667,
1.86666666666666));
#3993=CARTESIAN_POINT('Ctrl Pts',(0.0908452438090654,25.8,1.79940875602005));
#3994=CARTESIAN_POINT('Ctrl Pts',(0.0605623107677679,25.8,1.79980297745618));
#3995=CARTESIAN_POINT('Ctrl Pts',(0.0302788891399284,25.8,1.8));
#3996=CARTESIAN_POINT('Ctrl Pts',(4.85722573273506E-16,25.8,1.8));
#3997=CARTESIAN_POINT('',(0.0934486114294913,26.,1.99939181149484));
#3998=CARTESIAN_POINT('Ctrl Pts',(5.55111512312578E-16,26.,2.));
#3999=CARTESIAN_POINT('Ctrl Pts',(0.0311464790866313,26.,2.));
#4000=CARTESIAN_POINT('Ctrl Pts',(0.062297620457209,26.,1.99979733325792));
#4001=CARTESIAN_POINT('Ctrl Pts',(0.0934486114294913,26.,1.99939181149484));
#4002=CARTESIAN_POINT('',(0.0908452438090653,25.8,1.79940875602005));
#4003=CARTESIAN_POINT('',(0.0934486114294913,26.,1.99939181149484));
#4004=CARTESIAN_POINT('Ctrl Pts',(0.0908452438090654,25.8,1.79940875602005));
#4005=CARTESIAN_POINT('Ctrl Pts',(0.0605623107677679,25.8,1.79980297745618));
#4006=CARTESIAN_POINT('Ctrl Pts',(0.0302788891399284,25.8,1.8));
#4007=CARTESIAN_POINT('Ctrl Pts',(4.85722573273506E-16,25.8,1.8));
#4008=CARTESIAN_POINT('Ctrl Pts',(0.0908452438090653,25.8,1.79940875602005));
#4009=CARTESIAN_POINT('Ctrl Pts',(0.17966021169241,25.8,1.79825256800678));
#4010=CARTESIAN_POINT('Ctrl Pts',(0.355101094296008,25.8,1.73474360301342));
#4011=CARTESIAN_POINT('Ctrl Pts',(0.455018315662409,25.8,1.57661589421688));
#4012=CARTESIAN_POINT('Ctrl Pts',(0.475150639159516,25.8,1.49043879950693));
#4013=CARTESIAN_POINT('Ctrl Pts',(0.091713033015874,25.8666666666667,1.86606977451165));
#4014=CARTESIAN_POINT('Ctrl Pts',(0.195330495546443,25.8666666666667,1.86472088849617));
#4015=CARTESIAN_POINT('Ctrl Pts',(0.40001152525064,25.8666666666667,1.79062709600391));
#4016=CARTESIAN_POINT('Ctrl Pts',(0.516581616844774,25.8666666666667,1.60614476907461));
#4017=CARTESIAN_POINT('Ctrl Pts',(0.5400693275914,25.8666666666667,1.50560482524634));
#4018=CARTESIAN_POINT('Ctrl Pts',(0.0925808222226827,25.9333333333333,1.93273079300324));
#4019=CARTESIAN_POINT('Ctrl Pts',(0.211000779400476,25.9333333333333,1.93118920898555));
#4020=CARTESIAN_POINT('Ctrl Pts',(0.444921956205273,25.9333333333333,1.84651058899441));
#4021=CARTESIAN_POINT('Ctrl Pts',(0.57814491802714,25.9333333333333,1.63567364393235));
#4022=CARTESIAN_POINT('Ctrl Pts',(0.604988016023284,25.9333333333333,1.52077085098575));
#4023=CARTESIAN_POINT('Ctrl Pts',(0.0934486114294913,26.,1.99939181149484));
#4024=CARTESIAN_POINT('Ctrl Pts',(0.226671063254508,26.,1.99765752947494));
#4025=CARTESIAN_POINT('Ctrl Pts',(0.489832387159905,26.,1.9023940819849));
#4026=CARTESIAN_POINT('Ctrl Pts',(0.639708219209506,26.,1.66520251879008));
#4027=CARTESIAN_POINT('Ctrl Pts',(0.669906704455167,26.,1.53593687672516));
#4028=CARTESIAN_POINT('',(0.475150639159516,25.8,1.49043879950693));
#4029=CARTESIAN_POINT('',(0.669906705186546,26.,1.53593687689602));
#4030=CARTESIAN_POINT('Ctrl Pts',(0.475150639159516,25.8,1.49043879950693));
#4031=CARTESIAN_POINT('Ctrl Pts',(0.455018315662409,25.8,1.57661589421688));
#4032=CARTESIAN_POINT('Ctrl Pts',(0.355101094296008,25.8,1.73474360301342));
#4033=CARTESIAN_POINT('Ctrl Pts',(0.17966021169241,25.8,1.79825256800678));
#4034=CARTESIAN_POINT('Ctrl Pts',(0.0908452438090653,25.8,1.79940875602005));
#4035=CARTESIAN_POINT('Ctrl Pts',(0.0934486114294913,26.,1.99939181149484));
#4036=CARTESIAN_POINT('Ctrl Pts',(0.226671063254508,26.,1.99765752947494));
#4037=CARTESIAN_POINT('Ctrl Pts',(0.489832387159905,26.,1.9023940819849));
#4038=CARTESIAN_POINT('Ctrl Pts',(0.639708219209506,26.,1.66520251879008));
#4039=CARTESIAN_POINT('Ctrl Pts',(0.669906704455167,26.,1.53593687672516));
#4040=CARTESIAN_POINT('Ctrl Pts',(-0.46784984810285,25.8,1.28148295387212));
#4041=CARTESIAN_POINT('Ctrl Pts',(-0.488706514347193,25.8,1.34906243246651));
#4042=CARTESIAN_POINT('Ctrl Pts',(-0.491170362289496,25.8,1.42186581455773));
#4043=CARTESIAN_POINT('Ctrl Pts',(-0.475150634462382,25.8,1.49043880191172));
#4044=CARTESIAN_POINT('Ctrl Pts',(-0.531551738716615,25.8666666666667,1.26182300533006));
#4045=CARTESIAN_POINT('Ctrl Pts',(-0.555884516001682,25.8666666666667,1.34066573035685));
#4046=CARTESIAN_POINT('Ctrl Pts',(-0.558759005267702,25.8666666666667,1.42560300946327));
#4047=CARTESIAN_POINT('Ctrl Pts',(-0.540069322802735,25.8666666666667,1.50560482804293));
#4048=CARTESIAN_POINT('Ctrl Pts',(-0.59525362933038,25.9333333333333,1.242163056788));
#4049=CARTESIAN_POINT('Ctrl Pts',(-0.623062517656171,25.9333333333333,1.33226902824719));
#4050=CARTESIAN_POINT('Ctrl Pts',(-0.626347648245908,25.9333333333333,1.42934020436881));
#4051=CARTESIAN_POINT('Ctrl Pts',(-0.604988011143089,25.9333333333333,1.52077085417414));
#4052=CARTESIAN_POINT('Ctrl Pts',(-0.658955519944144,26.,1.22250310824594));
#4053=CARTESIAN_POINT('Ctrl Pts',(-0.690240519310659,26.,1.32387232613754));
#4054=CARTESIAN_POINT('Ctrl Pts',(-0.693936291224114,26.,1.43307739927435));
#4055=CARTESIAN_POINT('Ctrl Pts',(-0.669906699483442,26.,1.53593688030535));
#4056=CARTESIAN_POINT('',(-0.611179101983822,25.95,1.23724806965249));
#4057=CARTESIAN_POINT('Ctrl Pts',(-0.611179101983822,25.95,1.23724806965249));
#4058=CARTESIAN_POINT('Ctrl Pts',(-0.619842466656746,25.95,1.26531898283729));
#4059=CARTESIAN_POINT('Ctrl Pts',(-0.627542997941279,25.9514359790382,1.29353127579174));
#4060=CARTESIAN_POINT('Ctrl Pts',(-0.634362357259113,25.954247964475,1.32186584407107));
#4061=CARTESIAN_POINT('Ctrl Pts',(-0.638931041000308,25.9561318763716,1.34084881232045));
#4062=CARTESIAN_POINT('Ctrl Pts',(-0.643103419457256,25.958633399942,1.35988602708026));
#4063=CARTESIAN_POINT('Ctrl Pts',(-0.646901640631083,25.9617345010343,1.37895846545542));
#4064=CARTESIAN_POINT('Ctrl Pts',(-0.651373367356106,25.9653854934323,1.40141285357301));
#4065=CARTESIAN_POINT('Ctrl Pts',(-0.655294541623998,25.9698391626996,1.42371013417147));
#4066=CARTESIAN_POINT('Ctrl Pts',(-0.658713523043079,25.9750211159329,1.44590879074915));
#4067=CARTESIAN_POINT('Ctrl Pts',(-0.662407864910356,25.9806204171392,1.46989529910938));
#4068=CARTESIAN_POINT('Ctrl Pts',(-0.665514255469901,25.9870700364599,1.4937674633005));
#4069=CARTESIAN_POINT('Ctrl Pts',(-0.668054578094707,25.9942761199503,1.51755379727272));
#4070=CARTESIAN_POINT('Ctrl Pts',(-0.668709638094553,25.9961343158361,1.52368745753147));
#4071=CARTESIAN_POINT('Ctrl Pts',(-0.669326943126538,25.9980428122763,1.52981516071116));
#4072=CARTESIAN_POINT('Ctrl Pts',(-0.669906699483442,26.,1.53593688030535));
#4073=CARTESIAN_POINT('',(-0.46784984810285,25.8,1.28148295387212));
#4074=CARTESIAN_POINT('Ctrl Pts',(-0.475150634462382,25.8,1.49043880191172));
#4075=CARTESIAN_POINT('Ctrl Pts',(-0.491170362289496,25.8,1.42186581455773));
#4076=CARTESIAN_POINT('Ctrl Pts',(-0.488706514347193,25.8,1.34906243246651));
#4077=CARTESIAN_POINT('Ctrl Pts',(-0.46784984810285,25.8,1.28148295387212));
#4078=CARTESIAN_POINT('',(-0.46784984810285,25.8,1.28148295387212));
#4079=CARTESIAN_POINT('Ctrl Pts',(0.475150639159516,25.8,1.49043879950693));
#4080=CARTESIAN_POINT('Ctrl Pts',(0.491172887011609,25.8,1.4218550232322));
#4081=CARTESIAN_POINT('Ctrl Pts',(0.488696015554819,25.8,1.34902839982655));
#4082=CARTESIAN_POINT('Ctrl Pts',(0.467849851706807,25.8,1.28148295205547));
#4083=CARTESIAN_POINT('Ctrl Pts',(0.5400693275914,25.8666666666667,1.50560482524634));
#4084=CARTESIAN_POINT('Ctrl Pts',(0.558761950085509,25.8666666666667,1.42559041959249));
#4085=CARTESIAN_POINT('Ctrl Pts',(0.555872266719254,25.8666666666667,1.34062602561922));
#4086=CARTESIAN_POINT('Ctrl Pts',(0.531551742229906,25.8666666666667,1.26182300321964));
#4087=CARTESIAN_POINT('Ctrl Pts',(0.604988016023284,25.9333333333333,1.52077085098575));
#4088=CARTESIAN_POINT('Ctrl Pts',(0.626351013159408,25.9333333333333,1.42932581595278));
#4089=CARTESIAN_POINT('Ctrl Pts',(0.623048517883688,25.9333333333333,1.3322236514119));
#4090=CARTESIAN_POINT('Ctrl Pts',(0.595253632753005,25.9333333333333,1.24216305438381));
#4091=CARTESIAN_POINT('Ctrl Pts',(0.669906704455167,26.,1.53593687672516));
#4092=CARTESIAN_POINT('Ctrl Pts',(0.693940076233308,26.,1.43306121231307));
#4093=CARTESIAN_POINT('Ctrl Pts',(0.690224769048122,26.,1.32382127720458));
#4094=CARTESIAN_POINT('Ctrl Pts',(0.658955523276104,26.,1.22250310554798));
#4095=CARTESIAN_POINT('',(0.658955523276104,26.,1.22250310554798));
#4096=CARTESIAN_POINT('Ctrl Pts',(0.467849851706807,25.8,1.28148295205547));
#4097=CARTESIAN_POINT('Ctrl Pts',(0.488696015554819,25.8,1.34902839982655));
#4098=CARTESIAN_POINT('Ctrl Pts',(0.491172887011609,25.8,1.4218550232322));
#4099=CARTESIAN_POINT('Ctrl Pts',(0.475150639159516,25.8,1.49043879950693));
#4100=CARTESIAN_POINT('Origin',(2.99999999999999,25.9,0.499999985831119));
#4101=CARTESIAN_POINT('Ctrl Pts',(-0.776812792049048,25.8,-1.05347094399376));
#4102=CARTESIAN_POINT('Ctrl Pts',(-0.776350078503263,25.8,-0.982959159233075));
#4103=CARTESIAN_POINT('Ctrl Pts',(-0.756820384947916,25.8,-0.912663209124887));
#4104=CARTESIAN_POINT('Ctrl Pts',(-0.720844826692147,25.8,-0.852017639607002));
#4105=CARTESIAN_POINT('Ctrl Pts',(-0.843478023339547,25.8666666666667,-1.05303347236181));
#4106=CARTESIAN_POINT('Ctrl Pts',(-0.842938190869465,25.8666666666667,-0.970769723474343));
#4107=CARTESIAN_POINT('Ctrl Pts',(-0.820153548388227,25.8666666666667,-0.888757781681458));
#4108=CARTESIAN_POINT('Ctrl Pts',(-0.778182063756496,25.8666666666667,-0.818004617243925));
#4109=CARTESIAN_POINT('Ctrl Pts',(-0.910143254630045,25.9333333333333,-1.05259600072986));
#4110=CARTESIAN_POINT('Ctrl Pts',(-0.909526303235666,25.9333333333333,-0.958580287715612));
#4111=CARTESIAN_POINT('Ctrl Pts',(-0.883486711828537,25.9333333333333,-0.864852354238029));
#4112=CARTESIAN_POINT('Ctrl Pts',(-0.835519300820844,25.9333333333333,-0.783991594880849));
#4113=CARTESIAN_POINT('Ctrl Pts',(-0.976808485920544,26.,-1.05215852909791));
#4114=CARTESIAN_POINT('Ctrl Pts',(-0.976114415601867,26.,-0.946390851956881));
#4115=CARTESIAN_POINT('Ctrl Pts',(-0.946819875268847,26.,-0.8409469267946));
#4116=CARTESIAN_POINT('Ctrl Pts',(-0.892856537885193,26.,-0.749978572517772));
#4117=CARTESIAN_POINT('',(-0.849853610086932,25.95,-0.775488339290079));
#4118=CARTESIAN_POINT('Ctrl Pts',(-0.976808485920544,26.,-1.05215852909791));
#4119=CARTESIAN_POINT('Ctrl Pts',(-0.968999485194058,25.9923405354852,-1.02939620304102));
#4120=CARTESIAN_POINT('Ctrl Pts',(-0.960600584968479,25.9854217754921,-1.00661517452955));
#4121=CARTESIAN_POINT('Ctrl Pts',(-0.95158759329273,25.9793441969358,-0.98385874649881));
#4122=CARTESIAN_POINT('Ctrl Pts',(-0.944785936426312,25.9747577504588,-0.966685601272582));
#4123=CARTESIAN_POINT('Ctrl Pts',(-0.937635058290907,25.970650354349,-0.949525286930685));
#4124=CARTESIAN_POINT('Ctrl Pts',(-0.930117064769571,25.9670651906846,-0.93237802658652));
#4125=CARTESIAN_POINT('Ctrl Pts',(-0.919922348476563,25.9622035575482,-0.909125618358847));
#4126=CARTESIAN_POINT('Ctrl Pts',(-0.909113477079507,25.9583300173393,-0.886038398113007));
#4127=CARTESIAN_POINT('Ctrl Pts',(-0.897639365426702,25.9555103806647,-0.863120544684763));
#4128=CARTESIAN_POINT('Ctrl Pts',(-0.892674175727303,25.9542902399343,-0.853203307236019));
#4129=CARTESIAN_POINT('Ctrl Pts',(-0.887583945804948,25.9532674479672,-0.843317348443397));
#4130=CARTESIAN_POINT('Ctrl Pts',(-0.882361814084621,25.9524473374519,-0.83346149630979));
#4131=CARTESIAN_POINT('Ctrl Pts',(-0.876516346584035,25.9515293350688,-0.82242920788372));
#4132=CARTESIAN_POINT('Ctrl Pts',(-0.870521858153465,25.9508677254243,-0.811465579984471));
#4133=CARTESIAN_POINT('Ctrl Pts',(-0.864369458169471,25.9504656646958,-0.800569319788868));
#4134=CARTESIAN_POINT('Ctrl Pts',(-0.86054228212976,25.9502155578771,-0.793791167189628));
#4135=CARTESIAN_POINT('Ctrl Pts',(-0.85665699405094,25.9500660845241,-0.787044471913485));
#4136=CARTESIAN_POINT('Ctrl Pts',(-0.852711328152601,25.9500175229877,-0.780328904710287));
#4137=CARTESIAN_POINT('Ctrl Pts',(-0.851762125771247,25.9500058406184,-0.778713351709689));
#4138=CARTESIAN_POINT('Ctrl Pts',(-0.850809563457233,25.9500000000002,-0.777099831630931));
#4139=CARTESIAN_POINT('Ctrl Pts',(-0.849853610136919,25.9500000000002,-0.775488339373886));
#4140=CARTESIAN_POINT('',(-0.720844826692147,25.8,-0.852017639607002));
#4141=CARTESIAN_POINT('',(-0.892856537885193,26.,-0.749978572517773));
#4142=CARTESIAN_POINT('Ctrl Pts',(-0.720844826692147,25.8,-0.852017639607002));
#4143=CARTESIAN_POINT('Ctrl Pts',(-0.756820384947916,25.8,-0.912663209124887));
#4144=CARTESIAN_POINT('Ctrl Pts',(-0.776350078503263,25.8,-0.982959159233075));
#4145=CARTESIAN_POINT('Ctrl Pts',(-0.776812792049048,25.8,-1.05347094399376));
#4146=CARTESIAN_POINT('Origin',(-3.,25.9,0.499999999325291));
#4147=CARTESIAN_POINT('Origin',(-3.,25.95,0.499999999325291));
#4148=CARTESIAN_POINT('Origin',(-3.,25.8,0.499999999325291));
#4149=CARTESIAN_POINT('Origin',(-0.376821404306056,0.,-1.05609577378546));
#4150=CARTESIAN_POINT('',(-0.720844826692148,0.,-0.852017639607002));
#4151=CARTESIAN_POINT('Origin',(-3.,0.,0.499999999325291));
#4152=CARTESIAN_POINT('',(-0.46784984810285,22.455,1.28148295387212));
#4153=CARTESIAN_POINT('Ctrl Pts',(-0.46784984810285,22.455,1.28148295387212));
#4154=CARTESIAN_POINT('Ctrl Pts',(-0.46784984810285,23.57,1.28148295387212));
#4155=CARTESIAN_POINT('Ctrl Pts',(-0.46784984810285,24.685,1.28148295387212));
#4156=CARTESIAN_POINT('Ctrl Pts',(-0.46784984810285,25.8,1.28148295387212));
#4157=CARTESIAN_POINT('',(-0.46784984810285,1.545,1.28148295387212));
#4158=CARTESIAN_POINT('Ctrl Pts',(-0.46784984810285,1.545,1.28148295387212));
#4159=CARTESIAN_POINT('Ctrl Pts',(-0.46784984810285,8.515,1.28148295387212));
#4160=CARTESIAN_POINT('Ctrl Pts',(-0.46784984810285,15.485,1.28148295387212));
#4161=CARTESIAN_POINT('Ctrl Pts',(-0.46784984810285,22.455,1.28148295387212));
#4162=CARTESIAN_POINT('Ctrl Pts',(-0.46784984810285,-1.8,1.28148295387212));
#4163=CARTESIAN_POINT('Ctrl Pts',(-0.46784984810285,-0.684999999999999,
1.28148295387212));
#4164=CARTESIAN_POINT('Ctrl Pts',(-0.46784984810285,0.430000000000002,1.28148295387212));
#4165=CARTESIAN_POINT('Ctrl Pts',(-0.46784984810285,1.545,1.28148295387212));
#4166=CARTESIAN_POINT('Ctrl Pts',(-0.0908452394088488,22.455,1.79940875607733));
#4167=CARTESIAN_POINT('Ctrl Pts',(-0.0908452394088488,23.57,1.79940875607733));
#4168=CARTESIAN_POINT('Ctrl Pts',(-0.0908452394088488,24.685,1.79940875607733));
#4169=CARTESIAN_POINT('Ctrl Pts',(-0.0908452394088488,25.8,1.79940875607733));
#4170=CARTESIAN_POINT('Ctrl Pts',(-0.161587023632764,22.455,1.79848784374755));
#4171=CARTESIAN_POINT('Ctrl Pts',(-0.161587023632764,23.57,1.79848784374755));
#4172=CARTESIAN_POINT('Ctrl Pts',(-0.161587023632764,24.685,1.79848784374755));
#4173=CARTESIAN_POINT('Ctrl Pts',(-0.161587023632764,25.8,1.79848784374755));
#4174=CARTESIAN_POINT('Ctrl Pts',(-0.302139652827305,22.455,1.75819386734201));
#4175=CARTESIAN_POINT('Ctrl Pts',(-0.302139652827305,23.57,1.75819386734201));
#4176=CARTESIAN_POINT('Ctrl Pts',(-0.302139652827305,24.685,1.75819386734201));
#4177=CARTESIAN_POINT('Ctrl Pts',(-0.302139652827305,25.8,1.75819386734201));
#4178=CARTESIAN_POINT('Ctrl Pts',(-0.479852046863789,22.455,1.57264558531567));
#4179=CARTESIAN_POINT('Ctrl Pts',(-0.479852046863789,23.57,1.57264558531567));
#4180=CARTESIAN_POINT('Ctrl Pts',(-0.479852046863789,24.685,1.57264558531567));
#4181=CARTESIAN_POINT('Ctrl Pts',(-0.479852046863789,25.8,1.57264558531567));
#4182=CARTESIAN_POINT('Ctrl Pts',(-0.49914504586028,22.455,1.38288521644748));
#4183=CARTESIAN_POINT('Ctrl Pts',(-0.49914504586028,23.57,1.38288521644748));
#4184=CARTESIAN_POINT('Ctrl Pts',(-0.49914504586028,24.685,1.38288521644748));
#4185=CARTESIAN_POINT('Ctrl Pts',(-0.49914504586028,25.8,1.38288521644748));
#4186=CARTESIAN_POINT('Ctrl Pts',(-0.46784984810285,22.455,1.28148295387212));
#4187=CARTESIAN_POINT('Ctrl Pts',(-0.46784984810285,23.57,1.28148295387212));
#4188=CARTESIAN_POINT('Ctrl Pts',(-0.46784984810285,24.685,1.28148295387212));
#4189=CARTESIAN_POINT('Ctrl Pts',(-0.46784984810285,25.8,1.28148295387212));
#4190=CARTESIAN_POINT('',(-0.0908452394088488,22.455,1.79940875607733));
#4191=CARTESIAN_POINT('Ctrl Pts',(-0.0908452394088488,25.8,1.79940875607733));
#4192=CARTESIAN_POINT('Ctrl Pts',(-0.0908452394088488,24.685,1.79940875607733));
#4193=CARTESIAN_POINT('Ctrl Pts',(-0.0908452394088488,23.57,1.79940875607733));
#4194=CARTESIAN_POINT('Ctrl Pts',(-0.0908452394088488,22.455,1.79940875607733));
#4195=CARTESIAN_POINT('Origin',(-0.0856385044202609,22.455,1.39944264512447));
#4196=CARTESIAN_POINT('Origin',(2.99999999999999,-2.,0.499999985831119));
#4197=CARTESIAN_POINT('',(-6.59999999999997,-2.,-3.6811309201595));
#4198=CARTESIAN_POINT('',(-5.44186046511625,-2.,-4.3103543174813));
#4199=CARTESIAN_POINT('Origin',(-5.84999999999997,-2.,-3.68113089129239));
#4200=CARTESIAN_POINT('',(5.44186046511628,-2.,-4.31035431748132));
#4201=CARTESIAN_POINT('Origin',(1.54074395550979E-32,-2.,-12.7));
#4202=CARTESIAN_POINT('',(6.60000000000001,-2.,-3.68113092017717));
#4203=CARTESIAN_POINT('Origin',(5.85,-2.,-3.68113089129242));
#4204=CARTESIAN_POINT('',(6.60000000000001,-2.,-3.11424289134443E-9));
#4205=CARTESIAN_POINT('',(6.60000000000002,-2.,0.249999992915554));
#4206=CARTESIAN_POINT('',(-6.6,-2.,-3.14481100813224E-7));
#4207=CARTESIAN_POINT('Origin',(0.,-2.,0.));
#4208=CARTESIAN_POINT('',(-6.59999999999997,-2.,-1.59056546716419));
#4209=CARTESIAN_POINT('',(0.933098648361465,-2.,1.99345865703526));
#4210=CARTESIAN_POINT('Origin',(2.99999999999999,-2.,0.499999985831119));
#4211=CARTESIAN_POINT('',(3.17081333211771,-2.,3.04427253521942));
#4212=CARTESIAN_POINT('Origin',(2.13102814793257,-2.,2.35048094493523));
#4213=CARTESIAN_POINT('Origin',(2.99999999999999,-2.,0.499999985831119));
#4214=CARTESIAN_POINT('Origin',(2.99999999999999,-1.725,0.499999985831119));
#4215=CARTESIAN_POINT('Ctrl Pts',(3.17081333211771,-2.,3.04427253521942));
#4216=CARTESIAN_POINT('Ctrl Pts',(3.1307021647993,-1.92817287264702,2.97497663661465));
#4217=CARTESIAN_POINT('Ctrl Pts',(3.08971284401174,-1.85717045465714,2.90584892397218));
#4218=CARTESIAN_POINT('Ctrl Pts',(3.03966407475926,-1.77481683212295,2.82448993152582));
#4219=CARTESIAN_POINT('Ctrl Pts',(3.03203967120607,-1.76238785572389,2.81217817586571));
#4220=CARTESIAN_POINT('Ctrl Pts',(3.02436382543077,-1.75,2.79987093960448));
#4221=CARTESIAN_POINT('Ctrl Pts',(3.03733593496922,-1.72340582383465,2.77309920667593));
#4222=CARTESIAN_POINT('Ctrl Pts',(3.10683689123663,-1.57552205095568,2.62405392497843));
#4223=CARTESIAN_POINT('Ctrl Pts',(3.16797947786922,-1.45,2.49293322480697));
#4224=CARTESIAN_POINT('Ctrl Pts',(1.21469501918701,-1.75,1.95006416561227));
#4225=CARTESIAN_POINT('Ctrl Pts',(1.20032245399377,-1.76238785572388,1.95201763496753));
#4226=CARTESIAN_POINT('Ctrl Pts',(1.18597926469817,-1.77481683212295,1.95401357529901));
#4227=CARTESIAN_POINT('Ctrl Pts',(1.09141008501133,-1.85717045465713,1.96746107353965));
#4228=CARTESIAN_POINT('Ctrl Pts',(1.01203865976724,-1.92817287264701,1.98006829085858));
#4229=CARTESIAN_POINT('Ctrl Pts',(0.933098648361465,-2.,1.99345865703526));
#4230=CARTESIAN_POINT('Origin',(3.90231108963899,26.,0.918154001417781));
#4231=CARTESIAN_POINT('Origin',(2.99999999999999,26.,0.499999985831119));
#4232=CARTESIAN_POINT('',(-5.44186046511625,26.,-4.3103543174813));
#4233=CARTESIAN_POINT('',(-6.59999999999997,26.,-3.6811309201595));
#4234=CARTESIAN_POINT('Origin',(-5.84999999999997,26.,-3.68113089129239));
#4235=CARTESIAN_POINT('',(-6.6,26.,-3.14481100813224E-7));
#4236=CARTESIAN_POINT('',(-6.59999999999997,26.,-1.59056546716419));
#4237=CARTESIAN_POINT('',(6.60000000000001,26.,-3.11424289134443E-9));
#4238=CARTESIAN_POINT('Origin',(0.,26.,0.));
#4239=CARTESIAN_POINT('',(6.60000000000001,26.,-3.68113092017717));
#4240=CARTESIAN_POINT('',(6.60000000000002,26.,0.249999992915554));
#4241=CARTESIAN_POINT('',(5.44186046511628,26.,-4.31035431748132));
#4242=CARTESIAN_POINT('Origin',(5.85,26.,-3.68113089129242));
#4243=CARTESIAN_POINT('Origin',(1.54074395550979E-32,26.,-12.7));
#4244=CARTESIAN_POINT('',(-0.933098645514179,26.,1.99345866658886));
#4245=CARTESIAN_POINT('Origin',(-3.,26.,0.499999999325291));
#4246=CARTESIAN_POINT('',(-3.17081332269153,26.,3.04427254934643));
#4247=CARTESIAN_POINT('Origin',(-2.13102814793257,26.,2.35048094493523));
#4248=CARTESIAN_POINT('Origin',(-3.,26.,0.499999999325291));
#4249=CARTESIAN_POINT('Origin',(-3.,25.725,0.499999999325291));
#4250=CARTESIAN_POINT('Ctrl Pts',(-3.17081332269153,26.,3.04427254934643));
#4251=CARTESIAN_POINT('Ctrl Pts',(-3.13070215501638,25.9281728707606,2.97497664874355));
#4252=CARTESIAN_POINT('Ctrl Pts',(-3.08971283384472,25.8571704509127,2.90584893411137));
#4253=CARTESIAN_POINT('Ctrl Pts',(-3.03966406539054,25.77481682843,2.82448994148278));
#4254=CARTESIAN_POINT('Ctrl Pts',(-3.03203966310116,25.762387853884,2.81217818762809));
#4255=CARTESIAN_POINT('Ctrl Pts',(-3.0243638186062,25.75,2.79987095317095));
#4256=CARTESIAN_POINT('Ctrl Pts',(-3.03733593496922,25.7234058103423,2.77309920667593));
#4257=CARTESIAN_POINT('Ctrl Pts',(-3.10683688755912,25.5755220452953,2.62405393286486));
#4258=CARTESIAN_POINT('Ctrl Pts',(-3.16797947131935,25.45,2.49293323885322));
#4259=CARTESIAN_POINT('Ctrl Pts',(-1.21469501535305,25.75,1.95006417438608));
#4260=CARTESIAN_POINT('Ctrl Pts',(-1.20032245235477,25.762387853884,1.95201764349374));
#4261=CARTESIAN_POINT('Ctrl Pts',(-1.18597926524437,25.77481682843,1.95401358356421));
#4262=CARTESIAN_POINT('Ctrl Pts',(-1.09141008585168,25.8571704509127,1.96746108200485));
#4263=CARTESIAN_POINT('Ctrl Pts',(-1.01203865876046,25.9281728707606,1.98006829985355));
#4264=CARTESIAN_POINT('Ctrl Pts',(-0.93309864551418,26.,1.99345866658885));
#4265=CARTESIAN_POINT('Origin',(-3.03733593496922,26.,2.77309920667593));
#4266=CARTESIAN_POINT('Origin',(4.15355200294776,0.,-3.27460845594154));
#4267=CARTESIAN_POINT('',(4.04127865018519,0.,-2.99640943678538));
#4268=CARTESIAN_POINT('',(4.03257476014346,0.,-3.54913442324422));
#4269=CARTESIAN_POINT('Origin',(0.,8.,7.01736256658427));
#4270=CARTESIAN_POINT('',(4.54352584051509,8.,-2.77875583819318));
#4271=CARTESIAN_POINT('',(4.54352584051509,8.,-2.77875583819318));
#4272=CARTESIAN_POINT('',(4.54352584051509,16.,-2.77875583819318));
#4273=CARTESIAN_POINT('',(4.54352584051509,8.,-2.77875583819318));
#4274=CARTESIAN_POINT('',(4.54352584051509,16.,-2.77875583819318));
#4275=CARTESIAN_POINT('Origin',(-4.15355200294776,0.,-3.27460845594154));
#4276=CARTESIAN_POINT('',(-4.04127865018519,0.,-2.99640943678538));
#4277=CARTESIAN_POINT('',(-4.03257476014346,0.,-3.54913442324422));
#4278=CARTESIAN_POINT('Origin',(0.,8.,7.01736256658427));
#4279=CARTESIAN_POINT('',(-4.5435239520255,8.,-2.77875671409433));
#4280=CARTESIAN_POINT('Origin',(2.13102814793257,-1.875,2.35048094493523));
#4281=CARTESIAN_POINT('Origin',(-2.13102814793257,25.875,2.35048094493523));
#4282=CARTESIAN_POINT('Ctrl Pts',(0.467849851706807,22.455,1.28148295205547));
#4283=CARTESIAN_POINT('Ctrl Pts',(0.467849851706807,23.57,1.28148295205547));
#4284=CARTESIAN_POINT('Ctrl Pts',(0.467849851706807,24.685,1.28148295205547));
#4285=CARTESIAN_POINT('Ctrl Pts',(0.467849851706807,25.8,1.28148295205547));
#4286=CARTESIAN_POINT('Ctrl Pts',(0.488713317234909,22.455,1.34908446048775));
#4287=CARTESIAN_POINT('Ctrl Pts',(0.488713317234909,23.57,1.34908446048775));
#4288=CARTESIAN_POINT('Ctrl Pts',(0.488713317234909,24.685,1.34908446048775));
#4289=CARTESIAN_POINT('Ctrl Pts',(0.488713317234909,25.8,1.34908446048775));
#4290=CARTESIAN_POINT('Ctrl Pts',(0.493562755169197,22.455,1.49521840301021));
#4291=CARTESIAN_POINT('Ctrl Pts',(0.493562755169197,23.57,1.49521840301021));
#4292=CARTESIAN_POINT('Ctrl Pts',(0.493562755169197,24.685,1.49521840301021));
#4293=CARTESIAN_POINT('Ctrl Pts',(0.493562755169197,25.8,1.49521840301021));
#4294=CARTESIAN_POINT('Ctrl Pts',(0.371606573934361,22.455,1.72135232377494));
#4295=CARTESIAN_POINT('Ctrl Pts',(0.371606573934361,23.57,1.72135232377494));
#4296=CARTESIAN_POINT('Ctrl Pts',(0.371606573934361,24.685,1.72135232377494));
#4297=CARTESIAN_POINT('Ctrl Pts',(0.371606573934361,25.8,1.72135232377494));
#4298=CARTESIAN_POINT('Ctrl Pts',(0.196957920371533,22.455,1.79802738745548));
#4299=CARTESIAN_POINT('Ctrl Pts',(0.196957920371533,23.57,1.79802738745548));
#4300=CARTESIAN_POINT('Ctrl Pts',(0.196957920371533,24.685,1.79802738745548));
#4301=CARTESIAN_POINT('Ctrl Pts',(0.196957920371533,25.8,1.79802738745548));
#4302=CARTESIAN_POINT('Ctrl Pts',(0.0908452438090653,22.455,1.79940875602005));
#4303=CARTESIAN_POINT('Ctrl Pts',(0.0908452438090653,23.57,1.79940875602005));
#4304=CARTESIAN_POINT('Ctrl Pts',(0.0908452438090652,24.685,1.79940875602005));
#4305=CARTESIAN_POINT('Ctrl Pts',(0.0908452438090652,25.8,1.79940875602005));
#4306=CARTESIAN_POINT('',(0.0908452438090653,22.455,1.79940875602005));
#4307=CARTESIAN_POINT('Origin',(0.0856385085682136,22.455,1.39944264507047));
#4308=CARTESIAN_POINT('Ctrl Pts',(0.0908452438090653,22.455,1.79940875602005));
#4309=CARTESIAN_POINT('Ctrl Pts',(0.0908452438090653,23.57,1.79940875602005));
#4310=CARTESIAN_POINT('Ctrl Pts',(0.0908452438090652,24.685,1.79940875602005));
#4311=CARTESIAN_POINT('Ctrl Pts',(0.0908452438090652,25.8,1.79940875602005));
#4312=CARTESIAN_POINT('Ctrl Pts',(0.0908452438090652,22.455,1.79940875602005));
#4313=CARTESIAN_POINT('Ctrl Pts',(0.0908452438090652,15.485,1.79940875602005));
#4314=CARTESIAN_POINT('Ctrl Pts',(0.0908452438090653,8.515,1.79940875602005));
#4315=CARTESIAN_POINT('Ctrl Pts',(0.0908452438090653,1.545,1.79940875602005));
#4316=CARTESIAN_POINT('Ctrl Pts',(0.161587028184044,22.455,1.79848784364367));
#4317=CARTESIAN_POINT('Ctrl Pts',(0.161587028184044,15.485,1.79848784364367));
#4318=CARTESIAN_POINT('Ctrl Pts',(0.161587028184044,8.51500000000001,1.79848784364367));
#4319=CARTESIAN_POINT('Ctrl Pts',(0.161587028184044,1.545,1.79848784364367));
#4320=CARTESIAN_POINT('Ctrl Pts',(0.302145146507975,22.455,1.75819618895877));
#4321=CARTESIAN_POINT('Ctrl Pts',(0.302145146507975,15.485,1.75819618895877));
#4322=CARTESIAN_POINT('Ctrl Pts',(0.302145146507975,8.51499999999999,1.75819618895877));
#4323=CARTESIAN_POINT('Ctrl Pts',(0.302145146507975,1.545,1.75819618895877));
#4324=CARTESIAN_POINT('Ctrl Pts',(0.479864945103393,22.455,1.57264737540886));
#4325=CARTESIAN_POINT('Ctrl Pts',(0.479864945103393,15.485,1.57264737540886));
#4326=CARTESIAN_POINT('Ctrl Pts',(0.479864945103393,8.515,1.57264737540886));
#4327=CARTESIAN_POINT('Ctrl Pts',(0.479864945103393,1.545,1.57264737540886));
#4328=CARTESIAN_POINT('Ctrl Pts',(0.49914504999896,22.455,1.38288521470388));
#4329=CARTESIAN_POINT('Ctrl Pts',(0.49914504999896,15.485,1.38288521470388));
#4330=CARTESIAN_POINT('Ctrl Pts',(0.49914504999896,8.515,1.38288521470388));
#4331=CARTESIAN_POINT('Ctrl Pts',(0.49914504999896,1.545,1.38288521470388));
#4332=CARTESIAN_POINT('Ctrl Pts',(0.467849851706807,22.455,1.28148295205547));
#4333=CARTESIAN_POINT('Ctrl Pts',(0.467849851706807,15.485,1.28148295205547));
#4334=CARTESIAN_POINT('Ctrl Pts',(0.467849851706807,8.515,1.28148295205547));
#4335=CARTESIAN_POINT('Ctrl Pts',(0.467849851706807,1.545,1.28148295205547));
#4336=CARTESIAN_POINT('Ctrl Pts',(0.0908452438090653,1.545,1.79940875602005));
#4337=CARTESIAN_POINT('Ctrl Pts',(0.0908452438090653,8.515,1.79940875602005));
#4338=CARTESIAN_POINT('Ctrl Pts',(0.0908452438090652,15.485,1.79940875602005));
#4339=CARTESIAN_POINT('Ctrl Pts',(0.0908452438090652,22.455,1.79940875602005));
#4340=CARTESIAN_POINT('Ctrl Pts',(-0.46784984810285,22.455,1.28148295387212));
#4341=CARTESIAN_POINT('Ctrl Pts',(-0.46784984810285,15.485,1.28148295387212));
#4342=CARTESIAN_POINT('Ctrl Pts',(-0.46784984810285,8.515,1.28148295387212));
#4343=CARTESIAN_POINT('Ctrl Pts',(-0.46784984810285,1.545,1.28148295387212));
#4344=CARTESIAN_POINT('Ctrl Pts',(-0.48871331327447,22.455,1.34908446225569));
#4345=CARTESIAN_POINT('Ctrl Pts',(-0.48871331327447,15.485,1.34908446225569));
#4346=CARTESIAN_POINT('Ctrl Pts',(-0.48871331327447,8.51500000000002,1.34908446225569));
#4347=CARTESIAN_POINT('Ctrl Pts',(-0.48871331327447,1.545,1.34908446225569));
#4348=CARTESIAN_POINT('Ctrl Pts',(-0.493566647017128,22.455,1.49522291413681));
#4349=CARTESIAN_POINT('Ctrl Pts',(-0.493566647017128,15.485,1.49522291413681));
#4350=CARTESIAN_POINT('Ctrl Pts',(-0.493566647017128,8.51499999999999,1.49522291413681));
#4351=CARTESIAN_POINT('Ctrl Pts',(-0.493566647017128,1.545,1.49522291413681));
#4352=CARTESIAN_POINT('Ctrl Pts',(-0.371612235921142,22.455,1.72136404337266));
#4353=CARTESIAN_POINT('Ctrl Pts',(-0.371612235921142,15.485,1.72136404337266));
#4354=CARTESIAN_POINT('Ctrl Pts',(-0.371612235921142,8.51500000000001,1.72136404337266));
#4355=CARTESIAN_POINT('Ctrl Pts',(-0.371612235921142,1.545,1.72136404337266));
#4356=CARTESIAN_POINT('Ctrl Pts',(-0.196957915744722,22.455,1.79802738758265));
#4357=CARTESIAN_POINT('Ctrl Pts',(-0.196957915744722,15.485,1.79802738758265));
#4358=CARTESIAN_POINT('Ctrl Pts',(-0.196957915744722,8.51499999999999,1.79802738758265));
#4359=CARTESIAN_POINT('Ctrl Pts',(-0.196957915744722,1.545,1.79802738758265));
#4360=CARTESIAN_POINT('Ctrl Pts',(-0.0908452394088485,22.455,1.79940875607733));
#4361=CARTESIAN_POINT('Ctrl Pts',(-0.0908452394088485,15.485,1.79940875607733));
#4362=CARTESIAN_POINT('Ctrl Pts',(-0.0908452394088485,8.515,1.79940875607733));
#4363=CARTESIAN_POINT('Ctrl Pts',(-0.0908452394088485,1.545,1.79940875607733));
#4364=CARTESIAN_POINT('',(-0.0908452394088485,1.545,1.79940875607733));
#4365=CARTESIAN_POINT('Origin',(-0.0856385044202607,1.545,1.39944264512447));
#4366=CARTESIAN_POINT('Ctrl Pts',(-0.0908452394088485,22.455,1.79940875607733));
#4367=CARTESIAN_POINT('Ctrl Pts',(-0.0908452394088485,15.485,1.79940875607733));
#4368=CARTESIAN_POINT('Ctrl Pts',(-0.0908452394088485,8.515,1.79940875607733));
#4369=CARTESIAN_POINT('Ctrl Pts',(-0.0908452394088485,1.545,1.79940875607733));
#4370=CARTESIAN_POINT('Ctrl Pts',(-0.46784984810285,1.545,1.28148295387212));
#4371=CARTESIAN_POINT('Ctrl Pts',(-0.46784984810285,0.430000000000002,1.28148295387212));
#4372=CARTESIAN_POINT('Ctrl Pts',(-0.46784984810285,-0.684999999999999,
1.28148295387212));
#4373=CARTESIAN_POINT('Ctrl Pts',(-0.46784984810285,-1.8,1.28148295387212));
#4374=CARTESIAN_POINT('Ctrl Pts',(-0.48871331327447,1.545,1.34908446225569));
#4375=CARTESIAN_POINT('Ctrl Pts',(-0.48871331327447,0.430000000000002,1.34908446225569));
#4376=CARTESIAN_POINT('Ctrl Pts',(-0.48871331327447,-0.684999999999999,
1.34908446225569));
#4377=CARTESIAN_POINT('Ctrl Pts',(-0.48871331327447,-1.8,1.34908446225569));
#4378=CARTESIAN_POINT('Ctrl Pts',(-0.493628025998057,1.545,1.49526530391423));
#4379=CARTESIAN_POINT('Ctrl Pts',(-0.493628025998057,0.430000000000002,
1.49526530391423));
#4380=CARTESIAN_POINT('Ctrl Pts',(-0.493628025998057,-0.684999999999998,
1.49526530391423));
#4381=CARTESIAN_POINT('Ctrl Pts',(-0.493628025998057,-1.8,1.49526530391423));
#4382=CARTESIAN_POINT('Ctrl Pts',(-0.371699824793118,1.545,1.7215742593496));
#4383=CARTESIAN_POINT('Ctrl Pts',(-0.371699824793118,0.430000000000002,
1.7215742593496));
#4384=CARTESIAN_POINT('Ctrl Pts',(-0.371699824793118,-0.685000000000002,
1.7215742593496));
#4385=CARTESIAN_POINT('Ctrl Pts',(-0.371699824793118,-1.8,1.7215742593496));
#4386=CARTESIAN_POINT('Ctrl Pts',(-0.196957915744722,1.545,1.79802738758265));
#4387=CARTESIAN_POINT('Ctrl Pts',(-0.196957915744722,0.429999999999999,
1.79802738758265));
#4388=CARTESIAN_POINT('Ctrl Pts',(-0.196957915744722,-0.684999999999999,
1.79802738758265));
#4389=CARTESIAN_POINT('Ctrl Pts',(-0.196957915744722,-1.8,1.79802738758265));
#4390=CARTESIAN_POINT('Ctrl Pts',(-0.0908452394088489,1.545,1.79940875607733));
#4391=CARTESIAN_POINT('Ctrl Pts',(-0.0908452394088489,0.429999999999999,
1.79940875607733));
#4392=CARTESIAN_POINT('Ctrl Pts',(-0.0908452394088489,-0.685,1.79940875607733));
#4393=CARTESIAN_POINT('Ctrl Pts',(-0.0908452394088489,-1.8,1.79940875607733));
#4394=CARTESIAN_POINT('Ctrl Pts',(-0.0908452394088489,1.545,1.79940875607733));
#4395=CARTESIAN_POINT('Ctrl Pts',(-0.0908452394088489,0.429999999999999,
1.79940875607733));
#4396=CARTESIAN_POINT('Ctrl Pts',(-0.0908452394088489,-0.685,1.79940875607733));
#4397=CARTESIAN_POINT('Ctrl Pts',(-0.0908452394088489,-1.8,1.79940875607733));
#4398=CARTESIAN_POINT('Ctrl Pts',(-0.672718916078471,1.545,1.76738421850145));
#4399=CARTESIAN_POINT('Ctrl Pts',(-0.672718916078471,-2.,1.76738421850145));
#4400=CARTESIAN_POINT('Ctrl Pts',(-0.561303394661177,1.545,1.7782543666314));
#4401=CARTESIAN_POINT('Ctrl Pts',(-0.561303394661177,-2.,1.7782543666314));
#4402=CARTESIAN_POINT('Ctrl Pts',(-0.449555727179155,1.545,1.78638950088701));
#4403=CARTESIAN_POINT('Ctrl Pts',(-0.449555727179155,-2.,1.78638950088701));
#4404=CARTESIAN_POINT('Ctrl Pts',(-0.225270383377518,1.545,1.7972751518217));
#4405=CARTESIAN_POINT('Ctrl Pts',(-0.225270383377518,-2.,1.7972751518217));
#4406=CARTESIAN_POINT('Ctrl Pts',(-0.1126038492076,1.545,1.8));
#4407=CARTESIAN_POINT('Ctrl Pts',(-0.1126038492076,-2.,1.8));
#4408=CARTESIAN_POINT('Ctrl Pts',(5.55111512312578E-16,1.545,1.8));
#4409=CARTESIAN_POINT('Ctrl Pts',(5.55111512312578E-16,-2.,1.8));
#4410=CARTESIAN_POINT('',(5.55111512312578E-16,1.545,1.8));
#4411=CARTESIAN_POINT('Ctrl Pts',(5.55111512312578E-16,1.545,1.8));
#4412=CARTESIAN_POINT('Ctrl Pts',(-0.0302788876733986,1.545,1.8));
#4413=CARTESIAN_POINT('Ctrl Pts',(-0.0605623078354954,1.545,1.79980297757047));
#4414=CARTESIAN_POINT('Ctrl Pts',(-0.0908452394143425,1.545,1.79940875649937));
#4415=CARTESIAN_POINT('',(5.55111512312578E-16,1.545,1.8));
#4416=CARTESIAN_POINT('Ctrl Pts',(5.27837133316334E-16,-2.575,1.8));
#4417=CARTESIAN_POINT('Ctrl Pts',(5.27837133316334E-16,26.5942104198512,
1.8));
#4418=CARTESIAN_POINT('Ctrl Pts',(-0.225244886578131,-2.575,1.8));
#4419=CARTESIAN_POINT('Ctrl Pts',(-0.225244886578131,26.5942104198512,1.8));
#4420=CARTESIAN_POINT('Ctrl Pts',(-0.451045083688359,-2.575,1.78901161263794));
#4421=CARTESIAN_POINT('Ctrl Pts',(-0.451045083688359,26.5942104198512,1.78901161263794));
#4422=CARTESIAN_POINT('Ctrl Pts',(-0.672718916078471,-2.575,1.76738421850145));
#4423=CARTESIAN_POINT('Ctrl Pts',(-0.672718916078471,26.5942104198512,1.76738421850145));
#4424=CARTESIAN_POINT('',(5.55111512312578E-16,22.455,1.8));
#4425=CARTESIAN_POINT('Ctrl Pts',(-0.0907828210264863,22.455,1.79940610120984));
#4426=CARTESIAN_POINT('Ctrl Pts',(-0.0605194254928183,22.455,1.79980175151427));
#4427=CARTESIAN_POINT('Ctrl Pts',(-0.0302547033911472,22.455,1.8));
#4428=CARTESIAN_POINT('Ctrl Pts',(5.27837133316334E-16,22.455,1.8));
#4429=CARTESIAN_POINT('',(5.27837133316334E-16,0.,1.8));
#4430=CARTESIAN_POINT('Ctrl Pts',(5.55111512312578E-16,22.455,1.8));
#4431=CARTESIAN_POINT('Ctrl Pts',(5.55111512312578E-16,26.,1.8));
#4432=CARTESIAN_POINT('Ctrl Pts',(-0.1126038492076,22.455,1.8));
#4433=CARTESIAN_POINT('Ctrl Pts',(-0.1126038492076,26.,1.8));
#4434=CARTESIAN_POINT('Ctrl Pts',(-0.225270383377518,22.455,1.7972751518217));
#4435=CARTESIAN_POINT('Ctrl Pts',(-0.225270383377518,26.,1.7972751518217));
#4436=CARTESIAN_POINT('Ctrl Pts',(-0.449555727179155,22.455,1.78638950088701));
#4437=CARTESIAN_POINT('Ctrl Pts',(-0.449555727179155,26.,1.78638950088701));
#4438=CARTESIAN_POINT('Ctrl Pts',(-0.561303394661177,22.455,1.7782543666314));
#4439=CARTESIAN_POINT('Ctrl Pts',(-0.561303394661177,26.,1.7782543666314));
#4440=CARTESIAN_POINT('Ctrl Pts',(-0.672718916078471,22.455,1.76738421850145));
#4441=CARTESIAN_POINT('Ctrl Pts',(-0.672718916078471,26.,1.76738421850145));
#4442=CARTESIAN_POINT('',(5.55111512312578E-16,22.455,1.8));
#4443=CARTESIAN_POINT('Origin',(6.40000000000001,8.,-2.6829343741077));
#4444=CARTESIAN_POINT('',(6.42472096844132,8.,-2.48446807036995));
#4445=CARTESIAN_POINT('',(6.60000000000001,8.,-2.6829343741077));
#4446=CARTESIAN_POINT('Origin',(5.99756969277562,8.,-5.91374856233339));
#4447=CARTESIAN_POINT('Origin',(-6.39999999999997,8.,-2.68293437412873));
#4448=CARTESIAN_POINT('',(-6.42472096844143,8.,-2.484468070391));
#4449=CARTESIAN_POINT('',(-6.59999999999997,8.,-2.68293437412873));
#4450=CARTESIAN_POINT('Origin',(-5.99756969277575,8.,-5.91374856233315));
#4451=CARTESIAN_POINT('Origin',(-6.09999999999997,8.,-0.959026149261818));
#4452=CARTESIAN_POINT('',(-6.08966557385444,8.,-1.45891933748931));
#4453=CARTESIAN_POINT('',(-6.59999999999997,8.,-0.959026149261818));
#4454=CARTESIAN_POINT('Origin',(-5.99756969277574,8.,-5.91374856233321));
#4455=CARTESIAN_POINT('',(-4.1227679248814,8.,-1.87158287981409));
#4456=CARTESIAN_POINT('Origin',(6.10000000000001,8.,-0.959026149223646));
#4457=CARTESIAN_POINT('',(6.08966557385455,8.,-1.45891933745113));
#4458=CARTESIAN_POINT('',(6.60000000000001,8.,-0.959026149223648));
#4459=CARTESIAN_POINT('Origin',(5.99756969277561,8.,-5.91374856233306));
#4460=CARTESIAN_POINT('',(4.12276601870899,8.,-1.87158376389827));
#4461=CARTESIAN_POINT('',(4.12276601870899,8.,-1.87158376389827));
#4462=CARTESIAN_POINT('',(4.12276601870899,16.,-1.87158376389827));
#4463=CARTESIAN_POINT('',(4.12276601870899,8.,-1.87158376389827));
#4464=CARTESIAN_POINT('',(4.12276601870899,16.,-1.87158376389827));
#4465=CARTESIAN_POINT('Origin',(1.54074395550979E-32,0.,-12.7));
#4466=CARTESIAN_POINT('',(5.44186046511628,0.,-4.31035431748131));
#4467=CARTESIAN_POINT('',(-5.44186046511625,22.455,-4.3103543174813));
#4468=CARTESIAN_POINT('',(0.895238600985535,8.,-2.74015322169535));
#4469=CARTESIAN_POINT('',(-0.895238600985535,16.,-2.74015322169535));
#4470=CARTESIAN_POINT('Origin',(6.60000000000001,0.,-1.11022302462516E-15));
#4471=CARTESIAN_POINT('',(6.60000000000001,1.545,-3.11424289134443E-9));
#4472=CARTESIAN_POINT('',(6.60000000000001,0.,-3.68113092017717));
#4473=CARTESIAN_POINT('Origin',(0.,8.,7.01736256658427));
#4474=CARTESIAN_POINT('Ctrl Pts',(-5.4832757374381,8.9,2.50457416957847));
#4475=CARTESIAN_POINT('Ctrl Pts',(-5.4818810890379,8.90127328889762,2.50599358028901));
#4476=CARTESIAN_POINT('Ctrl Pts',(-5.48048661327269,8.90254628546355,2.50741296635503));
#4477=CARTESIAN_POINT('Ctrl Pts',(-5.16154373455313,9.1937988828172,2.83230134569262));
#4478=CARTESIAN_POINT('Ctrl Pts',(-4.68943877401732,9.62542309203181,3.34601309801236));
#4479=CARTESIAN_POINT('Ctrl Pts',(-3.95667368934788,10.2045474806061,4.28181097912623));
#4480=CARTESIAN_POINT('Ctrl Pts',(-3.54747287435614,10.4410036603057,4.92379317630023));
#4481=CARTESIAN_POINT('Ctrl Pts',(-3.31194687806622,10.486850002327,5.3757242466658));
#4482=CARTESIAN_POINT('Ctrl Pts',(-5.4832757374381,8.9,2.50457416957847));
#4483=CARTESIAN_POINT('Ctrl Pts',(-5.4819093061195,8.90132749458586,2.50596334010652));
#4484=CARTESIAN_POINT('Ctrl Pts',(-5.48054215573061,8.90265105961046,2.507358504476));
#4485=CARTESIAN_POINT('Ctrl Pts',(-5.16813689129436,9.20623957343122,2.82539383383445));
#4486=CARTESIAN_POINT('Ctrl Pts',(-4.71423513956986,9.65504352756008,3.34164777363931));
#4487=CARTESIAN_POINT('Ctrl Pts',(-4.01520577946039,10.2411765247427,4.30069554131287));
#4488=CARTESIAN_POINT('Ctrl Pts',(-3.6259401271867,10.464815619569,4.96043753657109));
#4489=CARTESIAN_POINT('Ctrl Pts',(-3.4022963138913,10.4953398416503,5.41521498134674));
#4490=CARTESIAN_POINT('Ctrl Pts',(-5.4832757374381,8.9,2.50457416957847));
#4491=CARTESIAN_POINT('Ctrl Pts',(-5.48193654073934,8.90138014746742,2.5059365307108));
#4492=CARTESIAN_POINT('Ctrl Pts',(-5.48059883145929,8.90275765684384,2.50729983521669));
#4493=CARTESIAN_POINT('Ctrl Pts',(-5.1744442356323,9.21837570471262,2.81922286588981));
#4494=CARTESIAN_POINT('Ctrl Pts',(-4.73357670041121,9.68569495421326,3.33050374842736));
#4495=CARTESIAN_POINT('Ctrl Pts',(-4.06156881642255,10.3040665480969,4.29583567394031));
#4496=CARTESIAN_POINT('Ctrl Pts',(-3.6924133018127,10.547763698982,4.97056940285579));
#4497=CARTESIAN_POINT('Ctrl Pts',(-3.48269166781759,10.5866854119028,5.44160320439328));
#4498=CARTESIAN_POINT('Ctrl Pts',(-5.4832757374381,8.9,2.50457416957847));
#4499=CARTESIAN_POINT('Ctrl Pts',(-5.48196484353348,8.90143245000974,2.50590833871266));
#4500=CARTESIAN_POINT('Ctrl Pts',(-5.48065418331155,8.9028645711465,2.5072427550194));
#4501=CARTESIAN_POINT('Ctrl Pts',(-5.18095072050741,9.23052374316556,2.81269851247205));
#4502=CARTESIAN_POINT('Ctrl Pts',(-4.7472370821196,9.71610097853535,3.31376642930476));
#4503=CARTESIAN_POINT('Ctrl Pts',(-4.0774170087971,10.367615915681,4.27038428951932));
#4504=CARTESIAN_POINT('Ctrl Pts',(-3.70288453801263,10.6336291178439,4.948895219919));
#4505=CARTESIAN_POINT('Ctrl Pts',(-3.48652481218538,10.6852062526179,5.43302608364463));
#4506=CARTESIAN_POINT('',(-3.31194687806622,10.486850002327,5.3757242466658));
#4507=CARTESIAN_POINT('',(-3.48652481218537,10.6852062526179,5.43302608364463));
#4508=CARTESIAN_POINT('Origin',(-3.30392952342971,10.6852062526179,5.35142362948894));
#4509=CARTESIAN_POINT('',(-5.48327573743807,8.89999999999825,2.5045741695785));
#4510=CARTESIAN_POINT('Ctrl Pts',(-3.48652481218538,10.6852062526179,5.43302608364463));
#4511=CARTESIAN_POINT('Ctrl Pts',(-3.70288453801263,10.6336291178439,4.948895219919));
#4512=CARTESIAN_POINT('Ctrl Pts',(-4.0774170087971,10.367615915681,4.27038428951932));
#4513=CARTESIAN_POINT('Ctrl Pts',(-4.7472370821196,9.71610097853535,3.31376642930476));
#4514=CARTESIAN_POINT('Ctrl Pts',(-5.18095072050741,9.23052374316556,2.81269851247205));
#4515=CARTESIAN_POINT('Ctrl Pts',(-5.48065418331155,8.9028645711465,2.5072427550194));
#4516=CARTESIAN_POINT('Ctrl Pts',(-5.48196484353348,8.90143245000974,2.50590833871266));
#4517=CARTESIAN_POINT('Ctrl Pts',(-5.4832757374381,8.9,2.50457416957847));
#4518=CARTESIAN_POINT('Ctrl Pts',(-5.4832757374381,8.9,2.50457416957847));
#4519=CARTESIAN_POINT('Ctrl Pts',(-5.4818810890379,8.90127328889762,2.50599358028901));
#4520=CARTESIAN_POINT('Ctrl Pts',(-5.48048661327269,8.90254628546355,2.50741296635503));
#4521=CARTESIAN_POINT('Ctrl Pts',(-5.16154373455313,9.1937988828172,2.83230134569262));
#4522=CARTESIAN_POINT('Ctrl Pts',(-4.68943877401732,9.62542309203181,3.34601309801236));
#4523=CARTESIAN_POINT('Ctrl Pts',(-3.95667368934788,10.2045474806061,4.28181097912623));
#4524=CARTESIAN_POINT('Ctrl Pts',(-3.54747287435614,10.4410036603057,4.92379317630023));
#4525=CARTESIAN_POINT('Ctrl Pts',(-3.31194687806622,10.486850002327,5.3757242466658));
#4526=CARTESIAN_POINT('Ctrl Pts',(-3.28090971750508,10.7,5.77410977953528));
#4527=CARTESIAN_POINT('Ctrl Pts',(-3.36490826291726,10.7,5.66875758118611));
#4528=CARTESIAN_POINT('Ctrl Pts',(-3.43333516794933,10.6962560094799,5.55204429882631));
#4529=CARTESIAN_POINT('Ctrl Pts',(-3.48652481218437,10.6852062526181,5.43302608364685));
#4530=CARTESIAN_POINT('Ctrl Pts',(-3.28090971750508,10.6476401224402,5.77410977953528));
#4531=CARTESIAN_POINT('Ctrl Pts',(-3.36422134081842,10.6486579157017,5.66956628972999));
#4532=CARTESIAN_POINT('Ctrl Pts',(-3.43191613566733,10.6459306488272,5.55444299978769));
#4533=CARTESIAN_POINT('Ctrl Pts',(-3.48460824000049,10.6359458322605,5.43731464402113));
#4534=CARTESIAN_POINT('Ctrl Pts',(-3.2469928365842,10.5433779009867,5.74706745192452));
#4535=CARTESIAN_POINT('Ctrl Pts',(-3.32784282948396,10.5463431370868,5.64850327260999));
#4536=CARTESIAN_POINT('Ctrl Pts',(-3.39372119281572,10.5456798359988,5.54028124912532));
#4537=CARTESIAN_POINT('Ctrl Pts',(-3.44561685275082,10.5377628991347,5.43014413342546));
#4538=CARTESIAN_POINT('Ctrl Pts',(-3.16547092636839,10.5,5.68206907519721));
#4539=CARTESIAN_POINT('Ctrl Pts',(-3.24236466766168,10.5016201880178,5.59372487951623));
#4540=CARTESIAN_POINT('Ctrl Pts',(-3.30600567848853,10.4997022578058,5.49622036517783));
#4541=CARTESIAN_POINT('Ctrl Pts',(-3.35712159597779,10.4910949219888,5.39546961400815));
#4542=CARTESIAN_POINT('Ctrl Pts',(-3.12453110005511,10.5,5.64942727072015));
#4543=CARTESIAN_POINT('Ctrl Pts',(-3.1992185966426,10.5,5.56546251451649));
#4544=CARTESIAN_POINT('Ctrl Pts',(-3.26148837537667,10.4966720084266,5.47254483330448));
#4545=CARTESIAN_POINT('Ctrl Pts',(-3.31194687806527,10.4868500023272,5.3757242466676));
#4546=CARTESIAN_POINT('',(-3.12453110005511,10.5,5.64942727072014));
#4547=CARTESIAN_POINT('Ctrl Pts',(-3.31194687806527,10.4868500023272,5.3757242466676));
#4548=CARTESIAN_POINT('Ctrl Pts',(-3.26148837537667,10.4966720084266,5.47254483330448));
#4549=CARTESIAN_POINT('Ctrl Pts',(-3.1992185966426,10.5,5.56546251451649));
#4550=CARTESIAN_POINT('Ctrl Pts',(-3.12453110005511,10.5,5.64942727072015));
#4551=CARTESIAN_POINT('',(-3.28090971750508,10.7,5.77410977953528));
#4552=CARTESIAN_POINT('Origin',(-3.12453110005511,10.7,5.64942727072015));
#4553=CARTESIAN_POINT('Ctrl Pts',(-3.28090971750508,10.7,5.77410977953528));
#4554=CARTESIAN_POINT('Ctrl Pts',(-3.36490826291726,10.7,5.66875758118611));
#4555=CARTESIAN_POINT('Ctrl Pts',(-3.43333516794933,10.6962560094799,5.55204429882631));
#4556=CARTESIAN_POINT('Ctrl Pts',(-3.48652481218437,10.6852062526181,5.43302608364685));
#4557=CARTESIAN_POINT('Ctrl Pts',(3.27775142060885,10.7,5.77958993651372));
#4558=CARTESIAN_POINT('Ctrl Pts',(3.04361795309459,10.7,6.05070646649541));
#4559=CARTESIAN_POINT('Ctrl Pts',(2.55961052471977,10.7,6.31306516476472));
#4560=CARTESIAN_POINT('Ctrl Pts',(1.59128393171695,10.7,6.52724088776735));
#4561=CARTESIAN_POINT('Ctrl Pts',(0.311718075617486,10.7,6.58649387438329));
#4562=CARTESIAN_POINT('Ctrl Pts',(-1.1076090353221,10.7,6.57494373115513));
#4563=CARTESIAN_POINT('Ctrl Pts',(-2.23907898438575,10.7,6.41760724753808));
#4564=CARTESIAN_POINT('Ctrl Pts',(-2.88426001657901,10.7,6.15466984694543));
#4565=CARTESIAN_POINT('Ctrl Pts',(-3.167456514352,10.7,5.91640443836873));
#4566=CARTESIAN_POINT('Ctrl Pts',(-3.28090971750507,10.7,5.77410977953529));
#4567=CARTESIAN_POINT('Ctrl Pts',(3.27775142060885,10.6476401224402,5.77958993651372));
#4568=CARTESIAN_POINT('Ctrl Pts',(3.0435581833432,10.6476401224402,6.05077567730822));
#4569=CARTESIAN_POINT('Ctrl Pts',(2.55952383735626,10.6476401224402,6.31315686871724));
#4570=CARTESIAN_POINT('Ctrl Pts',(1.59114559794686,10.6476401224402,6.52733198591473));
#4571=CARTESIAN_POINT('Ctrl Pts',(0.311753657481417,10.6476401224402,6.58655986831709));
#4572=CARTESIAN_POINT('Ctrl Pts',(-1.10750481685957,10.6476401224402,6.57501982909358));
#4573=CARTESIAN_POINT('Ctrl Pts',(-2.2389227010294,10.6476401224402,6.4177203781878));
#4574=CARTESIAN_POINT('Ctrl Pts',(-2.88418570823722,10.6476401224402,6.15475694952045));
#4575=CARTESIAN_POINT('Ctrl Pts',(-3.16742426392297,10.6476401224402,5.91644488732626));
#4576=CARTESIAN_POINT('Ctrl Pts',(-3.28090971750507,10.6476401224402,5.77410977953529));
#4577=CARTESIAN_POINT('Ctrl Pts',(3.24492124856305,10.543377930338,5.75123813509205));
#4578=CARTESIAN_POINT('Ctrl Pts',(3.01701762607258,10.543377930338,6.01514077129295));
#4579=CARTESIAN_POINT('Ctrl Pts',(2.54534157824346,10.543377930338,6.27154928410727));
#4580=CARTESIAN_POINT('Ctrl Pts',(1.58723895630324,10.543377930338,6.48400907504075));
#4581=CARTESIAN_POINT('Ctrl Pts',(0.311654433464595,10.543377930338,6.54309936637427));
#4582=CARTESIAN_POINT('Ctrl Pts',(-1.10633142017412,10.543377930338,6.53159894239704));
#4583=CARTESIAN_POINT('Ctrl Pts',(-2.22989171463572,10.543377930338,6.37481693628679));
#4584=CARTESIAN_POINT('Ctrl Pts',(-2.86233801055222,10.543377930338,6.11644275838278));
#4585=CARTESIAN_POINT('Ctrl Pts',(-3.13690109635242,10.543377930338,5.88514606795044));
#4586=CARTESIAN_POINT('Ctrl Pts',(-3.24699281363456,10.543377930338,5.74706743362652));
#4587=CARTESIAN_POINT('Ctrl Pts',(3.16601140482657,10.5,5.68309239961705));
#4588=CARTESIAN_POINT('Ctrl Pts',(2.95298915882067,10.5,5.92976303905695));
#4589=CARTESIAN_POINT('Ctrl Pts',(2.51091085892958,10.5,6.17190464721615));
#4590=CARTESIAN_POINT('Ctrl Pts',(1.5773023791475,10.5,6.38023912553135));
#4591=CARTESIAN_POINT('Ctrl Pts',(0.311556552310289,10.5,6.43889950002748));
#4592=CARTESIAN_POINT('Ctrl Pts',(-1.10309922341675,10.5,6.42753422306122));
#4593=CARTESIAN_POINT('Ctrl Pts',(-2.20756744805319,10.5,6.27214228013738));
#4594=CARTESIAN_POINT('Ctrl Pts',(-2.80953173908892,10.5,6.02469586242961));
#4595=CARTESIAN_POINT('Ctrl Pts',(-3.06340886898977,10.5,5.8100767931894));
#4596=CARTESIAN_POINT('Ctrl Pts',(-3.16547092636838,10.5,5.68206907519721));
#4597=CARTESIAN_POINT('Ctrl Pts',(3.12638333185972,10.5,5.64887000035846));
#4598=CARTESIAN_POINT('Ctrl Pts',(2.9208646519603,10.5,5.8868518315435));
#4599=CARTESIAN_POINT('Ctrl Pts',(2.49366378353187,10.5,6.12181730752658));
#4600=CARTESIAN_POINT('Ctrl Pts',(1.57238223815425,10.5,6.32808038373733));
#4601=CARTESIAN_POINT('Ctrl Pts',(0.311489404251452,10.5,6.38653755091486));
#4602=CARTESIAN_POINT('Ctrl Pts',(-1.10152873287146,10.5,6.37523503470791));
#4603=CARTESIAN_POINT('Ctrl Pts',(-2.1964353567386,10.5,6.22052244722647));
#4604=CARTESIAN_POINT('Ctrl Pts',(-2.7830503066149,10.5,5.978577049926));
#4605=CARTESIAN_POINT('Ctrl Pts',(-3.02651780012586,10.5,5.77235697818513));
#4606=CARTESIAN_POINT('Ctrl Pts',(-3.12453110005511,10.5,5.64942727072015));
#4607=CARTESIAN_POINT('',(3.12638333185972,10.5,5.64887000035846));
#4608=CARTESIAN_POINT('Ctrl Pts',(-3.12453110005511,10.5,5.64942727072015));
#4609=CARTESIAN_POINT('Ctrl Pts',(-3.02651780012586,10.5,5.77235697818513));
#4610=CARTESIAN_POINT('Ctrl Pts',(-2.7830503066149,10.5,5.978577049926));
#4611=CARTESIAN_POINT('Ctrl Pts',(-2.1964353567386,10.5,6.22052244722647));
#4612=CARTESIAN_POINT('Ctrl Pts',(-1.10152873287146,10.5,6.37523503470791));
#4613=CARTESIAN_POINT('Ctrl Pts',(0.311489404251452,10.5,6.38653755091486));
#4614=CARTESIAN_POINT('Ctrl Pts',(1.57238223815425,10.5,6.32808038373733));
#4615=CARTESIAN_POINT('Ctrl Pts',(2.49366378353187,10.5,6.12181730752658));
#4616=CARTESIAN_POINT('Ctrl Pts',(2.9208646519603,10.5,5.8868518315435));
#4617=CARTESIAN_POINT('Ctrl Pts',(3.12638333185972,10.5,5.64887000035846));
#4618=CARTESIAN_POINT('',(3.27775142060885,10.7,5.77958993651372));
#4619=CARTESIAN_POINT('Origin',(3.12638333185972,10.7,5.64887000035846));
#4620=CARTESIAN_POINT('Ctrl Pts',(3.27775142060885,10.7,5.77958993651372));
#4621=CARTESIAN_POINT('Ctrl Pts',(3.04361795309459,10.7,6.05070646649541));
#4622=CARTESIAN_POINT('Ctrl Pts',(2.55961052471977,10.7,6.31306516476472));
#4623=CARTESIAN_POINT('Ctrl Pts',(1.59128393171695,10.7,6.52724088776735));
#4624=CARTESIAN_POINT('Ctrl Pts',(0.311718075617486,10.7,6.58649387438329));
#4625=CARTESIAN_POINT('Ctrl Pts',(-1.1076090353221,10.7,6.57494373115513));
#4626=CARTESIAN_POINT('Ctrl Pts',(-2.23907898438575,10.7,6.41760724753808));
#4627=CARTESIAN_POINT('Ctrl Pts',(-2.88426001657901,10.7,6.15466984694543));
#4628=CARTESIAN_POINT('Ctrl Pts',(-3.167456514352,10.7,5.91640443836873));
#4629=CARTESIAN_POINT('Ctrl Pts',(-3.28090971750507,10.7,5.77410977953529));
#4630=CARTESIAN_POINT('Ctrl Pts',(3.5549744179465,10.6751162652533,5.33912925658503));
#4631=CARTESIAN_POINT('Ctrl Pts',(3.48507972144514,10.6939941800082,5.49351107019535));
#4632=CARTESIAN_POINT('Ctrl Pts',(3.39335123355975,10.7,5.64573030300416));
#4633=CARTESIAN_POINT('Ctrl Pts',(3.27775142060886,10.7,5.77958993651371));
#4634=CARTESIAN_POINT('Ctrl Pts',(3.55253851054812,10.6269053092223,5.34450963336285));
#4635=CARTESIAN_POINT('Ctrl Pts',(3.48326755282513,10.6442971906894,5.49648525195721));
#4636=CARTESIAN_POINT('Ctrl Pts',(3.39249804249655,10.6489531582231,5.6466532432847));
#4637=CARTESIAN_POINT('Ctrl Pts',(3.27775142060886,10.6476401224402,5.77958993651371));
#4638=CARTESIAN_POINT('Ctrl Pts',(3.51392859391957,10.5307888444164,5.33995475091738));
#4639=CARTESIAN_POINT('Ctrl Pts',(3.44532047818394,10.5452861352249,5.48366444649217));
#4640=CARTESIAN_POINT('Ctrl Pts',(3.35663593400186,10.5472033049109,5.6253707981533));
#4641=CARTESIAN_POINT('Ctrl Pts',(3.24492126391196,10.5433779100578,5.75123814834719));
#4642=CARTESIAN_POINT('Ctrl Pts',(3.42771350940548,10.4833487567978,5.30730134815586));
#4643=CARTESIAN_POINT('Ctrl Pts',(3.35932725154147,10.4985858405009,5.44038055416282));
#4644=CARTESIAN_POINT('Ctrl Pts',(3.27286618166536,10.5020901738327,5.5693225471649));
#4645=CARTESIAN_POINT('Ctrl Pts',(3.16601140482658,10.5,5.68309239961704));
#4646=CARTESIAN_POINT('Ctrl Pts',(3.38347492013239,10.4778811246696,5.28800806957033));
#4647=CARTESIAN_POINT('Ctrl Pts',(3.31553977124269,10.4946614933406,5.41669348241713));
#4648=CARTESIAN_POINT('Ctrl Pts',(3.23052152676473,10.5,5.54022980777937));
#4649=CARTESIAN_POINT('Ctrl Pts',(3.12638333185973,10.5,5.64887000035845));
#4650=CARTESIAN_POINT('',(3.38347492013239,10.4778811246696,5.28800806957033));
#4651=CARTESIAN_POINT('Ctrl Pts',(3.12638333185973,10.5,5.64887000035845));
#4652=CARTESIAN_POINT('Ctrl Pts',(3.23052152676473,10.5,5.54022980777937));
#4653=CARTESIAN_POINT('Ctrl Pts',(3.31553977124269,10.4946614933406,5.41669348241713));
#4654=CARTESIAN_POINT('Ctrl Pts',(3.38347492013239,10.4778811246696,5.28800806957033));
#4655=CARTESIAN_POINT('',(3.55497441791089,10.6751162644781,5.33912925666369));
#4656=CARTESIAN_POINT('Origin',(3.37277735185016,10.6751162652533,5.25664150533742));
#4657=CARTESIAN_POINT('Ctrl Pts',(3.5549744179465,10.6751162652533,5.33912925658503));
#4658=CARTESIAN_POINT('Ctrl Pts',(3.48507972144514,10.6939941800082,5.49351107019535));
#4659=CARTESIAN_POINT('Ctrl Pts',(3.39335123355975,10.7,5.64573030300416));
#4660=CARTESIAN_POINT('Ctrl Pts',(3.27775142060886,10.7,5.77958993651371));
#4661=CARTESIAN_POINT('Ctrl Pts',(3.38347492013845,10.4778811246681,5.28800806955886));
#4662=CARTESIAN_POINT('Ctrl Pts',(3.61569634909552,10.4205211092129,4.8481251674275));
#4663=CARTESIAN_POINT('Ctrl Pts',(4.01561580771013,10.1802779210024,4.22400625830215));
#4664=CARTESIAN_POINT('Ctrl Pts',(4.72907348474465,9.60815973298673,3.31082805474181));
#4665=CARTESIAN_POINT('Ctrl Pts',(5.18648424046982,9.1872958070567,2.80977939385416));
#4666=CARTESIAN_POINT('Ctrl Pts',(5.49635667068492,8.90251738113445,2.49121201873863));
#4667=CARTESIAN_POINT('Ctrl Pts',(5.49772658834029,8.901258772265,2.48980438009487));
#4668=CARTESIAN_POINT('Ctrl Pts',(5.49909655563167,8.9,2.48839697527087));
#4669=CARTESIAN_POINT('Ctrl Pts',(3.43403330787642,10.4841298471011,5.31005753080393));
#4670=CARTESIAN_POINT('Ctrl Pts',(3.65948792725654,10.4348531310195,4.86819708936312));
#4671=CARTESIAN_POINT('Ctrl Pts',(4.04814931733133,10.2013917494988,4.23394028643841));
#4672=CARTESIAN_POINT('Ctrl Pts',(4.74274537626228,9.62478923353669,3.30812246382728));
#4673=CARTESIAN_POINT('Ctrl Pts',(5.19009448070075,9.19416675705849,2.80609679620427));
#4674=CARTESIAN_POINT('Ctrl Pts',(5.49638820878657,8.90257722472639,2.49117987491508));
#4675=CARTESIAN_POINT('Ctrl Pts',(5.49774231306386,8.90128874303321,2.48978822565677));
#4676=CARTESIAN_POINT('Ctrl Pts',(5.49909655563167,8.9,2.48839697527087));
#4677=CARTESIAN_POINT('Ctrl Pts',(3.5195368121562,10.5372223554426,5.34162865944764));
#4678=CARTESIAN_POINT('Ctrl Pts',(3.73107530985925,10.4901315392373,4.88935696722041));
#4679=CARTESIAN_POINT('Ctrl Pts',(4.09893062544261,10.2516878560538,4.23868105038456));
#4680=CARTESIAN_POINT('Ctrl Pts',(4.76389230304747,9.6539931083734,3.29980926075066));
#4681=CARTESIAN_POINT('Ctrl Pts',(5.19643626385005,9.20609436602218,2.79969260386492));
#4682=CARTESIAN_POINT('Ctrl Pts',(5.4964432331644,8.90268224696186,2.49112340714781));
#4683=CARTESIAN_POINT('Ctrl Pts',(5.49776983133011,8.90134119187756,2.48975995539009));
#4684=CARTESIAN_POINT('Ctrl Pts',(5.49909655563167,8.9,2.48839697527087));
#4685=CARTESIAN_POINT('Ctrl Pts',(3.55288649731685,10.633792588654,5.34374100811318));
#4686=CARTESIAN_POINT('Ctrl Pts',(3.76326333164109,10.5744651873689,4.87828723420596));
#4687=CARTESIAN_POINT('Ctrl Pts',(4.1266962895946,10.313722682614,4.22117511017203));
#4688=CARTESIAN_POINT('Ctrl Pts',(4.77951133083771,9.68386458484111,3.28556898904311));
#4689=CARTESIAN_POINT('Ctrl Pts',(5.20270843504816,9.21807240231789,2.7932448928587));
#4690=CARTESIAN_POINT('Ctrl Pts',(5.49649830458859,8.90278711587302,2.49106691048751));
#4691=CARTESIAN_POINT('Ctrl Pts',(5.49779734959637,8.90139364072191,2.48973168512341));
#4692=CARTESIAN_POINT('Ctrl Pts',(5.49909655563167,8.9,2.48839697527087));
#4693=CARTESIAN_POINT('Ctrl Pts',(3.55497441794433,10.6751162652516,5.33912925658983));
#4694=CARTESIAN_POINT('Ctrl Pts',(3.76796750922808,10.6105862478645,4.86867496811755));
#4695=CARTESIAN_POINT('Ctrl Pts',(4.13351009535664,10.3403126611264,4.21032754816745));
#4696=CARTESIAN_POINT('Ctrl Pts',(4.7852550520575,9.69667969960943,3.27853672621732));
#4697=CARTESIAN_POINT('Ctrl Pts',(5.20540346159814,9.22320778293512,2.79048165854603));
#4698=CARTESIAN_POINT('Ctrl Pts',(5.49652185490088,8.90283205377627,2.49104266781646));
#4699=CARTESIAN_POINT('Ctrl Pts',(5.49780914313905,8.90141611879806,2.48971956929483));
#4700=CARTESIAN_POINT('Ctrl Pts',(5.49909655563167,8.9,2.48839697527087));
#4701=CARTESIAN_POINT('',(5.49909655563165,8.89999999999782,2.48839697527089));
#4702=CARTESIAN_POINT('Ctrl Pts',(3.38347492013845,10.4778811246681,5.28800806955886));
#4703=CARTESIAN_POINT('Ctrl Pts',(3.61569634909552,10.4205211092129,4.8481251674275));
#4704=CARTESIAN_POINT('Ctrl Pts',(4.01561580771013,10.1802779210024,4.22400625830215));
#4705=CARTESIAN_POINT('Ctrl Pts',(4.72907348474465,9.60815973298673,3.31082805474181));
#4706=CARTESIAN_POINT('Ctrl Pts',(5.18648424046982,9.1872958070567,2.80977939385416));
#4707=CARTESIAN_POINT('Ctrl Pts',(5.49635667068492,8.90251738113445,2.49121201873863));
#4708=CARTESIAN_POINT('Ctrl Pts',(5.49772658834029,8.901258772265,2.48980438009487));
#4709=CARTESIAN_POINT('Ctrl Pts',(5.49909655563167,8.9,2.48839697527087));
#4710=CARTESIAN_POINT('Ctrl Pts',(5.49909655563167,8.9,2.48839697527087));
#4711=CARTESIAN_POINT('Ctrl Pts',(5.49780914313905,8.90141611879806,2.48971956929483));
#4712=CARTESIAN_POINT('Ctrl Pts',(5.49652185490088,8.90283205377627,2.49104266781646));
#4713=CARTESIAN_POINT('Ctrl Pts',(5.20540346159814,9.22320778293512,2.79048165854603));
#4714=CARTESIAN_POINT('Ctrl Pts',(4.7852550520575,9.69667969960943,3.27853672621732));
#4715=CARTESIAN_POINT('Ctrl Pts',(4.13351009535664,10.3403126611264,4.21032754816745));
#4716=CARTESIAN_POINT('Ctrl Pts',(3.76796750922808,10.6105862478645,4.86867496811755));
#4717=CARTESIAN_POINT('Ctrl Pts',(3.55497441794433,10.6751162652516,5.33912925658983));
#4718=CARTESIAN_POINT('Ctrl Pts',(5.49909655563171,8.9,2.48839697527083));
#4719=CARTESIAN_POINT('Ctrl Pts',(4.58957332280778,8.9,3.4227750392401));
#4720=CARTESIAN_POINT('Ctrl Pts',(3.21624484810094,8.9,4.06158320777333));
#4721=CARTESIAN_POINT('Ctrl Pts',(1.76444947085866,8.9,4.33620915595262));
#4722=CARTESIAN_POINT('Ctrl Pts',(5.49909655563171,9.37871888054702,2.48839697527083));
#4723=CARTESIAN_POINT('Ctrl Pts',(4.59055446650012,9.37871888054702,3.42176708352151));
#4724=CARTESIAN_POINT('Ctrl Pts',(3.21541748795764,9.37871888054702,4.06173971368828));
#4725=CARTESIAN_POINT('Ctrl Pts',(1.76444947085866,9.37871888054702,4.33620915595262));
#4726=CARTESIAN_POINT('Ctrl Pts',(5.78649515359071,10.2080369943413,2.76815065529015));
#4727=CARTESIAN_POINT('Ctrl Pts',(4.80096699549296,10.2080369943413,3.78061065534036));
#4728=CARTESIAN_POINT('Ctrl Pts',(3.35488311304332,10.2080369943413,4.4435443010591));
#4729=CARTESIAN_POINT('Ctrl Pts',(1.8389957517657,10.2080369943413,4.73029408029772));
#4730=CARTESIAN_POINT('Ctrl Pts',(6.38833573212662,10.5,3.35398203312588));
#4731=CARTESIAN_POINT('Ctrl Pts',(5.24463638801099,10.5,4.52893561358551));
#4732=CARTESIAN_POINT('Ctrl Pts',(3.64436984733772,10.5,5.24356592938389));
#4733=CARTESIAN_POINT('Ctrl Pts',(1.9951029045055,10.5,5.5555461885003));
#4734=CARTESIAN_POINT('Ctrl Pts',(6.64561354230973,10.5,3.60441615040123));
#4735=CARTESIAN_POINT('Ctrl Pts',(5.43437872104703,10.5,4.84875077150784));
#4736=CARTESIAN_POINT('Ctrl Pts',(3.7680533403784,10.5,5.58557597620557));
#4737=CARTESIAN_POINT('Ctrl Pts',(2.06183636822195,10.5,5.90832907290445));
#4738=CARTESIAN_POINT('',(2.06183636822199,10.5,5.90832907290444));
#4739=CARTESIAN_POINT('Ctrl Pts',(3.12661857532664,10.5,5.64965066256335));
#4740=CARTESIAN_POINT('Ctrl Pts',(2.77600306886369,10.5,5.75467752375597));
#4741=CARTESIAN_POINT('Ctrl Pts',(2.41979763852322,10.5,5.84061605025061));
#4742=CARTESIAN_POINT('Ctrl Pts',(2.06183636822195,10.5,5.90832907290445));
#4743=CARTESIAN_POINT('',(2.65627960741008,10.4962242709238,5.66487247511112));
#4744=CARTESIAN_POINT('Ctrl Pts',(2.06183636822195,10.5,5.90832907290445));
#4745=CARTESIAN_POINT('Ctrl Pts',(2.11446930971761,10.5,5.8952232550923));
#4746=CARTESIAN_POINT('Ctrl Pts',(2.16714574957679,10.4999929742926,5.88065822826315));
#4747=CARTESIAN_POINT('Ctrl Pts',(2.21926660477943,10.4999477351253,5.86436664528266));
#4748=CARTESIAN_POINT('Ctrl Pts',(2.25662955503496,10.4999153053283,5.85268798801356));
#4749=CARTESIAN_POINT('Ctrl Pts',(2.29370654145119,10.4998628886618,5.84012277633865));
#4750=CARTESIAN_POINT('Ctrl Pts',(2.3302717986023,10.4997674424124,5.82658344024326));
#4751=CARTESIAN_POINT('Ctrl Pts',(2.3744721280715,10.4996520663423,5.8102169994512));
#4752=CARTESIAN_POINT('Ctrl Pts',(2.41817795012886,10.499475373675,5.79234289265986));
#4753=CARTESIAN_POINT('Ctrl Pts',(2.46106228449581,10.499162072143,5.77269290998656));
#4754=CARTESIAN_POINT('Ctrl Pts',(2.5002131943098,10.498876046017,5.75475361558348));
#4755=CARTESIAN_POINT('Ctrl Pts',(2.53867910137695,10.4984765018621,5.73533422891781));
#4756=CARTESIAN_POINT('Ctrl Pts',(2.57620294565557,10.4978671185951,5.71424461874468));
#4757=CARTESIAN_POINT('Ctrl Pts',(2.60388985334591,10.4974174861391,5.69868368405597));
#4758=CARTESIAN_POINT('Ctrl Pts',(2.63106369253525,10.4968529199245,5.68221368436978));
#4759=CARTESIAN_POINT('Ctrl Pts',(2.65761945635887,10.4961172844579,5.66476396421962));
#4760=CARTESIAN_POINT('',(2.92218595508849,10.4767296513528,5.42547453703668));
#4761=CARTESIAN_POINT('Ctrl Pts',(2.65761945531057,10.4961172843317,5.66476396263696));
#4762=CARTESIAN_POINT('Ctrl Pts',(2.69030679575033,10.4954856406264,5.64729219334311));
#4763=CARTESIAN_POINT('Ctrl Pts',(2.72147533913333,10.4946122691538,5.62753346362554));
#4764=CARTESIAN_POINT('Ctrl Pts',(2.75091497308712,10.4933586578317,5.60572542190897));
#4765=CARTESIAN_POINT('Ctrl Pts',(2.76231702392504,10.4928731307342,5.59727910764031));
#4766=CARTESIAN_POINT('Ctrl Pts',(2.77345994935234,10.4923300544338,5.58852553296374));
#4767=CARTESIAN_POINT('Ctrl Pts',(2.7843324150344,10.4917196170662,5.57947908553876));
#4768=CARTESIAN_POINT('Ctrl Pts',(2.8151260600842,10.4899906999859,5.55385719818471));
#4769=CARTESIAN_POINT('Ctrl Pts',(2.84360101920028,10.4877329709743,5.5260148024705));
#4770=CARTESIAN_POINT('Ctrl Pts',(2.86957040179348,10.4847043892605,5.49629961029813));
#4771=CARTESIAN_POINT('Ctrl Pts',(2.88943613382836,10.4823876228701,5.47356845591113));
#4772=CARTESIAN_POINT('Ctrl Pts',(2.90783634891361,10.4796187066985,5.44974176010548));
#4773=CARTESIAN_POINT('Ctrl Pts',(2.92470273149374,10.4762792452146,5.42498430400141));
#4774=CARTESIAN_POINT('',(3.23373469938899,10.2687220084829,4.7436502061951));
#4775=CARTESIAN_POINT('Ctrl Pts',(2.92218595566065,10.4767296513589,5.42547453749982));
#4776=CARTESIAN_POINT('Ctrl Pts',(2.93793672343727,10.4742564963993,5.40604352033943));
#4777=CARTESIAN_POINT('Ctrl Pts',(2.95311028058575,10.4714694647066,5.3860290374944));
#4778=CARTESIAN_POINT('Ctrl Pts',(2.96773340488257,10.4683035106029,5.3654151879991));
#4779=CARTESIAN_POINT('Ctrl Pts',(3.00197212512521,10.4608907160004,5.31714972764553));
#4780=CARTESIAN_POINT('Ctrl Pts',(3.03208765357233,10.4516075933223,5.26716148315182));
#4781=CARTESIAN_POINT('Ctrl Pts',(3.05898427498664,10.4400517307982,5.21596214806453));
#4782=CARTESIAN_POINT('Ctrl Pts',(3.08187835305749,10.4302155207134,5.17238189474539));
#4783=CARTESIAN_POINT('Ctrl Pts',(3.10244118708259,10.418732663334,5.12792577370132));
#4784=CARTESIAN_POINT('Ctrl Pts',(3.12119087078808,10.4053549899843,5.08291501595322));
#4785=CARTESIAN_POINT('Ctrl Pts',(3.12731640038691,10.4009844984414,5.06820998235464));
#4786=CARTESIAN_POINT('Ctrl Pts',(3.1332480123341,10.3964117671901,5.0534457184207));
#4787=CARTESIAN_POINT('Ctrl Pts',(3.13900251600319,10.3916281426458,5.03863324990917));
#4788=CARTESIAN_POINT('Ctrl Pts',(3.15847856524093,10.3754380222604,4.98850062637592));
#4789=CARTESIAN_POINT('Ctrl Pts',(3.176113298142,10.3566862592489,4.93733334757842));
#4790=CARTESIAN_POINT('Ctrl Pts',(3.1923884602427,10.33506025316,4.88562402235173));
#4791=CARTESIAN_POINT('Ctrl Pts',(3.20718349067742,10.3154010069855,4.83861736055913));
#4792=CARTESIAN_POINT('Ctrl Pts',(3.22085646163867,10.293366536804,4.79116418819885));
#4793=CARTESIAN_POINT('Ctrl Pts',(3.233734699389,10.2687220084829,4.7436502061951));
#4794=CARTESIAN_POINT('',(2.61029381027247,8.89999999999635,4.13309871156362));
#4795=CARTESIAN_POINT('Ctrl Pts',(2.61029381027166,8.9,4.13309871156386));
#4796=CARTESIAN_POINT('Ctrl Pts',(2.61127379444348,8.90188007046182,4.13281099170835));
#4797=CARTESIAN_POINT('Ctrl Pts',(2.61225464495232,8.90376014516049,4.13252637921469));
#4798=CARTESIAN_POINT('Ctrl Pts',(2.61323634775035,8.90564021369134,4.13224487223696));
#4799=CARTESIAN_POINT('Ctrl Pts',(2.637953929599,8.95297709394252,4.1251570124723));
#4800=CARTESIAN_POINT('Ctrl Pts',(2.6632701807577,9.00043173526282,4.12001692296785));
#4801=CARTESIAN_POINT('Ctrl Pts',(2.68897562788506,9.04783065150492,4.11684752240532));
#4802=CARTESIAN_POINT('Ctrl Pts',(2.71365645389557,9.09334024326817,4.11380445439512));
#4803=CARTESIAN_POINT('Ctrl Pts',(2.73869715136893,9.13879846382765,4.11257836417259));
#4804=CARTESIAN_POINT('Ctrl Pts',(2.76389995894862,9.18405175661915,4.11323452066927));
#4805=CARTESIAN_POINT('Ctrl Pts',(2.78077171115084,9.21434609346628,4.11367377767596));
#4806=CARTESIAN_POINT('Ctrl Pts',(2.7977158499539,9.24454859211849,4.11495746646444));
#4807=CARTESIAN_POINT('Ctrl Pts',(2.81466612490771,9.27461318427645,4.1171164261079));
#4808=CARTESIAN_POINT('Ctrl Pts',(2.83592274806543,9.31231591816327,4.11982388611542));
#4809=CARTESIAN_POINT('Ctrl Pts',(2.85727978886497,9.34997192148241,4.12391759924154));
#4810=CARTESIAN_POINT('Ctrl Pts',(2.87859404498118,9.38744922166221,4.12951995344568));
#4811=CARTESIAN_POINT('Ctrl Pts',(2.88855090505391,9.40495657597752,4.13213706832805));
#4812=CARTESIAN_POINT('Ctrl Pts',(2.89849791972005,9.42242493280514,4.1350838778409));
#4813=CARTESIAN_POINT('Ctrl Pts',(2.90841741720845,9.43984083848807,4.13837539668147));
#4814=CARTESIAN_POINT('Ctrl Pts',(2.92909685140492,9.47614822966019,4.14523731154656));
#4815=CARTESIAN_POINT('Ctrl Pts',(2.94965974550436,9.51222766383327,4.15359712323051));
#4816=CARTESIAN_POINT('Ctrl Pts',(2.96992994293313,9.54795724561435,4.16350013211769));
#4817=CARTESIAN_POINT('Ctrl Pts',(2.98203534576631,9.56929502399767,4.16941422902084));
#4818=CARTESIAN_POINT('Ctrl Pts',(2.9940355145406,9.59050802743734,4.17587891839089));
#4819=CARTESIAN_POINT('Ctrl Pts',(3.00588398925386,9.61157029315928,4.18290510978366));
#4820=CARTESIAN_POINT('Ctrl Pts',(3.02822629465842,9.65128676170565,4.19615418341779));
#4821=CARTESIAN_POINT('Ctrl Pts',(3.04948250570586,9.68946456367894,4.21107202985579));
#4822=CARTESIAN_POINT('Ctrl Pts',(3.06945815811461,9.72610060360064,4.22750866144411));
#4823=CARTESIAN_POINT('Ctrl Pts',(3.08900551197574,9.7619511291187,4.24359287473373));
#4824=CARTESIAN_POINT('Ctrl Pts',(3.10732763513593,9.79632529774031,4.26113231919481));
#4825=CARTESIAN_POINT('Ctrl Pts',(3.12421132163212,9.82922020885905,4.28002379356809));
#4826=CARTESIAN_POINT('Ctrl Pts',(3.13352807950658,9.8473722825939,4.29044848918578));
#4827=CARTESIAN_POINT('Ctrl Pts',(3.14240619084382,9.86507391436809,4.30128547330236));
#4828=CARTESIAN_POINT('Ctrl Pts',(3.15080395949166,9.88232461678626,4.31252101998383));
#4829=CARTESIAN_POINT('Ctrl Pts',(3.1625991374977,9.90655427996042,4.32830203023317));
#4830=CARTESIAN_POINT('Ctrl Pts',(3.17344730545545,9.92989435353642,4.34486941329364));
#4831=CARTESIAN_POINT('Ctrl Pts',(3.18331045776501,9.95234348698758,4.36213678569033));
#4832=CARTESIAN_POINT('Ctrl Pts',(3.1963427812007,9.98200584632305,4.38495241044147));
#4833=CARTESIAN_POINT('Ctrl Pts',(3.20752067854286,10.0098068311247,4.40874994733351));
#4834=CARTESIAN_POINT('Ctrl Pts',(3.21682647982294,10.0358531687241,4.43327935955454));
#4835=CARTESIAN_POINT('Ctrl Pts',(3.22618133395226,10.0620368020849,4.45793807150198));
#4836=CARTESIAN_POINT('Ctrl Pts',(3.23364464298332,10.0864472412554,4.48333772276877));
#4837=CARTESIAN_POINT('Ctrl Pts',(3.23915043096509,10.1091929102266,4.50924297857183));
#4838=CARTESIAN_POINT('Ctrl Pts',(3.24261768048026,10.12351691071,4.5255567171177));
#4839=CARTESIAN_POINT('Ctrl Pts',(3.24530764455926,10.1371806959941,4.54207127426226));
#4840=CARTESIAN_POINT('Ctrl Pts',(3.24719317225584,10.1502113444305,4.55872801857022));
#4841=CARTESIAN_POINT('Ctrl Pts',(3.24940566437507,10.1655016035058,4.57827316531101));
#4842=CARTESIAN_POINT('Ctrl Pts',(3.25054111006896,10.1801194223454,4.59826561474625));
#4843=CARTESIAN_POINT('Ctrl Pts',(3.25044659928793,10.1940457752607,4.61863431169372));
#4844=CARTESIAN_POINT('Ctrl Pts',(3.25035270201376,10.2078817267103,4.63887078737196));
#4845=CARTESIAN_POINT('Ctrl Pts',(3.24904508388047,10.2210351602561,4.65947940857664));
#4846=CARTESIAN_POINT('Ctrl Pts',(3.24633159823605,10.2334874183194,4.68035703719353));
#4847=CARTESIAN_POINT('Ctrl Pts',(3.2438485717019,10.2448820933731,4.69946150746494));
#4848=CARTESIAN_POINT('Ctrl Pts',(3.24018810986363,10.2556896382716,4.71879140632877));
#4849=CARTESIAN_POINT('Ctrl Pts',(3.23516790980872,10.265895756941,4.73823389296136));
#4850=CARTESIAN_POINT('Ctrl Pts',(3.23470196600097,10.2668430255245,4.74003842388735));
#4851=CARTESIAN_POINT('Ctrl Pts',(3.23422428313252,10.2677851131819,4.74184389747257));
#4852=CARTESIAN_POINT('Ctrl Pts',(3.233734699389,10.2687220084829,4.7436502061951));
#4853=CARTESIAN_POINT('',(3.4563110269171,8.9,3.83360808760686));
#4854=CARTESIAN_POINT('Ctrl Pts',(3.45545091215486,8.9,3.83155997115742));
#4855=CARTESIAN_POINT('Ctrl Pts',(3.18242260962816,8.9,3.94621930782563));
#4856=CARTESIAN_POINT('Ctrl Pts',(2.89948784400235,8.9,4.04661164930779));
#4857=CARTESIAN_POINT('Ctrl Pts',(2.61001000261886,8.9,4.13213811975497));
#4858=CARTESIAN_POINT('',(4.07659694935175,8.9,3.5389816773538));
#4859=CARTESIAN_POINT('Ctrl Pts',(3.45545091215486,8.9,3.83155997115743));
#4860=CARTESIAN_POINT('Ctrl Pts',(3.66873039746116,8.9,3.74199239122579));
#4861=CARTESIAN_POINT('Ctrl Pts',(3.87596481106962,8.9,3.64371887780915));
#4862=CARTESIAN_POINT('Ctrl Pts',(4.07555090341663,8.9,3.53702490128184));
#4863=CARTESIAN_POINT('Ctrl Pts',(5.49909655563171,8.9,2.48839697527083));
#4864=CARTESIAN_POINT('Ctrl Pts',(5.10222086409085,8.9,2.89611821527372));
#4865=CARTESIAN_POINT('Ctrl Pts',(4.61703371409435,8.9,3.24756107335154));
#4866=CARTESIAN_POINT('Ctrl Pts',(4.07555090341785,8.9,3.53702490128119));
#4867=CARTESIAN_POINT('Origin',(0.0164919647717149,10.5,4.81445801038769));
#4868=CARTESIAN_POINT('',(-2.14818124085116,10.5,5.89162849722009));
#4869=CARTESIAN_POINT('Ctrl Pts',(-2.14818124085113,10.5,5.8916284972201));
#4870=CARTESIAN_POINT('Ctrl Pts',(-2.47725906411589,10.5,5.82657503213741));
#4871=CARTESIAN_POINT('Ctrl Pts',(-2.80466204675085,10.5,5.74601724281367));
#4872=CARTESIAN_POINT('Ctrl Pts',(-3.12738100624306,10.5,5.64927736498221));
#4873=CARTESIAN_POINT('Ctrl Pts',(-2.14818124085116,10.5,5.89162849722009));
#4874=CARTESIAN_POINT('Ctrl Pts',(-2.13294536103044,10.5,5.89577489868624));
#4875=CARTESIAN_POINT('Ctrl Pts',(-2.01085900894221,10.5,5.92807376173226));
#4876=CARTESIAN_POINT('Ctrl Pts',(-1.76520773015201,10.5,5.97956025311292));
#4877=CARTESIAN_POINT('Ctrl Pts',(-1.36203688164859,10.5,6.03274053127919));
#4878=CARTESIAN_POINT('Ctrl Pts',(-0.765531631762075,10.5,6.06974453187171));
#4879=CARTESIAN_POINT('Ctrl Pts',(0.00334685095723072,10.5,6.08175838211861));
#4880=CARTESIAN_POINT('Ctrl Pts',(0.766565039482108,10.5,6.06944770597461));
#4881=CARTESIAN_POINT('Ctrl Pts',(1.33505114521436,10.5,6.03337758164547));
#4882=CARTESIAN_POINT('Ctrl Pts',(1.7173457885339,10.5,5.98318004193136));
#4883=CARTESIAN_POINT('Ctrl Pts',(1.94905479621071,10.5,5.93630401095315));
#4884=CARTESIAN_POINT('Ctrl Pts',(2.05961107781168,10.5,5.90888317932273));
#4885=CARTESIAN_POINT('Ctrl Pts',(2.06183636822199,10.5,5.90832907290444));
#4886=CARTESIAN_POINT('Ctrl Pts',(-1.83789143085441,8.9,4.3220042639043));
#4887=CARTESIAN_POINT('Ctrl Pts',(-3.25344616183065,8.9,4.04217155032119));
#4888=CARTESIAN_POINT('Ctrl Pts',(-4.58896599898543,8.9,3.41476258776026));
#4889=CARTESIAN_POINT('Ctrl Pts',(-5.48327573743814,8.9,2.50457416957843));
#4890=CARTESIAN_POINT('Ctrl Pts',(-1.83789143085441,9.37871888054702,4.3220042639043));
#4891=CARTESIAN_POINT('Ctrl Pts',(-3.25263534823646,9.37871888054702,4.0423318353058));
#4892=CARTESIAN_POINT('Ctrl Pts',(-4.58992583748324,9.37871888054702,3.41378570710418));
#4893=CARTESIAN_POINT('Ctrl Pts',(-5.48327573743814,9.37871888054702,2.50457416957843));
#4894=CARTESIAN_POINT('Ctrl Pts',(-1.91567210041779,10.2080369848419,4.71546360384042));
#4895=CARTESIAN_POINT('Ctrl Pts',(-3.39403702639333,10.2080369848419,4.42321431114333));
#4896=CARTESIAN_POINT('Ctrl Pts',(-4.8006978814492,10.2080369848419,3.77153274518416));
#4897=CARTESIAN_POINT('Ctrl Pts',(-5.76936212462059,10.2080369848419,2.78566964056576));
#4898=CARTESIAN_POINT('Ctrl Pts',(-2.07855237031046,10.5,5.53940564291428));
#4899=CARTESIAN_POINT('Ctrl Pts',(-3.6876293916043,10.5,5.22131664262366));
#4900=CARTESIAN_POINT('Ctrl Pts',(-5.24505398435056,10.5,4.51765787645129));
#4901=CARTESIAN_POINT('Ctrl Pts',(-6.3684547811697,10.5,3.37431083428433));
#4902=CARTESIAN_POINT('Ctrl Pts',(-2.14818124085113,10.5,5.8916284972201));
#4903=CARTESIAN_POINT('Ctrl Pts',(-3.81306933588388,10.5,5.56250653305278));
#4904=CARTESIAN_POINT('Ctrl Pts',(-5.4350881349075,10.5,4.8365351890178));
#4905=CARTESIAN_POINT('Ctrl Pts',(-6.62455789944313,10.5,3.62594610907452));
#4906=CARTESIAN_POINT('',(-4.01340653693122,8.9,3.57239987890879));
#4907=CARTESIAN_POINT('Ctrl Pts',(-4.01243272772672,8.9,3.57053301069366));
#4908=CARTESIAN_POINT('Ctrl Pts',(-4.57206992191571,8.9,3.27861103866586));
#4909=CARTESIAN_POINT('Ctrl Pts',(-5.07389882066301,8.9,2.92121966978777));
#4910=CARTESIAN_POINT('Ctrl Pts',(-5.48327573743814,8.9,2.50457416957843));
#4911=CARTESIAN_POINT('',(-3.36258178055637,8.9,3.87216567845523));
#4912=CARTESIAN_POINT('Ctrl Pts',(-4.01243272428091,8.9,3.57053301249108));
#4913=CARTESIAN_POINT('Ctrl Pts',(-3.80305898429294,8.9,3.67974804612464));
#4914=CARTESIAN_POINT('Ctrl Pts',(-3.5855938858098,8.9,3.77979940597947));
#4915=CARTESIAN_POINT('Ctrl Pts',(-3.36185156975608,8.9,3.87036162532081));
#4916=CARTESIAN_POINT('',(-2.54682357973994,8.9,4.15146597926816));
#4917=CARTESIAN_POINT('Ctrl Pts',(-2.54662170397055,8.9,4.15076232725527));
#4918=CARTESIAN_POINT('Ctrl Pts',(-2.8251174569769,8.9,4.07086268456125));
#4919=CARTESIAN_POINT('Ctrl Pts',(-3.0978541009933,8.9,3.97721757055878));
#4920=CARTESIAN_POINT('Ctrl Pts',(-3.36185156975609,8.9,3.87036162532081));
#4921=CARTESIAN_POINT('',(-3.17419161318982,10.2490754467756,4.73060149128169));
#4922=CARTESIAN_POINT('Ctrl Pts',(-3.17419161318982,10.2490754467756,4.73060149128169));
#4923=CARTESIAN_POINT('Ctrl Pts',(-3.17899487231756,10.2355922623304,4.70664845158398));
#4924=CARTESIAN_POINT('Ctrl Pts',(-3.1818962424866,10.220928643722,4.68247606692865));
#4925=CARTESIAN_POINT('Ctrl Pts',(-3.18300813239736,10.2049498690679,4.65825615775473));
#4926=CARTESIAN_POINT('Ctrl Pts',(-3.1841571122269,10.1884380817042,4.63322833184776));
#4927=CARTESIAN_POINT('Ctrl Pts',(-3.18339516760484,10.1705219341302,4.60814857125481));
#4928=CARTESIAN_POINT('Ctrl Pts',(-3.18079153877208,10.1510527677631,4.58319917078812));
#4929=CARTESIAN_POINT('Ctrl Pts',(-3.17936659807356,10.1403974826573,4.56954460694193));
#4930=CARTESIAN_POINT('Ctrl Pts',(-3.17738908415975,10.1292770270696,4.55592906902784));
#4931=CARTESIAN_POINT('Ctrl Pts',(-3.17486386030551,10.1176670316949,4.54238358679928));
#4932=CARTESIAN_POINT('Ctrl Pts',(-3.17002790814519,10.0954332079019,4.51644319187711));
#4933=CARTESIAN_POINT('Ctrl Pts',(-3.16323291599072,10.0716072572255,4.49100999414775));
#4934=CARTESIAN_POINT('Ctrl Pts',(-3.15458879075186,10.0461013822697,4.46630308921161));
#4935=CARTESIAN_POINT('Ctrl Pts',(-3.14593242860953,10.0205594003718,4.44156120838115));
#4936=CARTESIAN_POINT('Ctrl Pts',(-3.13542130553194,9.99333273451751,4.41754636923208));
#4937=CARTESIAN_POINT('Ctrl Pts',(-3.12311537033331,9.96433321391622,4.39448686020844));
#4938=CARTESIAN_POINT('Ctrl Pts',(-3.11401050323973,9.94287716229637,4.3774256810689));
#4939=CARTESIAN_POINT('Ctrl Pts',(-3.10392206490381,9.92045062053464,4.36088753571377));
#4940=CARTESIAN_POINT('Ctrl Pts',(-3.09285839100959,9.89701787765699,4.34497417663732));
#4941=CARTESIAN_POINT('Ctrl Pts',(-3.08648649091166,9.88352226145713,4.33580919805724));
#4942=CARTESIAN_POINT('Ctrl Pts',(-3.07982045308189,9.86975495206853,4.32689424974361));
#4943=CARTESIAN_POINT('Ctrl Pts',(-3.07286852793991,9.85571829319403,4.31824378674968));
#4944=CARTESIAN_POINT('Ctrl Pts',(-3.05705384315507,9.82378680213235,4.29856515921876));
#4945=CARTESIAN_POINT('Ctrl Pts',(-3.03976324831304,9.79046142570949,4.28025349669639));
#4946=CARTESIAN_POINT('Ctrl Pts',(-3.02124154199676,9.75576975501867,4.26337746798393));
#4947=CARTESIAN_POINT('Ctrl Pts',(-3.0015199102744,9.71883059069361,4.24540812879241));
#4948=CARTESIAN_POINT('Ctrl Pts',(-2.98040166066642,9.68034236740809,4.2290653299632));
#4949=CARTESIAN_POINT('Ctrl Pts',(-2.95813077895878,9.64033839361504,4.21446705946039));
#4950=CARTESIAN_POINT('Ctrl Pts',(-2.93585989725114,9.60033441982199,4.19986878895758));
#4951=CARTESIAN_POINT('Ctrl Pts',(-2.9124349735915,9.5588146955214,4.18701415808271));
#4952=CARTESIAN_POINT('Ctrl Pts',(-2.88806803630725,9.51581252916619,4.1760701332461));
#4953=CARTESIAN_POINT('Ctrl Pts',(-2.87059950503186,9.48498449858021,4.16822441846025));
#4954=CARTESIAN_POINT('Ctrl Pts',(-2.85279962181171,9.45366871941641,4.16143082045427));
#4955=CARTESIAN_POINT('Ctrl Pts',(-2.83476208513935,9.42192034526838,4.15571458249439));
#4956=CARTESIAN_POINT('Ctrl Pts',(-2.81018454429269,9.37866072636297,4.14792576551233));
#4957=CARTESIAN_POINT('Ctrl Pts',(-2.785166404573,9.33459794411473,4.14213465452708));
#4958=CARTESIAN_POINT('Ctrl Pts',(-2.75993770706824,9.28987152525262,4.13827555773241));
#4959=CARTESIAN_POINT('Ctrl Pts',(-2.73425722041486,9.24434415696796,4.13434735320616));
#4960=CARTESIAN_POINT('Ctrl Pts',(-2.70835730472652,9.19812917077548,4.13242084940461));
#4961=CARTESIAN_POINT('Ctrl Pts',(-2.68246095889616,9.15137372426719,4.1324781147531));
#4962=CARTESIAN_POINT('Ctrl Pts',(-2.65696082919821,9.10533363977584,4.13253450393724));
#4963=CARTESIAN_POINT('Ctrl Pts',(-2.6314629047159,9.05876950662187,4.13451451915965));
#4964=CARTESIAN_POINT('Ctrl Pts',(-2.60618015939799,9.0118218306474,4.13845020274044));
#4965=CARTESIAN_POINT('Ctrl Pts',(-2.58722507085579,8.97662401712845,4.1414008803591));
#4966=CARTESIAN_POINT('Ctrl Pts',(-2.5683908156327,8.94121061935779,4.14545179934218));
#4967=CARTESIAN_POINT('Ctrl Pts',(-2.54977351464501,8.90564084789218,4.15063472392274));
#4968=CARTESIAN_POINT('Ctrl Pts',(-2.54878937178272,8.90376056799962,4.15090870231709));
#4969=CARTESIAN_POINT('Ctrl Pts',(-2.54780605548003,8.90188028190238,4.15118578685565));
#4970=CARTESIAN_POINT('Ctrl Pts',(-2.54682357973994,8.9,4.15146597926816));
#4971=CARTESIAN_POINT('',(-2.92423417117532,10.475359449242,5.41674204542484));
#4972=CARTESIAN_POINT('Ctrl Pts',(-3.17419161318982,10.2490754467756,4.73060149128169));
#4973=CARTESIAN_POINT('Ctrl Pts',(-3.17148869797428,10.2566627751753,4.74408047164389));
#4974=CARTESIAN_POINT('Ctrl Pts',(-3.16874315960369,10.2640299769065,4.75756775224565));
#4975=CARTESIAN_POINT('Ctrl Pts',(-3.13563167814925,10.348685141885,4.9172208946638));
#4976=CARTESIAN_POINT('Ctrl Pts',(-3.09999806771041,10.3997539819191,5.06146046492472));
#4977=CARTESIAN_POINT('Ctrl Pts',(-3.01241203807823,10.452456730367,5.27287810889146));
#4978=CARTESIAN_POINT('Ctrl Pts',(-2.97336739454282,10.4658905038486,5.34716338657135));
#4979=CARTESIAN_POINT('Ctrl Pts',(-2.92423417153867,10.4753594492436,5.41674204568118));
#4980=CARTESIAN_POINT('',(-2.78796948370572,10.4912863989763,5.57179366277131));
#4981=CARTESIAN_POINT('Ctrl Pts',(-2.92629792587435,10.4748922063201,5.41628721171907));
#4982=CARTESIAN_POINT('Ctrl Pts',(-2.92200167434884,10.4758006153592,5.42278706105989));
#4983=CARTESIAN_POINT('Ctrl Pts',(-2.91760011985927,10.476669724908,5.42922801976453));
#4984=CARTESIAN_POINT('Ctrl Pts',(-2.91309163049378,10.477501625576,5.43560806500803));
#4985=CARTESIAN_POINT('Ctrl Pts',(-2.89203008303812,10.481387875266,5.46541264360903));
#4986=CARTESIAN_POINT('Ctrl Pts',(-2.86887455973209,10.4844260880444,5.4935787308343));
#4987=CARTESIAN_POINT('Ctrl Pts',(-2.843835040689,10.486853831825,5.51989291049641));
#4988=CARTESIAN_POINT('Ctrl Pts',(-2.82657808447837,10.4885270056603,5.53802834853603));
#4989=CARTESIAN_POINT('Ctrl Pts',(-2.80842690671063,10.4899095673236,5.55528474931343));
#4990=CARTESIAN_POINT('Ctrl Pts',(-2.78945741271803,10.4910685933638,5.57159876826407));
#4991=CARTESIAN_POINT('Ctrl Pts',(-2.789457412719,10.491068593364,5.5715987682651));
#4992=CARTESIAN_POINT('Ctrl Pts',(-2.7621990647203,10.4928958728863,5.59661003900072));
#4993=CARTESIAN_POINT('Ctrl Pts',(-2.73360346255192,10.4942671306212,5.62006417351608));
#4994=CARTESIAN_POINT('Ctrl Pts',(-2.70375039334946,10.4953413708955,5.64211000773996));
#4995=CARTESIAN_POINT('Ctrl Pts',(-2.67199957048431,10.49648390041,5.66555729125407));
#4996=CARTESIAN_POINT('Ctrl Pts',(-2.63882654877778,10.4972901700867,5.68741183547305));
#4997=CARTESIAN_POINT('Ctrl Pts',(-2.60432589472402,10.497894785861,5.7078651136719));
#4998=CARTESIAN_POINT('Ctrl Pts',(-2.60081163145857,10.4979563724907,5.70994850038452));
#4999=CARTESIAN_POINT('Ctrl Pts',(-2.59728359036884,10.4980158235655,5.71201735593477));
#5000=CARTESIAN_POINT('Ctrl Pts',(-2.5937418692752,10.4980732529264,5.7140718876357));
#5001=CARTESIAN_POINT('Ctrl Pts',(-2.55739634649527,10.4986625992038,5.73515571291842));
#5002=CARTESIAN_POINT('Ctrl Pts',(-2.51993995601959,10.4990375354589,5.75453207080225));
#5003=CARTESIAN_POINT('Ctrl Pts',(-2.48176122350872,10.499300248458,5.77237703574563));
#5004=CARTESIAN_POINT('Ctrl Pts',(-2.440574735836,10.4995836582254,5.79162784320634));
#5005=CARTESIAN_POINT('Ctrl Pts',(-2.39854805792836,10.4997358747444,5.80909635413735));
#5006=CARTESIAN_POINT('Ctrl Pts',(-2.35616112692447,10.4998317577109,5.82502855866085));
#5007=CARTESIAN_POINT('Ctrl Pts',(-2.35146032303964,10.4998423913428,5.82679547518782));
#5008=CARTESIAN_POINT('Ctrl Pts',(-2.34675507690681,10.4998522875867,5.82854352074754));
#5009=CARTESIAN_POINT('Ctrl Pts',(-2.34204603418234,10.4998615171439,5.83027304898883));
#5010=CARTESIAN_POINT('Ctrl Pts',(-2.29359751697031,10.4999564745247,5.84806712809776));
#5011=CARTESIAN_POINT('Ctrl Pts',(-2.24423778578168,10.4999850704125,5.86407963995419));
#5012=CARTESIAN_POINT('Ctrl Pts',(-2.19462310632917,10.4999955204282,5.8785456371107));
#5013=CARTESIAN_POINT('Ctrl Pts',(-2.17916082538617,10.4999987771474,5.88305392608128));
#5014=CARTESIAN_POINT('Ctrl Pts',(-2.16367368266586,10.5,5.88741227313519));
#5015=CARTESIAN_POINT('Ctrl Pts',(-2.14818124085113,10.5,5.8916284972201));
#5016=CARTESIAN_POINT('Ctrl Pts',(-5.48327573743807,8.89999999999824,2.5045741695785));
#5017=CARTESIAN_POINT('Ctrl Pts',(-5.48327573743807,10.9666666666661,2.5045741695785));
#5018=CARTESIAN_POINT('Ctrl Pts',(-5.48327573743807,13.0333333333339,2.5045741695785));
#5019=CARTESIAN_POINT('Ctrl Pts',(-5.48327573743807,15.1000000000018,2.5045741695785));
#5020=CARTESIAN_POINT('Ctrl Pts',(-4.65083675378801,8.89999999999824,3.35179330315542));
#5021=CARTESIAN_POINT('Ctrl Pts',(-4.65083675378801,10.9666666666661,3.35179330315542));
#5022=CARTESIAN_POINT('Ctrl Pts',(-4.65083675378801,13.0333333333339,3.35179330315542));
#5023=CARTESIAN_POINT('Ctrl Pts',(-4.65083675378801,15.1000000000018,3.35179330315542));
#5024=CARTESIAN_POINT('Ctrl Pts',(-3.97113878625174,8.89999999999824,4.3486441315914));
#5025=CARTESIAN_POINT('Ctrl Pts',(-3.97113878625174,10.9666666666661,4.3486441315914));
#5026=CARTESIAN_POINT('Ctrl Pts',(-3.97113878625173,13.0333333333339,4.34864413159141));
#5027=CARTESIAN_POINT('Ctrl Pts',(-3.97113878625173,15.1000000000018,4.34864413159141));
#5028=CARTESIAN_POINT('Ctrl Pts',(-3.48652481218538,8.89999999999824,5.43302608364464));
#5029=CARTESIAN_POINT('Ctrl Pts',(-3.48652481218538,10.9666666666661,5.43302608364464));
#5030=CARTESIAN_POINT('Ctrl Pts',(-3.48652481218538,13.0333333333339,5.43302608364464));
#5031=CARTESIAN_POINT('Ctrl Pts',(-3.48652481218538,15.1000000000018,5.43302608364464));
#5032=CARTESIAN_POINT('',(-3.48652481218536,13.314793747382,5.43302608364464));
#5033=CARTESIAN_POINT('Ctrl Pts',(-3.48652481218538,10.6852062526179,5.43302608364464));
#5034=CARTESIAN_POINT('Ctrl Pts',(-3.48652481218538,11.5617354175393,5.43302608364464));
#5035=CARTESIAN_POINT('Ctrl Pts',(-3.48652481218538,12.4382645824607,5.43302608364464));
#5036=CARTESIAN_POINT('Ctrl Pts',(-3.48652481218538,13.314793747382,5.43302608364464));
#5037=CARTESIAN_POINT('',(-5.48327573743807,15.1000000000017,2.5045741695785));
#5038=CARTESIAN_POINT('Ctrl Pts',(-5.48327573743809,15.1,2.50457416957848));
#5039=CARTESIAN_POINT('Ctrl Pts',(-5.48196484353449,15.0985675499912,2.50590833871164));
#5040=CARTESIAN_POINT('Ctrl Pts',(-5.48065413870423,15.0971353402575,2.50724290224362));
#5041=CARTESIAN_POINT('Ctrl Pts',(-5.18096576828346,14.7695058723385,2.81264926645078));
#5042=CARTESIAN_POINT('Ctrl Pts',(-4.74770566724779,14.2844700357705,3.31277647409192));
#5043=CARTESIAN_POINT('Ctrl Pts',(-4.07735899535653,13.6324187384784,4.27032142177033));
#5044=CARTESIAN_POINT('Ctrl Pts',(-3.70288453801264,13.3663708821561,4.94889521991896));
#5045=CARTESIAN_POINT('Ctrl Pts',(-3.48652481218537,13.3147937473821,5.43302608364465));
#5046=CARTESIAN_POINT('Ctrl Pts',(-5.48327573743807,15.1000000000018,2.5045741695785));
#5047=CARTESIAN_POINT('Ctrl Pts',(-5.48327573743807,13.0333333333339,2.5045741695785));
#5048=CARTESIAN_POINT('Ctrl Pts',(-5.48327573743807,10.9666666666661,2.5045741695785));
#5049=CARTESIAN_POINT('Ctrl Pts',(-5.48327573743807,8.89999999999824,2.5045741695785));
#5050=CARTESIAN_POINT('Ctrl Pts',(5.49909655563167,15.1,2.48839697527087));
#5051=CARTESIAN_POINT('Ctrl Pts',(5.49772658833816,15.0987412277331,2.48980438009706));
#5052=CARTESIAN_POINT('Ctrl Pts',(5.49635716537893,15.0974828622816,2.49121106470966));
#5053=CARTESIAN_POINT('Ctrl Pts',(5.03199417484383,14.6708276770025,2.96881859386759));
#5054=CARTESIAN_POINT('Ctrl Pts',(4.42932439263889,14.1154659724694,3.64613781172031));
#5055=CARTESIAN_POINT('Ctrl Pts',(3.75079847795335,13.6614264562552,4.63618870477488));
#5056=CARTESIAN_POINT('Ctrl Pts',(3.49958563497202,13.5507988831973,5.06806661786542));
#5057=CARTESIAN_POINT('Ctrl Pts',(3.38347492049945,13.5221188754211,5.28800806887505));
#5058=CARTESIAN_POINT('Ctrl Pts',(5.49909655563167,15.1,2.48839697527087));
#5059=CARTESIAN_POINT('Ctrl Pts',(5.49776007586149,15.0986839425831,2.48976708256776));
#5060=CARTESIAN_POINT('Ctrl Pts',(5.4964064088427,15.0973828286766,2.49116383088631));
#5061=CARTESIAN_POINT('Ctrl Pts',(5.04192045889099,14.6524882286287,2.95828921565047));
#5062=CARTESIAN_POINT('Ctrl Pts',(4.46699986411239,14.0761495392067,3.64794537825755));
#5063=CARTESIAN_POINT('Ctrl Pts',(3.82081926262335,13.6322953353823,4.66530763550318));
#5064=CARTESIAN_POINT('Ctrl Pts',(3.58230069059397,13.5329042064969,5.10482017132087));
#5065=CARTESIAN_POINT('Ctrl Pts',(3.47195209902267,13.5111836111419,5.32659462604847));
#5066=CARTESIAN_POINT('Ctrl Pts',(5.49909655563167,15.1,2.48839697527087));
#5067=CARTESIAN_POINT('Ctrl Pts',(5.49778066118115,15.0986352178945,2.48974530260829));
#5068=CARTESIAN_POINT('Ctrl Pts',(5.49646798718622,15.0972742443516,2.49110093570831));
#5069=CARTESIAN_POINT('Ctrl Pts',(5.05092534346518,14.6349351528117,2.94937449082244));
#5070=CARTESIAN_POINT('Ctrl Pts',(4.49478072712844,14.0340292606103,3.63448012481465));
#5071=CARTESIAN_POINT('Ctrl Pts',(3.87874818046115,13.5579748933249,4.66855736302853));
#5072=CARTESIAN_POINT('Ctrl Pts',(3.65359182530197,13.4474477232523,5.12050103180292));
#5073=CARTESIAN_POINT('Ctrl Pts',(3.55010260346868,13.4213056468907,5.34989000943119));
#5074=CARTESIAN_POINT('Ctrl Pts',(5.49909655563167,15.1,2.48839697527087));
#5075=CARTESIAN_POINT('Ctrl Pts',(5.49780914313704,15.0985838811998,2.48971956929689));
#5076=CARTESIAN_POINT('Ctrl Pts',(5.49652198993411,15.0971682200668,2.4910419091239));
#5077=CARTESIAN_POINT('Ctrl Pts',(5.06042287917288,14.6171811366331,2.93990438805178));
#5078=CARTESIAN_POINT('Ctrl Pts',(4.51193921299313,13.9923992190275,3.61091560054355));
#5079=CARTESIAN_POINT('Ctrl Pts',(3.89138165124082,13.481604763288,4.64514578873041));
#5080=CARTESIAN_POINT('Ctrl Pts',(3.66147096391156,13.357148743597,5.10390211168532));
#5081=CARTESIAN_POINT('Ctrl Pts',(3.55497441827544,13.3248837348487,5.33912925585849));
#5082=CARTESIAN_POINT('',(3.38347492049945,13.5221188754211,5.28800806887505));
#5083=CARTESIAN_POINT('',(3.55497441807536,13.3248837348487,5.33912925630042));
#5084=CARTESIAN_POINT('Origin',(3.37277735219357,13.3248837348487,5.25664150457894));
#5085=CARTESIAN_POINT('',(5.49909655563165,15.1000000000022,2.48839697527089));
#5086=CARTESIAN_POINT('Ctrl Pts',(3.55497441827544,13.3248837348487,5.33912925585849));
#5087=CARTESIAN_POINT('Ctrl Pts',(3.66147096391156,13.357148743597,5.10390211168532));
#5088=CARTESIAN_POINT('Ctrl Pts',(3.89138165124082,13.481604763288,4.64514578873041));
#5089=CARTESIAN_POINT('Ctrl Pts',(4.51193921299313,13.9923992190275,3.61091560054355));
#5090=CARTESIAN_POINT('Ctrl Pts',(5.06042287917288,14.6171811366331,2.93990438805178));
#5091=CARTESIAN_POINT('Ctrl Pts',(5.49652198993411,15.0971682200668,2.4910419091239));
#5092=CARTESIAN_POINT('Ctrl Pts',(5.49780914313704,15.0985838811998,2.48971956929689));
#5093=CARTESIAN_POINT('Ctrl Pts',(5.49909655563167,15.1,2.48839697527087));
#5094=CARTESIAN_POINT('Ctrl Pts',(5.49909655563167,15.1,2.48839697527087));
#5095=CARTESIAN_POINT('Ctrl Pts',(5.49772658833816,15.0987412277331,2.48980438009706));
#5096=CARTESIAN_POINT('Ctrl Pts',(5.49635716537893,15.0974828622816,2.49121106470966));
#5097=CARTESIAN_POINT('Ctrl Pts',(5.03199417484383,14.6708276770025,2.96881859386759));
#5098=CARTESIAN_POINT('Ctrl Pts',(4.42932439263889,14.1154659724694,3.64613781172031));
#5099=CARTESIAN_POINT('Ctrl Pts',(3.75079847795335,13.6614264562552,4.63618870477488));
#5100=CARTESIAN_POINT('Ctrl Pts',(3.49958563497202,13.5507988831973,5.06806661786542));
#5101=CARTESIAN_POINT('Ctrl Pts',(3.38347492049945,13.5221188754211,5.28800806887505));
#5102=CARTESIAN_POINT('Ctrl Pts',(3.27775142060885,13.3,5.77958993651372));
#5103=CARTESIAN_POINT('Ctrl Pts',(3.39335123363565,13.3,5.64573030291628));
#5104=CARTESIAN_POINT('Ctrl Pts',(3.48507972156368,13.3060058200001,5.49351106999571));
#5105=CARTESIAN_POINT('Ctrl Pts',(3.5549744180842,13.3248837347839,5.33912925628087));
#5106=CARTESIAN_POINT('Ctrl Pts',(3.27775142060885,13.3523598775598,5.77958993651372));
#5107=CARTESIAN_POINT('Ctrl Pts',(3.39249804257189,13.3510468417761,5.64665324319743));
#5108=CARTESIAN_POINT('Ctrl Pts',(3.48326755294252,13.3557028093172,5.49648525176024));
#5109=CARTESIAN_POINT('Ctrl Pts',(3.55253851068463,13.373094690812,5.34450963306349));
#5110=CARTESIAN_POINT('Ctrl Pts',(3.24491389675525,13.4566123558473,5.75123178614589));
#5111=CARTESIAN_POINT('Ctrl Pts',(3.35662856691851,13.4527869609917,5.62536443586936));
#5112=CARTESIAN_POINT('Ctrl Pts',(3.44531380302877,13.4547070393015,5.4836605062886));
#5113=CARTESIAN_POINT('Ctrl Pts',(3.51392191878465,13.4692043301354,5.33995081061637));
#5114=CARTESIAN_POINT('Ctrl Pts',(3.16601140482657,13.5,5.68309239961705));
#5115=CARTESIAN_POINT('Ctrl Pts',(3.27286618173551,13.497909826166,5.56932254709022));
#5116=CARTESIAN_POINT('Ctrl Pts',(3.35932725165366,13.5014141595041,5.44038055399353));
#5117=CARTESIAN_POINT('Ctrl Pts',(3.4277135095402,13.5166512432323,5.30730134789366));
#5118=CARTESIAN_POINT('Ctrl Pts',(3.12638333185972,13.5,5.64887000035846));
#5119=CARTESIAN_POINT('Ctrl Pts',(3.23052152683309,13.5,5.54022980770806));
#5120=CARTESIAN_POINT('Ctrl Pts',(3.3155397713531,13.5053385066668,5.41669348225477));
#5121=CARTESIAN_POINT('Ctrl Pts',(3.38347492026623,13.5221188753635,5.2880080693168));
#5122=CARTESIAN_POINT('',(3.12638333185972,13.5,5.64887000035846));
#5123=CARTESIAN_POINT('Ctrl Pts',(3.38347492026623,13.5221188753635,5.2880080693168));
#5124=CARTESIAN_POINT('Ctrl Pts',(3.3155397713531,13.5053385066668,5.41669348225477));
#5125=CARTESIAN_POINT('Ctrl Pts',(3.23052152683309,13.5,5.54022980770806));
#5126=CARTESIAN_POINT('Ctrl Pts',(3.12638333185972,13.5,5.64887000035846));
#5127=CARTESIAN_POINT('',(3.27775142060885,13.3,5.77958993651372));
#5128=CARTESIAN_POINT('Origin',(3.12638333185972,13.3,5.64887000035846));
#5129=CARTESIAN_POINT('Ctrl Pts',(3.27775142060885,13.3,5.77958993651372));
#5130=CARTESIAN_POINT('Ctrl Pts',(3.39335123363565,13.3,5.64573030291628));
#5131=CARTESIAN_POINT('Ctrl Pts',(3.48507972156368,13.3060058200001,5.49351106999571));
#5132=CARTESIAN_POINT('Ctrl Pts',(3.5549744180842,13.3248837347839,5.33912925628087));
#5133=CARTESIAN_POINT('Ctrl Pts',(-3.28090971750508,13.3,5.77410977953528));
#5134=CARTESIAN_POINT('Ctrl Pts',(-3.16745522815983,13.3,5.91640605152967));
#5135=CARTESIAN_POINT('Ctrl Pts',(-2.88400134402026,13.3,6.15527985126437));
#5136=CARTESIAN_POINT('Ctrl Pts',(-2.23965830198909,13.3,6.41628236812209));
#5137=CARTESIAN_POINT('Ctrl Pts',(-1.43138704665547,13.3,6.53492390564038));
#5138=CARTESIAN_POINT('Ctrl Pts',(-0.15838223787325,13.3,6.58840913147192));
#5139=CARTESIAN_POINT('Ctrl Pts',(1.10476927707459,13.3,6.57532397913113));
#5140=CARTESIAN_POINT('Ctrl Pts',(2.23761694436466,13.3,6.41331468351578));
#5141=CARTESIAN_POINT('Ctrl Pts',(2.87913503998503,13.3,6.14523218558205));
#5142=CARTESIAN_POINT('Ctrl Pts',(3.16068335969378,13.3,5.91514973829663));
#5143=CARTESIAN_POINT('Ctrl Pts',(3.27775142060882,13.3,5.77958993651376));
#5144=CARTESIAN_POINT('Ctrl Pts',(-3.28090971750508,13.3523598775598,5.77410977953528));
#5145=CARTESIAN_POINT('Ctrl Pts',(-3.16742297736519,13.3523598775598,5.91644650094576));
#5146=CARTESIAN_POINT('Ctrl Pts',(-2.88396319423624,13.3523598775598,6.15535123232947));
#5147=CARTESIAN_POINT('Ctrl Pts',(-2.23955238274713,13.3523598775598,6.41637761703036));
#5148=CARTESIAN_POINT('Ctrl Pts',(-1.43130741475934,13.3523598775598,6.53499270417508));
#5149=CARTESIAN_POINT('Ctrl Pts',(-0.158354595442509,13.3523598775598,6.58847339595978));
#5150=CARTESIAN_POINT('Ctrl Pts',(1.10467945419801,13.3523598775598,6.57538936586503));
#5151=CARTESIAN_POINT('Ctrl Pts',(2.23748073368135,13.3523598775598,6.41341732408827));
#5152=CARTESIAN_POINT('Ctrl Pts',(2.87907218384339,13.3523598775598,6.14530658112703));
#5153=CARTESIAN_POINT('Ctrl Pts',(3.16065347447929,13.3523598775598,5.91518434409535));
#5154=CARTESIAN_POINT('Ctrl Pts',(3.27775142060882,13.3523598775598,5.77958993651376));
#5155=CARTESIAN_POINT('Ctrl Pts',(-3.24698520456508,13.4566123380636,5.74706136682603));
#5156=CARTESIAN_POINT('Ctrl Pts',(-3.13689223919914,13.4566123380636,5.88514156651482));
#5157=CARTESIAN_POINT('Ctrl Pts',(-2.86208497790784,13.4566123380636,6.11704243323936));
#5158=CARTESIAN_POINT('Ctrl Pts',(-2.23037022101284,13.4566123380636,6.37346625471639));
#5159=CARTESIAN_POINT('Ctrl Pts',(-1.42787277565929,13.4566123380636,6.49166579141339));
#5160=CARTESIAN_POINT('Ctrl Pts',(-0.158599897108965,13.4566123380636,6.54490697536367));
#5161=CARTESIAN_POINT('Ctrl Pts',(1.10357062767224,13.4566123380636,6.53194674718678));
#5162=CARTESIAN_POINT('Ctrl Pts',(2.22799446653133,13.4566123380636,6.37055443700535));
#5163=CARTESIAN_POINT('Ctrl Pts',(2.85715954207914,13.4566123380636,6.10710637335738));
#5164=CARTESIAN_POINT('Ctrl Pts',(3.13096078020579,13.4566123380636,5.88318458852388));
#5165=CARTESIAN_POINT('Ctrl Pts',(3.2449138832958,13.4566123380636,5.7512317745225));
#5166=CARTESIAN_POINT('Ctrl Pts',(-3.16547092636839,13.5,5.68206907519721));
#5167=CARTESIAN_POINT('Ctrl Pts',(-3.06340771193633,13.5,5.81007824438267));
#5168=CARTESIAN_POINT('Ctrl Pts',(-2.80936800948581,13.5,6.02526988041425));
#5169=CARTESIAN_POINT('Ctrl Pts',(-2.20789713888781,13.5,6.27072700365331));
#5170=CARTESIAN_POINT('Ctrl Pts',(-1.41931168843728,13.5,6.38782564912914));
#5171=CARTESIAN_POINT('Ctrl Pts',(-0.159082295303681,13.5,6.4404737871353));
#5172=CARTESIAN_POINT('Ctrl Pts',(1.10055858058612,13.5,6.42781537658618));
#5173=CARTESIAN_POINT('Ctrl Pts',(2.20467340435737,13.5,6.26796027925449));
#5174=CARTESIAN_POINT('Ctrl Pts',(2.80426420661564,13.5,6.01560641559756));
#5175=CARTESIAN_POINT('Ctrl Pts',(3.05949907433214,13.5,5.80642911756043));
#5176=CARTESIAN_POINT('Ctrl Pts',(3.16601140482654,13.5,5.68309239961709));
#5177=CARTESIAN_POINT('Ctrl Pts',(-3.12453110005511,13.5,5.64942727072015));
#5178=CARTESIAN_POINT('Ctrl Pts',(-3.02651668897223,13.5,5.77235837181019));
#5179=CARTESIAN_POINT('Ctrl Pts',(-2.78291022363091,13.5,5.97914266409488));
#5180=CARTESIAN_POINT('Ctrl Pts',(-2.19666255586211,13.5,6.21908006930891));
#5181=CARTESIAN_POINT('Ctrl Pts',(-1.41505129606324,13.5,6.3356388683488));
#5182=CARTESIAN_POINT('Ctrl Pts',(-0.159338230868697,13.5,6.38799139408157));
#5183=CARTESIAN_POINT('Ctrl Pts',(1.09909017894656,13.5,6.37548401438204));
#5184=CARTESIAN_POINT('Ctrl Pts',(2.19302789478183,13.5,6.21638256527028));
#5185=CARTESIAN_POINT('Ctrl Pts',(2.7777290424045,13.5,5.96961461859232));
#5186=CARTESIAN_POINT('Ctrl Pts',(3.02362282695161,13.5,5.76786226492292));
#5187=CARTESIAN_POINT('Ctrl Pts',(3.12638333185969,13.5,5.6488700003585));
#5188=CARTESIAN_POINT('',(-3.12453110005511,13.5,5.64942727072015));
#5189=CARTESIAN_POINT('Ctrl Pts',(3.12638333185969,13.5,5.6488700003585));
#5190=CARTESIAN_POINT('Ctrl Pts',(3.02362282695161,13.5,5.76786226492292));
#5191=CARTESIAN_POINT('Ctrl Pts',(2.7777290424045,13.5,5.96961461859232));
#5192=CARTESIAN_POINT('Ctrl Pts',(2.19302789478183,13.5,6.21638256527028));
#5193=CARTESIAN_POINT('Ctrl Pts',(1.09909017894656,13.5,6.37548401438204));
#5194=CARTESIAN_POINT('Ctrl Pts',(-0.159338230868697,13.5,6.38799139408157));
#5195=CARTESIAN_POINT('Ctrl Pts',(-1.41505129606324,13.5,6.3356388683488));
#5196=CARTESIAN_POINT('Ctrl Pts',(-2.19666255586211,13.5,6.21908006930891));
#5197=CARTESIAN_POINT('Ctrl Pts',(-2.78291022363091,13.5,5.97914266409488));
#5198=CARTESIAN_POINT('Ctrl Pts',(-3.02651668897223,13.5,5.77235837181019));
#5199=CARTESIAN_POINT('Ctrl Pts',(-3.12453110005511,13.5,5.64942727072015));
#5200=CARTESIAN_POINT('',(-3.28090971750508,13.3,5.77410977953528));
#5201=CARTESIAN_POINT('Origin',(-3.12453110005511,13.3,5.64942727072015));
#5202=CARTESIAN_POINT('Ctrl Pts',(-3.28090971750508,13.3,5.77410977953528));
#5203=CARTESIAN_POINT('Ctrl Pts',(-3.16745522815983,13.3,5.91640605152967));
#5204=CARTESIAN_POINT('Ctrl Pts',(-2.88400134402026,13.3,6.15527985126437));
#5205=CARTESIAN_POINT('Ctrl Pts',(-2.23965830198909,13.3,6.41628236812209));
#5206=CARTESIAN_POINT('Ctrl Pts',(-1.43138704665547,13.3,6.53492390564038));
#5207=CARTESIAN_POINT('Ctrl Pts',(-0.15838223787325,13.3,6.58840913147192));
#5208=CARTESIAN_POINT('Ctrl Pts',(1.10476927707459,13.3,6.57532397913113));
#5209=CARTESIAN_POINT('Ctrl Pts',(2.23761694436466,13.3,6.41331468351578));
#5210=CARTESIAN_POINT('Ctrl Pts',(2.87913503998503,13.3,6.14523218558205));
#5211=CARTESIAN_POINT('Ctrl Pts',(3.16068335969378,13.3,5.91514973829663));
#5212=CARTESIAN_POINT('Ctrl Pts',(3.27775142060882,13.3,5.77958993651376));
#5213=CARTESIAN_POINT('Ctrl Pts',(-3.48652481218536,13.3147937473821,5.43302608364465));
#5214=CARTESIAN_POINT('Ctrl Pts',(-3.43333516795017,13.3037439905202,5.55204429882487));
#5215=CARTESIAN_POINT('Ctrl Pts',(-3.36490826291777,13.3,5.66875758118546));
#5216=CARTESIAN_POINT('Ctrl Pts',(-3.28090971750508,13.3,5.77410977953528));
#5217=CARTESIAN_POINT('Ctrl Pts',(-3.48460824000146,13.3640541677397,5.43731464401897));
#5218=CARTESIAN_POINT('Ctrl Pts',(-3.43191613566815,13.3540693511728,5.55444299978627));
#5219=CARTESIAN_POINT('Ctrl Pts',(-3.36422134081893,13.3513420842983,5.66956628972935));
#5220=CARTESIAN_POINT('Ctrl Pts',(-3.28090971750508,13.3523598775598,5.77410977953528));
#5221=CARTESIAN_POINT('Ctrl Pts',(-3.44560967864353,13.4622296353102,5.43014014753832));
#5222=CARTESIAN_POINT('Ctrl Pts',(-3.39371401870828,13.454312698446,5.54027726323888));
#5223=CARTESIAN_POINT('Ctrl Pts',(-3.32783521701711,13.4536471269691,5.64849720309973));
#5224=CARTESIAN_POINT('Ctrl Pts',(-3.24698522411685,13.4566123630693,5.74706138241487));
#5225=CARTESIAN_POINT('Ctrl Pts',(-3.35712159597874,13.5089050780114,5.39546961400628));
#5226=CARTESIAN_POINT('Ctrl Pts',(-3.30600567848931,13.5002977421942,5.49622036517663));
#5227=CARTESIAN_POINT('Ctrl Pts',(-3.24236466766216,13.4983798119822,5.59372487951568));
#5228=CARTESIAN_POINT('Ctrl Pts',(-3.16547092636839,13.5,5.68206907519721));
#5229=CARTESIAN_POINT('Ctrl Pts',(-3.3119468780662,13.513149997673,5.37572424666581));
#5230=CARTESIAN_POINT('Ctrl Pts',(-3.26148837537743,13.5033279915735,5.47254483330334));
#5231=CARTESIAN_POINT('Ctrl Pts',(-3.19921859664307,13.5,5.56546251451597));
#5232=CARTESIAN_POINT('Ctrl Pts',(-3.12453110005511,13.5,5.64942727072015));
#5233=CARTESIAN_POINT('',(-3.3119468780662,13.513149997673,5.37572424666581));
#5234=CARTESIAN_POINT('Ctrl Pts',(-3.12453110005511,13.5,5.64942727072015));
#5235=CARTESIAN_POINT('Ctrl Pts',(-3.19921859664307,13.5,5.56546251451597));
#5236=CARTESIAN_POINT('Ctrl Pts',(-3.26148837537743,13.5033279915735,5.47254483330334));
#5237=CARTESIAN_POINT('Ctrl Pts',(-3.3119468780662,13.513149997673,5.37572424666581));
#5238=CARTESIAN_POINT('Origin',(-3.30392952342968,13.3147937473821,5.35142362948896));
#5239=CARTESIAN_POINT('Ctrl Pts',(-3.48652481218536,13.3147937473821,5.43302608364465));
#5240=CARTESIAN_POINT('Ctrl Pts',(-3.43333516795017,13.3037439905202,5.55204429882487));
#5241=CARTESIAN_POINT('Ctrl Pts',(-3.36490826291777,13.3,5.66875758118546));
#5242=CARTESIAN_POINT('Ctrl Pts',(-3.28090971750508,13.3,5.77410977953528));
#5243=CARTESIAN_POINT('Ctrl Pts',(-3.31194687806621,13.513149997673,5.37572424666581));
#5244=CARTESIAN_POINT('Ctrl Pts',(-3.54747287435615,13.5589963396943,4.9237931763002));
#5245=CARTESIAN_POINT('Ctrl Pts',(-3.9566223493944,13.7954833230907,4.28173779316971));
#5246=CARTESIAN_POINT('Ctrl Pts',(-4.68993729148404,14.3750844762398,3.34507743011021));
#5247=CARTESIAN_POINT('Ctrl Pts',(-5.16156149419957,14.806227442075,2.83225254430804));
#5248=CARTESIAN_POINT('Ctrl Pts',(-5.48048656050048,15.0974536357845,2.50741311235534));
#5249=CARTESIAN_POINT('Ctrl Pts',(-5.48188108903896,15.0987267111032,2.50599358028793));
#5250=CARTESIAN_POINT('Ctrl Pts',(-5.48327573743809,15.1,2.50457416957848));
#5251=CARTESIAN_POINT('Ctrl Pts',(-3.36357512710911,13.5082986609169,5.39829038076921));
#5252=CARTESIAN_POINT('Ctrl Pts',(-3.59226668252408,13.545583885088,4.94493144459695));
#5253=CARTESIAN_POINT('Ctrl Pts',(-3.98999825662686,13.7744164262222,4.29257977235411));
#5254=CARTESIAN_POINT('Ctrl Pts',(-4.7040285838217,14.358089212471,3.34256549921169));
#5255=CARTESIAN_POINT('Ctrl Pts',(-5.16526400179817,14.799200286979,2.82851106862587));
#5256=CARTESIAN_POINT('Ctrl Pts',(-5.48051855682039,15.0973931072171,2.50738080920314));
#5257=CARTESIAN_POINT('Ctrl Pts',(-5.4818970422762,15.0986963947009,2.50597734379721));
#5258=CARTESIAN_POINT('Ctrl Pts',(-5.48327573743809,15.1,2.50457416957848));
#5259=CARTESIAN_POINT('Ctrl Pts',(-3.45138159042173,13.455692215873,5.43203682332274));
#5260=CARTESIAN_POINT('Ctrl Pts',(-3.66586427181576,13.4900951947972,4.9681062635344));
#5261=CARTESIAN_POINT('Ctrl Pts',(-4.04223593030522,13.7233462410578,4.29848897105437));
#5262=CARTESIAN_POINT('Ctrl Pts',(-4.72581260235741,14.328227681686,3.33437568157259));
#5263=CARTESIAN_POINT('Ctrl Pts',(-5.17177011182211,14.7870087033881,2.82200552684217));
#5264=CARTESIAN_POINT('Ctrl Pts',(-5.48057437359163,15.0972868609653,2.50732405632398));
#5265=CARTESIAN_POINT('Ctrl Pts',(-5.48192496044138,15.0986433409969,2.50594892993844));
#5266=CARTESIAN_POINT('Ctrl Pts',(-5.48327573743809,15.1,2.50457416957848));
#5267=CARTESIAN_POINT('Ctrl Pts',(-3.48488203602774,13.3570169648314,5.43670199253692));
#5268=CARTESIAN_POINT('Ctrl Pts',(-3.69842586138978,13.4034721807996,4.95819026086331));
#5269=CARTESIAN_POINT('Ctrl Pts',(-4.07053866824324,13.6597004678642,4.28121375259669));
#5270=CARTESIAN_POINT('Ctrl Pts',(-4.74183042424866,14.2976079658216,3.3199394568921));
#5271=CARTESIAN_POINT('Ctrl Pts',(-5.1782016142304,14.7747583307155,2.81545588576288));
#5272=CARTESIAN_POINT('Ctrl Pts',(-5.48063024737701,15.0971807916063,2.50726727052824));
#5273=CARTESIAN_POINT('Ctrl Pts',(-5.48195287860655,15.0985902872929,2.50592051607968));
#5274=CARTESIAN_POINT('Ctrl Pts',(-5.48327573743809,15.1,2.50457416957848));
#5275=CARTESIAN_POINT('Ctrl Pts',(-3.48652481218537,13.3147937473821,5.43302608364465));
#5276=CARTESIAN_POINT('Ctrl Pts',(-3.70288453801264,13.3663708821561,4.94889521991896));
#5277=CARTESIAN_POINT('Ctrl Pts',(-4.07735899535653,13.6324187384784,4.27032142177033));
#5278=CARTESIAN_POINT('Ctrl Pts',(-4.74770566724779,14.2844700357705,3.31277647409192));
#5279=CARTESIAN_POINT('Ctrl Pts',(-5.18096576828346,14.7695058723385,2.81264926645078));
#5280=CARTESIAN_POINT('Ctrl Pts',(-5.48065413870423,15.0971353402575,2.50724290224362));
#5281=CARTESIAN_POINT('Ctrl Pts',(-5.48196484353449,15.0985675499912,2.50590833871164));
#5282=CARTESIAN_POINT('Ctrl Pts',(-5.48327573743809,15.1,2.50457416957848));
#5283=CARTESIAN_POINT('Ctrl Pts',(-3.31194687806621,13.513149997673,5.37572424666581));
#5284=CARTESIAN_POINT('Ctrl Pts',(-3.54747287435615,13.5589963396943,4.9237931763002));
#5285=CARTESIAN_POINT('Ctrl Pts',(-3.9566223493944,13.7954833230907,4.28173779316971));
#5286=CARTESIAN_POINT('Ctrl Pts',(-4.68993729148404,14.3750844762398,3.34507743011021));
#5287=CARTESIAN_POINT('Ctrl Pts',(-5.16156149419957,14.806227442075,2.83225254430804));
#5288=CARTESIAN_POINT('Ctrl Pts',(-5.48048656050048,15.0974536357845,2.50741311235534));
#5289=CARTESIAN_POINT('Ctrl Pts',(-5.48188108903896,15.0987267111032,2.50599358028793));
#5290=CARTESIAN_POINT('Ctrl Pts',(-5.48327573743809,15.1,2.50457416957848));
#5291=CARTESIAN_POINT('Ctrl Pts',(-5.48327573743814,15.1,2.50457416957843));
#5292=CARTESIAN_POINT('Ctrl Pts',(-4.58896599898543,15.1,3.41476258776026));
#5293=CARTESIAN_POINT('Ctrl Pts',(-3.25344616183065,15.1,4.04217155032119));
#5294=CARTESIAN_POINT('Ctrl Pts',(-1.83789143085441,15.1,4.3220042639043));
#5295=CARTESIAN_POINT('Ctrl Pts',(-5.48327573743814,14.621281119453,2.50457416957843));
#5296=CARTESIAN_POINT('Ctrl Pts',(-4.58992583748324,14.621281119453,3.41378570710418));
#5297=CARTESIAN_POINT('Ctrl Pts',(-3.25263534823646,14.621281119453,4.0423318353058));
#5298=CARTESIAN_POINT('Ctrl Pts',(-1.83789143085441,14.621281119453,4.3220042639043));
#5299=CARTESIAN_POINT('Ctrl Pts',(-5.76940918781395,13.7920179759511,2.7857158827188));
#5300=CARTESIAN_POINT('Ctrl Pts',(-4.80074494464255,13.7920179759511,3.77157898733721));
#5301=CARTESIAN_POINT('Ctrl Pts',(-3.39404982185251,13.7920179759511,4.42327903793152));
#5302=CARTESIAN_POINT('Ctrl Pts',(-1.91568489587698,13.7920179759511,4.71552833062862));
#5303=CARTESIAN_POINT('Ctrl Pts',(-6.3684547811697,13.5,3.37431083428433));
#5304=CARTESIAN_POINT('Ctrl Pts',(-5.24505398435056,13.5,4.51765787645129));
#5305=CARTESIAN_POINT('Ctrl Pts',(-3.6876293916043,13.5,5.22131664262366));
#5306=CARTESIAN_POINT('Ctrl Pts',(-2.07855237031046,13.5,5.53940564291428));
#5307=CARTESIAN_POINT('Ctrl Pts',(-6.62455789944313,13.5,3.62594610907452));
#5308=CARTESIAN_POINT('Ctrl Pts',(-5.4350881349075,13.5,4.8365351890178));
#5309=CARTESIAN_POINT('Ctrl Pts',(-3.81306933588388,13.5,5.56250653305278));
#5310=CARTESIAN_POINT('Ctrl Pts',(-2.14818124085113,13.5,5.8916284972201));
#5311=CARTESIAN_POINT('',(-2.14818124085115,13.5,5.8916284972201));
#5312=CARTESIAN_POINT('Ctrl Pts',(-3.12738100624305,13.5,5.64927736498221));
#5313=CARTESIAN_POINT('Ctrl Pts',(-2.80466204675085,13.5,5.74601724281367));
#5314=CARTESIAN_POINT('Ctrl Pts',(-2.47725906411589,13.5,5.82657503213741));
#5315=CARTESIAN_POINT('Ctrl Pts',(-2.14818124085113,13.5,5.8916284972201));
#5316=CARTESIAN_POINT('',(-2.78796948377128,13.508713601028,5.57179366271291));
#5317=CARTESIAN_POINT('Ctrl Pts',(-2.14818124085113,13.5,5.8916284972201));
#5318=CARTESIAN_POINT('Ctrl Pts',(-2.19637180119267,13.5,5.87851357294883));
#5319=CARTESIAN_POINT('Ctrl Pts',(-2.24463154561087,13.5000096931748,5.86399334259102));
#5320=CARTESIAN_POINT('Ctrl Pts',(-2.29234397285138,13.500063213344,5.84781708788727));
#5321=CARTESIAN_POINT('Ctrl Pts',(-2.33563470302483,13.5001117735901,5.83313994991508));
#5322=CARTESIAN_POINT('Ctrl Pts',(-2.37847441406762,13.5001959890588,5.8170998390142));
#5323=CARTESIAN_POINT('Ctrl Pts',(-2.42039342020683,13.5003685513951,5.79953322246538));
#5324=CARTESIAN_POINT('Ctrl Pts',(-2.4596840619961,13.5005302938973,5.78306805065341));
#5325=CARTESIAN_POINT('Ctrl Pts',(-2.4984641127063,13.5007695883724,5.76514187829871));
#5326=CARTESIAN_POINT('Ctrl Pts',(-2.53636974084405,13.5011695529401,5.74551770466561));
#5327=CARTESIAN_POINT('Ctrl Pts',(-2.57112052365031,13.5015362288799,5.72752683024458));
#5328=CARTESIAN_POINT('Ctrl Pts',(-2.60513607400887,13.5020376329521,5.708108878566));
#5329=CARTESIAN_POINT('Ctrl Pts',(-2.63813092535361,13.502777639299,5.68709606280566));
#5330=CARTESIAN_POINT('Ctrl Pts',(-2.66126485388427,13.5032964855203,5.67236318909307));
#5331=CARTESIAN_POINT('Ctrl Pts',(-2.68389689542992,13.503933397186,5.65684656466536));
#5332=CARTESIAN_POINT('Ctrl Pts',(-2.70592820164267,13.5047388443784,5.64049338560849));
#5333=CARTESIAN_POINT('Ctrl Pts',(-2.73522792522815,13.5058100191817,5.61874507792837));
#5334=CARTESIAN_POINT('Ctrl Pts',(-2.76306234154736,13.5071632275894,5.59581962459551));
#5335=CARTESIAN_POINT('Ctrl Pts',(-2.78945782006575,13.5089329432923,5.57160055118662));
#5336=CARTESIAN_POINT('',(-2.92423415546501,13.5246405476588,5.41674206844286));
#5337=CARTESIAN_POINT('Ctrl Pts',(-2.78945782006574,13.5089329432923,5.57160055118661));
#5338=CARTESIAN_POINT('Ctrl Pts',(-2.81922962614672,13.5107524218092,5.54599541800758));
#5339=CARTESIAN_POINT('Ctrl Pts',(-2.84679590827606,13.5131098838503,5.51823195815798));
#5340=CARTESIAN_POINT('Ctrl Pts',(-2.8719591069323,13.5162449437264,5.48863073956519));
#5341=CARTESIAN_POINT('Ctrl Pts',(-2.88768067615269,13.5182036796378,5.47013636556002));
#5342=CARTESIAN_POINT('Ctrl Pts',(-2.90246485625708,13.5204667522132,5.4509250345338));
#5343=CARTESIAN_POINT('Ctrl Pts',(-2.91627072677413,13.5230980662062,5.4310796797631));
#5344=CARTESIAN_POINT('Ctrl Pts',(-2.91967686082044,13.5237472544024,5.42618350617793));
#5345=CARTESIAN_POINT('Ctrl Pts',(-2.92301922157878,13.524418213955,5.42125394880802));
#5346=CARTESIAN_POINT('Ctrl Pts',(-2.92629904865439,13.5251118273557,5.41629188175667));
#5347=CARTESIAN_POINT('',(-3.17419161318982,13.7509245532244,4.73060149128169));
#5348=CARTESIAN_POINT('Ctrl Pts',(-2.92423415546528,13.5246405476588,5.41674206844306));
#5349=CARTESIAN_POINT('Ctrl Pts',(-2.92435362198277,13.5246635712202,5.41657288923818));
#5350=CARTESIAN_POINT('Ctrl Pts',(-2.92447304349953,13.5246866210655,5.41640366157212));
#5351=CARTESIAN_POINT('Ctrl Pts',(-2.98576184364609,13.5365341022212,5.32949602636589));
#5352=CARTESIAN_POINT('Ctrl Pts',(-3.03078079376284,13.5544857306747,5.23619229080557));
#5353=CARTESIAN_POINT('Ctrl Pts',(-3.11416690545422,13.6182165564418,5.0094770179689));
#5354=CARTESIAN_POINT('Ctrl Pts',(-3.14612766718354,13.672146508942,4.87055163656557));
#5355=CARTESIAN_POINT('Ctrl Pts',(-3.17419161318982,13.7509245532244,4.73060149128169));
#5356=CARTESIAN_POINT('',(-2.54682357973994,15.1,4.15146597926816));
#5357=CARTESIAN_POINT('Ctrl Pts',(-2.54682357973994,15.1,4.15146597926816));
#5358=CARTESIAN_POINT('Ctrl Pts',(-2.54780605548006,15.0981197180976,4.15118578685564));
#5359=CARTESIAN_POINT('Ctrl Pts',(-2.54878937178268,15.0962394320002,4.1509087023171));
#5360=CARTESIAN_POINT('Ctrl Pts',(-2.54977351464503,15.0943591521076,4.15063472392273));
#5361=CARTESIAN_POINT('Ctrl Pts',(-2.57465754987995,15.0468163075781,4.14370718496487));
#5362=CARTESIAN_POINT('Ctrl Pts',(-2.5999283337251,14.9995528279684,4.13880015238421));
#5363=CARTESIAN_POINT('Ctrl Pts',(-2.62535924910488,14.9527101009065,4.13584411218738));
#5364=CARTESIAN_POINT('Ctrl Pts',(-2.65115748418151,14.9051907856822,4.13284537546261));
#5365=CARTESIAN_POINT('Ctrl Pts',(-2.67712179561913,14.8581044653374,4.131854347129));
#5366=CARTESIAN_POINT('Ctrl Pts',(-2.70303033807333,14.8115987429512,4.13285077663379));
#5367=CARTESIAN_POINT('Ctrl Pts',(-2.72839579636814,14.7660678542978,4.13382631939511));
#5368=CARTESIAN_POINT('Ctrl Pts',(-2.7537090219336,14.7210934782018,4.13670706248133));
#5369=CARTESIAN_POINT('Ctrl Pts',(-2.77875716908686,14.6768141289639,4.14152228741197));
#5370=CARTESIAN_POINT('Ctrl Pts',(-2.79760852242547,14.6434892825001,4.14514624833877));
#5371=CARTESIAN_POINT('Ctrl Pts',(-2.81630976046968,14.6105581088667,4.14986689493922));
#5372=CARTESIAN_POINT('Ctrl Pts',(-2.83476208513935,14.578079654732,4.15571458249439));
#5373=CARTESIAN_POINT('Ctrl Pts',(-2.8527996218114,14.5463312805843,4.16143082045417));
#5374=CARTESIAN_POINT('Ctrl Pts',(-2.87059950503156,14.5150155014203,4.16822441846011));
#5375=CARTESIAN_POINT('Ctrl Pts',(-2.88806803630725,14.4841874708338,4.1760701332461));
#5376=CARTESIAN_POINT('Ctrl Pts',(-2.91171460534078,14.4424565924945,4.18669061606611));
#5377=CARTESIAN_POINT('Ctrl Pts',(-2.93447392893011,14.4021217999505,4.1991106559234));
#5378=CARTESIAN_POINT('Ctrl Pts',(-2.95615254826523,14.3632135339997,4.21317692549084));
#5379=CARTESIAN_POINT('Ctrl Pts',(-2.97814220443824,14.3237470265936,4.22744501270818));
#5380=CARTESIAN_POINT('Ctrl Pts',(-2.99902126646548,14.2857482739929,4.24340760439463));
#5381=CARTESIAN_POINT('Ctrl Pts',(-3.01855853822124,14.2492490461449,4.26095065228867));
#5382=CARTESIAN_POINT('Ctrl Pts',(-3.03696875314087,14.2148553683847,4.27748168518377));
#5383=CARTESIAN_POINT('Ctrl Pts',(-3.0541882230929,14.1817931978304,4.29541701647318));
#5384=CARTESIAN_POINT('Ctrl Pts',(-3.06998369008306,14.1500891173183,4.31468925968394));
#5385=CARTESIAN_POINT('Ctrl Pts',(-3.0709506743974,14.1481482219605,4.31586908911847));
#5386=CARTESIAN_POINT('Ctrl Pts',(-3.07191230688681,14.1462124164233,4.3170539357854));
#5387=CARTESIAN_POINT('Ctrl Pts',(-3.07286852793991,14.144281706806,4.31824378674968));
#5388=CARTESIAN_POINT('Ctrl Pts',(-3.07982045308189,14.1302450479315,4.32689424974361));
#5389=CARTESIAN_POINT('Ctrl Pts',(-3.08648649091166,14.1164777385429,4.33580919805724));
#5390=CARTESIAN_POINT('Ctrl Pts',(-3.09285839100959,14.102982122343,4.34497417663732));
#5391=CARTESIAN_POINT('Ctrl Pts',(-3.1077385280792,14.0714661513129,4.36637691921266));
#5392=CARTESIAN_POINT('Ctrl Pts',(-3.12085615637203,14.0417702998794,4.38890866367266));
#5393=CARTESIAN_POINT('Ctrl Pts',(-3.13218550219755,14.0138076871261,4.4123259119241));
#5394=CARTESIAN_POINT('Ctrl Pts',(-3.14360148069522,13.9856312512713,4.43592222601231));
#5395=CARTESIAN_POINT('Ctrl Pts',(-3.15320214333442,13.9592146627289,4.46041892330576));
#5396=CARTESIAN_POINT('Ctrl Pts',(-3.16091457060994,13.9344690322334,4.48558987562174));
#5397=CARTESIAN_POINT('Ctrl Pts',(-3.16661137851217,13.9161905968827,4.50418247623081));
#5398=CARTESIAN_POINT('Ctrl Pts',(-3.17127702268259,13.8988238501498,4.52314353202291));
#5399=CARTESIAN_POINT('Ctrl Pts',(-3.17486386030551,13.8823329683051,4.54238358679928));
#5400=CARTESIAN_POINT('Ctrl Pts',(-3.17948351349207,13.8610936029164,4.56716373848196));
#5401=CARTESIAN_POINT('Ctrl Pts',(-3.18227308083525,13.8414925886148,4.59217758331259));
#5402=CARTESIAN_POINT('Ctrl Pts',(-3.18319137930432,13.8233807244422,4.61723816203556));
#5403=CARTESIAN_POINT('Ctrl Pts',(-3.18408379592917,13.8057793353089,4.64159241921204));
#5404=CARTESIAN_POINT('Ctrl Pts',(-3.18320902124194,13.7895843371389,4.66599199443331));
#5405=CARTESIAN_POINT('Ctrl Pts',(-3.18048130899742,13.7746587922449,4.69026809427444));
#5406=CARTESIAN_POINT('Ctrl Pts',(-3.17896522450945,13.7663630538899,4.7037609465617));
#5407=CARTESIAN_POINT('Ctrl Pts',(-3.17687586022971,13.7584594783602,4.71721560594944));
#5408=CARTESIAN_POINT('Ctrl Pts',(-3.17419161318982,13.7509245532244,4.73060149128169));
#5409=CARTESIAN_POINT('',(-3.36258178055637,15.1,3.87216567845523));
#5410=CARTESIAN_POINT('Ctrl Pts',(-3.36185156975608,15.1,3.87036162532081));
#5411=CARTESIAN_POINT('Ctrl Pts',(-3.09785410099329,15.1,3.97721757055878));
#5412=CARTESIAN_POINT('Ctrl Pts',(-2.8251174569769,15.1,4.07086268456125));
#5413=CARTESIAN_POINT('Ctrl Pts',(-2.54662170397054,15.1,4.15076232725527));
#5414=CARTESIAN_POINT('',(-4.01340653693122,15.1,3.57239987890878));
#5415=CARTESIAN_POINT('Ctrl Pts',(-3.36185156975608,15.1,3.87036162532081));
#5416=CARTESIAN_POINT('Ctrl Pts',(-3.58559388703711,15.1,3.77979940548271));
#5417=CARTESIAN_POINT('Ctrl Pts',(-3.80305898667869,15.1,3.67974804502701));
#5418=CARTESIAN_POINT('Ctrl Pts',(-4.01243272772639,15.1,3.57053301069383));
#5419=CARTESIAN_POINT('Ctrl Pts',(-5.48327573743814,15.1,2.50457416957843));
#5420=CARTESIAN_POINT('Ctrl Pts',(-5.07389882066301,15.1,2.92121966978777));
#5421=CARTESIAN_POINT('Ctrl Pts',(-4.57206992191572,15.1,3.27861103866586));
#5422=CARTESIAN_POINT('Ctrl Pts',(-4.01243272772672,15.1,3.57053301069366));
#5423=CARTESIAN_POINT('Origin',(0.0164919647717149,13.5,4.81445801038769));
#5424=CARTESIAN_POINT('',(2.06183636822183,13.5,5.90832907290447));
#5425=CARTESIAN_POINT('Ctrl Pts',(2.06183636822183,13.5,5.90832907290447));
#5426=CARTESIAN_POINT('Ctrl Pts',(2.41979763852375,13.5,5.84061605025051));
#5427=CARTESIAN_POINT('Ctrl Pts',(2.77600306886486,13.5,5.75467752375569));
#5428=CARTESIAN_POINT('Ctrl Pts',(3.12661857532843,13.5,5.64965066256281));
#5429=CARTESIAN_POINT('Ctrl Pts',(2.06183636822184,13.5,5.90832907290448));
#5430=CARTESIAN_POINT('Ctrl Pts',(2.05961107781156,13.5,5.90888317932277));
#5431=CARTESIAN_POINT('Ctrl Pts',(1.94905479621061,13.5,5.93630401095317));
#5432=CARTESIAN_POINT('Ctrl Pts',(1.71734578853383,13.5,5.98318004193137));
#5433=CARTESIAN_POINT('Ctrl Pts',(1.33505114521432,13.5,6.03337758164547));
#5434=CARTESIAN_POINT('Ctrl Pts',(0.766565039482108,13.5,6.06944770597461));
#5435=CARTESIAN_POINT('Ctrl Pts',(0.00334685095723072,13.5,6.08175838211861));
#5436=CARTESIAN_POINT('Ctrl Pts',(-0.765531631762075,13.5,6.06974453187171));
#5437=CARTESIAN_POINT('Ctrl Pts',(-1.36203688164859,13.5,6.03274053127919));
#5438=CARTESIAN_POINT('Ctrl Pts',(-1.76520773015201,13.5,5.97956025311293));
#5439=CARTESIAN_POINT('Ctrl Pts',(-2.01085900894221,13.5,5.92807376173226));
#5440=CARTESIAN_POINT('Ctrl Pts',(-2.13294536103044,13.5,5.89577489868625));
#5441=CARTESIAN_POINT('Ctrl Pts',(-2.14818124085115,13.5,5.8916284972201));
#5442=CARTESIAN_POINT('Ctrl Pts',(1.76444947085856,15.1,4.33620915595264));
#5443=CARTESIAN_POINT('Ctrl Pts',(3.21624484810087,15.1,4.06158320777336));
#5444=CARTESIAN_POINT('Ctrl Pts',(4.58957332280776,15.1,3.42277503924013));
#5445=CARTESIAN_POINT('Ctrl Pts',(5.4990965556317,15.1,2.48839697527083));
#5446=CARTESIAN_POINT('Ctrl Pts',(1.76444947085856,14.621281119453,4.33620915595264));
#5447=CARTESIAN_POINT('Ctrl Pts',(3.21541748795757,14.621281119453,4.06173971368831));
#5448=CARTESIAN_POINT('Ctrl Pts',(4.5905544665001,14.621281119453,3.42176708352153));
#5449=CARTESIAN_POINT('Ctrl Pts',(5.4990965556317,14.621281119453,2.48839697527083));
#5450=CARTESIAN_POINT('Ctrl Pts',(1.8390080154917,13.7920179680021,4.73035891182943));
#5451=CARTESIAN_POINT('Ctrl Pts',(3.35489537676936,13.7920179680021,4.44360913259083));
#5452=CARTESIAN_POINT('Ctrl Pts',(4.80101427588902,13.7920179680021,3.78065667805898));
#5453=CARTESIAN_POINT('Ctrl Pts',(5.78654243398679,13.7920179680021,2.76819667800875));
#5454=CARTESIAN_POINT('Ctrl Pts',(1.99510290450538,13.5,5.55554618850032));
#5455=CARTESIAN_POINT('Ctrl Pts',(3.64436984733764,13.5,5.24356592938392));
#5456=CARTESIAN_POINT('Ctrl Pts',(5.24463638801095,13.5,4.52893561358554));
#5457=CARTESIAN_POINT('Ctrl Pts',(6.38833573212661,13.5,3.35398203312588));
#5458=CARTESIAN_POINT('Ctrl Pts',(2.06183636822183,13.5,5.90832907290447));
#5459=CARTESIAN_POINT('Ctrl Pts',(3.76805334037831,13.5,5.58557597620561));
#5460=CARTESIAN_POINT('Ctrl Pts',(5.434378721047,13.5,4.84875077150787));
#5461=CARTESIAN_POINT('Ctrl Pts',(6.64561354230972,13.5,3.60441615040124));
#5462=CARTESIAN_POINT('',(4.07659694935175,15.1,3.5389816773538));
#5463=CARTESIAN_POINT('Ctrl Pts',(4.07555090341785,15.1,3.53702490128119));
#5464=CARTESIAN_POINT('Ctrl Pts',(4.61703371409435,15.1,3.24756107335154));
#5465=CARTESIAN_POINT('Ctrl Pts',(5.10222086409085,15.1,2.89611821527372));
#5466=CARTESIAN_POINT('Ctrl Pts',(5.4990965556317,15.1,2.48839697527083));
#5467=CARTESIAN_POINT('',(3.4563110269171,15.1,3.83360808760686));
#5468=CARTESIAN_POINT('Ctrl Pts',(4.07555090046149,15.1,3.53702490286159));
#5469=CARTESIAN_POINT('Ctrl Pts',(3.87596480902404,15.1,3.6437188787792));
#5470=CARTESIAN_POINT('Ctrl Pts',(3.66873039640854,15.1,3.74199239166785));
#5471=CARTESIAN_POINT('Ctrl Pts',(3.45545091215487,15.1,3.83155997115742));
#5472=CARTESIAN_POINT('',(2.61029381027247,15.1000000000037,4.13309871156362));
#5473=CARTESIAN_POINT('Ctrl Pts',(2.61001000261886,15.1,4.13213811975497));
#5474=CARTESIAN_POINT('Ctrl Pts',(2.89948784400235,15.1,4.04661164930779));
#5475=CARTESIAN_POINT('Ctrl Pts',(3.18242260962816,15.1,3.94621930782563));
#5476=CARTESIAN_POINT('Ctrl Pts',(3.45545091215486,15.1,3.83155997115743));
#5477=CARTESIAN_POINT('',(3.23373469938899,13.7312779915171,4.7436502061951));
#5478=CARTESIAN_POINT('Ctrl Pts',(3.233734699389,13.7312779915171,4.7436502061951));
#5479=CARTESIAN_POINT('Ctrl Pts',(3.23908064032027,13.7415082881802,4.72392647177382));
#5480=CARTESIAN_POINT('Ctrl Pts',(3.24301079780704,13.7523576820276,4.70430572542752));
#5481=CARTESIAN_POINT('Ctrl Pts',(3.24571816173383,13.763811291589,4.684908815275));
#5482=CARTESIAN_POINT('Ctrl Pts',(3.24853099815823,13.7757111066993,4.66475624736277));
#5483=CARTESIAN_POINT('Ctrl Pts',(3.25002382856103,13.7882631321715,4.64484478854563));
#5484=CARTESIAN_POINT('Ctrl Pts',(3.25037218719612,13.801450678658,4.62526993547467));
#5485=CARTESIAN_POINT('Ctrl Pts',(3.25074001119634,13.815375110589,4.60460129105133));
#5486=CARTESIAN_POINT('Ctrl Pts',(3.24983191219988,13.8300080702979,4.58430742454067));
#5487=CARTESIAN_POINT('Ctrl Pts',(3.24781012177082,13.8453299115283,4.5644647837275));
#5488=CARTESIAN_POINT('Ctrl Pts',(3.24761485138919,13.8468097393786,4.56254832394585));
#5489=CARTESIAN_POINT('Ctrl Pts',(3.24740915967033,13.8482959932924,4.56063605054633));
#5490=CARTESIAN_POINT('Ctrl Pts',(3.24719317225584,13.8497886555694,4.55872801857022));
#5491=CARTESIAN_POINT('Ctrl Pts',(3.24421011354839,13.8704042049208,4.53237568959847));
#5492=CARTESIAN_POINT('Ctrl Pts',(3.2392162142152,13.8926044845593,4.50637946433107));
#5493=CARTESIAN_POINT('Ctrl Pts',(3.23230924194005,13.9164967226512,4.48097070948656));
#5494=CARTESIAN_POINT('Ctrl Pts',(3.22538541825953,13.9404472522452,4.45549996319188));
#5495=CARTESIAN_POINT('Ctrl Pts',(3.21653886473618,13.966098006334,4.43061821389587));
#5496=CARTESIAN_POINT('Ctrl Pts',(3.20581723334954,13.9935569998355,4.40656439817637));
#5497=CARTESIAN_POINT('Ctrl Pts',(3.19905997311625,14.0108629076907,4.39140458839006));
#5498=CARTESIAN_POINT('Ctrl Pts',(3.19155691957671,14.0288870652841,4.37657382595784));
#5499=CARTESIAN_POINT('Ctrl Pts',(3.18331045776501,14.0476565130124,4.36213678569033));
#5500=CARTESIAN_POINT('Ctrl Pts',(3.17344730545545,14.0701056464636,4.34486941329364));
#5501=CARTESIAN_POINT('Ctrl Pts',(3.1625991374977,14.0934457200396,4.32830203023317));
#5502=CARTESIAN_POINT('Ctrl Pts',(3.15080395949166,14.1176753832137,4.31252101998383));
#5503=CARTESIAN_POINT('Ctrl Pts',(3.13566788513333,14.1487679180863,4.29227015607476));
#5504=CARTESIAN_POINT('Ctrl Pts',(3.11897410187517,14.1813253503399,4.27331262781762));
#5505=CARTESIAN_POINT('Ctrl Pts',(3.10095612732225,14.2153448261356,4.25573434050865));
#5506=CARTESIAN_POINT('Ctrl Pts',(3.08243781091273,14.2503089901164,4.23766792103575));
#5507=CARTESIAN_POINT('Ctrl Pts',(3.06251974722493,14.2868175241412,4.22105750654466));
#5508=CARTESIAN_POINT('Ctrl Pts',(3.04141263156987,14.3248673299629,4.20602979655365));
#5509=CARTESIAN_POINT('Ctrl Pts',(3.02991313949384,14.3455974689213,4.19784246130677));
#5510=CARTESIAN_POINT('Ctrl Pts',(3.01806005999324,14.3667850948912,4.19012556688866));
#5511=CARTESIAN_POINT('Ctrl Pts',(3.00588398925386,14.3884297068407,4.18290510978366));
#5512=CARTESIAN_POINT('Ctrl Pts',(2.98604401160279,14.4236979494894,4.17113992619857));
#5513=CARTESIAN_POINT('Ctrl Pts',(2.96578168521149,14.4593888407049,4.16094879238789));
#5514=CARTESIAN_POINT('Ctrl Pts',(2.94530391256836,14.4953804850943,4.15228170583062));
#5515=CARTESIAN_POINT('Ctrl Pts',(2.93307454539804,14.5168747677964,4.1471057042384));
#5516=CARTESIAN_POINT('Ctrl Pts',(2.92076721706562,14.5384763141936,4.14247334609418));
#5517=CARTESIAN_POINT('Ctrl Pts',(2.90841741720845,14.5601591615119,4.13837539668146));
#5518=CARTESIAN_POINT('Ctrl Pts',(2.88718314169714,14.5974407012253,4.13132937262703));
#5519=CARTESIAN_POINT('Ctrl Pts',(2.86582559113003,14.6349625944787,4.12586072186944));
#5520=CARTESIAN_POINT('Ctrl Pts',(2.84450651168686,14.6725928687004,4.12183129718381));
#5521=CARTESIAN_POINT('Ctrl Pts',(2.83454739841839,14.6901716841599,4.1199489693395));
#5522=CARTESIAN_POINT('Ctrl Pts',(2.82459606199989,14.7077741510533,4.11838120402464));
#5523=CARTESIAN_POINT('Ctrl Pts',(2.81466612490776,14.7253868157235,4.11711642610791));
#5524=CARTESIAN_POINT('Ctrl Pts',(2.78953677117687,14.769958586575,4.11391569569385));
#5525=CARTESIAN_POINT('Ctrl Pts',(2.76442232739714,14.8148334629583,4.1126367326993));
#5526=CARTESIAN_POINT('Ctrl Pts',(2.73953355107909,14.8598613327058,4.11318620141433));
#5527=CARTESIAN_POINT('Ctrl Pts',(2.71350762351301,14.9069464951713,4.11376077498092));
#5528=CARTESIAN_POINT('Ctrl Pts',(2.68772734983712,14.9541989507021,4.11633439167178));
#5529=CARTESIAN_POINT('Ctrl Pts',(2.66240703465107,15.0014470571616,4.12085103305255));
#5530=CARTESIAN_POINT('Ctrl Pts',(2.64580003478417,15.0324359801635,4.12381339202234));
#5531=CARTESIAN_POINT('Ctrl Pts',(2.62939038547038,15.0634230323081,4.1276126410303));
#5532=CARTESIAN_POINT('Ctrl Pts',(2.61323634775044,15.0943597863086,4.13224487223693));
#5533=CARTESIAN_POINT('Ctrl Pts',(2.61225464495243,15.0962398548395,4.13252637921466));
#5534=CARTESIAN_POINT('Ctrl Pts',(2.61127379444348,15.0981199295382,4.13281099170835));
#5535=CARTESIAN_POINT('Ctrl Pts',(2.61029381027165,15.1,4.13309871156386));
#5536=CARTESIAN_POINT('',(2.92218595864153,13.5232703492377,5.42547453225599));
#5537=CARTESIAN_POINT('Ctrl Pts',(3.23373469938899,13.7312779915171,4.74365020619511));
#5538=CARTESIAN_POINT('Ctrl Pts',(3.23255994258304,13.7290299100687,4.74798444623781));
#5539=CARTESIAN_POINT('Ctrl Pts',(3.23137833213812,13.7268030357126,4.75231894603778));
#5540=CARTESIAN_POINT('Ctrl Pts',(3.18886096376874,13.647906237533,4.90735376107434));
#5541=CARTESIAN_POINT('Ctrl Pts',(3.13964832284148,13.5974659231071,5.05674372397082));
#5542=CARTESIAN_POINT('Ctrl Pts',(3.02849939088425,13.5454417945312,5.27670235001273));
#5543=CARTESIAN_POINT('Ctrl Pts',(2.98021969675938,13.5323826941716,5.35388090809165));
#5544=CARTESIAN_POINT('Ctrl Pts',(2.92218595940839,13.5232703492296,5.42547453287641));
#5545=CARTESIAN_POINT('',(2.65627964359639,13.5037757300336,5.66487245354161));
#5546=CARTESIAN_POINT('Ctrl Pts',(2.92470380907623,13.5237245881384,5.42498870261671));
#5547=CARTESIAN_POINT('Ctrl Pts',(2.90321204322322,13.5194681210924,5.45653821456665));
#5548=CARTESIAN_POINT('Ctrl Pts',(2.87928591389511,13.5161488986455,5.4864881089447));
#5549=CARTESIAN_POINT('Ctrl Pts',(2.85310622012132,13.5135121916976,5.51453321972155));
#5550=CARTESIAN_POINT('Ctrl Pts',(2.83064752448589,13.5112502477905,5.53859219506487));
#5551=CARTESIAN_POINT('Ctrl Pts',(2.80653107650802,13.5094905182284,5.56124991661268));
#5552=CARTESIAN_POINT('Ctrl Pts',(2.78089068592493,13.5080912596059,5.58232746229395));
#5553=CARTESIAN_POINT('Ctrl Pts',(2.7534944395075,13.5065961796499,5.60484839985483));
#5554=CARTESIAN_POINT('Ctrl Pts',(2.72453512935842,13.5055212709331,5.62541328612303));
#5555=CARTESIAN_POINT('Ctrl Pts',(2.69423705320419,13.5047171466446,5.64385664363788));
#5556=CARTESIAN_POINT('Ctrl Pts',(2.68223624666179,13.5043986399522,5.65116189841384));
#5557=CARTESIAN_POINT('Ctrl Pts',(2.67002558531639,13.504123122546,5.6581344821186));
#5558=CARTESIAN_POINT('Ctrl Pts',(2.65761966359965,13.5038834062169,5.66476474487326));
#5559=CARTESIAN_POINT('Ctrl Pts',(2.65761966359966,13.5038834062169,5.66476474487328));
#5560=CARTESIAN_POINT('Ctrl Pts',(2.62122613292839,13.5028747703267,5.6886830897242));
#5561=CARTESIAN_POINT('Ctrl Pts',(2.58355474570203,13.5021826243643,5.71083343892294));
#5562=CARTESIAN_POINT('Ctrl Pts',(2.54473543699972,13.5016727398804,5.73142445092316));
#5563=CARTESIAN_POINT('Ctrl Pts',(2.52033467987259,13.5013522404209,5.74436739863694));
#5564=CARTESIAN_POINT('Ctrl Pts',(2.49548027176958,13.5011049462761,5.75669450586837));
#5565=CARTESIAN_POINT('Ctrl Pts',(2.47020308499606,13.5009075461188,5.76845956770478));
#5566=CARTESIAN_POINT('Ctrl Pts',(2.42556092763648,13.5005589167812,5.78923789824258));
#5567=CARTESIAN_POINT('Ctrl Pts',(2.37989417648968,13.5003658350311,5.80811681103207));
#5568=CARTESIAN_POINT('Ctrl Pts',(2.33366551438394,13.5002415609047,5.82532535260824));
#5569=CARTESIAN_POINT('Ctrl Pts',(2.3029322736054,13.5001589423196,5.83676574970428));
#5570=CARTESIAN_POINT('Ctrl Pts',(2.27195051297702,13.5001079255037,5.84746843783009));
#5571=CARTESIAN_POINT('Ctrl Pts',(2.2408532093798,13.5000735351302,5.85750675124108));
#5572=CARTESIAN_POINT('Ctrl Pts',(2.1876434324759,13.5000146906682,5.87468304485188));
#5573=CARTESIAN_POINT('Ctrl Pts',(2.13364893920553,13.500002764328,5.89005312399807));
#5574=CARTESIAN_POINT('Ctrl Pts',(2.07950585390523,13.5000003759578,5.90387423321662));
#5575=CARTESIAN_POINT('Ctrl Pts',(2.07361753203086,13.5000001162111,5.90537734555845));
#5576=CARTESIAN_POINT('Ctrl Pts',(2.0677274351714,13.5,5.90686217312715));
#5577=CARTESIAN_POINT('Ctrl Pts',(2.06183636822192,13.5,5.90832907290446));
#5578=CARTESIAN_POINT('Ctrl Pts',(5.49909655563165,15.1000000000022,2.48839697527089));
#5579=CARTESIAN_POINT('Ctrl Pts',(5.49909655563165,13.0333333333341,2.48839697527089));
#5580=CARTESIAN_POINT('Ctrl Pts',(5.49909655563165,10.9666666666659,2.48839697527089));
#5581=CARTESIAN_POINT('Ctrl Pts',(5.49909655563165,8.89999999999782,2.48839697527089));
#5582=CARTESIAN_POINT('Ctrl Pts',(4.69279594951154,15.1000000000022,3.31673161493103));
#5583=CARTESIAN_POINT('Ctrl Pts',(4.69279594951154,13.0333333333341,3.31673161493103));
#5584=CARTESIAN_POINT('Ctrl Pts',(4.69279594951154,10.9666666666659,3.31673161493103));
#5585=CARTESIAN_POINT('Ctrl Pts',(4.69279594951154,8.89999999999782,3.31673161493103));
#5586=CARTESIAN_POINT('Ctrl Pts',(4.03173987368144,15.1000000000022,4.28606057767128));
#5587=CARTESIAN_POINT('Ctrl Pts',(4.03173987368144,13.0333333333341,4.28606057767128));
#5588=CARTESIAN_POINT('Ctrl Pts',(4.03173987368143,10.9666666666659,4.28606057767128));
#5589=CARTESIAN_POINT('Ctrl Pts',(4.03173987368143,8.89999999999782,4.28606057767128));
#5590=CARTESIAN_POINT('Ctrl Pts',(3.55497441787528,15.1000000000022,5.33912925674236));
#5591=CARTESIAN_POINT('Ctrl Pts',(3.55497441787528,13.0333333333341,5.33912925674236));
#5592=CARTESIAN_POINT('Ctrl Pts',(3.55497441787528,10.9666666666659,5.33912925674236));
#5593=CARTESIAN_POINT('Ctrl Pts',(3.55497441787528,8.89999999999782,5.33912925674236));
#5594=CARTESIAN_POINT('Ctrl Pts',(5.49909655563165,8.89999999999782,2.48839697527089));
#5595=CARTESIAN_POINT('Ctrl Pts',(5.49909655563165,10.9666666666659,2.48839697527089));
#5596=CARTESIAN_POINT('Ctrl Pts',(5.49909655563165,13.0333333333341,2.48839697527089));
#5597=CARTESIAN_POINT('Ctrl Pts',(5.49909655563165,15.1000000000022,2.48839697527089));
#5598=CARTESIAN_POINT('Ctrl Pts',(3.55497441787528,13.3248837348487,5.33912925674236));
#5599=CARTESIAN_POINT('Ctrl Pts',(3.55497441787528,12.4416279113919,5.33912925674236));
#5600=CARTESIAN_POINT('Ctrl Pts',(3.55497441787528,11.558372087935,5.33912925674236));
#5601=CARTESIAN_POINT('Ctrl Pts',(3.55497441787528,10.6751162644781,5.33912925674236));
#5602=CARTESIAN_POINT('Ctrl Pts',(8.18373147026819E-13,1.545,1.8));
#5603=CARTESIAN_POINT('Ctrl Pts',(8.18373147026819E-13,-2.,1.8));
#5604=CARTESIAN_POINT('Ctrl Pts',(0.112603849585715,1.545,1.79999999999998));
#5605=CARTESIAN_POINT('Ctrl Pts',(0.112603849585715,-2.,1.79999999999998));
#5606=CARTESIAN_POINT('Ctrl Pts',(0.22527038413351,1.545,1.79727515180341));
#5607=CARTESIAN_POINT('Ctrl Pts',(0.22527038413351,-2.,1.79727515180341));
#5608=CARTESIAN_POINT('Ctrl Pts',(0.449555728680336,1.545,1.78638950079585));
#5609=CARTESIAN_POINT('Ctrl Pts',(0.449555728680336,-2.,1.78638950079585));
#5610=CARTESIAN_POINT('Ctrl Pts',(0.561303396531032,1.545,1.77825436648599));
#5611=CARTESIAN_POINT('Ctrl Pts',(0.561303396531032,-2.,1.77825436648599));
#5612=CARTESIAN_POINT('Ctrl Pts',(0.672718918313621,1.545,1.76738421828338));
#5613=CARTESIAN_POINT('Ctrl Pts',(0.672718918313621,-2.,1.76738421828338));
#5614=CARTESIAN_POINT('Ctrl Pts',(0.0908452438145594,1.545,1.79940875644209));
#5615=CARTESIAN_POINT('Ctrl Pts',(0.0605623107692815,1.545,1.79980297755138));
#5616=CARTESIAN_POINT('Ctrl Pts',(0.0302788891404759,1.545,1.79999999999999));
#5617=CARTESIAN_POINT('Ctrl Pts',(8.18373147026819E-13,1.545,1.8));
#5618=CARTESIAN_POINT('Ctrl Pts',(0.672718918313621,22.455,1.76738421828338));
#5619=CARTESIAN_POINT('Ctrl Pts',(0.672718918313621,26.,1.76738421828338));
#5620=CARTESIAN_POINT('Ctrl Pts',(0.561303396531042,22.455,1.77825436648598));
#5621=CARTESIAN_POINT('Ctrl Pts',(0.561303396531042,26.,1.77825436648598));
#5622=CARTESIAN_POINT('Ctrl Pts',(0.449555728680355,22.455,1.78638950079585));
#5623=CARTESIAN_POINT('Ctrl Pts',(0.449555728680355,26.,1.78638950079585));
#5624=CARTESIAN_POINT('Ctrl Pts',(0.225270384133498,22.455,1.79727515180341));
#5625=CARTESIAN_POINT('Ctrl Pts',(0.225270384133498,26.,1.79727515180341));
#5626=CARTESIAN_POINT('Ctrl Pts',(0.112603849585693,22.455,1.79999999999998));
#5627=CARTESIAN_POINT('Ctrl Pts',(0.112603849585693,26.,1.79999999999998));
#5628=CARTESIAN_POINT('Ctrl Pts',(8.17471090819311E-13,22.455,1.8));
#5629=CARTESIAN_POINT('Ctrl Pts',(8.17471090819311E-13,26.,1.8));
#5630=CARTESIAN_POINT('Ctrl Pts',(8.17471090819311E-13,22.455,1.8));
#5631=CARTESIAN_POINT('Ctrl Pts',(0.0302788891404732,22.455,1.79999999999999));
#5632=CARTESIAN_POINT('Ctrl Pts',(0.0605623107692794,22.455,1.79980297755138));
#5633=CARTESIAN_POINT('Ctrl Pts',(0.0908452438145594,22.455,1.79940875644209));
#5634=CARTESIAN_POINT('Ctrl Pts',(-6.6,-2.,-3.1448110174058E-7));
#5635=CARTESIAN_POINT('Ctrl Pts',(-6.60000046123896,-2.,4.49999984431656));
#5636=CARTESIAN_POINT('Ctrl Pts',(-2.28335696554453E-7,-2.,4.5));
#5637=CARTESIAN_POINT('Ctrl Pts',(6.60000000456757,-2.,4.50000015568343));
#5638=CARTESIAN_POINT('Ctrl Pts',(6.60000000000001,-2.,-3.11424373048735E-9));
#5639=CARTESIAN_POINT('Ctrl Pts',(-6.6,26.,-3.1448110174058E-7));
#5640=CARTESIAN_POINT('Ctrl Pts',(-6.60000046123896,26.,4.49999984431656));
#5641=CARTESIAN_POINT('Ctrl Pts',(-2.28335696554453E-7,26.,4.5));
#5642=CARTESIAN_POINT('Ctrl Pts',(6.60000000456757,26.,4.50000015568343));
#5643=CARTESIAN_POINT('Ctrl Pts',(6.60000000000001,26.,-3.11424373048735E-9));
#5644=CARTESIAN_POINT('',(-6.6,22.455,-3.14481100813224E-7));
#5645=CARTESIAN_POINT('Ctrl Pts',(-2.54682357973994,8.9,4.15146597926816));
#5646=CARTESIAN_POINT('Ctrl Pts',(-2.54682357973994,10.9666666666667,4.15146597926816));
#5647=CARTESIAN_POINT('Ctrl Pts',(-2.54682357973994,13.0333333333333,4.15146597926816));
#5648=CARTESIAN_POINT('Ctrl Pts',(-2.54682357973994,15.1,4.15146597926816));
#5649=CARTESIAN_POINT('Ctrl Pts',(2.61029381027247,15.1000000000037,4.13309871156362));
#5650=CARTESIAN_POINT('Ctrl Pts',(2.61029381027247,13.0333333333346,4.13309871156362));
#5651=CARTESIAN_POINT('Ctrl Pts',(2.61029381027247,10.9666666666654,4.13309871156362));
#5652=CARTESIAN_POINT('Ctrl Pts',(2.61029381027247,8.89999999999635,4.13309871156362));
#5653=CARTESIAN_POINT('Origin',(-6.59999999999997,0.,-3.6811309201595));
#5654=CARTESIAN_POINT('',(-6.59999999999997,0.,-3.6811309201595));
#5655=CARTESIAN_POINT('Origin',(-5.84999999999997,0.,-3.68113089129239));
#5656=CARTESIAN_POINT('Origin',(5.85,0.,-3.68113089129242));
#5657=CARTESIAN_POINT('Ctrl Pts',(0.672718918313621,-2.575,1.76738421828338));
#5658=CARTESIAN_POINT('Ctrl Pts',(0.672718918313621,26.5942104198512,1.76738421828338));
#5659=CARTESIAN_POINT('Ctrl Pts',(0.451159501617633,-2.575,1.78900044963638));
#5660=CARTESIAN_POINT('Ctrl Pts',(0.451159501617633,26.5942104198512,1.78900044963638));
#5661=CARTESIAN_POINT('Ctrl Pts',(0.225342137488123,-2.575,1.79999999999997));
#5662=CARTESIAN_POINT('Ctrl Pts',(0.225342137488123,26.5942104198512,1.79999999999997));
#5663=CARTESIAN_POINT('Ctrl Pts',(8.17380483263231E-13,-2.575,1.8));
#5664=CARTESIAN_POINT('Ctrl Pts',(8.17380483263231E-13,26.5942104198512,
1.8));
#5665=CARTESIAN_POINT('Origin',(0.,8.,7.01736256658427));
#5666=CARTESIAN_POINT('Ctrl Pts',(-2.54682357973994,15.1,4.15146597926816));
#5667=CARTESIAN_POINT('Ctrl Pts',(-2.54682357973994,13.0333333333333,4.15146597926816));
#5668=CARTESIAN_POINT('Ctrl Pts',(-2.54682357973994,10.9666666666667,4.15146597926816));
#5669=CARTESIAN_POINT('Ctrl Pts',(-2.54682357973994,8.9,4.15146597926816));
#5670=CARTESIAN_POINT('Ctrl Pts',(-2.64054001516959,15.1,4.12473897414849));
#5671=CARTESIAN_POINT('Ctrl Pts',(-2.64054001516959,13.0333333333333,4.12473897414849));
#5672=CARTESIAN_POINT('Ctrl Pts',(-2.6405400151696,10.9666666666667,4.12473897414848));
#5673=CARTESIAN_POINT('Ctrl Pts',(-2.6405400151696,8.9,4.12473897414848));
#5674=CARTESIAN_POINT('Ctrl Pts',(-2.84327890849237,15.1,4.12783873017017));
#5675=CARTESIAN_POINT('Ctrl Pts',(-2.84327890849237,13.0333333333333,4.12783873017017));
#5676=CARTESIAN_POINT('Ctrl Pts',(-2.84327890849237,10.9666666666667,4.12783873017017));
#5677=CARTESIAN_POINT('Ctrl Pts',(-2.84327890849237,8.9,4.12783873017017));
#5678=CARTESIAN_POINT('Ctrl Pts',(-3.1384542083361,15.1,4.32839426947765));
#5679=CARTESIAN_POINT('Ctrl Pts',(-3.1384542083361,13.0333333333333,4.32839426947765));
#5680=CARTESIAN_POINT('Ctrl Pts',(-3.1384542083361,10.9666666666667,4.32839426947765));
#5681=CARTESIAN_POINT('Ctrl Pts',(-3.1384542083361,8.9,4.32839426947765));
#5682=CARTESIAN_POINT('Ctrl Pts',(-3.20293258060874,15.1,4.58727515488632));
#5683=CARTESIAN_POINT('Ctrl Pts',(-3.20293258060874,13.0333333333333,4.58727515488632));
#5684=CARTESIAN_POINT('Ctrl Pts',(-3.20293258060874,10.9666666666667,4.58727515488632));
#5685=CARTESIAN_POINT('Ctrl Pts',(-3.20293258060874,8.9,4.58727515488632));
#5686=CARTESIAN_POINT('Ctrl Pts',(-3.17419161318982,15.1,4.73060149128169));
#5687=CARTESIAN_POINT('Ctrl Pts',(-3.17419161318982,13.0333333333333,4.73060149128169));
#5688=CARTESIAN_POINT('Ctrl Pts',(-3.17419161318982,10.9666666666667,4.73060149128169));
#5689=CARTESIAN_POINT('Ctrl Pts',(-3.17419161318982,8.9,4.73060149128169));
#5690=CARTESIAN_POINT('Ctrl Pts',(-3.17419161318982,13.7509245532244,4.73060149128169));
#5691=CARTESIAN_POINT('Ctrl Pts',(-3.17419161318982,12.5836415177415,4.73060149128169));
#5692=CARTESIAN_POINT('Ctrl Pts',(-3.17419161318982,11.4163584822585,4.73060149128169));
#5693=CARTESIAN_POINT('Ctrl Pts',(-3.17419161318982,10.2490754467756,4.73060149128169));
#5694=CARTESIAN_POINT('Ctrl Pts',(-13.1770546211185,15.1,-12.2177285998777));
#5695=CARTESIAN_POINT('Ctrl Pts',(-13.1770546211185,5.06,-12.2177285998777));
#5696=CARTESIAN_POINT('Ctrl Pts',(-11.291263889948,15.1,-9.17030677942672));
#5697=CARTESIAN_POINT('Ctrl Pts',(-11.291263889948,5.06,-9.17030677942672));
#5698=CARTESIAN_POINT('Ctrl Pts',(-9.4054731587776,15.1,-6.12288495897573));
#5699=CARTESIAN_POINT('Ctrl Pts',(-9.4054731587776,5.06,-6.12288495897573));
#5700=CARTESIAN_POINT('Ctrl Pts',(-7.51968242760716,15.1,-3.07546313852473));
#5701=CARTESIAN_POINT('Ctrl Pts',(-7.51968242760716,5.06,-3.07546313852473));
#5702=CARTESIAN_POINT('Ctrl Pts',(-5.63389169643673,15.1,-0.0280413180737399));
#5703=CARTESIAN_POINT('Ctrl Pts',(-5.63389169643673,5.06,-0.0280413180737399));
#5704=CARTESIAN_POINT('Ctrl Pts',(-3.74810096526629,15.1,3.01938050237725));
#5705=CARTESIAN_POINT('Ctrl Pts',(-3.74810096526629,5.06,3.01938050237725));
#5706=CARTESIAN_POINT('Ctrl Pts',(-3.67407382347526,15.1,3.13900773538396));
#5707=CARTESIAN_POINT('Ctrl Pts',(-3.67407382347526,5.06,3.13900773538396));
#5708=CARTESIAN_POINT('Ctrl Pts',(-3.54155550608174,15.1,3.3763421951588));
#5709=CARTESIAN_POINT('Ctrl Pts',(-3.54155550608174,5.06,3.3763421951588));
#5710=CARTESIAN_POINT('Ctrl Pts',(-3.38938332540436,15.1,3.72658277837038));
#5711=CARTESIAN_POINT('Ctrl Pts',(-3.38938332540436,5.06,3.72658277837038));
#5712=CARTESIAN_POINT('Ctrl Pts',(-3.26816863367114,15.1,4.17830895181564));
#5713=CARTESIAN_POINT('Ctrl Pts',(-3.26816863367114,5.06,4.17830895181564));
#5714=CARTESIAN_POINT('Ctrl Pts',(-3.18709448645044,15.1,4.6969849680384));
#5715=CARTESIAN_POINT('Ctrl Pts',(-3.18709448645044,5.06,4.6969849680384));
#5716=CARTESIAN_POINT('Ctrl Pts',(-3.09459246355339,15.1,5.14553787492763));
#5717=CARTESIAN_POINT('Ctrl Pts',(-3.09459246355339,5.06,5.14553787492763));
#5718=CARTESIAN_POINT('Ctrl Pts',(-2.91218780235341,15.1,5.50341132375436));
#5719=CARTESIAN_POINT('Ctrl Pts',(-2.91218780235341,5.06,5.50341132375436));
#5720=CARTESIAN_POINT('Ctrl Pts',(-2.58636625152563,15.1,5.76185104338863));
#5721=CARTESIAN_POINT('Ctrl Pts',(-2.58636625152563,5.06,5.76185104338863));
#5722=CARTESIAN_POINT('Ctrl Pts',(-2.10499586280453,15.1,5.92965974108975));
#5723=CARTESIAN_POINT('Ctrl Pts',(-2.10499586280453,5.06,5.92965974108975));
#5724=CARTESIAN_POINT('Ctrl Pts',(-1.48523020422802,15.1,6.0250982753517));
#5725=CARTESIAN_POINT('Ctrl Pts',(-1.48523020422802,5.06,6.0250982753517));
#5726=CARTESIAN_POINT('Ctrl Pts',(-0.765531631762075,15.1,6.06974453187171));
#5727=CARTESIAN_POINT('Ctrl Pts',(-0.765531631762075,5.06,6.06974453187171));
#5728=CARTESIAN_POINT('Ctrl Pts',(0.00334685095723072,15.1,6.08175838211861));
#5729=CARTESIAN_POINT('Ctrl Pts',(0.00334685095723072,5.06,6.08175838211861));
#5730=CARTESIAN_POINT('Ctrl Pts',(0.766565039482108,15.1,6.06944770597461));
#5731=CARTESIAN_POINT('Ctrl Pts',(0.766565039482108,5.06,6.06944770597461));
#5732=CARTESIAN_POINT('Ctrl Pts',(1.47353770198649,15.1,6.02459068734794));
#5733=CARTESIAN_POINT('Ctrl Pts',(1.47353770198649,5.06,6.02459068734794));
#5734=CARTESIAN_POINT('Ctrl Pts',(2.08231262863806,15.1,5.92909957968952));
#5735=CARTESIAN_POINT('Ctrl Pts',(2.08231262863806,5.06,5.92909957968952));
#5736=CARTESIAN_POINT('Ctrl Pts',(2.56396967317163,15.1,5.76143873718472));
#5737=CARTESIAN_POINT('Ctrl Pts',(2.56396967317163,5.06,5.76143873718472));
#5738=CARTESIAN_POINT('Ctrl Pts',(2.90764307583106,15.1,5.50334294711568));
#5739=CARTESIAN_POINT('Ctrl Pts',(2.90764307583106,5.06,5.50334294711568));
#5740=CARTESIAN_POINT('Ctrl Pts',(3.12490789325105,15.1,5.1459433963251));
#5741=CARTESIAN_POINT('Ctrl Pts',(3.12490789325105,5.06,5.1459433963251));
#5742=CARTESIAN_POINT('Ctrl Pts',(3.2570257724258,15.1,4.69784377413527));
#5743=CARTESIAN_POINT('Ctrl Pts',(3.2570257724258,5.06,4.69784377413527));
#5744=CARTESIAN_POINT('Ctrl Pts',(3.36281702227286,15.1,4.17940276380617));
#5745=CARTESIAN_POINT('Ctrl Pts',(3.36281702227286,5.06,4.17940276380617));
#5746=CARTESIAN_POINT('Ctrl Pts',(3.47500724246249,15.1,3.72753138538605));
#5747=CARTESIAN_POINT('Ctrl Pts',(3.47500724246249,5.06,3.72753138538605));
#5748=CARTESIAN_POINT('Ctrl Pts',(3.59646828691645,15.1,3.37692446290482));
#5749=CARTESIAN_POINT('Ctrl Pts',(3.59646828691645,5.06,3.37692446290482));
#5750=CARTESIAN_POINT('Ctrl Pts',(3.69685340388837,15.1,3.13922238974972));
#5751=CARTESIAN_POINT('Ctrl Pts',(3.69685340388837,5.06,3.13922238974972));
#5752=CARTESIAN_POINT('Ctrl Pts',(3.75189903473366,15.1,3.01938050237725));
#5753=CARTESIAN_POINT('Ctrl Pts',(3.75189903473366,5.06,3.01938050237725));
#5754=CARTESIAN_POINT('',(-2.92423415545318,13.5,5.4167420684602));
#5755=CARTESIAN_POINT('Ctrl Pts',(-2.92423415545315,13.5246405476588,5.41674206846024));
#5756=CARTESIAN_POINT('Ctrl Pts',(-2.92423415545315,13.5164270317725,5.41674206846024));
#5757=CARTESIAN_POINT('Ctrl Pts',(-2.92423415545315,13.5082135158863,5.41674206846024));
#5758=CARTESIAN_POINT('Ctrl Pts',(-2.92423415545315,13.5,5.41674206846024));
#5759=CARTESIAN_POINT('',(-2.92423415545318,10.5,5.4167420684602));
#5760=CARTESIAN_POINT('',(-2.92423415545318,12.,5.4167420684602));
#5761=CARTESIAN_POINT('Ctrl Pts',(-2.92423415545315,10.5,5.41674206846024));
#5762=CARTESIAN_POINT('Ctrl Pts',(-2.92423415545315,10.4917864830807,5.41674206846024));
#5763=CARTESIAN_POINT('Ctrl Pts',(-2.92423415545315,10.4835729661613,5.41674206846024));
#5764=CARTESIAN_POINT('Ctrl Pts',(-2.92423415545315,10.475359449242,5.41674206846024));
#5765=CARTESIAN_POINT('Ctrl Pts',(2.61029381027247,8.89999999999635,4.13309871156362));
#5766=CARTESIAN_POINT('Ctrl Pts',(2.61029381027247,10.9666666666654,4.13309871156362));
#5767=CARTESIAN_POINT('Ctrl Pts',(2.61029381027247,13.0333333333346,4.13309871156362));
#5768=CARTESIAN_POINT('Ctrl Pts',(2.61029381027247,15.1000000000037,4.13309871156362));
#5769=CARTESIAN_POINT('Ctrl Pts',(2.70720566536997,8.89999999999635,4.10464573676315));
#5770=CARTESIAN_POINT('Ctrl Pts',(2.70720566536997,10.9666666666654,4.10464573676315));
#5771=CARTESIAN_POINT('Ctrl Pts',(2.70720566536997,13.0333333333346,4.10464573676315));
#5772=CARTESIAN_POINT('Ctrl Pts',(2.70720566536997,15.1000000000037,4.10464573676315));
#5773=CARTESIAN_POINT('Ctrl Pts',(2.91798570393751,8.89999999999635,4.10851331953685));
#5774=CARTESIAN_POINT('Ctrl Pts',(2.91798570393751,10.9666666666654,4.10851331953685));
#5775=CARTESIAN_POINT('Ctrl Pts',(2.91798570393751,13.0333333333346,4.10851331953685));
#5776=CARTESIAN_POINT('Ctrl Pts',(2.91798570393751,15.1000000000037,4.10851331953685));
#5777=CARTESIAN_POINT('Ctrl Pts',(3.21987276432728,8.89999999999635,4.32431612940314));
#5778=CARTESIAN_POINT('Ctrl Pts',(3.21987276432728,10.9666666666654,4.32431612940314));
#5779=CARTESIAN_POINT('Ctrl Pts',(3.21987276432728,13.0333333333346,4.32431612940314));
#5780=CARTESIAN_POINT('Ctrl Pts',(3.21987276432728,15.1000000000037,4.32431612940314));
#5781=CARTESIAN_POINT('Ctrl Pts',(3.27336836687392,8.89999999999635,4.5974226399604));
#5782=CARTESIAN_POINT('Ctrl Pts',(3.27336836687392,10.9666666666654,4.5974226399604));
#5783=CARTESIAN_POINT('Ctrl Pts',(3.27336836687392,13.0333333333346,4.5974226399604));
#5784=CARTESIAN_POINT('Ctrl Pts',(3.27336836687392,15.1000000000037,4.5974226399604));
#5785=CARTESIAN_POINT('Ctrl Pts',(3.233734699389,8.89999999999635,4.7436502061951));
#5786=CARTESIAN_POINT('Ctrl Pts',(3.233734699389,10.9666666666654,4.7436502061951));
#5787=CARTESIAN_POINT('Ctrl Pts',(3.233734699389,13.0333333333346,4.7436502061951));
#5788=CARTESIAN_POINT('Ctrl Pts',(3.233734699389,15.1000000000037,4.7436502061951));
#5789=CARTESIAN_POINT('Ctrl Pts',(3.233734699389,10.2687220084829,4.7436502061951));
#5790=CARTESIAN_POINT('Ctrl Pts',(3.233734699389,11.422907336161,4.7436502061951));
#5791=CARTESIAN_POINT('Ctrl Pts',(3.233734699389,12.577092663839,4.7436502061951));
#5792=CARTESIAN_POINT('Ctrl Pts',(3.23373469938899,13.7312779915171,4.7436502061951));
#5793=CARTESIAN_POINT('Ctrl Pts',(-3.74810096526629,18.94,3.01938050237725));
#5794=CARTESIAN_POINT('Ctrl Pts',(-3.74810096526629,8.9,3.01938050237725));
#5795=CARTESIAN_POINT('Ctrl Pts',(-3.67407382347526,18.94,3.13900773538396));
#5796=CARTESIAN_POINT('Ctrl Pts',(-3.67407382347526,8.9,3.13900773538396));
#5797=CARTESIAN_POINT('Ctrl Pts',(-3.54155550608174,18.94,3.3763421951588));
#5798=CARTESIAN_POINT('Ctrl Pts',(-3.54155550608174,8.9,3.3763421951588));
#5799=CARTESIAN_POINT('Ctrl Pts',(-3.38938332540436,18.94,3.72658277837038));
#5800=CARTESIAN_POINT('Ctrl Pts',(-3.38938332540436,8.9,3.72658277837038));
#5801=CARTESIAN_POINT('Ctrl Pts',(-3.26816863367114,18.94,4.17830895181564));
#5802=CARTESIAN_POINT('Ctrl Pts',(-3.26816863367114,8.9,4.17830895181564));
#5803=CARTESIAN_POINT('Ctrl Pts',(-3.18709448645044,18.94,4.6969849680384));
#5804=CARTESIAN_POINT('Ctrl Pts',(-3.18709448645044,8.9,4.6969849680384));
#5805=CARTESIAN_POINT('Ctrl Pts',(-3.09459246355339,18.94,5.14553787492763));
#5806=CARTESIAN_POINT('Ctrl Pts',(-3.09459246355339,8.9,5.14553787492763));
#5807=CARTESIAN_POINT('Ctrl Pts',(-2.91218780235341,18.94,5.50341132375436));
#5808=CARTESIAN_POINT('Ctrl Pts',(-2.91218780235341,8.9,5.50341132375436));
#5809=CARTESIAN_POINT('Ctrl Pts',(-2.58636625152563,18.94,5.76185104338863));
#5810=CARTESIAN_POINT('Ctrl Pts',(-2.58636625152563,8.9,5.76185104338863));
#5811=CARTESIAN_POINT('Ctrl Pts',(-2.10499586280453,18.94,5.92965974108975));
#5812=CARTESIAN_POINT('Ctrl Pts',(-2.10499586280453,8.9,5.92965974108975));
#5813=CARTESIAN_POINT('Ctrl Pts',(-1.48523020422802,18.94,6.0250982753517));
#5814=CARTESIAN_POINT('Ctrl Pts',(-1.48523020422802,8.9,6.0250982753517));
#5815=CARTESIAN_POINT('Ctrl Pts',(-0.765531631762075,18.94,6.06974453187171));
#5816=CARTESIAN_POINT('Ctrl Pts',(-0.765531631762075,8.9,6.06974453187171));
#5817=CARTESIAN_POINT('Ctrl Pts',(0.00334685095723072,18.94,6.08175838211861));
#5818=CARTESIAN_POINT('Ctrl Pts',(0.00334685095723072,8.9,6.08175838211861));
#5819=CARTESIAN_POINT('Ctrl Pts',(0.766565039482108,18.94,6.06944770597461));
#5820=CARTESIAN_POINT('Ctrl Pts',(0.766565039482108,8.9,6.06944770597461));
#5821=CARTESIAN_POINT('Ctrl Pts',(1.47353770198649,18.94,6.02459068734794));
#5822=CARTESIAN_POINT('Ctrl Pts',(1.47353770198649,8.9,6.02459068734794));
#5823=CARTESIAN_POINT('Ctrl Pts',(2.08231262863806,18.94,5.92909957968952));
#5824=CARTESIAN_POINT('Ctrl Pts',(2.08231262863806,8.9,5.92909957968952));
#5825=CARTESIAN_POINT('Ctrl Pts',(2.56396967317163,18.94,5.76143873718472));
#5826=CARTESIAN_POINT('Ctrl Pts',(2.56396967317163,8.9,5.76143873718472));
#5827=CARTESIAN_POINT('Ctrl Pts',(2.90764307583106,18.94,5.50334294711568));
#5828=CARTESIAN_POINT('Ctrl Pts',(2.90764307583106,8.9,5.50334294711568));
#5829=CARTESIAN_POINT('Ctrl Pts',(3.12490789325105,18.94,5.1459433963251));
#5830=CARTESIAN_POINT('Ctrl Pts',(3.12490789325105,8.9,5.1459433963251));
#5831=CARTESIAN_POINT('Ctrl Pts',(3.2570257724258,18.94,4.69784377413527));
#5832=CARTESIAN_POINT('Ctrl Pts',(3.2570257724258,8.9,4.69784377413527));
#5833=CARTESIAN_POINT('Ctrl Pts',(3.36281702227286,18.94,4.17940276380617));
#5834=CARTESIAN_POINT('Ctrl Pts',(3.36281702227286,8.9,4.17940276380617));
#5835=CARTESIAN_POINT('Ctrl Pts',(3.47500724246249,18.94,3.72753138538605));
#5836=CARTESIAN_POINT('Ctrl Pts',(3.47500724246249,8.9,3.72753138538605));
#5837=CARTESIAN_POINT('Ctrl Pts',(3.59646828691645,18.94,3.37692446290482));
#5838=CARTESIAN_POINT('Ctrl Pts',(3.59646828691645,8.9,3.37692446290482));
#5839=CARTESIAN_POINT('Ctrl Pts',(3.69685340388837,18.94,3.13922238974972));
#5840=CARTESIAN_POINT('Ctrl Pts',(3.69685340388837,8.9,3.13922238974972));
#5841=CARTESIAN_POINT('Ctrl Pts',(3.75189903473366,18.94,3.01938050237725));
#5842=CARTESIAN_POINT('Ctrl Pts',(3.75189903473366,8.9,3.01938050237725));
#5843=CARTESIAN_POINT('Ctrl Pts',(5.14565366863583,18.94,-0.0150144767703447));
#5844=CARTESIAN_POINT('Ctrl Pts',(5.14565366863583,8.9,-0.0150144767703447));
#5845=CARTESIAN_POINT('Ctrl Pts',(6.539408302538,18.94,-3.04940945591794));
#5846=CARTESIAN_POINT('Ctrl Pts',(6.539408302538,8.9,-3.04940945591794));
#5847=CARTESIAN_POINT('Ctrl Pts',(7.93316293644016,18.94,-6.08380443506554));
#5848=CARTESIAN_POINT('Ctrl Pts',(7.93316293644016,8.9,-6.08380443506554));
#5849=CARTESIAN_POINT('Ctrl Pts',(9.32691757034233,18.94,-9.11819941421314));
#5850=CARTESIAN_POINT('Ctrl Pts',(9.32691757034233,8.9,-9.11819941421314));
#5851=CARTESIAN_POINT('Ctrl Pts',(10.7206722042445,18.94,-12.1525943933607));
#5852=CARTESIAN_POINT('Ctrl Pts',(10.7206722042445,8.9,-12.1525943933607));
#5853=CARTESIAN_POINT('',(2.92218594463854,10.5,5.4254745510973));
#5854=CARTESIAN_POINT('Ctrl Pts',(2.92218594463852,10.4767296513528,5.42547455109734));
#5855=CARTESIAN_POINT('Ctrl Pts',(2.92218594463852,10.4844864342352,5.42547455109734));
#5856=CARTESIAN_POINT('Ctrl Pts',(2.92218594463852,10.4922432171176,5.42547455109734));
#5857=CARTESIAN_POINT('Ctrl Pts',(2.92218594463852,10.5,5.42547455109734));
#5858=CARTESIAN_POINT('',(2.92218594463854,13.5,5.4254745510973));
#5859=CARTESIAN_POINT('',(2.92218594463855,12.,5.4254745510973));
#5860=CARTESIAN_POINT('Ctrl Pts',(2.92218594463852,13.5,5.42547455109734));
#5861=CARTESIAN_POINT('Ctrl Pts',(2.92218594463852,13.5077567830792,5.42547455109734));
#5862=CARTESIAN_POINT('Ctrl Pts',(2.92218594463852,13.5155135661585,5.42547455109734));
#5863=CARTESIAN_POINT('Ctrl Pts',(2.92218594463852,13.5232703492377,5.42547455109734));
#5864=CARTESIAN_POINT('Ctrl Pts',(6.04117413794811,17.34,-0.76677820417527));
#5865=CARTESIAN_POINT('Ctrl Pts',(6.04117413794811,8.9,-0.76677820417527));
#5866=CARTESIAN_POINT('Ctrl Pts',(5.42953665897545,17.34,0.564840468228304));
#5867=CARTESIAN_POINT('Ctrl Pts',(5.42953665897545,8.9,0.564840468228304));
#5868=CARTESIAN_POINT('Ctrl Pts',(4.81789918000279,17.34,1.89645914063188));
#5869=CARTESIAN_POINT('Ctrl Pts',(4.81789918000279,8.9,1.89645914063188));
#5870=CARTESIAN_POINT('Ctrl Pts',(4.20626170103013,17.34,3.22807781303545));
#5871=CARTESIAN_POINT('Ctrl Pts',(4.20626170103013,8.9,3.22807781303545));
#5872=CARTESIAN_POINT('Ctrl Pts',(4.18722237127335,17.34,3.26952904499194));
#5873=CARTESIAN_POINT('Ctrl Pts',(4.18722237127335,8.9,3.26952904499194));
#5874=CARTESIAN_POINT('Ctrl Pts',(4.16900984629841,17.34,3.31069650539481));
#5875=CARTESIAN_POINT('Ctrl Pts',(4.16900984629841,8.9,3.31069650539481));
#5876=CARTESIAN_POINT('Ctrl Pts',(4.15158198715584,17.34,3.35163756719215));
#5877=CARTESIAN_POINT('Ctrl Pts',(4.15158198715584,8.9,3.35163756719215));
#5878=CARTESIAN_POINT('Ctrl Pts',(3.89803845403187,17.34,3.94725527175501));
#5879=CARTESIAN_POINT('Ctrl Pts',(3.89803845403187,8.9,3.94725527175501));
#5880=CARTESIAN_POINT('Ctrl Pts',(3.84444016102624,17.34,4.51519425393493));
#5881=CARTESIAN_POINT('Ctrl Pts',(3.84444016102624,8.9,4.51519425393493));
#5882=CARTESIAN_POINT('Ctrl Pts',(3.65030035370091,17.34,5.09430804976484));
#5883=CARTESIAN_POINT('Ctrl Pts',(3.65030035370091,8.9,5.09430804976484));
#5884=CARTESIAN_POINT('Ctrl Pts',(3.52275024298606,17.34,5.47478658115031));
#5885=CARTESIAN_POINT('Ctrl Pts',(3.52275024298606,8.9,5.47478658115031));
#5886=CARTESIAN_POINT('Ctrl Pts',(3.2775089866642,17.34,5.8648860412744));
#5887=CARTESIAN_POINT('Ctrl Pts',(3.2775089866642,8.9,5.8648860412744));
#5888=CARTESIAN_POINT('Ctrl Pts',(2.89973137842492,17.34,6.10277740490339));
#5889=CARTESIAN_POINT('Ctrl Pts',(2.89973137842492,8.9,6.10277740490339));
#5890=CARTESIAN_POINT('Ctrl Pts',(2.37107027506338,17.34,6.4356820240057));
#5891=CARTESIAN_POINT('Ctrl Pts',(2.37107027506338,8.9,6.4356820240057));
#5892=CARTESIAN_POINT('Ctrl Pts',(1.68844308208275,17.34,6.51456318812748));
#5893=CARTESIAN_POINT('Ctrl Pts',(1.68844308208275,8.9,6.51456318812748));
#5894=CARTESIAN_POINT('Ctrl Pts',(0.927303526389236,17.34,6.55372798301414));
#5895=CARTESIAN_POINT('Ctrl Pts',(0.927303526389236,8.9,6.55372798301414));
#5896=CARTESIAN_POINT('Ctrl Pts',(0.0107441934001115,17.34,6.60088997585691));
#5897=CARTESIAN_POINT('Ctrl Pts',(0.0107441934001115,8.9,6.60088997585691));
#5898=CARTESIAN_POINT('Ctrl Pts',(-1.01329563128994,17.34,6.59886832318126));
#5899=CARTESIAN_POINT('Ctrl Pts',(-1.01329563128994,8.9,6.59886832318126));
#5900=CARTESIAN_POINT('Ctrl Pts',(-1.84426388148212,17.34,6.46582054661913));
#5901=CARTESIAN_POINT('Ctrl Pts',(-1.84426388148212,8.9,6.46582054661913));
#5902=CARTESIAN_POINT('Ctrl Pts',(-2.39602785849736,17.34,6.37747665344152));
#5903=CARTESIAN_POINT('Ctrl Pts',(-2.39602785849736,8.9,6.37747665344152));
#5904=CARTESIAN_POINT('Ctrl Pts',(-2.89736944382568,17.34,6.20753006114486));
#5905=CARTESIAN_POINT('Ctrl Pts',(-2.89736944382568,8.9,6.20753006114486));
#5906=CARTESIAN_POINT('Ctrl Pts',(-3.22877572588097,17.34,5.83592112836079));
#5907=CARTESIAN_POINT('Ctrl Pts',(-3.22877572588097,8.9,5.83592112836079));
#5908=CARTESIAN_POINT('Ctrl Pts',(-3.51477648354662,17.34,5.51522583051538));
#5909=CARTESIAN_POINT('Ctrl Pts',(-3.51477648354662,8.9,5.51522583051538));
#5910=CARTESIAN_POINT('Ctrl Pts',(-3.60953816282912,17.34,5.11518289034918));
#5911=CARTESIAN_POINT('Ctrl Pts',(-3.60953816282912,8.9,5.11518289034918));
#5912=CARTESIAN_POINT('Ctrl Pts',(-3.67794842905821,17.34,4.76004804276227));
#5913=CARTESIAN_POINT('Ctrl Pts',(-3.67794842905821,8.9,4.76004804276227));
#5914=CARTESIAN_POINT('Ctrl Pts',(-3.77430433344231,17.34,4.25984037944245));
#5915=CARTESIAN_POINT('Ctrl Pts',(-3.77430433344231,8.9,4.25984037944245));
#5916=CARTESIAN_POINT('Ctrl Pts',(-3.85191872448698,17.34,3.80179983634494));
#5917=CARTESIAN_POINT('Ctrl Pts',(-3.85191872448698,8.9,3.80179983634494));
#5918=CARTESIAN_POINT('Ctrl Pts',(-4.1732777714867,17.34,3.28248634315661));
#5919=CARTESIAN_POINT('Ctrl Pts',(-4.1732777714867,8.9,3.28248634315661));
#5920=CARTESIAN_POINT('Ctrl Pts',(-13.1770546211185,15.1,-12.2177285998777));
#5921=CARTESIAN_POINT('Ctrl Pts',(-13.1770546211185,5.06,-12.2177285998777));
#5922=CARTESIAN_POINT('Ctrl Pts',(-11.291263889948,15.1,-9.17030677942672));
#5923=CARTESIAN_POINT('Ctrl Pts',(-11.291263889948,5.06,-9.17030677942672));
#5924=CARTESIAN_POINT('Ctrl Pts',(-9.4054731587776,15.1,-6.12288495897573));
#5925=CARTESIAN_POINT('Ctrl Pts',(-9.4054731587776,5.06,-6.12288495897573));
#5926=CARTESIAN_POINT('Ctrl Pts',(-7.51968242760716,15.1,-3.07546313852473));
#5927=CARTESIAN_POINT('Ctrl Pts',(-7.51968242760716,5.06,-3.07546313852473));
#5928=CARTESIAN_POINT('Ctrl Pts',(-5.63389169643673,15.1,-0.0280413180737399));
#5929=CARTESIAN_POINT('Ctrl Pts',(-5.63389169643673,5.06,-0.0280413180737399));
#5930=CARTESIAN_POINT('Ctrl Pts',(-3.74810096526629,15.1,3.01938050237725));
#5931=CARTESIAN_POINT('Ctrl Pts',(-3.74810096526629,5.06,3.01938050237725));
#5932=CARTESIAN_POINT('Ctrl Pts',(-3.67407382347526,15.1,3.13900773538396));
#5933=CARTESIAN_POINT('Ctrl Pts',(-3.67407382347526,5.06,3.13900773538396));
#5934=CARTESIAN_POINT('Ctrl Pts',(-3.54155550608174,15.1,3.3763421951588));
#5935=CARTESIAN_POINT('Ctrl Pts',(-3.54155550608174,5.06,3.3763421951588));
#5936=CARTESIAN_POINT('Ctrl Pts',(-3.38938332540436,15.1,3.72658277837038));
#5937=CARTESIAN_POINT('Ctrl Pts',(-3.38938332540436,5.06,3.72658277837038));
#5938=CARTESIAN_POINT('Ctrl Pts',(-3.26816863367114,15.1,4.17830895181564));
#5939=CARTESIAN_POINT('Ctrl Pts',(-3.26816863367114,5.06,4.17830895181564));
#5940=CARTESIAN_POINT('Ctrl Pts',(-3.18709448645044,15.1,4.6969849680384));
#5941=CARTESIAN_POINT('Ctrl Pts',(-3.18709448645044,5.06,4.6969849680384));
#5942=CARTESIAN_POINT('Ctrl Pts',(-3.09459246355339,15.1,5.14553787492763));
#5943=CARTESIAN_POINT('Ctrl Pts',(-3.09459246355339,5.06,5.14553787492763));
#5944=CARTESIAN_POINT('Ctrl Pts',(-2.91218780235341,15.1,5.50341132375436));
#5945=CARTESIAN_POINT('Ctrl Pts',(-2.91218780235341,5.06,5.50341132375436));
#5946=CARTESIAN_POINT('Ctrl Pts',(-2.58636625152563,15.1,5.76185104338863));
#5947=CARTESIAN_POINT('Ctrl Pts',(-2.58636625152563,5.06,5.76185104338863));
#5948=CARTESIAN_POINT('Ctrl Pts',(-2.10499586280453,15.1,5.92965974108975));
#5949=CARTESIAN_POINT('Ctrl Pts',(-2.10499586280453,5.06,5.92965974108975));
#5950=CARTESIAN_POINT('Ctrl Pts',(-1.48523020422802,15.1,6.0250982753517));
#5951=CARTESIAN_POINT('Ctrl Pts',(-1.48523020422802,5.06,6.0250982753517));
#5952=CARTESIAN_POINT('Ctrl Pts',(-0.765531631762075,15.1,6.06974453187171));
#5953=CARTESIAN_POINT('Ctrl Pts',(-0.765531631762075,5.06,6.06974453187171));
#5954=CARTESIAN_POINT('Ctrl Pts',(0.00334685095723072,15.1,6.08175838211861));
#5955=CARTESIAN_POINT('Ctrl Pts',(0.00334685095723072,5.06,6.08175838211861));
#5956=CARTESIAN_POINT('Ctrl Pts',(0.766565039482108,15.1,6.06944770597461));
#5957=CARTESIAN_POINT('Ctrl Pts',(0.766565039482108,5.06,6.06944770597461));
#5958=CARTESIAN_POINT('Ctrl Pts',(1.47353770198649,15.1,6.02459068734794));
#5959=CARTESIAN_POINT('Ctrl Pts',(1.47353770198649,5.06,6.02459068734794));
#5960=CARTESIAN_POINT('Ctrl Pts',(2.08231262863806,15.1,5.92909957968952));
#5961=CARTESIAN_POINT('Ctrl Pts',(2.08231262863806,5.06,5.92909957968952));
#5962=CARTESIAN_POINT('Ctrl Pts',(2.56396967317163,15.1,5.76143873718472));
#5963=CARTESIAN_POINT('Ctrl Pts',(2.56396967317163,5.06,5.76143873718472));
#5964=CARTESIAN_POINT('Ctrl Pts',(2.90764307583106,15.1,5.50334294711568));
#5965=CARTESIAN_POINT('Ctrl Pts',(2.90764307583106,5.06,5.50334294711568));
#5966=CARTESIAN_POINT('Ctrl Pts',(3.12490789325105,15.1,5.1459433963251));
#5967=CARTESIAN_POINT('Ctrl Pts',(3.12490789325105,5.06,5.1459433963251));
#5968=CARTESIAN_POINT('Ctrl Pts',(3.2570257724258,15.1,4.69784377413527));
#5969=CARTESIAN_POINT('Ctrl Pts',(3.2570257724258,5.06,4.69784377413527));
#5970=CARTESIAN_POINT('Ctrl Pts',(3.36281702227286,15.1,4.17940276380617));
#5971=CARTESIAN_POINT('Ctrl Pts',(3.36281702227286,5.06,4.17940276380617));
#5972=CARTESIAN_POINT('Ctrl Pts',(3.47500724246249,15.1,3.72753138538605));
#5973=CARTESIAN_POINT('Ctrl Pts',(3.47500724246249,5.06,3.72753138538605));
#5974=CARTESIAN_POINT('Ctrl Pts',(3.59646828691645,15.1,3.37692446290482));
#5975=CARTESIAN_POINT('Ctrl Pts',(3.59646828691645,5.06,3.37692446290482));
#5976=CARTESIAN_POINT('Ctrl Pts',(3.69685340388837,15.1,3.13922238974972));
#5977=CARTESIAN_POINT('Ctrl Pts',(3.69685340388837,5.06,3.13922238974972));
#5978=CARTESIAN_POINT('Ctrl Pts',(3.75189903473366,15.1,3.01938050237725));
#5979=CARTESIAN_POINT('Ctrl Pts',(3.75189903473366,5.06,3.01938050237725));
#5980=CARTESIAN_POINT('',(-2.78796948377186,10.5,5.57179366271238));
#5981=CARTESIAN_POINT('Ctrl Pts',(-2.78796948377209,10.4912863989763,5.57179366271218));
#5982=CARTESIAN_POINT('Ctrl Pts',(-2.78796948377209,10.4941909326509,5.57179366271218));
#5983=CARTESIAN_POINT('Ctrl Pts',(-2.78796948377209,10.4970954663254,5.57179366271218));
#5984=CARTESIAN_POINT('Ctrl Pts',(-2.78796948377209,10.5,5.57179366271218));
#5985=CARTESIAN_POINT('Ctrl Pts',(-2.78796948377187,10.5,5.57179366271239));
#5986=CARTESIAN_POINT('Ctrl Pts',(-2.74681291548795,10.5,5.60965984642546));
#5987=CARTESIAN_POINT('Ctrl Pts',(-2.64641316964048,10.5,5.69002137750848));
#5988=CARTESIAN_POINT('Ctrl Pts',(-2.5283278929252,10.5,5.75920966273718));
#5989=CARTESIAN_POINT('Ctrl Pts',(-2.39210375118415,10.5,5.81784956354986));
#5990=CARTESIAN_POINT('Ctrl Pts',(-2.23865281129754,10.5,5.86700691600796));
#5991=CARTESIAN_POINT('Ctrl Pts',(-2.14818124085116,10.5,5.89162849722009));
#5992=CARTESIAN_POINT('Ctrl Pts',(-13.1770546211185,18.94,-12.2177285998777));
#5993=CARTESIAN_POINT('Ctrl Pts',(-13.1770546211185,9.34,-12.2177285998777));
#5994=CARTESIAN_POINT('Ctrl Pts',(-11.291263889948,18.94,-9.17030677942672));
#5995=CARTESIAN_POINT('Ctrl Pts',(-11.291263889948,9.34,-9.17030677942672));
#5996=CARTESIAN_POINT('Ctrl Pts',(-9.4054731587776,18.94,-6.12288495897573));
#5997=CARTESIAN_POINT('Ctrl Pts',(-9.4054731587776,9.34,-6.12288495897573));
#5998=CARTESIAN_POINT('Ctrl Pts',(-7.51968242760716,18.94,-3.07546313852473));
#5999=CARTESIAN_POINT('Ctrl Pts',(-7.51968242760716,9.34,-3.07546313852473));
#6000=CARTESIAN_POINT('Ctrl Pts',(-5.63389169643673,18.94,-0.0280413180737399));
#6001=CARTESIAN_POINT('Ctrl Pts',(-5.63389169643673,9.34,-0.0280413180737399));
#6002=CARTESIAN_POINT('Ctrl Pts',(-3.74810096526629,18.94,3.01938050237725));
#6003=CARTESIAN_POINT('Ctrl Pts',(-3.74810096526629,9.34,3.01938050237725));
#6004=CARTESIAN_POINT('Ctrl Pts',(-3.67407382347526,18.94,3.13900773538396));
#6005=CARTESIAN_POINT('Ctrl Pts',(-3.67407382347526,9.34,3.13900773538396));
#6006=CARTESIAN_POINT('Ctrl Pts',(-3.54155550608174,18.94,3.3763421951588));
#6007=CARTESIAN_POINT('Ctrl Pts',(-3.54155550608174,9.34,3.3763421951588));
#6008=CARTESIAN_POINT('Ctrl Pts',(-3.38938332540436,18.94,3.72658277837038));
#6009=CARTESIAN_POINT('Ctrl Pts',(-3.38938332540436,9.34,3.72658277837038));
#6010=CARTESIAN_POINT('Ctrl Pts',(-3.26816863367114,18.94,4.17830895181564));
#6011=CARTESIAN_POINT('Ctrl Pts',(-3.26816863367114,9.34,4.17830895181564));
#6012=CARTESIAN_POINT('Ctrl Pts',(-3.18709448645044,18.94,4.6969849680384));
#6013=CARTESIAN_POINT('Ctrl Pts',(-3.18709448645044,9.34,4.6969849680384));
#6014=CARTESIAN_POINT('Ctrl Pts',(-3.09459246355339,18.94,5.14553787492763));
#6015=CARTESIAN_POINT('Ctrl Pts',(-3.09459246355339,9.34,5.14553787492763));
#6016=CARTESIAN_POINT('Ctrl Pts',(-2.91218780235341,18.94,5.50341132375436));
#6017=CARTESIAN_POINT('Ctrl Pts',(-2.91218780235341,9.34,5.50341132375436));
#6018=CARTESIAN_POINT('Ctrl Pts',(-2.58636625152563,18.94,5.76185104338863));
#6019=CARTESIAN_POINT('Ctrl Pts',(-2.58636625152563,9.34,5.76185104338863));
#6020=CARTESIAN_POINT('Ctrl Pts',(-2.10499586280453,18.94,5.92965974108975));
#6021=CARTESIAN_POINT('Ctrl Pts',(-2.10499586280453,9.34,5.92965974108975));
#6022=CARTESIAN_POINT('Ctrl Pts',(-1.48523020422802,18.94,6.0250982753517));
#6023=CARTESIAN_POINT('Ctrl Pts',(-1.48523020422802,9.34,6.0250982753517));
#6024=CARTESIAN_POINT('Ctrl Pts',(-0.765531631762075,18.94,6.06974453187171));
#6025=CARTESIAN_POINT('Ctrl Pts',(-0.765531631762075,9.34,6.06974453187171));
#6026=CARTESIAN_POINT('Ctrl Pts',(0.00334685095723072,18.94,6.08175838211861));
#6027=CARTESIAN_POINT('Ctrl Pts',(0.00334685095723072,9.34,6.08175838211861));
#6028=CARTESIAN_POINT('Ctrl Pts',(0.766565039482108,18.94,6.06944770597461));
#6029=CARTESIAN_POINT('Ctrl Pts',(0.766565039482108,9.34,6.06944770597461));
#6030=CARTESIAN_POINT('Ctrl Pts',(1.47353770198649,18.94,6.02459068734794));
#6031=CARTESIAN_POINT('Ctrl Pts',(1.47353770198649,9.34,6.02459068734794));
#6032=CARTESIAN_POINT('Ctrl Pts',(2.08231262863806,18.94,5.92909957968952));
#6033=CARTESIAN_POINT('Ctrl Pts',(2.08231262863806,9.34,5.92909957968952));
#6034=CARTESIAN_POINT('Ctrl Pts',(2.56396967317163,18.94,5.76143873718472));
#6035=CARTESIAN_POINT('Ctrl Pts',(2.56396967317163,9.34,5.76143873718472));
#6036=CARTESIAN_POINT('Ctrl Pts',(2.90764307583106,18.94,5.50334294711568));
#6037=CARTESIAN_POINT('Ctrl Pts',(2.90764307583106,9.34,5.50334294711568));
#6038=CARTESIAN_POINT('Ctrl Pts',(3.12490789325105,18.94,5.1459433963251));
#6039=CARTESIAN_POINT('Ctrl Pts',(3.12490789325105,9.34,5.1459433963251));
#6040=CARTESIAN_POINT('Ctrl Pts',(3.2570257724258,18.94,4.69784377413527));
#6041=CARTESIAN_POINT('Ctrl Pts',(3.2570257724258,9.34,4.69784377413527));
#6042=CARTESIAN_POINT('Ctrl Pts',(3.36281702227286,18.94,4.17940276380617));
#6043=CARTESIAN_POINT('Ctrl Pts',(3.36281702227286,9.34,4.17940276380617));
#6044=CARTESIAN_POINT('Ctrl Pts',(3.47500724246249,18.94,3.72753138538605));
#6045=CARTESIAN_POINT('Ctrl Pts',(3.47500724246249,9.34,3.72753138538605));
#6046=CARTESIAN_POINT('Ctrl Pts',(3.59646828691645,18.94,3.37692446290482));
#6047=CARTESIAN_POINT('Ctrl Pts',(3.59646828691645,9.34,3.37692446290482));
#6048=CARTESIAN_POINT('Ctrl Pts',(3.69685340388837,18.94,3.13922238974972));
#6049=CARTESIAN_POINT('Ctrl Pts',(3.69685340388837,9.34,3.13922238974972));
#6050=CARTESIAN_POINT('Ctrl Pts',(3.75189903473366,18.94,3.01938050237725));
#6051=CARTESIAN_POINT('Ctrl Pts',(3.75189903473366,9.34,3.01938050237725));
#6052=CARTESIAN_POINT('',(-2.78796948377186,13.5,5.57179366271238));
#6053=CARTESIAN_POINT('Ctrl Pts',(-2.7879694837721,13.5,5.57179366271218));
#6054=CARTESIAN_POINT('Ctrl Pts',(-2.7879694837721,13.502904533676,5.57179366271218));
#6055=CARTESIAN_POINT('Ctrl Pts',(-2.7879694837721,13.505809067352,5.57179366271218));
#6056=CARTESIAN_POINT('Ctrl Pts',(-2.78796948377209,13.508713601028,5.57179366271218));
#6057=CARTESIAN_POINT('Ctrl Pts',(-2.14818124085115,13.5,5.8916284972201));
#6058=CARTESIAN_POINT('Ctrl Pts',(-2.23865281129754,13.5,5.86700691600797));
#6059=CARTESIAN_POINT('Ctrl Pts',(-2.39210375118415,13.5,5.81784956354986));
#6060=CARTESIAN_POINT('Ctrl Pts',(-2.5283278929252,13.5,5.75920966273718));
#6061=CARTESIAN_POINT('Ctrl Pts',(-2.64641316964048,13.5,5.69002137750849));
#6062=CARTESIAN_POINT('Ctrl Pts',(-2.74681291548795,13.5,5.60965984642546));
#6063=CARTESIAN_POINT('Ctrl Pts',(-2.78796948377187,13.5,5.57179366271239));
#6064=CARTESIAN_POINT('Ctrl Pts',(-3.74810096526629,18.94,3.01938050237725));
#6065=CARTESIAN_POINT('Ctrl Pts',(-3.74810096526629,8.9,3.01938050237725));
#6066=CARTESIAN_POINT('Ctrl Pts',(-3.67407382347526,18.94,3.13900773538396));
#6067=CARTESIAN_POINT('Ctrl Pts',(-3.67407382347526,8.9,3.13900773538396));
#6068=CARTESIAN_POINT('Ctrl Pts',(-3.54155550608174,18.94,3.3763421951588));
#6069=CARTESIAN_POINT('Ctrl Pts',(-3.54155550608174,8.9,3.3763421951588));
#6070=CARTESIAN_POINT('Ctrl Pts',(-3.38938332540436,18.94,3.72658277837038));
#6071=CARTESIAN_POINT('Ctrl Pts',(-3.38938332540436,8.9,3.72658277837038));
#6072=CARTESIAN_POINT('Ctrl Pts',(-3.26816863367114,18.94,4.17830895181564));
#6073=CARTESIAN_POINT('Ctrl Pts',(-3.26816863367114,8.9,4.17830895181564));
#6074=CARTESIAN_POINT('Ctrl Pts',(-3.18709448645044,18.94,4.6969849680384));
#6075=CARTESIAN_POINT('Ctrl Pts',(-3.18709448645044,8.9,4.6969849680384));
#6076=CARTESIAN_POINT('Ctrl Pts',(-3.09459246355339,18.94,5.14553787492763));
#6077=CARTESIAN_POINT('Ctrl Pts',(-3.09459246355339,8.9,5.14553787492763));
#6078=CARTESIAN_POINT('Ctrl Pts',(-2.91218780235341,18.94,5.50341132375436));
#6079=CARTESIAN_POINT('Ctrl Pts',(-2.91218780235341,8.9,5.50341132375436));
#6080=CARTESIAN_POINT('Ctrl Pts',(-2.58636625152563,18.94,5.76185104338863));
#6081=CARTESIAN_POINT('Ctrl Pts',(-2.58636625152563,8.9,5.76185104338863));
#6082=CARTESIAN_POINT('Ctrl Pts',(-2.10499586280453,18.94,5.92965974108975));
#6083=CARTESIAN_POINT('Ctrl Pts',(-2.10499586280453,8.9,5.92965974108975));
#6084=CARTESIAN_POINT('Ctrl Pts',(-1.48523020422802,18.94,6.0250982753517));
#6085=CARTESIAN_POINT('Ctrl Pts',(-1.48523020422802,8.9,6.0250982753517));
#6086=CARTESIAN_POINT('Ctrl Pts',(-0.765531631762075,18.94,6.06974453187171));
#6087=CARTESIAN_POINT('Ctrl Pts',(-0.765531631762075,8.9,6.06974453187171));
#6088=CARTESIAN_POINT('Ctrl Pts',(0.00334685095723072,18.94,6.08175838211861));
#6089=CARTESIAN_POINT('Ctrl Pts',(0.00334685095723072,8.9,6.08175838211861));
#6090=CARTESIAN_POINT('Ctrl Pts',(0.766565039482108,18.94,6.06944770597461));
#6091=CARTESIAN_POINT('Ctrl Pts',(0.766565039482108,8.9,6.06944770597461));
#6092=CARTESIAN_POINT('Ctrl Pts',(1.47353770198649,18.94,6.02459068734794));
#6093=CARTESIAN_POINT('Ctrl Pts',(1.47353770198649,8.9,6.02459068734794));
#6094=CARTESIAN_POINT('Ctrl Pts',(2.08231262863806,18.94,5.92909957968952));
#6095=CARTESIAN_POINT('Ctrl Pts',(2.08231262863806,8.9,5.92909957968952));
#6096=CARTESIAN_POINT('Ctrl Pts',(2.56396967317163,18.94,5.76143873718472));
#6097=CARTESIAN_POINT('Ctrl Pts',(2.56396967317163,8.9,5.76143873718472));
#6098=CARTESIAN_POINT('Ctrl Pts',(2.90764307583106,18.94,5.50334294711568));
#6099=CARTESIAN_POINT('Ctrl Pts',(2.90764307583106,8.9,5.50334294711568));
#6100=CARTESIAN_POINT('Ctrl Pts',(3.12490789325105,18.94,5.1459433963251));
#6101=CARTESIAN_POINT('Ctrl Pts',(3.12490789325105,8.9,5.1459433963251));
#6102=CARTESIAN_POINT('Ctrl Pts',(3.2570257724258,18.94,4.69784377413527));
#6103=CARTESIAN_POINT('Ctrl Pts',(3.2570257724258,8.9,4.69784377413527));
#6104=CARTESIAN_POINT('Ctrl Pts',(3.36281702227286,18.94,4.17940276380617));
#6105=CARTESIAN_POINT('Ctrl Pts',(3.36281702227286,8.9,4.17940276380617));
#6106=CARTESIAN_POINT('Ctrl Pts',(3.47500724246249,18.94,3.72753138538605));
#6107=CARTESIAN_POINT('Ctrl Pts',(3.47500724246249,8.9,3.72753138538605));
#6108=CARTESIAN_POINT('Ctrl Pts',(3.59646828691645,18.94,3.37692446290482));
#6109=CARTESIAN_POINT('Ctrl Pts',(3.59646828691645,8.9,3.37692446290482));
#6110=CARTESIAN_POINT('Ctrl Pts',(3.69685340388837,18.94,3.13922238974972));
#6111=CARTESIAN_POINT('Ctrl Pts',(3.69685340388837,8.9,3.13922238974972));
#6112=CARTESIAN_POINT('Ctrl Pts',(3.75189903473366,18.94,3.01938050237725));
#6113=CARTESIAN_POINT('Ctrl Pts',(3.75189903473366,8.9,3.01938050237725));
#6114=CARTESIAN_POINT('Ctrl Pts',(5.14565366863583,18.94,-0.0150144767703447));
#6115=CARTESIAN_POINT('Ctrl Pts',(5.14565366863583,8.9,-0.0150144767703447));
#6116=CARTESIAN_POINT('Ctrl Pts',(6.539408302538,18.94,-3.04940945591794));
#6117=CARTESIAN_POINT('Ctrl Pts',(6.539408302538,8.9,-3.04940945591794));
#6118=CARTESIAN_POINT('Ctrl Pts',(7.93316293644016,18.94,-6.08380443506554));
#6119=CARTESIAN_POINT('Ctrl Pts',(7.93316293644016,8.9,-6.08380443506554));
#6120=CARTESIAN_POINT('Ctrl Pts',(9.32691757034233,18.94,-9.11819941421314));
#6121=CARTESIAN_POINT('Ctrl Pts',(9.32691757034233,8.9,-9.11819941421314));
#6122=CARTESIAN_POINT('Ctrl Pts',(10.7206722042445,18.94,-12.1525943933607));
#6123=CARTESIAN_POINT('Ctrl Pts',(10.7206722042445,8.9,-12.1525943933607));
#6124=CARTESIAN_POINT('',(2.65627964359695,13.5,5.66487245354128));
#6125=CARTESIAN_POINT('Ctrl Pts',(2.65627964359691,13.5037757300336,5.6648724535413));
#6126=CARTESIAN_POINT('Ctrl Pts',(2.65627964359691,13.5025171533557,5.6648724535413));
#6127=CARTESIAN_POINT('Ctrl Pts',(2.65627964359691,13.5012585766779,5.6648724535413));
#6128=CARTESIAN_POINT('Ctrl Pts',(2.65627964359691,13.5,5.6648724535413));
#6129=CARTESIAN_POINT('Ctrl Pts',(2.65627964359694,13.5,5.66487245354128));
#6130=CARTESIAN_POINT('Ctrl Pts',(2.63235653187836,13.5,5.68063953012842));
#6131=CARTESIAN_POINT('Ctrl Pts',(2.53327385401448,13.5,5.74213704162718));
#6132=CARTESIAN_POINT('Ctrl Pts',(2.42283028132801,13.5,5.79585251339161));
#6133=CARTESIAN_POINT('Ctrl Pts',(2.30087867386277,13.5,5.84223035023311));
#6134=CARTESIAN_POINT('Ctrl Pts',(2.16781139534973,13.5,5.88194085748829));
#6135=CARTESIAN_POINT('Ctrl Pts',(2.06183636822184,13.5,5.90832907290448));
#6136=CARTESIAN_POINT('Ctrl Pts',(-3.74810096526629,14.66,3.01938050237725));
#6137=CARTESIAN_POINT('Ctrl Pts',(-3.74810096526629,5.06,3.01938050237725));
#6138=CARTESIAN_POINT('Ctrl Pts',(-3.67407382347526,14.66,3.13900773538396));
#6139=CARTESIAN_POINT('Ctrl Pts',(-3.67407382347526,5.06,3.13900773538396));
#6140=CARTESIAN_POINT('Ctrl Pts',(-3.54155550608174,14.66,3.3763421951588));
#6141=CARTESIAN_POINT('Ctrl Pts',(-3.54155550608174,5.06,3.3763421951588));
#6142=CARTESIAN_POINT('Ctrl Pts',(-3.38938332540436,14.66,3.72658277837038));
#6143=CARTESIAN_POINT('Ctrl Pts',(-3.38938332540436,5.06,3.72658277837038));
#6144=CARTESIAN_POINT('Ctrl Pts',(-3.26816863367114,14.66,4.17830895181564));
#6145=CARTESIAN_POINT('Ctrl Pts',(-3.26816863367114,5.06,4.17830895181564));
#6146=CARTESIAN_POINT('Ctrl Pts',(-3.18709448645044,14.66,4.6969849680384));
#6147=CARTESIAN_POINT('Ctrl Pts',(-3.18709448645044,5.06,4.6969849680384));
#6148=CARTESIAN_POINT('Ctrl Pts',(-3.09459246355339,14.66,5.14553787492763));
#6149=CARTESIAN_POINT('Ctrl Pts',(-3.09459246355339,5.06,5.14553787492763));
#6150=CARTESIAN_POINT('Ctrl Pts',(-2.91218780235341,14.66,5.50341132375436));
#6151=CARTESIAN_POINT('Ctrl Pts',(-2.91218780235341,5.06,5.50341132375436));
#6152=CARTESIAN_POINT('Ctrl Pts',(-2.58636625152563,14.66,5.76185104338863));
#6153=CARTESIAN_POINT('Ctrl Pts',(-2.58636625152563,5.06,5.76185104338863));
#6154=CARTESIAN_POINT('Ctrl Pts',(-2.10499586280453,14.66,5.92965974108975));
#6155=CARTESIAN_POINT('Ctrl Pts',(-2.10499586280453,5.06,5.92965974108975));
#6156=CARTESIAN_POINT('Ctrl Pts',(-1.48523020422802,14.66,6.0250982753517));
#6157=CARTESIAN_POINT('Ctrl Pts',(-1.48523020422802,5.06,6.0250982753517));
#6158=CARTESIAN_POINT('Ctrl Pts',(-0.765531631762075,14.66,6.06974453187171));
#6159=CARTESIAN_POINT('Ctrl Pts',(-0.765531631762075,5.06,6.06974453187171));
#6160=CARTESIAN_POINT('Ctrl Pts',(0.00334685095723072,14.66,6.08175838211861));
#6161=CARTESIAN_POINT('Ctrl Pts',(0.00334685095723072,5.06,6.08175838211861));
#6162=CARTESIAN_POINT('Ctrl Pts',(0.766565039482108,14.66,6.06944770597461));
#6163=CARTESIAN_POINT('Ctrl Pts',(0.766565039482108,5.06,6.06944770597461));
#6164=CARTESIAN_POINT('Ctrl Pts',(1.47353770198649,14.66,6.02459068734794));
#6165=CARTESIAN_POINT('Ctrl Pts',(1.47353770198649,5.06,6.02459068734794));
#6166=CARTESIAN_POINT('Ctrl Pts',(2.08231262863806,14.66,5.92909957968952));
#6167=CARTESIAN_POINT('Ctrl Pts',(2.08231262863806,5.06,5.92909957968952));
#6168=CARTESIAN_POINT('Ctrl Pts',(2.56396967317163,14.66,5.76143873718472));
#6169=CARTESIAN_POINT('Ctrl Pts',(2.56396967317163,5.06,5.76143873718472));
#6170=CARTESIAN_POINT('Ctrl Pts',(2.90764307583106,14.66,5.50334294711568));
#6171=CARTESIAN_POINT('Ctrl Pts',(2.90764307583106,5.06,5.50334294711568));
#6172=CARTESIAN_POINT('Ctrl Pts',(3.12490789325105,14.66,5.1459433963251));
#6173=CARTESIAN_POINT('Ctrl Pts',(3.12490789325105,5.06,5.1459433963251));
#6174=CARTESIAN_POINT('Ctrl Pts',(3.2570257724258,14.66,4.69784377413527));
#6175=CARTESIAN_POINT('Ctrl Pts',(3.2570257724258,5.06,4.69784377413527));
#6176=CARTESIAN_POINT('Ctrl Pts',(3.36281702227286,14.66,4.17940276380617));
#6177=CARTESIAN_POINT('Ctrl Pts',(3.36281702227286,5.06,4.17940276380617));
#6178=CARTESIAN_POINT('Ctrl Pts',(3.47500724246249,14.66,3.72753138538605));
#6179=CARTESIAN_POINT('Ctrl Pts',(3.47500724246249,5.06,3.72753138538605));
#6180=CARTESIAN_POINT('Ctrl Pts',(3.59646828691645,14.66,3.37692446290482));
#6181=CARTESIAN_POINT('Ctrl Pts',(3.59646828691645,5.06,3.37692446290482));
#6182=CARTESIAN_POINT('Ctrl Pts',(3.69685340388837,14.66,3.13922238974972));
#6183=CARTESIAN_POINT('Ctrl Pts',(3.69685340388837,5.06,3.13922238974972));
#6184=CARTESIAN_POINT('Ctrl Pts',(3.75189903473366,14.66,3.01938050237725));
#6185=CARTESIAN_POINT('Ctrl Pts',(3.75189903473366,5.06,3.01938050237725));
#6186=CARTESIAN_POINT('Ctrl Pts',(5.14565366863583,14.66,-0.0150144767703447));
#6187=CARTESIAN_POINT('Ctrl Pts',(5.14565366863583,5.06,-0.0150144767703447));
#6188=CARTESIAN_POINT('Ctrl Pts',(6.539408302538,14.66,-3.04940945591794));
#6189=CARTESIAN_POINT('Ctrl Pts',(6.539408302538,5.06,-3.04940945591794));
#6190=CARTESIAN_POINT('Ctrl Pts',(7.93316293644016,14.66,-6.08380443506554));
#6191=CARTESIAN_POINT('Ctrl Pts',(7.93316293644016,5.06,-6.08380443506554));
#6192=CARTESIAN_POINT('Ctrl Pts',(9.32691757034233,14.66,-9.11819941421314));
#6193=CARTESIAN_POINT('Ctrl Pts',(9.32691757034233,5.06,-9.11819941421314));
#6194=CARTESIAN_POINT('Ctrl Pts',(10.7206722042445,14.66,-12.1525943933607));
#6195=CARTESIAN_POINT('Ctrl Pts',(10.7206722042445,5.06,-12.1525943933607));
#6196=CARTESIAN_POINT('',(2.65627964359695,10.5,5.66487245354128));
#6197=CARTESIAN_POINT('Ctrl Pts',(2.65627964359691,10.5,5.6648724535413));
#6198=CARTESIAN_POINT('Ctrl Pts',(2.65627964359691,10.4987414236413,5.6648724535413));
#6199=CARTESIAN_POINT('Ctrl Pts',(2.65627964359691,10.4974828472825,5.6648724535413));
#6200=CARTESIAN_POINT('Ctrl Pts',(2.65627964359691,10.4962242709238,5.6648724535413));
#6201=CARTESIAN_POINT('Ctrl Pts',(2.06183636822199,10.5,5.90832907290444));
#6202=CARTESIAN_POINT('Ctrl Pts',(2.16781139534985,10.5,5.88194085748825));
#6203=CARTESIAN_POINT('Ctrl Pts',(2.30087867386285,10.5,5.84223035023308));
#6204=CARTESIAN_POINT('Ctrl Pts',(2.42283028132806,10.5,5.79585251339159));
#6205=CARTESIAN_POINT('Ctrl Pts',(2.5332738540145,10.5,5.74213704162717));
#6206=CARTESIAN_POINT('Ctrl Pts',(2.63235653187836,10.5,5.68063953012842));
#6207=CARTESIAN_POINT('Ctrl Pts',(2.65627964359694,10.5,5.66487245354128));
#6208=CARTESIAN_POINT('Origin',(-2.2981009138573,12.,5.00387748561416));
#6209=CARTESIAN_POINT('',(-2.78796948377186,12.,5.57179366271238));
#6210=CARTESIAN_POINT('Origin',(2.30189898332467,12.,5.00387748561416));
#6211=CARTESIAN_POINT('',(2.65627964359695,12.,5.66487245354128));
#6212=CARTESIAN_POINT('Ctrl Pts',(-2.78796948377186,13.5,5.57179366271239));
#6213=CARTESIAN_POINT('Ctrl Pts',(-2.78796948377186,10.5,5.57179366271239));
#6214=CARTESIAN_POINT('Ctrl Pts',(-2.74681291548795,13.5,5.60965984642546));
#6215=CARTESIAN_POINT('Ctrl Pts',(-2.74681291548795,10.5,5.60965984642546));
#6216=CARTESIAN_POINT('Ctrl Pts',(-2.63700408431654,13.5,5.69755255695859));
#6217=CARTESIAN_POINT('Ctrl Pts',(-2.63700408431654,10.5,5.69755255695859));
#6218=CARTESIAN_POINT('Ctrl Pts',(-2.42818179493343,13.5,5.81638565101106));
#6219=CARTESIAN_POINT('Ctrl Pts',(-2.42818179493343,10.5,5.81638565101106));
#6220=CARTESIAN_POINT('Ctrl Pts',(-2.06559115840408,13.5,5.93572772368763));
#6221=CARTESIAN_POINT('Ctrl Pts',(-2.06559115840408,10.5,5.93572772368763));
#6222=CARTESIAN_POINT('Ctrl Pts',(-1.48523020422802,13.5,6.0250982753517));
#6223=CARTESIAN_POINT('Ctrl Pts',(-1.48523020422802,10.5,6.0250982753517));
#6224=CARTESIAN_POINT('Ctrl Pts',(-0.765531631762075,13.5,6.06974453187171));
#6225=CARTESIAN_POINT('Ctrl Pts',(-0.765531631762075,10.5,6.06974453187171));
#6226=CARTESIAN_POINT('Ctrl Pts',(0.00334685095723072,13.5,6.08175838211861));
#6227=CARTESIAN_POINT('Ctrl Pts',(0.00334685095723072,10.5,6.08175838211861));
#6228=CARTESIAN_POINT('Ctrl Pts',(0.766565039482108,13.5,6.06944770597461));
#6229=CARTESIAN_POINT('Ctrl Pts',(0.766565039482108,10.5,6.06944770597461));
#6230=CARTESIAN_POINT('Ctrl Pts',(1.47353770198649,13.5,6.02459068734794));
#6231=CARTESIAN_POINT('Ctrl Pts',(1.47353770198649,10.5,6.02459068734794));
#6232=CARTESIAN_POINT('Ctrl Pts',(1.99998628555354,13.5,5.94201311036636));
#6233=CARTESIAN_POINT('Ctrl Pts',(1.99998628555354,10.5,5.94201311036636));
#6234=CARTESIAN_POINT('Ctrl Pts',(2.33446069363692,13.5,5.83866760666054));
#6235=CARTESIAN_POINT('Ctrl Pts',(2.33446069363692,10.5,5.83866760666054));
#6236=CARTESIAN_POINT('Ctrl Pts',(2.53171026847995,13.5,5.7431075101436));
#6237=CARTESIAN_POINT('Ctrl Pts',(2.53171026847995,10.5,5.7431075101436));
#6238=CARTESIAN_POINT('Ctrl Pts',(2.63235653187836,13.5,5.68063953012842));
#6239=CARTESIAN_POINT('Ctrl Pts',(2.63235653187836,10.5,5.68063953012842));
#6240=CARTESIAN_POINT('Ctrl Pts',(2.65627964359694,13.5,5.66487245354128));
#6241=CARTESIAN_POINT('Ctrl Pts',(2.65627964359694,10.5,5.66487245354128));
#6242=UNCERTAINTY_MEASURE_WITH_UNIT(LENGTH_MEASURE(0.01),#6246,
'DISTANCE_ACCURACY_VALUE',
'Maximum model space distance between geometric entities at asserted c
onnectivities');
#6243=UNCERTAINTY_MEASURE_WITH_UNIT(LENGTH_MEASURE(0.01),#6246,
'DISTANCE_ACCURACY_VALUE',
'Maximum model space distance between geometric entities at asserted c
onnectivities');
#6244=(
GEOMETRIC_REPRESENTATION_CONTEXT(3)
GLOBAL_UNCERTAINTY_ASSIGNED_CONTEXT((#6242))
GLOBAL_UNIT_ASSIGNED_CONTEXT((#6246,#6248,#6249))
REPRESENTATION_CONTEXT('','3D')
);
#6245=(
GEOMETRIC_REPRESENTATION_CONTEXT(3)
GLOBAL_UNCERTAINTY_ASSIGNED_CONTEXT((#6243))
GLOBAL_UNIT_ASSIGNED_CONTEXT((#6246,#6248,#6249))
REPRESENTATION_CONTEXT('','3D')
);
#6246=(
LENGTH_UNIT()
NAMED_UNIT(*)
SI_UNIT(.MILLI.,.METRE.)
);
#6247=(
LENGTH_UNIT()
NAMED_UNIT(*)
SI_UNIT($,.METRE.)
);
#6248=(
NAMED_UNIT(*)
PLANE_ANGLE_UNIT()
SI_UNIT($,.RADIAN.)
);
#6249=(
NAMED_UNIT(*)
SI_UNIT($,.STERADIAN.)
SOLID_ANGLE_UNIT()
);
#6250=SHAPE_DEFINITION_REPRESENTATION(#6251,#6252);
#6251=PRODUCT_DEFINITION_SHAPE('',$,#6254);
#6252=SHAPE_REPRESENTATION('',(#2272),#6244);
#6253=PRODUCT_DEFINITION_CONTEXT('part definition',#6258,'design');
#6254=PRODUCT_DEFINITION('2026-08-27-17-11-07-025','(Unsaved)',#6255,#6253);
#6255=PRODUCT_DEFINITION_FORMATION('',$,#6260);
#6256=PRODUCT_RELATED_PRODUCT_CATEGORY('(Unsaved)','(Unsaved)',(#6260));
#6257=APPLICATION_PROTOCOL_DEFINITION('international standard',
'automotive_design',2009,#6258);
#6258=APPLICATION_CONTEXT(
'Core Data for Automotive Mechanical Design Process');
#6259=PRODUCT_CONTEXT('part definition',#6258,'mechanical');
#6260=PRODUCT('2026-08-27-17-11-07-025','(Unsaved)',$,(#6259));
#6261=PRESENTATION_STYLE_ASSIGNMENT((#6262));
#6262=SURFACE_STYLE_USAGE(.BOTH.,#6263);
#6263=SURFACE_SIDE_STYLE('',(#6264));
#6264=SURFACE_STYLE_FILL_AREA(#6265);
#6265=FILL_AREA_STYLE('Steel - Satin',(#6266));
#6266=FILL_AREA_STYLE_COLOUR('Steel - Satin',#6267);
#6267=COLOUR_RGB('Steel - Satin',0.627450980392157,0.627450980392157,0.627450980392157);
ENDSEC;
END-ISO-10303-21;
