ISO-10303-21;
HEADER;
/* Generated by software containing ST-Developer
 * from STEP Tools, Inc. (www.steptools.com) 
 */

FILE_DESCRIPTION(
/* description */ (''),
/* implementation_level */ '2;1');

FILE_NAME(
/* name */ 'zero_finger2_mcp_thin_v3.step',
/* time_stamp */ '2026-08-27T17:11:10+02:00',
/* author */ (''),
/* organization */ (''),
/* preprocessor_version */ 'ST-DEVELOPER v20.1',
/* originating_system */ 'Autodesk Translation Framework v15.8.0.0',
/* authorisation */ '');

FILE_SCHEMA (('AUTOMOTIVE_DESIGN { 1 0 10303 214 3 1 1 }'));
ENDSEC;

DATA;
#10=MECHANICAL_DESIGN_GEOMETRIC_PRESENTATION_REPRESENTATION('',(#13),#6641);
#11=SHAPE_REPRESENTATION_RELATIONSHIP('SRR','None',#6648,#12);
#12=ADVANCED_BREP_SHAPE_REPRESENTATION('',(#14),#6640);
#13=STYLED_ITEM('',(#6657),#14);
#14=MANIFOLD_SOLID_BREP('zero_finger2_mcp_thin_v3',#2286);
#15=(
BOUNDED_CURVE()
B_SPLINE_CURVE(5,(#4796,#4797,#4798,#4799,#4800,#4801,#4802,#4803,#4804,
#4805,#4806,#4807,#4808,#4809,#4810),.UNSPECIFIED.,.F.,.F.)
B_SPLINE_CURVE_WITH_KNOTS((6,1,1,1,1,1,1,1,1,1,6),(0.271215655835298,0.3,
0.35,0.4,0.45,0.5,0.55,0.6,0.65,0.7,0.71619179787132),.UNSPECIFIED.)
CURVE()
GEOMETRIC_REPRESENTATION_ITEM()
RATIONAL_B_SPLINE_CURVE((1.,1.,1.,1.,1.,1.,1.,1.,1.,1.,1.,1.,1.,1.,1.))
REPRESENTATION_ITEM('')
);
#16=ELLIPSE('',#2337,0.282842712474619,0.2);
#17=ELLIPSE('',#2338,0.28284271247462,0.2);
#18=ELLIPSE('',#2419,6.59999999999998,4.49999999999712);
#19=ELLIPSE('',#2433,6.59999999999998,4.49999999999712);
#20=SPHERICAL_SURFACE('',#2331,0.94);
#21=TOROIDAL_SURFACE('',#2319,0.725,0.2);
#22=TOROIDAL_SURFACE('',#2384,0.550000000000001,0.2);
#23=TOROIDAL_SURFACE('',#2387,10.2,0.2);
#24=TOROIDAL_SURFACE('',#2390,0.550000000000001,0.2);
#25=TOROIDAL_SURFACE('',#2402,1.3,0.3);
#26=TOROIDAL_SURFACE('',#2408,1.3,0.3);
#27=TOROIDAL_SURFACE('',#2409,1.3,0.3);
#28=TOROIDAL_SURFACE('',#2418,1.3,0.3);
#29=TOROIDAL_SURFACE('',#2440,3.3,0.2);
#30=TOROIDAL_SURFACE('',#2446,3.3,0.2);
#31=TOROIDAL_SURFACE('',#2461,3.3,0.2);
#32=TOROIDAL_SURFACE('',#2474,3.3,0.2);
#33=(
BOUNDED_SURFACE()
B_SPLINE_SURFACE(1,2,((#3234,#3235,#3236),(#3237,#3238,#3239)),
 .UNSPECIFIED.,.F.,.F.,.F.)
B_SPLINE_SURFACE_WITH_KNOTS((2,2),(3,3),(0.037878787878788,1.66666666666667),
(-1.96714479751321,-1.16468495070019),.UNSPECIFIED.)
GEOMETRIC_REPRESENTATION_ITEM()
RATIONAL_B_SPLINE_SURFACE(((1.,0.920581342739778,1.),(1.,0.920581342739778,
1.)))
REPRESENTATION_ITEM('')
SURFACE()
);
#34=(
BOUNDED_SURFACE()
B_SPLINE_SURFACE(1,2,((#4031,#4032,#4033,#4034,#4035,#4036,#4037,#4038,
#4039),(#4040,#4041,#4042,#4043,#4044,#4045,#4046,#4047,#4048)),
 .UNSPECIFIED.,.F.,.T.,.F.)
B_SPLINE_SURFACE_WITH_KNOTS((2,2),(3,2,2,2,3),(0.133333333333333,0.624293500128112),
(-3.14159265358979,-1.5707963267949,0.,1.5707963267949,3.14159265358979),
 .UNSPECIFIED.)
GEOMETRIC_REPRESENTATION_ITEM()
RATIONAL_B_SPLINE_SURFACE(((1.,0.707106781186548,1.,0.707106781186548,1.,
0.707106781186548,1.,0.707106781186548,1.),(1.,0.707106781186548,1.,0.707106781186548,
1.,0.707106781186548,1.,0.707106781186548,1.)))
REPRESENTATION_ITEM('')
SURFACE()
);
#35=(
BOUNDED_SURFACE()
B_SPLINE_SURFACE(2,2,((#4397,#4398,#4399,#4400,#4401,#4402,#4403,#4404,
#4405),(#4406,#4407,#4408,#4409,#4410,#4411,#4412,#4413,#4414),(#4415,#4416,
#4417,#4418,#4419,#4420,#4421,#4422,#4423)),.UNSPECIFIED.,.F.,.T.,.F.)
B_SPLINE_SURFACE_WITH_KNOTS((3,3),(3,2,2,2,3),(-3.14159265358979,-1.5707963267949),
(-3.14159265358979,-1.5707963267949,0.,1.5707963267949,3.14159265358979),
 .UNSPECIFIED.)
GEOMETRIC_REPRESENTATION_ITEM()
RATIONAL_B_SPLINE_SURFACE(((1.,0.707106781186548,1.,0.707106781186548,1.,
0.707106781186548,1.,0.707106781186548,1.),(0.707106781186546,0.499999999999999,
0.707106781186546,0.499999999999999,0.707106781186546,0.499999999999999,
0.707106781186546,0.499999999999999,0.707106781186546),(1.,0.707106781186548,
1.,0.707106781186548,1.,0.707106781186548,1.,0.707106781186548,1.)))
REPRESENTATION_ITEM('')
SURFACE()
);
#36=(
BOUNDED_SURFACE()
B_SPLINE_SURFACE(2,2,((#4693,#4694,#4695,#4696,#4697,#4698,#4699,#4700,
#4701),(#4702,#4703,#4704,#4705,#4706,#4707,#4708,#4709,#4710),(#4711,#4712,
#4713,#4714,#4715,#4716,#4717,#4718,#4719)),.UNSPECIFIED.,.F.,.T.,.F.)
B_SPLINE_SURFACE_WITH_KNOTS((3,3),(3,2,2,2,3),(-3.14159265358979,-1.5707963267949),
(-3.14159265358979,-1.5707963267949,0.,1.5707963267949,3.14159265358979),
 .UNSPECIFIED.)
GEOMETRIC_REPRESENTATION_ITEM()
RATIONAL_B_SPLINE_SURFACE(((1.,0.707106781186548,1.,0.707106781186548,1.,
0.707106781186548,1.,0.707106781186548,1.),(0.707106781186538,0.499999999999994,
0.707106781186538,0.499999999999994,0.707106781186538,0.499999999999994,
0.707106781186538,0.499999999999994,0.707106781186538),(1.,0.707106781186548,
1.,0.707106781186548,1.,0.707106781186548,1.,0.707106781186548,1.)))
REPRESENTATION_ITEM('')
SURFACE()
);
#37=(
BOUNDED_SURFACE()
B_SPLINE_SURFACE(2,2,((#4721,#4722,#4723,#4724,#4725,#4726,#4727,#4728,
#4729),(#4730,#4731,#4732,#4733,#4734,#4735,#4736,#4737,#4738),(#4739,#4740,
#4741,#4742,#4743,#4744,#4745,#4746,#4747)),.UNSPECIFIED.,.F.,.T.,.F.)
B_SPLINE_SURFACE_WITH_KNOTS((3,3),(3,2,2,2,3),(-3.14159265358979,-1.5707963267949),
(-3.14159265358979,-1.5707963267949,0.,1.5707963267949,3.14159265358979),
 .UNSPECIFIED.)
GEOMETRIC_REPRESENTATION_ITEM()
RATIONAL_B_SPLINE_SURFACE(((1.,0.707106781186548,1.,0.707106781186548,1.,
0.707106781186548,1.,0.707106781186548,1.),(0.707106781186545,0.499999999999998,
0.707106781186545,0.499999999999998,0.707106781186545,0.499999999999998,
0.707106781186545,0.499999999999998,0.707106781186545),(1.,0.707106781186548,
1.,0.707106781186548,1.,0.707106781186548,1.,0.707106781186548,1.)))
REPRESENTATION_ITEM('')
SURFACE()
);
#38=(
BOUNDED_SURFACE()
B_SPLINE_SURFACE(5,1,((#4766,#4767),(#4768,#4769),(#4770,#4771),(#4772,
#4773),(#4774,#4775),(#4776,#4777),(#4778,#4779),(#4780,#4781),(#4782,#4783),
(#4784,#4785),(#4786,#4787),(#4788,#4789),(#4790,#4791),(#4792,#4793),(#4794,
#4795)),.UNSPECIFIED.,.F.,.F.,.F.)
B_SPLINE_SURFACE_WITH_KNOTS((6,1,1,1,1,1,1,1,1,1,6),(2,2),(-0.71619179787132,
-0.7,-0.65,-0.6,-0.55,-0.5,-0.45,-0.4,-0.35,-0.3,-0.265895001544266),(0.,
0.32),.UNSPECIFIED.)
GEOMETRIC_REPRESENTATION_ITEM()
RATIONAL_B_SPLINE_SURFACE(((1.,1.),(1.,1.),(1.,1.),(1.,1.),(1.,1.),(1.,
1.),(1.,1.),(1.,1.),(1.,1.),(1.,1.),(1.,1.),(1.,1.),(1.,1.),(1.,1.),(1.,
1.)))
REPRESENTATION_ITEM('')
SURFACE()
);
#39=(
BOUNDED_SURFACE()
B_SPLINE_SURFACE(5,1,((#4822,#4823),(#4824,#4825),(#4826,#4827),(#4828,
#4829),(#4830,#4831),(#4832,#4833),(#4834,#4835),(#4836,#4837)),
 .UNSPECIFIED.,.F.,.F.,.F.)
B_SPLINE_SURFACE_WITH_KNOTS((6,1,1,6),(2,2),(-0.240245050201789,-0.2,-0.15,
-0.144034047523884),(0.,0.32),.UNSPECIFIED.)
GEOMETRIC_REPRESENTATION_ITEM()
RATIONAL_B_SPLINE_SURFACE(((1.,1.),(1.,1.),(1.,1.),(1.,1.),(1.,1.),(1.,
1.),(1.,1.),(1.,1.)))
REPRESENTATION_ITEM('')
SURFACE()
);
#40=(
BOUNDED_SURFACE()
B_SPLINE_SURFACE(5,1,((#4912,#4913),(#4914,#4915),(#4916,#4917),(#4918,
#4919),(#4920,#4921),(#4922,#4923),(#4924,#4925),(#4926,#4927),(#4928,#4929)),
 .UNSPECIFIED.,.F.,.F.,.F.)
B_SPLINE_SURFACE_WITH_KNOTS((6,1,1,1,6),(2,2),(-0.913898529289469,-0.9,
-0.85,-0.8,-0.758419259361309),(0.,0.32),.UNSPECIFIED.)
GEOMETRIC_REPRESENTATION_ITEM()
RATIONAL_B_SPLINE_SURFACE(((1.,1.),(1.,1.),(1.,1.),(1.,1.),(1.,1.),(1.,
1.),(1.,1.),(1.,1.),(1.,1.)))
REPRESENTATION_ITEM('')
SURFACE()
);
#41=(
BOUNDED_SURFACE()
B_SPLINE_SURFACE(1,2,((#5284,#5285,#5286),(#5287,#5288,#5289)),
 .UNSPECIFIED.,.F.,.F.,.F.)
B_SPLINE_SURFACE_WITH_KNOTS((2,2),(3,3),(0.260973890406202,0.454545454545456),
(-3.14159313983366,-2.55136565525056),.UNSPECIFIED.)
GEOMETRIC_REPRESENTATION_ITEM()
RATIONAL_B_SPLINE_SURFACE(((1.,0.956769066715065,1.),(1.,0.956769066715065,
1.)))
REPRESENTATION_ITEM('')
SURFACE()
);
#42=(
BOUNDED_SURFACE()
B_SPLINE_SURFACE(1,2,((#5905,#5906,#5907),(#5908,#5909,#5910)),
 .UNSPECIFIED.,.F.,.F.,.F.)
B_SPLINE_SURFACE_WITH_KNOTS((2,2),(3,3),(0.,0.209124054093928),(-0.586542867262901,
2.06958410614223E-8),.UNSPECIFIED.)
GEOMETRIC_REPRESENTATION_ITEM()
RATIONAL_B_SPLINE_SURFACE(((1.,0.95730327277208,1.),(1.,0.95730327277208,
1.)))
REPRESENTATION_ITEM('')
SURFACE()
);
#43=(
BOUNDED_SURFACE()
B_SPLINE_SURFACE(2,2,((#6391,#6392,#6393,#6394,#6395,#6396,#6397,#6398,
#6399),(#6400,#6401,#6402,#6403,#6404,#6405,#6406,#6407,#6408),(#6409,#6410,
#6411,#6412,#6413,#6414,#6415,#6416,#6417)),.UNSPECIFIED.,.F.,.T.,.F.)
B_SPLINE_SURFACE_WITH_KNOTS((3,3),(3,2,2,2,3),(-3.14159265358979,-1.5707963267949),
(-3.14159265358979,-1.5707963267949,0.,1.5707963267949,3.14159265358979),
 .UNSPECIFIED.)
GEOMETRIC_REPRESENTATION_ITEM()
RATIONAL_B_SPLINE_SURFACE(((1.,0.707106781186548,1.,0.707106781186548,1.,
0.707106781186548,1.,0.707106781186548,1.),(0.707106781186534,0.499999999999991,
0.707106781186534,0.499999999999991,0.707106781186534,0.499999999999991,
0.707106781186534,0.499999999999991,0.707106781186534),(1.,0.707106781186548,
1.,0.707106781186548,1.,0.707106781186548,1.,0.707106781186548,1.)))
REPRESENTATION_ITEM('')
SURFACE()
);
#44=(
BOUNDED_SURFACE()
B_SPLINE_SURFACE(1,2,((#6610,#6611,#6612),(#6613,#6614,#6615)),
 .UNSPECIFIED.,.F.,.F.,.F.)
B_SPLINE_SURFACE_WITH_KNOTS((2,2),(3,3),(0.,0.22387459444229),(-3.14159313983366,
-2.55136565525056),.UNSPECIFIED.)
GEOMETRIC_REPRESENTATION_ITEM()
RATIONAL_B_SPLINE_SURFACE(((1.,0.956769066715065,1.),(1.,0.956769066715065,
1.)))
REPRESENTATION_ITEM('')
SURFACE()
);
#45=(
BOUNDED_SURFACE()
B_SPLINE_SURFACE(1,2,((#6616,#6617,#6618),(#6619,#6620,#6621)),
 .UNSPECIFIED.,.F.,.F.,.F.)
B_SPLINE_SURFACE_WITH_KNOTS((2,2),(3,3),(0.275724430754559,0.454545454545456),
(-0.586542867262901,-2.0001021803609E-16),.UNSPECIFIED.)
GEOMETRIC_REPRESENTATION_ITEM()
RATIONAL_B_SPLINE_SURFACE(((1.,0.957303275763514,1.),(1.,0.957303275763514,
1.)))
REPRESENTATION_ITEM('')
SURFACE()
);
#46=B_SPLINE_SURFACE_WITH_KNOTS('',3,3,((#3167,#3168,#3169,#3170,#3171,
#3172,#3173,#3174,#3175,#3176,#3177,#3178,#3179),(#3180,#3181,#3182,#3183,
#3184,#3185,#3186,#3187,#3188,#3189,#3190,#3191,#3192),(#3193,#3194,#3195,
#3196,#3197,#3198,#3199,#3200,#3201,#3202,#3203,#3204,#3205),(#3206,#3207,
#3208,#3209,#3210,#3211,#3212,#3213,#3214,#3215,#3216,#3217,#3218)),
 .UNSPECIFIED.,.F.,.T.,.F.,(4,4),(4,1,1,1,1,1,1,1,1,1,4),(0.,1.),(0.,0.0183306075807827,
0.0366612151615653,0.0733224303231306,0.100818341694305,0.109983645484696,
0.146644860646261,0.183306075807827,0.219967290969392,0.238297898550175,
0.256628506130957),.UNSPECIFIED.);
#47=B_SPLINE_SURFACE_WITH_KNOTS('',3,3,((#3369,#3370,#3371,#3372,#3373),
(#3374,#3375,#3376,#3377,#3378),(#3379,#3380,#3381,#3382,#3383),(#3384,
#3385,#3386,#3387,#3388),(#3389,#3390,#3391,#3392,#3393)),.UNSPECIFIED.,
 .F.,.F.,.F.,(4,1,4),(4,1,4),(0.,0.571428571428571,1.),(0.512526220154068,
0.578533209227369,0.666542527991771),.UNSPECIFIED.);
#48=B_SPLINE_SURFACE_WITH_KNOTS('',3,3,((#3440,#3441,#3442,#3443,#3444,
#3445),(#3446,#3447,#3448,#3449,#3450,#3451),(#3452,#3453,#3454,#3455,#3456,
#3457),(#3458,#3459,#3460,#3461,#3462,#3463),(#3464,#3465,#3466,#3467,#3468,
#3469)),.UNSPECIFIED.,.F.,.F.,.F.,(4,1,4),(4,1,1,4),(0.,0.571428571428571,
1.),(1.41905916686454E-16,0.0583618255228264,0.0972697092047106,0.136177592886595),
 .UNSPECIFIED.);
#49=B_SPLINE_SURFACE_WITH_KNOTS('',3,3,((#3485,#3486,#3487,#3488,#3489),
(#3490,#3491,#3492,#3493,#3494),(#3495,#3496,#3497,#3498,#3499),(#3500,
#3501,#3502,#3503,#3504),(#3505,#3506,#3507,#3508,#3509)),.UNSPECIFIED.,
 .F.,.F.,.F.,(4,1,4),(4,1,4),(0.,0.571428571428571,1.),(1.33308505598273,
1.42110446991324,1.48711903036113),.UNSPECIFIED.);
#50=B_SPLINE_SURFACE_WITH_KNOTS('',3,3,((#3601,#3602,#3603,#3604,#3605),
(#3606,#3607,#3608,#3609,#3610),(#3611,#3612,#3613,#3614,#3615),(#3616,
#3617,#3618,#3619,#3620)),.UNSPECIFIED.,.F.,.F.,.F.,(4,4),(4,1,4),(0.,1.),
(0.129768320070708,0.298238626277499,0.424591355932592),.UNSPECIFIED.);
#51=B_SPLINE_SURFACE_WITH_KNOTS('',3,3,((#3792,#3793,#3794,#3795,#3796,
#3797),(#3798,#3799,#3800,#3801,#3802,#3803),(#3804,#3805,#3806,#3807,#3808,
#3809),(#3810,#3811,#3812,#3813,#3814,#3815)),.UNSPECIFIED.,.F.,.F.,.F.,
(4,4),(4,1,1,4),(0.546027133579853,1.),(0.0117513977023922,0.0362916072775499,
0.0608318168527076,0.0976421312154442),.UNSPECIFIED.);
#52=B_SPLINE_SURFACE_WITH_KNOTS('',3,3,((#3955,#3956,#3957,#3958,#3959),
(#3960,#3961,#3962,#3963,#3964),(#3965,#3966,#3967,#3968,#3969),(#3970,
#3971,#3972,#3973,#3974)),.UNSPECIFIED.,.F.,.F.,.F.,(4,4),(4,1,4),(0.,1.),
(0.129768320070702,0.256121049725797,0.424591355932592),.UNSPECIFIED.);
#53=B_SPLINE_SURFACE_WITH_KNOTS('',3,3,((#4001,#4002,#4003,#4004,#4005,
#4006),(#4007,#4008,#4009,#4010,#4011,#4012),(#4013,#4014,#4015,#4016,#4017,
#4018),(#4019,#4020,#4021,#4022,#4023,#4024)),.UNSPECIFIED.,.F.,.F.,.F.,
(4,4),(4,1,1,4),(0.546027133579854,1.),(0.0117513977023924,0.048561712065129,
0.0731019216402867,0.0976421312154444),.UNSPECIFIED.);
#54=B_SPLINE_SURFACE_WITH_KNOTS('',3,3,((#4072,#4073,#4074,#4075,#4076,
#4077,#4078,#4079,#4080,#4081,#4082),(#4083,#4084,#4085,#4086,#4087,#4088,
#4089,#4090,#4091,#4092,#4093),(#4094,#4095,#4096,#4097,#4098,#4099,#4100,
#4101,#4102,#4103,#4104),(#4105,#4106,#4107,#4108,#4109,#4110,#4111,#4112,
#4113,#4114,#4115),(#4116,#4117,#4118,#4119,#4120,#4121,#4122,#4123,#4124,
#4125,#4126)),.UNSPECIFIED.,.F.,.F.,.F.,(4,1,4),(4,1,1,1,1,1,1,1,4),(0.,
0.5,1.),(-0.0419556294348798,0.00471283653029901,0.0513813024954778,0.144718234425835,
0.331392098286551,0.424729030216908,0.518065962147266,0.564734428112445,
0.611402894077623),.UNSPECIFIED.);
#55=B_SPLINE_SURFACE_WITH_KNOTS('',3,3,((#4514,#4515,#4516,#4517),(#4518,
#4519,#4520,#4521),(#4522,#4523,#4524,#4525),(#4526,#4527,#4528,#4529),
(#4530,#4531,#4532,#4533)),.UNSPECIFIED.,.F.,.F.,.F.,(4,1,4),(4,4),(0.,
0.5,1.),(-6.30423334735581E-17,0.0853495017533391),.UNSPECIFIED.);
#56=B_SPLINE_SURFACE_WITH_KNOTS('',3,3,((#4547,#4548,#4549,#4550,#4551,
#4552),(#4553,#4554,#4555,#4556,#4557,#4558),(#4559,#4560,#4561,#4562,#4563,
#4564),(#4565,#4566,#4567,#4568,#4569,#4570),(#4571,#4572,#4573,#4574,#4575,
#4576)),.UNSPECIFIED.,.F.,.F.,.F.,(4,1,4),(4,1,1,4),(0.,0.5,1.),(0.,0.0682013773421239,
0.113668962236873,0.159136547131622),.UNSPECIFIED.);
#57=B_SPLINE_SURFACE_WITH_KNOTS('',3,3,((#4591,#4592,#4593,#4594),(#4595,
#4596,#4597,#4598),(#4599,#4600,#4601,#4602),(#4603,#4604,#4605,#4606),
(#4607,#4608,#4609,#4610)),.UNSPECIFIED.,.F.,.F.,.F.,(4,1,4),(4,4),(0.,
0.5,1.),(0.,0.508094610100093),.UNSPECIFIED.);
#58=B_SPLINE_SURFACE_WITH_KNOTS('',3,3,((#4617,#4618,#4619,#4620,#4621,
#4622),(#4623,#4624,#4625,#4626,#4627,#4628),(#4629,#4630,#4631,#4632,#4633,
#4634),(#4635,#4636,#4637,#4638,#4639,#4640),(#4641,#4642,#4643,#4644,#4645,
#4646)),.UNSPECIFIED.,.F.,.F.,.F.,(4,1,4),(4,1,1,4),(0.,0.5,1.),(0.,0.0658006450666476,
0.109667741777746,0.153534838488844),.UNSPECIFIED.);
#59=B_SPLINE_SURFACE_WITH_KNOTS('',3,3,((#4662,#4663,#4664,#4665),(#4666,
#4667,#4668,#4669),(#4670,#4671,#4672,#4673),(#4674,#4675,#4676,#4677),
(#4678,#4679,#4680,#4681)),.UNSPECIFIED.,.F.,.F.,.F.,(4,1,4),(4,4),(0.,
0.5,1.),(2.53931052360481E-17,0.083597604888639),.UNSPECIFIED.);
#60=B_SPLINE_SURFACE_WITH_KNOTS('',3,3,((#4847,#4848,#4849,#4850),(#4851,
#4852,#4853,#4854),(#4855,#4856,#4857,#4858),(#4859,#4860,#4861,#4862),
(#4863,#4864,#4865,#4866),(#4867,#4868,#4869,#4870)),.UNSPECIFIED.,.F.,
 .F.,.F.,(4,1,1,4),(4,4),(0.,0.285714285714286,0.571428571428571,1.),(-0.295,
-0.02),.UNSPECIFIED.);
#61=B_SPLINE_SURFACE_WITH_KNOTS('',3,3,((#4877,#4878,#4879,#4880),(#4881,
#4882,#4883,#4884),(#4885,#4886,#4887,#4888),(#4889,#4890,#4891,#4892),
(#4893,#4894,#4895,#4896),(#4897,#4898,#4899,#4900)),.UNSPECIFIED.,.F.,
 .F.,.F.,(4,1,1,4),(4,4),(0.,0.285714285714286,0.571428571428571,1.),(-0.3,
-0.025),.UNSPECIFIED.);
#62=B_SPLINE_SURFACE_WITH_KNOTS('',3,3,((#4968,#4969,#4970,#4971),(#4972,
#4973,#4974,#4975),(#4976,#4977,#4978,#4979),(#4980,#4981,#4982,#4983),
(#4984,#4985,#4986,#4987)),.UNSPECIFIED.,.F.,.F.,.F.,(4,1,4),(4,4),(0.,
0.5,1.),(0.,0.263959286936847),.UNSPECIFIED.);
#63=B_SPLINE_SURFACE_WITH_KNOTS('',3,3,((#4994,#4995,#4996,#4997),(#4998,
#4999,#5000,#5001),(#5002,#5003,#5004,#5005),(#5006,#5007,#5008,#5009),
(#5010,#5011,#5012,#5013)),.UNSPECIFIED.,.F.,.F.,.F.,(4,1,4),(4,4),(0.,
0.5,1.),(0.,0.35339927959748),.UNSPECIFIED.);
#64=B_SPLINE_SURFACE_WITH_KNOTS('',3,3,((#5020,#5021,#5022,#5023,#5024,
#5025,#5026,#5027,#5028,#5029,#5030,#5031),(#5032,#5033,#5034,#5035,#5036,
#5037,#5038,#5039,#5040,#5041,#5042,#5043),(#5044,#5045,#5046,#5047,#5048,
#5049,#5050,#5051,#5052,#5053,#5054,#5055),(#5056,#5057,#5058,#5059,#5060,
#5061,#5062,#5063,#5064,#5065,#5066,#5067),(#5068,#5069,#5070,#5071,#5072,
#5073,#5074,#5075,#5076,#5077,#5078,#5079)),.UNSPECIFIED.,.F.,.F.,.F.,(4,
1,4),(4,1,1,1,1,1,1,1,1,4),(0.,0.5,1.),(0.,0.0529656569188151,0.10593131383763,
0.21186262767526,0.31779394151289,0.42372525535052,0.529656569188151,0.635587883025781,
0.688553539944596,0.741519196863411),.UNSPECIFIED.);
#65=B_SPLINE_SURFACE_WITH_KNOTS('',3,3,((#5094,#5095,#5096,#5097),(#5098,
#5099,#5100,#5101),(#5102,#5103,#5104,#5105),(#5106,#5107,#5108,#5109),
(#5110,#5111,#5112,#5113)),.UNSPECIFIED.,.F.,.F.,.F.,(4,1,4),(4,4),(0.,
0.5,1.),(0.,0.363081115719656),.UNSPECIFIED.);
#66=B_SPLINE_SURFACE_WITH_KNOTS('',3,3,((#5120,#5121,#5122,#5123),(#5124,
#5125,#5126,#5127),(#5128,#5129,#5130,#5131),(#5132,#5133,#5134,#5135),
(#5136,#5137,#5138,#5139)),.UNSPECIFIED.,.F.,.F.,.F.,(4,1,4),(4,4),(0.,
0.5,1.),(6.32716679761908E-17,0.265819264504575),.UNSPECIFIED.);
#67=B_SPLINE_SURFACE_WITH_KNOTS('',3,3,((#5144,#5145,#5146,#5147),(#5148,
#5149,#5150,#5151),(#5152,#5153,#5154,#5155),(#5156,#5157,#5158,#5159)),
 .UNSPECIFIED.,.F.,.F.,.F.,(4,4),(4,4),(0.,1.),(0.0200000000000001,0.32),
 .UNSPECIFIED.);
#68=B_SPLINE_SURFACE_WITH_KNOTS('',3,1,((#5184,#5185),(#5186,#5187),(#5188,
#5189),(#5190,#5191),(#5192,#5193),(#5194,#5195),(#5196,#5197),(#5198,#5199),
(#5200,#5201),(#5202,#5203),(#5204,#5205),(#5206,#5207),(#5208,#5209),(#5210,
#5211),(#5212,#5213),(#5214,#5215),(#5216,#5217),(#5218,#5219),(#5220,#5221),
(#5222,#5223),(#5224,#5225),(#5226,#5227)),.UNSPECIFIED.,.F.,.F.,.F.,(4,
3,3,3,3,3,3,4),(2,2),(0.0286718566386543,0.14857092080244,0.254031620450654,
0.376235277037464,0.560276575330233,0.713110229377507,0.822324113125159,
0.97043459500492),(0.,0.32),.UNSPECIFIED.);
#69=B_SPLINE_SURFACE_WITH_KNOTS('',3,3,((#5249,#5250,#5251,#5252),(#5253,
#5254,#5255,#5256),(#5257,#5258,#5259,#5260),(#5261,#5262,#5263,#5264)),
 .UNSPECIFIED.,.F.,.F.,.F.,(4,4),(4,4),(0.,1.),(0.,0.3),.UNSPECIFIED.);
#70=B_SPLINE_SURFACE_WITH_KNOTS('',3,3,((#5381,#5382,#5383,#5384,#5385,
#5386,#5387,#5388),(#5389,#5390,#5391,#5392,#5393,#5394,#5395,#5396),(#5397,
#5398,#5399,#5400,#5401,#5402,#5403,#5404),(#5405,#5406,#5407,#5408,#5409,
#5410,#5411,#5412),(#5413,#5414,#5415,#5416,#5417,#5418,#5419,#5420),(#5421,
#5422,#5423,#5424,#5425,#5426,#5427,#5428),(#5429,#5430,#5431,#5432,#5433,
#5434,#5435,#5436)),.UNSPECIFIED.,.F.,.F.,.F.,(4,1,1,1,4),(4,1,1,1,1,4),
(0.,0.285714285714286,0.571428571428571,0.857142857142857,1.),(0.0655526440035914,
0.133559686450873,0.167563207674514,0.235570250121797,0.269573771345438,
0.303577292569079),.UNSPECIFIED.);
#71=B_SPLINE_SURFACE_WITH_KNOTS('',3,3,((#5439,#5440,#5441,#5442),(#5443,
#5444,#5445,#5446),(#5447,#5448,#5449,#5450),(#5451,#5452,#5453,#5454),
(#5455,#5456,#5457,#5458),(#5459,#5460,#5461,#5462),(#5463,#5464,#5465,
#5466)),.UNSPECIFIED.,.F.,.F.,.F.,(4,1,1,1,4),(4,4),(0.,0.285714285714286,
0.571428571428571,0.857142857142857,1.),(6.93930246569694E-16,0.625013010589587),
 .UNSPECIFIED.);
#72=B_SPLINE_SURFACE_WITH_KNOTS('',3,3,((#5468,#5469,#5470,#5471,#5472,
#5473,#5474,#5475),(#5476,#5477,#5478,#5479,#5480,#5481,#5482,#5483),(#5484,
#5485,#5486,#5487,#5488,#5489,#5490,#5491),(#5492,#5493,#5494,#5495,#5496,
#5497,#5498,#5499),(#5500,#5501,#5502,#5503,#5504,#5505,#5506,#5507),(#5508,
#5509,#5510,#5511,#5512,#5513,#5514,#5515),(#5516,#5517,#5518,#5519,#5520,
#5521,#5522,#5523)),.UNSPECIFIED.,.F.,.F.,.F.,(4,1,1,1,4),(4,1,1,1,1,4),
(0.,0.285714285714286,0.571428571428571,0.857142857142857,1.),(0.321436418846109,
0.355439678496711,0.389442938147312,0.457449457448516,0.525455976749719,
0.55945923640032),.UNSPECIFIED.);
#73=B_SPLINE_SURFACE_WITH_KNOTS('',3,3,((#5623,#5624,#5625,#5626,#5627,
#5628,#5629,#5630),(#5631,#5632,#5633,#5634,#5635,#5636,#5637,#5638),(#5639,
#5640,#5641,#5642,#5643,#5644,#5645,#5646),(#5647,#5648,#5649,#5650,#5651,
#5652,#5653,#5654),(#5655,#5656,#5657,#5658,#5659,#5660,#5661,#5662),(#5663,
#5664,#5665,#5666,#5667,#5668,#5669,#5670),(#5671,#5672,#5673,#5674,#5675,
#5676,#5677,#5678)),.UNSPECIFIED.,.F.,.F.,.F.,(4,1,1,1,4),(4,1,1,1,1,4),
(0.,0.285714285714286,0.571428571428571,0.857142857142857,1.),(0.0655529571921315,
0.0985270631428975,0.164475275044429,0.230423486945961,0.263397592896727,
0.296371698847493),.UNSPECIFIED.);
#74=B_SPLINE_SURFACE_WITH_KNOTS('',3,3,((#5745,#5746,#5747,#5748),(#5749,
#5750,#5751,#5752),(#5753,#5754,#5755,#5756),(#5757,#5758,#5759,#5760),
(#5761,#5762,#5763,#5764),(#5765,#5766,#5767,#5768),(#5769,#5770,#5771,
#5772)),.UNSPECIFIED.,.F.,.F.,.F.,(4,1,1,1,4),(4,4),(0.,0.285714285714286,
0.571428571428571,0.857142857142857,1.),(4.61172288005833E-16,0.625013010589683),
 .UNSPECIFIED.);
#75=B_SPLINE_SURFACE_WITH_KNOTS('',3,3,((#5774,#5775,#5776,#5777,#5778,
#5779,#5780,#5781),(#5782,#5783,#5784,#5785,#5786,#5787,#5788,#5789),(#5790,
#5791,#5792,#5793,#5794,#5795,#5796,#5797),(#5798,#5799,#5800,#5801,#5802,
#5803,#5804,#5805),(#5806,#5807,#5808,#5809,#5810,#5811,#5812,#5813),(#5814,
#5815,#5816,#5817,#5818,#5819,#5820,#5821),(#5822,#5823,#5824,#5825,#5826,
#5827,#5828,#5829)),.UNSPECIFIED.,.F.,.F.,.F.,(4,1,1,1,4),(4,1,1,1,1,4),
(0.,0.285714285714286,0.571428571428571,0.857142857142857,1.),(0.32864160445559,
0.394589456806517,0.42756338298198,0.493511235332906,0.526485161508369,
0.559459087683832),.UNSPECIFIED.);
#76=B_SPLINE_SURFACE_WITH_KNOTS('',3,3,((#5973,#5974,#5975,#5976,#5977,
#5978,#5979,#5980,#5981,#5982,#5983,#5984,#5985,#5986,#5987,#5988,#5989,
#5990,#5991,#5992),(#5993,#5994,#5995,#5996,#5997,#5998,#5999,#6000,#6001,
#6002,#6003,#6004,#6005,#6006,#6007,#6008,#6009,#6010,#6011,#6012),(#6013,
#6014,#6015,#6016,#6017,#6018,#6019,#6020,#6021,#6022,#6023,#6024,#6025,
#6026,#6027,#6028,#6029,#6030,#6031,#6032),(#6033,#6034,#6035,#6036,#6037,
#6038,#6039,#6040,#6041,#6042,#6043,#6044,#6045,#6046,#6047,#6048,#6049,
#6050,#6051,#6052),(#6053,#6054,#6055,#6056,#6057,#6058,#6059,#6060,#6061,
#6062,#6063,#6064,#6065,#6066,#6067,#6068,#6069,#6070,#6071,#6072)),
 .UNSPECIFIED.,.F.,.T.,.F.,(4,1,4),(4,1,1,1,1,1,1,1,1,1,1,1,1,1,1,1,1,4),
(0.,0.5,1.),(-3.14159265358979,-2.91719317833338,-2.69279370307697,-2.46839422782055,
-2.24399475256414,-1.34639685153848,-0.897597901025655,-0.448798950512828,
-0.224399475256414,0.,0.224399475256414,0.448798950512828,0.897597901025655,
1.34639685153848,2.24399475256414,2.69279370307697,2.91719317833338,3.14159265358979),
 .UNSPECIFIED.);
#77=B_SPLINE_SURFACE_WITH_KNOTS('',3,3,((#6149,#6150,#6151,#6152),(#6153,
#6154,#6155,#6156),(#6157,#6158,#6159,#6160),(#6161,#6162,#6163,#6164),
(#6165,#6166,#6167,#6168)),.UNSPECIFIED.,.F.,.F.,.F.,(4,1,4),(4,4),(0.,
0.5,1.),(0.277794442894884,0.509265247403721),.UNSPECIFIED.);
#78=B_SPLINE_SURFACE_WITH_KNOTS('',3,3,((#6286,#6287,#6288,#6289,#6290),
(#6291,#6292,#6293,#6294,#6295),(#6296,#6297,#6298,#6299,#6300),(#6301,
#6302,#6303,#6304,#6305),(#6306,#6307,#6308,#6309,#6310)),.UNSPECIFIED.,
 .F.,.F.,.F.,(4,1,4),(4,1,4),(0.,0.5,1.),(0.,0.0238290994172534,0.0476581988345068),
 .UNSPECIFIED.);
#79=B_SPLINE_SURFACE_WITH_KNOTS('',3,3,((#6318,#6319,#6320,#6321,#6322,
#6323),(#6324,#6325,#6326,#6327,#6328,#6329),(#6330,#6331,#6332,#6333,#6334,
#6335),(#6336,#6337,#6338,#6339,#6340,#6341),(#6342,#6343,#6344,#6345,#6346,
#6347)),.UNSPECIFIED.,.F.,.F.,.F.,(4,1,4),(4,1,1,4),(0.,0.5,1.),(0.,0.0614139353955378,
0.102356558992563,0.143299182589588),.UNSPECIFIED.);
#80=B_SPLINE_SURFACE_WITH_KNOTS('',3,3,((#6350,#6351,#6352,#6353),(#6354,
#6355,#6356,#6357),(#6358,#6359,#6360,#6361),(#6362,#6363,#6364,#6365),
(#6366,#6367,#6368,#6369)),.UNSPECIFIED.,.F.,.F.,.F.,(4,1,4),(4,4),(0.,
0.5,1.),(-0.0611005865804191,4.44089209850063E-16),.UNSPECIFIED.);
#81=B_SPLINE_SURFACE_WITH_KNOTS('',3,3,((#6370,#6371,#6372,#6373),(#6374,
#6375,#6376,#6377),(#6378,#6379,#6380,#6381),(#6382,#6383,#6384,#6385),
(#6386,#6387,#6388,#6389)),.UNSPECIFIED.,.F.,.F.,.F.,(4,1,4),(4,4),(0.,
0.5,1.),(-3.50185526817548E-16,0.0815159343284566),.UNSPECIFIED.);
#82=B_SPLINE_SURFACE_WITH_KNOTS('',3,3,((#6455,#6456,#6457,#6458,#6459),
(#6460,#6461,#6462,#6463,#6464),(#6465,#6466,#6467,#6468,#6469),(#6470,
#6471,#6472,#6473,#6474),(#6475,#6476,#6477,#6478,#6479)),.UNSPECIFIED.,
 .F.,.F.,.F.,(4,1,4),(4,1,4),(0.,0.5,1.),(0.,0.0238291013590139,0.0476582027180278),
 .UNSPECIFIED.);
#83=B_SPLINE_SURFACE_WITH_KNOTS('',3,3,((#6495,#6496,#6497,#6498),(#6499,
#6500,#6501,#6502),(#6503,#6504,#6505,#6506),(#6507,#6508,#6509,#6510),
(#6511,#6512,#6513,#6514)),.UNSPECIFIED.,.F.,.F.,.F.,(4,1,4),(4,4),(0.,
0.5,1.),(3.39287225706284,3.4600028859365),.UNSPECIFIED.);
#84=B_SPLINE_SURFACE_WITH_KNOTS('',3,3,((#6516,#6517,#6518,#6519,#6520,
#6521),(#6522,#6523,#6524,#6525,#6526,#6527),(#6528,#6529,#6530,#6531,#6532,
#6533),(#6534,#6535,#6536,#6537,#6538,#6539),(#6540,#6541,#6542,#6543,#6544,
#6545)),.UNSPECIFIED.,.F.,.F.,.F.,(4,1,4),(4,1,1,4),(0.,0.5,1.),(0.,0.0636546188526486,
0.106091031421081,0.148527443989513),.UNSPECIFIED.);
#85=B_SPLINE_SURFACE_WITH_KNOTS('',3,3,((#6547,#6548,#6549,#6550),(#6551,
#6552,#6553,#6554),(#6555,#6556,#6557,#6558),(#6559,#6560,#6561,#6562),
(#6563,#6564,#6565,#6566)),.UNSPECIFIED.,.F.,.F.,.F.,(4,1,4),(4,4),(0.,
0.5,1.),(9.85926484817479E-17,0.0832748316400783),.UNSPECIFIED.);
#86=B_SPLINE_SURFACE_WITH_KNOTS('',3,3,((#6572,#6573,#6574,#6575),(#6576,
#6577,#6578,#6579),(#6580,#6581,#6582,#6583),(#6584,#6585,#6586,#6587),
(#6588,#6589,#6590,#6591)),.UNSPECIFIED.,.F.,.F.,.F.,(4,1,4),(4,4),(0.,
0.5,1.),(0.126369306670078,0.20375698214316),.UNSPECIFIED.);
#87=PLANE('',#2304);
#88=PLANE('',#2305);
#89=PLANE('',#2307);
#90=PLANE('',#2316);
#91=PLANE('',#2326);
#92=PLANE('',#2327);
#93=PLANE('',#2357);
#94=PLANE('',#2364);
#95=PLANE('',#2399);
#96=PLANE('',#2412);
#97=PLANE('',#2422);
#98=PLANE('',#2429);
#99=PLANE('',#2432);
#100=PLANE('',#2451);
#101=PLANE('',#2452);
#102=PLANE('',#2455);
#103=PLANE('',#2482);
#104=PLANE('',#2490);
#105=PLANE('',#2491);
#106=PLANE('',#2492);
#107=PLANE('',#2495);
#108=PLANE('',#2498);
#109=FACE_BOUND('',#425,.T.);
#110=FACE_BOUND('',#426,.T.);
#111=FACE_BOUND('',#428,.T.);
#112=FACE_BOUND('',#431,.T.);
#113=FACE_BOUND('',#434,.T.);
#114=FACE_BOUND('',#443,.T.);
#115=FACE_BOUND('',#454,.T.);
#116=FACE_BOUND('',#493,.T.);
#117=FACE_BOUND('',#501,.T.);
#118=FACE_BOUND('',#509,.T.);
#119=FACE_BOUND('',#513,.T.);
#120=FACE_BOUND('',#516,.T.);
#121=FACE_BOUND('',#517,.T.);
#122=FACE_BOUND('',#518,.T.);
#123=FACE_BOUND('',#561,.T.);
#124=FACE_BOUND('',#566,.T.);
#125=B_SPLINE_CURVE_WITH_KNOTS('',3,(#3013,#3014,#3015,#3016,#3017,#3018,
#3019,#3020,#3021),.UNSPECIFIED.,.F.,.F.,(4,1,1,1,1,1,4),(0.,0.0183306075807827,
0.0366612151615653,0.0733224303231306,0.100818341694305,0.109983645484696,
0.128314253065479),.UNSPECIFIED.);
#126=B_SPLINE_CURVE_WITH_KNOTS('',3,(#3022,#3023,#3024,#3025,#3026,#3027,
#3028,#3029),.UNSPECIFIED.,.F.,.F.,(4,1,1,1,1,4),(0.128314253065479,0.146644860646261,
0.183306075807827,0.219967290969392,0.238297898550175,0.256628506130957),
 .UNSPECIFIED.);
#127=B_SPLINE_CURVE_WITH_KNOTS('',3,(#3034,#3035,#3036,#3037,#3038,#3039,
#3040,#3041,#3042,#3043,#3044,#3045,#3046,#3047,#3048,#3049,#3050,#3051,
#3052,#3053,#3054,#3055),.UNSPECIFIED.,.F.,.F.,(4,2,2,2,2,2,2,2,2,2,4),
(0.190457675021042,0.194475920298524,0.228004694355507,0.243315074197276,
0.250970264118161,0.258625454039045,0.266280643959929,0.273935833880814,
0.289246213722583,0.322774987779566,0.326793214023668),.UNSPECIFIED.);
#128=B_SPLINE_CURVE_WITH_KNOTS('',3,(#3058,#3059,#3060,#3061,#3062,#3063,
#3064,#3065,#3066,#3067,#3068,#3069,#3070,#3071,#3072,#3073,#3074,#3075,
#3076,#3077,#3078,#3079),.UNSPECIFIED.,.F.,.F.,(4,2,2,2,2,2,2,2,2,2,4),
(0.190457694054422,0.194475920298524,0.228004694355507,0.243315074197276,
0.250970264118161,0.258625454039045,0.266280643959929,0.273935833880814,
0.289246213722583,0.322774987779566,0.326793233057048),.UNSPECIFIED.);
#129=B_SPLINE_CURVE_WITH_KNOTS('',3,(#3084,#3085,#3086,#3087,#3088,#3089,
#3090,#3091,#3092,#3093,#3094,#3095,#3096,#3097,#3098,#3099,#3100,#3101,
#3102,#3103,#3104,#3105,#3106,#3107,#3108,#3109,#3110),.UNSPECIFIED.,.F.,
 .F.,(4,2,2,2,2,2,3,2,2,2,2,2,4),(0.391064825745996,0.411099672168757,0.465895582500964,
0.506571819417988,0.514018789377242,0.515634848727666,0.51725090807809,
0.518866967428514,0.520483026778938,0.527929996738192,0.568606233655216,
0.623402143987423,0.64343696446346),.UNSPECIFIED.);
#130=B_SPLINE_CURVE_WITH_KNOTS('',3,(#3113,#3114,#3115,#3116,#3117,#3118,
#3119,#3120,#3121,#3122,#3123,#3124,#3125,#3126,#3127,#3128,#3129,#3130,
#3131,#3132,#3133,#3134,#3135,#3136,#3137,#3138,#3139),.UNSPECIFIED.,.F.,
 .F.,(4,2,2,2,2,2,3,2,2,2,2,2,4),(0.39106485169272,0.411099672168757,0.465895582500964,
0.506571819417988,0.514018789377242,0.515634848727666,0.51725090807809,
0.518866967428514,0.520483026778938,0.527929996738192,0.568606233655216,
0.623402143987423,0.643436990410184),.UNSPECIFIED.);
#131=B_SPLINE_CURVE_WITH_KNOTS('',3,(#3221,#3222,#3223,#3224,#3225,#3226,
#3227,#3228,#3229,#3230,#3231,#3232,#3233),.UNSPECIFIED.,.T.,.F.,(4,1,1,
1,1,1,1,1,1,1,4),(-0.256628506130957,-0.238297898550175,-0.219967290969392,
-0.183306075807827,-0.146644860646261,-0.109983645484696,-0.100818341694305,
-0.0733224303231306,-0.0366612151615653,-0.0183306075807827,0.),
 .UNSPECIFIED.);
#132=B_SPLINE_CURVE_WITH_KNOTS('',3,(#3242,#3243,#3244,#3245),
 .UNSPECIFIED.,.F.,.F.,(4,4),(-0.508094610100093,0.),.UNSPECIFIED.);
#133=B_SPLINE_CURVE_WITH_KNOTS('',3,(#3247,#3248,#3249,#3250),
 .UNSPECIFIED.,.F.,.F.,(4,4),(-0.3,-0.025),.UNSPECIFIED.);
#134=B_SPLINE_CURVE_WITH_KNOTS('',3,(#3252,#3253,#3254,#3255),
 .UNSPECIFIED.,.F.,.F.,(4,4),(-3.4440947485546,-3.39287225706284),
 .UNSPECIFIED.);
#135=B_SPLINE_CURVE_WITH_KNOTS('',3,(#3257,#3258,#3259,#3260),
 .UNSPECIFIED.,.F.,.F.,(4,4),(3.44409464307925,3.4600028859365),
 .UNSPECIFIED.);
#136=B_SPLINE_CURVE_WITH_KNOTS('',3,(#3264,#3265,#3266,#3267),
 .UNSPECIFIED.,.F.,.F.,(4,4),(-0.20375698214316,-0.132668553080376),
 .UNSPECIFIED.);
#137=B_SPLINE_CURVE_WITH_KNOTS('',3,(#3271,#3272,#3273,#3274),
 .UNSPECIFIED.,.F.,.F.,(4,4),(5.94083042519811,6.02094026556172),
 .UNSPECIFIED.);
#138=B_SPLINE_CURVE_WITH_KNOTS('',3,(#3278,#3279,#3280,#3281),
 .UNSPECIFIED.,.F.,.F.,(4,4),(-0.502965421989864,-0.279865075402024),
 .UNSPECIFIED.);
#139=B_SPLINE_CURVE_WITH_KNOTS('',3,(#3285,#3286,#3287,#3288),
 .UNSPECIFIED.,.F.,.F.,(4,4),(-4.44089209850063E-16,0.0611005865804191),
 .UNSPECIFIED.);
#140=B_SPLINE_CURVE_WITH_KNOTS('',3,(#3289,#3290,#3291,#3292),
 .UNSPECIFIED.,.F.,.F.,(4,4),(-0.295,-0.02),.UNSPECIFIED.);
#141=B_SPLINE_CURVE_WITH_KNOTS('',3,(#3298,#3299,#3300,#3301,#3302,#3303,
#3304,#3305,#3306,#3307,#3308,#3309,#3310,#3311,#3312,#3313,#3314,#3315,
#3316,#3317,#3318,#3319,#3320,#3321,#3322,#3323,#3324,#3325,#3326,#3327,
#3328,#3329,#3330,#3331,#3332,#3333,#3334,#3335,#3336,#3337),
 .UNSPECIFIED.,.F.,.F.,(4,3,3,3,3,3,3,3,3,3,3,3,3,4),(0.,0.00787139088524912,
0.0159196124591737,0.0198653353126795,0.027891621302574,0.0357279617460929,
0.0396239054207537,0.0396687133965122,0.0475196331600049,0.055514933236085,
0.0592082262099775,0.0672006065336894,0.0750226722499751,0.0791403242295368),
 .UNSPECIFIED.);
#142=B_SPLINE_CURVE_WITH_KNOTS('',3,(#3398,#3399,#3400,#3401,#3402),
 .UNSPECIFIED.,.F.,.F.,(4,1,4),(-0.666542527991771,-0.578533209227369,-0.514171016904266),
 .UNSPECIFIED.);
#143=B_SPLINE_CURVE_WITH_KNOTS('',3,(#3404,#3405,#3406,#3407,#3408,#3409,
#3410,#3411,#3412,#3413,#3414,#3415,#3416,#3417,#3418,#3419,#3420,#3421,
#3422,#3423,#3424,#3425,#3426,#3427,#3428,#3429,#3430,#3431,#3432,#3433,
#3434),.UNSPECIFIED.,.F.,.F.,(4,3,3,3,3,3,3,3,3,3,4),(0.,0.00189985338013175,
0.0030473533848987,0.0053243116080111,0.00548167645405842,0.00701505366015835,
0.00785909659559847,0.00976151684145812,0.0101655282627025,0.012297200679021,
0.0126735434462851),.UNSPECIFIED.);
#144=B_SPLINE_CURVE_WITH_KNOTS('',3,(#3435,#3436,#3437,#3438,#3439),
 .UNSPECIFIED.,.F.,.F.,(4,1,4),(0.515709546320031,0.578533209227369,0.666542527991771),
 .UNSPECIFIED.);
#145=B_SPLINE_CURVE_WITH_KNOTS('',3,(#3473,#3474,#3475,#3476,#3477,#3478),
 .UNSPECIFIED.,.F.,.F.,(4,1,1,4),(-0.136177592886595,-0.0972697092047106,
-0.0583618255228264,-1.41905916686454E-16),.UNSPECIFIED.);
#146=B_SPLINE_CURVE_WITH_KNOTS('',3,(#3479,#3480,#3481,#3482,#3483,#3484),
 .UNSPECIFIED.,.F.,.F.,(4,1,1,4),(1.41905916686454E-16,0.0583618255228264,
0.0972697092047106,0.136177592886595),.UNSPECIFIED.);
#147=B_SPLINE_CURVE_WITH_KNOTS('',3,(#3512,#3513,#3514,#3515,#3516,#3517,
#3518,#3519,#3520,#3521,#3522,#3523,#3524,#3525,#3526,#3527,#3528,#3529,
#3530,#3531,#3532,#3533),.UNSPECIFIED.,.F.,.F.,(4,3,3,3,3,3,3,4),(0.,0.00205501384402589,
0.00393577020819401,0.0056624499827451,0.00664664055873499,0.00903700454081993,
0.0108046622911575,0.0126883981143798),.UNSPECIFIED.);
#148=B_SPLINE_CURVE_WITH_KNOTS('',3,(#3534,#3535,#3536,#3537,#3538),
 .UNSPECIFIED.,.F.,.F.,(4,1,4),(-1.48545659590404,-1.42110446991324,-1.33308505598273),
 .UNSPECIFIED.);
#149=B_SPLINE_CURVE_WITH_KNOTS('',3,(#3539,#3540,#3541,#3542,#3543),
 .UNSPECIFIED.,.F.,.F.,(4,1,4),(1.33308505598273,1.42110446991324,1.48391805056789),
 .UNSPECIFIED.);
#150=B_SPLINE_CURVE_WITH_KNOTS('',3,(#3552,#3553,#3554,#3555),
 .UNSPECIFIED.,.F.,.F.,(4,4),(0.206711439840631,0.214908708464388),
 .UNSPECIFIED.);
#151=B_SPLINE_CURVE_WITH_KNOTS('',3,(#3557,#3558,#3559,#3560),
 .UNSPECIFIED.,.F.,.F.,(4,4),(0.010748202367471,0.0189454715316562),
 .UNSPECIFIED.);
#152=B_SPLINE_CURVE_WITH_KNOTS('',3,(#3561,#3562,#3563,#3564,#3565,#3566,
#3567,#3568,#3569,#3570,#3571,#3572,#3573,#3574,#3575,#3576,#3577,#3578),
 .UNSPECIFIED.,.F.,.F.,(4,2,2,2,2,2,2,2,4),(0.485948263024245,0.497644300179766,
0.528285804540099,0.554058526521924,0.579831248503749,0.605603970482994,
0.63137669246224,0.662018197663558,0.67371423133322),.UNSPECIFIED.);
#153=B_SPLINE_CURVE_WITH_KNOTS('',3,(#3623,#3624,#3625,#3626,#3627,#3628,
#3629,#3630,#3631,#3632,#3633,#3634),.UNSPECIFIED.,.F.,.F.,(4,2,2,2,2,4),
(0.,0.0368924451259161,0.0746820515105754,0.117471407793041,0.130322418341634,
0.138356450857579),.UNSPECIFIED.);
#154=B_SPLINE_CURVE_WITH_KNOTS('',3,(#3636,#3637,#3638,#3639,#3640),
 .UNSPECIFIED.,.F.,.F.,(4,1,4),(-0.424591355932592,-0.298238626277499,-0.129768320070708),
 .UNSPECIFIED.);
#155=B_SPLINE_CURVE_WITH_KNOTS('',3,(#3642,#3643,#3644,#3645,#3646,#3647,
#3648,#3649,#3650,#3651,#3652,#3653),.UNSPECIFIED.,.F.,.F.,(4,2,2,2,2,4),
(0.,0.0134195331889024,0.050317252717732,0.0839610555132076,0.100496582178403,
0.101150056227175),.UNSPECIFIED.);
#156=B_SPLINE_CURVE_WITH_KNOTS('',3,(#3655,#3656,#3657,#3658),
 .UNSPECIFIED.,.F.,.F.,(4,4),(0.,0.0188688478569411),.UNSPECIFIED.);
#157=B_SPLINE_CURVE_WITH_KNOTS('',3,(#3659,#3660,#3661,#3662,#3663),
 .UNSPECIFIED.,.F.,.F.,(4,1,4),(0.204354913248503,0.298238626277499,0.364711226829779),
 .UNSPECIFIED.);
#158=B_SPLINE_CURVE_WITH_KNOTS('',3,(#3676,#3677,#3678,#3679,#3680,#3681,
#3682,#3683,#3684,#3685,#3686,#3687,#3688,#3689),.UNSPECIFIED.,.F.,.F.,
(4,2,2,2,2,2,4),(-0.101366176659072,-0.0877682954115582,-0.0473401697237396,
-0.0281172763044253,-0.0140586381522126,-0.00702931907610638,0.),
 .UNSPECIFIED.);
#159=B_SPLINE_CURVE_WITH_KNOTS('',3,(#3691,#3692,#3693,#3694,#3695,#3696,
#3697,#3698,#3699,#3700,#3701,#3702,#3703,#3704,#3705,#3706),
 .UNSPECIFIED.,.F.,.F.,(4,3,3,3,3,4),(0.0576033573779044,0.0696531699679329,
0.0748129010478775,0.0876139539248231,0.100302628512542,0.102318971476339),
 .UNSPECIFIED.);
#160=B_SPLINE_CURVE_WITH_KNOTS('',3,(#3708,#3709,#3710,#3711,#3712,#3713,
#3714,#3715,#3716,#3717,#3718,#3719),.UNSPECIFIED.,.F.,.F.,(4,2,2,2,2,4),
(0.0197408720763989,0.0368924451259179,0.0746820515105803,0.117471407793035,
0.130322418341624,0.138356450857555),.UNSPECIFIED.);
#161=B_SPLINE_CURVE_WITH_KNOTS('',3,(#3722,#3723,#3724,#3725),
 .UNSPECIFIED.,.F.,.F.,(4,4),(0.,0.027927811319985),.UNSPECIFIED.);
#162=B_SPLINE_CURVE_WITH_KNOTS('',3,(#3726,#3727,#3728,#3729,#3730,#3731,
#3732,#3733,#3734,#3735,#3736,#3737,#3738,#3739),.UNSPECIFIED.,.F.,.F.,
(4,2,2,2,2,2,4),(0.,0.00702931907610632,0.0140586381522126,0.0281172763044253,
0.0473401697237397,0.0877682954115584,0.101366176659073),.UNSPECIFIED.);
#163=B_SPLINE_CURVE_WITH_KNOTS('',3,(#3742,#3743,#3744,#3745,#3746,#3747,
#3748,#3749,#3750,#3751,#3752,#3753,#3754,#3755,#3756,#3757,#3758,#3759,
#3760,#3761,#3762,#3763,#3764,#3765,#3766,#3767,#3768,#3769,#3770,#3771,
#3772,#3773,#3774,#3775,#3776,#3777,#3778,#3779,#3780,#3781,#3782,#3783,
#3784,#3785,#3786,#3787,#3788,#3789,#3790,#3791),.UNSPECIFIED.,.T.,.F.,
(4,2,2,2,2,2,2,2,2,2,2,2,2,2,2,2,2,2,2,2,2,2,2,2,4),(0.,0.114147957814907,
0.171221936722361,0.228295915629815,0.245351539947711,0.253879352106658,
0.262407164265606,0.270934976424554,0.279462788583502,0.296518412901397,
0.353592391808851,0.410666370716305,0.524814328531212,0.63896228634612,
0.696036265253573,0.753110244161027,0.770165868478923,0.77869368063787,
0.787221492796818,0.795749304955766,0.804277117114714,0.821332741432609,
0.878406720340063,0.935480699247517,1.04962865706242),.UNSPECIFIED.);
#164=B_SPLINE_CURVE_WITH_KNOTS('',3,(#3817,#3818,#3819,#3820,#3821,#3822,
#3823,#3824,#3825,#3826,#3827,#3828,#3829,#3830,#3831,#3832),
 .UNSPECIFIED.,.F.,.F.,(4,3,3,3,3,4),(0.0576033573778941,0.0698185191946136,
0.0748129010478822,0.0877949340866759,0.100587051408668,0.102318971476359),
 .UNSPECIFIED.);
#165=B_SPLINE_CURVE_WITH_KNOTS('',3,(#3833,#3834,#3835,#3836,#3837,#3838),
 .UNSPECIFIED.,.F.,.F.,(4,1,1,4),(0.0117513977023922,0.0362916072775499,
0.0608318168527076,0.0976421312154442),.UNSPECIFIED.);
#166=B_SPLINE_CURVE_WITH_KNOTS('',3,(#3842,#3843,#3844,#3845,#3846,#3847,
#3848,#3849),.UNSPECIFIED.,.F.,.F.,(4,1,1,1,1,4),(0.0655526440035914,0.133559686450873,
0.167563207674514,0.235570250121797,0.269573771345438,0.303577292569079),
 .UNSPECIFIED.);
#167=B_SPLINE_CURVE_WITH_KNOTS('',3,(#3853,#3854,#3855,#3856,#3857),
 .UNSPECIFIED.,.F.,.F.,(4,1,4),(0.474914049949065,0.525455976749719,0.55945923640032),
 .UNSPECIFIED.);
#168=B_SPLINE_CURVE_WITH_KNOTS('',3,(#3860,#3861,#3862,#3863,#3864,#3865,
#3866,#3867,#3868,#3869,#3870,#3871,#3872,#3873),.UNSPECIFIED.,.F.,.F.,
(4,2,2,2,2,2,4),(0.241355776473736,0.254953657721249,0.295381783409068,
0.314604676828382,0.328663314980595,0.335692634056701,0.342721953132807),
 .UNSPECIFIED.);
#169=B_SPLINE_CURVE_WITH_KNOTS('',3,(#3881,#3882,#3883,#3884,#3885,#3886,
#3887,#3888,#3889,#3890,#3891,#3892),.UNSPECIFIED.,.F.,.F.,(4,2,2,2,2,4),
(0.,0.0134195331889131,0.0503172527177744,0.083961055513285,0.100496582178494,
0.117806599534707),.UNSPECIFIED.);
#170=B_SPLINE_CURVE_WITH_KNOTS('',3,(#3894,#3895,#3896,#3897),
 .UNSPECIFIED.,.F.,.F.,(4,4),(0.,0.0279278113199842),.UNSPECIFIED.);
#171=B_SPLINE_CURVE_WITH_KNOTS('',3,(#3898,#3899,#3900,#3901,#3902,#3903,
#3904,#3905,#3906,#3907,#3908,#3909,#3910,#3911),.UNSPECIFIED.,.F.,.F.,
(4,2,2,2,2,2,4),(0.342721953132807,0.349751272208914,0.35678059128502,0.370839229437233,
0.390062122856547,0.430490248544366,0.44408812979188),.UNSPECIFIED.);
#172=B_SPLINE_CURVE_WITH_KNOTS('',3,(#3915,#3916,#3917,#3918,#3919),
 .UNSPECIFIED.,.F.,.F.,(4,1,4),(0.0655529571921315,0.0985270631428975,0.150083788800782),
 .UNSPECIFIED.);
#173=B_SPLINE_CURVE_WITH_KNOTS('',3,(#3923,#3924,#3925,#3926,#3927,#3928,
#3929,#3930),.UNSPECIFIED.,.F.,.F.,(4,1,1,1,1,4),(0.32864160445559,0.394589456806517,
0.42756338298198,0.493511235332906,0.526485161508369,0.559459087683832),
 .UNSPECIFIED.);
#174=B_SPLINE_CURVE_WITH_KNOTS('',3,(#3932,#3933,#3934,#3935),
 .UNSPECIFIED.,.F.,.F.,(4,4),(4.61172288005833E-16,0.625013010589683),
 .UNSPECIFIED.);
#175=B_SPLINE_CURVE_WITH_KNOTS('',3,(#3936,#3937,#3938,#3939,#3940,#3941,
#3942),.UNSPECIFIED.,.F.,.F.,(4,1,1,1,4),(0.150089651823682,0.164475275044429,
0.230423486945961,0.263397592896727,0.296371698847493),.UNSPECIFIED.);
#176=B_SPLINE_CURVE_WITH_KNOTS('',3,(#3944,#3945,#3946,#3947,#3948,#3949,
#3950),.UNSPECIFIED.,.F.,.F.,(4,1,1,1,4),(0.321436418846109,0.355439678496711,
0.389442938147312,0.457449457448516,0.474923623305867),.UNSPECIFIED.);
#177=B_SPLINE_CURVE_WITH_KNOTS('',3,(#3951,#3952,#3953,#3954),
 .UNSPECIFIED.,.F.,.F.,(4,4),(6.93930246569694E-16,0.625013010589587),
 .UNSPECIFIED.);
#178=B_SPLINE_CURVE_WITH_KNOTS('',3,(#3975,#3976,#3977,#3978,#3979),
 .UNSPECIFIED.,.F.,.F.,(4,1,4),(-0.424591355932592,-0.256121049725797,-0.129768320070702),
 .UNSPECIFIED.);
#179=B_SPLINE_CURVE_WITH_KNOTS('',3,(#3981,#3982,#3983,#3984,#3985),
 .UNSPECIFIED.,.F.,.F.,(4,1,4),(0.189647457017611,0.256121049725797,0.350004414571245),
 .UNSPECIFIED.);
#180=B_SPLINE_CURVE_WITH_KNOTS('',3,(#3986,#3987,#3988,#3989),
 .UNSPECIFIED.,.F.,.F.,(4,4),(0.0978383938793628,0.106996225275091),
 .UNSPECIFIED.);
#181=B_SPLINE_CURVE_WITH_KNOTS('',3,(#4025,#4026,#4027,#4028,#4029,#4030),
 .UNSPECIFIED.,.F.,.F.,(4,1,1,4),(0.0117513977023924,0.048561712065129,
0.0731019216402867,0.0976421312154444),.UNSPECIFIED.);
#182=B_SPLINE_CURVE_WITH_KNOTS('',3,(#4050,#4051,#4052,#4053,#4054,#4055,
#4056,#4057,#4058,#4059,#4060,#4061,#4062,#4063,#4064,#4065,#4066,#4067,
#4068,#4069),.UNSPECIFIED.,.T.,.F.,(4,1,1,1,1,1,1,1,1,1,1,1,1,1,1,1,1,4),
(-3.14159265358979,-2.91719317833338,-2.69279370307697,-2.46839422782055,
-2.24399475256414,-1.34639685153848,-0.897597901025655,-0.448798950512828,
-0.224399475256414,0.,0.224399475256414,0.448798950512828,0.897597901025655,
1.34639685153848,2.24399475256414,2.69279370307697,2.91719317833338,3.14159265358979),
 .UNSPECIFIED.);
#183=B_SPLINE_CURVE_WITH_KNOTS('',1,(#4070,#4071),.UNSPECIFIED.,.F.,.F.,
(2,2),(0.133333333333333,0.4),.UNSPECIFIED.);
#184=B_SPLINE_CURVE_WITH_KNOTS('',3,(#4129,#4130,#4131,#4132,#4133,#4134,
#4135,#4136,#4137,#4138,#4139,#4140,#4141,#4142,#4143,#4144,#4145,#4146,
#4147,#4148,#4149,#4150,#4151,#4152,#4153,#4154,#4155,#4156,#4157,#4158,
#4159,#4160,#4161,#4162,#4163,#4164,#4165,#4166,#4167,#4168,#4169,#4170,
#4171),.UNSPECIFIED.,.F.,.F.,(4,3,3,3,3,3,3,3,3,3,3,3,3,3,4),(6.21054577721238E-5,
0.000765015986032112,0.0015753034626958,0.00226461879577611,0.0023855909393595,
0.00358234524521221,0.0046825922259738,0.00539001879010821,0.00657526367645601,
0.00700659512590399,0.00819548596242703,0.00850207078944263,0.00967973951610681,
0.00999751995588424,0.0100406040385237),.UNSPECIFIED.);
#185=B_SPLINE_CURVE_WITH_KNOTS('',3,(#4173,#4174,#4175,#4176,#4177,#4178,
#4179,#4180,#4181,#4182,#4183),.UNSPECIFIED.,.F.,.F.,(4,1,1,1,1,1,1,1,4),
(-0.607630421751671,-0.564734428112445,-0.518065962147266,-0.424729030216908,
-0.331392098286551,-0.144718234425835,-0.0513813024954778,-0.00471283653029901,
0.0382263016706178),.UNSPECIFIED.);
#186=B_SPLINE_CURVE_WITH_KNOTS('',3,(#4185,#4186,#4187,#4188,#4189,#4190,
#4191,#4192,#4193,#4194,#4195,#4196,#4197,#4198,#4199,#4200,#4201,#4202,
#4203,#4204,#4205,#4206,#4207,#4208,#4209,#4210,#4211,#4212,#4213,#4214,
#4215,#4216,#4217,#4218,#4219,#4220,#4221,#4222,#4223,#4224,#4225,#4226,
#4227),.UNSPECIFIED.,.F.,.F.,(4,3,3,3,3,3,3,3,3,3,3,3,3,3,4),(-0.000144800663141171,
1.67698971029195E-16,0.00395848512544488,0.00502730738040643,0.00902411134295406,
0.0100546798892031,0.0140394848804165,0.0154851675597106,0.0178638686492185,
0.0218851447172884,0.0255825468318074,0.0279594496823899,0.0306207911787892,
0.0330280441297831,0.0332202604723691),.UNSPECIFIED.);
#187=B_SPLINE_CURVE_WITH_KNOTS('',3,(#4229,#4230,#4231,#4232,#4233,#4234,
#4235,#4236,#4237,#4238,#4239,#4240,#4241,#4242,#4243,#4244,#4245,#4246,
#4247,#4248,#4249,#4250,#4251,#4252,#4253,#4254,#4255,#4256,#4257,#4258,
#4259,#4260,#4261,#4262,#4263,#4264,#4265,#4266,#4267,#4268,#4269,#4270,
#4271,#4272,#4273,#4274,#4275,#4276,#4277,#4278,#4279,#4280,#4281,#4282,
#4283,#4284,#4285,#4286,#4287,#4288,#4289,#4290,#4291,#4292,#4293,#4294,
#4295),.UNSPECIFIED.,.F.,.F.,(4,3,3,3,3,3,3,3,3,3,3,3,3,3,3,3,3,3,3,3,3,
3,4),(0.000121959690795086,0.000667459443274829,0.00152614847579683,0.00296435109515118,
0.00308421363944814,0.00614534855648841,0.0066122745395973,0.00924063068750332,
0.0113293084581062,0.0126389441620921,0.0131719316087086,0.0135322620360746,
0.0138819998915695,0.0143634406636213,0.0154673672897139,0.0172776598999981,
0.0177918445706545,0.0206579109484199,0.0225894187845399,0.0235771921216953,
0.0240703757069439,0.0245990517308871,0.0250736062569815),.UNSPECIFIED.);
#188=B_SPLINE_CURVE_WITH_KNOTS('',3,(#4297,#4298,#4299,#4300,#4301,#4302,
#4303,#4304,#4305,#4306,#4307),.UNSPECIFIED.,.F.,.F.,(4,1,1,1,1,1,1,1,4),
(-8.96551675613778E-7,0.00471283653029901,0.0513813024954778,0.144718234425835,
0.331392098286551,0.424729030216908,0.518065962147266,0.564734428112445,
0.586578703248424),.UNSPECIFIED.);
#189=B_SPLINE_CURVE_WITH_KNOTS('',3,(#4308,#4309,#4310,#4311,#4312,#4313,
#4314,#4315,#4316,#4317,#4318,#4319,#4320,#4321,#4322,#4323,#4324,#4325,
#4326,#4327,#4328,#4329,#4330,#4331,#4332,#4333,#4334,#4335,#4336,#4337,
#4338,#4339,#4340,#4341,#4342,#4343,#4344,#4345,#4346,#4347,#4348,#4349,
#4350,#4351,#4352,#4353,#4354,#4355,#4356,#4357,#4358,#4359,#4360,#4361,
#4362,#4363,#4364,#4365,#4366,#4367,#4368),.UNSPECIFIED.,.F.,.F.,(4,3,3,
3,3,3,3,3,3,3,3,3,3,3,3,3,3,3,3,3,4),(0.,0.000254244573860462,0.000583217034639473,
0.00118929472109875,0.00233212329591853,0.00295454689136353,0.00641234605497584,
0.00841229151674833,0.00953325828011184,0.0100706307871916,0.0104872406825373,
0.0109332629735675,0.0116221989238443,0.0135575267829007,0.0168757585119296,
0.0180131215232109,0.0191144082036146,0.0197532504044114,0.020281888818566,
0.0204986196302235,0.0206309499382459),.UNSPECIFIED.);
#190=B_SPLINE_CURVE_WITH_KNOTS('',3,(#4371,#4372,#4373,#4374,#4375,#4376,
#4377),.UNSPECIFIED.,.F.,.F.,(4,1,2,4),(-0.000145803239492303,-7.29016197461517E-5,
0.,0.000275580842305107),.UNSPECIFIED.);
#191=B_SPLINE_CURVE_WITH_KNOTS('',3,(#4381,#4382,#4383,#4384,#4385,#4386,
#4387,#4388,#4389,#4390,#4391,#4392,#4393),.UNSPECIFIED.,.F.,.F.,(4,2,2,
2,2,1,4),(0.,0.00946712815842934,0.0188674645597044,0.0284615159637908,
0.0393601948157174,0.0394512715898779,0.0395423483640384),.UNSPECIFIED.);
#192=B_SPLINE_CURVE_WITH_KNOTS('',3,(#4431,#4432,#4433,#4434),
 .UNSPECIFIED.,.F.,.F.,(4,4),(-0.0815159343284566,3.50185526817548E-16),
 .UNSPECIFIED.);
#193=B_SPLINE_CURVE_WITH_KNOTS('',3,(#4436,#4437,#4438,#4439,#4440,#4441),
 .UNSPECIFIED.,.F.,.F.,(4,1,1,4),(-0.143299182589588,-0.102356558992563,
-0.0614139353955378,0.),.UNSPECIFIED.);
#194=B_SPLINE_CURVE_WITH_KNOTS('',3,(#4443,#4444,#4445,#4446),
 .UNSPECIFIED.,.F.,.F.,(4,4),(-0.04061292416742,4.44089209850063E-16),
 .UNSPECIFIED.);
#195=B_SPLINE_CURVE_WITH_KNOTS('',3,(#4457,#4458,#4459,#4460),
 .UNSPECIFIED.,.F.,.F.,(4,4),(6.32716679761908E-17,0.265819264504575),
 .UNSPECIFIED.);
#196=B_SPLINE_CURVE_WITH_KNOTS('',3,(#4462,#4463,#4464,#4465),
 .UNSPECIFIED.,.F.,.F.,(4,4),(0.,0.363081115719656),.UNSPECIFIED.);
#197=B_SPLINE_CURVE_WITH_KNOTS('',3,(#4467,#4468,#4469,#4470,#4471,#4472,
#4473,#4474,#4475,#4476,#4477,#4478),.UNSPECIFIED.,.F.,.F.,(4,1,1,1,1,1,
1,1,1,4),(-0.741519196863411,-0.688553539944596,-0.635587883025781,-0.529656569188151,
-0.42372525535052,-0.31779394151289,-0.21186262767526,-0.10593131383763,
-0.0529656569188151,0.),.UNSPECIFIED.);
#198=B_SPLINE_CURVE_WITH_KNOTS('',3,(#4480,#4481,#4482,#4483),
 .UNSPECIFIED.,.F.,.F.,(4,4),(0.,0.35339927959748),.UNSPECIFIED.);
#199=B_SPLINE_CURVE_WITH_KNOTS('',3,(#4485,#4486,#4487,#4488),
 .UNSPECIFIED.,.F.,.F.,(4,4),(0.,0.263959286936847),.UNSPECIFIED.);
#200=B_SPLINE_CURVE_WITH_KNOTS('',3,(#4499,#4500,#4501,#4502),
 .UNSPECIFIED.,.F.,.F.,(4,4),(3.39287225706284,3.43951514571488),
 .UNSPECIFIED.);
#201=B_SPLINE_CURVE_WITH_KNOTS('',3,(#4504,#4505,#4506,#4507,#4508,#4509),
 .UNSPECIFIED.,.F.,.F.,(4,1,1,4),(0.,0.0636546188526486,0.106091031421081,
0.148527443989513),.UNSPECIFIED.);
#202=B_SPLINE_CURVE_WITH_KNOTS('',3,(#4510,#4511,#4512,#4513),
 .UNSPECIFIED.,.F.,.F.,(4,4),(-0.0832748316400783,-9.85926484817479E-17),
 .UNSPECIFIED.);
#203=B_SPLINE_CURVE_WITH_KNOTS('',3,(#4537,#4538,#4539,#4540),
 .UNSPECIFIED.,.F.,.F.,(4,4),(-6.30423334735581E-17,0.0853495017533391),
 .UNSPECIFIED.);
#204=B_SPLINE_CURVE_WITH_KNOTS('',3,(#4543,#4544,#4545,#4546),
 .UNSPECIFIED.,.F.,.F.,(4,4),(-0.0853495017533391,6.30423334735581E-17),
 .UNSPECIFIED.);
#205=B_SPLINE_CURVE_WITH_KNOTS('',3,(#4579,#4580,#4581,#4582,#4583,#4584),
 .UNSPECIFIED.,.F.,.F.,(4,1,1,4),(-0.159136547131622,-0.113668962236873,
-0.0682013773421239,0.),.UNSPECIFIED.);
#206=B_SPLINE_CURVE_WITH_KNOTS('',3,(#4585,#4586,#4587,#4588,#4589,#4590),
 .UNSPECIFIED.,.F.,.F.,(4,1,1,4),(0.,0.0682013773421239,0.113668962236873,
0.159136547131622),.UNSPECIFIED.);
#207=B_SPLINE_CURVE_WITH_KNOTS('',3,(#4613,#4614,#4615,#4616),
 .UNSPECIFIED.,.F.,.F.,(4,4),(0.,0.508094610100093),.UNSPECIFIED.);
#208=B_SPLINE_CURVE_WITH_KNOTS('',3,(#4648,#4649,#4650,#4651,#4652,#4653),
 .UNSPECIFIED.,.F.,.F.,(4,1,1,4),(-0.153534838488844,-0.109667741777746,
-0.0658006450666476,0.),.UNSPECIFIED.);
#209=B_SPLINE_CURVE_WITH_KNOTS('',3,(#4656,#4657,#4658,#4659,#4660,#4661),
 .UNSPECIFIED.,.F.,.F.,(4,1,1,4),(0.,0.0658006450666476,0.109667741777746,
0.153534838488844),.UNSPECIFIED.);
#210=B_SPLINE_CURVE_WITH_KNOTS('',3,(#4685,#4686,#4687,#4688),
 .UNSPECIFIED.,.F.,.F.,(4,4),(-0.083597604888639,-2.53931052360481E-17),
 .UNSPECIFIED.);
#211=B_SPLINE_CURVE_WITH_KNOTS('',3,(#4689,#4690,#4691,#4692),
 .UNSPECIFIED.,.F.,.F.,(4,4),(2.53931052360481E-17,0.083597604888639),
 .UNSPECIFIED.);
#212=B_SPLINE_CURVE_WITH_KNOTS('',3,(#4750,#4751,#4752,#4753),
 .UNSPECIFIED.,.F.,.F.,(4,4),(-0.00441358100144692,0.),.UNSPECIFIED.);
#213=B_SPLINE_CURVE_WITH_KNOTS('',3,(#4755,#4756,#4757,#4758,#4759,#4760,
#4761,#4762,#4763,#4764,#4765),.UNSPECIFIED.,.F.,.F.,(4,1,2,2,2,4),(-0.000182200596162778,
-9.11002980813888E-5,0.,0.0162870800769401,0.0259590313612987,0.0355416694438384),
 .UNSPECIFIED.);
#214=B_SPLINE_CURVE_WITH_KNOTS('',3,(#4815,#4816,#4817,#4818,#4819,#4820,
#4821),.UNSPECIFIED.,.F.,.F.,(4,2,1,4),(0.0312275483439059,0.0314464034087188,
0.0315192886057082,0.0315921738026976),.UNSPECIFIED.);
#215=B_SPLINE_CURVE_WITH_KNOTS('',3,(#4839,#4840,#4841,#4842),
 .UNSPECIFIED.,.F.,.F.,(4,4),(0.02,0.295),.UNSPECIFIED.);
#216=B_SPLINE_CURVE_WITH_KNOTS('',3,(#4843,#4844,#4845,#4846),
 .UNSPECIFIED.,.F.,.F.,(4,4),(-3.50185526817548E-16,0.0815159343284566),
 .UNSPECIFIED.);
#217=B_SPLINE_CURVE_WITH_KNOTS('',3,(#4871,#4872,#4873,#4874,#4875,#4876),
 .UNSPECIFIED.,.F.,.F.,(4,1,1,4),(0.,0.0614139353955378,0.102356558992563,
0.143299182589588),.UNSPECIFIED.);
#218=B_SPLINE_CURVE_WITH_KNOTS('',3,(#4902,#4903,#4904,#4905),
 .UNSPECIFIED.,.F.,.F.,(4,4),(0.025,0.3),.UNSPECIFIED.);
#219=B_SPLINE_CURVE_WITH_KNOTS('',3,(#4906,#4907,#4908,#4909,#4910,#4911),
 .UNSPECIFIED.,.F.,.F.,(4,1,1,4),(-0.148527443989513,-0.106091031421081,
-0.0636546188526486,0.),.UNSPECIFIED.);
#220=B_SPLINE_CURVE_WITH_KNOTS('',3,(#4930,#4931,#4932,#4933,#4934,#4935,
#4936,#4937,#4938,#4939,#4940,#4941,#4942,#4943,#4944,#4945),
 .UNSPECIFIED.,.F.,.F.,(4,3,3,3,3,4),(0.,0.0208187079100196,0.0384967464217382,
0.0553277087092201,0.0713131792342375,0.0832748316400782),.UNSPECIFIED.);
#221=B_SPLINE_CURVE_WITH_KNOTS('',3,(#4990,#4991,#4992,#4993),
 .UNSPECIFIED.,.F.,.F.,(4,4),(-0.263959286936847,0.),.UNSPECIFIED.);
#222=B_SPLINE_CURVE_WITH_KNOTS('',3,(#5016,#5017,#5018,#5019),
 .UNSPECIFIED.,.F.,.F.,(4,4),(-0.35339927959748,0.),.UNSPECIFIED.);
#223=B_SPLINE_CURVE_WITH_KNOTS('',3,(#5082,#5083,#5084,#5085,#5086,#5087,
#5088,#5089,#5090,#5091,#5092,#5093),.UNSPECIFIED.,.F.,.F.,(4,1,1,1,1,1,
1,1,1,4),(0.,0.0529656569188151,0.10593131383763,0.21186262767526,0.31779394151289,
0.42372525535052,0.529656569188151,0.635587883025781,0.688553539944596,
0.741519196863411),.UNSPECIFIED.);
#224=B_SPLINE_CURVE_WITH_KNOTS('',3,(#5116,#5117,#5118,#5119),
 .UNSPECIFIED.,.F.,.F.,(4,4),(-0.363081115719656,0.),.UNSPECIFIED.);
#225=B_SPLINE_CURVE_WITH_KNOTS('',3,(#5140,#5141,#5142,#5143),
 .UNSPECIFIED.,.F.,.F.,(4,4),(-0.265819264504575,-6.32716679761908E-17),
 .UNSPECIFIED.);
#226=B_SPLINE_CURVE_WITH_KNOTS('',3,(#5161,#5162,#5163,#5164),
 .UNSPECIFIED.,.F.,.F.,(4,4),(0.0200000000000001,0.32),.UNSPECIFIED.);
#227=B_SPLINE_CURVE_WITH_KNOTS('',3,(#5166,#5167,#5168,#5169),
 .UNSPECIFIED.,.F.,.F.,(4,4),(0.,0.34668700827754),.UNSPECIFIED.);
#228=B_SPLINE_CURVE_WITH_KNOTS('',3,(#5171,#5172,#5173,#5174),
 .UNSPECIFIED.,.F.,.F.,(4,4),(-0.32,-0.181978124298008),.UNSPECIFIED.);
#229=B_SPLINE_CURVE_WITH_KNOTS('',3,(#5176,#5177,#5178,#5179),
 .UNSPECIFIED.,.F.,.F.,(4,4),(-0.625013010589683,-4.61172288005833E-16),
 .UNSPECIFIED.);
#230=B_SPLINE_CURVE_WITH_KNOTS('',3,(#5180,#5181,#5182,#5183),
 .UNSPECIFIED.,.F.,.F.,(4,4),(-0.138021875701992,-0.0200000000000001),
 .UNSPECIFIED.);
#231=B_SPLINE_CURVE_WITH_KNOTS('',3,(#5229,#5230,#5231,#5232),
 .UNSPECIFIED.,.F.,.F.,(4,4),(0.,0.3),.UNSPECIFIED.);
#232=B_SPLINE_CURVE_WITH_KNOTS('',3,(#5233,#5234,#5235,#5236,#5237,#5238,
#5239,#5240,#5241,#5242,#5243,#5244,#5245,#5246,#5247,#5248),
 .UNSPECIFIED.,.F.,.F.,(4,3,3,3,3,4),(0.213657359244617,0.254014424201004,
0.376223979542258,0.560274161484309,0.713115192791978,0.798618002346101),
 .UNSPECIFIED.);
#233=B_SPLINE_CURVE_WITH_KNOTS('',3,(#5266,#5267,#5268,#5269),
 .UNSPECIFIED.,.F.,.F.,(4,4),(-0.3,-0.172242767668093),.UNSPECIFIED.);
#234=B_SPLINE_CURVE_WITH_KNOTS('',3,(#5271,#5272,#5273,#5274),
 .UNSPECIFIED.,.F.,.F.,(4,4),(-0.625013010589587,-6.93930246569694E-16),
 .UNSPECIFIED.);
#235=B_SPLINE_CURVE_WITH_KNOTS('',3,(#5276,#5277,#5278,#5279),
 .UNSPECIFIED.,.F.,.F.,(4,4),(-0.147757232331911,0.),.UNSPECIFIED.);
#236=B_SPLINE_CURVE_WITH_KNOTS('',3,(#5280,#5281,#5282,#5283),
 .UNSPECIFIED.,.F.,.F.,(4,4),(0.,0.356197373821629),.UNSPECIFIED.);
#237=B_SPLINE_CURVE_WITH_KNOTS('',3,(#5292,#5293,#5294,#5295,#5296,#5297,
#5298,#5299,#5300,#5301,#5302,#5303,#5304,#5305,#5306,#5307,#5308,#5309,
#5310,#5311,#5312,#5313,#5314,#5315,#5316,#5317,#5318,#5319,#5320,#5321,
#5322,#5323,#5324,#5325,#5326,#5327,#5328,#5329,#5330,#5331,#5332,#5333,
#5334,#5335,#5336,#5337,#5338,#5339,#5340,#5341,#5342,#5343,#5344,#5345,
#5346,#5347,#5348,#5349,#5350,#5351,#5352,#5353,#5354,#5355,#5356,#5357,
#5358,#5359,#5360,#5361,#5362,#5363,#5364),.UNSPECIFIED.,.F.,.F.,(4,3,3,
3,3,3,3,3,3,3,3,3,3,3,3,3,3,3,3,3,3,3,3,3,4),(-0.303577292569079,-0.296387162432577,
-0.291817697996622,-0.279216586063717,-0.269579825280445,-0.263853851049016,
-0.246033091255878,-0.235586512180746,-0.218905976647933,-0.201879449616123,
-0.184930919093138,-0.176138257022478,-0.167641045150622,-0.154701053905795,
-0.144146233030158,-0.139727425179552,-0.135943577864876,-0.133591412154522,
-0.119184829649304,-0.111381464558363,-0.106971890044422,-0.0905398567482144,
-0.0780462503759029,-0.0714561278040486,-0.0655526440035914),
 .UNSPECIFIED.);
#238=B_SPLINE_CURVE_WITH_KNOTS('',3,(#5525,#5526,#5527,#5528,#5529,#5530,
#5531,#5532,#5533,#5534,#5535,#5536,#5537,#5538,#5539,#5540,#5541,#5542,
#5543,#5544,#5545,#5546,#5547,#5548,#5549,#5550,#5551,#5552,#5553,#5554,
#5555,#5556,#5557,#5558,#5559,#5560,#5561,#5562,#5563,#5564,#5565,#5566,
#5567,#5568,#5569,#5570,#5571,#5572,#5573,#5574,#5575,#5576,#5577,#5578,
#5579,#5580,#5581,#5582,#5583,#5584,#5585,#5586,#5587,#5588,#5589,#5590,
#5591,#5592,#5593,#5594,#5595,#5596,#5597,#5598,#5599,#5600,#5601,#5602,
#5603),.UNSPECIFIED.,.F.,.F.,(4,3,3,3,3,3,3,3,3,3,3,3,3,3,3,3,3,3,3,3,3,
3,3,3,3,3,4),(-0.55945923640032,-0.549865068982744,-0.540986122624122,-0.529139838564323,
-0.525367391722164,-0.51355568157244,-0.505835775436055,-0.492178723170265,
-0.477614443675094,-0.470501256099336,-0.457444662238466,-0.445260561112163,
-0.432964285171548,-0.431113911668772,-0.416876402735785,-0.402656603615096,
-0.389439627314342,-0.386398939339246,-0.373435688870364,-0.361567989603763,
-0.355469407543236,-0.351568494704747,-0.348506954061923,-0.334971686454016,
-0.328204052650063,-0.323262957278512,-0.321436418846109),.UNSPECIFIED.);
#239=B_SPLINE_CURVE_WITH_KNOTS('',3,(#5681,#5682,#5683,#5684,#5685,#5686,
#5687,#5688,#5689,#5690,#5691,#5692,#5693,#5694,#5695,#5696,#5697,#5698,
#5699,#5700,#5701,#5702,#5703,#5704,#5705,#5706,#5707,#5708,#5709,#5710,
#5711,#5712,#5713,#5714,#5715,#5716,#5717,#5718,#5719,#5720,#5721,#5722,
#5723,#5724,#5725,#5726,#5727,#5728,#5729,#5730,#5731,#5732,#5733,#5734,
#5735,#5736,#5737,#5738,#5739,#5740,#5741,#5742,#5743,#5744),
 .UNSPECIFIED.,.F.,.F.,(4,3,3,3,3,3,3,3,3,3,3,3,3,3,3,3,3,3,3,3,3,4),(-0.296371698847493,
-0.275063453558396,-0.266705562980484,-0.263372813400134,-0.249810447776791,
-0.235171753559712,-0.23042684617868,-0.222340574959013,-0.207982924497622,
-0.193540208612604,-0.179311893668836,-0.16447870775012,-0.147062737011072,
-0.142049302924089,-0.128013391572892,-0.113937304485918,-0.107305105433013,
-0.0986019545737644,-0.0876318792671352,-0.0767693391733727,-0.0741530905875152,
-0.0655529571921315),.UNSPECIFIED.);
#240=B_SPLINE_CURVE_WITH_KNOTS('',3,(#5831,#5832,#5833,#5834,#5835,#5836,
#5837,#5838,#5839,#5840,#5841,#5842,#5843,#5844,#5845,#5846,#5847,#5848,
#5849,#5850,#5851,#5852,#5853,#5854,#5855,#5856,#5857,#5858,#5859,#5860,
#5861,#5862,#5863,#5864,#5865,#5866,#5867,#5868,#5869,#5870,#5871,#5872,
#5873,#5874,#5875,#5876,#5877,#5878,#5879,#5880,#5881,#5882,#5883,#5884,
#5885,#5886,#5887,#5888,#5889,#5890,#5891,#5892,#5893,#5894,#5895,#5896,
#5897,#5898,#5899,#5900,#5901,#5902,#5903),.UNSPECIFIED.,.F.,.F.,(4,3,3,
3,3,3,3,3,3,3,3,3,3,3,3,3,3,3,3,3,3,3,3,3,4),(-0.559459087683832,-0.543145118807685,
-0.526493624305954,-0.507942346191493,-0.495634453476347,-0.493503811472729,
-0.48100231366889,-0.474197139008143,-0.470288908080513,-0.45723464599981,
-0.443717129855876,-0.434611356401572,-0.4312326574535,-0.42745726424284,
-0.415348460809893,-0.403113849501644,-0.394525107200636,-0.389867470735034,
-0.377526282890088,-0.365388207216171,-0.354491963805033,-0.353250131542255,
-0.344379633473828,-0.336085043200665,-0.32864160445559),.UNSPECIFIED.);
#241=B_SPLINE_CURVE_WITH_KNOTS('',3,(#5924,#5925,#5926,#5927,#5928),
 .UNSPECIFIED.,.F.,.F.,(4,1,4),(0.,0.0238291013590139,0.0476582027180278),
 .UNSPECIFIED.);
#242=B_SPLINE_CURVE_WITH_KNOTS('',3,(#5931,#5932,#5933,#5934,#5935,#5936,
#5937,#5938,#5939,#5940),.UNSPECIFIED.,.F.,.F.,(4,3,3,4),(0.027427822415285,
0.0275899422706658,0.0316629100295236,0.0319008931961215),.UNSPECIFIED.);
#243=B_SPLINE_CURVE_WITH_KNOTS('',3,(#5955,#5956,#5957,#5958,#5959,#5960,
#5961),.UNSPECIFIED.,.F.,.F.,(4,3,4),(-0.00448694462844916,-0.000442630041945041,
0.),.UNSPECIFIED.);
#244=B_SPLINE_CURVE_WITH_KNOTS('',3,(#5965,#5966,#5967,#5968,#5969),
 .UNSPECIFIED.,.F.,.F.,(4,1,4),(0.,0.0238290994172534,0.0476581988345068),
 .UNSPECIFIED.);
#245=B_SPLINE_CURVE_WITH_KNOTS('',3,(#6075,#6076,#6077,#6078,#6079,#6080,
#6081,#6082,#6083,#6084,#6085,#6086,#6087,#6088,#6089,#6090,#6091,#6092,
#6093,#6094),.UNSPECIFIED.,.T.,.F.,(4,1,1,1,1,1,1,1,1,1,1,1,1,1,1,1,1,4),
(-3.14159265358979,-2.91719317833338,-2.69279370307697,-2.24399475256414,
-1.34639685153848,-0.897597901025655,-0.448798950512828,-0.224399475256414,
0.,0.224399475256414,0.448798950512828,0.897597901025655,1.34639685153848,
2.24399475256414,2.46839422782055,2.69279370307697,2.91719317833338,3.14159265358979),
 .UNSPECIFIED.);
#246=B_SPLINE_CURVE_WITH_KNOTS('',3,(#6112,#6113,#6114,#6115,#6116,#6117,
#6118,#6119),.UNSPECIFIED.,.F.,.F.,(4,2,2,4),(0.,0.0266969384249094,0.0375802711648603,
0.0484636039048113),.UNSPECIFIED.);
#247=B_SPLINE_CURVE_WITH_KNOTS('',3,(#6124,#6125,#6126,#6127),
 .UNSPECIFIED.,.F.,.F.,(4,4),(-0.217485180041918,-0.216646922437331),
 .UNSPECIFIED.);
#248=B_SPLINE_CURVE_WITH_KNOTS('',3,(#6129,#6130,#6131,#6132,#6133,#6134,
#6135,#6136),.UNSPECIFIED.,.F.,.F.,(4,2,2,4),(0.114587710804522,0.127221397656534,
0.139855084508545,0.164462863250985),.UNSPECIFIED.);
#249=B_SPLINE_CURVE_WITH_KNOTS('',3,(#6170,#6171,#6172,#6173,#6174,#6175,
#6176),.UNSPECIFIED.,.F.,.F.,(4,3,4),(-0.00465917129849341,0.,0.00276207825516442),
 .UNSPECIFIED.);
#250=B_SPLINE_CURVE_WITH_KNOTS('',3,(#6178,#6179,#6180,#6181),
 .UNSPECIFIED.,.F.,.F.,(4,4),(0.458384674368624,0.509265247403721),
 .UNSPECIFIED.);
#251=B_SPLINE_CURVE_WITH_KNOTS('',3,(#6182,#6183,#6184,#6185,#6186),
 .UNSPECIFIED.,.F.,.F.,(4,1,4),(-0.0476581988345068,-0.0238290994172534,
0.),.UNSPECIFIED.);
#252=B_SPLINE_CURVE_WITH_KNOTS('',3,(#6188,#6189,#6190,#6191,#6192,#6193,
#6194,#6195,#6196,#6197,#6198,#6199,#6200,#6201,#6202,#6203,#6204,#6205,
#6206,#6207,#6208,#6209,#6210,#6211,#6212,#6213,#6214,#6215,#6216,#6217,
#6218,#6219,#6220,#6221,#6222,#6223,#6224,#6225,#6226,#6227,#6228,#6229,
#6230),.UNSPECIFIED.,.F.,.F.,(4,3,3,3,3,3,3,3,3,3,3,3,3,3,4),(0.,0.00779466130668227,
0.015785653085708,0.0195165585643064,0.0275022369838185,0.0353504776857565,
0.0390417059438121,0.0393988805443809,0.0472079481981451,0.0552024224604396,
0.0585843474555527,0.0665508145685512,0.0686793861173878,0.0765661871420734,
0.0787753095069538),.UNSPECIFIED.);
#253=B_SPLINE_CURVE_WITH_KNOTS('',3,(#6231,#6232,#6233,#6234),
 .UNSPECIFIED.,.F.,.F.,(4,4),(0.277794442894884,0.450540296806881),
 .UNSPECIFIED.);
#254=B_SPLINE_CURVE_WITH_KNOTS('',3,(#6252,#6253,#6254,#6255,#6256,#6257,
#6258,#6259,#6260,#6261,#6262,#6263,#6264,#6265,#6266,#6267,#6268,#6269,
#6270,#6271,#6272,#6273,#6274,#6275,#6276,#6277,#6278,#6279,#6280,#6281,
#6282,#6283,#6284,#6285),.UNSPECIFIED.,.F.,.F.,(4,3,3,3,3,3,3,3,3,3,3,4),
(0.,0.00351115634571814,0.0061732588378498,0.0100031497252586,0.0126940190300261,
0.0142003881940665,0.0183790263943014,0.0228670637474368,0.0235829780199123,
0.0289864150093684,0.0335540168998816,0.0337594063643936),.UNSPECIFIED.);
#255=B_SPLINE_CURVE_WITH_KNOTS('',3,(#6421,#6422,#6423,#6424,#6425,#6426,
#6427,#6428,#6429,#6430,#6431,#6432,#6433,#6434,#6435,#6436,#6437,#6438,
#6439,#6440,#6441,#6442,#6443,#6444,#6445,#6446,#6447,#6448,#6449,#6450,
#6451,#6452,#6453,#6454),.UNSPECIFIED.,.F.,.F.,(4,3,3,3,3,3,3,3,3,3,3,4),
(-0.0338786979067936,-0.0303335668239614,-0.0276457043464894,-0.0237787537544966,
-0.0210618468803031,-0.0195409015353313,-0.0153218158298903,-0.0107903343469659,
-0.0100675223189304,-0.00461179026573253,0.,0.000207376888393227),
 .UNSPECIFIED.);
#256=B_SPLINE_CURVE_WITH_KNOTS('',3,(#6482,#6483,#6484,#6485,#6486),
 .UNSPECIFIED.,.F.,.F.,(4,1,4),(-0.0476582027180278,-0.0238291013590139,
0.),.UNSPECIFIED.);
#257=B_SPLINE_CURVE_WITH_KNOTS('',3,(#6592,#6593,#6594,#6595),
 .UNSPECIFIED.,.F.,.F.,(4,4),(0.126369306670078,0.19745065771936),
 .UNSPECIFIED.);
#258=CYLINDRICAL_SURFACE('',#2303,0.425);
#259=CYLINDRICAL_SURFACE('',#2312,4.44072069485111);
#260=CYLINDRICAL_SURFACE('',#2314,4.44072069485111);
#261=CYLINDRICAL_SURFACE('',#2317,3.35);
#262=CYLINDRICAL_SURFACE('',#2324,0.925);
#263=CYLINDRICAL_SURFACE('',#2335,0.94);
#264=CYLINDRICAL_SURFACE('',#2336,0.2);
#265=CYLINDRICAL_SURFACE('',#2341,4.83086513736708);
#266=CYLINDRICAL_SURFACE('',#2344,1.);
#267=CYLINDRICAL_SURFACE('',#2347,1.);
#268=CYLINDRICAL_SURFACE('',#2352,1.);
#269=CYLINDRICAL_SURFACE('',#2360,0.75);
#270=CYLINDRICAL_SURFACE('',#2380,0.75);
#271=CYLINDRICAL_SURFACE('',#2381,0.2);
#272=CYLINDRICAL_SURFACE('',#2393,0.2);
#273=CYLINDRICAL_SURFACE('',#2427,0.96);
#274=CYLINDRICAL_SURFACE('',#2438,0.2);
#275=CYLINDRICAL_SURFACE('',#2443,0.2);
#276=CYLINDRICAL_SURFACE('',#2444,0.2);
#277=CYLINDRICAL_SURFACE('',#2450,0.2);
#278=CYLINDRICAL_SURFACE('',#2453,0.5);
#279=CYLINDRICAL_SURFACE('',#2456,0.2);
#280=CYLINDRICAL_SURFACE('',#2459,0.2);
#281=CYLINDRICAL_SURFACE('',#2464,0.2);
#282=CYLINDRICAL_SURFACE('',#2468,3.5);
#283=CYLINDRICAL_SURFACE('',#2469,0.2);
#284=CYLINDRICAL_SURFACE('',#2472,0.2);
#285=CYLINDRICAL_SURFACE('',#2477,0.2);
#286=CYLINDRICAL_SURFACE('',#2485,1.87);
#287=CYLINDRICAL_SURFACE('',#2493,3.5);
#288=CYLINDRICAL_SURFACE('',#2497,4.44072069485111);
#289=CYLINDRICAL_SURFACE('',#2499,3.5);
#290=CYLINDRICAL_SURFACE('',#2500,10.);
#291=CYLINDRICAL_SURFACE('',#2501,0.750000000000001);
#292=CYLINDRICAL_SURFACE('',#2502,0.750000000000001);
#293=FACE_OUTER_BOUND('',#423,.T.);
#294=FACE_OUTER_BOUND('',#424,.T.);
#295=FACE_OUTER_BOUND('',#427,.T.);
#296=FACE_OUTER_BOUND('',#429,.T.);
#297=FACE_OUTER_BOUND('',#430,.T.);
#298=FACE_OUTER_BOUND('',#432,.T.);
#299=FACE_OUTER_BOUND('',#433,.T.);
#300=FACE_OUTER_BOUND('',#435,.T.);
#301=FACE_OUTER_BOUND('',#436,.T.);
#302=FACE_OUTER_BOUND('',#437,.T.);
#303=FACE_OUTER_BOUND('',#438,.T.);
#304=FACE_OUTER_BOUND('',#439,.T.);
#305=FACE_OUTER_BOUND('',#440,.T.);
#306=FACE_OUTER_BOUND('',#441,.T.);
#307=FACE_OUTER_BOUND('',#442,.T.);
#308=FACE_OUTER_BOUND('',#444,.T.);
#309=FACE_OUTER_BOUND('',#445,.T.);
#310=FACE_OUTER_BOUND('',#446,.T.);
#311=FACE_OUTER_BOUND('',#447,.T.);
#312=FACE_OUTER_BOUND('',#448,.T.);
#313=FACE_OUTER_BOUND('',#449,.T.);
#314=FACE_OUTER_BOUND('',#450,.T.);
#315=FACE_OUTER_BOUND('',#451,.T.);
#316=FACE_OUTER_BOUND('',#452,.T.);
#317=FACE_OUTER_BOUND('',#453,.T.);
#318=FACE_OUTER_BOUND('',#455,.T.);
#319=FACE_OUTER_BOUND('',#456,.T.);
#320=FACE_OUTER_BOUND('',#457,.T.);
#321=FACE_OUTER_BOUND('',#458,.T.);
#322=FACE_OUTER_BOUND('',#459,.T.);
#323=FACE_OUTER_BOUND('',#460,.T.);
#324=FACE_OUTER_BOUND('',#461,.T.);
#325=FACE_OUTER_BOUND('',#462,.T.);
#326=FACE_OUTER_BOUND('',#463,.T.);
#327=FACE_OUTER_BOUND('',#464,.T.);
#328=FACE_OUTER_BOUND('',#465,.T.);
#329=FACE_OUTER_BOUND('',#466,.T.);
#330=FACE_OUTER_BOUND('',#467,.T.);
#331=FACE_OUTER_BOUND('',#468,.T.);
#332=FACE_OUTER_BOUND('',#469,.T.);
#333=FACE_OUTER_BOUND('',#470,.T.);
#334=FACE_OUTER_BOUND('',#471,.T.);
#335=FACE_OUTER_BOUND('',#472,.T.);
#336=FACE_OUTER_BOUND('',#473,.T.);
#337=FACE_OUTER_BOUND('',#474,.T.);
#338=FACE_OUTER_BOUND('',#475,.T.);
#339=FACE_OUTER_BOUND('',#476,.T.);
#340=FACE_OUTER_BOUND('',#477,.T.);
#341=FACE_OUTER_BOUND('',#478,.T.);
#342=FACE_OUTER_BOUND('',#479,.T.);
#343=FACE_OUTER_BOUND('',#480,.T.);
#344=FACE_OUTER_BOUND('',#481,.T.);
#345=FACE_OUTER_BOUND('',#482,.T.);
#346=FACE_OUTER_BOUND('',#483,.T.);
#347=FACE_OUTER_BOUND('',#484,.T.);
#348=FACE_OUTER_BOUND('',#485,.T.);
#349=FACE_OUTER_BOUND('',#486,.T.);
#350=FACE_OUTER_BOUND('',#487,.T.);
#351=FACE_OUTER_BOUND('',#488,.T.);
#352=FACE_OUTER_BOUND('',#489,.T.);
#353=FACE_OUTER_BOUND('',#490,.T.);
#354=FACE_OUTER_BOUND('',#491,.T.);
#355=FACE_OUTER_BOUND('',#492,.T.);
#356=FACE_OUTER_BOUND('',#494,.T.);
#357=FACE_OUTER_BOUND('',#495,.T.);
#358=FACE_OUTER_BOUND('',#496,.T.);
#359=FACE_OUTER_BOUND('',#497,.T.);
#360=FACE_OUTER_BOUND('',#498,.T.);
#361=FACE_OUTER_BOUND('',#499,.T.);
#362=FACE_OUTER_BOUND('',#500,.T.);
#363=FACE_OUTER_BOUND('',#502,.T.);
#364=FACE_OUTER_BOUND('',#503,.T.);
#365=FACE_OUTER_BOUND('',#504,.T.);
#366=FACE_OUTER_BOUND('',#505,.T.);
#367=FACE_OUTER_BOUND('',#506,.T.);
#368=FACE_OUTER_BOUND('',#507,.T.);
#369=FACE_OUTER_BOUND('',#508,.T.);
#370=FACE_OUTER_BOUND('',#510,.T.);
#371=FACE_OUTER_BOUND('',#511,.T.);
#372=FACE_OUTER_BOUND('',#512,.T.);
#373=FACE_OUTER_BOUND('',#514,.T.);
#374=FACE_OUTER_BOUND('',#515,.T.);
#375=FACE_OUTER_BOUND('',#519,.T.);
#376=FACE_OUTER_BOUND('',#520,.T.);
#377=FACE_OUTER_BOUND('',#521,.T.);
#378=FACE_OUTER_BOUND('',#522,.T.);
#379=FACE_OUTER_BOUND('',#523,.T.);
#380=FACE_OUTER_BOUND('',#524,.T.);
#381=FACE_OUTER_BOUND('',#525,.T.);
#382=FACE_OUTER_BOUND('',#526,.T.);
#383=FACE_OUTER_BOUND('',#527,.T.);
#384=FACE_OUTER_BOUND('',#528,.T.);
#385=FACE_OUTER_BOUND('',#529,.T.);
#386=FACE_OUTER_BOUND('',#530,.T.);
#387=FACE_OUTER_BOUND('',#531,.T.);
#388=FACE_OUTER_BOUND('',#532,.T.);
#389=FACE_OUTER_BOUND('',#533,.T.);
#390=FACE_OUTER_BOUND('',#534,.T.);
#391=FACE_OUTER_BOUND('',#535,.T.);
#392=FACE_OUTER_BOUND('',#536,.T.);
#393=FACE_OUTER_BOUND('',#537,.T.);
#394=FACE_OUTER_BOUND('',#538,.T.);
#395=FACE_OUTER_BOUND('',#539,.T.);
#396=FACE_OUTER_BOUND('',#540,.T.);
#397=FACE_OUTER_BOUND('',#541,.T.);
#398=FACE_OUTER_BOUND('',#542,.T.);
#399=FACE_OUTER_BOUND('',#543,.T.);
#400=FACE_OUTER_BOUND('',#544,.T.);
#401=FACE_OUTER_BOUND('',#545,.T.);
#402=FACE_OUTER_BOUND('',#546,.T.);
#403=FACE_OUTER_BOUND('',#547,.T.);
#404=FACE_OUTER_BOUND('',#548,.T.);
#405=FACE_OUTER_BOUND('',#549,.T.);
#406=FACE_OUTER_BOUND('',#550,.T.);
#407=FACE_OUTER_BOUND('',#551,.T.);
#408=FACE_OUTER_BOUND('',#552,.T.);
#409=FACE_OUTER_BOUND('',#553,.T.);
#410=FACE_OUTER_BOUND('',#554,.T.);
#411=FACE_OUTER_BOUND('',#555,.T.);
#412=FACE_OUTER_BOUND('',#556,.T.);
#413=FACE_OUTER_BOUND('',#557,.T.);
#414=FACE_OUTER_BOUND('',#558,.T.);
#415=FACE_OUTER_BOUND('',#559,.T.);
#416=FACE_OUTER_BOUND('',#560,.T.);
#417=FACE_OUTER_BOUND('',#562,.T.);
#418=FACE_OUTER_BOUND('',#563,.T.);
#419=FACE_OUTER_BOUND('',#564,.T.);
#420=FACE_OUTER_BOUND('',#565,.T.);
#421=FACE_OUTER_BOUND('',#567,.T.);
#422=FACE_OUTER_BOUND('',#568,.T.);
#423=EDGE_LOOP('',(#1446,#1447,#1448,#1449));
#424=EDGE_LOOP('',(#1450,#1451,#1452,#1453,#1454));
#425=EDGE_LOOP('',(#1455,#1456,#1457,#1458));
#426=EDGE_LOOP('',(#1459,#1460,#1461,#1462));
#427=EDGE_LOOP('',(#1463,#1464,#1465,#1466,#1467,#1468,#1469,#1470,#1471,
#1472,#1473,#1474,#1475));
#428=EDGE_LOOP('',(#1476));
#429=EDGE_LOOP('',(#1477,#1478,#1479,#1480,#1481));
#430=EDGE_LOOP('',(#1482,#1483,#1484,#1485,#1486,#1487,#1488,#1489,#1490,
#1491,#1492,#1493,#1494));
#431=EDGE_LOOP('',(#1495));
#432=EDGE_LOOP('',(#1496,#1497));
#433=EDGE_LOOP('',(#1498,#1499,#1500,#1501,#1502,#1503,#1504,#1505));
#434=EDGE_LOOP('',(#1506));
#435=EDGE_LOOP('',(#1507,#1508,#1509,#1510));
#436=EDGE_LOOP('',(#1511,#1512,#1513,#1514));
#437=EDGE_LOOP('',(#1515,#1516));
#438=EDGE_LOOP('',(#1517,#1518,#1519,#1520));
#439=EDGE_LOOP('',(#1521,#1522,#1523,#1524,#1525));
#440=EDGE_LOOP('',(#1526,#1527,#1528,#1529,#1530));
#441=EDGE_LOOP('',(#1531));
#442=EDGE_LOOP('',(#1532));
#443=EDGE_LOOP('',(#1533));
#444=EDGE_LOOP('',(#1534,#1535,#1536,#1537));
#445=EDGE_LOOP('',(#1538,#1539,#1540,#1541));
#446=EDGE_LOOP('',(#1542,#1543,#1544,#1545));
#447=EDGE_LOOP('',(#1546,#1547,#1548,#1549,#1550));
#448=EDGE_LOOP('',(#1551,#1552,#1553,#1554,#1555,#1556,#1557));
#449=EDGE_LOOP('',(#1558,#1559,#1560,#1561,#1562,#1563));
#450=EDGE_LOOP('',(#1564,#1565,#1566,#1567));
#451=EDGE_LOOP('',(#1568,#1569,#1570,#1571));
#452=EDGE_LOOP('',(#1572,#1573,#1574,#1575,#1576));
#453=EDGE_LOOP('',(#1577,#1578,#1579,#1580,#1581,#1582,#1583,#1584,#1585,
#1586,#1587,#1588,#1589,#1590,#1591));
#454=EDGE_LOOP('',(#1592));
#455=EDGE_LOOP('',(#1593,#1594,#1595,#1596));
#456=EDGE_LOOP('',(#1597,#1598,#1599,#1600,#1601,#1602,#1603,#1604,#1605,
#1606,#1607,#1608,#1609,#1610,#1611,#1612,#1613,#1614,#1615,#1616,#1617,
#1618,#1619));
#457=EDGE_LOOP('',(#1620,#1621,#1622,#1623,#1624));
#458=EDGE_LOOP('',(#1625,#1626,#1627,#1628,#1629,#1630,#1631,#1632,#1633,
#1634,#1635));
#459=EDGE_LOOP('',(#1636,#1637,#1638,#1639));
#460=EDGE_LOOP('',(#1640,#1641,#1642,#1643,#1644,#1645,#1646,#1647,#1648));
#461=EDGE_LOOP('',(#1649,#1650,#1651,#1652,#1653,#1654));
#462=EDGE_LOOP('',(#1655,#1656,#1657,#1658,#1659,#1660));
#463=EDGE_LOOP('',(#1661,#1662,#1663,#1664));
#464=EDGE_LOOP('',(#1665,#1666,#1667,#1668,#1669,#1670,#1671,#1672,#1673,
#1674,#1675,#1676,#1677,#1678,#1679,#1680,#1681,#1682,#1683,#1684,#1685,
#1686,#1687,#1688,#1689,#1690));
#465=EDGE_LOOP('',(#1691,#1692,#1693,#1694));
#466=EDGE_LOOP('',(#1695,#1696,#1697,#1698));
#467=EDGE_LOOP('',(#1699,#1700,#1701,#1702));
#468=EDGE_LOOP('',(#1703,#1704,#1705,#1706));
#469=EDGE_LOOP('',(#1707,#1708,#1709,#1710));
#470=EDGE_LOOP('',(#1711,#1712,#1713));
#471=EDGE_LOOP('',(#1714,#1715,#1716,#1717));
#472=EDGE_LOOP('',(#1718,#1719,#1720,#1721,#1722));
#473=EDGE_LOOP('',(#1723,#1724,#1725,#1726,#1727));
#474=EDGE_LOOP('',(#1728,#1729,#1730,#1731));
#475=EDGE_LOOP('',(#1732,#1733,#1734,#1735));
#476=EDGE_LOOP('',(#1736,#1737,#1738,#1739));
#477=EDGE_LOOP('',(#1740,#1741,#1742,#1743));
#478=EDGE_LOOP('',(#1744,#1745,#1746,#1747));
#479=EDGE_LOOP('',(#1748,#1749,#1750,#1751));
#480=EDGE_LOOP('',(#1752,#1753,#1754,#1755,#1756));
#481=EDGE_LOOP('',(#1757,#1758,#1759,#1760));
#482=EDGE_LOOP('',(#1761,#1762,#1763,#1764));
#483=EDGE_LOOP('',(#1765,#1766,#1767,#1768));
#484=EDGE_LOOP('',(#1769,#1770,#1771,#1772));
#485=EDGE_LOOP('',(#1773,#1774,#1775,#1776));
#486=EDGE_LOOP('',(#1777,#1778,#1779,#1780));
#487=EDGE_LOOP('',(#1781,#1782,#1783,#1784));
#488=EDGE_LOOP('',(#1785,#1786,#1787,#1788,#1789,#1790));
#489=EDGE_LOOP('',(#1791,#1792,#1793,#1794));
#490=EDGE_LOOP('',(#1795,#1796,#1797,#1798,#1799,#1800));
#491=EDGE_LOOP('',(#1801,#1802,#1803,#1804));
#492=EDGE_LOOP('',(#1805,#1806,#1807,#1808,#1809,#1810,#1811,#1812));
#493=EDGE_LOOP('',(#1813));
#494=EDGE_LOOP('',(#1814,#1815,#1816,#1817,#1818));
#495=EDGE_LOOP('',(#1819,#1820,#1821,#1822));
#496=EDGE_LOOP('',(#1823,#1824,#1825,#1826));
#497=EDGE_LOOP('',(#1827,#1828,#1829,#1830,#1831));
#498=EDGE_LOOP('',(#1832,#1833,#1834,#1835));
#499=EDGE_LOOP('',(#1836,#1837,#1838,#1839,#1840));
#500=EDGE_LOOP('',(#1841,#1842,#1843,#1844,#1845,#1846,#1847,#1848));
#501=EDGE_LOOP('',(#1849));
#502=EDGE_LOOP('',(#1850,#1851,#1852,#1853,#1854));
#503=EDGE_LOOP('',(#1855,#1856,#1857,#1858));
#504=EDGE_LOOP('',(#1859,#1860,#1861,#1862));
#505=EDGE_LOOP('',(#1863,#1864,#1865,#1866));
#506=EDGE_LOOP('',(#1867,#1868,#1869,#1870,#1871));
#507=EDGE_LOOP('',(#1872,#1873,#1874,#1875));
#508=EDGE_LOOP('',(#1876,#1877,#1878,#1879,#1880,#1881,#1882));
#509=EDGE_LOOP('',(#1883));
#510=EDGE_LOOP('',(#1884,#1885,#1886,#1887));
#511=EDGE_LOOP('',(#1888,#1889,#1890,#1891));
#512=EDGE_LOOP('',(#1892,#1893,#1894,#1895,#1896,#1897,#1898));
#513=EDGE_LOOP('',(#1899));
#514=EDGE_LOOP('',(#1900,#1901,#1902,#1903));
#515=EDGE_LOOP('',(#1904,#1905,#1906,#1907,#1908,#1909,#1910,#1911,#1912,
#1913));
#516=EDGE_LOOP('',(#1914,#1915,#1916,#1917,#1918,#1919,#1920,#1921,#1922));
#517=EDGE_LOOP('',(#1923));
#518=EDGE_LOOP('',(#1924));
#519=EDGE_LOOP('',(#1925,#1926,#1927,#1928));
#520=EDGE_LOOP('',(#1929,#1930,#1931,#1932));
#521=EDGE_LOOP('',(#1933,#1934,#1935,#1936));
#522=EDGE_LOOP('',(#1937,#1938,#1939,#1940,#1941));
#523=EDGE_LOOP('',(#1942,#1943,#1944,#1945));
#524=EDGE_LOOP('',(#1946,#1947,#1948,#1949));
#525=EDGE_LOOP('',(#1950,#1951,#1952,#1953,#1954,#1955,#1956));
#526=EDGE_LOOP('',(#1957,#1958,#1959,#1960));
#527=EDGE_LOOP('',(#1961,#1962,#1963,#1964,#1965));
#528=EDGE_LOOP('',(#1966,#1967,#1968,#1969,#1970,#1971,#1972));
#529=EDGE_LOOP('',(#1973,#1974,#1975,#1976));
#530=EDGE_LOOP('',(#1977,#1978,#1979,#1980));
#531=EDGE_LOOP('',(#1981,#1982,#1983,#1984));
#532=EDGE_LOOP('',(#1985,#1986,#1987,#1988));
#533=EDGE_LOOP('',(#1989,#1990,#1991,#1992));
#534=EDGE_LOOP('',(#1993,#1994,#1995,#1996));
#535=EDGE_LOOP('',(#1997,#1998,#1999,#2000));
#536=EDGE_LOOP('',(#2001,#2002,#2003,#2004,#2005));
#537=EDGE_LOOP('',(#2006,#2007,#2008,#2009));
#538=EDGE_LOOP('',(#2010,#2011,#2012,#2013));
#539=EDGE_LOOP('',(#2014,#2015,#2016,#2017));
#540=EDGE_LOOP('',(#2018,#2019,#2020,#2021));
#541=EDGE_LOOP('',(#2022,#2023,#2024,#2025));
#542=EDGE_LOOP('',(#2026,#2027,#2028,#2029));
#543=EDGE_LOOP('',(#2030,#2031,#2032,#2033));
#544=EDGE_LOOP('',(#2034,#2035,#2036,#2037));
#545=EDGE_LOOP('',(#2038,#2039,#2040,#2041,#2042,#2043));
#546=EDGE_LOOP('',(#2044,#2045,#2046,#2047));
#547=EDGE_LOOP('',(#2048,#2049,#2050,#2051));
#548=EDGE_LOOP('',(#2052,#2053,#2054,#2055));
#549=EDGE_LOOP('',(#2056));
#550=EDGE_LOOP('',(#2057,#2058,#2059,#2060));
#551=EDGE_LOOP('',(#2061,#2062,#2063,#2064));
#552=EDGE_LOOP('',(#2065,#2066,#2067,#2068,#2069,#2070,#2071,#2072));
#553=EDGE_LOOP('',(#2073,#2074,#2075,#2076,#2077,#2078,#2079,#2080,#2081,
#2082));
#554=EDGE_LOOP('',(#2083));
#555=EDGE_LOOP('',(#2084,#2085,#2086,#2087,#2088));
#556=EDGE_LOOP('',(#2089,#2090,#2091,#2092));
#557=EDGE_LOOP('',(#2093,#2094,#2095,#2096,#2097,#2098));
#558=EDGE_LOOP('',(#2099,#2100,#2101,#2102,#2103,#2104,#2105,#2106,#2107,
#2108,#2109));
#559=EDGE_LOOP('',(#2110,#2111,#2112,#2113));
#560=EDGE_LOOP('',(#2114,#2115,#2116,#2117,#2118,#2119,#2120,#2121));
#561=EDGE_LOOP('',(#2122));
#562=EDGE_LOOP('',(#2123,#2124,#2125,#2126));
#563=EDGE_LOOP('',(#2127,#2128,#2129,#2130));
#564=EDGE_LOOP('',(#2131,#2132,#2133,#2134));
#565=EDGE_LOOP('',(#2135,#2136,#2137,#2138));
#566=EDGE_LOOP('',(#2139));
#567=EDGE_LOOP('',(#2140,#2141,#2142,#2143,#2144));
#568=EDGE_LOOP('',(#2145,#2146,#2147,#2148,#2149));
#569=LINE('',#3007,#660);
#570=LINE('',#3011,#661);
#571=LINE('',#3032,#662);
#572=LINE('',#3057,#663);
#573=LINE('',#3082,#664);
#574=LINE('',#3112,#665);
#575=LINE('',#3143,#666);
#576=LINE('',#3145,#667);
#577=LINE('',#3147,#668);
#578=LINE('',#3149,#669);
#579=LINE('',#3151,#670);
#580=LINE('',#3153,#671);
#581=LINE('',#3155,#672);
#582=LINE('',#3157,#673);
#583=LINE('',#3159,#674);
#584=LINE('',#3161,#675);
#585=LINE('',#3163,#676);
#586=LINE('',#3165,#677);
#587=LINE('',#3166,#678);
#588=LINE('',#3220,#679);
#589=LINE('',#3262,#680);
#590=LINE('',#3269,#681);
#591=LINE('',#3276,#682);
#592=LINE('',#3283,#683);
#593=LINE('',#3339,#684);
#594=LINE('',#3351,#685);
#595=LINE('',#3364,#686);
#596=LINE('',#3587,#687);
#597=LINE('',#3593,#688);
#598=LINE('',#3600,#689);
#599=LINE('',#3669,#690);
#600=LINE('',#3671,#691);
#601=LINE('',#3720,#692);
#602=LINE('',#3859,#693);
#603=LINE('',#3877,#694);
#604=LINE('',#3913,#695);
#605=LINE('',#3992,#696);
#606=LINE('',#3996,#697);
#607=LINE('',#3999,#698);
#608=LINE('',#4000,#699);
#609=LINE('',#4379,#700);
#610=LINE('',#4396,#701);
#611=LINE('',#4448,#702);
#612=LINE('',#4455,#703);
#613=LINE('',#4490,#704);
#614=LINE('',#4497,#705);
#615=LINE('',#4811,#706);
#616=LINE('',#4814,#707);
#617=LINE('',#4951,#708);
#618=LINE('',#4967,#709);
#619=LINE('',#5291,#710);
#620=LINE('',#5367,#711);
#621=LINE('',#5369,#712);
#622=LINE('',#5371,#713);
#623=LINE('',#5373,#714);
#624=LINE('',#5375,#715);
#625=LINE('',#5611,#716);
#626=LINE('',#5615,#717);
#627=LINE('',#5617,#718);
#628=LINE('',#5619,#719);
#629=LINE('',#5621,#720);
#630=LINE('',#5622,#721);
#631=LINE('',#5915,#722);
#632=LINE('',#5918,#723);
#633=LINE('',#5922,#724);
#634=LINE('',#5930,#725);
#635=LINE('',#5945,#726);
#636=LINE('',#5950,#727);
#637=LINE('',#5953,#728);
#638=LINE('',#5963,#729);
#639=LINE('',#5971,#730);
#640=LINE('',#6120,#731);
#641=LINE('',#6138,#732);
#642=LINE('',#6141,#733);
#643=LINE('',#6148,#734);
#644=LINE('',#6237,#735);
#645=LINE('',#6238,#736);
#646=LINE('',#6240,#737);
#647=LINE('',#6242,#738);
#648=LINE('',#6243,#739);
#649=LINE('',#6246,#740);
#650=LINE('',#6249,#741);
#651=LINE('',#6490,#742);
#652=LINE('',#6570,#743);
#653=LINE('',#6598,#744);
#654=LINE('',#6602,#745);
#655=LINE('',#6608,#746);
#656=LINE('',#6623,#747);
#657=LINE('',#6631,#748);
#658=LINE('',#6634,#749);
#659=LINE('',#6635,#750);
#660=VECTOR('',#2509,0.526);
#661=VECTOR('',#2514,0.425);
#662=VECTOR('',#2515,10.);
#663=VECTOR('',#2516,10.);
#664=VECTOR('',#2517,10.);
#665=VECTOR('',#2518,10.);
#666=VECTOR('',#2521,10.);
#667=VECTOR('',#2522,10.);
#668=VECTOR('',#2523,10.);
#669=VECTOR('',#2524,10.);
#670=VECTOR('',#2525,10.);
#671=VECTOR('',#2526,10.);
#672=VECTOR('',#2527,10.);
#673=VECTOR('',#2528,10.);
#674=VECTOR('',#2529,10.);
#675=VECTOR('',#2530,10.);
#676=VECTOR('',#2531,10.);
#677=VECTOR('',#2532,10.);
#678=VECTOR('',#2533,10.);
#679=VECTOR('',#2534,10.);
#680=VECTOR('',#2535,10.);
#681=VECTOR('',#2536,10.);
#682=VECTOR('',#2537,10.);
#683=VECTOR('',#2538,10.);
#684=VECTOR('',#2547,10.);
#685=VECTOR('',#2566,3.35);
#686=VECTOR('',#2583,0.925);
#687=VECTOR('',#2612,10.);
#688=VECTOR('',#2619,10.);
#689=VECTOR('',#2628,10.);
#690=VECTOR('',#2633,1.);
#691=VECTOR('',#2634,1.);
#692=VECTOR('',#2639,10.);
#693=VECTOR('',#2646,1.);
#694=VECTOR('',#2649,10.);
#695=VECTOR('',#2652,1.);
#696=VECTOR('',#2657,10.);
#697=VECTOR('',#2660,10.);
#698=VECTOR('',#2663,10.);
#699=VECTOR('',#2664,10.);
#700=VECTOR('',#2667,10.);
#701=VECTOR('',#2670,10.);
#702=VECTOR('',#2679,10.);
#703=VECTOR('',#2686,10.);
#704=VECTOR('',#2687,10.);
#705=VECTOR('',#2694,10.);
#706=VECTOR('',#2711,10.);
#707=VECTOR('',#2714,10.);
#708=VECTOR('',#2721,10.);
#709=VECTOR('',#2744,10.);
#710=VECTOR('',#2753,10.);
#711=VECTOR('',#2756,10.);
#712=VECTOR('',#2757,10.);
#713=VECTOR('',#2758,10.);
#714=VECTOR('',#2759,10.);
#715=VECTOR('',#2760,10.);
#716=VECTOR('',#2787,10.);
#717=VECTOR('',#2790,10.);
#718=VECTOR('',#2791,10.);
#719=VECTOR('',#2792,10.);
#720=VECTOR('',#2793,10.);
#721=VECTOR('',#2794,10.);
#722=VECTOR('',#2811,1.11);
#723=VECTOR('',#2814,10.);
#724=VECTOR('',#2817,10.);
#725=VECTOR('',#2818,10.);
#726=VECTOR('',#2823,1.11);
#727=VECTOR('',#2830,0.96);
#728=VECTOR('',#2833,10.);
#729=VECTOR('',#2834,10.);
#730=VECTOR('',#2835,10.);
#731=VECTOR('',#2864,10.);
#732=VECTOR('',#2867,10.);
#733=VECTOR('',#2870,10.);
#734=VECTOR('',#2881,10.);
#735=VECTOR('',#2884,10.);
#736=VECTOR('',#2885,10.);
#737=VECTOR('',#2888,10.);
#738=VECTOR('',#2889,10.);
#739=VECTOR('',#2890,10.);
#740=VECTOR('',#2893,10.);
#741=VECTOR('',#2898,10.);
#742=VECTOR('',#2935,10.);
#743=VECTOR('',#2952,0.835);
#744=VECTOR('',#2957,2.12);
#745=VECTOR('',#2962,1.87);
#746=VECTOR('',#2971,1.52);
#747=VECTOR('',#2976,10.);
#748=VECTOR('',#2991,10.);
#749=VECTOR('',#2996,10.);
#750=VECTOR('',#2997,10.);
#751=CIRCLE('',#2301,0.627);
#752=CIRCLE('',#2302,0.425);
#753=CIRCLE('',#2306,4.44072069485111);
#754=CIRCLE('',#2308,4.44072069485111);
#755=CIRCLE('',#2309,3.5);
#756=CIRCLE('',#2310,4.44072069485111);
#757=CIRCLE('',#2311,3.35);
#758=CIRCLE('',#2313,4.44072069485111);
#759=CIRCLE('',#2315,4.44072069485111);
#760=CIRCLE('',#2318,3.35);
#761=CIRCLE('',#2320,0.725);
#762=CIRCLE('',#2321,0.2);
#763=CIRCLE('',#2322,0.925);
#764=CIRCLE('',#2323,0.925);
#765=CIRCLE('',#2325,0.925);
#766=CIRCLE('',#2328,1.01);
#767=CIRCLE('',#2329,0.0999999999999969);
#768=CIRCLE('',#2330,0.0999999999999994);
#769=CIRCLE('',#2332,0.94);
#770=CIRCLE('',#2333,0.94);
#771=CIRCLE('',#2334,0.94);
#772=CIRCLE('',#2339,0.2);
#773=CIRCLE('',#2340,0.2);
#774=CIRCLE('',#2342,4.83086513736708);
#775=CIRCLE('',#2343,4.83086513736708);
#776=CIRCLE('',#2345,1.);
#777=CIRCLE('',#2346,1.);
#778=CIRCLE('',#2348,1.);
#779=CIRCLE('',#2349,1.);
#780=CIRCLE('',#2350,1.);
#781=CIRCLE('',#2351,1.);
#782=CIRCLE('',#2353,1.);
#783=CIRCLE('',#2354,1.);
#784=CIRCLE('',#2355,1.);
#785=CIRCLE('',#2356,1.);
#786=CIRCLE('',#2358,0.5);
#787=CIRCLE('',#2359,3.3);
#788=CIRCLE('',#2361,0.75);
#789=CIRCLE('',#2362,0.2);
#790=CIRCLE('',#2363,0.199999999999999);
#791=CIRCLE('',#2365,0.2);
#792=CIRCLE('',#2366,0.2);
#793=CIRCLE('',#2367,10.2);
#794=CIRCLE('',#2368,0.550000000000001);
#795=CIRCLE('',#2369,0.550000000000001);
#796=CIRCLE('',#2370,10.2);
#797=CIRCLE('',#2371,0.2);
#798=CIRCLE('',#2372,0.25);
#799=CIRCLE('',#2373,0.25);
#800=CIRCLE('',#2374,0.25);
#801=CIRCLE('',#2375,0.250000000000001);
#802=CIRCLE('',#2376,0.25);
#803=CIRCLE('',#2377,0.249999999999998);
#804=CIRCLE('',#2378,0.25);
#805=CIRCLE('',#2379,0.25);
#806=CIRCLE('',#2382,0.200000000001601);
#807=CIRCLE('',#2383,0.2);
#808=CIRCLE('',#2385,0.2);
#809=CIRCLE('',#2386,0.750000000000001);
#810=CIRCLE('',#2388,0.2);
#811=CIRCLE('',#2389,10.);
#812=CIRCLE('',#2391,0.2);
#813=CIRCLE('',#2392,0.750000000000001);
#814=CIRCLE('',#2394,0.2);
#815=CIRCLE('',#2395,0.2);
#816=CIRCLE('',#2396,0.2);
#817=CIRCLE('',#2397,0.2);
#818=CIRCLE('',#2398,0.2);
#819=CIRCLE('',#2400,1.3);
#820=CIRCLE('',#2401,1.3);
#821=CIRCLE('',#2403,0.3);
#822=CIRCLE('',#2404,0.30000000167041);
#823=CIRCLE('',#2405,0.3);
#824=CIRCLE('',#2406,0.3);
#825=CIRCLE('',#2407,0.3);
#826=CIRCLE('',#2410,1.3);
#827=CIRCLE('',#2411,0.3);
#828=CIRCLE('',#2413,1.3);
#829=CIRCLE('',#2414,0.300000001674683);
#830=CIRCLE('',#2415,0.3);
#831=CIRCLE('',#2416,0.3);
#832=CIRCLE('',#2417,0.3);
#833=CIRCLE('',#2421,1.26);
#834=CIRCLE('',#2423,3.3);
#835=CIRCLE('',#2425,1.26);
#836=CIRCLE('',#2426,0.96);
#837=CIRCLE('',#2428,0.96);
#838=CIRCLE('',#2430,3.3);
#839=CIRCLE('',#2431,0.2);
#840=CIRCLE('',#2434,0.750000000000001);
#841=CIRCLE('',#2435,10.);
#842=CIRCLE('',#2436,0.750000000000001);
#843=CIRCLE('',#2437,2.37);
#844=CIRCLE('',#2439,0.2);
#845=CIRCLE('',#2441,0.2);
#846=CIRCLE('',#2442,3.5);
#847=CIRCLE('',#2445,0.2);
#848=CIRCLE('',#2447,0.2);
#849=CIRCLE('',#2448,3.5);
#850=CIRCLE('',#2449,3.3);
#851=CIRCLE('',#2454,0.5);
#852=CIRCLE('',#2457,0.2);
#853=CIRCLE('',#2458,0.2);
#854=CIRCLE('',#2460,0.2);
#855=CIRCLE('',#2462,0.2);
#856=CIRCLE('',#2463,3.5);
#857=CIRCLE('',#2465,0.2);
#858=CIRCLE('',#2466,0.2);
#859=CIRCLE('',#2467,0.2);
#860=CIRCLE('',#2470,0.2);
#861=CIRCLE('',#2471,0.2);
#862=CIRCLE('',#2473,0.2);
#863=CIRCLE('',#2475,0.2);
#864=CIRCLE('',#2476,3.5);
#865=CIRCLE('',#2478,0.200000000000001);
#866=CIRCLE('',#2479,0.2);
#867=CIRCLE('',#2481,0.71);
#868=CIRCLE('',#2484,1.87);
#869=CIRCLE('',#2486,1.87);
#870=CIRCLE('',#2487,1.87);
#871=CIRCLE('',#2489,1.17);
#872=CIRCLE('',#2494,3.5);
#873=CIRCLE('',#2496,4.44072069485111);
#874=VERTEX_POINT('',#3004);
#875=VERTEX_POINT('',#3006);
#876=VERTEX_POINT('',#3010);
#877=VERTEX_POINT('',#3012);
#878=VERTEX_POINT('',#3030);
#879=VERTEX_POINT('',#3031);
#880=VERTEX_POINT('',#3033);
#881=VERTEX_POINT('',#3056);
#882=VERTEX_POINT('',#3080);
#883=VERTEX_POINT('',#3081);
#884=VERTEX_POINT('',#3083);
#885=VERTEX_POINT('',#3111);
#886=VERTEX_POINT('',#3141);
#887=VERTEX_POINT('',#3142);
#888=VERTEX_POINT('',#3144);
#889=VERTEX_POINT('',#3146);
#890=VERTEX_POINT('',#3148);
#891=VERTEX_POINT('',#3150);
#892=VERTEX_POINT('',#3152);
#893=VERTEX_POINT('',#3154);
#894=VERTEX_POINT('',#3156);
#895=VERTEX_POINT('',#3158);
#896=VERTEX_POINT('',#3160);
#897=VERTEX_POINT('',#3162);
#898=VERTEX_POINT('',#3164);
#899=VERTEX_POINT('',#3219);
#900=VERTEX_POINT('',#3240);
#901=VERTEX_POINT('',#3241);
#902=VERTEX_POINT('',#3246);
#903=VERTEX_POINT('',#3251);
#904=VERTEX_POINT('',#3256);
#905=VERTEX_POINT('',#3261);
#906=VERTEX_POINT('',#3263);
#907=VERTEX_POINT('',#3268);
#908=VERTEX_POINT('',#3270);
#909=VERTEX_POINT('',#3275);
#910=VERTEX_POINT('',#3277);
#911=VERTEX_POINT('',#3282);
#912=VERTEX_POINT('',#3284);
#913=VERTEX_POINT('',#3297);
#914=VERTEX_POINT('',#3338);
#915=VERTEX_POINT('',#3342);
#916=VERTEX_POINT('',#3350);
#917=VERTEX_POINT('',#3354);
#918=VERTEX_POINT('',#3356);
#919=VERTEX_POINT('',#3358);
#920=VERTEX_POINT('',#3362);
#921=VERTEX_POINT('',#3367);
#922=VERTEX_POINT('',#3394);
#923=VERTEX_POINT('',#3395);
#924=VERTEX_POINT('',#3397);
#925=VERTEX_POINT('',#3403);
#926=VERTEX_POINT('',#3470);
#927=VERTEX_POINT('',#3471);
#928=VERTEX_POINT('',#3510);
#929=VERTEX_POINT('',#3511);
#930=VERTEX_POINT('',#3545);
#931=VERTEX_POINT('',#3547);
#932=VERTEX_POINT('',#3551);
#933=VERTEX_POINT('',#3556);
#934=VERTEX_POINT('',#3580);
#935=VERTEX_POINT('',#3582);
#936=VERTEX_POINT('',#3584);
#937=VERTEX_POINT('',#3586);
#938=VERTEX_POINT('',#3590);
#939=VERTEX_POINT('',#3592);
#940=VERTEX_POINT('',#3596);
#941=VERTEX_POINT('',#3598);
#942=VERTEX_POINT('',#3621);
#943=VERTEX_POINT('',#3622);
#944=VERTEX_POINT('',#3635);
#945=VERTEX_POINT('',#3641);
#946=VERTEX_POINT('',#3654);
#947=VERTEX_POINT('',#3665);
#948=VERTEX_POINT('',#3666);
#949=VERTEX_POINT('',#3668);
#950=VERTEX_POINT('',#3670);
#951=VERTEX_POINT('',#3672);
#952=VERTEX_POINT('',#3675);
#953=VERTEX_POINT('',#3690);
#954=VERTEX_POINT('',#3707);
#955=VERTEX_POINT('',#3721);
#956=VERTEX_POINT('',#3741);
#957=VERTEX_POINT('',#3816);
#958=VERTEX_POINT('',#3840);
#959=VERTEX_POINT('',#3841);
#960=VERTEX_POINT('',#3850);
#961=VERTEX_POINT('',#3852);
#962=VERTEX_POINT('',#3858);
#963=VERTEX_POINT('',#3874);
#964=VERTEX_POINT('',#3876);
#965=VERTEX_POINT('',#3878);
#966=VERTEX_POINT('',#3880);
#967=VERTEX_POINT('',#3893);
#968=VERTEX_POINT('',#3912);
#969=VERTEX_POINT('',#3914);
#970=VERTEX_POINT('',#3920);
#971=VERTEX_POINT('',#3922);
#972=VERTEX_POINT('',#3931);
#973=VERTEX_POINT('',#3943);
#974=VERTEX_POINT('',#3980);
#975=VERTEX_POINT('',#3991);
#976=VERTEX_POINT('',#3993);
#977=VERTEX_POINT('',#3995);
#978=VERTEX_POINT('',#3997);
#979=VERTEX_POINT('',#4049);
#980=VERTEX_POINT('',#4127);
#981=VERTEX_POINT('',#4128);
#982=VERTEX_POINT('',#4172);
#983=VERTEX_POINT('',#4184);
#984=VERTEX_POINT('',#4228);
#985=VERTEX_POINT('',#4296);
#986=VERTEX_POINT('',#4370);
#987=VERTEX_POINT('',#4378);
#988=VERTEX_POINT('',#4380);
#989=VERTEX_POINT('',#4394);
#990=VERTEX_POINT('',#4424);
#991=VERTEX_POINT('',#4428);
#992=VERTEX_POINT('',#4430);
#993=VERTEX_POINT('',#4435);
#994=VERTEX_POINT('',#4442);
#995=VERTEX_POINT('',#4447);
#996=VERTEX_POINT('',#4450);
#997=VERTEX_POINT('',#4452);
#998=VERTEX_POINT('',#4454);
#999=VERTEX_POINT('',#4456);
#1000=VERTEX_POINT('',#4461);
#1001=VERTEX_POINT('',#4466);
#1002=VERTEX_POINT('',#4479);
#1003=VERTEX_POINT('',#4484);
#1004=VERTEX_POINT('',#4489);
#1005=VERTEX_POINT('',#4491);
#1006=VERTEX_POINT('',#4494);
#1007=VERTEX_POINT('',#4496);
#1008=VERTEX_POINT('',#4498);
#1009=VERTEX_POINT('',#4503);
#1010=VERTEX_POINT('',#4534);
#1011=VERTEX_POINT('',#4536);
#1012=VERTEX_POINT('',#4541);
#1013=VERTEX_POINT('',#4577);
#1014=VERTEX_POINT('',#4611);
#1015=VERTEX_POINT('',#4647);
#1016=VERTEX_POINT('',#4654);
#1017=VERTEX_POINT('',#4682);
#1018=VERTEX_POINT('',#4683);
#1019=VERTEX_POINT('',#4748);
#1020=VERTEX_POINT('',#4749);
#1021=VERTEX_POINT('',#4813);
#1022=VERTEX_POINT('',#4838);
#1023=VERTEX_POINT('',#4901);
#1024=VERTEX_POINT('',#4947);
#1025=VERTEX_POINT('',#4949);
#1026=VERTEX_POINT('',#4953);
#1027=VERTEX_POINT('',#4957);
#1028=VERTEX_POINT('',#4961);
#1029=VERTEX_POINT('',#4965);
#1030=VERTEX_POINT('',#4988);
#1031=VERTEX_POINT('',#5014);
#1032=VERTEX_POINT('',#5080);
#1033=VERTEX_POINT('',#5114);
#1034=VERTEX_POINT('',#5160);
#1035=VERTEX_POINT('',#5165);
#1036=VERTEX_POINT('',#5170);
#1037=VERTEX_POINT('',#5175);
#1038=VERTEX_POINT('',#5228);
#1039=VERTEX_POINT('',#5265);
#1040=VERTEX_POINT('',#5270);
#1041=VERTEX_POINT('',#5275);
#1042=VERTEX_POINT('',#5290);
#1043=VERTEX_POINT('',#5366);
#1044=VERTEX_POINT('',#5368);
#1045=VERTEX_POINT('',#5370);
#1046=VERTEX_POINT('',#5372);
#1047=VERTEX_POINT('',#5374);
#1048=VERTEX_POINT('',#5377);
#1049=VERTEX_POINT('',#5606);
#1050=VERTEX_POINT('',#5610);
#1051=VERTEX_POINT('',#5612);
#1052=VERTEX_POINT('',#5614);
#1053=VERTEX_POINT('',#5616);
#1054=VERTEX_POINT('',#5618);
#1055=VERTEX_POINT('',#5620);
#1056=VERTEX_POINT('',#5913);
#1057=VERTEX_POINT('',#5917);
#1058=VERTEX_POINT('',#5919);
#1059=VERTEX_POINT('',#5921);
#1060=VERTEX_POINT('',#5923);
#1061=VERTEX_POINT('',#5929);
#1062=VERTEX_POINT('',#5942);
#1063=VERTEX_POINT('',#5944);
#1064=VERTEX_POINT('',#5948);
#1065=VERTEX_POINT('',#5952);
#1066=VERTEX_POINT('',#5954);
#1067=VERTEX_POINT('',#5962);
#1068=VERTEX_POINT('',#5964);
#1069=VERTEX_POINT('',#5970);
#1070=VERTEX_POINT('',#6073);
#1071=VERTEX_POINT('',#6097);
#1072=VERTEX_POINT('',#6099);
#1073=VERTEX_POINT('',#6102);
#1074=VERTEX_POINT('',#6107);
#1075=VERTEX_POINT('',#6111);
#1076=VERTEX_POINT('',#6122);
#1077=VERTEX_POINT('',#6123);
#1078=VERTEX_POINT('',#6128);
#1079=VERTEX_POINT('',#6137);
#1080=VERTEX_POINT('',#6139);
#1081=VERTEX_POINT('',#6143);
#1082=VERTEX_POINT('',#6169);
#1083=VERTEX_POINT('',#6177);
#1084=VERTEX_POINT('',#6187);
#1085=VERTEX_POINT('',#6236);
#1086=VERTEX_POINT('',#6241);
#1087=VERTEX_POINT('',#6245);
#1088=VERTEX_POINT('',#6480);
#1089=VERTEX_POINT('',#6488);
#1090=VERTEX_POINT('',#6568);
#1091=VERTEX_POINT('',#6597);
#1092=VERTEX_POINT('',#6601);
#1093=VERTEX_POINT('',#6606);
#1094=EDGE_CURVE('',#874,#874,#751,.T.);
#1095=EDGE_CURVE('',#874,#875,#569,.T.);
#1096=EDGE_CURVE('',#875,#875,#752,.T.);
#1097=EDGE_CURVE('',#875,#876,#570,.T.);
#1098=EDGE_CURVE('',#877,#876,#125,.T.);
#1099=EDGE_CURVE('',#876,#877,#126,.T.);
#1100=EDGE_CURVE('',#878,#879,#571,.T.);
#1101=EDGE_CURVE('',#880,#878,#127,.T.);
#1102=EDGE_CURVE('',#881,#880,#572,.T.);
#1103=EDGE_CURVE('',#879,#881,#128,.T.);
#1104=EDGE_CURVE('',#882,#883,#573,.T.);
#1105=EDGE_CURVE('',#884,#882,#129,.T.);
#1106=EDGE_CURVE('',#885,#884,#574,.T.);
#1107=EDGE_CURVE('',#883,#885,#130,.T.);
#1108=EDGE_CURVE('',#886,#887,#575,.T.);
#1109=EDGE_CURVE('',#888,#887,#576,.T.);
#1110=EDGE_CURVE('',#888,#889,#577,.T.);
#1111=EDGE_CURVE('',#889,#890,#578,.T.);
#1112=EDGE_CURVE('',#890,#891,#579,.T.);
#1113=EDGE_CURVE('',#892,#891,#580,.T.);
#1114=EDGE_CURVE('',#893,#892,#581,.T.);
#1115=EDGE_CURVE('',#894,#893,#582,.T.);
#1116=EDGE_CURVE('',#895,#894,#583,.T.);
#1117=EDGE_CURVE('',#896,#895,#584,.T.);
#1118=EDGE_CURVE('',#897,#896,#585,.T.);
#1119=EDGE_CURVE('',#897,#898,#586,.T.);
#1120=EDGE_CURVE('',#886,#898,#587,.T.);
#1121=EDGE_CURVE('',#899,#877,#588,.T.);
#1122=EDGE_CURVE('',#899,#899,#131,.T.);
#1123=EDGE_CURVE('',#900,#901,#132,.T.);
#1124=EDGE_CURVE('',#902,#900,#133,.T.);
#1125=EDGE_CURVE('',#903,#902,#134,.T.);
#1126=EDGE_CURVE('',#903,#904,#135,.T.);
#1127=EDGE_CURVE('',#905,#904,#589,.T.);
#1128=EDGE_CURVE('',#906,#905,#136,.T.);
#1129=EDGE_CURVE('',#906,#907,#590,.T.);
#1130=EDGE_CURVE('',#907,#908,#137,.T.);
#1131=EDGE_CURVE('',#908,#909,#591,.T.);
#1132=EDGE_CURVE('',#910,#909,#138,.T.);
#1133=EDGE_CURVE('',#911,#910,#592,.T.);
#1134=EDGE_CURVE('',#912,#911,#139,.T.);
#1135=EDGE_CURVE('',#901,#912,#140,.T.);
#1136=EDGE_CURVE('',#885,#884,#753,.T.);
#1137=EDGE_CURVE('',#907,#880,#754,.T.);
#1138=EDGE_CURVE('',#913,#906,#141,.T.);
#1139=EDGE_CURVE('',#914,#913,#593,.T.);
#1140=EDGE_CURVE('',#891,#914,#755,.T.);
#1141=EDGE_CURVE('',#881,#890,#756,.T.);
#1142=EDGE_CURVE('',#915,#915,#757,.T.);
#1143=EDGE_CURVE('',#883,#882,#758,.T.);
#1144=EDGE_CURVE('',#908,#878,#759,.T.);
#1145=EDGE_CURVE('',#915,#916,#594,.T.);
#1146=EDGE_CURVE('',#916,#916,#760,.T.);
#1147=EDGE_CURVE('',#917,#917,#761,.T.);
#1148=EDGE_CURVE('',#917,#918,#762,.T.);
#1149=EDGE_CURVE('',#918,#919,#763,.T.);
#1150=EDGE_CURVE('',#919,#918,#764,.T.);
#1151=EDGE_CURVE('',#920,#920,#765,.T.);
#1152=EDGE_CURVE('',#920,#919,#595,.T.);
#1153=EDGE_CURVE('',#921,#921,#766,.T.);
#1154=EDGE_CURVE('',#922,#923,#767,.T.);
#1155=EDGE_CURVE('',#923,#924,#142,.T.);
#1156=EDGE_CURVE('',#924,#925,#143,.T.);
#1157=EDGE_CURVE('',#925,#922,#144,.T.);
#1158=EDGE_CURVE('',#926,#927,#768,.T.);
#1159=EDGE_CURVE('',#927,#923,#145,.T.);
#1160=EDGE_CURVE('',#922,#926,#146,.T.);
#1161=EDGE_CURVE('',#928,#929,#147,.T.);
#1162=EDGE_CURVE('',#929,#927,#148,.T.);
#1163=EDGE_CURVE('',#926,#928,#149,.T.);
#1164=EDGE_CURVE('',#922,#930,#769,.T.);
#1165=EDGE_CURVE('',#931,#930,#770,.T.);
#1166=EDGE_CURVE('',#930,#926,#771,.T.);
#1167=EDGE_CURVE('',#932,#928,#150,.T.);
#1168=EDGE_CURVE('',#925,#933,#151,.T.);
#1169=EDGE_CURVE('',#932,#933,#152,.T.);
#1170=EDGE_CURVE('',#886,#934,#16,.T.);
#1171=EDGE_CURVE('',#898,#935,#17,.F.);
#1172=EDGE_CURVE('',#935,#936,#772,.F.);
#1173=EDGE_CURVE('',#936,#937,#596,.T.);
#1174=EDGE_CURVE('',#934,#937,#773,.T.);
#1175=EDGE_CURVE('',#936,#938,#774,.T.);
#1176=EDGE_CURVE('',#939,#938,#597,.T.);
#1177=EDGE_CURVE('',#937,#939,#775,.T.);
#1178=EDGE_CURVE('',#940,#939,#776,.F.);
#1179=EDGE_CURVE('',#938,#941,#777,.F.);
#1180=EDGE_CURVE('',#941,#940,#598,.T.);
#1181=EDGE_CURVE('',#942,#943,#153,.T.);
#1182=EDGE_CURVE('',#943,#944,#154,.T.);
#1183=EDGE_CURVE('',#944,#945,#155,.T.);
#1184=EDGE_CURVE('',#946,#945,#156,.T.);
#1185=EDGE_CURVE('',#946,#942,#157,.T.);
#1186=EDGE_CURVE('',#947,#948,#778,.T.);
#1187=EDGE_CURVE('',#947,#949,#599,.T.);
#1188=EDGE_CURVE('',#949,#950,#600,.T.);
#1189=EDGE_CURVE('',#951,#950,#779,.T.);
#1190=EDGE_CURVE('',#950,#951,#780,.T.);
#1191=EDGE_CURVE('',#952,#949,#158,.T.);
#1192=EDGE_CURVE('',#953,#952,#159,.T.);
#1193=EDGE_CURVE('',#954,#953,#160,.T.);
#1194=EDGE_CURVE('',#954,#945,#601,.T.);
#1195=EDGE_CURVE('',#944,#955,#161,.F.);
#1196=EDGE_CURVE('',#949,#955,#162,.T.);
#1197=EDGE_CURVE('',#948,#947,#781,.T.);
#1198=EDGE_CURVE('',#956,#956,#163,.T.);
#1199=EDGE_CURVE('',#943,#957,#164,.T.);
#1200=EDGE_CURVE('',#957,#955,#165,.T.);
#1201=EDGE_CURVE('',#958,#959,#166,.T.);
#1202=EDGE_CURVE('',#960,#958,#782,.T.);
#1203=EDGE_CURVE('',#961,#960,#167,.T.);
#1204=EDGE_CURVE('',#961,#962,#602,.T.);
#1205=EDGE_CURVE('',#957,#962,#168,.T.);
#1206=EDGE_CURVE('',#942,#963,#783,.T.);
#1207=EDGE_CURVE('',#964,#963,#603,.T.);
#1208=EDGE_CURVE('',#965,#964,#784,.T.);
#1209=EDGE_CURVE('',#966,#965,#169,.T.);
#1210=EDGE_CURVE('',#966,#967,#170,.F.);
#1211=EDGE_CURVE('',#962,#967,#171,.T.);
#1212=EDGE_CURVE('',#962,#968,#604,.T.);
#1213=EDGE_CURVE('',#969,#968,#172,.T.);
#1214=EDGE_CURVE('',#970,#969,#785,.T.);
#1215=EDGE_CURVE('',#971,#970,#173,.T.);
#1216=EDGE_CURVE('',#972,#971,#174,.T.);
#1217=EDGE_CURVE('',#968,#972,#175,.T.);
#1218=EDGE_CURVE('',#973,#961,#176,.T.);
#1219=EDGE_CURVE('',#959,#973,#177,.T.);
#1220=EDGE_CURVE('',#953,#966,#178,.T.);
#1221=EDGE_CURVE('',#965,#974,#179,.T.);
#1222=EDGE_CURVE('',#974,#954,#180,.F.);
#1223=EDGE_CURVE('',#964,#975,#605,.T.);
#1224=EDGE_CURVE('',#976,#975,#786,.F.);
#1225=EDGE_CURVE('',#977,#976,#606,.T.);
#1226=EDGE_CURVE('',#978,#977,#787,.T.);
#1227=EDGE_CURVE('',#934,#978,#607,.T.);
#1228=EDGE_CURVE('',#940,#974,#608,.T.);
#1229=EDGE_CURVE('',#952,#967,#181,.T.);
#1230=EDGE_CURVE('',#979,#979,#182,.T.);
#1231=EDGE_CURVE('',#979,#949,#183,.T.);
#1232=EDGE_CURVE('',#980,#981,#184,.T.);
#1233=EDGE_CURVE('',#981,#982,#185,.T.);
#1234=EDGE_CURVE('',#982,#983,#186,.T.);
#1235=EDGE_CURVE('',#983,#984,#187,.T.);
#1236=EDGE_CURVE('',#984,#985,#188,.T.);
#1237=EDGE_CURVE('',#985,#980,#189,.T.);
#1238=EDGE_CURVE('',#986,#983,#190,.T.);
#1239=EDGE_CURVE('',#987,#986,#609,.T.);
#1240=EDGE_CURVE('',#988,#987,#191,.T.);
#1241=EDGE_CURVE('',#988,#989,#788,.T.);
#1242=EDGE_CURVE('',#989,#984,#610,.T.);
#1243=EDGE_CURVE('',#982,#990,#789,.T.);
#1244=EDGE_CURVE('',#986,#990,#790,.T.);
#1245=EDGE_CURVE('',#991,#981,#791,.T.);
#1246=EDGE_CURVE('',#992,#991,#192,.T.);
#1247=EDGE_CURVE('',#993,#992,#193,.T.);
#1248=EDGE_CURVE('',#994,#993,#194,.T.);
#1249=EDGE_CURVE('',#995,#994,#611,.T.);
#1250=EDGE_CURVE('',#895,#995,#792,.F.);
#1251=EDGE_CURVE('',#996,#894,#793,.T.);
#1252=EDGE_CURVE('',#997,#996,#794,.T.);
#1253=EDGE_CURVE('',#998,#997,#612,.T.);
#1254=EDGE_CURVE('',#999,#998,#195,.T.);
#1255=EDGE_CURVE('',#1000,#999,#196,.T.);
#1256=EDGE_CURVE('',#1001,#1000,#197,.T.);
#1257=EDGE_CURVE('',#1002,#1001,#198,.T.);
#1258=EDGE_CURVE('',#1003,#1002,#199,.T.);
#1259=EDGE_CURVE('',#1004,#1003,#613,.T.);
#1260=EDGE_CURVE('',#1005,#1004,#795,.T.);
#1261=EDGE_CURVE('',#894,#1005,#796,.T.);
#1262=EDGE_CURVE('',#1006,#893,#797,.F.);
#1263=EDGE_CURVE('',#1006,#1007,#614,.T.);
#1264=EDGE_CURVE('',#1008,#1007,#200,.T.);
#1265=EDGE_CURVE('',#1009,#1008,#201,.T.);
#1266=EDGE_CURVE('',#990,#1009,#202,.T.);
#1267=EDGE_CURVE('',#1010,#987,#798,.T.);
#1268=EDGE_CURVE('',#987,#1011,#203,.T.);
#1269=EDGE_CURVE('',#1011,#1012,#799,.T.);
#1270=EDGE_CURVE('',#1012,#1010,#204,.T.);
#1271=EDGE_CURVE('',#900,#1013,#800,.T.);
#1272=EDGE_CURVE('',#1013,#1012,#205,.T.);
#1273=EDGE_CURVE('',#1011,#900,#206,.T.);
#1274=EDGE_CURVE('',#901,#1014,#801,.T.);
#1275=EDGE_CURVE('',#1014,#1013,#207,.T.);
#1276=EDGE_CURVE('',#901,#1015,#208,.T.);
#1277=EDGE_CURVE('',#1015,#1016,#802,.T.);
#1278=EDGE_CURVE('',#1016,#1014,#209,.T.);
#1279=EDGE_CURVE('',#1017,#1018,#803,.T.);
#1280=EDGE_CURVE('',#1018,#1016,#210,.T.);
#1281=EDGE_CURVE('',#1015,#1017,#211,.T.);
#1282=EDGE_CURVE('',#1010,#988,#804,.T.);
#1283=EDGE_CURVE('',#1019,#1020,#212,.T.);
#1284=EDGE_CURVE('',#1020,#1018,#805,.T.);
#1285=EDGE_CURVE('',#1017,#1019,#213,.T.);
#1286=EDGE_CURVE('',#1020,#989,#15,.T.);
#1287=EDGE_CURVE('',#1019,#985,#615,.T.);
#1288=EDGE_CURVE('',#1017,#1021,#616,.T.);
#1289=EDGE_CURVE('',#980,#1021,#214,.T.);
#1290=EDGE_CURVE('',#1022,#1015,#215,.T.);
#1291=EDGE_CURVE('',#1021,#1022,#216,.T.);
#1292=EDGE_CURVE('',#1022,#912,#217,.T.);
#1293=EDGE_CURVE('',#1011,#1023,#218,.T.);
#1294=EDGE_CURVE('',#902,#1023,#219,.T.);
#1295=EDGE_CURVE('',#1023,#986,#220,.T.);
#1296=EDGE_CURVE('',#1024,#998,#806,.T.);
#1297=EDGE_CURVE('',#997,#1025,#807,.T.);
#1298=EDGE_CURVE('',#1025,#1024,#617,.T.);
#1299=EDGE_CURVE('',#996,#1026,#808,.T.);
#1300=EDGE_CURVE('',#1026,#1025,#809,.T.);
#1301=EDGE_CURVE('',#1005,#1027,#810,.T.);
#1302=EDGE_CURVE('',#1027,#1026,#811,.T.);
#1303=EDGE_CURVE('',#1004,#1028,#812,.T.);
#1304=EDGE_CURVE('',#1028,#1027,#813,.T.);
#1305=EDGE_CURVE('',#1003,#1029,#814,.T.);
#1306=EDGE_CURVE('',#1029,#1028,#618,.T.);
#1307=EDGE_CURVE('',#1002,#1030,#815,.T.);
#1308=EDGE_CURVE('',#1030,#1029,#221,.T.);
#1309=EDGE_CURVE('',#1001,#1031,#816,.T.);
#1310=EDGE_CURVE('',#1031,#1030,#222,.T.);
#1311=EDGE_CURVE('',#1000,#1032,#817,.T.);
#1312=EDGE_CURVE('',#1032,#1031,#223,.T.);
#1313=EDGE_CURVE('',#999,#1033,#818,.T.);
#1314=EDGE_CURVE('',#1033,#1032,#224,.T.);
#1315=EDGE_CURVE('',#1024,#1033,#225,.T.);
#1316=EDGE_CURVE('',#1031,#1034,#226,.T.);
#1317=EDGE_CURVE('',#1034,#1035,#227,.T.);
#1318=EDGE_CURVE('',#1035,#1036,#228,.T.);
#1319=EDGE_CURVE('',#1037,#1036,#229,.T.);
#1320=EDGE_CURVE('',#1037,#1030,#230,.T.);
#1321=EDGE_CURVE('',#1038,#1032,#231,.T.);
#1322=EDGE_CURVE('',#1038,#1034,#232,.T.);
#1323=EDGE_CURVE('',#1033,#1039,#233,.T.);
#1324=EDGE_CURVE('',#1040,#1039,#234,.T.);
#1325=EDGE_CURVE('',#1040,#1041,#235,.T.);
#1326=EDGE_CURVE('',#1041,#1038,#236,.T.);
#1327=EDGE_CURVE('',#1042,#1024,#619,.T.);
#1328=EDGE_CURVE('',#1039,#1042,#237,.T.);
#1329=EDGE_CURVE('',#1043,#1025,#620,.T.);
#1330=EDGE_CURVE('',#1044,#1043,#621,.T.);
#1331=EDGE_CURVE('',#1045,#1044,#622,.T.);
#1332=EDGE_CURVE('',#1045,#1046,#623,.T.);
#1333=EDGE_CURVE('',#1046,#1047,#624,.T.);
#1334=EDGE_CURVE('',#1042,#1047,#819,.T.);
#1335=EDGE_CURVE('',#1048,#1048,#820,.T.);
#1336=EDGE_CURVE('',#1048,#948,#821,.T.);
#1337=EDGE_CURVE('',#1042,#958,#822,.T.);
#1338=EDGE_CURVE('',#959,#1039,#823,.T.);
#1339=EDGE_CURVE('',#973,#1040,#824,.T.);
#1340=EDGE_CURVE('',#960,#1047,#825,.T.);
#1341=EDGE_CURVE('',#1047,#1040,#238,.T.);
#1342=EDGE_CURVE('',#1049,#1049,#826,.T.);
#1343=EDGE_CURVE('',#1049,#951,#827,.T.);
#1344=EDGE_CURVE('',#1050,#1029,#625,.T.);
#1345=EDGE_CURVE('',#1051,#1050,#828,.T.);
#1346=EDGE_CURVE('',#1052,#1051,#626,.T.);
#1347=EDGE_CURVE('',#1053,#1052,#627,.T.);
#1348=EDGE_CURVE('',#1054,#1053,#628,.T.);
#1349=EDGE_CURVE('',#1054,#1055,#629,.T.);
#1350=EDGE_CURVE('',#1055,#1028,#630,.T.);
#1351=EDGE_CURVE('',#1051,#969,#829,.T.);
#1352=EDGE_CURVE('',#972,#1036,#830,.T.);
#1353=EDGE_CURVE('',#1036,#1051,#239,.T.);
#1354=EDGE_CURVE('',#971,#1037,#831,.T.);
#1355=EDGE_CURVE('',#970,#1050,#832,.T.);
#1356=EDGE_CURVE('',#1050,#1037,#240,.T.);
#1357=EDGE_CURVE('',#1035,#1053,#18,.T.);
#1358=EDGE_CURVE('',#1056,#1056,#833,.T.);
#1359=EDGE_CURVE('',#1056,#921,#631,.T.);
#1360=EDGE_CURVE('',#1057,#1006,#632,.T.);
#1361=EDGE_CURVE('',#1058,#1057,#834,.T.);
#1362=EDGE_CURVE('',#1059,#1058,#633,.T.);
#1363=EDGE_CURVE('',#1060,#1059,#241,.T.);
#1364=EDGE_CURVE('',#1061,#1060,#634,.T.);
#1365=EDGE_CURVE('',#1007,#1061,#242,.F.);
#1366=EDGE_CURVE('',#1062,#1062,#835,.T.);
#1367=EDGE_CURVE('',#1062,#1063,#635,.T.);
#1368=EDGE_CURVE('',#1063,#1063,#836,.T.);
#1369=EDGE_CURVE('',#1064,#1064,#837,.T.);
#1370=EDGE_CURVE('',#1064,#1063,#636,.T.);
#1371=EDGE_CURVE('',#995,#1065,#637,.T.);
#1372=EDGE_CURVE('',#1066,#994,#243,.T.);
#1373=EDGE_CURVE('',#1067,#1066,#638,.T.);
#1374=EDGE_CURVE('',#1068,#1067,#244,.T.);
#1375=EDGE_CURVE('',#1069,#1068,#639,.T.);
#1376=EDGE_CURVE('',#1065,#1069,#838,.T.);
#1377=EDGE_CURVE('',#1070,#979,#839,.T.);
#1378=EDGE_CURVE('',#1070,#1070,#245,.T.);
#1379=EDGE_CURVE('',#1045,#1041,#19,.T.);
#1380=EDGE_CURVE('',#1071,#1044,#840,.T.);
#1381=EDGE_CURVE('',#1071,#1072,#841,.T.);
#1382=EDGE_CURVE('',#1054,#1072,#842,.T.);
#1383=EDGE_CURVE('',#1073,#1073,#843,.T.);
#1384=EDGE_CURVE('',#978,#887,#844,.T.);
#1385=EDGE_CURVE('',#977,#1074,#845,.T.);
#1386=EDGE_CURVE('',#1074,#887,#846,.T.);
#1387=EDGE_CURVE('',#976,#1075,#246,.F.);
#1388=EDGE_CURVE('',#1075,#1074,#640,.T.);
#1389=EDGE_CURVE('',#1076,#1077,#247,.T.);
#1390=EDGE_CURVE('',#1078,#1077,#248,.T.);
#1391=EDGE_CURVE('',#1078,#1079,#641,.T.);
#1392=EDGE_CURVE('',#1079,#1080,#847,.T.);
#1393=EDGE_CURVE('',#1080,#1076,#642,.T.);
#1394=EDGE_CURVE('',#1081,#897,#848,.T.);
#1395=EDGE_CURVE('',#897,#1080,#849,.T.);
#1396=EDGE_CURVE('',#1079,#1081,#850,.T.);
#1397=EDGE_CURVE('',#1081,#935,#643,.T.);
#1398=EDGE_CURVE('',#1077,#1082,#249,.T.);
#1399=EDGE_CURVE('',#1076,#1083,#250,.T.);
#1400=EDGE_CURVE('',#910,#1083,#251,.T.);
#1401=EDGE_CURVE('',#909,#1084,#252,.T.);
#1402=EDGE_CURVE('',#1084,#1082,#253,.T.);
#1403=EDGE_CURVE('',#1085,#1080,#644,.T.);
#1404=EDGE_CURVE('',#1083,#1085,#645,.T.);
#1405=EDGE_CURVE('',#1075,#1082,#646,.T.);
#1406=EDGE_CURVE('',#1084,#1086,#647,.T.);
#1407=EDGE_CURVE('',#1074,#1086,#648,.T.);
#1408=EDGE_CURVE('',#975,#1087,#649,.T.);
#1409=EDGE_CURVE('',#1087,#1078,#851,.F.);
#1410=EDGE_CURVE('',#963,#1087,#650,.T.);
#1411=EDGE_CURVE('',#910,#1067,#852,.T.);
#1412=EDGE_CURVE('',#1066,#911,#254,.T.);
#1413=EDGE_CURVE('',#1083,#1068,#853,.T.);
#1414=EDGE_CURVE('',#1085,#1069,#854,.T.);
#1415=EDGE_CURVE('',#896,#1065,#855,.T.);
#1416=EDGE_CURVE('',#1085,#896,#856,.T.);
#1417=EDGE_CURVE('',#912,#993,#857,.T.);
#1418=EDGE_CURVE('',#992,#1022,#858,.T.);
#1419=EDGE_CURVE('',#991,#1021,#859,.T.);
#1420=EDGE_CURVE('',#1060,#905,#860,.T.);
#1421=EDGE_CURVE('',#904,#1061,#255,.F.);
#1422=EDGE_CURVE('',#1059,#1088,#861,.T.);
#1423=EDGE_CURVE('',#1088,#905,#256,.T.);
#1424=EDGE_CURVE('',#1058,#1089,#862,.T.);
#1425=EDGE_CURVE('',#1089,#1088,#651,.T.);
#1426=EDGE_CURVE('',#1057,#892,#863,.T.);
#1427=EDGE_CURVE('',#892,#1089,#864,.T.);
#1428=EDGE_CURVE('',#902,#1008,#865,.T.);
#1429=EDGE_CURVE('',#1023,#1009,#866,.T.);
#1430=EDGE_CURVE('',#1090,#1090,#867,.T.);
#1431=EDGE_CURVE('',#1090,#1064,#652,.T.);
#1432=EDGE_CURVE('',#1088,#913,#257,.T.);
#1433=EDGE_CURVE('',#1073,#1091,#653,.T.);
#1434=EDGE_CURVE('',#1091,#1091,#868,.T.);
#1435=EDGE_CURVE('',#1091,#1092,#654,.T.);
#1436=EDGE_CURVE('',#924,#1092,#869,.T.);
#1437=EDGE_CURVE('',#1092,#929,#870,.T.);
#1438=EDGE_CURVE('',#1093,#1093,#871,.T.);
#1439=EDGE_CURVE('',#1093,#1092,#655,.T.);
#1440=EDGE_CURVE('',#941,#946,#656,.T.);
#1441=EDGE_CURVE('',#1086,#888,#872,.T.);
#1442=EDGE_CURVE('',#879,#889,#873,.T.);
#1443=EDGE_CURVE('',#914,#1089,#657,.T.);
#1444=EDGE_CURVE('',#1072,#1027,#658,.T.);
#1445=EDGE_CURVE('',#1071,#1026,#659,.T.);
#1446=ORIENTED_EDGE('',*,*,#1094,.T.);
#1447=ORIENTED_EDGE('',*,*,#1095,.T.);
#1448=ORIENTED_EDGE('',*,*,#1096,.T.);
#1449=ORIENTED_EDGE('',*,*,#1095,.F.);
#1450=ORIENTED_EDGE('',*,*,#1096,.F.);
#1451=ORIENTED_EDGE('',*,*,#1097,.T.);
#1452=ORIENTED_EDGE('',*,*,#1098,.F.);
#1453=ORIENTED_EDGE('',*,*,#1099,.F.);
#1454=ORIENTED_EDGE('',*,*,#1097,.F.);
#1455=ORIENTED_EDGE('',*,*,#1100,.F.);
#1456=ORIENTED_EDGE('',*,*,#1101,.F.);
#1457=ORIENTED_EDGE('',*,*,#1102,.F.);
#1458=ORIENTED_EDGE('',*,*,#1103,.F.);
#1459=ORIENTED_EDGE('',*,*,#1104,.F.);
#1460=ORIENTED_EDGE('',*,*,#1105,.F.);
#1461=ORIENTED_EDGE('',*,*,#1106,.F.);
#1462=ORIENTED_EDGE('',*,*,#1107,.F.);
#1463=ORIENTED_EDGE('',*,*,#1108,.T.);
#1464=ORIENTED_EDGE('',*,*,#1109,.F.);
#1465=ORIENTED_EDGE('',*,*,#1110,.T.);
#1466=ORIENTED_EDGE('',*,*,#1111,.T.);
#1467=ORIENTED_EDGE('',*,*,#1112,.T.);
#1468=ORIENTED_EDGE('',*,*,#1113,.F.);
#1469=ORIENTED_EDGE('',*,*,#1114,.F.);
#1470=ORIENTED_EDGE('',*,*,#1115,.F.);
#1471=ORIENTED_EDGE('',*,*,#1116,.F.);
#1472=ORIENTED_EDGE('',*,*,#1117,.F.);
#1473=ORIENTED_EDGE('',*,*,#1118,.F.);
#1474=ORIENTED_EDGE('',*,*,#1119,.T.);
#1475=ORIENTED_EDGE('',*,*,#1120,.F.);
#1476=ORIENTED_EDGE('',*,*,#1094,.F.);
#1477=ORIENTED_EDGE('',*,*,#1121,.T.);
#1478=ORIENTED_EDGE('',*,*,#1098,.T.);
#1479=ORIENTED_EDGE('',*,*,#1099,.T.);
#1480=ORIENTED_EDGE('',*,*,#1121,.F.);
#1481=ORIENTED_EDGE('',*,*,#1122,.T.);
#1482=ORIENTED_EDGE('',*,*,#1123,.F.);
#1483=ORIENTED_EDGE('',*,*,#1124,.F.);
#1484=ORIENTED_EDGE('',*,*,#1125,.F.);
#1485=ORIENTED_EDGE('',*,*,#1126,.T.);
#1486=ORIENTED_EDGE('',*,*,#1127,.F.);
#1487=ORIENTED_EDGE('',*,*,#1128,.F.);
#1488=ORIENTED_EDGE('',*,*,#1129,.T.);
#1489=ORIENTED_EDGE('',*,*,#1130,.T.);
#1490=ORIENTED_EDGE('',*,*,#1131,.T.);
#1491=ORIENTED_EDGE('',*,*,#1132,.F.);
#1492=ORIENTED_EDGE('',*,*,#1133,.F.);
#1493=ORIENTED_EDGE('',*,*,#1134,.F.);
#1494=ORIENTED_EDGE('',*,*,#1135,.F.);
#1495=ORIENTED_EDGE('',*,*,#1122,.F.);
#1496=ORIENTED_EDGE('',*,*,#1106,.T.);
#1497=ORIENTED_EDGE('',*,*,#1136,.F.);
#1498=ORIENTED_EDGE('',*,*,#1102,.T.);
#1499=ORIENTED_EDGE('',*,*,#1137,.F.);
#1500=ORIENTED_EDGE('',*,*,#1129,.F.);
#1501=ORIENTED_EDGE('',*,*,#1138,.F.);
#1502=ORIENTED_EDGE('',*,*,#1139,.F.);
#1503=ORIENTED_EDGE('',*,*,#1140,.F.);
#1504=ORIENTED_EDGE('',*,*,#1112,.F.);
#1505=ORIENTED_EDGE('',*,*,#1141,.F.);
#1506=ORIENTED_EDGE('',*,*,#1142,.T.);
#1507=ORIENTED_EDGE('',*,*,#1107,.T.);
#1508=ORIENTED_EDGE('',*,*,#1136,.T.);
#1509=ORIENTED_EDGE('',*,*,#1105,.T.);
#1510=ORIENTED_EDGE('',*,*,#1143,.F.);
#1511=ORIENTED_EDGE('',*,*,#1101,.T.);
#1512=ORIENTED_EDGE('',*,*,#1144,.F.);
#1513=ORIENTED_EDGE('',*,*,#1130,.F.);
#1514=ORIENTED_EDGE('',*,*,#1137,.T.);
#1515=ORIENTED_EDGE('',*,*,#1104,.T.);
#1516=ORIENTED_EDGE('',*,*,#1143,.T.);
#1517=ORIENTED_EDGE('',*,*,#1142,.F.);
#1518=ORIENTED_EDGE('',*,*,#1145,.T.);
#1519=ORIENTED_EDGE('',*,*,#1146,.F.);
#1520=ORIENTED_EDGE('',*,*,#1145,.F.);
#1521=ORIENTED_EDGE('',*,*,#1147,.T.);
#1522=ORIENTED_EDGE('',*,*,#1148,.T.);
#1523=ORIENTED_EDGE('',*,*,#1149,.T.);
#1524=ORIENTED_EDGE('',*,*,#1150,.T.);
#1525=ORIENTED_EDGE('',*,*,#1148,.F.);
#1526=ORIENTED_EDGE('',*,*,#1151,.F.);
#1527=ORIENTED_EDGE('',*,*,#1152,.T.);
#1528=ORIENTED_EDGE('',*,*,#1149,.F.);
#1529=ORIENTED_EDGE('',*,*,#1150,.F.);
#1530=ORIENTED_EDGE('',*,*,#1152,.F.);
#1531=ORIENTED_EDGE('',*,*,#1147,.F.);
#1532=ORIENTED_EDGE('',*,*,#1153,.F.);
#1533=ORIENTED_EDGE('',*,*,#1151,.T.);
#1534=ORIENTED_EDGE('',*,*,#1154,.T.);
#1535=ORIENTED_EDGE('',*,*,#1155,.T.);
#1536=ORIENTED_EDGE('',*,*,#1156,.T.);
#1537=ORIENTED_EDGE('',*,*,#1157,.T.);
#1538=ORIENTED_EDGE('',*,*,#1158,.T.);
#1539=ORIENTED_EDGE('',*,*,#1159,.T.);
#1540=ORIENTED_EDGE('',*,*,#1154,.F.);
#1541=ORIENTED_EDGE('',*,*,#1160,.T.);
#1542=ORIENTED_EDGE('',*,*,#1161,.T.);
#1543=ORIENTED_EDGE('',*,*,#1162,.T.);
#1544=ORIENTED_EDGE('',*,*,#1158,.F.);
#1545=ORIENTED_EDGE('',*,*,#1163,.T.);
#1546=ORIENTED_EDGE('',*,*,#1160,.F.);
#1547=ORIENTED_EDGE('',*,*,#1164,.T.);
#1548=ORIENTED_EDGE('',*,*,#1165,.F.);
#1549=ORIENTED_EDGE('',*,*,#1165,.T.);
#1550=ORIENTED_EDGE('',*,*,#1166,.T.);
#1551=ORIENTED_EDGE('',*,*,#1167,.T.);
#1552=ORIENTED_EDGE('',*,*,#1163,.F.);
#1553=ORIENTED_EDGE('',*,*,#1166,.F.);
#1554=ORIENTED_EDGE('',*,*,#1164,.F.);
#1555=ORIENTED_EDGE('',*,*,#1157,.F.);
#1556=ORIENTED_EDGE('',*,*,#1168,.T.);
#1557=ORIENTED_EDGE('',*,*,#1169,.F.);
#1558=ORIENTED_EDGE('',*,*,#1170,.F.);
#1559=ORIENTED_EDGE('',*,*,#1120,.T.);
#1560=ORIENTED_EDGE('',*,*,#1171,.T.);
#1561=ORIENTED_EDGE('',*,*,#1172,.T.);
#1562=ORIENTED_EDGE('',*,*,#1173,.T.);
#1563=ORIENTED_EDGE('',*,*,#1174,.F.);
#1564=ORIENTED_EDGE('',*,*,#1173,.F.);
#1565=ORIENTED_EDGE('',*,*,#1175,.T.);
#1566=ORIENTED_EDGE('',*,*,#1176,.F.);
#1567=ORIENTED_EDGE('',*,*,#1177,.F.);
#1568=ORIENTED_EDGE('',*,*,#1178,.T.);
#1569=ORIENTED_EDGE('',*,*,#1176,.T.);
#1570=ORIENTED_EDGE('',*,*,#1179,.T.);
#1571=ORIENTED_EDGE('',*,*,#1180,.T.);
#1572=ORIENTED_EDGE('',*,*,#1181,.T.);
#1573=ORIENTED_EDGE('',*,*,#1182,.T.);
#1574=ORIENTED_EDGE('',*,*,#1183,.T.);
#1575=ORIENTED_EDGE('',*,*,#1184,.F.);
#1576=ORIENTED_EDGE('',*,*,#1185,.T.);
#1577=ORIENTED_EDGE('',*,*,#1186,.F.);
#1578=ORIENTED_EDGE('',*,*,#1187,.T.);
#1579=ORIENTED_EDGE('',*,*,#1188,.T.);
#1580=ORIENTED_EDGE('',*,*,#1189,.F.);
#1581=ORIENTED_EDGE('',*,*,#1190,.F.);
#1582=ORIENTED_EDGE('',*,*,#1188,.F.);
#1583=ORIENTED_EDGE('',*,*,#1191,.F.);
#1584=ORIENTED_EDGE('',*,*,#1192,.F.);
#1585=ORIENTED_EDGE('',*,*,#1193,.F.);
#1586=ORIENTED_EDGE('',*,*,#1194,.T.);
#1587=ORIENTED_EDGE('',*,*,#1183,.F.);
#1588=ORIENTED_EDGE('',*,*,#1195,.T.);
#1589=ORIENTED_EDGE('',*,*,#1196,.F.);
#1590=ORIENTED_EDGE('',*,*,#1187,.F.);
#1591=ORIENTED_EDGE('',*,*,#1197,.F.);
#1592=ORIENTED_EDGE('',*,*,#1198,.F.);
#1593=ORIENTED_EDGE('',*,*,#1182,.F.);
#1594=ORIENTED_EDGE('',*,*,#1199,.T.);
#1595=ORIENTED_EDGE('',*,*,#1200,.T.);
#1596=ORIENTED_EDGE('',*,*,#1195,.F.);
#1597=ORIENTED_EDGE('',*,*,#1201,.F.);
#1598=ORIENTED_EDGE('',*,*,#1202,.F.);
#1599=ORIENTED_EDGE('',*,*,#1203,.F.);
#1600=ORIENTED_EDGE('',*,*,#1204,.T.);
#1601=ORIENTED_EDGE('',*,*,#1205,.F.);
#1602=ORIENTED_EDGE('',*,*,#1199,.F.);
#1603=ORIENTED_EDGE('',*,*,#1181,.F.);
#1604=ORIENTED_EDGE('',*,*,#1206,.T.);
#1605=ORIENTED_EDGE('',*,*,#1207,.F.);
#1606=ORIENTED_EDGE('',*,*,#1208,.F.);
#1607=ORIENTED_EDGE('',*,*,#1209,.F.);
#1608=ORIENTED_EDGE('',*,*,#1210,.T.);
#1609=ORIENTED_EDGE('',*,*,#1211,.F.);
#1610=ORIENTED_EDGE('',*,*,#1212,.T.);
#1611=ORIENTED_EDGE('',*,*,#1213,.F.);
#1612=ORIENTED_EDGE('',*,*,#1214,.F.);
#1613=ORIENTED_EDGE('',*,*,#1215,.F.);
#1614=ORIENTED_EDGE('',*,*,#1216,.F.);
#1615=ORIENTED_EDGE('',*,*,#1217,.F.);
#1616=ORIENTED_EDGE('',*,*,#1212,.F.);
#1617=ORIENTED_EDGE('',*,*,#1204,.F.);
#1618=ORIENTED_EDGE('',*,*,#1218,.F.);
#1619=ORIENTED_EDGE('',*,*,#1219,.F.);
#1620=ORIENTED_EDGE('',*,*,#1193,.T.);
#1621=ORIENTED_EDGE('',*,*,#1220,.T.);
#1622=ORIENTED_EDGE('',*,*,#1209,.T.);
#1623=ORIENTED_EDGE('',*,*,#1221,.T.);
#1624=ORIENTED_EDGE('',*,*,#1222,.T.);
#1625=ORIENTED_EDGE('',*,*,#1221,.F.);
#1626=ORIENTED_EDGE('',*,*,#1208,.T.);
#1627=ORIENTED_EDGE('',*,*,#1223,.T.);
#1628=ORIENTED_EDGE('',*,*,#1224,.F.);
#1629=ORIENTED_EDGE('',*,*,#1225,.F.);
#1630=ORIENTED_EDGE('',*,*,#1226,.F.);
#1631=ORIENTED_EDGE('',*,*,#1227,.F.);
#1632=ORIENTED_EDGE('',*,*,#1174,.T.);
#1633=ORIENTED_EDGE('',*,*,#1177,.T.);
#1634=ORIENTED_EDGE('',*,*,#1178,.F.);
#1635=ORIENTED_EDGE('',*,*,#1228,.T.);
#1636=ORIENTED_EDGE('',*,*,#1220,.F.);
#1637=ORIENTED_EDGE('',*,*,#1192,.T.);
#1638=ORIENTED_EDGE('',*,*,#1229,.T.);
#1639=ORIENTED_EDGE('',*,*,#1210,.F.);
#1640=ORIENTED_EDGE('',*,*,#1230,.F.);
#1641=ORIENTED_EDGE('',*,*,#1231,.T.);
#1642=ORIENTED_EDGE('',*,*,#1196,.T.);
#1643=ORIENTED_EDGE('',*,*,#1200,.F.);
#1644=ORIENTED_EDGE('',*,*,#1205,.T.);
#1645=ORIENTED_EDGE('',*,*,#1211,.T.);
#1646=ORIENTED_EDGE('',*,*,#1229,.F.);
#1647=ORIENTED_EDGE('',*,*,#1191,.T.);
#1648=ORIENTED_EDGE('',*,*,#1231,.F.);
#1649=ORIENTED_EDGE('',*,*,#1232,.T.);
#1650=ORIENTED_EDGE('',*,*,#1233,.T.);
#1651=ORIENTED_EDGE('',*,*,#1234,.T.);
#1652=ORIENTED_EDGE('',*,*,#1235,.T.);
#1653=ORIENTED_EDGE('',*,*,#1236,.T.);
#1654=ORIENTED_EDGE('',*,*,#1237,.T.);
#1655=ORIENTED_EDGE('',*,*,#1235,.F.);
#1656=ORIENTED_EDGE('',*,*,#1238,.F.);
#1657=ORIENTED_EDGE('',*,*,#1239,.F.);
#1658=ORIENTED_EDGE('',*,*,#1240,.F.);
#1659=ORIENTED_EDGE('',*,*,#1241,.T.);
#1660=ORIENTED_EDGE('',*,*,#1242,.T.);
#1661=ORIENTED_EDGE('',*,*,#1234,.F.);
#1662=ORIENTED_EDGE('',*,*,#1243,.T.);
#1663=ORIENTED_EDGE('',*,*,#1244,.F.);
#1664=ORIENTED_EDGE('',*,*,#1238,.T.);
#1665=ORIENTED_EDGE('',*,*,#1233,.F.);
#1666=ORIENTED_EDGE('',*,*,#1245,.F.);
#1667=ORIENTED_EDGE('',*,*,#1246,.F.);
#1668=ORIENTED_EDGE('',*,*,#1247,.F.);
#1669=ORIENTED_EDGE('',*,*,#1248,.F.);
#1670=ORIENTED_EDGE('',*,*,#1249,.F.);
#1671=ORIENTED_EDGE('',*,*,#1250,.F.);
#1672=ORIENTED_EDGE('',*,*,#1116,.T.);
#1673=ORIENTED_EDGE('',*,*,#1251,.F.);
#1674=ORIENTED_EDGE('',*,*,#1252,.F.);
#1675=ORIENTED_EDGE('',*,*,#1253,.F.);
#1676=ORIENTED_EDGE('',*,*,#1254,.F.);
#1677=ORIENTED_EDGE('',*,*,#1255,.F.);
#1678=ORIENTED_EDGE('',*,*,#1256,.F.);
#1679=ORIENTED_EDGE('',*,*,#1257,.F.);
#1680=ORIENTED_EDGE('',*,*,#1258,.F.);
#1681=ORIENTED_EDGE('',*,*,#1259,.F.);
#1682=ORIENTED_EDGE('',*,*,#1260,.F.);
#1683=ORIENTED_EDGE('',*,*,#1261,.F.);
#1684=ORIENTED_EDGE('',*,*,#1115,.T.);
#1685=ORIENTED_EDGE('',*,*,#1262,.F.);
#1686=ORIENTED_EDGE('',*,*,#1263,.T.);
#1687=ORIENTED_EDGE('',*,*,#1264,.F.);
#1688=ORIENTED_EDGE('',*,*,#1265,.F.);
#1689=ORIENTED_EDGE('',*,*,#1266,.F.);
#1690=ORIENTED_EDGE('',*,*,#1243,.F.);
#1691=ORIENTED_EDGE('',*,*,#1267,.T.);
#1692=ORIENTED_EDGE('',*,*,#1268,.T.);
#1693=ORIENTED_EDGE('',*,*,#1269,.T.);
#1694=ORIENTED_EDGE('',*,*,#1270,.T.);
#1695=ORIENTED_EDGE('',*,*,#1271,.T.);
#1696=ORIENTED_EDGE('',*,*,#1272,.T.);
#1697=ORIENTED_EDGE('',*,*,#1269,.F.);
#1698=ORIENTED_EDGE('',*,*,#1273,.T.);
#1699=ORIENTED_EDGE('',*,*,#1271,.F.);
#1700=ORIENTED_EDGE('',*,*,#1123,.T.);
#1701=ORIENTED_EDGE('',*,*,#1274,.T.);
#1702=ORIENTED_EDGE('',*,*,#1275,.T.);
#1703=ORIENTED_EDGE('',*,*,#1274,.F.);
#1704=ORIENTED_EDGE('',*,*,#1276,.T.);
#1705=ORIENTED_EDGE('',*,*,#1277,.T.);
#1706=ORIENTED_EDGE('',*,*,#1278,.T.);
#1707=ORIENTED_EDGE('',*,*,#1279,.T.);
#1708=ORIENTED_EDGE('',*,*,#1280,.T.);
#1709=ORIENTED_EDGE('',*,*,#1277,.F.);
#1710=ORIENTED_EDGE('',*,*,#1281,.T.);
#1711=ORIENTED_EDGE('',*,*,#1240,.T.);
#1712=ORIENTED_EDGE('',*,*,#1267,.F.);
#1713=ORIENTED_EDGE('',*,*,#1282,.T.);
#1714=ORIENTED_EDGE('',*,*,#1283,.T.);
#1715=ORIENTED_EDGE('',*,*,#1284,.T.);
#1716=ORIENTED_EDGE('',*,*,#1279,.F.);
#1717=ORIENTED_EDGE('',*,*,#1285,.T.);
#1718=ORIENTED_EDGE('',*,*,#1236,.F.);
#1719=ORIENTED_EDGE('',*,*,#1242,.F.);
#1720=ORIENTED_EDGE('',*,*,#1286,.F.);
#1721=ORIENTED_EDGE('',*,*,#1283,.F.);
#1722=ORIENTED_EDGE('',*,*,#1287,.T.);
#1723=ORIENTED_EDGE('',*,*,#1237,.F.);
#1724=ORIENTED_EDGE('',*,*,#1287,.F.);
#1725=ORIENTED_EDGE('',*,*,#1285,.F.);
#1726=ORIENTED_EDGE('',*,*,#1288,.T.);
#1727=ORIENTED_EDGE('',*,*,#1289,.F.);
#1728=ORIENTED_EDGE('',*,*,#1281,.F.);
#1729=ORIENTED_EDGE('',*,*,#1290,.F.);
#1730=ORIENTED_EDGE('',*,*,#1291,.F.);
#1731=ORIENTED_EDGE('',*,*,#1288,.F.);
#1732=ORIENTED_EDGE('',*,*,#1276,.F.);
#1733=ORIENTED_EDGE('',*,*,#1135,.T.);
#1734=ORIENTED_EDGE('',*,*,#1292,.F.);
#1735=ORIENTED_EDGE('',*,*,#1290,.T.);
#1736=ORIENTED_EDGE('',*,*,#1273,.F.);
#1737=ORIENTED_EDGE('',*,*,#1293,.T.);
#1738=ORIENTED_EDGE('',*,*,#1294,.F.);
#1739=ORIENTED_EDGE('',*,*,#1124,.T.);
#1740=ORIENTED_EDGE('',*,*,#1268,.F.);
#1741=ORIENTED_EDGE('',*,*,#1239,.T.);
#1742=ORIENTED_EDGE('',*,*,#1295,.F.);
#1743=ORIENTED_EDGE('',*,*,#1293,.F.);
#1744=ORIENTED_EDGE('',*,*,#1296,.T.);
#1745=ORIENTED_EDGE('',*,*,#1253,.T.);
#1746=ORIENTED_EDGE('',*,*,#1297,.T.);
#1747=ORIENTED_EDGE('',*,*,#1298,.T.);
#1748=ORIENTED_EDGE('',*,*,#1299,.T.);
#1749=ORIENTED_EDGE('',*,*,#1300,.T.);
#1750=ORIENTED_EDGE('',*,*,#1297,.F.);
#1751=ORIENTED_EDGE('',*,*,#1252,.T.);
#1752=ORIENTED_EDGE('',*,*,#1301,.T.);
#1753=ORIENTED_EDGE('',*,*,#1302,.T.);
#1754=ORIENTED_EDGE('',*,*,#1299,.F.);
#1755=ORIENTED_EDGE('',*,*,#1251,.T.);
#1756=ORIENTED_EDGE('',*,*,#1261,.T.);
#1757=ORIENTED_EDGE('',*,*,#1303,.T.);
#1758=ORIENTED_EDGE('',*,*,#1304,.T.);
#1759=ORIENTED_EDGE('',*,*,#1301,.F.);
#1760=ORIENTED_EDGE('',*,*,#1260,.T.);
#1761=ORIENTED_EDGE('',*,*,#1305,.T.);
#1762=ORIENTED_EDGE('',*,*,#1306,.T.);
#1763=ORIENTED_EDGE('',*,*,#1303,.F.);
#1764=ORIENTED_EDGE('',*,*,#1259,.T.);
#1765=ORIENTED_EDGE('',*,*,#1307,.T.);
#1766=ORIENTED_EDGE('',*,*,#1308,.T.);
#1767=ORIENTED_EDGE('',*,*,#1305,.F.);
#1768=ORIENTED_EDGE('',*,*,#1258,.T.);
#1769=ORIENTED_EDGE('',*,*,#1309,.T.);
#1770=ORIENTED_EDGE('',*,*,#1310,.T.);
#1771=ORIENTED_EDGE('',*,*,#1307,.F.);
#1772=ORIENTED_EDGE('',*,*,#1257,.T.);
#1773=ORIENTED_EDGE('',*,*,#1309,.F.);
#1774=ORIENTED_EDGE('',*,*,#1256,.T.);
#1775=ORIENTED_EDGE('',*,*,#1311,.T.);
#1776=ORIENTED_EDGE('',*,*,#1312,.T.);
#1777=ORIENTED_EDGE('',*,*,#1313,.T.);
#1778=ORIENTED_EDGE('',*,*,#1314,.T.);
#1779=ORIENTED_EDGE('',*,*,#1311,.F.);
#1780=ORIENTED_EDGE('',*,*,#1255,.T.);
#1781=ORIENTED_EDGE('',*,*,#1296,.F.);
#1782=ORIENTED_EDGE('',*,*,#1315,.T.);
#1783=ORIENTED_EDGE('',*,*,#1313,.F.);
#1784=ORIENTED_EDGE('',*,*,#1254,.T.);
#1785=ORIENTED_EDGE('',*,*,#1310,.F.);
#1786=ORIENTED_EDGE('',*,*,#1316,.T.);
#1787=ORIENTED_EDGE('',*,*,#1317,.T.);
#1788=ORIENTED_EDGE('',*,*,#1318,.T.);
#1789=ORIENTED_EDGE('',*,*,#1319,.F.);
#1790=ORIENTED_EDGE('',*,*,#1320,.T.);
#1791=ORIENTED_EDGE('',*,*,#1312,.F.);
#1792=ORIENTED_EDGE('',*,*,#1321,.F.);
#1793=ORIENTED_EDGE('',*,*,#1322,.T.);
#1794=ORIENTED_EDGE('',*,*,#1316,.F.);
#1795=ORIENTED_EDGE('',*,*,#1314,.F.);
#1796=ORIENTED_EDGE('',*,*,#1323,.T.);
#1797=ORIENTED_EDGE('',*,*,#1324,.F.);
#1798=ORIENTED_EDGE('',*,*,#1325,.T.);
#1799=ORIENTED_EDGE('',*,*,#1326,.T.);
#1800=ORIENTED_EDGE('',*,*,#1321,.T.);
#1801=ORIENTED_EDGE('',*,*,#1315,.F.);
#1802=ORIENTED_EDGE('',*,*,#1327,.F.);
#1803=ORIENTED_EDGE('',*,*,#1328,.F.);
#1804=ORIENTED_EDGE('',*,*,#1323,.F.);
#1805=ORIENTED_EDGE('',*,*,#1298,.F.);
#1806=ORIENTED_EDGE('',*,*,#1329,.F.);
#1807=ORIENTED_EDGE('',*,*,#1330,.F.);
#1808=ORIENTED_EDGE('',*,*,#1331,.F.);
#1809=ORIENTED_EDGE('',*,*,#1332,.T.);
#1810=ORIENTED_EDGE('',*,*,#1333,.T.);
#1811=ORIENTED_EDGE('',*,*,#1334,.F.);
#1812=ORIENTED_EDGE('',*,*,#1327,.T.);
#1813=ORIENTED_EDGE('',*,*,#1335,.F.);
#1814=ORIENTED_EDGE('',*,*,#1335,.T.);
#1815=ORIENTED_EDGE('',*,*,#1336,.T.);
#1816=ORIENTED_EDGE('',*,*,#1197,.T.);
#1817=ORIENTED_EDGE('',*,*,#1186,.T.);
#1818=ORIENTED_EDGE('',*,*,#1336,.F.);
#1819=ORIENTED_EDGE('',*,*,#1337,.T.);
#1820=ORIENTED_EDGE('',*,*,#1201,.T.);
#1821=ORIENTED_EDGE('',*,*,#1338,.T.);
#1822=ORIENTED_EDGE('',*,*,#1328,.T.);
#1823=ORIENTED_EDGE('',*,*,#1339,.T.);
#1824=ORIENTED_EDGE('',*,*,#1324,.T.);
#1825=ORIENTED_EDGE('',*,*,#1338,.F.);
#1826=ORIENTED_EDGE('',*,*,#1219,.T.);
#1827=ORIENTED_EDGE('',*,*,#1339,.F.);
#1828=ORIENTED_EDGE('',*,*,#1218,.T.);
#1829=ORIENTED_EDGE('',*,*,#1203,.T.);
#1830=ORIENTED_EDGE('',*,*,#1340,.T.);
#1831=ORIENTED_EDGE('',*,*,#1341,.T.);
#1832=ORIENTED_EDGE('',*,*,#1340,.F.);
#1833=ORIENTED_EDGE('',*,*,#1202,.T.);
#1834=ORIENTED_EDGE('',*,*,#1337,.F.);
#1835=ORIENTED_EDGE('',*,*,#1334,.T.);
#1836=ORIENTED_EDGE('',*,*,#1342,.T.);
#1837=ORIENTED_EDGE('',*,*,#1343,.T.);
#1838=ORIENTED_EDGE('',*,*,#1189,.T.);
#1839=ORIENTED_EDGE('',*,*,#1190,.T.);
#1840=ORIENTED_EDGE('',*,*,#1343,.F.);
#1841=ORIENTED_EDGE('',*,*,#1306,.F.);
#1842=ORIENTED_EDGE('',*,*,#1344,.F.);
#1843=ORIENTED_EDGE('',*,*,#1345,.F.);
#1844=ORIENTED_EDGE('',*,*,#1346,.F.);
#1845=ORIENTED_EDGE('',*,*,#1347,.F.);
#1846=ORIENTED_EDGE('',*,*,#1348,.F.);
#1847=ORIENTED_EDGE('',*,*,#1349,.T.);
#1848=ORIENTED_EDGE('',*,*,#1350,.T.);
#1849=ORIENTED_EDGE('',*,*,#1342,.F.);
#1850=ORIENTED_EDGE('',*,*,#1351,.T.);
#1851=ORIENTED_EDGE('',*,*,#1213,.T.);
#1852=ORIENTED_EDGE('',*,*,#1217,.T.);
#1853=ORIENTED_EDGE('',*,*,#1352,.T.);
#1854=ORIENTED_EDGE('',*,*,#1353,.T.);
#1855=ORIENTED_EDGE('',*,*,#1354,.T.);
#1856=ORIENTED_EDGE('',*,*,#1319,.T.);
#1857=ORIENTED_EDGE('',*,*,#1352,.F.);
#1858=ORIENTED_EDGE('',*,*,#1216,.T.);
#1859=ORIENTED_EDGE('',*,*,#1354,.F.);
#1860=ORIENTED_EDGE('',*,*,#1215,.T.);
#1861=ORIENTED_EDGE('',*,*,#1355,.T.);
#1862=ORIENTED_EDGE('',*,*,#1356,.T.);
#1863=ORIENTED_EDGE('',*,*,#1355,.F.);
#1864=ORIENTED_EDGE('',*,*,#1214,.T.);
#1865=ORIENTED_EDGE('',*,*,#1351,.F.);
#1866=ORIENTED_EDGE('',*,*,#1345,.T.);
#1867=ORIENTED_EDGE('',*,*,#1353,.F.);
#1868=ORIENTED_EDGE('',*,*,#1318,.F.);
#1869=ORIENTED_EDGE('',*,*,#1357,.T.);
#1870=ORIENTED_EDGE('',*,*,#1347,.T.);
#1871=ORIENTED_EDGE('',*,*,#1346,.T.);
#1872=ORIENTED_EDGE('',*,*,#1358,.T.);
#1873=ORIENTED_EDGE('',*,*,#1359,.T.);
#1874=ORIENTED_EDGE('',*,*,#1153,.T.);
#1875=ORIENTED_EDGE('',*,*,#1359,.F.);
#1876=ORIENTED_EDGE('',*,*,#1360,.F.);
#1877=ORIENTED_EDGE('',*,*,#1361,.F.);
#1878=ORIENTED_EDGE('',*,*,#1362,.F.);
#1879=ORIENTED_EDGE('',*,*,#1363,.F.);
#1880=ORIENTED_EDGE('',*,*,#1364,.F.);
#1881=ORIENTED_EDGE('',*,*,#1365,.F.);
#1882=ORIENTED_EDGE('',*,*,#1263,.F.);
#1883=ORIENTED_EDGE('',*,*,#1358,.F.);
#1884=ORIENTED_EDGE('',*,*,#1366,.T.);
#1885=ORIENTED_EDGE('',*,*,#1367,.T.);
#1886=ORIENTED_EDGE('',*,*,#1368,.T.);
#1887=ORIENTED_EDGE('',*,*,#1367,.F.);
#1888=ORIENTED_EDGE('',*,*,#1369,.F.);
#1889=ORIENTED_EDGE('',*,*,#1370,.T.);
#1890=ORIENTED_EDGE('',*,*,#1368,.F.);
#1891=ORIENTED_EDGE('',*,*,#1370,.F.);
#1892=ORIENTED_EDGE('',*,*,#1371,.F.);
#1893=ORIENTED_EDGE('',*,*,#1249,.T.);
#1894=ORIENTED_EDGE('',*,*,#1372,.F.);
#1895=ORIENTED_EDGE('',*,*,#1373,.F.);
#1896=ORIENTED_EDGE('',*,*,#1374,.F.);
#1897=ORIENTED_EDGE('',*,*,#1375,.F.);
#1898=ORIENTED_EDGE('',*,*,#1376,.F.);
#1899=ORIENTED_EDGE('',*,*,#1366,.F.);
#1900=ORIENTED_EDGE('',*,*,#1377,.T.);
#1901=ORIENTED_EDGE('',*,*,#1230,.T.);
#1902=ORIENTED_EDGE('',*,*,#1377,.F.);
#1903=ORIENTED_EDGE('',*,*,#1378,.T.);
#1904=ORIENTED_EDGE('',*,*,#1379,.F.);
#1905=ORIENTED_EDGE('',*,*,#1331,.T.);
#1906=ORIENTED_EDGE('',*,*,#1380,.F.);
#1907=ORIENTED_EDGE('',*,*,#1381,.T.);
#1908=ORIENTED_EDGE('',*,*,#1382,.F.);
#1909=ORIENTED_EDGE('',*,*,#1348,.T.);
#1910=ORIENTED_EDGE('',*,*,#1357,.F.);
#1911=ORIENTED_EDGE('',*,*,#1317,.F.);
#1912=ORIENTED_EDGE('',*,*,#1322,.F.);
#1913=ORIENTED_EDGE('',*,*,#1326,.F.);
#1914=ORIENTED_EDGE('',*,*,#1284,.F.);
#1915=ORIENTED_EDGE('',*,*,#1286,.T.);
#1916=ORIENTED_EDGE('',*,*,#1241,.F.);
#1917=ORIENTED_EDGE('',*,*,#1282,.F.);
#1918=ORIENTED_EDGE('',*,*,#1270,.F.);
#1919=ORIENTED_EDGE('',*,*,#1272,.F.);
#1920=ORIENTED_EDGE('',*,*,#1275,.F.);
#1921=ORIENTED_EDGE('',*,*,#1278,.F.);
#1922=ORIENTED_EDGE('',*,*,#1280,.F.);
#1923=ORIENTED_EDGE('',*,*,#1383,.F.);
#1924=ORIENTED_EDGE('',*,*,#1378,.F.);
#1925=ORIENTED_EDGE('',*,*,#1384,.T.);
#1926=ORIENTED_EDGE('',*,*,#1108,.F.);
#1927=ORIENTED_EDGE('',*,*,#1170,.T.);
#1928=ORIENTED_EDGE('',*,*,#1227,.T.);
#1929=ORIENTED_EDGE('',*,*,#1385,.T.);
#1930=ORIENTED_EDGE('',*,*,#1386,.T.);
#1931=ORIENTED_EDGE('',*,*,#1384,.F.);
#1932=ORIENTED_EDGE('',*,*,#1226,.T.);
#1933=ORIENTED_EDGE('',*,*,#1387,.T.);
#1934=ORIENTED_EDGE('',*,*,#1388,.T.);
#1935=ORIENTED_EDGE('',*,*,#1385,.F.);
#1936=ORIENTED_EDGE('',*,*,#1225,.T.);
#1937=ORIENTED_EDGE('',*,*,#1389,.T.);
#1938=ORIENTED_EDGE('',*,*,#1390,.F.);
#1939=ORIENTED_EDGE('',*,*,#1391,.T.);
#1940=ORIENTED_EDGE('',*,*,#1392,.T.);
#1941=ORIENTED_EDGE('',*,*,#1393,.T.);
#1942=ORIENTED_EDGE('',*,*,#1394,.T.);
#1943=ORIENTED_EDGE('',*,*,#1395,.T.);
#1944=ORIENTED_EDGE('',*,*,#1392,.F.);
#1945=ORIENTED_EDGE('',*,*,#1396,.T.);
#1946=ORIENTED_EDGE('',*,*,#1119,.F.);
#1947=ORIENTED_EDGE('',*,*,#1394,.F.);
#1948=ORIENTED_EDGE('',*,*,#1397,.T.);
#1949=ORIENTED_EDGE('',*,*,#1171,.F.);
#1950=ORIENTED_EDGE('',*,*,#1398,.F.);
#1951=ORIENTED_EDGE('',*,*,#1389,.F.);
#1952=ORIENTED_EDGE('',*,*,#1399,.T.);
#1953=ORIENTED_EDGE('',*,*,#1400,.F.);
#1954=ORIENTED_EDGE('',*,*,#1132,.T.);
#1955=ORIENTED_EDGE('',*,*,#1401,.T.);
#1956=ORIENTED_EDGE('',*,*,#1402,.T.);
#1957=ORIENTED_EDGE('',*,*,#1393,.F.);
#1958=ORIENTED_EDGE('',*,*,#1403,.F.);
#1959=ORIENTED_EDGE('',*,*,#1404,.F.);
#1960=ORIENTED_EDGE('',*,*,#1399,.F.);
#1961=ORIENTED_EDGE('',*,*,#1405,.T.);
#1962=ORIENTED_EDGE('',*,*,#1402,.F.);
#1963=ORIENTED_EDGE('',*,*,#1406,.T.);
#1964=ORIENTED_EDGE('',*,*,#1407,.F.);
#1965=ORIENTED_EDGE('',*,*,#1388,.F.);
#1966=ORIENTED_EDGE('',*,*,#1224,.T.);
#1967=ORIENTED_EDGE('',*,*,#1408,.T.);
#1968=ORIENTED_EDGE('',*,*,#1409,.T.);
#1969=ORIENTED_EDGE('',*,*,#1390,.T.);
#1970=ORIENTED_EDGE('',*,*,#1398,.T.);
#1971=ORIENTED_EDGE('',*,*,#1405,.F.);
#1972=ORIENTED_EDGE('',*,*,#1387,.F.);
#1973=ORIENTED_EDGE('',*,*,#1408,.F.);
#1974=ORIENTED_EDGE('',*,*,#1223,.F.);
#1975=ORIENTED_EDGE('',*,*,#1207,.T.);
#1976=ORIENTED_EDGE('',*,*,#1410,.T.);
#1977=ORIENTED_EDGE('',*,*,#1133,.T.);
#1978=ORIENTED_EDGE('',*,*,#1411,.T.);
#1979=ORIENTED_EDGE('',*,*,#1373,.T.);
#1980=ORIENTED_EDGE('',*,*,#1412,.T.);
#1981=ORIENTED_EDGE('',*,*,#1411,.F.);
#1982=ORIENTED_EDGE('',*,*,#1400,.T.);
#1983=ORIENTED_EDGE('',*,*,#1413,.T.);
#1984=ORIENTED_EDGE('',*,*,#1374,.T.);
#1985=ORIENTED_EDGE('',*,*,#1414,.T.);
#1986=ORIENTED_EDGE('',*,*,#1375,.T.);
#1987=ORIENTED_EDGE('',*,*,#1413,.F.);
#1988=ORIENTED_EDGE('',*,*,#1404,.T.);
#1989=ORIENTED_EDGE('',*,*,#1415,.T.);
#1990=ORIENTED_EDGE('',*,*,#1376,.T.);
#1991=ORIENTED_EDGE('',*,*,#1414,.F.);
#1992=ORIENTED_EDGE('',*,*,#1416,.T.);
#1993=ORIENTED_EDGE('',*,*,#1250,.T.);
#1994=ORIENTED_EDGE('',*,*,#1371,.T.);
#1995=ORIENTED_EDGE('',*,*,#1415,.F.);
#1996=ORIENTED_EDGE('',*,*,#1117,.T.);
#1997=ORIENTED_EDGE('',*,*,#1417,.T.);
#1998=ORIENTED_EDGE('',*,*,#1247,.T.);
#1999=ORIENTED_EDGE('',*,*,#1418,.T.);
#2000=ORIENTED_EDGE('',*,*,#1292,.T.);
#2001=ORIENTED_EDGE('',*,*,#1248,.T.);
#2002=ORIENTED_EDGE('',*,*,#1417,.F.);
#2003=ORIENTED_EDGE('',*,*,#1134,.T.);
#2004=ORIENTED_EDGE('',*,*,#1412,.F.);
#2005=ORIENTED_EDGE('',*,*,#1372,.T.);
#2006=ORIENTED_EDGE('',*,*,#1419,.T.);
#2007=ORIENTED_EDGE('',*,*,#1291,.T.);
#2008=ORIENTED_EDGE('',*,*,#1418,.F.);
#2009=ORIENTED_EDGE('',*,*,#1246,.T.);
#2010=ORIENTED_EDGE('',*,*,#1232,.F.);
#2011=ORIENTED_EDGE('',*,*,#1289,.T.);
#2012=ORIENTED_EDGE('',*,*,#1419,.F.);
#2013=ORIENTED_EDGE('',*,*,#1245,.T.);
#2014=ORIENTED_EDGE('',*,*,#1395,.F.);
#2015=ORIENTED_EDGE('',*,*,#1118,.T.);
#2016=ORIENTED_EDGE('',*,*,#1416,.F.);
#2017=ORIENTED_EDGE('',*,*,#1403,.T.);
#2018=ORIENTED_EDGE('',*,*,#1420,.T.);
#2019=ORIENTED_EDGE('',*,*,#1127,.T.);
#2020=ORIENTED_EDGE('',*,*,#1421,.T.);
#2021=ORIENTED_EDGE('',*,*,#1364,.T.);
#2022=ORIENTED_EDGE('',*,*,#1422,.T.);
#2023=ORIENTED_EDGE('',*,*,#1423,.T.);
#2024=ORIENTED_EDGE('',*,*,#1420,.F.);
#2025=ORIENTED_EDGE('',*,*,#1363,.T.);
#2026=ORIENTED_EDGE('',*,*,#1424,.T.);
#2027=ORIENTED_EDGE('',*,*,#1425,.T.);
#2028=ORIENTED_EDGE('',*,*,#1422,.F.);
#2029=ORIENTED_EDGE('',*,*,#1362,.T.);
#2030=ORIENTED_EDGE('',*,*,#1426,.T.);
#2031=ORIENTED_EDGE('',*,*,#1427,.T.);
#2032=ORIENTED_EDGE('',*,*,#1424,.F.);
#2033=ORIENTED_EDGE('',*,*,#1361,.T.);
#2034=ORIENTED_EDGE('',*,*,#1262,.T.);
#2035=ORIENTED_EDGE('',*,*,#1114,.T.);
#2036=ORIENTED_EDGE('',*,*,#1426,.F.);
#2037=ORIENTED_EDGE('',*,*,#1360,.T.);
#2038=ORIENTED_EDGE('',*,*,#1428,.T.);
#2039=ORIENTED_EDGE('',*,*,#1264,.T.);
#2040=ORIENTED_EDGE('',*,*,#1365,.T.);
#2041=ORIENTED_EDGE('',*,*,#1421,.F.);
#2042=ORIENTED_EDGE('',*,*,#1126,.F.);
#2043=ORIENTED_EDGE('',*,*,#1125,.T.);
#2044=ORIENTED_EDGE('',*,*,#1428,.F.);
#2045=ORIENTED_EDGE('',*,*,#1294,.T.);
#2046=ORIENTED_EDGE('',*,*,#1429,.T.);
#2047=ORIENTED_EDGE('',*,*,#1265,.T.);
#2048=ORIENTED_EDGE('',*,*,#1244,.T.);
#2049=ORIENTED_EDGE('',*,*,#1266,.T.);
#2050=ORIENTED_EDGE('',*,*,#1429,.F.);
#2051=ORIENTED_EDGE('',*,*,#1295,.T.);
#2052=ORIENTED_EDGE('',*,*,#1430,.T.);
#2053=ORIENTED_EDGE('',*,*,#1431,.T.);
#2054=ORIENTED_EDGE('',*,*,#1369,.T.);
#2055=ORIENTED_EDGE('',*,*,#1431,.F.);
#2056=ORIENTED_EDGE('',*,*,#1430,.F.);
#2057=ORIENTED_EDGE('',*,*,#1423,.F.);
#2058=ORIENTED_EDGE('',*,*,#1432,.T.);
#2059=ORIENTED_EDGE('',*,*,#1138,.T.);
#2060=ORIENTED_EDGE('',*,*,#1128,.T.);
#2061=ORIENTED_EDGE('',*,*,#1383,.T.);
#2062=ORIENTED_EDGE('',*,*,#1433,.T.);
#2063=ORIENTED_EDGE('',*,*,#1434,.T.);
#2064=ORIENTED_EDGE('',*,*,#1433,.F.);
#2065=ORIENTED_EDGE('',*,*,#1434,.F.);
#2066=ORIENTED_EDGE('',*,*,#1435,.T.);
#2067=ORIENTED_EDGE('',*,*,#1436,.F.);
#2068=ORIENTED_EDGE('',*,*,#1155,.F.);
#2069=ORIENTED_EDGE('',*,*,#1159,.F.);
#2070=ORIENTED_EDGE('',*,*,#1162,.F.);
#2071=ORIENTED_EDGE('',*,*,#1437,.F.);
#2072=ORIENTED_EDGE('',*,*,#1435,.F.);
#2073=ORIENTED_EDGE('',*,*,#1438,.T.);
#2074=ORIENTED_EDGE('',*,*,#1439,.T.);
#2075=ORIENTED_EDGE('',*,*,#1437,.T.);
#2076=ORIENTED_EDGE('',*,*,#1161,.F.);
#2077=ORIENTED_EDGE('',*,*,#1167,.F.);
#2078=ORIENTED_EDGE('',*,*,#1169,.T.);
#2079=ORIENTED_EDGE('',*,*,#1168,.F.);
#2080=ORIENTED_EDGE('',*,*,#1156,.F.);
#2081=ORIENTED_EDGE('',*,*,#1436,.T.);
#2082=ORIENTED_EDGE('',*,*,#1439,.F.);
#2083=ORIENTED_EDGE('',*,*,#1438,.F.);
#2084=ORIENTED_EDGE('',*,*,#1341,.F.);
#2085=ORIENTED_EDGE('',*,*,#1333,.F.);
#2086=ORIENTED_EDGE('',*,*,#1332,.F.);
#2087=ORIENTED_EDGE('',*,*,#1379,.T.);
#2088=ORIENTED_EDGE('',*,*,#1325,.F.);
#2089=ORIENTED_EDGE('',*,*,#1308,.F.);
#2090=ORIENTED_EDGE('',*,*,#1320,.F.);
#2091=ORIENTED_EDGE('',*,*,#1356,.F.);
#2092=ORIENTED_EDGE('',*,*,#1344,.T.);
#2093=ORIENTED_EDGE('',*,*,#1180,.F.);
#2094=ORIENTED_EDGE('',*,*,#1440,.T.);
#2095=ORIENTED_EDGE('',*,*,#1184,.T.);
#2096=ORIENTED_EDGE('',*,*,#1194,.F.);
#2097=ORIENTED_EDGE('',*,*,#1222,.F.);
#2098=ORIENTED_EDGE('',*,*,#1228,.F.);
#2099=ORIENTED_EDGE('',*,*,#1185,.F.);
#2100=ORIENTED_EDGE('',*,*,#1440,.F.);
#2101=ORIENTED_EDGE('',*,*,#1179,.F.);
#2102=ORIENTED_EDGE('',*,*,#1175,.F.);
#2103=ORIENTED_EDGE('',*,*,#1172,.F.);
#2104=ORIENTED_EDGE('',*,*,#1397,.F.);
#2105=ORIENTED_EDGE('',*,*,#1396,.F.);
#2106=ORIENTED_EDGE('',*,*,#1391,.F.);
#2107=ORIENTED_EDGE('',*,*,#1409,.F.);
#2108=ORIENTED_EDGE('',*,*,#1410,.F.);
#2109=ORIENTED_EDGE('',*,*,#1206,.F.);
#2110=ORIENTED_EDGE('',*,*,#1386,.F.);
#2111=ORIENTED_EDGE('',*,*,#1407,.T.);
#2112=ORIENTED_EDGE('',*,*,#1441,.T.);
#2113=ORIENTED_EDGE('',*,*,#1109,.T.);
#2114=ORIENTED_EDGE('',*,*,#1100,.T.);
#2115=ORIENTED_EDGE('',*,*,#1442,.T.);
#2116=ORIENTED_EDGE('',*,*,#1110,.F.);
#2117=ORIENTED_EDGE('',*,*,#1441,.F.);
#2118=ORIENTED_EDGE('',*,*,#1406,.F.);
#2119=ORIENTED_EDGE('',*,*,#1401,.F.);
#2120=ORIENTED_EDGE('',*,*,#1131,.F.);
#2121=ORIENTED_EDGE('',*,*,#1144,.T.);
#2122=ORIENTED_EDGE('',*,*,#1146,.T.);
#2123=ORIENTED_EDGE('',*,*,#1103,.T.);
#2124=ORIENTED_EDGE('',*,*,#1141,.T.);
#2125=ORIENTED_EDGE('',*,*,#1111,.F.);
#2126=ORIENTED_EDGE('',*,*,#1442,.F.);
#2127=ORIENTED_EDGE('',*,*,#1425,.F.);
#2128=ORIENTED_EDGE('',*,*,#1443,.F.);
#2129=ORIENTED_EDGE('',*,*,#1139,.T.);
#2130=ORIENTED_EDGE('',*,*,#1432,.F.);
#2131=ORIENTED_EDGE('',*,*,#1427,.F.);
#2132=ORIENTED_EDGE('',*,*,#1113,.T.);
#2133=ORIENTED_EDGE('',*,*,#1140,.T.);
#2134=ORIENTED_EDGE('',*,*,#1443,.T.);
#2135=ORIENTED_EDGE('',*,*,#1302,.F.);
#2136=ORIENTED_EDGE('',*,*,#1444,.F.);
#2137=ORIENTED_EDGE('',*,*,#1381,.F.);
#2138=ORIENTED_EDGE('',*,*,#1445,.T.);
#2139=ORIENTED_EDGE('',*,*,#1198,.T.);
#2140=ORIENTED_EDGE('',*,*,#1304,.F.);
#2141=ORIENTED_EDGE('',*,*,#1350,.F.);
#2142=ORIENTED_EDGE('',*,*,#1349,.F.);
#2143=ORIENTED_EDGE('',*,*,#1382,.T.);
#2144=ORIENTED_EDGE('',*,*,#1444,.T.);
#2145=ORIENTED_EDGE('',*,*,#1300,.F.);
#2146=ORIENTED_EDGE('',*,*,#1445,.F.);
#2147=ORIENTED_EDGE('',*,*,#1380,.T.);
#2148=ORIENTED_EDGE('',*,*,#1330,.T.);
#2149=ORIENTED_EDGE('',*,*,#1329,.T.);
#2150=CONICAL_SURFACE('',#2300,0.526,0.785398163397448);
#2151=CONICAL_SURFACE('',#2420,1.11,0.785398163397449);
#2152=CONICAL_SURFACE('',#2424,1.11,0.785398163397449);
#2153=CONICAL_SURFACE('',#2480,0.835,0.785398163397448);
#2154=CONICAL_SURFACE('',#2483,2.12,0.785398163397451);
#2155=CONICAL_SURFACE('',#2488,1.52,0.78539816339745);
#2156=ADVANCED_FACE('',(#293),#2150,.F.);
#2157=ADVANCED_FACE('',(#294,#109,#110),#258,.F.);
#2158=ADVANCED_FACE('',(#295,#111),#87,.F.);
#2159=ADVANCED_FACE('',(#296),#46,.T.);
#2160=ADVANCED_FACE('',(#297,#112),#33,.F.);
#2161=ADVANCED_FACE('',(#298),#88,.F.);
#2162=ADVANCED_FACE('',(#299,#113),#89,.F.);
#2163=ADVANCED_FACE('',(#300),#259,.F.);
#2164=ADVANCED_FACE('',(#301),#260,.F.);
#2165=ADVANCED_FACE('',(#302),#90,.T.);
#2166=ADVANCED_FACE('',(#303),#261,.T.);
#2167=ADVANCED_FACE('',(#304),#21,.F.);
#2168=ADVANCED_FACE('',(#305),#262,.F.);
#2169=ADVANCED_FACE('',(#306),#91,.T.);
#2170=ADVANCED_FACE('',(#307,#114),#92,.T.);
#2171=ADVANCED_FACE('',(#308),#47,.T.);
#2172=ADVANCED_FACE('',(#309),#48,.T.);
#2173=ADVANCED_FACE('',(#310),#49,.T.);
#2174=ADVANCED_FACE('',(#311),#20,.T.);
#2175=ADVANCED_FACE('',(#312),#263,.T.);
#2176=ADVANCED_FACE('',(#313),#264,.T.);
#2177=ADVANCED_FACE('',(#314),#265,.F.);
#2178=ADVANCED_FACE('',(#315),#266,.T.);
#2179=ADVANCED_FACE('',(#316),#50,.F.);
#2180=ADVANCED_FACE('',(#317,#115),#267,.F.);
#2181=ADVANCED_FACE('',(#318),#51,.T.);
#2182=ADVANCED_FACE('',(#319),#268,.F.);
#2183=ADVANCED_FACE('',(#320),#52,.F.);
#2184=ADVANCED_FACE('',(#321),#93,.F.);
#2185=ADVANCED_FACE('',(#322),#53,.T.);
#2186=ADVANCED_FACE('',(#323),#34,.T.);
#2187=ADVANCED_FACE('',(#324),#54,.F.);
#2188=ADVANCED_FACE('',(#325),#269,.F.);
#2189=ADVANCED_FACE('',(#326),#35,.T.);
#2190=ADVANCED_FACE('',(#327),#94,.F.);
#2191=ADVANCED_FACE('',(#328),#55,.F.);
#2192=ADVANCED_FACE('',(#329),#56,.F.);
#2193=ADVANCED_FACE('',(#330),#57,.F.);
#2194=ADVANCED_FACE('',(#331),#58,.F.);
#2195=ADVANCED_FACE('',(#332),#59,.F.);
#2196=ADVANCED_FACE('',(#333),#36,.T.);
#2197=ADVANCED_FACE('',(#334),#37,.T.);
#2198=ADVANCED_FACE('',(#335),#38,.T.);
#2199=ADVANCED_FACE('',(#336),#270,.F.);
#2200=ADVANCED_FACE('',(#337),#39,.T.);
#2201=ADVANCED_FACE('',(#338),#60,.T.);
#2202=ADVANCED_FACE('',(#339),#61,.T.);
#2203=ADVANCED_FACE('',(#340),#40,.T.);
#2204=ADVANCED_FACE('',(#341),#271,.T.);
#2205=ADVANCED_FACE('',(#342),#22,.T.);
#2206=ADVANCED_FACE('',(#343),#23,.T.);
#2207=ADVANCED_FACE('',(#344),#24,.T.);
#2208=ADVANCED_FACE('',(#345),#272,.T.);
#2209=ADVANCED_FACE('',(#346),#62,.F.);
#2210=ADVANCED_FACE('',(#347),#63,.F.);
#2211=ADVANCED_FACE('',(#348),#64,.F.);
#2212=ADVANCED_FACE('',(#349),#65,.F.);
#2213=ADVANCED_FACE('',(#350),#66,.F.);
#2214=ADVANCED_FACE('',(#351),#67,.T.);
#2215=ADVANCED_FACE('',(#352),#68,.T.);
#2216=ADVANCED_FACE('',(#353),#69,.T.);
#2217=ADVANCED_FACE('',(#354),#41,.F.);
#2218=ADVANCED_FACE('',(#355,#116),#95,.T.);
#2219=ADVANCED_FACE('',(#356),#25,.T.);
#2220=ADVANCED_FACE('',(#357),#70,.F.);
#2221=ADVANCED_FACE('',(#358),#71,.F.);
#2222=ADVANCED_FACE('',(#359),#72,.F.);
#2223=ADVANCED_FACE('',(#360),#26,.T.);
#2224=ADVANCED_FACE('',(#361),#27,.T.);
#2225=ADVANCED_FACE('',(#362,#117),#96,.T.);
#2226=ADVANCED_FACE('',(#363),#73,.F.);
#2227=ADVANCED_FACE('',(#364),#74,.F.);
#2228=ADVANCED_FACE('',(#365),#75,.F.);
#2229=ADVANCED_FACE('',(#366),#28,.T.);
#2230=ADVANCED_FACE('',(#367),#42,.F.);
#2231=ADVANCED_FACE('',(#368),#2151,.T.);
#2232=ADVANCED_FACE('',(#369,#118),#97,.F.);
#2233=ADVANCED_FACE('',(#370),#2152,.T.);
#2234=ADVANCED_FACE('',(#371),#273,.T.);
#2235=ADVANCED_FACE('',(#372,#119),#98,.F.);
#2236=ADVANCED_FACE('',(#373),#76,.F.);
#2237=ADVANCED_FACE('',(#374,#120,#121,#122),#99,.F.);
#2238=ADVANCED_FACE('',(#375),#274,.T.);
#2239=ADVANCED_FACE('',(#376),#29,.T.);
#2240=ADVANCED_FACE('',(#377),#275,.T.);
#2241=ADVANCED_FACE('',(#378),#276,.T.);
#2242=ADVANCED_FACE('',(#379),#30,.T.);
#2243=ADVANCED_FACE('',(#380),#277,.T.);
#2244=ADVANCED_FACE('',(#381),#77,.F.);
#2245=ADVANCED_FACE('',(#382),#100,.F.);
#2246=ADVANCED_FACE('',(#383),#101,.F.);
#2247=ADVANCED_FACE('',(#384),#278,.T.);
#2248=ADVANCED_FACE('',(#385),#102,.F.);
#2249=ADVANCED_FACE('',(#386),#279,.T.);
#2250=ADVANCED_FACE('',(#387),#78,.F.);
#2251=ADVANCED_FACE('',(#388),#280,.T.);
#2252=ADVANCED_FACE('',(#389),#31,.T.);
#2253=ADVANCED_FACE('',(#390),#281,.T.);
#2254=ADVANCED_FACE('',(#391),#79,.F.);
#2255=ADVANCED_FACE('',(#392),#80,.F.);
#2256=ADVANCED_FACE('',(#393),#81,.F.);
#2257=ADVANCED_FACE('',(#394),#43,.T.);
#2258=ADVANCED_FACE('',(#395),#282,.T.);
#2259=ADVANCED_FACE('',(#396),#283,.T.);
#2260=ADVANCED_FACE('',(#397),#82,.F.);
#2261=ADVANCED_FACE('',(#398),#284,.T.);
#2262=ADVANCED_FACE('',(#399),#32,.T.);
#2263=ADVANCED_FACE('',(#400),#285,.T.);
#2264=ADVANCED_FACE('',(#401),#83,.F.);
#2265=ADVANCED_FACE('',(#402),#84,.F.);
#2266=ADVANCED_FACE('',(#403),#85,.F.);
#2267=ADVANCED_FACE('',(#404),#2153,.T.);
#2268=ADVANCED_FACE('',(#405),#103,.T.);
#2269=ADVANCED_FACE('',(#406),#86,.F.);
#2270=ADVANCED_FACE('',(#407),#2154,.T.);
#2271=ADVANCED_FACE('',(#408),#286,.T.);
#2272=ADVANCED_FACE('',(#409),#2155,.T.);
#2273=ADVANCED_FACE('',(#410),#104,.F.);
#2274=ADVANCED_FACE('',(#411),#44,.F.);
#2275=ADVANCED_FACE('',(#412),#45,.F.);
#2276=ADVANCED_FACE('',(#413),#105,.F.);
#2277=ADVANCED_FACE('',(#414),#106,.T.);
#2278=ADVANCED_FACE('',(#415),#287,.T.);
#2279=ADVANCED_FACE('',(#416,#123),#107,.T.);
#2280=ADVANCED_FACE('',(#417),#288,.F.);
#2281=ADVANCED_FACE('',(#418),#108,.F.);
#2282=ADVANCED_FACE('',(#419),#289,.T.);
#2283=ADVANCED_FACE('',(#420,#124),#290,.F.);
#2284=ADVANCED_FACE('',(#421),#291,.T.);
#2285=ADVANCED_FACE('',(#422),#292,.T.);
#2286=CLOSED_SHELL('',(#2156,#2157,#2158,#2159,#2160,#2161,#2162,#2163,
#2164,#2165,#2166,#2167,#2168,#2169,#2170,#2171,#2172,#2173,#2174,#2175,
#2176,#2177,#2178,#2179,#2180,#2181,#2182,#2183,#2184,#2185,#2186,#2187,
#2188,#2189,#2190,#2191,#2192,#2193,#2194,#2195,#2196,#2197,#2198,#2199,
#2200,#2201,#2202,#2203,#2204,#2205,#2206,#2207,#2208,#2209,#2210,#2211,
#2212,#2213,#2214,#2215,#2216,#2217,#2218,#2219,#2220,#2221,#2222,#2223,
#2224,#2225,#2226,#2227,#2228,#2229,#2230,#2231,#2232,#2233,#2234,#2235,
#2236,#2237,#2238,#2239,#2240,#2241,#2242,#2243,#2244,#2245,#2246,#2247,
#2248,#2249,#2250,#2251,#2252,#2253,#2254,#2255,#2256,#2257,#2258,#2259,
#2260,#2261,#2262,#2263,#2264,#2265,#2266,#2267,#2268,#2269,#2270,#2271,
#2272,#2273,#2274,#2275,#2276,#2277,#2278,#2279,#2280,#2281,#2282,#2283,
#2284,#2285));
#2287=DERIVED_UNIT_ELEMENT(#2289,1.);
#2288=DERIVED_UNIT_ELEMENT(#6643,-3.);
#2289=(
MASS_UNIT()
NAMED_UNIT(*)
SI_UNIT(.KILO.,.GRAM.)
);
#2290=DERIVED_UNIT((#2287,#2288));
#2291=MEASURE_REPRESENTATION_ITEM('density measure',
POSITIVE_RATIO_MEASURE(7850.),#2290);
#2292=PROPERTY_DEFINITION_REPRESENTATION(#2297,#2294);
#2293=PROPERTY_DEFINITION_REPRESENTATION(#2298,#2295);
#2294=REPRESENTATION('material name',(#2296),#6640);
#2295=REPRESENTATION('density',(#2291),#6640);
#2296=DESCRIPTIVE_REPRESENTATION_ITEM('Steel','Steel');
#2297=PROPERTY_DEFINITION('material property','material name',#6650);
#2298=PROPERTY_DEFINITION('material property','density of part',#6650);
#2299=AXIS2_PLACEMENT_3D('',#3002,#2503,#2504);
#2300=AXIS2_PLACEMENT_3D('',#3003,#2505,#2506);
#2301=AXIS2_PLACEMENT_3D('',#3005,#2507,#2508);
#2302=AXIS2_PLACEMENT_3D('',#3008,#2510,#2511);
#2303=AXIS2_PLACEMENT_3D('',#3009,#2512,#2513);
#2304=AXIS2_PLACEMENT_3D('',#3140,#2519,#2520);
#2305=AXIS2_PLACEMENT_3D('',#3293,#2539,#2540);
#2306=AXIS2_PLACEMENT_3D('',#3294,#2541,#2542);
#2307=AXIS2_PLACEMENT_3D('',#3295,#2543,#2544);
#2308=AXIS2_PLACEMENT_3D('',#3296,#2545,#2546);
#2309=AXIS2_PLACEMENT_3D('',#3340,#2548,#2549);
#2310=AXIS2_PLACEMENT_3D('',#3341,#2550,#2551);
#2311=AXIS2_PLACEMENT_3D('',#3343,#2552,#2553);
#2312=AXIS2_PLACEMENT_3D('',#3344,#2554,#2555);
#2313=AXIS2_PLACEMENT_3D('',#3345,#2556,#2557);
#2314=AXIS2_PLACEMENT_3D('',#3346,#2558,#2559);
#2315=AXIS2_PLACEMENT_3D('',#3347,#2560,#2561);
#2316=AXIS2_PLACEMENT_3D('',#3348,#2562,#2563);
#2317=AXIS2_PLACEMENT_3D('',#3349,#2564,#2565);
#2318=AXIS2_PLACEMENT_3D('',#3352,#2567,#2568);
#2319=AXIS2_PLACEMENT_3D('',#3353,#2569,#2570);
#2320=AXIS2_PLACEMENT_3D('',#3355,#2571,#2572);
#2321=AXIS2_PLACEMENT_3D('',#3357,#2573,#2574);
#2322=AXIS2_PLACEMENT_3D('',#3359,#2575,#2576);
#2323=AXIS2_PLACEMENT_3D('',#3360,#2577,#2578);
#2324=AXIS2_PLACEMENT_3D('',#3361,#2579,#2580);
#2325=AXIS2_PLACEMENT_3D('',#3363,#2581,#2582);
#2326=AXIS2_PLACEMENT_3D('',#3365,#2584,#2585);
#2327=AXIS2_PLACEMENT_3D('',#3366,#2586,#2587);
#2328=AXIS2_PLACEMENT_3D('',#3368,#2588,#2589);
#2329=AXIS2_PLACEMENT_3D('',#3396,#2590,#2591);
#2330=AXIS2_PLACEMENT_3D('',#3472,#2592,#2593);
#2331=AXIS2_PLACEMENT_3D('',#3544,#2594,#2595);
#2332=AXIS2_PLACEMENT_3D('',#3546,#2596,#2597);
#2333=AXIS2_PLACEMENT_3D('',#3548,#2598,#2599);
#2334=AXIS2_PLACEMENT_3D('',#3549,#2600,#2601);
#2335=AXIS2_PLACEMENT_3D('',#3550,#2602,#2603);
#2336=AXIS2_PLACEMENT_3D('',#3579,#2604,#2605);
#2337=AXIS2_PLACEMENT_3D('',#3581,#2606,#2607);
#2338=AXIS2_PLACEMENT_3D('',#3583,#2608,#2609);
#2339=AXIS2_PLACEMENT_3D('',#3585,#2610,#2611);
#2340=AXIS2_PLACEMENT_3D('',#3588,#2613,#2614);
#2341=AXIS2_PLACEMENT_3D('',#3589,#2615,#2616);
#2342=AXIS2_PLACEMENT_3D('',#3591,#2617,#2618);
#2343=AXIS2_PLACEMENT_3D('',#3594,#2620,#2621);
#2344=AXIS2_PLACEMENT_3D('',#3595,#2622,#2623);
#2345=AXIS2_PLACEMENT_3D('',#3597,#2624,#2625);
#2346=AXIS2_PLACEMENT_3D('',#3599,#2626,#2627);
#2347=AXIS2_PLACEMENT_3D('',#3664,#2629,#2630);
#2348=AXIS2_PLACEMENT_3D('',#3667,#2631,#2632);
#2349=AXIS2_PLACEMENT_3D('',#3673,#2635,#2636);
#2350=AXIS2_PLACEMENT_3D('',#3674,#2637,#2638);
#2351=AXIS2_PLACEMENT_3D('',#3740,#2640,#2641);
#2352=AXIS2_PLACEMENT_3D('',#3839,#2642,#2643);
#2353=AXIS2_PLACEMENT_3D('',#3851,#2644,#2645);
#2354=AXIS2_PLACEMENT_3D('',#3875,#2647,#2648);
#2355=AXIS2_PLACEMENT_3D('',#3879,#2650,#2651);
#2356=AXIS2_PLACEMENT_3D('',#3921,#2653,#2654);
#2357=AXIS2_PLACEMENT_3D('',#3990,#2655,#2656);
#2358=AXIS2_PLACEMENT_3D('',#3994,#2658,#2659);
#2359=AXIS2_PLACEMENT_3D('',#3998,#2661,#2662);
#2360=AXIS2_PLACEMENT_3D('',#4369,#2665,#2666);
#2361=AXIS2_PLACEMENT_3D('',#4395,#2668,#2669);
#2362=AXIS2_PLACEMENT_3D('',#4425,#2671,#2672);
#2363=AXIS2_PLACEMENT_3D('',#4426,#2673,#2674);
#2364=AXIS2_PLACEMENT_3D('',#4427,#2675,#2676);
#2365=AXIS2_PLACEMENT_3D('',#4429,#2677,#2678);
#2366=AXIS2_PLACEMENT_3D('',#4449,#2680,#2681);
#2367=AXIS2_PLACEMENT_3D('',#4451,#2682,#2683);
#2368=AXIS2_PLACEMENT_3D('',#4453,#2684,#2685);
#2369=AXIS2_PLACEMENT_3D('',#4492,#2688,#2689);
#2370=AXIS2_PLACEMENT_3D('',#4493,#2690,#2691);
#2371=AXIS2_PLACEMENT_3D('',#4495,#2692,#2693);
#2372=AXIS2_PLACEMENT_3D('',#4535,#2695,#2696);
#2373=AXIS2_PLACEMENT_3D('',#4542,#2697,#2698);
#2374=AXIS2_PLACEMENT_3D('',#4578,#2699,#2700);
#2375=AXIS2_PLACEMENT_3D('',#4612,#2701,#2702);
#2376=AXIS2_PLACEMENT_3D('',#4655,#2703,#2704);
#2377=AXIS2_PLACEMENT_3D('',#4684,#2705,#2706);
#2378=AXIS2_PLACEMENT_3D('',#4720,#2707,#2708);
#2379=AXIS2_PLACEMENT_3D('',#4754,#2709,#2710);
#2380=AXIS2_PLACEMENT_3D('',#4812,#2712,#2713);
#2381=AXIS2_PLACEMENT_3D('',#4946,#2715,#2716);
#2382=AXIS2_PLACEMENT_3D('',#4948,#2717,#2718);
#2383=AXIS2_PLACEMENT_3D('',#4950,#2719,#2720);
#2384=AXIS2_PLACEMENT_3D('',#4952,#2722,#2723);
#2385=AXIS2_PLACEMENT_3D('',#4954,#2724,#2725);
#2386=AXIS2_PLACEMENT_3D('',#4955,#2726,#2727);
#2387=AXIS2_PLACEMENT_3D('',#4956,#2728,#2729);
#2388=AXIS2_PLACEMENT_3D('',#4958,#2730,#2731);
#2389=AXIS2_PLACEMENT_3D('',#4959,#2732,#2733);
#2390=AXIS2_PLACEMENT_3D('',#4960,#2734,#2735);
#2391=AXIS2_PLACEMENT_3D('',#4962,#2736,#2737);
#2392=AXIS2_PLACEMENT_3D('',#4963,#2738,#2739);
#2393=AXIS2_PLACEMENT_3D('',#4964,#2740,#2741);
#2394=AXIS2_PLACEMENT_3D('',#4966,#2742,#2743);
#2395=AXIS2_PLACEMENT_3D('',#4989,#2745,#2746);
#2396=AXIS2_PLACEMENT_3D('',#5015,#2747,#2748);
#2397=AXIS2_PLACEMENT_3D('',#5081,#2749,#2750);
#2398=AXIS2_PLACEMENT_3D('',#5115,#2751,#2752);
#2399=AXIS2_PLACEMENT_3D('',#5365,#2754,#2755);
#2400=AXIS2_PLACEMENT_3D('',#5376,#2761,#2762);
#2401=AXIS2_PLACEMENT_3D('',#5378,#2763,#2764);
#2402=AXIS2_PLACEMENT_3D('',#5379,#2765,#2766);
#2403=AXIS2_PLACEMENT_3D('',#5380,#2767,#2768);
#2404=AXIS2_PLACEMENT_3D('',#5437,#2769,#2770);
#2405=AXIS2_PLACEMENT_3D('',#5438,#2771,#2772);
#2406=AXIS2_PLACEMENT_3D('',#5467,#2773,#2774);
#2407=AXIS2_PLACEMENT_3D('',#5524,#2775,#2776);
#2408=AXIS2_PLACEMENT_3D('',#5604,#2777,#2778);
#2409=AXIS2_PLACEMENT_3D('',#5605,#2779,#2780);
#2410=AXIS2_PLACEMENT_3D('',#5607,#2781,#2782);
#2411=AXIS2_PLACEMENT_3D('',#5608,#2783,#2784);
#2412=AXIS2_PLACEMENT_3D('',#5609,#2785,#2786);
#2413=AXIS2_PLACEMENT_3D('',#5613,#2788,#2789);
#2414=AXIS2_PLACEMENT_3D('',#5679,#2795,#2796);
#2415=AXIS2_PLACEMENT_3D('',#5680,#2797,#2798);
#2416=AXIS2_PLACEMENT_3D('',#5773,#2799,#2800);
#2417=AXIS2_PLACEMENT_3D('',#5830,#2801,#2802);
#2418=AXIS2_PLACEMENT_3D('',#5904,#2803,#2804);
#2419=AXIS2_PLACEMENT_3D('',#5911,#2805,#2806);
#2420=AXIS2_PLACEMENT_3D('',#5912,#2807,#2808);
#2421=AXIS2_PLACEMENT_3D('',#5914,#2809,#2810);
#2422=AXIS2_PLACEMENT_3D('',#5916,#2812,#2813);
#2423=AXIS2_PLACEMENT_3D('',#5920,#2815,#2816);
#2424=AXIS2_PLACEMENT_3D('',#5941,#2819,#2820);
#2425=AXIS2_PLACEMENT_3D('',#5943,#2821,#2822);
#2426=AXIS2_PLACEMENT_3D('',#5946,#2824,#2825);
#2427=AXIS2_PLACEMENT_3D('',#5947,#2826,#2827);
#2428=AXIS2_PLACEMENT_3D('',#5949,#2828,#2829);
#2429=AXIS2_PLACEMENT_3D('',#5951,#2831,#2832);
#2430=AXIS2_PLACEMENT_3D('',#5972,#2836,#2837);
#2431=AXIS2_PLACEMENT_3D('',#6074,#2838,#2839);
#2432=AXIS2_PLACEMENT_3D('',#6095,#2840,#2841);
#2433=AXIS2_PLACEMENT_3D('',#6096,#2842,#2843);
#2434=AXIS2_PLACEMENT_3D('',#6098,#2844,#2845);
#2435=AXIS2_PLACEMENT_3D('',#6100,#2846,#2847);
#2436=AXIS2_PLACEMENT_3D('',#6101,#2848,#2849);
#2437=AXIS2_PLACEMENT_3D('',#6103,#2850,#2851);
#2438=AXIS2_PLACEMENT_3D('',#6104,#2852,#2853);
#2439=AXIS2_PLACEMENT_3D('',#6105,#2854,#2855);
#2440=AXIS2_PLACEMENT_3D('',#6106,#2856,#2857);
#2441=AXIS2_PLACEMENT_3D('',#6108,#2858,#2859);
#2442=AXIS2_PLACEMENT_3D('',#6109,#2860,#2861);
#2443=AXIS2_PLACEMENT_3D('',#6110,#2862,#2863);
#2444=AXIS2_PLACEMENT_3D('',#6121,#2865,#2866);
#2445=AXIS2_PLACEMENT_3D('',#6140,#2868,#2869);
#2446=AXIS2_PLACEMENT_3D('',#6142,#2871,#2872);
#2447=AXIS2_PLACEMENT_3D('',#6144,#2873,#2874);
#2448=AXIS2_PLACEMENT_3D('',#6145,#2875,#2876);
#2449=AXIS2_PLACEMENT_3D('',#6146,#2877,#2878);
#2450=AXIS2_PLACEMENT_3D('',#6147,#2879,#2880);
#2451=AXIS2_PLACEMENT_3D('',#6235,#2882,#2883);
#2452=AXIS2_PLACEMENT_3D('',#6239,#2886,#2887);
#2453=AXIS2_PLACEMENT_3D('',#6244,#2891,#2892);
#2454=AXIS2_PLACEMENT_3D('',#6247,#2894,#2895);
#2455=AXIS2_PLACEMENT_3D('',#6248,#2896,#2897);
#2456=AXIS2_PLACEMENT_3D('',#6250,#2899,#2900);
#2457=AXIS2_PLACEMENT_3D('',#6251,#2901,#2902);
#2458=AXIS2_PLACEMENT_3D('',#6311,#2903,#2904);
#2459=AXIS2_PLACEMENT_3D('',#6312,#2905,#2906);
#2460=AXIS2_PLACEMENT_3D('',#6313,#2907,#2908);
#2461=AXIS2_PLACEMENT_3D('',#6314,#2909,#2910);
#2462=AXIS2_PLACEMENT_3D('',#6315,#2911,#2912);
#2463=AXIS2_PLACEMENT_3D('',#6316,#2913,#2914);
#2464=AXIS2_PLACEMENT_3D('',#6317,#2915,#2916);
#2465=AXIS2_PLACEMENT_3D('',#6348,#2917,#2918);
#2466=AXIS2_PLACEMENT_3D('',#6349,#2919,#2920);
#2467=AXIS2_PLACEMENT_3D('',#6390,#2921,#2922);
#2468=AXIS2_PLACEMENT_3D('',#6418,#2923,#2924);
#2469=AXIS2_PLACEMENT_3D('',#6419,#2925,#2926);
#2470=AXIS2_PLACEMENT_3D('',#6420,#2927,#2928);
#2471=AXIS2_PLACEMENT_3D('',#6481,#2929,#2930);
#2472=AXIS2_PLACEMENT_3D('',#6487,#2931,#2932);
#2473=AXIS2_PLACEMENT_3D('',#6489,#2933,#2934);
#2474=AXIS2_PLACEMENT_3D('',#6491,#2936,#2937);
#2475=AXIS2_PLACEMENT_3D('',#6492,#2938,#2939);
#2476=AXIS2_PLACEMENT_3D('',#6493,#2940,#2941);
#2477=AXIS2_PLACEMENT_3D('',#6494,#2942,#2943);
#2478=AXIS2_PLACEMENT_3D('',#6515,#2944,#2945);
#2479=AXIS2_PLACEMENT_3D('',#6546,#2946,#2947);
#2480=AXIS2_PLACEMENT_3D('',#6567,#2948,#2949);
#2481=AXIS2_PLACEMENT_3D('',#6569,#2950,#2951);
#2482=AXIS2_PLACEMENT_3D('',#6571,#2953,#2954);
#2483=AXIS2_PLACEMENT_3D('',#6596,#2955,#2956);
#2484=AXIS2_PLACEMENT_3D('',#6599,#2958,#2959);
#2485=AXIS2_PLACEMENT_3D('',#6600,#2960,#2961);
#2486=AXIS2_PLACEMENT_3D('',#6603,#2963,#2964);
#2487=AXIS2_PLACEMENT_3D('',#6604,#2965,#2966);
#2488=AXIS2_PLACEMENT_3D('',#6605,#2967,#2968);
#2489=AXIS2_PLACEMENT_3D('',#6607,#2969,#2970);
#2490=AXIS2_PLACEMENT_3D('',#6609,#2972,#2973);
#2491=AXIS2_PLACEMENT_3D('',#6622,#2974,#2975);
#2492=AXIS2_PLACEMENT_3D('',#6624,#2977,#2978);
#2493=AXIS2_PLACEMENT_3D('',#6625,#2979,#2980);
#2494=AXIS2_PLACEMENT_3D('',#6626,#2981,#2982);
#2495=AXIS2_PLACEMENT_3D('',#6627,#2983,#2984);
#2496=AXIS2_PLACEMENT_3D('',#6628,#2985,#2986);
#2497=AXIS2_PLACEMENT_3D('',#6629,#2987,#2988);
#2498=AXIS2_PLACEMENT_3D('',#6630,#2989,#2990);
#2499=AXIS2_PLACEMENT_3D('',#6632,#2992,#2993);
#2500=AXIS2_PLACEMENT_3D('',#6633,#2994,#2995);
#2501=AXIS2_PLACEMENT_3D('',#6636,#2998,#2999);
#2502=AXIS2_PLACEMENT_3D('',#6637,#3000,#3001);
#2503=DIRECTION('axis',(0.,0.,1.));
#2504=DIRECTION('refdir',(1.,0.,0.));
#2505=DIRECTION('center_axis',(0.,0.,-1.));
#2506=DIRECTION('ref_axis',(1.,0.,0.));
#2507=DIRECTION('center_axis',(0.,0.,-1.));
#2508=DIRECTION('ref_axis',(1.,0.,0.));
#2509=DIRECTION('',(0.707106781186548,-8.65956056235493E-17,0.707106781186548));
#2510=DIRECTION('center_axis',(0.,0.,1.));
#2511=DIRECTION('ref_axis',(1.,0.,0.));
#2512=DIRECTION('center_axis',(0.,0.,1.));
#2513=DIRECTION('ref_axis',(1.,0.,0.));
#2514=DIRECTION('',(0.,0.,1.));
#2515=DIRECTION('',(0.,0.,-1.));
#2516=DIRECTION('',(0.,0.,1.));
#2517=DIRECTION('',(0.,0.,1.));
#2518=DIRECTION('',(0.,0.,-1.));
#2519=DIRECTION('center_axis',(0.,0.,1.));
#2520=DIRECTION('ref_axis',(0.,-1.,0.));
#2521=DIRECTION('',(0.,1.,0.));
#2522=DIRECTION('',(-1.,0.,0.));
#2523=DIRECTION('',(0.,-1.,0.));
#2524=DIRECTION('',(1.,0.,0.));
#2525=DIRECTION('',(0.,1.,0.));
#2526=DIRECTION('',(-1.,0.,0.));
#2527=DIRECTION('',(0.,1.,0.));
#2528=DIRECTION('',(1.,0.,0.));
#2529=DIRECTION('',(1.,0.,0.));
#2530=DIRECTION('',(0.,-1.,0.));
#2531=DIRECTION('',(-1.,0.,0.));
#2532=DIRECTION('',(0.,-1.,0.));
#2533=DIRECTION('',(-1.,0.,0.));
#2534=DIRECTION('',(-0.754453601069256,0.,-0.656353383348964));
#2535=DIRECTION('',(0.,-1.,0.));
#2536=DIRECTION('',(0.,-1.,0.));
#2537=DIRECTION('',(0.,1.,0.));
#2538=DIRECTION('',(0.,1.,0.));
#2539=DIRECTION('center_axis',(1.,0.,0.));
#2540=DIRECTION('ref_axis',(0.,1.,0.));
#2541=DIRECTION('center_axis',(1.,0.,0.));
#2542=DIRECTION('ref_axis',(0.,1.,0.));
#2543=DIRECTION('center_axis',(1.,0.,0.));
#2544=DIRECTION('ref_axis',(0.,1.,0.));
#2545=DIRECTION('center_axis',(1.,0.,0.));
#2546=DIRECTION('ref_axis',(0.,1.,0.));
#2547=DIRECTION('',(0.,0.,1.));
#2548=DIRECTION('center_axis',(1.,0.,0.));
#2549=DIRECTION('ref_axis',(0.,1.,0.));
#2550=DIRECTION('center_axis',(1.,0.,0.));
#2551=DIRECTION('ref_axis',(0.,1.,0.));
#2552=DIRECTION('center_axis',(1.,0.,0.));
#2553=DIRECTION('ref_axis',(0.,1.,0.));
#2554=DIRECTION('center_axis',(1.,0.,0.));
#2555=DIRECTION('ref_axis',(0.,-1.,1.22464679914735E-16));
#2556=DIRECTION('center_axis',(1.,0.,0.));
#2557=DIRECTION('ref_axis',(0.,1.,0.));
#2558=DIRECTION('center_axis',(1.,0.,0.));
#2559=DIRECTION('ref_axis',(0.,1.,0.));
#2560=DIRECTION('center_axis',(1.,0.,0.));
#2561=DIRECTION('ref_axis',(0.,1.,0.));
#2562=DIRECTION('center_axis',(1.,0.,0.));
#2563=DIRECTION('ref_axis',(0.,1.,0.));
#2564=DIRECTION('center_axis',(1.,0.,0.));
#2565=DIRECTION('ref_axis',(0.,1.,0.));
#2566=DIRECTION('',(-1.,0.,0.));
#2567=DIRECTION('center_axis',(-1.,0.,0.));
#2568=DIRECTION('ref_axis',(0.,1.,0.));
#2569=DIRECTION('center_axis',(-1.,0.,0.));
#2570=DIRECTION('ref_axis',(0.,0.,1.));
#2571=DIRECTION('center_axis',(-1.,0.,0.));
#2572=DIRECTION('ref_axis',(0.,1.,0.));
#2573=DIRECTION('center_axis',(0.,-1.,0.));
#2574=DIRECTION('ref_axis',(0.,0.,-1.));
#2575=DIRECTION('center_axis',(1.,0.,0.));
#2576=DIRECTION('ref_axis',(0.,1.,0.));
#2577=DIRECTION('center_axis',(1.,0.,0.));
#2578=DIRECTION('ref_axis',(0.,1.,0.));
#2579=DIRECTION('center_axis',(-1.,0.,0.));
#2580=DIRECTION('ref_axis',(0.,1.,0.));
#2581=DIRECTION('center_axis',(-1.,0.,0.));
#2582=DIRECTION('ref_axis',(0.,1.,0.));
#2583=DIRECTION('',(-1.,0.,0.));
#2584=DIRECTION('center_axis',(1.,0.,0.));
#2585=DIRECTION('ref_axis',(0.,1.,0.));
#2586=DIRECTION('center_axis',(1.,0.,0.));
#2587=DIRECTION('ref_axis',(0.,1.,0.));
#2588=DIRECTION('center_axis',(-1.,0.,0.));
#2589=DIRECTION('ref_axis',(0.,1.,0.));
#2590=DIRECTION('center_axis',(0.589277824838286,0.582157987947325,0.560217566863965));
#2591=DIRECTION('ref_axis',(0.546206984066486,-0.797988462358015,0.254700499607843));
#2592=DIRECTION('center_axis',(0.807932099528752,-0.582157902172377,0.0913120993588419));
#2593=DIRECTION('ref_axis',(-0.5462069065474,-0.797988526955744,-0.254700463460357));
#2594=DIRECTION('center_axis',(0.,0.,1.));
#2595=DIRECTION('ref_axis',(1.,0.,0.));
#2596=DIRECTION('center_axis',(-0.4226182617407,0.,0.90630778703665));
#2597=DIRECTION('ref_axis',(0.90630778703665,0.,0.422618261740699));
#2598=DIRECTION('center_axis',(0.,-1.,0.));
#2599=DIRECTION('ref_axis',(-1.,0.,0.));
#2600=DIRECTION('center_axis',(-0.4226182617407,0.,0.90630778703665));
#2601=DIRECTION('ref_axis',(0.90630778703665,0.,0.422618261740699));
#2602=DIRECTION('center_axis',(-0.4226182617407,0.,0.90630778703665));
#2603=DIRECTION('ref_axis',(4.85714669947167E-8,-0.999999999999999,2.26492482422789E-8));
#2604=DIRECTION('center_axis',(1.,0.,0.));
#2605=DIRECTION('ref_axis',(0.,0.909931535255418,-0.414758485323347));
#2606=DIRECTION('center_axis',(0.707106781186547,0.707106781186548,0.));
#2607=DIRECTION('ref_axis',(-0.707106781186548,0.707106781186547,6.13317366673349E-17));
#2608=DIRECTION('center_axis',(-0.707106781186547,0.707106781186549,0.));
#2609=DIRECTION('ref_axis',(0.707106781186549,0.707106781186546,-3.06658683336674E-17));
#2610=DIRECTION('center_axis',(-1.,0.,0.));
#2611=DIRECTION('ref_axis',(0.,0.909931535255418,-0.414758485323347));
#2612=DIRECTION('',(1.,0.,0.));
#2613=DIRECTION('center_axis',(1.,0.,0.));
#2614=DIRECTION('ref_axis',(0.,0.909931535255418,-0.414758485323347));
#2615=DIRECTION('center_axis',(-1.,0.,0.));
#2616=DIRECTION('ref_axis',(0.,1.,0.));
#2617=DIRECTION('center_axis',(-1.,0.,0.));
#2618=DIRECTION('ref_axis',(0.,1.,0.));
#2619=DIRECTION('',(-1.,0.,0.));
#2620=DIRECTION('center_axis',(-1.,0.,0.));
#2621=DIRECTION('ref_axis',(0.,1.,0.));
#2622=DIRECTION('center_axis',(-1.,0.,0.));
#2623=DIRECTION('ref_axis',(0.,0.47283008745935,0.881153623605546));
#2624=DIRECTION('center_axis',(1.,0.,0.));
#2625=DIRECTION('ref_axis',(0.,0.47283008745935,0.881153623605546));
#2626=DIRECTION('center_axis',(-1.,0.,0.));
#2627=DIRECTION('ref_axis',(0.,0.47283008745935,0.881153623605546));
#2628=DIRECTION('',(1.,0.,0.));
#2629=DIRECTION('center_axis',(1.,0.,0.));
#2630=DIRECTION('ref_axis',(0.,1.,0.));
#2631=DIRECTION('center_axis',(1.,0.,5.29453024632542E-13));
#2632=DIRECTION('ref_axis',(0.,1.,1.58835907389763E-13));
#2633=DIRECTION('',(1.,0.,0.));
#2634=DIRECTION('',(1.,0.,0.));
#2635=DIRECTION('center_axis',(-1.,0.,2.96059473233375E-15));
#2636=DIRECTION('ref_axis',(0.,1.,8.88178419700126E-16));
#2637=DIRECTION('center_axis',(-1.,0.,2.96059473233375E-15));
#2638=DIRECTION('ref_axis',(0.,1.,8.88178419700126E-16));
#2639=DIRECTION('',(-1.,0.,0.));
#2640=DIRECTION('center_axis',(1.,0.,5.29453024632542E-13));
#2641=DIRECTION('ref_axis',(0.,1.,1.58835907389763E-13));
#2642=DIRECTION('center_axis',(1.,0.,0.));
#2643=DIRECTION('ref_axis',(0.,1.,0.));
#2644=DIRECTION('center_axis',(1.,0.,5.29453024632542E-13));
#2645=DIRECTION('ref_axis',(5.29436446411223E-13,0.,-1.));
#2646=DIRECTION('',(1.,0.,0.));
#2647=DIRECTION('center_axis',(1.,0.,0.));
#2648=DIRECTION('ref_axis',(0.,1.,0.));
#2649=DIRECTION('',(-1.,0.,0.));
#2650=DIRECTION('center_axis',(1.,0.,0.));
#2651=DIRECTION('ref_axis',(0.,1.,0.));
#2652=DIRECTION('',(1.,0.,0.));
#2653=DIRECTION('center_axis',(-1.,0.,2.96059473233375E-15));
#2654=DIRECTION('ref_axis',(-2.9490299091521E-15,0.,-1.));
#2655=DIRECTION('center_axis',(1.,0.,0.));
#2656=DIRECTION('ref_axis',(0.,1.,0.));
#2657=DIRECTION('',(0.,0.977504922072126,0.210912605893455));
#2658=DIRECTION('center_axis',(1.,0.,0.));
#2659=DIRECTION('ref_axis',(0.,0.778110726662169,-0.628127134466639));
#2660=DIRECTION('',(0.,0.,1.));
#2661=DIRECTION('center_axis',(1.,0.,0.));
#2662=DIRECTION('ref_axis',(0.,0.707106781186548,-0.707106781186547));
#2663=DIRECTION('',(0.,1.,0.));
#2664=DIRECTION('',(0.,-1.,-3.57563714673007E-16));
#2665=DIRECTION('center_axis',(0.,1.,0.));
#2666=DIRECTION('ref_axis',(1.,0.,0.));
#2667=DIRECTION('',(0.,1.,0.));
#2668=DIRECTION('center_axis',(0.,-1.,0.));
#2669=DIRECTION('ref_axis',(1.,0.,0.));
#2670=DIRECTION('',(0.,1.,0.));
#2671=DIRECTION('center_axis',(0.,1.,0.));
#2672=DIRECTION('ref_axis',(-0.776836135407385,0.,-0.629702801903659));
#2673=DIRECTION('center_axis',(0.629702801903655,1.74777637336103E-15,-0.776836135407388));
#2674=DIRECTION('ref_axis',(-0.776836135407388,0.,-0.629702801903655));
#2675=DIRECTION('center_axis',(0.,-1.,0.));
#2676=DIRECTION('ref_axis',(1.,0.,0.));
#2677=DIRECTION('center_axis',(0.,1.,0.));
#2678=DIRECTION('ref_axis',(0.816863430985885,0.,-0.576831114901032));
#2679=DIRECTION('',(0.,0.,1.));
#2680=DIRECTION('center_axis',(0.,-1.,0.));
#2681=DIRECTION('ref_axis',(-0.707106781186548,0.,-0.707106781186548));
#2682=DIRECTION('center_axis',(0.,1.,0.));
#2683=DIRECTION('ref_axis',(-3.04739212899307E-15,0.,1.));
#2684=DIRECTION('center_axis',(0.,-1.,0.));
#2685=DIRECTION('ref_axis',(-0.477396037629436,0.,-0.87868824008047));
#2686=DIRECTION('',(5.29453024632542E-13,0.,-1.));
#2687=DIRECTION('',(2.96059473233375E-15,0.,1.));
#2688=DIRECTION('center_axis',(0.,-1.,0.));
#2689=DIRECTION('ref_axis',(0.477396037629332,0.,-0.878688240080527));
#2690=DIRECTION('center_axis',(0.,1.,0.));
#2691=DIRECTION('ref_axis',(-3.04739212899307E-15,0.,1.));
#2692=DIRECTION('center_axis',(0.,-1.,0.));
#2693=DIRECTION('ref_axis',(0.707106781186548,0.,-0.707106781186548));
#2694=DIRECTION('',(0.,0.,1.));
#2695=DIRECTION('center_axis',(0.629702801903655,3.44984545556043E-15,-0.776836135407388));
#2696=DIRECTION('ref_axis',(0.,-1.,-4.44089209850063E-15));
#2697=DIRECTION('center_axis',(-0.262783737448304,0.,0.964854759708787));
#2698=DIRECTION('ref_axis',(-0.964854759708787,-1.38777878078145E-16,-0.262783737448305));
#2699=DIRECTION('center_axis',(0.959605455112372,0.,-0.281349196761919));
#2700=DIRECTION('ref_axis',(0.281349196761919,0.,0.959605455112372));
#2701=DIRECTION('center_axis',(0.961619497425319,0.,0.274386483215696));
#2702=DIRECTION('ref_axis',(-0.274386483215696,4.16333634234433E-16,0.961619497425319));
#2703=DIRECTION('center_axis',(-0.197160928920914,0.,-0.980371137940649));
#2704=DIRECTION('ref_axis',(0.980371137940649,0.,-0.197160928920914));
#2705=DIRECTION('center_axis',(-0.576831114901015,3.62760235621939E-15,
-0.816863430985898));
#2706=DIRECTION('ref_axis',(0.816863430985898,0.,-0.576831114901015));
#2707=DIRECTION('center_axis',(0.,-1.,0.));
#2708=DIRECTION('ref_axis',(-0.776836135407385,0.,-0.629702801903659));
#2709=DIRECTION('center_axis',(0.,-1.,0.));
#2710=DIRECTION('ref_axis',(0.816863430985904,0.,-0.576831114901006));
#2711=DIRECTION('',(0.,1.,0.));
#2712=DIRECTION('center_axis',(0.,1.,0.));
#2713=DIRECTION('ref_axis',(1.,0.,0.));
#2714=DIRECTION('',(0.,1.,0.));
#2715=DIRECTION('center_axis',(5.29453024632542E-13,0.,-1.));
#2716=DIRECTION('ref_axis',(-0.707106781186548,0.707106781186548,-3.74859574510751E-13));
#2717=DIRECTION('center_axis',(5.30700482019137E-13,0.,-1.));
#2718=DIRECTION('ref_axis',(-1.,0.,-5.30700482019137E-13));
#2719=DIRECTION('center_axis',(-5.30131494248942E-13,0.,1.));
#2720=DIRECTION('ref_axis',(0.,1.,0.));
#2721=DIRECTION('',(-5.29453024632542E-13,0.,1.));
#2722=DIRECTION('center_axis',(0.,-1.,0.));
#2723=DIRECTION('ref_axis',(0.,0.,-1.));
#2724=DIRECTION('center_axis',(-0.83896456825187,0.,-0.544186046511626));
#2725=DIRECTION('ref_axis',(0.,1.,0.));
#2726=DIRECTION('center_axis',(0.,1.,0.));
#2727=DIRECTION('ref_axis',(-0.477396037629436,0.,-0.87868824008047));
#2728=DIRECTION('center_axis',(0.,1.,0.));
#2729=DIRECTION('ref_axis',(0.,0.,1.));
#2730=DIRECTION('center_axis',(-0.83896456825187,0.,0.544186046511625));
#2731=DIRECTION('ref_axis',(0.,1.,0.));
#2732=DIRECTION('center_axis',(0.,-1.,0.));
#2733=DIRECTION('ref_axis',(-3.04739212899307E-15,0.,1.));
#2734=DIRECTION('center_axis',(0.,-1.,0.));
#2735=DIRECTION('ref_axis',(0.,0.,-1.));
#2736=DIRECTION('center_axis',(-2.77555756156292E-15,0.,-1.));
#2737=DIRECTION('ref_axis',(0.,1.,0.));
#2738=DIRECTION('center_axis',(0.,1.,0.));
#2739=DIRECTION('ref_axis',(0.477396037629332,0.,-0.878688240080527));
#2740=DIRECTION('center_axis',(2.96059473233375E-15,0.,1.));
#2741=DIRECTION('ref_axis',(0.707106781186548,0.707106781186548,-2.09345660377963E-15));
#2742=DIRECTION('center_axis',(-2.96059472130467E-15,0.,-1.));
#2743=DIRECTION('ref_axis',(0.,1.,0.));
#2744=DIRECTION('',(-2.96059473233375E-15,0.,-1.));
#2745=DIRECTION('center_axis',(0.69798569757647,0.,-0.716111699372862));
#2746=DIRECTION('ref_axis',(0.,1.,0.));
#2747=DIRECTION('center_axis',(0.413332019274214,0.,-0.910580387358909));
#2748=DIRECTION('ref_axis',(0.,1.,0.));
#2749=DIRECTION('center_axis',(0.408314724130498,0.,0.912841216235461));
#2750=DIRECTION('ref_axis',(0.,1.,0.));
#2751=DIRECTION('center_axis',(0.700836662737717,0.,0.713321787247985));
#2752=DIRECTION('ref_axis',(0.,1.,0.));
#2753=DIRECTION('',(0.,1.,0.));
#2754=DIRECTION('center_axis',(-1.,0.,-5.29453024632542E-13));
#2755=DIRECTION('ref_axis',(-5.29453024632542E-13,0.,1.));
#2756=DIRECTION('',(0.,1.,0.));
#2757=DIRECTION('',(0.,1.,0.));
#2758=DIRECTION('',(5.29453024632542E-13,0.,-1.));
#2759=DIRECTION('',(0.,1.,0.));
#2760=DIRECTION('',(0.,1.,0.));
#2761=DIRECTION('center_axis',(-1.,0.,-5.29453024632542E-13));
#2762=DIRECTION('ref_axis',(5.29453024632542E-13,0.,-1.));
#2763=DIRECTION('center_axis',(-1.,0.,-5.29453024632542E-13));
#2764=DIRECTION('ref_axis',(-8.40961515877641E-26,1.,1.58835907389763E-13));
#2765=DIRECTION('center_axis',(1.,0.,5.29453024632542E-13));
#2766=DIRECTION('ref_axis',(5.295763827462E-13,0.,-1.));
#2767=DIRECTION('center_axis',(9.18454591256997E-29,-1.,-1.73472347597681E-16));
#2768=DIRECTION('ref_axis',(-5.29437604868122E-13,-1.73472347597681E-16,
1.));
#2769=DIRECTION('center_axis',(-4.54244121072973E-7,0.769232283707397,0.638969243158148));
#2770=DIRECTION('ref_axis',(-0.999999999999745,2.8141072648664E-9,-7.14289190157224E-7));
#2771=DIRECTION('center_axis',(-0.0921332622769081,0.991321234631301,-0.0937745794513991));
#2772=DIRECTION('ref_axis',(0.,-0.0941751359084068,-0.995555645745949));
#2773=DIRECTION('center_axis',(0.0921332622768788,0.991321234631307,0.0937745794513708));
#2774=DIRECTION('ref_axis',(0.,0.0941751359083781,-0.995555645745952));
#2775=DIRECTION('center_axis',(-4.43325510717901E-7,-0.769232252663974,
0.638969280530224));
#2776=DIRECTION('ref_axis',(0.,0.638969280530287,0.769232252664049));
#2777=DIRECTION('center_axis',(1.,0.,5.29453024632542E-13));
#2778=DIRECTION('ref_axis',(5.295763827462E-13,0.,-1.));
#2779=DIRECTION('center_axis',(-1.,0.,2.96059473233375E-15));
#2780=DIRECTION('ref_axis',(2.77555756156289E-15,0.,1.));
#2781=DIRECTION('center_axis',(1.,0.,-2.96059473233375E-15));
#2782=DIRECTION('ref_axis',(2.62953635073671E-30,1.,8.88178419700126E-16));
#2783=DIRECTION('center_axis',(5.13581318503263E-31,-1.,1.73472347597681E-16));
#2784=DIRECTION('ref_axis',(-2.77555756156289E-15,-1.73472347597681E-16,
-1.));
#2785=DIRECTION('center_axis',(1.,0.,-2.96059473233375E-15));
#2786=DIRECTION('ref_axis',(-2.96059473233375E-15,0.,-1.));
#2787=DIRECTION('',(0.,1.,0.));
#2788=DIRECTION('center_axis',(1.,0.,-2.96059473233375E-15));
#2789=DIRECTION('ref_axis',(-2.96059473233375E-15,0.,-1.));
#2790=DIRECTION('',(0.,1.,0.));
#2791=DIRECTION('',(0.,1.,0.));
#2792=DIRECTION('',(2.96059473233375E-15,0.,1.));
#2793=DIRECTION('',(0.,1.,0.));
#2794=DIRECTION('',(0.,1.,0.));
#2795=DIRECTION('center_axis',(-1.44483734870855E-9,-0.7692307651242,0.638971071322042));
#2796=DIRECTION('ref_axis',(1.,-2.82133250371166E-9,-1.13529147773536E-9));
#2797=DIRECTION('center_axis',(0.162590568349416,-0.972490497813632,-0.166812885431574));
#2798=DIRECTION('ref_axis',(0.,0.169062494600063,-0.985605333244298));
#2799=DIRECTION('center_axis',(-0.162590568349417,-0.972490497813632,0.166812885431575));
#2800=DIRECTION('ref_axis',(0.,-0.169062494600063,-0.985605333244298));
#2801=DIRECTION('center_axis',(-8.06141965489979E-9,0.76923074631226,0.638971093968955));
#2802=DIRECTION('ref_axis',(0.,-0.638971093968955,0.76923074631226));
#2803=DIRECTION('center_axis',(-1.,0.,2.96059473233375E-15));
#2804=DIRECTION('ref_axis',(-2.77555756156289E-15,1.55124189882283E-8,-1.));
#2805=DIRECTION('center_axis',(0.,1.,0.));
#2806=DIRECTION('ref_axis',(1.,0.,-4.35762232585626E-13));
#2807=DIRECTION('center_axis',(-1.,0.,0.));
#2808=DIRECTION('ref_axis',(0.,1.,0.));
#2809=DIRECTION('center_axis',(1.,0.,0.));
#2810=DIRECTION('ref_axis',(0.,1.,0.));
#2811=DIRECTION('',(0.707106781186547,0.707106781186548,-8.65956056235494E-17));
#2812=DIRECTION('center_axis',(-1.,0.,0.));
#2813=DIRECTION('ref_axis',(0.,-1.,0.));
#2814=DIRECTION('',(0.,-1.,0.));
#2815=DIRECTION('center_axis',(-1.,0.,0.));
#2816=DIRECTION('ref_axis',(0.,0.707106781186548,-0.707106781186547));
#2817=DIRECTION('',(0.,0.,-1.));
#2818=DIRECTION('',(0.,1.,0.));
#2819=DIRECTION('center_axis',(1.,0.,0.));
#2820=DIRECTION('ref_axis',(0.,-1.,0.));
#2821=DIRECTION('center_axis',(-1.,0.,0.));
#2822=DIRECTION('ref_axis',(0.,-1.,0.));
#2823=DIRECTION('',(-0.707106781186547,-0.707106781186548,-8.65956056235494E-17));
#2824=DIRECTION('center_axis',(1.,0.,0.));
#2825=DIRECTION('ref_axis',(0.,-1.,0.));
#2826=DIRECTION('center_axis',(-1.,0.,0.));
#2827=DIRECTION('ref_axis',(0.,-1.,0.));
#2828=DIRECTION('center_axis',(-1.,0.,0.));
#2829=DIRECTION('ref_axis',(0.,-1.,0.));
#2830=DIRECTION('',(1.,0.,0.));
#2831=DIRECTION('center_axis',(1.,0.,0.));
#2832=DIRECTION('ref_axis',(0.,1.,0.));
#2833=DIRECTION('',(0.,1.,0.));
#2834=DIRECTION('',(0.,-1.,0.));
#2835=DIRECTION('',(0.,0.,1.));
#2836=DIRECTION('center_axis',(1.,0.,0.));
#2837=DIRECTION('ref_axis',(0.,0.707106781186548,-0.707106781186547));
#2838=DIRECTION('center_axis',(-1.,0.,-2.08166817117217E-15));
#2839=DIRECTION('ref_axis',(0.,-1.,0.));
#2840=DIRECTION('center_axis',(0.,1.,0.));
#2841=DIRECTION('ref_axis',(1.,0.,0.));
#2842=DIRECTION('center_axis',(0.,1.,0.));
#2843=DIRECTION('ref_axis',(1.,0.,-4.35762232585626E-13));
#2844=DIRECTION('center_axis',(0.,1.,0.));
#2845=DIRECTION('ref_axis',(1.,0.,0.));
#2846=DIRECTION('center_axis',(0.,1.,0.));
#2847=DIRECTION('ref_axis',(1.,0.,0.));
#2848=DIRECTION('center_axis',(0.,1.,0.));
#2849=DIRECTION('ref_axis',(1.,0.,0.));
#2850=DIRECTION('center_axis',(0.,-1.,0.));
#2851=DIRECTION('ref_axis',(1.,0.,0.));
#2852=DIRECTION('center_axis',(0.,1.,0.));
#2853=DIRECTION('ref_axis',(-0.707106781186546,0.,-0.707106781186549));
#2854=DIRECTION('center_axis',(0.,-1.,0.));
#2855=DIRECTION('ref_axis',(-1.,0.,0.));
#2856=DIRECTION('center_axis',(1.,0.,0.));
#2857=DIRECTION('ref_axis',(0.,0.,-1.));
#2858=DIRECTION('center_axis',(0.,6.93889390390722E-16,-1.));
#2859=DIRECTION('ref_axis',(-1.,0.,0.));
#2860=DIRECTION('center_axis',(-1.,0.,0.));
#2861=DIRECTION('ref_axis',(0.,0.707106781186548,-0.707106781186547));
#2862=DIRECTION('center_axis',(0.,0.,1.));
#2863=DIRECTION('ref_axis',(-0.707106781186547,0.707106781186548,0.));
#2864=DIRECTION('',(0.,0.,-1.));
#2865=DIRECTION('center_axis',(0.,0.,-1.));
#2866=DIRECTION('ref_axis',(0.707106781186548,0.707106781186548,0.));
#2867=DIRECTION('',(0.,0.,-1.));
#2868=DIRECTION('center_axis',(0.,0.,1.));
#2869=DIRECTION('ref_axis',(1.,0.,0.));
#2870=DIRECTION('',(0.,0.,1.));
#2871=DIRECTION('center_axis',(-1.,0.,0.));
#2872=DIRECTION('ref_axis',(0.,0.,1.));
#2873=DIRECTION('center_axis',(0.,1.,0.));
#2874=DIRECTION('ref_axis',(1.,0.,0.));
#2875=DIRECTION('center_axis',(1.,0.,0.));
#2876=DIRECTION('ref_axis',(0.,0.707106781186548,-0.707106781186547));
#2877=DIRECTION('center_axis',(-1.,0.,0.));
#2878=DIRECTION('ref_axis',(0.,0.707106781186548,-0.707106781186547));
#2879=DIRECTION('center_axis',(0.,-1.,0.));
#2880=DIRECTION('ref_axis',(0.707106781186546,0.,-0.707106781186549));
#2881=DIRECTION('',(0.,-1.,0.));
#2882=DIRECTION('center_axis',(0.,-1.,0.));
#2883=DIRECTION('ref_axis',(0.,0.,-1.));
#2884=DIRECTION('',(1.,0.,0.));
#2885=DIRECTION('',(0.,0.,-1.));
#2886=DIRECTION('center_axis',(0.,-1.,0.));
#2887=DIRECTION('ref_axis',(0.,0.,-1.));
#2888=DIRECTION('',(-1.,0.,0.));
#2889=DIRECTION('',(0.,0.,-1.));
#2890=DIRECTION('',(1.,0.,0.));
#2891=DIRECTION('center_axis',(-1.,0.,0.));
#2892=DIRECTION('ref_axis',(0.,0.778110726662169,-0.628127134466639));
#2893=DIRECTION('',(-1.,0.,0.));
#2894=DIRECTION('center_axis',(-1.,0.,0.));
#2895=DIRECTION('ref_axis',(0.,0.778110726662169,-0.628127134466639));
#2896=DIRECTION('center_axis',(0.,-0.210912605893455,0.977504922072126));
#2897=DIRECTION('ref_axis',(0.,0.977504922072126,0.210912605893455));
#2898=DIRECTION('',(0.,0.977504922072126,0.210912605893455));
#2899=DIRECTION('center_axis',(0.,-1.,0.));
#2900=DIRECTION('ref_axis',(-0.776315542490598,0.,0.63034449191496));
#2901=DIRECTION('center_axis',(0.,-1.,0.));
#2902=DIRECTION('ref_axis',(-0.205331643024938,0.,0.978692452393845));
#2903=DIRECTION('center_axis',(0.,2.77555756156289E-15,1.));
#2904=DIRECTION('ref_axis',(-5.55111512312578E-15,1.,-2.77555756156289E-15));
#2905=DIRECTION('center_axis',(0.,0.,-1.));
#2906=DIRECTION('ref_axis',(-0.707106781186548,0.707106781186548,0.));
#2907=DIRECTION('center_axis',(0.,0.,1.));
#2908=DIRECTION('ref_axis',(0.,1.,0.));
#2909=DIRECTION('center_axis',(-1.,0.,0.));
#2910=DIRECTION('ref_axis',(0.,0.,1.));
#2911=DIRECTION('center_axis',(0.,1.,0.));
#2912=DIRECTION('ref_axis',(0.,0.,-1.));
#2913=DIRECTION('center_axis',(-1.,0.,0.));
#2914=DIRECTION('ref_axis',(0.,0.707106781186548,-0.707106781186547));
#2915=DIRECTION('center_axis',(0.,-1.,0.));
#2916=DIRECTION('ref_axis',(-0.707106781186548,0.,-0.707106781186548));
#2917=DIRECTION('center_axis',(-0.961619497425318,-1.33451513371257E-15,
-0.274386483215698));
#2918=DIRECTION('ref_axis',(-0.274386483215698,0.,0.961619497425318));
#2919=DIRECTION('center_axis',(-0.197160928920914,5.47231507111206E-16,
-0.980371137940649));
#2920=DIRECTION('ref_axis',(2.77555756156289E-15,1.,0.));
#2921=DIRECTION('center_axis',(-0.576831114901022,1.60102796270828E-15,
-0.816863430985893));
#2922=DIRECTION('ref_axis',(2.77555756156289E-15,1.,0.));
#2923=DIRECTION('center_axis',(1.,0.,0.));
#2924=DIRECTION('ref_axis',(0.,1.,0.));
#2925=DIRECTION('center_axis',(0.,1.,0.));
#2926=DIRECTION('ref_axis',(0.776315542490741,0.,0.630344491914783));
#2927=DIRECTION('center_axis',(0.,-1.,0.));
#2928=DIRECTION('ref_axis',(1.,0.,0.));
#2929=DIRECTION('center_axis',(0.,2.77555756156289E-15,1.));
#2930=DIRECTION('ref_axis',(1.,0.,0.));
#2931=DIRECTION('center_axis',(0.,0.,1.));
#2932=DIRECTION('ref_axis',(0.707106781186548,0.707106781186548,0.));
#2933=DIRECTION('center_axis',(0.,0.,1.));
#2934=DIRECTION('ref_axis',(1.,0.,0.));
#2935=DIRECTION('',(0.,0.,1.));
#2936=DIRECTION('center_axis',(1.,0.,0.));
#2937=DIRECTION('ref_axis',(0.,0.,-1.));
#2938=DIRECTION('center_axis',(0.,1.,0.));
#2939=DIRECTION('ref_axis',(1.,0.,0.));
#2940=DIRECTION('center_axis',(1.,0.,0.));
#2941=DIRECTION('ref_axis',(0.,0.707106781186548,-0.707106781186547));
#2942=DIRECTION('center_axis',(0.,1.,0.));
#2943=DIRECTION('ref_axis',(0.707106781186548,0.,-0.707106781186548));
#2944=DIRECTION('center_axis',(-0.959605455112372,2.28693231974575E-14,
0.28134919676192));
#2945=DIRECTION('ref_axis',(0.28134919676192,5.55111512312576E-15,0.959605455112372));
#2946=DIRECTION('center_axis',(0.262783737448302,1.45874277906078E-15,-0.964854759708787));
#2947=DIRECTION('ref_axis',(-0.964854759708788,0.,-0.262783737448302));
#2948=DIRECTION('center_axis',(1.,0.,0.));
#2949=DIRECTION('ref_axis',(0.,-1.,0.));
#2950=DIRECTION('center_axis',(1.,0.,0.));
#2951=DIRECTION('ref_axis',(0.,-1.,0.));
#2952=DIRECTION('',(0.707106781186548,0.707106781186548,-8.65956056235493E-17));
#2953=DIRECTION('center_axis',(-1.,0.,0.));
#2954=DIRECTION('ref_axis',(0.,-1.,0.));
#2955=DIRECTION('center_axis',(0.,1.,0.));
#2956=DIRECTION('ref_axis',(1.,0.,0.));
#2957=DIRECTION('',(0.707106781186549,-0.707106781186546,-8.65956056235495E-17));
#2958=DIRECTION('center_axis',(0.,1.,0.));
#2959=DIRECTION('ref_axis',(1.,0.,0.));
#2960=DIRECTION('center_axis',(0.,1.,0.));
#2961=DIRECTION('ref_axis',(1.,0.,0.));
#2962=DIRECTION('',(0.,-1.,0.));
#2963=DIRECTION('center_axis',(0.,-1.,0.));
#2964=DIRECTION('ref_axis',(1.,0.,0.));
#2965=DIRECTION('center_axis',(0.,-1.,0.));
#2966=DIRECTION('ref_axis',(1.,0.,0.));
#2967=DIRECTION('center_axis',(0.,1.,0.));
#2968=DIRECTION('ref_axis',(1.,0.,0.));
#2969=DIRECTION('center_axis',(0.,1.,0.));
#2970=DIRECTION('ref_axis',(1.,0.,0.));
#2971=DIRECTION('',(-0.707106781186548,0.707106781186547,-8.65956056235494E-17));
#2972=DIRECTION('center_axis',(0.,1.,0.));
#2973=DIRECTION('ref_axis',(1.,0.,0.));
#2974=DIRECTION('center_axis',(0.,3.57563714673007E-16,-1.));
#2975=DIRECTION('ref_axis',(0.,-1.,-3.57563714673007E-16));
#2976=DIRECTION('',(0.,-1.,-3.57563714673007E-16));
#2977=DIRECTION('center_axis',(1.,0.,0.));
#2978=DIRECTION('ref_axis',(0.,1.,0.));
#2979=DIRECTION('center_axis',(1.,0.,0.));
#2980=DIRECTION('ref_axis',(0.,1.,0.));
#2981=DIRECTION('center_axis',(-1.,0.,0.));
#2982=DIRECTION('ref_axis',(0.,1.,0.));
#2983=DIRECTION('center_axis',(1.,0.,0.));
#2984=DIRECTION('ref_axis',(0.,1.,0.));
#2985=DIRECTION('center_axis',(1.,0.,0.));
#2986=DIRECTION('ref_axis',(0.,1.,0.));
#2987=DIRECTION('center_axis',(1.,0.,0.));
#2988=DIRECTION('ref_axis',(0.,1.,0.));
#2989=DIRECTION('center_axis',(0.,-1.,0.));
#2990=DIRECTION('ref_axis',(0.,0.,-1.));
#2991=DIRECTION('',(1.,0.,0.));
#2992=DIRECTION('center_axis',(1.,0.,0.));
#2993=DIRECTION('ref_axis',(0.,1.,0.));
#2994=DIRECTION('center_axis',(0.,1.,0.));
#2995=DIRECTION('ref_axis',(1.,0.,0.));
#2996=DIRECTION('',(0.,1.,0.));
#2997=DIRECTION('',(0.,1.,0.));
#2998=DIRECTION('center_axis',(0.,1.,0.));
#2999=DIRECTION('ref_axis',(1.,0.,0.));
#3000=DIRECTION('center_axis',(0.,1.,0.));
#3001=DIRECTION('ref_axis',(1.,0.,0.));
#3002=CARTESIAN_POINT('',(0.,0.,0.));
#3003=CARTESIAN_POINT('Origin',(0.799999982118608,3.99999991059304,-2.39900000000007));
#3004=CARTESIAN_POINT('',(0.172999982118608,3.99999991059304,-2.50000000000007));
#3005=CARTESIAN_POINT('Origin',(0.799999982118608,3.99999991059304,-2.50000000000007));
#3006=CARTESIAN_POINT('',(0.374999982118608,3.99999991059304,-2.29800000000007));
#3007=CARTESIAN_POINT('',(0.273999982118608,3.99999991059304,-2.39900000000007));
#3008=CARTESIAN_POINT('Origin',(0.799999982118608,3.99999991059304,-2.29800000000007));
#3009=CARTESIAN_POINT('Origin',(0.799999982118608,3.99999991059304,-2.50000000000007));
#3010=CARTESIAN_POINT('',(0.37599567418852,4.00016605222288,4.29080175283833));
#3011=CARTESIAN_POINT('',(0.374999982118608,3.99999991059304,-2.50000000000007));
#3012=CARTESIAN_POINT('',(1.22499998211861,3.99999991059304,4.21980906679958));
#3013=CARTESIAN_POINT('Ctrl Pts',(1.22499998211861,3.99999991059304,4.21980906679958));
#3014=CARTESIAN_POINT('Ctrl Pts',(1.22499998211861,3.93515771570763,4.21980906679958));
#3015=CARTESIAN_POINT('Ctrl Pts',(1.19100867853713,3.79608489057735,4.22390603207369));
#3016=CARTESIAN_POINT('Ctrl Pts',(1.01313034539144,3.59275781078935,4.24477597700198));
#3017=CARTESIAN_POINT('Ctrl Pts',(0.709774184902606,3.54034891798755,4.27333268283524));
#3018=CARTESIAN_POINT('Ctrl Pts',(0.493776337187159,3.6843275761684,4.28551571096113));
#3019=CARTESIAN_POINT('Ctrl Pts',(0.394953184448171,3.8436169972307,4.28986157667385));
#3020=CARTESIAN_POINT('Ctrl Pts',(0.375703986968374,3.93757116533875,4.29078144103078));
#3021=CARTESIAN_POINT('Ctrl Pts',(0.37599567418852,4.00016605222288,4.29080175283833));
#3022=CARTESIAN_POINT('Ctrl Pts',(0.37599567418852,4.00016605222288,4.29080175283833));
#3023=CARTESIAN_POINT('Ctrl Pts',(0.376287361408667,4.06276093910702,4.29082206464589));
#3024=CARTESIAN_POINT('Ctrl Pts',(0.416535879689137,4.25042192419574,4.28910420677736));
#3025=CARTESIAN_POINT('Ctrl Pts',(0.676268783758933,4.46655709319402,4.27680696741404));
#3026=CARTESIAN_POINT('Ctrl Pts',(1.01264792995015,4.4068510869238,4.24478695995935));
#3027=CARTESIAN_POINT('Ctrl Pts',(1.19105689638827,4.20405744707874,4.22394260453685));
#3028=CARTESIAN_POINT('Ctrl Pts',(1.22499998211861,4.06484210547845,4.21980906679958));
#3029=CARTESIAN_POINT('Ctrl Pts',(1.22499998211861,3.99999991059304,4.21980906679958));
#3030=CARTESIAN_POINT('',(0.4,4.1436140265605,3.20188272020509));
#3031=CARTESIAN_POINT('',(0.4,4.1436140265605,-1.20188272020524));
#3032=CARTESIAN_POINT('',(0.4,4.1436140265605,-2.50000000000007));
#3033=CARTESIAN_POINT('',(1.2,4.14361392695247,3.20188254575118));
#3034=CARTESIAN_POINT('Ctrl Pts',(1.2,4.14361392695247,3.20188254575118));
#3035=CARTESIAN_POINT('Ctrl Pts',(1.19748332226718,4.15062348746507,3.21415911862793));
#3036=CARTESIAN_POINT('Ctrl Pts',(1.19474625033417,4.15766757125772,3.22635984262647));
#3037=CARTESIAN_POINT('Ctrl Pts',(1.16699488135227,4.22366818604333,3.3394420042387));
#3038=CARTESIAN_POINT('Ctrl Pts',(1.1266595795191,4.28432011950586,3.43349636680275));
#3039=CARTESIAN_POINT('Ctrl Pts',(1.03103488293307,4.35873475178769,3.542222176118));
#3040=CARTESIAN_POINT('Ctrl Pts',(0.992304657680524,4.38202365177413,3.57508338217056));
#3041=CARTESIAN_POINT('Ctrl Pts',(0.924853796187693,4.40695336579063,3.60963941600391));
#3042=CARTESIAN_POINT('Ctrl Pts',(0.900824609211949,4.41363975051956,3.61879293412671));
#3043=CARTESIAN_POINT('Ctrl Pts',(0.851155784756988,4.42266261887909,3.63110587504757));
#3044=CARTESIAN_POINT('Ctrl Pts',(0.825517281854889,4.42499991059304,3.63426928206264));
#3045=CARTESIAN_POINT('Ctrl Pts',(0.774482682382326,4.42499991059304,3.63426928206264));
#3046=CARTESIAN_POINT('Ctrl Pts',(0.748844179480227,4.42266261887909,3.63110587504757));
#3047=CARTESIAN_POINT('Ctrl Pts',(0.699175355025265,4.41363975051956,3.61879293412671));
#3048=CARTESIAN_POINT('Ctrl Pts',(0.675146168049521,4.40695336579063,3.60963941600391));
#3049=CARTESIAN_POINT('Ctrl Pts',(0.607695306556691,4.38202365177413,3.57508338217056));
#3050=CARTESIAN_POINT('Ctrl Pts',(0.568965081304146,4.35873475178769,3.542222176118));
#3051=CARTESIAN_POINT('Ctrl Pts',(0.473340384718115,4.28432011950586,3.43349636680275));
#3052=CARTESIAN_POINT('Ctrl Pts',(0.433005082884947,4.22366818604333,3.3394420042387));
#3053=CARTESIAN_POINT('Ctrl Pts',(0.405253727970801,4.15766760471483,3.22635989995021));
#3054=CARTESIAN_POINT('Ctrl Pts',(0.40251666789954,4.15062355419664,3.21415923421211));
#3055=CARTESIAN_POINT('Ctrl Pts',(0.400000000000004,4.14361402656051,3.20188272020509));
#3056=CARTESIAN_POINT('',(1.2,4.14361392695247,-1.20188254575133));
#3057=CARTESIAN_POINT('',(1.2,4.14361392695247,-2.50000000000007));
#3058=CARTESIAN_POINT('Ctrl Pts',(0.400000000000004,4.14361402656051,-1.20188272020523));
#3059=CARTESIAN_POINT('Ctrl Pts',(0.40251666789954,4.15062355419664,-1.21415923421226));
#3060=CARTESIAN_POINT('Ctrl Pts',(0.405253727970801,4.15766760471483,-1.22635989995036));
#3061=CARTESIAN_POINT('Ctrl Pts',(0.433005082884947,4.22366818604333,-1.33944200423885));
#3062=CARTESIAN_POINT('Ctrl Pts',(0.473340384718115,4.28432011950586,-1.4334963668029));
#3063=CARTESIAN_POINT('Ctrl Pts',(0.568965081304146,4.35873475178769,-1.54222217611815));
#3064=CARTESIAN_POINT('Ctrl Pts',(0.607695306556691,4.38202365177413,-1.57508338217071));
#3065=CARTESIAN_POINT('Ctrl Pts',(0.675146168049521,4.40695336579063,-1.60963941600406));
#3066=CARTESIAN_POINT('Ctrl Pts',(0.699175355025265,4.41363975051956,-1.61879293412686));
#3067=CARTESIAN_POINT('Ctrl Pts',(0.748844179480227,4.42266261887909,-1.63110587504772));
#3068=CARTESIAN_POINT('Ctrl Pts',(0.774482682382326,4.42499991059304,-1.63426928206278));
#3069=CARTESIAN_POINT('Ctrl Pts',(0.825517281854889,4.42499991059304,-1.63426928206278));
#3070=CARTESIAN_POINT('Ctrl Pts',(0.851155784756988,4.42266261887909,-1.63110587504772));
#3071=CARTESIAN_POINT('Ctrl Pts',(0.90082460921195,4.41363975051956,-1.61879293412686));
#3072=CARTESIAN_POINT('Ctrl Pts',(0.924853796187694,4.40695336579063,-1.60963941600406));
#3073=CARTESIAN_POINT('Ctrl Pts',(0.992304657680524,4.38202365177413,-1.57508338217071));
#3074=CARTESIAN_POINT('Ctrl Pts',(1.03103488293307,4.35873475178769,-1.54222217611815));
#3075=CARTESIAN_POINT('Ctrl Pts',(1.1266595795191,4.28432011950586,-1.4334963668029));
#3076=CARTESIAN_POINT('Ctrl Pts',(1.16699488135227,4.22366818604333,-1.33944200423885));
#3077=CARTESIAN_POINT('Ctrl Pts',(1.19474625033417,4.15766757125772,-1.22635984262662));
#3078=CARTESIAN_POINT('Ctrl Pts',(1.19748332226718,4.15062348746507,-1.21415911862808));
#3079=CARTESIAN_POINT('Ctrl Pts',(1.2,4.14361392695247,-1.20188254575133));
#3080=CARTESIAN_POINT('',(0.4,3.85638579462556,-0.597016470390443));
#3081=CARTESIAN_POINT('',(0.4,3.85638579462556,2.5970164703903));
#3082=CARTESIAN_POINT('',(0.4,3.85638579462558,-2.50000000000007));
#3083=CARTESIAN_POINT('',(1.2,3.8563858942336,-0.597016728833131));
#3084=CARTESIAN_POINT('Ctrl Pts',(1.19999999999999,3.8563858942336,-0.597016728833132));
#3085=CARTESIAN_POINT('Ctrl Pts',(1.19079562200574,3.83074945946477,-0.530500523453569));
#3086=CARTESIAN_POINT('Ctrl Pts',(1.17930724837378,3.8065252578654,-0.462837661516251));
#3087=CARTESIAN_POINT('Ctrl Pts',(1.12975992130861,3.72254388720598,-0.209007446209089));
#3088=CARTESIAN_POINT('Ctrl Pts',(1.08043923157893,3.67462132649739,-0.0206308308785222));
#3089=CARTESIAN_POINT('Ctrl Pts',(0.988665653670319,3.61636578733822,0.278469340567994));
#3090=CARTESIAN_POINT('Ctrl Pts',(0.942226400521424,3.59404795634791,0.432800835028906));
#3091=CARTESIAN_POINT('Ctrl Pts',(0.86504515900493,3.57983135450747,0.572702706081618));
#3092=CARTESIAN_POINT('Ctrl Pts',(0.849651806039963,3.57747536593018,0.598095850579771));
#3093=CARTESIAN_POINT('Ctrl Pts',(0.82638819919589,3.57579953463874,0.617296011752681));
#3094=CARTESIAN_POINT('Ctrl Pts',(0.821516668514048,3.57551155547486,0.620649072125166));
#3095=CARTESIAN_POINT('Ctrl Pts',(0.811020083557223,3.5751112131689,0.625345704818945));
#3096=CARTESIAN_POINT('Ctrl Pts',(0.805386846620021,3.57499991059304,0.626671058679593));
#3097=CARTESIAN_POINT('Ctrl Pts',(0.799999982118608,3.57499991059304,0.626671058679593));
#3098=CARTESIAN_POINT('Ctrl Pts',(0.794613117617194,3.57499991059304,0.626671058679593));
#3099=CARTESIAN_POINT('Ctrl Pts',(0.788979880679989,3.5751112131689,0.62534570481895));
#3100=CARTESIAN_POINT('Ctrl Pts',(0.778483295723164,3.57551155547486,0.620649072125171));
#3101=CARTESIAN_POINT('Ctrl Pts',(0.773611765041325,3.57579953463874,0.617296011752681));
#3102=CARTESIAN_POINT('Ctrl Pts',(0.750348158197252,3.57747536593018,0.598095850579771));
#3103=CARTESIAN_POINT('Ctrl Pts',(0.734954805232285,3.57983135450747,0.572702706081618));
#3104=CARTESIAN_POINT('Ctrl Pts',(0.657773563715791,3.59404795634791,0.432800835028906));
#3105=CARTESIAN_POINT('Ctrl Pts',(0.611334310566896,3.61636578733822,0.278469340567994));
#3106=CARTESIAN_POINT('Ctrl Pts',(0.51956073265828,3.67462132649739,-0.0206308308785223));
#3107=CARTESIAN_POINT('Ctrl Pts',(0.470240042928606,3.72254388720598,-0.209007446209089));
#3108=CARTESIAN_POINT('Ctrl Pts',(0.420692733043412,3.8065252287458,-0.462837573503475));
#3109=CARTESIAN_POINT('Ctrl Pts',(0.409204371978908,3.83074939668397,-0.530500348199508));
#3110=CARTESIAN_POINT('Ctrl Pts',(0.400000000000009,3.85638579462556,-0.597016470390444));
#3111=CARTESIAN_POINT('',(1.2,3.8563858942336,2.59701672883298));
#3112=CARTESIAN_POINT('',(1.2,3.85638589423361,-2.50000000000007));
#3113=CARTESIAN_POINT('Ctrl Pts',(0.400000000000009,3.85638579462556,2.5970164703903));
#3114=CARTESIAN_POINT('Ctrl Pts',(0.409204371978908,3.83074939668397,2.53050034819936));
#3115=CARTESIAN_POINT('Ctrl Pts',(0.420692733043413,3.8065252287458,2.46283757350333));
#3116=CARTESIAN_POINT('Ctrl Pts',(0.470240042928606,3.72254388720598,2.20900744620894));
#3117=CARTESIAN_POINT('Ctrl Pts',(0.51956073265828,3.67462132649739,2.02063083087837));
#3118=CARTESIAN_POINT('Ctrl Pts',(0.611334310566896,3.61636578733822,1.72153065943186));
#3119=CARTESIAN_POINT('Ctrl Pts',(0.657773563715791,3.59404795634791,1.56719916497095));
#3120=CARTESIAN_POINT('Ctrl Pts',(0.734954805232285,3.57983135450747,1.42729729391823));
#3121=CARTESIAN_POINT('Ctrl Pts',(0.750348158197252,3.57747536593018,1.40190414942008));
#3122=CARTESIAN_POINT('Ctrl Pts',(0.773611765041325,3.57579953463874,1.38270398824717));
#3123=CARTESIAN_POINT('Ctrl Pts',(0.778483295723167,3.57551155547486,1.37935092787469));
#3124=CARTESIAN_POINT('Ctrl Pts',(0.788979880679992,3.5751112131689,1.37465429518091));
#3125=CARTESIAN_POINT('Ctrl Pts',(0.794613117617194,3.57499991059304,1.37332894132026));
#3126=CARTESIAN_POINT('Ctrl Pts',(0.799999982118608,3.57499991059304,1.37332894132026));
#3127=CARTESIAN_POINT('Ctrl Pts',(0.805386846620021,3.57499991059304,1.37332894132026));
#3128=CARTESIAN_POINT('Ctrl Pts',(0.811020083557226,3.5751112131689,1.3746542951809));
#3129=CARTESIAN_POINT('Ctrl Pts',(0.82151666851405,3.57551155547486,1.37935092787468));
#3130=CARTESIAN_POINT('Ctrl Pts',(0.82638819919589,3.57579953463874,1.38270398824717));
#3131=CARTESIAN_POINT('Ctrl Pts',(0.849651806039963,3.57747536593018,1.40190414942008));
#3132=CARTESIAN_POINT('Ctrl Pts',(0.86504515900493,3.57983135450747,1.42729729391823));
#3133=CARTESIAN_POINT('Ctrl Pts',(0.942226400521424,3.59404795634791,1.56719916497095));
#3134=CARTESIAN_POINT('Ctrl Pts',(0.988665653670319,3.61636578733822,1.72153065943186));
#3135=CARTESIAN_POINT('Ctrl Pts',(1.08043923157893,3.67462132649739,2.02063083087837));
#3136=CARTESIAN_POINT('Ctrl Pts',(1.12975992130861,3.72254388720598,2.20900744620894));
#3137=CARTESIAN_POINT('Ctrl Pts',(1.17930724837378,3.8065252578654,2.4628376615161));
#3138=CARTESIAN_POINT('Ctrl Pts',(1.19079562200574,3.83074945946477,2.53050052345342));
#3139=CARTESIAN_POINT('Ctrl Pts',(1.19999999999999,3.8563858942336,2.59701672883299));
#3140=CARTESIAN_POINT('Origin',(0.,8.,-2.50000000000007));
#3141=CARTESIAN_POINT('',(-0.2,4.20268462853353,-2.50000000000007));
#3142=CARTESIAN_POINT('',(-0.2,8.,-2.50000000000007));
#3143=CARTESIAN_POINT('',(-0.2,7.60771628434177,-2.50000000000007));
#3144=CARTESIAN_POINT('',(0.4,8.,-2.50000000000007));
#3145=CARTESIAN_POINT('',(0.,8.,-2.50000000000007));
#3146=CARTESIAN_POINT('',(0.4,5.26686987326272,-2.50000000000007));
#3147=CARTESIAN_POINT('',(0.4,8.,-2.50000000000007));
#3148=CARTESIAN_POINT('',(1.2,5.26686987326272,-2.50000000000007));
#3149=CARTESIAN_POINT('',(0.,5.26686987326272,-2.50000000000007));
#3150=CARTESIAN_POINT('',(1.2,8.,-2.50000000000007));
#3151=CARTESIAN_POINT('',(1.2,8.,-2.50000000000007));
#3152=CARTESIAN_POINT('',(1.9,8.,-2.50000000000007));
#3153=CARTESIAN_POINT('',(0.,8.,-2.50000000000007));
#3154=CARTESIAN_POINT('',(1.9,3.2,-2.50000000000007));
#3155=CARTESIAN_POINT('',(1.9,10.7358953741403,-2.50000000000007));
#3156=CARTESIAN_POINT('',(9.84439960450233E-16,3.2,-2.50000000000008));
#3157=CARTESIAN_POINT('',(0.,3.2,-2.50000000000007));
#3158=CARTESIAN_POINT('',(-1.9,3.2,-2.50000000000007));
#3159=CARTESIAN_POINT('',(0.,3.2,-2.50000000000007));
#3160=CARTESIAN_POINT('',(-1.9,8.,-2.50000000000007));
#3161=CARTESIAN_POINT('',(-1.9,5.6,-2.50000000000007));
#3162=CARTESIAN_POINT('',(-1.4,8.,-2.50000000000007));
#3163=CARTESIAN_POINT('',(0.,8.,-2.50000000000007));
#3164=CARTESIAN_POINT('',(-1.4,4.20268462853353,-2.50000000000007));
#3165=CARTESIAN_POINT('',(-1.4,7.60771628434177,-2.50000000000007));
#3166=CARTESIAN_POINT('',(0.,4.20268462853353,-2.50000000000007));
#3167=CARTESIAN_POINT('Ctrl Pts',(1.42505600426982,3.99999991059304,4.39385217138837));
#3168=CARTESIAN_POINT('Ctrl Pts',(1.42505600426982,3.90961829556287,4.39385217138837));
#3169=CARTESIAN_POINT('Ctrl Pts',(1.38053418468775,3.71573845068616,4.40048340463842));
#3170=CARTESIAN_POINT('Ctrl Pts',(1.14214926429566,3.41681753104019,4.43452309459739));
#3171=CARTESIAN_POINT('Ctrl Pts',(0.693440012427496,3.31288583025477,4.47974644017584));
#3172=CARTESIAN_POINT('Ctrl Pts',(0.355465929383575,3.52542932609032,4.49404833023938));
#3173=CARTESIAN_POINT('Ctrl Pts',(0.153992925294648,3.84456769866196,4.49891946719595));
#3174=CARTESIAN_POINT('Ctrl Pts',(0.154980741061899,4.31174819094319,4.49973841020952));
#3175=CARTESIAN_POINT('Ctrl Pts',(0.641653900748088,4.7005026972223,4.48552958613518));
#3176=CARTESIAN_POINT('Ctrl Pts',(1.14179499001992,4.58256850137607,4.43450537877229));
#3177=CARTESIAN_POINT('Ctrl Pts',(1.38033090586284,4.28450019101634,4.40057700897764));
#3178=CARTESIAN_POINT('Ctrl Pts',(1.42505600426982,4.09038152562321,4.39385217138837));
#3179=CARTESIAN_POINT('Ctrl Pts',(1.42505600426982,3.99999991059304,4.39385217138837));
#3180=CARTESIAN_POINT('Ctrl Pts',(1.35837066355275,3.99999991059304,4.33583780319211));
#3181=CARTESIAN_POINT('Ctrl Pts',(1.35837066355275,3.91813143561112,4.33583780319211));
#3182=CARTESIAN_POINT('Ctrl Pts',(1.31735901597088,3.74252059731655,4.34162428045018));
#3183=CARTESIAN_POINT('Ctrl Pts',(1.09914295799425,3.47546429095658,4.37127405539892));
#3184=CARTESIAN_POINT('Ctrl Pts',(0.698884736585866,3.38870685949903,4.41094185439564));
#3185=CARTESIAN_POINT('Ctrl Pts',(0.401569398651437,3.57839540944968,4.42453745714663));
#3186=CARTESIAN_POINT('Ctrl Pts',(0.223332661374825,3.86194962274735,4.42971637765666));
#3187=CARTESIAN_POINT('Ctrl Pts',(0.224850260332992,4.27689709076082,4.43034682502302));
#3188=CARTESIAN_POINT('Ctrl Pts',(0.653192195085036,4.62252082921287,4.4159553798948));
#3189=CARTESIAN_POINT('Ctrl Pts',(1.09874596999666,4.52399602989198,4.37126590583464));
#3190=CARTESIAN_POINT('Ctrl Pts',(1.31723956937132,4.25768594303714,4.34169887416404));
#3191=CARTESIAN_POINT('Ctrl Pts',(1.35837066355275,4.08186838557496,4.33583780319211));
#3192=CARTESIAN_POINT('Ctrl Pts',(1.35837066355275,3.99999991059304,4.33583780319211));
#3193=CARTESIAN_POINT('Ctrl Pts',(1.29168532283568,3.99999991059304,4.27782343499584));
#3194=CARTESIAN_POINT('Ctrl Pts',(1.29168532283568,3.92664457565938,4.27782343499584));
#3195=CARTESIAN_POINT('Ctrl Pts',(1.254183847254,3.76930274394695,4.28276515626193));
#3196=CARTESIAN_POINT('Ctrl Pts',(1.05613665169285,3.53411105087297,4.30802501620045));
#3197=CARTESIAN_POINT('Ctrl Pts',(0.704329460744236,3.46452788874329,4.34213726861544));
#3198=CARTESIAN_POINT('Ctrl Pts',(0.447672867919297,3.63136149280904,4.35502658405388));
#3199=CARTESIAN_POINT('Ctrl Pts',(0.292672397455,3.87933154683274,4.36051328811738));
#3200=CARTESIAN_POINT('Ctrl Pts',(0.294719779604083,4.24204599057845,4.36095523983652));
#3201=CARTESIAN_POINT('Ctrl Pts',(0.664730489421984,4.54453896120345,4.34638117365442));
#3202=CARTESIAN_POINT('Ctrl Pts',(1.05569694997341,4.46542355840789,4.308026432897));
#3203=CARTESIAN_POINT('Ctrl Pts',(1.25414823287979,4.23087169505795,4.28282073935045));
#3204=CARTESIAN_POINT('Ctrl Pts',(1.29168532283568,4.07335524552671,4.27782343499584));
#3205=CARTESIAN_POINT('Ctrl Pts',(1.29168532283568,3.99999991059304,4.27782343499584));
#3206=CARTESIAN_POINT('Ctrl Pts',(1.22499998211861,3.99999991059304,4.21980906679958));
#3207=CARTESIAN_POINT('Ctrl Pts',(1.22499998211861,3.93515771570763,4.21980906679958));
#3208=CARTESIAN_POINT('Ctrl Pts',(1.19100867853713,3.79608489057735,4.22390603207369));
#3209=CARTESIAN_POINT('Ctrl Pts',(1.01313034539144,3.59275781078935,4.24477597700198));
#3210=CARTESIAN_POINT('Ctrl Pts',(0.709774184902606,3.54034891798755,4.27333268283524));
#3211=CARTESIAN_POINT('Ctrl Pts',(0.493776337187159,3.6843275761684,4.28551571096113));
#3212=CARTESIAN_POINT('Ctrl Pts',(0.362012133535176,3.89671347091813,4.29131019857809));
#3213=CARTESIAN_POINT('Ctrl Pts',(0.364589298875176,4.20719489039608,4.29156365465002));
#3214=CARTESIAN_POINT('Ctrl Pts',(0.676268783758933,4.46655709319402,4.27680696741404));
#3215=CARTESIAN_POINT('Ctrl Pts',(1.01264792995015,4.4068510869238,4.24478695995935));
#3216=CARTESIAN_POINT('Ctrl Pts',(1.19105689638827,4.20405744707874,4.22394260453685));
#3217=CARTESIAN_POINT('Ctrl Pts',(1.22499998211861,4.06484210547845,4.21980906679958));
#3218=CARTESIAN_POINT('Ctrl Pts',(1.22499998211861,3.99999991059304,4.21980906679958));
#3219=CARTESIAN_POINT('',(1.42505600426982,3.99999991059304,4.39385217138837));
#3220=CARTESIAN_POINT('',(1.42505600426982,3.99999991059304,4.39385217138837));
#3221=CARTESIAN_POINT('Ctrl Pts',(1.42505600426982,3.99999991059304,4.39385217138837));
#3222=CARTESIAN_POINT('Ctrl Pts',(1.42505600426982,4.09038152562321,4.39385217138837));
#3223=CARTESIAN_POINT('Ctrl Pts',(1.38033090586284,4.28450019101634,4.40057700897764));
#3224=CARTESIAN_POINT('Ctrl Pts',(1.14179499001992,4.58256850137607,4.43450537877229));
#3225=CARTESIAN_POINT('Ctrl Pts',(0.641653900748088,4.7005026972223,4.48552958613518));
#3226=CARTESIAN_POINT('Ctrl Pts',(0.154980741061899,4.31174819094319,4.49973841020952));
#3227=CARTESIAN_POINT('Ctrl Pts',(0.153992925294648,3.84456769866196,4.49891946719595));
#3228=CARTESIAN_POINT('Ctrl Pts',(0.355465929383575,3.52542932609032,4.49404833023938));
#3229=CARTESIAN_POINT('Ctrl Pts',(0.693440012427496,3.31288583025477,4.47974644017584));
#3230=CARTESIAN_POINT('Ctrl Pts',(1.14214926429566,3.41681753104019,4.43452309459739));
#3231=CARTESIAN_POINT('Ctrl Pts',(1.38053418468775,3.71573845068616,4.40048340463842));
#3232=CARTESIAN_POINT('Ctrl Pts',(1.42505600426982,3.90961829556287,4.39385217138837));
#3233=CARTESIAN_POINT('Ctrl Pts',(1.42505600426982,3.99999991059304,4.39385217138837));
#3234=CARTESIAN_POINT('Ctrl Pts',(-2.54794631789613,0.25,4.15114570246159));
#3235=CARTESIAN_POINT('Ctrl Pts',(0.0349968637192147,0.25,4.88815727288729));
#3236=CARTESIAN_POINT('Ctrl Pts',(2.60726390269036,0.25,4.1339876697279));
#3237=CARTESIAN_POINT('Ctrl Pts',(-2.54794631789613,11.,4.15114570246159));
#3238=CARTESIAN_POINT('Ctrl Pts',(0.0349968637192147,11.,4.88815727288729));
#3239=CARTESIAN_POINT('Ctrl Pts',(2.60726390269036,11.,4.1339876697279));
#3240=CARTESIAN_POINT('',(2.60726390269036,0.25,4.1339876697279));
#3241=CARTESIAN_POINT('',(-2.54794631789613,0.25,4.15114570246159));
#3242=CARTESIAN_POINT('Ctrl Pts',(2.60726390269036,0.25,4.1339876697279));
#3243=CARTESIAN_POINT('Ctrl Pts',(0.932738729692796,0.25,4.62494602127802));
#3244=CARTESIAN_POINT('Ctrl Pts',(-0.87021786255921,0.25,4.62986520834033));
#3245=CARTESIAN_POINT('Ctrl Pts',(-2.54794631789613,0.25,4.15114570246159));
#3246=CARTESIAN_POINT('',(2.60726390269036,3.,4.1339876697279));
#3247=CARTESIAN_POINT('Ctrl Pts',(2.60726390269036,3.,4.1339876697279));
#3248=CARTESIAN_POINT('Ctrl Pts',(2.60726390269036,2.08333333333333,4.1339876697279));
#3249=CARTESIAN_POINT('Ctrl Pts',(2.60726390269036,1.16666666666667,4.1339876697279));
#3250=CARTESIAN_POINT('Ctrl Pts',(2.60726390269036,0.25,4.1339876697279));
#3251=CARTESIAN_POINT('',(2.09999999999746,3.,4.26613369389573));
#3252=CARTESIAN_POINT('Ctrl Pts',(2.10000029167519,3.,4.26613496857552));
#3253=CARTESIAN_POINT('Ctrl Pts',(2.27026503917914,3.,4.2271744921712));
#3254=CARTESIAN_POINT('Ctrl Pts',(2.43946795664521,3.,4.18318419564196));
#3255=CARTESIAN_POINT('Ctrl Pts',(2.60726390269037,3.,4.13398766972789));
#3256=CARTESIAN_POINT('',(1.94106632860508,3.,4.30098461706055));
#3257=CARTESIAN_POINT('Ctrl Pts',(2.1000013434827,3.,4.26613472789779));
#3258=CARTESIAN_POINT('Ctrl Pts',(2.04712197731226,3.,4.27823474552586));
#3259=CARTESIAN_POINT('Ctrl Pts',(1.99414019266226,3.,4.2898496137386));
#3260=CARTESIAN_POINT('Ctrl Pts',(1.94106632860507,3.,4.30098461706055));
#3261=CARTESIAN_POINT('',(1.94106632860508,11.,4.30098461706055));
#3262=CARTESIAN_POINT('',(1.94106632860508,0.,4.30098461706055));
#3263=CARTESIAN_POINT('',(1.19999999998316,11.,4.42499474716544));
#3264=CARTESIAN_POINT('Ctrl Pts',(1.19999999998241,11.,4.42499474715946));
#3265=CARTESIAN_POINT('Ctrl Pts',(1.44826892583605,11.,4.39369592400362));
#3266=CARTESIAN_POINT('Ctrl Pts',(1.69554644391747,11.,4.35249891927217));
#3267=CARTESIAN_POINT('Ctrl Pts',(1.94106642449479,11.,4.30098507408023));
#3268=CARTESIAN_POINT('',(1.2,5.17344533546161,4.42499474715724));
#3269=CARTESIAN_POINT('',(1.2,0.,4.42499474715724));
#3270=CARTESIAN_POINT('',(0.4,5.25630972532387,4.49172793417902));
#3271=CARTESIAN_POINT('Ctrl Pts',(1.2,5.17344533546161,4.42499474715724));
#3272=CARTESIAN_POINT('Ctrl Pts',(0.934746647697598,5.21396529892453,4.45843476683263));
#3273=CARTESIAN_POINT('Ctrl Pts',(0.667399952536032,5.24222169284777,4.48065800020288));
#3274=CARTESIAN_POINT('Ctrl Pts',(0.4,5.25630972532387,4.49172793417902));
#3275=CARTESIAN_POINT('',(0.3999999999581,11.,4.49172793419557));
#3276=CARTESIAN_POINT('',(0.4,0.,4.49172793417902));
#3277=CARTESIAN_POINT('',(-1.94106632860499,11.,4.30098461706147));
#3278=CARTESIAN_POINT('Ctrl Pts',(-1.9410671791501,11.,4.30098866867068));
#3279=CARTESIAN_POINT('Ctrl Pts',(-1.1706344645649,11.,4.46272385684631));
#3280=CARTESIAN_POINT('Ctrl Pts',(-0.383400825764044,11.,4.52418929566192));
#3281=CARTESIAN_POINT('Ctrl Pts',(0.400000017033923,11.,4.4917283462973));
#3282=CARTESIAN_POINT('',(-1.94106632860499,3.,4.30098461706147));
#3283=CARTESIAN_POINT('',(-1.94106632860499,0.,4.30098461706147));
#3284=CARTESIAN_POINT('',(-2.54794631789613,3.,4.15114570246159));
#3285=CARTESIAN_POINT('Ctrl Pts',(-2.54794631789613,3.,4.15114570246159));
#3286=CARTESIAN_POINT('Ctrl Pts',(-2.34740095043939,3.,4.20836889546983));
#3287=CARTESIAN_POINT('Ctrl Pts',(-2.14491407237633,3.,4.25821695082157));
#3288=CARTESIAN_POINT('Ctrl Pts',(-1.94106632860499,3.,4.30098461706147));
#3289=CARTESIAN_POINT('Ctrl Pts',(-2.54794631789613,0.25,4.15114570246159));
#3290=CARTESIAN_POINT('Ctrl Pts',(-2.54794631789613,1.16666666666667,4.15114570246159));
#3291=CARTESIAN_POINT('Ctrl Pts',(-2.54794631789613,2.08333333333333,4.15114570246159));
#3292=CARTESIAN_POINT('Ctrl Pts',(-2.54794631789613,3.,4.15114570246159));
#3293=CARTESIAN_POINT('Origin',(1.2,8.,0.999999999999927));
#3294=CARTESIAN_POINT('Origin',(1.2,8.,0.999999999999926));
#3295=CARTESIAN_POINT('Origin',(1.2,8.,0.999999999999927));
#3296=CARTESIAN_POINT('Origin',(1.2,8.,0.999999999999926));
#3297=CARTESIAN_POINT('',(1.1999999999999,11.5,3.92081229510022));
#3298=CARTESIAN_POINT('Ctrl Pts',(1.20000024916446,11.5,3.92081259481708));
#3299=CARTESIAN_POINT('Ctrl Pts',(1.20000048106769,11.5,3.94705051007873));
#3300=CARTESIAN_POINT('Ctrl Pts',(1.19999889407908,11.4978672054081,3.97317463097742));
#3301=CARTESIAN_POINT('Ctrl Pts',(1.19999672586735,11.4937447708392,3.9989701096156));
#3302=CARTESIAN_POINT('Ctrl Pts',(1.19999450894677,11.4895297258341,4.02534508332889));
#3303=CARTESIAN_POINT('Ctrl Pts',(1.19999185747072,11.4832342851031,4.05137777239916));
#3304=CARTESIAN_POINT('Ctrl Pts',(1.19999116553578,11.4749583118966,4.07683200518164));
#3305=CARTESIAN_POINT('Ctrl Pts',(1.19999082630761,11.4709009314784,4.08931120286348));
#3306=CARTESIAN_POINT('Ctrl Pts',(1.19999095772605,11.4663667550856,4.10165114518931));
#3307=CARTESIAN_POINT('Ctrl Pts',(1.19999173449165,11.461363440006,4.1138219681071));
#3308=CARTESIAN_POINT('Ctrl Pts',(1.19999331456789,11.4511858276351,4.13857953702344));
#3309=CARTESIAN_POINT('Ctrl Pts',(1.19999728780603,11.4391464910368,4.16245266084112));
#3310=CARTESIAN_POINT('Ctrl Pts',(1.200001319386,11.4253589629076,4.18521233294286));
#3311=CARTESIAN_POINT('Ctrl Pts',(1.20000525555688,11.411897722624,4.2074333875124));
#3312=CARTESIAN_POINT('Ctrl Pts',(1.20000940965907,11.3967693688615,4.22859417053122));
#3313=CARTESIAN_POINT('Ctrl Pts',(1.20000907770677,11.3800382416787,4.24845646994131));
#3314=CARTESIAN_POINT('Ctrl Pts',(1.20000891267215,11.371720133298,4.25833128335819));
#3315=CARTESIAN_POINT('Ctrl Pts',(1.20000758427825,11.3630052795505,4.26788465393421));
#3316=CARTESIAN_POINT('Ctrl Pts',(1.20000408533435,11.353898406454,4.27708363903218));
#3317=CARTESIAN_POINT('Ctrl Pts',(1.20000404509234,11.3537936666059,4.27718943827768));
#3318=CARTESIAN_POINT('Ctrl Pts',(1.20000400454944,11.3536888794473,4.27729518600294));
#3319=CARTESIAN_POINT('Ctrl Pts',(1.20000396370411,11.3535840449969,4.27740088216858));
#3320=CARTESIAN_POINT('Ctrl Pts',(1.19999680708956,11.3352157334503,4.29592017704131));
#3321=CARTESIAN_POINT('Ctrl Pts',(1.19998080541933,11.3153990102859,4.31285950962897));
#3322=CARTESIAN_POINT('Ctrl Pts',(1.19996669455765,11.2943826423934,4.3281592453187));
#3323=CARTESIAN_POINT('Ctrl Pts',(1.19995232419381,11.2729797784143,4.34374034684681));
#3324=CARTESIAN_POINT('Ctrl Pts',(1.19994001121919,11.2503315559959,4.35762165524286));
#3325=CARTESIAN_POINT('Ctrl Pts',(1.19993479011563,11.2266686734114,4.36969842159072));
#3326=CARTESIAN_POINT('Ctrl Pts',(1.19993237831559,11.215738007,4.3752770785361));
#3327=CARTESIAN_POINT('Ctrl Pts',(1.19993138358279,11.204590497914,4.38047003871544));
#3328=CARTESIAN_POINT('Ctrl Pts',(1.19993176786463,11.1932477339298,4.3852634260795));
#3329=CARTESIAN_POINT('Ctrl Pts',(1.19993259946034,11.1687017029693,4.39563643876041));
#3330=CARTESIAN_POINT('Ctrl Pts',(1.19994010231455,11.1434426256225,4.40405686810622));
#3331=CARTESIAN_POINT('Ctrl Pts',(1.19995205675798,11.1177128279008,4.41044256320372));
#3332=CARTESIAN_POINT('Ctrl Pts',(1.19996375645674,11.0925313224551,4.41669218154942));
#3333=CARTESIAN_POINT('Ctrl Pts',(1.19997976883917,11.0668976708189,4.42099319924357));
#3334=CARTESIAN_POINT('Ctrl Pts',(1.19999041308997,11.0410255640442,4.42322253314705));
#3335=CARTESIAN_POINT('Ctrl Pts',(1.19999601638224,11.0274061014188,4.42439608774168));
#3336=CARTESIAN_POINT('Ctrl Pts',(1.2,11.0137204474887,4.42499474715724));
#3337=CARTESIAN_POINT('Ctrl Pts',(1.2,11.,4.42499474715724));
#3338=CARTESIAN_POINT('',(1.2,11.5,0.999999999999927));
#3339=CARTESIAN_POINT('',(1.2,11.5,2.74999999999993));
#3340=CARTESIAN_POINT('Origin',(1.2,8.,0.999999999999926));
#3341=CARTESIAN_POINT('Origin',(1.2,8.,0.999999999999926));
#3342=CARTESIAN_POINT('',(1.2,4.65000011920929,1.00000001490116));
#3343=CARTESIAN_POINT('Origin',(1.2,8.00000011920929,1.00000001490116));
#3344=CARTESIAN_POINT('Origin',(0.,8.,0.999999999999926));
#3345=CARTESIAN_POINT('Origin',(0.4,8.,0.999999999999926));
#3346=CARTESIAN_POINT('Origin',(0.,8.,0.999999999999926));
#3347=CARTESIAN_POINT('Origin',(0.4,8.,0.999999999999926));
#3348=CARTESIAN_POINT('Origin',(0.4,8.,0.999999999999927));
#3349=CARTESIAN_POINT('Origin',(0.4,8.00000011920929,1.00000001490116));
#3350=CARTESIAN_POINT('',(0.4,4.65000011920929,1.00000001490116));
#3351=CARTESIAN_POINT('',(0.4,4.65000011920929,1.00000001490116));
#3352=CARTESIAN_POINT('Origin',(0.4,8.00000011920929,1.00000001490116));
#3353=CARTESIAN_POINT('Origin',(0.3,8.,0.499999999999926));
#3354=CARTESIAN_POINT('',(0.1,8.,-0.225000000000074));
#3355=CARTESIAN_POINT('Origin',(0.1,8.,0.499999999999926));
#3356=CARTESIAN_POINT('',(0.3,8.,-0.425000000000074));
#3357=CARTESIAN_POINT('Origin',(0.3,8.,-0.225000000000074));
#3358=CARTESIAN_POINT('',(0.3,7.075,0.499999999999926));
#3359=CARTESIAN_POINT('Origin',(0.3,8.,0.499999999999926));
#3360=CARTESIAN_POINT('Origin',(0.3,8.,0.499999999999926));
#3361=CARTESIAN_POINT('Origin',(2.35,8.,0.499999999999926));
#3362=CARTESIAN_POINT('',(2.35,7.075,0.499999999999926));
#3363=CARTESIAN_POINT('Origin',(2.35,8.,0.499999999999926));
#3364=CARTESIAN_POINT('',(2.35,7.075,0.499999999999926));
#3365=CARTESIAN_POINT('Origin',(0.1,8.,0.499999999999926));
#3366=CARTESIAN_POINT('Origin',(2.35,8.,0.499999999999926));
#3367=CARTESIAN_POINT('',(2.35,6.99,0.499999999999926));
#3368=CARTESIAN_POINT('Origin',(2.35,8.,0.499999999999926));
#3369=CARTESIAN_POINT('Ctrl Pts',(1.52374501597848,-26.0238318953226,1.64785504312261));
#3370=CARTESIAN_POINT('Ctrl Pts',(1.45349043998651,-25.839789880515,1.55750071822048));
#3371=CARTESIAN_POINT('Ctrl Pts',(1.38532788682182,-25.3069836871736,1.44364087012363));
#3372=CARTESIAN_POINT('Ctrl Pts',(1.54745279744097,-24.8408764255893,1.69927994065551));
#3373=CARTESIAN_POINT('Ctrl Pts',(1.71155064458728,-24.6700919991476,1.85528529633158));
#3374=CARTESIAN_POINT('Ctrl Pts',(1.53514681003347,-26.0116626242683,1.66251887661623));
#3375=CARTESIAN_POINT('Ctrl Pts',(1.46446866001726,-25.8324427489785,1.57353054517537));
#3376=CARTESIAN_POINT('Ctrl Pts',(1.39488555926515,-25.3107469641179,1.46057830289148));
#3377=CARTESIAN_POINT('Ctrl Pts',(1.55992465865148,-24.8561908264161,1.71380152775823));
#3378=CARTESIAN_POINT('Ctrl Pts',(1.72262386136064,-24.6914310350894,1.86581243700556));
#3379=CARTESIAN_POINT('Ctrl Pts',(1.54442131019887,-25.9904349873185,1.69635109708231));
#3380=CARTESIAN_POINT('Ctrl Pts',(1.47454380441854,-25.8195642049226,1.60755934213155));
#3381=CARTESIAN_POINT('Ctrl Pts',(1.4050084830601,-25.317359414469,1.49394105769501));
#3382=CARTESIAN_POINT('Ctrl Pts',(1.56981784739867,-24.8830390691983,1.74814086172248));
#3383=CARTESIAN_POINT('Ctrl Pts',(1.72875688570136,-24.7285397008468,1.89792326682165));
#3384=CARTESIAN_POINT('Ctrl Pts',(1.53181106851898,-25.9770593427457,1.73201789396769));
#3385=CARTESIAN_POINT('Ctrl Pts',(1.46544451133843,-25.8101598487475,1.64173143821029));
#3386=CARTESIAN_POINT('Ctrl Pts',(1.40093161221773,-25.32324237836,1.52675927279566));
#3387=CARTESIAN_POINT('Ctrl Pts',(1.5544358746158,-24.8998078975844,1.78431889214317));
#3388=CARTESIAN_POINT('Ctrl Pts',(1.70898842417577,-24.74682206213,1.9377155546511));
#3389=CARTESIAN_POINT('Ctrl Pts',(1.52309571148016,-25.9734634438493,1.745747136733));
#3390=CARTESIAN_POINT('Ctrl Pts',(1.45843526263766,-25.8071177766194,1.65492149893695));
#3391=CARTESIAN_POINT('Ctrl Pts',(1.39671662514014,-25.3255429480223,1.53967745380982));
#3392=CARTESIAN_POINT('Ctrl Pts',(1.54410350297904,-24.9042536923595,1.79807181989883));
#3393=CARTESIAN_POINT('Ctrl Pts',(1.69727030782484,-24.7498908453834,1.95323049618963));
#3394=CARTESIAN_POINT('',(1.69727030782485,-24.7498908453834,1.95323049618961));
#3395=CARTESIAN_POINT('',(1.71155064458728,-24.6700919991476,1.85528529633158));
#3396=CARTESIAN_POINT('Origin',(1.6426496094182,-24.6700919991476,1.92776044622883));
#3397=CARTESIAN_POINT('',(1.5185695674413,-26.0099920757211,1.64117837371081));
#3398=CARTESIAN_POINT('Ctrl Pts',(1.71155064458728,-24.6700919991476,1.85528529633158));
#3399=CARTESIAN_POINT('Ctrl Pts',(1.54745279744097,-24.8408764255893,1.69927994065551));
#3400=CARTESIAN_POINT('Ctrl Pts',(1.38705927832092,-25.3020059564393,1.44637093370156));
#3401=CARTESIAN_POINT('Ctrl Pts',(1.45206083810809,-25.8284174211794,1.55511095684257));
#3402=CARTESIAN_POINT('Ctrl Pts',(1.51856956744129,-26.0099920757211,1.64117837371081));
#3403=CARTESIAN_POINT('',(1.5140070688874,-25.9491287557905,1.73289280867394));
#3404=CARTESIAN_POINT('Ctrl Pts',(1.51856730172694,-26.0099858900655,1.64117544169795));
#3405=CARTESIAN_POINT('Ctrl Pts',(1.52243116714627,-26.009991862684,1.64618808407549));
#3406=CARTESIAN_POINT('Ctrl Pts',(1.52593388509586,-26.0095433812714,1.65145797408973));
#3407=CARTESIAN_POINT('Ctrl Pts',(1.52890566948683,-26.008525067141,1.65691051747356));
#3408=CARTESIAN_POINT('Ctrl Pts',(1.53070060936927,-26.0079100115363,1.6602038208539));
#3409=CARTESIAN_POINT('Ctrl Pts',(1.53230133285355,-26.0070878321608,1.66356346605917));
#3410=CARTESIAN_POINT('Ctrl Pts',(1.53366600291962,-26.0060403005419,1.66696914801836));
#3411=CARTESIAN_POINT('Ctrl Pts',(1.53637388676786,-26.0039617073187,1.67372696545631));
#3412=CARTESIAN_POINT('Ctrl Pts',(1.53806117850569,-26.0010563153289,1.68043513763665));
#3413=CARTESIAN_POINT('Ctrl Pts',(1.53857669760153,-25.9973189186825,1.68696298170389));
#3414=CARTESIAN_POINT('Ctrl Pts',(1.53861232609148,-25.9970606202026,1.68741413322975));
#3415=CARTESIAN_POINT('Ctrl Pts',(1.53864233954819,-25.996798356788,1.68786441875982));
#3416=CARTESIAN_POINT('Ctrl Pts',(1.53866667999069,-25.9965321307439,1.68831379245506));
#3417=CARTESIAN_POINT('Ctrl Pts',(1.53890385545055,-25.9939380002377,1.69269253013761));
#3418=CARTESIAN_POINT('Ctrl Pts',(1.53859472515674,-25.99105585074,1.6968355411308));
#3419=CARTESIAN_POINT('Ctrl Pts',(1.53779282332939,-25.9879541457875,1.70073586230727));
#3420=CARTESIAN_POINT('Ctrl Pts',(1.53735141884679,-25.9862468214953,1.70288278253137));
#3421=CARTESIAN_POINT('Ctrl Pts',(1.53676063442659,-25.984472699758,1.70495639385056));
#3422=CARTESIAN_POINT('Ctrl Pts',(1.53603305130499,-25.9826401550269,1.70695624033349));
#3423=CARTESIAN_POINT('Ctrl Pts',(1.53439312423144,-25.978509713255,1.71146376984176));
#3424=CARTESIAN_POINT('Ctrl Pts',(1.53209118920408,-25.9741619406875,1.71551121999931));
#3425=CARTESIAN_POINT('Ctrl Pts',(1.52933593289069,-25.9697352916027,1.71912367394236));
#3426=CARTESIAN_POINT('Ctrl Pts',(1.52875080716914,-25.9687952170886,1.71989084021643));
#3427=CARTESIAN_POINT('Ctrl Pts',(1.52814512017432,-25.9678515076705,1.7206385143545));
#3428=CARTESIAN_POINT('Ctrl Pts',(1.52752067957726,-25.9669053813238,1.72136712956944));
#3429=CARTESIAN_POINT('Ctrl Pts',(1.52422596381828,-25.9619133654309,1.72521149850091));
#3430=CARTESIAN_POINT('Ctrl Pts',(1.52039152859599,-25.9568250318019,1.72854653427593));
#3431=CARTESIAN_POINT('Ctrl Pts',(1.51623681618988,-25.9517861789809,1.73141946238686));
#3432=CARTESIAN_POINT('Ctrl Pts',(1.51550330950652,-25.9508965789654,1.73192667245682));
#3433=CARTESIAN_POINT('Ctrl Pts',(1.51475973378044,-25.9500084848319,1.73241957122656));
#3434=CARTESIAN_POINT('Ctrl Pts',(1.51400718457232,-25.9491226609863,1.73289853150048));
#3435=CARTESIAN_POINT('Ctrl Pts',(1.51400718423305,-25.9491226600399,1.73289853101771));
#3436=CARTESIAN_POINT('Ctrl Pts',(1.45597329656129,-25.7872364209711,1.65031721327588));
#3437=CARTESIAN_POINT('Ctrl Pts',(1.39976292920581,-25.3168354213336,1.54501814505387));
#3438=CARTESIAN_POINT('Ctrl Pts',(1.54410350297904,-24.9042536923595,1.79807181989883));
#3439=CARTESIAN_POINT('Ctrl Pts',(1.69727030782484,-24.7498908453834,1.95323049618963));
#3440=CARTESIAN_POINT('Ctrl Pts',(1.71155064458728,-24.6700919991476,1.85528529633158));
#3441=CARTESIAN_POINT('Ctrl Pts',(1.82036923400804,-24.55683932275,1.9587374929446));
#3442=CARTESIAN_POINT('Ctrl Pts',(2.06122288987673,-24.4401323015949,2.14060306716652));
#3443=CARTESIAN_POINT('Ctrl Pts',(2.46802688883364,-24.4815151962601,2.30478624117404));
#3444=CARTESIAN_POINT('Ctrl Pts',(2.69052635473408,-24.5945901588253,2.3469286731193));
#3445=CARTESIAN_POINT('Ctrl Pts',(2.78999050979834,-24.670091931966,2.35817006433915));
#3446=CARTESIAN_POINT('Ctrl Pts',(1.72262386136064,-24.6914310350894,1.86581243700556));
#3447=CARTESIAN_POINT('Ctrl Pts',(1.82991922756664,-24.5816356635149,1.96608448218991));
#3448=CARTESIAN_POINT('Ctrl Pts',(2.06564135959892,-24.4691277617174,2.14172649437821));
#3449=CARTESIAN_POINT('Ctrl Pts',(2.46076545258192,-24.5089758437244,2.30191023606584));
#3450=CARTESIAN_POINT('Ctrl Pts',(2.67762120370086,-24.6182340664511,2.34462794265743));
#3451=CARTESIAN_POINT('Ctrl Pts',(2.7748085275732,-24.691430969949,2.3564542039714));
#3452=CARTESIAN_POINT('Ctrl Pts',(1.728756570917,-24.7285394756104,1.89792336387731));
#3453=CARTESIAN_POINT('Ctrl Pts',(1.83354263830119,-24.624672646163,1.99478763338));
#3454=CARTESIAN_POINT('Ctrl Pts',(2.06177923455992,-24.519294538174,2.16340901696415));
#3455=CARTESIAN_POINT('Ctrl Pts',(2.44217048028195,-24.5565417872641,2.31805993668459));
#3456=CARTESIAN_POINT('Ctrl Pts',(2.65189641644113,-24.6592948715,2.36039169405315));
#3457=CARTESIAN_POINT('Ctrl Pts',(2.7462681040449,-24.7285394140008,2.37239678300304));
#3458=CARTESIAN_POINT('Ctrl Pts',(1.70898842417576,-24.74682206213,1.9377155546511));
#3459=CARTESIAN_POINT('Ctrl Pts',(1.8126505150447,-24.6447088376797,2.03536471904985));
#3460=CARTESIAN_POINT('Ctrl Pts',(2.04065304019664,-24.5402321391335,2.20631834707945));
#3461=CARTESIAN_POINT('Ctrl Pts',(2.42384471794159,-24.5772254367954,2.36132693469528));
#3462=CARTESIAN_POINT('Ctrl Pts',(2.63420136065927,-24.6787465287336,2.40202325958957));
#3463=CARTESIAN_POINT('Ctrl Pts',(2.72849223922131,-24.7468220015501,2.41311799081654));
#3464=CARTESIAN_POINT('Ctrl Pts',(1.69727030782484,-24.7498908453834,1.95323049618962));
#3465=CARTESIAN_POINT('Ctrl Pts',(1.80088521109989,-24.6475278494086,2.05173562663386));
#3466=CARTESIAN_POINT('Ctrl Pts',(2.03022128675687,-24.5420426572108,2.22490442051713));
#3467=CARTESIAN_POINT('Ctrl Pts',(2.41757198876653,-24.5794464273889,2.38123638350927));
#3468=CARTESIAN_POINT('Ctrl Pts',(2.62943156864849,-24.6816487973998,2.4213635716398));
#3469=CARTESIAN_POINT('Ctrl Pts',(2.72413936500185,-24.7498907846616,2.43206740147367));
#3470=CARTESIAN_POINT('',(2.72413936500185,-24.7498907846616,2.43206740147366));
#3471=CARTESIAN_POINT('',(2.78999050979834,-24.670091931966,2.35817006433915));
#3472=CARTESIAN_POINT('Origin',(2.77876005565659,-24.670091931966,2.45753744781969));
#3473=CARTESIAN_POINT('Ctrl Pts',(2.78999050979834,-24.670091931966,2.35817006433915));
#3474=CARTESIAN_POINT('Ctrl Pts',(2.69052635473408,-24.5945901588253,2.3469286731193));
#3475=CARTESIAN_POINT('Ctrl Pts',(2.46802688883364,-24.4815151962601,2.30478624117404));
#3476=CARTESIAN_POINT('Ctrl Pts',(2.06122288987673,-24.4401323015949,2.14060306716652));
#3477=CARTESIAN_POINT('Ctrl Pts',(1.82036923400804,-24.55683932275,1.9587374929446));
#3478=CARTESIAN_POINT('Ctrl Pts',(1.71155064458728,-24.6700919991476,1.85528529633158));
#3479=CARTESIAN_POINT('Ctrl Pts',(1.69727030782484,-24.7498908453834,1.95323049618962));
#3480=CARTESIAN_POINT('Ctrl Pts',(1.80088521109989,-24.6475278494086,2.05173562663386));
#3481=CARTESIAN_POINT('Ctrl Pts',(2.03022128675687,-24.5420426572108,2.22490442051713));
#3482=CARTESIAN_POINT('Ctrl Pts',(2.41757198876653,-24.5794464273889,2.38123638350927));
#3483=CARTESIAN_POINT('Ctrl Pts',(2.62943156864849,-24.6816487973998,2.4213635716398));
#3484=CARTESIAN_POINT('Ctrl Pts',(2.72413936500185,-24.7498907846616,2.43206740147367));
#3485=CARTESIAN_POINT('Ctrl Pts',(2.78999050979834,-24.670091931966,2.35817006433915));
#3486=CARTESIAN_POINT('Ctrl Pts',(3.01500343282007,-24.8408959231801,2.38360091724865));
#3487=CARTESIAN_POINT('Ctrl Pts',(3.31506306379017,-25.3070788684054,2.34346585261725));
#3488=CARTESIAN_POINT('Ctrl Pts',(3.18393448334807,-25.8399359379371,2.36445090035244));
#3489=CARTESIAN_POINT('Ctrl Pts',(3.06951874557215,-26.0239795590883,2.36870733907429));
#3490=CARTESIAN_POINT('Ctrl Pts',(2.7748085275732,-24.691430969949,2.3564542039714));
#3491=CARTESIAN_POINT('Ctrl Pts',(2.99586204103774,-24.8562096353733,2.38338138520766));
#3492=CARTESIAN_POINT('Ctrl Pts',(3.29594464077934,-25.3108401539218,2.34703233016342));
#3493=CARTESIAN_POINT('Ctrl Pts',(3.16459821607189,-25.832585493979,2.36634430696975));
#3494=CARTESIAN_POINT('Ctrl Pts',(3.05095728989034,-26.011806428651,2.369397853336));
#3495=CARTESIAN_POINT('Ctrl Pts',(2.74626838843613,-24.728538913532,2.37239745742681));
#3496=CARTESIAN_POINT('Ctrl Pts',(2.96319730773305,-24.8830559797538,2.39787647401659));
#3497=CARTESIAN_POINT('Ctrl Pts',(3.26388072893478,-25.3174492092916,2.36072258559519));
#3498=CARTESIAN_POINT('Ctrl Pts',(3.13205469528267,-25.8197013656191,2.38050025962568));
#3499=CARTESIAN_POINT('Ctrl Pts',(3.01907966411993,-25.9905723019215,2.3840409836068));
#3500=CARTESIAN_POINT('Ctrl Pts',(2.72849223922131,-24.7468220015501,2.41311799081654));
#3501=CARTESIAN_POINT('Ctrl Pts',(2.94537025431271,-24.8998253621961,2.4329129101544));
#3502=CARTESIAN_POINT('Ctrl Pts',(3.24136022305034,-25.3233293767292,2.38493893308065));
#3503=CARTESIAN_POINT('Ctrl Pts',(3.11172671379416,-25.8102929529068,2.409437365193));
#3504=CARTESIAN_POINT('Ctrl Pts',(2.99986355889561,-25.9771932593589,2.41662957532626));
#3505=CARTESIAN_POINT('Ctrl Pts',(2.72413936500185,-24.7498907846616,2.43206740147367));
#3506=CARTESIAN_POINT('Ctrl Pts',(2.94147647449572,-24.904271315182,2.44966792651838));
#3507=CARTESIAN_POINT('Ctrl Pts',(3.23417318128495,-25.3256289772126,2.396470855321));
#3508=CARTESIAN_POINT('Ctrl Pts',(3.10612857299626,-25.8072497900586,2.42328603149841));
#3509=CARTESIAN_POINT('Ctrl Pts',(2.99494901713247,-25.973596909176,2.43213224178737));
#3510=CARTESIAN_POINT('',(3.01072705884507,-25.9491284601316,2.43082500627587));
#3511=CARTESIAN_POINT('',(3.07805537714267,-26.0099855837425,2.36837686140698));
#3512=CARTESIAN_POINT('Ctrl Pts',(3.01072244304594,-25.9491221458944,2.43082872357737));
#3513=CARTESIAN_POINT('Ctrl Pts',(3.01008462894613,-25.9539587805161,2.42600012621286));
#3514=CARTESIAN_POINT('Ctrl Pts',(3.00993306769719,-25.9588748747476,2.42109985804486));
#3515=CARTESIAN_POINT('Ctrl Pts',(3.01043987857295,-25.9637368086956,2.41623848115648));
#3516=CARTESIAN_POINT('Ctrl Pts',(3.01090371378399,-25.9681864688483,2.41178933082691));
#3517=CARTESIAN_POINT('Ctrl Pts',(3.01191942204512,-25.9725914182029,2.40737306694607));
#3518=CARTESIAN_POINT('Ctrl Pts',(3.01361542694999,-25.9768373961232,2.40311087566281));
#3519=CARTESIAN_POINT('Ctrl Pts',(3.01517249059873,-25.9807355321806,2.39919785448459));
#3520=CARTESIAN_POINT('Ctrl Pts',(3.01729448679643,-25.9844700713177,2.39544041240491));
#3521=CARTESIAN_POINT('Ctrl Pts',(3.02007177688768,-25.9879543334756,2.39193409889898));
#3522=CARTESIAN_POINT('Ctrl Pts',(3.02165480506401,-25.9899403288122,2.38993553450976));
#3523=CARTESIAN_POINT('Ctrl Pts',(3.02345081508406,-25.9918448282382,2.38801923100055));
#3524=CARTESIAN_POINT('Ctrl Pts',(3.02547169804109,-25.9936464120425,2.38620035489941));
#3525=CARTESIAN_POINT('Ctrl Pts',(3.0303799403575,-25.9980220290637,2.38178273901675));
#3526=CARTESIAN_POINT('Ctrl Pts',(3.03636784855051,-26.0015709990567,2.37815726150837));
#3527=CARTESIAN_POINT('Ctrl Pts',(3.04328251907211,-26.0042292223893,2.37533714365638));
#3528=CARTESIAN_POINT('Ctrl Pts',(3.04839587044041,-26.0061949602899,2.37325168587033));
#3529=CARTESIAN_POINT('Ctrl Pts',(3.05386202200723,-26.0076145368975,2.37167034906079));
#3530=CARTESIAN_POINT('Ctrl Pts',(3.05953566360926,-26.0085513512273,2.3705358118622));
#3531=CARTESIAN_POINT('Ctrl Pts',(3.06558188037935,-26.0095496840282,2.36932677218053));
#3532=CARTESIAN_POINT('Ctrl Pts',(3.07181128438509,-26.0099915439528,2.36863571906128));
#3533=CARTESIAN_POINT('Ctrl Pts',(3.07805537714267,-26.0099855837425,2.36837686140698));
#3534=CARTESIAN_POINT('Ctrl Pts',(3.078051591061,-26.0099919094339,2.36837701373914));
#3535=CARTESIAN_POINT('Ctrl Pts',(3.18671470721493,-25.8284418267092,2.36400505123486));
#3536=CARTESIAN_POINT('Ctrl Pts',(3.3118246258305,-25.3020475199995,2.34389901624008));
#3537=CARTESIAN_POINT('Ctrl Pts',(3.01500343282007,-24.8408959231801,2.38360091724865));
#3538=CARTESIAN_POINT('Ctrl Pts',(2.78999050979834,-24.670091931966,2.35817006433915));
#3539=CARTESIAN_POINT('Ctrl Pts',(2.72413936500185,-24.7498907846616,2.43206740147367));
#3540=CARTESIAN_POINT('Ctrl Pts',(2.94147647449572,-24.904271315182,2.44966792651838));
#3541=CARTESIAN_POINT('Ctrl Pts',(3.22809065145502,-25.3168727442625,2.3975763435787));
#3542=CARTESIAN_POINT('Ctrl Pts',(3.11126866553178,-25.7872586918985,2.42220609250659));
#3543=CARTESIAN_POINT('Ctrl Pts',(3.0107224430481,-25.9491221458909,2.43082872357718));
#3544=CARTESIAN_POINT('Origin',(2.21070487284726,-25.5,2.19264896582103));
#3545=CARTESIAN_POINT('',(1.35877555303281,-25.5,1.79538779978478));
#3546=CARTESIAN_POINT('Origin',(2.21070487284726,-25.5,2.19264896582103));
#3547=CARTESIAN_POINT('',(2.21070487284726,-25.5,3.13264896582103));
#3548=CARTESIAN_POINT('Origin',(2.21070487284726,-25.5,2.19264896582103));
#3549=CARTESIAN_POINT('Origin',(2.21070487284726,-25.5,2.19264896582103));
#3550=CARTESIAN_POINT('Origin',(2.31976934734187,-25.5,1.95875944548561));
#3551=CARTESIAN_POINT('',(2.99925425086782,-26.01,2.369999844551));
#3552=CARTESIAN_POINT('Ctrl Pts',(2.99925425086782,-26.01,2.369999844551));
#3553=CARTESIAN_POINT('Ctrl Pts',(3.00425584785973,-25.9896927738528,2.39030906693769));
#3554=CARTESIAN_POINT('Ctrl Pts',(3.00804931381647,-25.9693376422878,2.41064715772464));
#3555=CARTESIAN_POINT('Ctrl Pts',(3.01075650124325,-25.9491687361928,2.43080129505085));
#3556=CARTESIAN_POINT('',(1.56797643038444,-26.01,1.70258408163268));
#3557=CARTESIAN_POINT('Ctrl Pts',(1.51400630911218,-25.9491687318672,1.73285526860238));
#3558=CARTESIAN_POINT('Ctrl Pts',(1.53118386950209,-25.9693358170143,1.72197524687197));
#3559=CARTESIAN_POINT('Ctrl Pts',(1.54920225897607,-25.9896912164089,1.71180786018045));
#3560=CARTESIAN_POINT('Ctrl Pts',(1.56797643038435,-26.01,1.70258408163254));
#3561=CARTESIAN_POINT('Ctrl Pts',(2.99925425086782,-26.01,2.369999844551));
#3562=CARTESIAN_POINT('Ctrl Pts',(2.99211786594019,-26.0389747820212,2.34102221425279));
#3563=CARTESIAN_POINT('Ctrl Pts',(2.98250601479888,-26.0678660540664,2.31209412092958));
#3564=CARTESIAN_POINT('Ctrl Pts',(2.93817939514039,-26.1697720048142,2.20943494939678));
#3565=CARTESIAN_POINT('Ctrl Pts',(2.88668216652803,-26.2382648832892,2.13928797448547));
#3566=CARTESIAN_POINT('Ctrl Pts',(2.77059404708867,-26.3358644461974,2.0281137578578));
#3567=CARTESIAN_POINT('Ctrl Pts',(2.70250248122298,-26.3753116639394,1.97741542854833));
#3568=CARTESIAN_POINT('Ctrl Pts',(2.55171370010101,-26.4274028791176,1.88428750601803));
#3569=CARTESIAN_POINT('Ctrl Pts',(2.46928979317275,-26.4400000016055,1.84138995826275));
#3570=CARTESIAN_POINT('Ctrl Pts',(2.31356966629818,-26.4399999983945,1.76877647765796));
#3571=CARTESIAN_POINT('Ctrl Pts',(2.22772716987548,-26.427402872433,1.73321012059998));
#3572=CARTESIAN_POINT('Ctrl Pts',(2.05946187930068,-26.3753116512465,1.67756070109222));
#3573=CARTESIAN_POINT('Ctrl Pts',(1.97685629041054,-26.3358644310076,1.65798780036084));
#3574=CARTESIAN_POINT('Ctrl Pts',(1.81707189290976,-26.2382648634322,1.64052056322722));
#3575=CARTESIAN_POINT('Ctrl Pts',(1.73023441093111,-26.1697719819382,1.64616101075999));
#3576=CARTESIAN_POINT('Ctrl Pts',(1.62310033026438,-26.0678660367601,1.67819289895891));
#3577=CARTESIAN_POINT('Ctrl Pts',(1.59476175508545,-26.0389747734237,1.68942441146633));
#3578=CARTESIAN_POINT('Ctrl Pts',(1.56797643038435,-26.01,1.70258408163254));
#3579=CARTESIAN_POINT('Origin',(0.,4.20268462853353,-2.30000000000007));
#3580=CARTESIAN_POINT('',(-0.4,4.40268462853353,-2.30000000000007));
#3581=CARTESIAN_POINT('Origin',(-0.2,4.20268462853353,-2.30000000000007));
#3582=CARTESIAN_POINT('',(-1.2,4.40268462853353,-2.30000000000007));
#3583=CARTESIAN_POINT('Origin',(-1.4,4.20268462853353,-2.30000000000007));
#3584=CARTESIAN_POINT('',(-1.2,4.35364535865773,-2.16880984045916));
#3585=CARTESIAN_POINT('Origin',(-1.2,4.20268462853353,-2.30000000000007));
#3586=CARTESIAN_POINT('',(-0.4,4.35364535865773,-2.16880984045916));
#3587=CARTESIAN_POINT('',(0.,4.35364535865773,-2.16880984045916));
#3588=CARTESIAN_POINT('Origin',(-0.4,4.20268462853353,-2.30000000000007));
#3589=CARTESIAN_POINT('Origin',(0.,8.,0.999999999999926));
#3590=CARTESIAN_POINT('',(-1.2,3.97457587747678,-1.67080860587899));
#3591=CARTESIAN_POINT('Origin',(-1.2,8.,0.999999999999926));
#3592=CARTESIAN_POINT('',(-0.4,3.97457587747678,-1.67080860587899));
#3593=CARTESIAN_POINT('',(0.,3.97457587747678,-1.67080860587899));
#3594=CARTESIAN_POINT('Origin',(-0.4,8.,0.999999999999926));
#3595=CARTESIAN_POINT('Origin',(0.,3.14130398764772,-2.22367202266535));
#3596=CARTESIAN_POINT('',(-0.4,3.14130398764772,-1.22367202266535));
#3597=CARTESIAN_POINT('Origin',(-0.4,3.14130398764772,-2.22367202266535));
#3598=CARTESIAN_POINT('',(-1.2,3.14130398764772,-1.22367202266535));
#3599=CARTESIAN_POINT('Origin',(-1.2,3.14130398764772,-2.22367202266535));
#3600=CARTESIAN_POINT('',(0.,3.14130398764772,-1.22367202266535));
#3601=CARTESIAN_POINT('Ctrl Pts',(-1.2,2.07034132827274,-1.87107010389288));
#3602=CARTESIAN_POINT('Ctrl Pts',(-1.2,2.43497921742063,-1.44398804820254));
#3603=CARTESIAN_POINT('Ctrl Pts',(-1.2,2.65752748864106,-0.412682059907047));
#3604=CARTESIAN_POINT('Ctrl Pts',(-1.2,2.34381974513351,0.550758562125294));
#3605=CARTESIAN_POINT('Ctrl Pts',(-1.2,2.07034132827279,0.871070103892839));
#3606=CARTESIAN_POINT('Ctrl Pts',(-1.2,1.7665842495494,-1.61172570268555));
#3607=CARTESIAN_POINT('Ctrl Pts',(-1.19999454244373,2.02779702654259,-1.28209074476591));
#3608=CARTESIAN_POINT('Ctrl Pts',(-1.19997621169581,2.16595868076412,-0.424496158339248));
#3609=CARTESIAN_POINT('Ctrl Pts',(-1.1999959068328,1.96249383229419,0.364499484245953));
#3610=CARTESIAN_POINT('Ctrl Pts',(-1.2,1.76658424954944,0.611725702685519));
#3611=CARTESIAN_POINT('Ctrl Pts',(-1.24318041993486,1.46283804352945,-1.35239058447093));
#3612=CARTESIAN_POINT('Ctrl Pts',(-1.24651348395142,1.62063184490921,-1.12020037328068));
#3613=CARTESIAN_POINT('Ctrl Pts',(-1.26022780525825,1.67442465179002,-0.43630944716904));
#3614=CARTESIAN_POINT('Ctrl Pts',(-1.24568021794728,1.58118339456421,0.17824792607834));
#3615=CARTESIAN_POINT('Ctrl Pts',(-1.24318041993486,1.46283804352948,0.352390584470914));
#3616=CARTESIAN_POINT('Ctrl Pts',(-1.32854652769247,1.16610000448469,-1.0990389609468));
#3617=CARTESIAN_POINT('Ctrl Pts',(-1.33840900865249,1.22339995588357,-0.962502787804276));
#3618=CARTESIAN_POINT('Ctrl Pts',(-1.37887019242166,1.19846902243521,-0.44767735328915));
#3619=CARTESIAN_POINT('Ctrl Pts',(-1.33594338841249,1.20907496803382,-0.00336316891003163));
#3620=CARTESIAN_POINT('Ctrl Pts',(-1.32854652769247,1.1661000044847,0.0990389609468018));
#3621=CARTESIAN_POINT('',(-1.2,2.36992343353434,0.361863724197871));
#3622=CARTESIAN_POINT('',(-1.32854652769247,1.1661000044847,0.0990389609468015));
#3623=CARTESIAN_POINT('Ctrl Pts',(-1.2,2.36992343353434,0.361863724197805));
#3624=CARTESIAN_POINT('Ctrl Pts',(-1.2,2.29144874174138,0.267182530788397));
#3625=CARTESIAN_POINT('Ctrl Pts',(-1.20314225514245,2.19625625127228,0.187872067624052));
#3626=CARTESIAN_POINT('Ctrl Pts',(-1.21814276215392,1.97948992318021,0.0662962345663001));
#3627=CARTESIAN_POINT('Ctrl Pts',(-1.23016294782353,1.85965551021707,0.0262413122807275));
#3628=CARTESIAN_POINT('Ctrl Pts',(-1.2642620488031,1.59557013469217,-0.00995838226234624));
#3629=CARTESIAN_POINT('Ctrl Pts',(-1.28638615981224,1.46082392918453,0.00173900427709395));
#3630=CARTESIAN_POINT('Ctrl Pts',(-1.31084913838994,1.30256139436599,0.0445085071746862));
#3631=CARTESIAN_POINT('Ctrl Pts',(-1.31625886773702,1.26654078561336,0.0564738674057077));
#3632=CARTESIAN_POINT('Ctrl Pts',(-1.3238281362263,1.20928212436959,0.0791845905600333));
#3633=CARTESIAN_POINT('Ctrl Pts',(-1.3264501963941,1.18749688057561,0.0887342928896279));
#3634=CARTESIAN_POINT('Ctrl Pts',(-1.32854652769247,1.1661000044847,0.0990389609468015));
#3635=CARTESIAN_POINT('',(-1.32854652769247,1.16610000448469,-1.0990389609468));
#3636=CARTESIAN_POINT('Ctrl Pts',(-1.32854652769247,1.1661000044847,0.0990389609468018));
#3637=CARTESIAN_POINT('Ctrl Pts',(-1.33594338841249,1.20907496803382,-0.00336316891003163));
#3638=CARTESIAN_POINT('Ctrl Pts',(-1.37887019242166,1.19846902243521,-0.44767735328915));
#3639=CARTESIAN_POINT('Ctrl Pts',(-1.33840900865249,1.22339995588357,-0.962502787804276));
#3640=CARTESIAN_POINT('Ctrl Pts',(-1.32854652769247,1.16610000448469,-1.0990389609468));
#3641=CARTESIAN_POINT('',(-1.20286488857973,2.23032917718244,-1.22367202266535));
#3642=CARTESIAN_POINT('Ctrl Pts',(-1.32854652769247,1.16610000448469,-1.0990389609468));
#3643=CARTESIAN_POINT('Ctrl Pts',(-1.32461332500458,1.20624549609603,-1.07970501877276));
#3644=CARTESIAN_POINT('Ctrl Pts',(-1.31888364496632,1.24783829959691,-1.06299733763533));
#3645=CARTESIAN_POINT('Ctrl Pts',(-1.29534265737385,1.40695254237577,-1.01116676401103));
#3646=CARTESIAN_POINT('Ctrl Pts',(-1.27246633118491,1.54114134959937,-0.991376877253114));
#3647=CARTESIAN_POINT('Ctrl Pts',(-1.2350992809807,1.81577444865187,-1.01474773110055));
#3648=CARTESIAN_POINT('Ctrl Pts',(-1.22135092965334,1.94358028127439,-1.05159893195376));
#3649=CARTESIAN_POINT('Ctrl Pts',(-1.20826784931914,2.11872784800236,-1.14259016451928));
#3650=CARTESIAN_POINT('Ctrl Pts',(-1.20514964070712,2.17342299108271,-1.17815432101765));
#3651=CARTESIAN_POINT('Ctrl Pts',(-1.20302164859966,2.22632596375516,-1.22043446990337));
#3652=CARTESIAN_POINT('Ctrl Pts',(-1.20294243242766,2.22833078588754,-1.22204945542911));
#3653=CARTESIAN_POINT('Ctrl Pts',(-1.20286488857973,2.23032917718244,-1.22367202266535));
#3654=CARTESIAN_POINT('',(-1.2,2.41802910458703,-1.22367202258024));
#3655=CARTESIAN_POINT('Ctrl Pts',(-1.2,2.41802910453431,-1.22367202266535));
#3656=CARTESIAN_POINT('Ctrl Pts',(-1.2,2.35513294501117,-1.22367202266535));
#3657=CARTESIAN_POINT('Ctrl Pts',(-1.2009709842701,2.29265750188372,-1.22367202266535));
#3658=CARTESIAN_POINT('Ctrl Pts',(-1.20286488857973,2.23032917718245,-1.22367202266535));
#3659=CARTESIAN_POINT('Ctrl Pts',(-1.200000512383,2.41802910477708,-1.2236720226097));
#3660=CARTESIAN_POINT('Ctrl Pts',(-1.20000052087617,2.51069445451374,-0.926082235099959));
#3661=CARTESIAN_POINT('Ctrl Pts',(-1.20000053416358,2.5578380623065,-0.375041106683674));
#3662=CARTESIAN_POINT('Ctrl Pts',(-1.20000051724132,2.44667633836883,0.155921809367043));
#3663=CARTESIAN_POINT('Ctrl Pts',(-1.200000510308,2.36748701921023,0.360906823677281));
#3664=CARTESIAN_POINT('Origin',(0.,1.6,-2.));
#3665=CARTESIAN_POINT('',(-6.29999999999568,0.599999999999999,-2.00000000000016));
#3666=CARTESIAN_POINT('',(-6.29999999999621,1.6,-1.));
#3667=CARTESIAN_POINT('Origin',(-6.29999999999568,1.6,-2.));
#3668=CARTESIAN_POINT('',(-0.799999999999996,0.599999999999999,-2.));
#3669=CARTESIAN_POINT('',(0.,0.599999999999999,-2.));
#3670=CARTESIAN_POINT('',(6.29999999999997,0.599999999999999,-2.));
#3671=CARTESIAN_POINT('',(0.,0.599999999999999,-2.));
#3672=CARTESIAN_POINT('',(6.29999999999997,1.6,-3.));
#3673=CARTESIAN_POINT('Origin',(6.29999999999997,1.6,-2.));
#3674=CARTESIAN_POINT('Origin',(6.29999999999997,1.6,-2.));
#3675=CARTESIAN_POINT('',(-0.280818888731708,0.936440250192164,-1.25187670906798));
#3676=CARTESIAN_POINT('Ctrl Pts',(-0.280818888731708,0.936440250192164,
-1.25187670906798));
#3677=CARTESIAN_POINT('Ctrl Pts',(-0.287910839197081,0.901932940335627,
-1.28248351167991));
#3678=CARTESIAN_POINT('Ctrl Pts',(-0.296035236551468,0.870069570416889,
-1.31503969888702));
#3679=CARTESIAN_POINT('Ctrl Pts',(-0.332756984356449,0.755245576868182,
-1.44882377709213));
#3680=CARTESIAN_POINT('Ctrl Pts',(-0.378904851153799,0.682079517313424,
-1.5854547972353));
#3681=CARTESIAN_POINT('Ctrl Pts',(-0.469074051223775,0.628920155271615,
-1.7545099448208));
#3682=CARTESIAN_POINT('Ctrl Pts',(-0.50997833356773,0.615478478351888,-1.81821610708221));
#3683=CARTESIAN_POINT('Ctrl Pts',(-0.582978108717341,0.604287126691429,
-1.90099970224972));
#3684=CARTESIAN_POINT('Ctrl Pts',(-0.62080454286231,0.601760169386227,-1.93568914973195));
#3685=CARTESIAN_POINT('Ctrl Pts',(-0.684527499131273,0.600288051068086,
-1.97296891702241));
#3686=CARTESIAN_POINT('Ctrl Pts',(-0.706946669028485,0.600122966397107,
-1.98298224606393));
#3687=CARTESIAN_POINT('Ctrl Pts',(-0.752965205839935,0.59998220388627,-1.99650524887244));
#3688=CARTESIAN_POINT('Ctrl Pts',(-0.776568936412975,0.599999999999999,
-2.));
#3689=CARTESIAN_POINT('Ctrl Pts',(-0.799999999999996,0.599999999999999,
-2.));
#3690=CARTESIAN_POINT('',(-0.271453472307533,1.1661000044847,-1.0990389609468));
#3691=CARTESIAN_POINT('Ctrl Pts',(-0.271348808904011,1.16605820500664,-1.09875544085209));
#3692=CARTESIAN_POINT('Ctrl Pts',(-0.269153348381621,1.14369196959265,-1.10951409309627));
#3693=CARTESIAN_POINT('Ctrl Pts',(-0.267789513517222,1.12169056693003,-1.12114660432144));
#3694=CARTESIAN_POINT('Ctrl Pts',(-0.267255946333739,1.10010442698623,-1.13363525887306));
#3695=CARTESIAN_POINT('Ctrl Pts',(-0.267027472806928,1.0908612394817,-1.13898290212935));
#3696=CARTESIAN_POINT('Ctrl Pts',(-0.26695113064386,1.08169396604199,-1.14448691405164));
#3697=CARTESIAN_POINT('Ctrl Pts',(-0.267026347921247,1.07260554347961,-1.1501432338852));
#3698=CARTESIAN_POINT('Ctrl Pts',(-0.2672129531758,1.05005823168303,-1.16417590083407));
#3699=CARTESIAN_POINT('Ctrl Pts',(-0.268332126731686,1.02813390872314,-1.17906515684138));
#3700=CARTESIAN_POINT('Ctrl Pts',(-0.270352612669727,1.00689151805777,-1.19475868480839));
#3701=CARTESIAN_POINT('Ctrl Pts',(-0.272355361101697,0.985835610765684,
-1.21031444193406));
#3702=CARTESIAN_POINT('Ctrl Pts',(-0.275243837343018,0.965449795743576,
-1.22666036164389));
#3703=CARTESIAN_POINT('Ctrl Pts',(-0.278976023845504,0.945769165740087,
-1.24370107472579));
#3704=CARTESIAN_POINT('Ctrl Pts',(-0.279569101392087,0.942641739029259,
-1.24640899521687));
#3705=CARTESIAN_POINT('Ctrl Pts',(-0.28018345680667,0.93953207189017,-1.24913436905899));
#3706=CARTESIAN_POINT('Ctrl Pts',(-0.280818888731708,0.936440250192164,
-1.25187670906798));
#3707=CARTESIAN_POINT('',(-0.397135111420274,2.23032917718244,-1.22367202266535));
#3708=CARTESIAN_POINT('Ctrl Pts',(-0.397135111420274,2.23032917718244,-1.22367202266535));
#3709=CARTESIAN_POINT('Ctrl Pts',(-0.395421629914431,2.18617085106676,-1.18781825701618));
#3710=CARTESIAN_POINT('Ctrl Pts',(-0.392892627617126,2.13895792768873,-1.15573565841421));
#3711=CARTESIAN_POINT('Ctrl Pts',(-0.381857237846076,1.97948992318021,-1.0662962345663));
#3712=CARTESIAN_POINT('Ctrl Pts',(-0.369837052176471,1.85965551021707,-1.02624131228073));
#3713=CARTESIAN_POINT('Ctrl Pts',(-0.335737951196906,1.59557013469222,-0.990041617737661));
#3714=CARTESIAN_POINT('Ctrl Pts',(-0.31361384018777,1.46082392918458,-1.00173900427708));
#3715=CARTESIAN_POINT('Ctrl Pts',(-0.289150861610056,1.30256139436598,-1.04450850717469));
#3716=CARTESIAN_POINT('Ctrl Pts',(-0.283741132262984,1.26654078561336,-1.05647386740571));
#3717=CARTESIAN_POINT('Ctrl Pts',(-0.276171863773704,1.20928212436963,-1.07918459056002));
#3718=CARTESIAN_POINT('Ctrl Pts',(-0.273549803605901,1.18749688057563,-1.08873429288962));
#3719=CARTESIAN_POINT('Ctrl Pts',(-0.271453472307532,1.1661000044847,-1.0990389609468));
#3720=CARTESIAN_POINT('',(0.,2.23032917718244,-1.22367202266535));
#3721=CARTESIAN_POINT('',(-1.31918111126829,0.936440250192166,-1.25187670906797));
#3722=CARTESIAN_POINT('Ctrl Pts',(-1.31918111126829,0.936440250192167,-1.25187670906797));
#3723=CARTESIAN_POINT('Ctrl Pts',(-1.33332828528077,1.00527616770551,-1.19082160657806));
#3724=CARTESIAN_POINT('Ctrl Pts',(-1.33672503178365,1.0826234858712,-1.13924098909454));
#3725=CARTESIAN_POINT('Ctrl Pts',(-1.32854652769246,1.16610000448469,-1.0990389609468));
#3726=CARTESIAN_POINT('Ctrl Pts',(-0.799999999999996,0.599999999999999,
-2.));
#3727=CARTESIAN_POINT('Ctrl Pts',(-0.823431063587017,0.599999999999999,
-2.));
#3728=CARTESIAN_POINT('Ctrl Pts',(-0.847034794160058,0.59998220388627,-1.99650524887244));
#3729=CARTESIAN_POINT('Ctrl Pts',(-0.893053330971507,0.600122966397107,
-1.98298224606393));
#3730=CARTESIAN_POINT('Ctrl Pts',(-0.915472500868719,0.600288051068086,
-1.97296891702241));
#3731=CARTESIAN_POINT('Ctrl Pts',(-0.979195457137683,0.601760169386227,
-1.93568914973194));
#3732=CARTESIAN_POINT('Ctrl Pts',(-1.01702189128265,0.604287126691429,-1.90099970224972));
#3733=CARTESIAN_POINT('Ctrl Pts',(-1.09002166643226,0.615478478351888,-1.81821610708221));
#3734=CARTESIAN_POINT('Ctrl Pts',(-1.13092594877622,0.628920155271615,-1.7545099448208));
#3735=CARTESIAN_POINT('Ctrl Pts',(-1.2210951488462,0.682079517313424,-1.5854547972353));
#3736=CARTESIAN_POINT('Ctrl Pts',(-1.26724301564355,0.755245576868182,-1.44882377709213));
#3737=CARTESIAN_POINT('Ctrl Pts',(-1.30396476344853,0.87006957041689,-1.31503969888702));
#3738=CARTESIAN_POINT('Ctrl Pts',(-1.31208916080292,0.901932940335629,-1.28248351167991));
#3739=CARTESIAN_POINT('Ctrl Pts',(-1.31918111126829,0.936440250192166,-1.25187670906797));
#3740=CARTESIAN_POINT('Origin',(-6.29999999999568,1.6,-2.));
#3741=CARTESIAN_POINT('',(9.36750677027476E-16,2.31414284285428,-2.7));
#3742=CARTESIAN_POINT('Ctrl Pts',(9.36750677027476E-16,2.31414284285428,
-2.7));
#3743=CARTESIAN_POINT('Ctrl Pts',(-0.380493192716357,2.31414284285428,-2.7));
#3744=CARTESIAN_POINT('Ctrl Pts',(-0.793796275340887,2.29409756946705,-2.7236484340791));
#3745=CARTESIAN_POINT('Ctrl Pts',(-1.38517566587026,2.20852383145582,-2.79441155207886));
#3746=CARTESIAN_POINT('Ctrl Pts',(-1.57654157507307,2.17093620955657,-2.82335110894452));
#3747=CARTESIAN_POINT('Ctrl Pts',(-1.9378300959517,2.0643534428787,-2.88784009624703));
#3748=CARTESIAN_POINT('Ctrl Pts',(-2.10934275090339,2.0010910697978,-2.9238183763358));
#3749=CARTESIAN_POINT('Ctrl Pts',(-2.30146184122826,1.85220718216974,-2.9683335368897));
#3750=CARTESIAN_POINT('Ctrl Pts',(-2.34593653921103,1.80973080571459,-2.97900723688851));
#3751=CARTESIAN_POINT('Ctrl Pts',(-2.39466256596252,1.73656876816857,-2.99093872797181));
#3752=CARTESIAN_POINT('Ctrl Pts',(-2.40795696525868,1.7105922085848,-2.99423735708256));
#3753=CARTESIAN_POINT('Ctrl Pts',(-2.4261497222913,1.65652072572692,-2.99876873312964));
#3754=CARTESIAN_POINT('Ctrl Pts',(-2.43104915622864,1.62842604052982,-3.));
#3755=CARTESIAN_POINT('Ctrl Pts',(-2.43104915622864,1.57157395947017,-3.));
#3756=CARTESIAN_POINT('Ctrl Pts',(-2.4261497222913,1.54347927427308,-2.99876873312964));
#3757=CARTESIAN_POINT('Ctrl Pts',(-2.40795696525868,1.4894077914152,-2.99423735708256));
#3758=CARTESIAN_POINT('Ctrl Pts',(-2.39466256596252,1.46343123183142,-2.99093872797181));
#3759=CARTESIAN_POINT('Ctrl Pts',(-2.34593653921103,1.39026919428541,-2.97900723688851));
#3760=CARTESIAN_POINT('Ctrl Pts',(-2.30146184122826,1.34779281783026,-2.9683335368897));
#3761=CARTESIAN_POINT('Ctrl Pts',(-2.10934275090339,1.1989089302022,-2.9238183763358));
#3762=CARTESIAN_POINT('Ctrl Pts',(-1.9378300959517,1.13564655712129,-2.88784009624703));
#3763=CARTESIAN_POINT('Ctrl Pts',(-1.57654157507307,1.02906379044342,-2.82335110894452));
#3764=CARTESIAN_POINT('Ctrl Pts',(-1.38517566587026,0.991476168544176,-2.79441155207886));
#3765=CARTESIAN_POINT('Ctrl Pts',(-0.793796275340887,0.905902430532948,
-2.7236484340791));
#3766=CARTESIAN_POINT('Ctrl Pts',(-0.380493192716357,0.885857157145716,
-2.7));
#3767=CARTESIAN_POINT('Ctrl Pts',(0.380493192716359,0.885857157145716,-2.7));
#3768=CARTESIAN_POINT('Ctrl Pts',(0.793796275340888,0.905902430532948,-2.7236484340791));
#3769=CARTESIAN_POINT('Ctrl Pts',(1.38517566587026,0.991476168544176,-2.79441155207886));
#3770=CARTESIAN_POINT('Ctrl Pts',(1.57654157507307,1.02906379044343,-2.82335110894452));
#3771=CARTESIAN_POINT('Ctrl Pts',(1.9378300959517,1.13564655712129,-2.88784009624703));
#3772=CARTESIAN_POINT('Ctrl Pts',(2.10934275090339,1.1989089302022,-2.9238183763358));
#3773=CARTESIAN_POINT('Ctrl Pts',(2.30146184122827,1.34779281783026,-2.9683335368897));
#3774=CARTESIAN_POINT('Ctrl Pts',(2.34593653921103,1.39026919428541,-2.97900723688851));
#3775=CARTESIAN_POINT('Ctrl Pts',(2.39466256596252,1.46343123183142,-2.99093872797181));
#3776=CARTESIAN_POINT('Ctrl Pts',(2.40795696525869,1.4894077914152,-2.99423735708256));
#3777=CARTESIAN_POINT('Ctrl Pts',(2.4261497222913,1.54347927427308,-2.99876873312964));
#3778=CARTESIAN_POINT('Ctrl Pts',(2.43104915622864,1.57157395947017,-3.));
#3779=CARTESIAN_POINT('Ctrl Pts',(2.43104915622864,1.62842604052982,-3.));
#3780=CARTESIAN_POINT('Ctrl Pts',(2.4261497222913,1.65652072572692,-2.99876873312964));
#3781=CARTESIAN_POINT('Ctrl Pts',(2.40795696525869,1.7105922085848,-2.99423735708256));
#3782=CARTESIAN_POINT('Ctrl Pts',(2.39466256596252,1.73656876816857,-2.99093872797181));
#3783=CARTESIAN_POINT('Ctrl Pts',(2.34593653921103,1.80973080571459,-2.97900723688851));
#3784=CARTESIAN_POINT('Ctrl Pts',(2.30146184122827,1.85220718216974,-2.9683335368897));
#3785=CARTESIAN_POINT('Ctrl Pts',(2.10934275090339,2.0010910697978,-2.9238183763358));
#3786=CARTESIAN_POINT('Ctrl Pts',(1.9378300959517,2.0643534428787,-2.88784009624703));
#3787=CARTESIAN_POINT('Ctrl Pts',(1.57654157507307,2.17093620955657,-2.82335110894452));
#3788=CARTESIAN_POINT('Ctrl Pts',(1.38517566587026,2.20852383145582,-2.79441155207886));
#3789=CARTESIAN_POINT('Ctrl Pts',(0.793796275340888,2.29409756946705,-2.7236484340791));
#3790=CARTESIAN_POINT('Ctrl Pts',(0.380493192716359,2.31414284285428,-2.7));
#3791=CARTESIAN_POINT('Ctrl Pts',(9.71445146547012E-16,2.31414284285428,
-2.7));
#3792=CARTESIAN_POINT('Ctrl Pts',(-1.31172025576567,1.24853917276201,0.106216831476397));
#3793=CARTESIAN_POINT('Ctrl Pts',(-1.33212633241786,1.23057317805397,-0.0194534905373168));
#3794=CARTESIAN_POINT('Ctrl Pts',(-1.35567242104451,1.20948623174676,-0.245633113205032));
#3795=CARTESIAN_POINT('Ctrl Pts',(-1.36266608435033,1.20337265293372,-0.641873745241883));
#3796=CARTESIAN_POINT('Ctrl Pts',(-1.34232937074395,1.22159018069995,-0.917711348455822));
#3797=CARTESIAN_POINT('Ctrl Pts',(-1.31172025576567,1.24853917276201,-1.10621683147639));
#3798=CARTESIAN_POINT('Ctrl Pts',(-1.32731847990243,1.1464056727228,0.156932174335496));
#3799=CARTESIAN_POINT('Ctrl Pts',(-1.35365886614749,1.12329740929738,0.0170270166333118));
#3800=CARTESIAN_POINT('Ctrl Pts',(-1.38311686862055,1.09583675712738,-0.227016760667951));
#3801=CARTESIAN_POINT('Ctrl Pts',(-1.39163453231153,1.08777976778341,-0.652363129079272));
#3802=CARTESIAN_POINT('Ctrl Pts',(-1.36682905927001,1.11174327758467,-0.947074437782216));
#3803=CARTESIAN_POINT('Ctrl Pts',(-1.32731847990243,1.1464056727228,-1.15693217433549));
#3804=CARTESIAN_POINT('Ctrl Pts',(-1.32982807346794,1.04142556050807,0.205927506228465));
#3805=CARTESIAN_POINT('Ctrl Pts',(-1.36227723932802,1.01307737409754,0.0522988321909348));
#3806=CARTESIAN_POINT('Ctrl Pts',(-1.39704461267492,0.978921822794353,-0.209094872044804));
#3807=CARTESIAN_POINT('Ctrl Pts',(-1.40670563149603,0.968769871323392,-0.662446061971548));
#3808=CARTESIAN_POINT('Ctrl Pts',(-1.37850182225807,0.998903280892276,-0.975484495172168));
#3809=CARTESIAN_POINT('Ctrl Pts',(-1.32982807346793,1.04142556050808,-1.20592750622846));
#3810=CARTESIAN_POINT('Ctrl Pts',(-1.31918111126829,0.936440250192164,0.251876709067979));
#3811=CARTESIAN_POINT('Ctrl Pts',(-1.35774916958291,0.902852030968571,0.0854281483053904));
#3812=CARTESIAN_POINT('Ctrl Pts',(-1.39706576228466,0.862000624022035,-0.192398946479879));
#3813=CARTESIAN_POINT('Ctrl Pts',(-1.40744609093962,0.84975318779474,-0.671812407378911));
#3814=CARTESIAN_POINT('Ctrl Pts',(-1.37703319874022,0.886057921356778,-1.0022038679241));
#3815=CARTESIAN_POINT('Ctrl Pts',(-1.31918111126829,0.936440250192167,-1.25187670906797));
#3816=CARTESIAN_POINT('',(-1.31918111126829,0.936440250192163,0.251876709067978));
#3817=CARTESIAN_POINT('Ctrl Pts',(-1.3286307926469,1.16606950510343,0.0988542725270423));
#3818=CARTESIAN_POINT('Ctrl Pts',(-1.33085553133889,1.14339622110214,0.109761939969162));
#3819=CARTESIAN_POINT('Ctrl Pts',(-1.33222674862367,1.12109730425079,0.121562143332311));
#3820=CARTESIAN_POINT('Ctrl Pts',(-1.33274600808744,1.09922534527911,0.134237012735564));
#3821=CARTESIAN_POINT('Ctrl Pts',(-1.33295831637135,1.090282613564,0.139419354049578));
#3822=CARTESIAN_POINT('Ctrl Pts',(-1.33302829351786,1.0814110378623,0.144747352993986));
#3823=CARTESIAN_POINT('Ctrl Pts',(-1.33295643167981,1.07261329618382,0.150217509096036));
#3824=CARTESIAN_POINT('Ctrl Pts',(-1.33276964456134,1.04974573724296,0.164435830302866));
#3825=CARTESIAN_POINT('Ctrl Pts',(-1.331624866376,1.02751867786017,0.179531466195729));
#3826=CARTESIAN_POINT('Ctrl Pts',(-1.32955348761178,1.00599397733237,0.19545515921309));
#3827=CARTESIAN_POINT('Ctrl Pts',(-1.3275124112957,0.984784164227627,0.21114590261736));
#3828=CARTESIAN_POINT('Ctrl Pts',(-1.32457147369441,0.964256378901997,0.227640640669822));
#3829=CARTESIAN_POINT('Ctrl Pts',(-1.32077157074524,0.944446829096111,0.244848627013289));
#3830=CARTESIAN_POINT('Ctrl Pts',(-1.32025710328006,0.941764821420826,0.247178409966543));
#3831=CARTESIAN_POINT('Ctrl Pts',(-1.31972690993567,0.939095943266526,0.249521200218901));
#3832=CARTESIAN_POINT('Ctrl Pts',(-1.31918111126829,0.936440250192163,0.251876709067978));
#3833=CARTESIAN_POINT('Ctrl Pts',(-1.31918111126829,0.936440250192164,0.251876709067979));
#3834=CARTESIAN_POINT('Ctrl Pts',(-1.35774916958291,0.902852030968571,0.0854281483053904));
#3835=CARTESIAN_POINT('Ctrl Pts',(-1.39706576228466,0.862000624022035,-0.192398946479879));
#3836=CARTESIAN_POINT('Ctrl Pts',(-1.40744609093962,0.84975318779474,-0.671812407378911));
#3837=CARTESIAN_POINT('Ctrl Pts',(-1.37703319874022,0.886057921356778,-1.0022038679241));
#3838=CARTESIAN_POINT('Ctrl Pts',(-1.31918111126829,0.936440250192167,-1.25187670906797));
#3839=CARTESIAN_POINT('Origin',(0.,1.6,1.));
#3840=CARTESIAN_POINT('',(-6.29999999999928,2.23896924315821,0.230767716292524));
#3841=CARTESIAN_POINT('',(-5.26937827061068,1.69417513590841,1.99555564574595));
#3842=CARTESIAN_POINT('Ctrl Pts',(-6.29999999999928,2.23896924315821,0.230767716292523));
#3843=CARTESIAN_POINT('Ctrl Pts',(-6.30000014163956,2.42338979141342,0.383958190271983));
#3844=CARTESIAN_POINT('Ctrl Pts',(-6.25722851379715,2.60927962947494,0.719936664707231));
#3845=CARTESIAN_POINT('Ctrl Pts',(-5.97662419155911,2.59889533483714,1.29133483258769));
#3846=CARTESIAN_POINT('Ctrl Pts',(-5.65194468193153,2.39349893779727,1.6687707629208));
#3847=CARTESIAN_POINT('Ctrl Pts',(-5.36781469921351,2.04035411730498,1.91849196499292));
#3848=CARTESIAN_POINT('Ctrl Pts',(-5.28373774939905,1.81302352079855,1.98431311716671));
#3849=CARTESIAN_POINT('Ctrl Pts',(-5.26937827061068,1.69417513590841,1.99555564574595));
#3850=CARTESIAN_POINT('',(-6.30048194897442,0.961030468127833,0.230767444418703));
#3851=CARTESIAN_POINT('Origin',(-6.29999999999568,1.6,1.));
#3852=CARTESIAN_POINT('',(-6.11665797078537,0.60103879571521,0.999847562581926));
#3853=CARTESIAN_POINT('Ctrl Pts',(-6.11690002402091,0.600936369614449,1.00000419511878));
#3854=CARTESIAN_POINT('Ctrl Pts',(-6.19647267523447,0.601611279778931,0.832334960489311));
#3855=CARTESIAN_POINT('Ctrl Pts',(-6.2908390337459,0.670248540901536,0.541661673405424));
#3856=CARTESIAN_POINT('Ctrl Pts',(-6.30047353764468,0.868808559796613,0.307372328855078));
#3857=CARTESIAN_POINT('Ctrl Pts',(-6.30048194897442,0.961030468127833,0.230767444418703));
#3858=CARTESIAN_POINT('',(-0.800000000000004,0.600000000000002,1.));
#3859=CARTESIAN_POINT('',(0.,0.600000000000002,1.));
#3860=CARTESIAN_POINT('Ctrl Pts',(-1.31918111126829,0.936440250192163,0.251876709067979));
#3861=CARTESIAN_POINT('Ctrl Pts',(-1.31208916080292,0.901932940335627,0.282483511679909));
#3862=CARTESIAN_POINT('Ctrl Pts',(-1.30396476344853,0.87006957041689,0.315039698887017));
#3863=CARTESIAN_POINT('Ctrl Pts',(-1.26724301564355,0.755245576868184,0.44882377709213));
#3864=CARTESIAN_POINT('Ctrl Pts',(-1.2210951488462,0.682079517313426,0.585454797235305));
#3865=CARTESIAN_POINT('Ctrl Pts',(-1.13092594877622,0.628920155271617,0.754509944820803));
#3866=CARTESIAN_POINT('Ctrl Pts',(-1.09002166643227,0.61547847835189,0.818216107082211));
#3867=CARTESIAN_POINT('Ctrl Pts',(-1.01702189128266,0.604287126691431,0.900999702249716));
#3868=CARTESIAN_POINT('Ctrl Pts',(-0.97919545713769,0.60176016938623,0.935689149731945));
#3869=CARTESIAN_POINT('Ctrl Pts',(-0.915472500868726,0.600288051068088,
0.972968917022406));
#3870=CARTESIAN_POINT('Ctrl Pts',(-0.893053330971515,0.600122966397109,
0.982982246063929));
#3871=CARTESIAN_POINT('Ctrl Pts',(-0.847034794160065,0.599982203886272,
0.996505248872441));
#3872=CARTESIAN_POINT('Ctrl Pts',(-0.823431063587025,0.600000000000002,
1.));
#3873=CARTESIAN_POINT('Ctrl Pts',(-0.800000000000004,0.600000000000002,
1.));
#3874=CARTESIAN_POINT('',(-1.2,2.43853863395071,1.54484214169985));
#3875=CARTESIAN_POINT('Origin',(-1.2,1.6,1.));
#3876=CARTESIAN_POINT('',(-0.4,2.43853863395071,1.54484214169985));
#3877=CARTESIAN_POINT('',(0.,2.43853863395071,1.54484214169985));
#3878=CARTESIAN_POINT('',(-0.4,2.36992343353433,0.361863724197867));
#3879=CARTESIAN_POINT('Origin',(-0.4,1.6,1.));
#3880=CARTESIAN_POINT('',(-0.271453472307535,1.16610000448469,0.099038960946808));
#3881=CARTESIAN_POINT('Ctrl Pts',(-0.271453472307535,1.16610000448469,0.0990389609468027));
#3882=CARTESIAN_POINT('Ctrl Pts',(-0.275386674995425,1.20624549609607,0.0797050187727439));
#3883=CARTESIAN_POINT('Ctrl Pts',(-0.281116355033691,1.24783829959698,0.0629973376353031));
#3884=CARTESIAN_POINT('Ctrl Pts',(-0.304657342626166,1.40695254237588,0.011166764011007));
#3885=CARTESIAN_POINT('Ctrl Pts',(-0.327533668815111,1.54114134959948,-0.00862312274688835));
#3886=CARTESIAN_POINT('Ctrl Pts',(-0.36490071901931,1.81577444865196,0.0147477311005657));
#3887=CARTESIAN_POINT('Ctrl Pts',(-0.378649070346667,1.94358028127447,0.0515989319537884));
#3888=CARTESIAN_POINT('Ctrl Pts',(-0.391732150680867,2.11872784800243,0.142590164519318));
#3889=CARTESIAN_POINT('Ctrl Pts',(-0.394850359292888,2.17342299108276,0.178154321017685));
#3890=CARTESIAN_POINT('Ctrl Pts',(-0.399040425472336,2.27759018033608,0.261404922036022));
#3891=CARTESIAN_POINT('Ctrl Pts',(-0.4,2.32638231770002,0.309330548018569));
#3892=CARTESIAN_POINT('Ctrl Pts',(-0.4,2.36992343353434,0.361863724197801));
#3893=CARTESIAN_POINT('',(-0.280818888731711,0.936440250192167,0.251876709067975));
#3894=CARTESIAN_POINT('Ctrl Pts',(-0.280818888731711,0.936440250192168,
0.251876709067974));
#3895=CARTESIAN_POINT('Ctrl Pts',(-0.266671714719227,1.00527616770551,0.190821606578064));
#3896=CARTESIAN_POINT('Ctrl Pts',(-0.263274968216347,1.0826234858712,0.13924098909454));
#3897=CARTESIAN_POINT('Ctrl Pts',(-0.271453472307535,1.16610000448469,0.0990389609468064));
#3898=CARTESIAN_POINT('Ctrl Pts',(-0.800000000000004,0.600000000000002,
1.));
#3899=CARTESIAN_POINT('Ctrl Pts',(-0.776568936412983,0.600000000000002,
1.));
#3900=CARTESIAN_POINT('Ctrl Pts',(-0.752965205839943,0.599982203886272,
0.996505248872441));
#3901=CARTESIAN_POINT('Ctrl Pts',(-0.706946669028493,0.600122966397109,
0.982982246063929));
#3902=CARTESIAN_POINT('Ctrl Pts',(-0.684527499131282,0.600288051068088,
0.972968917022406));
#3903=CARTESIAN_POINT('Ctrl Pts',(-0.620804542862318,0.60176016938623,0.935689149731945));
#3904=CARTESIAN_POINT('Ctrl Pts',(-0.582978108717349,0.604287126691431,
0.900999702249716));
#3905=CARTESIAN_POINT('Ctrl Pts',(-0.509978333567737,0.61547847835189,0.818216107082211));
#3906=CARTESIAN_POINT('Ctrl Pts',(-0.469074051223782,0.628920155271617,
0.754509944820803));
#3907=CARTESIAN_POINT('Ctrl Pts',(-0.378904851153805,0.682079517313426,
0.585454797235305));
#3908=CARTESIAN_POINT('Ctrl Pts',(-0.332756984356454,0.755245576868184,
0.44882377709213));
#3909=CARTESIAN_POINT('Ctrl Pts',(-0.296035236551472,0.870069570416891,
0.315039698887016));
#3910=CARTESIAN_POINT('Ctrl Pts',(-0.287910839197085,0.90193294033563,0.282483511679906));
#3911=CARTESIAN_POINT('Ctrl Pts',(-0.280818888731711,0.936440250192167,
0.251876709067975));
#3912=CARTESIAN_POINT('',(6.11661278508011,0.600716983152013,0.99996541043177));
#3913=CARTESIAN_POINT('',(0.,0.600000000000002,1.));
#3914=CARTESIAN_POINT('',(6.29999999999998,0.961028928677959,0.230769234875801));
#3915=CARTESIAN_POINT('Ctrl Pts',(6.29999999999998,0.961028928677959,0.230769234875801));
#3916=CARTESIAN_POINT('Ctrl Pts',(6.29999999981371,0.871610499885812,0.305045761285957));
#3917=CARTESIAN_POINT('Ctrl Pts',(6.29061898914993,0.672280549400526,0.537500422124509));
#3918=CARTESIAN_POINT('Ctrl Pts',(6.19775598081896,0.601577136924502,0.828932945171027));
#3919=CARTESIAN_POINT('Ctrl Pts',(6.11664045936354,0.600717274862492,0.99990708123742));
#3920=CARTESIAN_POINT('',(6.29999999999998,2.23897109396896,0.23076925368774));
#3921=CARTESIAN_POINT('Origin',(6.29999999999997,1.6,1.));
#3922=CARTESIAN_POINT('',(5.28203670578493,1.76906249460006,1.9856053332443));
#3923=CARTESIAN_POINT('Ctrl Pts',(5.28203670578493,1.76906249460006,1.9856053332443));
#3924=CARTESIAN_POINT('Ctrl Pts',(5.33117409734382,1.9951407345311,1.9468257630367));
#3925=CARTESIAN_POINT('Ctrl Pts',(5.54030883791744,2.28143195123708,1.77863780593838));
#3926=CARTESIAN_POINT('Ctrl Pts',(5.91772253588666,2.56866782123076,1.36427371208686));
#3927=CARTESIAN_POINT('Ctrl Pts',(6.18121981159004,2.64241677611249,0.923934159361467));
#3928=CARTESIAN_POINT('Ctrl Pts',(6.28939300963894,2.48090857007352,0.484856641936213));
#3929=CARTESIAN_POINT('Ctrl Pts',(6.29999999896062,2.32839221165489,0.305048018110023));
#3930=CARTESIAN_POINT('Ctrl Pts',(6.29999999999998,2.23897109396896,0.23076925368774));
#3931=CARTESIAN_POINT('',(5.28203670578493,1.43093750539994,1.9856053332443));
#3932=CARTESIAN_POINT('Ctrl Pts',(5.28203670578493,1.43093750539994,1.9856053332443));
#3933=CARTESIAN_POINT('Ctrl Pts',(5.25799122659729,1.54156933669124,2.0045821921851));
#3934=CARTESIAN_POINT('Ctrl Pts',(5.2579912265973,1.65843066330876,2.0045821921851));
#3935=CARTESIAN_POINT('Ctrl Pts',(5.28203670578493,1.76906249460006,1.9856053332443));
#3936=CARTESIAN_POINT('Ctrl Pts',(6.11661278508011,0.600716983152013,0.99996541043177));
#3937=CARTESIAN_POINT('Ctrl Pts',(6.09397796105244,0.60047974207691,1.04767106468757));
#3938=CARTESIAN_POINT('Ctrl Pts',(5.95693659229281,0.617529321902675,1.31112731984212));
#3939=CARTESIAN_POINT('Ctrl Pts',(5.68611354596976,0.780965674086161,1.63207290801751));
#3940=CARTESIAN_POINT('Ctrl Pts',(5.40382695836093,1.10583128077755,1.8891777982568));
#3941=CARTESIAN_POINT('Ctrl Pts',(5.3066055414638,1.3178977417654,1.9662154377309));
#3942=CARTESIAN_POINT('Ctrl Pts',(5.28203670578493,1.43093750539994,1.9856053332443));
#3943=CARTESIAN_POINT('',(-5.26937827061068,1.50582486409162,1.99555564574595));
#3944=CARTESIAN_POINT('Ctrl Pts',(-5.26937827061068,1.50582486409162,1.99555564574595));
#3945=CARTESIAN_POINT('Ctrl Pts',(-5.28373567058343,1.38699368483147,1.98431474474278));
#3946=CARTESIAN_POINT('Ctrl Pts',(-5.36863608317046,1.15899488401632,1.91859296696398));
#3947=CARTESIAN_POINT('Ctrl Pts',(-5.65103485376548,0.807239337028362,1.66839583608047));
#3948=CARTESIAN_POINT('Ctrl Pts',(-5.94086420350778,0.623066422015898,1.33765062707297));
#3949=CARTESIAN_POINT('Ctrl Pts',(-6.08898346301655,0.60068981309663,1.05769626924683));
#3950=CARTESIAN_POINT('Ctrl Pts',(-6.11649300517257,0.600937571991898,0.999740154305217));
#3951=CARTESIAN_POINT('Ctrl Pts',(-5.26937827061068,1.69417513590841,1.99555564574595));
#3952=CARTESIAN_POINT('Ctrl Pts',(-5.26183674232842,1.63175654334251,2.00146016696806));
#3953=CARTESIAN_POINT('Ctrl Pts',(-5.26183674232842,1.56824345665752,2.00146016696807));
#3954=CARTESIAN_POINT('Ctrl Pts',(-5.26937827061068,1.50582486409162,1.99555564574595));
#3955=CARTESIAN_POINT('Ctrl Pts',(-0.4,2.07034132827273,0.871070103892888));
#3956=CARTESIAN_POINT('Ctrl Pts',(-0.4,2.34381974513375,0.550758562125022));
#3957=CARTESIAN_POINT('Ctrl Pts',(-0.4,2.65757853147141,-0.412714109326858));
#3958=CARTESIAN_POINT('Ctrl Pts',(-0.4,2.43497921742042,-1.44398804820277));
#3959=CARTESIAN_POINT('Ctrl Pts',(-0.4,2.07034132827279,-1.87107010389284));
#3960=CARTESIAN_POINT('Ctrl Pts',(-0.4,1.7665842495494,0.611725702685553));
#3961=CARTESIAN_POINT('Ctrl Pts',(-0.400004093167204,1.96249383229436,0.364499484245741));
#3962=CARTESIAN_POINT('Ctrl Pts',(-0.400022667754232,2.16598418389711,-0.424506447628581));
#3963=CARTESIAN_POINT('Ctrl Pts',(-0.400005457556271,2.02779702654244,-1.28209074476609));
#3964=CARTESIAN_POINT('Ctrl Pts',(-0.4,1.76658424954944,-1.61172570268552));
#3965=CARTESIAN_POINT('Ctrl Pts',(-0.356819580065137,1.46283804352945,0.352390584470934));
#3966=CARTESIAN_POINT('Ctrl Pts',(-0.354319782052718,1.58118339456431,0.178247926078189));
#3967=CARTESIAN_POINT('Ctrl Pts',(-0.339768380708903,1.67442448759957,-0.436297967183719));
#3968=CARTESIAN_POINT('Ctrl Pts',(-0.35348651604858,1.62063184490912,-1.12020037328081));
#3969=CARTESIAN_POINT('Ctrl Pts',(-0.356819580065137,1.46283804352948,-1.35239058447091));
#3970=CARTESIAN_POINT('Ctrl Pts',(-0.271453472307536,1.16610000448469,0.0990389609468074));
#3971=CARTESIAN_POINT('Ctrl Pts',(-0.264056611587511,1.20907496803386,-0.00336316891012472));
#3972=CARTESIAN_POINT('Ctrl Pts',(-0.221121479348858,1.19844189777792,-0.447643594087628));
#3973=CARTESIAN_POINT('Ctrl Pts',(-0.26159099134751,1.22339995588353,-0.962502787804353));
#3974=CARTESIAN_POINT('Ctrl Pts',(-0.271453472307533,1.1661000044847,-1.0990389609468));
#3975=CARTESIAN_POINT('Ctrl Pts',(-0.271453472307533,1.1661000044847,-1.0990389609468));
#3976=CARTESIAN_POINT('Ctrl Pts',(-0.26159099134751,1.22339995588353,-0.962502787804353));
#3977=CARTESIAN_POINT('Ctrl Pts',(-0.221121479348858,1.19844189777792,-0.447643594087628));
#3978=CARTESIAN_POINT('Ctrl Pts',(-0.264056611587511,1.20907496803386,-0.00336316891012472));
#3979=CARTESIAN_POINT('Ctrl Pts',(-0.271453472307536,1.16610000448469,0.0990389609468074));
#3980=CARTESIAN_POINT('',(-0.4,2.41802910458704,-1.22367202258024));
#3981=CARTESIAN_POINT('Ctrl Pts',(-0.4,2.36980022524116,0.361816088123105));
#3982=CARTESIAN_POINT('Ctrl Pts',(-0.4,2.44914480530146,0.156595352966915));
#3983=CARTESIAN_POINT('Ctrl Pts',(-0.4,2.56055013629457,-0.374936223589054));
#3984=CARTESIAN_POINT('Ctrl Pts',(-0.4,2.513280787063,-0.926525937459515));
#3985=CARTESIAN_POINT('Ctrl Pts',(-0.4,2.42043568494746,-1.2244329680894));
#3986=CARTESIAN_POINT('Ctrl Pts',(-0.397135111420274,2.23032917718244,-1.22367202266535));
#3987=CARTESIAN_POINT('Ctrl Pts',(-0.398978325701931,2.29098929483322,-1.22367202266535));
#3988=CARTESIAN_POINT('Ctrl Pts',(-0.4,2.35358695128535,-1.22367202266535));
#3989=CARTESIAN_POINT('Ctrl Pts',(-0.4,2.41802910453431,-1.22367202266535));
#3990=CARTESIAN_POINT('Origin',(-0.4,7.21543256868354,-3.33512336163832));
#3991=CARTESIAN_POINT('',(-0.4,11.1054563029467,3.41487077210004));
#3992=CARTESIAN_POINT('',(-0.4,4.21769098902163,1.92872323632803));
#3993=CARTESIAN_POINT('',(-0.4,11.3,3.5036232331361));
#3994=CARTESIAN_POINT('Origin',(-0.4,11.,3.9036232331361));
#3995=CARTESIAN_POINT('',(-0.4,11.3,0.999999999999926));
#3996=CARTESIAN_POINT('',(-0.4,11.3,0.582438319180804));
#3997=CARTESIAN_POINT('',(-0.4,8.,-2.30000000000007));
#3998=CARTESIAN_POINT('Origin',(-0.4,8.,0.999999999999926));
#3999=CARTESIAN_POINT('',(-0.4,7.60771628434177,-2.30000000000007));
#4000=CARTESIAN_POINT('',(-0.4,5.46339000838443,-1.22367202266535));
#4001=CARTESIAN_POINT('Ctrl Pts',(-0.288279744234333,1.24853917276201,-1.1062168314764));
#4002=CARTESIAN_POINT('Ctrl Pts',(-0.257670629256048,1.22159018069995,-0.917711348455825));
#4003=CARTESIAN_POINT('Ctrl Pts',(-0.237365158207947,1.20338936574989,-0.641917959643129));
#4004=CARTESIAN_POINT('Ctrl Pts',(-0.244347999924925,1.20949683132582,-0.245637918948279));
#4005=CARTESIAN_POINT('Ctrl Pts',(-0.267873667582145,1.23057317805397,-0.0194534905373212));
#4006=CARTESIAN_POINT('Ctrl Pts',(-0.288279744234335,1.24853917276201,0.106216831476392));
#4007=CARTESIAN_POINT('Ctrl Pts',(-0.272681520097572,1.1464056727228,-1.15693217433549));
#4008=CARTESIAN_POINT('Ctrl Pts',(-0.233170940729984,1.11174327758466,-0.947074437782218));
#4009=CARTESIAN_POINT('Ctrl Pts',(-0.208411784670154,1.0877994190995,-0.652422145827985));
#4010=CARTESIAN_POINT('Ctrl Pts',(-0.216913401625408,1.09584919560944,-0.22702481039511));
#4011=CARTESIAN_POINT('Ctrl Pts',(-0.246341133852516,1.12329740929738,0.0170270166333083));
#4012=CARTESIAN_POINT('Ctrl Pts',(-0.272681520097575,1.1464056727228,0.156932174335491));
#4013=CARTESIAN_POINT('Ctrl Pts',(-0.270171926532063,1.04142556050807,-1.20592750622846));
#4014=CARTESIAN_POINT('Ctrl Pts',(-0.221498177741931,0.998903280892274,
-0.975484495172168));
#4015=CARTESIAN_POINT('Ctrl Pts',(-0.193360992105809,0.968791454929828,
-0.662518853691715));
#4016=CARTESIAN_POINT('Ctrl Pts',(-0.202998915789808,0.978935449568322,
-0.209105953407485));
#4017=CARTESIAN_POINT('Ctrl Pts',(-0.237722760671978,1.01307737409754,0.0522988321909321));
#4018=CARTESIAN_POINT('Ctrl Pts',(-0.270171926532066,1.04142556050808,0.205927506228461));
#4019=CARTESIAN_POINT('Ctrl Pts',(-0.280818888731708,0.936440250192164,
-1.25187670906798));
#4020=CARTESIAN_POINT('Ctrl Pts',(-0.22296680125978,0.886057921356775,-1.00220386792409));
#4021=CARTESIAN_POINT('Ctrl Pts',(-0.192645446351453,0.849776706476288,
-0.671897186841546));
#4022=CARTESIAN_POINT('Ctrl Pts',(-0.202994017912231,0.862015441442562,
-0.19241268927868));
#4023=CARTESIAN_POINT('Ctrl Pts',(-0.242250830417093,0.902852030968575,
0.0854281483053885));
#4024=CARTESIAN_POINT('Ctrl Pts',(-0.280818888731712,0.936440250192168,
0.251876709067975));
#4025=CARTESIAN_POINT('Ctrl Pts',(-0.280818888731708,0.936440250192164,
-1.25187670906798));
#4026=CARTESIAN_POINT('Ctrl Pts',(-0.22296680125978,0.886057921356775,-1.00220386792409));
#4027=CARTESIAN_POINT('Ctrl Pts',(-0.192645446351453,0.849776706476288,
-0.671897186841546));
#4028=CARTESIAN_POINT('Ctrl Pts',(-0.202994017912231,0.862015441442562,
-0.19241268927868));
#4029=CARTESIAN_POINT('Ctrl Pts',(-0.242250830417093,0.902852030968575,
0.0854281483053885));
#4030=CARTESIAN_POINT('Ctrl Pts',(-0.280818888731712,0.936440250192168,
0.251876709067975));
#4031=CARTESIAN_POINT('Ctrl Pts',(-0.799999999999996,0.2,-2.));
#4032=CARTESIAN_POINT('Ctrl Pts',(-1.4,0.2,-2.));
#4033=CARTESIAN_POINT('Ctrl Pts',(-1.4,0.2,-0.500000000000002));
#4034=CARTESIAN_POINT('Ctrl Pts',(-1.4,0.2,0.999999999999998));
#4035=CARTESIAN_POINT('Ctrl Pts',(-0.800000000000005,0.2,1.));
#4036=CARTESIAN_POINT('Ctrl Pts',(-0.200000000000005,0.2,1.));
#4037=CARTESIAN_POINT('Ctrl Pts',(-0.200000000000001,0.2,-0.499999999999998));
#4038=CARTESIAN_POINT('Ctrl Pts',(-0.199999999999996,0.2,-2.));
#4039=CARTESIAN_POINT('Ctrl Pts',(-0.799999999999996,0.2,-2.));
#4040=CARTESIAN_POINT('Ctrl Pts',(-0.799999999999996,0.936440250192168,
-2.));
#4041=CARTESIAN_POINT('Ctrl Pts',(-1.4,0.936440250192168,-2.));
#4042=CARTESIAN_POINT('Ctrl Pts',(-1.4,0.936440250192168,-0.500000000000002));
#4043=CARTESIAN_POINT('Ctrl Pts',(-1.4,0.936440250192168,0.999999999999998));
#4044=CARTESIAN_POINT('Ctrl Pts',(-0.800000000000005,0.936440250192168,
1.));
#4045=CARTESIAN_POINT('Ctrl Pts',(-0.200000000000005,0.936440250192168,
1.));
#4046=CARTESIAN_POINT('Ctrl Pts',(-0.200000000000001,0.936440250192168,
-0.499999999999998));
#4047=CARTESIAN_POINT('Ctrl Pts',(-0.199999999999996,0.936440250192168,
-2.));
#4048=CARTESIAN_POINT('Ctrl Pts',(-0.799999999999996,0.936440250192168,
-2.));
#4049=CARTESIAN_POINT('',(-0.799999999999996,0.2,-2.));
#4050=CARTESIAN_POINT('Ctrl Pts',(-0.799999999999996,0.2,-2.));
#4051=CARTESIAN_POINT('Ctrl Pts',(-0.853002587500238,0.2,-2.));
#4052=CARTESIAN_POINT('Ctrl Pts',(-0.9611988478438,0.2,-1.9650629562987));
#4053=CARTESIAN_POINT('Ctrl Pts',(-1.11296070490145,0.2,-1.79944734901858));
#4054=CARTESIAN_POINT('Ctrl Pts',(-1.22745582492412,0.2,-1.57245321057829));
#4055=CARTESIAN_POINT('Ctrl Pts',(-1.38680008303069,0.199999999999999,-1.06202309032516));
#4056=CARTESIAN_POINT('Ctrl Pts',(-1.42925243423734,0.2,-0.401825717003347));
#4057=CARTESIAN_POINT('Ctrl Pts',(-1.32167174825857,0.2,0.321623868892488));
#4058=CARTESIAN_POINT('Ctrl Pts',(-1.16415098508944,0.2,0.742356963943916));
#4059=CARTESIAN_POINT('Ctrl Pts',(-0.960629817924373,0.2,0.965873466424799));
#4060=CARTESIAN_POINT('Ctrl Pts',(-0.800080735624052,0.2,1.01677259857279));
#4061=CARTESIAN_POINT('Ctrl Pts',(-0.639322546338759,0.2,0.965869284475524));
#4062=CARTESIAN_POINT('Ctrl Pts',(-0.436083718617237,0.2,0.741872836443816));
#4063=CARTESIAN_POINT('Ctrl Pts',(-0.278050441653799,0.2,0.321692618101578));
#4064=CARTESIAN_POINT('Ctrl Pts',(-0.171413959861369,0.2,-0.402189087890329));
#4065=CARTESIAN_POINT('Ctrl Pts',(-0.218402906102889,0.2,-1.15421105556385));
#4066=CARTESIAN_POINT('Ctrl Pts',(-0.43513511769962,0.2,-1.74169640996132));
#4067=CARTESIAN_POINT('Ctrl Pts',(-0.639278457088785,0.2,-1.96599060896692));
#4068=CARTESIAN_POINT('Ctrl Pts',(-0.746997412499753,0.2,-2.));
#4069=CARTESIAN_POINT('Ctrl Pts',(-0.799999999999996,0.2,-2.));
#4070=CARTESIAN_POINT('Ctrl Pts',(-0.799999999999996,0.2,-2.));
#4071=CARTESIAN_POINT('Ctrl Pts',(-0.799999999999996,0.599999999999999,
-2.));
#4072=CARTESIAN_POINT('Ctrl Pts',(2.92025906959855,3.003,5.42163129771444));
#4073=CARTESIAN_POINT('Ctrl Pts',(2.83655916363041,3.003,5.52488001281291));
#4074=CARTESIAN_POINT('Ctrl Pts',(2.63422758133582,3.003,5.69863887565598));
#4075=CARTESIAN_POINT('Ctrl Pts',(2.11366394492068,3.003,5.92101040281806));
#4076=CARTESIAN_POINT('Ctrl Pts',(1.06803141082814,3.003,6.07259513016181));
#4077=CARTESIAN_POINT('Ctrl Pts',(-0.171336152395262,3.003,6.08430420717582));
#4078=CARTESIAN_POINT('Ctrl Pts',(-1.3961001856948,3.003,6.03118438689162));
#4079=CARTESIAN_POINT('Ctrl Pts',(-2.14396905836645,3.003,5.91902045474103));
#4080=CARTESIAN_POINT('Ctrl Pts',(-2.66096290231259,3.003,5.69738154937285));
#4081=CARTESIAN_POINT('Ctrl Pts',(-2.8511351209229,3.003,5.51906338221937));
#4082=CARTESIAN_POINT('Ctrl Pts',(-2.92611402552927,3.003,5.41289160962492));
#4083=CARTESIAN_POINT('Ctrl Pts',(2.92025906959855,3.05457447939643,5.42163129771444));
#4084=CARTESIAN_POINT('Ctrl Pts',(2.83658909285082,3.05457447939643,5.52484309337416));
#4085=CARTESIAN_POINT('Ctrl Pts',(2.63430184217819,3.05457447939643,5.6985590352861));
#4086=CARTESIAN_POINT('Ctrl Pts',(2.11379494362272,3.05457447939643,5.92090842323418));
#4087=CARTESIAN_POINT('Ctrl Pts',(1.06814852075597,3.05457447939643,6.07253943794106));
#4088=CARTESIAN_POINT('Ctrl Pts',(-0.171409768590051,3.05457447939643,6.08423958308221));
#4089=CARTESIAN_POINT('Ctrl Pts',(-1.39618689518387,3.05457447939643,6.0311206574335));
#4090=CARTESIAN_POINT('Ctrl Pts',(-2.14411275457627,3.05457447939643,5.91891004035302));
#4091=CARTESIAN_POINT('Ctrl Pts',(-2.66103048798043,3.05457447939643,5.69729212068308));
#4092=CARTESIAN_POINT('Ctrl Pts',(-2.85116615291972,3.05457447939643,5.51901944023159));
#4093=CARTESIAN_POINT('Ctrl Pts',(-2.92611402552927,3.05457447939643,5.41289160962492));
#4094=CARTESIAN_POINT('Ctrl Pts',(2.95342033304054,3.15731107927676,5.44851390472057));
#4095=CARTESIAN_POINT('Ctrl Pts',(2.86660088247806,3.15731107927676,5.55561075999712));
#4096=CARTESIAN_POINT('Ctrl Pts',(2.65607037475594,3.15731107927676,5.7360891777189));
#4097=CARTESIAN_POINT('Ctrl Pts',(2.12287142341464,3.15731107927676,5.96314552412673));
#4098=CARTESIAN_POINT('Ctrl Pts',(1.06913681564982,3.15731107927676,6.1152586324375));
#4099=CARTESIAN_POINT('Ctrl Pts',(-0.171097312782023,3.15731107927676,6.1271168137576));
#4100=CARTESIAN_POINT('Ctrl Pts',(-1.39962182024939,3.15731107927676,6.07366803526061));
#4101=CARTESIAN_POINT('Ctrl Pts',(-2.15298694685003,3.15731107927676,5.96116190542895));
#4102=CARTESIAN_POINT('Ctrl Pts',(-2.68338246533124,3.15731107927676,5.73466040228567));
#4103=CARTESIAN_POINT('Ctrl Pts',(-2.88277082852321,3.15731107927676,5.54826895079501));
#4104=CARTESIAN_POINT('Ctrl Pts',(-2.96098422091765,3.15731107927676,5.43751707258688));
#4105=CARTESIAN_POINT('Ctrl Pts',(3.03322735078769,3.2,5.51321049561435));
#4106=CARTESIAN_POINT('Ctrl Pts',(2.9389561711065,3.2,5.62949949331769));
#4107=CARTESIAN_POINT('Ctrl Pts',(2.70877661126872,3.2,5.82606929347765));
#4108=CARTESIAN_POINT('Ctrl Pts',(2.14527500302727,3.2,6.06435895441517));
#4109=CARTESIAN_POINT('Ctrl Pts',(1.07201574304346,3.2,6.2178300922509));
#4110=CARTESIAN_POINT('Ctrl Pts',(-0.170659941240878,3.2,6.23003043886507));
#4111=CARTESIAN_POINT('Ctrl Pts',(-1.40825897575957,3.2,6.17579164853194));
#4112=CARTESIAN_POINT('Ctrl Pts',(-2.17495795665428,3.2,6.06237482198166));
#4113=CARTESIAN_POINT('Ctrl Pts',(-2.73746431373207,3.2,5.82421000308691));
#4114=CARTESIAN_POINT('Ctrl Pts',(-2.95896432305638,3.2,5.6184740278992));
#4115=CARTESIAN_POINT('Ctrl Pts',(-3.04490401206418,3.2,5.49678154431231));
#4116=CARTESIAN_POINT('Ctrl Pts',(3.07329102232525,3.2,5.5456886289958));
#4117=CARTESIAN_POINT('Ctrl Pts',(2.97526249250191,3.2,5.66661253721506));
#4118=CARTESIAN_POINT('Ctrl Pts',(2.73519448760512,3.2,5.87128402862776));
#4119=CARTESIAN_POINT('Ctrl Pts',(2.15644939908995,3.2,6.1152251189019));
#4120=CARTESIAN_POINT('Ctrl Pts',(1.07339630070045,3.2,6.2693524308536));
#4121=CARTESIAN_POINT('Ctrl Pts',(-0.170399717061873,3.2,6.28172948016632));
#4122=CARTESIAN_POINT('Ctrl Pts',(-1.41254699468323,3.2,6.22709360432381));
#4123=CARTESIAN_POINT('Ctrl Pts',(-2.18590818644607,3.2,6.11324538739075));
#4124=CARTESIAN_POINT('Ctrl Pts',(-2.76457644361244,3.2,5.86921391271493));
#4125=CARTESIAN_POINT('Ctrl Pts',(-2.9971968411016,3.2,5.65374172983892));
#4126=CARTESIAN_POINT('Ctrl Pts',(-3.08703232412124,3.2,5.52653271652848));
#4127=CARTESIAN_POINT('',(-2.92611489131977,3.00364622586067,5.41289222104943));
#4128=CARTESIAN_POINT('',(-3.06476501305418,3.2,5.55702139145053));
#4129=CARTESIAN_POINT('Ctrl Pts',(-2.92611493759098,3.00364621515082,5.41289225372634));
#4130=CARTESIAN_POINT('Ctrl Pts',(-2.9260942408668,3.00617419963842,5.41293670200161));
#4131=CARTESIAN_POINT('Ctrl Pts',(-2.9260715562868,3.00974545607202,5.41307095116765));
#4132=CARTESIAN_POINT('Ctrl Pts',(-2.92616661520583,3.014204506068,5.41339587280194));
#4133=CARTESIAN_POINT('Ctrl Pts',(-2.92627619537078,3.01934472267353,5.41377042962044));
#4134=CARTESIAN_POINT('Ctrl Pts',(-2.92654593354759,3.02566715466056,5.41440075735027));
#4135=CARTESIAN_POINT('Ctrl Pts',(-2.92718990181538,3.03289141702591,5.41546552448792));
#4136=CARTESIAN_POINT('Ctrl Pts',(-2.92773772862227,3.03903713069179,5.41637132685471));
#4137=CARTESIAN_POINT('Ctrl Pts',(-2.9285582254857,3.04583482246246,5.41759280744993));
#4138=CARTESIAN_POINT('Ctrl Pts',(-2.92976443370132,3.05307574959093,5.41922983643416));
#4139=CARTESIAN_POINT('Ctrl Pts',(-2.92997611852312,3.05434650396737,5.41951712861501));
#4140=CARTESIAN_POINT('Ctrl Pts',(-2.93019959886315,3.05563082349876,5.41981716909127));
#4141=CARTESIAN_POINT('Ctrl Pts',(-2.93043536732545,3.05692747212334,5.42013042632429));
#4142=CARTESIAN_POINT('Ctrl Pts',(-2.93276779842097,3.06975507231395,5.42322944518402));
#4143=CARTESIAN_POINT('Ctrl Pts',(-2.93603304459793,3.08215163371595,5.42717847929812));
#4144=CARTESIAN_POINT('Ctrl Pts',(-2.94016426530637,3.09393241149839,5.43188767359344));
#4145=CARTESIAN_POINT('Ctrl Pts',(-2.9439623407251,3.10476317694688,5.43621711429811));
#4146=CARTESIAN_POINT('Ctrl Pts',(-2.94849311298453,3.11507446407628,5.44118977835058));
#4147=CARTESIAN_POINT('Ctrl Pts',(-2.95373385326219,3.1247059850568,5.44675526066919));
#4148=CARTESIAN_POINT('Ctrl Pts',(-2.95710349567246,3.13089877078016,5.45033370269471));
#4149=CARTESIAN_POINT('Ctrl Pts',(-2.96074733590838,3.136775701485,5.4541393622606));
#4150=CARTESIAN_POINT('Ctrl Pts',(-2.96465117133059,3.14229915948749,5.45816105689078));
#4151=CARTESIAN_POINT('Ctrl Pts',(-2.97119178092301,3.15155333608236,5.4648991315356));
#4152=CARTESIAN_POINT('Ctrl Pts',(-2.97846067391805,3.15981784060618,5.47224293573374));
#4153=CARTESIAN_POINT('Ctrl Pts',(-2.98630581072283,3.16702759684842,5.4800740490672));
#4154=CARTESIAN_POINT('Ctrl Pts',(-2.98916079391499,3.16965135388458,5.48292392887163));
#4155=CARTESIAN_POINT('Ctrl Pts',(-2.99209237585191,3.17213502906854,5.48583849091845));
#4156=CARTESIAN_POINT('Ctrl Pts',(-2.9950940172139,3.17447402574316,5.4888123869419));
#4157=CARTESIAN_POINT('Ctrl Pts',(-3.00336752454652,3.18092106714641,5.49700941902843));
#4158=CARTESIAN_POINT('Ctrl Pts',(-3.01210561227453,3.18622189379308,5.50559424175186));
#4159=CARTESIAN_POINT('Ctrl Pts',(-3.02115641987424,3.19030201669003,5.51445337144388));
#4160=CARTESIAN_POINT('Ctrl Pts',(-3.02349039385828,3.19135417701807,5.51673791655155));
#4161=CARTESIAN_POINT('Ctrl Pts',(-3.02584526713176,3.19232491715534,5.51904075085758));
#4162=CARTESIAN_POINT('Ctrl Pts',(-3.02821860513839,3.193212425775,5.52135999509428));
#4163=CARTESIAN_POINT('Ctrl Pts',(-3.0373351878976,3.19662156756519,5.53026879020213));
#4164=CARTESIAN_POINT('Ctrl Pts',(-3.04666724118238,3.19878551762779,5.53936488445767));
#4165=CARTESIAN_POINT('Ctrl Pts',(-3.05607240212974,3.19961635802454,5.54854154964044));
#4166=CARTESIAN_POINT('Ctrl Pts',(-3.05861027726759,3.19984055080532,5.55101776780897));
#4167=CARTESIAN_POINT('Ctrl Pts',(-3.06115352458261,3.19996739029951,5.55349986727046));
#4168=CARTESIAN_POINT('Ctrl Pts',(-3.06369940253447,3.19999448688879,5.55598574522626));
#4169=CARTESIAN_POINT('Ctrl Pts',(-3.06404456794536,3.19999816059411,5.55632277594897));
#4170=CARTESIAN_POINT('Ctrl Pts',(-3.06438974130313,3.2,5.55665983743178));
#4171=CARTESIAN_POINT('Ctrl Pts',(-3.06473491570265,3.2,5.55699692445539));
#4172=CARTESIAN_POINT('',(3.04939669581586,3.2,5.57434073651804));
#4173=CARTESIAN_POINT('Ctrl Pts',(-3.06473412173801,3.2,5.55699797171944));
#4174=CARTESIAN_POINT('Ctrl Pts',(-2.9783001898739,3.2,5.67100687762352));
#4175=CARTESIAN_POINT('Ctrl Pts',(-2.75288219814647,3.2,5.87414551891752));
#4176=CARTESIAN_POINT('Ctrl Pts',(-2.18590818644607,3.2,6.11324538739075));
#4177=CARTESIAN_POINT('Ctrl Pts',(-1.41254699468323,3.2,6.22709360432381));
#4178=CARTESIAN_POINT('Ctrl Pts',(-0.170399717061873,3.2,6.28172948016632));
#4179=CARTESIAN_POINT('Ctrl Pts',(1.07339630070045,3.2,6.2693524308536));
#4180=CARTESIAN_POINT('Ctrl Pts',(2.15644939908995,3.2,6.1152251189019));
#4181=CARTESIAN_POINT('Ctrl Pts',(2.72363245057223,3.2,5.87615742794563));
#4182=CARTESIAN_POINT('Ctrl Pts',(2.95599968568187,3.2,5.68283603067821));
#4183=CARTESIAN_POINT('Ctrl Pts',(3.04937369659316,3.2,5.57432094636829));
#4184=CARTESIAN_POINT('',(2.92026196824223,3.00421251054202,5.42163364753741));
#4185=CARTESIAN_POINT('Ctrl Pts',(3.04938122616297,3.2,5.57431219576053));
#4186=CARTESIAN_POINT('Ctrl Pts',(3.04905775080034,3.2,5.57395414158303));
#4187=CARTESIAN_POINT('Ctrl Pts',(3.04873427856363,3.19999816059388,5.57359610992827));
#4188=CARTESIAN_POINT('Ctrl Pts',(3.04841081601369,3.19999448688908,5.57323810644269));
#4189=CARTESIAN_POINT('Ctrl Pts',(3.03956816526326,3.19989405706036,5.56345119358078));
#4190=CARTESIAN_POINT('Ctrl Pts',(3.03076082418743,3.198427600803,5.55371615546725));
#4191=CARTESIAN_POINT('Ctrl Pts',(3.02212216269474,3.19569699421782,5.5441481149583));
#4192=CARTESIAN_POINT('Ctrl Pts',(3.01978965584834,3.19495970886868,5.54156466843563));
#4193=CARTESIAN_POINT('Ctrl Pts',(3.01746947781837,3.19412996673775,5.53899340303677));
#4194=CARTESIAN_POINT('Ctrl Pts',(3.0151643744597,3.19320914672055,5.53643664062384));
#4195=CARTESIAN_POINT('Ctrl Pts',(3.00654456307831,3.18976578925261,5.52687576359696));
#4196=CARTESIAN_POINT('Ctrl Pts',(2.99818802126874,3.18507407170368,5.5175762257087));
#4197=CARTESIAN_POINT('Ctrl Pts',(2.99023422844881,3.17922087728314,5.50865889929149));
#4198=CARTESIAN_POINT('Ctrl Pts',(2.9881833576079,3.17771164187369,5.50635958308576));
#4199=CARTESIAN_POINT('Ctrl Pts',(2.98615934939739,3.17612493338215,5.50408572463914));
#4200=CARTESIAN_POINT('Ctrl Pts',(2.98416481794317,3.17446174114259,5.50183952858566));
#4201=CARTESIAN_POINT('Ctrl Pts',(2.97645274588078,3.16803082806878,5.49315436807136));
#4202=CARTESIAN_POINT('Ctrl Pts',(2.96924127238072,3.16051007184213,5.48494787161421));
#4203=CARTESIAN_POINT('Ctrl Pts',(2.96266491182727,3.15198023849808,5.4773432817846));
#4204=CARTESIAN_POINT('Ctrl Pts',(2.96027901576313,3.14888562474661,5.47458434531869));
#4205=CARTESIAN_POINT('Ctrl Pts',(2.95797692518561,3.14565776597936,5.47190475258585));
#4206=CARTESIAN_POINT('Ctrl Pts',(2.95576595538731,3.14229915948749,5.46931094369765));
#4207=CARTESIAN_POINT('Ctrl Pts',(2.95212806420731,3.13677296688944,5.46504313575008));
#4208=CARTESIAN_POINT('Ctrl Pts',(2.94873662233019,3.13089293829439,5.46100737969963));
#4209=CARTESIAN_POINT('Ctrl Pts',(2.94560490070706,3.12469673820345,5.4572159777853));
#4210=CARTESIAN_POINT('Ctrl Pts',(2.94031061750752,3.11422184867295,5.45080648234689));
#4211=CARTESIAN_POINT('Ctrl Pts',(2.93581005076646,3.10294355821151,5.44514960439078));
#4212=CARTESIAN_POINT('Ctrl Pts',(2.93212867633736,3.09106664952687,5.44031364869498));
#4213=CARTESIAN_POINT('Ctrl Pts',(2.92874380015176,3.08014630818716,5.43586718132675));
#4214=CARTESIAN_POINT('Ctrl Pts',(2.92605156202443,3.06871841459164,5.43211460291831));
#4215=CARTESIAN_POINT('Ctrl Pts',(2.92409964644393,3.05692599876305,5.42913071188915));
#4216=CARTESIAN_POINT('Ctrl Pts',(2.92284487562955,3.04934535369797,5.4272125452358));
#4217=CARTESIAN_POINT('Ctrl Pts',(2.92198298698366,3.04218905655059,5.42577474390517));
#4218=CARTESIAN_POINT('Ctrl Pts',(2.92140459749,3.03568877418406,5.42470591062318));
#4219=CARTESIAN_POINT('Ctrl Pts',(2.92075699341979,3.02841061757109,5.42350917245384));
#4220=CARTESIAN_POINT('Ctrl Pts',(2.92046256309689,3.02195555771684,5.42277323224264));
#4221=CARTESIAN_POINT('Ctrl Pts',(2.92033371717919,3.01659308625747,5.42231874870313));
#4222=CARTESIAN_POINT('Ctrl Pts',(2.9202171726786,3.01174259064739,5.42190765646144));
#4223=CARTESIAN_POINT('Ctrl Pts',(2.92023321682791,3.0077843568926,5.42172464975517));
#4224=CARTESIAN_POINT('Ctrl Pts',(2.92025641720632,3.00488635171761,5.42164966722722));
#4225=CARTESIAN_POINT('Ctrl Pts',(2.9202582697295,3.00465494938189,5.42164367995975));
#4226=CARTESIAN_POINT('Ctrl Pts',(2.92026018852289,3.00443029630082,5.42163839860808));
#4227=CARTESIAN_POINT('Ctrl Pts',(2.92026212205821,3.00421247308531,5.42163377223033));
#4228=CARTESIAN_POINT('',(2.65438060886442,3.003,5.66099485616772));
#4229=CARTESIAN_POINT('Ctrl Pts',(2.92026212205821,3.00421247308531,5.42163377223033));
#4230=CARTESIAN_POINT('Ctrl Pts',(2.9201886409933,3.00600945317309,5.42174290508258));
#4231=CARTESIAN_POINT('Ctrl Pts',(2.91995370665358,3.00775784691117,5.42209191485793));
#4232=CARTESIAN_POINT('Ctrl Pts',(2.9195814673206,3.00945050027128,5.42264223311969));
#4233=CARTESIAN_POINT('Ctrl Pts',(2.91899551357925,3.01211495961584,5.42350850655145));
#4234=CARTESIAN_POINT('Ctrl Pts',(2.91808984779449,3.01454698119937,5.42484230394879));
#4235=CARTESIAN_POINT('Ctrl Pts',(2.91703446411761,3.01671998320967,5.42637993467105));
#4236=CARTESIAN_POINT('Ctrl Pts',(2.91526682122126,3.020359504695,5.42895528435947));
#4237=CARTESIAN_POINT('Ctrl Pts',(2.91296566014031,3.02350461539047,5.43226331025774));
#4238=CARTESIAN_POINT('Ctrl Pts',(2.91060529801312,3.0261296967571,5.43558630103563));
#4239=CARTESIAN_POINT('Ctrl Pts',(2.91040858093987,3.02634847603573,5.43586324541325));
#4240=CARTESIAN_POINT('Ctrl Pts',(2.9102114775594,3.02656364571696,5.43614031181508));
#4241=CARTESIAN_POINT('Ctrl Pts',(2.91001427654961,3.02677519211714,5.43641709507066));
#4242=CARTESIAN_POINT('Ctrl Pts',(2.90497801688824,3.03217781456238,5.44348578273356));
#4243=CARTESIAN_POINT('Ctrl Pts',(2.89816381172504,3.03705717311381,5.45278454316237));
#4244=CARTESIAN_POINT('Ctrl Pts',(2.88960965166744,3.04126154365346,5.4636660997727));
#4245=CARTESIAN_POINT('Ctrl Pts',(2.88830485468762,3.04190285150194,5.46532590296849));
#4246=CARTESIAN_POINT('Ctrl Pts',(2.88695954374352,3.04252849271234,5.46702244875488));
#4247=CARTESIAN_POINT('Ctrl Pts',(2.88557384956467,3.04313796694004,5.46875336577548));
#4248=CARTESIAN_POINT('Ctrl Pts',(2.87777368862729,3.04656873625108,5.47849680811365));
#4249=CARTESIAN_POINT('Ctrl Pts',(2.86868538104181,3.04949403941965,5.48933834284669));
#4250=CARTESIAN_POINT('Ctrl Pts',(2.85834705987829,3.05180520423761,5.50084534014414));
#4251=CARTESIAN_POINT('Ctrl Pts',(2.8501314983697,3.05364181933383,5.50998961440115));
#4252=CARTESIAN_POINT('Ctrl Pts',(2.84112648247877,3.05509092483502,5.51955345056439));
#4253=CARTESIAN_POINT('Ctrl Pts',(2.8313745487596,3.05609838561368,5.52932652285107));
#4254=CARTESIAN_POINT('Ctrl Pts',(2.82525992410984,3.05673008027941,5.53545440173426));
#4255=CARTESIAN_POINT('Ctrl Pts',(2.81901391909889,3.05716958144989,5.54150155790759));
#4256=CARTESIAN_POINT('Ctrl Pts',(2.8126754761591,3.05742561596286,5.54742939729088));
#4257=CARTESIAN_POINT('Ctrl Pts',(2.81009589581648,3.05752981530693,5.54984187273518));
#4258=CARTESIAN_POINT('Ctrl Pts',(2.80749774689444,3.05760369356727,5.55223774174598));
#4259=CARTESIAN_POINT('Ctrl Pts',(2.80488349959152,3.05764735331514,5.55461471145255));
#4260=CARTESIAN_POINT('Ctrl Pts',(2.8031161167875,3.05767686983697,5.55622168083925));
#4261=CARTESIAN_POINT('Ctrl Pts',(2.80134067542657,3.05769258357904,5.5578206540399));
#4262=CARTESIAN_POINT('Ctrl Pts',(2.79955794253963,3.05769445620546,5.55941094072066));
#4263=CARTESIAN_POINT('Ctrl Pts',(2.7978276163461,3.0576962737826,5.56095447801618));
#4264=CARTESIAN_POINT('Ctrl Pts',(2.79608989069349,3.05768505248918,5.56249030525455));
#4265=CARTESIAN_POINT('Ctrl Pts',(2.79434548046577,3.05766070629014,5.5640177946381));
#4266=CARTESIAN_POINT('Ctrl Pts',(2.79194416704313,3.0576271918945,5.56612050001175));
#4267=CARTESIAN_POINT('Ctrl Pts',(2.78952897250104,3.05756879335824,5.56820846237425));
#4268=CARTESIAN_POINT('Ctrl Pts',(2.78710184288038,3.05748512780723,5.57028002135619));
#4269=CARTESIAN_POINT('Ctrl Pts',(2.78153652068756,3.05729328566422,5.57503003267728));
#4270=CARTESIAN_POINT('Ctrl Pts',(2.77589501118858,3.0569683465593,5.57970494155811));
#4271=CARTESIAN_POINT('Ctrl Pts',(2.77020411703352,3.05650182775784,5.58428314347464));
#4272=CARTESIAN_POINT('Ctrl Pts',(2.76087180871584,3.05573679906945,5.59179078474535));
#4273=CARTESIAN_POINT('Ctrl Pts',(2.75129661105015,3.05458561555663,5.59912404284332));
#4274=CARTESIAN_POINT('Ctrl Pts',(2.74167087766634,3.05296501808485,5.60613825644688));
#4275=CARTESIAN_POINT('Ctrl Pts',(2.73893684200732,3.0525047132852,5.60813053166867));
#4276=CARTESIAN_POINT('Ctrl Pts',(2.73619893019517,3.05200650543481,5.61009731109493));
#4277=CARTESIAN_POINT('Ctrl Pts',(2.73346203260252,3.05146840677011,5.61203589635261));
#4278=CARTESIAN_POINT('Ctrl Pts',(2.71820655997312,3.04846904374193,5.62284157443785));
#4279=CARTESIAN_POINT('Ctrl Pts',(2.7043287141197,3.04448397233502,5.63181272419964));
#4280=CARTESIAN_POINT('Ctrl Pts',(2.69260770699788,3.03968451567889,5.63900649917794));
#4281=CARTESIAN_POINT('Ctrl Pts',(2.68470865159615,3.0364500518115,5.64385454905203));
#4282=CARTESIAN_POINT('Ctrl Pts',(2.67778900062193,3.03284582667989,5.64789732545049));
#4283=CARTESIAN_POINT('Ctrl Pts',(2.67207430897129,3.02893005685461,5.65115286342116));
#4284=CARTESIAN_POINT('Ctrl Pts',(2.66915181498136,3.02692753170016,5.65281774592662));
#4285=CARTESIAN_POINT('Ctrl Pts',(2.66577979850312,3.02432212464039,5.6547066420057));
#4286=CARTESIAN_POINT('Ctrl Pts',(2.66275708210597,3.02115586946741,5.65636967826517));
#4287=CARTESIAN_POINT('Ctrl Pts',(2.66124787543491,3.01957499557733,5.65720001266882));
#4288=CARTESIAN_POINT('Ctrl Pts',(2.65982625704663,3.01785433737577,5.65797480752032));
#4289=CARTESIAN_POINT('Ctrl Pts',(2.65859425759042,3.01599955275556,5.65864205007961));
#4290=CARTESIAN_POINT('Ctrl Pts',(2.65727359608934,3.01401128674749,5.65935731140177));
#4291=CARTESIAN_POINT('Ctrl Pts',(2.65615246065076,3.01184094895442,5.65995899783165));
#4292=CARTESIAN_POINT('Ctrl Pts',(2.65539137885608,3.00950460256351,5.66036657353041));
#4293=CARTESIAN_POINT('Ctrl Pts',(2.65470821034826,3.00740743207702,5.66073242498538));
#4294=CARTESIAN_POINT('Ctrl Pts',(2.65433444131179,3.00523478323928,5.66093188512339));
#4295=CARTESIAN_POINT('Ctrl Pts',(2.65433164047456,3.003,5.6609348115817));
#4296=CARTESIAN_POINT('',(-2.78986851850514,3.003,5.56791606533989));
#4297=CARTESIAN_POINT('Ctrl Pts',(2.65433813554577,3.003,5.66093052347599));
#4298=CARTESIAN_POINT('Ctrl Pts',(2.64295527840959,3.003,5.66844563981405));
#4299=CARTESIAN_POINT('Ctrl Pts',(2.51723151202639,3.003,5.74861661667427));
#4300=CARTESIAN_POINT('Ctrl Pts',(2.11366394492068,3.003,5.92101040281806));
#4301=CARTESIAN_POINT('Ctrl Pts',(1.06803141082814,3.003,6.07259513016181));
#4302=CARTESIAN_POINT('Ctrl Pts',(-0.171336152395262,3.003,6.08430420717582));
#4303=CARTESIAN_POINT('Ctrl Pts',(-1.3961001856948,3.003,6.03118438689162));
#4304=CARTESIAN_POINT('Ctrl Pts',(-2.14396905836645,3.003,5.91902045474103));
#4305=CARTESIAN_POINT('Ctrl Pts',(-2.59221222894989,3.003,5.72685544769072));
#4306=CARTESIAN_POINT('Ctrl Pts',(-2.74514444438272,3.003,5.60914091121967));
#4307=CARTESIAN_POINT('Ctrl Pts',(-2.78985193380449,3.003,5.56789809586246));
#4308=CARTESIAN_POINT('Ctrl Pts',(-2.78957918961127,3.003,5.56814961094839));
#4309=CARTESIAN_POINT('Ctrl Pts',(-2.78957985889202,3.00384748191287,5.56814872241949));
#4310=CARTESIAN_POINT('Ctrl Pts',(-2.7897099018937,3.00466776980297,5.56803646769677));
#4311=CARTESIAN_POINT('Ctrl Pts',(-2.78994450509602,3.0054569914364,5.56783381390361));
#4312=CARTESIAN_POINT('Ctrl Pts',(-2.79024806316848,3.00647818209115,5.56757159585107));
#4313=CARTESIAN_POINT('Ctrl Pts',(-2.79071606581099,3.0074119473109,5.56716706739315));
#4314=CARTESIAN_POINT('Ctrl Pts',(-2.79125421058844,3.00824695039978,5.56670032190887));
#4315=CARTESIAN_POINT('Ctrl Pts',(-2.79224565388714,3.0097853063433,5.56584042007209));
#4316=CARTESIAN_POINT('Ctrl Pts',(-2.79355305131922,3.01110985336885,5.56470099534134));
#4317=CARTESIAN_POINT('Ctrl Pts',(-2.79483577176973,3.01219441683466,5.56357424957606));
#4318=CARTESIAN_POINT('Ctrl Pts',(-2.79725448741807,3.01423948489709,5.56144964197889));
#4319=CARTESIAN_POINT('Ctrl Pts',(-2.80014717830623,3.01590742484345,5.55887532462464));
#4320=CARTESIAN_POINT('Ctrl Pts',(-2.80279104430137,3.01720074291201,5.55648556667492));
#4321=CARTESIAN_POINT('Ctrl Pts',(-2.80423098430184,3.01790512824155,5.55518402262179));
#4322=CARTESIAN_POINT('Ctrl Pts',(-2.80559780665695,3.01849840268903,5.55393794578625));
#4323=CARTESIAN_POINT('Ctrl Pts',(-2.80677931312485,3.01898097273331,5.5528544846631));
#4324=CARTESIAN_POINT('Ctrl Pts',(-2.81334302971015,3.0216618323725,5.5468354471574));
#4325=CARTESIAN_POINT('Ctrl Pts',(-2.82140328660707,3.02385742462434,5.53922807741126));
#4326=CARTESIAN_POINT('Ctrl Pts',(-2.83033876880158,3.02543946980804,5.53029290681476));
#4327=CARTESIAN_POINT('Ctrl Pts',(-2.83550693393151,3.02635450389063,5.52512492190901));
#4328=CARTESIAN_POINT('Ctrl Pts',(-2.84096779251908,3.02706435470079,5.5195130355739));
#4329=CARTESIAN_POINT('Ctrl Pts',(-2.84660590601665,3.02754423188286,5.51351537786586));
#4330=CARTESIAN_POINT('Ctrl Pts',(-2.8497660611107,3.02781320240324,5.51015369872148));
#4331=CARTESIAN_POINT('Ctrl Pts',(-2.85290755255675,3.02800290170916,5.50674992245945));
#4332=CARTESIAN_POINT('Ctrl Pts',(-2.85600994614759,3.02811767095846,5.50332582410847));
#4333=CARTESIAN_POINT('Ctrl Pts',(-2.85749718116324,3.02817268939544,5.5016843692719));
#4334=CARTESIAN_POINT('Ctrl Pts',(-2.8589782670307,3.02821057396221,5.50003516239908));
#4335=CARTESIAN_POINT('Ctrl Pts',(-2.86045125200412,3.02823152506232,5.49838035343435));
#4336=CARTESIAN_POINT('Ctrl Pts',(-2.86159321611196,3.02824776786505,5.4970974262646));
#4337=CARTESIAN_POINT('Ctrl Pts',(-2.86273119702023,3.02825384426179,5.49581013988186));
#4338=CARTESIAN_POINT('Ctrl Pts',(-2.86386431839197,3.02824977733042,5.4945194782108));
#4339=CARTESIAN_POINT('Ctrl Pts',(-2.86507743741742,3.02824542327626,5.49313769664032));
#4340=CARTESIAN_POINT('Ctrl Pts',(-2.86628588523779,3.02822944017776,5.49175102194968));
#4341=CARTESIAN_POINT('Ctrl Pts',(-2.86748859275514,3.02820177900156,5.49036067565005));
#4342=CARTESIAN_POINT('Ctrl Pts',(-2.86934632153469,3.0281590529336,5.48821311583429));
#4343=CARTESIAN_POINT('Ctrl Pts',(-2.87119322545289,3.02808840622666,5.48605345660304));
#4344=CARTESIAN_POINT('Ctrl Pts',(-2.87302522731232,3.02798927547996,5.48388646664835));
#4345=CARTESIAN_POINT('Ctrl Pts',(-2.87817160446825,3.02771080184871,5.47779905601473));
#4346=CARTESIAN_POINT('Ctrl Pts',(-2.88326202706075,3.02720510350473,5.4715782174646));
#4347=CARTESIAN_POINT('Ctrl Pts',(-2.88818111562306,3.0264373702582,5.46536710498682));
#4348=CARTESIAN_POINT('Ctrl Pts',(-2.89661517792882,3.0251210471318,5.45471779283028));
#4349=CARTESIAN_POINT('Ctrl Pts',(-2.90383398494885,3.02314576404335,5.44499702032219));
#4350=CARTESIAN_POINT('Ctrl Pts',(-2.90965242367511,3.02063980851836,5.43687390301083));
#4351=CARTESIAN_POINT('Ctrl Pts',(-2.91164676208516,3.01978086274399,5.43408960886844));
#4352=CARTESIAN_POINT('Ctrl Pts',(-2.91347700744162,3.01885958207635,5.4314931873458));
#4353=CARTESIAN_POINT('Ctrl Pts',(-2.91513643591122,3.01788120812175,5.42911167980727));
#4354=CARTESIAN_POINT('Ctrl Pts',(-2.91674322851176,3.01693386748032,5.42680571196284));
#4355=CARTESIAN_POINT('Ctrl Pts',(-2.91877415903721,3.01558737311836,5.42385532676063));
#4356=CARTESIAN_POINT('Ctrl Pts',(-2.92064488226572,3.01385505004899,5.42109229772346));
#4357=CARTESIAN_POINT('Ctrl Pts',(-2.9217300646852,3.01285015177698,5.4194895002118));
#4358=CARTESIAN_POINT('Ctrl Pts',(-2.92276218683738,3.01171541478832,5.41795039644152));
#4359=CARTESIAN_POINT('Ctrl Pts',(-2.92363371911209,3.01045352950818,5.41664223586677));
#4360=CARTESIAN_POINT('Ctrl Pts',(-2.92435490728503,3.00940932636614,5.41555974017247));
#4361=CARTESIAN_POINT('Ctrl Pts',(-2.92504856629227,3.00815842938991,5.41451123238293));
#4362=CARTESIAN_POINT('Ctrl Pts',(-2.925521295428,3.00672846551639,5.41379420833105));
#4363=CARTESIAN_POINT('Ctrl Pts',(-2.92571510459232,3.00614220991586,5.41350024330584));
#4364=CARTESIAN_POINT('Ctrl Pts',(-2.92587380364518,3.00551991318485,5.41325904729537));
#4365=CARTESIAN_POINT('Ctrl Pts',(-2.9259809981478,3.00486448713156,5.41309602800514));
#4366=CARTESIAN_POINT('Ctrl Pts',(-2.92604644838716,3.00446430063854,5.41299649256903));
#4367=CARTESIAN_POINT('Ctrl Pts',(-2.92609166708086,3.00405806159166,5.41292767201629));
#4368=CARTESIAN_POINT('Ctrl Pts',(-2.92611493759098,3.00364621515082,5.41289225372634));
#4369=CARTESIAN_POINT('Origin',(2.29999994859099,0.,4.9999998882413));
#4370=CARTESIAN_POINT('',(2.92028690990482,3.,5.42159695372451));
#4371=CARTESIAN_POINT('Ctrl Pts',(2.92028690990482,3.,5.42159695372451));
#4372=CARTESIAN_POINT('Ctrl Pts',(2.92028690990223,3.0002430037848,5.42159695372274));
#4373=CARTESIAN_POINT('Ctrl Pts',(2.92028939943898,3.00072899198291,5.42159329094163));
#4374=CARTESIAN_POINT('Ctrl Pts',(2.92028491824678,3.00121501408106,5.42159988399824));
#4375=CARTESIAN_POINT('Ctrl Pts',(2.9202801579731,3.00237659142063,5.4216068875828));
#4376=CARTESIAN_POINT('Ctrl Pts',(2.92027283743983,3.00329477825407,5.42161765794855));
#4377=CARTESIAN_POINT('Ctrl Pts',(2.92026196824223,3.00421251054208,5.42163364753741));
#4378=CARTESIAN_POINT('',(2.92028690990482,0.25,5.42159695372451));
#4379=CARTESIAN_POINT('',(2.92028690990482,0.,5.42159695372451));
#4380=CARTESIAN_POINT('',(2.74725975229187,0.,5.60204529183928));
#4381=CARTESIAN_POINT('Ctrl Pts',(2.74725975229187,0.,5.60204529183928));
#4382=CARTESIAN_POINT('Ctrl Pts',(2.77259149003878,-5.7177899662792E-17,
5.58322633236483));
#4383=CARTESIAN_POINT('Ctrl Pts',(2.79638407350575,0.00578933329569724,
5.56299772841219));
#4384=CARTESIAN_POINT('Ctrl Pts',(2.83876813535103,0.0286221764024442,5.52257090108165));
#4385=CARTESIAN_POINT('Ctrl Pts',(2.85689333363365,0.0453199236222032,5.50288979245567));
#4386=CARTESIAN_POINT('Ctrl Pts',(2.88695477719903,0.0882803114964397,5.46747666140165));
#4387=CARTESIAN_POINT('Ctrl Pts',(2.89845466331066,0.114259298564454,5.452259414138));
#4388=CARTESIAN_POINT('Ctrl Pts',(2.91562511729794,0.176001393916868,5.42865664069942));
#4389=CARTESIAN_POINT('Ctrl Pts',(2.92013424093396,0.211832474100041,5.4218215681678));
#4390=CARTESIAN_POINT('Ctrl Pts',(2.92028442072173,0.248481351691429,5.42160061599019));
#4391=CARTESIAN_POINT('Ctrl Pts',(2.92029002133611,0.249088831592177,5.42159237596676));
#4392=CARTESIAN_POINT('Ctrl Pts',(2.92028690990077,0.249696269127858,5.42159695372175));
#4393=CARTESIAN_POINT('Ctrl Pts',(2.92028690990482,0.25,5.42159695372451));
#4394=CARTESIAN_POINT('',(2.65438060886356,0.,5.66099485616827));
#4395=CARTESIAN_POINT('Origin',(2.29999994859099,0.,4.9999998882413));
#4396=CARTESIAN_POINT('',(2.65438060886356,0.,5.66099485616827));
#4397=CARTESIAN_POINT('Ctrl Pts',(2.92028690990482,3.,5.42159695372451));
#4398=CARTESIAN_POINT('Ctrl Pts',(2.92028690990482,3.,5.42159695372451));
#4399=CARTESIAN_POINT('Ctrl Pts',(2.92028690990482,3.,5.42159695372451));
#4400=CARTESIAN_POINT('Ctrl Pts',(2.92028690990482,3.,5.42159695372451));
#4401=CARTESIAN_POINT('Ctrl Pts',(2.92028690990482,3.,5.42159695372451));
#4402=CARTESIAN_POINT('Ctrl Pts',(2.92028690990482,3.,5.42159695372451));
#4403=CARTESIAN_POINT('Ctrl Pts',(2.92028690990482,3.,5.42159695372451));
#4404=CARTESIAN_POINT('Ctrl Pts',(2.92028690990482,3.,5.42159695372451));
#4405=CARTESIAN_POINT('Ctrl Pts',(2.92028690990482,3.,5.42159695372451));
#4406=CARTESIAN_POINT('Ctrl Pts',(2.92028690990482,3.2,5.42159695372451));
#4407=CARTESIAN_POINT('Ctrl Pts',(2.92028690990482,3.2,5.42159695372451));
#4408=CARTESIAN_POINT('Ctrl Pts',(2.92028690990482,3.2,5.42159695372451));
#4409=CARTESIAN_POINT('Ctrl Pts',(2.92028690990482,3.2,5.42159695372451));
#4410=CARTESIAN_POINT('Ctrl Pts',(2.92028690990482,3.2,5.42159695372451));
#4411=CARTESIAN_POINT('Ctrl Pts',(2.92028690990482,3.2,5.42159695372451));
#4412=CARTESIAN_POINT('Ctrl Pts',(2.92028690990482,3.2,5.42159695372451));
#4413=CARTESIAN_POINT('Ctrl Pts',(2.92028690990482,3.2,5.42159695372451));
#4414=CARTESIAN_POINT('Ctrl Pts',(2.92028690990482,3.2,5.42159695372451));
#4415=CARTESIAN_POINT('Ctrl Pts',(3.0756541369863,3.2,5.54753751410524));
#4416=CARTESIAN_POINT('Ctrl Pts',(3.20159469736703,3.2,5.39217028702376));
#4417=CARTESIAN_POINT('Ctrl Pts',(3.04622747028556,3.2,5.26622972664303));
#4418=CARTESIAN_POINT('Ctrl Pts',(2.89086024320408,3.2,5.1402891662623));
#4419=CARTESIAN_POINT('Ctrl Pts',(2.76491968282335,3.2,5.29565639334378));
#4420=CARTESIAN_POINT('Ctrl Pts',(2.63897912244261,3.2,5.45102362042526));
#4421=CARTESIAN_POINT('Ctrl Pts',(2.79434634952409,3.2,5.57696418080599));
#4422=CARTESIAN_POINT('Ctrl Pts',(2.94971357660557,3.2,5.70290474118672));
#4423=CARTESIAN_POINT('Ctrl Pts',(3.0756541369863,3.2,5.54753751410524));
#4424=CARTESIAN_POINT('',(3.0756541369863,3.2,5.54753751410524));
#4425=CARTESIAN_POINT('Origin',(2.92028690990482,3.2,5.42159695372451));
#4426=CARTESIAN_POINT('Origin',(3.0756541369863,3.,5.54753751410524));
#4427=CARTESIAN_POINT('Origin',(-8.51788485250786,3.2,0.));
#4428=CARTESIAN_POINT('',(-3.08950587638369,3.2,5.52823069406807));
#4429=CARTESIAN_POINT('Origin',(-2.92613319018653,3.2,5.41286447108787));
#4430=CARTESIAN_POINT('',(-3.37139935606243,3.2,4.76996810141889));
#4431=CARTESIAN_POINT('Ctrl Pts',(-3.37139935606243,3.2,4.76996810141889));
#4432=CARTESIAN_POINT('Ctrl Pts',(-3.31782683161558,3.2,5.03635433241183));
#4433=CARTESIAN_POINT('Ctrl Pts',(-3.2462423006533,3.2,5.30627274141619));
#4434=CARTESIAN_POINT('Ctrl Pts',(-3.08950587638369,3.2,5.52823069406807));
#4435=CARTESIAN_POINT('',(-2.49306902125299,3.2,3.95882180297653));
#4436=CARTESIAN_POINT('Ctrl Pts',(-2.49306902125299,3.2,3.95882180297653));
#4437=CARTESIAN_POINT('Ctrl Pts',(-2.62430643834181,3.2,3.92137479463515));
#4438=CARTESIAN_POINT('Ctrl Pts',(-2.9081821453562,3.2,3.92587548872896));
#4439=CARTESIAN_POINT('Ctrl Pts',(-3.32138757237018,3.2,4.20668383513306));
#4440=CARTESIAN_POINT('Ctrl Pts',(-3.41176078456667,3.2,4.56927326898843));
#4441=CARTESIAN_POINT('Ctrl Pts',(-3.37139935606243,3.2,4.76996810141889));
#4442=CARTESIAN_POINT('',(-2.09999999999932,3.2,4.06084023263534));
#4443=CARTESIAN_POINT('Ctrl Pts',(-2.10000139303735,3.2,4.06084113545246));
#4444=CARTESIAN_POINT('Ctrl Pts',(-2.2318065841153,3.2,4.0299482627101));
#4445=CARTESIAN_POINT('Ctrl Pts',(-2.3628884221635,3.2,3.99596726109454));
#4446=CARTESIAN_POINT('Ctrl Pts',(-2.49306902125299,3.2,3.95882180297653));
#4447=CARTESIAN_POINT('',(-2.1,3.2,-2.30000000000007));
#4448=CARTESIAN_POINT('',(-2.1,3.2,0.));
#4449=CARTESIAN_POINT('Origin',(-1.9,3.2,-2.30000000000007));
#4450=CARTESIAN_POINT('',(-5.55069767441862,3.2,-4.14256140383095));
#4451=CARTESIAN_POINT('Origin',(9.84439960450233E-16,3.2,-12.7));
#4452=CARTESIAN_POINT('',(-6.39999999999568,3.2,-3.68113089129214));
#4453=CARTESIAN_POINT('Origin',(-5.85000000000002,3.2,-3.68113089129242));
#4454=CARTESIAN_POINT('',(-6.39999999999763,3.2,-2.18809440566403E-6));
#4455=CARTESIAN_POINT('',(-6.39999999999666,3.2,-1.84056618160414));
#4456=CARTESIAN_POINT('',(-5.34071044933548,3.2,2.3643060057435));
#4457=CARTESIAN_POINT('Ctrl Pts',(-5.34071044933548,3.2,2.36430600574351));
#4458=CARTESIAN_POINT('Ctrl Pts',(-5.96169673675809,3.2,1.73225709627234));
#4459=CARTESIAN_POINT('Ctrl Pts',(-6.40000063190235,3.2,0.88606216955196));
#4460=CARTESIAN_POINT('Ctrl Pts',(-6.39999999999925,3.2,-2.04546306472458E-6));
#4461=CARTESIAN_POINT('',(-3.30561227366324,3.2,5.34802977953718));
#4462=CARTESIAN_POINT('Ctrl Pts',(-3.30561227366321,3.2,5.34802977953717));
#4463=CARTESIAN_POINT('Ctrl Pts',(-3.79978349233675,3.2,4.24324508865164));
#4464=CARTESIAN_POINT('Ctrl Pts',(-4.49250859118864,3.2,3.2276182403473));
#4465=CARTESIAN_POINT('Ctrl Pts',(-5.34071044933548,3.2,2.3643060057435));
#4466=CARTESIAN_POINT('',(3.37006725826455,3.2,5.25455302165824));
#4467=CARTESIAN_POINT('Ctrl Pts',(3.37006725826455,3.2,5.25455302165824));
#4468=CARTESIAN_POINT('Ctrl Pts',(3.29709258517642,3.2,5.41531798297109));
#4469=CARTESIAN_POINT('Ctrl Pts',(3.10606605813816,3.2,5.71984005018825));
#4470=CARTESIAN_POINT('Ctrl Pts',(2.51562381002144,3.2,6.13189412432112));
#4471=CARTESIAN_POINT('Ctrl Pts',(1.6383919482083,3.2,6.3126686455472));
#4472=CARTESIAN_POINT('Ctrl Pts',(0.584395325774752,3.2,6.37300885995052));
#4473=CARTESIAN_POINT('Ctrl Pts',(-0.477030786187445,3.2,6.37511343141962));
#4474=CARTESIAN_POINT('Ctrl Pts',(-1.53111723280037,3.2,6.32248238032429));
#4475=CARTESIAN_POINT('Ctrl Pts',(-2.41158359562713,3.2,6.17511456173596));
#4476=CARTESIAN_POINT('Ctrl Pts',(-3.03034231475189,3.2,5.80860023797163));
#4477=CARTESIAN_POINT('Ctrl Pts',(-3.23352341501925,3.2,5.50919389513879));
#4478=CARTESIAN_POINT('Ctrl Pts',(-3.30561227366324,3.2,5.34802977953718));
#4479=CARTESIAN_POINT('',(5.35364787572221,3.2,2.35108550297523));
#4480=CARTESIAN_POINT('Ctrl Pts',(5.35364787572221,3.2,2.35108550297523));
#4481=CARTESIAN_POINT('Ctrl Pts',(4.53142240007932,3.2,3.19466336520756));
#4482=CARTESIAN_POINT('Ctrl Pts',(3.85697138441815,3.2,4.18189151196412));
#4483=CARTESIAN_POINT('Ctrl Pts',(3.37006725826455,3.2,5.25455302165824));
#4484=CARTESIAN_POINT('',(6.39999999999997,3.2,-2.87433040332258E-12));
#4485=CARTESIAN_POINT('Ctrl Pts',(6.39999999999998,3.2,-2.78804757058992E-12));
#4486=CARTESIAN_POINT('Ctrl Pts',(6.40000000000036,3.2,0.879864289786701));
#4487=CARTESIAN_POINT('Ctrl Pts',(5.96778056580355,3.2,1.72100439119658));
#4488=CARTESIAN_POINT('Ctrl Pts',(5.35364787572221,3.2,2.35108550297523));
#4489=CARTESIAN_POINT('',(6.39999999999996,3.2,-3.68113089129239));
#4490=CARTESIAN_POINT('',(6.39999999999997,3.2,-4.6567102256308E-8));
#4491=CARTESIAN_POINT('',(5.55069767441857,3.2,-4.14256140383092));
#4492=CARTESIAN_POINT('Origin',(5.84999999999996,3.2,-3.68113089129239));
#4493=CARTESIAN_POINT('Origin',(9.84439960450233E-16,3.2,-12.7));
#4494=CARTESIAN_POINT('',(2.1,3.2,-2.30000000000007));
#4495=CARTESIAN_POINT('Origin',(1.9,3.2,-2.30000000000007));
#4496=CARTESIAN_POINT('',(2.09999999999903,3.2,4.06084023263447));
#4497=CARTESIAN_POINT('',(2.1,3.2,0.));
#4498=CARTESIAN_POINT('',(2.55099406333798,3.2,3.94206657870542));
#4499=CARTESIAN_POINT('Ctrl Pts',(2.55099406333799,3.2,3.94206657870542));
#4500=CARTESIAN_POINT('Ctrl Pts',(2.401798162029,3.2,3.98580970956178));
#4501=CARTESIAN_POINT('Ctrl Pts',(2.25137683607559,3.2,4.02536219984118));
#4502=CARTESIAN_POINT('Ctrl Pts',(2.10000186702657,3.2,4.06084142651114));
#4503=CARTESIAN_POINT('',(3.42333683286747,3.2,4.7977390134979));
#4504=CARTESIAN_POINT('Ctrl Pts',(3.42333683286747,3.2,4.7977390134979));
#4505=CARTESIAN_POINT('Ctrl Pts',(3.47909482836062,3.2,4.59301414023981));
#4506=CARTESIAN_POINT('Ctrl Pts',(3.40423526929914,3.2,4.21049389574642));
#4507=CARTESIAN_POINT('Ctrl Pts',(2.98178642252851,3.2,3.9079508266316));
#4508=CARTESIAN_POINT('Ctrl Pts',(2.68673477332487,3.2,3.90226841007347));
#4509=CARTESIAN_POINT('Ctrl Pts',(2.55099406333799,3.2,3.94206657870542));
#4510=CARTESIAN_POINT('Ctrl Pts',(3.0756541369863,3.2,5.54753751410524));
#4511=CARTESIAN_POINT('Ctrl Pts',(3.25044878635901,3.2,5.3319011861453));
#4512=CARTESIAN_POINT('Ctrl Pts',(3.35039259455494,3.2,5.06556607240416));
#4513=CARTESIAN_POINT('Ctrl Pts',(3.42333683286747,3.2,4.79773901349789));
#4514=CARTESIAN_POINT('Ctrl Pts',(2.92028690990482,0.25,5.42159695372451));
#4515=CARTESIAN_POINT('Ctrl Pts',(3.06746332660265,0.25,5.24003200209175));
#4516=CARTESIAN_POINT('Ctrl Pts',(3.15950850257634,0.25,5.00534706701435));
#4517=CARTESIAN_POINT('Ctrl Pts',(3.23036588092571,0.25,4.74518226600824));
#4518=CARTESIAN_POINT('Ctrl Pts',(2.92028690990482,0.184550153050213,5.42159695372451));
#4519=CARTESIAN_POINT('Ctrl Pts',(3.06739654234524,0.184550153050213,5.24011439083812));
#4520=CARTESIAN_POINT('Ctrl Pts',(3.15951665747118,0.184550153050213,5.00531712494418));
#4521=CARTESIAN_POINT('Ctrl Pts',(3.23036588092571,0.184550153050213,4.74518226600824));
#4522=CARTESIAN_POINT('Ctrl Pts',(2.96235004702649,0.0541467308283873,5.45569330184107));
#4523=CARTESIAN_POINT('Ctrl Pts',(3.11648743585551,0.0541467308283873,5.26554091074842));
#4524=CARTESIAN_POINT('Ctrl Pts',(3.21090224286821,0.0541467308283875,5.02269683124562));
#4525=CARTESIAN_POINT('Ctrl Pts',(3.28260961188815,0.0541467308283875,4.75941114630593));
#4526=CARTESIAN_POINT('Ctrl Pts',(3.06365213758919,-2.38853639358166E-16,
5.53780870219198));
#4527=CARTESIAN_POINT('Ctrl Pts',(3.2344173633206,-1.71593913095173E-16,
5.3271432936562));
#4528=CARTESIAN_POINT('Ctrl Pts',(3.33469221289061,1.3898783493733E-17,
5.06441965834278));
#4529=CARTESIAN_POINT('Ctrl Pts',(3.40842997450119,4.00764727858706E-18,
4.79367904497343));
#4530=CARTESIAN_POINT('Ctrl Pts',(3.11449594375667,-2.42861286636753E-16,
5.57902265420043));
#4531=CARTESIAN_POINT('Ctrl Pts',(3.29364534507387,-1.75741757729406E-16,
5.35801406386372));
#4532=CARTESIAN_POINT('Ctrl Pts',(3.39681803398593,9.87051895696274E-18,
5.08537777705525));
#4533=CARTESIAN_POINT('Ctrl Pts',(3.47157957085291,0.,4.81087820037031));
#4534=CARTESIAN_POINT('',(3.11449594375667,0.,5.57902265420042));
#4535=CARTESIAN_POINT('Origin',(3.11449594375667,0.25,5.57902265420042));
#4536=CARTESIAN_POINT('',(3.23036588092571,0.25,4.74518226600824));
#4537=CARTESIAN_POINT('Ctrl Pts',(2.92028690990482,0.25,5.42159695372451));
#4538=CARTESIAN_POINT('Ctrl Pts',(3.06746332660265,0.25,5.24003200209175));
#4539=CARTESIAN_POINT('Ctrl Pts',(3.15950850257634,0.25,5.00534706701435));
#4540=CARTESIAN_POINT('Ctrl Pts',(3.23036588092571,0.25,4.74518226600824));
#4541=CARTESIAN_POINT('',(3.47157957085291,0.,4.81087820037031));
#4542=CARTESIAN_POINT('Origin',(3.47157957085291,0.25,4.81087820037031));
#4543=CARTESIAN_POINT('Ctrl Pts',(3.47157957085291,0.,4.81087820037031));
#4544=CARTESIAN_POINT('Ctrl Pts',(3.39681803398593,9.87051895696274E-18,
5.08537777705525));
#4545=CARTESIAN_POINT('Ctrl Pts',(3.29364534507387,-1.75741757729406E-16,
5.35801406386372));
#4546=CARTESIAN_POINT('Ctrl Pts',(3.11449594375667,-2.42861286636753E-16,
5.57902265420043));
#4547=CARTESIAN_POINT('Ctrl Pts',(3.23036588092571,0.25,4.74518226600824));
#4548=CARTESIAN_POINT('Ctrl Pts',(3.27019302056368,0.25,4.59895021368103));
#4549=CARTESIAN_POINT('Ctrl Pts',(3.21664054412866,0.25,4.32577470088564));
#4550=CARTESIAN_POINT('Ctrl Pts',(2.91505363246867,0.25,4.10954647657446));
#4551=CARTESIAN_POINT('Ctrl Pts',(2.70422155268099,0.25,4.10556040641936));
#4552=CARTESIAN_POINT('Ctrl Pts',(2.60726390269036,0.25,4.1339876697279));
#4553=CARTESIAN_POINT('Ctrl Pts',(3.23036588092571,0.184550153050213,4.74518226600824));
#4554=CARTESIAN_POINT('Ctrl Pts',(3.27015142566759,0.184550153050213,4.59910293634894));
#4555=CARTESIAN_POINT('Ctrl Pts',(3.21620048796996,0.184550153050213,4.32573797998219));
#4556=CARTESIAN_POINT('Ctrl Pts',(2.91496419730936,0.184550153050213,4.10977379529243));
#4557=CARTESIAN_POINT('Ctrl Pts',(2.70412029149547,0.184550153050213,4.10559009544734));
#4558=CARTESIAN_POINT('Ctrl Pts',(2.60726390269036,0.184550153050213,4.1339876697279));
#4559=CARTESIAN_POINT('Ctrl Pts',(3.28260575664766,0.0541427351591397,4.75941009630903));
#4560=CARTESIAN_POINT('Ctrl Pts',(3.32676836281128,0.0541427351591397,4.59725964829473));
#4561=CARTESIAN_POINT('Ctrl Pts',(3.2676350195877,0.0541427351591395,4.2946068840565));
#4562=CARTESIAN_POINT('Ctrl Pts',(2.93319872327976,0.0541427351591395,4.05481976896366));
#4563=CARTESIAN_POINT('Ctrl Pts',(2.69954306526869,0.0541427351591395,4.05051023324434));
#4564=CARTESIAN_POINT('Ctrl Pts',(2.59203088764284,0.0541427351591394,4.08203200571448));
#4565=CARTESIAN_POINT('Ctrl Pts',(3.40842997450119,2.81563403434876E-16,
4.79367904497343));
#4566=CARTESIAN_POINT('Ctrl Pts',(3.46294881093347,2.15171117179602E-16,
4.59350395295194));
#4567=CARTESIAN_POINT('Ctrl Pts',(3.3895485516412,3.74156535374988E-17,
4.21946050403699));
#4568=CARTESIAN_POINT('Ctrl Pts',(2.97671757519643,3.44423822587613E-17,
3.92347641318773));
#4569=CARTESIAN_POINT('Ctrl Pts',(2.68806488995835,-4.2196683861818E-17,
3.91797863725386));
#4570=CARTESIAN_POINT('Ctrl Pts',(2.55534086536739,-6.53812917604852E-17,
3.95689233611909));
#4571=CARTESIAN_POINT('Ctrl Pts',(3.47157957085291,2.77555756156289E-16,
4.81087820037031));
#4572=CARTESIAN_POINT('Ctrl Pts',(3.53132028030986,2.11301859149462E-16,
4.5915301218795));
#4573=CARTESIAN_POINT('Ctrl Pts',(3.45099156565732,3.33447122150719E-17,
4.18176685268642));
#4574=CARTESIAN_POINT('Ctrl Pts',(2.99861119816734,3.04321229909204E-17,
3.85742451621965));
#4575=CARTESIAN_POINT('Ctrl Pts',(2.68236307848583,-4.62526575446246E-17,
3.851445410987));
#4576=CARTESIAN_POINT('Ctrl Pts',(2.53692660349988,-6.93889390390723E-17,
3.8940863059498));
#4577=CARTESIAN_POINT('',(2.53692660349988,0.,3.8940863059498));
#4578=CARTESIAN_POINT('Origin',(2.53692660349988,0.25,3.8940863059498));
#4579=CARTESIAN_POINT('Ctrl Pts',(2.53692660349988,-6.93889390390723E-17,
3.8940863059498));
#4580=CARTESIAN_POINT('Ctrl Pts',(2.68236307848583,-4.62526575446246E-17,
3.851445410987));
#4581=CARTESIAN_POINT('Ctrl Pts',(2.99861119816734,3.04321229909204E-17,
3.85742451621965));
#4582=CARTESIAN_POINT('Ctrl Pts',(3.45099156565732,3.33447122150719E-17,
4.18176685268642));
#4583=CARTESIAN_POINT('Ctrl Pts',(3.53132028030986,2.11301859149462E-16,
4.5915301218795));
#4584=CARTESIAN_POINT('Ctrl Pts',(3.47157957085291,2.77555756156289E-16,
4.81087820037031));
#4585=CARTESIAN_POINT('Ctrl Pts',(3.23036588092571,0.25,4.74518226600824));
#4586=CARTESIAN_POINT('Ctrl Pts',(3.27019302056368,0.25,4.59895021368103));
#4587=CARTESIAN_POINT('Ctrl Pts',(3.21664054412866,0.25,4.32577470088564));
#4588=CARTESIAN_POINT('Ctrl Pts',(2.91505363246867,0.25,4.10954647657446));
#4589=CARTESIAN_POINT('Ctrl Pts',(2.70422155268099,0.25,4.10556040641936));
#4590=CARTESIAN_POINT('Ctrl Pts',(2.60726390269036,0.25,4.1339876697279));
#4591=CARTESIAN_POINT('Ctrl Pts',(-2.47934969709221,0.,3.91074082810526));
#4592=CARTESIAN_POINT('Ctrl Pts',(-0.850704085062326,0.,4.37545513879265));
#4593=CARTESIAN_POINT('Ctrl Pts',(0.911692071615732,0.,4.37059300738554));
#4594=CARTESIAN_POINT('Ctrl Pts',(2.53692660349988,0.,3.8940863059498));
#4595=CARTESIAN_POINT('Ctrl Pts',(-2.49730825042376,0.,3.97367867703568));
#4596=CARTESIAN_POINT('Ctrl Pts',(-0.85579179816939,0.,4.44206552618));
#4597=CARTESIAN_POINT('Ctrl Pts',(0.917181003091018,1.46331590754341E-16,
4.43718864848749));
#4598=CARTESIAN_POINT('Ctrl Pts',(2.55534086536739,8.17757500271601E-17,
3.95689233611909));
#4599=CARTESIAN_POINT('Ctrl Pts',(-2.53309395308254,0.0541293603078668,
4.09909385420638));
#4600=CARTESIAN_POINT('Ctrl Pts',(-0.86605152873232,0.0541293603078668,
4.57476423049714));
#4601=CARTESIAN_POINT('Ctrl Pts',(0.928240749164674,0.0541293603078671,
4.56985686268936));
#4602=CARTESIAN_POINT('Ctrl Pts',(2.5920346506465,0.0541293603078669,4.08204484029472));
#4603=CARTESIAN_POINT('Ctrl Pts',(-2.54794631789613,0.184550153050213,4.15114570246159));
#4604=CARTESIAN_POINT('Ctrl Pts',(-0.870115339717479,0.184550153050213,
4.62989446199218));
#4605=CARTESIAN_POINT('Ctrl Pts',(0.932635772808941,0.184550153050213,4.62497620747216));
#4606=CARTESIAN_POINT('Ctrl Pts',(2.60726390269036,0.184550153050213,4.1339876697279));
#4607=CARTESIAN_POINT('Ctrl Pts',(-2.54794631789613,0.25,4.15114570246159));
#4608=CARTESIAN_POINT('Ctrl Pts',(-0.87021786255921,0.25,4.62986520834033));
#4609=CARTESIAN_POINT('Ctrl Pts',(0.932738729692796,0.25,4.62494602127802));
#4610=CARTESIAN_POINT('Ctrl Pts',(2.60726390269036,0.25,4.1339876697279));
#4611=CARTESIAN_POINT('',(-2.47934969709221,0.,3.91074082810526));
#4612=CARTESIAN_POINT('Origin',(-2.47934969709221,0.25,3.91074082810526));
#4613=CARTESIAN_POINT('Ctrl Pts',(-2.47934969709221,0.,3.91074082810526));
#4614=CARTESIAN_POINT('Ctrl Pts',(-0.850704085062326,0.,4.37545513879265));
#4615=CARTESIAN_POINT('Ctrl Pts',(0.911692071615732,0.,4.37059300738554));
#4616=CARTESIAN_POINT('Ctrl Pts',(2.53692660349988,0.,3.8940863059498));
#4617=CARTESIAN_POINT('Ctrl Pts',(-3.42041791295946,0.,4.77982614786493));
#4618=CARTESIAN_POINT('Ctrl Pts',(-3.46366230064258,0.,4.56479597026088));
#4619=CARTESIAN_POINT('Ctrl Pts',(-3.36685210704696,0.,4.17631822417908));
#4620=CARTESIAN_POINT('Ctrl Pts',(-2.92414159388514,0.,3.87543717857301));
#4621=CARTESIAN_POINT('Ctrl Pts',(-2.61996121540166,0.,3.87061903345379));
#4622=CARTESIAN_POINT('Ctrl Pts',(-2.47934969709221,0.,3.91074082810526));
#4623=CARTESIAN_POINT('Ctrl Pts',(-3.35625277202726,0.,4.76692199524258));
#4624=CARTESIAN_POINT('Ctrl Pts',(-3.39571721294436,0.,4.57068738090064));
#4625=CARTESIAN_POINT('Ctrl Pts',(-3.30727890813861,0.,4.21607863784352));
#4626=CARTESIAN_POINT('Ctrl Pts',(-2.90326419820116,0.,3.94149660516956));
#4627=CARTESIAN_POINT('Ctrl Pts',(-2.62562906276248,0.,3.93706388655434));
#4628=CARTESIAN_POINT('Ctrl Pts',(-2.49730825042376,0.,3.97367867703568));
#4629=CARTESIAN_POINT('Ctrl Pts',(-3.22840430565297,0.0541419214871701,
4.74121058716868));
#4630=CARTESIAN_POINT('Ctrl Pts',(-3.26037220291091,0.0541419214871701,
4.5822520958293));
#4631=CARTESIAN_POINT('Ctrl Pts',(-3.18904830937503,0.05414192148717,4.29530904951286));
#4632=CARTESIAN_POINT('Ctrl Pts',(-2.86178269244001,0.0541419214871701,
4.07288816634385));
#4633=CARTESIAN_POINT('Ctrl Pts',(-2.63703589247732,0.0541419214871701,
4.06942221748848));
#4634=CARTESIAN_POINT('Ctrl Pts',(-2.53309050646472,0.0541419214871701,
4.09908177513145));
#4635=CARTESIAN_POINT('Ctrl Pts',(-3.1753251284743,0.184550153050212,4.73053591563471));
#4636=CARTESIAN_POINT('Ctrl Pts',(-3.20412461104894,0.184550153050212,4.58733218019721));
#4637=CARTESIAN_POINT('Ctrl Pts',(-3.13921119989446,0.184550153050212,4.32819028629212));
#4638=CARTESIAN_POINT('Ctrl Pts',(-2.84437391678544,0.184550153050212,4.12780906582849));
#4639=CARTESIAN_POINT('Ctrl Pts',(-2.64158942832749,0.184550153050212,4.12442577444699));
#4640=CARTESIAN_POINT('Ctrl Pts',(-2.54794631789613,0.184550153050212,4.15114570246159));
#4641=CARTESIAN_POINT('Ctrl Pts',(-3.1753251284743,0.25,4.73053591563471));
#4642=CARTESIAN_POINT('Ctrl Pts',(-3.20415472026305,0.25,4.58718246389867));
#4643=CARTESIAN_POINT('Ctrl Pts',(-3.1396145911993,0.25,4.32819729984414));
#4644=CARTESIAN_POINT('Ctrl Pts',(-2.84447424909142,0.25,4.12760993610676));
#4645=CARTESIAN_POINT('Ctrl Pts',(-2.64168733010243,0.25,4.12439783936061));
#4646=CARTESIAN_POINT('Ctrl Pts',(-2.54794631789613,0.25,4.15114570246159));
#4647=CARTESIAN_POINT('',(-3.1753251284743,0.25,4.73053591563471));
#4648=CARTESIAN_POINT('Ctrl Pts',(-2.54794631789613,0.25,4.15114570246159));
#4649=CARTESIAN_POINT('Ctrl Pts',(-2.64168733010243,0.25,4.12439783936061));
#4650=CARTESIAN_POINT('Ctrl Pts',(-2.84447424909142,0.25,4.12760993610676));
#4651=CARTESIAN_POINT('Ctrl Pts',(-3.1396145911993,0.25,4.32819729984414));
#4652=CARTESIAN_POINT('Ctrl Pts',(-3.20415472026305,0.25,4.58718246389867));
#4653=CARTESIAN_POINT('Ctrl Pts',(-3.1753251284743,0.25,4.73053591563471));
#4654=CARTESIAN_POINT('',(-3.42041791295946,0.,4.77982614786493));
#4655=CARTESIAN_POINT('Origin',(-3.42041791295946,0.25,4.77982614786493));
#4656=CARTESIAN_POINT('Ctrl Pts',(-3.42041791295946,0.,4.77982614786493));
#4657=CARTESIAN_POINT('Ctrl Pts',(-3.46366230064258,0.,4.56479597026088));
#4658=CARTESIAN_POINT('Ctrl Pts',(-3.36685210704696,0.,4.17631822417908));
#4659=CARTESIAN_POINT('Ctrl Pts',(-2.92414159388514,0.,3.87543717857301));
#4660=CARTESIAN_POINT('Ctrl Pts',(-2.61996121540166,0.,3.87061903345379));
#4661=CARTESIAN_POINT('Ctrl Pts',(-2.47934969709221,0.,3.91074082810526));
#4662=CARTESIAN_POINT('Ctrl Pts',(-3.1753251284743,0.25,4.73053591563471));
#4663=CARTESIAN_POINT('Ctrl Pts',(-3.12230799987361,0.25,4.99416047340628));
#4664=CARTESIAN_POINT('Ctrl Pts',(-3.05457581564479,0.25,5.23097399915192));
#4665=CARTESIAN_POINT('Ctrl Pts',(-2.92613319018652,0.25,5.41286447108787));
#4666=CARTESIAN_POINT('Ctrl Pts',(-3.1753251284743,0.184550153050213,4.73053591563471));
#4667=CARTESIAN_POINT('Ctrl Pts',(-3.12231201757574,0.184550153050213,4.99414049561841));
#4668=CARTESIAN_POINT('Ctrl Pts',(-3.05450835590232,0.184550153050213,5.23106953040062));
#4669=CARTESIAN_POINT('Ctrl Pts',(-2.92613319018652,0.184550153050213,5.41286447108787));
#4670=CARTESIAN_POINT('Ctrl Pts',(-3.22840896333917,0.0541466724289539,
4.74121152386877));
#4671=CARTESIAN_POINT('Ctrl Pts',(-3.17497306669817,0.0541466724289539,
5.00691838112258));
#4672=CARTESIAN_POINT('Ctrl Pts',(-3.10583763069675,0.0541466724289537,
5.25225019246052));
#4673=CARTESIAN_POINT('Ctrl Pts',(-2.9703636268033,0.0541466724289541,5.44409795651324));
#4674=CARTESIAN_POINT('Ctrl Pts',(-3.35625277202726,-4.7516494998937E-16,
4.76692199524258));
#4675=CARTESIAN_POINT('Ctrl Pts',(-3.30181655437607,-4.84477807477319E-16,
5.03760288996127));
#4676=CARTESIAN_POINT('Ctrl Pts',(-3.22915548337659,-7.1994187300696E-16,
5.30368576105754));
#4677=CARTESIAN_POINT('Ctrl Pts',(-3.07688546139608,-3.90322148239178E-16,
5.51931874162697));
#4678=CARTESIAN_POINT('Ctrl Pts',(-3.42041791295946,-6.24500451351651E-16,
4.77982614786493));
#4679=CARTESIAN_POINT('Ctrl Pts',(-3.36547730817477,-6.31509689858879E-16,
5.05301507797756));
#4680=CARTESIAN_POINT('Ctrl Pts',(-3.29108804670289,-9.4901232606861E-16,
5.32944616197467));
#4681=CARTESIAN_POINT('Ctrl Pts',(-3.13034904793299,-7.28583859910259E-16,
5.55707224981312));
#4682=CARTESIAN_POINT('',(-2.92613319018652,0.25,5.41286447108786));
#4683=CARTESIAN_POINT('',(-3.13034904793299,0.,5.55707224981312));
#4684=CARTESIAN_POINT('Origin',(-3.13034904793299,0.25,5.55707224981312));
#4685=CARTESIAN_POINT('Ctrl Pts',(-3.13034904793299,-7.28583859910259E-16,
5.55707224981312));
#4686=CARTESIAN_POINT('Ctrl Pts',(-3.29108804670289,-9.4901232606861E-16,
5.32944616197467));
#4687=CARTESIAN_POINT('Ctrl Pts',(-3.36547730817477,-6.31509689858879E-16,
5.05301507797756));
#4688=CARTESIAN_POINT('Ctrl Pts',(-3.42041791295946,-6.24500451351651E-16,
4.77982614786493));
#4689=CARTESIAN_POINT('Ctrl Pts',(-3.1753251284743,0.25,4.73053591563471));
#4690=CARTESIAN_POINT('Ctrl Pts',(-3.12230799987361,0.25,4.99416047340628));
#4691=CARTESIAN_POINT('Ctrl Pts',(-3.05457581564479,0.25,5.23097399915192));
#4692=CARTESIAN_POINT('Ctrl Pts',(-2.92613319018652,0.25,5.41286447108787));
#4693=CARTESIAN_POINT('Ctrl Pts',(2.92028690990482,0.25,5.42159695372451));
#4694=CARTESIAN_POINT('Ctrl Pts',(2.92028690990482,0.25,5.42159695372451));
#4695=CARTESIAN_POINT('Ctrl Pts',(2.92028690990482,0.25,5.42159695372451));
#4696=CARTESIAN_POINT('Ctrl Pts',(2.92028690990482,0.25,5.42159695372451));
#4697=CARTESIAN_POINT('Ctrl Pts',(2.92028690990482,0.25,5.42159695372451));
#4698=CARTESIAN_POINT('Ctrl Pts',(2.92028690990482,0.25,5.42159695372451));
#4699=CARTESIAN_POINT('Ctrl Pts',(2.92028690990482,0.25,5.42159695372451));
#4700=CARTESIAN_POINT('Ctrl Pts',(2.92028690990482,0.25,5.42159695372451));
#4701=CARTESIAN_POINT('Ctrl Pts',(2.92028690990482,0.25,5.42159695372451));
#4702=CARTESIAN_POINT('Ctrl Pts',(2.92028690990482,-2.69901713661618E-16,
5.42159695372451));
#4703=CARTESIAN_POINT('Ctrl Pts',(2.92028690990482,-2.69901713661618E-16,
5.42159695372451));
#4704=CARTESIAN_POINT('Ctrl Pts',(2.92028690990482,-2.77555756156289E-16,
5.42159695372451));
#4705=CARTESIAN_POINT('Ctrl Pts',(2.92028690990482,-2.8520979865096E-16,
5.42159695372451));
#4706=CARTESIAN_POINT('Ctrl Pts',(2.92028690990482,-2.8520979865096E-16,
5.42159695372451));
#4707=CARTESIAN_POINT('Ctrl Pts',(2.92028690990482,-2.8520979865096E-16,
5.42159695372451));
#4708=CARTESIAN_POINT('Ctrl Pts',(2.92028690990482,-2.77555756156289E-16,
5.42159695372451));
#4709=CARTESIAN_POINT('Ctrl Pts',(2.92028690990482,-2.69901713661618E-16,
5.42159695372451));
#4710=CARTESIAN_POINT('Ctrl Pts',(2.92028690990482,-2.69901713661618E-16,
5.42159695372451));
#4711=CARTESIAN_POINT('Ctrl Pts',(3.11449594375667,0.,5.57902265420043));
#4712=CARTESIAN_POINT('Ctrl Pts',(2.95707024328075,0.,5.77323168805227));
#4713=CARTESIAN_POINT('Ctrl Pts',(2.76286120942891,0.,5.61580598757636));
#4714=CARTESIAN_POINT('Ctrl Pts',(2.56865217557706,0.,5.45838028710044));
#4715=CARTESIAN_POINT('Ctrl Pts',(2.72607787605298,0.,5.26417125324859));
#4716=CARTESIAN_POINT('Ctrl Pts',(2.88350357652889,0.,5.06996221939675));
#4717=CARTESIAN_POINT('Ctrl Pts',(3.07771261038074,0.,5.22738791987266));
#4718=CARTESIAN_POINT('Ctrl Pts',(3.27192164423258,0.,5.38481362034858));
#4719=CARTESIAN_POINT('Ctrl Pts',(3.11449594375667,0.,5.57902265420043));
#4720=CARTESIAN_POINT('Origin',(2.92028690990482,0.,5.42159695372451));
#4721=CARTESIAN_POINT('Ctrl Pts',(-2.92613319018653,0.25,5.41286447108787));
#4722=CARTESIAN_POINT('Ctrl Pts',(-2.92613319018653,0.25,5.41286447108787));
#4723=CARTESIAN_POINT('Ctrl Pts',(-2.92613319018653,0.25,5.41286447108787));
#4724=CARTESIAN_POINT('Ctrl Pts',(-2.92613319018653,0.25,5.41286447108787));
#4725=CARTESIAN_POINT('Ctrl Pts',(-2.92613319018653,0.25,5.41286447108787));
#4726=CARTESIAN_POINT('Ctrl Pts',(-2.92613319018653,0.25,5.41286447108787));
#4727=CARTESIAN_POINT('Ctrl Pts',(-2.92613319018653,0.25,5.41286447108787));
#4728=CARTESIAN_POINT('Ctrl Pts',(-2.92613319018653,0.25,5.41286447108787));
#4729=CARTESIAN_POINT('Ctrl Pts',(-2.92613319018653,0.25,5.41286447108787));
#4730=CARTESIAN_POINT('Ctrl Pts',(-2.92613319018653,-2.75429836118989E-18,
5.41286447108787));
#4731=CARTESIAN_POINT('Ctrl Pts',(-2.92613319018653,-2.75429836118989E-18,
5.41286447108787));
#4732=CARTESIAN_POINT('Ctrl Pts',(-2.92613319018653,0.,5.41286447108787));
#4733=CARTESIAN_POINT('Ctrl Pts',(-2.92613319018653,2.75429836118989E-18,
5.41286447108787));
#4734=CARTESIAN_POINT('Ctrl Pts',(-2.92613319018653,2.75429836118989E-18,
5.41286447108787));
#4735=CARTESIAN_POINT('Ctrl Pts',(-2.92613319018653,2.75429836118989E-18,
5.41286447108787));
#4736=CARTESIAN_POINT('Ctrl Pts',(-2.92613319018653,0.,5.41286447108787));
#4737=CARTESIAN_POINT('Ctrl Pts',(-2.92613319018653,-2.75429836118989E-18,
5.41286447108787));
#4738=CARTESIAN_POINT('Ctrl Pts',(-2.92613319018653,-2.75429836118989E-18,
5.41286447108787));
#4739=CARTESIAN_POINT('Ctrl Pts',(-3.130349047933,-3.46944695195361E-17,
5.55707224981312));
#4740=CARTESIAN_POINT('Ctrl Pts',(-3.27455682665825,-3.46944695195361E-17,
5.35285639206665));
#4741=CARTESIAN_POINT('Ctrl Pts',(-3.07034096891178,-3.46944695195361E-17,
5.20864861334139));
#4742=CARTESIAN_POINT('Ctrl Pts',(-2.8661251111653,-3.46944695195361E-17,
5.06444083461614));
#4743=CARTESIAN_POINT('Ctrl Pts',(-2.72191733244005,-3.46944695195361E-17,
5.26865669236262));
#4744=CARTESIAN_POINT('Ctrl Pts',(-2.5777095537148,-3.46944695195361E-17,
5.47287255010909));
#4745=CARTESIAN_POINT('Ctrl Pts',(-2.78192541146127,-3.46944695195361E-17,
5.61708032883435));
#4746=CARTESIAN_POINT('Ctrl Pts',(-2.98614126920775,-3.46944695195361E-17,
5.7612881075596));
#4747=CARTESIAN_POINT('Ctrl Pts',(-3.130349047933,-3.46944695195361E-17,
5.55707224981312));
#4748=CARTESIAN_POINT('',(-2.78986851850514,0.0038278040080102,5.56791606533988));
#4749=CARTESIAN_POINT('',(-2.75694030132809,0.,5.59691274290735));
#4750=CARTESIAN_POINT('Ctrl Pts',(-2.78986851850514,0.00382780400801034,
5.56791606533989));
#4751=CARTESIAN_POINT('Ctrl Pts',(-2.77920587600153,0.00127718309321343,
5.577726251095));
#4752=CARTESIAN_POINT('Ctrl Pts',(-2.76818853110719,2.34680675354658E-18,
5.58743021120624));
#4753=CARTESIAN_POINT('Ctrl Pts',(-2.75694030132809,0.,5.59691274290735));
#4754=CARTESIAN_POINT('Origin',(-2.92613319018653,0.,5.41286447108787));
#4755=CARTESIAN_POINT('Ctrl Pts',(-2.92613319018653,0.25,5.41286447108787));
#4756=CARTESIAN_POINT('Ctrl Pts',(-2.92613319018244,0.249696334355854,5.41286447108518));
#4757=CARTESIAN_POINT('Ctrl Pts',(-2.92613623586297,0.249089027260697,5.41285985216843));
#4758=CARTESIAN_POINT('Ctrl Pts',(-2.92613075360818,0.248481677827826,5.41286816628338));
#4759=CARTESIAN_POINT('Ctrl Pts',(-2.92591172511815,0.193889193111545,5.41320032937638));
#4760=CARTESIAN_POINT('Ctrl Pts',(-2.91634959151336,0.141810292997226,5.42853188272436));
#4761=CARTESIAN_POINT('Ctrl Pts',(-2.88543505659293,0.0741937083755014,
5.46917762248461));
#4762=CARTESIAN_POINT('Ctrl Pts',(-2.87056902742797,0.0528810670769433,
5.48752327720134));
#4763=CARTESIAN_POINT('Ctrl Pts',(-2.83422701904586,0.0202618635496989,
5.52708259555627));
#4764=CARTESIAN_POINT('Ctrl Pts',(-2.81320669616085,0.00923216552440151,
5.54778520769991));
#4765=CARTESIAN_POINT('Ctrl Pts',(-2.78986851850514,0.00382780400801017,
5.56791606533988));
#4766=CARTESIAN_POINT('Ctrl Pts',(2.65438060886356,0.,5.66099485616827));
#4767=CARTESIAN_POINT('Ctrl Pts',(2.65438060886356,3.2,5.66099485616827));
#4768=CARTESIAN_POINT('Ctrl Pts',(2.63045749714493,0.,5.67676193275545));
#4769=CARTESIAN_POINT('Ctrl Pts',(2.63045749714493,3.2,5.67676193275545));
#4770=CARTESIAN_POINT('Ctrl Pts',(2.52981123374648,0.,5.73922991277068));
#4771=CARTESIAN_POINT('Ctrl Pts',(2.52981123374648,3.2,5.73922991277068));
#4772=CARTESIAN_POINT('Ctrl Pts',(2.33256165890342,0.,5.83479000928769));
#4773=CARTESIAN_POINT('Ctrl Pts',(2.33256165890342,3.2,5.83479000928769));
#4774=CARTESIAN_POINT('Ctrl Pts',(1.99808725081997,0.,5.93813551299356));
#4775=CARTESIAN_POINT('Ctrl Pts',(1.99808725081997,3.2,5.93813551299356));
#4776=CARTESIAN_POINT('Ctrl Pts',(1.47163866725283,0.,6.02071308997517));
#4777=CARTESIAN_POINT('Ctrl Pts',(1.47163866725283,3.2,6.02071308997517));
#4778=CARTESIAN_POINT('Ctrl Pts',(0.764666004748426,0.,6.06557010860182));
#4779=CARTESIAN_POINT('Ctrl Pts',(0.764666004748426,3.2,6.06557010860182));
#4780=CARTESIAN_POINT('Ctrl Pts',(0.00144781622354224,0.,6.07788078474577));
#4781=CARTESIAN_POINT('Ctrl Pts',(0.00144781622354224,3.2,6.07788078474577));
#4782=CARTESIAN_POINT('Ctrl Pts',(-0.767430666495767,0.,6.06586693449878));
#4783=CARTESIAN_POINT('Ctrl Pts',(-0.767430666495767,3.2,6.06586693449878));
#4784=CARTESIAN_POINT('Ctrl Pts',(-1.48712923896171,0.,6.02122067797869));
#4785=CARTESIAN_POINT('Ctrl Pts',(-1.48712923896171,3.2,6.02122067797869));
#4786=CARTESIAN_POINT('Ctrl Pts',(-2.06749019313759,0.,5.93185012631464));
#4787=CARTESIAN_POINT('Ctrl Pts',(-2.06749019313759,3.2,5.93185012631464));
#4788=CARTESIAN_POINT('Ctrl Pts',(-2.43008082966685,0.,5.81250805363819));
#4789=CARTESIAN_POINT('Ctrl Pts',(-2.43008082966685,3.2,5.81250805363819));
#4790=CARTESIAN_POINT('Ctrl Pts',(-2.6389031190499,0.,5.69367495958586));
#4791=CARTESIAN_POINT('Ctrl Pts',(-2.6389031190499,3.2,5.69367495958586));
#4792=CARTESIAN_POINT('Ctrl Pts',(-2.74871195022128,0.,5.60578224905285));
#4793=CARTESIAN_POINT('Ctrl Pts',(-2.74871195022128,3.2,5.60578224905285));
#4794=CARTESIAN_POINT('Ctrl Pts',(-2.78986851850514,0.,5.56791606533989));
#4795=CARTESIAN_POINT('Ctrl Pts',(-2.78986851850514,3.2,5.56791606533989));
#4796=CARTESIAN_POINT('Ctrl Pts',(-2.75694030132809,0.,5.59691274290735));
#4797=CARTESIAN_POINT('Ctrl Pts',(-2.72041645383792,0.,5.62770323603147));
#4798=CARTESIAN_POINT('Ctrl Pts',(-2.61378708899443,0.,5.70766888203335));
#4799=CARTESIAN_POINT('Ctrl Pts',(-2.40904465510758,0.,5.81936507609174));
#4800=CARTESIAN_POINT('Ctrl Pts',(-2.05429995789464,0.,5.93388130810204));
#4801=CARTESIAN_POINT('Ctrl Pts',(-1.48712923896171,0.,6.02122067797869));
#4802=CARTESIAN_POINT('Ctrl Pts',(-0.767430666495767,0.,6.06586693449878));
#4803=CARTESIAN_POINT('Ctrl Pts',(0.00144781622354224,0.,6.07788078474577));
#4804=CARTESIAN_POINT('Ctrl Pts',(0.764666004748426,0.,6.06557010860182));
#4805=CARTESIAN_POINT('Ctrl Pts',(1.47163866725283,0.,6.02071308997517));
#4806=CARTESIAN_POINT('Ctrl Pts',(1.99808725081997,0.,5.93813551299356));
#4807=CARTESIAN_POINT('Ctrl Pts',(2.33256165890342,0.,5.83479000928769));
#4808=CARTESIAN_POINT('Ctrl Pts',(2.52981123374648,0.,5.73922991277068));
#4809=CARTESIAN_POINT('Ctrl Pts',(2.63045749714493,0.,5.67676193275545));
#4810=CARTESIAN_POINT('Ctrl Pts',(2.65438060886356,0.,5.66099485616827));
#4811=CARTESIAN_POINT('',(-2.78986851850514,0.,5.56791606533988));
#4812=CARTESIAN_POINT('Origin',(-2.299999948591,0.,4.9999998882413));
#4813=CARTESIAN_POINT('',(-2.92613319018652,3.,5.41286447108787));
#4814=CARTESIAN_POINT('',(-2.92613319018653,0.,5.41286447108787));
#4815=CARTESIAN_POINT('Ctrl Pts',(-2.92611489131977,3.00364622586067,5.41289222104943));
#4816=CARTESIAN_POINT('Ctrl Pts',(-2.92612221062659,3.00291708969477,5.41288112196377));
#4817=CARTESIAN_POINT('Ctrl Pts',(-2.92612733627034,3.00218767489304,5.41287334879081));
#4818=CARTESIAN_POINT('Ctrl Pts',(-2.92613123978127,3.00121501408096,5.4128674289799));
#4819=CARTESIAN_POINT('Ctrl Pts',(-2.92613562815553,3.0007289919829,5.41286077378265));
#4820=CARTESIAN_POINT('Ctrl Pts',(-2.92613319018391,3.00024300378483,5.41286447108614));
#4821=CARTESIAN_POINT('Ctrl Pts',(-2.92613319018653,3.,5.41286447108787));
#4822=CARTESIAN_POINT('Ctrl Pts',(-2.92613319018652,0.,5.41286447108786));
#4823=CARTESIAN_POINT('Ctrl Pts',(-2.92613319018652,3.2,5.41286447108786));
#4824=CARTESIAN_POINT('Ctrl Pts',(-2.96330164974958,0.,5.3602293849789));
#4825=CARTESIAN_POINT('Ctrl Pts',(-2.96330164974958,3.2,5.3602293849789));
#4826=CARTESIAN_POINT('Ctrl Pts',(-3.03725210430913,0.,5.23521431917935));
#4827=CARTESIAN_POINT('Ctrl Pts',(-3.03725210430913,3.2,5.23521431917935));
#4828=CARTESIAN_POINT('Ctrl Pts',(-3.09552055236737,0.,5.08538536925413));
#4829=CARTESIAN_POINT('Ctrl Pts',(-3.09552055236737,3.2,5.08538536925413));
#4830=CARTESIAN_POINT('Ctrl Pts',(-3.13809002980184,0.,4.91901631871655));
#4831=CARTESIAN_POINT('Ctrl Pts',(-3.13809002980184,3.2,4.91901631871655));
#4832=CARTESIAN_POINT('Ctrl Pts',(-3.17427897138417,0.,4.73854811785895));
#4833=CARTESIAN_POINT('Ctrl Pts',(-3.17427897138417,3.2,4.73854811785895));
#4834=CARTESIAN_POINT('Ctrl Pts',(-3.19504968267266,0.,4.6293262965225));
#4835=CARTESIAN_POINT('Ctrl Pts',(-3.19504968267266,3.2,4.6293262965225));
#4836=CARTESIAN_POINT('Ctrl Pts',(-3.1972629249049,0.,4.61763570866466));
#4837=CARTESIAN_POINT('Ctrl Pts',(-3.1972629249049,3.2,4.61763570866466));
#4838=CARTESIAN_POINT('',(-3.1753251284743,3.,4.73053591563471));
#4839=CARTESIAN_POINT('Ctrl Pts',(-3.1753251284743,3.,4.73053591563471));
#4840=CARTESIAN_POINT('Ctrl Pts',(-3.1753251284743,2.08333333333333,4.73053591563471));
#4841=CARTESIAN_POINT('Ctrl Pts',(-3.1753251284743,1.16666666666667,4.73053591563471));
#4842=CARTESIAN_POINT('Ctrl Pts',(-3.1753251284743,0.25,4.73053591563471));
#4843=CARTESIAN_POINT('Ctrl Pts',(-2.92613319018651,3.,5.41286447108787));
#4844=CARTESIAN_POINT('Ctrl Pts',(-3.05662109424897,3.,5.22807763441921));
#4845=CARTESIAN_POINT('Ctrl Pts',(-3.12326364802975,3.,4.98940856908409));
#4846=CARTESIAN_POINT('Ctrl Pts',(-3.1753251284743,3.,4.7305359156347));
#4847=CARTESIAN_POINT('Ctrl Pts',(-3.1753251284743,0.25,4.73053591563471));
#4848=CARTESIAN_POINT('Ctrl Pts',(-3.1753251284743,1.16666666666667,4.73053591563471));
#4849=CARTESIAN_POINT('Ctrl Pts',(-3.1753251284743,2.08333333333333,4.73053591563471));
#4850=CARTESIAN_POINT('Ctrl Pts',(-3.1753251284743,3.,4.73053591563471));
#4851=CARTESIAN_POINT('Ctrl Pts',(-3.19454558813757,0.25,4.63496330895777));
#4852=CARTESIAN_POINT('Ctrl Pts',(-3.19454558813757,1.16666666666667,4.63496330895777));
#4853=CARTESIAN_POINT('Ctrl Pts',(-3.19454558813757,2.08333333333333,4.63496330895777));
#4854=CARTESIAN_POINT('Ctrl Pts',(-3.19454558813757,3.,4.63496330895777));
#4855=CARTESIAN_POINT('Ctrl Pts',(-3.17539127208007,0.25,4.43298328985717));
#4856=CARTESIAN_POINT('Ctrl Pts',(-3.17539127208007,1.16666666666667,4.43298328985717));
#4857=CARTESIAN_POINT('Ctrl Pts',(-3.17539127208007,2.08333333333334,4.43298328985717));
#4858=CARTESIAN_POINT('Ctrl Pts',(-3.17539127208007,3.,4.43298328985717));
#4859=CARTESIAN_POINT('Ctrl Pts',(-2.95189688467942,0.25,4.15449052641447));
#4860=CARTESIAN_POINT('Ctrl Pts',(-2.95189688467942,1.16666666666667,4.15449052641447));
#4861=CARTESIAN_POINT('Ctrl Pts',(-2.95189688467942,2.08333333333333,4.15449052641447));
#4862=CARTESIAN_POINT('Ctrl Pts',(-2.95189688467942,3.,4.15449052641447));
#4863=CARTESIAN_POINT('Ctrl Pts',(-2.68856319008398,0.25,4.11102238014572));
#4864=CARTESIAN_POINT('Ctrl Pts',(-2.68856319008398,1.16666666666667,4.11102238014572));
#4865=CARTESIAN_POINT('Ctrl Pts',(-2.68856319008398,2.08333333333334,4.11102238014573));
#4866=CARTESIAN_POINT('Ctrl Pts',(-2.68856319008398,3.,4.11102238014573));
#4867=CARTESIAN_POINT('Ctrl Pts',(-2.54794631789613,0.25,4.15114570246159));
#4868=CARTESIAN_POINT('Ctrl Pts',(-2.54794631789613,1.16666666666667,4.15114570246159));
#4869=CARTESIAN_POINT('Ctrl Pts',(-2.54794631789613,2.08333333333333,4.15114570246159));
#4870=CARTESIAN_POINT('Ctrl Pts',(-2.54794631789613,3.,4.15114570246159));
#4871=CARTESIAN_POINT('Ctrl Pts',(-3.1753251284743,3.,4.73053591563471));
#4872=CARTESIAN_POINT('Ctrl Pts',(-3.20415472026305,3.,4.58718246389867));
#4873=CARTESIAN_POINT('Ctrl Pts',(-3.13960242583698,3.,4.32819001114483));
#4874=CARTESIAN_POINT('Ctrl Pts',(-2.84445569225557,3.,4.12761262085619));
#4875=CARTESIAN_POINT('Ctrl Pts',(-2.64168733010243,3.,4.12439783936061));
#4876=CARTESIAN_POINT('Ctrl Pts',(-2.54794631789613,3.,4.15114570246159));
#4877=CARTESIAN_POINT('Ctrl Pts',(3.23036588092571,3.,4.74518226600824));
#4878=CARTESIAN_POINT('Ctrl Pts',(3.23036588092571,2.08333333333333,4.74518226600824));
#4879=CARTESIAN_POINT('Ctrl Pts',(3.23036588092571,1.16666666666667,4.74518226600824));
#4880=CARTESIAN_POINT('Ctrl Pts',(3.23036588092571,0.25,4.74518226600824));
#4881=CARTESIAN_POINT('Ctrl Pts',(3.25691832995526,3.,4.6476904764597));
#4882=CARTESIAN_POINT('Ctrl Pts',(3.25691832995526,2.08333333333333,4.6476904764597));
#4883=CARTESIAN_POINT('Ctrl Pts',(3.25691832995526,1.16666666666667,4.6476904764597));
#4884=CARTESIAN_POINT('Ctrl Pts',(3.25691832995526,0.25,4.6476904764597));
#4885=CARTESIAN_POINT('Ctrl Pts',(3.24892840348393,3.,4.43688366761158));
#4886=CARTESIAN_POINT('Ctrl Pts',(3.24892840348393,2.08333333333333,4.43688366761158));
#4887=CARTESIAN_POINT('Ctrl Pts',(3.24892840348393,1.16666666666667,4.43688366761158));
#4888=CARTESIAN_POINT('Ctrl Pts',(3.24892840348393,0.25,4.43688366761158));
#4889=CARTESIAN_POINT('Ctrl Pts',(3.0270000851235,3.,4.13914461501577));
#4890=CARTESIAN_POINT('Ctrl Pts',(3.0270000851235,2.08333333333333,4.13914461501577));
#4891=CARTESIAN_POINT('Ctrl Pts',(3.0270000851235,1.16666666666667,4.13914461501577));
#4892=CARTESIAN_POINT('Ctrl Pts',(3.0270000851235,0.25,4.13914461501577));
#4893=CARTESIAN_POINT('Ctrl Pts',(2.75270597903096,3.,4.09134513248948));
#4894=CARTESIAN_POINT('Ctrl Pts',(2.75270597903096,2.08333333333333,4.09134513248948));
#4895=CARTESIAN_POINT('Ctrl Pts',(2.75270597903096,1.16666666666667,4.09134513248948));
#4896=CARTESIAN_POINT('Ctrl Pts',(2.75270597903096,0.25,4.09134513248948));
#4897=CARTESIAN_POINT('Ctrl Pts',(2.60726390269036,3.,4.1339876697279));
#4898=CARTESIAN_POINT('Ctrl Pts',(2.60726390269036,2.08333333333333,4.1339876697279));
#4899=CARTESIAN_POINT('Ctrl Pts',(2.60726390269036,1.16666666666667,4.1339876697279));
#4900=CARTESIAN_POINT('Ctrl Pts',(2.60726390269036,0.25,4.1339876697279));
#4901=CARTESIAN_POINT('',(3.23036588092571,3.,4.74518226600824));
#4902=CARTESIAN_POINT('Ctrl Pts',(3.23036588092571,0.25,4.74518226600824));
#4903=CARTESIAN_POINT('Ctrl Pts',(3.23036588092571,1.16666666666667,4.74518226600824));
#4904=CARTESIAN_POINT('Ctrl Pts',(3.23036588092571,2.08333333333333,4.74518226600824));
#4905=CARTESIAN_POINT('Ctrl Pts',(3.23036588092571,3.,4.74518226600824));
#4906=CARTESIAN_POINT('Ctrl Pts',(2.60726390269037,3.,4.1339876697279));
#4907=CARTESIAN_POINT('Ctrl Pts',(2.704221552681,3.,4.10556040641936));
#4908=CARTESIAN_POINT('Ctrl Pts',(2.9149727306836,3.,4.10961927538945));
#4909=CARTESIAN_POINT('Ctrl Pts',(3.21672190694834,3.,4.32572146761432));
#4910=CARTESIAN_POINT('Ctrl Pts',(3.27019302056368,3.,4.59895021368103));
#4911=CARTESIAN_POINT('Ctrl Pts',(3.23036588092571,3.,4.74518226600823));
#4912=CARTESIAN_POINT('Ctrl Pts',(3.40633099117258,0.,4.01211241585873));
#4913=CARTESIAN_POINT('Ctrl Pts',(3.40633099117258,3.2,4.01211241585873));
#4914=CARTESIAN_POINT('Ctrl Pts',(3.39862367981335,0.,4.04280109103692));
#4915=CARTESIAN_POINT('Ctrl Pts',(3.39862367981335,3.2,4.04280109103692));
#4916=CARTESIAN_POINT('Ctrl Pts',(3.36402507473683,0.,4.18316425420429));
#4917=CARTESIAN_POINT('Ctrl Pts',(3.36402507473683,3.2,4.18316425420429));
#4918=CARTESIAN_POINT('Ctrl Pts',(3.30851974146416,0.,4.42711169069918));
#4919=CARTESIAN_POINT('Ctrl Pts',(3.30851974146416,3.2,4.42711169069918));
#4920=CARTESIAN_POINT('Ctrl Pts',(3.23977091293292,0.,4.74164244297369));
#4921=CARTESIAN_POINT('Ctrl Pts',(3.23977091293292,3.2,4.74164244297369));
#4922=CARTESIAN_POINT('Ctrl Pts',(3.15829378918255,0.,5.02216481752478));
#4923=CARTESIAN_POINT('Ctrl Pts',(3.15829378918255,3.2,5.02216481752478));
#4924=CARTESIAN_POINT('Ctrl Pts',(3.05128801582535,0.,5.24170712859898));
#4925=CARTESIAN_POINT('Ctrl Pts',(3.05128801582535,3.2,5.24170712859898));
#4926=CARTESIAN_POINT('Ctrl Pts',(2.96396601092643,0.,5.36771200366058));
#4927=CARTESIAN_POINT('Ctrl Pts',(2.96396601092643,3.2,5.36771200366058));
#4928=CARTESIAN_POINT('Ctrl Pts',(2.92028690990482,0.,5.42159695372451));
#4929=CARTESIAN_POINT('Ctrl Pts',(2.92028690990482,3.2,5.42159695372451));
#4930=CARTESIAN_POINT('Ctrl Pts',(3.23036588092571,3.,4.74518226600823));
#4931=CARTESIAN_POINT('Ctrl Pts',(3.21232462650948,3.,4.81142377076667));
#4932=CARTESIAN_POINT('Ctrl Pts',(3.19325415268402,3.,4.87550080169733));
#4933=CARTESIAN_POINT('Ctrl Pts',(3.17242837981288,3.,4.93715912590977));
#4934=CARTESIAN_POINT('Ctrl Pts',(3.1547443421462,3.,4.98951579639608));
#4935=CARTESIAN_POINT('Ctrl Pts',(3.13579426830415,3.,5.04012849906896));
#4936=CARTESIAN_POINT('Ctrl Pts',(3.11516493631447,3.,5.08886563196753));
#4937=CARTESIAN_POINT('Ctrl Pts',(3.09552409728676,3.,5.13526743413987));
#4938=CARTESIAN_POINT('Ctrl Pts',(3.07436057196168,3.,5.17996889772709));
#4939=CARTESIAN_POINT('Ctrl Pts',(3.05135522748172,3.,5.22288196339857));
#4940=CARTESIAN_POINT('Ctrl Pts',(3.02950554058794,3.,5.26363932086349));
#4941=CARTESIAN_POINT('Ctrl Pts',(3.00599425571153,3.,5.30278341989271));
#4942=CARTESIAN_POINT('Ctrl Pts',(2.98058695268385,3.,5.34026374508608));
#4943=CARTESIAN_POINT('Ctrl Pts',(2.96157510521202,3.,5.3683096272088));
#4944=CARTESIAN_POINT('Ctrl Pts',(2.94150236532768,3.,5.39542439684247));
#4945=CARTESIAN_POINT('Ctrl Pts',(2.92028690990482,3.,5.42159695372451));
#4946=CARTESIAN_POINT('Origin',(-6.39999999999666,3.,-1.84056618160414));
#4947=CARTESIAN_POINT('',(-6.59999999999923,3.,-2.18809451180413E-6));
#4948=CARTESIAN_POINT('Origin',(-6.39999999999763,3.,-2.18809440566403E-6));
#4949=CARTESIAN_POINT('',(-6.59999999999929,3.,-3.68113089129225));
#4950=CARTESIAN_POINT('Origin',(-6.39999999999568,3.,-3.68113089129214));
#4951=CARTESIAN_POINT('',(-6.59999999999666,3.,-1.84056618160425));
#4952=CARTESIAN_POINT('Origin',(-5.85000000000002,3.,-3.68113089129242));
#4953=CARTESIAN_POINT('',(-5.44186046511629,3.,-4.31035431748133));
#4954=CARTESIAN_POINT('Origin',(-5.55069767441862,3.,-4.14256140383095));
#4955=CARTESIAN_POINT('Origin',(-5.85000000000002,3.,-3.68113089129242));
#4956=CARTESIAN_POINT('Origin',(9.84439960450233E-16,3.,-12.7));
#4957=CARTESIAN_POINT('',(5.44186046511625,3.,-4.31035431748129));
#4958=CARTESIAN_POINT('Origin',(5.55069767441857,3.,-4.14256140383092));
#4959=CARTESIAN_POINT('Origin',(9.84439960450233E-16,3.,-12.7));
#4960=CARTESIAN_POINT('Origin',(5.84999999999996,3.,-3.68113089129239));
#4961=CARTESIAN_POINT('',(6.59999999999996,3.,-3.68113089129239));
#4962=CARTESIAN_POINT('Origin',(6.39999999999996,3.,-3.68113089129239));
#4963=CARTESIAN_POINT('Origin',(5.84999999999996,3.,-3.68113089129239));
#4964=CARTESIAN_POINT('Origin',(6.39999999999997,3.,-4.6567102256308E-8));
#4965=CARTESIAN_POINT('',(6.59999999999997,3.,-2.87492252226684E-12));
#4966=CARTESIAN_POINT('Origin',(6.39999999999997,3.,-2.87433040332258E-12));
#4967=CARTESIAN_POINT('',(6.59999999999997,3.,-4.65671028484269E-8));
#4968=CARTESIAN_POINT('Ctrl Pts',(6.39999999999998,3.2,-2.78804757058992E-12));
#4969=CARTESIAN_POINT('Ctrl Pts',(6.40000000000036,3.2,0.879864289786701));
#4970=CARTESIAN_POINT('Ctrl Pts',(5.96778056580355,3.2,1.72100439119658));
#4971=CARTESIAN_POINT('Ctrl Pts',(5.35364787572221,3.2,2.35108550297523));
#4972=CARTESIAN_POINT('Ctrl Pts',(6.45235987755981,3.2,-2.81084369778149E-12));
#4973=CARTESIAN_POINT('Ctrl Pts',(6.4523598775602,3.2,0.895952813508974));
#4974=CARTESIAN_POINT('Ctrl Pts',(6.01223745803705,3.2,1.75040868556096));
#4975=CARTESIAN_POINT('Ctrl Pts',(5.39114339662054,3.2,2.38763194863885));
#4976=CARTESIAN_POINT('Ctrl Pts',(6.55666597753926,3.15666597753929,-2.85625585748853E-12));
#4977=CARTESIAN_POINT('Ctrl Pts',(6.55666597753967,3.15666597753929,0.92786022595719));
#4978=CARTESIAN_POINT('Ctrl Pts',(6.10073835038272,3.15666597753929,1.80904824752892));
#4979=CARTESIAN_POINT('Ctrl Pts',(5.46583821513178,3.15666597753929,2.46043611459449));
#4980=CARTESIAN_POINT('Ctrl Pts',(6.59999999999998,3.05235987755983,-2.87512236241128E-12));
#4981=CARTESIAN_POINT('Ctrl Pts',(6.60000000000039,3.05235987755983,0.941345895981086));
#4982=CARTESIAN_POINT('Ctrl Pts',(6.13760548888528,3.05235987755983,1.83330810459394));
#4983=CARTESIAN_POINT('Ctrl Pts',(5.49687021559679,3.05235987755983,2.49068264249053));
#4984=CARTESIAN_POINT('Ctrl Pts',(6.59999999999998,3.,-2.87512236241128E-12));
#4985=CARTESIAN_POINT('Ctrl Pts',(6.60000000000039,3.,0.94121774264047));
#4986=CARTESIAN_POINT('Ctrl Pts',(6.13755003799325,3.,1.83336499549107));
#4987=CARTESIAN_POINT('Ctrl Pts',(5.49687021559679,3.,2.49068264249053));
#4988=CARTESIAN_POINT('',(5.49687021559679,3.,2.49068264249053));
#4989=CARTESIAN_POINT('Origin',(5.35364787572221,3.,2.35108550297523));
#4990=CARTESIAN_POINT('Ctrl Pts',(5.49687021559679,3.,2.49068264249053));
#4991=CARTESIAN_POINT('Ctrl Pts',(6.13755003799325,3.,1.83336499549107));
#4992=CARTESIAN_POINT('Ctrl Pts',(6.60000000000039,3.,0.94121774264047));
#4993=CARTESIAN_POINT('Ctrl Pts',(6.59999999999998,3.,-2.87512236241128E-12));
#4994=CARTESIAN_POINT('Ctrl Pts',(5.35364787572221,3.2,2.35108550297523));
#4995=CARTESIAN_POINT('Ctrl Pts',(4.53142240007932,3.2,3.19466336520756));
#4996=CARTESIAN_POINT('Ctrl Pts',(3.85697138441815,3.2,4.18189151196412));
#4997=CARTESIAN_POINT('Ctrl Pts',(3.37006725826455,3.2,5.25455302165824));
#4998=CARTESIAN_POINT('Ctrl Pts',(5.39114339662054,3.2,2.38763194863885));
#4999=CARTESIAN_POINT('Ctrl Pts',(4.57314556039835,3.2,3.22687238381441));
#5000=CARTESIAN_POINT('Ctrl Pts',(3.9021457454687,3.2,4.20904883308198));
#5001=CARTESIAN_POINT('Ctrl Pts',(3.41774513585505,3.2,5.27619503557899));
#5002=CARTESIAN_POINT('Ctrl Pts',(5.46583412036057,3.15666025947712,2.46043212346888));
#5003=CARTESIAN_POINT('Ctrl Pts',(4.65622071001906,3.15666025947712,3.29107039747335));
#5004=CARTESIAN_POINT('Ctrl Pts',(3.99215455214619,3.15666025947712,4.26309770136569));
#5005=CARTESIAN_POINT('Ctrl Pts',(3.51271901802298,3.15666025947712,5.31930572304794));
#5006=CARTESIAN_POINT('Ctrl Pts',(5.49687021559679,3.05235987755983,2.49068264249053));
#5007=CARTESIAN_POINT('Ctrl Pts',(4.6908004834194,3.05235987755983,3.31768521249568));
#5008=CARTESIAN_POINT('Ctrl Pts',(4.02952038036855,3.05235987755983,4.28563442669014));
#5009=CARTESIAN_POINT('Ctrl Pts',(3.55218333573633,3.05235987755983,5.33721942551308));
#5010=CARTESIAN_POINT('Ctrl Pts',(5.49687021559679,3.,2.49068264249053));
#5011=CARTESIAN_POINT('Ctrl Pts',(4.69076680810375,3.,3.31771976232614));
#5012=CARTESIAN_POINT('Ctrl Pts',(4.02954032216143,3.,4.28559049444042));
#5013=CARTESIAN_POINT('Ctrl Pts',(3.55218333573633,3.,5.33721942551308));
#5014=CARTESIAN_POINT('',(3.55218333573633,3.,5.33721942551308));
#5015=CARTESIAN_POINT('Origin',(3.37006725826455,3.,5.25455302165824));
#5016=CARTESIAN_POINT('Ctrl Pts',(3.55218333573633,3.,5.33721942551308));
#5017=CARTESIAN_POINT('Ctrl Pts',(4.02954032216143,3.,4.28559049444042));
#5018=CARTESIAN_POINT('Ctrl Pts',(4.69076680810375,3.,3.31771976232614));
#5019=CARTESIAN_POINT('Ctrl Pts',(5.49687021559679,3.,2.49068264249053));
#5020=CARTESIAN_POINT('Ctrl Pts',(-3.48818051691033,3.,5.42969272436328));
#5021=CARTESIAN_POINT('Ctrl Pts',(-3.40707438150162,3.,5.61101614699591));
#5022=CARTESIAN_POINT('Ctrl Pts',(-3.16886528086305,3.,5.96208922661543));
#5023=CARTESIAN_POINT('Ctrl Pts',(-2.46478979252937,3.,6.37342949689632));
#5024=CARTESIAN_POINT('Ctrl Pts',(-1.54886315391503,3.,6.52045223966496));
#5025=CARTESIAN_POINT('Ctrl Pts',(-0.48086439348093,3.,6.57527483061282));
#5026=CARTESIAN_POINT('Ctrl Pts',(0.589324260941461,3.,6.57330463826049));
#5027=CARTESIAN_POINT('Ctrl Pts',(1.6582078339066,3.,6.51119946280264));
#5028=CARTESIAN_POINT('Ctrl Pts',(2.58144847151769,3.,6.32719377762846));
#5029=CARTESIAN_POINT('Ctrl Pts',(3.25510303718267,3.,5.8623666143225));
#5030=CARTESIAN_POINT('Ctrl Pts',(3.47191264504113,3.,5.51405768922939));
#5031=CARTESIAN_POINT('Ctrl Pts',(3.55218333573633,3.,5.33721942551309));
#5032=CARTESIAN_POINT('Ctrl Pts',(-3.48818051691033,3.05235987755983,5.42969272436328));
#5033=CARTESIAN_POINT('Ctrl Pts',(-3.40705554647137,3.05235987755983,5.61105825518086));
#5034=CARTESIAN_POINT('Ctrl Pts',(-3.1688511327854,3.05235987755983,5.96217929965219));
#5035=CARTESIAN_POINT('Ctrl Pts',(-2.46465510286136,3.05235987755983,6.37357329400446));
#5036=CARTESIAN_POINT('Ctrl Pts',(-1.54881518947931,3.05235987755983,6.52050957282477));
#5037=CARTESIAN_POINT('Ctrl Pts',(-0.480833366075777,3.05235987755983,6.57533278265105));
#5038=CARTESIAN_POINT('Ctrl Pts',(0.589281404779506,3.05235987755983,6.57334867486501));
#5039=CARTESIAN_POINT('Ctrl Pts',(1.65815137163141,3.05235987755983,6.51126890824624));
#5040=CARTESIAN_POINT('Ctrl Pts',(2.58135642619084,3.05235987755983,6.32731517381667));
#5041=CARTESIAN_POINT('Ctrl Pts',(3.25510786143122,3.05235987755983,5.86243537940605));
#5042=CARTESIAN_POINT('Ctrl Pts',(3.47189740532786,3.05235987755983,5.51409126268454));
#5043=CARTESIAN_POINT('Ctrl Pts',(3.55218333573633,3.05235987755983,5.33721942551309));
#5044=CARTESIAN_POINT('Ctrl Pts',(-3.44861725932885,3.15665921205372,5.4119960424894));
#5045=CARTESIAN_POINT('Ctrl Pts',(-3.36947431293755,3.15665921205372,5.58893049812074));
#5046=CARTESIAN_POINT('Ctrl Pts',(-3.13885365112216,3.15665921205372,5.92878399398626));
#5047=CARTESIAN_POINT('Ctrl Pts',(-2.45332494308992,3.15665921205373,6.33038432125236));
#5048=CARTESIAN_POINT('Ctrl Pts',(-1.54504074103335,3.15665921205373,6.47752366184926));
#5049=CARTESIAN_POINT('Ctrl Pts',(-0.480048642171268,3.15665921205373,6.53187103815465));
#5050=CARTESIAN_POINT('Ctrl Pts',(0.588276868778802,3.15665921205373,6.52987845555805));
#5051=CARTESIAN_POINT('Ctrl Pts',(1.65394096154917,3.15665921205373,6.4681434650557));
#5052=CARTESIAN_POINT('Ctrl Pts',(2.56722852602845,3.15665921205373,6.28481285971114));
#5053=CARTESIAN_POINT('Ctrl Pts',(3.22280380339631,3.15665921205372,5.83144728792673));
#5054=CARTESIAN_POINT('Ctrl Pts',(3.43403582005576,3.15665921205373,5.49264416797664));
#5055=CARTESIAN_POINT('Ctrl Pts',(3.51271806425977,3.15665921205373,5.31930529011432));
#5056=CARTESIAN_POINT('Ctrl Pts',(-3.35340852797689,3.2,5.36940908849853));
#5057=CARTESIAN_POINT('Ctrl Pts',(-3.2789550970979,3.2,5.53585951602403));
#5058=CARTESIAN_POINT('Ctrl Pts',(-3.06660464698962,3.2,5.84880199520283));
#5059=CARTESIAN_POINT('Ctrl Pts',(-2.42548538038008,3.2,6.22706271926608));
#5060=CARTESIAN_POINT('Ctrl Pts',(-1.53575328788366,3.2,6.37432250186665));
#5061=CARTESIAN_POINT('Ctrl Pts',(-0.478028072291192,3.2,6.42752742341077));
#5062=CARTESIAN_POINT('Ctrl Pts',(0.585676947221339,3.2,6.42545518443781));
#5063=CARTESIAN_POINT('Ctrl Pts',(1.64356817962012,3.2,6.36465810437749));
#5064=CARTESIAN_POINT('Ctrl Pts',(2.53283782849227,3.2,6.18304829842966));
#5065=CARTESIAN_POINT('Ctrl Pts',(3.14508483532195,3.2,5.75716749059762));
#5066=CARTESIAN_POINT('Ctrl Pts',(3.34285725092814,3.2,5.44117484862365));
#5067=CARTESIAN_POINT('Ctrl Pts',(3.41774513585505,3.2,5.276195035579));
#5068=CARTESIAN_POINT('Ctrl Pts',(-3.30561227366324,3.2,5.34802977953718));
#5069=CARTESIAN_POINT('Ctrl Pts',(-3.23352341501925,3.2,5.50919389513879));
#5070=CARTESIAN_POINT('Ctrl Pts',(-3.03034231475189,3.2,5.80860023797163));
#5071=CARTESIAN_POINT('Ctrl Pts',(-2.41158359562713,3.2,6.17511456173596));
#5072=CARTESIAN_POINT('Ctrl Pts',(-1.53111723280037,3.2,6.32248238032429));
#5073=CARTESIAN_POINT('Ctrl Pts',(-0.477030786187445,3.2,6.37511343141962));
#5074=CARTESIAN_POINT('Ctrl Pts',(0.584395325774752,3.2,6.37300885995052));
#5075=CARTESIAN_POINT('Ctrl Pts',(1.6383919482083,3.2,6.3126686455472));
#5076=CARTESIAN_POINT('Ctrl Pts',(2.51562381002144,3.2,6.13189412432112));
#5077=CARTESIAN_POINT('Ctrl Pts',(3.10606605813816,3.2,5.71984005018825));
#5078=CARTESIAN_POINT('Ctrl Pts',(3.29709258517642,3.2,5.41531798297109));
#5079=CARTESIAN_POINT('Ctrl Pts',(3.37006725826455,3.2,5.25455302165824));
#5080=CARTESIAN_POINT('',(-3.48818051691033,3.,5.42969272436328));
#5081=CARTESIAN_POINT('Origin',(-3.30561227366324,3.,5.34802977953718));
#5082=CARTESIAN_POINT('Ctrl Pts',(-3.48818051691033,3.,5.42969272436328));
#5083=CARTESIAN_POINT('Ctrl Pts',(-3.40707438150162,3.,5.61101614699591));
#5084=CARTESIAN_POINT('Ctrl Pts',(-3.16886528086305,3.,5.96208922661543));
#5085=CARTESIAN_POINT('Ctrl Pts',(-2.46478979252937,3.,6.37342949689632));
#5086=CARTESIAN_POINT('Ctrl Pts',(-1.54886315391503,3.,6.52045223966496));
#5087=CARTESIAN_POINT('Ctrl Pts',(-0.48086439348093,3.,6.57527483061282));
#5088=CARTESIAN_POINT('Ctrl Pts',(0.589324260941461,3.,6.57330463826049));
#5089=CARTESIAN_POINT('Ctrl Pts',(1.6582078339066,3.,6.51119946280264));
#5090=CARTESIAN_POINT('Ctrl Pts',(2.58144847151769,3.,6.32719377762846));
#5091=CARTESIAN_POINT('Ctrl Pts',(3.25510303718267,3.,5.8623666143225));
#5092=CARTESIAN_POINT('Ctrl Pts',(3.47191264504113,3.,5.51405768922939));
#5093=CARTESIAN_POINT('Ctrl Pts',(3.55218333573633,3.,5.33721942551309));
#5094=CARTESIAN_POINT('Ctrl Pts',(-3.30561227366321,3.2,5.34802977953717));
#5095=CARTESIAN_POINT('Ctrl Pts',(-3.79978349233675,3.2,4.24324508865164));
#5096=CARTESIAN_POINT('Ctrl Pts',(-4.49250859118864,3.2,3.2276182403473));
#5097=CARTESIAN_POINT('Ctrl Pts',(-5.34071044933548,3.2,2.3643060057435));
#5098=CARTESIAN_POINT('Ctrl Pts',(-3.35340852797686,3.2,5.36940908849852));
#5099=CARTESIAN_POINT('Ctrl Pts',(-3.84503886487706,3.2,4.27030487267602));
#5100=CARTESIAN_POINT('Ctrl Pts',(-4.5342192349014,3.2,3.25987506685388));
#5101=CARTESIAN_POINT('Ctrl Pts',(-5.37805989077654,3.2,2.40100172759389));
#5102=CARTESIAN_POINT('Ctrl Pts',(-3.44861805566923,3.15666008442933,5.41199639869319));
#5103=CARTESIAN_POINT('Ctrl Pts',(-3.93520921283336,3.15666008442933,4.3241579312928));
#5104=CARTESIAN_POINT('Ctrl Pts',(-4.61726815801707,3.15666008442933,3.32416907856782));
#5105=CARTESIAN_POINT('Ctrl Pts',(-5.45245950075103,3.15666008442933,2.47409913649917));
#5106=CARTESIAN_POINT('Ctrl Pts',(-3.4881805169103,3.05235987755983,5.42969272436327));
#5107=CARTESIAN_POINT('Ctrl Pts',(-3.97264186441902,3.05235987755983,4.34661572629353));
#5108=CARTESIAN_POINT('Ctrl Pts',(-4.65183909683375,3.05235987755983,3.35082252394286));
#5109=CARTESIAN_POINT('Ctrl Pts',(-5.48337480678508,3.05235987755983,2.50447333829105));
#5110=CARTESIAN_POINT('Ctrl Pts',(-3.4881805169103,3.,5.42969272436327));
#5111=CARTESIAN_POINT('Ctrl Pts',(-3.97266210384515,3.,4.34657047839707));
#5112=CARTESIAN_POINT('Ctrl Pts',(-4.65180435762151,3.,3.35085788202026));
#5113=CARTESIAN_POINT('Ctrl Pts',(-5.48337480678508,3.,2.50447333829105));
#5114=CARTESIAN_POINT('',(-5.48337480678508,3.,2.50447333829105));
#5115=CARTESIAN_POINT('Origin',(-5.34071044933548,3.,2.3643060057435));
#5116=CARTESIAN_POINT('Ctrl Pts',(-5.48337480678508,3.,2.50447333829105));
#5117=CARTESIAN_POINT('Ctrl Pts',(-4.65180435762151,3.,3.35085788202026));
#5118=CARTESIAN_POINT('Ctrl Pts',(-3.97266210384515,3.,4.34657047839707));
#5119=CARTESIAN_POINT('Ctrl Pts',(-3.4881805169103,3.,5.42969272436327));
#5120=CARTESIAN_POINT('Ctrl Pts',(-5.34071044933548,3.2,2.36430600574351));
#5121=CARTESIAN_POINT('Ctrl Pts',(-5.96169673675809,3.2,1.73225709627234));
#5122=CARTESIAN_POINT('Ctrl Pts',(-6.40000063190235,3.2,0.88606216955196));
#5123=CARTESIAN_POINT('Ctrl Pts',(-6.39999999999925,3.2,-2.04546306472458E-6));
#5124=CARTESIAN_POINT('Ctrl Pts',(-5.37805989077654,3.2,2.40100172759389));
#5125=CARTESIAN_POINT('Ctrl Pts',(-6.00605346974456,3.2,1.76182069448437));
#5126=CARTESIAN_POINT('Ctrl Pts',(-6.45236052101666,3.2,0.902264023011989));
#5127=CARTESIAN_POINT('Ctrl Pts',(-6.45235987755906,3.2,-2.08280389001803E-6));
#5128=CARTESIAN_POINT('Ctrl Pts',(-5.45246370307351,3.15666597563096,2.47410326526926));
#5129=CARTESIAN_POINT('Ctrl Pts',(-6.09435442669842,3.15666597563096,1.82077751543562));
#5130=CARTESIAN_POINT('Ctrl Pts',(-6.55666664200311,3.15666597563096,0.934396195259518));
#5131=CARTESIAN_POINT('Ctrl Pts',(-6.55666597563017,3.15666597563096,-2.15719053808962E-6));
#5132=CARTESIAN_POINT('Ctrl Pts',(-5.48337480678508,3.05235987755983,2.50447333829105));
#5133=CARTESIAN_POINT('Ctrl Pts',(-6.1311391595368,3.05235987755983,1.84516932297968));
#5134=CARTESIAN_POINT('Ctrl Pts',(-6.60000067605731,3.05235987755983,0.9479768605633));
#5135=CARTESIAN_POINT('Ctrl Pts',(-6.5999999999992,3.05235987755983,-2.18809451091456E-6));
#5136=CARTESIAN_POINT('Ctrl Pts',(-5.48337480678508,3.,2.50447333829105));
#5137=CARTESIAN_POINT('Ctrl Pts',(-6.13108334286675,3.,1.84522613400136));
#5138=CARTESIAN_POINT('Ctrl Pts',(-6.60000067596527,3.,0.947847804195779));
#5139=CARTESIAN_POINT('Ctrl Pts',(-6.5999999999992,3.,-2.18809451091456E-6));
#5140=CARTESIAN_POINT('Ctrl Pts',(-6.5999999999992,3.,-2.18809451091456E-6));
#5141=CARTESIAN_POINT('Ctrl Pts',(-6.60000067596527,3.,0.947847804195779));
#5142=CARTESIAN_POINT('Ctrl Pts',(-6.13108334286675,3.,1.84522613400136));
#5143=CARTESIAN_POINT('Ctrl Pts',(-5.48337480678508,3.,2.50447333829105));
#5144=CARTESIAN_POINT('Ctrl Pts',(5.49687021559679,3.,2.49068264249053));
#5145=CARTESIAN_POINT('Ctrl Pts',(5.49687021559679,1.99999999999999,2.49068264249053));
#5146=CARTESIAN_POINT('Ctrl Pts',(5.49687021559679,0.999999999999999,2.49068264249053));
#5147=CARTESIAN_POINT('Ctrl Pts',(5.49687021559679,-1.94289029309402E-15,
2.49068264249053));
#5148=CARTESIAN_POINT('Ctrl Pts',(4.69076529695346,3.,3.31772131271952));
#5149=CARTESIAN_POINT('Ctrl Pts',(4.69076529695346,2.,3.31772131271952));
#5150=CARTESIAN_POINT('Ctrl Pts',(4.69076529695346,0.999999999999997,3.31772131271952));
#5151=CARTESIAN_POINT('Ctrl Pts',(4.69076529695346,-1.94289029309402E-15,
3.31772131271952));
#5152=CARTESIAN_POINT('Ctrl Pts',(4.02954121703191,3.,4.2855885230192));
#5153=CARTESIAN_POINT('Ctrl Pts',(4.02954121703191,1.99999999999999,4.2855885230192));
#5154=CARTESIAN_POINT('Ctrl Pts',(4.02954121703191,1.,4.2855885230192));
#5155=CARTESIAN_POINT('Ctrl Pts',(4.02954121703191,-1.93167442206191E-15,
4.2855885230192));
#5156=CARTESIAN_POINT('Ctrl Pts',(3.55218333573633,3.,5.33721942551308));
#5157=CARTESIAN_POINT('Ctrl Pts',(3.55218333573633,1.99999999999999,5.33721942551308));
#5158=CARTESIAN_POINT('Ctrl Pts',(3.55218333573633,0.999999999999999,5.33721942551308));
#5159=CARTESIAN_POINT('Ctrl Pts',(3.55218333573633,-1.90990396076784E-15,
5.33721942551308));
#5160=CARTESIAN_POINT('',(3.55218333573634,-1.38777878078145E-16,5.33721942551308));
#5161=CARTESIAN_POINT('Ctrl Pts',(3.55218333573633,3.,5.33721942551308));
#5162=CARTESIAN_POINT('Ctrl Pts',(3.55218333573633,1.99999999999999,5.33721942551308));
#5163=CARTESIAN_POINT('Ctrl Pts',(3.55218333573633,0.999999999999999,5.33721942551308));
#5164=CARTESIAN_POINT('Ctrl Pts',(3.55218333573633,-1.90990396076784E-15,
5.33721942551308));
#5165=CARTESIAN_POINT('',(5.49687021559679,-9.71445146547012E-16,2.49068264249053));
#5166=CARTESIAN_POINT('Ctrl Pts',(3.55218333573633,-2.18745971692413E-15,
5.33721942551308));
#5167=CARTESIAN_POINT('Ctrl Pts',(4.02954121703191,-2.2092301782182E-15,
4.2855885230192));
#5168=CARTESIAN_POINT('Ctrl Pts',(4.69076529695346,-2.22044604925031E-15,
3.31772131271952));
#5169=CARTESIAN_POINT('Ctrl Pts',(5.49687021559679,-2.22044604925031E-15,
2.49068264249053));
#5170=CARTESIAN_POINT('',(5.49687021559679,1.38021875701992,2.49068264249053));
#5171=CARTESIAN_POINT('Ctrl Pts',(5.49687021559679,-1.94289029309402E-15,
2.49068264249053));
#5172=CARTESIAN_POINT('Ctrl Pts',(5.49687021559679,0.460072919006638,2.49068264249053));
#5173=CARTESIAN_POINT('Ctrl Pts',(5.49687021559679,0.920145838013278,2.49068264249053));
#5174=CARTESIAN_POINT('Ctrl Pts',(5.49687021559679,1.38021875701992,2.49068264249053));
#5175=CARTESIAN_POINT('',(5.49687021559679,1.81978124298008,2.49068264249053));
#5176=CARTESIAN_POINT('Ctrl Pts',(5.49687021559679,1.81978124298008,2.49068264249053));
#5177=CARTESIAN_POINT('Ctrl Pts',(5.4735250901719,1.67595986230138,2.51463401785271));
#5178=CARTESIAN_POINT('Ctrl Pts',(5.4735250901719,1.52404013769862,2.51463401785271));
#5179=CARTESIAN_POINT('Ctrl Pts',(5.49687021559678,1.38021875701992,2.49068264249053));
#5180=CARTESIAN_POINT('Ctrl Pts',(5.49687021559679,1.81978124298008,2.49068264249053));
#5181=CARTESIAN_POINT('Ctrl Pts',(5.49687021559679,2.21318749532005,2.49068264249053));
#5182=CARTESIAN_POINT('Ctrl Pts',(5.49687021559679,2.60659374766003,2.49068264249053));
#5183=CARTESIAN_POINT('Ctrl Pts',(5.49687021559679,3.,2.49068264249053));
#5184=CARTESIAN_POINT('Ctrl Pts',(-4.01344172350591,0.,3.57238150209187));
#5185=CARTESIAN_POINT('Ctrl Pts',(-4.01344172350591,3.2,3.57238150209187));
#5186=CARTESIAN_POINT('Ctrl Pts',(-3.8196256081308,0.,3.97443230192737));
#5187=CARTESIAN_POINT('Ctrl Pts',(-3.8196256081308,3.2,3.97443230192737));
#5188=CARTESIAN_POINT('Ctrl Pts',(-3.75762361099591,0.,4.3524149609323));
#5189=CARTESIAN_POINT('Ctrl Pts',(-3.75762361099591,3.2,4.3524149609323));
#5190=CARTESIAN_POINT('Ctrl Pts',(-3.679847463792,0.,4.75617044538929));
#5191=CARTESIAN_POINT('Ctrl Pts',(-3.679847463792,3.2,4.75617044538929));
#5192=CARTESIAN_POINT('Ctrl Pts',(-3.61143719756287,0.,5.11130529297636));
#5193=CARTESIAN_POINT('Ctrl Pts',(-3.61143719756287,3.2,5.11130529297636));
#5194=CARTESIAN_POINT('Ctrl Pts',(-3.51667551828028,0.,5.51134823314282));
#5195=CARTESIAN_POINT('Ctrl Pts',(-3.51667551828028,3.2,5.51134823314282));
#5196=CARTESIAN_POINT('Ctrl Pts',(-3.23067476061439,0.,5.83204353098825));
#5197=CARTESIAN_POINT('Ctrl Pts',(-3.23067476061439,3.2,5.83204353098825));
#5198=CARTESIAN_POINT('Ctrl Pts',(-2.89926847855904,0.,6.20365246377207));
#5199=CARTESIAN_POINT('Ctrl Pts',(-2.89926847855904,3.2,6.20365246377207));
#5200=CARTESIAN_POINT('Ctrl Pts',(-2.397926893231,0.,6.37359905606853));
#5201=CARTESIAN_POINT('Ctrl Pts',(-2.397926893231,3.2,6.37359905606853));
#5202=CARTESIAN_POINT('Ctrl Pts',(-1.84616291621589,0.,6.46194294924611));
#5203=CARTESIAN_POINT('Ctrl Pts',(-1.84616291621589,3.2,6.46194294924611));
#5204=CARTESIAN_POINT('Ctrl Pts',(-1.01519466602358,0.,6.59499072580827));
#5205=CARTESIAN_POINT('Ctrl Pts',(-1.01519466602358,3.2,6.59499072580827));
#5206=CARTESIAN_POINT('Ctrl Pts',(0.00884515866646424,0.,6.59701237848409));
#5207=CARTESIAN_POINT('Ctrl Pts',(0.00884515866646424,3.2,6.59701237848409));
#5208=CARTESIAN_POINT('Ctrl Pts',(0.925404491655719,0.,6.54985038564134));
#5209=CARTESIAN_POINT('Ctrl Pts',(0.925404491655719,3.2,6.54985038564134));
#5210=CARTESIAN_POINT('Ctrl Pts',(1.68654404734958,0.,6.51068559075469));
#5211=CARTESIAN_POINT('Ctrl Pts',(1.68654404734958,3.2,6.51068559075469));
#5212=CARTESIAN_POINT('Ctrl Pts',(2.3691712403305,0.,6.4318044266328));
#5213=CARTESIAN_POINT('Ctrl Pts',(2.3691712403305,3.2,6.4318044266328));
#5214=CARTESIAN_POINT('Ctrl Pts',(2.89783234369208,0.,6.09889980753004));
#5215=CARTESIAN_POINT('Ctrl Pts',(2.89783234369208,3.2,6.09889980753004));
#5216=CARTESIAN_POINT('Ctrl Pts',(3.27560995193128,0.,5.8610084439008));
#5217=CARTESIAN_POINT('Ctrl Pts',(3.27560995193128,3.2,5.8610084439008));
#5218=CARTESIAN_POINT('Ctrl Pts',(3.52085120825281,0.,5.47090898377653));
#5219=CARTESIAN_POINT('Ctrl Pts',(3.52085120825281,3.2,5.47090898377653));
#5220=CARTESIAN_POINT('Ctrl Pts',(3.64840131896751,0.,5.09043045239103));
#5221=CARTESIAN_POINT('Ctrl Pts',(3.64840131896751,3.2,5.09043045239103));
#5222=CARTESIAN_POINT('Ctrl Pts',(3.82137848737792,0.,4.57444423621893));
#5223=CARTESIAN_POINT('Ctrl Pts',(3.82137848737792,3.2,4.57444423621893));
#5224=CARTESIAN_POINT('Ctrl Pts',(3.8767223124144,0.,4.06510365975498));
#5225=CARTESIAN_POINT('Ctrl Pts',(3.8767223124144,3.2,4.06510365975498));
#5226=CARTESIAN_POINT('Ctrl Pts',(4.0724072507256,0.,3.54122338330991));
#5227=CARTESIAN_POINT('Ctrl Pts',(4.0724072507256,3.2,3.54122338330991));
#5228=CARTESIAN_POINT('',(-3.48818051691033,-2.08166817117217E-16,5.42969272436328));
#5229=CARTESIAN_POINT('Ctrl Pts',(-3.4881805169103,-4.16333634234434E-16,
5.42969272436327));
#5230=CARTESIAN_POINT('Ctrl Pts',(-3.4881805169103,1.,5.42969272436327));
#5231=CARTESIAN_POINT('Ctrl Pts',(-3.4881805169103,2.,5.42969272436327));
#5232=CARTESIAN_POINT('Ctrl Pts',(-3.4881805169103,3.,5.42969272436327));
#5233=CARTESIAN_POINT('Ctrl Pts',(-3.48818051690932,0.,5.42969272436554));
#5234=CARTESIAN_POINT('Ctrl Pts',(-3.42592563831002,0.,5.56887168544265));
#5235=CARTESIAN_POINT('Ctrl Pts',(-3.34011452426065,0.,5.70932771063482));
#5236=CARTESIAN_POINT('Ctrl Pts',(-3.23067476061439,0.,5.83204353098825));
#5237=CARTESIAN_POINT('Ctrl Pts',(-2.89926847855904,0.,6.20365246377207));
#5238=CARTESIAN_POINT('Ctrl Pts',(-2.397926893231,0.,6.37359905606853));
#5239=CARTESIAN_POINT('Ctrl Pts',(-1.84616291621589,0.,6.46194294924611));
#5240=CARTESIAN_POINT('Ctrl Pts',(-1.01519466602358,0.,6.59499072580827));
#5241=CARTESIAN_POINT('Ctrl Pts',(0.00884515866646424,0.,6.59701237848409));
#5242=CARTESIAN_POINT('Ctrl Pts',(0.925404491655719,0.,6.54985038564134));
#5243=CARTESIAN_POINT('Ctrl Pts',(1.68654404734958,0.,6.51068559075469));
#5244=CARTESIAN_POINT('Ctrl Pts',(2.3691712403305,0.,6.4318044266328));
#5245=CARTESIAN_POINT('Ctrl Pts',(2.89783234369208,0.,6.09889980753004));
#5246=CARTESIAN_POINT('Ctrl Pts',(3.19357759778164,0.,5.91266526041074));
#5247=CARTESIAN_POINT('Ctrl Pts',(3.41708385304724,0.,5.63484683772043));
#5248=CARTESIAN_POINT('Ctrl Pts',(3.55218333573634,0.,5.33721942551307));
#5249=CARTESIAN_POINT('Ctrl Pts',(-5.48337480678508,-4.16333634234434E-16,
2.50447333829105));
#5250=CARTESIAN_POINT('Ctrl Pts',(-5.48337480678508,1.,2.50447333829105));
#5251=CARTESIAN_POINT('Ctrl Pts',(-5.48337480678508,2.,2.50447333829105));
#5252=CARTESIAN_POINT('Ctrl Pts',(-5.48337480678508,3.,2.50447333829105));
#5253=CARTESIAN_POINT('Ctrl Pts',(-4.65180262083325,-4.16333634234434E-16,
3.3508596497487));
#5254=CARTESIAN_POINT('Ctrl Pts',(-4.65180262083325,1.,3.3508596497487));
#5255=CARTESIAN_POINT('Ctrl Pts',(-4.65180262083325,2.,3.3508596497487));
#5256=CARTESIAN_POINT('Ctrl Pts',(-4.65180262083325,3.,3.3508596497487));
#5257=CARTESIAN_POINT('Ctrl Pts',(-3.97266311571604,-4.16333634234434E-16,
4.34656821622673));
#5258=CARTESIAN_POINT('Ctrl Pts',(-3.97266311571604,1.,4.34656821622673));
#5259=CARTESIAN_POINT('Ctrl Pts',(-3.97266311571604,2.,4.34656821622673));
#5260=CARTESIAN_POINT('Ctrl Pts',(-3.97266311571604,3.,4.34656821622673));
#5261=CARTESIAN_POINT('Ctrl Pts',(-3.4881805169103,-4.16333634234434E-16,
5.42969272436327));
#5262=CARTESIAN_POINT('Ctrl Pts',(-3.4881805169103,1.,5.42969272436327));
#5263=CARTESIAN_POINT('Ctrl Pts',(-3.4881805169103,2.,5.42969272436327));
#5264=CARTESIAN_POINT('Ctrl Pts',(-3.4881805169103,3.,5.42969272436327));
#5265=CARTESIAN_POINT('',(-5.48337480678508,1.72242767668093,2.50447333829105));
#5266=CARTESIAN_POINT('Ctrl Pts',(-5.48337480678508,3.,2.50447333829105));
#5267=CARTESIAN_POINT('Ctrl Pts',(-5.48337480678508,2.57414255889364,2.50447333829105));
#5268=CARTESIAN_POINT('Ctrl Pts',(-5.48337480678508,2.14828511778729,2.50447333829105));
#5269=CARTESIAN_POINT('Ctrl Pts',(-5.48337480678508,1.72242767668093,2.50447333829105));
#5270=CARTESIAN_POINT('',(-5.48337480678508,1.47757232331911,2.50447333829105));
#5271=CARTESIAN_POINT('Ctrl Pts',(-5.48337480678507,1.47757232331911,2.50447333829105));
#5272=CARTESIAN_POINT('Ctrl Pts',(-5.47605293466638,1.55871649365477,2.51192564662964));
#5273=CARTESIAN_POINT('Ctrl Pts',(-5.47605293466638,1.64128350634528,2.51192564662964));
#5274=CARTESIAN_POINT('Ctrl Pts',(-5.48337480678508,1.72242767668093,2.50447333829105));
#5275=CARTESIAN_POINT('',(-5.48337480678508,-2.08166817117217E-16,2.50447333829105));
#5276=CARTESIAN_POINT('Ctrl Pts',(-5.48337480678508,1.47757232331911,2.50447333829105));
#5277=CARTESIAN_POINT('Ctrl Pts',(-5.48337480678508,0.985048215546074,2.50447333829105));
#5278=CARTESIAN_POINT('Ctrl Pts',(-5.48337480678508,0.492524107773036,2.50447333829105));
#5279=CARTESIAN_POINT('Ctrl Pts',(-5.48337480678508,-4.16333634234434E-16,
2.50447333829105));
#5280=CARTESIAN_POINT('Ctrl Pts',(-5.48337480678508,4.02455846426619E-15,
2.50447333829105));
#5281=CARTESIAN_POINT('Ctrl Pts',(-4.65180262083325,4.02455846426619E-15,
3.3508596497487));
#5282=CARTESIAN_POINT('Ctrl Pts',(-3.97266311571604,4.02455846426619E-15,
4.34656821622673));
#5283=CARTESIAN_POINT('Ctrl Pts',(-3.4881805169103,4.02455846426619E-15,
5.42969272436327));
#5284=CARTESIAN_POINT('Ctrl Pts',(-6.5999999999992,1.72242767668093,-2.18809451269408E-6));
#5285=CARTESIAN_POINT('Ctrl Pts',(-6.6000009755677,1.72242767668093,1.36795492144278));
#5286=CARTESIAN_POINT('Ctrl Pts',(-5.48337480678508,1.72242767668093,2.50447333829105));
#5287=CARTESIAN_POINT('Ctrl Pts',(-6.5999999999992,3.,-2.18809451269408E-6));
#5288=CARTESIAN_POINT('Ctrl Pts',(-6.6000009755677,3.,1.36795492144278));
#5289=CARTESIAN_POINT('Ctrl Pts',(-5.48337480678508,3.,2.50447333829105));
#5290=CARTESIAN_POINT('',(-6.60000000166961,2.43066001694991,-2.18310647762273E-6));
#5291=CARTESIAN_POINT('',(-6.59999999999923,0.25,-2.18809451180413E-6));
#5292=CARTESIAN_POINT('Ctrl Pts',(-5.48337480678508,1.72242767668093,2.50447333829105));
#5293=CARTESIAN_POINT('Ctrl Pts',(-5.48661145429465,1.75509770378573,2.50117903120214));
#5294=CARTESIAN_POINT('Ctrl Pts',(-5.49117517589459,1.78752515142372,2.49653468887422));
#5295=CARTESIAN_POINT('Ctrl Pts',(-5.49693116425746,1.81955109477363,2.49063224328917));
#5296=CARTESIAN_POINT('Ctrl Pts',(-5.50058920432329,1.83990419080766,2.48688112687347));
#5297=CARTESIAN_POINT('Ctrl Pts',(-5.50472661687748,1.86008719918015,2.482624094044));
#5298=CARTESIAN_POINT('Ctrl Pts',(-5.50930799702511,1.88007651027886,2.47788565339862));
#5299=CARTESIAN_POINT('Ctrl Pts',(-5.52194196865497,1.93520059541989,2.46481855947616));
#5300=CARTESIAN_POINT('Ctrl Pts',(-5.53795115691724,1.98886269600125,2.44809166909908));
#5301=CARTESIAN_POINT('Ctrl Pts',(-5.55663907485583,2.04064680032294,2.4281720499809));
#5302=CARTESIAN_POINT('Ctrl Pts',(-5.57093074972313,2.08024894244986,2.41293842572949));
#5303=CARTESIAN_POINT('Ctrl Pts',(-5.58679022188686,2.11875269466192,2.39583645190694));
#5304=CARTESIAN_POINT('Ctrl Pts',(-5.6039180138281,2.15596394196188,2.37706083641902));
#5305=CARTESIAN_POINT('Ctrl Pts',(-5.6140950118363,2.17807413520532,2.3659047339816));
#5306=CARTESIAN_POINT('Ctrl Pts',(-5.62471994794242,2.19972781836626,2.35415755380824));
#5307=CARTESIAN_POINT('Ctrl Pts',(-5.63574167925474,2.22093168567443,2.34183959537563));
#5308=CARTESIAN_POINT('Ctrl Pts',(-5.67004424826445,2.2869237790217,2.30350282166739));
#5309=CARTESIAN_POINT('Ctrl Pts',(-5.70805791826041,2.3483110455576,2.25978474158253));
#5310=CARTESIAN_POINT('Ctrl Pts',(-5.74811838529498,2.40523118190836,2.21145486581454));
#5311=CARTESIAN_POINT('Ctrl Pts',(-5.77160194275949,2.43859792453089,2.18312375789534));
#5312=CARTESIAN_POINT('Ctrl Pts',(-5.7957895820611,2.47042901260592,2.15320712013851));
#5313=CARTESIAN_POINT('Ctrl Pts',(-5.8203497636827,2.50074741181572,2.12185469586576));
#5314=CARTESIAN_POINT('Ctrl Pts',(-5.85956614057365,2.54915820080989,2.07179283127256));
#5315=CARTESIAN_POINT('Ctrl Pts',(-5.89973265492787,2.59371340158556,2.01807099163262));
#5316=CARTESIAN_POINT('Ctrl Pts',(-5.94012937964145,2.63411580465492,1.9609443696752));
#5317=CARTESIAN_POINT('Ctrl Pts',(-5.98136402249686,2.67535624364786,1.90263281420501));
#5318=CARTESIAN_POINT('Ctrl Pts',(-6.02284666846556,2.71235183396706,1.84075982553449));
#5319=CARTESIAN_POINT('Ctrl Pts',(-6.06375916759159,2.74467917435891,1.77565979122983));
#5320=CARTESIAN_POINT('Ctrl Pts',(-6.10448425139251,2.77685842702357,1.71085797249143));
#5321=CARTESIAN_POINT('Ctrl Pts',(-6.14464312641099,2.80441122994699,1.64285895661876));
#5322=CARTESIAN_POINT('Ctrl Pts',(-6.18341524410455,2.82694981697022,1.57203066739399));
#5323=CARTESIAN_POINT('Ctrl Pts',(-6.20352967987708,2.83864252265799,1.5352859353742));
#5324=CARTESIAN_POINT('Ctrl Pts',(-6.22327077923161,2.84898628194041,1.49778032745289));
#5325=CARTESIAN_POINT('Ctrl Pts',(-6.24252425455319,2.8579311793103,1.45956886416277));
#5326=CARTESIAN_POINT('Ctrl Pts',(-6.26113077641907,2.86657551108527,1.42264137884598));
#5327=CARTESIAN_POINT('Ctrl Pts',(-6.27925866108556,2.8739112306798,1.38510165476433));
#5328=CARTESIAN_POINT('Ctrl Pts',(-6.29682662841932,2.87991254775006,1.34696609472366));
#5329=CARTESIAN_POINT('Ctrl Pts',(-6.3235800325849,2.8890516620287,1.2888913026054));
#5330=CARTESIAN_POINT('Ctrl Pts',(-6.34903601325573,2.89509827737556,1.22943571440069));
#5331=CARTESIAN_POINT('Ctrl Pts',(-6.37288655288658,2.8977234014709,1.16908275062785));
#5332=CARTESIAN_POINT('Ctrl Pts',(-6.39234082985076,2.89986464825217,1.11985437713952));
#5333=CARTESIAN_POINT('Ctrl Pts',(-6.41072695070837,2.89972899762139,1.07002807135819));
#5334=CARTESIAN_POINT('Ctrl Pts',(-6.4278662872703,2.89711393958877,1.01986063637422));
#5335=CARTESIAN_POINT('Ctrl Pts',(-6.43504172263263,2.89601913759255,0.998857887188423));
#5336=CARTESIAN_POINT('Ctrl Pts',(-6.44199847966563,2.89448948015479,0.977795336682257));
#5337=CARTESIAN_POINT('Ctrl Pts',(-6.44872270268788,2.89250877710204,0.956691912055712));
#5338=CARTESIAN_POINT('Ctrl Pts',(-6.45448068857146,2.89081269114838,0.938620943753105));
#5339=CARTESIAN_POINT('Ctrl Pts',(-6.46006729325476,2.88878593814333,0.920522464195621));
#5340=CARTESIAN_POINT('Ctrl Pts',(-6.46547027487116,2.88642017101884,0.902420644298656));
#5341=CARTESIAN_POINT('Ctrl Pts',(-6.46882894847368,2.88494953125827,0.891167949219891));
#5342=CARTESIAN_POINT('Ctrl Pts',(-6.47211695565953,2.88334781108939,0.879913065724793));
#5343=CARTESIAN_POINT('Ctrl Pts',(-6.47533198966377,2.88161287512299,0.868659895154609));
#5344=CARTESIAN_POINT('Ctrl Pts',(-6.49502348182153,2.87098671131519,0.799736294427422));
#5345=CARTESIAN_POINT('Ctrl Pts',(-6.51197546427357,2.85535938452258,0.730877441761734));
#5346=CARTESIAN_POINT('Ctrl Pts',(-6.52644934936115,2.83506485675716,0.663121271299853));
#5347=CARTESIAN_POINT('Ctrl Pts',(-6.53428916908118,2.82407226990011,0.626420954962752));
#5348=CARTESIAN_POINT('Ctrl Pts',(-6.54140238585895,2.81171119769696,0.59004407428013));
#5349=CARTESIAN_POINT('Ctrl Pts',(-6.54783323258814,2.79804000115644,0.554153557664574));
#5350=CARTESIAN_POINT('Ctrl Pts',(-6.55146721581327,2.79031459562465,0.533872319312177));
#5351=CARTESIAN_POINT('Ctrl Pts',(-6.55488318481695,2.78217130256567,0.513747282639277));
#5352=CARTESIAN_POINT('Ctrl Pts',(-6.5580898009937,2.77361987640294,0.493804585768754));
#5353=CARTESIAN_POINT('Ctrl Pts',(-6.57003907719211,2.74175346412397,0.419489239025754));
#5354=CARTESIAN_POINT('Ctrl Pts',(-6.57909677874361,2.7041859349232,0.347617849280531));
#5355=CARTESIAN_POINT('Ctrl Pts',(-6.58568325266858,2.66133985425499,0.279527065297105));
#5356=CARTESIAN_POINT('Ctrl Pts',(-6.59069108165217,2.62876311485729,0.2277562687477));
#5357=CARTESIAN_POINT('Ctrl Pts',(-6.5942697657677,2.59313390474438,0.178170958358839));
#5358=CARTESIAN_POINT('Ctrl Pts',(-6.59659725869246,2.55462301141657,0.13137138725313));
#5359=CARTESIAN_POINT('Ctrl Pts',(-6.59782496374433,2.53430930056168,0.106685567906336));
#5360=CARTESIAN_POINT('Ctrl Pts',(-6.59870449874995,2.51319083190668,0.0827723145713105));
#5361=CARTESIAN_POINT('Ctrl Pts',(-6.59926133844642,2.4913028997925,0.0597332513529405));
#5362=CARTESIAN_POINT('Ctrl Pts',(-6.59976015984036,2.47169551749382,0.0390946767279031));
#5363=CARTESIAN_POINT('Ctrl Pts',(-6.60000001362706,2.45147169654189,0.0191587255611156));
#5364=CARTESIAN_POINT('Ctrl Pts',(-6.5999999999992,2.43066001610568,-2.18218951109767E-6));
#5365=CARTESIAN_POINT('Origin',(-6.59999999999568,0.,-3.68113236320951));
#5366=CARTESIAN_POINT('',(-6.59999999999857,0.25,-3.68113236320951));
#5367=CARTESIAN_POINT('',(-6.59999999999929,0.25,-3.68113089129225));
#5368=CARTESIAN_POINT('',(-6.59999999999857,0.,-3.68113236320951));
#5369=CARTESIAN_POINT('',(-6.59999999999857,0.,-3.68113236320951));
#5370=CARTESIAN_POINT('',(-6.59999999999919,0.,2.19005040080819E-6));
#5371=CARTESIAN_POINT('',(-6.60000000000001,0.,4.50000000000002));
#5372=CARTESIAN_POINT('',(-6.59999999999919,0.25,2.19005040080819E-6));
#5373=CARTESIAN_POINT('',(-6.59999999999919,0.,2.19005040080819E-6));
#5374=CARTESIAN_POINT('',(-6.60000001432282,0.769339928071421,-2.14532234521562E-6));
#5375=CARTESIAN_POINT('',(-6.59999999999923,0.25,-2.18809451180413E-6));
#5376=CARTESIAN_POINT('Origin',(-6.59999999999816,1.6,0.999999999999841));
#5377=CARTESIAN_POINT('',(-6.59999999999726,1.6,-0.700000000000159));
#5378=CARTESIAN_POINT('Origin',(-6.59999999999657,1.6,-2.00000000000016));
#5379=CARTESIAN_POINT('Origin',(-6.29999999999568,1.6,-2.));
#5380=CARTESIAN_POINT('Origin',(-6.29999999999637,1.6,-0.7));
#5381=CARTESIAN_POINT('Ctrl Pts',(-6.29999999999928,2.23896924315821,0.230767716292523));
#5382=CARTESIAN_POINT('Ctrl Pts',(-6.30000014163956,2.42338979141342,0.383958190271983));
#5383=CARTESIAN_POINT('Ctrl Pts',(-6.25722851379715,2.60927962947494,0.719936664707231));
#5384=CARTESIAN_POINT('Ctrl Pts',(-5.97662419155911,2.59889533483714,1.29133483258769));
#5385=CARTESIAN_POINT('Ctrl Pts',(-5.65194468193153,2.39349893779727,1.6687707629208));
#5386=CARTESIAN_POINT('Ctrl Pts',(-5.36781469921351,2.04035411730498,1.91849196499292));
#5387=CARTESIAN_POINT('Ctrl Pts',(-5.28373774939905,1.81302352079855,1.98431311716671));
#5388=CARTESIAN_POINT('Ctrl Pts',(-5.26937827061068,1.69417513590841,1.99555564574595));
#5389=CARTESIAN_POINT('Ctrl Pts',(-6.34487991068207,2.238969227469,0.230767703260148));
#5390=CARTESIAN_POINT('Ctrl Pts',(-6.34330063412536,2.42497257545711,0.38526498554137));
#5391=CARTESIAN_POINT('Ctrl Pts',(-6.29856706232076,2.61404915062238,0.72900344031403));
#5392=CARTESIAN_POINT('Ctrl Pts',(-6.01935844512126,2.59440204068259,1.31415893561071));
#5393=CARTESIAN_POINT('Ctrl Pts',(-5.69954123008317,2.37377351578175,1.69281041807841));
#5394=CARTESIAN_POINT('Ctrl Pts',(-5.42685830629446,2.0164747938623,1.92879450430885));
#5395=CARTESIAN_POINT('Ctrl Pts',(-5.34925071278992,1.79934657911377,1.98635237073717));
#5396=CARTESIAN_POINT('Ctrl Pts',(-5.33603664928386,1.68803486029749,1.99613648850712));
#5397=CARTESIAN_POINT('Ctrl Pts',(-6.43460501273077,2.25205729246993,0.21501138476146));
#5398=CARTESIAN_POINT('Ctrl Pts',(-6.42986564137062,2.4440775017707,0.376421779694212));
#5399=CARTESIAN_POINT('Ctrl Pts',(-6.38114888478947,2.64136527794574,0.741545639165876));
#5400=CARTESIAN_POINT('Ctrl Pts',(-6.10471820412222,2.60874904511957,1.3650634245784));
#5401=CARTESIAN_POINT('Ctrl Pts',(-5.79451434677462,2.3612792170259,1.76054577188761));
#5402=CARTESIAN_POINT('Ctrl Pts',(-5.54474038243229,1.98819361079258,1.9877487451454));
#5403=CARTESIAN_POINT('Ctrl Pts',(-5.48003638426677,1.78193373875979,2.03554002841036));
#5404=CARTESIAN_POINT('Ctrl Pts',(-5.46911709367726,1.68015536047221,2.04359092678015));
#5405=CARTESIAN_POINT('Ctrl Pts',(-6.54258425166416,2.3070570306447,0.148799084679266));
#5406=CARTESIAN_POINT('Ctrl Pts',(-6.53589180078433,2.51509756973094,0.330983874807751));
#5407=CARTESIAN_POINT('Ctrl Pts',(-6.48386863748405,2.72860742571475,0.741242332183906));
#5408=CARTESIAN_POINT('Ctrl Pts',(-6.20436620367796,2.69445827141789,1.44198749029955));
#5409=CARTESIAN_POINT('Ctrl Pts',(-5.89500162141481,2.42678234584383,1.89140763379719));
#5410=CARTESIAN_POINT('Ctrl Pts',(-5.65271179184247,2.0203066832596,2.15611094322517));
#5411=CARTESIAN_POINT('Ctrl Pts',(-5.59285252705732,1.79653068565634,2.21336663754266));
#5412=CARTESIAN_POINT('Ctrl Pts',(-5.58278977808525,1.68656295105908,2.22301072216927));
#5413=CARTESIAN_POINT('Ctrl Pts',(-6.59248149926629,2.37329577684213,0.069056584975185));
#5414=CARTESIAN_POINT('Ctrl Pts',(-6.58803799130451,2.59850860981724,0.273059737404037));
#5415=CARTESIAN_POINT('Ctrl Pts',(-6.53689768253669,2.82744813798833,0.725485908494213));
#5416=CARTESIAN_POINT('Ctrl Pts',(-6.24491572031542,2.8033691358204,1.49356980418897));
#5417=CARTESIAN_POINT('Ctrl Pts',(-5.9180442866787,2.53405467235481,1.99289102512773));
#5418=CARTESIAN_POINT('Ctrl Pts',(-5.64961771425782,2.09826414138935,2.30794684366518));
#5419=CARTESIAN_POINT('Ctrl Pts',(-5.57693844548959,1.83746001524329,2.38496205352486));
#5420=CARTESIAN_POINT('Ctrl Pts',(-5.56461766527801,1.70480991305948,2.39805117512715));
#5421=CARTESIAN_POINT('Ctrl Pts',(-6.60000001227617,2.41632157482468,0.0172593559040416));
#5422=CARTESIAN_POINT('Ctrl Pts',(-6.59876277500072,2.65243522104509,0.233942773942411));
#5423=CARTESIAN_POINT('Ctrl Pts',(-6.55006740819308,2.89091103342716,0.710625087256621));
#5424=CARTESIAN_POINT('Ctrl Pts',(-6.24608136690087,2.87477038511236,1.51443863936421));
#5425=CARTESIAN_POINT('Ctrl Pts',(-5.90124130543083,2.60718977707342,2.03763991064189));
#5426=CARTESIAN_POINT('Ctrl Pts',(-5.60642575603579,2.15393852291543,2.37783529752461));
#5427=CARTESIAN_POINT('Ctrl Pts',(-5.52117053756856,1.86707882218263,2.46579766164406));
#5428=CARTESIAN_POINT('Ctrl Pts',(-5.50662931197229,1.7180274452684,2.48080456340574));
#5429=CARTESIAN_POINT('Ctrl Pts',(-6.5999999999992,2.43066001610568,-2.18218951118521E-6));
#5430=CARTESIAN_POINT('Ctrl Pts',(-6.60000015698966,2.67040672883744,0.220727934258746));
#5431=CARTESIAN_POINT('Ctrl Pts',(-6.55226392069174,2.91206351831742,0.705170932395518));
#5432=CARTESIAN_POINT('Ctrl Pts',(-6.24387908087939,2.89856393528828,1.52010579196576));
#5433=CARTESIAN_POINT('Ctrl Pts',(-5.89241816395908,2.63154861913645,2.05022097568529));
#5434=CARTESIAN_POINT('Ctrl Pts',(-5.58831257285998,2.17246035249648,2.39769557491369));
#5435=CARTESIAN_POINT('Ctrl Pts',(-5.49868154118292,1.87693057703812,2.48889392054919));
#5436=CARTESIAN_POINT('Ctrl Pts',(-5.48337480678508,1.72242767668093,2.50447333829105));
#5437=CARTESIAN_POINT('Origin',(-6.29999999999928,2.43066001610568,-1.96881971938241E-6));
#5438=CARTESIAN_POINT('Origin',(-5.26937827061068,1.72242767668093,2.29422233946973));
#5439=CARTESIAN_POINT('Ctrl Pts',(-5.26937827061068,1.69417513590841,1.99555564574595));
#5440=CARTESIAN_POINT('Ctrl Pts',(-5.26183674232842,1.63175654334251,2.00146016696806));
#5441=CARTESIAN_POINT('Ctrl Pts',(-5.26183674232842,1.56824345665752,2.00146016696807));
#5442=CARTESIAN_POINT('Ctrl Pts',(-5.26937827061068,1.50582486409162,1.99555564574595));
#5443=CARTESIAN_POINT('Ctrl Pts',(-5.33603664928386,1.68803486029749,1.99613648850712));
#5444=CARTESIAN_POINT('Ctrl Pts',(-5.32900499267661,1.62962587014774,2.00127154415387));
#5445=CARTESIAN_POINT('Ctrl Pts',(-5.3290049926766,1.57037412985229,2.00127154415388));
#5446=CARTESIAN_POINT('Ctrl Pts',(-5.33603664928386,1.51196513970254,1.99613648850712));
#5447=CARTESIAN_POINT('Ctrl Pts',(-5.46908226146992,1.68016178636298,2.04362463439143));
#5448=CARTESIAN_POINT('Ctrl Pts',(-5.46307103087304,1.62684151600774,2.047700891106));
#5449=CARTESIAN_POINT('Ctrl Pts',(-5.46307103087304,1.5731584839923,2.047700891106));
#5450=CARTESIAN_POINT('Ctrl Pts',(-5.46908226146992,1.51983821363705,2.04362463439143));
#5451=CARTESIAN_POINT('Ctrl Pts',(-5.58283565648384,1.6865577484224,2.22300079882231));
#5452=CARTESIAN_POINT('Ctrl Pts',(-5.57735841670961,1.62896480030453,2.22745596345612));
#5453=CARTESIAN_POINT('Ctrl Pts',(-5.57735841670961,1.57103519969551,2.22745596345612));
#5454=CARTESIAN_POINT('Ctrl Pts',(-5.58283565648384,1.51344225157763,2.22300079882231));
#5455=CARTESIAN_POINT('Ctrl Pts',(-5.56460368411421,1.70481166926043,2.39805600403775));
#5456=CARTESIAN_POINT('Ctrl Pts',(-5.55839079089464,1.63522637036318,2.4040880811351));
#5457=CARTESIAN_POINT('Ctrl Pts',(-5.55839079089464,1.56477362963686,2.4040880811351));
#5458=CARTESIAN_POINT('Ctrl Pts',(-5.5646036841142,1.49518833073961,2.39805600403775));
#5459=CARTESIAN_POINT('Ctrl Pts',(-5.50662931197229,1.7180274452684,2.48080456340574));
#5460=CARTESIAN_POINT('Ctrl Pts',(-5.49959730224562,1.63976798907328,2.4879104073512));
#5461=CARTESIAN_POINT('Ctrl Pts',(-5.49959730224562,1.56023201092677,2.4879104073512));
#5462=CARTESIAN_POINT('Ctrl Pts',(-5.50662931197228,1.48197255473164,2.48080456340574));
#5463=CARTESIAN_POINT('Ctrl Pts',(-5.48337480678508,1.72242767668093,2.50447333829105));
#5464=CARTESIAN_POINT('Ctrl Pts',(-5.47605293466638,1.64128350634528,2.51192564662964));
#5465=CARTESIAN_POINT('Ctrl Pts',(-5.47605293466638,1.55871649365477,2.51192564662964));
#5466=CARTESIAN_POINT('Ctrl Pts',(-5.48337480678507,1.47757232331911,2.50447333829105));
#5467=CARTESIAN_POINT('Origin',(-5.26937827061068,1.47757232331911,2.29422233946974));
#5468=CARTESIAN_POINT('Ctrl Pts',(-5.26937827061068,1.50582486409162,1.99555564574595));
#5469=CARTESIAN_POINT('Ctrl Pts',(-5.28373567058343,1.38699368483147,1.98431474474278));
#5470=CARTESIAN_POINT('Ctrl Pts',(-5.36863608317046,1.15899488401632,1.91859296696398));
#5471=CARTESIAN_POINT('Ctrl Pts',(-5.65103485376548,0.807239337028362,1.66839583608047));
#5472=CARTESIAN_POINT('Ctrl Pts',(-6.06343932573841,0.545175699115351,1.19777129995398));
#5473=CARTESIAN_POINT('Ctrl Pts',(-6.28840005540888,0.629280315085297,0.590006667309755));
#5474=CARTESIAN_POINT('Ctrl Pts',(-6.30000006937014,0.868817337390884,0.307365573542685));
#5475=CARTESIAN_POINT('Ctrl Pts',(-6.29999999999931,0.961030719469714,0.230767747335951));
#5476=CARTESIAN_POINT('Ctrl Pts',(-5.33603664928386,1.51196513970254,1.99613648850712));
#5477=CARTESIAN_POINT('Ctrl Pts',(-5.34924879979558,1.40066953543632,1.98635378717973));
#5478=CARTESIAN_POINT('Ctrl Pts',(-5.42767280970486,1.18278248993953,1.9288680451593));
#5479=CARTESIAN_POINT('Ctrl Pts',(-5.69864138033848,0.827063082441875,1.69245621244977));
#5480=CARTESIAN_POINT('Ctrl Pts',(-6.10490645858064,0.545248440119419,1.22010899917396));
#5481=CARTESIAN_POINT('Ctrl Pts',(-6.33019021307399,0.624791052389245,0.594900158957831));
#5482=CARTESIAN_POINT('Ctrl Pts',(-6.34409024399289,0.868025926121793,0.308018987161134));
#5483=CARTESIAN_POINT('Ctrl Pts',(-6.34487991036169,0.961030734837332,0.23076773457071));
#5484=CARTESIAN_POINT('Ctrl Pts',(-5.46911701046388,1.51984518753301,2.0435850518841));
#5485=CARTESIAN_POINT('Ctrl Pts',(-5.48003472027235,1.41808154365785,2.03553531903944));
#5486=CARTESIAN_POINT('Ctrl Pts',(-5.54553023682892,1.2109284377382,1.98776351620532));
#5487=CARTESIAN_POINT('Ctrl Pts',(-5.79361926403866,0.839690368450791,1.76017437952909));
#5488=CARTESIAN_POINT('Ctrl Pts',(-6.1877042417174,0.52330054568348,1.26647764974693));
#5489=CARTESIAN_POINT('Ctrl Pts',(-6.41368377511689,0.598751991108936,0.597670263990571));
#5490=CARTESIAN_POINT('Ctrl Pts',(-6.43223522456972,0.85193004133331,0.295720202525163));
#5491=CARTESIAN_POINT('Ctrl Pts',(-6.43460499164369,0.947943382236227,0.215012276570183));
#5492=CARTESIAN_POINT('Ctrl Pts',(-5.58278944680977,1.51343716594094,2.2230091598475));
#5493=CARTESIAN_POINT('Ctrl Pts',(-5.59285073900196,1.40348535132571,2.21336647139091));
#5494=CARTESIAN_POINT('Ctrl Pts',(-5.65350651508727,1.17875750152417,2.15615711598432));
#5495=CARTESIAN_POINT('Ctrl Pts',(-5.89411170472046,0.774242925473699,1.8909898899864));
#5496=CARTESIAN_POINT('Ctrl Pts',(-6.28716825901684,0.432149301660858,1.33011570417441));
#5497=CARTESIAN_POINT('Ctrl Pts',(-6.51756629092141,0.514936909252364,0.580142016070697));
#5498=CARTESIAN_POINT('Ctrl Pts',(-6.53923783930835,0.788919310391553,0.239894787659882));
#5499=CARTESIAN_POINT('Ctrl Pts',(-6.54258417911668,0.892943086176281,0.148799312988934));
#5500=CARTESIAN_POINT('Ctrl Pts',(-5.56461708644137,1.495190153923,2.39804989832884));
#5501=CARTESIAN_POINT('Ctrl Pts',(-5.57693608297885,1.3625592554379,2.38496267163311));
#5502=CARTESIAN_POINT('Ctrl Pts',(-5.6504543461025,1.10083905155886,2.30805595724105));
#5503=CARTESIAN_POINT('Ctrl Pts',(-5.91710629910182,0.666942145280125,1.99237760066223));
#5504=CARTESIAN_POINT('Ctrl Pts',(-6.33238959687886,0.323051076133658,1.36965919019707));
#5505=CARTESIAN_POINT('Ctrl Pts',(-6.57133834770437,0.419676380391988,0.549512770438443));
#5506=CARTESIAN_POINT('Ctrl Pts',(-6.59025958122571,0.714094094861898,0.171061806456379));
#5507=CARTESIAN_POINT('Ctrl Pts',(-6.59248141170261,0.82670430687233,0.0690567820386403));
#5508=CARTESIAN_POINT('Ctrl Pts',(-5.50662931197229,1.48197255473164,2.48080456340575));
#5509=CARTESIAN_POINT('Ctrl Pts',(-5.52116843244152,1.33294275592167,2.46579983418684));
#5510=CARTESIAN_POINT('Ctrl Pts',(-5.6073289750171,1.04520261305683,2.37799825341904));
#5511=CARTESIAN_POINT('Ctrl Pts',(-5.90026025776821,0.593779387330937,2.03707223815108));
#5512=CARTESIAN_POINT('Ctrl Pts',(-6.33848666959835,0.252307353962787,1.38491199180916));
#5513=CARTESIAN_POINT('Ctrl Pts',(-6.58487037529817,0.3584654732037,0.526203557582301));
#5514=CARTESIAN_POINT('Ctrl Pts',(-6.59938137092484,0.665617575077764,0.125604771241055));
#5515=CARTESIAN_POINT('Ctrl Pts',(-6.60000001202455,0.78367837732789,0.0172593998142556));
#5516=CARTESIAN_POINT('Ctrl Pts',(-5.48337480678507,1.47757232331911,2.50447333829105));
#5517=CARTESIAN_POINT('Ctrl Pts',(-5.4986793252335,1.32309179028091,2.48889617597486));
#5518=CARTESIAN_POINT('Ctrl Pts',(-5.58923473874445,1.02669334922122,2.39787093935937));
#5519=CARTESIAN_POINT('Ctrl Pts',(-5.89140929679171,0.569411138136867,2.04962719829918));
#5520=CARTESIAN_POINT('Ctrl Pts',(-6.33807574507352,0.228728408849956,1.38894108071768));
#5521=CARTESIAN_POINT('Ctrl Pts',(-6.58718984301863,0.338064409610886,0.518031752259786));
#5522=CARTESIAN_POINT('Ctrl Pts',(-6.60000007688809,0.649462538608148,0.110366651533023));
#5523=CARTESIAN_POINT('Ctrl Pts',(-6.59999999999923,0.769339935310628,-2.1374594486786E-6));
#5524=CARTESIAN_POINT('Origin',(-6.29999999999931,0.769339935310628,-1.92846326319343E-6));
#5525=CARTESIAN_POINT('Ctrl Pts',(-6.59999999999923,0.769339935310628,-2.13745944866589E-6));
#5526=CARTESIAN_POINT('Ctrl Pts',(-6.60000002169376,0.735516007094194,0.0311388957870546));
#5527=CARTESIAN_POINT('Ctrl Pts',(-6.59966033408312,0.703130603367985,0.064202127365963));
#5528=CARTESIAN_POINT('Ctrl Pts',(-6.59874128789665,0.672336680620371,0.098974802687648));
#5529=CARTESIAN_POINT('Ctrl Pts',(-6.59789075429269,0.64383836739032,0.131155262490907));
#5530=CARTESIAN_POINT('Ctrl Pts',(-6.59654457144766,0.61670276241293,0.16480106638037));
#5531=CARTESIAN_POINT('Ctrl Pts',(-6.59450481549729,0.591077439905818,0.199772247042227));
#5532=CARTESIAN_POINT('Ctrl Pts',(-6.59178337452616,0.556888152429336,0.24643077197234));
#5533=CARTESIAN_POINT('Ctrl Pts',(-6.58782731728585,0.525159353220617,0.295450412267365));
#5534=CARTESIAN_POINT('Ctrl Pts',(-6.58216126411515,0.496471971783226,0.346282079848976));
#5535=CARTESIAN_POINT('Ctrl Pts',(-6.580356910591,0.487336480774653,0.362469414449592));
#5536=CARTESIAN_POINT('Ctrl Pts',(-6.57837912759593,0.478509311677681,0.378840118469332));
#5537=CARTESIAN_POINT('Ctrl Pts',(-6.57621259221343,0.470008814523122,0.39537545090006));
#5538=CARTESIAN_POINT('Ctrl Pts',(-6.56942906708028,0.443393354393602,0.447148361711794));
#5539=CARTESIAN_POINT('Ctrl Pts',(-6.56079337628739,0.41998366975592,0.500537485866891));
#5540=CARTESIAN_POINT('Ctrl Pts',(-6.55042066576406,0.399740512783576,0.55499141853255));
#5541=CARTESIAN_POINT('Ctrl Pts',(-6.54364126205326,0.386509975482063,0.590581459568708));
#5542=CARTESIAN_POINT('Ctrl Pts',(-6.53612031294553,0.374631209778193,0.626625609471299));
#5543=CARTESIAN_POINT('Ctrl Pts',(-6.52789472292328,0.36408383642693,0.662964479437675));
#5544=CARTESIAN_POINT('Ctrl Pts',(-6.51334308060196,0.345424797498192,0.727250474324522));
#5545=CARTESIAN_POINT('Ctrl Pts',(-6.4966027147565,0.331101308575657,0.792393659463081));
#5546=CARTESIAN_POINT('Ctrl Pts',(-6.47786105281532,0.32086842581756,0.857658707383134));
#5547=CARTESIAN_POINT('Ctrl Pts',(-6.4578743970273,0.30995578071452,0.927259261051246));
#5548=CARTESIAN_POINT('Ctrl Pts',(-6.43561204678964,0.303694906066542,0.996999290126937));
#5549=CARTESIAN_POINT('Ctrl Pts',(-6.41127747645036,0.30182428459055,1.06602914226139));
#5550=CARTESIAN_POINT('Ctrl Pts',(-6.3993924832067,0.300910673900341,1.09974329109533));
#5551=CARTESIAN_POINT('Ctrl Pts',(-6.38701281480017,0.301044843268797,1.13328856768137));
#5552=CARTESIAN_POINT('Ctrl Pts',(-6.37415996461823,0.302199467215493,1.16656816850835));
#5553=CARTESIAN_POINT('Ctrl Pts',(-6.3505679472571,0.304318834344996,1.22765445749228));
#5554=CARTESIAN_POINT('Ctrl Pts',(-6.32532045609768,0.310023845725401,1.28799984425144));
#5555=CARTESIAN_POINT('Ctrl Pts',(-6.29859078889544,0.319115194209553,1.34684171138384));
#5556=CARTESIAN_POINT('Ctrl Pts',(-6.2736473027355,0.327599023184071,1.40175153451545));
#5557=CARTESIAN_POINT('Ctrl Pts',(-6.24741370373172,0.33903103458139,1.45535181627925));
#5558=CARTESIAN_POINT('Ctrl Pts',(-6.22024082009329,0.353161590671295,1.50749555017821));
#5559=CARTESIAN_POINT('Ctrl Pts',(-6.19281776509262,0.367422241914635,1.56011935344027));
#5560=CARTESIAN_POINT('Ctrl Pts',(-6.1644391022222,0.384430702878899,1.61125970495635));
#5561=CARTESIAN_POINT('Ctrl Pts',(-6.13545072795746,0.40390343238052,1.66080773851663));
#5562=CARTESIAN_POINT('Ctrl Pts',(-6.1310884869109,0.406833736065192,1.6682638470862));
#5563=CARTESIAN_POINT('Ctrl Pts',(-6.12671239461449,0.409819805563465,1.67568397439333));
#5564=CARTESIAN_POINT('Ctrl Pts',(-6.12232357766915,0.412860639069434,1.68306783062642));
#5565=CARTESIAN_POINT('Ctrl Pts',(-6.08855427629798,0.436258020268423,1.73988215428641));
#5566=CARTESIAN_POINT('Ctrl Pts',(-6.05408664552049,0.462988272252091,1.79445827363591));
#5567=CARTESIAN_POINT('Ctrl Pts',(-6.01942038311503,0.492848693034054,1.84669760626634));
#5568=CARTESIAN_POINT('Ctrl Pts',(-5.98479724152538,0.522671970910632,1.89887195921669));
#5569=CARTESIAN_POINT('Ctrl Pts',(-5.94997480424445,0.555618599156135,1.94871537978945));
#5570=CARTESIAN_POINT('Ctrl Pts',(-5.91546359943128,0.591516428385067,1.99609072110352));
#5571=CARTESIAN_POINT('Ctrl Pts',(-5.88338622813688,0.624882635188722,2.04012501146684));
#5572=CARTESIAN_POINT('Ctrl Pts',(-5.85157720459897,0.660799568839954,2.08202686858744));
#5573=CARTESIAN_POINT('Ctrl Pts',(-5.82046890655678,0.699139537469962,2.12165420317263));
#5574=CARTESIAN_POINT('Ctrl Pts',(-5.81331215408706,0.707960002826486,2.13077083900645));
#5575=CARTESIAN_POINT('Ctrl Pts',(-5.80619260563602,0.716908720624621,2.1397669541298));
#5576=CARTESIAN_POINT('Ctrl Pts',(-5.79911809905235,0.725987757037315,2.14863808065921));
#5577=CARTESIAN_POINT('Ctrl Pts',(-5.76895762170675,0.764694070870838,2.18645802012152));
#5578=CARTESIAN_POINT('Ctrl Pts',(-5.73951345849975,0.805764612150322,2.22213200890307));
#5579=CARTESIAN_POINT('Ctrl Pts',(-5.71144391378032,0.849223000443507,2.25523980979214));
#5580=CARTESIAN_POINT('Ctrl Pts',(-5.68574658454331,0.889008630144387,2.28554960171302));
#5581=CARTESIAN_POINT('Ctrl Pts',(-5.66120236742253,0.930795304273131,2.31370841142058));
#5582=CARTESIAN_POINT('Ctrl Pts',(-5.63830333771092,0.974572585941418,2.33942356786344));
#5583=CARTESIAN_POINT('Ctrl Pts',(-5.62653596741735,0.997068887763978,2.35263809144067));
#5584=CARTESIAN_POINT('Ctrl Pts',(-5.61520273898622,1.02009039755704,2.36520783089996));
#5585=CARTESIAN_POINT('Ctrl Pts',(-5.60436770512262,1.0436326831006,2.37709678088072));
#5586=CARTESIAN_POINT('Ctrl Pts',(-5.59743715597455,1.05869133165411,2.38470145966602));
#5587=CARTESIAN_POINT('Ctrl Pts',(-5.59071040237898,1.07396299530366,2.39202764783753));
#5588=CARTESIAN_POINT('Ctrl Pts',(-5.58421013755875,1.08942771360386,2.39906140994891));
#5589=CARTESIAN_POINT('Ctrl Pts',(-5.57910855601612,1.10156483780175,2.4045816944227));
#5590=CARTESIAN_POINT('Ctrl Pts',(-5.57414585779633,1.11382202617686,2.40992254813261));
#5591=CARTESIAN_POINT('Ctrl Pts',(-5.5693284578427,1.12620191572078,2.41508203661902));
#5592=CARTESIAN_POINT('Ctrl Pts',(-5.54803042356725,1.18093420167818,2.43789246624606));
#5593=CARTESIAN_POINT('Ctrl Pts',(-5.52959433205114,1.23801046173576,2.45713403417389));
#5594=CARTESIAN_POINT('Ctrl Pts',(-5.51495437063409,1.29678768998046,2.47222820554628));
#5595=CARTESIAN_POINT('Ctrl Pts',(-5.50763438992556,1.32617630410281,2.47977529123247));
#5596=CARTESIAN_POINT('Ctrl Pts',(-5.50126366303115,1.35599020600496,2.4862853070327));
#5597=CARTESIAN_POINT('Ctrl Pts',(-5.49596058629529,1.38614908390052,2.49168442873764));
#5598=CARTESIAN_POINT('Ctrl Pts',(-5.49208877397897,1.4081682853375,2.49562636413774));
#5599=CARTESIAN_POINT('Ctrl Pts',(-5.48878610182308,1.43037137880648,2.49897610972415));
#5600=CARTESIAN_POINT('Ctrl Pts',(-5.48609910249733,1.45272705821843,2.50170453990811));
#5601=CARTESIAN_POINT('Ctrl Pts',(-5.48510581919328,1.46099111801851,2.5027131386532));
#5602=CARTESIAN_POINT('Ctrl Pts',(-5.48419691300144,1.46927415915627,2.50363658658164));
#5603=CARTESIAN_POINT('Ctrl Pts',(-5.48337480678507,1.47757232331911,2.50447333829105));
#5604=CARTESIAN_POINT('Origin',(-6.29999999999568,1.6,1.));
#5605=CARTESIAN_POINT('Origin',(6.29999999999997,1.6,-2.));
#5606=CARTESIAN_POINT('',(6.59999999999996,1.6,-3.3));
#5607=CARTESIAN_POINT('Origin',(6.59999999999997,1.6,-2.));
#5608=CARTESIAN_POINT('Origin',(6.29999999999997,1.6,-3.3));
#5609=CARTESIAN_POINT('Origin',(6.59999999999997,0.,-9.31341609389236E-8));
#5610=CARTESIAN_POINT('',(6.60000000934235,2.43066242688136,2.78946615353053E-8));
#5611=CARTESIAN_POINT('',(6.59999999999997,0.25,-2.87492252226684E-12));
#5612=CARTESIAN_POINT('',(6.60000000167466,0.769337606434947,4.99795376110152E-9));
#5613=CARTESIAN_POINT('Origin',(6.59999999999998,1.6,0.999999999999999));
#5614=CARTESIAN_POINT('',(6.59999999999998,0.25,-9.31341608070757E-8));
#5615=CARTESIAN_POINT('',(6.59999999999997,0.25,-2.87492252226684E-12));
#5616=CARTESIAN_POINT('',(6.59999999999998,0.,-9.31341608070757E-8));
#5617=CARTESIAN_POINT('',(6.59999999999998,0.,-9.31341608070757E-8));
#5618=CARTESIAN_POINT('',(6.59999999999996,0.,-3.68113092017714));
#5619=CARTESIAN_POINT('',(6.59999999999996,0.,-4.49999999999998));
#5620=CARTESIAN_POINT('',(6.59999999999996,0.25,-3.68113092017714));
#5621=CARTESIAN_POINT('',(6.59999999999996,0.,-3.68113092017714));
#5622=CARTESIAN_POINT('',(6.59999999999996,0.25,-3.68113089129239));
#5623=CARTESIAN_POINT('Ctrl Pts',(6.29999999999998,0.961028928677959,0.230769234875801));
#5624=CARTESIAN_POINT('Ctrl Pts',(6.29999999981371,0.871610499885812,0.305045761285957));
#5625=CARTESIAN_POINT('Ctrl Pts',(6.28902185963695,0.63834436084347,0.577076136571725));
#5626=CARTESIAN_POINT('Ctrl Pts',(6.08017894592299,0.543154998944213,1.16507590283392));
#5627=CARTESIAN_POINT('Ctrl Pts',(5.68611354596976,0.780965674086161,1.63207290801751));
#5628=CARTESIAN_POINT('Ctrl Pts',(5.40382695836093,1.10583128077755,1.8891777982568));
#5629=CARTESIAN_POINT('Ctrl Pts',(5.3066055414638,1.3178977417654,1.9662154377309));
#5630=CARTESIAN_POINT('Ctrl Pts',(5.28203670578493,1.43093750539994,1.9856053332443));
#5631=CARTESIAN_POINT('Ctrl Pts',(6.34487989500886,0.961028928635405,0.230769234911149));
#5632=CARTESIAN_POINT('Ctrl Pts',(6.34411409456627,0.870843056588488,0.305679392342846));
#5633=CARTESIAN_POINT('Ctrl Pts',(6.33091423519963,0.634048410740715,0.581694767679699));
#5634=CARTESIAN_POINT('Ctrl Pts',(6.12158080644914,0.54266089963696,1.18646800097031));
#5635=CARTESIAN_POINT('Ctrl Pts',(5.73309783055651,0.799174660223888,1.65641624734677));
#5636=CARTESIAN_POINT('Ctrl Pts',(5.46108751129988,1.12988609491964,1.90170339304864));
#5637=CARTESIAN_POINT('Ctrl Pts',(5.37040849119131,1.33503138785279,1.97042352075237));
#5638=CARTESIAN_POINT('Ctrl Pts',(5.34770655109018,1.44160302616514,1.98743480746278));
#5639=CARTESIAN_POINT('Ctrl Pts',(6.43460494403687,0.947941581152069,0.215013920376134));
#5640=CARTESIAN_POINT('Ctrl Pts',(6.43230693292799,0.854838358286087,0.2932760055676));
#5641=CARTESIAN_POINT('Ctrl Pts',(6.41461416004436,0.608451962607508,0.583666828431735));
#5642=CARTESIAN_POINT('Ctrl Pts',(6.20425192840205,0.519962829513205,1.23045045151061));
#5643=CARTESIAN_POINT('Ctrl Pts',(5.82683932693955,0.808788671368778,1.72295285893874));
#5644=CARTESIAN_POINT('Ctrl Pts',(5.57539745795269,1.15705782748796,1.96259695877289));
#5645=CARTESIAN_POINT('Ctrl Pts',(5.49778016362518,1.35641754566194,2.02211883152431));
#5646=CARTESIAN_POINT('Ctrl Pts',(5.47881838492023,1.45513053241458,2.0363649382015));
#5647=CARTESIAN_POINT('Ctrl Pts',(6.54258410786776,0.89294107910512,0.14880109785953));
#5648=CARTESIAN_POINT('Ctrl Pts',(6.53933912078308,0.792070214372185,0.237135936295069));
#5649=CARTESIAN_POINT('Ctrl Pts',(6.51863707834487,0.525418949880596,0.56438886048168));
#5650=CARTESIAN_POINT('Ctrl Pts',(6.30391772267138,0.428660379759153,1.28971900780709));
#5651=CARTESIAN_POINT('Ctrl Pts',(5.92712236066772,0.740733181076426,1.84843479325642));
#5652=CARTESIAN_POINT('Ctrl Pts',(5.6821315668063,1.12006607531794,2.12657403623762));
#5653=CARTESIAN_POINT('Ctrl Pts',(5.60932401213387,1.33668885453817,2.19735427730285));
#5654=CARTESIAN_POINT('Ctrl Pts',(5.59175060757131,1.44347791930439,2.21437138964159));
#5655=CARTESIAN_POINT('Ctrl Pts',(6.59248136083232,0.826702131010338,0.0690587762595187));
#5656=CARTESIAN_POINT('Ctrl Pts',(6.59032679832139,0.717505087089641,0.167972541970691));
#5657=CARTESIAN_POINT('Ctrl Pts',(6.57229536162317,0.430873845664943,0.532094305372203));
#5658=CARTESIAN_POINT('Ctrl Pts',(6.34987196479645,0.3199782225576,1.3255990403338));
#5659=CARTESIAN_POINT('Ctrl Pts',(5.95210567364385,0.632855409987262,1.9446572550845));
#5660=CARTESIAN_POINT('Ctrl Pts',(5.68289565938305,1.03652514239577,2.27169848894161));
#5661=CARTESIAN_POINT('Ctrl Pts',(5.59681513416949,1.28393433219447,2.36365678650311));
#5662=CARTESIAN_POINT('Ctrl Pts',(5.57553314724743,1.41125502796568,2.38641834796546));
#5663=CARTESIAN_POINT('Ctrl Pts',(6.59999999996668,0.78367608457867,0.0172615039054583));
#5664=CARTESIAN_POINT('Ctrl Pts',(6.59940003477229,0.669193659921639,0.122323466758636));
#5665=CARTESIAN_POINT('Ctrl Pts',(6.58564422869103,0.370102938867392,0.507819227572823));
#5666=CARTESIAN_POINT('Ctrl Pts',(6.35668577001552,0.24957013038034,1.33891112234065));
#5667=CARTESIAN_POINT('Ctrl Pts',(5.93731607410878,0.559645043409943,1.98694596712414));
#5668=CARTESIAN_POINT('Ctrl Pts',(5.64358665637711,0.977293410722763,2.33815309165132));
#5669=CARTESIAN_POINT('Ctrl Pts',(5.54439446821717,1.24591707170468,2.44157483253002));
#5670=CARTESIAN_POINT('Ctrl Pts',(5.51945862060622,1.38797055598999,2.46750763882843));
#5671=CARTESIAN_POINT('Ctrl Pts',(6.59999999999998,0.769337607281346,5.91726911326192E-9));
#5672=CARTESIAN_POINT('Ctrl Pts',(6.59999999979352,0.653093649851555,0.107024064907287));
#5673=CARTESIAN_POINT('Ctrl Pts',(6.58789268697532,0.349847669096511,0.499336372239478));
#5674=CARTESIAN_POINT('Ctrl Pts',(6.35654267420162,0.226101498627475,1.34233570066985));
#5675=CARTESIAN_POINT('Ctrl Pts',(5.92921466270625,0.535255376312008,1.99881400754249));
#5676=CARTESIAN_POINT('Ctrl Pts',(5.62683040108788,0.957580665010817,2.35701009595662));
#5677=CARTESIAN_POINT('Ctrl Pts',(5.5230673001587,1.23326706429502,2.46380524541866));
#5678=CARTESIAN_POINT('Ctrl Pts',(5.49687021559678,1.38021875701992,2.49068264249053));
#5679=CARTESIAN_POINT('Origin',(6.29999999999998,0.769337607281346,5.33854120632338E-9));
#5680=CARTESIAN_POINT('Origin',(5.28203670578493,1.38021875701992,2.28128693321759));
#5681=CARTESIAN_POINT('Ctrl Pts',(5.49687021559678,1.38021875701992,2.49068264249053));
#5682=CARTESIAN_POINT('Ctrl Pts',(5.51379907197087,1.28525688848873,2.47331416037323));
#5683=CARTESIAN_POINT('Ctrl Pts',(5.54143821164817,1.19416276741656,2.4448861391637));
#5684=CARTESIAN_POINT('Ctrl Pts',(5.57604483594858,1.1087878071724,2.40769393293462));
#5685=CARTESIAN_POINT('Ctrl Pts',(5.58961884803871,1.07530055535352,2.39310575892984));
#5686=CARTESIAN_POINT('Ctrl Pts',(5.60426527776356,1.04269322453085,2.3771688083456));
#5687=CARTESIAN_POINT('Ctrl Pts',(5.61975977102221,1.01107775598127,2.36002021791691));
#5688=CARTESIAN_POINT('Ctrl Pts',(5.62593827568486,0.998470933893929,2.35318213395038));
#5689=CARTESIAN_POINT('Ctrl Pts',(5.63225462861389,0.986015154866184,2.34614807221302));
#5690=CARTESIAN_POINT('Ctrl Pts',(5.63869448890317,0.973719130682843,2.33892672531031));
#5691=CARTESIAN_POINT('Ctrl Pts',(5.66490100028386,0.923681415076733,2.30954001484008));
#5692=CARTESIAN_POINT('Ctrl Pts',(5.69315502961721,0.876291514760692,2.27704895381742));
#5693=CARTESIAN_POINT('Ctrl Pts',(5.72283474540703,0.831525212087579,2.24176644294007));
#5694=CARTESIAN_POINT('Ctrl Pts',(5.75486988558561,0.783206192068462,2.20368386190014));
#5695=CARTESIAN_POINT('Ctrl Pts',(5.78856485848273,0.737944049107617,2.16234933831758));
#5696=CARTESIAN_POINT('Ctrl Pts',(5.82311272458759,0.695672642054596,2.11819887563632));
#5697=CARTESIAN_POINT('Ctrl Pts',(5.83431088355238,0.68197101618837,2.10388818281455));
#5698=CARTESIAN_POINT('Ctrl Pts',(5.84559854418228,0.668583325264388,2.08928193809562));
#5699=CARTESIAN_POINT('Ctrl Pts',(5.85694806374358,0.655506529397192,2.07439578357742));
#5700=CARTESIAN_POINT('Ctrl Pts',(5.87628991512565,0.633221053712448,2.04902679885641));
#5701=CARTESIAN_POINT('Ctrl Pts',(5.89581138428966,0.611838771106837,2.02284471147282));
#5702=CARTESIAN_POINT('Ctrl Pts',(5.9154057532116,0.591416403409428,1.99590177893677));
#5703=CARTESIAN_POINT('Ctrl Pts',(5.95019670844304,0.555155287620948,1.94806301651477));
#5704=CARTESIAN_POINT('Ctrl Pts',(5.98535434967568,0.521896692597516,1.89763763662294));
#5705=CARTESIAN_POINT('Ctrl Pts',(6.02030954556469,0.491837759742507,1.84484553537887));
#5706=CARTESIAN_POINT('Ctrl Pts',(6.05547184208998,0.461600735363124,1.79174065437543));
#5707=CARTESIAN_POINT('Ctrl Pts',(6.09043018596788,0.434600181450837,1.73624099166629));
#5708=CARTESIAN_POINT('Ctrl Pts',(6.12463567305164,0.411045934130869,1.67852956028455));
#5709=CARTESIAN_POINT('Ctrl Pts',(6.15833338246499,0.387841347694357,1.62167485040227));
#5710=CARTESIAN_POINT('Ctrl Pts',(6.19130155944639,0.367980813130068,1.56267377195521));
#5711=CARTESIAN_POINT('Ctrl Pts',(6.22302944386473,0.351687923405885,1.50165977768879));
#5712=CARTESIAN_POINT('Ctrl Pts',(6.25610613708137,0.334702393960756,1.43805197000573));
#5713=CARTESIAN_POINT('Ctrl Pts',(6.28774478981626,0.321759971612168,1.37242626454019));
#5714=CARTESIAN_POINT('Ctrl Pts',(6.31737625916051,0.313224566168101,1.3049668141384));
#5715=CARTESIAN_POINT('Ctrl Pts',(6.35216722085158,0.303202958384422,1.22576118557634));
#5716=CARTESIAN_POINT('Ctrl Pts',(6.3841915420426,0.299256707015671,1.14402688962508));
#5717=CARTESIAN_POINT('Ctrl Pts',(6.41315259835057,0.301729355621149,1.06138280579513));
#5718=CARTESIAN_POINT('Ctrl Pts',(6.42148944899559,0.302441142577477,1.03759253460275));
#5719=CARTESIAN_POINT('Ctrl Pts',(6.42957231701732,0.303684803397501,1.01372716450838));
#5720=CARTESIAN_POINT('Ctrl Pts',(6.43739385770582,0.305468407741663,0.989826082735847));
#5721=CARTESIAN_POINT('Ctrl Pts',(6.45929151305121,0.310461893648911,0.922911177874945));
#5722=CARTESIAN_POINT('Ctrl Pts',(6.47920246038492,0.319603683703004,0.855523834438947));
#5723=CARTESIAN_POINT('Ctrl Pts',(6.49692796722754,0.333134302252034,0.788553717886601));
#5724=CARTESIAN_POINT('Ctrl Pts',(6.51470421073141,0.346703650210372,0.721391909206808));
#5725=CARTESIAN_POINT('Ctrl Pts',(6.53028181013191,0.364687499350532,0.654650073936537));
#5726=CARTESIAN_POINT('Ctrl Pts',(6.5434636773463,0.387304948110273,0.589271912664863));
#5727=CARTESIAN_POINT('Ctrl Pts',(6.54967454878483,0.397961561792516,0.558467827936805));
#5728=CARTESIAN_POINT('Ctrl Pts',(6.55535368129873,0.409646445218205,0.527967111189053));
#5729=CARTESIAN_POINT('Ctrl Pts',(6.56048137921887,0.422380175041876,0.497871611096058));
#5730=CARTESIAN_POINT('Ctrl Pts',(6.56721023765686,0.439090103494306,0.458378574864109));
#5731=CARTESIAN_POINT('Ctrl Pts',(6.5729860737794,0.457380437895673,0.419606611766447));
#5732=CARTESIAN_POINT('Ctrl Pts',(6.5777780699046,0.47733833429022,0.381730123048286));
#5733=CARTESIAN_POINT('Ctrl Pts',(6.58381824537813,0.50249469776718,0.333987881151219));
#5734=CARTESIAN_POINT('Ctrl Pts',(6.58829561900544,0.530300193732543,0.287666572896008));
#5735=CARTESIAN_POINT('Ctrl Pts',(6.59158403102283,0.56047913145536,0.243164615423704));
#5736=CARTESIAN_POINT('Ctrl Pts',(6.59484020806676,0.590362237253473,0.199098892647699));
#5737=CARTESIAN_POINT('Ctrl Pts',(6.59692964250847,0.622573422431293,0.15681703229526));
#5738=CARTESIAN_POINT('Ctrl Pts',(6.59821147525351,0.656838554330121,0.116755941399317));
#5739=CARTESIAN_POINT('Ctrl Pts',(6.59852020535509,0.665091329657137,0.107107206250841));
#5740=CARTESIAN_POINT('Ctrl Pts',(6.59878210292576,0.673463184982183,0.09758752264169));
#5741=CARTESIAN_POINT('Ctrl Pts',(6.59900222874912,0.681950133667347,0.0882034212927938));
#5742=CARTESIAN_POINT('Ctrl Pts',(6.59972582644349,0.709848434771737,0.0573559995941959));
#5743=CARTESIAN_POINT('Ctrl Pts',(6.59999999994613,0.739019467896575,0.0279134597408201));
#5744=CARTESIAN_POINT('Ctrl Pts',(6.59999999999998,0.769337607281346,5.91726942444915E-9));
#5745=CARTESIAN_POINT('Ctrl Pts',(5.28203670578493,1.43093750539994,1.9856053332443));
#5746=CARTESIAN_POINT('Ctrl Pts',(5.25799122659729,1.54156933669124,2.0045821921851));
#5747=CARTESIAN_POINT('Ctrl Pts',(5.2579912265973,1.65843066330876,2.0045821921851));
#5748=CARTESIAN_POINT('Ctrl Pts',(5.28203670578493,1.76906249460006,1.9856053332443));
#5749=CARTESIAN_POINT('Ctrl Pts',(5.34770655109018,1.44160302616514,1.98743480746278));
#5750=CARTESIAN_POINT('Ctrl Pts',(5.32522767704954,1.54562794284132,2.00404088593398));
#5751=CARTESIAN_POINT('Ctrl Pts',(5.32522767704955,1.65437205715868,2.00404088593398));
#5752=CARTESIAN_POINT('Ctrl Pts',(5.34770655109018,1.75839697383486,1.98743480746278));
#5753=CARTESIAN_POINT('Ctrl Pts',(5.47881841526182,1.4551301403328,2.03636725354455));
#5754=CARTESIAN_POINT('Ctrl Pts',(5.45947694161369,1.55098610206104,2.04973806886221));
#5755=CARTESIAN_POINT('Ctrl Pts',(5.4594769416137,1.64901389793897,2.04973806886221));
#5756=CARTESIAN_POINT('Ctrl Pts',(5.47881841526182,1.7448698596672,2.03636725354455));
#5757=CARTESIAN_POINT('Ctrl Pts',(5.59175073709715,1.44347783985238,2.21437197908048));
#5758=CARTESIAN_POINT('Ctrl Pts',(5.57406050376185,1.5471242187587,2.22899299797597));
#5759=CARTESIAN_POINT('Ctrl Pts',(5.57406050376185,1.6528757812413,2.22899299797597));
#5760=CARTESIAN_POINT('Ctrl Pts',(5.59175073709715,1.75652216014762,2.21437197908048));
#5761=CARTESIAN_POINT('Ctrl Pts',(5.57553337687315,1.41125498162797,2.38641884191986));
#5762=CARTESIAN_POINT('Ctrl Pts',(5.55559901574915,1.53540749189005,2.40595430779728));
#5763=CARTESIAN_POINT('Ctrl Pts',(5.55559901574915,1.66459250810995,2.40595430779728));
#5764=CARTESIAN_POINT('Ctrl Pts',(5.57553337687316,1.78874501837203,2.38641884191986));
#5765=CARTESIAN_POINT('Ctrl Pts',(5.51945862060622,1.38797055598999,2.46750763882842));
#5766=CARTESIAN_POINT('Ctrl Pts',(5.49700577401073,1.52688467647034,2.49038252814218));
#5767=CARTESIAN_POINT('Ctrl Pts',(5.49700577401073,1.67311532352966,2.49038252814218));
#5768=CARTESIAN_POINT('Ctrl Pts',(5.51945862060622,1.81202944401001,2.46750763882842));
#5769=CARTESIAN_POINT('Ctrl Pts',(5.49687021559678,1.38021875701992,2.49068264249053));
#5770=CARTESIAN_POINT('Ctrl Pts',(5.4735250901719,1.52404013769862,2.51463401785271));
#5771=CARTESIAN_POINT('Ctrl Pts',(5.4735250901719,1.67595986230138,2.51463401785271));
#5772=CARTESIAN_POINT('Ctrl Pts',(5.49687021559679,1.81978124298008,2.49068264249053));
#5773=CARTESIAN_POINT('Origin',(5.28203670578493,1.81978124298008,2.28128693321759));
#5774=CARTESIAN_POINT('Ctrl Pts',(5.28203670578493,1.76906249460006,1.9856053332443));
#5775=CARTESIAN_POINT('Ctrl Pts',(5.33117409734382,1.9951407345311,1.9468257630367));
#5776=CARTESIAN_POINT('Ctrl Pts',(5.54030883791744,2.28143195123708,1.77863780593838));
#5777=CARTESIAN_POINT('Ctrl Pts',(5.91772253588666,2.56866782123076,1.36427371208686));
#5778=CARTESIAN_POINT('Ctrl Pts',(6.18121981159004,2.64241677611249,0.923934159361467));
#5779=CARTESIAN_POINT('Ctrl Pts',(6.28939300963894,2.48090857007352,0.484856641936213));
#5780=CARTESIAN_POINT('Ctrl Pts',(6.29999999896062,2.32839221165489,0.305048018110023));
#5781=CARTESIAN_POINT('Ctrl Pts',(6.29999999999998,2.23897109396896,0.23076925368774));
#5782=CARTESIAN_POINT('Ctrl Pts',(5.34770655109018,1.75839697383486,1.98743480746278));
#5783=CARTESIAN_POINT('Ctrl Pts',(5.39311017275447,1.97153903678288,1.95341242777268));
#5784=CARTESIAN_POINT('Ctrl Pts',(5.59119481539575,2.25846400088114,1.79947789442383));
#5785=CARTESIAN_POINT('Ctrl Pts',(5.96152313082594,2.56147064145914,1.38758096248919));
#5786=CARTESIAN_POINT('Ctrl Pts',(6.2225379776495,2.64562469077484,0.937986989588722));
#5787=CARTESIAN_POINT('Ctrl Pts',(6.33214473508949,2.48373591069652,0.48801373578285));
#5788=CARTESIAN_POINT('Ctrl Pts',(6.34411407047662,2.32915967828128,0.30568166850594));
#5789=CARTESIAN_POINT('Ctrl Pts',(6.3448798948147,2.23897109420639,0.230769253884969));
#5790=CARTESIAN_POINT('Ctrl Pts',(5.47881847328004,1.74487051652162,2.0363711394428));
#5791=CARTESIAN_POINT('Ctrl Pts',(5.51674181474628,1.94229536584741,2.00787908832829));
#5792=CARTESIAN_POINT('Ctrl Pts',(5.69277030654063,2.2381753480662,1.86741233804222));
#5793=CARTESIAN_POINT('Ctrl Pts',(6.0489467872638,2.57137094630744,1.44170531059445));
#5794=CARTESIAN_POINT('Ctrl Pts',(6.30510673310115,2.67148941378139,0.964220835427808));
#5795=CARTESIAN_POINT('Ctrl Pts',(6.41758652855706,2.50573421573124,0.484954641382167));
#5796=CARTESIAN_POINT('Ctrl Pts',(6.43230688415835,2.34516524480487,0.293277445066422));
#5797=CARTESIAN_POINT('Ctrl Pts',(6.43460496526582,2.25205922210609,0.215013001575524));
#5798=CARTESIAN_POINT('Ctrl Pts',(5.59175095936684,1.75652230371044,2.21437303267079));
#5799=CARTESIAN_POINT('Ctrl Pts',(5.62689756835963,1.97009921709006,2.18033900179039));
#5800=CARTESIAN_POINT('Ctrl Pts',(5.79508198045763,2.29285772631452,2.01449928469062));
#5801=CARTESIAN_POINT('Ctrl Pts',(6.14885591713841,2.65419427856897,1.52876259427756));
#5802=CARTESIAN_POINT('Ctrl Pts',(6.40643665944713,2.76148876184729,0.991340763532826));
#5803=CARTESIAN_POINT('Ctrl Pts',(6.52268415037789,2.581787925471,0.45313774490695));
#5804=CARTESIAN_POINT('Ctrl Pts',(6.53933909913929,2.40793301726801,0.237138412584295));
#5805=CARTESIAN_POINT('Ctrl Pts',(6.54258418473438,2.3070591191186,0.148800912354716));
#5806=CARTESIAN_POINT('Ctrl Pts',(5.57553375798756,1.78874510169052,2.38641969912015));
#5807=CARTESIAN_POINT('Ctrl Pts',(5.61809748946465,2.04338504325844,2.34089683541242));
#5808=CARTESIAN_POINT('Ctrl Pts',(5.80972839090612,2.39324281311188,2.13464225973597));
#5809=CARTESIAN_POINT('Ctrl Pts',(6.18581159327238,2.76331163662133,1.58995672711238));
#5810=CARTESIAN_POINT('Ctrl Pts',(6.45654549594503,2.86562894042224,1.0000219850612));
#5811=CARTESIAN_POINT('Ctrl Pts',(6.57514571490016,2.66966514677841,0.408420116952829));
#5812=CARTESIAN_POINT('Ctrl Pts',(6.59032682676018,2.48249836516101,0.167975377877122));
#5813=CARTESIAN_POINT('Ctrl Pts',(6.59248145500786,2.37329803751571,0.0690586317237467));
#5814=CARTESIAN_POINT('Ctrl Pts',(5.51945862060622,1.81202944401001,2.46750763882843));
#5815=CARTESIAN_POINT('Ctrl Pts',(5.56933003184958,2.09613479482375,2.41564232156387));
#5816=CARTESIAN_POINT('Ctrl Pts',(5.7843632156575,2.46272406538297,2.18847981895085));
#5817=CARTESIAN_POINT('Ctrl Pts',(6.18339036856019,2.83528281004858,1.61566075035443));
#5818=CARTESIAN_POINT('Ctrl Pts',(6.46715757925549,2.93276609906049,0.998494254364417));
#5819=CARTESIAN_POINT('Ctrl Pts',(6.58671772356207,2.72630407665429,0.376910296950509));
#5820=CARTESIAN_POINT('Ctrl Pts',(6.59940001563135,2.53080981168163,0.122326658991405));
#5821=CARTESIAN_POINT('Ctrl Pts',(6.59999999981418,2.41632394441616,0.0172615305145133));
#5822=CARTESIAN_POINT('Ctrl Pts',(5.49687021559678,1.81978124298008,2.49068264249053));
#5823=CARTESIAN_POINT('Ctrl Pts',(5.54926408637867,2.11368295489043,2.43692815443639));
#5824=CARTESIAN_POINT('Ctrl Pts',(5.77250748458059,2.48586153660821,2.20369841052717));
#5825=CARTESIAN_POINT('Ctrl Pts',(6.17984054772099,2.85926816759999,1.62272973007668));
#5826=CARTESIAN_POINT('Ctrl Pts',(6.46845596986145,2.95514180894624,0.997261310044201));
#5827=CARTESIAN_POINT('Ctrl Pts',(6.58828957608925,2.74518114109557,0.366115351385638));
#5828=CARTESIAN_POINT('Ctrl Pts',(6.59999999884798,2.54690987515135,0.107027316735067));
#5829=CARTESIAN_POINT('Ctrl Pts',(6.59999999999998,2.43066242215964,3.30231417835668E-8));
#5830=CARTESIAN_POINT('Origin',(6.29999999999998,2.43066242215964,2.97940618961071E-8));
#5831=CARTESIAN_POINT('Ctrl Pts',(6.59999999999998,2.43066242215964,3.30231428452565E-8));
#5832=CARTESIAN_POINT('Ctrl Pts',(6.59999999943002,2.48817626870454,0.0529521675698096));
#5833=CARTESIAN_POINT('Ctrl Pts',(6.5985668102799,2.54153143045745,0.111445148924884));
#5834=CARTESIAN_POINT('Ctrl Pts',(6.59494496006104,2.58995093691437,0.174459661393441));
#5835=CARTESIAN_POINT('Ctrl Pts',(6.59124817606793,2.63937221212122,0.238777903990652));
#5836=CARTESIAN_POINT('Ctrl Pts',(6.58527486826458,2.68359822874433,0.307734195508212));
#5837=CARTESIAN_POINT('Ctrl Pts',(6.57623796937505,2.72185824089751,0.380236683863976));
#5838=CARTESIAN_POINT('Ctrl Pts',(6.56617004276495,2.76448337139511,0.461011044708188));
#5839=CARTESIAN_POINT('Ctrl Pts',(6.55230016610742,2.7997041292252,0.546186155179563));
#5840=CARTESIAN_POINT('Ctrl Pts',(6.53428566989193,2.82717264597528,0.63317232484822));
#5841=CARTESIAN_POINT('Ctrl Pts',(6.52233390649483,2.84539670337543,0.690883520668676));
#5842=CARTESIAN_POINT('Ctrl Pts',(6.50851648199124,2.86026516739983,0.749585850115885));
#5843=CARTESIAN_POINT('Ctrl Pts',(6.49272692571849,2.87159816960651,0.808432299271099));
#5844=CARTESIAN_POINT('Ctrl Pts',(6.48999356651624,2.87356004651651,0.818619316596946));
#5845=CARTESIAN_POINT('Ctrl Pts',(6.48720115951873,2.87541607462306,0.8288105978845));
#5846=CARTESIAN_POINT('Ctrl Pts',(6.48434922009234,2.8771654495505,0.839001692160722));
#5847=CARTESIAN_POINT('Ctrl Pts',(6.46761552460754,2.88742987068566,0.898797726640732));
#5848=CARTESIAN_POINT('Ctrl Pts',(6.44883014327712,2.89401860882682,0.958587201143665));
#5849=CARTESIAN_POINT('Ctrl Pts',(6.42832259614055,2.89715207496758,1.01791690018945));
#5850=CARTESIAN_POINT('Ctrl Pts',(6.41715933855993,2.89885777333397,1.05021294750405));
#5851=CARTESIAN_POINT('Ctrl Pts',(6.40548624678991,2.89954046630987,1.0823727640243));
#5852=CARTESIAN_POINT('Ctrl Pts',(6.39335919697305,2.89924125688585,1.11432406075998));
#5853=CARTESIAN_POINT('Ctrl Pts',(6.38639459819081,2.89906942007297,1.13267378024633));
#5854=CARTESIAN_POINT('Ctrl Pts',(6.37928068519127,2.89857372979575,1.15095362684658));
#5855=CARTESIAN_POINT('Ctrl Pts',(6.37203108769584,2.89776313870128,1.16914343589165));
#5856=CARTESIAN_POINT('Ctrl Pts',(6.34781600229342,2.89505560458075,1.22990098550149));
#5857=CARTESIAN_POINT('Ctrl Pts',(6.32207584796565,2.88883852662292,1.28968966210947));
#5858=CARTESIAN_POINT('Ctrl Pts',(6.2951274088991,2.87941128419375,1.34821687734424));
#5859=CARTESIAN_POINT('Ctrl Pts',(6.26722265580897,2.86964949904333,1.40882103649966));
#5860=CARTESIAN_POINT('Ctrl Pts',(6.23802167672525,2.85644531707097,1.46807359319345));
#5861=CARTESIAN_POINT('Ctrl Pts',(6.20785224460418,2.84008064134518,1.52564052208875));
#5862=CARTESIAN_POINT('Ctrl Pts',(6.18752927911154,2.82905694229977,1.56441920061216));
#5863=CARTESIAN_POINT('Ctrl Pts',(6.16676636164054,2.81659804168174,1.60243278229906));
#5864=CARTESIAN_POINT('Ctrl Pts',(6.14566030865633,2.80277923310622,1.63957344257934));
#5865=CARTESIAN_POINT('Ctrl Pts',(6.13782890373795,2.79765176159246,1.65335449154234));
#5866=CARTESIAN_POINT('Ctrl Pts',(6.12994659768463,2.7923346162696,1.66702173377437));
#5867=CARTESIAN_POINT('Ctrl Pts',(6.12201670118001,2.78682978413781,1.68057153364958));
#5868=CARTESIAN_POINT('Ctrl Pts',(6.11315575266553,2.78067862767919,1.69571222041715));
#5869=CARTESIAN_POINT('Ctrl Pts',(6.10423679501573,2.77429403980546,1.71070377016468));
#5870=CARTESIAN_POINT('Ctrl Pts',(6.09526968272859,2.76768253611437,1.7255323431941));
#5871=CARTESIAN_POINT('Ctrl Pts',(6.06650949961983,2.74647748696464,1.77309196572492));
#5872=CARTESIAN_POINT('Ctrl Pts',(6.03725316158968,2.72293521998395,1.81897255590055));
#5873=CARTESIAN_POINT('Ctrl Pts',(6.00783345772274,2.69710831773859,1.8630845455961));
#5874=CARTESIAN_POINT('Ctrl Pts',(5.97810808943106,2.67101307950817,1.90765484942068));
#5875=CARTESIAN_POINT('Ctrl Pts',(5.94821676334303,2.64258547557792,1.95041963705678));
#5876=CARTESIAN_POINT('Ctrl Pts',(5.91850700817322,2.61192131939357,1.99131931453105));
#5877=CARTESIAN_POINT('Ctrl Pts',(5.89765065037398,2.59039496855906,2.02003103909429));
#5878=CARTESIAN_POINT('Ctrl Pts',(5.87688387741165,2.56776730048423,2.04782431207492));
#5879=CARTESIAN_POINT('Ctrl Pts',(5.85632481272893,2.54408346245959,2.07468784506362));
#5880=CARTESIAN_POINT('Ctrl Pts',(5.84517572407206,2.53123982322082,2.08925581863391));
#5881=CARTESIAN_POINT('Ctrl Pts',(5.83408769439966,2.51808575893978,2.10355047226483));
#5882=CARTESIAN_POINT('Ctrl Pts',(5.82309413802659,2.50463537674558,2.11755182382477));
#5883=CARTESIAN_POINT('Ctrl Pts',(5.79396486928995,2.46899633654333,2.15465074963413));
#5884=CARTESIAN_POINT('Ctrl Pts',(5.7654023421875,2.43116375938896,2.18981492373326));
#5885=CARTESIAN_POINT('Ctrl Pts',(5.73791283000712,2.39119089542112,2.22278703113999));
#5886=CARTESIAN_POINT('Ctrl Pts',(5.71087574222622,2.35187590776833,2.25521648119452));
#5887=CARTESIAN_POINT('Ctrl Pts',(5.68487530717553,2.31049006306717,2.28552613519853));
#5888=CARTESIAN_POINT('Ctrl Pts',(5.66041644418505,2.26705494968502,2.31343385770432));
#5889=CARTESIAN_POINT('Ctrl Pts',(5.63845993873364,2.22806363172682,2.33848637390562));
#5890=CARTESIAN_POINT('Ctrl Pts',(5.617745315118,2.18742035673691,2.36160322460187));
#5891=CARTESIAN_POINT('Ctrl Pts',(5.59866742651057,2.14512449566441,2.38254681815271));
#5892=CARTESIAN_POINT('Ctrl Pts',(5.5964931416048,2.1403040852826,2.38493373529366));
#5893=CARTESIAN_POINT('Ctrl Pts',(5.59434015419367,2.13546219532877,2.38729238549218));
#5894=CARTESIAN_POINT('Ctrl Pts',(5.5922090796394,2.13059881420799,2.3896223862851));
#5895=CARTESIAN_POINT('Ctrl Pts',(5.57698665928207,2.09585932955216,2.40626575121652));
#5896=CARTESIAN_POINT('Ctrl Pts',(5.56287209658124,2.06004353744347,2.42145762650507));
#5897=CARTESIAN_POINT('Ctrl Pts',(5.55014433766496,2.02329153429982,2.4350026292699));
#5898=CARTESIAN_POINT('Ctrl Pts',(5.53824291516402,1.98892561646263,2.44766823691859));
#5899=CARTESIAN_POINT('Ctrl Pts',(5.5275545310177,1.95374138961885,2.45889377744421));
#5900=CARTESIAN_POINT('Ctrl Pts',(5.51828302317461,1.91787485135249,2.46854953791619));
#5901=CARTESIAN_POINT('Ctrl Pts',(5.50996291350895,1.88568876719505,2.47721447002777));
#5902=CARTESIAN_POINT('Ctrl Pts',(5.502783836039,1.85295350426975,2.48461545114403));
#5903=CARTESIAN_POINT('Ctrl Pts',(5.49687021559679,1.81978124298008,2.49068264249053));
#5904=CARTESIAN_POINT('Origin',(6.29999999999997,1.6,1.));
#5905=CARTESIAN_POINT('Ctrl Pts',(5.49687021559678,0.,2.49068264249053));
#5906=CARTESIAN_POINT('Ctrl Pts',(6.60000004124865,0.,1.35890562066995));
#5907=CARTESIAN_POINT('Ctrl Pts',(6.59999999999998,0.,-9.31341607148092E-8));
#5908=CARTESIAN_POINT('Ctrl Pts',(5.49687021559678,1.38021875701992,2.49068264249053));
#5909=CARTESIAN_POINT('Ctrl Pts',(6.60000004124865,1.38021875701992,1.35890562066995));
#5910=CARTESIAN_POINT('Ctrl Pts',(6.59999999999998,1.38021875701992,-9.31341607148092E-8));
#5911=CARTESIAN_POINT('Origin',(0.,0.,0.));
#5912=CARTESIAN_POINT('Origin',(2.25,8.,0.499999999999926));
#5913=CARTESIAN_POINT('',(2.1,6.74,0.499999999999926));
#5914=CARTESIAN_POINT('Origin',(2.1,8.,0.499999999999926));
#5915=CARTESIAN_POINT('',(2.25,6.89,0.499999999999926));
#5916=CARTESIAN_POINT('Origin',(2.1,13.4717907482807,0.));
#5917=CARTESIAN_POINT('',(2.1,8.,-2.30000000000007));
#5918=CARTESIAN_POINT('',(2.1,10.7358953741403,-2.30000000000007));
#5919=CARTESIAN_POINT('',(2.1,11.3,0.999999999999927));
#5920=CARTESIAN_POINT('Origin',(2.1,8.,0.999999999999926));
#5921=CARTESIAN_POINT('',(2.1,11.3,3.79847624174734));
#5922=CARTESIAN_POINT('',(2.1,11.3,2.24999999999996));
#5923=CARTESIAN_POINT('',(2.1,11.,4.1052461265818));
#5924=CARTESIAN_POINT('Ctrl Pts',(2.1,11.,4.1052461265818));
#5925=CARTESIAN_POINT('Ctrl Pts',(2.1,11.0794303378634,4.1052461265818));
#5926=CARTESIAN_POINT('Ctrl Pts',(2.1,11.2368328933874,4.03670469940118));
#5927=CARTESIAN_POINT('Ctrl Pts',(2.1,11.3,3.87790657961072));
#5928=CARTESIAN_POINT('Ctrl Pts',(2.1,11.3,3.79847624174734));
#5929=CARTESIAN_POINT('',(2.1,3.19526980637902,4.10524612658125));
#5930=CARTESIAN_POINT('',(2.1,0.,4.1052461265818));
#5931=CARTESIAN_POINT('Ctrl Pts',(2.09999646847301,3.19513376808781,4.10522387948165));
#5932=CARTESIAN_POINT('Ctrl Pts',(2.09999654384452,3.19524986299373,4.10469553375602));
#5933=CARTESIAN_POINT('Ctrl Pts',(2.09999662087407,3.19536394512715,4.10416671154467));
#5934=CARTESIAN_POINT('Ctrl Pts',(2.09999669918948,3.19547600838034,4.10363742442778));
#5935=CARTESIAN_POINT('Ctrl Pts',(2.09999866672062,3.19829139224301,4.09034005561865));
#5936=CARTESIAN_POINT('Ctrl Pts',(2.10000162314118,3.19982461585167,4.0768071544873));
#5937=CARTESIAN_POINT('Ctrl Pts',(2.10000185478313,3.19998585631649,4.06322307000632));
#5938=CARTESIAN_POINT('Ctrl Pts',(2.10000186831795,3.19999527758341,4.06242935308257));
#5939=CARTESIAN_POINT('Ctrl Pts',(2.10000187261523,3.2,4.0616354597665));
#5940=CARTESIAN_POINT('Ctrl Pts',(2.10000186702759,3.2,4.0608414265109));
#5941=CARTESIAN_POINT('Origin',(-2.25,8.,0.499999999999926));
#5942=CARTESIAN_POINT('',(-2.1,9.26,0.499999999999926));
#5943=CARTESIAN_POINT('Origin',(-2.1,8.,0.499999999999926));
#5944=CARTESIAN_POINT('',(-2.4,8.96,0.499999999999926));
#5945=CARTESIAN_POINT('',(-2.25,9.11,0.499999999999926));
#5946=CARTESIAN_POINT('Origin',(-2.4,8.,0.499999999999926));
#5947=CARTESIAN_POINT('Origin',(-2.1,8.,0.499999999999926));
#5948=CARTESIAN_POINT('',(-5.45,8.96,0.499999999999926));
#5949=CARTESIAN_POINT('Origin',(-5.45,8.,0.499999999999926));
#5950=CARTESIAN_POINT('',(-2.1,8.96,0.499999999999926));
#5951=CARTESIAN_POINT('Origin',(-2.1,3.2,0.));
#5952=CARTESIAN_POINT('',(-2.1,8.,-2.30000000000007));
#5953=CARTESIAN_POINT('',(-2.1,5.6,-2.30000000000007));
#5954=CARTESIAN_POINT('',(-2.1,3.1952698063788,4.10524612658271));
#5955=CARTESIAN_POINT('Ctrl Pts',(-2.0999960076238,3.195133796064,4.10522363157));
#5956=CARTESIAN_POINT('Ctrl Pts',(-2.09999800042361,3.1980157288764,4.09210789239151));
#5957=CARTESIAN_POINT('Ctrl Pts',(-2.10000087548192,3.19965484814692,4.07872943833577));
#5958=CARTESIAN_POINT('Ctrl Pts',(-2.10000133019493,3.19995125461455,4.06526488507282));
#5959=CARTESIAN_POINT('Ctrl Pts',(-2.100001379961,3.19998369482275,4.06379125693433));
#5960=CARTESIAN_POINT('Ctrl Pts',(-2.1000014018896,3.2,4.0623165961328));
#5961=CARTESIAN_POINT('Ctrl Pts',(-2.10000139303735,3.2,4.06084113545246));
#5962=CARTESIAN_POINT('',(-2.1,11.,4.10524612658271));
#5963=CARTESIAN_POINT('',(-2.1,0.,4.10524612658271));
#5964=CARTESIAN_POINT('',(-2.1,11.3,3.79847624174828));
#5965=CARTESIAN_POINT('Ctrl Pts',(-2.1,11.3,3.79847624174828));
#5966=CARTESIAN_POINT('Ctrl Pts',(-2.1,11.3,3.87790657313912));
#5967=CARTESIAN_POINT('Ctrl Pts',(-2.1,11.2368328939602,4.03670470704193));
#5968=CARTESIAN_POINT('Ctrl Pts',(-2.1,11.0794303313908,4.10524612658271));
#5969=CARTESIAN_POINT('Ctrl Pts',(-2.1,11.,4.10524612658271));
#5970=CARTESIAN_POINT('',(-2.1,11.3,0.999999999999927));
#5971=CARTESIAN_POINT('',(-2.1,11.3,2.24999999999996));
#5972=CARTESIAN_POINT('Origin',(-2.1,8.,0.999999999999926));
#5973=CARTESIAN_POINT('Ctrl Pts',(-0.799999999999996,0.2,-2.));
#5974=CARTESIAN_POINT('Ctrl Pts',(-0.853002587500238,0.2,-2.));
#5975=CARTESIAN_POINT('Ctrl Pts',(-0.9611988478438,0.2,-1.9650629562987));
#5976=CARTESIAN_POINT('Ctrl Pts',(-1.11296070490145,0.2,-1.79944734901858));
#5977=CARTESIAN_POINT('Ctrl Pts',(-1.22745582492412,0.2,-1.57245321057829));
#5978=CARTESIAN_POINT('Ctrl Pts',(-1.38680008303069,0.199999999999999,-1.06202309032516));
#5979=CARTESIAN_POINT('Ctrl Pts',(-1.42925243423734,0.2,-0.401825717003347));
#5980=CARTESIAN_POINT('Ctrl Pts',(-1.32167174825857,0.2,0.321623868892488));
#5981=CARTESIAN_POINT('Ctrl Pts',(-1.16415098508944,0.2,0.742356963943916));
#5982=CARTESIAN_POINT('Ctrl Pts',(-0.960629817924373,0.2,0.965873466424799));
#5983=CARTESIAN_POINT('Ctrl Pts',(-0.800080735624052,0.2,1.01677259857279));
#5984=CARTESIAN_POINT('Ctrl Pts',(-0.639322546338759,0.2,0.965869284475524));
#5985=CARTESIAN_POINT('Ctrl Pts',(-0.436083718617237,0.2,0.741872836443816));
#5986=CARTESIAN_POINT('Ctrl Pts',(-0.278050441653799,0.2,0.321692618101578));
#5987=CARTESIAN_POINT('Ctrl Pts',(-0.171413959861369,0.2,-0.402189087890329));
#5988=CARTESIAN_POINT('Ctrl Pts',(-0.218402906102889,0.2,-1.15421105556385));
#5989=CARTESIAN_POINT('Ctrl Pts',(-0.43513511769962,0.2,-1.74169640996132));
#5990=CARTESIAN_POINT('Ctrl Pts',(-0.639278457088785,0.2,-1.96599060896692));
#5991=CARTESIAN_POINT('Ctrl Pts',(-0.746997412499753,0.2,-2.));
#5992=CARTESIAN_POINT('Ctrl Pts',(-0.799999999999996,0.2,-2.));
#5993=CARTESIAN_POINT('Ctrl Pts',(-0.799999999999996,0.14764012244017,-2.));
#5994=CARTESIAN_POINT('Ctrl Pts',(-0.852910328923997,0.14764012244017,-2.));
#5995=CARTESIAN_POINT('Ctrl Pts',(-0.961234712989798,0.14764012244017,-1.96505522914753));
#5996=CARTESIAN_POINT('Ctrl Pts',(-1.11291536468132,0.14764012244017,-1.79946679184959));
#5997=CARTESIAN_POINT('Ctrl Pts',(-1.22746686624378,0.14764012244017,-1.5724486520304));
#5998=CARTESIAN_POINT('Ctrl Pts',(-1.38678608625809,0.14764012244017,-1.06204289032579));
#5999=CARTESIAN_POINT('Ctrl Pts',(-1.42925536162882,0.14764012244017,-0.401808223560194));
#6000=CARTESIAN_POINT('Ctrl Pts',(-1.32167423508011,0.14764012244017,0.321614702003125));
#6001=CARTESIAN_POINT('Ctrl Pts',(-1.16413631884978,0.14764012244017,0.742374661553771));
#6002=CARTESIAN_POINT('Ctrl Pts',(-0.960616755573544,0.14764012244017,0.965874787369183));
#6003=CARTESIAN_POINT('Ctrl Pts',(-0.800069783688218,0.14764012244017,1.01674195016113));
#6004=CARTESIAN_POINT('Ctrl Pts',(-0.639346748759219,0.14764012244017,0.965878363980004));
#6005=CARTESIAN_POINT('Ctrl Pts',(-0.436093825137728,0.14764012244017,0.741878491357619));
#6006=CARTESIAN_POINT('Ctrl Pts',(-0.278043282259039,0.14764012244017,0.321693844925126));
#6007=CARTESIAN_POINT('Ctrl Pts',(-0.171429480927586,0.14764012244017,-0.402190030767113));
#6008=CARTESIAN_POINT('Ctrl Pts',(-0.218380470426385,0.14764012244017,-1.15420762668459));
#6009=CARTESIAN_POINT('Ctrl Pts',(-0.435164018741612,0.14764012244017,-1.74170739409776));
#6010=CARTESIAN_POINT('Ctrl Pts',(-0.639258549252115,0.14764012244017,-1.96598922312063));
#6011=CARTESIAN_POINT('Ctrl Pts',(-0.747089671075994,0.14764012244017,-2.));
#6012=CARTESIAN_POINT('Ctrl Pts',(-0.799999999999996,0.14764012244017,-2.));
#6013=CARTESIAN_POINT('Ctrl Pts',(-0.799999999999995,0.0432648330511282,
-2.04326483305113));
#6014=CARTESIAN_POINT('Ctrl Pts',(-0.862618766566784,0.0432648330511282,
-2.04326483305113));
#6015=CARTESIAN_POINT('Ctrl Pts',(-0.988674162767214,0.0432648330511283,
-2.00092879302603));
#6016=CARTESIAN_POINT('Ctrl Pts',(-1.14975678844309,0.0432648330511282,
-1.82263091532239));
#6017=CARTESIAN_POINT('Ctrl Pts',(-1.2679669482211,0.0432648330511284,-1.58837189424464));
#6018=CARTESIAN_POINT('Ctrl Pts',(-1.4301215595192,0.0432648330511277,-1.0674928687654));
#6019=CARTESIAN_POINT('Ctrl Pts',(-1.47281677658163,0.0432648330511287,
-0.401406894734453));
#6020=CARTESIAN_POINT('Ctrl Pts',(-1.36397651077691,0.0432648330511281,
0.331978488359496));
#6021=CARTESIAN_POINT('Ctrl Pts',(-1.20359511536891,0.0432648330511283,
0.761584183418004));
#6022=CARTESIAN_POINT('Ctrl Pts',(-0.988498345748541,0.0432648330511283,
1.00159086936602));
#6023=CARTESIAN_POINT('Ctrl Pts',(-0.800053577315422,0.0432648330511282,
1.063998053035));
#6024=CARTESIAN_POINT('Ctrl Pts',(-0.611482123758975,0.0432648330511283,
1.00159779404144));
#6025=CARTESIAN_POINT('Ctrl Pts',(-0.396628341767086,0.0432648330511281,
0.76118518951643));
#6026=CARTESIAN_POINT('Ctrl Pts',(-0.235792917772446,0.0432648330511283,
0.331978684961421));
#6027=CARTESIAN_POINT('Ctrl Pts',(-0.127748040100994,0.0432648330511281,
-0.401582958651742));
#6028=CARTESIAN_POINT('Ctrl Pts',(-0.175302280302696,0.0432648330511282,
-1.16088875310082));
#6029=CARTESIAN_POINT('Ctrl Pts',(-0.395468300806746,0.0432648330511283,
-1.76100781334591));
#6030=CARTESIAN_POINT('Ctrl Pts',(-0.61171537412244,0.0432648330511282,
-2.00172591470345));
#6031=CARTESIAN_POINT('Ctrl Pts',(-0.737381233433206,0.0432648330511282,
-2.04326483305113));
#6032=CARTESIAN_POINT('Ctrl Pts',(-0.799999999999995,0.0432648330511283,
-2.04326483305113));
#6033=CARTESIAN_POINT('Ctrl Pts',(-0.799999999999995,-1.35571760255275E-16,
-2.14764012244017));
#6034=CARTESIAN_POINT('Ctrl Pts',(-0.885589158363965,-1.33154139843495E-16,
-2.14764012244017));
#6035=CARTESIAN_POINT('Ctrl Pts',(-1.05504643468928,4.09663235072419E-17,
-2.08743506639309));
#6036=CARTESIAN_POINT('Ctrl Pts',(-1.23841414493614,-1.86380485983635E-17,
-1.87860880048923));
#6037=CARTESIAN_POINT('Ctrl Pts',(-1.36572631753103,1.22257620252604E-16,
-1.62676402143748));
#6038=CARTESIAN_POINT('Ctrl Pts',(-1.53459884995234,-6.46975186022869E-16,
-1.08073758360466));
#6039=CARTESIAN_POINT('Ctrl Pts',(-1.57792187130348,6.05818382868424E-16,
-0.400353190873751));
#6040=CARTESIAN_POINT('Ctrl Pts',(-1.46604181113046,-1.9545766635813E-16,
0.356936046550109));
#6041=CARTESIAN_POINT('Ctrl Pts',(-1.29871675117435,6.68252248592414E-17,
0.808013163916992));
#6042=CARTESIAN_POINT('Ctrl Pts',(-1.05569811089705,5.91504649422825E-17,
1.0877614491269));
#6043=CARTESIAN_POINT('Ctrl Pts',(-0.799960946478492,7.97666940380026E-17,
1.1778523671858));
#6044=CARTESIAN_POINT('Ctrl Pts',(-0.544377739640966,-1.31979607360758E-17,
1.08781437498984));
#6045=CARTESIAN_POINT('Ctrl Pts',(-0.301468286065039,-5.14168365628373E-17,
0.807789740259677));
#6046=CARTESIAN_POINT('Ctrl Pts',(-0.133830012194907,4.06224812163374E-17,
0.356796591971441));
#6047=CARTESIAN_POINT('Ctrl Pts',(-0.0224435626667147,-5.84488424847481E-17,
-0.400123021702848));
#6048=CARTESIAN_POINT('Ctrl Pts',(-0.0712675959009583,2.07496100958375E-17,
-1.17699003710965));
#6049=CARTESIAN_POINT('Ctrl Pts',(-0.29984467835047,6.3917893360818E-17,
-1.80762326577565));
#6050=CARTESIAN_POINT('Ctrl Pts',(-0.545170867268067,3.25301656398706E-17,
-2.08793298368496));
#6051=CARTESIAN_POINT('Ctrl Pts',(-0.714410841636025,6.13212689050342E-18,
-2.14764012244017));
#6052=CARTESIAN_POINT('Ctrl Pts',(-0.799999999999995,1.41983995901014E-16,
-2.14764012244017));
#6053=CARTESIAN_POINT('Ctrl Pts',(-0.799999999999995,-1.38777878078145E-16,
-2.2));
#6054=CARTESIAN_POINT('Ctrl Pts',(-0.897171410417106,-1.36365296996846E-16,
-2.2));
#6055=CARTESIAN_POINT('Ctrl Pts',(-1.08831909846942,3.78516929717145E-17,
-2.1308359040289));
#6056=CARTESIAN_POINT('Ctrl Pts',(-1.2829181894938,-2.20010437363802E-17,
-1.90667764803759));
#6057=CARTESIAN_POINT('Ctrl Pts',(-1.41476023872629,1.19179131990802E-16,
-1.64602635979389));
#6058=CARTESIAN_POINT('Ctrl Pts',(-1.58701887044383,-6.5021777767631E-16,
-1.08736910167367));
#6059=CARTESIAN_POINT('Ctrl Pts',(-1.63064597889348,6.02522264740809E-16,
-0.399835816195178));
#6060=CARTESIAN_POINT('Ctrl Pts',(-1.51724128795184,-1.98582069041735E-16,
0.369461886270324));
#6061=CARTESIAN_POINT('Ctrl Pts',(-1.34644393553129,6.3448730170975E-17,
0.831292921147544));
#6062=CARTESIAN_POINT('Ctrl Pts',(-1.08941725684999,5.60709620918267E-17,
1.1309880847936));
#6063=CARTESIAN_POINT('Ctrl Pts',(-0.799921500090631,7.6483551839898E-17,
1.23498704912476));
#6064=CARTESIAN_POINT('Ctrl Pts',(-0.510699299088005,-1.63914252868235E-17,
1.13105911272209));
#6065=CARTESIAN_POINT('Ctrl Pts',(-0.253724751846679,-5.45562211661083E-17,
0.831165293555676));
#6066=CARTESIAN_POINT('Ctrl Pts',(-0.082684897567911,3.72859525430279E-17,
0.369245711682249));
#6067=CARTESIAN_POINT('Ctrl Pts',(0.0303923935997796,-6.13264729660561E-17,
-0.399390039611931));
#6068=CARTESIAN_POINT('Ctrl Pts',(-0.019092967613784,1.72463630556498E-17,
-1.18506944677806));
#6069=CARTESIAN_POINT('Ctrl Pts',(-0.251856545616139,6.09322366118351E-17,
-1.83100087104872));
#6070=CARTESIAN_POINT('Ctrl Pts',(-0.511801570710012,2.90803292730018E-17,
-2.13117965964513));
#6071=CARTESIAN_POINT('Ctrl Pts',(-0.702828589582884,3.20918109126577E-18,
-2.2));
#6072=CARTESIAN_POINT('Ctrl Pts',(-0.799999999999995,1.38777878078145E-16,
-2.2));
#6073=CARTESIAN_POINT('',(-0.799999999999995,0.,-2.2));
#6074=CARTESIAN_POINT('Origin',(-0.799999999999995,0.2,-2.2));
#6075=CARTESIAN_POINT('Ctrl Pts',(-0.799999999999995,1.38777878078145E-16,
-2.2));
#6076=CARTESIAN_POINT('Ctrl Pts',(-0.702828589582884,3.20918109126577E-18,
-2.2));
#6077=CARTESIAN_POINT('Ctrl Pts',(-0.511801570710012,2.90803292730018E-17,
-2.13117965964513));
#6078=CARTESIAN_POINT('Ctrl Pts',(-0.251856545616139,6.09322366118351E-17,
-1.83100087104872));
#6079=CARTESIAN_POINT('Ctrl Pts',(-0.019092967613784,1.72463630556498E-17,
-1.18506944677806));
#6080=CARTESIAN_POINT('Ctrl Pts',(0.0303923935997796,-6.13264729660561E-17,
-0.399390039611931));
#6081=CARTESIAN_POINT('Ctrl Pts',(-0.082684897567911,3.72859525430279E-17,
0.369245711682249));
#6082=CARTESIAN_POINT('Ctrl Pts',(-0.253724751846679,-5.45562211661083E-17,
0.831165293555676));
#6083=CARTESIAN_POINT('Ctrl Pts',(-0.510699299088005,-1.63914252868235E-17,
1.13105911272209));
#6084=CARTESIAN_POINT('Ctrl Pts',(-0.799921500090631,7.6483551839898E-17,
1.23498704912476));
#6085=CARTESIAN_POINT('Ctrl Pts',(-1.08941725684999,5.60709620918267E-17,
1.1309880847936));
#6086=CARTESIAN_POINT('Ctrl Pts',(-1.34644393553129,6.3448730170975E-17,
0.831292921147544));
#6087=CARTESIAN_POINT('Ctrl Pts',(-1.51724128795184,-1.98582069041735E-16,
0.369461886270324));
#6088=CARTESIAN_POINT('Ctrl Pts',(-1.63064597889348,6.02522264740809E-16,
-0.399835816195178));
#6089=CARTESIAN_POINT('Ctrl Pts',(-1.58701887044383,-6.5021777767631E-16,
-1.08736910167367));
#6090=CARTESIAN_POINT('Ctrl Pts',(-1.41476023872629,1.19179131990802E-16,
-1.64602635979389));
#6091=CARTESIAN_POINT('Ctrl Pts',(-1.2829181894938,-2.20010437363802E-17,
-1.90667764803759));
#6092=CARTESIAN_POINT('Ctrl Pts',(-1.08831909846942,3.78516929717145E-17,
-2.1308359040289));
#6093=CARTESIAN_POINT('Ctrl Pts',(-0.897171410417106,-1.36365296996846E-16,
-2.2));
#6094=CARTESIAN_POINT('Ctrl Pts',(-0.799999999999995,-1.38777878078145E-16,
-2.2));
#6095=CARTESIAN_POINT('Origin',(3.90798504668055E-13,0.,0.03443455435235));
#6096=CARTESIAN_POINT('Origin',(0.,0.,0.));
#6097=CARTESIAN_POINT('',(-5.44186046511629,0.,-4.31035431748133));
#6098=CARTESIAN_POINT('Origin',(-5.85000000000002,0.,-3.68113089129242));
#6099=CARTESIAN_POINT('',(5.44186046511625,0.,-4.31035431748129));
#6100=CARTESIAN_POINT('Origin',(9.84439960450233E-16,0.,-12.7));
#6101=CARTESIAN_POINT('Origin',(5.84999999999996,0.,-3.68113089129239));
#6102=CARTESIAN_POINT('',(0.630000002249028,0.,0.499999993252914));
#6103=CARTESIAN_POINT('Origin',(3.00000000224903,0.,0.499999993252914));
#6104=CARTESIAN_POINT('Origin',(-0.2,7.60771628434177,-2.30000000000007));
#6105=CARTESIAN_POINT('Origin',(-0.2,8.,-2.30000000000007));
#6106=CARTESIAN_POINT('Origin',(-0.2,8.,0.999999999999926));
#6107=CARTESIAN_POINT('',(-0.2,11.5,0.999999999999927));
#6108=CARTESIAN_POINT('Origin',(-0.2,11.3,0.999999999999926));
#6109=CARTESIAN_POINT('Origin',(-0.2,8.,0.999999999999926));
#6110=CARTESIAN_POINT('Origin',(-0.2,11.3,0.582438319180804));
#6111=CARTESIAN_POINT('',(-0.2,11.5,3.9036232331361));
#6112=CARTESIAN_POINT('Ctrl Pts',(-0.2,11.5,3.9036232331361));
#6113=CARTESIAN_POINT('Ctrl Pts',(-0.247567046124672,11.5,3.82841312947597));
#6114=CARTESIAN_POINT('Ctrl Pts',(-0.303590410398877,11.4792523020757,3.73990019241896));
#6115=CARTESIAN_POINT('Ctrl Pts',(-0.356843602971136,11.4259991095035,3.63979944720143));
#6116=CARTESIAN_POINT('Ctrl Pts',(-0.37187781671609,11.4057485787721,3.60903476277648));
#6117=CARTESIAN_POINT('Ctrl Pts',(-0.39340409009788,11.3572537028028,3.55181587904531));
#6118=CARTESIAN_POINT('Ctrl Pts',(-0.4,11.3290222206399,3.525389898616));
#6119=CARTESIAN_POINT('Ctrl Pts',(-0.4,11.3,3.5036232331361));
#6120=CARTESIAN_POINT('',(-0.2,11.5,0.582438319180804));
#6121=CARTESIAN_POINT('Origin',(-1.4,11.3,0.582438319180804));
#6122=CARTESIAN_POINT('',(-1.39999999999997,11.5,3.89183488616506));
#6123=CARTESIAN_POINT('',(-1.39646828316284,11.4999688153919,3.8980390364133));
#6124=CARTESIAN_POINT('Ctrl Pts',(-1.40003673990847,11.5,3.89196112491026));
#6125=CARTESIAN_POINT('Ctrl Pts',(-1.39885978834974,11.5,3.89402979403712));
#6126=CARTESIAN_POINT('Ctrl Pts',(-1.39768283964556,11.4999890616162,3.89609804069734));
#6127=CARTESIAN_POINT('Ctrl Pts',(-1.39650511158457,11.4999672012564,3.89816706936441));
#6128=CARTESIAN_POINT('',(-1.2,11.3,3.5036232331361));
#6129=CARTESIAN_POINT('Ctrl Pts',(-1.2,11.3,3.5036232331361));
#6130=CARTESIAN_POINT('Ctrl Pts',(-1.2,11.3336898316054,3.52889060684012));
#6131=CARTESIAN_POINT('Ctrl Pts',(-1.2080799188419,11.3627789280722,3.55723998580778));
#6132=CARTESIAN_POINT('Ctrl Pts',(-1.2325635943628,11.4128995567651,3.6188781415842));
#6133=CARTESIAN_POINT('Ctrl Pts',(-1.24924082992163,11.4338621112724,3.6521140429038));
#6134=CARTESIAN_POINT('Ctrl Pts',(-1.3057286508839,11.4832217339255,3.75476038401651));
#6135=CARTESIAN_POINT('Ctrl Pts',(-1.35247698578559,11.4991918766467,3.82847773821095));
#6136=CARTESIAN_POINT('Ctrl Pts',(-1.39646831411261,11.4999688155558,3.89803901683274));
#6137=CARTESIAN_POINT('',(-1.2,11.3,0.999999999999927));
#6138=CARTESIAN_POINT('',(-1.2,11.3,0.582438319180804));
#6139=CARTESIAN_POINT('',(-1.4,11.5,0.999999999999927));
#6140=CARTESIAN_POINT('Origin',(-1.4,11.3,0.999999999999927));
#6141=CARTESIAN_POINT('',(-1.4,11.5,0.582438319180804));
#6142=CARTESIAN_POINT('Origin',(-1.4,8.,0.999999999999926));
#6143=CARTESIAN_POINT('',(-1.2,8.,-2.30000000000007));
#6144=CARTESIAN_POINT('Origin',(-1.4,8.,-2.30000000000007));
#6145=CARTESIAN_POINT('Origin',(-1.4,8.,0.999999999999926));
#6146=CARTESIAN_POINT('Origin',(-1.2,8.,0.999999999999926));
#6147=CARTESIAN_POINT('Origin',(-1.4,7.60771628434177,-2.30000000000007));
#6148=CARTESIAN_POINT('',(-1.2,7.60771628434177,-2.30000000000007));
#6149=CARTESIAN_POINT('Ctrl Pts',(0.4,11.5,3.99127622626922));
#6150=CARTESIAN_POINT('Ctrl Pts',(-0.370600226540545,11.5,4.02492437016599));
#6151=CARTESIAN_POINT('Ctrl Pts',(-1.14615872443705,11.5,3.96247967048173));
#6152=CARTESIAN_POINT('Ctrl Pts',(-1.9,11.5,3.79847624174828));
#6153=CARTESIAN_POINT('Ctrl Pts',(0.405710274532992,11.5,4.12205131039369));
#6154=CARTESIAN_POINT('Ctrl Pts',(-0.375936545596751,11.5,4.15618180215107));
#6155=CARTESIAN_POINT('Ctrl Pts',(-1.16231552140354,11.5,4.09292633668184));
#6156=CARTESIAN_POINT('Ctrl Pts',(-1.9278272095609,11.5,3.92638392826889));
#6157=CARTESIAN_POINT('Ctrl Pts',(0.417088036195705,11.391718243044,4.38262157369588));
#6158=CARTESIAN_POINT('Ctrl Pts',(-0.386458244321065,11.391718243044,4.41770830212304));
#6159=CARTESIAN_POINT('Ctrl Pts',(-1.19462527137099,11.391718243044,4.35281672300182));
#6160=CARTESIAN_POINT('Ctrl Pts',(-1.98327311786059,11.391718243044,4.18124088193241));
#6161=CARTESIAN_POINT('Ctrl Pts',(0.421811642040097,11.1308996938996,4.49080025198922));
#6162=CARTESIAN_POINT('Ctrl Pts',(-0.390994394445249,11.1308996938996,4.52629130627894));
#6163=CARTESIAN_POINT('Ctrl Pts',(-1.20786159504454,11.1308996938996,4.46075174444823));
#6164=CARTESIAN_POINT('Ctrl Pts',(-2.00629211089771,11.1308996938996,4.28704761540919));
#6165=CARTESIAN_POINT('Ctrl Pts',(0.421811642040097,11.,4.49080025198922));
#6166=CARTESIAN_POINT('Ctrl Pts',(-0.390905803487802,11.,4.52628743796801));
#6167=CARTESIAN_POINT('Ctrl Pts',(-1.20795518887663,11.,4.46073138245709));
#6168=CARTESIAN_POINT('Ctrl Pts',(-2.00629211089771,11.,4.28704761540919));
#6169=CARTESIAN_POINT('',(-1.32246248511412,11.5,3.90362323313581));
#6170=CARTESIAN_POINT('Ctrl Pts',(-1.39650511158457,11.4999672012564,3.89816706936441));
#6171=CARTESIAN_POINT('Ctrl Pts',(-1.38102042808131,11.4999813026345,3.89937376173026));
#6172=CARTESIAN_POINT('Ctrl Pts',(-1.36553529503539,11.499990623648,3.90055979090783));
#6173=CARTESIAN_POINT('Ctrl Pts',(-1.35004961393241,11.4999956105678,3.90172526213408));
#6174=CARTESIAN_POINT('Ctrl Pts',(-1.34086941711053,11.4999985669056,3.90241617493127));
#6175=CARTESIAN_POINT('Ctrl Pts',(-1.3316886438324,11.5,3.90309988261802));
#6176=CARTESIAN_POINT('Ctrl Pts',(-1.32250738368024,11.5,3.9037763811387));
#6177=CARTESIAN_POINT('',(-1.9,11.5,3.79847624174828));
#6178=CARTESIAN_POINT('Ctrl Pts',(-1.40002022143223,11.5,3.8919637176714));
#6179=CARTESIAN_POINT('Ctrl Pts',(-1.56754060553326,11.5,3.8656696674167));
#6180=CARTESIAN_POINT('Ctrl Pts',(-1.73429497227722,11.5,3.83452652658392));
#6181=CARTESIAN_POINT('Ctrl Pts',(-1.9,11.5,3.79847624174828));
#6182=CARTESIAN_POINT('Ctrl Pts',(-1.94106632860499,11.,4.30098461706147));
#6183=CARTESIAN_POINT('Ctrl Pts',(-1.94106632860499,11.1323838856514,4.30098461706147));
#6184=CARTESIAN_POINT('Ctrl Pts',(-1.93228365955399,11.3947214899337,4.18858143656159));
#6185=CARTESIAN_POINT('Ctrl Pts',(-1.9109997839704,11.5,3.92846704765604));
#6186=CARTESIAN_POINT('Ctrl Pts',(-1.9,11.5,3.79847624174828));
#6187=CARTESIAN_POINT('',(0.399999999999992,11.5,3.99127622626922));
#6188=CARTESIAN_POINT('Ctrl Pts',(0.399999858855063,11.,4.49172835285158));
#6189=CARTESIAN_POINT('Ctrl Pts',(0.399999399771646,11.0259822043556,4.491728374052));
#6190=CARTESIAN_POINT('Ctrl Pts',(0.399994575012672,11.0518464450026,4.48959819485178));
#6191=CARTESIAN_POINT('Ctrl Pts',(0.399989936142968,11.0773804739348,4.48548391711673));
#6192=CARTESIAN_POINT('Ctrl Pts',(0.399985180430281,11.1035576492159,4.48126600972296));
#6193=CARTESIAN_POINT('Ctrl Pts',(0.399980603703579,11.1293890644212,4.47496245890814));
#6194=CARTESIAN_POINT('Ctrl Pts',(0.399978247171872,11.154640706327,4.46667714413781));
#6195=CARTESIAN_POINT('Ctrl Pts',(0.399977146933341,11.1664304180092,4.46280882251724));
#6196=CARTESIAN_POINT('Ctrl Pts',(0.399976492151816,11.1780935507467,4.45850778810413));
#6197=CARTESIAN_POINT('Ctrl Pts',(0.3999762996248,11.1896046486988,4.45378108462981));
#6198=CARTESIAN_POINT('Ctrl Pts',(0.399975887537481,11.2142431518794,4.44366398727989));
#6199=CARTESIAN_POINT('Ctrl Pts',(0.3999778499901,11.2379951739265,4.43167841468458));
#6200=CARTESIAN_POINT('Ctrl Pts',(0.399981651911298,11.2606348132812,4.41794601286131));
#6201=CARTESIAN_POINT('Ctrl Pts',(0.399985388399438,11.2828848125582,4.40444995288206));
#6202=CARTESIAN_POINT('Ctrl Pts',(0.399990869432806,11.304061555701,4.3892660097434));
#6203=CARTESIAN_POINT('Ctrl Pts',(0.399995449961651,11.3239272664498,4.37246655479061));
#6204=CARTESIAN_POINT('Ctrl Pts',(0.399997604301477,11.3332706181215,4.36456534161472));
#6205=CARTESIAN_POINT('Ctrl Pts',(0.399999531405391,11.3423235162065,4.35630620331536));
#6206=CARTESIAN_POINT('Ctrl Pts',(0.400000817354183,11.3510582740171,4.34769389522623));
#6207=CARTESIAN_POINT('Ctrl Pts',(0.400000941786544,11.3519034760512,4.34686054180384));
#6208=CARTESIAN_POINT('Ctrl Pts',(0.400001060364994,11.35274540629,4.34602416752134));
#6209=CARTESIAN_POINT('Ctrl Pts',(0.400001172706764,11.3535840449969,4.34518478242026));
#6210=CARTESIAN_POINT('Ctrl Pts',(0.400003628885016,11.3719195772244,4.32683293144464));
#6211=CARTESIAN_POINT('Ctrl Pts',(0.400003242464785,11.3886845324959,4.30704538718811));
#6212=CARTESIAN_POINT('Ctrl Pts',(0.400002271371686,11.4038253477214,4.28607372211304));
#6213=CARTESIAN_POINT('Ctrl Pts',(0.400001277222432,11.419325643403,4.26460413776398));
#6214=CARTESIAN_POINT('Ctrl Pts',(0.399999614828505,11.4331244558504,4.24189238417565));
#6215=CARTESIAN_POINT('Ctrl Pts',(0.399998451694962,11.4451228723883,4.21817436844645));
#6216=CARTESIAN_POINT('Ctrl Pts',(0.399997959651298,11.4501985963771,4.20814086935729));
#6217=CARTESIAN_POINT('Ctrl Pts',(0.399997546760942,11.4549515661938,4.19792698561703));
#6218=CARTESIAN_POINT('Ctrl Pts',(0.399997274082452,11.4593716568193,4.18754959702608));
#6219=CARTESIAN_POINT('Ctrl Pts',(0.399996631760632,11.4697836283015,4.16310460636305));
#6220=CARTESIAN_POINT('Ctrl Pts',(0.399996703868144,11.4782910536281,4.13789628217995));
#6221=CARTESIAN_POINT('Ctrl Pts',(0.399997213637745,11.4847932097858,4.11216010921919));
#6222=CARTESIAN_POINT('Ctrl Pts',(0.399997349843801,11.4865305300316,4.10528362498054));
#6223=CARTESIAN_POINT('Ctrl Pts',(0.39999751603682,11.4881244205146,4.09836936222999));
#6224=CARTESIAN_POINT('Ctrl Pts',(0.399997706589607,11.4895723443665,4.09142165788888));
#6225=CARTESIAN_POINT('Ctrl Pts',(0.399998412627381,11.4949372038776,4.06567896591938));
#6226=CARTESIAN_POINT('Ctrl Pts',(0.39999943845304,11.4982808750959,4.03957930766972));
#6227=CARTESIAN_POINT('Ctrl Pts',(0.399999829050958,11.4994902562385,4.01334651559851));
#6228=CARTESIAN_POINT('Ctrl Pts',(0.399999938458891,11.4998290084045,4.00599861275725));
#6229=CARTESIAN_POINT('Ctrl Pts',(0.4,11.5,3.99864022256423));
#6230=CARTESIAN_POINT('Ctrl Pts',(0.4,11.5,3.99127622626922));
#6231=CARTESIAN_POINT('Ctrl Pts',(0.4,11.5,3.99127622626922));
#6232=CARTESIAN_POINT('Ctrl Pts',(-0.175096260804862,11.5,4.01638771867681));
#6233=CARTESIAN_POINT('Ctrl Pts',(-0.752954072902599,11.5,3.98797948669331));
#6234=CARTESIAN_POINT('Ctrl Pts',(-1.32248560267548,11.5,3.9037796012834));
#6235=CARTESIAN_POINT('Origin',(0.,11.5,4.49999999999993));
#6236=CARTESIAN_POINT('',(-1.9,11.5,0.999999999999927));
#6237=CARTESIAN_POINT('',(0.,11.5,0.999999999999927));
#6238=CARTESIAN_POINT('',(-1.9,11.5,2.24999999999996));
#6239=CARTESIAN_POINT('Origin',(0.,11.5,4.49999999999993));
#6240=CARTESIAN_POINT('',(0.,11.5,3.9036232331361));
#6241=CARTESIAN_POINT('',(0.4,11.5,0.999999999999927));
#6242=CARTESIAN_POINT('',(0.4,11.5,2.74999999999993));
#6243=CARTESIAN_POINT('',(0.,11.5,0.999999999999927));
#6244=CARTESIAN_POINT('Origin',(0.,11.,3.9036232331361));
#6245=CARTESIAN_POINT('',(-1.2,11.1054563029467,3.41487077210004));
#6246=CARTESIAN_POINT('',(0.,11.1054563029467,3.41487077210004));
#6247=CARTESIAN_POINT('Origin',(-1.2,11.,3.9036232331361));
#6248=CARTESIAN_POINT('Origin',(0.,2.43853863395071,1.54484214169985));
#6249=CARTESIAN_POINT('',(-1.2,2.43853863395071,1.54484214169985));
#6250=CARTESIAN_POINT('Origin',(-1.9,0.,4.10524612658271));
#6251=CARTESIAN_POINT('Origin',(-1.9,11.,4.10524612658271));
#6252=CARTESIAN_POINT('Ctrl Pts',(-2.09999600762381,3.195133796064,4.10522363157));
#6253=CARTESIAN_POINT('Ctrl Pts',(-2.09999438990721,3.19262138938148,4.11665762138308));
#6254=CARTESIAN_POINT('Ctrl Pts',(-2.09901621352093,3.18923232931142,4.12781103966053));
#6255=CARTESIAN_POINT('Ctrl Pts',(-2.09719587000218,3.18514501252899,4.13857680726188));
#6256=CARTESIAN_POINT('Ctrl Pts',(-2.09581571470842,3.18204607442392,4.1467392397882));
#6257=CARTESIAN_POINT('Ctrl Pts',(-2.09395174063735,3.17854465806914,4.15467965998212));
#6258=CARTESIAN_POINT('Ctrl Pts',(-2.09166653075865,3.17470204043737,4.1623614291994));
#6259=CARTESIAN_POINT('Ctrl Pts',(-2.08837886451885,3.16917377610676,4.17341297135881));
#6260=CARTESIAN_POINT('Ctrl Pts',(-2.0842428196366,3.16297071982857,4.18386705119634));
#6261=CARTESIAN_POINT('Ctrl Pts',(-2.07942546504934,3.15626446961331,4.19365295110837));
#6262=CARTESIAN_POINT('Ctrl Pts',(-2.07604080685148,3.15155267928173,4.20052849364129));
#6263=CARTESIAN_POINT('Ctrl Pts',(-2.07232010851365,3.14659140527244,4.20707495507732));
#6264=CARTESIAN_POINT('Ctrl Pts',(-2.06832419412385,3.14142730887852,4.2132752397108));
#6265=CARTESIAN_POINT('Ctrl Pts',(-2.0660872507657,3.13853640832302,4.21674620634735));
#6266=CARTESIAN_POINT('Ctrl Pts',(-2.06376410626533,3.13558180877617,4.22010881929817));
#6267=CARTESIAN_POINT('Ctrl Pts',(-2.06136651884929,3.13257433899163,4.22336447269443));
#6268=CARTESIAN_POINT('Ctrl Pts',(-2.05471565888465,3.12423167742652,4.23239559067872));
#6269=CARTESIAN_POINT('Ctrl Pts',(-2.04745526629584,3.11544279360381,4.24065128864089));
#6270=CARTESIAN_POINT('Ctrl Pts',(-2.03973276380298,3.10638358668055,4.24815169934185));
#6271=CARTESIAN_POINT('Ctrl Pts',(-2.03143846360591,3.09665360836871,4.25620746339146));
#6272=CARTESIAN_POINT('Ctrl Pts',(-2.02261120564722,3.08661133527022,4.26339230567627));
#6273=CARTESIAN_POINT('Ctrl Pts',(-2.01343288611755,3.07641640481253,4.26972011364646));
#6274=CARTESIAN_POINT('Ctrl Pts',(-2.01196879626455,3.0747901491361,4.27072950097613));
#6275=CARTESIAN_POINT('Ctrl Pts',(-2.01049576986403,3.07315990543201,4.27171705278283));
#6276=CARTESIAN_POINT('Ctrl Pts',(-2.00901454048903,3.07152620985031,4.27268279232452));
#6277=CARTESIAN_POINT('Ctrl Pts',(-1.99783480863781,3.05919572354068,4.27997181136266));
#6278=CARTESIAN_POINT('Ctrl Pts',(-1.98608683569937,3.04657431159423,4.28608184434155));
#6279=CARTESIAN_POINT('Ctrl Pts',(-1.97396044554957,3.03385095990631,4.29096657412677));
#6280=CARTESIAN_POINT('Ctrl Pts',(-1.9637098360428,3.02309573034838,4.29509570546395));
#6281=CARTESIAN_POINT('Ctrl Pts',(-1.95318879331324,3.01226615227242,4.29834891868797));
#6282=CARTESIAN_POINT('Ctrl Pts',(-1.94250830891733,3.00145807264073,4.30067624692732));
#6283=CARTESIAN_POINT('Ctrl Pts',(-1.94202804399421,3.00097207019543,4.3007808989334));
#6284=CARTESIAN_POINT('Ctrl Pts',(-1.9415473809373,3.00048604311822,4.30088369131556));
#6285=CARTESIAN_POINT('Ctrl Pts',(-1.94106632860499,3.,4.30098461706147));
#6286=CARTESIAN_POINT('Ctrl Pts',(-2.1,11.3,3.79847624174828));
#6287=CARTESIAN_POINT('Ctrl Pts',(-2.1,11.3,3.87790657313912));
#6288=CARTESIAN_POINT('Ctrl Pts',(-2.1,11.2368328939602,4.03670470704193));
#6289=CARTESIAN_POINT('Ctrl Pts',(-2.1,11.0794303313908,4.10524612658271));
#6290=CARTESIAN_POINT('Ctrl Pts',(-2.1,11.,4.10524612658271));
#6291=CARTESIAN_POINT('Ctrl Pts',(-2.1,11.3523598775598,3.79847624174828));
#6292=CARTESIAN_POINT('Ctrl Pts',(-2.09994013843302,11.3505102840987,3.89116488796638));
#6293=CARTESIAN_POINT('Ctrl Pts',(-2.09993828179793,11.2736658290145,4.07337206911001));
#6294=CARTESIAN_POINT('Ctrl Pts',(-2.1,11.091741252257,4.1507125855227));
#6295=CARTESIAN_POINT('Ctrl Pts',(-2.1,11.,4.1507125855227));
#6296=CARTESIAN_POINT('Ctrl Pts',(-2.05663157089394,11.4566315708939,3.79847624174828));
#6297=CARTESIAN_POINT('Ctrl Pts',(-2.05984794539309,11.4512429703709,3.91745931540202));
#6298=CARTESIAN_POINT('Ctrl Pts',(-2.06558160726967,11.3472017469652,4.14639964092041));
#6299=CARTESIAN_POINT('Ctrl Pts',(-2.06772406370674,11.1162487275167,4.24143293971793));
#6300=CARTESIAN_POINT('Ctrl Pts',(-2.06772406370674,11.,4.24143293971793));
#6301=CARTESIAN_POINT('Ctrl Pts',(-1.95235987755983,11.5,3.79847624174828));
#6302=CARTESIAN_POINT('Ctrl Pts',(-1.96153304410382,11.4970556995446,3.92857265693165));
#6303=CARTESIAN_POINT('Ctrl Pts',(-1.97872737833973,11.3874719872119,4.18372541773579));
#6304=CARTESIAN_POINT('Ctrl Pts',(-1.98556400880663,11.1299181746911,4.2916489143448));
#6305=CARTESIAN_POINT('Ctrl Pts',(-1.98556400880663,11.,4.2916489143448));
#6306=CARTESIAN_POINT('Ctrl Pts',(-1.9,11.5,3.79847624174828));
#6307=CARTESIAN_POINT('Ctrl Pts',(-1.9109997839704,11.5,3.92846704765604));
#6308=CARTESIAN_POINT('Ctrl Pts',(-1.93228365955399,11.3947214899337,4.18858143656159));
#6309=CARTESIAN_POINT('Ctrl Pts',(-1.94106632860499,11.1323838856514,4.30098461706147));
#6310=CARTESIAN_POINT('Ctrl Pts',(-1.94106632860499,11.,4.30098461706147));
#6311=CARTESIAN_POINT('Origin',(-1.9,11.3,3.79847624174828));
#6312=CARTESIAN_POINT('Origin',(-1.9,11.3,2.24999999999996));
#6313=CARTESIAN_POINT('Origin',(-1.9,11.3,0.999999999999927));
#6314=CARTESIAN_POINT('Origin',(-1.9,8.,0.999999999999926));
#6315=CARTESIAN_POINT('Origin',(-1.9,8.,-2.30000000000007));
#6316=CARTESIAN_POINT('Origin',(-1.9,8.,0.999999999999926));
#6317=CARTESIAN_POINT('Origin',(-1.9,5.6,-2.30000000000007));
#6318=CARTESIAN_POINT('Ctrl Pts',(-3.1753251284743,3.,4.73053591563471));
#6319=CARTESIAN_POINT('Ctrl Pts',(-3.20415472026305,3.,4.58718246389867));
#6320=CARTESIAN_POINT('Ctrl Pts',(-3.13960242583698,3.,4.32819001114483));
#6321=CARTESIAN_POINT('Ctrl Pts',(-2.84445569225557,3.,4.12761262085619));
#6322=CARTESIAN_POINT('Ctrl Pts',(-2.64168733010243,3.,4.12439783936061));
#6323=CARTESIAN_POINT('Ctrl Pts',(-2.54794631789613,3.,4.15114570246159));
#6324=CARTESIAN_POINT('Ctrl Pts',(-3.1753251284743,3.05235987755983,4.73053591563471));
#6325=CARTESIAN_POINT('Ctrl Pts',(-3.20413063289176,3.05235987755983,4.5873022369375));
#6326=CARTESIAN_POINT('Ctrl Pts',(-3.13927532827255,3.05235987755983,4.32818615262801));
#6327=CARTESIAN_POINT('Ctrl Pts',(-2.84437204358953,3.05235987755983,4.12777416508279));
#6328=CARTESIAN_POINT('Ctrl Pts',(-2.64160900868247,3.05235987755983,4.12442018742972));
#6329=CARTESIAN_POINT('Ctrl Pts',(-2.54794631789613,3.05235987755983,4.15114570246159));
#6330=CARTESIAN_POINT('Ctrl Pts',(-3.21781038952403,3.156664104638,4.7390800610199));
#6331=CARTESIAN_POINT('Ctrl Pts',(-3.24915062568813,3.156664104638,4.58324257760119));
#6332=CARTESIAN_POINT('Ctrl Pts',(-3.17915356880858,3.156664104638,4.30186402786976));
#6333=CARTESIAN_POINT('Ctrl Pts',(-2.85830534335392,3.156664104638,4.08382030133497));
#6334=CARTESIAN_POINT('Ctrl Pts',(-2.63796004522207,3.156664104638,4.08039584180853));
#6335=CARTESIAN_POINT('Ctrl Pts',(-2.53605553397074,3.156664104638,4.1094730605431));
#6336=CARTESIAN_POINT('Ctrl Pts',(-3.32006724331667,3.2,4.75964477932101));
#6337=CARTESIAN_POINT('Ctrl Pts',(-3.3574047144081,3.2,4.57398639750025));
#6338=CARTESIAN_POINT('Ctrl Pts',(-3.27372938987965,3.2,4.23849328795887));
#6339=CARTESIAN_POINT('Ctrl Pts',(-2.8914814797623,3.2,3.97872320738085));
#6340=CARTESIAN_POINT('Ctrl Pts',(-2.62884071623046,3.2,3.97453067711559));
#6341=CARTESIAN_POINT('Ctrl Pts',(-2.50743586391823,3.2,4.00917208212086));
#6342=CARTESIAN_POINT('Ctrl Pts',(-3.37139935606243,3.2,4.76996810141889));
#6343=CARTESIAN_POINT('Ctrl Pts',(-3.41176078456667,3.2,4.56927326898843));
#6344=CARTESIAN_POINT('Ctrl Pts',(-3.32138757237018,3.2,4.20668383513306));
#6345=CARTESIAN_POINT('Ctrl Pts',(-2.9081821453562,3.2,3.92587548872896));
#6346=CARTESIAN_POINT('Ctrl Pts',(-2.62430643834181,3.2,3.92137479463515));
#6347=CARTESIAN_POINT('Ctrl Pts',(-2.49306902125299,3.2,3.95882180297653));
#6348=CARTESIAN_POINT('Origin',(-2.49306902125299,3.,3.95882180297653));
#6349=CARTESIAN_POINT('Origin',(-3.37139935606243,3.,4.76996810141889));
#6350=CARTESIAN_POINT('Ctrl Pts',(-1.9,3.2,4.1052461265827));
#6351=CARTESIAN_POINT('Ctrl Pts',(-2.0993257169064,3.2,4.06342719066529));
#6352=CARTESIAN_POINT('Ctrl Pts',(-2.29721730338681,3.2,4.01470571989058));
#6353=CARTESIAN_POINT('Ctrl Pts',(-2.49306902125299,3.2,3.95882180297653));
#6354=CARTESIAN_POINT('Ctrl Pts',(-1.91075113968795,3.2,4.15649034355878));
#6355=CARTESIAN_POINT('Ctrl Pts',(-2.11126265353169,3.2,4.11442262506125));
#6356=CARTESIAN_POINT('Ctrl Pts',(-2.31035334502507,3.2,4.06540719320916));
#6357=CARTESIAN_POINT('Ctrl Pts',(-2.50743586391824,3.2,4.00917208212086));
#6358=CARTESIAN_POINT('Ctrl Pts',(-1.93217026925478,3.15667467897713,4.25858245237885));
#6359=CARTESIAN_POINT('Ctrl Pts',(-2.13503350365491,3.15667467897713,4.21602133818322));
#6360=CARTESIAN_POINT('Ctrl Pts',(-2.33653494204194,3.15667467897713,4.16641484264527));
#6361=CARTESIAN_POINT('Ctrl Pts',(-2.53605843542647,3.15667467897713,4.10948322903378));
#6362=CARTESIAN_POINT('Ctrl Pts',(-1.94106632860499,3.05235987755983,4.30098461706147));
#6363=CARTESIAN_POINT('Ctrl Pts',(-2.14492351785694,3.05235987755983,4.25821496914076));
#6364=CARTESIAN_POINT('Ctrl Pts',(-2.34739114647814,3.05235987755983,4.20837169291149));
#6365=CARTESIAN_POINT('Ctrl Pts',(-2.54794631789613,3.05235987755983,4.15114570246159));
#6366=CARTESIAN_POINT('Ctrl Pts',(-1.94106632860499,3.,4.30098461706147));
#6367=CARTESIAN_POINT('Ctrl Pts',(-2.14491407237633,3.,4.25821695082157));
#6368=CARTESIAN_POINT('Ctrl Pts',(-2.34740095043939,3.,4.20836889546983));
#6369=CARTESIAN_POINT('Ctrl Pts',(-2.54794631789613,3.,4.15114570246159));
#6370=CARTESIAN_POINT('Ctrl Pts',(-2.92613319018651,3.,5.41286447108787));
#6371=CARTESIAN_POINT('Ctrl Pts',(-3.05662109424897,3.,5.22807763441921));
#6372=CARTESIAN_POINT('Ctrl Pts',(-3.12326364802975,3.,4.98940856908409));
#6373=CARTESIAN_POINT('Ctrl Pts',(-3.1753251284743,3.,4.7305359156347));
#6374=CARTESIAN_POINT('Ctrl Pts',(-2.92613319018651,3.05235987755983,5.41286447108787));
#6375=CARTESIAN_POINT('Ctrl Pts',(-3.05656626708939,3.05235987755983,5.228155276385));
#6376=CARTESIAN_POINT('Ctrl Pts',(-3.12326680425532,3.05235987755983,4.98939287493784));
#6377=CARTESIAN_POINT('Ctrl Pts',(-3.1753251284743,3.05235987755983,4.7305359156347));
#6378=CARTESIAN_POINT('Ctrl Pts',(-2.96153514239961,3.15666111265335,5.4378636897946));
#6379=CARTESIAN_POINT('Ctrl Pts',(-3.09773772151734,3.15666111265335,5.24498417408692));
#6380=CARTESIAN_POINT('Ctrl Pts',(-3.16542286662883,3.15666111265335,4.99958911674613));
#6381=CARTESIAN_POINT('Ctrl Pts',(-3.21781332277941,3.15666111265335,4.73908065092237));
#6382=CARTESIAN_POINT('Ctrl Pts',(-3.04673500715417,3.2,5.49802788751915));
#6383=CARTESIAN_POINT('Ctrl Pts',(-3.19658836420613,3.2,5.28581720015493));
#6384=CARTESIAN_POINT('Ctrl Pts',(-3.26689095520446,3.2,5.02406074841464));
#6385=CARTESIAN_POINT('Ctrl Pts',(-3.32006724331667,3.2,4.75964477932101));
#6386=CARTESIAN_POINT('Ctrl Pts',(-3.08950587638369,3.2,5.52823069406807));
#6387=CARTESIAN_POINT('Ctrl Pts',(-3.2462423006533,3.2,5.30627274141619));
#6388=CARTESIAN_POINT('Ctrl Pts',(-3.31782683161558,3.2,5.03635433241183));
#6389=CARTESIAN_POINT('Ctrl Pts',(-3.37139935606243,3.2,4.76996810141889));
#6390=CARTESIAN_POINT('Origin',(-3.08950587638369,3.,5.52823069406807));
#6391=CARTESIAN_POINT('Ctrl Pts',(-2.92613319018653,3.,5.41286447108787));
#6392=CARTESIAN_POINT('Ctrl Pts',(-2.92613319018653,3.,5.41286447108787));
#6393=CARTESIAN_POINT('Ctrl Pts',(-2.92613319018653,3.,5.41286447108787));
#6394=CARTESIAN_POINT('Ctrl Pts',(-2.92613319018653,3.,5.41286447108787));
#6395=CARTESIAN_POINT('Ctrl Pts',(-2.92613319018653,3.,5.41286447108787));
#6396=CARTESIAN_POINT('Ctrl Pts',(-2.92613319018653,3.,5.41286447108787));
#6397=CARTESIAN_POINT('Ctrl Pts',(-2.92613319018653,3.,5.41286447108787));
#6398=CARTESIAN_POINT('Ctrl Pts',(-2.92613319018653,3.,5.41286447108787));
#6399=CARTESIAN_POINT('Ctrl Pts',(-2.92613319018653,3.,5.41286447108787));
#6400=CARTESIAN_POINT('Ctrl Pts',(-2.92613319018653,3.2,5.41286447108787));
#6401=CARTESIAN_POINT('Ctrl Pts',(-2.92613319018653,3.2,5.41286447108787));
#6402=CARTESIAN_POINT('Ctrl Pts',(-2.92613319018653,3.2,5.41286447108787));
#6403=CARTESIAN_POINT('Ctrl Pts',(-2.92613319018653,3.2,5.41286447108787));
#6404=CARTESIAN_POINT('Ctrl Pts',(-2.92613319018653,3.2,5.41286447108787));
#6405=CARTESIAN_POINT('Ctrl Pts',(-2.92613319018653,3.2,5.41286447108787));
#6406=CARTESIAN_POINT('Ctrl Pts',(-2.92613319018653,3.2,5.41286447108787));
#6407=CARTESIAN_POINT('Ctrl Pts',(-2.92613319018653,3.2,5.41286447108787));
#6408=CARTESIAN_POINT('Ctrl Pts',(-2.92613319018653,3.2,5.41286447108787));
#6409=CARTESIAN_POINT('Ctrl Pts',(-3.0895058763837,3.2,5.52823069406808));
#6410=CARTESIAN_POINT('Ctrl Pts',(-2.9741396534035,3.2,5.69160338026525));
#6411=CARTESIAN_POINT('Ctrl Pts',(-2.81076696720632,3.2,5.57623715728505));
#6412=CARTESIAN_POINT('Ctrl Pts',(-2.64739428100914,3.2,5.46087093430484));
#6413=CARTESIAN_POINT('Ctrl Pts',(-2.76276050398935,3.2,5.29749824810767));
#6414=CARTESIAN_POINT('Ctrl Pts',(-2.87812672696956,3.2,5.13412556191049));
#6415=CARTESIAN_POINT('Ctrl Pts',(-3.04149941316673,3.2,5.24949178489069));
#6416=CARTESIAN_POINT('Ctrl Pts',(-3.20487209936391,3.2,5.3648580078709));
#6417=CARTESIAN_POINT('Ctrl Pts',(-3.0895058763837,3.2,5.52823069406808));
#6418=CARTESIAN_POINT('Origin',(0.,8.,0.999999999999926));
#6419=CARTESIAN_POINT('Origin',(1.9,0.,4.1052461265818));
#6420=CARTESIAN_POINT('Origin',(1.9,11.,4.1052461265818));
#6421=CARTESIAN_POINT('Ctrl Pts',(2.09999646847301,3.19513376808828,4.10522387947953));
#6422=CARTESIAN_POINT('Ctrl Pts',(2.09999483590649,3.19262134877442,4.11665785269451));
#6423=CARTESIAN_POINT('Ctrl Pts',(2.09901663602813,3.18923227358526,4.12781125053299));
#6424=CARTESIAN_POINT('Ctrl Pts',(2.09719626770524,3.18514494216459,4.1385769960098));
#6425=CARTESIAN_POINT('Ctrl Pts',(2.09581609315148,3.18204599194191,4.14673941444597));
#6426=CARTESIAN_POINT('Ctrl Pts',(2.09395209870483,3.17854456345984,4.15467981942187));
#6427=CARTESIAN_POINT('Ctrl Pts',(2.09166686949033,3.17470193475622,4.1623615731636));
#6428=CARTESIAN_POINT('Ctrl Pts',(2.08837917581629,3.1691736551419,4.17341309176923));
#6429=CARTESIAN_POINT('Ctrl Pts',(2.08424310617809,3.16297058605046,4.18386714778194));
#6430=CARTESIAN_POINT('Ctrl Pts',(2.07942573194849,3.1562643277795,4.19365302626883));
#6431=CARTESIAN_POINT('Ctrl Pts',(2.07604106052625,3.15155253259024,4.20052855257788));
#6432=CARTESIAN_POINT('Ctrl Pts',(2.07232035149427,3.14659125613523,4.20707499909229));
#6433=CARTESIAN_POINT('Ctrl Pts',(2.06832442861854,3.14142716025736,4.21327527110246));
#6434=CARTESIAN_POINT('Ctrl Pts',(2.06608748028791,3.13853625970385,4.21674623101684));
#6435=CARTESIAN_POINT('Ctrl Pts',(2.06376433145493,3.13558166106899,4.22010883794611));
#6436=CARTESIAN_POINT('Ctrl Pts',(2.0613667397957,3.13257419291827,4.22336448600638));
#6437=CARTESIAN_POINT('Ctrl Pts',(2.05471584682943,3.12423150925366,4.23239561801811));
#6438=CARTESIAN_POINT('Ctrl Pts',(2.04745541729383,3.11544260603035,4.24065133032176));
#6439=CARTESIAN_POINT('Ctrl Pts',(2.03973287052,3.10638338082398,4.24815175485044));
#6440=CARTESIAN_POINT('Ctrl Pts',(2.03143851952792,3.0966533790799,4.25620753689392));
#6441=CARTESIAN_POINT('Ctrl Pts',(2.02261120211748,3.0866110835991,4.26339239589606));
#6442=CARTESIAN_POINT('Ctrl Pts',(2.01343282012134,3.07641613022273,4.26972021708676));
#6443=CARTESIAN_POINT('Ctrl Pts',(2.01196878569249,3.07478994352122,4.2707295614447));
#6444=CARTESIAN_POINT('Ctrl Pts',(2.01049581545091,3.0731597691346,4.27171707213894));
#6445=CARTESIAN_POINT('Ctrl Pts',(2.00901464290647,3.0715261431355,4.27268277241353));
#6446=CARTESIAN_POINT('Ctrl Pts',(1.99783486142304,3.05919565418326,4.27997180709687));
#6447=CARTESIAN_POINT('Ctrl Pts',(1.98608683680708,3.04657423766573,4.28608185464116));
#6448=CARTESIAN_POINT('Ctrl Pts',(1.97396040571131,3.03385087609152,4.29096659304056));
#6449=CARTESIAN_POINT('Ctrl Pts',(1.96370980023064,3.02309567871688,4.29509571609524));
#6450=CARTESIAN_POINT('Ctrl Pts',(1.95318877194371,3.01226612959173,4.29834892324749));
#6451=CARTESIAN_POINT('Ctrl Pts',(1.9425083089445,3.00145807260197,4.30067624691434));
#6452=CARTESIAN_POINT('Ctrl Pts',(1.94202804400274,3.00097207018231,4.30078089892852));
#6453=CARTESIAN_POINT('Ctrl Pts',(1.94154738093714,3.00048604311797,4.30088369131469));
#6454=CARTESIAN_POINT('Ctrl Pts',(1.94106632860507,3.,4.30098461706055));
#6455=CARTESIAN_POINT('Ctrl Pts',(2.1,11.,4.1052461265818));
#6456=CARTESIAN_POINT('Ctrl Pts',(2.1,11.0794303378634,4.1052461265818));
#6457=CARTESIAN_POINT('Ctrl Pts',(2.1,11.2368328933874,4.03670469940118));
#6458=CARTESIAN_POINT('Ctrl Pts',(2.1,11.3,3.87790657961072));
#6459=CARTESIAN_POINT('Ctrl Pts',(2.1,11.3,3.79847624174734));
#6460=CARTESIAN_POINT('Ctrl Pts',(2.1,11.,4.15071258552178));
#6461=CARTESIAN_POINT('Ctrl Pts',(2.1,11.0917412597327,4.15071258552178));
#6462=CARTESIAN_POINT('Ctrl Pts',(2.09993828180337,11.2736658285394,4.07337206024843));
#6463=CARTESIAN_POINT('Ctrl Pts',(2.09994013842814,11.350510283948,3.89116489551836));
#6464=CARTESIAN_POINT('Ctrl Pts',(2.1,11.3523598775598,3.79847624174734));
#6465=CARTESIAN_POINT('Ctrl Pts',(2.06772406370676,11.,4.24143293971698));
#6466=CARTESIAN_POINT('Ctrl Pts',(2.06772406370676,11.1162487369894,4.24143293971698));
#6467=CARTESIAN_POINT('Ctrl Pts',(2.0655816069719,11.3472017466714,4.14639962963414));
#6468=CARTESIAN_POINT('Ctrl Pts',(2.05984794565518,11.4512429699318,3.91745932509664));
#6469=CARTESIAN_POINT('Ctrl Pts',(2.05663157089394,11.4566315708939,3.79847624174734));
#6470=CARTESIAN_POINT('Ctrl Pts',(1.9855640088067,11.,4.29164891434386));
#6471=CARTESIAN_POINT('Ctrl Pts',(1.9855640088067,11.1299181852778,4.29164891434386));
#6472=CARTESIAN_POINT('Ctrl Pts',(1.97872737747729,11.3874719865759,4.18372540530648));
#6473=CARTESIAN_POINT('Ctrl Pts',(1.96153304485133,11.4970556993047,3.92857266753187));
#6474=CARTESIAN_POINT('Ctrl Pts',(1.95235987755983,11.5,3.79847624174734));
#6475=CARTESIAN_POINT('Ctrl Pts',(1.94106632860508,11.,4.30098461706055));
#6476=CARTESIAN_POINT('Ctrl Pts',(1.94106632860508,11.132383896439,4.30098461706055));
#6477=CARTESIAN_POINT('Ctrl Pts',(1.93228365850817,11.3947214889789,4.18858142405374));
#6478=CARTESIAN_POINT('Ctrl Pts',(1.91099978486676,11.5,3.92846705824765));
#6479=CARTESIAN_POINT('Ctrl Pts',(1.9,11.5,3.79847624174734));
#6480=CARTESIAN_POINT('',(1.9,11.5,3.79847624174734));
#6481=CARTESIAN_POINT('Origin',(1.9,11.3,3.79847624174734));
#6482=CARTESIAN_POINT('Ctrl Pts',(1.9,11.5,3.79847624174734));
#6483=CARTESIAN_POINT('Ctrl Pts',(1.91099978486676,11.5,3.92846705824765));
#6484=CARTESIAN_POINT('Ctrl Pts',(1.93228365850817,11.3947214889789,4.18858142405374));
#6485=CARTESIAN_POINT('Ctrl Pts',(1.94106632860508,11.132383896439,4.30098461706055));
#6486=CARTESIAN_POINT('Ctrl Pts',(1.94106632860508,11.,4.30098461706055));
#6487=CARTESIAN_POINT('Origin',(1.9,11.3,2.24999999999996));
#6488=CARTESIAN_POINT('',(1.9,11.5,0.999999999999927));
#6489=CARTESIAN_POINT('Origin',(1.9,11.3,0.999999999999927));
#6490=CARTESIAN_POINT('',(1.9,11.5,2.24999999999996));
#6491=CARTESIAN_POINT('Origin',(1.9,8.,0.999999999999926));
#6492=CARTESIAN_POINT('Origin',(1.9,8.,-2.30000000000007));
#6493=CARTESIAN_POINT('Origin',(1.9,8.,0.999999999999926));
#6494=CARTESIAN_POINT('Origin',(1.9,10.7358953741403,-2.30000000000007));
#6495=CARTESIAN_POINT('Ctrl Pts',(2.55099406333799,3.2,3.94206657870542));
#6496=CARTESIAN_POINT('Ctrl Pts',(2.3362643377637,3.2,4.00502374041117));
#6497=CARTESIAN_POINT('Ctrl Pts',(2.11899622911401,3.2,4.05930027767864));
#6498=CARTESIAN_POINT('Ctrl Pts',(1.9,3.2,4.1052461265818));
#6499=CARTESIAN_POINT('Ctrl Pts',(2.565725472832,3.2,3.99231140284085));
#6500=CARTESIAN_POINT('Ctrl Pts',(2.34963780457187,3.2,4.05566670326275));
#6501=CARTESIAN_POINT('Ctrl Pts',(2.13105018643035,3.2,4.11027116089849));
#6502=CARTESIAN_POINT('Ctrl Pts',(1.91075113968797,3.2,4.15649034355787));
#6503=CARTESIAN_POINT('Ctrl Pts',(2.59507427479224,3.1566743817348,4.09241217009449));
#6504=CARTESIAN_POINT('Ctrl Pts',(2.3762934795488,3.1566743817348,4.15655707535815));
#6505=CARTESIAN_POINT('Ctrl Pts',(2.15505305569863,3.1566743817348,4.2118208922239));
#6506=CARTESIAN_POINT('Ctrl Pts',(1.93217020822159,3.1566743817348,4.2585821614691));
#6507=CARTESIAN_POINT('Ctrl Pts',(2.60726390269037,3.05235987755983,4.13398766972789));
#6508=CARTESIAN_POINT('Ctrl Pts',(2.38734485714574,3.05235987755983,4.1984663015312));
#6509=CARTESIAN_POINT('Ctrl Pts',(2.16504121963693,3.05235987755983,4.25399423488327));
#6510=CARTESIAN_POINT('Ctrl Pts',(1.94106632860507,3.05235987755983,4.30098461706055));
#6511=CARTESIAN_POINT('Ctrl Pts',(2.60726390269037,3.,4.13398766972789));
#6512=CARTESIAN_POINT('Ctrl Pts',(2.3873556738555,3.,4.19846313015218));
#6513=CARTESIAN_POINT('Ctrl Pts',(2.16503084202652,3.,4.25399641212679));
#6514=CARTESIAN_POINT('Ctrl Pts',(1.94106632860507,3.,4.30098461706055));
#6515=CARTESIAN_POINT('Origin',(2.55099406333798,3.,3.94206657870542));
#6516=CARTESIAN_POINT('Ctrl Pts',(3.42333683286747,3.2,4.7977390134979));
#6517=CARTESIAN_POINT('Ctrl Pts',(3.47909482836062,3.2,4.59301414023981));
#6518=CARTESIAN_POINT('Ctrl Pts',(3.40423526929914,3.2,4.21049389574642));
#6519=CARTESIAN_POINT('Ctrl Pts',(2.98178642252851,3.2,3.9079508266316));
#6520=CARTESIAN_POINT('Ctrl Pts',(2.68673477332487,3.2,3.90226841007347));
#6521=CARTESIAN_POINT('Ctrl Pts',(2.55099406333799,3.2,3.94206657870542));
#6522=CARTESIAN_POINT('Ctrl Pts',(3.3728171557861,3.2,4.78397968918039));
#6523=CARTESIAN_POINT('Ctrl Pts',(3.42439765285951,3.2,4.59459320509775));
#6524=CARTESIAN_POINT('Ctrl Pts',(3.35507439524525,3.2,4.24065870209424));
#6525=CARTESIAN_POINT('Ctrl Pts',(2.96427555878629,3.2,3.96078225549959));
#6526=CARTESIAN_POINT('Ctrl Pts',(2.69129622250289,3.2,3.95549499108696));
#6527=CARTESIAN_POINT('Ctrl Pts',(2.565725472832,3.2,3.99231140284085));
#6528=CARTESIAN_POINT('Ctrl Pts',(3.2721792151807,3.15666359746454,4.75657036783407));
#6529=CARTESIAN_POINT('Ctrl Pts',(3.31547472803919,3.15666359746454,4.59760359895719));
#6530=CARTESIAN_POINT('Ctrl Pts',(3.25752167506218,3.15666359746454,4.3007578335912));
#6531=CARTESIAN_POINT('Ctrl Pts',(2.92949612569926,3.15666359746454,4.06583743870927));
#6532=CARTESIAN_POINT('Ctrl Pts',(2.70047251274527,3.15666359746454,4.06149895081211));
#6533=CARTESIAN_POINT('Ctrl Pts',(2.59507124064647,3.15666359746454,4.09240182144993));
#6534=CARTESIAN_POINT('Ctrl Pts',(3.23036588092571,3.05235987755983,4.74518226600823));
#6535=CARTESIAN_POINT('Ctrl Pts',(3.27015974464681,3.05235987755983,4.59907239181535));
#6536=CARTESIAN_POINT('Ctrl Pts',(3.21637991525934,3.05235987755983,4.32571315402296));
#6537=CARTESIAN_POINT('Ctrl Pts',(2.91487950039329,3.05235987755983,4.1097890846155));
#6538=CARTESIAN_POINT('Ctrl Pts',(2.70414054373258,3.05235987755983,4.10558415764175));
#6539=CARTESIAN_POINT('Ctrl Pts',(2.60726390269037,3.05235987755983,4.1339876697279));
#6540=CARTESIAN_POINT('Ctrl Pts',(3.23036588092571,3.,4.74518226600823));
#6541=CARTESIAN_POINT('Ctrl Pts',(3.27019302056368,3.,4.59895021368103));
#6542=CARTESIAN_POINT('Ctrl Pts',(3.21672190694834,3.,4.32572146761432));
#6543=CARTESIAN_POINT('Ctrl Pts',(2.9149727306836,3.,4.10961927538945));
#6544=CARTESIAN_POINT('Ctrl Pts',(2.704221552681,3.,4.10556040641936));
#6545=CARTESIAN_POINT('Ctrl Pts',(2.60726390269037,3.,4.1339876697279));
#6546=CARTESIAN_POINT('Origin',(3.42333683286747,3.,4.7977390134979));
#6547=CARTESIAN_POINT('Ctrl Pts',(3.23036588092571,3.,4.74518226600823));
#6548=CARTESIAN_POINT('Ctrl Pts',(3.16050121173801,3.,5.0017021680988));
#6549=CARTESIAN_POINT('Ctrl Pts',(3.06920114845797,3.,5.23788812912496));
#6550=CARTESIAN_POINT('Ctrl Pts',(2.92028690990482,3.,5.42159695372451));
#6551=CARTESIAN_POINT('Ctrl Pts',(3.23036588092571,3.05235987755983,4.74518226600823));
#6552=CARTESIAN_POINT('Ctrl Pts',(3.16050764425407,3.05235987755983,5.00167855003248));
#6553=CARTESIAN_POINT('Ctrl Pts',(3.06914709019476,3.05235987755983,5.23795481838242));
#6554=CARTESIAN_POINT('Ctrl Pts',(2.92028690990482,3.05235987755983,5.42159695372451));
#6555=CARTESIAN_POINT('Ctrl Pts',(3.27218164520306,3.1566610789276,4.75657102966462));
#6556=CARTESIAN_POINT('Ctrl Pts',(3.20164651014834,3.1566610789276,5.01555266013038));
#6557=CARTESIAN_POINT('Ctrl Pts',(3.10850292083835,3.1566610789276,5.25822769893955));
#6558=CARTESIAN_POINT('Ctrl Pts',(2.95395414986343,3.1566610789276,5.44888759375528));
#6559=CARTESIAN_POINT('Ctrl Pts',(3.3728171557861,3.2,4.78397968918039));
#6560=CARTESIAN_POINT('Ctrl Pts',(3.30068046323692,3.2,5.04884170778005));
#6561=CARTESIAN_POINT('Ctrl Pts',(3.20298720237881,3.2,5.30730227371629));
#6562=CARTESIAN_POINT('Ctrl Pts',(3.03497909205232,3.2,5.51456635249849));
#6563=CARTESIAN_POINT('Ctrl Pts',(3.42333683286747,3.2,4.79773901349789));
#6564=CARTESIAN_POINT('Ctrl Pts',(3.35039259455494,3.2,5.06556607240416));
#6565=CARTESIAN_POINT('Ctrl Pts',(3.25044878635901,3.2,5.3319011861453));
#6566=CARTESIAN_POINT('Ctrl Pts',(3.0756541369863,3.2,5.54753751410524));
#6567=CARTESIAN_POINT('Origin',(-5.575,8.,0.499999999999926));
#6568=CARTESIAN_POINT('',(-5.7,8.71,0.499999999999926));
#6569=CARTESIAN_POINT('Origin',(-5.7,8.,0.499999999999926));
#6570=CARTESIAN_POINT('',(-5.575,8.835,0.499999999999926));
#6571=CARTESIAN_POINT('Origin',(-5.7,8.,0.499999999999926));
#6572=CARTESIAN_POINT('Ctrl Pts',(1.9,11.5,3.79847624174734));
#6573=CARTESIAN_POINT('Ctrl Pts',(1.64794724026212,11.5,3.85331207809494));
#6574=CARTESIAN_POINT('Ctrl Pts',(1.39339034680651,11.5,3.89665673258919));
#6575=CARTESIAN_POINT('Ctrl Pts',(1.13746090082399,11.5,3.92892130393109));
#6576=CARTESIAN_POINT('Ctrl Pts',(1.92782720956096,11.5,3.92638392826794));
#6577=CARTESIAN_POINT('Ctrl Pts',(1.67187235557983,11.5,3.98206869244144));
#6578=CARTESIAN_POINT('Ctrl Pts',(1.41352389258923,11.5,4.02605433290403));
#6579=CARTESIAN_POINT('Ctrl Pts',(1.15383359869717,11.5,4.05879302767169));
#6580=CARTESIAN_POINT('Ctrl Pts',(1.98327311786076,11.391718243044,4.18124088193144));
#6581=CARTESIAN_POINT('Ctrl Pts',(1.71958250736642,11.391718243044,4.23860861390352));
#6582=CARTESIAN_POINT('Ctrl Pts',(1.45360234772083,11.391718243044,4.28388471233388));
#6583=CARTESIAN_POINT('Ctrl Pts',(1.18645631291178,11.391718243044,4.31756333913554));
#6584=CARTESIAN_POINT('Ctrl Pts',(2.00629211089794,11.1308996938996,4.2870476154082));
#6585=CARTESIAN_POINT('Ctrl Pts',(1.7393305879574,11.1308996938996,4.34512695720274));
#6586=CARTESIAN_POINT('Ctrl Pts',(1.4702985481519,11.1308996938996,4.39091868858971));
#6587=CARTESIAN_POINT('Ctrl Pts',(1.19999999998241,11.1308996938996,4.42499474715946));
#6588=CARTESIAN_POINT('Ctrl Pts',(2.00629211089794,11.,4.2870476154082));
#6589=CARTESIAN_POINT('Ctrl Pts',(1.73936188179131,11.,4.34512014901085));
#6590=CARTESIAN_POINT('Ctrl Pts',(1.47026838707876,11.,4.3909224909427));
#6591=CARTESIAN_POINT('Ctrl Pts',(1.19999999998241,11.,4.42499474715946));
#6592=CARTESIAN_POINT('Ctrl Pts',(1.9,11.5,3.79847624174734));
#6593=CARTESIAN_POINT('Ctrl Pts',(1.66848702860832,11.5,3.84884350384272));
#6594=CARTESIAN_POINT('Ctrl Pts',(1.43486141837496,11.5,3.88951610908002));
#6595=CARTESIAN_POINT('Ctrl Pts',(1.20000004358914,11.5,3.92081262221107));
#6596=CARTESIAN_POINT('Origin',(3.00000000224903,-0.249999999999999,0.499999993252914));
#6597=CARTESIAN_POINT('',(1.13000000224903,-0.499999999999998,0.499999993252915));
#6598=CARTESIAN_POINT('',(0.880000002249028,-0.249999999999999,0.499999993252915));
#6599=CARTESIAN_POINT('Origin',(3.00000000224903,-0.499999999999998,0.499999993252914));
#6600=CARTESIAN_POINT('Origin',(3.00000000224903,-27.,0.499999993252914));
#6601=CARTESIAN_POINT('',(1.13000000224903,-26.01,0.499999993252915));
#6602=CARTESIAN_POINT('',(1.13000000224903,-27.,0.499999993252915));
#6603=CARTESIAN_POINT('Origin',(3.00000000224903,-26.01,0.499999993252914));
#6604=CARTESIAN_POINT('Origin',(3.00000000224903,-26.01,0.499999993252914));
#6605=CARTESIAN_POINT('Origin',(3.00000000224903,-26.36,0.499999993252914));
#6606=CARTESIAN_POINT('',(1.83000000224903,-26.71,0.499999993252914));
#6607=CARTESIAN_POINT('Origin',(3.00000000224903,-26.71,0.499999993252914));
#6608=CARTESIAN_POINT('',(1.48000000224903,-26.36,0.499999993252914));
#6609=CARTESIAN_POINT('Origin',(3.00000000224903,-26.71,0.499999993252914));
#6610=CARTESIAN_POINT('Ctrl Pts',(-6.5999999999992,0.,-2.18809451269408E-6));
#6611=CARTESIAN_POINT('Ctrl Pts',(-6.6000009755677,0.,1.36795492144279));
#6612=CARTESIAN_POINT('Ctrl Pts',(-5.48337480678507,0.,2.50447333829105));
#6613=CARTESIAN_POINT('Ctrl Pts',(-6.5999999999992,1.47757232331911,-2.18809451269408E-6));
#6614=CARTESIAN_POINT('Ctrl Pts',(-6.6000009755677,1.47757232331911,1.36795492144279));
#6615=CARTESIAN_POINT('Ctrl Pts',(-5.48337480678507,1.47757232331911,2.50447333829105));
#6616=CARTESIAN_POINT('Ctrl Pts',(5.49687021559678,1.81978124298008,2.49068264249053));
#6617=CARTESIAN_POINT('Ctrl Pts',(6.60000000000057,1.81978124298008,1.35890566298921));
#6618=CARTESIAN_POINT('Ctrl Pts',(6.59999999999998,1.81978124298008,-2.87603073506512E-12));
#6619=CARTESIAN_POINT('Ctrl Pts',(5.49687021559678,3.,2.49068264249053));
#6620=CARTESIAN_POINT('Ctrl Pts',(6.60000000000057,3.,1.35890566298921));
#6621=CARTESIAN_POINT('Ctrl Pts',(6.59999999999998,3.,-2.87603073506512E-12));
#6622=CARTESIAN_POINT('Origin',(0.,3.71134744808531,-1.22367202266535));
#6623=CARTESIAN_POINT('',(-1.2,2.23032917718244,-1.22367202266535));
#6624=CARTESIAN_POINT('Origin',(-1.2,7.21543256868354,-3.33512336163832));
#6625=CARTESIAN_POINT('Origin',(0.,8.,0.999999999999926));
#6626=CARTESIAN_POINT('Origin',(0.4,8.,0.999999999999926));
#6627=CARTESIAN_POINT('Origin',(0.4,8.,0.999999999999927));
#6628=CARTESIAN_POINT('Origin',(0.4,8.,0.999999999999926));
#6629=CARTESIAN_POINT('Origin',(0.,8.,0.999999999999926));
#6630=CARTESIAN_POINT('Origin',(0.,11.5,4.49999999999993));
#6631=CARTESIAN_POINT('',(0.,11.5,0.999999999999927));
#6632=CARTESIAN_POINT('Origin',(0.,8.,0.999999999999926));
#6633=CARTESIAN_POINT('Origin',(9.84439960450233E-16,0.,-12.7));
#6634=CARTESIAN_POINT('',(5.44186046511625,0.,-4.31035431748129));
#6635=CARTESIAN_POINT('',(-5.44186046511629,0.,-4.31035431748133));
#6636=CARTESIAN_POINT('Origin',(5.84999999999996,0.,-3.68113089129239));
#6637=CARTESIAN_POINT('Origin',(-5.85000000000002,0.,-3.68113089129242));
#6638=UNCERTAINTY_MEASURE_WITH_UNIT(LENGTH_MEASURE(0.01),#6642,
'DISTANCE_ACCURACY_VALUE',
'Maximum model space distance between geometric entities at asserted c
onnectivities');
#6639=UNCERTAINTY_MEASURE_WITH_UNIT(LENGTH_MEASURE(0.01),#6642,
'DISTANCE_ACCURACY_VALUE',
'Maximum model space distance between geometric entities at asserted c
onnectivities');
#6640=(
GEOMETRIC_REPRESENTATION_CONTEXT(3)
GLOBAL_UNCERTAINTY_ASSIGNED_CONTEXT((#6638))
GLOBAL_UNIT_ASSIGNED_CONTEXT((#6642,#6644,#6645))
REPRESENTATION_CONTEXT('','3D')
);
#6641=(
GEOMETRIC_REPRESENTATION_CONTEXT(3)
GLOBAL_UNCERTAINTY_ASSIGNED_CONTEXT((#6639))
GLOBAL_UNIT_ASSIGNED_CONTEXT((#6642,#6644,#6645))
REPRESENTATION_CONTEXT('','3D')
);
#6642=(
LENGTH_UNIT()
NAMED_UNIT(*)
SI_UNIT(.MILLI.,.METRE.)
);
#6643=(
LENGTH_UNIT()
NAMED_UNIT(*)
SI_UNIT($,.METRE.)
);
#6644=(
NAMED_UNIT(*)
PLANE_ANGLE_UNIT()
SI_UNIT($,.RADIAN.)
);
#6645=(
NAMED_UNIT(*)
SI_UNIT($,.STERADIAN.)
SOLID_ANGLE_UNIT()
);
#6646=SHAPE_DEFINITION_REPRESENTATION(#6647,#6648);
#6647=PRODUCT_DEFINITION_SHAPE('',$,#6650);
#6648=SHAPE_REPRESENTATION('',(#2299),#6640);
#6649=PRODUCT_DEFINITION_CONTEXT('part definition',#6654,'design');
#6650=PRODUCT_DEFINITION('2026-08-27-17-11-10-108','(Unsaved)',#6651,#6649);
#6651=PRODUCT_DEFINITION_FORMATION('',$,#6656);
#6652=PRODUCT_RELATED_PRODUCT_CATEGORY('(Unsaved)','(Unsaved)',(#6656));
#6653=APPLICATION_PROTOCOL_DEFINITION('international standard',
'automotive_design',2009,#6654);
#6654=APPLICATION_CONTEXT(
'Core Data for Automotive Mechanical Design Process');
#6655=PRODUCT_CONTEXT('part definition',#6654,'mechanical');
#6656=PRODUCT('2026-08-27-17-11-10-108','(Unsaved)',$,(#6655));
#6657=PRESENTATION_STYLE_ASSIGNMENT((#6658));
#6658=SURFACE_STYLE_USAGE(.BOTH.,#6659);
#6659=SURFACE_SIDE_STYLE('',(#6660));
#6660=SURFACE_STYLE_FILL_AREA(#6661);
#6661=FILL_AREA_STYLE('Steel - Satin',(#6662));
#6662=FILL_AREA_STYLE_COLOUR('Steel - Satin',#6663);
#6663=COLOUR_RGB('Steel - Satin',0.627450980392157,0.627450980392157,0.627450980392157);
ENDSEC;
END-ISO-10303-21;
