ISO-10303-21;
HEADER;
/* Generated by software containing ST-Developer
 * from STEP Tools, Inc. (www.steptools.com) 
 */

FILE_DESCRIPTION(
/* description */ (''),
/* implementation_level */ '2;1');

FILE_NAME(
/* name */ 'zero_finger5_mcp_center_v3.step',
/* time_stamp */ '2026-08-27T17:11:20+02:00',
/* author */ (''),
/* organization */ (''),
/* preprocessor_version */ 'ST-DEVELOPER v20.1',
/* originating_system */ 'Autodesk Translation Framework v15.8.0.0',
/* authorisation */ '');

FILE_SCHEMA (('AUTOMOTIVE_DESIGN { 1 0 10303 214 3 1 1 }'));
ENDSEC;

DATA;
#10=MECHANICAL_DESIGN_GEOMETRIC_PRESENTATION_REPRESENTATION('',(#13),#6191);
#11=SHAPE_REPRESENTATION_RELATIONSHIP('SRR','None',#6198,#12);
#12=ADVANCED_BREP_SHAPE_REPRESENTATION('',(#14),#6190);
#13=STYLED_ITEM('',(#6207),#14);
#14=MANIFOLD_SOLID_BREP('zero_finger5_mcp_center_v3',#2044);
#15=(
BOUNDED_SURFACE()
B_SPLINE_SURFACE(2,2,((#3315,#3316,#3317,#3318,#3319),(#3320,#3321,#3322,
#3323,#3324),(#3325,#3326,#3327,#3328,#3329)),.UNSPECIFIED.,.F.,.F.,.F.)
B_SPLINE_SURFACE_WITH_KNOTS((3,3),(3,2,3),(-1.04777538304051,1.38916794873018E-16),
(-1.57079631625818,0.,1.57079631625819),.UNSPECIFIED.)
GEOMETRIC_REPRESENTATION_ITEM()
RATIONAL_B_SPLINE_SURFACE(((1.,0.707106784911838,1.,0.707106784911838,1.),
(0.865880909680859,0.61227026616097,0.865880909680859,0.61227026616097,
0.865880909680859),(1.,0.707106784911838,1.,0.707106784911838,1.)))
REPRESENTATION_ITEM('')
SURFACE()
);
#16=(
BOUNDED_SURFACE()
B_SPLINE_SURFACE(2,2,((#3534,#3535,#3536,#3537,#3538),(#3539,#3540,#3541,
#3542,#3543),(#3544,#3545,#3546,#3547,#3548)),.UNSPECIFIED.,.F.,.F.,.F.)
B_SPLINE_SURFACE_WITH_KNOTS((3,3),(3,2,3),(-1.04777538304051,0.),(-1.5707963267949,
4.44089209850063E-16,1.5707963267949),.UNSPECIFIED.)
GEOMETRIC_REPRESENTATION_ITEM()
RATIONAL_B_SPLINE_SURFACE(((1.,0.707106781186547,1.,0.707106781186547,1.),
(0.865880909680859,0.612270262935312,0.865880909680859,0.612270262935312,
0.865880909680859),(1.,0.707106781186547,1.,0.707106781186547,1.)))
REPRESENTATION_ITEM('')
SURFACE()
);
#17=(
BOUNDED_SURFACE()
B_SPLINE_SURFACE(1,2,((#5560,#5561,#5562,#5563,#5564),(#5565,#5566,#5567,
#5568,#5569)),.UNSPECIFIED.,.F.,.F.,.F.)
B_SPLINE_SURFACE_WITH_KNOTS((2,2),(3,2,3),(-0.303030303030302,1.96969696969697),
(-3.14159272347448,-1.57079636139121,6.92053775971773E-10),
 .UNSPECIFIED.)
GEOMETRIC_REPRESENTATION_ITEM()
RATIONAL_B_SPLINE_SURFACE(((1.,0.707106768710224,1.,0.707106768710224,1.),
(1.,0.707106768710224,1.,0.707106768710224,1.)))
REPRESENTATION_ITEM('')
SURFACE()
);
#18=(
BOUNDED_SURFACE()
B_SPLINE_SURFACE(5,1,((#5639,#5640),(#5641,#5642),(#5643,#5644),(#5645,
#5646),(#5647,#5648),(#5649,#5650),(#5651,#5652),(#5653,#5654),(#5655,#5656),
(#5657,#5658),(#5659,#5660),(#5661,#5662),(#5663,#5664),(#5665,#5666),(#5667,
#5668),(#5669,#5670),(#5671,#5672),(#5673,#5674),(#5675,#5676),(#5677,#5678),
(#5679,#5680),(#5681,#5682),(#5683,#5684),(#5685,#5686),(#5687,#5688),(#5689,
#5690),(#5691,#5692),(#5693,#5694),(#5695,#5696),(#5697,#5698)),
 .UNSPECIFIED.,.F.,.F.,.F.)
B_SPLINE_SURFACE_WITH_KNOTS((6,5,1,1,1,1,1,1,1,1,1,1,1,1,1,1,1,1,1,1,1,
6),(2,2),(-1.2737157517804,0.,0.05,0.1,0.15,0.2,0.25,0.3,0.35,0.4,0.45,
0.5,0.55,0.6,0.65,0.7,0.75,0.8,0.85,0.9,0.95,1.),(-0.31,0.694),
 .UNSPECIFIED.)
GEOMETRIC_REPRESENTATION_ITEM()
RATIONAL_B_SPLINE_SURFACE(((1.,1.),(1.,1.),(1.,1.),(1.,1.),(1.,1.),(1.,
1.),(1.,1.),(1.,1.),(1.,1.),(1.,1.),(1.,1.),(1.,1.),(1.,1.),(1.,1.),(1.,
1.),(1.,1.),(1.,1.),(1.,1.),(1.,1.),(1.,1.),(1.,1.),(1.,1.),(1.,1.),(1.,
1.),(1.,1.),(1.,1.),(1.,1.),(1.,1.),(1.,1.),(1.,1.)))
REPRESENTATION_ITEM('')
SURFACE()
);
#19=(
BOUNDED_SURFACE()
B_SPLINE_SURFACE(5,1,((#5738,#5739),(#5740,#5741),(#5742,#5743),(#5744,
#5745),(#5746,#5747),(#5748,#5749),(#5750,#5751),(#5752,#5753),(#5754,#5755),
(#5756,#5757),(#5758,#5759),(#5760,#5761),(#5762,#5763),(#5764,#5765),(#5766,
#5767),(#5768,#5769),(#5770,#5771),(#5772,#5773),(#5774,#5775),(#5776,#5777),
(#5778,#5779),(#5780,#5781),(#5782,#5783),(#5784,#5785),(#5786,#5787),(#5788,
#5789),(#5790,#5791),(#5792,#5793),(#5794,#5795),(#5796,#5797)),
 .UNSPECIFIED.,.F.,.F.,.F.)
B_SPLINE_SURFACE_WITH_KNOTS((6,1,1,1,1,1,1,1,1,1,1,1,1,1,1,1,1,1,1,1,5,
6),(2,2),(0.,0.05,0.1,0.15,0.2,0.25,0.3,0.35,0.4,0.45,0.5,0.55,0.6,0.65,
0.7,0.75,0.8,0.85,0.9,0.95,1.,2.26599932864734),(-0.694,0.31),
 .UNSPECIFIED.)
GEOMETRIC_REPRESENTATION_ITEM()
RATIONAL_B_SPLINE_SURFACE(((1.,1.),(1.,1.),(1.,1.),(1.,1.),(1.,1.),(1.,
1.),(1.,1.),(1.,1.),(1.,1.),(1.,1.),(1.,1.),(1.,1.),(1.,1.),(1.,1.),(1.,
1.),(1.,1.),(1.,1.),(1.,1.),(1.,1.),(1.,1.),(1.,1.),(1.,1.),(1.,1.),(1.,
1.),(1.,1.),(1.,1.),(1.,1.),(1.,1.),(1.,1.),(1.,1.)))
REPRESENTATION_ITEM('')
SURFACE()
);
#20=(
BOUNDED_SURFACE()
B_SPLINE_SURFACE(5,1,((#5865,#5866),(#5867,#5868),(#5869,#5870),(#5871,
#5872),(#5873,#5874),(#5875,#5876),(#5877,#5878),(#5879,#5880),(#5881,#5882),
(#5883,#5884),(#5885,#5886),(#5887,#5888),(#5889,#5890),(#5891,#5892),(#5893,
#5894),(#5895,#5896),(#5897,#5898),(#5899,#5900),(#5901,#5902),(#5903,#5904),
(#5905,#5906),(#5907,#5908),(#5909,#5910),(#5911,#5912),(#5913,#5914),(#5915,
#5916),(#5917,#5918),(#5919,#5920),(#5921,#5922),(#5923,#5924)),
 .UNSPECIFIED.,.F.,.F.,.F.)
B_SPLINE_SURFACE_WITH_KNOTS((6,5,1,1,1,1,1,1,1,1,1,1,1,1,1,1,1,1,1,1,1,
6),(2,2),(-1.2737157517804,0.,0.05,0.1,0.15,0.2,0.25,0.3,0.35,0.4,0.45,
0.5,0.55,0.6,0.65,0.7,0.75,0.8,0.85,0.9,0.95,1.),(-0.31,0.694),
 .UNSPECIFIED.)
GEOMETRIC_REPRESENTATION_ITEM()
RATIONAL_B_SPLINE_SURFACE(((1.,1.),(1.,1.),(1.,1.),(1.,1.),(1.,1.),(1.,
1.),(1.,1.),(1.,1.),(1.,1.),(1.,1.),(1.,1.),(1.,1.),(1.,1.),(1.,1.),(1.,
1.),(1.,1.),(1.,1.),(1.,1.),(1.,1.),(1.,1.),(1.,1.),(1.,1.),(1.,1.),(1.,
1.),(1.,1.),(1.,1.),(1.,1.),(1.,1.),(1.,1.),(1.,1.)))
REPRESENTATION_ITEM('')
SURFACE()
);
#21=(
BOUNDED_SURFACE()
B_SPLINE_SURFACE(5,1,((#5937,#5938),(#5939,#5940),(#5941,#5942),(#5943,
#5944),(#5945,#5946),(#5947,#5948),(#5949,#5950),(#5951,#5952),(#5953,#5954),
(#5955,#5956),(#5957,#5958),(#5959,#5960),(#5961,#5962),(#5963,#5964),(#5965,
#5966),(#5967,#5968),(#5969,#5970),(#5971,#5972),(#5973,#5974),(#5975,#5976),
(#5977,#5978),(#5979,#5980),(#5981,#5982),(#5983,#5984),(#5985,#5986),(#5987,
#5988),(#5989,#5990),(#5991,#5992),(#5993,#5994),(#5995,#5996)),
 .UNSPECIFIED.,.F.,.F.,.F.)
B_SPLINE_SURFACE_WITH_KNOTS((6,5,1,1,1,1,1,1,1,1,1,1,1,1,1,1,1,1,1,1,1,
6),(2,2),(-1.2737157517804,0.,0.05,0.1,0.15,0.2,0.25,0.3,0.35,0.4,0.45,
0.5,0.55,0.6,0.65,0.7,0.75,0.8,0.85,0.9,0.95,1.),(-0.694,0.266),
 .UNSPECIFIED.)
GEOMETRIC_REPRESENTATION_ITEM()
RATIONAL_B_SPLINE_SURFACE(((1.,1.),(1.,1.),(1.,1.),(1.,1.),(1.,1.),(1.,
1.),(1.,1.),(1.,1.),(1.,1.),(1.,1.),(1.,1.),(1.,1.),(1.,1.),(1.,1.),(1.,
1.),(1.,1.),(1.,1.),(1.,1.),(1.,1.),(1.,1.),(1.,1.),(1.,1.),(1.,1.),(1.,
1.),(1.,1.),(1.,1.),(1.,1.),(1.,1.),(1.,1.),(1.,1.)))
REPRESENTATION_ITEM('')
SURFACE()
);
#22=(
BOUNDED_SURFACE()
B_SPLINE_SURFACE(5,1,((#6009,#6010),(#6011,#6012),(#6013,#6014),(#6015,
#6016),(#6017,#6018),(#6019,#6020),(#6021,#6022),(#6023,#6024),(#6025,#6026),
(#6027,#6028),(#6029,#6030),(#6031,#6032),(#6033,#6034),(#6035,#6036),(#6037,
#6038),(#6039,#6040),(#6041,#6042),(#6043,#6044),(#6045,#6046),(#6047,#6048),
(#6049,#6050),(#6051,#6052),(#6053,#6054),(#6055,#6056),(#6057,#6058),(#6059,
#6060),(#6061,#6062),(#6063,#6064),(#6065,#6066),(#6067,#6068)),
 .UNSPECIFIED.,.F.,.F.,.F.)
B_SPLINE_SURFACE_WITH_KNOTS((6,1,1,1,1,1,1,1,1,1,1,1,1,1,1,1,1,1,1,1,5,
6),(2,2),(0.,0.05,0.1,0.15,0.2,0.25,0.3,0.35,0.4,0.45,0.5,0.55,0.6,0.65,
0.7,0.75,0.8,0.85,0.9,0.95,1.,2.26599932864734),(-0.694,0.31),
 .UNSPECIFIED.)
GEOMETRIC_REPRESENTATION_ITEM()
RATIONAL_B_SPLINE_SURFACE(((1.,1.),(1.,1.),(1.,1.),(1.,1.),(1.,1.),(1.,
1.),(1.,1.),(1.,1.),(1.,1.),(1.,1.),(1.,1.),(1.,1.),(1.,1.),(1.,1.),(1.,
1.),(1.,1.),(1.,1.),(1.,1.),(1.,1.),(1.,1.),(1.,1.),(1.,1.),(1.,1.),(1.,
1.),(1.,1.),(1.,1.),(1.,1.),(1.,1.),(1.,1.),(1.,1.)))
REPRESENTATION_ITEM('')
SURFACE()
);
#23=(
BOUNDED_SURFACE()
B_SPLINE_SURFACE(5,1,((#6081,#6082),(#6083,#6084),(#6085,#6086),(#6087,
#6088),(#6089,#6090),(#6091,#6092),(#6093,#6094),(#6095,#6096),(#6097,#6098),
(#6099,#6100),(#6101,#6102),(#6103,#6104),(#6105,#6106),(#6107,#6108),(#6109,
#6110),(#6111,#6112),(#6113,#6114),(#6115,#6116),(#6117,#6118),(#6119,#6120),
(#6121,#6122),(#6123,#6124),(#6125,#6126),(#6127,#6128),(#6129,#6130),(#6131,
#6132),(#6133,#6134),(#6135,#6136),(#6137,#6138),(#6139,#6140)),
 .UNSPECIFIED.,.F.,.F.,.F.)
B_SPLINE_SURFACE_WITH_KNOTS((6,1,1,1,1,1,1,1,1,1,1,1,1,1,1,1,1,1,1,1,5,
6),(2,2),(0.,0.05,0.1,0.15,0.2,0.25,0.3,0.35,0.4,0.45,0.5,0.55,0.6,0.65,
0.7,0.75,0.8,0.85,0.9,0.95,1.,2.26599932864734),(-0.266,0.694),
 .UNSPECIFIED.)
GEOMETRIC_REPRESENTATION_ITEM()
RATIONAL_B_SPLINE_SURFACE(((1.,1.),(1.,1.),(1.,1.),(1.,1.),(1.,1.),(1.,
1.),(1.,1.),(1.,1.),(1.,1.),(1.,1.),(1.,1.),(1.,1.),(1.,1.),(1.,1.),(1.,
1.),(1.,1.),(1.,1.),(1.,1.),(1.,1.),(1.,1.),(1.,1.),(1.,1.),(1.,1.),(1.,
1.),(1.,1.),(1.,1.),(1.,1.),(1.,1.),(1.,1.),(1.,1.)))
REPRESENTATION_ITEM('')
SURFACE()
);
#24=(
BOUNDED_SURFACE()
B_SPLINE_SURFACE(5,1,((#6157,#6158),(#6159,#6160),(#6161,#6162),(#6163,
#6164),(#6165,#6166),(#6167,#6168),(#6169,#6170),(#6171,#6172),(#6173,#6174),
(#6175,#6176),(#6177,#6178),(#6179,#6180),(#6181,#6182),(#6183,#6184),(#6185,
#6186)),.UNSPECIFIED.,.F.,.F.,.F.)
B_SPLINE_SURFACE_WITH_KNOTS((6,1,1,1,1,1,1,1,1,1,6),(2,2),(0.265895001544197,
0.3,0.35,0.4,0.45,0.5,0.55,0.6,0.65,0.7,0.716191797871285),(-0.15,0.15),
 .UNSPECIFIED.)
GEOMETRIC_REPRESENTATION_ITEM()
RATIONAL_B_SPLINE_SURFACE(((1.,1.),(1.,1.),(1.,1.),(1.,1.),(1.,1.),(1.,
1.),(1.,1.),(1.,1.),(1.,1.),(1.,1.),(1.,1.),(1.,1.),(1.,1.),(1.,1.),(1.,
1.)))
REPRESENTATION_ITEM('')
SURFACE()
);
#25=FACE_BOUND('',#350,.T.);
#26=FACE_BOUND('',#351,.T.);
#27=FACE_BOUND('',#352,.T.);
#28=FACE_BOUND('',#355,.T.);
#29=FACE_BOUND('',#356,.T.);
#30=FACE_BOUND('',#357,.T.);
#31=FACE_BOUND('',#369,.T.);
#32=FACE_BOUND('',#370,.T.);
#33=FACE_BOUND('',#436,.T.);
#34=FACE_BOUND('',#438,.T.);
#35=FACE_BOUND('',#439,.T.);
#36=FACE_BOUND('',#463,.T.);
#37=ELLIPSE('',#2086,6.60000000000001,4.5);
#38=ELLIPSE('',#2100,6.60000000000001,4.5);
#39=PLANE('',#2083);
#40=PLANE('',#2084);
#41=PLANE('',#2085);
#42=PLANE('',#2099);
#43=PLANE('',#2110);
#44=PLANE('',#2111);
#45=PLANE('',#2123);
#46=PLANE('',#2133);
#47=PLANE('',#2138);
#48=PLANE('',#2143);
#49=PLANE('',#2175);
#50=PLANE('',#2178);
#51=PLANE('',#2181);
#52=PLANE('',#2184);
#53=PLANE('',#2190);
#54=PLANE('',#2195);
#55=PLANE('',#2197);
#56=PLANE('',#2209);
#57=(
BOUNDED_CURVE()
B_SPLINE_CURVE(2,(#3101,#3102,#3103),.UNSPECIFIED.,.F.,.F.)
B_SPLINE_CURVE_WITH_KNOTS((3,3),(0.,0.0380504278967376),.UNSPECIFIED.)
CURVE()
GEOMETRIC_REPRESENTATION_ITEM()
RATIONAL_B_SPLINE_CURVE((1.,1.,1.))
REPRESENTATION_ITEM('')
);
#58=(
BOUNDED_CURVE()
B_SPLINE_CURVE(2,(#3107,#3108,#3109),.UNSPECIFIED.,.F.,.F.)
B_SPLINE_CURVE_WITH_KNOTS((3,3),(0.,0.0380866480292644),.UNSPECIFIED.)
CURVE()
GEOMETRIC_REPRESENTATION_ITEM()
RATIONAL_B_SPLINE_CURVE((1.,1.,1.))
REPRESENTATION_ITEM('')
);
#59=(
BOUNDED_CURVE()
B_SPLINE_CURVE(2,(#3110,#3111,#3112),.UNSPECIFIED.,.F.,.F.)
B_SPLINE_CURVE_WITH_KNOTS((3,3),(0.,0.00329887648861486),.UNSPECIFIED.)
CURVE()
GEOMETRIC_REPRESENTATION_ITEM()
RATIONAL_B_SPLINE_CURVE((1.,1.0084153888259,1.01669732802535))
REPRESENTATION_ITEM('')
);
#60=(
BOUNDED_CURVE()
B_SPLINE_CURVE(2,(#3113,#3114,#3115),.UNSPECIFIED.,.F.,.F.)
B_SPLINE_CURVE_WITH_KNOTS((3,3),(0.410538697336754,0.413879860312799),
 .UNSPECIFIED.)
CURVE()
GEOMETRIC_REPRESENTATION_ITEM()
RATIONAL_B_SPLINE_CURVE((1.01663611770869,1.00838575525046,1.))
REPRESENTATION_ITEM('')
);
#61=(
BOUNDED_CURVE()
B_SPLINE_CURVE(2,(#3234,#3235,#3236),.UNSPECIFIED.,.F.,.F.)
B_SPLINE_CURVE_WITH_KNOTS((3,3),(0.,0.0380504278780439),.UNSPECIFIED.)
CURVE()
GEOMETRIC_REPRESENTATION_ITEM()
RATIONAL_B_SPLINE_CURVE((1.,1.,1.))
REPRESENTATION_ITEM('')
);
#62=(
BOUNDED_CURVE()
B_SPLINE_CURVE(2,(#3240,#3241,#3242),.UNSPECIFIED.,.F.,.F.)
B_SPLINE_CURVE_WITH_KNOTS((3,3),(0.,0.0380866480480658),.UNSPECIFIED.)
CURVE()
GEOMETRIC_REPRESENTATION_ITEM()
RATIONAL_B_SPLINE_CURVE((1.,1.,1.))
REPRESENTATION_ITEM('')
);
#63=(
BOUNDED_CURVE()
B_SPLINE_CURVE(2,(#3244,#3245,#3246),.UNSPECIFIED.,.F.,.F.)
B_SPLINE_CURVE_WITH_KNOTS((3,3),(0.,0.00329887646682286),.UNSPECIFIED.)
CURVE()
GEOMETRIC_REPRESENTATION_ITEM()
RATIONAL_B_SPLINE_CURVE((1.,1.0084153888413,1.01669732805715))
REPRESENTATION_ITEM('')
);
#64=(
BOUNDED_CURVE()
B_SPLINE_CURVE(2,(#3249,#3250,#3251),.UNSPECIFIED.,.F.,.F.)
B_SPLINE_CURVE_WITH_KNOTS((3,3),(0.410538696184883,0.413879859182913),
 .UNSPECIFIED.)
CURVE()
GEOMETRIC_REPRESENTATION_ITEM()
RATIONAL_B_SPLINE_CURVE((1.01663611767713,1.00838575523519,1.))
REPRESENTATION_ITEM('')
);
#65=(
BOUNDED_CURVE()
B_SPLINE_CURVE(5,(#4800,#4801,#4802,#4803,#4804,#4805,#4806,#4807,#4808,
#4809,#4810,#4811,#4812),.UNSPECIFIED.,.F.,.F.)
B_SPLINE_CURVE_WITH_KNOTS((6,1,1,1,1,1,1,1,6),(0.34279337464757,0.35,0.4,
0.45,0.5,0.55,0.6,0.65,0.651028319722593),.UNSPECIFIED.)
CURVE()
GEOMETRIC_REPRESENTATION_ITEM()
RATIONAL_B_SPLINE_CURVE((1.,1.,1.,1.,1.,1.,1.,1.,1.,1.,1.,1.,1.))
REPRESENTATION_ITEM('')
);
#66=(
BOUNDED_CURVE()
B_SPLINE_CURVE(5,(#5349,#5350,#5351,#5352,#5353,#5354,#5355,#5356,#5357,
#5358,#5359,#5360,#5361),.UNSPECIFIED.,.F.,.F.)
B_SPLINE_CURVE_WITH_KNOTS((6,1,1,1,1,1,1,1,6),(-0.651028319722579,-0.65,
-0.6,-0.55,-0.5,-0.45,-0.4,-0.35,-0.342793374647571),.UNSPECIFIED.)
CURVE()
GEOMETRIC_REPRESENTATION_ITEM()
RATIONAL_B_SPLINE_CURVE((1.,1.,1.,1.,1.,1.,1.,1.,1.,1.,1.,1.,1.))
REPRESENTATION_ITEM('')
);
#67=(
BOUNDED_CURVE()
B_SPLINE_CURVE(5,(#5930,#5931,#5932,#5933,#5934,#5935,#5936),
 .UNSPECIFIED.,.F.,.F.)
B_SPLINE_CURVE_WITH_KNOTS((6,1,6),(0.265895001544197,0.3,0.34279337464757),
 .UNSPECIFIED.)
CURVE()
GEOMETRIC_REPRESENTATION_ITEM()
RATIONAL_B_SPLINE_CURVE((1.,1.,1.,1.,1.,1.,1.))
REPRESENTATION_ITEM('')
);
#68=(
BOUNDED_CURVE()
B_SPLINE_CURVE(5,(#6002,#6003,#6004,#6005,#6006,#6007,#6008),
 .UNSPECIFIED.,.F.,.F.)
B_SPLINE_CURVE_WITH_KNOTS((6,1,6),(-0.342793374647571,-0.3,-0.265895001544197),
 .UNSPECIFIED.)
CURVE()
GEOMETRIC_REPRESENTATION_ITEM()
RATIONAL_B_SPLINE_CURVE((1.,1.,1.,1.,1.,1.,1.))
REPRESENTATION_ITEM('')
);
#69=(
BOUNDED_CURVE()
B_SPLINE_CURVE(5,(#6074,#6075,#6076,#6077,#6078,#6079,#6080),
 .UNSPECIFIED.,.F.,.F.)
B_SPLINE_CURVE_WITH_KNOTS((6,1,6),(-0.716191797871285,-0.7,-0.651028319722579),
 .UNSPECIFIED.)
CURVE()
GEOMETRIC_REPRESENTATION_ITEM()
RATIONAL_B_SPLINE_CURVE((1.,1.,1.,1.,1.,1.,1.))
REPRESENTATION_ITEM('')
);
#70=(
BOUNDED_CURVE()
B_SPLINE_CURVE(5,(#6146,#6147,#6148,#6149,#6150,#6151,#6152),
 .UNSPECIFIED.,.F.,.F.)
B_SPLINE_CURVE_WITH_KNOTS((6,1,6),(0.651028319722593,0.7,0.716191797871285),
 .UNSPECIFIED.)
CURVE()
GEOMETRIC_REPRESENTATION_ITEM()
RATIONAL_B_SPLINE_CURVE((1.,1.,1.,1.,1.,1.,1.))
REPRESENTATION_ITEM('')
);
#71=B_SPLINE_SURFACE_WITH_KNOTS('',3,3,((#2747,#2748,#2749,#2750,#2751,
#2752,#2753,#2754,#2755,#2756,#2757,#2758,#2759,#2760,#2761,#2762,#2763,
#2764,#2765,#2766,#2767,#2768,#2769,#2770),(#2771,#2772,#2773,#2774,#2775,
#2776,#2777,#2778,#2779,#2780,#2781,#2782,#2783,#2784,#2785,#2786,#2787,
#2788,#2789,#2790,#2791,#2792,#2793,#2794),(#2795,#2796,#2797,#2798,#2799,
#2800,#2801,#2802,#2803,#2804,#2805,#2806,#2807,#2808,#2809,#2810,#2811,
#2812,#2813,#2814,#2815,#2816,#2817,#2818),(#2819,#2820,#2821,#2822,#2823,
#2824,#2825,#2826,#2827,#2828,#2829,#2830,#2831,#2832,#2833,#2834,#2835,
#2836,#2837,#2838,#2839,#2840,#2841,#2842),(#2843,#2844,#2845,#2846,#2847,
#2848,#2849,#2850,#2851,#2852,#2853,#2854,#2855,#2856,#2857,#2858,#2859,
#2860,#2861,#2862,#2863,#2864,#2865,#2866)),.UNSPECIFIED.,.F.,.F.,.F.,(4,
1,4),(4,1,1,1,1,1,1,1,1,1,1,1,1,1,1,1,1,1,1,1,1,4),(0.,0.571428571428571,
1.),(-0.832163097363778,-0.832125597845201,-0.832088098326624,-0.83201309928947,
-0.831938100252315,-0.831863101215161,-0.831713103140852,-0.831563105066543,
-0.831263108917926,-0.830963112769308,-0.830363120472073,-0.829763128174838,
-0.828563143580368,-0.827363158985898,-0.822563220608017,-0.81936326168943,
-0.817763282230136,-0.812963343852256,-0.808163405474375,-0.803363467096494,
-0.800963497907554,-0.798563528718614),.UNSPECIFIED.);
#72=B_SPLINE_SURFACE_WITH_KNOTS('',3,3,((#3333,#3334,#3335,#3336,#3337,
#3338,#3339,#3340,#3341,#3342,#3343,#3344,#3345,#3346,#3347,#3348,#3349,
#3350,#3351,#3352,#3353,#3354,#3355,#3356,#3357,#3358,#3359,#3360),(#3361,
#3362,#3363,#3364,#3365,#3366,#3367,#3368,#3369,#3370,#3371,#3372,#3373,
#3374,#3375,#3376,#3377,#3378,#3379,#3380,#3381,#3382,#3383,#3384,#3385,
#3386,#3387,#3388),(#3389,#3390,#3391,#3392,#3393,#3394,#3395,#3396,#3397,
#3398,#3399,#3400,#3401,#3402,#3403,#3404,#3405,#3406,#3407,#3408,#3409,
#3410,#3411,#3412,#3413,#3414,#3415,#3416),(#3417,#3418,#3419,#3420,#3421,
#3422,#3423,#3424,#3425,#3426,#3427,#3428,#3429,#3430,#3431,#3432,#3433,
#3434,#3435,#3436,#3437,#3438,#3439,#3440,#3441,#3442,#3443,#3444),(#3445,
#3446,#3447,#3448,#3449,#3450,#3451,#3452,#3453,#3454,#3455,#3456,#3457,
#3458,#3459,#3460,#3461,#3462,#3463,#3464,#3465,#3466,#3467,#3468,#3469,
#3470,#3471,#3472)),.UNSPECIFIED.,.F.,.F.,.F.,(4,1,4),(4,1,1,1,1,1,1,1,
1,1,1,1,1,1,1,1,1,1,1,1,1,1,1,1,1,4),(0.,0.571428571428571,1.),(-0.657437349680862,
-0.656847707784207,-0.656258065887552,-0.655078782094242,-0.652720214507622,
-0.648003079334381,-0.646823795541071,-0.645644511747761,-0.64328594416114,
-0.6385688089879,-0.63699643059682,-0.63542405220574,-0.6346378630102,-0.633851673814659,
-0.629658664771779,-0.629134538641419,-0.626775971054799,-0.626186329158144,
-0.625596687261489,-0.625301866313161,-0.625007045364834,-0.624712224416506,
-0.624564813942342,-0.62449110870526,-0.624454256086719,-0.624417403468178),
 .UNSPECIFIED.);
#73=B_SPLINE_SURFACE_WITH_KNOTS('',3,3,((#3552,#3553,#3554,#3555,#3556,
#3557,#3558,#3559,#3560,#3561,#3562,#3563,#3564,#3565,#3566,#3567,#3568,
#3569,#3570,#3571,#3572,#3573,#3574,#3575,#3576,#3577,#3578,#3579,#3580,
#3581,#3582),(#3583,#3584,#3585,#3586,#3587,#3588,#3589,#3590,#3591,#3592,
#3593,#3594,#3595,#3596,#3597,#3598,#3599,#3600,#3601,#3602,#3603,#3604,
#3605,#3606,#3607,#3608,#3609,#3610,#3611,#3612,#3613),(#3614,#3615,#3616,
#3617,#3618,#3619,#3620,#3621,#3622,#3623,#3624,#3625,#3626,#3627,#3628,
#3629,#3630,#3631,#3632,#3633,#3634,#3635,#3636,#3637,#3638,#3639,#3640,
#3641,#3642,#3643,#3644),(#3645,#3646,#3647,#3648,#3649,#3650,#3651,#3652,
#3653,#3654,#3655,#3656,#3657,#3658,#3659,#3660,#3661,#3662,#3663,#3664,
#3665,#3666,#3667,#3668,#3669,#3670,#3671,#3672,#3673,#3674,#3675),(#3676,
#3677,#3678,#3679,#3680,#3681,#3682,#3683,#3684,#3685,#3686,#3687,#3688,
#3689,#3690,#3691,#3692,#3693,#3694,#3695,#3696,#3697,#3698,#3699,#3700,
#3701,#3702,#3703,#3704,#3705,#3706)),.UNSPECIFIED.,.F.,.F.,.F.,(4,1,4),
(4,1,1,1,1,1,1,1,1,1,1,1,1,1,1,1,1,1,1,1,1,1,1,1,1,1,1,1,4),(0.,0.571428571428571,
1.),(-0.625735016007168,-0.625144025411693,-0.624553034816219,-0.62337105362527,
-0.621007091243372,-0.616279166479576,-0.615688175884102,-0.615097185288627,
-0.613915204097678,-0.61155124171578,-0.609187279333882,-0.608005298142933,
-0.607414307547459,-0.606823316951985,-0.602095392188189,-0.600519417266923,
-0.598943442345658,-0.597367467424393,-0.596185486233444,-0.595003505042495,
-0.594412514447021,-0.593821523851546,-0.593526028553809,-0.593230533256072,
-0.592935037958334,-0.592787290309466,-0.592713416485031,-0.592676479572814,
-0.592639542660597),.UNSPECIFIED.);
#74=B_SPLINE_SURFACE_WITH_KNOTS('',3,3,((#3707,#3708,#3709,#3710,#3711,
#3712,#3713,#3714,#3715,#3716,#3717,#3718,#3719,#3720,#3721,#3722,#3723,
#3724,#3725,#3726,#3727,#3728,#3729,#3730),(#3731,#3732,#3733,#3734,#3735,
#3736,#3737,#3738,#3739,#3740,#3741,#3742,#3743,#3744,#3745,#3746,#3747,
#3748,#3749,#3750,#3751,#3752,#3753,#3754),(#3755,#3756,#3757,#3758,#3759,
#3760,#3761,#3762,#3763,#3764,#3765,#3766,#3767,#3768,#3769,#3770,#3771,
#3772,#3773,#3774,#3775,#3776,#3777,#3778),(#3779,#3780,#3781,#3782,#3783,
#3784,#3785,#3786,#3787,#3788,#3789,#3790,#3791,#3792,#3793,#3794,#3795,
#3796,#3797,#3798,#3799,#3800,#3801,#3802),(#3803,#3804,#3805,#3806,#3807,
#3808,#3809,#3810,#3811,#3812,#3813,#3814,#3815,#3816,#3817,#3818,#3819,
#3820,#3821,#3822,#3823,#3824,#3825,#3826)),.UNSPECIFIED.,.F.,.F.,.F.,(4,
1,4),(4,1,1,1,1,1,1,1,1,1,1,1,1,1,1,1,1,1,1,1,1,4),(0.,0.571428571428571,
1.),(-0.832133770151148,-0.832096284453886,-0.832058798756624,-0.831983827362099,
-0.831908855967574,-0.831833884573049,-0.831683941784,-0.83153399899495,
-0.831234113416851,-0.830934227838752,-0.830334456682554,-0.830034571104455,
-0.829734685526356,-0.82853514321396,-0.827335600901564,-0.825736211151703,
-0.82253743165198,-0.817739262402395,-0.812941093152811,-0.808142923903227,
-0.803344754653642,-0.798546585404058),.UNSPECIFIED.);
#75=B_SPLINE_SURFACE_WITH_KNOTS('',3,3,((#3886,#3887,#3888,#3889,#3890),
(#3891,#3892,#3893,#3894,#3895),(#3896,#3897,#3898,#3899,#3900),(#3901,
#3902,#3903,#3904,#3905)),.UNSPECIFIED.,.F.,.F.,.F.,(4,4),(4,1,4),(0.,1.),
(0.,0.0319286693346765,0.0745002284475785),.UNSPECIFIED.);
#76=B_SPLINE_SURFACE_WITH_KNOTS('',3,3,((#3915,#3916,#3917,#3918),(#3919,
#3920,#3921,#3922),(#3923,#3924,#3925,#3926),(#3927,#3928,#3929,#3930)),
 .UNSPECIFIED.,.F.,.F.,.F.,(4,4),(4,4),(0.,1.),(-4.10173739591457E-14,0.00908366674189677),
 .UNSPECIFIED.);
#77=B_SPLINE_SURFACE_WITH_KNOTS('',3,3,((#3937,#3938,#3939,#3940),(#3941,
#3942,#3943,#3944),(#3945,#3946,#3947,#3948),(#3949,#3950,#3951,#3952)),
 .UNSPECIFIED.,.F.,.F.,.F.,(4,4),(4,4),(0.,1.),(0.0582804202137603,0.067363929012977),
 .UNSPECIFIED.);
#78=B_SPLINE_SURFACE_WITH_KNOTS('',3,3,((#3959,#3960,#3961,#3962,#3963),
(#3964,#3965,#3966,#3967,#3968),(#3969,#3970,#3971,#3972,#3973),(#3974,
#3975,#3976,#3977,#3978)),.UNSPECIFIED.,.F.,.F.,.F.,(4,4),(4,1,4),(0.,1.),
(0.,0.0319286692659271,0.0745002282871632),.UNSPECIFIED.);
#79=B_SPLINE_SURFACE_WITH_KNOTS('',3,3,((#4035,#4036,#4037,#4038),(#4039,
#4040,#4041,#4042),(#4043,#4044,#4045,#4046),(#4047,#4048,#4049,#4050),
(#4051,#4052,#4053,#4054),(#4055,#4056,#4057,#4058)),.UNSPECIFIED.,.F.,
 .F.,.F.,(4,1,1,4),(4,4),(0.,0.285714285714286,0.571428571428571,1.),(0.,
0.3345),.UNSPECIFIED.);
#80=B_SPLINE_SURFACE_WITH_KNOTS('',3,3,((#4065,#4066,#4067,#4068,#4069),
(#4070,#4071,#4072,#4073,#4074),(#4075,#4076,#4077,#4078,#4079),(#4080,
#4081,#4082,#4083,#4084)),.UNSPECIFIED.,.F.,.F.,.F.,(4,4),(4,1,4),(0.,1.),
(0.,0.0319286692659271,0.0745002282871633),.UNSPECIFIED.);
#81=B_SPLINE_SURFACE_WITH_KNOTS('',3,3,((#4094,#4095,#4096,#4097),(#4098,
#4099,#4100,#4101),(#4102,#4103,#4104,#4105),(#4106,#4107,#4108,#4109)),
 .UNSPECIFIED.,.F.,.F.,.F.,(4,4),(4,4),(0.,1.),(-1.15067596083217E-18,0.0090836663020198),
 .UNSPECIFIED.);
#82=B_SPLINE_SURFACE_WITH_KNOTS('',3,3,((#4116,#4117,#4118,#4119),(#4120,
#4121,#4122,#4123),(#4124,#4125,#4126,#4127),(#4128,#4129,#4130,#4131)),
 .UNSPECIFIED.,.F.,.F.,.F.,(4,4),(4,4),(0.,1.),(0.0582804199982358,0.0673639292373582),
 .UNSPECIFIED.);
#83=B_SPLINE_SURFACE_WITH_KNOTS('',3,3,((#4138,#4139,#4140,#4141,#4142),
(#4143,#4144,#4145,#4146,#4147),(#4148,#4149,#4150,#4151,#4152),(#4153,
#4154,#4155,#4156,#4157)),.UNSPECIFIED.,.F.,.F.,.F.,(4,4),(4,1,4),(0.,1.),
(0.,0.0319286693346765,0.0745002284475784),.UNSPECIFIED.);
#84=B_SPLINE_SURFACE_WITH_KNOTS('',3,3,((#4189,#4190,#4191,#4192),(#4193,
#4194,#4195,#4196),(#4197,#4198,#4199,#4200),(#4201,#4202,#4203,#4204),
(#4205,#4206,#4207,#4208),(#4209,#4210,#4211,#4212)),.UNSPECIFIED.,.F.,
 .F.,.F.,(4,1,1,4),(4,4),(0.,0.285714285714286,0.571428571428571,1.),(0.,
0.3345),.UNSPECIFIED.);
#85=B_SPLINE_SURFACE_WITH_KNOTS('',3,3,((#4230,#4231,#4232,#4233),(#4234,
#4235,#4236,#4237),(#4238,#4239,#4240,#4241),(#4242,#4243,#4244,#4245),
(#4246,#4247,#4248,#4249),(#4250,#4251,#4252,#4253)),.UNSPECIFIED.,.F.,
 .F.,.F.,(4,1,1,4),(4,4),(0.,0.285714285714286,0.571428571428571,1.),(0.,
0.3345),.UNSPECIFIED.);
#86=B_SPLINE_SURFACE_WITH_KNOTS('',3,3,((#4260,#4261,#4262,#4263),(#4264,
#4265,#4266,#4267),(#4268,#4269,#4270,#4271),(#4272,#4273,#4274,#4275),
(#4276,#4277,#4278,#4279),(#4280,#4281,#4282,#4283)),.UNSPECIFIED.,.F.,
 .F.,.F.,(4,1,1,4),(4,4),(0.,0.285714285714286,0.571428571428571,1.),(0.,
0.790999999999999),.UNSPECIFIED.);
#87=B_SPLINE_SURFACE_WITH_KNOTS('',3,3,((#4288,#4289,#4290,#4291),(#4292,
#4293,#4294,#4295),(#4296,#4297,#4298,#4299),(#4300,#4301,#4302,#4303),
(#4304,#4305,#4306,#4307),(#4308,#4309,#4310,#4311)),.UNSPECIFIED.,.F.,
 .F.,.F.,(4,1,1,4),(4,4),(0.,0.285714285714286,0.571428571428571,1.),(0.,
0.791),.UNSPECIFIED.);
#88=B_SPLINE_SURFACE_WITH_KNOTS('',3,3,((#4318,#4319,#4320,#4321),(#4322,
#4323,#4324,#4325),(#4326,#4327,#4328,#4329),(#4330,#4331,#4332,#4333),
(#4334,#4335,#4336,#4337),(#4338,#4339,#4340,#4341)),.UNSPECIFIED.,.F.,
 .F.,.F.,(4,1,1,4),(4,4),(0.,0.285714285714286,0.571428571428571,1.),(0.,
0.3345),.UNSPECIFIED.);
#89=B_SPLINE_SURFACE_WITH_KNOTS('',3,1,((#4346,#4347),(#4348,#4349),(#4350,
#4351),(#4352,#4353),(#4354,#4355),(#4356,#4357)),.UNSPECIFIED.,.F.,.F.,
 .F.,(4,2,4),(2,2),(0.,0.0335833599863854,0.0673639290129362),(0.,0.3545),
 .UNSPECIFIED.);
#90=B_SPLINE_SURFACE_WITH_KNOTS('',3,1,((#4364,#4365),(#4366,#4367),(#4368,
#4369),(#4370,#4371)),.UNSPECIFIED.,.F.,.F.,.F.,(4,4),(2,2),(1.5707963267949,
1.71292541719851),(-0.2575,1.35942104198512),.UNSPECIFIED.);
#91=B_SPLINE_SURFACE_WITH_KNOTS('',3,1,((#4378,#4379),(#4380,#4381),(#4382,
#4383),(#4384,#4385),(#4386,#4387),(#4388,#4389)),.UNSPECIFIED.,.F.,.F.,
 .F.,(4,2,4),(2,2),(0.,0.0337811547622801,0.0673650970649074),(0.,0.3545),
 .UNSPECIFIED.);
#92=B_SPLINE_SURFACE_WITH_KNOTS('',3,3,((#4394,#4395,#4396,#4397,#4398,
#4399,#4400,#4401),(#4402,#4403,#4404,#4405,#4406,#4407,#4408,#4409),(#4410,
#4411,#4412,#4413,#4414,#4415,#4416,#4417),(#4418,#4419,#4420,#4421,#4422,
#4423,#4424,#4425)),.UNSPECIFIED.,.F.,.F.,.F.,(4,4),(4,2,1,1,4),(0.,1.),
(-0.408218176241715,-0.407502457426508,-0.244501474455905,-0.163000982970603,
0.),.UNSPECIFIED.);
#93=B_SPLINE_SURFACE_WITH_KNOTS('',3,3,((#4446,#4447,#4448,#4449),(#4450,
#4451,#4452,#4453),(#4454,#4455,#4456,#4457),(#4458,#4459,#4460,#4461),
(#4462,#4463,#4464,#4465)),.UNSPECIFIED.,.F.,.F.,.F.,(4,1,4),(4,4),(0.,
0.5,1.),(0.,0.0349209245136539),.UNSPECIFIED.);
#94=B_SPLINE_SURFACE_WITH_KNOTS('',3,3,((#4477,#4478,#4479,#4480,#4481,
#4482,#4483,#4484,#4485,#4486,#4487),(#4488,#4489,#4490,#4491,#4492,#4493,
#4494,#4495,#4496,#4497,#4498),(#4499,#4500,#4501,#4502,#4503,#4504,#4505,
#4506,#4507,#4508,#4509),(#4510,#4511,#4512,#4513,#4514,#4515,#4516,#4517,
#4518,#4519,#4520),(#4521,#4522,#4523,#4524,#4525,#4526,#4527,#4528,#4529,
#4530,#4531)),.UNSPECIFIED.,.F.,.F.,.F.,(4,1,4),(4,1,1,1,1,1,1,1,4),(0.,
0.5,1.),(0.,0.0471661827439974,0.0943323654879949,0.18866473097599,0.282997096463985,
0.471661827439974,0.565994192927969,0.613160375671967,0.660326558415964),
 .UNSPECIFIED.);
#95=B_SPLINE_SURFACE_WITH_KNOTS('',3,3,((#4557,#4558,#4559,#4560),(#4561,
#4562,#4563,#4564),(#4565,#4566,#4567,#4568),(#4569,#4570,#4571,#4572),
(#4573,#4574,#4575,#4576)),.UNSPECIFIED.,.F.,.F.,.F.,(4,1,4),(4,4),(0.,
0.5,1.),(0.,0.0465751604048818),.UNSPECIFIED.);
#96=B_SPLINE_SURFACE_WITH_KNOTS('',3,3,((#4588,#4589,#4590,#4591,#4592,
#4593,#4594,#4595),(#4596,#4597,#4598,#4599,#4600,#4601,#4602,#4603),(#4604,
#4605,#4606,#4607,#4608,#4609,#4610,#4611),(#4612,#4613,#4614,#4615,#4616,
#4617,#4618,#4619),(#4620,#4621,#4622,#4623,#4624,#4625,#4626,#4627)),
 .UNSPECIFIED.,.F.,.F.,.F.,(4,1,4),(4,1,1,2,4),(0.,0.571428571428571,1.),
(-0.398017465104846,-0.238810479062908,-0.159206986041939,0.,0.000706734829402782),
 .UNSPECIFIED.);
#97=B_SPLINE_SURFACE_WITH_KNOTS('',3,3,((#4645,#4646,#4647,#4648),(#4649,
#4650,#4651,#4652),(#4653,#4654,#4655,#4656),(#4657,#4658,#4659,#4660),
(#4661,#4662,#4663,#4664)),.UNSPECIFIED.,.F.,.F.,.F.,(4,1,4),(4,4),(0.,
0.571428571428571,1.),(5.08955295876197,5.61051909034798),.UNSPECIFIED.);
#98=B_SPLINE_SURFACE_WITH_KNOTS('',3,3,((#4813,#4814,#4815,#4816),(#4817,
#4818,#4819,#4820),(#4821,#4822,#4823,#4824),(#4825,#4826,#4827,#4828),
(#4829,#4830,#4831,#4832)),.UNSPECIFIED.,.F.,.F.,.F.,(4,1,4),(4,4),(0.,
0.571428571428571,1.),(1.51032730854344,2.01948726633628),.UNSPECIFIED.);
#99=B_SPLINE_SURFACE_WITH_KNOTS('',3,3,((#4943,#4944,#4945,#4946),(#4947,
#4948,#4949,#4950),(#4951,#4952,#4953,#4954),(#4955,#4956,#4957,#4958)),
 .UNSPECIFIED.,.F.,.F.,.F.,(4,4),(4,4),(0.,1.),(-1.74499303895459E-13,0.620000000000177),
 .UNSPECIFIED.);
#100=B_SPLINE_SURFACE_WITH_KNOTS('',3,3,((#4977,#4978,#4979,#4980,#4981,
#4982,#4983,#4984),(#4985,#4986,#4987,#4988,#4989,#4990,#4991,#4992),(#4993,
#4994,#4995,#4996,#4997,#4998,#4999,#5000),(#5001,#5002,#5003,#5004,#5005,
#5006,#5007,#5008)),.UNSPECIFIED.,.F.,.F.,.F.,(4,4),(4,2,1,1,4),(0.,1.),
(-0.398724199853612,-0.398017465024202,-0.238810479014521,-0.159206986009681,
0.),.UNSPECIFIED.);
#101=B_SPLINE_SURFACE_WITH_KNOTS('',3,3,((#5029,#5030,#5031,#5032),(#5033,
#5034,#5035,#5036),(#5037,#5038,#5039,#5040),(#5041,#5042,#5043,#5044),
(#5045,#5046,#5047,#5048)),.UNSPECIFIED.,.F.,.F.,.F.,(4,1,4),(4,4),(0.,
0.5,1.),(0.,0.0465751604354608),.UNSPECIFIED.);
#102=B_SPLINE_SURFACE_WITH_KNOTS('',3,3,((#5060,#5061,#5062,#5063,#5064,
#5065,#5066,#5067,#5068,#5069),(#5070,#5071,#5072,#5073,#5074,#5075,#5076,
#5077,#5078,#5079),(#5080,#5081,#5082,#5083,#5084,#5085,#5086,#5087,#5088,
#5089),(#5090,#5091,#5092,#5093,#5094,#5095,#5096,#5097,#5098,#5099),(#5100,
#5101,#5102,#5103,#5104,#5105,#5106,#5107,#5108,#5109)),.UNSPECIFIED.,.F.,
 .F.,.F.,(4,1,4),(4,1,1,1,1,1,1,4),(0.,0.5,1.),(0.,0.0471667174558711,0.0943334349117423,
0.188666869823485,0.283000304735227,0.471667174558711,0.566000609470453,
0.660334044382196),.UNSPECIFIED.);
#103=B_SPLINE_SURFACE_WITH_KNOTS('',3,3,((#5133,#5134,#5135,#5136),(#5137,
#5138,#5139,#5140),(#5141,#5142,#5143,#5144),(#5145,#5146,#5147,#5148),
(#5149,#5150,#5151,#5152)),.UNSPECIFIED.,.F.,.F.,.F.,(4,1,4),(4,4),(0.,
0.5,1.),(0.,0.0349209245138692),.UNSPECIFIED.);
#104=B_SPLINE_SURFACE_WITH_KNOTS('',3,3,((#5163,#5164,#5165,#5166,#5167,
#5168,#5169,#5170),(#5171,#5172,#5173,#5174,#5175,#5176,#5177,#5178),(#5179,
#5180,#5181,#5182,#5183,#5184,#5185,#5186),(#5187,#5188,#5189,#5190,#5191,
#5192,#5193,#5194),(#5195,#5196,#5197,#5198,#5199,#5200,#5201,#5202)),
 .UNSPECIFIED.,.F.,.F.,.F.,(4,1,4),(4,1,1,2,4),(0.,0.571428571428571,1.),
(-0.407502457426474,-0.244501474455884,-0.163000982970589,0.,0.000715718815240723),
 .UNSPECIFIED.);
#105=B_SPLINE_SURFACE_WITH_KNOTS('',3,3,((#5211,#5212,#5213,#5214),(#5215,
#5216,#5217,#5218),(#5219,#5220,#5221,#5222),(#5223,#5224,#5225,#5226),
(#5227,#5228,#5229,#5230)),.UNSPECIFIED.,.F.,.F.,.F.,(4,1,4),(4,4),(0.,
0.571428571428571,1.),(5.09256359711163,5.60172355490447),.UNSPECIFIED.);
#106=B_SPLINE_SURFACE_WITH_KNOTS('',3,3,((#5362,#5363,#5364,#5365),(#5366,
#5367,#5368,#5369),(#5370,#5371,#5372,#5373),(#5374,#5375,#5376,#5377),
(#5378,#5379,#5380,#5381)),.UNSPECIFIED.,.F.,.F.,.F.,(4,1,4),(4,4),(0.,
0.571428571428571,1.),(1.50153213172046,2.02249826330649),.UNSPECIFIED.);
#107=B_SPLINE_SURFACE_WITH_KNOTS('',3,3,((#5498,#5499,#5500,#5501),(#5502,
#5503,#5504,#5505),(#5506,#5507,#5508,#5509),(#5510,#5511,#5512,#5513)),
 .UNSPECIFIED.,.F.,.F.,.F.,(4,4),(4,4),(0.,1.),(-2.18047802036381E-13,0.620000000000219),
 .UNSPECIFIED.);
#108=B_SPLINE_SURFACE_WITH_KNOTS('',3,1,((#5522,#5523),(#5524,#5525),(#5526,
#5527),(#5528,#5529),(#5530,#5531),(#5532,#5533)),.UNSPECIFIED.,.F.,.F.,
 .F.,(4,2,4),(2,2),(0.,0.0337811548754628,0.0673650972892872),(0.,0.3545),
 .UNSPECIFIED.);
#109=B_SPLINE_SURFACE_WITH_KNOTS('',3,1,((#5538,#5539),(#5540,#5541),(#5542,
#5543),(#5544,#5545),(#5546,#5547),(#5548,#5549)),.UNSPECIFIED.,.F.,.F.,
 .F.,(4,2,4),(2,2),(0.,0.0335833600975656,0.0673639292372765),(0.,0.3545),
 .UNSPECIFIED.);
#110=B_SPLINE_SURFACE_WITH_KNOTS('',3,1,((#5581,#5582),(#5583,#5584),(#5585,
#5586),(#5587,#5588)),.UNSPECIFIED.,.F.,.F.,.F.,(4,4),(2,2),(1.42866723591382,
1.57079632679472),(-0.2575,1.35942104198512),.UNSPECIFIED.);
#111=B_SPLINE_SURFACE_WITH_KNOTS('',3,3,((#5611,#5612,#5613,#5614),(#5615,
#5616,#5617,#5618),(#5619,#5620,#5621,#5622),(#5623,#5624,#5625,#5626),
(#5627,#5628,#5629,#5630),(#5631,#5632,#5633,#5634)),.UNSPECIFIED.,.F.,
 .F.,.F.,(4,1,1,4),(4,4),(0.,0.285714285714286,0.571428571428571,1.),(-5.5511151231258E-17,
0.62),.UNSPECIFIED.);
#112=B_SPLINE_SURFACE_WITH_KNOTS('',3,3,((#5710,#5711,#5712,#5713),(#5714,
#5715,#5716,#5717),(#5718,#5719,#5720,#5721),(#5722,#5723,#5724,#5725),
(#5726,#5727,#5728,#5729),(#5730,#5731,#5732,#5733)),.UNSPECIFIED.,.F.,
 .F.,.F.,(4,1,1,4),(4,4),(0.,0.285714285714286,0.571428571428571,1.),(-3.65291130677293E-13,
0.620000000000366),.UNSPECIFIED.);
#113=B_SPLINE_SURFACE_WITH_KNOTS('',3,1,((#5809,#5810),(#5811,#5812),(#5813,
#5814),(#5815,#5816),(#5817,#5818),(#5819,#5820),(#5821,#5822),(#5823,#5824),
(#5825,#5826),(#5827,#5828),(#5829,#5830),(#5831,#5832),(#5833,#5834),(#5835,
#5836),(#5837,#5838),(#5839,#5840),(#5841,#5842),(#5843,#5844),(#5845,#5846),
(#5847,#5848),(#5849,#5850),(#5851,#5852),(#5853,#5854),(#5855,#5856),(#5857,
#5858),(#5859,#5860),(#5861,#5862),(#5863,#5864)),.UNSPECIFIED.,.F.,.F.,
 .F.,(4,3,3,3,3,3,3,3,3,4),(2,2),(-1.3333438837453,-1.,-0.988573214586374,
-0.822334348279358,-0.713115192791903,-0.560274161484297,-0.376223979542264,
-0.254014424200974,-0.148548633978693,0.),(-0.534,0.31),.UNSPECIFIED.);
#114=CIRCLE('',#2060,2.3);
#115=CIRCLE('',#2061,2.);
#116=CIRCLE('',#2063,0.5);
#117=CIRCLE('',#2064,0.8);
#118=CIRCLE('',#2066,0.5);
#119=CIRCLE('',#2067,0.5);
#120=CIRCLE('',#2068,0.5);
#121=CIRCLE('',#2070,0.999);
#122=CIRCLE('',#2073,2.);
#123=CIRCLE('',#2074,2.);
#124=CIRCLE('',#2076,2.3);
#125=CIRCLE('',#2078,0.5);
#126=CIRCLE('',#2079,0.8);
#127=CIRCLE('',#2082,2.3);
#128=CIRCLE('',#2087,0.750000000000001);
#129=CIRCLE('',#2088,10.);
#130=CIRCLE('',#2089,0.750000000000001);
#131=CIRCLE('',#2090,1.25);
#132=CIRCLE('',#2091,2.45);
#133=CIRCLE('',#2092,0.6);
#134=CIRCLE('',#2093,11.05);
#135=CIRCLE('',#2094,0.6);
#136=CIRCLE('',#2095,2.45);
#137=CIRCLE('',#2097,2.3);
#138=CIRCLE('',#2098,2.);
#139=CIRCLE('',#2101,0.750000000000001);
#140=CIRCLE('',#2102,10.);
#141=CIRCLE('',#2103,0.750000000000001);
#142=CIRCLE('',#2104,2.45);
#143=CIRCLE('',#2105,0.6);
#144=CIRCLE('',#2106,11.05);
#145=CIRCLE('',#2107,0.6);
#146=CIRCLE('',#2108,2.45);
#147=CIRCLE('',#2109,1.25);
#148=CIRCLE('',#2113,0.5);
#149=CIRCLE('',#2114,0.5);
#150=CIRCLE('',#2115,0.5);
#151=CIRCLE('',#2116,0.999);
#152=CIRCLE('',#2117,0.999999999999999);
#153=CIRCLE('',#2119,0.999999999999999);
#154=CIRCLE('',#2120,0.999000000000001);
#155=CIRCLE('',#2121,0.999999999999999);
#156=CIRCLE('',#2122,0.999);
#157=CIRCLE('',#2124,4.45578108459504);
#158=CIRCLE('',#2125,9.79849817631359);
#159=CIRCLE('',#2126,10.);
#160=CIRCLE('',#2127,10.7984981763166);
#161=CIRCLE('',#2128,3.4557810846056);
#162=CIRCLE('',#2130,10.);
#163=CIRCLE('',#2131,10.);
#164=CIRCLE('',#2132,10.);
#165=CIRCLE('',#2134,3.4557810846056);
#166=CIRCLE('',#2135,10.7984981763166);
#167=CIRCLE('',#2136,9.79849817631359);
#168=CIRCLE('',#2137,4.45578108459504);
#169=CIRCLE('',#2139,10.7984981763166);
#170=CIRCLE('',#2140,3.45578108462672);
#171=CIRCLE('',#2141,4.45578108463306);
#172=CIRCLE('',#2142,9.79849817631359);
#173=CIRCLE('',#2144,9.79849817631359);
#174=CIRCLE('',#2145,4.45578108463306);
#175=CIRCLE('',#2146,3.45578108462672);
#176=CIRCLE('',#2147,10.7984981763166);
#177=CIRCLE('',#2149,2.65);
#178=CIRCLE('',#2151,0.4);
#179=CIRCLE('',#2153,11.25);
#180=CIRCLE('',#2155,0.4);
#181=CIRCLE('',#2157,2.65);
#182=CIRCLE('',#2159,0.4);
#183=CIRCLE('',#2161,11.25);
#184=CIRCLE('',#2163,0.4);
#185=CIRCLE('',#2165,2.65);
#186=CIRCLE('',#2166,0.4);
#187=CIRCLE('',#2172,2.65);
#188=CIRCLE('',#2174,0.4);
#189=CIRCLE('',#2177,0.999999999999999);
#190=CIRCLE('',#2182,0.4);
#191=CIRCLE('',#2183,0.4);
#192=CIRCLE('',#2186,0.2);
#193=CIRCLE('',#2187,0.200000000000001);
#194=CIRCLE('',#2188,0.2);
#195=CIRCLE('',#2189,0.2);
#196=CIRCLE('',#2191,0.200000000000001);
#197=CIRCLE('',#2192,0.2);
#198=CIRCLE('',#2193,0.2);
#199=CIRCLE('',#2194,0.2);
#200=CONICAL_SURFACE('',#2059,2.15,0.785398163397448);
#201=CONICAL_SURFACE('',#2062,0.65,0.785398163397448);
#202=CONICAL_SURFACE('',#2075,2.15,0.785398163397448);
#203=CONICAL_SURFACE('',#2077,0.65,0.785398163397448);
#204=CONICAL_SURFACE('',#2081,2.15,0.785398163397448);
#205=CONICAL_SURFACE('',#2096,2.15,0.785398163397448);
#206=CONICAL_SURFACE('',#2148,2.55,0.785398163397448);
#207=CONICAL_SURFACE('',#2150,0.5,0.785398163397447);
#208=CONICAL_SURFACE('',#2152,11.15,0.785398163397448);
#209=CONICAL_SURFACE('',#2154,0.5,0.785398163397448);
#210=CONICAL_SURFACE('',#2156,2.55,0.785398163397447);
#211=CONICAL_SURFACE('',#2167,2.55,0.785398163397448);
#212=CONICAL_SURFACE('',#2168,0.5,0.785398163397448);
#213=CONICAL_SURFACE('',#2169,11.15,0.785398163397448);
#214=CONICAL_SURFACE('',#2170,0.5,0.785398163397447);
#215=CONICAL_SURFACE('',#2171,2.55,0.785398163397448);
#216=CONICAL_SURFACE('',#2176,1.125,0.785398163397449);
#217=CONICAL_SURFACE('',#2180,1.125,0.78539816339745);
#218=FACE_OUTER_BOUND('',#335,.T.);
#219=FACE_OUTER_BOUND('',#336,.T.);
#220=FACE_OUTER_BOUND('',#337,.T.);
#221=FACE_OUTER_BOUND('',#338,.T.);
#222=FACE_OUTER_BOUND('',#339,.T.);
#223=FACE_OUTER_BOUND('',#340,.T.);
#224=FACE_OUTER_BOUND('',#341,.T.);
#225=FACE_OUTER_BOUND('',#342,.T.);
#226=FACE_OUTER_BOUND('',#343,.T.);
#227=FACE_OUTER_BOUND('',#344,.T.);
#228=FACE_OUTER_BOUND('',#345,.T.);
#229=FACE_OUTER_BOUND('',#346,.T.);
#230=FACE_OUTER_BOUND('',#347,.T.);
#231=FACE_OUTER_BOUND('',#348,.T.);
#232=FACE_OUTER_BOUND('',#349,.T.);
#233=FACE_OUTER_BOUND('',#353,.T.);
#234=FACE_OUTER_BOUND('',#354,.T.);
#235=FACE_OUTER_BOUND('',#358,.T.);
#236=FACE_OUTER_BOUND('',#359,.T.);
#237=FACE_OUTER_BOUND('',#360,.T.);
#238=FACE_OUTER_BOUND('',#361,.T.);
#239=FACE_OUTER_BOUND('',#362,.T.);
#240=FACE_OUTER_BOUND('',#363,.T.);
#241=FACE_OUTER_BOUND('',#364,.T.);
#242=FACE_OUTER_BOUND('',#365,.T.);
#243=FACE_OUTER_BOUND('',#366,.T.);
#244=FACE_OUTER_BOUND('',#367,.T.);
#245=FACE_OUTER_BOUND('',#368,.T.);
#246=FACE_OUTER_BOUND('',#371,.T.);
#247=FACE_OUTER_BOUND('',#372,.T.);
#248=FACE_OUTER_BOUND('',#373,.T.);
#249=FACE_OUTER_BOUND('',#374,.T.);
#250=FACE_OUTER_BOUND('',#375,.T.);
#251=FACE_OUTER_BOUND('',#376,.T.);
#252=FACE_OUTER_BOUND('',#377,.T.);
#253=FACE_OUTER_BOUND('',#378,.T.);
#254=FACE_OUTER_BOUND('',#379,.T.);
#255=FACE_OUTER_BOUND('',#380,.T.);
#256=FACE_OUTER_BOUND('',#381,.T.);
#257=FACE_OUTER_BOUND('',#382,.T.);
#258=FACE_OUTER_BOUND('',#383,.T.);
#259=FACE_OUTER_BOUND('',#384,.T.);
#260=FACE_OUTER_BOUND('',#385,.T.);
#261=FACE_OUTER_BOUND('',#386,.T.);
#262=FACE_OUTER_BOUND('',#387,.T.);
#263=FACE_OUTER_BOUND('',#388,.T.);
#264=FACE_OUTER_BOUND('',#389,.T.);
#265=FACE_OUTER_BOUND('',#390,.T.);
#266=FACE_OUTER_BOUND('',#391,.T.);
#267=FACE_OUTER_BOUND('',#392,.T.);
#268=FACE_OUTER_BOUND('',#393,.T.);
#269=FACE_OUTER_BOUND('',#394,.T.);
#270=FACE_OUTER_BOUND('',#395,.T.);
#271=FACE_OUTER_BOUND('',#396,.T.);
#272=FACE_OUTER_BOUND('',#397,.T.);
#273=FACE_OUTER_BOUND('',#398,.T.);
#274=FACE_OUTER_BOUND('',#399,.T.);
#275=FACE_OUTER_BOUND('',#400,.T.);
#276=FACE_OUTER_BOUND('',#401,.T.);
#277=FACE_OUTER_BOUND('',#402,.T.);
#278=FACE_OUTER_BOUND('',#403,.T.);
#279=FACE_OUTER_BOUND('',#404,.T.);
#280=FACE_OUTER_BOUND('',#405,.T.);
#281=FACE_OUTER_BOUND('',#406,.T.);
#282=FACE_OUTER_BOUND('',#407,.T.);
#283=FACE_OUTER_BOUND('',#408,.T.);
#284=FACE_OUTER_BOUND('',#409,.T.);
#285=FACE_OUTER_BOUND('',#410,.T.);
#286=FACE_OUTER_BOUND('',#411,.T.);
#287=FACE_OUTER_BOUND('',#412,.T.);
#288=FACE_OUTER_BOUND('',#413,.T.);
#289=FACE_OUTER_BOUND('',#414,.T.);
#290=FACE_OUTER_BOUND('',#415,.T.);
#291=FACE_OUTER_BOUND('',#416,.T.);
#292=FACE_OUTER_BOUND('',#417,.T.);
#293=FACE_OUTER_BOUND('',#418,.T.);
#294=FACE_OUTER_BOUND('',#419,.T.);
#295=FACE_OUTER_BOUND('',#420,.T.);
#296=FACE_OUTER_BOUND('',#421,.T.);
#297=FACE_OUTER_BOUND('',#422,.T.);
#298=FACE_OUTER_BOUND('',#423,.T.);
#299=FACE_OUTER_BOUND('',#424,.T.);
#300=FACE_OUTER_BOUND('',#425,.T.);
#301=FACE_OUTER_BOUND('',#426,.T.);
#302=FACE_OUTER_BOUND('',#427,.T.);
#303=FACE_OUTER_BOUND('',#428,.T.);
#304=FACE_OUTER_BOUND('',#429,.T.);
#305=FACE_OUTER_BOUND('',#430,.T.);
#306=FACE_OUTER_BOUND('',#431,.T.);
#307=FACE_OUTER_BOUND('',#432,.T.);
#308=FACE_OUTER_BOUND('',#433,.T.);
#309=FACE_OUTER_BOUND('',#434,.T.);
#310=FACE_OUTER_BOUND('',#435,.T.);
#311=FACE_OUTER_BOUND('',#437,.T.);
#312=FACE_OUTER_BOUND('',#440,.T.);
#313=FACE_OUTER_BOUND('',#441,.T.);
#314=FACE_OUTER_BOUND('',#442,.T.);
#315=FACE_OUTER_BOUND('',#443,.T.);
#316=FACE_OUTER_BOUND('',#444,.T.);
#317=FACE_OUTER_BOUND('',#445,.T.);
#318=FACE_OUTER_BOUND('',#446,.T.);
#319=FACE_OUTER_BOUND('',#447,.T.);
#320=FACE_OUTER_BOUND('',#448,.T.);
#321=FACE_OUTER_BOUND('',#449,.T.);
#322=FACE_OUTER_BOUND('',#450,.T.);
#323=FACE_OUTER_BOUND('',#451,.T.);
#324=FACE_OUTER_BOUND('',#452,.T.);
#325=FACE_OUTER_BOUND('',#453,.T.);
#326=FACE_OUTER_BOUND('',#454,.T.);
#327=FACE_OUTER_BOUND('',#455,.T.);
#328=FACE_OUTER_BOUND('',#456,.T.);
#329=FACE_OUTER_BOUND('',#457,.T.);
#330=FACE_OUTER_BOUND('',#458,.T.);
#331=FACE_OUTER_BOUND('',#459,.T.);
#332=FACE_OUTER_BOUND('',#460,.T.);
#333=FACE_OUTER_BOUND('',#461,.T.);
#334=FACE_OUTER_BOUND('',#462,.T.);
#335=EDGE_LOOP('',(#1273,#1274,#1275,#1276,#1277));
#336=EDGE_LOOP('',(#1278,#1279,#1280,#1281,#1282,#1283));
#337=EDGE_LOOP('',(#1284,#1285,#1286,#1287,#1288,#1289));
#338=EDGE_LOOP('',(#1290,#1291,#1292,#1293,#1294,#1295));
#339=EDGE_LOOP('',(#1296,#1297,#1298,#1299,#1300));
#340=EDGE_LOOP('',(#1301,#1302,#1303,#1304,#1305));
#341=EDGE_LOOP('',(#1306,#1307,#1308,#1309,#1310));
#342=EDGE_LOOP('',(#1311,#1312,#1313,#1314,#1315,#1316,#1317,#1318));
#343=EDGE_LOOP('',(#1319,#1320,#1321,#1322,#1323,#1324));
#344=EDGE_LOOP('',(#1325,#1326,#1327,#1328,#1329,#1330));
#345=EDGE_LOOP('',(#1331,#1332,#1333,#1334,#1335));
#346=EDGE_LOOP('',(#1336,#1337,#1338,#1339,#1340,#1341));
#347=EDGE_LOOP('',(#1342,#1343,#1344,#1345,#1346));
#348=EDGE_LOOP('',(#1347,#1348,#1349,#1350,#1351));
#349=EDGE_LOOP('',(#1352,#1353,#1354,#1355,#1356,#1357));
#350=EDGE_LOOP('',(#1358,#1359,#1360,#1361));
#351=EDGE_LOOP('',(#1362,#1363,#1364,#1365,#1366,#1367,#1368,#1369,#1370));
#352=EDGE_LOOP('',(#1371,#1372));
#353=EDGE_LOOP('',(#1373,#1374,#1375,#1376,#1377,#1378));
#354=EDGE_LOOP('',(#1379,#1380,#1381,#1382,#1383,#1384));
#355=EDGE_LOOP('',(#1385,#1386));
#356=EDGE_LOOP('',(#1387,#1388,#1389,#1390,#1391,#1392,#1393,#1394,#1395));
#357=EDGE_LOOP('',(#1396,#1397,#1398,#1399));
#358=EDGE_LOOP('',(#1400,#1401,#1402,#1403));
#359=EDGE_LOOP('',(#1404,#1405,#1406,#1407,#1408));
#360=EDGE_LOOP('',(#1409,#1410,#1411,#1412,#1413,#1414));
#361=EDGE_LOOP('',(#1415,#1416,#1417,#1418));
#362=EDGE_LOOP('',(#1419,#1420,#1421,#1422,#1423));
#363=EDGE_LOOP('',(#1424,#1425,#1426,#1427));
#364=EDGE_LOOP('',(#1428,#1429,#1430,#1431));
#365=EDGE_LOOP('',(#1432,#1433,#1434,#1435,#1436));
#366=EDGE_LOOP('',(#1437,#1438,#1439,#1440,#1441));
#367=EDGE_LOOP('',(#1442,#1443,#1444,#1445,#1446,#1447));
#368=EDGE_LOOP('',(#1448,#1449,#1450,#1451));
#369=EDGE_LOOP('',(#1452,#1453,#1454,#1455));
#370=EDGE_LOOP('',(#1456,#1457,#1458,#1459));
#371=EDGE_LOOP('',(#1460,#1461,#1462,#1463,#1464,#1465));
#372=EDGE_LOOP('',(#1466,#1467,#1468,#1469,#1470,#1471));
#373=EDGE_LOOP('',(#1472,#1473,#1474,#1475,#1476,#1477));
#374=EDGE_LOOP('',(#1478,#1479,#1480,#1481));
#375=EDGE_LOOP('',(#1482,#1483,#1484,#1485));
#376=EDGE_LOOP('',(#1486,#1487,#1488,#1489));
#377=EDGE_LOOP('',(#1490,#1491,#1492,#1493));
#378=EDGE_LOOP('',(#1494,#1495,#1496,#1497));
#379=EDGE_LOOP('',(#1498,#1499,#1500,#1501));
#380=EDGE_LOOP('',(#1502,#1503,#1504,#1505));
#381=EDGE_LOOP('',(#1506,#1507,#1508,#1509));
#382=EDGE_LOOP('',(#1510,#1511,#1512,#1513));
#383=EDGE_LOOP('',(#1514,#1515,#1516,#1517));
#384=EDGE_LOOP('',(#1518,#1519,#1520,#1521));
#385=EDGE_LOOP('',(#1522,#1523,#1524,#1525));
#386=EDGE_LOOP('',(#1526,#1527,#1528,#1529,#1530,#1531));
#387=EDGE_LOOP('',(#1532,#1533,#1534,#1535));
#388=EDGE_LOOP('',(#1536,#1537,#1538,#1539));
#389=EDGE_LOOP('',(#1540,#1541,#1542,#1543));
#390=EDGE_LOOP('',(#1544,#1545,#1546,#1547));
#391=EDGE_LOOP('',(#1548,#1549,#1550,#1551));
#392=EDGE_LOOP('',(#1552,#1553,#1554,#1555));
#393=EDGE_LOOP('',(#1556,#1557,#1558,#1559));
#394=EDGE_LOOP('',(#1560,#1561,#1562,#1563));
#395=EDGE_LOOP('',(#1564,#1565,#1566,#1567));
#396=EDGE_LOOP('',(#1568,#1569,#1570,#1571));
#397=EDGE_LOOP('',(#1572,#1573,#1574,#1575,#1576,#1577));
#398=EDGE_LOOP('',(#1578,#1579,#1580,#1581));
#399=EDGE_LOOP('',(#1582,#1583,#1584,#1585));
#400=EDGE_LOOP('',(#1586,#1587,#1588,#1589));
#401=EDGE_LOOP('',(#1590,#1591,#1592,#1593));
#402=EDGE_LOOP('',(#1594,#1595,#1596,#1597));
#403=EDGE_LOOP('',(#1598,#1599,#1600,#1601));
#404=EDGE_LOOP('',(#1602,#1603,#1604,#1605));
#405=EDGE_LOOP('',(#1606,#1607,#1608,#1609));
#406=EDGE_LOOP('',(#1610,#1611,#1612,#1613));
#407=EDGE_LOOP('',(#1614,#1615,#1616,#1617));
#408=EDGE_LOOP('',(#1618,#1619,#1620,#1621));
#409=EDGE_LOOP('',(#1622,#1623,#1624,#1625));
#410=EDGE_LOOP('',(#1626,#1627,#1628,#1629));
#411=EDGE_LOOP('',(#1630,#1631,#1632,#1633));
#412=EDGE_LOOP('',(#1634,#1635,#1636,#1637,#1638));
#413=EDGE_LOOP('',(#1639,#1640,#1641,#1642,#1643,#1644,#1645,#1646));
#414=EDGE_LOOP('',(#1647,#1648,#1649));
#415=EDGE_LOOP('',(#1650,#1651,#1652,#1653));
#416=EDGE_LOOP('',(#1654,#1655,#1656,#1657));
#417=EDGE_LOOP('',(#1658,#1659,#1660,#1661));
#418=EDGE_LOOP('',(#1662,#1663,#1664));
#419=EDGE_LOOP('',(#1665,#1666,#1667,#1668,#1669,#1670,#1671,#1672,#1673,
#1674));
#420=EDGE_LOOP('',(#1675,#1676,#1677,#1678));
#421=EDGE_LOOP('',(#1679,#1680,#1681,#1682,#1683,#1684,#1685,#1686,#1687,
#1688));
#422=EDGE_LOOP('',(#1689,#1690,#1691,#1692));
#423=EDGE_LOOP('',(#1693,#1694,#1695));
#424=EDGE_LOOP('',(#1696,#1697,#1698,#1699));
#425=EDGE_LOOP('',(#1700,#1701,#1702,#1703));
#426=EDGE_LOOP('',(#1704,#1705,#1706,#1707));
#427=EDGE_LOOP('',(#1708,#1709,#1710));
#428=EDGE_LOOP('',(#1711,#1712,#1713,#1714,#1715,#1716,#1717,#1718,#1719,
#1720));
#429=EDGE_LOOP('',(#1721,#1722,#1723,#1724));
#430=EDGE_LOOP('',(#1725,#1726,#1727,#1728,#1729,#1730,#1731,#1732,#1733,
#1734));
#431=EDGE_LOOP('',(#1735,#1736,#1737,#1738));
#432=EDGE_LOOP('',(#1739,#1740,#1741,#1742));
#433=EDGE_LOOP('',(#1743,#1744,#1745,#1746));
#434=EDGE_LOOP('',(#1747,#1748,#1749,#1750));
#435=EDGE_LOOP('',(#1751,#1752,#1753,#1754));
#436=EDGE_LOOP('',(#1755,#1756,#1757,#1758));
#437=EDGE_LOOP('',(#1759,#1760,#1761,#1762));
#438=EDGE_LOOP('',(#1763,#1764,#1765,#1766,#1767,#1768,#1769,#1770));
#439=EDGE_LOOP('',(#1771,#1772,#1773,#1774,#1775,#1776,#1777,#1778));
#440=EDGE_LOOP('',(#1779,#1780,#1781,#1782));
#441=EDGE_LOOP('',(#1783,#1784,#1785,#1786));
#442=EDGE_LOOP('',(#1787,#1788,#1789,#1790));
#443=EDGE_LOOP('',(#1791,#1792,#1793,#1794,#1795,#1796));
#444=EDGE_LOOP('',(#1797,#1798,#1799,#1800));
#445=EDGE_LOOP('',(#1801,#1802,#1803,#1804,#1805,#1806));
#446=EDGE_LOOP('',(#1807,#1808,#1809,#1810,#1811,#1812));
#447=EDGE_LOOP('',(#1813,#1814,#1815,#1816,#1817,#1818));
#448=EDGE_LOOP('',(#1819,#1820,#1821,#1822));
#449=EDGE_LOOP('',(#1823,#1824,#1825,#1826));
#450=EDGE_LOOP('',(#1827,#1828,#1829,#1830));
#451=EDGE_LOOP('',(#1831,#1832,#1833,#1834,#1835,#1836));
#452=EDGE_LOOP('',(#1837,#1838,#1839,#1840));
#453=EDGE_LOOP('',(#1841,#1842,#1843,#1844,#1845,#1846));
#454=EDGE_LOOP('',(#1847,#1848,#1849,#1850,#1851,#1852,#1853,#1854));
#455=EDGE_LOOP('',(#1855,#1856,#1857));
#456=EDGE_LOOP('',(#1858,#1859,#1860));
#457=EDGE_LOOP('',(#1861,#1862,#1863));
#458=EDGE_LOOP('',(#1864,#1865,#1866));
#459=EDGE_LOOP('',(#1867,#1868,#1869,#1870,#1871,#1872,#1873,#1874));
#460=EDGE_LOOP('',(#1875,#1876,#1877,#1878,#1879,#1880,#1881,#1882));
#461=EDGE_LOOP('',(#1883,#1884,#1885,#1886,#1887,#1888,#1889,#1890));
#462=EDGE_LOOP('',(#1891,#1892,#1893,#1894));
#463=EDGE_LOOP('',(#1895,#1896,#1897,#1898));
#464=LINE('',#2645,#551);
#465=LINE('',#2662,#552);
#466=LINE('',#2703,#553);
#467=LINE('',#2746,#554);
#468=LINE('',#2928,#555);
#469=LINE('',#2951,#556);
#470=LINE('',#2964,#557);
#471=LINE('',#2993,#558);
#472=LINE('',#2997,#559);
#473=LINE('',#3097,#560);
#474=LINE('',#3143,#561);
#475=LINE('',#3144,#562);
#476=LINE('',#3147,#563);
#477=LINE('',#3149,#564);
#478=LINE('',#3186,#565);
#479=LINE('',#3193,#566);
#480=LINE('',#3195,#567);
#481=LINE('',#3198,#568);
#482=LINE('',#3257,#569);
#483=LINE('',#3264,#570);
#484=LINE('',#3298,#571);
#485=LINE('',#3301,#572);
#486=LINE('',#3304,#573);
#487=LINE('',#3305,#574);
#488=LINE('',#3307,#575);
#489=LINE('',#3308,#576);
#490=LINE('',#3532,#577);
#491=LINE('',#3830,#578);
#492=LINE('',#3841,#579);
#493=LINE('',#3842,#580);
#494=LINE('',#3844,#581);
#495=LINE('',#3846,#582);
#496=LINE('',#3850,#583);
#497=LINE('',#3854,#584);
#498=LINE('',#3859,#585);
#499=LINE('',#3872,#586);
#500=LINE('',#3882,#587);
#501=LINE('',#3907,#588);
#502=LINE('',#3914,#589);
#503=LINE('',#3932,#590);
#504=LINE('',#3954,#591);
#505=LINE('',#3980,#592);
#506=LINE('',#3988,#593);
#507=LINE('',#3992,#594);
#508=LINE('',#3996,#595);
#509=LINE('',#4000,#596);
#510=LINE('',#4006,#597);
#511=LINE('',#4009,#598);
#512=LINE('',#4012,#599);
#513=LINE('',#4016,#600);
#514=LINE('',#4086,#601);
#515=LINE('',#4093,#602);
#516=LINE('',#4111,#603);
#517=LINE('',#4133,#604);
#518=LINE('',#4158,#605);
#519=LINE('',#4165,#606);
#520=LINE('',#4167,#607);
#521=LINE('',#4169,#608);
#522=LINE('',#4171,#609);
#523=LINE('',#4220,#610);
#524=LINE('',#4222,#611);
#525=LINE('',#4227,#612);
#526=LINE('',#4229,#613);
#527=LINE('',#4363,#614);
#528=LINE('',#4377,#615);
#529=LINE('',#4390,#616);
#530=LINE('',#4392,#617);
#531=LINE('',#5555,#618);
#532=LINE('',#5557,#619);
#533=LINE('',#5558,#620);
#534=LINE('',#5559,#621);
#535=LINE('',#5570,#622);
#536=LINE('',#5580,#623);
#537=LINE('',#5590,#624);
#538=LINE('',#5591,#625);
#539=LINE('',#5594,#626);
#540=LINE('',#5596,#627);
#541=LINE('',#5597,#628);
#542=LINE('',#5599,#629);
#543=LINE('',#5602,#630);
#544=LINE('',#5604,#631);
#545=LINE('',#5605,#632);
#546=LINE('',#5610,#633);
#547=LINE('',#5705,#634);
#548=LINE('',#5804,#635);
#549=LINE('',#6154,#636);
#550=LINE('',#6156,#637);
#551=VECTOR('',#2214,10.);
#552=VECTOR('',#2215,10.);
#553=VECTOR('',#2236,10.);
#554=VECTOR('',#2239,10.);
#555=VECTOR('',#2244,10.);
#556=VECTOR('',#2245,10.);
#557=VECTOR('',#2250,10.);
#558=VECTOR('',#2251,10.);
#559=VECTOR('',#2254,10.);
#560=VECTOR('',#2267,10.);
#561=VECTOR('',#2274,10.);
#562=VECTOR('',#2275,10.);
#563=VECTOR('',#2278,10.);
#564=VECTOR('',#2279,10.);
#565=VECTOR('',#2284,10.);
#566=VECTOR('',#2291,10.);
#567=VECTOR('',#2292,10.);
#568=VECTOR('',#2295,10.);
#569=VECTOR('',#2316,10.);
#570=VECTOR('',#2323,10.);
#571=VECTOR('',#2334,10.);
#572=VECTOR('',#2337,10.);
#573=VECTOR('',#2340,10.);
#574=VECTOR('',#2341,10.);
#575=VECTOR('',#2344,10.);
#576=VECTOR('',#2345,10.);
#577=VECTOR('',#2360,10.);
#578=VECTOR('',#2371,10.);
#579=VECTOR('',#2384,10.);
#580=VECTOR('',#2385,10.);
#581=VECTOR('',#2386,10.);
#582=VECTOR('',#2387,10.);
#583=VECTOR('',#2390,10.);
#584=VECTOR('',#2393,10.);
#585=VECTOR('',#2398,10.);
#586=VECTOR('',#2413,10.);
#587=VECTOR('',#2424,10.);
#588=VECTOR('',#2429,10.);
#589=VECTOR('',#2430,10.);
#590=VECTOR('',#2431,10.);
#591=VECTOR('',#2432,10.);
#592=VECTOR('',#2433,10.);
#593=VECTOR('',#2436,10.);
#594=VECTOR('',#2441,10.);
#595=VECTOR('',#2446,10.);
#596=VECTOR('',#2451,10.);
#597=VECTOR('',#2460,10.);
#598=VECTOR('',#2463,10.);
#599=VECTOR('',#2466,10.);
#600=VECTOR('',#2471,10.);
#601=VECTOR('',#2480,10.);
#602=VECTOR('',#2481,10.);
#603=VECTOR('',#2482,10.);
#604=VECTOR('',#2483,10.);
#605=VECTOR('',#2484,10.);
#606=VECTOR('',#2487,10.);
#607=VECTOR('',#2490,10.);
#608=VECTOR('',#2493,10.);
#609=VECTOR('',#2496,10.);
#610=VECTOR('',#2507,10.);
#611=VECTOR('',#2510,10.);
#612=VECTOR('',#2519,10.);
#613=VECTOR('',#2522,10.);
#614=VECTOR('',#2527,10.);
#615=VECTOR('',#2528,10.);
#616=VECTOR('',#2529,10.);
#617=VECTOR('',#2532,10.);
#618=VECTOR('',#2557,10.);
#619=VECTOR('',#2560,10.);
#620=VECTOR('',#2561,10.);
#621=VECTOR('',#2562,10.);
#622=VECTOR('',#2563,10.);
#623=VECTOR('',#2566,10.);
#624=VECTOR('',#2569,10.);
#625=VECTOR('',#2570,10.);
#626=VECTOR('',#2573,10.);
#627=VECTOR('',#2574,10.);
#628=VECTOR('',#2575,10.);
#629=VECTOR('',#2578,10.);
#630=VECTOR('',#2581,10.);
#631=VECTOR('',#2582,10.);
#632=VECTOR('',#2583,10.);
#633=VECTOR('',#2592,10.);
#634=VECTOR('',#2593,10.);
#635=VECTOR('',#2594,10.);
#636=VECTOR('',#2597,10.);
#637=VECTOR('',#2600,10.);
#638=B_SPLINE_CURVE_WITH_KNOTS('',3,(#2607,#2608,#2609,#2610,#2611,#2612,
#2613,#2614,#2615,#2616,#2617,#2618,#2619,#2620,#2621,#2622,#2623,#2624,
#2625,#2626,#2627,#2628,#2629,#2630,#2631,#2632,#2633,#2634,#2635,#2636,
#2637,#2638,#2639,#2640,#2641,#2642,#2643),.UNSPECIFIED.,.F.,.F.,(4,3,3,
3,3,3,3,3,3,3,3,3,4),(-0.0172336937251526,-0.0166089341064268,-0.0135751512514697,
-0.0121832668896636,-0.00946933587653389,-0.00877728403354896,-0.00611323454180227,
-0.00326490627290854,-0.00272706606327439,-0.00262600484077002,-0.00259400517406253,
-0.00257371799922573,-0.00256972691938785),.UNSPECIFIED.);
#639=B_SPLINE_CURVE_WITH_KNOTS('',3,(#2647,#2648,#2649,#2650,#2651,#2652,
#2653,#2654),.UNSPECIFIED.,.F.,.F.,(4,2,2,4),(0.0569607210701708,0.060252961987601,
0.0635452029050311,0.0637117438369011),.UNSPECIFIED.);
#640=B_SPLINE_CURVE_WITH_KNOTS('',3,(#2656,#2657,#2658,#2659,#2660,#2661),
 .UNSPECIFIED.,.F.,.F.,(4,2,4),(0.0484468376429591,0.0519661002573221,0.0555661072802288),
 .UNSPECIFIED.);
#641=B_SPLINE_CURVE_WITH_KNOTS('',3,(#2665,#2666,#2667,#2668),
 .UNSPECIFIED.,.F.,.F.,(4,4),(0.00398628489700879,0.0464825976145435),
 .UNSPECIFIED.);
#642=B_SPLINE_CURVE_WITH_KNOTS('',3,(#2672,#2673,#2674,#2675),
 .UNSPECIFIED.,.F.,.F.,(4,4),(0.00398628489700876,0.0464825976145441),
 .UNSPECIFIED.);
#643=B_SPLINE_CURVE_WITH_KNOTS('',3,(#2677,#2678,#2679,#2680,#2681,#2682),
 .UNSPECIFIED.,.F.,.F.,(4,2,4),(0.0555661072802289,0.0591661143031357,0.0626853769174988),
 .UNSPECIFIED.);
#644=B_SPLINE_CURVE_WITH_KNOTS('',3,(#2687,#2688,#2689,#2690,#2691,#2692,
#2693,#2694),.UNSPECIFIED.,.F.,.F.,(4,2,2,4),(-0.023182717775729,-0.0230161770691809,
-0.0197239361517508,-0.0164316952343207),.UNSPECIFIED.);
#645=B_SPLINE_CURVE_WITH_KNOTS('',3,(#2706,#2707,#2708,#2709,#2710,#2711,
#2712,#2713,#2714,#2715,#2716,#2717,#2718,#2719,#2720,#2721,#2722,#2723,
#2724,#2725,#2726,#2727,#2728,#2729,#2730,#2731,#2732,#2733,#2734,#2735,
#2736,#2737,#2738,#2739,#2740,#2741,#2742,#2743,#2744,#2745),
 .UNSPECIFIED.,.F.,.F.,(4,3,3,3,3,3,3,3,3,3,3,3,3,4),(-0.0395127613591166,
-0.0395091474380651,-0.0394992726757681,-0.039475471385414,-0.039437240236123,
-0.0392385417037885,-0.0367470294834572,-0.0366531304177563,-0.0343544508780571,
-0.0316789220550947,-0.0309684321673795,-0.0280795054845371,-0.0270297029690718,
-0.0248420678774749),.UNSPECIFIED.);
#646=B_SPLINE_CURVE_WITH_KNOTS('',3,(#2870,#2871,#2872,#2873,#2874,#2875,
#2876,#2877,#2878,#2879,#2880,#2881,#2882,#2883,#2884,#2885,#2886,#2887,
#2888,#2889,#2890,#2891,#2892,#2893),.UNSPECIFIED.,.F.,.F.,(4,1,1,1,1,1,
1,1,1,1,1,1,1,1,1,1,1,1,1,1,1,4),(-0.832163097363778,-0.832125597845201,
-0.832088098326624,-0.83201309928947,-0.831938100252315,-0.831863101215161,
-0.831713103140852,-0.831563105066543,-0.831263108917926,-0.830963112769308,
-0.830363120472073,-0.829763128174838,-0.828563143580368,-0.827363158985898,
-0.822563220608017,-0.81936326168943,-0.817763282230136,-0.812963343852256,
-0.808163405474375,-0.803363467096494,-0.800963497907554,-0.798563532844414),
 .UNSPECIFIED.);
#647=B_SPLINE_CURVE_WITH_KNOTS('',3,(#2894,#2895,#2896,#2897,#2898,#2899,
#2900,#2901,#2902,#2903,#2904,#2905,#2906,#2907,#2908,#2909,#2910,#2911,
#2912,#2913,#2914,#2915,#2916,#2917),.UNSPECIFIED.,.F.,.F.,(4,2,2,2,2,2,
2,2,2,2,2,4),(0.,0.0195691204399945,0.0520308924848136,0.0593869324246106,
0.0603595285418064,0.0614004031050565,0.0653111043999487,0.0740350953999265,
0.0945778612011154,0.116521989279399,0.127756303681688,0.128456653977974),
 .UNSPECIFIED.);
#648=B_SPLINE_CURVE_WITH_KNOTS('',3,(#2921,#2922,#2923,#2924,#2925,#2926),
 .UNSPECIFIED.,.F.,.F.,(4,2,4),(0.0840231181711238,0.0875423809099947,0.0911423879329016),
 .UNSPECIFIED.);
#649=B_SPLINE_CURVE_WITH_KNOTS('',3,(#2930,#2931,#2932,#2933,#2934,#2935,
#2936,#2937,#2938,#2939,#2940,#2941,#2942,#2943,#2944,#2945,#2946,#2947,
#2948,#2949),.UNSPECIFIED.,.F.,.F.,(4,2,2,2,2,2,2,2,2,4),(-0.0172337197170436,
-0.0165957640059698,-0.0121734249672128,-0.00876987433958129,-0.0061076823237805,
-0.00272335557936786,-0.00262584073477504,-0.00259431689021947,-0.00257416626573915,
-0.00256972823439589),.UNSPECIFIED.);
#650=B_SPLINE_CURVE_WITH_KNOTS('',3,(#2952,#2953,#2954,#2955,#2956,#2957,
#2958,#2959),.UNSPECIFIED.,.F.,.F.,(4,2,2,4),(0.0164316952343206,0.0197239361517507,
0.0230161770691809,0.0231827181214528),.UNSPECIFIED.);
#651=B_SPLINE_CURVE_WITH_KNOTS('',3,(#2966,#2967,#2968,#2969,#2970,#2971,
#2972,#2973,#2974,#2975,#2976,#2977,#2978,#2979,#2980,#2981,#2982,#2983,
#2984,#2985,#2986,#2987,#2988,#2989,#2990,#2991),.UNSPECIFIED.,.F.,.F.,
(4,2,2,2,2,2,2,2,2,2,2,2,4),(0.,0.0195859968963042,0.0520996904124105,0.0586612627498478,
0.059345142119574,0.060275901068862,0.0612446822921023,0.0648633212643219,
0.073049104609514,0.0924273086914115,0.113139222289904,0.123744214376697,
0.124583182719832),.UNSPECIFIED.);
#652=B_SPLINE_CURVE_WITH_KNOTS('',3,(#2998,#2999,#3000,#3001,#3002,#3003,
#3004,#3005,#3006,#3007,#3008,#3009,#3010,#3011,#3012,#3013,#3014,#3015,
#3016,#3017,#3018,#3019,#3020,#3021,#3022,#3023),.UNSPECIFIED.,.F.,.F.,
(4,2,2,2,2,2,2,2,2,2,2,2,4),(0.01009953015615,0.0170255759042935,0.0253962530472316,
0.0336213036729535,0.0416362696262639,0.0666344119603416,0.0687885403285217,
0.0701415727522579,0.0736765605144108,0.0835267943907497,0.0965245013740059,
0.141644961042011,0.178925475646156),.UNSPECIFIED.);
#653=B_SPLINE_CURVE_WITH_KNOTS('',3,(#3026,#3027,#3028,#3029),
 .UNSPECIFIED.,.F.,.F.,(4,4),(0.,0.0418319558772732),.UNSPECIFIED.);
#654=B_SPLINE_CURVE_WITH_KNOTS('',3,(#3033,#3034,#3035,#3036),
 .UNSPECIFIED.,.F.,.F.,(4,4),(0.,0.0418319558772751),.UNSPECIFIED.);
#655=B_SPLINE_CURVE_WITH_KNOTS('',3,(#3037,#3038,#3039,#3040,#3041,#3042),
 .UNSPECIFIED.,.F.,.F.,(4,2,4),(0.0555661072802288,0.0591661143031355,0.0626853770420066),
 .UNSPECIFIED.);
#656=B_SPLINE_CURVE_WITH_KNOTS('',3,(#3046,#3047,#3048,#3049,#3050,#3051,
#3052,#3053),.UNSPECIFIED.,.F.,.F.,(4,2,2,4),(-0.0231827178961305,-0.0230161770691808,
-0.0197239361517507,-0.0164316952343206),.UNSPECIFIED.);
#657=B_SPLINE_CURVE_WITH_KNOTS('',3,(#3057,#3058,#3059,#3060,#3061,#3062,
#3063,#3064,#3065,#3066,#3067,#3068,#3069,#3070,#3071,#3072,#3073,#3074,
#3075,#3076,#3077,#3078,#3079,#3080,#3081,#3082,#3083,#3084,#3085,#3086,
#3087,#3088,#3089,#3090,#3091,#3092,#3093,#3094,#3095,#3096),
 .UNSPECIFIED.,.F.,.F.,(4,3,3,3,3,3,3,3,3,3,3,3,3,4),(-0.0395128999657718,
-0.0395092872820561,-0.0394994099619365,-0.0394756030518453,-0.0394373653844649,
-0.0392386810897663,-0.0367471880500213,-0.0366532601348611,-0.034324671386011,
-0.0316494845147602,-0.030940257204058,-0.0280485566716216,-0.026980677107793,
-0.0248421561715997),.UNSPECIFIED.);
#658=B_SPLINE_CURVE_WITH_KNOTS('',3,(#3118,#3119,#3120,#3121,#3122,#3123,
#3124,#3125,#3126,#3127,#3128,#3129,#3130,#3131,#3132,#3133,#3134,#3135,
#3136,#3137,#3138,#3139,#3140,#3141),.UNSPECIFIED.,.F.,.F.,(4,1,1,1,1,1,
1,1,1,1,1,1,1,1,1,1,1,1,1,1,1,4),(-0.832133770151148,-0.832096284453886,
-0.832058798756624,-0.831983827362099,-0.831908855967574,-0.831833884573049,
-0.831683941784,-0.83153399899495,-0.831234113416851,-0.830934227838752,
-0.830334456682554,-0.830034571104455,-0.829734685526356,-0.82853514321396,
-0.827335600901564,-0.825736211151703,-0.82253743165198,-0.817739262402395,
-0.812941093152811,-0.808142923903227,-0.803344754653642,-0.798546585770265),
 .UNSPECIFIED.);
#659=B_SPLINE_CURVE_WITH_KNOTS('',3,(#3150,#3151,#3152,#3153,#3154,#3155,
#3156,#3157,#3158,#3159,#3160,#3161,#3162,#3163,#3164,#3165,#3166,#3167,
#3168,#3169,#3170,#3171,#3172,#3173,#3174,#3175,#3176,#3177,#3178,#3179,
#3180),.UNSPECIFIED.,.F.,.F.,(4,1,1,1,1,1,1,1,1,1,1,1,1,1,1,1,1,1,1,1,1,
1,1,1,1,1,1,1,4),(-0.625735012865669,-0.625144025411693,-0.624553034816219,
-0.62337105362527,-0.621007091243372,-0.616279166479576,-0.615688175884102,
-0.615097185288627,-0.613915204097678,-0.61155124171578,-0.609187279333882,
-0.608005298142933,-0.607414307547459,-0.606823316951985,-0.602095392188189,
-0.600519417266923,-0.598943442345658,-0.597367467424393,-0.596185486233444,
-0.595003505042495,-0.594412514447021,-0.593821523851546,-0.593526028553809,
-0.593230533256072,-0.592935037958334,-0.592787290309466,-0.592713416485031,
-0.592676479572814,-0.592639542660597),.UNSPECIFIED.);
#660=B_SPLINE_CURVE_WITH_KNOTS('',3,(#3201,#3202,#3203,#3204,#3205),
 .UNSPECIFIED.,.F.,.F.,(4,1,4),(0.,0.0319286693346765,0.0745002284475785),
 .UNSPECIFIED.);
#661=B_SPLINE_CURVE_WITH_KNOTS('',3,(#3217,#3218,#3219,#3220,#3221),
 .UNSPECIFIED.,.F.,.F.,(4,1,4),(0.,0.0319286692659271,0.0745002282871632),
 .UNSPECIFIED.);
#662=B_SPLINE_CURVE_WITH_KNOTS('',3,(#3223,#3224,#3225,#3226),
 .UNSPECIFIED.,.F.,.F.,(4,4),(-0.067363929012977,-0.0582804202137603),
 .UNSPECIFIED.);
#663=B_SPLINE_CURVE_WITH_KNOTS('',3,(#3227,#3228,#3229,#3230),
 .UNSPECIFIED.,.F.,.F.,(4,4),(-0.00908366674189677,4.10173739591457E-14),
 .UNSPECIFIED.);
#664=B_SPLINE_CURVE_WITH_KNOTS('',3,(#3267,#3268,#3269,#3270,#3271),
 .UNSPECIFIED.,.F.,.F.,(4,1,4),(0.,0.0319286692659271,0.0745002282871633),
 .UNSPECIFIED.);
#665=B_SPLINE_CURVE_WITH_KNOTS('',3,(#3283,#3284,#3285,#3286,#3287),
 .UNSPECIFIED.,.F.,.F.,(4,1,4),(0.,0.0319286693346765,0.0745002284475784),
 .UNSPECIFIED.);
#666=B_SPLINE_CURVE_WITH_KNOTS('',3,(#3289,#3290,#3291,#3292),
 .UNSPECIFIED.,.F.,.F.,(4,4),(-0.0673639292373582,-0.0582804199982358),
 .UNSPECIFIED.);
#667=B_SPLINE_CURVE_WITH_KNOTS('',3,(#3293,#3294,#3295,#3296),
 .UNSPECIFIED.,.F.,.F.,(4,4),(-0.0090836663020198,1.15067596083217E-18),
 .UNSPECIFIED.);
#668=B_SPLINE_CURVE_WITH_KNOTS('',3,(#3474,#3475,#3476,#3477,#3478,#3479,
#3480,#3481,#3482,#3483,#3484,#3485,#3486,#3487,#3488,#3489,#3490,#3491,
#3492,#3493,#3494,#3495,#3496,#3497,#3498,#3499,#3500,#3501),
 .UNSPECIFIED.,.F.,.F.,(4,2,2,2,2,2,2,2,2,2,2,2,2,4),(0.0100995299122529,
0.0170255750670185,0.0253962513368705,0.03362130039996,0.0416362631510433,
0.0563833113622752,0.0613958628531148,0.0620339016883783,0.0630041589026387,
0.0652953108468025,0.0696284771456386,0.0759718804599989,0.0963622721028707,
0.113466925789695),.UNSPECIFIED.);
#669=B_SPLINE_CURVE_WITH_KNOTS('',3,(#3502,#3503,#3504,#3505,#3506,#3507,
#3508,#3509,#3510,#3511,#3512,#3513,#3514,#3515,#3516,#3517,#3518,#3519,
#3520,#3521,#3522,#3523,#3524,#3525,#3526,#3527,#3528,#3529),
 .UNSPECIFIED.,.F.,.F.,(4,1,1,1,1,1,1,1,1,1,1,1,1,1,1,1,1,1,1,1,1,1,1,1,
1,4),(-0.657437348609055,-0.656847707784207,-0.656258065887552,-0.655078782094242,
-0.652720214507622,-0.648003079334381,-0.646823795541071,-0.645644511747761,
-0.64328594416114,-0.6385688089879,-0.63699643059682,-0.63542405220574,
-0.6346378630102,-0.633851673814659,-0.629658664771779,-0.629134538641419,
-0.626775971054799,-0.626186329158144,-0.625596687261489,-0.625301866313161,
-0.625007045364834,-0.624712224416506,-0.624564813942342,-0.62449110870526,
-0.624454256086719,-0.624417403468178),.UNSPECIFIED.);
#670=B_SPLINE_CURVE_WITH_KNOTS('',3,(#3909,#3910,#3911,#3912,#3913),
 .UNSPECIFIED.,.F.,.F.,(4,1,4),(-0.0745002284475785,-0.0319286693346765,
0.),.UNSPECIFIED.);
#671=B_SPLINE_CURVE_WITH_KNOTS('',3,(#3933,#3934,#3935,#3936),
 .UNSPECIFIED.,.F.,.F.,(4,4),(-4.10173739591457E-14,0.00908366674189677),
 .UNSPECIFIED.);
#672=B_SPLINE_CURVE_WITH_KNOTS('',3,(#3955,#3956,#3957,#3958),
 .UNSPECIFIED.,.F.,.F.,(4,4),(0.0582804202137603,0.067363929012977),
 .UNSPECIFIED.);
#673=B_SPLINE_CURVE_WITH_KNOTS('',3,(#3981,#3982,#3983,#3984,#3985),
 .UNSPECIFIED.,.F.,.F.,(4,1,4),(-0.0745002282871632,-0.0319286692659271,
0.),.UNSPECIFIED.);
#674=B_SPLINE_CURVE_WITH_KNOTS('',3,(#4020,#4021,#4022,#4023),
 .UNSPECIFIED.,.F.,.F.,(4,4),(0.,0.3345),.UNSPECIFIED.);
#675=B_SPLINE_CURVE_WITH_KNOTS('',3,(#4025,#4026,#4027,#4028),
 .UNSPECIFIED.,.F.,.F.,(4,4),(0.,0.790999999999999),.UNSPECIFIED.);
#676=B_SPLINE_CURVE_WITH_KNOTS('',3,(#4030,#4031,#4032,#4033),
 .UNSPECIFIED.,.F.,.F.,(4,4),(-0.3345,0.),.UNSPECIFIED.);
#677=B_SPLINE_CURVE_WITH_KNOTS('',3,(#4060,#4061,#4062,#4063),
 .UNSPECIFIED.,.F.,.F.,(4,4),(-0.3345,0.),.UNSPECIFIED.);
#678=B_SPLINE_CURVE_WITH_KNOTS('',3,(#4088,#4089,#4090,#4091,#4092),
 .UNSPECIFIED.,.F.,.F.,(4,1,4),(-0.0745002282871633,-0.0319286692659271,
0.),.UNSPECIFIED.);
#679=B_SPLINE_CURVE_WITH_KNOTS('',3,(#4112,#4113,#4114,#4115),
 .UNSPECIFIED.,.F.,.F.,(4,4),(-1.15067596083217E-18,0.0090836663020198),
 .UNSPECIFIED.);
#680=B_SPLINE_CURVE_WITH_KNOTS('',3,(#4134,#4135,#4136,#4137),
 .UNSPECIFIED.,.F.,.F.,(4,4),(0.0582804199982358,0.0673639292373582),
 .UNSPECIFIED.);
#681=B_SPLINE_CURVE_WITH_KNOTS('',3,(#4159,#4160,#4161,#4162,#4163),
 .UNSPECIFIED.,.F.,.F.,(4,1,4),(-0.0745002284475784,-0.0319286693346765,
0.),.UNSPECIFIED.);
#682=B_SPLINE_CURVE_WITH_KNOTS('',3,(#4176,#4177,#4178,#4179),
 .UNSPECIFIED.,.F.,.F.,(4,4),(0.,0.3345),.UNSPECIFIED.);
#683=B_SPLINE_CURVE_WITH_KNOTS('',3,(#4181,#4182,#4183,#4184),
 .UNSPECIFIED.,.F.,.F.,(4,4),(-0.791,0.),.UNSPECIFIED.);
#684=B_SPLINE_CURVE_WITH_KNOTS('',3,(#4185,#4186,#4187,#4188),
 .UNSPECIFIED.,.F.,.F.,(4,4),(-0.3345,0.),.UNSPECIFIED.);
#685=B_SPLINE_CURVE_WITH_KNOTS('',3,(#4214,#4215,#4216,#4217),
 .UNSPECIFIED.,.F.,.F.,(4,4),(-0.3345,0.),.UNSPECIFIED.);
#686=B_SPLINE_CURVE_WITH_KNOTS('',3,(#4256,#4257,#4258,#4259),
 .UNSPECIFIED.,.F.,.F.,(4,4),(0.,0.3345),.UNSPECIFIED.);
#687=B_SPLINE_CURVE_WITH_KNOTS('',3,(#4284,#4285,#4286,#4287),
 .UNSPECIFIED.,.F.,.F.,(4,4),(-0.790999999999999,0.),.UNSPECIFIED.);
#688=B_SPLINE_CURVE_WITH_KNOTS('',3,(#4314,#4315,#4316,#4317),
 .UNSPECIFIED.,.F.,.F.,(4,4),(0.,0.791),.UNSPECIFIED.);
#689=B_SPLINE_CURVE_WITH_KNOTS('',3,(#4342,#4343,#4344,#4345),
 .UNSPECIFIED.,.F.,.F.,(4,4),(0.,0.3345),.UNSPECIFIED.);
#690=B_SPLINE_CURVE_WITH_KNOTS('',3,(#4359,#4360,#4361,#4362),
 .UNSPECIFIED.,.F.,.F.,(4,4),(-0.0673639290129362,-0.0582804202137603),
 .UNSPECIFIED.);
#691=B_SPLINE_CURVE_WITH_KNOTS('',3,(#4373,#4374,#4375,#4376),
 .UNSPECIFIED.,.F.,.F.,(4,4),(-0.00908366630201979,0.),.UNSPECIFIED.);
#692=B_SPLINE_CURVE_WITH_KNOTS('',3,(#4430,#4431,#4432,#4433,#4434,#4435,
#4436,#4437),.UNSPECIFIED.,.F.,.F.,(4,1,1,2,4),(0.,0.163000982970603,0.244501474455905,
0.407502457426508,0.408218176241715),.UNSPECIFIED.);
#693=B_SPLINE_CURVE_WITH_KNOTS('',3,(#4438,#4439,#4440,#4441,#4442,#4443,
#4444,#4445),.UNSPECIFIED.,.F.,.F.,(4,2,1,1,4),(-0.408218176241715,-0.407502457426508,
-0.244501474455905,-0.163000982970603,0.),.UNSPECIFIED.);
#694=B_SPLINE_CURVE_WITH_KNOTS('',3,(#4467,#4468,#4469,#4470),
 .UNSPECIFIED.,.F.,.F.,(4,4),(-0.0349209245136539,0.),.UNSPECIFIED.);
#695=B_SPLINE_CURVE_WITH_KNOTS('',3,(#4473,#4474,#4475,#4476),
 .UNSPECIFIED.,.F.,.F.,(4,4),(0.,0.0349209245136539),.UNSPECIFIED.);
#696=B_SPLINE_CURVE_WITH_KNOTS('',3,(#4533,#4534,#4535,#4536,#4537,#4538,
#4539,#4540,#4541,#4542,#4543),.UNSPECIFIED.,.F.,.F.,(4,1,1,1,1,1,1,1,4),
(-0.660326558415964,-0.613160375671967,-0.565994192927969,-0.471661827439974,
-0.282997096463985,-0.18866473097599,-0.0943323654879949,-0.0471661827439974,
0.),.UNSPECIFIED.);
#697=B_SPLINE_CURVE_WITH_KNOTS('',3,(#4546,#4547,#4548,#4549,#4550,#4551,
#4552,#4553,#4554,#4555,#4556),.UNSPECIFIED.,.F.,.F.,(4,1,1,1,1,1,1,1,4),
(0.,0.0471661827439974,0.0943323654879949,0.18866473097599,0.282997096463985,
0.471661827439974,0.565994192927969,0.613160375671967,0.660326558415964),
 .UNSPECIFIED.);
#698=B_SPLINE_CURVE_WITH_KNOTS('',3,(#4578,#4579,#4580,#4581),
 .UNSPECIFIED.,.F.,.F.,(4,4),(-0.0465751604048818,0.),.UNSPECIFIED.);
#699=B_SPLINE_CURVE_WITH_KNOTS('',3,(#4584,#4585,#4586,#4587),
 .UNSPECIFIED.,.F.,.F.,(4,4),(0.,0.0465751604048818),.UNSPECIFIED.);
#700=B_SPLINE_CURVE_WITH_KNOTS('',3,(#4629,#4630,#4631,#4632,#4633,#4634,
#4635,#4636),.UNSPECIFIED.,.F.,.F.,(4,1,1,2,4),(-0.398017465104846,-0.238810479062908,
-0.159206986041939,0.,0.000706734829402782),.UNSPECIFIED.);
#701=B_SPLINE_CURVE_WITH_KNOTS('',3,(#4637,#4638,#4639,#4640,#4641,#4642,
#4643,#4644),.UNSPECIFIED.,.F.,.F.,(4,2,1,1,4),(-0.000706734829402782,0.,
0.159206986041939,0.238810479062908,0.398017465104846),.UNSPECIFIED.);
#702=B_SPLINE_CURVE_WITH_KNOTS('',3,(#4666,#4667,#4668,#4669),
 .UNSPECIFIED.,.F.,.F.,(4,4),(5.50122132735021,5.61051909034798),
 .UNSPECIFIED.);
#703=B_SPLINE_CURVE_WITH_KNOTS('',3,(#4671,#4672,#4673,#4674,#4675,#4676,
#4677,#4678,#4679,#4680,#4681,#4682,#4683,#4684,#4685,#4686),
 .UNSPECIFIED.,.F.,.F.,(4,3,3,3,3,4),(0.,0.016273984218531,0.0279366732499418,
0.0420382921056881,0.0549119652067819,0.0644067244178499),.UNSPECIFIED.);
#704=B_SPLINE_CURVE_WITH_KNOTS('',3,(#4688,#4689,#4690,#4691,#4692,#4693,
#4694,#4695,#4696,#4697,#4698,#4699,#4700),.UNSPECIFIED.,.F.,.F.,(4,3,3,
3,4),(0.14072147453948,0.153961005516371,0.159087580709172,0.173607593986033,
0.184718433041149),.UNSPECIFIED.);
#705=B_SPLINE_CURVE_WITH_KNOTS('',3,(#4702,#4703,#4704,#4705,#4706,#4707,
#4708,#4709,#4710,#4711,#4712,#4713,#4714,#4715,#4716,#4717,#4718,#4719,
#4720),.UNSPECIFIED.,.F.,.F.,(4,3,3,3,3,3,4),(0.10072985910075,0.108361127492713,
0.126229050808121,0.141438010515301,0.146406784086047,0.163223539149187,
0.17851090780537),.UNSPECIFIED.);
#706=B_SPLINE_CURVE_WITH_KNOTS('',3,(#4722,#4723,#4724,#4725,#4726,#4727,
#4728,#4729,#4730,#4731,#4732,#4733,#4734,#4735,#4736,#4737,#4738,#4739,
#4740,#4741,#4742,#4743,#4744,#4745,#4746,#4747,#4748,#4749,#4750,#4751,
#4752,#4753,#4754,#4755,#4756,#4757,#4758,#4759,#4760,#4761,#4762,#4763,
#4764,#4765,#4766,#4767,#4768,#4769,#4770,#4771,#4772,#4773,#4774,#4775,
#4776,#4777,#4778,#4779),.UNSPECIFIED.,.F.,.F.,(4,3,3,3,3,3,3,3,3,3,3,3,
3,3,3,3,3,3,3,4),(-0.000634657505697196,0.,0.0161602300417727,0.0316737705364824,
0.0421183186769739,0.0551381766471499,0.0611855614692407,0.0738618610852801,
0.0816036321417396,0.0958823914195016,0.109854036108563,0.117411067059576,
0.128300829812071,0.142611416694359,0.156998387577693,0.166015900800054,
0.176648406442436,0.187201341717618,0.196867977124538,0.1977542769928),
 .UNSPECIFIED.);
#707=B_SPLINE_CURVE_WITH_KNOTS('',3,(#4781,#4782,#4783,#4784),
 .UNSPECIFIED.,.F.,.F.,(4,4),(5.4006702204773,5.50793431682225),
 .UNSPECIFIED.);
#708=B_SPLINE_CURVE_WITH_KNOTS('',3,(#4786,#4787,#4788,#4789),
 .UNSPECIFIED.,.F.,.F.,(4,4),(-5.4006702204773,-5.31687952534209),
 .UNSPECIFIED.);
#709=B_SPLINE_CURVE_WITH_KNOTS('',3,(#4790,#4791,#4792,#4793),
 .UNSPECIFIED.,.F.,.F.,(4,4),(5.08955295876197,5.31687952534192),
 .UNSPECIFIED.);
#710=B_SPLINE_CURVE_WITH_KNOTS('',3,(#4796,#4797,#4798,#4799),
 .UNSPECIFIED.,.F.,.F.,(4,4),(1.51032730854344,1.6109666554785),
 .UNSPECIFIED.);
#711=B_SPLINE_CURVE_WITH_KNOTS('',3,(#4834,#4835,#4836,#4837),
 .UNSPECIFIED.,.F.,.F.,(4,4),(1.78641551870305,2.01948726633628),
 .UNSPECIFIED.);
#712=B_SPLINE_CURVE_WITH_KNOTS('',3,(#4839,#4840,#4841,#4842),
 .UNSPECIFIED.,.F.,.F.,(4,4),(-1.78641551822469,-1.69921776944474),
 .UNSPECIFIED.);
#713=B_SPLINE_CURVE_WITH_KNOTS('',3,(#4844,#4845,#4846,#4847),
 .UNSPECIFIED.,.F.,.F.,(4,4),(1.59633162181858,1.69921776944474),
 .UNSPECIFIED.);
#714=B_SPLINE_CURVE_WITH_KNOTS('',3,(#4849,#4850,#4851,#4852,#4853,#4854,
#4855,#4856,#4857,#4858,#4859,#4860,#4861,#4862,#4863,#4864,#4865,#4866,
#4867,#4868,#4869,#4870,#4871,#4872,#4873,#4874,#4875,#4876,#4877,#4878,
#4879,#4880,#4881,#4882,#4883,#4884,#4885,#4886,#4887,#4888,#4889,#4890,
#4891,#4892,#4893,#4894,#4895,#4896,#4897),.UNSPECIFIED.,.F.,.F.,(4,3,3,
3,3,3,3,3,3,3,3,3,3,3,3,3,4),(0.,0.00837246027246563,0.0170232409221733,
0.0217434523110222,0.0308105752518984,0.0398893387031407,0.0465775393553602,
0.0504871403574831,0.0592872743935562,0.068604824791358,0.0779223751891598,
0.0847479745016913,0.0939023557536519,0.103220467372772,0.112395105972225,
0.11928040486042,0.119640265087572),.UNSPECIFIED.);
#715=B_SPLINE_CURVE_WITH_KNOTS('',3,(#4899,#4900,#4901,#4902,#4903,#4904,
#4905,#4906),.UNSPECIFIED.,.F.,.F.,(4,2,2,4),(0.172488885485561,0.17780543692644,
0.235444214227588,0.26905186402963),.UNSPECIFIED.);
#716=B_SPLINE_CURVE_WITH_KNOTS('',3,(#4908,#4909,#4910,#4911,#4912,#4913,
#4914,#4915,#4916,#4917),.UNSPECIFIED.,.F.,.F.,(4,3,3,4),(0.0255053588993491,
0.0278817873860627,0.0389835918276497,0.0466362942827879),.UNSPECIFIED.);
#717=B_SPLINE_CURVE_WITH_KNOTS('',3,(#4918,#4919,#4920,#4921,#4922,#4923,
#4924,#4925,#4926,#4927,#4928,#4929,#4930,#4931,#4932,#4933,#4934,#4935,
#4936,#4937,#4938,#4939,#4940,#4941,#4942),.UNSPECIFIED.,.F.,.F.,(4,3,3,
3,3,3,3,3,4),(0.296179879828963,0.310814617274747,0.32638015627345,0.327963252152512,
0.344235316616817,0.361789570304948,0.363731660696653,0.383760845166465,
0.389999676878456),.UNSPECIFIED.);
#718=B_SPLINE_CURVE_WITH_KNOTS('',3,(#4960,#4961,#4962,#4963),
 .UNSPECIFIED.,.F.,.F.,(4,4),(0.178520625261788,0.441479374738202),
 .UNSPECIFIED.);
#719=B_SPLINE_CURVE_WITH_KNOTS('',3,(#4965,#4966,#4967,#4968,#4969,#4970,
#4971,#4972),.UNSPECIFIED.,.F.,.F.,(4,2,1,1,4),(-0.000715718815240723,0.,
0.163000982970589,0.244501474455884,0.407502457426474),.UNSPECIFIED.);
#720=B_SPLINE_CURVE_WITH_KNOTS('',3,(#4973,#4974,#4975,#4976),
 .UNSPECIFIED.,.F.,.F.,(4,4),(-0.620000000000177,1.74499303895459E-13),
 .UNSPECIFIED.);
#721=B_SPLINE_CURVE_WITH_KNOTS('',3,(#5013,#5014,#5015,#5016,#5017,#5018,
#5019,#5020),.UNSPECIFIED.,.F.,.F.,(4,1,1,2,4),(0.,0.159206986009681,0.238810479014521,
0.398017465024202,0.398724199853612),.UNSPECIFIED.);
#722=B_SPLINE_CURVE_WITH_KNOTS('',3,(#5021,#5022,#5023,#5024,#5025,#5026,
#5027,#5028),.UNSPECIFIED.,.F.,.F.,(4,2,1,1,4),(-0.398724199853612,-0.398017465024202,
-0.238810479014521,-0.159206986009681,0.),.UNSPECIFIED.);
#723=B_SPLINE_CURVE_WITH_KNOTS('',3,(#5050,#5051,#5052,#5053),
 .UNSPECIFIED.,.F.,.F.,(4,4),(-0.0465751604354608,0.),.UNSPECIFIED.);
#724=B_SPLINE_CURVE_WITH_KNOTS('',3,(#5056,#5057,#5058,#5059),
 .UNSPECIFIED.,.F.,.F.,(4,4),(0.,0.0465751604354608),.UNSPECIFIED.);
#725=B_SPLINE_CURVE_WITH_KNOTS('',3,(#5111,#5112,#5113,#5114,#5115,#5116,
#5117,#5118,#5119,#5120),.UNSPECIFIED.,.F.,.F.,(4,1,1,1,1,1,1,4),(-0.660334044382196,
-0.566000609470453,-0.471667174558711,-0.283000304735227,-0.188666869823485,
-0.0943334349117423,-0.0471667174558711,0.),.UNSPECIFIED.);
#726=B_SPLINE_CURVE_WITH_KNOTS('',3,(#5123,#5124,#5125,#5126,#5127,#5128,
#5129,#5130,#5131,#5132),.UNSPECIFIED.,.F.,.F.,(4,1,1,1,1,1,1,4),(0.,0.0471667174558711,
0.0943334349117423,0.188666869823485,0.283000304735227,0.471667174558711,
0.566000609470453,0.660334044382196),.UNSPECIFIED.);
#727=B_SPLINE_CURVE_WITH_KNOTS('',3,(#5154,#5155,#5156,#5157),
 .UNSPECIFIED.,.F.,.F.,(4,4),(-0.0349209245138692,0.),.UNSPECIFIED.);
#728=B_SPLINE_CURVE_WITH_KNOTS('',3,(#5159,#5160,#5161,#5162),
 .UNSPECIFIED.,.F.,.F.,(4,4),(0.,0.0349209245138692),.UNSPECIFIED.);
#729=B_SPLINE_CURVE_WITH_KNOTS('',3,(#5203,#5204,#5205,#5206,#5207,#5208,
#5209,#5210),.UNSPECIFIED.,.F.,.F.,(4,1,1,2,4),(-0.407502457426474,-0.244501474455884,
-0.163000982970589,0.,0.000715718815240723),.UNSPECIFIED.);
#730=B_SPLINE_CURVE_WITH_KNOTS('',3,(#5232,#5233,#5234,#5235),
 .UNSPECIFIED.,.F.,.F.,(4,4),(5.50108420796942,5.60172355490447),
 .UNSPECIFIED.);
#731=B_SPLINE_CURVE_WITH_KNOTS('',3,(#5237,#5238,#5239,#5240,#5241,#5242,
#5243,#5244,#5245,#5246,#5247,#5248,#5249,#5250,#5251,#5252,#5253,#5254,
#5255),.UNSPECIFIED.,.F.,.F.,(4,3,3,3,3,3,4),(0.,0.0149845615495347,0.0285774370576801,
0.0413208238073815,0.0530033270067528,0.0611914402963163,0.0720834316750455),
 .UNSPECIFIED.);
#732=B_SPLINE_CURVE_WITH_KNOTS('',3,(#5257,#5258,#5259,#5260,#5261,#5262,
#5263,#5264,#5265,#5266),.UNSPECIFIED.,.F.,.F.,(4,3,3,4),(0.505285179763467,
0.516938666468048,0.524221610653938,0.526018001205862),.UNSPECIFIED.);
#733=B_SPLINE_CURVE_WITH_KNOTS('',3,(#5268,#5269,#5270,#5271,#5272,#5273,
#5274,#5275),.UNSPECIFIED.,.F.,.F.,(4,2,2,4),(0.0930890791800064,0.0931514682870123,
0.12512011261263,0.167978244675733),.UNSPECIFIED.);
#734=B_SPLINE_CURVE_WITH_KNOTS('',3,(#5277,#5278,#5279,#5280,#5281,#5282,
#5283,#5284,#5285,#5286,#5287,#5288,#5289,#5290,#5291,#5292,#5293,#5294,
#5295,#5296,#5297,#5298,#5299,#5300,#5301,#5302,#5303,#5304,#5305,#5306,
#5307,#5308,#5309,#5310,#5311,#5312,#5313,#5314,#5315,#5316,#5317,#5318,
#5319,#5320,#5321,#5322,#5323,#5324,#5325,#5326,#5327,#5328),
 .UNSPECIFIED.,.F.,.F.,(4,3,3,3,3,3,3,3,3,3,3,3,3,3,3,3,3,4),(-0.000635303537546924,
0.,0.0162309098303347,0.0326974232530776,0.0488196739246508,0.0609641563789901,
0.0730141887536701,0.0890677502641715,0.105258291152216,0.120602586051128,
0.121448832040261,0.128350910010157,0.144300339607662,0.160373095410001,
0.172193441510972,0.187483924648087,0.202345063976857,0.210579712412736),
 .UNSPECIFIED.);
#735=B_SPLINE_CURVE_WITH_KNOTS('',3,(#5330,#5331,#5332,#5333),
 .UNSPECIFIED.,.F.,.F.,(4,4),(5.41283309400318,5.51571924162934),
 .UNSPECIFIED.);
#736=B_SPLINE_CURVE_WITH_KNOTS('',3,(#5335,#5336,#5337,#5338),
 .UNSPECIFIED.,.F.,.F.,(4,4),(-5.41283309400318,-5.32563534474491),
 .UNSPECIFIED.);
#737=B_SPLINE_CURVE_WITH_KNOTS('',3,(#5339,#5340,#5341,#5342),
 .UNSPECIFIED.,.F.,.F.,(4,4),(5.09256359711163,5.32563534474486),
 .UNSPECIFIED.);
#738=B_SPLINE_CURVE_WITH_KNOTS('',3,(#5345,#5346,#5347,#5348),
 .UNSPECIFIED.,.F.,.F.,(4,4),(1.50153213172046,1.61082989471853),
 .UNSPECIFIED.);
#739=B_SPLINE_CURVE_WITH_KNOTS('',3,(#5383,#5384,#5385,#5386),
 .UNSPECIFIED.,.F.,.F.,(4,4),(1.79517169672653,2.02249826330649),
 .UNSPECIFIED.);
#740=B_SPLINE_CURVE_WITH_KNOTS('',3,(#5388,#5389,#5390,#5391),
 .UNSPECIFIED.,.F.,.F.,(4,4),(-1.79517169631282,-1.71138100159116),
 .UNSPECIFIED.);
#741=B_SPLINE_CURVE_WITH_KNOTS('',3,(#5393,#5394,#5395,#5396),
 .UNSPECIFIED.,.F.,.F.,(4,4),(1.60411690524621,1.71138100159116),
 .UNSPECIFIED.);
#742=B_SPLINE_CURVE_WITH_KNOTS('',3,(#5398,#5399,#5400,#5401,#5402,#5403,
#5404,#5405,#5406,#5407,#5408,#5409,#5410,#5411,#5412,#5413,#5414,#5415,
#5416,#5417,#5418,#5419,#5420,#5421,#5422,#5423,#5424,#5425,#5426,#5427,
#5428,#5429,#5430,#5431,#5432,#5433,#5434,#5435,#5436,#5437,#5438,#5439,
#5440,#5441,#5442,#5443,#5444,#5445,#5446,#5447,#5448,#5449,#5450,#5451,
#5452,#5453,#5454,#5455),.UNSPECIFIED.,.F.,.F.,(4,3,3,3,3,3,3,3,3,3,3,3,
3,3,3,3,3,3,3,4),(0.,0.00685688590779815,0.0139809740558145,0.0215030191108817,
0.0222139104812199,0.0322465983642023,0.0423026820901353,0.0486109512634325,
0.0562327720357747,0.0659598604656467,0.075956447442514,0.0812946450502582,
0.0901668754124591,0.0955853948783001,0.104698084124652,0.108930690867593,
0.119706306074333,0.130976264922898,0.138409595365765,0.138853796572912),
 .UNSPECIFIED.);
#743=B_SPLINE_CURVE_WITH_KNOTS('',3,(#5457,#5458,#5459,#5460,#5461,#5462,
#5463,#5464),.UNSPECIFIED.,.F.,.F.,(4,2,2,4),(0.178201439362794,0.179872111445534,
0.237959437388456,0.272321702216305),.UNSPECIFIED.);
#744=B_SPLINE_CURVE_WITH_KNOTS('',3,(#5466,#5467,#5468,#5469,#5470,#5471,
#5472,#5473,#5474,#5475,#5476,#5477,#5478),.UNSPECIFIED.,.F.,.F.,(4,3,3,
3,4),(0.43420672193249,0.446668257232774,0.457360756527587,0.468785943837545,
0.473310377278124),.UNSPECIFIED.);
#745=B_SPLINE_CURVE_WITH_KNOTS('',3,(#5479,#5480,#5481,#5482,#5483,#5484,
#5485,#5486,#5487,#5488,#5489,#5490,#5491,#5492,#5493,#5494,#5495,#5496,
#5497),.UNSPECIFIED.,.F.,.F.,(4,3,3,3,3,3,4),(0.316808093829972,0.333008845970522,
0.343190057321332,0.361179321828766,0.373135511399864,0.393598622266311,
0.395822021467039),.UNSPECIFIED.);
#746=B_SPLINE_CURVE_WITH_KNOTS('',3,(#5514,#5515,#5516,#5517),
 .UNSPECIFIED.,.F.,.F.,(4,4),(-0.620000000000219,2.18047802036381E-13),
 .UNSPECIFIED.);
#747=B_SPLINE_CURVE_WITH_KNOTS('',3,(#5518,#5519,#5520,#5521),
 .UNSPECIFIED.,.F.,.F.,(4,4),(0.177511626515126,0.442488373552191),
 .UNSPECIFIED.);
#748=B_SPLINE_CURVE_WITH_KNOTS('',3,(#5534,#5535,#5536,#5537),
 .UNSPECIFIED.,.F.,.F.,(4,4),(-0.00908366674189673,0.),.UNSPECIFIED.);
#749=B_SPLINE_CURVE_WITH_KNOTS('',3,(#5550,#5551,#5552,#5553),
 .UNSPECIFIED.,.F.,.F.,(4,4),(-0.0673639292372765,-0.0582804199982358),
 .UNSPECIFIED.);
#750=B_SPLINE_CURVE_WITH_KNOTS('',3,(#5571,#5572,#5573,#5574),
 .UNSPECIFIED.,.F.,.F.,(4,4),(-0.62,5.5511151231258E-17),.UNSPECIFIED.);
#751=B_SPLINE_CURVE_WITH_KNOTS('',3,(#5575,#5576,#5577,#5578),
 .UNSPECIFIED.,.F.,.F.,(4,4),(-0.620000000000366,3.65291130677293E-13),
 .UNSPECIFIED.);
#752=B_SPLINE_CURVE_WITH_KNOTS('',3,(#5635,#5636,#5637,#5638),
 .UNSPECIFIED.,.F.,.F.,(4,4),(0.134907544677561,0.485092455322439),
 .UNSPECIFIED.);
#753=B_SPLINE_CURVE_WITH_KNOTS('',3,(#5700,#5701,#5702,#5703),
 .UNSPECIFIED.,.F.,.F.,(4,4),(0.477535945234122,0.48),.UNSPECIFIED.);
#754=B_SPLINE_CURVE_WITH_KNOTS('',3,(#5706,#5707,#5708,#5709),
 .UNSPECIFIED.,.F.,.F.,(4,4),(0.320000000000001,0.322464055075799),
 .UNSPECIFIED.);
#755=B_SPLINE_CURVE_WITH_KNOTS('',3,(#5734,#5735,#5736,#5737),
 .UNSPECIFIED.,.F.,.F.,(4,4),(0.136872200848287,0.483127799151714),
 .UNSPECIFIED.);
#756=B_SPLINE_CURVE_WITH_KNOTS('',3,(#5799,#5800,#5801,#5802),
 .UNSPECIFIED.,.F.,.F.,(4,4),(0.477672965135282,0.48),.UNSPECIFIED.);
#757=B_SPLINE_CURVE_WITH_KNOTS('',3,(#5805,#5806,#5807,#5808),
 .UNSPECIFIED.,.F.,.F.,(4,4),(0.32,0.322327034923769),.UNSPECIFIED.);
#758=B_SPLINE_CURVE_WITH_KNOTS('',3,(#5926,#5927,#5928,#5929),
 .UNSPECIFIED.,.F.,.F.,(4,4),(0.47912863989763,0.48),.UNSPECIFIED.);
#759=B_SPLINE_CURVE_WITH_KNOTS('',3,(#5998,#5999,#6000,#6001),
 .UNSPECIFIED.,.F.,.F.,(4,4),(0.32,0.320871360102796),.UNSPECIFIED.);
#760=B_SPLINE_CURVE_WITH_KNOTS('',3,(#6070,#6071,#6072,#6073),
 .UNSPECIFIED.,.F.,.F.,(4,4),(0.479622426996638,0.480000000000001),
 .UNSPECIFIED.);
#761=B_SPLINE_CURVE_WITH_KNOTS('',3,(#6142,#6143,#6144,#6145),
 .UNSPECIFIED.,.F.,.F.,(4,4),(0.32,0.320377572907624),.UNSPECIFIED.);
#762=VERTEX_POINT('',#2605);
#763=VERTEX_POINT('',#2606);
#764=VERTEX_POINT('',#2644);
#765=VERTEX_POINT('',#2646);
#766=VERTEX_POINT('',#2655);
#767=VERTEX_POINT('',#2664);
#768=VERTEX_POINT('',#2669);
#769=VERTEX_POINT('',#2671);
#770=VERTEX_POINT('',#2676);
#771=VERTEX_POINT('',#2685);
#772=VERTEX_POINT('',#2697);
#773=VERTEX_POINT('',#2699);
#774=VERTEX_POINT('',#2701);
#775=VERTEX_POINT('',#2705);
#776=VERTEX_POINT('',#2867);
#777=VERTEX_POINT('',#2869);
#778=VERTEX_POINT('',#2919);
#779=VERTEX_POINT('',#2920);
#780=VERTEX_POINT('',#2927);
#781=VERTEX_POINT('',#2929);
#782=VERTEX_POINT('',#2950);
#783=VERTEX_POINT('',#2961);
#784=VERTEX_POINT('',#2963);
#785=VERTEX_POINT('',#2965);
#786=VERTEX_POINT('',#2992);
#787=VERTEX_POINT('',#2994);
#788=VERTEX_POINT('',#2996);
#789=VERTEX_POINT('',#3025);
#790=VERTEX_POINT('',#3030);
#791=VERTEX_POINT('',#3032);
#792=VERTEX_POINT('',#3044);
#793=VERTEX_POINT('',#3056);
#794=VERTEX_POINT('',#3099);
#795=VERTEX_POINT('',#3100);
#796=VERTEX_POINT('',#3104);
#797=VERTEX_POINT('',#3106);
#798=VERTEX_POINT('',#3117);
#799=VERTEX_POINT('',#3142);
#800=VERTEX_POINT('',#3146);
#801=VERTEX_POINT('',#3148);
#802=VERTEX_POINT('',#3182);
#803=VERTEX_POINT('',#3183);
#804=VERTEX_POINT('',#3185);
#805=VERTEX_POINT('',#3187);
#806=VERTEX_POINT('',#3189);
#807=VERTEX_POINT('',#3191);
#808=VERTEX_POINT('',#3194);
#809=VERTEX_POINT('',#3196);
#810=VERTEX_POINT('',#3199);
#811=VERTEX_POINT('',#3200);
#812=VERTEX_POINT('',#3206);
#813=VERTEX_POINT('',#3208);
#814=VERTEX_POINT('',#3210);
#815=VERTEX_POINT('',#3212);
#816=VERTEX_POINT('',#3214);
#817=VERTEX_POINT('',#3216);
#818=VERTEX_POINT('',#3222);
#819=VERTEX_POINT('',#3232);
#820=VERTEX_POINT('',#3233);
#821=VERTEX_POINT('',#3237);
#822=VERTEX_POINT('',#3239);
#823=VERTEX_POINT('',#3243);
#824=VERTEX_POINT('',#3247);
#825=VERTEX_POINT('',#3253);
#826=VERTEX_POINT('',#3254);
#827=VERTEX_POINT('',#3256);
#828=VERTEX_POINT('',#3258);
#829=VERTEX_POINT('',#3260);
#830=VERTEX_POINT('',#3262);
#831=VERTEX_POINT('',#3265);
#832=VERTEX_POINT('',#3266);
#833=VERTEX_POINT('',#3272);
#834=VERTEX_POINT('',#3274);
#835=VERTEX_POINT('',#3276);
#836=VERTEX_POINT('',#3278);
#837=VERTEX_POINT('',#3280);
#838=VERTEX_POINT('',#3282);
#839=VERTEX_POINT('',#3288);
#840=VERTEX_POINT('',#3297);
#841=VERTEX_POINT('',#3299);
#842=VERTEX_POINT('',#3303);
#843=VERTEX_POINT('',#3310);
#844=VERTEX_POINT('',#3312);
#845=VERTEX_POINT('',#3330);
#846=VERTEX_POINT('',#3473);
#847=VERTEX_POINT('',#3531);
#848=VERTEX_POINT('',#3828);
#849=VERTEX_POINT('',#3829);
#850=VERTEX_POINT('',#3831);
#851=VERTEX_POINT('',#3833);
#852=VERTEX_POINT('',#3835);
#853=VERTEX_POINT('',#3837);
#854=VERTEX_POINT('',#3843);
#855=VERTEX_POINT('',#3845);
#856=VERTEX_POINT('',#3848);
#857=VERTEX_POINT('',#3849);
#858=VERTEX_POINT('',#3851);
#859=VERTEX_POINT('',#3853);
#860=VERTEX_POINT('',#3857);
#861=VERTEX_POINT('',#3858);
#862=VERTEX_POINT('',#3860);
#863=VERTEX_POINT('',#3863);
#864=VERTEX_POINT('',#3867);
#865=VERTEX_POINT('',#3869);
#866=VERTEX_POINT('',#3871);
#867=VERTEX_POINT('',#3873);
#868=VERTEX_POINT('',#3877);
#869=VERTEX_POINT('',#3879);
#870=VERTEX_POINT('',#3881);
#871=VERTEX_POINT('',#3883);
#872=VERTEX_POINT('',#3906);
#873=VERTEX_POINT('',#3908);
#874=VERTEX_POINT('',#3931);
#875=VERTEX_POINT('',#3953);
#876=VERTEX_POINT('',#3979);
#877=VERTEX_POINT('',#3987);
#878=VERTEX_POINT('',#3991);
#879=VERTEX_POINT('',#3995);
#880=VERTEX_POINT('',#3999);
#881=VERTEX_POINT('',#4005);
#882=VERTEX_POINT('',#4007);
#883=VERTEX_POINT('',#4011);
#884=VERTEX_POINT('',#4015);
#885=VERTEX_POINT('',#4019);
#886=VERTEX_POINT('',#4024);
#887=VERTEX_POINT('',#4029);
#888=VERTEX_POINT('',#4059);
#889=VERTEX_POINT('',#4085);
#890=VERTEX_POINT('',#4087);
#891=VERTEX_POINT('',#4110);
#892=VERTEX_POINT('',#4132);
#893=VERTEX_POINT('',#4175);
#894=VERTEX_POINT('',#4180);
#895=VERTEX_POINT('',#4213);
#896=VERTEX_POINT('',#4254);
#897=VERTEX_POINT('',#4312);
#898=VERTEX_POINT('',#4358);
#899=VERTEX_POINT('',#4372);
#900=VERTEX_POINT('',#4426);
#901=VERTEX_POINT('',#4427);
#902=VERTEX_POINT('',#4429);
#903=VERTEX_POINT('',#4466);
#904=VERTEX_POINT('',#4471);
#905=VERTEX_POINT('',#4532);
#906=VERTEX_POINT('',#4544);
#907=VERTEX_POINT('',#4577);
#908=VERTEX_POINT('',#4582);
#909=VERTEX_POINT('',#4628);
#910=VERTEX_POINT('',#4665);
#911=VERTEX_POINT('',#4670);
#912=VERTEX_POINT('',#4687);
#913=VERTEX_POINT('',#4701);
#914=VERTEX_POINT('',#4721);
#915=VERTEX_POINT('',#4780);
#916=VERTEX_POINT('',#4785);
#917=VERTEX_POINT('',#4795);
#918=VERTEX_POINT('',#4833);
#919=VERTEX_POINT('',#4838);
#920=VERTEX_POINT('',#4843);
#921=VERTEX_POINT('',#4848);
#922=VERTEX_POINT('',#4898);
#923=VERTEX_POINT('',#4907);
#924=VERTEX_POINT('',#4959);
#925=VERTEX_POINT('',#4964);
#926=VERTEX_POINT('',#5009);
#927=VERTEX_POINT('',#5010);
#928=VERTEX_POINT('',#5012);
#929=VERTEX_POINT('',#5049);
#930=VERTEX_POINT('',#5054);
#931=VERTEX_POINT('',#5110);
#932=VERTEX_POINT('',#5121);
#933=VERTEX_POINT('',#5153);
#934=VERTEX_POINT('',#5231);
#935=VERTEX_POINT('',#5236);
#936=VERTEX_POINT('',#5256);
#937=VERTEX_POINT('',#5267);
#938=VERTEX_POINT('',#5276);
#939=VERTEX_POINT('',#5329);
#940=VERTEX_POINT('',#5334);
#941=VERTEX_POINT('',#5344);
#942=VERTEX_POINT('',#5382);
#943=VERTEX_POINT('',#5387);
#944=VERTEX_POINT('',#5392);
#945=VERTEX_POINT('',#5397);
#946=VERTEX_POINT('',#5456);
#947=VERTEX_POINT('',#5465);
#948=VERTEX_POINT('',#5593);
#949=VERTEX_POINT('',#5595);
#950=VERTEX_POINT('',#5601);
#951=VERTEX_POINT('',#5603);
#952=VERTEX_POINT('',#5699);
#953=VERTEX_POINT('',#5704);
#954=VERTEX_POINT('',#5798);
#955=VERTEX_POINT('',#5803);
#956=VERTEX_POINT('',#5925);
#957=VERTEX_POINT('',#5997);
#958=VERTEX_POINT('',#6069);
#959=VERTEX_POINT('',#6141);
#960=EDGE_CURVE('',#762,#763,#638,.T.);
#961=EDGE_CURVE('',#763,#764,#464,.T.);
#962=EDGE_CURVE('',#764,#765,#639,.T.);
#963=EDGE_CURVE('',#765,#766,#640,.T.);
#964=EDGE_CURVE('',#766,#762,#465,.T.);
#965=EDGE_CURVE('',#765,#767,#641,.T.);
#966=EDGE_CURVE('',#767,#768,#114,.T.);
#967=EDGE_CURVE('',#769,#768,#642,.T.);
#968=EDGE_CURVE('',#770,#769,#643,.T.);
#969=EDGE_CURVE('',#770,#766,#115,.T.);
#970=EDGE_CURVE('',#764,#771,#116,.T.);
#971=EDGE_CURVE('',#769,#771,#644,.T.);
#972=EDGE_CURVE('',#768,#767,#117,.T.);
#973=EDGE_CURVE('',#772,#763,#118,.T.);
#974=EDGE_CURVE('',#773,#772,#119,.T.);
#975=EDGE_CURVE('',#774,#773,#120,.T.);
#976=EDGE_CURVE('',#771,#774,#466,.T.);
#977=EDGE_CURVE('',#774,#775,#645,.T.);
#978=EDGE_CURVE('',#775,#770,#467,.T.);
#979=EDGE_CURVE('',#776,#773,#121,.T.);
#980=EDGE_CURVE('',#776,#777,#646,.T.);
#981=EDGE_CURVE('',#777,#775,#647,.T.);
#982=EDGE_CURVE('',#778,#779,#648,.T.);
#983=EDGE_CURVE('',#779,#780,#468,.T.);
#984=EDGE_CURVE('',#780,#781,#649,.T.);
#985=EDGE_CURVE('',#781,#782,#469,.T.);
#986=EDGE_CURVE('',#782,#778,#650,.T.);
#987=EDGE_CURVE('',#783,#779,#122,.T.);
#988=EDGE_CURVE('',#784,#783,#470,.T.);
#989=EDGE_CURVE('',#785,#784,#651,.T.);
#990=EDGE_CURVE('',#785,#786,#471,.T.);
#991=EDGE_CURVE('',#787,#786,#123,.T.);
#992=EDGE_CURVE('',#787,#788,#472,.T.);
#993=EDGE_CURVE('',#788,#780,#652,.F.);
#994=EDGE_CURVE('',#789,#778,#653,.T.);
#995=EDGE_CURVE('',#789,#790,#124,.T.);
#996=EDGE_CURVE('',#790,#791,#654,.T.);
#997=EDGE_CURVE('',#783,#791,#655,.T.);
#998=EDGE_CURVE('',#782,#792,#125,.T.);
#999=EDGE_CURVE('',#791,#792,#656,.T.);
#1000=EDGE_CURVE('',#790,#789,#126,.T.);
#1001=EDGE_CURVE('',#793,#784,#657,.T.);
#1002=EDGE_CURVE('',#792,#793,#473,.T.);
#1003=EDGE_CURVE('',#794,#795,#57,.T.);
#1004=EDGE_CURVE('',#795,#796,#127,.T.);
#1005=EDGE_CURVE('',#796,#797,#58,.T.);
#1006=EDGE_CURVE('',#797,#787,#59,.T.);
#1007=EDGE_CURVE('',#786,#794,#60,.T.);
#1008=EDGE_CURVE('',#798,#785,#658,.T.);
#1009=EDGE_CURVE('',#798,#799,#474,.T.);
#1010=EDGE_CURVE('',#794,#799,#475,.T.);
#1011=EDGE_CURVE('',#800,#797,#476,.T.);
#1012=EDGE_CURVE('',#801,#800,#477,.T.);
#1013=EDGE_CURVE('',#788,#801,#659,.T.);
#1014=EDGE_CURVE('',#802,#803,#37,.T.);
#1015=EDGE_CURVE('',#803,#804,#478,.T.);
#1016=EDGE_CURVE('',#804,#805,#128,.T.);
#1017=EDGE_CURVE('',#805,#806,#129,.T.);
#1018=EDGE_CURVE('',#806,#807,#130,.T.);
#1019=EDGE_CURVE('',#807,#802,#479,.T.);
#1020=EDGE_CURVE('',#808,#795,#480,.T.);
#1021=EDGE_CURVE('',#809,#808,#131,.T.);
#1022=EDGE_CURVE('',#796,#809,#481,.T.);
#1023=EDGE_CURVE('',#810,#811,#660,.T.);
#1024=EDGE_CURVE('',#812,#810,#132,.T.);
#1025=EDGE_CURVE('',#813,#812,#133,.T.);
#1026=EDGE_CURVE('',#814,#813,#134,.T.);
#1027=EDGE_CURVE('',#815,#814,#135,.T.);
#1028=EDGE_CURVE('',#816,#815,#136,.T.);
#1029=EDGE_CURVE('',#817,#816,#661,.T.);
#1030=EDGE_CURVE('',#818,#817,#662,.T.);
#1031=EDGE_CURVE('',#811,#818,#663,.T.);
#1032=EDGE_CURVE('',#819,#820,#61,.T.);
#1033=EDGE_CURVE('',#820,#821,#137,.T.);
#1034=EDGE_CURVE('',#821,#822,#62,.T.);
#1035=EDGE_CURVE('',#822,#823,#63,.T.);
#1036=EDGE_CURVE('',#823,#824,#138,.T.);
#1037=EDGE_CURVE('',#824,#819,#64,.T.);
#1038=EDGE_CURVE('',#825,#826,#38,.T.);
#1039=EDGE_CURVE('',#826,#827,#482,.T.);
#1040=EDGE_CURVE('',#827,#828,#139,.T.);
#1041=EDGE_CURVE('',#828,#829,#140,.T.);
#1042=EDGE_CURVE('',#829,#830,#141,.T.);
#1043=EDGE_CURVE('',#830,#825,#483,.T.);
#1044=EDGE_CURVE('',#831,#832,#664,.T.);
#1045=EDGE_CURVE('',#833,#831,#142,.T.);
#1046=EDGE_CURVE('',#834,#833,#143,.T.);
#1047=EDGE_CURVE('',#835,#834,#144,.T.);
#1048=EDGE_CURVE('',#836,#835,#145,.T.);
#1049=EDGE_CURVE('',#837,#836,#146,.T.);
#1050=EDGE_CURVE('',#838,#837,#665,.T.);
#1051=EDGE_CURVE('',#839,#838,#666,.T.);
#1052=EDGE_CURVE('',#832,#839,#667,.T.);
#1053=EDGE_CURVE('',#840,#820,#484,.T.);
#1054=EDGE_CURVE('',#841,#840,#147,.T.);
#1055=EDGE_CURVE('',#821,#841,#485,.T.);
#1056=EDGE_CURVE('',#819,#842,#486,.T.);
#1057=EDGE_CURVE('',#842,#840,#487,.T.);
#1058=EDGE_CURVE('',#777,#824,#488,.T.);
#1059=EDGE_CURVE('',#842,#776,#489,.T.);
#1060=EDGE_CURVE('',#843,#781,#148,.T.);
#1061=EDGE_CURVE('',#844,#843,#149,.T.);
#1062=EDGE_CURVE('',#793,#844,#150,.T.);
#1063=EDGE_CURVE('',#772,#845,#151,.T.);
#1064=EDGE_CURVE('',#845,#776,#152,.T.);
#1065=EDGE_CURVE('',#846,#762,#668,.F.);
#1066=EDGE_CURVE('',#846,#845,#669,.T.);
#1067=EDGE_CURVE('',#847,#845,#490,.T.);
#1068=EDGE_CURVE('',#842,#847,#153,.T.);
#1069=EDGE_CURVE('',#843,#801,#154,.T.);
#1070=EDGE_CURVE('',#801,#798,#155,.T.);
#1071=EDGE_CURVE('',#798,#844,#156,.T.);
#1072=EDGE_CURVE('',#848,#849,#491,.T.);
#1073=EDGE_CURVE('',#850,#848,#157,.T.);
#1074=EDGE_CURVE('',#851,#850,#158,.T.);
#1075=EDGE_CURVE('',#852,#851,#159,.T.);
#1076=EDGE_CURVE('',#853,#852,#160,.T.);
#1077=EDGE_CURVE('',#849,#853,#161,.T.);
#1078=EDGE_CURVE('',#828,#806,#492,.T.);
#1079=EDGE_CURVE('',#829,#805,#493,.T.);
#1080=EDGE_CURVE('',#854,#852,#494,.T.);
#1081=EDGE_CURVE('',#851,#855,#495,.T.);
#1082=EDGE_CURVE('',#855,#854,#162,.T.);
#1083=EDGE_CURVE('',#856,#857,#496,.T.);
#1084=EDGE_CURVE('',#857,#858,#163,.T.);
#1085=EDGE_CURVE('',#858,#859,#497,.T.);
#1086=EDGE_CURVE('',#859,#856,#164,.T.);
#1087=EDGE_CURVE('',#860,#861,#498,.T.);
#1088=EDGE_CURVE('',#862,#860,#165,.T.);
#1089=EDGE_CURVE('',#854,#862,#166,.T.);
#1090=EDGE_CURVE('',#863,#855,#167,.T.);
#1091=EDGE_CURVE('',#861,#863,#168,.T.);
#1092=EDGE_CURVE('',#864,#857,#169,.T.);
#1093=EDGE_CURVE('',#865,#864,#170,.T.);
#1094=EDGE_CURVE('',#866,#865,#499,.T.);
#1095=EDGE_CURVE('',#867,#866,#171,.T.);
#1096=EDGE_CURVE('',#858,#867,#172,.T.);
#1097=EDGE_CURVE('',#868,#859,#173,.T.);
#1098=EDGE_CURVE('',#869,#868,#174,.T.);
#1099=EDGE_CURVE('',#870,#869,#500,.T.);
#1100=EDGE_CURVE('',#871,#870,#175,.T.);
#1101=EDGE_CURVE('',#856,#871,#176,.T.);
#1102=EDGE_CURVE('',#811,#872,#501,.T.);
#1103=EDGE_CURVE('',#872,#873,#670,.T.);
#1104=EDGE_CURVE('',#873,#810,#502,.T.);
#1105=EDGE_CURVE('',#818,#874,#503,.T.);
#1106=EDGE_CURVE('',#874,#872,#671,.T.);
#1107=EDGE_CURVE('',#817,#875,#504,.T.);
#1108=EDGE_CURVE('',#875,#874,#672,.T.);
#1109=EDGE_CURVE('',#816,#876,#505,.T.);
#1110=EDGE_CURVE('',#876,#875,#673,.T.);
#1111=EDGE_CURVE('',#815,#877,#506,.T.);
#1112=EDGE_CURVE('',#877,#876,#177,.T.);
#1113=EDGE_CURVE('',#814,#878,#507,.T.);
#1114=EDGE_CURVE('',#878,#877,#178,.T.);
#1115=EDGE_CURVE('',#813,#879,#508,.T.);
#1116=EDGE_CURVE('',#879,#878,#179,.T.);
#1117=EDGE_CURVE('',#812,#880,#509,.T.);
#1118=EDGE_CURVE('',#880,#879,#180,.T.);
#1119=EDGE_CURVE('',#873,#880,#181,.T.);
#1120=EDGE_CURVE('',#878,#881,#510,.T.);
#1121=EDGE_CURVE('',#882,#881,#182,.T.);
#1122=EDGE_CURVE('',#882,#877,#511,.T.);
#1123=EDGE_CURVE('',#883,#879,#512,.T.);
#1124=EDGE_CURVE('',#881,#883,#183,.T.);
#1125=EDGE_CURVE('',#880,#884,#513,.T.);
#1126=EDGE_CURVE('',#883,#884,#184,.T.);
#1127=EDGE_CURVE('',#885,#873,#674,.T.);
#1128=EDGE_CURVE('',#886,#885,#675,.T.);
#1129=EDGE_CURVE('',#887,#886,#676,.T.);
#1130=EDGE_CURVE('',#884,#887,#185,.T.);
#1131=EDGE_CURVE('',#872,#888,#677,.T.);
#1132=EDGE_CURVE('',#885,#888,#186,.T.);
#1133=EDGE_CURVE('',#832,#889,#514,.T.);
#1134=EDGE_CURVE('',#889,#890,#678,.T.);
#1135=EDGE_CURVE('',#890,#831,#515,.T.);
#1136=EDGE_CURVE('',#839,#891,#516,.T.);
#1137=EDGE_CURVE('',#891,#889,#679,.T.);
#1138=EDGE_CURVE('',#838,#892,#517,.T.);
#1139=EDGE_CURVE('',#892,#891,#680,.T.);
#1140=EDGE_CURVE('',#837,#887,#518,.T.);
#1141=EDGE_CURVE('',#887,#892,#681,.T.);
#1142=EDGE_CURVE('',#836,#884,#519,.T.);
#1143=EDGE_CURVE('',#835,#883,#520,.T.);
#1144=EDGE_CURVE('',#834,#881,#521,.T.);
#1145=EDGE_CURVE('',#833,#882,#522,.T.);
#1146=EDGE_CURVE('',#890,#882,#187,.T.);
#1147=EDGE_CURVE('',#893,#890,#682,.T.);
#1148=EDGE_CURVE('',#894,#893,#683,.T.);
#1149=EDGE_CURVE('',#876,#894,#684,.T.);
#1150=EDGE_CURVE('',#889,#895,#685,.T.);
#1151=EDGE_CURVE('',#895,#893,#188,.T.);
#1152=EDGE_CURVE('',#799,#808,#523,.T.);
#1153=EDGE_CURVE('',#800,#809,#524,.T.);
#1154=EDGE_CURVE('',#799,#800,#189,.T.);
#1155=EDGE_CURVE('',#847,#841,#525,.T.);
#1156=EDGE_CURVE('',#847,#822,#526,.T.);
#1157=EDGE_CURVE('',#886,#896,#190,.T.);
#1158=EDGE_CURVE('',#896,#892,#686,.T.);
#1159=EDGE_CURVE('',#888,#896,#687,.T.);
#1160=EDGE_CURVE('',#897,#894,#191,.T.);
#1161=EDGE_CURVE('',#895,#897,#688,.T.);
#1162=EDGE_CURVE('',#897,#875,#689,.T.);
#1163=EDGE_CURVE('',#898,#897,#690,.T.);
#1164=EDGE_CURVE('',#898,#874,#527,.T.);
#1165=EDGE_CURVE('',#895,#899,#691,.T.);
#1166=EDGE_CURVE('',#899,#898,#528,.T.);
#1167=EDGE_CURVE('',#899,#891,#529,.T.);
#1168=EDGE_CURVE('',#823,#846,#530,.T.);
#1169=EDGE_CURVE('',#900,#901,#192,.T.);
#1170=EDGE_CURVE('',#901,#902,#692,.T.);
#1171=EDGE_CURVE('',#902,#900,#693,.T.);
#1172=EDGE_CURVE('',#900,#903,#694,.T.);
#1173=EDGE_CURVE('',#903,#904,#193,.T.);
#1174=EDGE_CURVE('',#904,#901,#695,.T.);
#1175=EDGE_CURVE('',#903,#905,#696,.T.);
#1176=EDGE_CURVE('',#905,#906,#194,.T.);
#1177=EDGE_CURVE('',#906,#904,#697,.T.);
#1178=EDGE_CURVE('',#905,#907,#698,.T.);
#1179=EDGE_CURVE('',#907,#908,#195,.T.);
#1180=EDGE_CURVE('',#908,#906,#699,.T.);
#1181=EDGE_CURVE('',#907,#909,#700,.T.);
#1182=EDGE_CURVE('',#909,#908,#701,.T.);
#1183=EDGE_CURVE('',#905,#910,#702,.T.);
#1184=EDGE_CURVE('',#911,#910,#703,.F.);
#1185=EDGE_CURVE('',#911,#912,#704,.T.);
#1186=EDGE_CURVE('',#913,#912,#705,.F.);
#1187=EDGE_CURVE('',#914,#913,#706,.T.);
#1188=EDGE_CURVE('',#915,#914,#707,.T.);
#1189=EDGE_CURVE('',#915,#916,#708,.T.);
#1190=EDGE_CURVE('',#909,#916,#709,.T.);
#1191=EDGE_CURVE('',#917,#903,#710,.T.);
#1192=EDGE_CURVE('',#917,#910,#65,.T.);
#1193=EDGE_CURVE('',#918,#902,#711,.T.);
#1194=EDGE_CURVE('',#918,#919,#712,.T.);
#1195=EDGE_CURVE('',#920,#919,#713,.T.);
#1196=EDGE_CURVE('',#921,#920,#714,.T.);
#1197=EDGE_CURVE('',#921,#922,#715,.T.);
#1198=EDGE_CURVE('',#923,#922,#716,.F.);
#1199=EDGE_CURVE('',#923,#917,#717,.T.);
#1200=EDGE_CURVE('',#901,#924,#718,.T.);
#1201=EDGE_CURVE('',#925,#924,#719,.T.);
#1202=EDGE_CURVE('',#925,#902,#720,.T.);
#1203=EDGE_CURVE('',#926,#927,#196,.T.);
#1204=EDGE_CURVE('',#927,#928,#721,.T.);
#1205=EDGE_CURVE('',#928,#926,#722,.T.);
#1206=EDGE_CURVE('',#926,#929,#723,.T.);
#1207=EDGE_CURVE('',#929,#930,#197,.T.);
#1208=EDGE_CURVE('',#930,#927,#724,.T.);
#1209=EDGE_CURVE('',#929,#931,#725,.T.);
#1210=EDGE_CURVE('',#931,#932,#198,.T.);
#1211=EDGE_CURVE('',#932,#930,#726,.T.);
#1212=EDGE_CURVE('',#931,#933,#727,.T.);
#1213=EDGE_CURVE('',#933,#924,#199,.T.);
#1214=EDGE_CURVE('',#924,#932,#728,.T.);
#1215=EDGE_CURVE('',#933,#925,#729,.T.);
#1216=EDGE_CURVE('',#931,#934,#730,.T.);
#1217=EDGE_CURVE('',#935,#934,#731,.F.);
#1218=EDGE_CURVE('',#935,#936,#732,.T.);
#1219=EDGE_CURVE('',#937,#936,#733,.F.);
#1220=EDGE_CURVE('',#938,#937,#734,.T.);
#1221=EDGE_CURVE('',#939,#938,#735,.T.);
#1222=EDGE_CURVE('',#939,#940,#736,.T.);
#1223=EDGE_CURVE('',#925,#940,#737,.T.);
#1224=EDGE_CURVE('',#941,#929,#738,.T.);
#1225=EDGE_CURVE('',#941,#934,#66,.T.);
#1226=EDGE_CURVE('',#942,#928,#739,.T.);
#1227=EDGE_CURVE('',#942,#943,#740,.T.);
#1228=EDGE_CURVE('',#944,#943,#741,.T.);
#1229=EDGE_CURVE('',#945,#944,#742,.T.);
#1230=EDGE_CURVE('',#945,#946,#743,.T.);
#1231=EDGE_CURVE('',#947,#946,#744,.F.);
#1232=EDGE_CURVE('',#947,#941,#745,.T.);
#1233=EDGE_CURVE('',#909,#928,#746,.T.);
#1234=EDGE_CURVE('',#927,#908,#747,.T.);
#1235=EDGE_CURVE('',#888,#898,#748,.T.);
#1236=EDGE_CURVE('',#899,#896,#749,.T.);
#1237=EDGE_CURVE('',#827,#807,#531,.T.);
#1238=EDGE_CURVE('',#826,#802,#532,.T.);
#1239=EDGE_CURVE('',#865,#870,#533,.T.);
#1240=EDGE_CURVE('',#869,#866,#534,.T.);
#1241=EDGE_CURVE('',#825,#803,#535,.T.);
#1242=EDGE_CURVE('',#920,#938,#750,.T.);
#1243=EDGE_CURVE('',#944,#914,#751,.T.);
#1244=EDGE_CURVE('',#830,#804,#536,.T.);
#1245=EDGE_CURVE('',#861,#848,#537,.T.);
#1246=EDGE_CURVE('',#863,#850,#538,.T.);
#1247=EDGE_CURVE('',#948,#871,#539,.T.);
#1248=EDGE_CURVE('',#948,#949,#540,.T.);
#1249=EDGE_CURVE('',#949,#864,#541,.T.);
#1250=EDGE_CURVE('',#853,#862,#542,.T.);
#1251=EDGE_CURVE('',#950,#867,#543,.T.);
#1252=EDGE_CURVE('',#951,#950,#544,.T.);
#1253=EDGE_CURVE('',#951,#868,#545,.T.);
#1254=EDGE_CURVE('',#849,#860,#546,.T.);
#1255=EDGE_CURVE('',#937,#921,#752,.T.);
#1256=EDGE_CURVE('',#936,#952,#753,.T.);
#1257=EDGE_CURVE('',#952,#953,#547,.T.);
#1258=EDGE_CURVE('',#922,#953,#754,.F.);
#1259=EDGE_CURVE('',#913,#945,#755,.T.);
#1260=EDGE_CURVE('',#912,#954,#756,.T.);
#1261=EDGE_CURVE('',#955,#954,#548,.T.);
#1262=EDGE_CURVE('',#946,#955,#757,.F.);
#1263=EDGE_CURVE('',#956,#923,#758,.F.);
#1264=EDGE_CURVE('',#956,#917,#67,.T.);
#1265=EDGE_CURVE('',#957,#935,#759,.T.);
#1266=EDGE_CURVE('',#934,#957,#68,.T.);
#1267=EDGE_CURVE('',#958,#947,#760,.F.);
#1268=EDGE_CURVE('',#958,#941,#69,.T.);
#1269=EDGE_CURVE('',#959,#911,#761,.T.);
#1270=EDGE_CURVE('',#910,#959,#70,.T.);
#1271=EDGE_CURVE('',#956,#957,#549,.T.);
#1272=EDGE_CURVE('',#958,#959,#550,.T.);
#1273=ORIENTED_EDGE('',*,*,#960,.T.);
#1274=ORIENTED_EDGE('',*,*,#961,.T.);
#1275=ORIENTED_EDGE('',*,*,#962,.T.);
#1276=ORIENTED_EDGE('',*,*,#963,.T.);
#1277=ORIENTED_EDGE('',*,*,#964,.T.);
#1278=ORIENTED_EDGE('',*,*,#963,.F.);
#1279=ORIENTED_EDGE('',*,*,#965,.T.);
#1280=ORIENTED_EDGE('',*,*,#966,.T.);
#1281=ORIENTED_EDGE('',*,*,#967,.F.);
#1282=ORIENTED_EDGE('',*,*,#968,.F.);
#1283=ORIENTED_EDGE('',*,*,#969,.T.);
#1284=ORIENTED_EDGE('',*,*,#962,.F.);
#1285=ORIENTED_EDGE('',*,*,#970,.T.);
#1286=ORIENTED_EDGE('',*,*,#971,.F.);
#1287=ORIENTED_EDGE('',*,*,#967,.T.);
#1288=ORIENTED_EDGE('',*,*,#972,.T.);
#1289=ORIENTED_EDGE('',*,*,#965,.F.);
#1290=ORIENTED_EDGE('',*,*,#961,.F.);
#1291=ORIENTED_EDGE('',*,*,#973,.F.);
#1292=ORIENTED_EDGE('',*,*,#974,.F.);
#1293=ORIENTED_EDGE('',*,*,#975,.F.);
#1294=ORIENTED_EDGE('',*,*,#976,.F.);
#1295=ORIENTED_EDGE('',*,*,#970,.F.);
#1296=ORIENTED_EDGE('',*,*,#977,.T.);
#1297=ORIENTED_EDGE('',*,*,#978,.T.);
#1298=ORIENTED_EDGE('',*,*,#968,.T.);
#1299=ORIENTED_EDGE('',*,*,#971,.T.);
#1300=ORIENTED_EDGE('',*,*,#976,.T.);
#1301=ORIENTED_EDGE('',*,*,#977,.F.);
#1302=ORIENTED_EDGE('',*,*,#975,.T.);
#1303=ORIENTED_EDGE('',*,*,#979,.F.);
#1304=ORIENTED_EDGE('',*,*,#980,.T.);
#1305=ORIENTED_EDGE('',*,*,#981,.T.);
#1306=ORIENTED_EDGE('',*,*,#982,.T.);
#1307=ORIENTED_EDGE('',*,*,#983,.T.);
#1308=ORIENTED_EDGE('',*,*,#984,.T.);
#1309=ORIENTED_EDGE('',*,*,#985,.T.);
#1310=ORIENTED_EDGE('',*,*,#986,.T.);
#1311=ORIENTED_EDGE('',*,*,#983,.F.);
#1312=ORIENTED_EDGE('',*,*,#987,.F.);
#1313=ORIENTED_EDGE('',*,*,#988,.F.);
#1314=ORIENTED_EDGE('',*,*,#989,.F.);
#1315=ORIENTED_EDGE('',*,*,#990,.T.);
#1316=ORIENTED_EDGE('',*,*,#991,.F.);
#1317=ORIENTED_EDGE('',*,*,#992,.T.);
#1318=ORIENTED_EDGE('',*,*,#993,.T.);
#1319=ORIENTED_EDGE('',*,*,#982,.F.);
#1320=ORIENTED_EDGE('',*,*,#994,.F.);
#1321=ORIENTED_EDGE('',*,*,#995,.T.);
#1322=ORIENTED_EDGE('',*,*,#996,.T.);
#1323=ORIENTED_EDGE('',*,*,#997,.F.);
#1324=ORIENTED_EDGE('',*,*,#987,.T.);
#1325=ORIENTED_EDGE('',*,*,#986,.F.);
#1326=ORIENTED_EDGE('',*,*,#998,.T.);
#1327=ORIENTED_EDGE('',*,*,#999,.F.);
#1328=ORIENTED_EDGE('',*,*,#996,.F.);
#1329=ORIENTED_EDGE('',*,*,#1000,.T.);
#1330=ORIENTED_EDGE('',*,*,#994,.T.);
#1331=ORIENTED_EDGE('',*,*,#1001,.T.);
#1332=ORIENTED_EDGE('',*,*,#988,.T.);
#1333=ORIENTED_EDGE('',*,*,#997,.T.);
#1334=ORIENTED_EDGE('',*,*,#999,.T.);
#1335=ORIENTED_EDGE('',*,*,#1002,.T.);
#1336=ORIENTED_EDGE('',*,*,#1003,.T.);
#1337=ORIENTED_EDGE('',*,*,#1004,.T.);
#1338=ORIENTED_EDGE('',*,*,#1005,.T.);
#1339=ORIENTED_EDGE('',*,*,#1006,.T.);
#1340=ORIENTED_EDGE('',*,*,#991,.T.);
#1341=ORIENTED_EDGE('',*,*,#1007,.T.);
#1342=ORIENTED_EDGE('',*,*,#1007,.F.);
#1343=ORIENTED_EDGE('',*,*,#990,.F.);
#1344=ORIENTED_EDGE('',*,*,#1008,.F.);
#1345=ORIENTED_EDGE('',*,*,#1009,.T.);
#1346=ORIENTED_EDGE('',*,*,#1010,.F.);
#1347=ORIENTED_EDGE('',*,*,#1006,.F.);
#1348=ORIENTED_EDGE('',*,*,#1011,.F.);
#1349=ORIENTED_EDGE('',*,*,#1012,.F.);
#1350=ORIENTED_EDGE('',*,*,#1013,.F.);
#1351=ORIENTED_EDGE('',*,*,#992,.F.);
#1352=ORIENTED_EDGE('',*,*,#1014,.T.);
#1353=ORIENTED_EDGE('',*,*,#1015,.T.);
#1354=ORIENTED_EDGE('',*,*,#1016,.T.);
#1355=ORIENTED_EDGE('',*,*,#1017,.T.);
#1356=ORIENTED_EDGE('',*,*,#1018,.T.);
#1357=ORIENTED_EDGE('',*,*,#1019,.T.);
#1358=ORIENTED_EDGE('',*,*,#1004,.F.);
#1359=ORIENTED_EDGE('',*,*,#1020,.F.);
#1360=ORIENTED_EDGE('',*,*,#1021,.F.);
#1361=ORIENTED_EDGE('',*,*,#1022,.F.);
#1362=ORIENTED_EDGE('',*,*,#1023,.F.);
#1363=ORIENTED_EDGE('',*,*,#1024,.F.);
#1364=ORIENTED_EDGE('',*,*,#1025,.F.);
#1365=ORIENTED_EDGE('',*,*,#1026,.F.);
#1366=ORIENTED_EDGE('',*,*,#1027,.F.);
#1367=ORIENTED_EDGE('',*,*,#1028,.F.);
#1368=ORIENTED_EDGE('',*,*,#1029,.F.);
#1369=ORIENTED_EDGE('',*,*,#1030,.F.);
#1370=ORIENTED_EDGE('',*,*,#1031,.F.);
#1371=ORIENTED_EDGE('',*,*,#972,.F.);
#1372=ORIENTED_EDGE('',*,*,#966,.F.);
#1373=ORIENTED_EDGE('',*,*,#1032,.T.);
#1374=ORIENTED_EDGE('',*,*,#1033,.T.);
#1375=ORIENTED_EDGE('',*,*,#1034,.T.);
#1376=ORIENTED_EDGE('',*,*,#1035,.T.);
#1377=ORIENTED_EDGE('',*,*,#1036,.T.);
#1378=ORIENTED_EDGE('',*,*,#1037,.T.);
#1379=ORIENTED_EDGE('',*,*,#1038,.T.);
#1380=ORIENTED_EDGE('',*,*,#1039,.T.);
#1381=ORIENTED_EDGE('',*,*,#1040,.T.);
#1382=ORIENTED_EDGE('',*,*,#1041,.T.);
#1383=ORIENTED_EDGE('',*,*,#1042,.T.);
#1384=ORIENTED_EDGE('',*,*,#1043,.T.);
#1385=ORIENTED_EDGE('',*,*,#995,.F.);
#1386=ORIENTED_EDGE('',*,*,#1000,.F.);
#1387=ORIENTED_EDGE('',*,*,#1044,.F.);
#1388=ORIENTED_EDGE('',*,*,#1045,.F.);
#1389=ORIENTED_EDGE('',*,*,#1046,.F.);
#1390=ORIENTED_EDGE('',*,*,#1047,.F.);
#1391=ORIENTED_EDGE('',*,*,#1048,.F.);
#1392=ORIENTED_EDGE('',*,*,#1049,.F.);
#1393=ORIENTED_EDGE('',*,*,#1050,.F.);
#1394=ORIENTED_EDGE('',*,*,#1051,.F.);
#1395=ORIENTED_EDGE('',*,*,#1052,.F.);
#1396=ORIENTED_EDGE('',*,*,#1033,.F.);
#1397=ORIENTED_EDGE('',*,*,#1053,.F.);
#1398=ORIENTED_EDGE('',*,*,#1054,.F.);
#1399=ORIENTED_EDGE('',*,*,#1055,.F.);
#1400=ORIENTED_EDGE('',*,*,#1032,.F.);
#1401=ORIENTED_EDGE('',*,*,#1056,.T.);
#1402=ORIENTED_EDGE('',*,*,#1057,.T.);
#1403=ORIENTED_EDGE('',*,*,#1053,.T.);
#1404=ORIENTED_EDGE('',*,*,#1037,.F.);
#1405=ORIENTED_EDGE('',*,*,#1058,.F.);
#1406=ORIENTED_EDGE('',*,*,#980,.F.);
#1407=ORIENTED_EDGE('',*,*,#1059,.F.);
#1408=ORIENTED_EDGE('',*,*,#1056,.F.);
#1409=ORIENTED_EDGE('',*,*,#985,.F.);
#1410=ORIENTED_EDGE('',*,*,#1060,.F.);
#1411=ORIENTED_EDGE('',*,*,#1061,.F.);
#1412=ORIENTED_EDGE('',*,*,#1062,.F.);
#1413=ORIENTED_EDGE('',*,*,#1002,.F.);
#1414=ORIENTED_EDGE('',*,*,#998,.F.);
#1415=ORIENTED_EDGE('',*,*,#979,.T.);
#1416=ORIENTED_EDGE('',*,*,#974,.T.);
#1417=ORIENTED_EDGE('',*,*,#1063,.T.);
#1418=ORIENTED_EDGE('',*,*,#1064,.T.);
#1419=ORIENTED_EDGE('',*,*,#960,.F.);
#1420=ORIENTED_EDGE('',*,*,#1065,.F.);
#1421=ORIENTED_EDGE('',*,*,#1066,.T.);
#1422=ORIENTED_EDGE('',*,*,#1063,.F.);
#1423=ORIENTED_EDGE('',*,*,#973,.T.);
#1424=ORIENTED_EDGE('',*,*,#1064,.F.);
#1425=ORIENTED_EDGE('',*,*,#1067,.F.);
#1426=ORIENTED_EDGE('',*,*,#1068,.F.);
#1427=ORIENTED_EDGE('',*,*,#1059,.T.);
#1428=ORIENTED_EDGE('',*,*,#1069,.T.);
#1429=ORIENTED_EDGE('',*,*,#1070,.T.);
#1430=ORIENTED_EDGE('',*,*,#1071,.T.);
#1431=ORIENTED_EDGE('',*,*,#1061,.T.);
#1432=ORIENTED_EDGE('',*,*,#984,.F.);
#1433=ORIENTED_EDGE('',*,*,#993,.F.);
#1434=ORIENTED_EDGE('',*,*,#1013,.T.);
#1435=ORIENTED_EDGE('',*,*,#1069,.F.);
#1436=ORIENTED_EDGE('',*,*,#1060,.T.);
#1437=ORIENTED_EDGE('',*,*,#1001,.F.);
#1438=ORIENTED_EDGE('',*,*,#1062,.T.);
#1439=ORIENTED_EDGE('',*,*,#1071,.F.);
#1440=ORIENTED_EDGE('',*,*,#1008,.T.);
#1441=ORIENTED_EDGE('',*,*,#989,.T.);
#1442=ORIENTED_EDGE('',*,*,#1072,.F.);
#1443=ORIENTED_EDGE('',*,*,#1073,.F.);
#1444=ORIENTED_EDGE('',*,*,#1074,.F.);
#1445=ORIENTED_EDGE('',*,*,#1075,.F.);
#1446=ORIENTED_EDGE('',*,*,#1076,.F.);
#1447=ORIENTED_EDGE('',*,*,#1077,.F.);
#1448=ORIENTED_EDGE('',*,*,#1078,.T.);
#1449=ORIENTED_EDGE('',*,*,#1017,.F.);
#1450=ORIENTED_EDGE('',*,*,#1079,.F.);
#1451=ORIENTED_EDGE('',*,*,#1041,.F.);
#1452=ORIENTED_EDGE('',*,*,#1080,.T.);
#1453=ORIENTED_EDGE('',*,*,#1075,.T.);
#1454=ORIENTED_EDGE('',*,*,#1081,.T.);
#1455=ORIENTED_EDGE('',*,*,#1082,.T.);
#1456=ORIENTED_EDGE('',*,*,#1083,.T.);
#1457=ORIENTED_EDGE('',*,*,#1084,.T.);
#1458=ORIENTED_EDGE('',*,*,#1085,.T.);
#1459=ORIENTED_EDGE('',*,*,#1086,.T.);
#1460=ORIENTED_EDGE('',*,*,#1087,.F.);
#1461=ORIENTED_EDGE('',*,*,#1088,.F.);
#1462=ORIENTED_EDGE('',*,*,#1089,.F.);
#1463=ORIENTED_EDGE('',*,*,#1082,.F.);
#1464=ORIENTED_EDGE('',*,*,#1090,.F.);
#1465=ORIENTED_EDGE('',*,*,#1091,.F.);
#1466=ORIENTED_EDGE('',*,*,#1084,.F.);
#1467=ORIENTED_EDGE('',*,*,#1092,.F.);
#1468=ORIENTED_EDGE('',*,*,#1093,.F.);
#1469=ORIENTED_EDGE('',*,*,#1094,.F.);
#1470=ORIENTED_EDGE('',*,*,#1095,.F.);
#1471=ORIENTED_EDGE('',*,*,#1096,.F.);
#1472=ORIENTED_EDGE('',*,*,#1086,.F.);
#1473=ORIENTED_EDGE('',*,*,#1097,.F.);
#1474=ORIENTED_EDGE('',*,*,#1098,.F.);
#1475=ORIENTED_EDGE('',*,*,#1099,.F.);
#1476=ORIENTED_EDGE('',*,*,#1100,.F.);
#1477=ORIENTED_EDGE('',*,*,#1101,.F.);
#1478=ORIENTED_EDGE('',*,*,#1102,.T.);
#1479=ORIENTED_EDGE('',*,*,#1103,.T.);
#1480=ORIENTED_EDGE('',*,*,#1104,.T.);
#1481=ORIENTED_EDGE('',*,*,#1023,.T.);
#1482=ORIENTED_EDGE('',*,*,#1102,.F.);
#1483=ORIENTED_EDGE('',*,*,#1031,.T.);
#1484=ORIENTED_EDGE('',*,*,#1105,.T.);
#1485=ORIENTED_EDGE('',*,*,#1106,.T.);
#1486=ORIENTED_EDGE('',*,*,#1105,.F.);
#1487=ORIENTED_EDGE('',*,*,#1030,.T.);
#1488=ORIENTED_EDGE('',*,*,#1107,.T.);
#1489=ORIENTED_EDGE('',*,*,#1108,.T.);
#1490=ORIENTED_EDGE('',*,*,#1109,.T.);
#1491=ORIENTED_EDGE('',*,*,#1110,.T.);
#1492=ORIENTED_EDGE('',*,*,#1107,.F.);
#1493=ORIENTED_EDGE('',*,*,#1029,.T.);
#1494=ORIENTED_EDGE('',*,*,#1109,.F.);
#1495=ORIENTED_EDGE('',*,*,#1028,.T.);
#1496=ORIENTED_EDGE('',*,*,#1111,.T.);
#1497=ORIENTED_EDGE('',*,*,#1112,.T.);
#1498=ORIENTED_EDGE('',*,*,#1113,.T.);
#1499=ORIENTED_EDGE('',*,*,#1114,.T.);
#1500=ORIENTED_EDGE('',*,*,#1111,.F.);
#1501=ORIENTED_EDGE('',*,*,#1027,.T.);
#1502=ORIENTED_EDGE('',*,*,#1113,.F.);
#1503=ORIENTED_EDGE('',*,*,#1026,.T.);
#1504=ORIENTED_EDGE('',*,*,#1115,.T.);
#1505=ORIENTED_EDGE('',*,*,#1116,.T.);
#1506=ORIENTED_EDGE('',*,*,#1117,.T.);
#1507=ORIENTED_EDGE('',*,*,#1118,.T.);
#1508=ORIENTED_EDGE('',*,*,#1115,.F.);
#1509=ORIENTED_EDGE('',*,*,#1025,.T.);
#1510=ORIENTED_EDGE('',*,*,#1117,.F.);
#1511=ORIENTED_EDGE('',*,*,#1024,.T.);
#1512=ORIENTED_EDGE('',*,*,#1104,.F.);
#1513=ORIENTED_EDGE('',*,*,#1119,.T.);
#1514=ORIENTED_EDGE('',*,*,#1114,.F.);
#1515=ORIENTED_EDGE('',*,*,#1120,.T.);
#1516=ORIENTED_EDGE('',*,*,#1121,.F.);
#1517=ORIENTED_EDGE('',*,*,#1122,.T.);
#1518=ORIENTED_EDGE('',*,*,#1116,.F.);
#1519=ORIENTED_EDGE('',*,*,#1123,.F.);
#1520=ORIENTED_EDGE('',*,*,#1124,.F.);
#1521=ORIENTED_EDGE('',*,*,#1120,.F.);
#1522=ORIENTED_EDGE('',*,*,#1118,.F.);
#1523=ORIENTED_EDGE('',*,*,#1125,.T.);
#1524=ORIENTED_EDGE('',*,*,#1126,.F.);
#1525=ORIENTED_EDGE('',*,*,#1123,.T.);
#1526=ORIENTED_EDGE('',*,*,#1119,.F.);
#1527=ORIENTED_EDGE('',*,*,#1127,.F.);
#1528=ORIENTED_EDGE('',*,*,#1128,.F.);
#1529=ORIENTED_EDGE('',*,*,#1129,.F.);
#1530=ORIENTED_EDGE('',*,*,#1130,.F.);
#1531=ORIENTED_EDGE('',*,*,#1125,.F.);
#1532=ORIENTED_EDGE('',*,*,#1103,.F.);
#1533=ORIENTED_EDGE('',*,*,#1131,.T.);
#1534=ORIENTED_EDGE('',*,*,#1132,.F.);
#1535=ORIENTED_EDGE('',*,*,#1127,.T.);
#1536=ORIENTED_EDGE('',*,*,#1133,.T.);
#1537=ORIENTED_EDGE('',*,*,#1134,.T.);
#1538=ORIENTED_EDGE('',*,*,#1135,.T.);
#1539=ORIENTED_EDGE('',*,*,#1044,.T.);
#1540=ORIENTED_EDGE('',*,*,#1133,.F.);
#1541=ORIENTED_EDGE('',*,*,#1052,.T.);
#1542=ORIENTED_EDGE('',*,*,#1136,.T.);
#1543=ORIENTED_EDGE('',*,*,#1137,.T.);
#1544=ORIENTED_EDGE('',*,*,#1136,.F.);
#1545=ORIENTED_EDGE('',*,*,#1051,.T.);
#1546=ORIENTED_EDGE('',*,*,#1138,.T.);
#1547=ORIENTED_EDGE('',*,*,#1139,.T.);
#1548=ORIENTED_EDGE('',*,*,#1140,.T.);
#1549=ORIENTED_EDGE('',*,*,#1141,.T.);
#1550=ORIENTED_EDGE('',*,*,#1138,.F.);
#1551=ORIENTED_EDGE('',*,*,#1050,.T.);
#1552=ORIENTED_EDGE('',*,*,#1140,.F.);
#1553=ORIENTED_EDGE('',*,*,#1049,.T.);
#1554=ORIENTED_EDGE('',*,*,#1142,.T.);
#1555=ORIENTED_EDGE('',*,*,#1130,.T.);
#1556=ORIENTED_EDGE('',*,*,#1143,.T.);
#1557=ORIENTED_EDGE('',*,*,#1126,.T.);
#1558=ORIENTED_EDGE('',*,*,#1142,.F.);
#1559=ORIENTED_EDGE('',*,*,#1048,.T.);
#1560=ORIENTED_EDGE('',*,*,#1143,.F.);
#1561=ORIENTED_EDGE('',*,*,#1047,.T.);
#1562=ORIENTED_EDGE('',*,*,#1144,.T.);
#1563=ORIENTED_EDGE('',*,*,#1124,.T.);
#1564=ORIENTED_EDGE('',*,*,#1145,.T.);
#1565=ORIENTED_EDGE('',*,*,#1121,.T.);
#1566=ORIENTED_EDGE('',*,*,#1144,.F.);
#1567=ORIENTED_EDGE('',*,*,#1046,.T.);
#1568=ORIENTED_EDGE('',*,*,#1145,.F.);
#1569=ORIENTED_EDGE('',*,*,#1045,.T.);
#1570=ORIENTED_EDGE('',*,*,#1135,.F.);
#1571=ORIENTED_EDGE('',*,*,#1146,.T.);
#1572=ORIENTED_EDGE('',*,*,#1112,.F.);
#1573=ORIENTED_EDGE('',*,*,#1122,.F.);
#1574=ORIENTED_EDGE('',*,*,#1146,.F.);
#1575=ORIENTED_EDGE('',*,*,#1147,.F.);
#1576=ORIENTED_EDGE('',*,*,#1148,.F.);
#1577=ORIENTED_EDGE('',*,*,#1149,.F.);
#1578=ORIENTED_EDGE('',*,*,#1134,.F.);
#1579=ORIENTED_EDGE('',*,*,#1150,.T.);
#1580=ORIENTED_EDGE('',*,*,#1151,.T.);
#1581=ORIENTED_EDGE('',*,*,#1147,.T.);
#1582=ORIENTED_EDGE('',*,*,#1003,.F.);
#1583=ORIENTED_EDGE('',*,*,#1010,.T.);
#1584=ORIENTED_EDGE('',*,*,#1152,.T.);
#1585=ORIENTED_EDGE('',*,*,#1020,.T.);
#1586=ORIENTED_EDGE('',*,*,#1153,.T.);
#1587=ORIENTED_EDGE('',*,*,#1021,.T.);
#1588=ORIENTED_EDGE('',*,*,#1152,.F.);
#1589=ORIENTED_EDGE('',*,*,#1154,.T.);
#1590=ORIENTED_EDGE('',*,*,#1005,.F.);
#1591=ORIENTED_EDGE('',*,*,#1022,.T.);
#1592=ORIENTED_EDGE('',*,*,#1153,.F.);
#1593=ORIENTED_EDGE('',*,*,#1011,.T.);
#1594=ORIENTED_EDGE('',*,*,#1070,.F.);
#1595=ORIENTED_EDGE('',*,*,#1012,.T.);
#1596=ORIENTED_EDGE('',*,*,#1154,.F.);
#1597=ORIENTED_EDGE('',*,*,#1009,.F.);
#1598=ORIENTED_EDGE('',*,*,#1155,.T.);
#1599=ORIENTED_EDGE('',*,*,#1054,.T.);
#1600=ORIENTED_EDGE('',*,*,#1057,.F.);
#1601=ORIENTED_EDGE('',*,*,#1068,.T.);
#1602=ORIENTED_EDGE('',*,*,#1034,.F.);
#1603=ORIENTED_EDGE('',*,*,#1055,.T.);
#1604=ORIENTED_EDGE('',*,*,#1155,.F.);
#1605=ORIENTED_EDGE('',*,*,#1156,.T.);
#1606=ORIENTED_EDGE('',*,*,#1141,.F.);
#1607=ORIENTED_EDGE('',*,*,#1129,.T.);
#1608=ORIENTED_EDGE('',*,*,#1157,.T.);
#1609=ORIENTED_EDGE('',*,*,#1158,.T.);
#1610=ORIENTED_EDGE('',*,*,#1132,.T.);
#1611=ORIENTED_EDGE('',*,*,#1159,.T.);
#1612=ORIENTED_EDGE('',*,*,#1157,.F.);
#1613=ORIENTED_EDGE('',*,*,#1128,.T.);
#1614=ORIENTED_EDGE('',*,*,#1160,.T.);
#1615=ORIENTED_EDGE('',*,*,#1148,.T.);
#1616=ORIENTED_EDGE('',*,*,#1151,.F.);
#1617=ORIENTED_EDGE('',*,*,#1161,.T.);
#1618=ORIENTED_EDGE('',*,*,#1110,.F.);
#1619=ORIENTED_EDGE('',*,*,#1149,.T.);
#1620=ORIENTED_EDGE('',*,*,#1160,.F.);
#1621=ORIENTED_EDGE('',*,*,#1162,.T.);
#1622=ORIENTED_EDGE('',*,*,#1108,.F.);
#1623=ORIENTED_EDGE('',*,*,#1162,.F.);
#1624=ORIENTED_EDGE('',*,*,#1163,.F.);
#1625=ORIENTED_EDGE('',*,*,#1164,.T.);
#1626=ORIENTED_EDGE('',*,*,#1161,.F.);
#1627=ORIENTED_EDGE('',*,*,#1165,.T.);
#1628=ORIENTED_EDGE('',*,*,#1166,.T.);
#1629=ORIENTED_EDGE('',*,*,#1163,.T.);
#1630=ORIENTED_EDGE('',*,*,#1137,.F.);
#1631=ORIENTED_EDGE('',*,*,#1167,.F.);
#1632=ORIENTED_EDGE('',*,*,#1165,.F.);
#1633=ORIENTED_EDGE('',*,*,#1150,.F.);
#1634=ORIENTED_EDGE('',*,*,#1035,.F.);
#1635=ORIENTED_EDGE('',*,*,#1156,.F.);
#1636=ORIENTED_EDGE('',*,*,#1067,.T.);
#1637=ORIENTED_EDGE('',*,*,#1066,.F.);
#1638=ORIENTED_EDGE('',*,*,#1168,.F.);
#1639=ORIENTED_EDGE('',*,*,#964,.F.);
#1640=ORIENTED_EDGE('',*,*,#969,.F.);
#1641=ORIENTED_EDGE('',*,*,#978,.F.);
#1642=ORIENTED_EDGE('',*,*,#981,.F.);
#1643=ORIENTED_EDGE('',*,*,#1058,.T.);
#1644=ORIENTED_EDGE('',*,*,#1036,.F.);
#1645=ORIENTED_EDGE('',*,*,#1168,.T.);
#1646=ORIENTED_EDGE('',*,*,#1065,.T.);
#1647=ORIENTED_EDGE('',*,*,#1169,.T.);
#1648=ORIENTED_EDGE('',*,*,#1170,.T.);
#1649=ORIENTED_EDGE('',*,*,#1171,.T.);
#1650=ORIENTED_EDGE('',*,*,#1169,.F.);
#1651=ORIENTED_EDGE('',*,*,#1172,.T.);
#1652=ORIENTED_EDGE('',*,*,#1173,.T.);
#1653=ORIENTED_EDGE('',*,*,#1174,.T.);
#1654=ORIENTED_EDGE('',*,*,#1173,.F.);
#1655=ORIENTED_EDGE('',*,*,#1175,.T.);
#1656=ORIENTED_EDGE('',*,*,#1176,.T.);
#1657=ORIENTED_EDGE('',*,*,#1177,.T.);
#1658=ORIENTED_EDGE('',*,*,#1176,.F.);
#1659=ORIENTED_EDGE('',*,*,#1178,.T.);
#1660=ORIENTED_EDGE('',*,*,#1179,.T.);
#1661=ORIENTED_EDGE('',*,*,#1180,.T.);
#1662=ORIENTED_EDGE('',*,*,#1181,.T.);
#1663=ORIENTED_EDGE('',*,*,#1182,.T.);
#1664=ORIENTED_EDGE('',*,*,#1179,.F.);
#1665=ORIENTED_EDGE('',*,*,#1181,.F.);
#1666=ORIENTED_EDGE('',*,*,#1178,.F.);
#1667=ORIENTED_EDGE('',*,*,#1183,.T.);
#1668=ORIENTED_EDGE('',*,*,#1184,.F.);
#1669=ORIENTED_EDGE('',*,*,#1185,.T.);
#1670=ORIENTED_EDGE('',*,*,#1186,.F.);
#1671=ORIENTED_EDGE('',*,*,#1187,.F.);
#1672=ORIENTED_EDGE('',*,*,#1188,.F.);
#1673=ORIENTED_EDGE('',*,*,#1189,.T.);
#1674=ORIENTED_EDGE('',*,*,#1190,.F.);
#1675=ORIENTED_EDGE('',*,*,#1175,.F.);
#1676=ORIENTED_EDGE('',*,*,#1191,.F.);
#1677=ORIENTED_EDGE('',*,*,#1192,.T.);
#1678=ORIENTED_EDGE('',*,*,#1183,.F.);
#1679=ORIENTED_EDGE('',*,*,#1172,.F.);
#1680=ORIENTED_EDGE('',*,*,#1171,.F.);
#1681=ORIENTED_EDGE('',*,*,#1193,.F.);
#1682=ORIENTED_EDGE('',*,*,#1194,.T.);
#1683=ORIENTED_EDGE('',*,*,#1195,.F.);
#1684=ORIENTED_EDGE('',*,*,#1196,.F.);
#1685=ORIENTED_EDGE('',*,*,#1197,.T.);
#1686=ORIENTED_EDGE('',*,*,#1198,.F.);
#1687=ORIENTED_EDGE('',*,*,#1199,.T.);
#1688=ORIENTED_EDGE('',*,*,#1191,.T.);
#1689=ORIENTED_EDGE('',*,*,#1170,.F.);
#1690=ORIENTED_EDGE('',*,*,#1200,.T.);
#1691=ORIENTED_EDGE('',*,*,#1201,.F.);
#1692=ORIENTED_EDGE('',*,*,#1202,.T.);
#1693=ORIENTED_EDGE('',*,*,#1203,.T.);
#1694=ORIENTED_EDGE('',*,*,#1204,.T.);
#1695=ORIENTED_EDGE('',*,*,#1205,.T.);
#1696=ORIENTED_EDGE('',*,*,#1203,.F.);
#1697=ORIENTED_EDGE('',*,*,#1206,.T.);
#1698=ORIENTED_EDGE('',*,*,#1207,.T.);
#1699=ORIENTED_EDGE('',*,*,#1208,.T.);
#1700=ORIENTED_EDGE('',*,*,#1207,.F.);
#1701=ORIENTED_EDGE('',*,*,#1209,.T.);
#1702=ORIENTED_EDGE('',*,*,#1210,.T.);
#1703=ORIENTED_EDGE('',*,*,#1211,.T.);
#1704=ORIENTED_EDGE('',*,*,#1210,.F.);
#1705=ORIENTED_EDGE('',*,*,#1212,.T.);
#1706=ORIENTED_EDGE('',*,*,#1213,.T.);
#1707=ORIENTED_EDGE('',*,*,#1214,.T.);
#1708=ORIENTED_EDGE('',*,*,#1215,.T.);
#1709=ORIENTED_EDGE('',*,*,#1201,.T.);
#1710=ORIENTED_EDGE('',*,*,#1213,.F.);
#1711=ORIENTED_EDGE('',*,*,#1215,.F.);
#1712=ORIENTED_EDGE('',*,*,#1212,.F.);
#1713=ORIENTED_EDGE('',*,*,#1216,.T.);
#1714=ORIENTED_EDGE('',*,*,#1217,.F.);
#1715=ORIENTED_EDGE('',*,*,#1218,.T.);
#1716=ORIENTED_EDGE('',*,*,#1219,.F.);
#1717=ORIENTED_EDGE('',*,*,#1220,.F.);
#1718=ORIENTED_EDGE('',*,*,#1221,.F.);
#1719=ORIENTED_EDGE('',*,*,#1222,.T.);
#1720=ORIENTED_EDGE('',*,*,#1223,.F.);
#1721=ORIENTED_EDGE('',*,*,#1209,.F.);
#1722=ORIENTED_EDGE('',*,*,#1224,.F.);
#1723=ORIENTED_EDGE('',*,*,#1225,.T.);
#1724=ORIENTED_EDGE('',*,*,#1216,.F.);
#1725=ORIENTED_EDGE('',*,*,#1206,.F.);
#1726=ORIENTED_EDGE('',*,*,#1205,.F.);
#1727=ORIENTED_EDGE('',*,*,#1226,.F.);
#1728=ORIENTED_EDGE('',*,*,#1227,.T.);
#1729=ORIENTED_EDGE('',*,*,#1228,.F.);
#1730=ORIENTED_EDGE('',*,*,#1229,.F.);
#1731=ORIENTED_EDGE('',*,*,#1230,.T.);
#1732=ORIENTED_EDGE('',*,*,#1231,.F.);
#1733=ORIENTED_EDGE('',*,*,#1232,.T.);
#1734=ORIENTED_EDGE('',*,*,#1224,.T.);
#1735=ORIENTED_EDGE('',*,*,#1182,.F.);
#1736=ORIENTED_EDGE('',*,*,#1233,.T.);
#1737=ORIENTED_EDGE('',*,*,#1204,.F.);
#1738=ORIENTED_EDGE('',*,*,#1234,.T.);
#1739=ORIENTED_EDGE('',*,*,#1106,.F.);
#1740=ORIENTED_EDGE('',*,*,#1164,.F.);
#1741=ORIENTED_EDGE('',*,*,#1235,.F.);
#1742=ORIENTED_EDGE('',*,*,#1131,.F.);
#1743=ORIENTED_EDGE('',*,*,#1139,.F.);
#1744=ORIENTED_EDGE('',*,*,#1158,.F.);
#1745=ORIENTED_EDGE('',*,*,#1236,.F.);
#1746=ORIENTED_EDGE('',*,*,#1167,.T.);
#1747=ORIENTED_EDGE('',*,*,#1237,.T.);
#1748=ORIENTED_EDGE('',*,*,#1018,.F.);
#1749=ORIENTED_EDGE('',*,*,#1078,.F.);
#1750=ORIENTED_EDGE('',*,*,#1040,.F.);
#1751=ORIENTED_EDGE('',*,*,#1238,.T.);
#1752=ORIENTED_EDGE('',*,*,#1019,.F.);
#1753=ORIENTED_EDGE('',*,*,#1237,.F.);
#1754=ORIENTED_EDGE('',*,*,#1039,.F.);
#1755=ORIENTED_EDGE('',*,*,#1239,.T.);
#1756=ORIENTED_EDGE('',*,*,#1099,.T.);
#1757=ORIENTED_EDGE('',*,*,#1240,.T.);
#1758=ORIENTED_EDGE('',*,*,#1094,.T.);
#1759=ORIENTED_EDGE('',*,*,#1241,.T.);
#1760=ORIENTED_EDGE('',*,*,#1014,.F.);
#1761=ORIENTED_EDGE('',*,*,#1238,.F.);
#1762=ORIENTED_EDGE('',*,*,#1038,.F.);
#1763=ORIENTED_EDGE('',*,*,#1195,.T.);
#1764=ORIENTED_EDGE('',*,*,#1194,.F.);
#1765=ORIENTED_EDGE('',*,*,#1193,.T.);
#1766=ORIENTED_EDGE('',*,*,#1202,.F.);
#1767=ORIENTED_EDGE('',*,*,#1223,.T.);
#1768=ORIENTED_EDGE('',*,*,#1222,.F.);
#1769=ORIENTED_EDGE('',*,*,#1221,.T.);
#1770=ORIENTED_EDGE('',*,*,#1242,.F.);
#1771=ORIENTED_EDGE('',*,*,#1228,.T.);
#1772=ORIENTED_EDGE('',*,*,#1227,.F.);
#1773=ORIENTED_EDGE('',*,*,#1226,.T.);
#1774=ORIENTED_EDGE('',*,*,#1233,.F.);
#1775=ORIENTED_EDGE('',*,*,#1190,.T.);
#1776=ORIENTED_EDGE('',*,*,#1189,.F.);
#1777=ORIENTED_EDGE('',*,*,#1188,.T.);
#1778=ORIENTED_EDGE('',*,*,#1243,.F.);
#1779=ORIENTED_EDGE('',*,*,#1079,.T.);
#1780=ORIENTED_EDGE('',*,*,#1016,.F.);
#1781=ORIENTED_EDGE('',*,*,#1244,.F.);
#1782=ORIENTED_EDGE('',*,*,#1042,.F.);
#1783=ORIENTED_EDGE('',*,*,#1159,.F.);
#1784=ORIENTED_EDGE('',*,*,#1235,.T.);
#1785=ORIENTED_EDGE('',*,*,#1166,.F.);
#1786=ORIENTED_EDGE('',*,*,#1236,.T.);
#1787=ORIENTED_EDGE('',*,*,#1245,.F.);
#1788=ORIENTED_EDGE('',*,*,#1091,.T.);
#1789=ORIENTED_EDGE('',*,*,#1246,.T.);
#1790=ORIENTED_EDGE('',*,*,#1073,.T.);
#1791=ORIENTED_EDGE('',*,*,#1083,.F.);
#1792=ORIENTED_EDGE('',*,*,#1101,.T.);
#1793=ORIENTED_EDGE('',*,*,#1247,.F.);
#1794=ORIENTED_EDGE('',*,*,#1248,.T.);
#1795=ORIENTED_EDGE('',*,*,#1249,.T.);
#1796=ORIENTED_EDGE('',*,*,#1092,.T.);
#1797=ORIENTED_EDGE('',*,*,#1080,.F.);
#1798=ORIENTED_EDGE('',*,*,#1089,.T.);
#1799=ORIENTED_EDGE('',*,*,#1250,.F.);
#1800=ORIENTED_EDGE('',*,*,#1076,.T.);
#1801=ORIENTED_EDGE('',*,*,#1085,.F.);
#1802=ORIENTED_EDGE('',*,*,#1096,.T.);
#1803=ORIENTED_EDGE('',*,*,#1251,.F.);
#1804=ORIENTED_EDGE('',*,*,#1252,.F.);
#1805=ORIENTED_EDGE('',*,*,#1253,.T.);
#1806=ORIENTED_EDGE('',*,*,#1097,.T.);
#1807=ORIENTED_EDGE('',*,*,#1239,.F.);
#1808=ORIENTED_EDGE('',*,*,#1093,.T.);
#1809=ORIENTED_EDGE('',*,*,#1249,.F.);
#1810=ORIENTED_EDGE('',*,*,#1248,.F.);
#1811=ORIENTED_EDGE('',*,*,#1247,.T.);
#1812=ORIENTED_EDGE('',*,*,#1100,.T.);
#1813=ORIENTED_EDGE('',*,*,#1240,.F.);
#1814=ORIENTED_EDGE('',*,*,#1098,.T.);
#1815=ORIENTED_EDGE('',*,*,#1253,.F.);
#1816=ORIENTED_EDGE('',*,*,#1252,.T.);
#1817=ORIENTED_EDGE('',*,*,#1251,.T.);
#1818=ORIENTED_EDGE('',*,*,#1095,.T.);
#1819=ORIENTED_EDGE('',*,*,#1081,.F.);
#1820=ORIENTED_EDGE('',*,*,#1074,.T.);
#1821=ORIENTED_EDGE('',*,*,#1246,.F.);
#1822=ORIENTED_EDGE('',*,*,#1090,.T.);
#1823=ORIENTED_EDGE('',*,*,#1254,.F.);
#1824=ORIENTED_EDGE('',*,*,#1077,.T.);
#1825=ORIENTED_EDGE('',*,*,#1250,.T.);
#1826=ORIENTED_EDGE('',*,*,#1088,.T.);
#1827=ORIENTED_EDGE('',*,*,#1220,.T.);
#1828=ORIENTED_EDGE('',*,*,#1255,.T.);
#1829=ORIENTED_EDGE('',*,*,#1196,.T.);
#1830=ORIENTED_EDGE('',*,*,#1242,.T.);
#1831=ORIENTED_EDGE('',*,*,#1255,.F.);
#1832=ORIENTED_EDGE('',*,*,#1219,.T.);
#1833=ORIENTED_EDGE('',*,*,#1256,.T.);
#1834=ORIENTED_EDGE('',*,*,#1257,.T.);
#1835=ORIENTED_EDGE('',*,*,#1258,.F.);
#1836=ORIENTED_EDGE('',*,*,#1197,.F.);
#1837=ORIENTED_EDGE('',*,*,#1187,.T.);
#1838=ORIENTED_EDGE('',*,*,#1259,.T.);
#1839=ORIENTED_EDGE('',*,*,#1229,.T.);
#1840=ORIENTED_EDGE('',*,*,#1243,.T.);
#1841=ORIENTED_EDGE('',*,*,#1259,.F.);
#1842=ORIENTED_EDGE('',*,*,#1186,.T.);
#1843=ORIENTED_EDGE('',*,*,#1260,.T.);
#1844=ORIENTED_EDGE('',*,*,#1261,.F.);
#1845=ORIENTED_EDGE('',*,*,#1262,.F.);
#1846=ORIENTED_EDGE('',*,*,#1230,.F.);
#1847=ORIENTED_EDGE('',*,*,#1180,.F.);
#1848=ORIENTED_EDGE('',*,*,#1234,.F.);
#1849=ORIENTED_EDGE('',*,*,#1208,.F.);
#1850=ORIENTED_EDGE('',*,*,#1211,.F.);
#1851=ORIENTED_EDGE('',*,*,#1214,.F.);
#1852=ORIENTED_EDGE('',*,*,#1200,.F.);
#1853=ORIENTED_EDGE('',*,*,#1174,.F.);
#1854=ORIENTED_EDGE('',*,*,#1177,.F.);
#1855=ORIENTED_EDGE('',*,*,#1263,.F.);
#1856=ORIENTED_EDGE('',*,*,#1264,.T.);
#1857=ORIENTED_EDGE('',*,*,#1199,.F.);
#1858=ORIENTED_EDGE('',*,*,#1265,.T.);
#1859=ORIENTED_EDGE('',*,*,#1217,.T.);
#1860=ORIENTED_EDGE('',*,*,#1266,.T.);
#1861=ORIENTED_EDGE('',*,*,#1267,.F.);
#1862=ORIENTED_EDGE('',*,*,#1268,.T.);
#1863=ORIENTED_EDGE('',*,*,#1232,.F.);
#1864=ORIENTED_EDGE('',*,*,#1269,.T.);
#1865=ORIENTED_EDGE('',*,*,#1184,.T.);
#1866=ORIENTED_EDGE('',*,*,#1270,.T.);
#1867=ORIENTED_EDGE('',*,*,#1271,.F.);
#1868=ORIENTED_EDGE('',*,*,#1263,.T.);
#1869=ORIENTED_EDGE('',*,*,#1198,.T.);
#1870=ORIENTED_EDGE('',*,*,#1258,.T.);
#1871=ORIENTED_EDGE('',*,*,#1257,.F.);
#1872=ORIENTED_EDGE('',*,*,#1256,.F.);
#1873=ORIENTED_EDGE('',*,*,#1218,.F.);
#1874=ORIENTED_EDGE('',*,*,#1265,.F.);
#1875=ORIENTED_EDGE('',*,*,#1261,.T.);
#1876=ORIENTED_EDGE('',*,*,#1260,.F.);
#1877=ORIENTED_EDGE('',*,*,#1185,.F.);
#1878=ORIENTED_EDGE('',*,*,#1269,.F.);
#1879=ORIENTED_EDGE('',*,*,#1272,.F.);
#1880=ORIENTED_EDGE('',*,*,#1267,.T.);
#1881=ORIENTED_EDGE('',*,*,#1231,.T.);
#1882=ORIENTED_EDGE('',*,*,#1262,.T.);
#1883=ORIENTED_EDGE('',*,*,#1272,.T.);
#1884=ORIENTED_EDGE('',*,*,#1270,.F.);
#1885=ORIENTED_EDGE('',*,*,#1192,.F.);
#1886=ORIENTED_EDGE('',*,*,#1264,.F.);
#1887=ORIENTED_EDGE('',*,*,#1271,.T.);
#1888=ORIENTED_EDGE('',*,*,#1266,.F.);
#1889=ORIENTED_EDGE('',*,*,#1225,.F.);
#1890=ORIENTED_EDGE('',*,*,#1268,.F.);
#1891=ORIENTED_EDGE('',*,*,#1244,.T.);
#1892=ORIENTED_EDGE('',*,*,#1015,.F.);
#1893=ORIENTED_EDGE('',*,*,#1241,.F.);
#1894=ORIENTED_EDGE('',*,*,#1043,.F.);
#1895=ORIENTED_EDGE('',*,*,#1254,.T.);
#1896=ORIENTED_EDGE('',*,*,#1087,.T.);
#1897=ORIENTED_EDGE('',*,*,#1245,.T.);
#1898=ORIENTED_EDGE('',*,*,#1072,.T.);
#1899=CYLINDRICAL_SURFACE('',#2058,0.1);
#1900=CYLINDRICAL_SURFACE('',#2065,0.5);
#1901=CYLINDRICAL_SURFACE('',#2069,0.1);
#1902=CYLINDRICAL_SURFACE('',#2071,0.1);
#1903=CYLINDRICAL_SURFACE('',#2072,2.);
#1904=CYLINDRICAL_SURFACE('',#2080,0.1);
#1905=CYLINDRICAL_SURFACE('',#2112,0.5);
#1906=CYLINDRICAL_SURFACE('',#2118,0.999999999999999);
#1907=CYLINDRICAL_SURFACE('',#2129,10.);
#1908=CYLINDRICAL_SURFACE('',#2158,0.4);
#1909=CYLINDRICAL_SURFACE('',#2160,11.25);
#1910=CYLINDRICAL_SURFACE('',#2162,0.4);
#1911=CYLINDRICAL_SURFACE('',#2164,2.65);
#1912=CYLINDRICAL_SURFACE('',#2173,2.65);
#1913=CYLINDRICAL_SURFACE('',#2179,0.999999999999999);
#1914=CYLINDRICAL_SURFACE('',#2185,2.);
#1915=CYLINDRICAL_SURFACE('',#2196,0.750000000000001);
#1916=CYLINDRICAL_SURFACE('',#2198,0.750000000000001);
#1917=CYLINDRICAL_SURFACE('',#2199,4.45578108459504);
#1918=CYLINDRICAL_SURFACE('',#2200,10.7984981763166);
#1919=CYLINDRICAL_SURFACE('',#2201,10.7984981763166);
#1920=CYLINDRICAL_SURFACE('',#2202,9.79849817631359);
#1921=CYLINDRICAL_SURFACE('',#2203,3.45578108462672);
#1922=CYLINDRICAL_SURFACE('',#2204,4.45578108463306);
#1923=CYLINDRICAL_SURFACE('',#2205,9.79849817631359);
#1924=CYLINDRICAL_SURFACE('',#2206,3.4557810846056);
#1925=CYLINDRICAL_SURFACE('',#2207,0.75);
#1926=CYLINDRICAL_SURFACE('',#2208,0.75);
#1927=ADVANCED_FACE('',(#218),#1899,.T.);
#1928=ADVANCED_FACE('',(#219),#200,.F.);
#1929=ADVANCED_FACE('',(#220),#201,.F.);
#1930=ADVANCED_FACE('',(#221),#1900,.F.);
#1931=ADVANCED_FACE('',(#222),#1901,.T.);
#1932=ADVANCED_FACE('',(#223),#71,.T.);
#1933=ADVANCED_FACE('',(#224),#1902,.T.);
#1934=ADVANCED_FACE('',(#225),#1903,.F.);
#1935=ADVANCED_FACE('',(#226),#202,.F.);
#1936=ADVANCED_FACE('',(#227),#203,.F.);
#1937=ADVANCED_FACE('',(#228),#1904,.T.);
#1938=ADVANCED_FACE('',(#229),#204,.F.);
#1939=ADVANCED_FACE('',(#230),#39,.F.);
#1940=ADVANCED_FACE('',(#231),#40,.F.);
#1941=ADVANCED_FACE('',(#232,#25,#26,#27),#41,.F.);
#1942=ADVANCED_FACE('',(#233),#205,.F.);
#1943=ADVANCED_FACE('',(#234,#28,#29,#30),#42,.T.);
#1944=ADVANCED_FACE('',(#235),#43,.T.);
#1945=ADVANCED_FACE('',(#236),#44,.F.);
#1946=ADVANCED_FACE('',(#237),#1905,.F.);
#1947=ADVANCED_FACE('',(#238),#15,.T.);
#1948=ADVANCED_FACE('',(#239),#72,.T.);
#1949=ADVANCED_FACE('',(#240),#1906,.F.);
#1950=ADVANCED_FACE('',(#241),#16,.T.);
#1951=ADVANCED_FACE('',(#242),#73,.T.);
#1952=ADVANCED_FACE('',(#243),#74,.T.);
#1953=ADVANCED_FACE('',(#244),#45,.F.);
#1954=ADVANCED_FACE('',(#245,#31,#32),#1907,.F.);
#1955=ADVANCED_FACE('',(#246),#46,.T.);
#1956=ADVANCED_FACE('',(#247),#47,.T.);
#1957=ADVANCED_FACE('',(#248),#48,.F.);
#1958=ADVANCED_FACE('',(#249),#75,.T.);
#1959=ADVANCED_FACE('',(#250),#76,.T.);
#1960=ADVANCED_FACE('',(#251),#77,.T.);
#1961=ADVANCED_FACE('',(#252),#78,.T.);
#1962=ADVANCED_FACE('',(#253),#206,.T.);
#1963=ADVANCED_FACE('',(#254),#207,.F.);
#1964=ADVANCED_FACE('',(#255),#208,.T.);
#1965=ADVANCED_FACE('',(#256),#209,.F.);
#1966=ADVANCED_FACE('',(#257),#210,.T.);
#1967=ADVANCED_FACE('',(#258),#1908,.F.);
#1968=ADVANCED_FACE('',(#259),#1909,.T.);
#1969=ADVANCED_FACE('',(#260),#1910,.F.);
#1970=ADVANCED_FACE('',(#261),#1911,.T.);
#1971=ADVANCED_FACE('',(#262),#79,.T.);
#1972=ADVANCED_FACE('',(#263),#80,.T.);
#1973=ADVANCED_FACE('',(#264),#81,.T.);
#1974=ADVANCED_FACE('',(#265),#82,.T.);
#1975=ADVANCED_FACE('',(#266),#83,.T.);
#1976=ADVANCED_FACE('',(#267),#211,.T.);
#1977=ADVANCED_FACE('',(#268),#212,.F.);
#1978=ADVANCED_FACE('',(#269),#213,.T.);
#1979=ADVANCED_FACE('',(#270),#214,.F.);
#1980=ADVANCED_FACE('',(#271),#215,.T.);
#1981=ADVANCED_FACE('',(#272),#1912,.T.);
#1982=ADVANCED_FACE('',(#273),#84,.T.);
#1983=ADVANCED_FACE('',(#274),#49,.T.);
#1984=ADVANCED_FACE('',(#275),#216,.F.);
#1985=ADVANCED_FACE('',(#276),#50,.T.);
#1986=ADVANCED_FACE('',(#277),#1913,.F.);
#1987=ADVANCED_FACE('',(#278),#217,.F.);
#1988=ADVANCED_FACE('',(#279),#51,.T.);
#1989=ADVANCED_FACE('',(#280),#85,.T.);
#1990=ADVANCED_FACE('',(#281),#86,.T.);
#1991=ADVANCED_FACE('',(#282),#87,.T.);
#1992=ADVANCED_FACE('',(#283),#88,.T.);
#1993=ADVANCED_FACE('',(#284),#89,.T.);
#1994=ADVANCED_FACE('',(#285),#90,.T.);
#1995=ADVANCED_FACE('',(#286),#91,.T.);
#1996=ADVANCED_FACE('',(#287),#52,.F.);
#1997=ADVANCED_FACE('',(#288),#1914,.F.);
#1998=ADVANCED_FACE('',(#289),#92,.F.);
#1999=ADVANCED_FACE('',(#290),#93,.F.);
#2000=ADVANCED_FACE('',(#291),#94,.F.);
#2001=ADVANCED_FACE('',(#292),#95,.F.);
#2002=ADVANCED_FACE('',(#293),#96,.F.);
#2003=ADVANCED_FACE('',(#294),#97,.T.);
#2004=ADVANCED_FACE('',(#295),#53,.T.);
#2005=ADVANCED_FACE('',(#296),#98,.T.);
#2006=ADVANCED_FACE('',(#297),#99,.T.);
#2007=ADVANCED_FACE('',(#298),#100,.F.);
#2008=ADVANCED_FACE('',(#299),#101,.F.);
#2009=ADVANCED_FACE('',(#300),#102,.F.);
#2010=ADVANCED_FACE('',(#301),#103,.F.);
#2011=ADVANCED_FACE('',(#302),#104,.F.);
#2012=ADVANCED_FACE('',(#303),#105,.T.);
#2013=ADVANCED_FACE('',(#304),#54,.F.);
#2014=ADVANCED_FACE('',(#305),#106,.T.);
#2015=ADVANCED_FACE('',(#306),#107,.T.);
#2016=ADVANCED_FACE('',(#307),#108,.T.);
#2017=ADVANCED_FACE('',(#308),#109,.T.);
#2018=ADVANCED_FACE('',(#309),#1915,.T.);
#2019=ADVANCED_FACE('',(#310,#33),#55,.T.);
#2020=ADVANCED_FACE('',(#311,#34,#35),#17,.F.);
#2021=ADVANCED_FACE('',(#312),#1916,.T.);
#2022=ADVANCED_FACE('',(#313),#110,.T.);
#2023=ADVANCED_FACE('',(#314),#1917,.F.);
#2024=ADVANCED_FACE('',(#315),#1918,.F.);
#2025=ADVANCED_FACE('',(#316),#1919,.F.);
#2026=ADVANCED_FACE('',(#317),#1920,.T.);
#2027=ADVANCED_FACE('',(#318),#1921,.T.);
#2028=ADVANCED_FACE('',(#319),#1922,.F.);
#2029=ADVANCED_FACE('',(#320),#1923,.T.);
#2030=ADVANCED_FACE('',(#321),#1924,.T.);
#2031=ADVANCED_FACE('',(#322),#111,.T.);
#2032=ADVANCED_FACE('',(#323),#18,.T.);
#2033=ADVANCED_FACE('',(#324),#112,.T.);
#2034=ADVANCED_FACE('',(#325),#19,.T.);
#2035=ADVANCED_FACE('',(#326),#113,.T.);
#2036=ADVANCED_FACE('',(#327),#20,.T.);
#2037=ADVANCED_FACE('',(#328),#21,.T.);
#2038=ADVANCED_FACE('',(#329),#22,.T.);
#2039=ADVANCED_FACE('',(#330),#23,.T.);
#2040=ADVANCED_FACE('',(#331),#1925,.F.);
#2041=ADVANCED_FACE('',(#332),#1926,.F.);
#2042=ADVANCED_FACE('',(#333),#24,.T.);
#2043=ADVANCED_FACE('',(#334,#36),#56,.T.);
#2044=CLOSED_SHELL('',(#1927,#1928,#1929,#1930,#1931,#1932,#1933,#1934,
#1935,#1936,#1937,#1938,#1939,#1940,#1941,#1942,#1943,#1944,#1945,#1946,
#1947,#1948,#1949,#1950,#1951,#1952,#1953,#1954,#1955,#1956,#1957,#1958,
#1959,#1960,#1961,#1962,#1963,#1964,#1965,#1966,#1967,#1968,#1969,#1970,
#1971,#1972,#1973,#1974,#1975,#1976,#1977,#1978,#1979,#1980,#1981,#1982,
#1983,#1984,#1985,#1986,#1987,#1988,#1989,#1990,#1991,#1992,#1993,#1994,
#1995,#1996,#1997,#1998,#1999,#2000,#2001,#2002,#2003,#2004,#2005,#2006,
#2007,#2008,#2009,#2010,#2011,#2012,#2013,#2014,#2015,#2016,#2017,#2018,
#2019,#2020,#2021,#2022,#2023,#2024,#2025,#2026,#2027,#2028,#2029,#2030,
#2031,#2032,#2033,#2034,#2035,#2036,#2037,#2038,#2039,#2040,#2041,#2042,
#2043));
#2045=DERIVED_UNIT_ELEMENT(#2047,1.);
#2046=DERIVED_UNIT_ELEMENT(#6193,-3.);
#2047=(
MASS_UNIT()
NAMED_UNIT(*)
SI_UNIT(.KILO.,.GRAM.)
);
#2048=DERIVED_UNIT((#2045,#2046));
#2049=MEASURE_REPRESENTATION_ITEM('density measure',
POSITIVE_RATIO_MEASURE(7850.),#2048);
#2050=PROPERTY_DEFINITION_REPRESENTATION(#2055,#2052);
#2051=PROPERTY_DEFINITION_REPRESENTATION(#2056,#2053);
#2052=REPRESENTATION('material name',(#2054),#6190);
#2053=REPRESENTATION('density',(#2049),#6190);
#2054=DESCRIPTIVE_REPRESENTATION_ITEM('Steel','Steel');
#2055=PROPERTY_DEFINITION('material property','material name',#6200);
#2056=PROPERTY_DEFINITION('material property','density of part',#6200);
#2057=AXIS2_PLACEMENT_3D('',#2603,#2210,#2211);
#2058=AXIS2_PLACEMENT_3D('',#2604,#2212,#2213);
#2059=AXIS2_PLACEMENT_3D('',#2663,#2216,#2217);
#2060=AXIS2_PLACEMENT_3D('',#2670,#2218,#2219);
#2061=AXIS2_PLACEMENT_3D('',#2683,#2220,#2221);
#2062=AXIS2_PLACEMENT_3D('',#2684,#2222,#2223);
#2063=AXIS2_PLACEMENT_3D('',#2686,#2224,#2225);
#2064=AXIS2_PLACEMENT_3D('',#2695,#2226,#2227);
#2065=AXIS2_PLACEMENT_3D('',#2696,#2228,#2229);
#2066=AXIS2_PLACEMENT_3D('',#2698,#2230,#2231);
#2067=AXIS2_PLACEMENT_3D('',#2700,#2232,#2233);
#2068=AXIS2_PLACEMENT_3D('',#2702,#2234,#2235);
#2069=AXIS2_PLACEMENT_3D('',#2704,#2237,#2238);
#2070=AXIS2_PLACEMENT_3D('',#2868,#2240,#2241);
#2071=AXIS2_PLACEMENT_3D('',#2918,#2242,#2243);
#2072=AXIS2_PLACEMENT_3D('',#2960,#2246,#2247);
#2073=AXIS2_PLACEMENT_3D('',#2962,#2248,#2249);
#2074=AXIS2_PLACEMENT_3D('',#2995,#2252,#2253);
#2075=AXIS2_PLACEMENT_3D('',#3024,#2255,#2256);
#2076=AXIS2_PLACEMENT_3D('',#3031,#2257,#2258);
#2077=AXIS2_PLACEMENT_3D('',#3043,#2259,#2260);
#2078=AXIS2_PLACEMENT_3D('',#3045,#2261,#2262);
#2079=AXIS2_PLACEMENT_3D('',#3054,#2263,#2264);
#2080=AXIS2_PLACEMENT_3D('',#3055,#2265,#2266);
#2081=AXIS2_PLACEMENT_3D('',#3098,#2268,#2269);
#2082=AXIS2_PLACEMENT_3D('',#3105,#2270,#2271);
#2083=AXIS2_PLACEMENT_3D('',#3116,#2272,#2273);
#2084=AXIS2_PLACEMENT_3D('',#3145,#2276,#2277);
#2085=AXIS2_PLACEMENT_3D('',#3181,#2280,#2281);
#2086=AXIS2_PLACEMENT_3D('',#3184,#2282,#2283);
#2087=AXIS2_PLACEMENT_3D('',#3188,#2285,#2286);
#2088=AXIS2_PLACEMENT_3D('',#3190,#2287,#2288);
#2089=AXIS2_PLACEMENT_3D('',#3192,#2289,#2290);
#2090=AXIS2_PLACEMENT_3D('',#3197,#2293,#2294);
#2091=AXIS2_PLACEMENT_3D('',#3207,#2296,#2297);
#2092=AXIS2_PLACEMENT_3D('',#3209,#2298,#2299);
#2093=AXIS2_PLACEMENT_3D('',#3211,#2300,#2301);
#2094=AXIS2_PLACEMENT_3D('',#3213,#2302,#2303);
#2095=AXIS2_PLACEMENT_3D('',#3215,#2304,#2305);
#2096=AXIS2_PLACEMENT_3D('',#3231,#2306,#2307);
#2097=AXIS2_PLACEMENT_3D('',#3238,#2308,#2309);
#2098=AXIS2_PLACEMENT_3D('',#3248,#2310,#2311);
#2099=AXIS2_PLACEMENT_3D('',#3252,#2312,#2313);
#2100=AXIS2_PLACEMENT_3D('',#3255,#2314,#2315);
#2101=AXIS2_PLACEMENT_3D('',#3259,#2317,#2318);
#2102=AXIS2_PLACEMENT_3D('',#3261,#2319,#2320);
#2103=AXIS2_PLACEMENT_3D('',#3263,#2321,#2322);
#2104=AXIS2_PLACEMENT_3D('',#3273,#2324,#2325);
#2105=AXIS2_PLACEMENT_3D('',#3275,#2326,#2327);
#2106=AXIS2_PLACEMENT_3D('',#3277,#2328,#2329);
#2107=AXIS2_PLACEMENT_3D('',#3279,#2330,#2331);
#2108=AXIS2_PLACEMENT_3D('',#3281,#2332,#2333);
#2109=AXIS2_PLACEMENT_3D('',#3300,#2335,#2336);
#2110=AXIS2_PLACEMENT_3D('',#3302,#2338,#2339);
#2111=AXIS2_PLACEMENT_3D('',#3306,#2342,#2343);
#2112=AXIS2_PLACEMENT_3D('',#3309,#2346,#2347);
#2113=AXIS2_PLACEMENT_3D('',#3311,#2348,#2349);
#2114=AXIS2_PLACEMENT_3D('',#3313,#2350,#2351);
#2115=AXIS2_PLACEMENT_3D('',#3314,#2352,#2353);
#2116=AXIS2_PLACEMENT_3D('',#3331,#2354,#2355);
#2117=AXIS2_PLACEMENT_3D('',#3332,#2356,#2357);
#2118=AXIS2_PLACEMENT_3D('',#3530,#2358,#2359);
#2119=AXIS2_PLACEMENT_3D('',#3533,#2361,#2362);
#2120=AXIS2_PLACEMENT_3D('',#3549,#2363,#2364);
#2121=AXIS2_PLACEMENT_3D('',#3550,#2365,#2366);
#2122=AXIS2_PLACEMENT_3D('',#3551,#2367,#2368);
#2123=AXIS2_PLACEMENT_3D('',#3827,#2369,#2370);
#2124=AXIS2_PLACEMENT_3D('',#3832,#2372,#2373);
#2125=AXIS2_PLACEMENT_3D('',#3834,#2374,#2375);
#2126=AXIS2_PLACEMENT_3D('',#3836,#2376,#2377);
#2127=AXIS2_PLACEMENT_3D('',#3838,#2378,#2379);
#2128=AXIS2_PLACEMENT_3D('',#3839,#2380,#2381);
#2129=AXIS2_PLACEMENT_3D('',#3840,#2382,#2383);
#2130=AXIS2_PLACEMENT_3D('',#3847,#2388,#2389);
#2131=AXIS2_PLACEMENT_3D('',#3852,#2391,#2392);
#2132=AXIS2_PLACEMENT_3D('',#3855,#2394,#2395);
#2133=AXIS2_PLACEMENT_3D('',#3856,#2396,#2397);
#2134=AXIS2_PLACEMENT_3D('',#3861,#2399,#2400);
#2135=AXIS2_PLACEMENT_3D('',#3862,#2401,#2402);
#2136=AXIS2_PLACEMENT_3D('',#3864,#2403,#2404);
#2137=AXIS2_PLACEMENT_3D('',#3865,#2405,#2406);
#2138=AXIS2_PLACEMENT_3D('',#3866,#2407,#2408);
#2139=AXIS2_PLACEMENT_3D('',#3868,#2409,#2410);
#2140=AXIS2_PLACEMENT_3D('',#3870,#2411,#2412);
#2141=AXIS2_PLACEMENT_3D('',#3874,#2414,#2415);
#2142=AXIS2_PLACEMENT_3D('',#3875,#2416,#2417);
#2143=AXIS2_PLACEMENT_3D('',#3876,#2418,#2419);
#2144=AXIS2_PLACEMENT_3D('',#3878,#2420,#2421);
#2145=AXIS2_PLACEMENT_3D('',#3880,#2422,#2423);
#2146=AXIS2_PLACEMENT_3D('',#3884,#2425,#2426);
#2147=AXIS2_PLACEMENT_3D('',#3885,#2427,#2428);
#2148=AXIS2_PLACEMENT_3D('',#3986,#2434,#2435);
#2149=AXIS2_PLACEMENT_3D('',#3989,#2437,#2438);
#2150=AXIS2_PLACEMENT_3D('',#3990,#2439,#2440);
#2151=AXIS2_PLACEMENT_3D('',#3993,#2442,#2443);
#2152=AXIS2_PLACEMENT_3D('',#3994,#2444,#2445);
#2153=AXIS2_PLACEMENT_3D('',#3997,#2447,#2448);
#2154=AXIS2_PLACEMENT_3D('',#3998,#2449,#2450);
#2155=AXIS2_PLACEMENT_3D('',#4001,#2452,#2453);
#2156=AXIS2_PLACEMENT_3D('',#4002,#2454,#2455);
#2157=AXIS2_PLACEMENT_3D('',#4003,#2456,#2457);
#2158=AXIS2_PLACEMENT_3D('',#4004,#2458,#2459);
#2159=AXIS2_PLACEMENT_3D('',#4008,#2461,#2462);
#2160=AXIS2_PLACEMENT_3D('',#4010,#2464,#2465);
#2161=AXIS2_PLACEMENT_3D('',#4013,#2467,#2468);
#2162=AXIS2_PLACEMENT_3D('',#4014,#2469,#2470);
#2163=AXIS2_PLACEMENT_3D('',#4017,#2472,#2473);
#2164=AXIS2_PLACEMENT_3D('',#4018,#2474,#2475);
#2165=AXIS2_PLACEMENT_3D('',#4034,#2476,#2477);
#2166=AXIS2_PLACEMENT_3D('',#4064,#2478,#2479);
#2167=AXIS2_PLACEMENT_3D('',#4164,#2485,#2486);
#2168=AXIS2_PLACEMENT_3D('',#4166,#2488,#2489);
#2169=AXIS2_PLACEMENT_3D('',#4168,#2491,#2492);
#2170=AXIS2_PLACEMENT_3D('',#4170,#2494,#2495);
#2171=AXIS2_PLACEMENT_3D('',#4172,#2497,#2498);
#2172=AXIS2_PLACEMENT_3D('',#4173,#2499,#2500);
#2173=AXIS2_PLACEMENT_3D('',#4174,#2501,#2502);
#2174=AXIS2_PLACEMENT_3D('',#4218,#2503,#2504);
#2175=AXIS2_PLACEMENT_3D('',#4219,#2505,#2506);
#2176=AXIS2_PLACEMENT_3D('',#4221,#2508,#2509);
#2177=AXIS2_PLACEMENT_3D('',#4223,#2511,#2512);
#2178=AXIS2_PLACEMENT_3D('',#4224,#2513,#2514);
#2179=AXIS2_PLACEMENT_3D('',#4225,#2515,#2516);
#2180=AXIS2_PLACEMENT_3D('',#4226,#2517,#2518);
#2181=AXIS2_PLACEMENT_3D('',#4228,#2520,#2521);
#2182=AXIS2_PLACEMENT_3D('',#4255,#2523,#2524);
#2183=AXIS2_PLACEMENT_3D('',#4313,#2525,#2526);
#2184=AXIS2_PLACEMENT_3D('',#4391,#2530,#2531);
#2185=AXIS2_PLACEMENT_3D('',#4393,#2533,#2534);
#2186=AXIS2_PLACEMENT_3D('',#4428,#2535,#2536);
#2187=AXIS2_PLACEMENT_3D('',#4472,#2537,#2538);
#2188=AXIS2_PLACEMENT_3D('',#4545,#2539,#2540);
#2189=AXIS2_PLACEMENT_3D('',#4583,#2541,#2542);
#2190=AXIS2_PLACEMENT_3D('',#4794,#2543,#2544);
#2191=AXIS2_PLACEMENT_3D('',#5011,#2545,#2546);
#2192=AXIS2_PLACEMENT_3D('',#5055,#2547,#2548);
#2193=AXIS2_PLACEMENT_3D('',#5122,#2549,#2550);
#2194=AXIS2_PLACEMENT_3D('',#5158,#2551,#2552);
#2195=AXIS2_PLACEMENT_3D('',#5343,#2553,#2554);
#2196=AXIS2_PLACEMENT_3D('',#5554,#2555,#2556);
#2197=AXIS2_PLACEMENT_3D('',#5556,#2558,#2559);
#2198=AXIS2_PLACEMENT_3D('',#5579,#2564,#2565);
#2199=AXIS2_PLACEMENT_3D('',#5589,#2567,#2568);
#2200=AXIS2_PLACEMENT_3D('',#5592,#2571,#2572);
#2201=AXIS2_PLACEMENT_3D('',#5598,#2576,#2577);
#2202=AXIS2_PLACEMENT_3D('',#5600,#2579,#2580);
#2203=AXIS2_PLACEMENT_3D('',#5606,#2584,#2585);
#2204=AXIS2_PLACEMENT_3D('',#5607,#2586,#2587);
#2205=AXIS2_PLACEMENT_3D('',#5608,#2588,#2589);
#2206=AXIS2_PLACEMENT_3D('',#5609,#2590,#2591);
#2207=AXIS2_PLACEMENT_3D('',#6153,#2595,#2596);
#2208=AXIS2_PLACEMENT_3D('',#6155,#2598,#2599);
#2209=AXIS2_PLACEMENT_3D('',#6187,#2601,#2602);
#2210=DIRECTION('axis',(0.,0.,1.));
#2211=DIRECTION('refdir',(1.,0.,0.));
#2212=DIRECTION('center_axis',(0.,1.,0.));
#2213=DIRECTION('ref_axis',(0.494642570839714,0.,-0.869096500460725));
#2214=DIRECTION('',(0.,-1.,0.));
#2215=DIRECTION('',(0.,1.,0.));
#2216=DIRECTION('center_axis',(0.,-1.,0.));
#2217=DIRECTION('ref_axis',(-0.425058950183035,0.,-0.905165669294465));
#2218=DIRECTION('center_axis',(0.,-1.,0.));
#2219=DIRECTION('ref_axis',(-1.,0.,0.));
#2220=DIRECTION('center_axis',(0.,1.,0.));
#2221=DIRECTION('ref_axis',(-1.,0.,0.));
#2222=DIRECTION('center_axis',(0.,-1.,0.));
#2223=DIRECTION('ref_axis',(1.,0.,0.));
#2224=DIRECTION('center_axis',(0.,1.,0.));
#2225=DIRECTION('ref_axis',(1.,0.,0.));
#2226=DIRECTION('center_axis',(0.,-1.,0.));
#2227=DIRECTION('ref_axis',(1.,0.,0.));
#2228=DIRECTION('center_axis',(0.,1.,0.));
#2229=DIRECTION('ref_axis',(1.,0.,0.));
#2230=DIRECTION('center_axis',(0.,-1.,0.));
#2231=DIRECTION('ref_axis',(1.,0.,0.));
#2232=DIRECTION('center_axis',(0.,-1.,0.));
#2233=DIRECTION('ref_axis',(1.,0.,0.));
#2234=DIRECTION('center_axis',(0.,-1.,0.));
#2235=DIRECTION('ref_axis',(1.,0.,0.));
#2236=DIRECTION('',(0.,1.,0.));
#2237=DIRECTION('center_axis',(0.,1.,0.));
#2238=DIRECTION('ref_axis',(-0.984670985545266,0.,-0.17442204627086));
#2239=DIRECTION('',(0.,-1.,0.));
#2240=DIRECTION('center_axis',(-0.422618242641691,-4.2636622382087E-16,
-0.906307795942664));
#2241=DIRECTION('ref_axis',(0.906307795942664,1.38916794873018E-16,-0.422618242641691));
#2242=DIRECTION('center_axis',(0.,1.,0.));
#2243=DIRECTION('ref_axis',(-0.494642581862491,0.,-0.869096494187158));
#2244=DIRECTION('',(0.,-1.,0.));
#2245=DIRECTION('',(0.,1.,0.));
#2246=DIRECTION('center_axis',(0.,1.,0.));
#2247=DIRECTION('ref_axis',(0.425058947879273,0.,-0.905165670376294));
#2248=DIRECTION('center_axis',(0.,-1.,0.));
#2249=DIRECTION('ref_axis',(1.,0.,0.));
#2250=DIRECTION('',(0.,1.,0.));
#2251=DIRECTION('',(0.,-1.,0.));
#2252=DIRECTION('center_axis',(0.,1.,0.));
#2253=DIRECTION('ref_axis',(1.,0.,0.));
#2254=DIRECTION('',(0.,1.,0.));
#2255=DIRECTION('center_axis',(0.,1.,0.));
#2256=DIRECTION('ref_axis',(0.425058947643421,0.,-0.905165670487048));
#2257=DIRECTION('center_axis',(0.,1.,0.));
#2258=DIRECTION('ref_axis',(1.,0.,0.));
#2259=DIRECTION('center_axis',(0.,1.,0.));
#2260=DIRECTION('ref_axis',(-1.,0.,0.));
#2261=DIRECTION('center_axis',(0.,-1.,0.));
#2262=DIRECTION('ref_axis',(-1.,0.,0.));
#2263=DIRECTION('center_axis',(0.,1.,0.));
#2264=DIRECTION('ref_axis',(-1.,0.,0.));
#2265=DIRECTION('center_axis',(0.,-1.,0.));
#2266=DIRECTION('ref_axis',(0.984670986778717,0.,-0.174422039307617));
#2267=DIRECTION('',(0.,-1.,0.));
#2268=DIRECTION('center_axis',(0.,-1.,0.));
#2269=DIRECTION('ref_axis',(0.425406215940665,0.,-0.905002514603714));
#2270=DIRECTION('center_axis',(0.,-1.,0.));
#2271=DIRECTION('ref_axis',(1.,0.,0.));
#2272=DIRECTION('center_axis',(-0.90630778703665,0.,-0.422618261740699));
#2273=DIRECTION('ref_axis',(0.422618261740699,0.,-0.90630778703665));
#2274=DIRECTION('',(0.,-1.,0.));
#2275=DIRECTION('',(-0.422618261740699,0.,0.90630778703665));
#2276=DIRECTION('center_axis',(0.90630778703665,0.,0.4226182617407));
#2277=DIRECTION('ref_axis',(-0.4226182617407,0.,0.90630778703665));
#2278=DIRECTION('',(0.4226182617407,0.,-0.90630778703665));
#2279=DIRECTION('',(0.,-1.,0.));
#2280=DIRECTION('center_axis',(0.,1.,0.));
#2281=DIRECTION('ref_axis',(1.,0.,0.));
#2282=DIRECTION('center_axis',(0.,-1.,0.));
#2283=DIRECTION('ref_axis',(1.,0.,-1.31348256046034E-16));
#2284=DIRECTION('',(0.,0.,-1.));
#2285=DIRECTION('center_axis',(0.,-1.,0.));
#2286=DIRECTION('ref_axis',(1.,0.,0.));
#2287=DIRECTION('center_axis',(0.,1.,0.));
#2288=DIRECTION('ref_axis',(1.,0.,0.));
#2289=DIRECTION('center_axis',(0.,-1.,0.));
#2290=DIRECTION('ref_axis',(1.,0.,0.));
#2291=DIRECTION('',(2.96059473233375E-15,0.,1.));
#2292=DIRECTION('',(0.422618261740699,0.,-0.90630778703665));
#2293=DIRECTION('center_axis',(0.,-1.,0.));
#2294=DIRECTION('ref_axis',(-0.90630778703665,0.,-0.422618261740699));
#2295=DIRECTION('',(-0.4226182617407,0.,0.90630778703665));
#2296=DIRECTION('center_axis',(0.,1.,0.));
#2297=DIRECTION('ref_axis',(-1.,0.,0.));
#2298=DIRECTION('center_axis',(0.,-1.,0.));
#2299=DIRECTION('ref_axis',(0.860845404996492,0.,-0.508866572586985));
#2300=DIRECTION('center_axis',(0.,1.,0.));
#2301=DIRECTION('ref_axis',(-1.,0.,0.));
#2302=DIRECTION('center_axis',(0.,-1.,0.));
#2303=DIRECTION('ref_axis',(-0.860845406152629,0.,-0.508866570631159));
#2304=DIRECTION('center_axis',(0.,1.,0.));
#2305=DIRECTION('ref_axis',(1.,0.,0.));
#2306=DIRECTION('center_axis',(0.,1.,0.));
#2307=DIRECTION('ref_axis',(-0.425406218824725,0.,-0.90500251324803));
#2308=DIRECTION('center_axis',(0.,1.,0.));
#2309=DIRECTION('ref_axis',(-1.,0.,0.));
#2310=DIRECTION('center_axis',(0.,-1.,0.));
#2311=DIRECTION('ref_axis',(-1.,0.,0.));
#2312=DIRECTION('center_axis',(0.,1.,0.));
#2313=DIRECTION('ref_axis',(1.,0.,0.));
#2314=DIRECTION('center_axis',(0.,1.,0.));
#2315=DIRECTION('ref_axis',(1.,0.,-1.31348256046034E-16));
#2316=DIRECTION('',(-2.96059473233375E-15,0.,-1.));
#2317=DIRECTION('center_axis',(0.,1.,0.));
#2318=DIRECTION('ref_axis',(1.,0.,0.));
#2319=DIRECTION('center_axis',(0.,-1.,0.));
#2320=DIRECTION('ref_axis',(1.,0.,0.));
#2321=DIRECTION('center_axis',(0.,1.,0.));
#2322=DIRECTION('ref_axis',(1.,0.,0.));
#2323=DIRECTION('',(0.,0.,1.));
#2324=DIRECTION('center_axis',(0.,-1.,0.));
#2325=DIRECTION('ref_axis',(1.,0.,0.));
#2326=DIRECTION('center_axis',(0.,1.,0.));
#2327=DIRECTION('ref_axis',(-0.860845406152629,0.,-0.508866570631159));
#2328=DIRECTION('center_axis',(0.,-1.,0.));
#2329=DIRECTION('ref_axis',(-1.,0.,0.));
#2330=DIRECTION('center_axis',(0.,1.,0.));
#2331=DIRECTION('ref_axis',(0.860845404996492,0.,-0.508866572586985));
#2332=DIRECTION('center_axis',(0.,-1.,0.));
#2333=DIRECTION('ref_axis',(-1.,0.,0.));
#2334=DIRECTION('',(-0.422618261740699,0.,-0.90630778703665));
#2335=DIRECTION('center_axis',(0.,1.,0.));
#2336=DIRECTION('ref_axis',(-0.90630778703665,0.,0.422618261740699));
#2337=DIRECTION('',(0.4226182617407,0.,0.90630778703665));
#2338=DIRECTION('center_axis',(-0.640856382055789,0.707106781186547,0.298836238730119));
#2339=DIRECTION('ref_axis',(0.422618261740699,0.,0.90630778703665));
#2340=DIRECTION('',(0.422618261740699,0.,0.90630778703665));
#2341=DIRECTION('',(0.640856382055788,0.707106781186549,-0.298836238730119));
#2342=DIRECTION('center_axis',(0.90630778703665,0.,-0.422618261740699));
#2343=DIRECTION('ref_axis',(0.422618261740699,0.,0.90630778703665));
#2344=DIRECTION('',(0.,1.,0.));
#2345=DIRECTION('',(0.,-1.,0.));
#2346=DIRECTION('center_axis',(0.,1.,0.));
#2347=DIRECTION('ref_axis',(-0.42505894764342,0.,0.905165670487049));
#2348=DIRECTION('center_axis',(0.,1.,0.));
#2349=DIRECTION('ref_axis',(1.,0.,0.));
#2350=DIRECTION('center_axis',(0.,1.,0.));
#2351=DIRECTION('ref_axis',(1.,0.,0.));
#2352=DIRECTION('center_axis',(0.,1.,0.));
#2353=DIRECTION('ref_axis',(1.,0.,0.));
#2354=DIRECTION('center_axis',(-0.422618261740699,4.51446589927981E-16,
-0.90630778703665));
#2355=DIRECTION('ref_axis',(-0.452700286017306,-0.866314175111864,0.211097610218828));
#2356=DIRECTION('center_axis',(0.,1.,0.));
#2357=DIRECTION('ref_axis',(-0.422618252191113,0.,-0.906307791489695));
#2358=DIRECTION('center_axis',(0.,-1.,0.));
#2359=DIRECTION('ref_axis',(-0.90630778703665,0.,0.422618261740699));
#2360=DIRECTION('',(0.,-1.,0.));
#2361=DIRECTION('center_axis',(0.,-1.,0.));
#2362=DIRECTION('ref_axis',(-0.90630778703665,0.,0.422618261740699));
#2363=DIRECTION('center_axis',(0.422618261740699,-4.2636622382087E-16,-0.90630778703665));
#2364=DIRECTION('ref_axis',(0.452700286017307,0.866314175111863,0.211097610218828));
#2365=DIRECTION('center_axis',(0.,-1.,0.));
#2366=DIRECTION('ref_axis',(0.422618261740826,0.,-0.906307787036591));
#2367=DIRECTION('center_axis',(0.422618261740699,3.26044759392431E-16,-0.90630778703665));
#2368=DIRECTION('ref_axis',(-0.90630778703665,0.,-0.422618261740699));
#2369=DIRECTION('center_axis',(0.,-1.,0.));
#2370=DIRECTION('ref_axis',(-1.,0.,0.));
#2371=DIRECTION('',(0.,0.,-1.));
#2372=DIRECTION('center_axis',(0.,-1.,0.));
#2373=DIRECTION('ref_axis',(0.420757153976006,0.,0.9071733116544));
#2374=DIRECTION('center_axis',(0.,1.,0.));
#2375=DIRECTION('ref_axis',(0.,0.,-1.));
#2376=DIRECTION('center_axis',(0.,1.,0.));
#2377=DIRECTION('ref_axis',(1.,0.,0.));
#2378=DIRECTION('center_axis',(0.,-1.,0.));
#2379=DIRECTION('ref_axis',(-0.420755171491386,0.,-0.907174231150364));
#2380=DIRECTION('center_axis',(0.,1.,0.));
#2381=DIRECTION('ref_axis',(0.42075748004628,0.,0.90717316041928));
#2382=DIRECTION('center_axis',(0.,1.,0.));
#2383=DIRECTION('ref_axis',(1.,0.,0.));
#2384=DIRECTION('',(0.,-1.,0.));
#2385=DIRECTION('',(0.,-1.,0.));
#2386=DIRECTION('',(0.,-1.,0.));
#2387=DIRECTION('',(0.,1.,0.));
#2388=DIRECTION('center_axis',(0.,-1.,0.));
#2389=DIRECTION('ref_axis',(1.,0.,0.));
#2390=DIRECTION('',(0.,1.,0.));
#2391=DIRECTION('center_axis',(0.,-1.,0.));
#2392=DIRECTION('ref_axis',(1.,0.,0.));
#2393=DIRECTION('',(0.,-1.,0.));
#2394=DIRECTION('center_axis',(0.,1.,0.));
#2395=DIRECTION('ref_axis',(1.,0.,0.));
#2396=DIRECTION('center_axis',(0.,-1.,0.));
#2397=DIRECTION('ref_axis',(-1.,0.,0.));
#2398=DIRECTION('',(0.,0.,1.));
#2399=DIRECTION('center_axis',(0.,-1.,0.));
#2400=DIRECTION('ref_axis',(0.42075748004628,0.,0.90717316041928));
#2401=DIRECTION('center_axis',(0.,1.,0.));
#2402=DIRECTION('ref_axis',(-0.420755171491386,0.,-0.907174231150364));
#2403=DIRECTION('center_axis',(0.,-1.,0.));
#2404=DIRECTION('ref_axis',(0.,0.,-1.));
#2405=DIRECTION('center_axis',(0.,1.,0.));
#2406=DIRECTION('ref_axis',(0.420757153976006,0.,0.9071733116544));
#2407=DIRECTION('center_axis',(0.,-1.,0.));
#2408=DIRECTION('ref_axis',(-1.,0.,0.));
#2409=DIRECTION('center_axis',(0.,1.,0.));
#2410=DIRECTION('ref_axis',(-0.420755171491386,0.,-0.907174231150364));
#2411=DIRECTION('center_axis',(0.,-1.,0.));
#2412=DIRECTION('ref_axis',(0.771520462200875,0.,0.636204508318944));
#2413=DIRECTION('',(-2.96059473233375E-15,0.,-1.));
#2414=DIRECTION('center_axis',(0.,1.,0.));
#2415=DIRECTION('ref_axis',(0.771520462200493,0.,0.636204508319406));
#2416=DIRECTION('center_axis',(0.,-1.,0.));
#2417=DIRECTION('ref_axis',(0.,0.,-1.));
#2418=DIRECTION('center_axis',(0.,-1.,0.));
#2419=DIRECTION('ref_axis',(-1.,0.,0.));
#2420=DIRECTION('center_axis',(0.,1.,0.));
#2421=DIRECTION('ref_axis',(0.,0.,-1.));
#2422=DIRECTION('center_axis',(0.,-1.,0.));
#2423=DIRECTION('ref_axis',(0.771520462200493,0.,0.636204508319406));
#2424=DIRECTION('',(2.96059473233375E-15,0.,1.));
#2425=DIRECTION('center_axis',(0.,1.,0.));
#2426=DIRECTION('ref_axis',(0.771520462200875,0.,0.636204508318944));
#2427=DIRECTION('center_axis',(0.,-1.,0.));
#2428=DIRECTION('ref_axis',(-0.420755171491386,0.,-0.907174231150364));
#2429=DIRECTION('',(-0.00920429449162271,0.707106781186548,-0.707046873243147));
#2430=DIRECTION('',(0.675660581449295,-0.707106781186548,-0.208525247093969));
#2431=DIRECTION('',(-3.58552437837151E-14,0.707106781186548,-0.707106781186548));
#2432=DIRECTION('',(0.00920429404568192,0.707106781186547,-0.707046873248953));
#2433=DIRECTION('',(0.675660582410952,0.707106781186548,0.208525243978022));
#2434=DIRECTION('center_axis',(0.,1.,0.));
#2435=DIRECTION('ref_axis',(1.,0.,0.));
#2436=DIRECTION('',(0.608153237140522,0.707106781186548,-0.360762581423717));
#2437=DIRECTION('center_axis',(0.,-1.,0.));
#2438=DIRECTION('ref_axis',(1.,0.,0.));
#2439=DIRECTION('center_axis',(0.,-1.,0.));
#2440=DIRECTION('ref_axis',(-0.860845406152629,0.,-0.508866570631159));
#2441=DIRECTION('',(-0.0228714995949402,0.707106781186547,0.706736792947897));
#2442=DIRECTION('center_axis',(0.,1.,0.));
#2443=DIRECTION('ref_axis',(-0.860845406152629,0.,-0.508866570631159));
#2444=DIRECTION('center_axis',(0.,1.,0.));
#2445=DIRECTION('ref_axis',(-1.,0.,0.));
#2446=DIRECTION('',(0.0228714990995629,0.707106781186545,0.706736792963931));
#2447=DIRECTION('center_axis',(0.,-1.,0.));
#2448=DIRECTION('ref_axis',(-1.,0.,0.));
#2449=DIRECTION('center_axis',(0.,-1.,0.));
#2450=DIRECTION('ref_axis',(0.860845404996493,0.,-0.508866572586984));
#2451=DIRECTION('',(-0.608153239032684,0.707106781186548,-0.360762578234017));
#2452=DIRECTION('center_axis',(0.,1.,0.));
#2453=DIRECTION('ref_axis',(0.860845404996493,0.,-0.508866572586985));
#2454=DIRECTION('center_axis',(0.,1.,0.));
#2455=DIRECTION('ref_axis',(-1.,0.,0.));
#2456=DIRECTION('center_axis',(0.,-1.,0.));
#2457=DIRECTION('ref_axis',(-1.,0.,0.));
#2458=DIRECTION('center_axis',(0.,-1.,0.));
#2459=DIRECTION('ref_axis',(-0.860845406152629,0.,-0.508866570631159));
#2460=DIRECTION('',(0.,1.,0.));
#2461=DIRECTION('center_axis',(0.,-1.,0.));
#2462=DIRECTION('ref_axis',(-0.860845406152629,0.,-0.508866570631159));
#2463=DIRECTION('',(0.,-1.,0.));
#2464=DIRECTION('center_axis',(0.,1.,0.));
#2465=DIRECTION('ref_axis',(1.,0.,0.));
#2466=DIRECTION('',(0.,-1.,0.));
#2467=DIRECTION('center_axis',(0.,1.,0.));
#2468=DIRECTION('ref_axis',(-1.,0.,0.));
#2469=DIRECTION('center_axis',(0.,-1.,0.));
#2470=DIRECTION('ref_axis',(0.860845404996493,0.,-0.508866572586985));
#2471=DIRECTION('',(0.,1.,0.));
#2472=DIRECTION('center_axis',(0.,-1.,0.));
#2473=DIRECTION('ref_axis',(0.860845404996493,0.,-0.508866572586985));
#2474=DIRECTION('center_axis',(0.,1.,0.));
#2475=DIRECTION('ref_axis',(-0.993042434573468,0.,-0.117757051323473));
#2476=DIRECTION('center_axis',(0.,1.,0.));
#2477=DIRECTION('ref_axis',(-1.,0.,0.));
#2478=DIRECTION('center_axis',(5.09965874320351E-16,-1.,-7.00586889175389E-16));
#2479=DIRECTION('ref_axis',(0.955528357846484,6.93889390390723E-16,-0.294899232537493));
#2480=DIRECTION('',(0.00920429404567898,-0.707106781186548,-0.707046873248953));
#2481=DIRECTION('',(-0.675660582410952,0.707106781186548,-0.208525243978022));
#2482=DIRECTION('',(-4.82147458522404E-17,-0.707106781186548,-0.707106781186548));
#2483=DIRECTION('',(-0.00920429449162363,-0.707106781186547,-0.707046873243148));
#2484=DIRECTION('',(-0.675660581449295,-0.707106781186548,0.208525247093969));
#2485=DIRECTION('center_axis',(0.,-1.,0.));
#2486=DIRECTION('ref_axis',(-1.,0.,0.));
#2487=DIRECTION('',(-0.608153239032684,-0.707106781186547,-0.360762578234017));
#2488=DIRECTION('center_axis',(0.,1.,0.));
#2489=DIRECTION('ref_axis',(0.860845404996493,0.,-0.508866572586984));
#2490=DIRECTION('',(0.0228714990995666,-0.707106781186546,0.70673679296393));
#2491=DIRECTION('center_axis',(0.,-1.,0.));
#2492=DIRECTION('ref_axis',(-1.,0.,0.));
#2493=DIRECTION('',(-0.0228714995949439,-0.707106781186548,0.706736792947896));
#2494=DIRECTION('center_axis',(0.,1.,0.));
#2495=DIRECTION('ref_axis',(-0.860845406152629,0.,-0.508866570631159));
#2496=DIRECTION('',(0.608153237140521,-0.707106781186549,-0.360762581423715));
#2497=DIRECTION('center_axis',(0.,-1.,0.));
#2498=DIRECTION('ref_axis',(1.,0.,0.));
#2499=DIRECTION('center_axis',(0.,1.,0.));
#2500=DIRECTION('ref_axis',(1.,0.,0.));
#2501=DIRECTION('center_axis',(0.,1.,0.));
#2502=DIRECTION('ref_axis',(1.,0.,0.));
#2503=DIRECTION('center_axis',(-8.53248907654437E-16,-1.,2.76468519057609E-15));
#2504=DIRECTION('ref_axis',(-0.0130168374714697,2.77555756156289E-15,0.99991527738216));
#2505=DIRECTION('center_axis',(0.640856382055788,-0.707106781186548,0.298836238730119));
#2506=DIRECTION('ref_axis',(0.422618261740699,0.,-0.90630778703665));
#2507=DIRECTION('',(-0.640856382055789,-0.707106781186547,-0.29883623873012));
#2508=DIRECTION('center_axis',(0.,-1.,0.));
#2509=DIRECTION('ref_axis',(-0.90630778703665,0.,-0.422618261740699));
#2510=DIRECTION('',(0.640856382055789,-0.707106781186548,0.298836238730119));
#2511=DIRECTION('center_axis',(0.,1.,0.));
#2512=DIRECTION('ref_axis',(-0.90630778703665,0.,-0.422618261740699));
#2513=DIRECTION('center_axis',(-0.640856382055791,-0.707106781186545,-0.298836238730121));
#2514=DIRECTION('ref_axis',(-0.4226182617407,0.,0.90630778703665));
#2515=DIRECTION('center_axis',(0.,-1.,0.));
#2516=DIRECTION('ref_axis',(-0.90630778703665,0.,-0.422618261740699));
#2517=DIRECTION('center_axis',(0.,1.,0.));
#2518=DIRECTION('ref_axis',(-0.90630778703665,0.,0.422618261740699));
#2519=DIRECTION('',(-0.64085638205579,0.707106781186546,0.29883623873012));
#2520=DIRECTION('center_axis',(0.640856382055786,0.70710678118655,-0.298836238730119));
#2521=DIRECTION('ref_axis',(-0.4226182617407,0.,-0.90630778703665));
#2522=DIRECTION('',(-0.4226182617407,0.,-0.90630778703665));
#2523=DIRECTION('center_axis',(8.53248921404441E-16,-1.,2.76468518988164E-15));
#2524=DIRECTION('ref_axis',(0.955528357846484,0.,-0.294899232537493));
#2525=DIRECTION('center_axis',(2.38314653840255E-15,-1.,-6.62924523930739E-16));
#2526=DIRECTION('ref_axis',(-0.0130168374714696,-6.93889390390723E-16,0.99991527738216));
#2527=DIRECTION('',(0.,-1.,0.));
#2528=DIRECTION('',(0.,-1.,0.));
#2529=DIRECTION('',(0.,1.,0.));
#2530=DIRECTION('center_axis',(-0.90630778703665,0.,0.4226182617407));
#2531=DIRECTION('ref_axis',(-0.4226182617407,0.,-0.90630778703665));
#2532=DIRECTION('',(0.,-1.,0.));
#2533=DIRECTION('center_axis',(0.,1.,0.));
#2534=DIRECTION('ref_axis',(-0.42505895052341,0.,-0.905165669134627));
#2535=DIRECTION('center_axis',(-0.406169796626822,-0.0949266694605796,-0.908853686647773));
#2536=DIRECTION('ref_axis',(-0.0400867731825767,-0.991781251454376,0.121503085884273));
#2537=DIRECTION('center_axis',(-0.623412544075683,7.8010133426649E-15,-0.781893087249839));
#2538=DIRECTION('ref_axis',(-5.55111512312576E-15,-1.,-5.55111512312576E-15));
#2539=DIRECTION('center_axis',(-0.6535996807763,-5.7310136064222E-16,0.756840443745654));
#2540=DIRECTION('ref_axis',(-5.55111512312578E-15,-1.,-5.55111512312578E-15));
#2541=DIRECTION('center_axis',(-0.409378303887214,0.121596455653246,0.904225473142067));
#2542=DIRECTION('ref_axis',(0.0534878414111483,-0.986175702918473,0.156832821164549));
#2543=DIRECTION('center_axis',(0.,-1.,0.));
#2544=DIRECTION('ref_axis',(-1.,0.,0.));
#2545=DIRECTION('center_axis',(0.409378306280641,0.121596455599846,-0.904225472065651));
#2546=DIRECTION('ref_axis',(0.0534878415294313,0.986175702861809,0.156832821480517));
#2547=DIRECTION('center_axis',(0.653599680776297,-1.81410353621374E-15,
-0.756840443745657));
#2548=DIRECTION('ref_axis',(2.77555756156289E-15,1.,0.));
#2549=DIRECTION('center_axis',(0.623412544075686,8.79743739935212E-16,0.781893087249837));
#2550=DIRECTION('ref_axis',(5.55111512312578E-15,1.,-5.55111512312578E-15));
#2551=DIRECTION('center_axis',(0.406169796626814,-0.0949266694605689,0.908853686647778));
#2552=DIRECTION('ref_axis',(-0.0400867731825794,0.991781251454377,0.121503085884261));
#2553=DIRECTION('center_axis',(0.,-1.,0.));
#2554=DIRECTION('ref_axis',(-1.,0.,0.));
#2555=DIRECTION('center_axis',(0.,1.,0.));
#2556=DIRECTION('ref_axis',(1.,0.,0.));
#2557=DIRECTION('',(0.,-1.,0.));
#2558=DIRECTION('center_axis',(1.,0.,-2.96059473233375E-15));
#2559=DIRECTION('ref_axis',(-2.96059473233375E-15,0.,-1.));
#2560=DIRECTION('',(0.,-1.,0.));
#2561=DIRECTION('',(0.,-1.,0.));
#2562=DIRECTION('',(0.,1.,0.));
#2563=DIRECTION('',(0.,-1.,0.));
#2564=DIRECTION('center_axis',(0.,1.,0.));
#2565=DIRECTION('ref_axis',(1.,0.,0.));
#2566=DIRECTION('',(0.,-1.,0.));
#2567=DIRECTION('center_axis',(0.,1.,0.));
#2568=DIRECTION('ref_axis',(0.420757153976006,0.,0.9071733116544));
#2569=DIRECTION('',(0.,-1.,0.));
#2570=DIRECTION('',(0.,-1.,0.));
#2571=DIRECTION('center_axis',(0.,1.,0.));
#2572=DIRECTION('ref_axis',(-0.420755171491386,0.,-0.907174231150364));
#2573=DIRECTION('',(0.,-1.,0.));
#2574=DIRECTION('',(0.,1.,0.));
#2575=DIRECTION('',(0.,1.,0.));
#2576=DIRECTION('center_axis',(0.,1.,0.));
#2577=DIRECTION('ref_axis',(-0.420755171491386,0.,-0.907174231150364));
#2578=DIRECTION('',(0.,1.,0.));
#2579=DIRECTION('center_axis',(0.,1.,0.));
#2580=DIRECTION('ref_axis',(0.,0.,-1.));
#2581=DIRECTION('',(0.,1.,0.));
#2582=DIRECTION('',(0.,1.,0.));
#2583=DIRECTION('',(0.,-1.,0.));
#2584=DIRECTION('center_axis',(0.,1.,0.));
#2585=DIRECTION('ref_axis',(0.771520462200875,0.,0.636204508318944));
#2586=DIRECTION('center_axis',(0.,1.,0.));
#2587=DIRECTION('ref_axis',(0.771520462200493,0.,0.636204508319406));
#2588=DIRECTION('center_axis',(0.,1.,0.));
#2589=DIRECTION('ref_axis',(0.,0.,-1.));
#2590=DIRECTION('center_axis',(0.,1.,0.));
#2591=DIRECTION('ref_axis',(0.42075748004628,0.,0.90717316041928));
#2592=DIRECTION('',(0.,1.,0.));
#2593=DIRECTION('',(0.,-1.,0.));
#2594=DIRECTION('',(0.,-1.,0.));
#2595=DIRECTION('center_axis',(0.,-1.,0.));
#2596=DIRECTION('ref_axis',(1.,0.,0.));
#2597=DIRECTION('',(0.,1.,0.));
#2598=DIRECTION('center_axis',(0.,-1.,0.));
#2599=DIRECTION('ref_axis',(1.,0.,0.));
#2600=DIRECTION('',(0.,-1.,0.));
#2601=DIRECTION('center_axis',(-1.,0.,0.));
#2602=DIRECTION('ref_axis',(0.,0.,1.));
#2603=CARTESIAN_POINT('',(0.,0.,0.));
#2604=CARTESIAN_POINT('Origin',(-2.68682306506409,-2.,2.57651636271474));
#2605=CARTESIAN_POINT('',(-2.70173625076503,-1.19529294329417,2.4776346308718));
#2606=CARTESIAN_POINT('',(-2.59419057887551,-1.25,2.53884379308482));
#2607=CARTESIAN_POINT('Ctrl Pts',(-2.70143786935769,-1.19523317015137,2.47753913374363));
#2608=CARTESIAN_POINT('Ctrl Pts',(-2.69975483981035,-1.19645775425557,2.47728763368149));
#2609=CARTESIAN_POINT('Ctrl Pts',(-2.6980609281429,-1.19767511550501,2.47707850422686));
#2610=CARTESIAN_POINT('Ctrl Pts',(-2.69635738263135,-1.19888425089787,2.47691267050312));
#2611=CARTESIAN_POINT('Ctrl Pts',(-2.68808628477422,-1.20475487606735,2.47610751035216));
#2612=CARTESIAN_POINT('Ctrl Pts',(-2.67957224535201,-1.21044207314168,2.47631718498548));
#2613=CARTESIAN_POINT('Ctrl Pts',(-2.67103903133972,-1.21577906654822,2.47766938108265));
#2614=CARTESIAN_POINT('Ctrl Pts',(-2.66712403553827,-1.21822765236229,2.47828976187183));
#2615=CARTESIAN_POINT('Ctrl Pts',(-2.6632048711722,-1.22060292783823,2.47915012544428));
#2616=CARTESIAN_POINT('Ctrl Pts',(-2.65930246612811,-1.2228905262732,2.48025947650386));
#2617=CARTESIAN_POINT('Ctrl Pts',(-2.65169345896805,-1.22735094303527,2.48242251700331));
#2618=CARTESIAN_POINT('Ctrl Pts',(-2.64417594693205,-1.23146022918491,2.48553108437866));
#2619=CARTESIAN_POINT('Ctrl Pts',(-2.63698092875444,-1.23507182112682,2.48965051459033));
#2620=CARTESIAN_POINT('Ctrl Pts',(-2.635146200618,-1.23599277631964,2.49070096843615));
#2621=CARTESIAN_POINT('Ctrl Pts',(-2.63333245047817,-1.23688142434886,2.49181689675966));
#2622=CARTESIAN_POINT('Ctrl Pts',(-2.63154353100815,-1.23773541939667,2.49299883607969));
#2623=CARTESIAN_POINT('Ctrl Pts',(-2.6246570960493,-1.24102286830115,2.49754870452774));
#2624=CARTESIAN_POINT('Ctrl Pts',(-2.61820823935636,-1.24376254603078,2.50304001460838));
#2625=CARTESIAN_POINT('Ctrl Pts',(-2.61244455772972,-1.24581802382234,2.50945042101076));
#2626=CARTESIAN_POINT('Ctrl Pts',(-2.60628218823874,-1.24801568400768,2.51630425080207));
#2627=CARTESIAN_POINT('Ctrl Pts',(-2.60104417277,-1.24938096553245,2.52405611748042));
#2628=CARTESIAN_POINT('Ctrl Pts',(-2.5969349128772,-1.24983362885517,2.53252452368962));
#2629=CARTESIAN_POINT('Ctrl Pts',(-2.59615897520656,-1.24991910374198,2.53412358424053));
#2630=CARTESIAN_POINT('Ctrl Pts',(-2.59542337425086,-1.24997193759998,2.53574813097479));
#2631=CARTESIAN_POINT('Ctrl Pts',(-2.59472961737719,-1.2499914411878,2.53739686798321));
#2632=CARTESIAN_POINT('Ctrl Pts',(-2.59459925911006,-1.24999510594993,2.53770666887676));
#2633=CARTESIAN_POINT('Ctrl Pts',(-2.59447045015934,-1.24999759395338,2.53801714286089));
#2634=CARTESIAN_POINT('Ctrl Pts',(-2.59434319492355,-1.24999890492801,2.5383282779682));
#2635=CARTESIAN_POINT('Ctrl Pts',(-2.59430290127746,-1.24999932003036,2.53842679468401));
#2636=CARTESIAN_POINT('Ctrl Pts',(-2.59426276370803,-1.24999961712212,2.53852537694113));
#2637=CARTESIAN_POINT('Ctrl Pts',(-2.59422278234788,-1.2499997961996,2.53862402435547));
#2638=CARTESIAN_POINT('Ctrl Pts',(-2.59419743493251,-1.24999990973128,2.53868656492383));
#2639=CARTESIAN_POINT('Ctrl Pts',(-2.59417215035028,-1.24999997582907,2.53874913156324));
#2640=CARTESIAN_POINT('Ctrl Pts',(-2.59414692863424,-1.24999999449253,2.53881172417556));
#2641=CARTESIAN_POINT('Ctrl Pts',(-2.59414196678573,-1.24999999816418,2.53882403797131));
#2642=CARTESIAN_POINT('Ctrl Pts',(-2.59413700737132,-1.25,2.53883635276975));
#2643=CARTESIAN_POINT('Ctrl Pts',(-2.5941320503917,-1.25,2.53884866856898));
#2644=CARTESIAN_POINT('',(-2.59419057887551,-1.7,2.53884379308482));
#2645=CARTESIAN_POINT('',(-2.59419057887551,-2.,2.53884379308482));
#2646=CARTESIAN_POINT('',(-2.63562250385587,-1.72369256339123,2.49061815241949));
#2647=CARTESIAN_POINT('Ctrl Pts',(-2.59419057887551,-1.7,2.53884379308482));
#2648=CARTESIAN_POINT('Ctrl Pts',(-2.59832481804885,-1.7,2.52867817770771));
#2649=CARTESIAN_POINT('Ctrl Pts',(-2.60438078348667,-1.7023321995543,2.51891622716116));
#2650=CARTESIAN_POINT('Ctrl Pts',(-2.61857132563671,-1.71062803740284,2.50261990117963));
#2651=CARTESIAN_POINT('Ctrl Pts',(-2.62671148558601,-1.71658346009213,2.49608620679493));
#2652=CARTESIAN_POINT('Ctrl Pts',(-2.63483586968802,-1.72306138502497,2.49109070846754));
#2653=CARTESIAN_POINT('Ctrl Pts',(-2.63522849352966,-1.7233757676299,2.49085300655366));
#2654=CARTESIAN_POINT('Ctrl Pts',(-2.63562250385588,-1.72369256339105,2.49061815241928));
#2655=CARTESIAN_POINT('',(-2.70173625244199,-1.7,2.47763463112477));
#2656=CARTESIAN_POINT('Ctrl Pts',(-2.63562250385568,-1.72369256339104,2.4906181524194));
#2657=CARTESIAN_POINT('Ctrl Pts',(-2.64406955441678,-1.71721895635871,2.48558319618693));
#2658=CARTESIAN_POINT('Ctrl Pts',(-2.65442023468374,-1.71107792049075,2.48119394207451));
#2659=CARTESIAN_POINT('Ctrl Pts',(-2.67729895682092,-1.70242697431546,2.47628282130621));
#2660=CARTESIAN_POINT('Ctrl Pts',(-2.68987042150329,-1.7,2.47584504514829));
#2661=CARTESIAN_POINT('Ctrl Pts',(-2.70173625244199,-1.7,2.47763463112477));
#2662=CARTESIAN_POINT('',(-2.70173625244199,-2.,2.47763463112477));
#2663=CARTESIAN_POINT('Origin',(-3.,-1.85,0.499999999325291));
#2664=CARTESIAN_POINT('',(-2.7987027799829,-2.,2.79117424612831));
#2665=CARTESIAN_POINT('Ctrl Pts',(-2.63562250385596,-1.72369256339123,2.49061815241964));
#2666=CARTESIAN_POINT('Ctrl Pts',(-2.69715851584066,-1.80928260471383,2.58889429231642));
#2667=CARTESIAN_POINT('Ctrl Pts',(-2.75270596053546,-1.90914150203611,2.69592458211613));
#2668=CARTESIAN_POINT('Ctrl Pts',(-2.7987027799829,-2.,2.79117424612831));
#2669=CARTESIAN_POINT('',(-1.36550548217439,-2.,2.11815563806899));
#2670=CARTESIAN_POINT('Origin',(-3.,-2.,0.499999999325291));
#2671=CARTESIAN_POINT('',(-1.70093383849566,-1.72369256339123,2.05169542664304));
#2672=CARTESIAN_POINT('Ctrl Pts',(-1.70093383849549,-1.72369256339123,2.05169542664307));
#2673=CARTESIAN_POINT('Ctrl Pts',(-1.58601063039787,-1.80928260471383,2.06710765180834));
#2674=CARTESIAN_POINT('Ctrl Pts',(-1.46817572266902,-1.90914150203612,2.09271890065072));
#2675=CARTESIAN_POINT('Ctrl Pts',(-1.36550548217439,-2.,2.11815563806899));
#2676=CARTESIAN_POINT('',(-1.66870109532996,-1.7,1.99252913687147));
#2677=CARTESIAN_POINT('Ctrl Pts',(-1.66870109532996,-1.7,1.99252913687147));
#2678=CARTESIAN_POINT('Ctrl Pts',(-1.67765628762506,-1.7,2.00051694588214));
#2679=CARTESIAN_POINT('Ctrl Pts',(-1.68534818307447,-1.70242697431546,2.01047024265355));
#2680=CARTESIAN_POINT('Ctrl Pts',(-1.696180578541,-1.71107792049075,2.03121184920386));
#2681=CARTESIAN_POINT('Ctrl Pts',(-1.69941351795861,-1.71721895635871,2.04197986835198));
#2682=CARTESIAN_POINT('Ctrl Pts',(-1.70093383849586,-1.72369256339104,2.05169542664313));
#2683=CARTESIAN_POINT('Origin',(-3.,-1.7,0.499999999325291));
#2684=CARTESIAN_POINT('Origin',(-2.13102814793257,-1.85,2.35048094493523));
#2685=CARTESIAN_POINT('',(-1.69028481640247,-1.7,2.11437648561319));
#2686=CARTESIAN_POINT('Origin',(-2.13102814793257,-1.7,2.35048094493523));
#2687=CARTESIAN_POINT('Ctrl Pts',(-1.70093383849582,-1.72369256339105,2.05169542664289));
#2688=CARTESIAN_POINT('Ctrl Pts',(-1.70100475351712,-1.72337576721758,2.05214860674954));
#2689=CARTESIAN_POINT('Ctrl Pts',(-1.70107259160405,-1.72306138460296,2.05260253812887));
#2690=CARTESIAN_POINT('Ctrl Pts',(-1.70241720395214,-1.71658346009213,2.06204460497666));
#2691=CARTESIAN_POINT('Ctrl Pts',(-1.70258825354972,-1.71062803740284,2.07248118048532));
#2692=CARTESIAN_POINT('Ctrl Pts',(-1.6991110574143,-1.7023321995543,2.09380841270247));
#2693=CARTESIAN_POINT('Ctrl Pts',(-1.69546690148092,-1.7,2.10470293074554));
#2694=CARTESIAN_POINT('Ctrl Pts',(-1.69028481640247,-1.7,2.11437648561319));
#2695=CARTESIAN_POINT('Origin',(-2.13102814793257,-2.,2.35048094493523));
#2696=CARTESIAN_POINT('Origin',(-2.13102814793257,-2.,2.35048094493523));
#2697=CARTESIAN_POINT('',(-2.58418204145089,-1.25,2.56179007580558));
#2698=CARTESIAN_POINT('Origin',(-2.13102814793257,-1.25,2.35048094493523));
#2699=CARTESIAN_POINT('',(-1.67787424996124,-1.25,2.13917182361438));
#2700=CARTESIAN_POINT('Origin',(-2.13102814793257,-1.25,2.35048094493523));
#2701=CARTESIAN_POINT('',(-1.69028481640247,-1.25,2.11437648561319));
#2702=CARTESIAN_POINT('Origin',(-2.13102814793257,-1.25,2.35048094493523));
#2703=CARTESIAN_POINT('',(-1.69028481640247,0.,2.11437648561319));
#2704=CARTESIAN_POINT('Origin',(-1.60213615009645,0.,2.06715559374878));
#2705=CARTESIAN_POINT('',(-1.66870109575815,-1.19529316700997,1.99252913725316));
#2706=CARTESIAN_POINT('Ctrl Pts',(-1.69032960974862,-1.25,2.11443530473409));
#2707=CARTESIAN_POINT('Ctrl Pts',(-1.69033532515681,-1.25,2.11442474079806));
#2708=CARTESIAN_POINT('Ctrl Pts',(-1.69034103866193,-1.2499999984973,2.11441417585028));
#2709=CARTESIAN_POINT('Ctrl Pts',(-1.6903467502633,-1.24999999549191,2.11440360989194));
#2710=CARTESIAN_POINT('Ctrl Pts',(-1.69036235677649,-1.2499999872799,2.11437473922022));
#2711=CARTESIAN_POINT('Ctrl Pts',(-1.69037794907324,-1.24999996784856,2.11434586100866));
#2712=CARTESIAN_POINT('Ctrl Pts',(-1.69039352714764,-1.24999993719792,2.11431697526669));
#2713=CARTESIAN_POINT('Ctrl Pts',(-1.6904310752182,-1.24999986332021,2.11424735152182));
#2714=CARTESIAN_POINT('Ctrl Pts',(-1.69046854060573,-1.2499997242628,2.11417768413311));
#2715=CARTESIAN_POINT('Ctrl Pts',(-1.69050592323295,-1.24999952002668,2.11410797322398));
#2716=CARTESIAN_POINT('Ctrl Pts',(-1.69056596959087,-1.2499991919696,2.11399599911965));
#2717=CARTESIAN_POINT('Ctrl Pts',(-1.69062580214329,-1.24999869574753,2.11388391324547));
#2718=CARTESIAN_POINT('Ctrl Pts',(-1.69068542052895,-1.249998031369,2.1137717162038));
#2719=CARTESIAN_POINT('Ctrl Pts',(-1.69099527482171,-1.24999457839828,2.11318859516467));
#2720=CARTESIAN_POINT('Ctrl Pts',(-1.69129931842092,-1.24998658351844,2.11260251950227));
#2721=CARTESIAN_POINT('Ctrl Pts',(-1.69159750454585,-1.2499740499927,2.11201357366846));
#2722=CARTESIAN_POINT('Ctrl Pts',(-1.69533650737196,-1.24981689013763,2.10462868901741));
#2723=CARTESIAN_POINT('Ctrl Pts',(-1.69811140450448,-1.24894879784271,2.09687677127386));
#2724=CARTESIAN_POINT('Ctrl Pts',(-1.69990088995758,-1.24741831876761,2.08894340482632));
#2725=CARTESIAN_POINT('Ctrl Pts',(-1.69996833133345,-1.24736063871529,2.08864441544499));
#2726=CARTESIAN_POINT('Ctrl Pts',(-1.70003434819078,-1.24730203911139,2.08834528368701));
#2727=CARTESIAN_POINT('Ctrl Pts',(-1.70009894294116,-1.24724252451242,2.08804602000453));
#2728=CARTESIAN_POINT('Ctrl Pts',(-1.70168024335291,-1.24578558785464,2.08071994813118));
#2729=CARTESIAN_POINT('Ctrl Pts',(-1.70239878900292,-1.24379075607733,2.0733640685178));
#2730=CARTESIAN_POINT('Ctrl Pts',(-1.70232546280392,-1.2413389881981,2.06612036130224));
#2731=CARTESIAN_POINT('Ctrl Pts',(-1.70224011538782,-1.23848527348285,2.05768910887875));
#2732=CARTESIAN_POINT('Ctrl Pts',(-1.70108742954434,-1.23504846339916,2.04951039676883));
#2733=CARTESIAN_POINT('Ctrl Pts',(-1.6990406289643,-1.23117005155826,2.04174854185908));
#2734=CARTESIAN_POINT('Ctrl Pts',(-1.69849709861553,-1.23014013464251,2.03968737197895));
#2735=CARTESIAN_POINT('Ctrl Pts',(-1.69789071710599,-1.22907909745096,2.03765539198769));
#2736=CARTESIAN_POINT('Ctrl Pts',(-1.69722515465552,-1.22798966831485,2.0356552488578));
#2737=CARTESIAN_POINT('Ctrl Pts',(-1.69451890766256,-1.22355993475383,2.02752245631912));
#2738=CARTESIAN_POINT('Ctrl Pts',(-1.69085039109736,-1.21868757595046,2.01996656204189));
#2739=CARTESIAN_POINT('Ctrl Pts',(-1.68642826329639,-1.21352000091596,2.01309703846783));
#2740=CARTESIAN_POINT('Ctrl Pts',(-1.68482131324234,-1.21164216396623,2.01060073311992));
#2741=CARTESIAN_POINT('Ctrl Pts',(-1.68311525568172,-1.20972551829796,2.0081947868873));
#2742=CARTESIAN_POINT('Ctrl Pts',(-1.6813213482495,-1.20777784144322,2.00588362821773));
#2743=CARTESIAN_POINT('Ctrl Pts',(-1.67758206752866,-1.20371803858914,2.00106617169764));
#2744=CARTESIAN_POINT('Ctrl Pts',(-1.6734589458268,-1.19952258435926,1.99666148774923));
#2745=CARTESIAN_POINT('Ctrl Pts',(-1.66901898668943,-1.19523675941942,1.99269021303276));
#2746=CARTESIAN_POINT('',(-1.66870109532996,0.,1.99252913687147));
#2747=CARTESIAN_POINT('Ctrl Pts',(-1.67787424996127,-1.25,2.13917182361431));
#2748=CARTESIAN_POINT('Ctrl Pts',(-1.70428755102966,-1.25,2.08252831356321));
#2749=CARTESIAN_POINT('Ctrl Pts',(-1.78015633579085,-1.25,1.98154835424339));
#2750=CARTESIAN_POINT('Ctrl Pts',(-1.93627719125973,-1.25,1.87960702429143));
#2751=CARTESIAN_POINT('Ctrl Pts',(-2.05572870449558,-1.25,1.85404496638998));
#2752=CARTESIAN_POINT('Ctrl Pts',(-2.13243479724796,-1.25,1.84882961951506));
#2753=CARTESIAN_POINT('Ctrl Pts',(-2.19368964041884,-1.25,1.85361141310356));
#2754=CARTESIAN_POINT('Ctrl Pts',(-2.23237386411957,-1.25,1.86017404622791));
#2755=CARTESIAN_POINT('Ctrl Pts',(-2.26682563984842,-1.25,1.86871605169791));
#2756=CARTESIAN_POINT('Ctrl Pts',(-2.28708181633362,-1.25,1.87504063452214));
#2757=CARTESIAN_POINT('Ctrl Pts',(-2.30498735594271,-1.25,1.88126154537223));
#2758=CARTESIAN_POINT('Ctrl Pts',(-2.31497481172497,-1.25,1.88520709106551));
#2759=CARTESIAN_POINT('Ctrl Pts',(-2.32400902391729,-1.25,1.88886162095002));
#2760=CARTESIAN_POINT('Ctrl Pts',(-2.32890249937647,-1.25,1.891048186423));
#2761=CARTESIAN_POINT('Ctrl Pts',(-2.33532349976578,-1.25,1.89391573342216));
#2762=CARTESIAN_POINT('Ctrl Pts',(-2.33685317340407,-1.25,1.89480119842862));
#2763=CARTESIAN_POINT('Ctrl Pts',(-2.33839479025574,-1.25,1.89547086657215));
#2764=CARTESIAN_POINT('Ctrl Pts',(-2.33914567949972,-1.25,1.89584546265152));
#2765=CARTESIAN_POINT('Ctrl Pts',(-2.33982577963737,-1.25,1.8961582442835));
#2766=CARTESIAN_POINT('Ctrl Pts',(-2.34030824539779,-1.25,1.89638611186886));
#2767=CARTESIAN_POINT('Ctrl Pts',(-2.34060750379702,-1.25,1.89652397112286));
#2768=CARTESIAN_POINT('Ctrl Pts',(-2.34078515764835,-1.25,1.89660648299968));
#2769=CARTESIAN_POINT('Ctrl Pts',(-2.34086372707696,-1.25,1.89664283358789));
#2770=CARTESIAN_POINT('Ctrl Pts',(-2.34090303598885,-1.25000245041188,1.89665946231357));
#2771=CARTESIAN_POINT('Ctrl Pts',(-1.52133418626048,-1.15041144454529,2.06617599176742));
#2772=CARTESIAN_POINT('Ctrl Pts',(-1.544728860642,-1.15041144433694,2.01600594849423));
#2773=CARTESIAN_POINT('Ctrl Pts',(-1.60739209790914,-1.15447898155258,1.92420317747739));
#2774=CARTESIAN_POINT('Ctrl Pts',(-1.73234848503042,-1.17086031216237,1.82008515976116));
#2775=CARTESIAN_POINT('Ctrl Pts',(-1.82896815121397,-1.18899551495317,1.78070798051372));
#2776=CARTESIAN_POINT('Ctrl Pts',(-1.89220286437302,-1.2026759806802,1.76405203148784));
#2777=CARTESIAN_POINT('Ctrl Pts',(-1.94330116351752,-1.21500578893226,1.75775223971859));
#2778=CARTESIAN_POINT('Ctrl Pts',(-1.9761039209261,-1.22364521108929,1.756668756259));
#2779=CARTESIAN_POINT('Ctrl Pts',(-2.00552075122347,-1.23183186605922,1.75790503148224));
#2780=CARTESIAN_POINT('Ctrl Pts',(-2.02301467133053,-1.23697159904242,1.75975986445384));
#2781=CARTESIAN_POINT('Ctrl Pts',(-2.03852064546124,-1.24165568055266,1.76192500033467));
#2782=CARTESIAN_POINT('Ctrl Pts',(-2.04725576097444,-1.24421432749352,1.76369302711992));
#2783=CARTESIAN_POINT('Ctrl Pts',(-2.05514575017044,-1.24660500051872,1.76532747189979));
#2784=CARTESIAN_POINT('Ctrl Pts',(-2.05947105579829,-1.24764655681313,1.76662843067353));
#2785=CARTESIAN_POINT('Ctrl Pts',(-2.06513121709204,-1.24906105916624,1.76830445165812));
#2786=CARTESIAN_POINT('Ctrl Pts',(-2.06657434382176,-1.24870723600322,1.76935788162761));
#2787=CARTESIAN_POINT('Ctrl Pts',(-2.06789318888566,-1.24925713927113,1.76965724467395));
#2788=CARTESIAN_POINT('Ctrl Pts',(-2.0685644628916,-1.24935032257685,1.76994922195587));
#2789=CARTESIAN_POINT('Ctrl Pts',(-2.06915546404219,-1.24953266736248,1.77012981911023));
#2790=CARTESIAN_POINT('Ctrl Pts',(-2.06957567976886,-1.24966356392478,1.77026928923769));
#2791=CARTESIAN_POINT('Ctrl Pts',(-2.06985968727353,-1.24972916121593,1.77029454318756));
#2792=CARTESIAN_POINT('Ctrl Pts',(-2.06999095224927,-1.24979769674267,1.77038864957315));
#2793=CARTESIAN_POINT('Ctrl Pts',(-2.07007165138431,-1.24981154173928,1.77038218242025));
#2794=CARTESIAN_POINT('Ctrl Pts',(-2.07009173893634,-1.24982809434101,1.77041528766123));
#2795=CARTESIAN_POINT('Ctrl Pts',(-1.29663765671701,-0.883219870372318,
1.96139827569835));
#2796=CARTESIAN_POINT('Ctrl Pts',(-1.31187318760933,-0.883219870086283,
1.92872557370517));
#2797=CARTESIAN_POINT('Ctrl Pts',(-1.34631592105285,-0.888786495739084,
1.86579911712748));
#2798=CARTESIAN_POINT('Ctrl Pts',(-1.40542834932518,-0.911547381995756,
1.78196192099234));
#2799=CARTESIAN_POINT('Ctrl Pts',(-1.44761648723779,-0.937385471845936,
1.73696516486184));
#2800=CARTESIAN_POINT('Ctrl Pts',(-1.47487490832415,-0.957238690756096,
1.71159792740028));
#2801=CARTESIAN_POINT('Ctrl Pts',(-1.49648307934136,-0.975297895229768,
1.69444267575151));
#2802=CARTESIAN_POINT('Ctrl Pts',(-1.51032395431741,-0.988102868511778,
1.68469197482022));
#2803=CARTESIAN_POINT('Ctrl Pts',(-1.5226724031606,-1.00022477393638,1.67687132928169));
#2804=CARTESIAN_POINT('Ctrl Pts',(-1.53009410741104,-1.00780407137388,1.67249517266558));
#2805=CARTESIAN_POINT('Ctrl Pts',(-1.53680333581158,-1.01449289235913,1.66854034246653));
#2806=CARTESIAN_POINT('Ctrl Pts',(-1.54078678558613,-1.01820687408164,1.66589323576258));
#2807=CARTESIAN_POINT('Ctrl Pts',(-1.54471504569392,-1.02114310024765,1.66286957094894));
#2808=CARTESIAN_POINT('Ctrl Pts',(-1.5473290610903,-1.0223089615512,1.66004804830262));
#2809=CARTESIAN_POINT('Ctrl Pts',(-1.55179125408746,-1.02258213093354,1.65416360339686));
#2810=CARTESIAN_POINT('Ctrl Pts',(-1.55511757593821,-1.02038324949181,1.64746118593209));
#2811=CARTESIAN_POINT('Ctrl Pts',(-1.55879775865043,-1.01780618349226,1.64058719597152));
#2812=CARTESIAN_POINT('Ctrl Pts',(-1.56219133550442,-1.01518306730912,1.63369573064908));
#2813=CARTESIAN_POINT('Ctrl Pts',(-1.56615921434336,-1.01223106681512,1.62560085603751));
#2814=CARTESIAN_POINT('Ctrl Pts',(-1.57121108558433,-1.00880413032791,1.61505866885732));
#2815=CARTESIAN_POINT('Ctrl Pts',(-1.57543617655809,-1.00637278437937,1.60618242623728));
#2816=CARTESIAN_POINT('Ctrl Pts',(-1.57884022734145,-1.00467253313136,1.59899454152054));
#2817=CARTESIAN_POINT('Ctrl Pts',(-1.58053598240945,-1.0039211208178,1.59540656458528));
#2818=CARTESIAN_POINT('Ctrl Pts',(-1.58139177809788,-1.00356375039233,1.59359424734215));
#2819=CARTESIAN_POINT('Ctrl Pts',(-1.22472036011916,-0.534084654442886,
1.92786268486028));
#2820=CARTESIAN_POINT('Ctrl Pts',(-1.22932551299208,-0.534084654358603,
1.91798690265615));
#2821=CARTESIAN_POINT('Ctrl Pts',(-1.23845786320241,-0.5357260974546,1.8983689410587));
#2822=CARTESIAN_POINT('Ctrl Pts',(-1.25132521933702,-0.542414577369443,
1.87060760451228));
#2823=CARTESIAN_POINT('Ctrl Pts',(-1.25881654802723,-0.549938368923987,
1.85430115439784));
#2824=CARTESIAN_POINT('Ctrl Pts',(-1.26329486069784,-0.555617360138086,
1.84448221033552));
#2825=CARTESIAN_POINT('Ctrl Pts',(-1.26659253739211,-0.560667318555713,
1.83719910184487));
#2826=CARTESIAN_POINT('Ctrl Pts',(-1.26871597264876,-0.564056207218423,
1.83249757699442));
#2827=CARTESIAN_POINT('Ctrl Pts',(-1.27073149468854,-0.566983320091342,
1.82803409170991));
#2828=CARTESIAN_POINT('Ctrl Pts',(-1.2722443958677,-0.568382770410304,1.82471533655153));
#2829=CARTESIAN_POINT('Ctrl Pts',(-1.27405752406655,-0.569004213762857,
1.82074974706167));
#2830=CARTESIAN_POINT('Ctrl Pts',(-1.27590180625281,-0.568409728990812,
1.81688506777617));
#2831=CARTESIAN_POINT('Ctrl Pts',(-1.27854874970836,-0.566586667217323,
1.81124739692921));
#2832=CARTESIAN_POINT('Ctrl Pts',(-1.28171391619714,-0.563619445160624,
1.80470407818693));
#2833=CARTESIAN_POINT('Ctrl Pts',(-1.2890369326393,-0.555913025131603,1.78928764611972));
#2834=CARTESIAN_POINT('Ctrl Pts',(-1.29837693061817,-0.545889033235365,
1.76984324698604));
#2835=CARTESIAN_POINT('Ctrl Pts',(-1.30804784681575,-0.536112321683411,
1.74903869651744));
#2836=CARTESIAN_POINT('Ctrl Pts',(-1.31787077182019,-0.526813244463382,
1.72806856234037));
#2837=CARTESIAN_POINT('Ctrl Pts',(-1.32945398221625,-0.516760899208223,
1.7032417090947));
#2838=CARTESIAN_POINT('Ctrl Pts',(-1.3446104489294,-0.505478441597097,1.67075246935598));
#2839=CARTESIAN_POINT('Ctrl Pts',(-1.35741939575688,-0.497515833987552,
1.64328808192689));
#2840=CARTESIAN_POINT('Ctrl Pts',(-1.36775444668951,-0.4920215666249,1.62112418751085));
#2841=CARTESIAN_POINT('Ctrl Pts',(-1.37294259784503,-0.489573747139164,
1.60999931291216));
#2842=CARTESIAN_POINT('Ctrl Pts',(-1.37554354683732,-0.488422884533039,
1.6044213171699));
#2843=CARTESIAN_POINT('Ctrl Pts',(-1.22472036088701,-0.384552139063248,
1.92786268321363));
#2844=CARTESIAN_POINT('Ctrl Pts',(-1.22477318749154,-0.384552139064767,
1.92774939619464));
#2845=CARTESIAN_POINT('Ctrl Pts',(-1.22487905007832,-0.384523953811301,
1.92752237314465));
#2846=CARTESIAN_POINT('Ctrl Pts',(-1.22508446367513,-0.384381372280236,
1.92708186226472));
#2847=CARTESIAN_POINT('Ctrl Pts',(-1.22532528872709,-0.384129117285811,
1.92656541127417));
#2848=CARTESIAN_POINT('Ctrl Pts',(-1.22560784432793,-0.383792556215453,
1.92595946883274));
#2849=CARTESIAN_POINT('Ctrl Pts',(-1.22598035600941,-0.383322251633041,
1.92516061495384));
#2850=CARTESIAN_POINT('Ctrl Pts',(-1.2264455518617,-0.382715188660551,1.92416299922921));
#2851=CARTESIAN_POINT('Ctrl Pts',(-1.22718300898238,-0.381739546376214,
1.92258151733033));
#2852=CARTESIAN_POINT('Ctrl Pts',(-1.22810408492811,-0.380514366189428,
1.92060626359039));
#2853=CARTESIAN_POINT('Ctrl Pts',(-1.22957848605834,-0.378558047069715,
1.91744440016301));
#2854=CARTESIAN_POINT('Ctrl Pts',(-1.23142490640201,-0.376126605588933,
1.91348473895785));
#2855=CARTESIAN_POINT('Ctrl Pts',(-1.23438827284222,-0.372274980851937,
1.90712977911882));
#2856=CARTESIAN_POINT('Ctrl Pts',(-1.23810963338658,-0.367536959200249,
1.89914929567772));
#2857=CARTESIAN_POINT('Ctrl Pts',(-1.2470997983362,-0.356415380351477,1.87986982472673));
#2858=CARTESIAN_POINT('Ctrl Pts',(-1.25875637273313,-0.343027910151269,
1.85487222026307));
#2859=CARTESIAN_POINT('Ctrl Pts',(-1.27119122595047,-0.330177266782816,
1.82820559148298));
#2860=CARTESIAN_POINT('Ctrl Pts',(-1.28377329875538,-0.31802167658343,1.80122324927849));
#2861=CARTESIAN_POINT('Ctrl Pts',(-1.29867268540734,-0.304934007917537,
1.76927141149202));
#2862=CARTESIAN_POINT('Ctrl Pts',(-1.31818921197865,-0.290293222278363,
1.72741808519553));
#2863=CARTESIAN_POINT('Ctrl Pts',(-1.33469643478028,-0.279965525938755,
1.69201823165905));
#2864=CARTESIAN_POINT('Ctrl Pts',(-1.34801266336422,-0.272849727702716,
1.66346148730569));
#2865=CARTESIAN_POINT('Ctrl Pts',(-1.35470159038198,-0.269676462161744,
1.64911703702532));
#2866=CARTESIAN_POINT('Ctrl Pts',(-1.35805225139868,-0.268186528484648,
1.64193152128672));
#2867=CARTESIAN_POINT('',(-1.2247203519899,-0.384552139063248,1.92786270229354));
#2868=CARTESIAN_POINT('Origin',(-2.13012184013663,-0.384552139063248,2.35005832669259));
#2869=CARTESIAN_POINT('',(-1.35805223472854,-0.268186543852771,1.64193155703597));
#2870=CARTESIAN_POINT('Ctrl Pts',(-1.22472036088701,-0.384552139063248,
1.92786268321363));
#2871=CARTESIAN_POINT('Ctrl Pts',(-1.22477318749154,-0.384552139064767,
1.92774939619464));
#2872=CARTESIAN_POINT('Ctrl Pts',(-1.22487905007832,-0.384523953811301,
1.92752237314465));
#2873=CARTESIAN_POINT('Ctrl Pts',(-1.22508446367513,-0.384381372280236,
1.92708186226472));
#2874=CARTESIAN_POINT('Ctrl Pts',(-1.22532528872709,-0.384129117285811,
1.92656541127417));
#2875=CARTESIAN_POINT('Ctrl Pts',(-1.22560784432793,-0.383792556215453,
1.92595946883274));
#2876=CARTESIAN_POINT('Ctrl Pts',(-1.22598035600941,-0.383322251633041,
1.92516061495384));
#2877=CARTESIAN_POINT('Ctrl Pts',(-1.2264455518617,-0.382715188660551,1.92416299922921));
#2878=CARTESIAN_POINT('Ctrl Pts',(-1.22718300898238,-0.381739546376214,
1.92258151733033));
#2879=CARTESIAN_POINT('Ctrl Pts',(-1.22810408492811,-0.380514366189428,
1.92060626359039));
#2880=CARTESIAN_POINT('Ctrl Pts',(-1.22957848605834,-0.378558047069715,
1.91744440016301));
#2881=CARTESIAN_POINT('Ctrl Pts',(-1.23142490640201,-0.376126605588933,
1.91348473895785));
#2882=CARTESIAN_POINT('Ctrl Pts',(-1.23438827284222,-0.372274980851937,
1.90712977911882));
#2883=CARTESIAN_POINT('Ctrl Pts',(-1.23810963338658,-0.367536959200249,
1.89914929567772));
#2884=CARTESIAN_POINT('Ctrl Pts',(-1.2470997983362,-0.356415380351477,1.87986982472673));
#2885=CARTESIAN_POINT('Ctrl Pts',(-1.25875637273313,-0.343027910151269,
1.85487222026307));
#2886=CARTESIAN_POINT('Ctrl Pts',(-1.27119122595047,-0.330177266782816,
1.82820559148298));
#2887=CARTESIAN_POINT('Ctrl Pts',(-1.28377329875538,-0.31802167658343,1.80122324927849));
#2888=CARTESIAN_POINT('Ctrl Pts',(-1.29867268540734,-0.304934007917537,
1.76927141149202));
#2889=CARTESIAN_POINT('Ctrl Pts',(-1.31818921197865,-0.290293222278363,
1.72741808519553));
#2890=CARTESIAN_POINT('Ctrl Pts',(-1.33469643478028,-0.279965525938755,
1.69201823165905));
#2891=CARTESIAN_POINT('Ctrl Pts',(-1.34801265764122,-0.272849730760918,
1.66346149957871));
#2892=CARTESIAN_POINT('Ctrl Pts',(-1.35470157888301,-0.269676467616922,
1.64911706168494));
#2893=CARTESIAN_POINT('Ctrl Pts',(-1.35805223411827,-0.268186536168708,
1.6419315583447));
#2894=CARTESIAN_POINT('Ctrl Pts',(-1.35805225261923,-0.268186543852771,
1.64193151866926));
#2895=CARTESIAN_POINT('Ctrl Pts',(-1.35805225328204,-0.333416945319419,
1.64193151962228));
#2896=CARTESIAN_POINT('Ctrl Pts',(-1.36209479329053,-0.397870167278957,
1.64779908597091));
#2897=CARTESIAN_POINT('Ctrl Pts',(-1.38254112052758,-0.567931357655299,
1.67656774054088));
#2898=CARTESIAN_POINT('Ctrl Pts',(-1.40423833187846,-0.662428951715854,
1.70619563011485));
#2899=CARTESIAN_POINT('Ctrl Pts',(-1.43220909195509,-0.763391344731019,
1.7418138620109));
#2900=CARTESIAN_POINT('Ctrl Pts',(-1.43794418382903,-0.783184192726067,
1.7490181928132));
#2901=CARTESIAN_POINT('Ctrl Pts',(-1.44366553591821,-0.802336448933064,
1.75611471107184));
#2902=CARTESIAN_POINT('Ctrl Pts',(-1.4443622935214,-0.804658670120637,1.75697752240334));
#2903=CARTESIAN_POINT('Ctrl Pts',(-1.44576898668741,-0.809316942106768,
1.75871652589187));
#2904=CARTESIAN_POINT('Ctrl Pts',(-1.44648952771581,-0.811686235646677,
1.75960572478449));
#2905=CARTESIAN_POINT('Ctrl Pts',(-1.45000026687106,-0.823118724269296,
1.76393044910255));
#2906=CARTESIAN_POINT('Ctrl Pts',(-1.45271021639026,-0.831621684011509,
1.7672469926185));
#2907=CARTESIAN_POINT('Ctrl Pts',(-1.46203091438161,-0.859735707966382,
1.77857486568367));
#2908=CARTESIAN_POINT('Ctrl Pts',(-1.4688897120735,-0.878730698418379,1.78679052260203));
#2909=CARTESIAN_POINT('Ctrl Pts',(-1.49352761678521,-0.941409598255152,
1.81577118993952));
#2910=CARTESIAN_POINT('Ctrl Pts',(-1.51335842125167,-0.983267677460071,
1.83827824608788));
#2911=CARTESIAN_POINT('Ctrl Pts',(-1.55991421726267,-1.06481136968503,1.88830790240106));
#2912=CARTESIAN_POINT('Ctrl Pts',(-1.58692756431573,-1.1039893848324,1.91596578750024));
#2913=CARTESIAN_POINT('Ctrl Pts',(-1.63239260958715,-1.15821846659791,1.95948764478914));
#2914=CARTESIAN_POINT('Ctrl Pts',(-1.64856620513296,-1.17568599800507,1.97449817262421));
#2915=CARTESIAN_POINT('Ctrl Pts',(-1.66657826039182,-1.19324372660144,1.99063358158341));
#2916=CARTESIAN_POINT('Ctrl Pts',(-1.66763820046659,-1.19427031761255,1.99158106106496));
#2917=CARTESIAN_POINT('Ctrl Pts',(-1.66870109590358,-1.19529316673822,1.99252913738343));
#2918=CARTESIAN_POINT('Origin',(2.68682307023486,0.,2.57651635000042));
#2919=CARTESIAN_POINT('',(2.6356225079162,12.7236925640783,2.49061814036706));
#2920=CARTESIAN_POINT('',(2.70173625736653,12.7,2.47763461837331));
#2921=CARTESIAN_POINT('Ctrl Pts',(2.635622507916,12.7236925640781,2.49061814036697));
#2922=CARTESIAN_POINT('Ctrl Pts',(2.64406955863319,12.7172189567962,2.48558318389347));
#2923=CARTESIAN_POINT('Ctrl Pts',(2.65442023921702,12.711077920642,2.48119392952676));
#2924=CARTESIAN_POINT('Ctrl Pts',(2.6772989617421,12.7024269743155,2.4762828086156));
#2925=CARTESIAN_POINT('Ctrl Pts',(2.68987042642338,12.7,2.47584503242638));
#2926=CARTESIAN_POINT('Ctrl Pts',(2.70173625736653,12.7,2.47763461837331));
#2927=CARTESIAN_POINT('',(2.70173625568945,12.1952929418311,2.47763461812102));
#2928=CARTESIAN_POINT('',(2.70173625736653,0.,2.47763461837331));
#2929=CARTESIAN_POINT('',(2.59419058318448,12.25,2.53884378248955));
#2930=CARTESIAN_POINT('Ctrl Pts',(2.70173625511895,12.1952929410276,2.47763461803438));
#2931=CARTESIAN_POINT('Ctrl Pts',(2.70001777161392,12.1965410296172,2.47737543909686));
#2932=CARTESIAN_POINT('Ctrl Pts',(2.6982881790235,12.1977815415668,2.4771603994731));
#2933=CARTESIAN_POINT('Ctrl Pts',(2.68449293889037,12.2075518072239,2.47581229266323));
#2934=CARTESIAN_POINT('Ctrl Pts',(2.67193098461822,12.2156971063793,2.47679548744825));
#2935=CARTESIAN_POINT('Ctrl Pts',(2.64999462380883,12.228536934793,2.48301765403395));
#2936=CARTESIAN_POINT('Ctrl Pts',(2.64059332138757,12.2335702984966,2.48721729144815));
#2937=CARTESIAN_POINT('Ctrl Pts',(2.62488149236645,12.24104594119,2.49757672464459));
#2938=CARTESIAN_POINT('Ctrl Pts',(2.61841342532336,12.2437805213608,2.50306724034977));
#2939=CARTESIAN_POINT('Ctrl Pts',(2.60525797919439,12.2484390854449,2.51762849812082));
#2940=CARTESIAN_POINT('Ctrl Pts',(2.59918505893772,12.2498726836669,2.52705138931957));
#2941=CARTESIAN_POINT('Ctrl Pts',(2.59465002492676,12.2499953580376,2.53773187725291));
#2942=CARTESIAN_POINT('Ctrl Pts',(2.59452446938005,12.2499976978654,2.53803162708113));
#2943=CARTESIAN_POINT('Ctrl Pts',(2.59436025788919,12.2499993436635,2.53842909004742));
#2944=CARTESIAN_POINT('Ctrl Pts',(2.59432029433459,12.2499996311777,2.53852625275821));
#2945=CARTESIAN_POINT('Ctrl Pts',(2.59425503626409,12.2499999146988,2.53868562707836));
#2946=CARTESIAN_POINT('Ctrl Pts',(2.59422965126517,12.2499999784521,2.53874780126559));
#2947=CARTESIAN_POINT('Ctrl Pts',(2.59419875183037,12.2499999991308,2.53882370006875));
#2948=CARTESIAN_POINT('Ctrl Pts',(2.59419615525631,12.25,2.53883008140928));
#2949=CARTESIAN_POINT('Ctrl Pts',(2.5941905831845,12.25,2.53884378248951));
#2950=CARTESIAN_POINT('',(2.59419058318448,12.7,2.53884378248955));
#2951=CARTESIAN_POINT('',(2.59419058318448,0.,2.53884378248955));
#2952=CARTESIAN_POINT('Ctrl Pts',(2.59419058318448,12.7,2.53884378248955));
#2953=CARTESIAN_POINT('Ctrl Pts',(2.59832482212528,12.7,2.52867816701787));
#2954=CARTESIAN_POINT('Ctrl Pts',(2.60438078733978,12.7023321995543,2.51891621633278));
#2955=CARTESIAN_POINT('Ctrl Pts',(2.61857132911703,12.7106280374028,2.50261989002662));
#2956=CARTESIAN_POINT('Ctrl Pts',(2.62671148891686,12.7165834600921,2.49608619545572));
#2957=CARTESIAN_POINT('Ctrl Pts',(2.63483587318742,12.7230613852505,2.49109069676857));
#2958=CARTESIAN_POINT('Ctrl Pts',(2.6352284973085,12.7233757680845,2.49085299467592));
#2959=CARTESIAN_POINT('Ctrl Pts',(2.63562250791621,12.7236925640781,2.49061814036684));
#2960=CARTESIAN_POINT('Origin',(2.99999999999999,0.,0.499999985831119));
#2961=CARTESIAN_POINT('',(1.66870109998851,12.7,1.99252912753262));
#2962=CARTESIAN_POINT('Origin',(2.99999999999999,12.7,0.499999985831119));
#2963=CARTESIAN_POINT('',(1.66870110067367,12.1952931660417,1.99252912814403));
#2964=CARTESIAN_POINT('',(1.66870109998851,0.,1.99252912753262));
#2965=CARTESIAN_POINT('',(1.3580522549038,11.2681865275851,1.64193151376999));
#2966=CARTESIAN_POINT('Ctrl Pts',(1.35805225638605,11.2681865262669,1.64193151059129));
#2967=CARTESIAN_POINT('Ctrl Pts',(1.35805225638605,11.3334731825879,1.64193151059129));
#2968=CARTESIAN_POINT('Ctrl Pts',(1.36210171265394,11.3979805905778,1.64780919791176));
#2969=CARTESIAN_POINT('Ctrl Pts',(1.38259142028615,11.5682616830813,1.67663785227403));
#2970=CARTESIAN_POINT('Ctrl Pts',(1.40434687354783,11.662893759209,1.70634144126793));
#2971=CARTESIAN_POINT('Ctrl Pts',(1.43181092533512,11.7619390728153,1.74130525266319));
#2972=CARTESIAN_POINT('Ctrl Pts',(1.43669210672625,11.7788691861746,1.74744779186537));
#2973=CARTESIAN_POINT('Ctrl Pts',(1.44194389958748,11.7965668178349,1.75397838024004));
#2974=CARTESIAN_POINT('Ctrl Pts',(1.44244463166867,11.798249010935,1.7546002820169));
#2975=CARTESIAN_POINT('Ctrl Pts',(1.44361946530707,11.8021827480187,1.75605762607454));
#2976=CARTESIAN_POINT('Ctrl Pts',(1.44432632876928,11.8045391554651,1.75693301015415));
#2977=CARTESIAN_POINT('Ctrl Pts',(1.44573171602261,11.809193900966,1.75867047502874));
#2978=CARTESIAN_POINT('Ctrl Pts',(1.44644260672739,11.8115322051363,1.7595478246539));
#2979=CARTESIAN_POINT('Ctrl Pts',(1.44988742193168,11.8227555612482,1.76379173533645));
#2980=CARTESIAN_POINT('Ctrl Pts',(1.45253898671657,11.831086441878,1.7670375383621));
#2981=CARTESIAN_POINT('Ctrl Pts',(1.46174742597805,11.8589205825734,1.77823316803964));
#2982=CARTESIAN_POINT('Ctrl Pts',(1.4685490069159,11.8778059233624,1.78638419589625));
#2983=CARTESIAN_POINT('Ctrl Pts',(1.49306884368127,11.9403745242345,1.81524418311419));
#2984=CARTESIAN_POINT('Ctrl Pts',(1.51283839211571,11.9822314087453,1.83769830251315));
#2985=CARTESIAN_POINT('Ctrl Pts',(1.55927076863492,12.0638150454943,1.88763841527546));
#2986=CARTESIAN_POINT('Ctrl Pts',(1.58622470491347,12.1030316528518,1.9152621355009));
#2987=CARTESIAN_POINT('Ctrl Pts',(1.63159956985075,12.1573314078782,1.95874368105421));
#2988=CARTESIAN_POINT('Ctrl Pts',(1.64774394252304,12.1748260373106,1.97374367591506));
#2989=CARTESIAN_POINT('Ctrl Pts',(1.66600879312989,12.1926916937678,1.990124374426));
#2990=CARTESIAN_POINT('Ctrl Pts',(1.66735256801587,12.1939954408786,1.99132627053038));
#2991=CARTESIAN_POINT('Ctrl Pts',(1.66870110090683,12.1952931656067,1.99252912835203));
#2992=CARTESIAN_POINT('',(1.35805225638605,-1.7,1.64193151059129));
#2993=CARTESIAN_POINT('',(1.35805225638605,0.,1.64193151059129));
#2994=CARTESIAN_POINT('',(3.16797947786922,-1.7,2.49293322480697));
#2995=CARTESIAN_POINT('Origin',(2.99999999999999,-1.7,0.499999985831119));
#2996=CARTESIAN_POINT('',(3.16797946428071,11.2694033254002,2.49293325394765));
#2997=CARTESIAN_POINT('',(3.16797947786922,0.,2.49293322480697));
#2998=CARTESIAN_POINT('Ctrl Pts',(2.70173625511895,12.1952929410276,2.47763461803438));
#2999=CARTESIAN_POINT('Ctrl Pts',(2.72027580074117,12.1818281650192,2.48043072314684));
#3000=CARTESIAN_POINT('Ctrl Pts',(2.73839408869326,12.1677255936131,2.48289655474608));
#3001=CARTESIAN_POINT('Ctrl Pts',(2.77738958671864,12.1352247643303,2.48768880443332));
#3002=CARTESIAN_POINT('Ctrl Pts',(2.79803272155305,12.1165617881488,2.48987630434186));
#3003=CARTESIAN_POINT('Ctrl Pts',(2.8374481497832,12.0779131228737,2.49347978107486));
#3004=CARTESIAN_POINT('Ctrl Pts',(2.85622892827617,12.0579735279503,2.49490701446731));
#3005=CARTESIAN_POINT('Ctrl Pts',(2.89170823671133,12.0171473437328,2.49714312526697));
#3006=CARTESIAN_POINT('Ctrl Pts',(2.90843259859891,11.9963153219143,2.49796602667148));
#3007=CARTESIAN_POINT('Ctrl Pts',(2.97388700482495,11.9078834950215,2.50044447499219));
#3008=CARTESIAN_POINT('Ctrl Pts',(3.00510369850118,11.8484539590631,2.50007334845226));
#3009=CARTESIAN_POINT('Ctrl Pts',(3.02451736863065,11.8082536178228,2.49985029800632));
#3010=CARTESIAN_POINT('Ctrl Pts',(3.02600144739294,11.8051423329253,2.49983153977855));
#3011=CARTESIAN_POINT('Ctrl Pts',(3.02848077339517,11.7998975172185,2.4997974157268));
#3012=CARTESIAN_POINT('Ctrl Pts',(3.02945079995798,11.7978342845725,2.49978335831953));
#3013=CARTESIAN_POINT('Ctrl Pts',(3.03285185628884,11.7905749716064,2.49973166950438));
#3014=CARTESIAN_POINT('Ctrl Pts',(3.03541952399418,11.7850471086338,2.49968788557393));
#3015=CARTESIAN_POINT('Ctrl Pts',(3.04487577917681,11.7645261052298,2.49950857747163));
#3016=CARTESIAN_POINT('Ctrl Pts',(3.05175775680089,11.7492473742277,2.49934133524032));
#3017=CARTESIAN_POINT('Ctrl Pts',(3.06725853425203,11.7137386042803,2.49888820537703));
#3018=CARTESIAN_POINT('Ctrl Pts',(3.0757407372984,11.693465968452,2.49858172988387));
#3019=CARTESIAN_POINT('Ctrl Pts',(3.11193756777885,11.6018520564549,2.49706309823037));
#3020=CARTESIAN_POINT('Ctrl Pts',(3.13447423626004,11.5303922959043,2.49552901939391));
#3021=CARTESIAN_POINT('Ctrl Pts',(3.16145213394332,11.3942015207365,2.49351021112194));
#3022=CARTESIAN_POINT('Ctrl Pts',(3.16797947699932,11.3321440979289,2.49293322488029));
#3023=CARTESIAN_POINT('Ctrl Pts',(3.16797947786923,11.2694033254002,2.49293322480697));
#3024=CARTESIAN_POINT('Origin',(2.99999999999999,12.85,0.499999985831119));
#3025=CARTESIAN_POINT('',(2.79870278840143,13.,2.79117423337377));
#3026=CARTESIAN_POINT('Ctrl Pts',(2.79870278840143,13.,2.79117423337377));
#3027=CARTESIAN_POINT('Ctrl Pts',(2.75270596773499,12.9091415021887,2.69592456960746));
#3028=CARTESIAN_POINT('Ctrl Pts',(2.6971585215348,12.8092826050061,2.58889427999452));
#3029=CARTESIAN_POINT('Ctrl Pts',(2.63562250791629,12.7236925640783,2.49061814036721));
#3030=CARTESIAN_POINT('',(1.36550548530882,13.,2.1181556277409));
#3031=CARTESIAN_POINT('Origin',(2.99999999999999,13.,0.499999985831119));
#3032=CARTESIAN_POINT('',(1.70093384350025,12.7236925640783,2.05169541823477));
#3033=CARTESIAN_POINT('Ctrl Pts',(1.36550548530882,13.,2.1181556277409));
#3034=CARTESIAN_POINT('Ctrl Pts',(1.46817572625004,12.9091415021887,2.09271889084155));
#3035=CARTESIAN_POINT('Ctrl Pts',(1.58601063465286,12.8092826050061,2.06710764261563));
#3036=CARTESIAN_POINT('Ctrl Pts',(1.70093384350008,12.7236925640783,2.05169541823479));
#3037=CARTESIAN_POINT('Ctrl Pts',(1.66870109998851,12.7,1.99252912753262));
#3038=CARTESIAN_POINT('Ctrl Pts',(1.67765629230854,12.7,2.00051693651534));
#3039=CARTESIAN_POINT('Ctrl Pts',(1.68534818778902,12.7024269743155,2.01047023326274));
#3040=CARTESIAN_POINT('Ctrl Pts',(1.69618058350974,12.711077920642,2.03121184014199));
#3041=CARTESIAN_POINT('Ctrl Pts',(1.69941352299448,12.7172189567962,2.0419798596782));
#3042=CARTESIAN_POINT('Ctrl Pts',(1.70093384350045,12.7236925640781,2.05169541823486));
#3043=CARTESIAN_POINT('Origin',(2.13102814793257,12.85,2.35048094493523));
#3044=CARTESIAN_POINT('',(1.69028482047871,12.7,2.11437647800395));
#3045=CARTESIAN_POINT('Origin',(2.13102814793257,12.7,2.35048094493523));
#3046=CARTESIAN_POINT('Ctrl Pts',(1.70093384350041,12.7236925640781,2.05169541823462));
#3047=CARTESIAN_POINT('Ctrl Pts',(1.70100475856961,12.7233757676721,2.05214859866904));
#3048=CARTESIAN_POINT('Ctrl Pts',(1.70107259669998,12.7230613848285,2.0526025303772));
#3049=CARTESIAN_POINT('Ctrl Pts',(1.70241720893186,12.7165834600921,2.06204459757689));
#3050=CARTESIAN_POINT('Ctrl Pts',(1.70258825834926,12.7106280374028,2.0724811730885));
#3051=CARTESIAN_POINT('Ctrl Pts',(1.69911106184563,12.7023321995543,2.09380840524562));
#3052=CARTESIAN_POINT('Ctrl Pts',(1.69546690572417,12.7,2.10470292322577));
#3053=CARTESIAN_POINT('Ctrl Pts',(1.69028482047871,12.7,2.11437647800395));
#3054=CARTESIAN_POINT('Origin',(2.13102814793257,13.,2.35048094493523));
#3055=CARTESIAN_POINT('Origin',(1.60213615498794,0.,2.0671555846177));
#3056=CARTESIAN_POINT('',(1.69028482047871,12.25,2.11437647800395));
#3057=CARTESIAN_POINT('Ctrl Pts',(1.69033035742206,12.25,2.11443534892696));
#3058=CARTESIAN_POINT('Ctrl Pts',(1.69033607144151,12.25,2.11442478867125));
#3059=CARTESIAN_POINT('Ctrl Pts',(1.69034178355927,12.2499999984983,2.11441422740489));
#3060=CARTESIAN_POINT('Ctrl Pts',(1.69034749377544,12.249999995495,2.1144036651276));
#3061=CARTESIAN_POINT('Ctrl Pts',(1.69036310588963,12.2499999872838,2.11437478715271));
#3062=CARTESIAN_POINT('Ctrl Pts',(1.69037870378184,12.2499999678474,2.11434590163463));
#3063=CARTESIAN_POINT('Ctrl Pts',(1.69039428744826,12.2499999371861,2.11431700857892));
#3064=CARTESIAN_POINT('Ctrl Pts',(1.69043184813669,12.2499998632842,2.11424736880137));
#3065=CARTESIAN_POINT('Ctrl Pts',(1.69046932611541,12.2499997241723,2.11417768535932));
#3066=CARTESIAN_POINT('Ctrl Pts',(1.69050672130752,12.2499995198513,2.11410795837531));
#3067=CARTESIAN_POINT('Ctrl Pts',(1.69056678390741,12.2499991916795,2.11399596579803));
#3068=CARTESIAN_POINT('Ctrl Pts',(1.69062663266009,12.2499986952864,2.11388386141349));
#3069=CARTESIAN_POINT('Ctrl Pts',(1.69068626720197,12.2499980306808,2.11377164582777));
#3070=CARTESIAN_POINT('Ctrl Pts',(1.69099613042586,12.249994577366,2.11318856960941));
#3071=CARTESIAN_POINT('Ctrl Pts',(1.69130018462081,12.249986582825,2.11260253920705));
#3072=CARTESIAN_POINT('Ctrl Pts',(1.69159838297141,12.2499740503224,2.11201363904045));
#3073=CARTESIAN_POINT('Ctrl Pts',(1.69533777825899,12.2498168932455,2.10462885470715));
#3074=CARTESIAN_POINT('Ctrl Pts',(1.69811319989023,12.2489488207469,2.09687703927544));
#3075=CARTESIAN_POINT('Ctrl Pts',(1.69990326093389,12.2474183757809,2.08894375671436));
#3076=CARTESIAN_POINT('Ctrl Pts',(1.69997074524921,12.2473606788487,2.08864467633181));
#3077=CARTESIAN_POINT('Ctrl Pts',(1.70003680421718,12.2473020618039,2.08834545345619));
#3078=CARTESIAN_POINT('Ctrl Pts',(1.70010144023654,12.2472425292186,2.08804609860657));
#3079=CARTESIAN_POINT('Ctrl Pts',(1.70170384679824,12.2457666430778,2.08062472303638));
#3080=CARTESIAN_POINT('Ctrl Pts',(1.70242081532492,12.2437389084652,2.0731732977606));
#3081=CARTESIAN_POINT('Ctrl Pts',(1.70232633668788,12.2412435717273,2.0658391934231));
#3082=CARTESIAN_POINT('Ctrl Pts',(1.70221779540536,12.2383768173106,2.05741344643537));
#3083=CARTESIAN_POINT('Ctrl Pts',(1.7010440153169,12.2349289840331,2.04924305588403));
#3084=CARTESIAN_POINT('Ctrl Pts',(1.69897844758009,12.2310414444951,2.04149159375995));
#3085=CARTESIAN_POINT('Ctrl Pts',(1.69843083833948,12.2300108065081,2.03943657895132));
#3086=CARTESIAN_POINT('Ctrl Pts',(1.69782074915858,12.228949284899,2.03741080383077));
#3087=CARTESIAN_POINT('Ctrl Pts',(1.69715183682704,12.2278595939287,2.03541688966311));
#3088=CARTESIAN_POINT('Ctrl Pts',(1.69442451074114,12.2234166460736,2.02728719333979));
#3089=CARTESIAN_POINT('Ctrl Pts',(1.69073551160426,12.2185320143017,2.01973712344173));
#3090=CARTESIAN_POINT('Ctrl Pts',(1.68629355706577,12.2133530438673,2.01287577417438));
#3091=CARTESIAN_POINT('Ctrl Pts',(1.68465318233751,12.2114404956534,2.01034193825993));
#3092=CARTESIAN_POINT('Ctrl Pts',(1.682910542822,12.2094879871447,2.00790174272645));
#3093=CARTESIAN_POINT('Ctrl Pts',(1.68107746226671,12.207503685217,2.00555981593622));
#3094=CARTESIAN_POINT('Ctrl Pts',(1.67740553322027,12.2035288375956,2.00086859329446));
#3095=CARTESIAN_POINT('Ctrl Pts',(1.67336843397312,12.1994254620759,1.9965724418325));
#3096=CARTESIAN_POINT('Ctrl Pts',(1.66902864062883,12.1952357414545,1.99269045188692));
#3097=CARTESIAN_POINT('',(1.69028482047871,0.,2.11437647800395));
#3098=CARTESIAN_POINT('Origin',(2.99999999999999,-1.85,0.499999985831119));
#3099=CARTESIAN_POINT('',(1.33370734653232,-1.75,1.69413933825179));
#3100=CARTESIAN_POINT('',(1.04769671372436,-2.,1.71594072385965));
#3101=CARTESIAN_POINT('Ctrl Pts',(1.33370734653232,-1.75,1.69413933825179));
#3102=CARTESIAN_POINT('Ctrl Pts',(1.19499225240297,-1.87026626347473,1.70704059455757));
#3103=CARTESIAN_POINT('Ctrl Pts',(1.04769671372436,-2.,1.71594072385965));
#3104=CARTESIAN_POINT('',(3.31045145687185,-2.,2.77895147564527));
#3105=CARTESIAN_POINT('Origin',(2.99999999999999,-2.,0.499999985831119));
#3106=CARTESIAN_POINT('',(3.1437209519686,-1.75,2.54495580148221));
#3107=CARTESIAN_POINT('Ctrl Pts',(3.31045145687185,-2.,2.77895147564527));
#3108=CARTESIAN_POINT('Ctrl Pts',(3.22278159286558,-1.87025038666088,2.65994636523039));
#3109=CARTESIAN_POINT('Ctrl Pts',(3.1437209519686,-1.75,2.54495580148221));
#3110=CARTESIAN_POINT('Ctrl Pts',(3.1437209519686,-1.75,2.54495580148222));
#3111=CARTESIAN_POINT('Ctrl Pts',(3.15599995890595,-1.72459323153546,2.51862338612808));
#3112=CARTESIAN_POINT('Ctrl Pts',(3.16797947786922,-1.7,2.49293322480697));
#3113=CARTESIAN_POINT('Ctrl Pts',(1.35805225638605,-1.7,1.64193151059129));
#3114=CARTESIAN_POINT('Ctrl Pts',(1.3460300786805,-1.72459032939447,1.66771315388043));
#3115=CARTESIAN_POINT('Ctrl Pts',(1.33370734653232,-1.75,1.6941393382518));
#3116=CARTESIAN_POINT('Origin',(1.22472036089592,13.,1.92786268319453));
#3117=CARTESIAN_POINT('',(1.22472036089592,11.3845521390632,1.92786268319453));
#3118=CARTESIAN_POINT('Ctrl Pts',(1.2247203608959,11.3845521390632,1.92786268319456));
#3119=CARTESIAN_POINT('Ctrl Pts',(1.22477316802996,11.3845521390632,1.92774943793012));
#3120=CARTESIAN_POINT('Ctrl Pts',(1.22487905129532,11.3845239314165,1.92752237053478));
#3121=CARTESIAN_POINT('Ctrl Pts',(1.2250842374082,11.3843815533978,1.92708234749574));
#3122=CARTESIAN_POINT('Ctrl Pts',(1.22532495660102,11.3841294940695,1.92656612352083));
#3123=CARTESIAN_POINT('Ctrl Pts',(1.22560743917892,11.3837930605785,1.9259603376776));
#3124=CARTESIAN_POINT('Ctrl Pts',(1.22598040498913,11.383322196461,1.92516050991648));
#3125=CARTESIAN_POINT('Ctrl Pts',(1.2264450599799,11.3827158332937,1.92416405407314));
#3126=CARTESIAN_POINT('Ctrl Pts',(1.22718196377827,11.3817409438174,1.92258375877778));
#3127=CARTESIAN_POINT('Ctrl Pts',(1.22810285720904,11.3805160036845,1.92060889644245));
#3128=CARTESIAN_POINT('Ctrl Pts',(1.2295765963564,11.3785605707842,1.91744845264191));
#3129=CARTESIAN_POINT('Ctrl Pts',(1.23105329093666,11.3766159239754,1.91428167089505));
#3130=CARTESIAN_POINT('Ctrl Pts',(1.23253322600124,11.3746861123805,1.91110793990715));
#3131=CARTESIAN_POINT('Ctrl Pts',(1.23475666697857,11.3718059459686,1.90633975534393));
#3132=CARTESIAN_POINT('Ctrl Pts',(1.23810461207967,11.3675433512641,1.89916006390514));
#3133=CARTESIAN_POINT('Ctrl Pts',(1.24309734928418,11.3613665848395,1.88845310441777));
#3134=CARTESIAN_POINT('Ctrl Pts',(1.25063667657777,11.352353547464,1.8722849648607));
#3135=CARTESIAN_POINT('Ctrl Pts',(1.26286885512077,11.3385903682653,1.84605297332231));
#3136=CARTESIAN_POINT('Ctrl Pts',(1.27953313383845,11.3217446370127,1.81031631228695));
#3137=CARTESIAN_POINT('Ctrl Pts',(1.29869750428212,11.3049136481379,1.76921818724329));
#3138=CARTESIAN_POINT('Ctrl Pts',(1.31821478040229,11.2902758383049,1.72736325353408));
#3139=CARTESIAN_POINT('Ctrl Pts',(1.33801559259096,11.2778904802823,1.68490027476378));
#3140=CARTESIAN_POINT('Ctrl Pts',(1.35135777481328,11.2711633517467,1.65628787265331));
#3141=CARTESIAN_POINT('Ctrl Pts',(1.35805225485323,11.2681865269485,1.64193151387842));
#3142=CARTESIAN_POINT('',(1.22472036089592,-1.75,1.92786268319453));
#3143=CARTESIAN_POINT('',(1.22472036089592,13.,1.92786268319453));
#3144=CARTESIAN_POINT('',(1.65670990294874,-1.75,1.00145812067449));
#3145=CARTESIAN_POINT('Origin',(3.90231108963899,13.,0.918154001417781));
#3146=CARTESIAN_POINT('',(3.03733593496922,-1.75,2.77309920667593));
#3147=CARTESIAN_POINT('',(3.90181305435693,-1.75,0.919222041526817));
#3148=CARTESIAN_POINT('',(3.03733593496922,11.3845521390632,2.77309920667593));
#3149=CARTESIAN_POINT('',(3.03733593496922,13.,2.77309920667593));
#3150=CARTESIAN_POINT('Ctrl Pts',(3.16797946378467,11.2694033193702,2.49293325501139));
#3151=CARTESIAN_POINT('Ctrl Pts',(3.16715846528898,11.2697814465109,2.49469389196713));
#3152=CARTESIAN_POINT('Ctrl Pts',(3.16551772172695,11.2705491074524,2.4982124778907));
#3153=CARTESIAN_POINT('Ctrl Pts',(3.16224176976661,11.2721297405576,2.5052377795409));
#3154=CARTESIAN_POINT('Ctrl Pts',(3.15652233487546,11.2750151661707,2.51750314724637));
#3155=CARTESIAN_POINT('Ctrl Pts',(3.14514989798394,11.2812555680749,2.54189141686329));
#3156=CARTESIAN_POINT('Ctrl Pts',(3.13469855363912,11.2879235950562,2.56430439713936));
#3157=CARTESIAN_POINT('Ctrl Pts',(3.12670823265148,11.2935659268868,2.58143969579446));
#3158=CARTESIAN_POINT('Ctrl Pts',(3.12351766174865,11.2958677774598,2.58828189717596));
#3159=CARTESIAN_POINT('Ctrl Pts',(3.11794822459122,11.300014213543,2.6002255937034));
#3160=CARTESIAN_POINT('Ctrl Pts',(3.11003520207652,11.3062734402445,2.61719512524834));
#3161=CARTESIAN_POINT('Ctrl Pts',(3.10218643585422,11.3129754856886,2.63402685872951));
#3162=CARTESIAN_POINT('Ctrl Pts',(3.09672954089706,11.3178963205937,2.64572920772964));
#3163=CARTESIAN_POINT('Ctrl Pts',(3.09362245667493,11.3207732875325,2.6523923713466));
#3164=CARTESIAN_POINT('Ctrl Pts',(3.085873599721,11.3280737664744,2.66900984871035));
#3165=CARTESIAN_POINT('Ctrl Pts',(3.07693542961764,11.3371558889406,2.68817781635371));
#3166=CARTESIAN_POINT('Ctrl Pts',(3.06687919912524,11.3482750164202,2.70974347223891));
#3167=CARTESIAN_POINT('Ctrl Pts',(3.06088893731322,11.3551724498516,2.72258963015043));
#3168=CARTESIAN_POINT('Ctrl Pts',(3.055441173186,11.3616983098131,2.73427239802257));
#3169=CARTESIAN_POINT('Ctrl Pts',(3.05052398843706,11.3677907336325,2.74481733474609));
#3170=CARTESIAN_POINT('Ctrl Pts',(3.04685918221356,11.3724616333139,2.75267653705472));
#3171=CARTESIAN_POINT('Ctrl Pts',(3.04394055316965,11.3762578754666,2.75893555723779));
#3172=CARTESIAN_POINT('Ctrl Pts',(3.04212254303394,11.3786528706626,2.76283429255537));
#3173=CARTESIAN_POINT('Ctrl Pts',(3.04066950804396,11.3805814120915,2.76595033614711));
#3174=CARTESIAN_POINT('Ctrl Pts',(3.03958258467688,11.3820268050674,2.76828125082989));
#3175=CARTESIAN_POINT('Ctrl Pts',(3.03866973838765,11.3832331895936,2.77023885601449));
#3176=CARTESIAN_POINT('Ctrl Pts',(3.03802707558961,11.3840394359403,2.77161705083245));
#3177=CARTESIAN_POINT('Ctrl Pts',(3.03769471103413,11.3843860624671,2.77232980892181));
#3178=CARTESIAN_POINT('Ctrl Pts',(3.03749226949231,11.3845247639967,2.77276394620925));
#3179=CARTESIAN_POINT('Ctrl Pts',(3.03738796901471,11.3845521390632,2.77298761930527));
#3180=CARTESIAN_POINT('Ctrl Pts',(3.03733593496926,11.3845521390632,2.77309920667585));
#3181=CARTESIAN_POINT('Origin',(2.99999999999999,-2.,0.499999985831119));
#3182=CARTESIAN_POINT('',(6.60000000000001,-2.,-3.11424285877147E-9));
#3183=CARTESIAN_POINT('',(-6.6,-2.,-3.14481100844361E-7));
#3184=CARTESIAN_POINT('Origin',(0.,-2.,0.));
#3185=CARTESIAN_POINT('',(-6.59999999999997,-2.,-3.6811309201595));
#3186=CARTESIAN_POINT('',(-6.59999999999997,-2.,-1.59056546716419));
#3187=CARTESIAN_POINT('',(-5.44186046511625,-2.,-4.3103543174813));
#3188=CARTESIAN_POINT('Origin',(-5.84999999999997,-2.,-3.68113089129239));
#3189=CARTESIAN_POINT('',(5.44186046511628,-2.,-4.31035431748131));
#3190=CARTESIAN_POINT('Origin',(1.54074395550979E-32,-2.,-12.7));
#3191=CARTESIAN_POINT('',(6.60000000000001,-2.,-3.68113092017717));
#3192=CARTESIAN_POINT('Origin',(5.85,-2.,-3.68113089129242));
#3193=CARTESIAN_POINT('',(6.60000000000002,-2.,0.249999992915554));
#3194=CARTESIAN_POINT('',(0.998143414136755,-2.,1.82220811775936));
#3195=CARTESIAN_POINT('',(1.43013295618958,-2.,0.895803555239318));
#3196=CARTESIAN_POINT('',(3.26391288172838,-2.,2.8787537721111));
#3197=CARTESIAN_POINT('Origin',(2.13102814793257,-2.,2.35048094493523));
#3198=CARTESIAN_POINT('',(4.12839000111609,-2.,1.02487660696199));
#3199=CARTESIAN_POINT('',(0.658955523276104,-2.,1.22250310554798));
#3200=CARTESIAN_POINT('',(0.0934486114294913,-2.,1.99939181149484));
#3201=CARTESIAN_POINT('Ctrl Pts',(0.658955523276104,-2.,1.22250310554798));
#3202=CARTESIAN_POINT('Ctrl Pts',(0.706034223689802,-2.,1.37504685043591));
#3203=CARTESIAN_POINT('Ctrl Pts',(0.666005374442628,-2.,1.77585982776105));
#3204=CARTESIAN_POINT('Ctrl Pts',(0.306288373122586,-2.,1.9966210760312));
#3205=CARTESIAN_POINT('Ctrl Pts',(0.0934486114294913,-2.,1.99939181149484));
#3206=CARTESIAN_POINT('',(0.892856531329175,-2.,-0.749978574960196));
#3207=CARTESIAN_POINT('Origin',(2.99999999999999,-2.,0.499999985831119));
#3208=CARTESIAN_POINT('',(0.35741428561344,-2.,-1.65578182810393));
#3209=CARTESIAN_POINT('Origin',(0.376821396144486,-2.,-1.05609577352134));
#3210=CARTESIAN_POINT('',(-0.357414293354671,-2.,-1.65578182835445));
#3211=CARTESIAN_POINT('Origin',(1.54074395550979E-32,-2.,-12.7));
#3212=CARTESIAN_POINT('',(-0.892856537885193,-2.,-0.749978572517772));
#3213=CARTESIAN_POINT('Origin',(-0.376821404306056,-2.,-1.05609577378546));
#3214=CARTESIAN_POINT('',(-0.658955519944144,-2.,1.22250310824594));
#3215=CARTESIAN_POINT('Origin',(-3.,-2.,0.499999999325291));
#3216=CARTESIAN_POINT('',(-0.0934486069031443,-2.,1.99939181155377));
#3217=CARTESIAN_POINT('Ctrl Pts',(-0.0934486069031426,-2.,1.99939181155376));
#3218=CARTESIAN_POINT('Ctrl Pts',(-0.253078427830556,-2.,1.99731376006119));
#3219=CARTESIAN_POINT('Ctrl Pts',(-0.622194290631743,-2.,1.83604733009801));
#3220=CARTESIAN_POINT('Ctrl Pts',(-0.721727119422598,-2.,1.42589476794806));
#3221=CARTESIAN_POINT('Ctrl Pts',(-0.658955519944144,-2.,1.22250310824594));
#3222=CARTESIAN_POINT('',(4.19109191795997E-13,-2.,2.));
#3223=CARTESIAN_POINT('Ctrl Pts',(4.19109191795997E-13,-2.,2.));
#3224=CARTESIAN_POINT('Ctrl Pts',(-0.0311464775778038,-2.,2.));
#3225=CARTESIAN_POINT('Ctrl Pts',(-0.0622976174395064,-2.,1.99979733327755));
#3226=CARTESIAN_POINT('Ctrl Pts',(-0.0934486069031443,-2.,1.99939181155377));
#3227=CARTESIAN_POINT('Ctrl Pts',(0.0934486114294913,-2.,1.99939181149484));
#3228=CARTESIAN_POINT('Ctrl Pts',(0.0622976204573482,-2.,1.99979733325792));
#3229=CARTESIAN_POINT('Ctrl Pts',(0.0311464790869106,-2.,2.));
#3230=CARTESIAN_POINT('Ctrl Pts',(4.19109191795997E-13,-2.,2.));
#3231=CARTESIAN_POINT('Origin',(-3.,12.85,0.499999999325291));
#3232=CARTESIAN_POINT('',(-1.3337073427203,12.75,1.69413934642669));
#3233=CARTESIAN_POINT('',(-1.04769671012601,13.,1.71594073157634));
#3234=CARTESIAN_POINT('Ctrl Pts',(-1.3337073427203,12.75,1.69413934642669));
#3235=CARTESIAN_POINT('Ctrl Pts',(-1.19499224869035,12.8702662634829,1.7070406024999));
#3236=CARTESIAN_POINT('Ctrl Pts',(-1.04769671012601,13.,1.71594073157634));
#3237=CARTESIAN_POINT('',(-3.31045145015259,13.,2.77895149005478));
#3238=CARTESIAN_POINT('Origin',(-3.,13.,0.499999999325291));
#3239=CARTESIAN_POINT('',(-3.14372094546296,12.75,2.54495581543361));
#3240=CARTESIAN_POINT('Ctrl Pts',(-3.31045145015259,13.,2.77895149005478));
#3241=CARTESIAN_POINT('Ctrl Pts',(-3.22278158624568,12.8702503866527,2.65994637940739));
#3242=CARTESIAN_POINT('Ctrl Pts',(-3.14372094546296,12.75,2.54495581543361));
#3243=CARTESIAN_POINT('',(-3.16797947131935,12.7,2.49293323885322));
#3244=CARTESIAN_POINT('Ctrl Pts',(-3.14372094546296,12.75,2.54495581543361));
#3245=CARTESIAN_POINT('Ctrl Pts',(-3.15599995237792,12.7245932315369,2.51862340012749));
#3246=CARTESIAN_POINT('Ctrl Pts',(-3.16797947131935,12.7,2.49293323885322));
#3247=CARTESIAN_POINT('',(-1.35805225261923,12.7,1.64193151866926));
#3248=CARTESIAN_POINT('Origin',(-3.,12.7,0.499999999325291));
#3249=CARTESIAN_POINT('Ctrl Pts',(-1.35805225261923,12.7,1.64193151866926));
#3250=CARTESIAN_POINT('Ctrl Pts',(-1.34603007489136,12.724590329393,1.66771316200627));
#3251=CARTESIAN_POINT('Ctrl Pts',(-1.3337073427203,12.75,1.69413934642669));
#3252=CARTESIAN_POINT('Origin',(2.99999999999999,13.,0.499999985831119));
#3253=CARTESIAN_POINT('',(-6.6,13.,-3.14481100844361E-7));
#3254=CARTESIAN_POINT('',(6.60000000000001,13.,-3.11424285877147E-9));
#3255=CARTESIAN_POINT('Origin',(0.,13.,0.));
#3256=CARTESIAN_POINT('',(6.60000000000001,13.,-3.68113092017717));
#3257=CARTESIAN_POINT('',(6.60000000000002,13.,0.249999992915554));
#3258=CARTESIAN_POINT('',(5.44186046511628,13.,-4.31035431748131));
#3259=CARTESIAN_POINT('Origin',(5.85,13.,-3.68113089129242));
#3260=CARTESIAN_POINT('',(-5.44186046511625,13.,-4.3103543174813));
#3261=CARTESIAN_POINT('Origin',(1.54074395550979E-32,13.,-12.7));
#3262=CARTESIAN_POINT('',(-6.59999999999997,13.,-3.6811309201595));
#3263=CARTESIAN_POINT('Origin',(-5.84999999999997,13.,-3.68113089129239));
#3264=CARTESIAN_POINT('',(-6.59999999999997,13.,-1.59056546716419));
#3265=CARTESIAN_POINT('',(-0.658955519944144,13.,1.22250310824594));
#3266=CARTESIAN_POINT('',(-0.0934486069031426,13.,1.99939181155377));
#3267=CARTESIAN_POINT('Ctrl Pts',(-0.658955519944144,13.,1.22250310824594));
#3268=CARTESIAN_POINT('Ctrl Pts',(-0.706034219552984,13.,1.37504685302253));
#3269=CARTESIAN_POINT('Ctrl Pts',(-0.665977650808404,13.,1.7758476291254));
#3270=CARTESIAN_POINT('Ctrl Pts',(-0.306288368139694,13.,1.99662107623033));
#3271=CARTESIAN_POINT('Ctrl Pts',(-0.0934486069031426,13.,1.99939181155377));
#3272=CARTESIAN_POINT('',(-0.892856537885193,13.,-0.749978572517773));
#3273=CARTESIAN_POINT('Origin',(-3.,13.,0.499999999325291));
#3274=CARTESIAN_POINT('',(-0.35741429335467,13.,-1.65578182835445));
#3275=CARTESIAN_POINT('Origin',(-0.376821404306056,13.,-1.05609577378546));
#3276=CARTESIAN_POINT('',(0.357414285613439,13.,-1.65578182810393));
#3277=CARTESIAN_POINT('Origin',(1.54074395550979E-32,13.,-12.7));
#3278=CARTESIAN_POINT('',(0.892856531329175,13.,-0.749978574960196));
#3279=CARTESIAN_POINT('Origin',(0.376821396144486,13.,-1.05609577352134));
#3280=CARTESIAN_POINT('',(0.658955523276104,13.,1.22250310554798));
#3281=CARTESIAN_POINT('Origin',(2.99999999999999,13.,0.499999985831119));
#3282=CARTESIAN_POINT('',(0.0934486114294913,13.,1.99939181149484));
#3283=CARTESIAN_POINT('Ctrl Pts',(0.0934486114294908,13.,1.99939181149484));
#3284=CARTESIAN_POINT('Ctrl Pts',(0.253078432699312,13.,1.99731375989711));
#3285=CARTESIAN_POINT('Ctrl Pts',(0.622174110473277,13.,1.83602463629526));
#3286=CARTESIAN_POINT('Ctrl Pts',(0.7217271238277,13.,1.42589476539855));
#3287=CARTESIAN_POINT('Ctrl Pts',(0.658955523276104,13.,1.22250310554798));
#3288=CARTESIAN_POINT('',(5.55111512312578E-16,13.,2.));
#3289=CARTESIAN_POINT('Ctrl Pts',(5.55111512312578E-16,13.,2.));
#3290=CARTESIAN_POINT('Ctrl Pts',(0.0311464790866315,13.,2.));
#3291=CARTESIAN_POINT('Ctrl Pts',(0.0622976204572092,13.,1.99979733325792));
#3292=CARTESIAN_POINT('Ctrl Pts',(0.0934486114294913,13.,1.99939181149484));
#3293=CARTESIAN_POINT('Ctrl Pts',(-0.0934486069031426,13.,1.99939181155377));
#3294=CARTESIAN_POINT('Ctrl Pts',(-0.0622976174396424,13.,1.99979733327755));
#3295=CARTESIAN_POINT('Ctrl Pts',(-0.0311464775780807,13.,2.));
#3296=CARTESIAN_POINT('Ctrl Pts',(5.55111512312578E-16,13.,2.));
#3297=CARTESIAN_POINT('',(-0.998143405230743,13.,1.82220813685836));
#3298=CARTESIAN_POINT('',(-1.32680194805428,13.,1.11739761728871));
#3299=CARTESIAN_POINT('',(-3.26391288172838,13.,2.8787537721111));
#3300=CARTESIAN_POINT('Origin',(-2.13102814793257,13.,2.35048094493523));
#3301=CARTESIAN_POINT('',(-3.16008383831102,13.,3.10141587426953));
#3302=CARTESIAN_POINT('Origin',(-1.44009042143386,12.875,1.17022490000629));
#3303=CARTESIAN_POINT('',(-1.2247203519899,12.75,1.92786270229354));
#3304=CARTESIAN_POINT('',(-1.55337889481344,12.75,1.22305218272388));
#3305=CARTESIAN_POINT('',(-1.2247203519899,12.75,1.92786270229354));
#3306=CARTESIAN_POINT('Origin',(-2.08969551556569,13.,0.0729174779363828));
#3307=CARTESIAN_POINT('',(-1.35805225261923,0.,1.64193151866926));
#3308=CARTESIAN_POINT('',(-1.2247203519899,13.,1.92786270229354));
#3309=CARTESIAN_POINT('Origin',(2.13102814793257,-2.,2.35048094493523));
#3310=CARTESIAN_POINT('',(2.58418204145089,12.25,2.56179007580558));
#3311=CARTESIAN_POINT('Origin',(2.13102814793257,12.25,2.35048094493523));
#3312=CARTESIAN_POINT('',(1.67787425441424,12.25,2.13917181406488));
#3313=CARTESIAN_POINT('Origin',(2.13102814793257,12.25,2.35048094493523));
#3314=CARTESIAN_POINT('Origin',(2.13102814793257,12.25,2.35048094493523));
#3315=CARTESIAN_POINT('Ctrl Pts',(-2.58418204145089,-1.25,2.56179007580558));
#3316=CARTESIAN_POINT('Ctrl Pts',(-2.37287291280705,-1.25,3.01494396454915));
#3317=CARTESIAN_POINT('Ctrl Pts',(-1.91971902183697,-1.25,2.80363484068006));
#3318=CARTESIAN_POINT('Ctrl Pts',(-1.46656513086689,-1.25,2.59232571681096));
#3319=CARTESIAN_POINT('Ctrl Pts',(-1.67787424996124,-1.25,2.13917182361438));
#3320=CARTESIAN_POINT('Ctrl Pts',(-3.03733593496922,-0.961709958205982,
2.77309920667593));
#3321=CARTESIAN_POINT('Ctrl Pts',(-2.61471767768153,-0.961709958205982,
3.67940698416307));
#3322=CARTESIAN_POINT('Ctrl Pts',(-1.70840989574137,-0.961709958205982,
3.25678873642489));
#3323=CARTESIAN_POINT('Ctrl Pts',(-0.80210211380122,-0.961709958205982,
2.8341704886867));
#3324=CARTESIAN_POINT('Ctrl Pts',(-1.2247203519899,-0.961709958205982,1.92786270229354));
#3325=CARTESIAN_POINT('Ctrl Pts',(-3.03733593496922,-0.384552139063248,
2.77309920667593));
#3326=CARTESIAN_POINT('Ctrl Pts',(-2.61471767768153,-0.384552139063248,
3.67940698416307));
#3327=CARTESIAN_POINT('Ctrl Pts',(-1.70840989574137,-0.384552139063248,
3.25678873642489));
#3328=CARTESIAN_POINT('Ctrl Pts',(-0.80210211380122,-0.384552139063248,
2.8341704886867));
#3329=CARTESIAN_POINT('Ctrl Pts',(-1.2247203519899,-0.384552139063248,1.92786270229354));
#3330=CARTESIAN_POINT('',(-3.03733593496922,-0.384552139063248,2.77309920667593));
#3331=CARTESIAN_POINT('Origin',(-2.1319344557196,-0.384552139063248,2.35090356319697));
#3332=CARTESIAN_POINT('Origin',(-2.13102814793257,-0.384552139063248,2.35048094493523));
#3333=CARTESIAN_POINT('Ctrl Pts',(-2.34380010757106,-1.25000245045192,1.89801050418195));
#3334=CARTESIAN_POINT('Ctrl Pts',(-2.34381129289955,-1.25,1.89801731841725));
#3335=CARTESIAN_POINT('Ctrl Pts',(-2.34383006810735,-1.25,1.89802613881476));
#3336=CARTESIAN_POINT('Ctrl Pts',(-2.34386906191428,-1.25,1.89804447857802));
#3337=CARTESIAN_POINT('Ctrl Pts',(-2.34394116449003,-1.25,1.89807832816369));
#3338=CARTESIAN_POINT('Ctrl Pts',(-2.34410340124481,-1.25,1.89815470769615));
#3339=CARTESIAN_POINT('Ctrl Pts',(-2.34430867761716,-1.25,1.89825041187437));
#3340=CARTESIAN_POINT('Ctrl Pts',(-2.34453870784835,-1.25,1.89835877458685));
#3341=CARTESIAN_POINT('Ctrl Pts',(-2.34470909537566,-1.25,1.89843898685304));
#3342=CARTESIAN_POINT('Ctrl Pts',(-2.34506075216698,-1.25,1.89860290427786));
#3343=CARTESIAN_POINT('Ctrl Pts',(-2.34557572464105,-1.25,1.89883855905028));
#3344=CARTESIAN_POINT('Ctrl Pts',(-2.34631525368477,-1.25,1.89918506177117));
#3345=CARTESIAN_POINT('Ctrl Pts',(-2.3468075696772,-1.25,1.89941618143704));
#3346=CARTESIAN_POINT('Ctrl Pts',(-2.34726696765988,-1.25,1.89962976323318));
#3347=CARTESIAN_POINT('Ctrl Pts',(-2.34838184739133,-1.25,1.90016619753767));
#3348=CARTESIAN_POINT('Ctrl Pts',(-2.34935942278798,-1.25,1.90046925466878));
#3349=CARTESIAN_POINT('Ctrl Pts',(-2.35426445232892,-1.25,1.90292901465256));
#3350=CARTESIAN_POINT('Ctrl Pts',(-2.35688739009101,-1.25,1.90372812585384));
#3351=CARTESIAN_POINT('Ctrl Pts',(-2.36957080188406,-1.25,1.91063373308083));
#3352=CARTESIAN_POINT('Ctrl Pts',(-2.37955563372834,-1.25,1.91582266654401));
#3353=CARTESIAN_POINT('Ctrl Pts',(-2.39555768767849,-1.25,1.9258233764425));
#3354=CARTESIAN_POINT('Ctrl Pts',(-2.41832482419866,-1.25,1.93955831153017));
#3355=CARTESIAN_POINT('Ctrl Pts',(-2.45769768980207,-1.25,1.97048192115695));
#3356=CARTESIAN_POINT('Ctrl Pts',(-2.53962800755021,-1.25,2.05031141479484));
#3357=CARTESIAN_POINT('Ctrl Pts',(-2.61822630092729,-1.25,2.2011821507124));
#3358=CARTESIAN_POINT('Ctrl Pts',(-2.63879616079097,-1.25,2.38542932270659));
#3359=CARTESIAN_POINT('Ctrl Pts',(-2.61013969076494,-1.25,2.50612371721133));
#3360=CARTESIAN_POINT('Ctrl Pts',(-2.58418204145104,-1.25,2.56179007580525));
#3361=CARTESIAN_POINT('Ctrl Pts',(-2.61457600922231,-1.24981873701277,2.02431587217209));
#3362=CARTESIAN_POINT('Ctrl Pts',(-2.61458568149694,-1.24981451594274,2.02431462240276));
#3363=CARTESIAN_POINT('Ctrl Pts',(-2.61460258682813,-1.24980759772837,2.02431811819131));
#3364=CARTESIAN_POINT('Ctrl Pts',(-2.61464071976851,-1.24979103733261,2.02431879463569));
#3365=CARTESIAN_POINT('Ctrl Pts',(-2.61470024629126,-1.24976749368175,2.0243439776736));
#3366=CARTESIAN_POINT('Ctrl Pts',(-2.61483755943315,-1.24970797526836,2.02439266625543));
#3367=CARTESIAN_POINT('Ctrl Pts',(-2.61493856832178,-1.24969132385439,2.02461500747582));
#3368=CARTESIAN_POINT('Ctrl Pts',(-2.61513208852388,-1.24960628936642,2.0246872973266));
#3369=CARTESIAN_POINT('Ctrl Pts',(-2.61527473724147,-1.24954471295033,2.0247429248262));
#3370=CARTESIAN_POINT('Ctrl Pts',(-2.6155414309888,-1.24945223760803,2.02492255829701));
#3371=CARTESIAN_POINT('Ctrl Pts',(-2.6159214651671,-1.24937493664263,2.02523000823094));
#3372=CARTESIAN_POINT('Ctrl Pts',(-2.61650259449318,-1.24915589255774,2.02556435077967));
#3373=CARTESIAN_POINT('Ctrl Pts',(-2.61688656720865,-1.24903231856344,2.02580330948219));
#3374=CARTESIAN_POINT('Ctrl Pts',(-2.61724656459377,-1.24890523045071,2.02601680026121));
#3375=CARTESIAN_POINT('Ctrl Pts',(-2.61810951091033,-1.24861204615088,2.02657014764672));
#3376=CARTESIAN_POINT('Ctrl Pts',(-2.61911893636799,-1.24886841974912,2.02680714525831));
#3377=CARTESIAN_POINT('Ctrl Pts',(-2.6227470040227,-1.24739598121134,2.02948261891641));
#3378=CARTESIAN_POINT('Ctrl Pts',(-2.62539342277674,-1.24777682262028,2.03007465712136));
#3379=CARTESIAN_POINT('Ctrl Pts',(-2.63464987316258,-1.24415054927674,2.03759289875731));
#3380=CARTESIAN_POINT('Ctrl Pts',(-2.64198666669973,-1.24140008409188,2.04332655912787));
#3381=CARTESIAN_POINT('Ctrl Pts',(-2.65339492864496,-1.23679140283171,2.05397516503825));
#3382=CARTESIAN_POINT('Ctrl Pts',(-2.669588434733,-1.23028132924063,2.06888037162046));
#3383=CARTESIAN_POINT('Ctrl Pts',(-2.69664395297542,-1.21898551268744,2.1004804446694));
#3384=CARTESIAN_POINT('Ctrl Pts',(-2.75048754193046,-1.1954572446108,2.1799738391365));
#3385=CARTESIAN_POINT('Ctrl Pts',(-2.79418413817614,-1.17034185391036,2.31870049118732));
#3386=CARTESIAN_POINT('Ctrl Pts',(-2.79361882326085,-1.15432092034966,2.48046827357291));
#3387=CARTESIAN_POINT('Ctrl Pts',(-2.76371320192405,-1.1504114445453,2.58548134151394));
#3388=CARTESIAN_POINT('Ctrl Pts',(-2.7407221056632,-1.15041144454529,2.6347859065555));
#3389=CARTESIAN_POINT('Ctrl Pts',(-3.06342394916784,-1.00381724757334,2.28645015987294));
#3390=CARTESIAN_POINT('Ctrl Pts',(-3.06321808605131,-1.00390816140648,2.2868975048383));
#3391=CARTESIAN_POINT('Ctrl Pts',(-3.06280771837341,-1.00409207801072,2.28778940564515));
#3392=CARTESIAN_POINT('Ctrl Pts',(-3.06198689572763,-1.00447176864848,2.28957444474699));
#3393=CARTESIAN_POINT('Ctrl Pts',(-3.06055774502023,-1.00516212387873,2.29268460420785));
#3394=CARTESIAN_POINT('Ctrl Pts',(-3.05771200222611,-1.00665833995521,2.29889023634785));
#3395=CARTESIAN_POINT('Ctrl Pts',(-3.05492634909357,-1.00835157806197,2.30498857237128));
#3396=CARTESIAN_POINT('Ctrl Pts',(-3.05254417006748,-1.00996738007918,2.31024256620672));
#3397=CARTESIAN_POINT('Ctrl Pts',(-3.05096480262841,-1.01108075647134,2.31373667445037));
#3398=CARTESIAN_POINT('Ctrl Pts',(-3.04823432791996,-1.01310768049854,2.31980707474058));
#3399=CARTESIAN_POINT('Ctrl Pts',(-3.04543754870262,-1.01537318629268,2.32609708679165));
#3400=CARTESIAN_POINT('Ctrl Pts',(-3.04295394287506,-1.01752617879072,2.33187723563937));
#3401=CARTESIAN_POINT('Ctrl Pts',(-3.04173198038477,-1.01858654668303,2.33479110352585));
#3402=CARTESIAN_POINT('Ctrl Pts',(-3.04076748852061,-1.01943686337329,2.33713754154027));
#3403=CARTESIAN_POINT('Ctrl Pts',(-3.0390338826438,-1.02089957292545,2.34152870286609));
#3404=CARTESIAN_POINT('Ctrl Pts',(-3.03725855670911,-1.02222449005166,2.34557969908739));
#3405=CARTESIAN_POINT('Ctrl Pts',(-3.03563189731128,-1.02271134148635,2.35218938650427));
#3406=CARTESIAN_POINT('Ctrl Pts',(-3.03453087513568,-1.0224017349782,2.35535939397765));
#3407=CARTESIAN_POINT('Ctrl Pts',(-3.03485744823316,-1.01810352784074,2.36271324739995));
#3408=CARTESIAN_POINT('Ctrl Pts',(-3.03550814041607,-1.01419234408479,2.3675666402946));
#3409=CARTESIAN_POINT('Ctrl Pts',(-3.0367058186598,-1.00757781580888,2.37530524030245));
#3410=CARTESIAN_POINT('Ctrl Pts',(-3.03864164396401,-0.99796430343127,2.38574428820572));
#3411=CARTESIAN_POINT('Ctrl Pts',(-3.04101277132106,-0.981189082203073,
2.40653838485671));
#3412=CARTESIAN_POINT('Ctrl Pts',(-3.04300439726126,-0.946586529047558,
2.45763751749965));
#3413=CARTESIAN_POINT('Ctrl Pts',(-3.03248918834369,-0.910810782505447,
2.54316839635397));
#3414=CARTESIAN_POINT('Ctrl Pts',(-3.00609022229642,-0.888565907231085,
2.64181296613095));
#3415=CARTESIAN_POINT('Ctrl Pts',(-2.98038145150954,-0.883214390101527,
2.70744993929476));
#3416=CARTESIAN_POINT('Ctrl Pts',(-2.96540874686139,-0.883214390101518,
2.73955900803147));
#3417=CARTESIAN_POINT('Ctrl Pts',(-3.18607342156995,-0.489362158504826,
2.45413063732145));
#3418=CARTESIAN_POINT('Ctrl Pts',(-3.18543443193922,-0.489654976628182,
2.45550089293142));
#3419=CARTESIAN_POINT('Ctrl Pts',(-3.18415763348925,-0.490249326839178,
2.45823898831012));
#3420=CARTESIAN_POINT('Ctrl Pts',(-3.18160660478283,-0.491474054502401,
2.4637094893262));
#3421=CARTESIAN_POINT('Ctrl Pts',(-3.17715255931934,-0.493709898206228,
2.47326147396128));
#3422=CARTESIAN_POINT('Ctrl Pts',(-3.16828018633589,-0.498554669896876,
2.49228784572698));
#3423=CARTESIAN_POINT('Ctrl Pts',(-3.15950577601642,-0.50412731563644,2.51111090575711));
#3424=CARTESIAN_POINT('Ctrl Pts',(-3.15204812903069,-0.509421132442176,
2.52710357579933));
#3425=CARTESIAN_POINT('Ctrl Pts',(-3.14709784195834,-0.513084324599307,
2.53771982228562));
#3426=CARTESIAN_POINT('Ctrl Pts',(-3.13849654275543,-0.519841272075224,
2.55617289141146));
#3427=CARTESIAN_POINT('Ctrl Pts',(-3.12963602311605,-0.527617575804439,
2.57520830002073));
#3428=CARTESIAN_POINT('Ctrl Pts',(-3.12166893259349,-0.535244040136115,
2.59230584844375));
#3429=CARTESIAN_POINT('Ctrl Pts',(-3.11770944430326,-0.539187533522632,
2.60081411517227));
#3430=CARTESIAN_POINT('Ctrl Pts',(-3.11455493407763,-0.542422095852573,
2.60759003830302));
#3431=CARTESIAN_POINT('Ctrl Pts',(-3.10878466482398,-0.548420456493594,
2.61999431491429));
#3432=CARTESIAN_POINT('Ctrl Pts',(-3.10346862848116,-0.554404662309102,
2.63175247113049));
#3433=CARTESIAN_POINT('Ctrl Pts',(-3.09640195727313,-0.562095675726461,
2.64688379225144));
#3434=CARTESIAN_POINT('Ctrl Pts',(-3.09324846163728,-0.565786764471735,
2.65443277284165));
#3435=CARTESIAN_POINT('Ctrl Pts',(-3.0893612864785,-0.568487152103112,2.66276153379624));
#3436=CARTESIAN_POINT('Ctrl Pts',(-3.08758840853384,-0.568994057506892,
2.66661283073795));
#3437=CARTESIAN_POINT('Ctrl Pts',(-3.08572771042859,-0.568371600474833,
2.67054078664844));
#3438=CARTESIAN_POINT('Ctrl Pts',(-3.08383908882933,-0.566518294840904,
2.67448949816406));
#3439=CARTESIAN_POINT('Ctrl Pts',(-3.08088080008532,-0.562363754589597,
2.68065713752315));
#3440=CARTESIAN_POINT('Ctrl Pts',(-3.07453237685891,-0.552620468129292,
2.693862562276));
#3441=CARTESIAN_POINT('Ctrl Pts',(-3.0638018266105,-0.542200358190827,2.71653805079751));
#3442=CARTESIAN_POINT('Ctrl Pts',(-3.05086169959074,-0.535662546542158,
2.74412584947499));
#3443=CARTESIAN_POINT('Ctrl Pts',(-3.04186164485996,-0.53408465444289,2.763393790495));
#3444=CARTESIAN_POINT('Ctrl Pts',(-3.03733593496924,-0.534084654442887,
2.77309920667587));
#3445=CARTESIAN_POINT('Ctrl Pts',(-3.16797947131935,-0.269403315899943,
2.49293323885322));
#3446=CARTESIAN_POINT('Ctrl Pts',(-3.16715637171103,-0.269782410713033,
2.49469838165954));
#3447=CARTESIAN_POINT('Ctrl Pts',(-3.16551114914962,-0.270552195423036,
2.49822657282827));
#3448=CARTESIAN_POINT('Ctrl Pts',(-3.16222478227342,-0.272138055647837,
2.5052742093376));
#3449=CARTESIAN_POINT('Ctrl Pts',(-3.15648483764733,-0.275034581837797,
2.51758356031159));
#3450=CARTESIAN_POINT('Ctrl Pts',(-3.14505328270639,-0.281310619845909,
2.54209860899462));
#3451=CARTESIAN_POINT('Ctrl Pts',(-3.13373350353995,-0.288543114850414,
2.56637395375569));
#3452=CARTESIAN_POINT('Ctrl Pts',(-3.12413038878544,-0.295408809877141,
2.58696789980519));
#3453=CARTESIAN_POINT('Ctrl Pts',(-3.11775663768206,-0.300161722266753,
2.600636453156));
#3454=CARTESIAN_POINT('Ctrl Pts',(-3.10667624322396,-0.308941050924804,
2.62439843575337));
#3455=CARTESIAN_POINT('Ctrl Pts',(-3.09525173030245,-0.319075192309607,
2.648898382777));
#3456=CARTESIAN_POINT('Ctrl Pts',(-3.08500854294135,-0.329041094999974,
2.67086496896095));
#3457=CARTESIAN_POINT('Ctrl Pts',(-3.07991752542456,-0.334217388018499,
2.68178269125815));
#3458=CARTESIAN_POINT('Ctrl Pts',(-3.07586648420133,-0.338471104270074,
2.69047017719663));
#3459=CARTESIAN_POINT('Ctrl Pts',(-3.06846478576767,-0.346408530809985,
2.70634317071113));
#3460=CARTESIAN_POINT('Ctrl Pts',(-3.06148215531765,-0.354399143954958,
2.72131747003457));
#3461=CARTESIAN_POINT('Ctrl Pts',(-3.05261330882473,-0.365164280469182,
2.74033677271556));
#3462=CARTESIAN_POINT('Ctrl Pts',(-3.04829331127443,-0.370595677978225,
2.74960103735876));
#3463=CARTESIAN_POINT('Ctrl Pts',(-3.04392562335422,-0.376277449462983,
2.75896757433027));
#3464=CARTESIAN_POINT('Ctrl Pts',(-3.04211174081354,-0.378667143592051,
2.76285745799176));
#3465=CARTESIAN_POINT('Ctrl Pts',(-3.04066204543423,-0.380591323687607,
2.76596633976532));
#3466=CARTESIAN_POINT('Ctrl Pts',(-3.03957760559334,-0.382033406381385,
2.768291928509));
#3467=CARTESIAN_POINT('Ctrl Pts',(-3.03866681230548,-0.38323698898463,2.77024513101795));
#3468=CARTESIAN_POINT('Ctrl Pts',(-3.03802559057319,-0.384041170748497,
2.77162023546044));
#3469=CARTESIAN_POINT('Ctrl Pts',(-3.03769392315655,-0.384386738823555,
2.77233149853074));
#3470=CARTESIAN_POINT('Ctrl Pts',(-3.03749190952833,-0.384524896681394,
2.77276471815449));
#3471=CARTESIAN_POINT('Ctrl Pts',(-3.03738785026784,-0.38455213906325,2.77298787395874));
#3472=CARTESIAN_POINT('Ctrl Pts',(-3.03733593496922,-0.38455213906325,2.77309920667593));
#3473=CARTESIAN_POINT('',(-3.16797946698892,-0.269403319888877,2.49293324813986));
#3474=CARTESIAN_POINT('Ctrl Pts',(-2.70173625019437,-1.19529294249063,2.47763463078603));
#3475=CARTESIAN_POINT('Ctrl Pts',(-2.72027579426931,-1.18182816769129,2.48043073571234));
#3476=CARTESIAN_POINT('Ctrl Pts',(-2.73839408075107,-1.16772559760348,2.48289656718005));
#3477=CARTESIAN_POINT('Ctrl Pts',(-2.77738957532187,-1.13522477179147,2.48768881662873));
#3478=CARTESIAN_POINT('Ctrl Pts',(-2.79803270824461,-1.11656179783663,2.4898763164682));
#3479=CARTESIAN_POINT('Ctrl Pts',(-2.83744813136578,-1.07791313893536,2.49347979303427));
#3480=CARTESIAN_POINT('Ctrl Pts',(-2.85622890678947,-1.05797354828248,2.49490702638837));
#3481=CARTESIAN_POINT('Ctrl Pts',(-2.89170820615995,-1.01714737722506,2.49714313704892));
#3482=CARTESIAN_POINT('Ctrl Pts',(-2.90843256237551,-0.996315364555653,
2.4979660384662));
#3483=CARTESIAN_POINT('Ctrl Pts',(-2.95356233413969,-0.935343035053415,
2.49967489008445));
#3484=CARTESIAN_POINT('Ctrl Pts',(-2.97986679838789,-0.893847999094972,
2.50003398310444));
#3485=CARTESIAN_POINT('Ctrl Pts',(-3.01104020997459,-0.835689003576403,
2.49998516174876));
#3486=CARTESIAN_POINT('Ctrl Pts',(-3.01809851453396,-0.821726809855439,
2.49993284146058));
#3487=CARTESIAN_POINT('Ctrl Pts',(-3.02675147011188,-0.803557727165639,
2.4998213197528));
#3488=CARTESIAN_POINT('Ctrl Pts',(-3.02771832802289,-0.801513579496546,
2.49980814553071));
#3489=CARTESIAN_POINT('Ctrl Pts',(-3.03014545909141,-0.796358240300297,
2.49977333541972));
#3490=CARTESIAN_POINT('Ctrl Pts',(-3.0316754144287,-0.793086673370025,2.49974967953361));
#3491=CARTESIAN_POINT('Ctrl Pts',(-3.03656365050547,-0.782587062896447,
2.49966869565512));
#3492=CARTESIAN_POINT('Ctrl Pts',(-3.04008669208165,-0.77493781713509,2.49960115128905));
#3493=CARTESIAN_POINT('Ctrl Pts',(-3.04997813302432,-0.753195883630458,
2.49938592272532));
#3494=CARTESIAN_POINT('Ctrl Pts',(-3.05632166276911,-0.738920389460262,
2.49921638593712));
#3495=CARTESIAN_POINT('Ctrl Pts',(-3.07156071503695,-0.703544881894106,
2.49873988289513));
#3496=CARTESIAN_POINT('Ctrl Pts',(-3.080236281427,-0.682441576330569,2.49840689753582));
#3497=CARTESIAN_POINT('Ctrl Pts',(-3.11495317012061,-0.592511645439961,
2.49686962310395));
#3498=CARTESIAN_POINT('Ctrl Pts',(-3.13614420619382,-0.523456289398653,
2.49540965586068));
#3499=CARTESIAN_POINT('Ctrl Pts',(-3.16174629094628,-0.391380449562703,
2.49348321095487));
#3500=CARTESIAN_POINT('Ctrl Pts',(-3.16797947131935,-0.33070990067739,2.49293323885322));
#3501=CARTESIAN_POINT('Ctrl Pts',(-3.16797947131935,-0.269403315899943,
2.49293323885322));
#3502=CARTESIAN_POINT('Ctrl Pts',(-3.16797946683084,-0.269403317967215,
2.49293324847885));
#3503=CARTESIAN_POINT('Ctrl Pts',(-3.16715636872046,-0.269782412112291,
2.49469838807283));
#3504=CARTESIAN_POINT('Ctrl Pts',(-3.16551114765619,-0.270552196143701,
2.49822657603094));
#3505=CARTESIAN_POINT('Ctrl Pts',(-3.16222478227342,-0.272138055647837,
2.5052742093376));
#3506=CARTESIAN_POINT('Ctrl Pts',(-3.15648483764733,-0.275034581837797,
2.51758356031159));
#3507=CARTESIAN_POINT('Ctrl Pts',(-3.14505328270639,-0.281310619845909,
2.54209860899462));
#3508=CARTESIAN_POINT('Ctrl Pts',(-3.13373350353995,-0.288543114850414,
2.56637395375569));
#3509=CARTESIAN_POINT('Ctrl Pts',(-3.12413038878544,-0.295408809877141,
2.58696789980519));
#3510=CARTESIAN_POINT('Ctrl Pts',(-3.11775663768206,-0.300161722266753,
2.600636453156));
#3511=CARTESIAN_POINT('Ctrl Pts',(-3.10667624322396,-0.308941050924804,
2.62439843575337));
#3512=CARTESIAN_POINT('Ctrl Pts',(-3.09525173030245,-0.319075192309607,
2.648898382777));
#3513=CARTESIAN_POINT('Ctrl Pts',(-3.08500854294135,-0.329041094999974,
2.67086496896095));
#3514=CARTESIAN_POINT('Ctrl Pts',(-3.07991752542456,-0.334217388018499,
2.68178269125815));
#3515=CARTESIAN_POINT('Ctrl Pts',(-3.07586648420133,-0.338471104270074,
2.69047017719663));
#3516=CARTESIAN_POINT('Ctrl Pts',(-3.06846478576767,-0.346408530809985,
2.70634317071113));
#3517=CARTESIAN_POINT('Ctrl Pts',(-3.06148215531765,-0.354399143954958,
2.72131747003457));
#3518=CARTESIAN_POINT('Ctrl Pts',(-3.05261330882473,-0.365164280469182,
2.74033677271556));
#3519=CARTESIAN_POINT('Ctrl Pts',(-3.04829331127443,-0.370595677978225,
2.74960103735876));
#3520=CARTESIAN_POINT('Ctrl Pts',(-3.04392562335422,-0.376277449462983,
2.75896757433027));
#3521=CARTESIAN_POINT('Ctrl Pts',(-3.04211174081354,-0.378667143592051,
2.76285745799176));
#3522=CARTESIAN_POINT('Ctrl Pts',(-3.04066204543423,-0.380591323687607,
2.76596633976532));
#3523=CARTESIAN_POINT('Ctrl Pts',(-3.03957760559334,-0.382033406381385,
2.768291928509));
#3524=CARTESIAN_POINT('Ctrl Pts',(-3.03866681230548,-0.38323698898463,2.77024513101795));
#3525=CARTESIAN_POINT('Ctrl Pts',(-3.03802559057319,-0.384041170748497,
2.77162023546044));
#3526=CARTESIAN_POINT('Ctrl Pts',(-3.03769392315655,-0.384386738823555,
2.77233149853074));
#3527=CARTESIAN_POINT('Ctrl Pts',(-3.03749190952833,-0.384524896681394,
2.77276471815449));
#3528=CARTESIAN_POINT('Ctrl Pts',(-3.03738785026784,-0.38455213906325,2.77298787395874));
#3529=CARTESIAN_POINT('Ctrl Pts',(-3.03733593496922,-0.38455213906325,2.77309920667593));
#3530=CARTESIAN_POINT('Origin',(-2.13102814793257,13.,2.35048094493523));
#3531=CARTESIAN_POINT('',(-3.03733593496922,12.75,2.77309920667593));
#3532=CARTESIAN_POINT('',(-3.03733593496922,13.,2.77309920667593));
#3533=CARTESIAN_POINT('Origin',(-2.13102814793257,12.75,2.35048094493523));
#3534=CARTESIAN_POINT('Ctrl Pts',(2.58418204145089,12.25,2.56179007580558));
#3535=CARTESIAN_POINT('Ctrl Pts',(2.37287291058054,12.25,3.0149439693239));
#3536=CARTESIAN_POINT('Ctrl Pts',(1.91971901706222,12.25,2.80363483845355));
#3537=CARTESIAN_POINT('Ctrl Pts',(1.46656512354389,12.25,2.5923257075832));
#3538=CARTESIAN_POINT('Ctrl Pts',(1.67787425441424,12.25,2.13917181406488));
#3539=CARTESIAN_POINT('Ctrl Pts',(3.03733593496922,11.961709958206,2.77309920667593));
#3540=CARTESIAN_POINT('Ctrl Pts',(2.61471767322852,11.961709958206,3.67940699371258));
#3541=CARTESIAN_POINT('Ctrl Pts',(1.70840988619187,11.961709958206,3.25678873197188));
#3542=CARTESIAN_POINT('Ctrl Pts',(0.802102099155219,11.961709958206,2.83417047023118));
#3543=CARTESIAN_POINT('Ctrl Pts',(1.22472036089592,11.961709958206,1.92786268319453));
#3544=CARTESIAN_POINT('Ctrl Pts',(3.03733593496922,11.3845521390632,2.77309920667593));
#3545=CARTESIAN_POINT('Ctrl Pts',(2.61471767322852,11.3845521390632,3.67940699371258));
#3546=CARTESIAN_POINT('Ctrl Pts',(1.70840988619187,11.3845521390632,3.25678873197188));
#3547=CARTESIAN_POINT('Ctrl Pts',(0.802102099155219,11.3845521390632,2.83417047023118));
#3548=CARTESIAN_POINT('Ctrl Pts',(1.22472036089592,11.3845521390632,1.92786268319453));
#3549=CARTESIAN_POINT('Origin',(2.1319344557196,11.3845521390632,2.35090356319697));
#3550=CARTESIAN_POINT('Origin',(2.13102814793257,11.3845521390632,2.35048094493523));
#3551=CARTESIAN_POINT('Origin',(2.13012184014553,11.3845521390632,2.35005832667349));
#3552=CARTESIAN_POINT('Ctrl Pts',(2.34380010750879,12.2500024504519,1.89801050415267));
#3553=CARTESIAN_POINT('Ctrl Pts',(2.34381126934558,12.25,1.89801730734094));
#3554=CARTESIAN_POINT('Ctrl Pts',(2.34382986460031,12.25,1.89802589117676));
#3555=CARTESIAN_POINT('Ctrl Pts',(2.34386866662528,12.25,1.89804406789912));
#3556=CARTESIAN_POINT('Ctrl Pts',(2.34393961075048,12.25,1.89807633282389));
#3557=CARTESIAN_POINT('Ctrl Pts',(2.3441001783401,12.25,1.89815111094492));
#3558=CARTESIAN_POINT('Ctrl Pts',(2.34427949426124,12.25,1.8982231987868));
#3559=CARTESIAN_POINT('Ctrl Pts',(2.34446418965921,12.25,1.89830884562116));
#3560=CARTESIAN_POINT('Ctrl Pts',(2.34454247846771,12.25,1.89834568476867));
#3561=CARTESIAN_POINT('Ctrl Pts',(2.34468754580094,12.25,1.89841021754961));
#3562=CARTESIAN_POINT('Ctrl Pts',(2.3449289165221,12.25,1.89851399060666));
#3563=CARTESIAN_POINT('Ctrl Pts',(2.34523136533976,12.25,1.8986367153772));
#3564=CARTESIAN_POINT('Ctrl Pts',(2.34550770019823,12.25,1.89876355041591));
#3565=CARTESIAN_POINT('Ctrl Pts',(2.34568328878866,12.25,1.89884343082216));
#3566=CARTESIAN_POINT('Ctrl Pts',(2.34617225495203,12.25,1.8990715439272));
#3567=CARTESIAN_POINT('Ctrl Pts',(2.34682551923613,12.25,1.89927371806899));
#3568=CARTESIAN_POINT('Ctrl Pts',(2.34849849711286,12.25,1.899989751254));
#3569=CARTESIAN_POINT('Ctrl Pts',(2.35004995221387,12.25,1.90072338203044));
#3570=CARTESIAN_POINT('Ctrl Pts',(2.3522914892316,12.25,1.90175503642089));
#3571=CARTESIAN_POINT('Ctrl Pts',(2.35597032128933,12.25,1.90356608303929));
#3572=CARTESIAN_POINT('Ctrl Pts',(2.36093935613499,12.25,1.90589003976476));
#3573=CARTESIAN_POINT('Ctrl Pts',(2.3695194937145,12.25,1.91058827007118));
#3574=CARTESIAN_POINT('Ctrl Pts',(2.37944303559343,12.25,1.91573987052332));
#3575=CARTESIAN_POINT('Ctrl Pts',(2.39543157901502,12.25,1.92573095641769));
#3576=CARTESIAN_POINT('Ctrl Pts',(2.41814849628702,12.25,1.93943293767632));
#3577=CARTESIAN_POINT('Ctrl Pts',(2.45747590499443,12.25,1.97029017489071));
#3578=CARTESIAN_POINT('Ctrl Pts',(2.53931608242654,12.25,2.04992984607674));
#3579=CARTESIAN_POINT('Ctrl Pts',(2.6180499421448,12.25,2.20060707631172));
#3580=CARTESIAN_POINT('Ctrl Pts',(2.63885131146372,12.25,2.38500828303964));
#3581=CARTESIAN_POINT('Ctrl Pts',(2.61019906417629,12.25,2.50599639051998));
#3582=CARTESIAN_POINT('Ctrl Pts',(2.58418204145078,12.25,2.56179007580582));
#3583=CARTESIAN_POINT('Ctrl Pts',(2.61457600917462,12.2498187370325,2.02431587214258));
#3584=CARTESIAN_POINT('Ctrl Pts',(2.6145856568098,12.2498145267154,2.02431462555647));
#3585=CARTESIAN_POINT('Ctrl Pts',(2.61460320463709,12.2498081276157,2.0243167598949));
#3586=CARTESIAN_POINT('Ctrl Pts',(2.61464183717765,12.2497917331694,2.02431615071688));
#3587=CARTESIAN_POINT('Ctrl Pts',(2.61470375683333,12.2497726712494,2.02433647469236));
#3588=CARTESIAN_POINT('Ctrl Pts',(2.61484546431427,12.2497157440658,2.02437440321647));
#3589=CARTESIAN_POINT('Ctrl Pts',(2.61494095023397,12.2497610540342,2.02458343082923));
#3590=CARTESIAN_POINT('Ctrl Pts',(2.61510014385485,12.249697544835,2.02463681927197));
#3591=CARTESIAN_POINT('Ctrl Pts',(2.61516843434575,12.2496667980314,2.0246562694341));
#3592=CARTESIAN_POINT('Ctrl Pts',(2.61529324973664,12.2496335783258,2.02470630026085));
#3593=CARTESIAN_POINT('Ctrl Pts',(2.6154950275711,12.2496045218167,2.02481223230517));
#3594=CARTESIAN_POINT('Ctrl Pts',(2.61575963209436,12.2496040447974,2.02494054443486));
#3595=CARTESIAN_POINT('Ctrl Pts',(2.61598541820595,12.2495271929331,2.02505249123466));
#3596=CARTESIAN_POINT('Ctrl Pts',(2.61613136016671,12.2494820479402,2.02512110077154));
#3597=CARTESIAN_POINT('Ctrl Pts',(2.61652171003523,12.2493296258501,2.02532811555457));
#3598=CARTESIAN_POINT('Ctrl Pts',(2.61724306947632,12.2496130205776,2.02547145643199));
#3599=CARTESIAN_POINT('Ctrl Pts',(2.61867594745496,12.2494247382884,2.02615830525123));
#3600=CARTESIAN_POINT('Ctrl Pts',(2.61990491778112,12.2490885004241,2.02691423960984));
#3601=CARTESIAN_POINT('Ctrl Pts',(2.62166329817066,12.2485723981969,2.02800176833028));
#3602=CARTESIAN_POINT('Ctrl Pts',(2.62455207598634,12.2478046219107,2.02989163968583));
#3603=CARTESIAN_POINT('Ctrl Pts',(2.62840191884024,12.2466751288937,2.0324044987465));
#3604=CARTESIAN_POINT('Ctrl Pts',(2.63467970322531,12.2442614709852,2.03750076631882));
#3605=CARTESIAN_POINT('Ctrl Pts',(2.64194882282251,12.24149082583,2.04321281523845));
#3606=CARTESIAN_POINT('Ctrl Pts',(2.65333905739216,12.2368746691063,2.05385737950997));
#3607=CARTESIAN_POINT('Ctrl Pts',(2.66948770871918,12.2303612915536,2.06873538325227));
#3608=CARTESIAN_POINT('Ctrl Pts',(2.69649874838322,12.219057267925,2.10028365174131));
#3609=CARTESIAN_POINT('Ctrl Pts',(2.75029466735482,12.1955480762012,2.17960659792526));
#3610=CARTESIAN_POINT('Ctrl Pts',(2.79410767842452,12.1704119365344,2.31818746079245));
#3611=CARTESIAN_POINT('Ctrl Pts',(2.79369189669624,12.1543409589878,2.48010328509698));
#3612=CARTESIAN_POINT('Ctrl Pts',(2.76376578988373,12.1504114445453,2.58536856627059));
#3613=CARTESIAN_POINT('Ctrl Pts',(2.74072210566297,12.1504114445453,2.63478590655599));
#3614=CARTESIAN_POINT('Ctrl Pts',(3.06315689992103,12.0035929697356,2.2863737965072));
#3615=CARTESIAN_POINT('Ctrl Pts',(3.06295156121457,12.0036836519708,2.28682000191775));
#3616=CARTESIAN_POINT('Ctrl Pts',(3.06254183030361,12.003867079265,2.28771014718899));
#3617=CARTESIAN_POINT('Ctrl Pts',(3.061723221956,12.0042455993601,2.28949018477563));
#3618=CARTESIAN_POINT('Ctrl Pts',(3.0602969224214,12.0049329421964,2.29259158257202));
#3619=CARTESIAN_POINT('Ctrl Pts',(3.05746223654751,12.0064212047043,2.29877089702489));
#3620=CARTESIAN_POINT('Ctrl Pts',(3.05487890112419,12.0079718450443,2.3043979043717));
#3621=CARTESIAN_POINT('Ctrl Pts',(3.05289425131256,12.009300455728,2.30876830229473));
#3622=CARTESIAN_POINT('Ctrl Pts',(3.05210197267462,12.0098425133795,2.31051692311384));
#3623=CARTESIAN_POINT('Ctrl Pts',(3.05071973574654,12.0108092315327,2.31356507438224));
#3624=CARTESIAN_POINT('Ctrl Pts',(3.04876030035547,12.0122491429658,2.31789900452418));
#3625=CARTESIAN_POINT('Ctrl Pts',(3.04681753689148,12.0137562752402,2.32221482199362));
#3626=CARTESIAN_POINT('Ctrl Pts',(3.04547902470568,12.0148589829351,2.32525237457497));
#3627=CARTESIAN_POINT('Ctrl Pts',(3.04471773796454,12.0154959995179,2.32698916918502));
#3628=CARTESIAN_POINT('Ctrl Pts',(3.04283037751208,12.0171014556595,2.33134042549797));
#3629=CARTESIAN_POINT('Ctrl Pts',(3.04058125364361,12.018912180266,2.33634669972477));
#3630=CARTESIAN_POINT('Ctrl Pts',(3.03820152202851,12.0208294803065,2.34234836640852));
#3631=CARTESIAN_POINT('Ctrl Pts',(3.03686233706635,12.0218102967574,2.3461397170174));
#3632=CARTESIAN_POINT('Ctrl Pts',(3.03574314492472,12.0223795095611,2.34988132010926));
#3633=CARTESIAN_POINT('Ctrl Pts',(3.03488272253157,12.0221357377023,2.35390794864958));
#3634=CARTESIAN_POINT('Ctrl Pts',(3.03450831844132,12.0209564875895,2.35769415383987));
#3635=CARTESIAN_POINT('Ctrl Pts',(3.03473180531795,12.0180290860315,2.36266230563991));
#3636=CARTESIAN_POINT('Ctrl Pts',(3.03540281939411,12.0141703354124,2.36748736437837));
#3637=CARTESIAN_POINT('Ctrl Pts',(3.03660777675016,12.007571047713,2.37521877801026));
#3638=CARTESIAN_POINT('Ctrl Pts',(3.03854985119793,11.9979871091567,2.38563383421646));
#3639=CARTESIAN_POINT('Ctrl Pts',(3.04093688886584,11.9812472462792,2.40638598969252));
#3640=CARTESIAN_POINT('Ctrl Pts',(3.04294908793077,11.9466813327524,2.45737898078762));
#3641=CARTESIAN_POINT('Ctrl Pts',(3.03248991658198,11.9108739488257,2.54282832091369));
#3642=CARTESIAN_POINT('Ctrl Pts',(3.0061093376094,11.8885592936993,2.641560002203));
#3643=CARTESIAN_POINT('Ctrl Pts',(2.98035507820912,11.8831807978824,2.70734822775718));
#3644=CARTESIAN_POINT('Ctrl Pts',(2.96534812621659,11.8831807978824,2.73953074016089));
#3645=CARTESIAN_POINT('Ctrl Pts',(3.1860734258819,11.4893621565289,2.45413062807446));
#3646=CARTESIAN_POINT('Ctrl Pts',(3.18543606399618,11.4896542287144,2.45549739313212));
#3647=CARTESIAN_POINT('Ctrl Pts',(3.18416282438733,11.4902468913179,2.45822826375089));
#3648=CARTESIAN_POINT('Ctrl Pts',(3.18161987526917,11.4914675788021,2.46368163179434));
#3649=CARTESIAN_POINT('Ctrl Pts',(3.17718264923134,11.493694377952,2.47320036582739));
#3650=CARTESIAN_POINT('Ctrl Pts',(3.16835643811685,11.4985114475098,2.49212999509541));
#3651=CARTESIAN_POINT('Ctrl Pts',(3.16026909870405,11.5036422073427,2.50951062288082));
#3652=CARTESIAN_POINT('Ctrl Pts',(3.15406542544566,11.5079925880606,2.52281779343691));
#3653=CARTESIAN_POINT('Ctrl Pts',(3.15158722225926,11.5097675533012,2.52813216974681));
#3654=CARTESIAN_POINT('Ctrl Pts',(3.14726624013927,11.512961004667,2.53740917971251));
#3655=CARTESIAN_POINT('Ctrl Pts',(3.14113233589725,11.5177747162859,2.55059178463962));
#3656=CARTESIAN_POINT('Ctrl Pts',(3.13505713205028,11.5229168353672,2.56367691028767));
#3657=CARTESIAN_POINT('Ctrl Pts',(3.1308182178778,11.526693730169,2.57277752122282));
#3658=CARTESIAN_POINT('Ctrl Pts',(3.12840501944714,11.5288994416914,2.57796177150453));
#3659=CARTESIAN_POINT('Ctrl Pts',(3.12237909440287,11.5344943446866,2.59089134118125));
#3660=CARTESIAN_POINT('Ctrl Pts',(3.11553935738815,11.5413786672696,2.60586975406485));
#3661=CARTESIAN_POINT('Ctrl Pts',(3.10775766218542,11.5497295606653,2.62277008149883));
#3662=CARTESIAN_POINT('Ctrl Pts',(3.10308606378273,11.5548505577562,2.63287284670077));
#3663=CARTESIAN_POINT('Ctrl Pts',(3.0988168374138,11.5595876252569,2.64212647011045));
#3664=CARTESIAN_POINT('Ctrl Pts',(3.09493933932423,11.563771599273,2.65064514886604));
#3665=CARTESIAN_POINT('Ctrl Pts',(3.09199242572509,11.5666802067164,2.6571673497055));
#3666=CARTESIAN_POINT('Ctrl Pts',(3.08939821001515,11.5684646837135,2.66275183390733));
#3667=CARTESIAN_POINT('Ctrl Pts',(3.08761611856208,11.5689890416172,2.66659619646942));
#3668=CARTESIAN_POINT('Ctrl Pts',(3.08575089866717,11.568373575115,2.67052533202616));
#3669=CARTESIAN_POINT('Ctrl Pts',(3.08385909823023,11.5665309786992,2.67446929461498));
#3670=CARTESIAN_POINT('Ctrl Pts',(3.08089868907548,11.5623885147468,2.68062513725023));
#3671=CARTESIAN_POINT('Ctrl Pts',(3.07456103590689,11.5526575191074,2.69380359949803));
#3672=CARTESIAN_POINT('Ctrl Pts',(3.06384192817029,11.5422287416681,2.71645332950748));
#3673=CARTESIAN_POINT('Ctrl Pts',(3.05089214298659,11.5356705067045,2.7440608715168));
#3674=CARTESIAN_POINT('Ctrl Pts',(3.04187199659992,11.5340846544429,2.76337159111703));
#3675=CARTESIAN_POINT('Ctrl Pts',(3.03733593496923,11.5340846544429,2.77309920667589));
#3676=CARTESIAN_POINT('Ctrl Pts',(3.16797947687716,11.2694033133402,2.49293322693446));
#3677=CARTESIAN_POINT('Ctrl Pts',(3.16715847401062,11.2697814424303,2.49469387326351));
#3678=CARTESIAN_POINT('Ctrl Pts',(3.1655177260804,11.2705491053519,2.49821246855468));
#3679=CARTESIAN_POINT('Ctrl Pts',(3.16224176976661,11.2721297405576,2.5052377795409));
#3680=CARTESIAN_POINT('Ctrl Pts',(3.15652233487546,11.2750151661707,2.51750314724637));
#3681=CARTESIAN_POINT('Ctrl Pts',(3.14514989798394,11.2812555680749,2.54189141686329));
#3682=CARTESIAN_POINT('Ctrl Pts',(3.13469855363912,11.2879235950562,2.56430439713936));
#3683=CARTESIAN_POINT('Ctrl Pts',(3.12670823265148,11.2935659268868,2.58143969579446));
#3684=CARTESIAN_POINT('Ctrl Pts',(3.12351766174865,11.2958677774598,2.58828189717596));
#3685=CARTESIAN_POINT('Ctrl Pts',(3.11794822459122,11.300014213543,2.6002255937034));
#3686=CARTESIAN_POINT('Ctrl Pts',(3.11003520207652,11.3062734402445,2.61719512524834));
#3687=CARTESIAN_POINT('Ctrl Pts',(3.10218643585422,11.3129754856886,2.63402685872951));
#3688=CARTESIAN_POINT('Ctrl Pts',(3.09672954089706,11.3178963205937,2.64572920772964));
#3689=CARTESIAN_POINT('Ctrl Pts',(3.09362245667493,11.3207732875325,2.6523923713466));
#3690=CARTESIAN_POINT('Ctrl Pts',(3.085873599721,11.3280737664744,2.66900984871035));
#3691=CARTESIAN_POINT('Ctrl Pts',(3.07693542961764,11.3371558889406,2.68817781635371));
#3692=CARTESIAN_POINT('Ctrl Pts',(3.06687919912524,11.3482750164202,2.70974347223891));
#3693=CARTESIAN_POINT('Ctrl Pts',(3.06088893731322,11.3551724498516,2.72258963015043));
#3694=CARTESIAN_POINT('Ctrl Pts',(3.055441173186,11.3616983098131,2.73427239802257));
#3695=CARTESIAN_POINT('Ctrl Pts',(3.05052398843706,11.3677907336325,2.74481733474609));
#3696=CARTESIAN_POINT('Ctrl Pts',(3.04685918221356,11.3724616333139,2.75267653705472));
#3697=CARTESIAN_POINT('Ctrl Pts',(3.04394055316965,11.3762578754666,2.75893555723779));
#3698=CARTESIAN_POINT('Ctrl Pts',(3.04212254303394,11.3786528706626,2.76283429255537));
#3699=CARTESIAN_POINT('Ctrl Pts',(3.04066950804396,11.3805814120915,2.76595033614711));
#3700=CARTESIAN_POINT('Ctrl Pts',(3.03958258467688,11.3820268050674,2.76828125082989));
#3701=CARTESIAN_POINT('Ctrl Pts',(3.03866973838765,11.3832331895936,2.77023885601449));
#3702=CARTESIAN_POINT('Ctrl Pts',(3.03802707558961,11.3840394359403,2.77161705083245));
#3703=CARTESIAN_POINT('Ctrl Pts',(3.03769471103413,11.3843860624671,2.77232980892181));
#3704=CARTESIAN_POINT('Ctrl Pts',(3.03749226949231,11.3845247639967,2.77276394620925));
#3705=CARTESIAN_POINT('Ctrl Pts',(3.03738796901471,11.3845521390632,2.77298761930527));
#3706=CARTESIAN_POINT('Ctrl Pts',(3.03733593496926,11.3845521390632,2.77309920667585));
#3707=CARTESIAN_POINT('Ctrl Pts',(1.67787425441435,12.25,2.13917181406465));
#3708=CARTESIAN_POINT('Ctrl Pts',(1.704277821443,12.25,2.08254918184565));
#3709=CARTESIAN_POINT('Ctrl Pts',(1.7801524561569,12.25,1.98157206962911));
#3710=CARTESIAN_POINT('Ctrl Pts',(1.93612028938491,12.25,1.8796898487514));
#3711=CARTESIAN_POINT('Ctrl Pts',(2.0556051974292,12.25,1.85405483236359));
#3712=CARTESIAN_POINT('Ctrl Pts',(2.13236767671894,12.25,1.84883083301332));
#3713=CARTESIAN_POINT('Ctrl Pts',(2.19371234973659,12.25,1.85360858502897));
#3714=CARTESIAN_POINT('Ctrl Pts',(2.23234736969417,12.25,1.86016818982752));
#3715=CARTESIAN_POINT('Ctrl Pts',(2.26681845727111,12.25,1.8687050843183));
#3716=CARTESIAN_POINT('Ctrl Pts',(2.28708410833711,12.25,1.8750306723974));
#3717=CARTESIAN_POINT('Ctrl Pts',(2.30503615295928,12.25,1.88125964172702));
#3718=CARTESIAN_POINT('Ctrl Pts',(2.31291777297403,12.25,1.88438561820755));
#3719=CARTESIAN_POINT('Ctrl Pts',(2.31847726103182,12.25,1.88658079825513));
#3720=CARTESIAN_POINT('Ctrl Pts',(2.32446605358056,12.25,1.88904099556902));
#3721=CARTESIAN_POINT('Ctrl Pts',(2.3290280354157,12.25,1.8910328256467));
#3722=CARTESIAN_POINT('Ctrl Pts',(2.33267841716078,12.25,1.89267762850689));
#3723=CARTESIAN_POINT('Ctrl Pts',(2.33574821250647,12.25,1.89406261935146));
#3724=CARTESIAN_POINT('Ctrl Pts',(2.33783223535315,12.25,1.89511185853544));
#3725=CARTESIAN_POINT('Ctrl Pts',(2.33909671750275,12.25,1.89575932641629));
#3726=CARTESIAN_POINT('Ctrl Pts',(2.33988709926307,12.25,1.89614626254791));
#3727=CARTESIAN_POINT('Ctrl Pts',(2.34033897897957,12.25,1.89638823700457));
#3728=CARTESIAN_POINT('Ctrl Pts',(2.34068485952432,12.25,1.89654816867364));
#3729=CARTESIAN_POINT('Ctrl Pts',(2.34082765236215,12.25,1.89662615067513));
#3730=CARTESIAN_POINT('Ctrl Pts',(2.34090303604266,12.2500024504119,1.89665946233845));
#3731=CARTESIAN_POINT('Ctrl Pts',(1.52133419020216,12.1504114445453,2.06617598331447));
#3732=CARTESIAN_POINT('Ctrl Pts',(1.54472024276201,12.1504114445453,2.01602443175652));
#3733=CARTESIAN_POINT('Ctrl Pts',(1.60738854100781,12.1544808848792,1.92422199369035));
#3734=CARTESIAN_POINT('Ctrl Pts',(1.73222253812337,12.1708432896134,1.82017366616234));
#3735=CARTESIAN_POINT('Ctrl Pts',(1.8288665318942,12.1889777018609,1.78073328221265));
#3736=CARTESIAN_POINT('Ctrl Pts',(1.89214593075667,12.2026688809809,1.76405910930451));
#3737=CARTESIAN_POINT('Ctrl Pts',(1.94331857138298,12.2150178600871,1.75773951639706));
#3738=CARTESIAN_POINT('Ctrl Pts',(1.97607854734615,12.2236594772012,1.75665136729367));
#3739=CARTESIAN_POINT('Ctrl Pts',(2.00550952219486,12.2318641254559,1.75786816185812));
#3740=CARTESIAN_POINT('Ctrl Pts',(2.02300966654356,12.2370258614762,1.75970602315002));
#3741=CARTESIAN_POINT('Ctrl Pts',(2.03855293265901,12.2417381884777,1.7618561828944));
#3742=CARTESIAN_POINT('Ctrl Pts',(2.04544861091564,12.2437880481904,1.7632408078891));
#3743=CARTESIAN_POINT('Ctrl Pts',(2.05029322486643,12.2453086415265,1.7641530452437));
#3744=CARTESIAN_POINT('Ctrl Pts',(2.0555288893895,12.2469400562861,1.76524873403392));
#3745=CARTESIAN_POINT('Ctrl Pts',(2.05954703682633,12.2479747757696,1.7663595133147));
#3746=CARTESIAN_POINT('Ctrl Pts',(2.06277269419654,12.2487539599866,1.7673423541719));
#3747=CARTESIAN_POINT('Ctrl Pts',(2.06545530984736,12.2495558017782,1.76812693372295));
#3748=CARTESIAN_POINT('Ctrl Pts',(2.06735274688704,12.2496171355087,1.7690376301434));
#3749=CARTESIAN_POINT('Ctrl Pts',(2.06848138838794,12.2496534437364,1.76967372260647));
#3750=CARTESIAN_POINT('Ctrl Pts',(2.06918461940919,12.2497698210297,1.76996529909873));
#3751=CARTESIAN_POINT('Ctrl Pts',(2.06961653033976,12.2497173711343,1.77018239376555));
#3752=CARTESIAN_POINT('Ctrl Pts',(2.06987642057845,12.2498465118532,1.77035568459221));
#3753=CARTESIAN_POINT('Ctrl Pts',(2.07005160489832,12.2497950229545,1.77034914479102));
#3754=CARTESIAN_POINT('Ctrl Pts',(2.07009173898216,12.249828094358,1.7704152876765));
#3755=CARTESIAN_POINT('Ctrl Pts',(1.29670451009573,11.8831828257807,1.96142944323204));
#3756=CARTESIAN_POINT('Ctrl Pts',(1.31193442579403,11.8831828257807,1.92876878361827));
#3757=CARTESIAN_POINT('Ctrl Pts',(1.34637946460907,11.8887512135018,1.86584125620259));
#3758=CARTESIAN_POINT('Ctrl Pts',(1.40543738008613,11.9114839410037,1.78207092729515));
#3759=CARTESIAN_POINT('Ctrl Pts',(1.44764064133032,11.9373160193739,1.73703947569313));
#3760=CARTESIAN_POINT('Ctrl Pts',(1.47491878775089,11.9571794599861,1.71165389704733));
#3761=CARTESIAN_POINT('Ctrl Pts',(1.49655974721848,11.9752617953745,1.69447077368601));
#3762=CARTESIAN_POINT('Ctrl Pts',(1.51038576037488,11.9880448609249,1.68474119727285));
#3763=CARTESIAN_POINT('Ctrl Pts',(1.52274451101806,12.0001624729155,1.67692125868231));
#3764=CARTESIAN_POINT('Ctrl Pts',(1.53017476607344,12.0077335493493,1.67255412475582));
#3765=CARTESIAN_POINT('Ctrl Pts',(1.53690370730651,12.0144277275479,1.66859741495477));
#3766=CARTESIAN_POINT('Ctrl Pts',(1.54006771290088,12.0173388563197,1.66652671542276));
#3767=CARTESIAN_POINT('Ctrl Pts',(1.54241006142142,12.0192032325522,1.6648560101608));
#3768=CARTESIAN_POINT('Ctrl Pts',(1.54509141097247,12.0210728260975,1.66274433631184));
#3769=CARTESIAN_POINT('Ctrl Pts',(1.54752675254967,12.0221139896224,1.66021948231381));
#3770=CARTESIAN_POINT('Ctrl Pts',(1.55005056107216,12.0223030639428,1.6569562097705));
#3771=CARTESIAN_POINT('Ctrl Pts',(1.55302636566518,12.0214562920249,1.65244464430621));
#3772=CARTESIAN_POINT('Ctrl Pts',(1.55677751138477,12.0192006304836,1.64547194192066));
#3773=CARTESIAN_POINT('Ctrl Pts',(1.56137391831809,12.0157153546881,1.63625580903047));
#3774=CARTESIAN_POINT('Ctrl Pts',(1.56644357620017,12.0119202108718,1.62582959899491));
#3775=CARTESIAN_POINT('Ctrl Pts',(1.57146967448452,12.0085510679804,1.61526099347069));
#3776=CARTESIAN_POINT('Ctrl Pts',(1.57656536678746,12.0056054819414,1.60455151749241));
#3777=CARTESIAN_POINT('Ctrl Pts',(1.5799364356304,12.0040301034492,1.5973852064882));
#3778=CARTESIAN_POINT('Ctrl Pts',(1.58164627961632,12.0033160923348,1.59376427244568));
#3779=CARTESIAN_POINT('Ctrl Pts',(1.22472036089592,11.5340846544429,1.92786268319452));
#3780=CARTESIAN_POINT('Ctrl Pts',(1.22932381643254,11.5340846544429,1.91799054093799));
#3781=CARTESIAN_POINT('Ctrl Pts',(1.23845627711221,11.5357266070705,1.89837195482588));
#3782=CARTESIAN_POINT('Ctrl Pts',(1.25131274425363,11.5424068351654,1.87063360207619));
#3783=CARTESIAN_POINT('Ctrl Pts',(1.25880827653508,11.5499289824688,1.85431677256698));
#3784=CARTESIAN_POINT('Ctrl Pts',(1.26328897697504,11.5556111159346,1.84449083428987));
#3785=CARTESIAN_POINT('Ctrl Pts',(1.26659113834415,11.5606675837145,1.8371960762289));
#3786=CARTESIAN_POINT('Ctrl Pts',(1.26870761159533,11.5640505096283,1.83250066184968));
#3787=CARTESIAN_POINT('Ctrl Pts',(1.27071898747656,11.5669769717325,1.82803499346222));
#3788=CARTESIAN_POINT('Ctrl Pts',(1.27222569601213,11.5683744544062,1.8247150297965));
#3789=CARTESIAN_POINT('Ctrl Pts',(1.27403450989439,11.5689981275774,1.82074535921188));
#3790=CARTESIAN_POINT('Ctrl Pts',(1.27549613359153,11.5685079445067,1.81766333081798));
#3791=CARTESIAN_POINT('Ctrl Pts',(1.27684101918687,11.5677112113012,1.81475805527957));
#3792=CARTESIAN_POINT('Ctrl Pts',(1.27878490354024,11.5662514734747,1.81059194882214));
#3793=CARTESIAN_POINT('Ctrl Pts',(1.28161802876919,11.563585431769,1.80468744442964));
#3794=CARTESIAN_POINT('Ctrl Pts',(1.28569768761109,11.5593244288398,1.79612226123921));
#3795=CARTESIAN_POINT('Ctrl Pts',(1.29168264760383,11.5527593129237,1.78335429386508));
#3796=CARTESIAN_POINT('Ctrl Pts',(1.30140594817029,11.5424652828057,1.76289291048434));
#3797=CARTESIAN_POINT('Ctrl Pts',(1.31448411678946,11.529635586375,1.73510325790851));
#3798=CARTESIAN_POINT('Ctrl Pts',(1.32940966063059,11.516714552995,1.70318330480252));
#3799=CARTESIAN_POINT('Ctrl Pts',(1.34461089642777,11.5054604443355,1.67071071359958));
#3800=CARTESIAN_POINT('Ctrl Pts',(1.35998275205791,11.4959020084678,1.63774559432985));
#3801=CARTESIAN_POINT('Ctrl Pts',(1.37034696341692,11.4907222580158,1.61556591103931));
#3802=CARTESIAN_POINT('Ctrl Pts',(1.37554355070661,11.4884228828211,1.60442130887217));
#3803=CARTESIAN_POINT('Ctrl Pts',(1.2247203608959,11.3845521390632,1.92786268319456));
#3804=CARTESIAN_POINT('Ctrl Pts',(1.22477316802996,11.3845521390632,1.92774943793012));
#3805=CARTESIAN_POINT('Ctrl Pts',(1.22487905129532,11.3845239314165,1.92752237053478));
#3806=CARTESIAN_POINT('Ctrl Pts',(1.2250842374082,11.3843815533978,1.92708234749574));
#3807=CARTESIAN_POINT('Ctrl Pts',(1.22532495660102,11.3841294940695,1.92656612352083));
#3808=CARTESIAN_POINT('Ctrl Pts',(1.22560743917892,11.3837930605785,1.9259603376776));
#3809=CARTESIAN_POINT('Ctrl Pts',(1.22598040498913,11.383322196461,1.92516050991648));
#3810=CARTESIAN_POINT('Ctrl Pts',(1.2264450599799,11.3827158332937,1.92416405407314));
#3811=CARTESIAN_POINT('Ctrl Pts',(1.22718196377827,11.3817409438174,1.92258375877778));
#3812=CARTESIAN_POINT('Ctrl Pts',(1.22810285720904,11.3805160036845,1.92060889644245));
#3813=CARTESIAN_POINT('Ctrl Pts',(1.2295765963564,11.3785605707842,1.91744845264191));
#3814=CARTESIAN_POINT('Ctrl Pts',(1.23105329093666,11.3766159239754,1.91428167089505));
#3815=CARTESIAN_POINT('Ctrl Pts',(1.23253322600124,11.3746861123805,1.91110793990715));
#3816=CARTESIAN_POINT('Ctrl Pts',(1.23475666697857,11.3718059459686,1.90633975534393));
#3817=CARTESIAN_POINT('Ctrl Pts',(1.23810461207967,11.3675433512641,1.89916006390514));
#3818=CARTESIAN_POINT('Ctrl Pts',(1.24309734928418,11.3613665848395,1.88845310441777));
#3819=CARTESIAN_POINT('Ctrl Pts',(1.25063667657777,11.352353547464,1.8722849648607));
#3820=CARTESIAN_POINT('Ctrl Pts',(1.26286885512077,11.3385903682653,1.84605297332231));
#3821=CARTESIAN_POINT('Ctrl Pts',(1.27953313383845,11.3217446370127,1.81031631228695));
#3822=CARTESIAN_POINT('Ctrl Pts',(1.29869750428212,11.3049136481379,1.76921818724329));
#3823=CARTESIAN_POINT('Ctrl Pts',(1.31821478040229,11.2902758383049,1.72736325353408));
#3824=CARTESIAN_POINT('Ctrl Pts',(1.33801559309471,11.2778904799672,1.68490027368349));
#3825=CARTESIAN_POINT('Ctrl Pts',(1.35135777583159,11.2711633512333,1.65628787046954));
#3826=CARTESIAN_POINT('Ctrl Pts',(1.35805225638605,11.2681865262669,1.64193151059129));
#3827=CARTESIAN_POINT('Origin',(0.00621491712461508,0.5,-2.61955154371615));
#3828=CARTESIAN_POINT('',(-6.59999999999997,0.5,-1.49888018391322));
#3829=CARTESIAN_POINT('',(-6.59999999999997,0.5,-2.5108820310605));
#3830=CARTESIAN_POINT('',(-6.59999999999997,0.5,-3.15034123193783));
#3831=CARTESIAN_POINT('',(-4.1227679248814,0.5,-1.87158287981409));
#3832=CARTESIAN_POINT('Origin',(-5.99756969277574,0.5,-5.91374856233321));
#3833=CARTESIAN_POINT('',(-0.895238600985535,0.5,-2.74015322169535));
#3834=CARTESIAN_POINT('Origin',(0.,0.5,7.01736256658427));
#3835=CARTESIAN_POINT('',(-3.30648233044121,0.5,-3.26245929288355));
#3836=CARTESIAN_POINT('Origin',(1.54074395550979E-32,0.5,-12.7));
#3837=CARTESIAN_POINT('',(-4.5435239520255,0.5,-2.77875671409433));
#3838=CARTESIAN_POINT('Origin',(0.,0.5,7.01736256658427));
#3839=CARTESIAN_POINT('Origin',(-5.99756969277575,0.5,-5.91374856233315));
#3840=CARTESIAN_POINT('Origin',(1.54074395550979E-32,0.,-12.7));
#3841=CARTESIAN_POINT('',(5.44186046511628,1.545,-4.31035431748131));
#3842=CARTESIAN_POINT('',(-5.44186046511625,1.545,-4.3103543174813));
#3843=CARTESIAN_POINT('',(-3.30648233044121,10.5,-3.26245929288355));
#3844=CARTESIAN_POINT('',(-3.30648233044121,2.5,-3.26245929288355));
#3845=CARTESIAN_POINT('',(-0.895238600985535,10.5,-2.74015322169535));
#3846=CARTESIAN_POINT('',(-0.895238600985535,2.5,-2.74015322169535));
#3847=CARTESIAN_POINT('Origin',(1.54074395550979E-32,10.5,-12.7));
#3848=CARTESIAN_POINT('',(3.30648233044121,0.5,-3.26245929288355));
#3849=CARTESIAN_POINT('',(3.30648233044121,10.5,-3.26245929288355));
#3850=CARTESIAN_POINT('',(3.30648233044121,2.5,-3.26245929288355));
#3851=CARTESIAN_POINT('',(0.895238600985535,10.5,-2.74015322169535));
#3852=CARTESIAN_POINT('Origin',(1.54074395550979E-32,10.5,-12.7));
#3853=CARTESIAN_POINT('',(0.895238600985535,0.5,-2.74015322169535));
#3854=CARTESIAN_POINT('',(0.895238600985535,2.5,-2.74015322169535));
#3855=CARTESIAN_POINT('Origin',(1.54074395550979E-32,0.5,-12.7));
#3856=CARTESIAN_POINT('Origin',(0.00621491712461508,10.5,-2.61955154371615));
#3857=CARTESIAN_POINT('',(-6.59999999999997,10.5,-2.5108820310605));
#3858=CARTESIAN_POINT('',(-6.59999999999997,10.5,-1.49888018391322));
#3859=CARTESIAN_POINT('',(-6.59999999999997,10.5,-3.15034123193783));
#3860=CARTESIAN_POINT('',(-4.5435239520255,10.5,-2.77875671409433));
#3861=CARTESIAN_POINT('Origin',(-5.99756969277575,10.5,-5.91374856233315));
#3862=CARTESIAN_POINT('Origin',(0.,10.5,7.01736256658427));
#3863=CARTESIAN_POINT('',(-4.1227679248814,10.5,-1.87158287981409));
#3864=CARTESIAN_POINT('Origin',(0.,10.5,7.01736256658427));
#3865=CARTESIAN_POINT('Origin',(-5.99756969277574,10.5,-5.91374856233321));
#3866=CARTESIAN_POINT('Origin',(0.00621491712461508,10.5,-2.61955154371615));
#3867=CARTESIAN_POINT('',(4.54352584051509,10.5,-2.77875583819318));
#3868=CARTESIAN_POINT('Origin',(0.,10.5,7.01736256658427));
#3869=CARTESIAN_POINT('',(6.60000000000001,10.5,-2.51088203103932));
#3870=CARTESIAN_POINT('Origin',(5.99756969277562,10.5,-5.91374856233339));
#3871=CARTESIAN_POINT('',(6.60000000000001,10.5,-1.49888018387473));
#3872=CARTESIAN_POINT('',(6.60000000000001,10.5,-1.30977577185809));
#3873=CARTESIAN_POINT('',(4.12276601870899,10.5,-1.87158376389827));
#3874=CARTESIAN_POINT('Origin',(5.99756969277561,10.5,-5.91374856233306));
#3875=CARTESIAN_POINT('Origin',(0.,10.5,7.01736256658427));
#3876=CARTESIAN_POINT('Origin',(0.00621491712461508,0.5,-2.61955154371615));
#3877=CARTESIAN_POINT('',(4.12276601870899,0.5,-1.87158376389827));
#3878=CARTESIAN_POINT('Origin',(0.,0.5,7.01736256658427));
#3879=CARTESIAN_POINT('',(6.60000000000001,0.5,-1.49888018387473));
#3880=CARTESIAN_POINT('Origin',(5.99756969277561,0.5,-5.91374856233306));
#3881=CARTESIAN_POINT('',(6.60000000000001,0.5,-2.51088203103932));
#3882=CARTESIAN_POINT('',(6.60000000000001,0.5,-1.30977577185809));
#3883=CARTESIAN_POINT('',(4.54352584051509,0.5,-2.77875583819318));
#3884=CARTESIAN_POINT('Origin',(5.99756969277562,0.5,-5.91374856233339));
#3885=CARTESIAN_POINT('Origin',(0.,0.5,7.01736256658427));
#3886=CARTESIAN_POINT('Ctrl Pts',(0.467849851706807,-1.8,1.28148295205547));
#3887=CARTESIAN_POINT('Ctrl Pts',(0.499235651982606,-1.8,1.38317878198076));
#3888=CARTESIAN_POINT('Ctrl Pts',(0.47254975248449,-1.8,1.65038743353086));
#3889=CARTESIAN_POINT('Ctrl Pts',(0.232738418271128,-1.8,1.79756159904429));
#3890=CARTESIAN_POINT('Ctrl Pts',(0.0908452438090656,-1.8,1.79940875602005));
#3891=CARTESIAN_POINT('Ctrl Pts',(0.531551742229906,-1.86666666666667,1.26182300321964));
#3892=CARTESIAN_POINT('Ctrl Pts',(0.568168509218338,-1.86666666666667,1.38046813813248));
#3893=CARTESIAN_POINT('Ctrl Pts',(0.537034959803869,-1.86666666666667,1.69221156494092));
#3894=CARTESIAN_POINT('Ctrl Pts',(0.257255069888281,-1.86666666666667,1.86391475803993));
#3895=CARTESIAN_POINT('Ctrl Pts',(0.0917130330158742,-1.86666666666667,
1.86606977451165));
#3896=CARTESIAN_POINT('Ctrl Pts',(0.595253632753005,-1.93333333333333,1.24216305438381));
#3897=CARTESIAN_POINT('Ctrl Pts',(0.63710136645407,-1.93333333333333,1.3777574942842));
#3898=CARTESIAN_POINT('Ctrl Pts',(0.601520167123249,-1.93333333333333,1.73403569635098));
#3899=CARTESIAN_POINT('Ctrl Pts',(0.281771721505433,-1.93333333333333,1.93026791703557));
#3900=CARTESIAN_POINT('Ctrl Pts',(0.0925808222226828,-1.93333333333333,
1.93273079300324));
#3901=CARTESIAN_POINT('Ctrl Pts',(0.658955523276104,-2.,1.22250310554798));
#3902=CARTESIAN_POINT('Ctrl Pts',(0.706034223689802,-2.,1.37504685043591));
#3903=CARTESIAN_POINT('Ctrl Pts',(0.666005374442628,-2.,1.77585982776105));
#3904=CARTESIAN_POINT('Ctrl Pts',(0.306288373122586,-2.,1.9966210760312));
#3905=CARTESIAN_POINT('Ctrl Pts',(0.0934486114294913,-2.,1.99939181149484));
#3906=CARTESIAN_POINT('',(0.0908452438090656,-1.8,1.79940875602005));
#3907=CARTESIAN_POINT('',(0.0934486114294913,-2.,1.99939181149484));
#3908=CARTESIAN_POINT('',(0.467849851706807,-1.8,1.28148295205547));
#3909=CARTESIAN_POINT('Ctrl Pts',(0.0908452438090656,-1.8,1.79940875602005));
#3910=CARTESIAN_POINT('Ctrl Pts',(0.232738418271128,-1.8,1.79756159904429));
#3911=CARTESIAN_POINT('Ctrl Pts',(0.47254975248449,-1.8,1.65038743353086));
#3912=CARTESIAN_POINT('Ctrl Pts',(0.499235651982606,-1.8,1.38317878198076));
#3913=CARTESIAN_POINT('Ctrl Pts',(0.467849851706807,-1.8,1.28148295205547));
#3914=CARTESIAN_POINT('',(0.467849851706807,-1.8,1.28148295205547));
#3915=CARTESIAN_POINT('Ctrl Pts',(4.19109191795997E-13,-2.,2.));
#3916=CARTESIAN_POINT('Ctrl Pts',(0.0311464790869106,-2.,2.));
#3917=CARTESIAN_POINT('Ctrl Pts',(0.0622976204573482,-2.,1.99979733325792));
#3918=CARTESIAN_POINT('Ctrl Pts',(0.0934486114294913,-2.,1.99939181149484));
#3919=CARTESIAN_POINT('Ctrl Pts',(4.15154022270769E-13,-1.93333333333333,
1.93333333333333));
#3920=CARTESIAN_POINT('Ctrl Pts',(0.030857282438007,-1.93333333333333,1.93333333333333));
#3921=CARTESIAN_POINT('Ctrl Pts',(0.0617191838941999,-1.93333333333333,
1.93313254799067));
#3922=CARTESIAN_POINT('Ctrl Pts',(0.0925808222226827,-1.93333333333333,
1.93273079300325));
#3923=CARTESIAN_POINT('Ctrl Pts',(4.11198852745542E-13,-1.86666666666667,
1.86666666666666));
#3924=CARTESIAN_POINT('Ctrl Pts',(0.0305680857891035,-1.86666666666667,
1.86666666666666));
#3925=CARTESIAN_POINT('Ctrl Pts',(0.0611407473310515,-1.86666666666667,
1.86646776272343));
#3926=CARTESIAN_POINT('Ctrl Pts',(0.091713033015874,-1.86666666666667,1.86606977451165));
#3927=CARTESIAN_POINT('Ctrl Pts',(4.07243683220315E-13,-1.8,1.8));
#3928=CARTESIAN_POINT('Ctrl Pts',(0.0302788891401998,-1.8,1.8));
#3929=CARTESIAN_POINT('Ctrl Pts',(0.0605623107679032,-1.8,1.79980297745618));
#3930=CARTESIAN_POINT('Ctrl Pts',(0.0908452438090654,-1.8,1.79940875602005));
#3931=CARTESIAN_POINT('',(4.08967797387772E-13,-1.8,1.8));
#3932=CARTESIAN_POINT('',(4.19109191795997E-13,-2.,2.));
#3933=CARTESIAN_POINT('Ctrl Pts',(4.07243683220315E-13,-1.8,1.8));
#3934=CARTESIAN_POINT('Ctrl Pts',(0.0302788891401998,-1.8,1.8));
#3935=CARTESIAN_POINT('Ctrl Pts',(0.0605623107679032,-1.8,1.79980297745618));
#3936=CARTESIAN_POINT('Ctrl Pts',(0.0908452438090654,-1.8,1.79940875602005));
#3937=CARTESIAN_POINT('Ctrl Pts',(-0.0934486069031443,-2.,1.99939181155377));
#3938=CARTESIAN_POINT('Ctrl Pts',(-0.0622976174395064,-2.,1.99979733327755));
#3939=CARTESIAN_POINT('Ctrl Pts',(-0.0311464775778038,-2.,2.));
#3940=CARTESIAN_POINT('Ctrl Pts',(4.19109191795997E-13,-2.,2.));
#3941=CARTESIAN_POINT('Ctrl Pts',(-0.0925808177383797,-1.93333333333333,
1.93273079306162));
#3942=CARTESIAN_POINT('Ctrl Pts',(-0.061719180904379,-1.93333333333333,
1.93313254801012));
#3943=CARTESIAN_POINT('Ctrl Pts',(-0.0308572809429124,-1.93333333333333,
1.93333333333333));
#3944=CARTESIAN_POINT('Ctrl Pts',(4.15223411209809E-13,-1.93333333333333,
1.93333333333333));
#3945=CARTESIAN_POINT('Ctrl Pts',(-0.0917130285736151,-1.86666666666667,
1.86606977456948));
#3946=CARTESIAN_POINT('Ctrl Pts',(-0.0611407443692515,-1.86666666666667,
1.8664677627427));
#3947=CARTESIAN_POINT('Ctrl Pts',(-0.0305680843080211,-1.86666666666667,
1.86666666666667));
#3948=CARTESIAN_POINT('Ctrl Pts',(4.1133763062362E-13,-1.86666666666667,
1.86666666666666));
#3949=CARTESIAN_POINT('Ctrl Pts',(-0.0908452394088505,-1.8,1.79940875607733));
#3950=CARTESIAN_POINT('Ctrl Pts',(-0.0605623078341242,-1.8,1.79980297747527));
#3951=CARTESIAN_POINT('Ctrl Pts',(-0.0302788876731296,-1.8,1.8));
#3952=CARTESIAN_POINT('Ctrl Pts',(4.07451850037432E-13,-1.8,1.8));
#3953=CARTESIAN_POINT('',(-0.0908452394088496,-1.8,1.79940875607733));
#3954=CARTESIAN_POINT('',(-0.0934486069031443,-2.,1.99939181155377));
#3955=CARTESIAN_POINT('Ctrl Pts',(-0.0908452394088505,-1.8,1.79940875607733));
#3956=CARTESIAN_POINT('Ctrl Pts',(-0.0605623078341242,-1.8,1.79980297747527));
#3957=CARTESIAN_POINT('Ctrl Pts',(-0.0302788876731296,-1.8,1.8));
#3958=CARTESIAN_POINT('Ctrl Pts',(4.07451850037432E-13,-1.8,1.8));
#3959=CARTESIAN_POINT('Ctrl Pts',(-0.0908452394088488,-1.8,1.79940875607733));
#3960=CARTESIAN_POINT('Ctrl Pts',(-0.197265120027125,-1.8,1.79802338841562));
#3961=CARTESIAN_POINT('Ctrl Pts',(-0.443342361894582,-1.8,1.69051243510683));
#3962=CARTESIAN_POINT('Ctrl Pts',(-0.509697581088485,-1.8,1.41707739367353));
#3963=CARTESIAN_POINT('Ctrl Pts',(-0.46784984810285,-1.8,1.28148295387212));
#3964=CARTESIAN_POINT('Ctrl Pts',(-0.0917130285736134,-1.86666666666667,
1.86606977456948));
#3965=CARTESIAN_POINT('Ctrl Pts',(-0.215869555961602,-1.86666666666667,
1.86445351229747));
#3966=CARTESIAN_POINT('Ctrl Pts',(-0.502959671473636,-1.86666666666667,
1.73902406677055));
#3967=CARTESIAN_POINT('Ctrl Pts',(-0.580374093866523,-1.86666666666667,
1.42001651843171));
#3968=CARTESIAN_POINT('Ctrl Pts',(-0.531551738716615,-1.86666666666667,
1.26182300533006));
#3969=CARTESIAN_POINT('Ctrl Pts',(-0.092580817738378,-1.93333333333333,
1.93273079306162));
#3970=CARTESIAN_POINT('Ctrl Pts',(-0.234473991896079,-1.93333333333333,
1.93088363617933));
#3971=CARTESIAN_POINT('Ctrl Pts',(-0.562576981052689,-1.93333333333333,
1.78753569843428));
#3972=CARTESIAN_POINT('Ctrl Pts',(-0.65105060664456,-1.93333333333333,1.42295564318988));
#3973=CARTESIAN_POINT('Ctrl Pts',(-0.59525362933038,-1.93333333333333,1.242163056788));
#3974=CARTESIAN_POINT('Ctrl Pts',(-0.0934486069031426,-2.,1.99939181155376));
#3975=CARTESIAN_POINT('Ctrl Pts',(-0.253078427830556,-2.,1.99731376006119));
#3976=CARTESIAN_POINT('Ctrl Pts',(-0.622194290631743,-2.,1.83604733009801));
#3977=CARTESIAN_POINT('Ctrl Pts',(-0.721727119422598,-2.,1.42589476794806));
#3978=CARTESIAN_POINT('Ctrl Pts',(-0.658955519944144,-2.,1.22250310824594));
#3979=CARTESIAN_POINT('',(-0.46784984810285,-1.8,1.28148295387212));
#3980=CARTESIAN_POINT('',(-0.658955519944144,-2.,1.22250310824594));
#3981=CARTESIAN_POINT('Ctrl Pts',(-0.46784984810285,-1.8,1.28148295387212));
#3982=CARTESIAN_POINT('Ctrl Pts',(-0.509697581088485,-1.8,1.41707739367353));
#3983=CARTESIAN_POINT('Ctrl Pts',(-0.443342361894582,-1.8,1.69051243510683));
#3984=CARTESIAN_POINT('Ctrl Pts',(-0.197265120027125,-1.8,1.79802338841562));
#3985=CARTESIAN_POINT('Ctrl Pts',(-0.0908452394088488,-1.8,1.79940875607733));
#3986=CARTESIAN_POINT('Origin',(-3.,-1.9,0.499999999325291));
#3987=CARTESIAN_POINT('',(-0.720844826692148,-1.8,-0.852017639607002));
#3988=CARTESIAN_POINT('',(-0.892856537885193,-2.,-0.749978572517772));
#3989=CARTESIAN_POINT('Origin',(-3.,-1.8,0.499999999325291));
#3990=CARTESIAN_POINT('Origin',(-0.376821404306056,-1.9,-1.05609577378546));
#3991=CARTESIAN_POINT('',(-0.363883330338466,-1.8,-1.45588647683145));
#3992=CARTESIAN_POINT('',(-0.357414293354671,-2.,-1.65578182835445));
#3993=CARTESIAN_POINT('Origin',(-0.376821404306056,-1.8,-1.05609577378546));
#3994=CARTESIAN_POINT('Origin',(1.54074395550979E-32,-1.9,-12.7));
#3995=CARTESIAN_POINT('',(0.363883322457121,-1.8,-1.4558864765764));
#3996=CARTESIAN_POINT('',(0.35741428561344,-2.,-1.65578182810393));
#3997=CARTESIAN_POINT('Origin',(1.54074395550979E-32,-1.8,-12.7));
#3998=CARTESIAN_POINT('Origin',(0.376821396144486,-1.9,-1.05609577352134));
#3999=CARTESIAN_POINT('',(0.720844819600945,-1.8,-0.852017641147243));
#4000=CARTESIAN_POINT('',(0.892856531329175,-2.,-0.749978574960196));
#4001=CARTESIAN_POINT('Origin',(0.376821396144486,-1.8,-1.05609577352134));
#4002=CARTESIAN_POINT('Origin',(2.99999999999999,-1.9,0.499999985831119));
#4003=CARTESIAN_POINT('Origin',(2.99999999999999,-1.8,0.499999985831119));
#4004=CARTESIAN_POINT('Origin',(-0.376821404306056,0.,-1.05609577378546));
#4005=CARTESIAN_POINT('',(-0.363883330338466,12.8,-1.45588647683145));
#4006=CARTESIAN_POINT('',(-0.363883330338466,0.,-1.45588647683145));
#4007=CARTESIAN_POINT('',(-0.720844826692148,12.8,-0.852017639607002));
#4008=CARTESIAN_POINT('Origin',(-0.376821404306056,12.8,-1.05609577378546));
#4009=CARTESIAN_POINT('',(-0.720844826692148,0.,-0.852017639607002));
#4010=CARTESIAN_POINT('Origin',(1.54074395550979E-32,0.,-12.7));
#4011=CARTESIAN_POINT('',(0.363883322457121,12.8,-1.4558864765764));
#4012=CARTESIAN_POINT('',(0.363883322457121,0.,-1.4558864765764));
#4013=CARTESIAN_POINT('Origin',(1.54074395550979E-32,12.8,-12.7));
#4014=CARTESIAN_POINT('Origin',(0.376821396144486,0.,-1.05609577352134));
#4015=CARTESIAN_POINT('',(0.720844819600945,12.8,-0.852017641147243));
#4016=CARTESIAN_POINT('',(0.720844819600945,0.,-0.852017641147243));
#4017=CARTESIAN_POINT('Origin',(0.376821396144486,12.8,-1.05609577352134));
#4018=CARTESIAN_POINT('Origin',(2.99999999999999,0.,0.499999985831119));
#4019=CARTESIAN_POINT('',(0.467849851706807,1.545,1.28148295205547));
#4020=CARTESIAN_POINT('Ctrl Pts',(0.467849851706807,1.545,1.28148295205547));
#4021=CARTESIAN_POINT('Ctrl Pts',(0.467849851706807,0.43,1.28148295205547));
#4022=CARTESIAN_POINT('Ctrl Pts',(0.467849851706807,-0.684999999999999,
1.28148295205547));
#4023=CARTESIAN_POINT('Ctrl Pts',(0.467849851706807,-1.8,1.28148295205547));
#4024=CARTESIAN_POINT('',(0.467849851706807,9.45499999999999,1.28148295205547));
#4025=CARTESIAN_POINT('Ctrl Pts',(0.467849851706807,9.45499999999999,1.28148295205547));
#4026=CARTESIAN_POINT('Ctrl Pts',(0.467849851706807,6.81833333333333,1.28148295205547));
#4027=CARTESIAN_POINT('Ctrl Pts',(0.467849851706807,4.18166666666666,1.28148295205547));
#4028=CARTESIAN_POINT('Ctrl Pts',(0.467849851706807,1.545,1.28148295205547));
#4029=CARTESIAN_POINT('',(0.467849851706807,12.8,1.28148295205547));
#4030=CARTESIAN_POINT('Ctrl Pts',(0.467849851706807,12.8,1.28148295205547));
#4031=CARTESIAN_POINT('Ctrl Pts',(0.467849851706807,11.685,1.28148295205547));
#4032=CARTESIAN_POINT('Ctrl Pts',(0.467849851706807,10.57,1.28148295205547));
#4033=CARTESIAN_POINT('Ctrl Pts',(0.467849851706807,9.45499999999999,1.28148295205547));
#4034=CARTESIAN_POINT('Origin',(2.99999999999999,12.8,0.499999985831119));
#4035=CARTESIAN_POINT('Ctrl Pts',(0.0908452438090656,1.545,1.79940875602005));
#4036=CARTESIAN_POINT('Ctrl Pts',(0.0908452438090656,0.43,1.79940875602005));
#4037=CARTESIAN_POINT('Ctrl Pts',(0.0908452438090656,-0.684999999999999,
1.79940875602005));
#4038=CARTESIAN_POINT('Ctrl Pts',(0.0908452438090656,-1.8,1.79940875602005));
#4039=CARTESIAN_POINT('Ctrl Pts',(0.161587028184044,1.545,1.79848784364367));
#4040=CARTESIAN_POINT('Ctrl Pts',(0.161587028184044,0.429999999999998,1.79848784364367));
#4041=CARTESIAN_POINT('Ctrl Pts',(0.161587028184044,-0.684999999999999,
1.79848784364367));
#4042=CARTESIAN_POINT('Ctrl Pts',(0.161587028184044,-1.8,1.79848784364367));
#4043=CARTESIAN_POINT('Ctrl Pts',(0.30220434750131,1.545,1.75824157083838));
#4044=CARTESIAN_POINT('Ctrl Pts',(0.30220434750131,0.430000000000003,1.75824157083838));
#4045=CARTESIAN_POINT('Ctrl Pts',(0.30220434750131,-0.684999999999999,1.75824157083838));
#4046=CARTESIAN_POINT('Ctrl Pts',(0.30220434750131,-1.8,1.75824157083838));
#4047=CARTESIAN_POINT('Ctrl Pts',(0.480091905597125,1.545,1.57266612381049));
#4048=CARTESIAN_POINT('Ctrl Pts',(0.480091905597125,0.429999999999999,1.57266612381049));
#4049=CARTESIAN_POINT('Ctrl Pts',(0.480091905597125,-0.685000000000001,
1.57266612381049));
#4050=CARTESIAN_POINT('Ctrl Pts',(0.480091905597125,-1.8,1.57266612381049));
#4051=CARTESIAN_POINT('Ctrl Pts',(0.499145049998961,1.545,1.38288521470388));
#4052=CARTESIAN_POINT('Ctrl Pts',(0.499145049998961,0.43,1.38288521470388));
#4053=CARTESIAN_POINT('Ctrl Pts',(0.499145049998961,-0.684999999999999,
1.38288521470388));
#4054=CARTESIAN_POINT('Ctrl Pts',(0.499145049998961,-1.8,1.38288521470388));
#4055=CARTESIAN_POINT('Ctrl Pts',(0.467849851706807,1.545,1.28148295205547));
#4056=CARTESIAN_POINT('Ctrl Pts',(0.467849851706807,0.43,1.28148295205547));
#4057=CARTESIAN_POINT('Ctrl Pts',(0.467849851706807,-0.684999999999999,
1.28148295205547));
#4058=CARTESIAN_POINT('Ctrl Pts',(0.467849851706807,-1.8,1.28148295205547));
#4059=CARTESIAN_POINT('',(0.0908452438090653,1.545,1.79940875602005));
#4060=CARTESIAN_POINT('Ctrl Pts',(0.0908452438090656,-1.8,1.79940875602005));
#4061=CARTESIAN_POINT('Ctrl Pts',(0.0908452438090656,-0.684999999999999,
1.79940875602005));
#4062=CARTESIAN_POINT('Ctrl Pts',(0.0908452438090656,0.43,1.79940875602005));
#4063=CARTESIAN_POINT('Ctrl Pts',(0.0908452438090656,1.545,1.79940875602005));
#4064=CARTESIAN_POINT('Origin',(0.0856385085682136,1.545,1.39944264507047));
#4065=CARTESIAN_POINT('Ctrl Pts',(-0.46784984810285,12.8,1.28148295387212));
#4066=CARTESIAN_POINT('Ctrl Pts',(-0.499235647842076,12.8,1.38317878372318));
#4067=CARTESIAN_POINT('Ctrl Pts',(-0.472531268679023,12.8,1.65037930112509));
#4068=CARTESIAN_POINT('Ctrl Pts',(-0.23273841356655,12.8,1.79756159919504));
#4069=CARTESIAN_POINT('Ctrl Pts',(-0.0908452394088488,12.8,1.79940875607733));
#4070=CARTESIAN_POINT('Ctrl Pts',(-0.531551738716615,12.8666666666667,1.26182300533006));
#4071=CARTESIAN_POINT('Ctrl Pts',(-0.568168505079046,12.8666666666667,1.38046814015629));
#4072=CARTESIAN_POINT('Ctrl Pts',(-0.537013396055483,12.8666666666667,1.6922020771252));
#4073=CARTESIAN_POINT('Ctrl Pts',(-0.257255065090931,12.8666666666667,1.86391475820681));
#4074=CARTESIAN_POINT('Ctrl Pts',(-0.0917130285736134,12.8666666666667,
1.86606977456948));
#4075=CARTESIAN_POINT('Ctrl Pts',(-0.59525362933038,12.9333333333333,1.242163056788));
#4076=CARTESIAN_POINT('Ctrl Pts',(-0.637101362316015,12.9333333333333,1.37775749658941));
#4077=CARTESIAN_POINT('Ctrl Pts',(-0.601495523431943,12.9333333333333,1.7340248531253));
#4078=CARTESIAN_POINT('Ctrl Pts',(-0.281771716615313,12.9333333333333,1.93026791721857));
#4079=CARTESIAN_POINT('Ctrl Pts',(-0.092580817738378,12.9333333333333,1.93273079306162));
#4080=CARTESIAN_POINT('Ctrl Pts',(-0.658955519944144,13.,1.22250310824594));
#4081=CARTESIAN_POINT('Ctrl Pts',(-0.706034219552984,13.,1.37504685302253));
#4082=CARTESIAN_POINT('Ctrl Pts',(-0.665977650808404,13.,1.7758476291254));
#4083=CARTESIAN_POINT('Ctrl Pts',(-0.306288368139694,13.,1.99662107623033));
#4084=CARTESIAN_POINT('Ctrl Pts',(-0.0934486069031426,13.,1.99939181155377));
#4085=CARTESIAN_POINT('',(-0.0908452394088488,12.8,1.79940875607733));
#4086=CARTESIAN_POINT('',(-0.0934486069031426,13.,1.99939181155377));
#4087=CARTESIAN_POINT('',(-0.46784984810285,12.8,1.28148295387212));
#4088=CARTESIAN_POINT('Ctrl Pts',(-0.0908452394088488,12.8,1.79940875607733));
#4089=CARTESIAN_POINT('Ctrl Pts',(-0.23273841356655,12.8,1.79756159919504));
#4090=CARTESIAN_POINT('Ctrl Pts',(-0.472531268679023,12.8,1.65037930112509));
#4091=CARTESIAN_POINT('Ctrl Pts',(-0.499235647842076,12.8,1.38317878372318));
#4092=CARTESIAN_POINT('Ctrl Pts',(-0.46784984810285,12.8,1.28148295387212));
#4093=CARTESIAN_POINT('',(-0.46784984810285,12.8,1.28148295387212));
#4094=CARTESIAN_POINT('Ctrl Pts',(5.55111512312578E-16,13.,2.));
#4095=CARTESIAN_POINT('Ctrl Pts',(-0.0311464775780807,13.,2.));
#4096=CARTESIAN_POINT('Ctrl Pts',(-0.0622976174396424,13.,1.99979733327755));
#4097=CARTESIAN_POINT('Ctrl Pts',(-0.0934486069031426,13.,1.99939181155377));
#4098=CARTESIAN_POINT('Ctrl Pts',(5.55111512312578E-16,12.9333333333333,
1.93333333333333));
#4099=CARTESIAN_POINT('Ctrl Pts',(-0.0308572809431867,12.9333333333333,
1.93333333333333));
#4100=CARTESIAN_POINT('Ctrl Pts',(-0.0617191809045136,12.9333333333333,
1.93313254801012));
#4101=CARTESIAN_POINT('Ctrl Pts',(-0.0925808177383779,12.9333333333333,
1.93273079306162));
#4102=CARTESIAN_POINT('Ctrl Pts',(5.55111512312578E-16,12.8666666666667,
1.86666666666666));
#4103=CARTESIAN_POINT('Ctrl Pts',(-0.0305680843082928,12.8666666666667,
1.86666666666666));
#4104=CARTESIAN_POINT('Ctrl Pts',(-0.0611407443693848,12.8666666666667,
1.8664677627427));
#4105=CARTESIAN_POINT('Ctrl Pts',(-0.0917130285736132,12.8666666666667,
1.86606977456948));
#4106=CARTESIAN_POINT('Ctrl Pts',(5.55111512312578E-16,12.8,1.8));
#4107=CARTESIAN_POINT('Ctrl Pts',(-0.0302788876733988,12.8,1.8));
#4108=CARTESIAN_POINT('Ctrl Pts',(-0.060562307834256,12.8,1.79980297747527));
#4109=CARTESIAN_POINT('Ctrl Pts',(-0.0908452394088485,12.8,1.79940875607733));
#4110=CARTESIAN_POINT('',(5.41474322814456E-16,12.8,1.8));
#4111=CARTESIAN_POINT('',(5.55111512312578E-16,13.,2.));
#4112=CARTESIAN_POINT('Ctrl Pts',(5.55111512312578E-16,12.8,1.8));
#4113=CARTESIAN_POINT('Ctrl Pts',(-0.0302788876733988,12.8,1.8));
#4114=CARTESIAN_POINT('Ctrl Pts',(-0.060562307834256,12.8,1.79980297747527));
#4115=CARTESIAN_POINT('Ctrl Pts',(-0.0908452394088485,12.8,1.79940875607733));
#4116=CARTESIAN_POINT('Ctrl Pts',(0.0934486114294913,13.,1.99939181149484));
#4117=CARTESIAN_POINT('Ctrl Pts',(0.0622976204572092,13.,1.99979733325792));
#4118=CARTESIAN_POINT('Ctrl Pts',(0.0311464790866315,13.,2.));
#4119=CARTESIAN_POINT('Ctrl Pts',(5.55111512312578E-16,13.,2.));
#4120=CARTESIAN_POINT('Ctrl Pts',(0.0925808222226827,12.9333333333333,1.93273079300325));
#4121=CARTESIAN_POINT('Ctrl Pts',(0.0617191838940621,12.9333333333333,1.93313254799067));
#4122=CARTESIAN_POINT('Ctrl Pts',(0.0308572824377305,12.9333333333333,1.93333333333333));
#4123=CARTESIAN_POINT('Ctrl Pts',(5.31981865966221E-16,12.9333333333333,
1.93333333333333));
#4124=CARTESIAN_POINT('Ctrl Pts',(0.091713033015874,12.8666666666667,1.86606977451165));
#4125=CARTESIAN_POINT('Ctrl Pts',(0.0611407473309151,12.8666666666667,1.86646776272343));
#4126=CARTESIAN_POINT('Ctrl Pts',(0.0305680857888295,12.8666666666667,1.86666666666666));
#4127=CARTESIAN_POINT('Ctrl Pts',(5.08852219619863E-16,12.8666666666667,
1.86666666666666));
#4128=CARTESIAN_POINT('Ctrl Pts',(0.0908452438090653,12.8,1.79940875602005));
#4129=CARTESIAN_POINT('Ctrl Pts',(0.060562310767768,12.8,1.79980297745618));
#4130=CARTESIAN_POINT('Ctrl Pts',(0.0302788891399286,12.8,1.8));
#4131=CARTESIAN_POINT('Ctrl Pts',(4.85722573273506E-16,12.8,1.8));
#4132=CARTESIAN_POINT('',(0.0908452438090653,12.8,1.79940875602005));
#4133=CARTESIAN_POINT('',(0.0934486114294913,13.,1.99939181149484));
#4134=CARTESIAN_POINT('Ctrl Pts',(0.0908452438090653,12.8,1.79940875602005));
#4135=CARTESIAN_POINT('Ctrl Pts',(0.060562310767768,12.8,1.79980297745618));
#4136=CARTESIAN_POINT('Ctrl Pts',(0.0302788891399286,12.8,1.8));
#4137=CARTESIAN_POINT('Ctrl Pts',(4.85722573273506E-16,12.8,1.8));
#4138=CARTESIAN_POINT('Ctrl Pts',(0.0908452438090653,12.8,1.79940875602005));
#4139=CARTESIAN_POINT('Ctrl Pts',(0.197265124655612,12.8,1.79802338828823));
#4140=CARTESIAN_POINT('Ctrl Pts',(0.443328909838256,12.8,1.690497305887));
#4141=CARTESIAN_POINT('Ctrl Pts',(0.509697585407871,12.8,1.41707739195586));
#4142=CARTESIAN_POINT('Ctrl Pts',(0.467849851706807,12.8,1.28148295205547));
#4143=CARTESIAN_POINT('Ctrl Pts',(0.0917130330158738,12.8666666666667,1.86606977451165));
#4144=CARTESIAN_POINT('Ctrl Pts',(0.215869560670179,12.8666666666667,1.86445351215786));
#4145=CARTESIAN_POINT('Ctrl Pts',(0.502943976716596,12.8666666666667,1.73900641602309));
#4146=CARTESIAN_POINT('Ctrl Pts',(0.580374098214481,12.8666666666667,1.42001651643676));
#4147=CARTESIAN_POINT('Ctrl Pts',(0.531551742229906,12.8666666666667,1.26182300321964));
#4148=CARTESIAN_POINT('Ctrl Pts',(0.0925808222226823,12.9333333333333,1.93273079300324));
#4149=CARTESIAN_POINT('Ctrl Pts',(0.234473996684745,12.9333333333333,1.93088363602749));
#4150=CARTESIAN_POINT('Ctrl Pts',(0.562559043594937,12.9333333333333,1.78751552615918));
#4151=CARTESIAN_POINT('Ctrl Pts',(0.651050611021091,12.9333333333333,1.42295564091766));
#4152=CARTESIAN_POINT('Ctrl Pts',(0.595253632753005,12.9333333333333,1.24216305438381));
#4153=CARTESIAN_POINT('Ctrl Pts',(0.0934486114294908,13.,1.99939181149484));
#4154=CARTESIAN_POINT('Ctrl Pts',(0.253078432699312,13.,1.99731375989711));
#4155=CARTESIAN_POINT('Ctrl Pts',(0.622174110473277,13.,1.83602463629526));
#4156=CARTESIAN_POINT('Ctrl Pts',(0.7217271238277,13.,1.42589476539855));
#4157=CARTESIAN_POINT('Ctrl Pts',(0.658955523276104,13.,1.22250310554798));
#4158=CARTESIAN_POINT('',(0.658955523276104,13.,1.22250310554798));
#4159=CARTESIAN_POINT('Ctrl Pts',(0.467849851706807,12.8,1.28148295205547));
#4160=CARTESIAN_POINT('Ctrl Pts',(0.509697585407871,12.8,1.41707739195586));
#4161=CARTESIAN_POINT('Ctrl Pts',(0.443328909838256,12.8,1.690497305887));
#4162=CARTESIAN_POINT('Ctrl Pts',(0.197265124655612,12.8,1.79802338828823));
#4163=CARTESIAN_POINT('Ctrl Pts',(0.0908452438090653,12.8,1.79940875602005));
#4164=CARTESIAN_POINT('Origin',(2.99999999999999,12.9,0.499999985831119));
#4165=CARTESIAN_POINT('',(0.892856531329175,13.,-0.749978574960196));
#4166=CARTESIAN_POINT('Origin',(0.376821396144486,12.9,-1.05609577352134));
#4167=CARTESIAN_POINT('',(0.357414285613439,13.,-1.65578182810393));
#4168=CARTESIAN_POINT('Origin',(1.54074395550979E-32,12.9,-12.7));
#4169=CARTESIAN_POINT('',(-0.35741429335467,13.,-1.65578182835445));
#4170=CARTESIAN_POINT('Origin',(-0.376821404306056,12.9,-1.05609577378546));
#4171=CARTESIAN_POINT('',(-0.892856537885193,13.,-0.749978572517773));
#4172=CARTESIAN_POINT('Origin',(-3.,12.9,0.499999999325291));
#4173=CARTESIAN_POINT('Origin',(-3.,12.8,0.499999999325291));
#4174=CARTESIAN_POINT('Origin',(-3.,0.,0.499999999325291));
#4175=CARTESIAN_POINT('',(-0.46784984810285,9.45499999999999,1.28148295387212));
#4176=CARTESIAN_POINT('Ctrl Pts',(-0.46784984810285,9.45499999999999,1.28148295387212));
#4177=CARTESIAN_POINT('Ctrl Pts',(-0.46784984810285,10.57,1.28148295387212));
#4178=CARTESIAN_POINT('Ctrl Pts',(-0.46784984810285,11.685,1.28148295387212));
#4179=CARTESIAN_POINT('Ctrl Pts',(-0.46784984810285,12.8,1.28148295387212));
#4180=CARTESIAN_POINT('',(-0.46784984810285,1.545,1.28148295387212));
#4181=CARTESIAN_POINT('Ctrl Pts',(-0.46784984810285,1.545,1.28148295387212));
#4182=CARTESIAN_POINT('Ctrl Pts',(-0.46784984810285,4.18166666666667,1.28148295387212));
#4183=CARTESIAN_POINT('Ctrl Pts',(-0.46784984810285,6.81833333333333,1.28148295387212));
#4184=CARTESIAN_POINT('Ctrl Pts',(-0.46784984810285,9.45499999999999,1.28148295387212));
#4185=CARTESIAN_POINT('Ctrl Pts',(-0.46784984810285,-1.8,1.28148295387212));
#4186=CARTESIAN_POINT('Ctrl Pts',(-0.46784984810285,-0.685,1.28148295387212));
#4187=CARTESIAN_POINT('Ctrl Pts',(-0.46784984810285,0.43,1.28148295387212));
#4188=CARTESIAN_POINT('Ctrl Pts',(-0.46784984810285,1.545,1.28148295387212));
#4189=CARTESIAN_POINT('Ctrl Pts',(-0.0908452394088488,9.45499999999999,
1.79940875607733));
#4190=CARTESIAN_POINT('Ctrl Pts',(-0.0908452394088488,10.57,1.79940875607733));
#4191=CARTESIAN_POINT('Ctrl Pts',(-0.0908452394088488,11.685,1.79940875607733));
#4192=CARTESIAN_POINT('Ctrl Pts',(-0.0908452394088488,12.8,1.79940875607733));
#4193=CARTESIAN_POINT('Ctrl Pts',(-0.161587023632764,9.45499999999999,1.79848784374755));
#4194=CARTESIAN_POINT('Ctrl Pts',(-0.161587023632764,10.57,1.79848784374755));
#4195=CARTESIAN_POINT('Ctrl Pts',(-0.161587023632764,11.685,1.79848784374755));
#4196=CARTESIAN_POINT('Ctrl Pts',(-0.161587023632764,12.8,1.79848784374755));
#4197=CARTESIAN_POINT('Ctrl Pts',(-0.302167238505559,9.45499999999999,1.75820665223304));
#4198=CARTESIAN_POINT('Ctrl Pts',(-0.302167238505559,10.57,1.75820665223304));
#4199=CARTESIAN_POINT('Ctrl Pts',(-0.302167238505559,11.685,1.75820665223304));
#4200=CARTESIAN_POINT('Ctrl Pts',(-0.302167238505559,12.8,1.75820665223304));
#4201=CARTESIAN_POINT('Ctrl Pts',(-0.479921665760828,9.45499999999999,1.57265455659302));
#4202=CARTESIAN_POINT('Ctrl Pts',(-0.479921665760828,10.57,1.57265455659302));
#4203=CARTESIAN_POINT('Ctrl Pts',(-0.479921665760828,11.685,1.57265455659302));
#4204=CARTESIAN_POINT('Ctrl Pts',(-0.479921665760828,12.8,1.57265455659302));
#4205=CARTESIAN_POINT('Ctrl Pts',(-0.49914504586028,9.45499999999999,1.38288521644748));
#4206=CARTESIAN_POINT('Ctrl Pts',(-0.49914504586028,10.57,1.38288521644748));
#4207=CARTESIAN_POINT('Ctrl Pts',(-0.49914504586028,11.685,1.38288521644748));
#4208=CARTESIAN_POINT('Ctrl Pts',(-0.49914504586028,12.8,1.38288521644748));
#4209=CARTESIAN_POINT('Ctrl Pts',(-0.46784984810285,9.45499999999999,1.28148295387212));
#4210=CARTESIAN_POINT('Ctrl Pts',(-0.46784984810285,10.57,1.28148295387212));
#4211=CARTESIAN_POINT('Ctrl Pts',(-0.46784984810285,11.685,1.28148295387212));
#4212=CARTESIAN_POINT('Ctrl Pts',(-0.46784984810285,12.8,1.28148295387212));
#4213=CARTESIAN_POINT('',(-0.0908452394088488,9.455,1.79940875607733));
#4214=CARTESIAN_POINT('Ctrl Pts',(-0.0908452394088488,12.8,1.79940875607733));
#4215=CARTESIAN_POINT('Ctrl Pts',(-0.0908452394088488,11.685,1.79940875607733));
#4216=CARTESIAN_POINT('Ctrl Pts',(-0.0908452394088488,10.57,1.79940875607733));
#4217=CARTESIAN_POINT('Ctrl Pts',(-0.0908452394088488,9.45499999999999,
1.79940875607733));
#4218=CARTESIAN_POINT('Origin',(-0.0856385044202609,9.45499999999999,1.39944264512447));
#4219=CARTESIAN_POINT('Origin',(1.54342142956916,-1.875,0.948630837956905));
#4220=CARTESIAN_POINT('',(1.22472036089592,-1.75,1.92786268319453));
#4221=CARTESIAN_POINT('Origin',(2.13102814793257,-1.875,2.35048094493523));
#4222=CARTESIAN_POINT('',(3.03733593496922,-1.75,2.77309920667593));
#4223=CARTESIAN_POINT('Origin',(2.13102814793257,-1.75,2.35048094493523));
#4224=CARTESIAN_POINT('Origin',(4.01510152773651,-1.875,0.972049324244405));
#4225=CARTESIAN_POINT('Origin',(2.13102814793257,13.,2.35048094493523));
#4226=CARTESIAN_POINT('Origin',(-2.13102814793257,12.875,2.35048094493523));
#4227=CARTESIAN_POINT('',(-3.03733593496922,12.75,2.77309920667593));
#4228=CARTESIAN_POINT('Origin',(-3.04679536493143,12.875,3.04858859155194));
#4229=CARTESIAN_POINT('',(-2.93350689155185,12.75,2.99576130883435));
#4230=CARTESIAN_POINT('Ctrl Pts',(0.467849851706807,9.45499999999999,1.28148295205547));
#4231=CARTESIAN_POINT('Ctrl Pts',(0.467849851706807,10.57,1.28148295205547));
#4232=CARTESIAN_POINT('Ctrl Pts',(0.467849851706807,11.685,1.28148295205547));
#4233=CARTESIAN_POINT('Ctrl Pts',(0.467849851706807,12.8,1.28148295205547));
#4234=CARTESIAN_POINT('Ctrl Pts',(0.488713317234909,9.45499999999999,1.34908446048775));
#4235=CARTESIAN_POINT('Ctrl Pts',(0.488713317234909,10.57,1.34908446048775));
#4236=CARTESIAN_POINT('Ctrl Pts',(0.488713317234909,11.685,1.34908446048775));
#4237=CARTESIAN_POINT('Ctrl Pts',(0.488713317234909,12.8,1.34908446048775));
#4238=CARTESIAN_POINT('Ctrl Pts',(0.49358339879904,9.45499999999999,1.49524072483011));
#4239=CARTESIAN_POINT('Ctrl Pts',(0.49358339879904,10.57,1.49524072483011));
#4240=CARTESIAN_POINT('Ctrl Pts',(0.49358339879904,11.685,1.49524072483011));
#4241=CARTESIAN_POINT('Ctrl Pts',(0.49358339879904,12.8,1.49524072483011));
#4242=CARTESIAN_POINT('Ctrl Pts',(0.371636505817173,9.45499999999999,1.72141581674394));
#4243=CARTESIAN_POINT('Ctrl Pts',(0.371636505817173,10.57,1.72141581674394));
#4244=CARTESIAN_POINT('Ctrl Pts',(0.371636505817173,11.685,1.72141581674394));
#4245=CARTESIAN_POINT('Ctrl Pts',(0.371636505817173,12.8,1.72141581674394));
#4246=CARTESIAN_POINT('Ctrl Pts',(0.196957920371533,9.45499999999999,1.79802738745548));
#4247=CARTESIAN_POINT('Ctrl Pts',(0.196957920371533,10.57,1.79802738745548));
#4248=CARTESIAN_POINT('Ctrl Pts',(0.196957920371533,11.685,1.79802738745548));
#4249=CARTESIAN_POINT('Ctrl Pts',(0.196957920371533,12.8,1.79802738745548));
#4250=CARTESIAN_POINT('Ctrl Pts',(0.0908452438090653,9.45499999999999,1.79940875602005));
#4251=CARTESIAN_POINT('Ctrl Pts',(0.0908452438090653,10.57,1.79940875602005));
#4252=CARTESIAN_POINT('Ctrl Pts',(0.0908452438090653,11.685,1.79940875602005));
#4253=CARTESIAN_POINT('Ctrl Pts',(0.0908452438090653,12.8,1.79940875602005));
#4254=CARTESIAN_POINT('',(0.0908452438090653,9.455,1.79940875602005));
#4255=CARTESIAN_POINT('Origin',(0.0856385085682136,9.45499999999999,1.39944264507047));
#4256=CARTESIAN_POINT('Ctrl Pts',(0.0908452438090653,9.45499999999999,1.79940875602005));
#4257=CARTESIAN_POINT('Ctrl Pts',(0.0908452438090653,10.57,1.79940875602005));
#4258=CARTESIAN_POINT('Ctrl Pts',(0.0908452438090653,11.685,1.79940875602005));
#4259=CARTESIAN_POINT('Ctrl Pts',(0.0908452438090653,12.8,1.79940875602005));
#4260=CARTESIAN_POINT('Ctrl Pts',(0.0908452438090653,9.45499999999999,1.79940875602005));
#4261=CARTESIAN_POINT('Ctrl Pts',(0.0908452438090653,6.81833333333333,1.79940875602005));
#4262=CARTESIAN_POINT('Ctrl Pts',(0.0908452438090653,4.18166666666666,1.79940875602005));
#4263=CARTESIAN_POINT('Ctrl Pts',(0.0908452438090653,1.545,1.79940875602005));
#4264=CARTESIAN_POINT('Ctrl Pts',(0.161587028184044,9.45499999999999,1.79848784364367));
#4265=CARTESIAN_POINT('Ctrl Pts',(0.161587028184044,6.81833333333332,1.79848784364367));
#4266=CARTESIAN_POINT('Ctrl Pts',(0.161587028184044,4.18166666666667,1.79848784364367));
#4267=CARTESIAN_POINT('Ctrl Pts',(0.161587028184044,1.545,1.79848784364367));
#4268=CARTESIAN_POINT('Ctrl Pts',(0.302177913633513,9.45499999999999,1.75821272177165));
#4269=CARTESIAN_POINT('Ctrl Pts',(0.302177913633513,6.81833333333334,1.75821272177165));
#4270=CARTESIAN_POINT('Ctrl Pts',(0.302177913633513,4.18166666666666,1.75821272177165));
#4271=CARTESIAN_POINT('Ctrl Pts',(0.302177913633513,1.545,1.75821272177165));
#4272=CARTESIAN_POINT('Ctrl Pts',(0.479953460018583,9.455,1.5726579939024));
#4273=CARTESIAN_POINT('Ctrl Pts',(0.479953460018583,6.81833333333332,1.5726579939024));
#4274=CARTESIAN_POINT('Ctrl Pts',(0.479953460018583,4.18166666666667,1.5726579939024));
#4275=CARTESIAN_POINT('Ctrl Pts',(0.479953460018583,1.545,1.5726579939024));
#4276=CARTESIAN_POINT('Ctrl Pts',(0.49914504999896,9.45499999999999,1.38288521470388));
#4277=CARTESIAN_POINT('Ctrl Pts',(0.49914504999896,6.81833333333333,1.38288521470388));
#4278=CARTESIAN_POINT('Ctrl Pts',(0.49914504999896,4.18166666666666,1.38288521470388));
#4279=CARTESIAN_POINT('Ctrl Pts',(0.49914504999896,1.545,1.38288521470388));
#4280=CARTESIAN_POINT('Ctrl Pts',(0.467849851706807,9.45499999999999,1.28148295205547));
#4281=CARTESIAN_POINT('Ctrl Pts',(0.467849851706807,6.81833333333333,1.28148295205547));
#4282=CARTESIAN_POINT('Ctrl Pts',(0.467849851706807,4.18166666666666,1.28148295205547));
#4283=CARTESIAN_POINT('Ctrl Pts',(0.467849851706807,1.545,1.28148295205547));
#4284=CARTESIAN_POINT('Ctrl Pts',(0.0908452438090653,1.545,1.79940875602005));
#4285=CARTESIAN_POINT('Ctrl Pts',(0.0908452438090653,4.18166666666666,1.79940875602005));
#4286=CARTESIAN_POINT('Ctrl Pts',(0.0908452438090653,6.81833333333333,1.79940875602005));
#4287=CARTESIAN_POINT('Ctrl Pts',(0.0908452438090653,9.45499999999999,1.79940875602005));
#4288=CARTESIAN_POINT('Ctrl Pts',(-0.46784984810285,9.45499999999999,1.28148295387212));
#4289=CARTESIAN_POINT('Ctrl Pts',(-0.46784984810285,6.81833333333333,1.28148295387212));
#4290=CARTESIAN_POINT('Ctrl Pts',(-0.46784984810285,4.18166666666667,1.28148295387212));
#4291=CARTESIAN_POINT('Ctrl Pts',(-0.46784984810285,1.545,1.28148295387212));
#4292=CARTESIAN_POINT('Ctrl Pts',(-0.48871331327447,9.45499999999999,1.34908446225569));
#4293=CARTESIAN_POINT('Ctrl Pts',(-0.48871331327447,6.81833333333332,1.34908446225569));
#4294=CARTESIAN_POINT('Ctrl Pts',(-0.48871331327447,4.18166666666667,1.34908446225569));
#4295=CARTESIAN_POINT('Ctrl Pts',(-0.48871331327447,1.545,1.34908446225569));
#4296=CARTESIAN_POINT('Ctrl Pts',(-0.493592449523867,9.45499999999999,1.49524901488477));
#4297=CARTESIAN_POINT('Ctrl Pts',(-0.493592449523867,6.81833333333334,1.49524901488477));
#4298=CARTESIAN_POINT('Ctrl Pts',(-0.493592449523867,4.18166666666667,1.49524901488477));
#4299=CARTESIAN_POINT('Ctrl Pts',(-0.493592449523867,1.545,1.49524901488477));
#4300=CARTESIAN_POINT('Ctrl Pts',(-0.371649542285909,9.455,1.72144501174697));
#4301=CARTESIAN_POINT('Ctrl Pts',(-0.371649542285909,6.81833333333332,1.72144501174697));
#4302=CARTESIAN_POINT('Ctrl Pts',(-0.371649542285909,4.18166666666666,1.72144501174697));
#4303=CARTESIAN_POINT('Ctrl Pts',(-0.371649542285909,1.545,1.72144501174697));
#4304=CARTESIAN_POINT('Ctrl Pts',(-0.196957915744722,9.45499999999999,1.79802738758265));
#4305=CARTESIAN_POINT('Ctrl Pts',(-0.196957915744722,6.81833333333334,1.79802738758265));
#4306=CARTESIAN_POINT('Ctrl Pts',(-0.196957915744722,4.18166666666667,1.79802738758265));
#4307=CARTESIAN_POINT('Ctrl Pts',(-0.196957915744722,1.545,1.79802738758265));
#4308=CARTESIAN_POINT('Ctrl Pts',(-0.0908452394088485,9.45499999999999,
1.79940875607733));
#4309=CARTESIAN_POINT('Ctrl Pts',(-0.0908452394088485,6.81833333333333,
1.79940875607733));
#4310=CARTESIAN_POINT('Ctrl Pts',(-0.0908452394088485,4.18166666666667,
1.79940875607733));
#4311=CARTESIAN_POINT('Ctrl Pts',(-0.0908452394088485,1.545,1.79940875607733));
#4312=CARTESIAN_POINT('',(-0.0908452394088485,1.545,1.79940875607733));
#4313=CARTESIAN_POINT('Origin',(-0.0856385044202607,1.545,1.39944264512447));
#4314=CARTESIAN_POINT('Ctrl Pts',(-0.0908452394088485,9.45499999999999,
1.79940875607733));
#4315=CARTESIAN_POINT('Ctrl Pts',(-0.0908452394088485,6.81833333333333,
1.79940875607733));
#4316=CARTESIAN_POINT('Ctrl Pts',(-0.0908452394088485,4.18166666666667,
1.79940875607733));
#4317=CARTESIAN_POINT('Ctrl Pts',(-0.0908452394088485,1.545,1.79940875607733));
#4318=CARTESIAN_POINT('Ctrl Pts',(-0.46784984810285,1.545,1.28148295387212));
#4319=CARTESIAN_POINT('Ctrl Pts',(-0.46784984810285,0.43,1.28148295387212));
#4320=CARTESIAN_POINT('Ctrl Pts',(-0.46784984810285,-0.685,1.28148295387212));
#4321=CARTESIAN_POINT('Ctrl Pts',(-0.46784984810285,-1.8,1.28148295387212));
#4322=CARTESIAN_POINT('Ctrl Pts',(-0.48871331327447,1.545,1.34908446225569));
#4323=CARTESIAN_POINT('Ctrl Pts',(-0.48871331327447,0.429999999999998,1.34908446225569));
#4324=CARTESIAN_POINT('Ctrl Pts',(-0.48871331327447,-0.684999999999999,
1.34908446225569));
#4325=CARTESIAN_POINT('Ctrl Pts',(-0.48871331327447,-1.8,1.34908446225569));
#4326=CARTESIAN_POINT('Ctrl Pts',(-0.493628025998057,1.545,1.49526530391423));
#4327=CARTESIAN_POINT('Ctrl Pts',(-0.493628025998057,0.430000000000002,
1.49526530391423));
#4328=CARTESIAN_POINT('Ctrl Pts',(-0.493628025998057,-0.685,1.49526530391423));
#4329=CARTESIAN_POINT('Ctrl Pts',(-0.493628025998057,-1.8,1.49526530391423));
#4330=CARTESIAN_POINT('Ctrl Pts',(-0.371699824793117,1.545,1.7215742593496));
#4331=CARTESIAN_POINT('Ctrl Pts',(-0.371699824793117,0.429999999999999,
1.7215742593496));
#4332=CARTESIAN_POINT('Ctrl Pts',(-0.371699824793117,-0.685,1.7215742593496));
#4333=CARTESIAN_POINT('Ctrl Pts',(-0.371699824793117,-1.8,1.7215742593496));
#4334=CARTESIAN_POINT('Ctrl Pts',(-0.196957915744722,1.545,1.79802738758265));
#4335=CARTESIAN_POINT('Ctrl Pts',(-0.196957915744722,0.43,1.79802738758265));
#4336=CARTESIAN_POINT('Ctrl Pts',(-0.196957915744722,-0.684999999999999,
1.79802738758265));
#4337=CARTESIAN_POINT('Ctrl Pts',(-0.196957915744722,-1.8,1.79802738758265));
#4338=CARTESIAN_POINT('Ctrl Pts',(-0.0908452394088488,1.545,1.79940875607733));
#4339=CARTESIAN_POINT('Ctrl Pts',(-0.0908452394088488,0.43,1.79940875607733));
#4340=CARTESIAN_POINT('Ctrl Pts',(-0.0908452394088488,-0.684999999999999,
1.79940875607733));
#4341=CARTESIAN_POINT('Ctrl Pts',(-0.0908452394088488,-1.8,1.79940875607733));
#4342=CARTESIAN_POINT('Ctrl Pts',(-0.0908452394088488,1.545,1.79940875607733));
#4343=CARTESIAN_POINT('Ctrl Pts',(-0.0908452394088488,0.43,1.79940875607733));
#4344=CARTESIAN_POINT('Ctrl Pts',(-0.0908452394088488,-0.684999999999999,
1.79940875607733));
#4345=CARTESIAN_POINT('Ctrl Pts',(-0.0908452394088488,-1.8,1.79940875607733));
#4346=CARTESIAN_POINT('Ctrl Pts',(-0.672718916078472,1.545,1.76738421850145));
#4347=CARTESIAN_POINT('Ctrl Pts',(-0.672718916078472,-2.,1.76738421850145));
#4348=CARTESIAN_POINT('Ctrl Pts',(-0.561303394661166,1.545,1.7782543666314));
#4349=CARTESIAN_POINT('Ctrl Pts',(-0.561303394661166,-2.,1.7782543666314));
#4350=CARTESIAN_POINT('Ctrl Pts',(-0.449555727179131,1.545,1.78638950088701));
#4351=CARTESIAN_POINT('Ctrl Pts',(-0.449555727179131,-2.,1.78638950088701));
#4352=CARTESIAN_POINT('Ctrl Pts',(-0.225270383377529,1.545,1.79727515182169));
#4353=CARTESIAN_POINT('Ctrl Pts',(-0.225270383377529,-2.,1.79727515182169));
#4354=CARTESIAN_POINT('Ctrl Pts',(-0.112603849207621,1.545,1.8));
#4355=CARTESIAN_POINT('Ctrl Pts',(-0.112603849207621,-2.,1.8));
#4356=CARTESIAN_POINT('Ctrl Pts',(5.55111512312578E-16,1.545,1.8));
#4357=CARTESIAN_POINT('Ctrl Pts',(5.55111512312578E-16,-2.,1.8));
#4358=CARTESIAN_POINT('',(5.55111512312578E-16,1.545,1.8));
#4359=CARTESIAN_POINT('Ctrl Pts',(5.55111512312578E-16,1.545,1.8));
#4360=CARTESIAN_POINT('Ctrl Pts',(-0.0302788876734007,1.545,1.8));
#4361=CARTESIAN_POINT('Ctrl Pts',(-0.0605623078354973,1.545,1.79980297757047));
#4362=CARTESIAN_POINT('Ctrl Pts',(-0.0908452394143425,1.545,1.79940875649937));
#4363=CARTESIAN_POINT('',(5.55111512312578E-16,1.545,1.8));
#4364=CARTESIAN_POINT('Ctrl Pts',(5.27837133316334E-16,-2.575,1.8));
#4365=CARTESIAN_POINT('Ctrl Pts',(5.27837133316334E-16,13.5942104198512,
1.8));
#4366=CARTESIAN_POINT('Ctrl Pts',(-0.225244886578131,-2.575,1.8));
#4367=CARTESIAN_POINT('Ctrl Pts',(-0.225244886578131,13.5942104198512,1.8));
#4368=CARTESIAN_POINT('Ctrl Pts',(-0.451045083688359,-2.575,1.78901161263794));
#4369=CARTESIAN_POINT('Ctrl Pts',(-0.451045083688359,13.5942104198512,1.78901161263794));
#4370=CARTESIAN_POINT('Ctrl Pts',(-0.672718916078471,-2.575,1.76738421850145));
#4371=CARTESIAN_POINT('Ctrl Pts',(-0.672718916078471,13.5942104198512,1.76738421850145));
#4372=CARTESIAN_POINT('',(5.55111512312578E-16,9.455,1.8));
#4373=CARTESIAN_POINT('Ctrl Pts',(-0.0907828210264863,9.455,1.79940610120984));
#4374=CARTESIAN_POINT('Ctrl Pts',(-0.0605194254928183,9.455,1.79980175151427));
#4375=CARTESIAN_POINT('Ctrl Pts',(-0.0302547033911472,9.455,1.8));
#4376=CARTESIAN_POINT('Ctrl Pts',(5.27837133316334E-16,9.455,1.8));
#4377=CARTESIAN_POINT('',(5.27837133316334E-16,0.,1.8));
#4378=CARTESIAN_POINT('Ctrl Pts',(5.55111512312578E-16,9.455,1.8));
#4379=CARTESIAN_POINT('Ctrl Pts',(5.55111512312578E-16,13.,1.8));
#4380=CARTESIAN_POINT('Ctrl Pts',(-0.1126038492076,9.455,1.8));
#4381=CARTESIAN_POINT('Ctrl Pts',(-0.1126038492076,13.,1.8));
#4382=CARTESIAN_POINT('Ctrl Pts',(-0.225270383377518,9.455,1.7972751518217));
#4383=CARTESIAN_POINT('Ctrl Pts',(-0.225270383377518,13.,1.7972751518217));
#4384=CARTESIAN_POINT('Ctrl Pts',(-0.449555727179155,9.455,1.78638950088701));
#4385=CARTESIAN_POINT('Ctrl Pts',(-0.449555727179155,13.,1.78638950088701));
#4386=CARTESIAN_POINT('Ctrl Pts',(-0.561303394661177,9.455,1.7782543666314));
#4387=CARTESIAN_POINT('Ctrl Pts',(-0.561303394661177,13.,1.7782543666314));
#4388=CARTESIAN_POINT('Ctrl Pts',(-0.672718916078471,9.455,1.76738421850145));
#4389=CARTESIAN_POINT('Ctrl Pts',(-0.672718916078471,13.,1.76738421850145));
#4390=CARTESIAN_POINT('',(5.55111512312578E-16,9.455,1.8));
#4391=CARTESIAN_POINT('Origin',(-3.03733593496922,13.,2.77309920667593));
#4392=CARTESIAN_POINT('',(-3.16797947131935,0.,2.49293323885322));
#4393=CARTESIAN_POINT('Origin',(-3.,0.,0.499999999325291));
#4394=CARTESIAN_POINT('Ctrl Pts',(-5.4832757374381,2.4,2.50457416957847));
#4395=CARTESIAN_POINT('Ctrl Pts',(-5.4818810890379,2.40127328889762,2.50599358028901));
#4396=CARTESIAN_POINT('Ctrl Pts',(-5.48048651203751,2.40254640728878,2.50741320966666));
#4397=CARTESIAN_POINT('Ctrl Pts',(-5.16157749223419,2.69375833902783,2.83222041930118));
#4398=CARTESIAN_POINT('Ctrl Pts',(-4.68998946870803,3.12486891351733,3.34497056369577));
#4399=CARTESIAN_POINT('Ctrl Pts',(-3.95670018316623,3.70443727848782,4.28156529645933));
#4400=CARTESIAN_POINT('Ctrl Pts',(-3.54747287435614,3.94100366030567,4.92379317630023));
#4401=CARTESIAN_POINT('Ctrl Pts',(-3.31194687806622,3.986850002327,5.3757242466658));
#4402=CARTESIAN_POINT('Ctrl Pts',(-5.4832757374381,2.4,2.50457416957847));
#4403=CARTESIAN_POINT('Ctrl Pts',(-5.48190931164834,2.40132743530289,2.50596340023975));
#4404=CARTESIAN_POINT('Ctrl Pts',(-5.48054204889624,2.40265124227899,2.50735868577633));
#4405=CARTESIAN_POINT('Ctrl Pts',(-5.16817103780807,2.70619425823656,2.82531796794456));
#4406=CARTESIAN_POINT('Ctrl Pts',(-4.71478540972116,3.15449524877628,3.34059876113169));
#4407=CARTESIAN_POINT('Ctrl Pts',(-4.01523259969472,3.74105902626259,4.30045865087185));
#4408=CARTESIAN_POINT('Ctrl Pts',(-3.62594424469721,3.96479797299154,4.9604457237932));
#4409=CARTESIAN_POINT('Ctrl Pts',(-3.4022963138913,3.99533984165026,5.41521498134674));
#4410=CARTESIAN_POINT('Ctrl Pts',(-5.4832757374381,2.4,2.50457416957847));
#4411=CARTESIAN_POINT('Ctrl Pts',(-5.48193655703253,2.40138009135635,2.50593654908006));
#4412=CARTESIAN_POINT('Ctrl Pts',(-5.48059871544477,2.40275785148999,2.50730007940528));
#4413=CARTESIAN_POINT('Ctrl Pts',(-5.17447865226806,2.71832557321129,2.81913689734201));
#4414=CARTESIAN_POINT('Ctrl Pts',(-4.7341032137088,3.18507709556394,3.32938371884447));
#4415=CARTESIAN_POINT('Ctrl Pts',(-4.06159532234218,3.80393564189172,4.29557949518624));
#4416=CARTESIAN_POINT('Ctrl Pts',(-3.69241778470693,4.04774715607406,4.97057216880633));
#4417=CARTESIAN_POINT('Ctrl Pts',(-3.48269166781759,4.0866854119028,5.44160320439328));
#4418=CARTESIAN_POINT('Ctrl Pts',(-5.4832757374381,2.4,2.50457416957847));
#4419=CARTESIAN_POINT('Ctrl Pts',(-5.48196484353348,2.40143245000974,2.50590833871266));
#4420=CARTESIAN_POINT('Ctrl Pts',(-5.48065408403022,2.40286470819989,2.50724301814291));
#4421=CARTESIAN_POINT('Ctrl Pts',(-5.18098381744217,2.73047813140242,2.81261100408118));
#4422=CARTESIAN_POINT('Ctrl Pts',(-4.74776523554847,3.21547752770648,3.31264836518308));
#4423=CARTESIAN_POINT('Ctrl Pts',(-4.07744145682545,3.86749193829761,4.2701254629013));
#4424=CARTESIAN_POINT('Ctrl Pts',(-3.70288453801263,4.13362911784388,4.948895219919));
#4425=CARTESIAN_POINT('Ctrl Pts',(-3.48652481218538,4.18520625261788,5.43302608364463));
#4426=CARTESIAN_POINT('',(-3.31194687806622,3.986850002327,5.3757242466658));
#4427=CARTESIAN_POINT('',(-3.48652481218537,4.18520625261788,5.43302608364463));
#4428=CARTESIAN_POINT('Origin',(-3.30392952342971,4.18520625261788,5.35142362948894));
#4429=CARTESIAN_POINT('',(-5.48327573743807,2.39999999999825,2.5045741695785));
#4430=CARTESIAN_POINT('Ctrl Pts',(-3.48652481218538,4.18520625261788,5.43302608364463));
#4431=CARTESIAN_POINT('Ctrl Pts',(-3.70288453801263,4.13362911784388,4.948895219919));
#4432=CARTESIAN_POINT('Ctrl Pts',(-4.07744145682545,3.86749193829761,4.2701254629013));
#4433=CARTESIAN_POINT('Ctrl Pts',(-4.74776523554847,3.21547752770648,3.31264836518308));
#4434=CARTESIAN_POINT('Ctrl Pts',(-5.18098381744217,2.73047813140242,2.81261100408118));
#4435=CARTESIAN_POINT('Ctrl Pts',(-5.48065408403022,2.40286470819989,2.50724301814291));
#4436=CARTESIAN_POINT('Ctrl Pts',(-5.48196484353348,2.40143245000974,2.50590833871266));
#4437=CARTESIAN_POINT('Ctrl Pts',(-5.4832757374381,2.4,2.50457416957847));
#4438=CARTESIAN_POINT('Ctrl Pts',(-5.4832757374381,2.4,2.50457416957847));
#4439=CARTESIAN_POINT('Ctrl Pts',(-5.4818810890379,2.40127328889762,2.50599358028901));
#4440=CARTESIAN_POINT('Ctrl Pts',(-5.48048651203751,2.40254640728878,2.50741320966666));
#4441=CARTESIAN_POINT('Ctrl Pts',(-5.16157749223419,2.69375833902783,2.83222041930118));
#4442=CARTESIAN_POINT('Ctrl Pts',(-4.68998946870803,3.12486891351733,3.34497056369577));
#4443=CARTESIAN_POINT('Ctrl Pts',(-3.95670018316623,3.70443727848782,4.28156529645933));
#4444=CARTESIAN_POINT('Ctrl Pts',(-3.54747287435614,3.94100366030567,4.92379317630023));
#4445=CARTESIAN_POINT('Ctrl Pts',(-3.31194687806622,3.986850002327,5.3757242466658));
#4446=CARTESIAN_POINT('Ctrl Pts',(-3.28090971750508,4.2,5.77410977953528));
#4447=CARTESIAN_POINT('Ctrl Pts',(-3.36490826291726,4.2,5.66875758118611));
#4448=CARTESIAN_POINT('Ctrl Pts',(-3.43333516794933,4.19625600947988,5.5520442988263));
#4449=CARTESIAN_POINT('Ctrl Pts',(-3.48652481218437,4.18520625261808,5.43302608364684));
#4450=CARTESIAN_POINT('Ctrl Pts',(-3.28090971750508,4.14764012244017,5.77410977953528));
#4451=CARTESIAN_POINT('Ctrl Pts',(-3.36422134081842,4.14865791570171,5.66956628972999));
#4452=CARTESIAN_POINT('Ctrl Pts',(-3.43191613566732,4.14593064882722,5.55444299978769));
#4453=CARTESIAN_POINT('Ctrl Pts',(-3.48460824000049,4.13594583226053,5.43731464402113));
#4454=CARTESIAN_POINT('Ctrl Pts',(-3.24701670220449,4.04334737811765,5.74708648026395));
#4455=CARTESIAN_POINT('Ctrl Pts',(-3.32786669510425,4.0463126142178,5.64852230094942));
#4456=CARTESIAN_POINT('Ctrl Pts',(-3.39374368414938,4.04565643095843,5.54029374515534));
#4457=CARTESIAN_POINT('Ctrl Pts',(-3.44563934408448,4.03773949409439,5.43015662945548));
#4458=CARTESIAN_POINT('Ctrl Pts',(-3.16547092636839,4.,5.68206907519721));
#4459=CARTESIAN_POINT('Ctrl Pts',(-3.24236466766168,4.00162018801776,5.59372487951623));
#4460=CARTESIAN_POINT('Ctrl Pts',(-3.30600567848852,3.99970225780585,5.49622036517784));
#4461=CARTESIAN_POINT('Ctrl Pts',(-3.35712159597779,3.99109492198879,5.39546961400814));
#4462=CARTESIAN_POINT('Ctrl Pts',(-3.12453110005511,4.,5.64942727072015));
#4463=CARTESIAN_POINT('Ctrl Pts',(-3.1992185966426,4.,5.56546251451649));
#4464=CARTESIAN_POINT('Ctrl Pts',(-3.26148837537666,3.99667200842656,5.4725448333045));
#4465=CARTESIAN_POINT('Ctrl Pts',(-3.31194687806527,3.98685000232718,5.3757242466676));
#4466=CARTESIAN_POINT('',(-3.12453110005511,4.,5.64942727072014));
#4467=CARTESIAN_POINT('Ctrl Pts',(-3.31194687806527,3.98685000232718,5.3757242466676));
#4468=CARTESIAN_POINT('Ctrl Pts',(-3.26148837537666,3.99667200842656,5.4725448333045));
#4469=CARTESIAN_POINT('Ctrl Pts',(-3.1992185966426,4.,5.56546251451649));
#4470=CARTESIAN_POINT('Ctrl Pts',(-3.12453110005511,4.,5.64942727072015));
#4471=CARTESIAN_POINT('',(-3.28090971750508,4.2,5.77410977953528));
#4472=CARTESIAN_POINT('Origin',(-3.12453110005511,4.2,5.64942727072015));
#4473=CARTESIAN_POINT('Ctrl Pts',(-3.28090971750508,4.2,5.77410977953528));
#4474=CARTESIAN_POINT('Ctrl Pts',(-3.36490826291726,4.2,5.66875758118611));
#4475=CARTESIAN_POINT('Ctrl Pts',(-3.43333516794933,4.19625600947988,5.5520442988263));
#4476=CARTESIAN_POINT('Ctrl Pts',(-3.48652481218437,4.18520625261808,5.43302608364684));
#4477=CARTESIAN_POINT('Ctrl Pts',(3.27775142060885,4.2,5.77958993651372));
#4478=CARTESIAN_POINT('Ctrl Pts',(3.16068468685171,4.2,5.91514820150457));
#4479=CARTESIAN_POINT('Ctrl Pts',(2.87910103814386,4.2,6.14566195294961));
#4480=CARTESIAN_POINT('Ctrl Pts',(2.23779828804589,4.2,6.41180785611542));
#4481=CARTESIAN_POINT('Ctrl Pts',(1.42854859532195,4.2,6.53395389157179));
#4482=CARTESIAN_POINT('Ctrl Pts',(0.155223055933478,4.2,6.5887916244577));
#4483=CARTESIAN_POINT('Ctrl Pts',(-1.108152738717,4.2,6.57431834542211));
#4484=CARTESIAN_POINT('Ctrl Pts',(-2.23897219409989,4.2,6.41812710505076));
#4485=CARTESIAN_POINT('Ctrl Pts',(-2.88432687817165,4.2,6.15465281063424));
#4486=CARTESIAN_POINT('Ctrl Pts',(-3.16745651435199,4.2,5.91640443836874));
#4487=CARTESIAN_POINT('Ctrl Pts',(-3.28090971750507,4.2,5.77410977953528));
#4488=CARTESIAN_POINT('Ctrl Pts',(3.27775142060885,4.14764012244017,5.77958993651372));
#4489=CARTESIAN_POINT('Ctrl Pts',(3.16065480197602,4.14764012244017,5.91518280691098));
#4490=CARTESIAN_POINT('Ctrl Pts',(2.87903879114546,4.14764012244017,6.14573198560624));
#4491=CARTESIAN_POINT('Ctrl Pts',(2.23767888549176,4.14764012244017,6.41189745288937));
#4492=CARTESIAN_POINT('Ctrl Pts',(1.42849246882816,4.14764012244017,6.53399919663073));
#4493=CARTESIAN_POINT('Ctrl Pts',(0.155177708687956,4.14764012244017,6.58884009056855));
#4494=CARTESIAN_POINT('Ctrl Pts',(-1.10805763016213,4.14764012244017,6.57436636474932));
#4495=CARTESIAN_POINT('Ctrl Pts',(-2.23884032865419,4.14764012244017,6.41822563298255));
#4496=CARTESIAN_POINT('Ctrl Pts',(-2.88425987073319,4.14764012244017,6.15473103510284));
#4497=CARTESIAN_POINT('Ctrl Pts',(-3.16742426392296,4.14764012244017,5.91644488732626));
#4498=CARTESIAN_POINT('Ctrl Pts',(-3.28090971750507,4.14764012244017,5.77410977953528));
#4499=CARTESIAN_POINT('Ctrl Pts',(3.24494433963156,4.04334742051433,5.75125807630308));
#4500=CARTESIAN_POINT('Ctrl Pts',(3.13099252838632,4.04334742051433,5.88320939440354));
#4501=CARTESIAN_POINT('Ctrl Pts',(2.85715195263072,4.04334742051433,6.10757887242585));
#4502=CARTESIAN_POINT('Ctrl Pts',(2.22818222719692,4.04334742051433,6.36907732877759));
#4503=CARTESIAN_POINT('Ctrl Pts',(1.42499440521997,4.04334742051433,6.49075772228019));
#4504=CARTESIAN_POINT('Ctrl Pts',(0.155416232845873,4.04334742051433,6.5453371754996));
#4505=CARTESIAN_POINT('Ctrl Pts',(-1.10688612237438,4.04334742051432,6.53101723169657));
#4506=CARTESIAN_POINT('Ctrl Pts',(-2.22978131915105,4.04334742051433,6.37534757254542));
#4507=CARTESIAN_POINT('Ctrl Pts',(-2.86242186636747,4.04334742051433,6.11644720735973));
#4508=CARTESIAN_POINT('Ctrl Pts',(-3.13692495177266,4.04334742051433,5.88516508815726));
#4509=CARTESIAN_POINT('Ctrl Pts',(-3.24701666905481,4.04334742051433,5.74708645383333));
#4510=CARTESIAN_POINT('Ctrl Pts',(3.16601140482657,4.,5.68309239961706));
#4511=CARTESIAN_POINT('Ctrl Pts',(3.05950028182362,4.,5.80642771933701));
#4512=CARTESIAN_POINT('Ctrl Pts',(2.80423114320529,4.,6.01607793868909));
#4513=CARTESIAN_POINT('Ctrl Pts',(2.20483157669719,4.,6.2664299398904));
#4514=CARTESIAN_POINT('Ctrl Pts',(1.41634221237395,4.,6.38691038008603));
#4515=CARTESIAN_POINT('Ctrl Pts',(0.155799481890515,4.,6.44087410274835));
#4516=CARTESIAN_POINT('Ctrl Pts',(-1.10366768369406,4.,6.42692227603172));
#4517=CARTESIAN_POINT('Ctrl Pts',(-2.2074312473461,4.,6.27259833579937));
#4518=CARTESIAN_POINT('Ctrl Pts',(-2.80959853833309,4.,6.02466621521868));
#4519=CARTESIAN_POINT('Ctrl Pts',(-3.06340886898977,4.,5.81007679318941));
#4520=CARTESIAN_POINT('Ctrl Pts',(-3.16547092636839,4.,5.68206907519721));
#4521=CARTESIAN_POINT('Ctrl Pts',(3.12638333185972,4.,5.64887000035846));
#4522=CARTESIAN_POINT('Ctrl Pts',(3.02362399191001,4.,5.76786091595098));
#4523=CARTESIAN_POINT('Ctrl Pts',(2.7776961429278,4.,5.97010215970555));
#4524=CARTESIAN_POINT('Ctrl Pts',(2.19317318969492,4.,6.21484750370941));
#4525=CARTESIAN_POINT('Ctrl Pts',(1.41202883614894,4.,6.33474952761049));
#4526=CARTESIAN_POINT('Ctrl Pts',(0.156016480545489,4.,6.38840241028525));
#4527=CARTESIAN_POINT('Ctrl Pts',(-1.10210344746642,4.,6.37463563805447));
#4528=CARTESIAN_POINT('Ctrl Pts',(-2.19628195623871,4.,6.22095992426071));
#4529=CARTESIAN_POINT('Ctrl Pts',(-2.78311505967399,4.,5.9785453916496));
#4530=CARTESIAN_POINT('Ctrl Pts',(-3.02651780012586,4.,5.77235697818513));
#4531=CARTESIAN_POINT('Ctrl Pts',(-3.12453110005511,4.,5.64942727072014));
#4532=CARTESIAN_POINT('',(3.12638333185972,4.,5.64887000035846));
#4533=CARTESIAN_POINT('Ctrl Pts',(-3.12453110005511,4.,5.64942727072014));
#4534=CARTESIAN_POINT('Ctrl Pts',(-3.02651780012586,4.,5.77235697818513));
#4535=CARTESIAN_POINT('Ctrl Pts',(-2.78311505967399,4.,5.9785453916496));
#4536=CARTESIAN_POINT('Ctrl Pts',(-2.19628195623871,4.,6.22095992426071));
#4537=CARTESIAN_POINT('Ctrl Pts',(-1.10210344746642,4.,6.37463563805447));
#4538=CARTESIAN_POINT('Ctrl Pts',(0.156016480545489,4.,6.38840241028525));
#4539=CARTESIAN_POINT('Ctrl Pts',(1.41202883614894,4.,6.33474952761049));
#4540=CARTESIAN_POINT('Ctrl Pts',(2.19317318969492,4.,6.21484750370941));
#4541=CARTESIAN_POINT('Ctrl Pts',(2.7776961429278,4.,5.97010215970555));
#4542=CARTESIAN_POINT('Ctrl Pts',(3.02362399191001,4.,5.76786091595098));
#4543=CARTESIAN_POINT('Ctrl Pts',(3.12638333185972,4.,5.64887000035846));
#4544=CARTESIAN_POINT('',(3.27775142060885,4.2,5.77958993651372));
#4545=CARTESIAN_POINT('Origin',(3.12638333185972,4.2,5.64887000035846));
#4546=CARTESIAN_POINT('Ctrl Pts',(3.27775142060885,4.2,5.77958993651372));
#4547=CARTESIAN_POINT('Ctrl Pts',(3.16068468685171,4.2,5.91514820150457));
#4548=CARTESIAN_POINT('Ctrl Pts',(2.87910103814386,4.2,6.14566195294961));
#4549=CARTESIAN_POINT('Ctrl Pts',(2.23779828804589,4.2,6.41180785611542));
#4550=CARTESIAN_POINT('Ctrl Pts',(1.42854859532195,4.2,6.53395389157179));
#4551=CARTESIAN_POINT('Ctrl Pts',(0.155223055933478,4.2,6.5887916244577));
#4552=CARTESIAN_POINT('Ctrl Pts',(-1.108152738717,4.2,6.57431834542211));
#4553=CARTESIAN_POINT('Ctrl Pts',(-2.23897219409989,4.2,6.41812710505076));
#4554=CARTESIAN_POINT('Ctrl Pts',(-2.88432687817165,4.2,6.15465281063424));
#4555=CARTESIAN_POINT('Ctrl Pts',(-3.16745651435199,4.2,5.91640443836874));
#4556=CARTESIAN_POINT('Ctrl Pts',(-3.28090971750507,4.2,5.77410977953528));
#4557=CARTESIAN_POINT('Ctrl Pts',(3.5549744179465,4.17511626525325,5.33912925658503));
#4558=CARTESIAN_POINT('Ctrl Pts',(3.48507972144514,4.19399418000822,5.49351107019535));
#4559=CARTESIAN_POINT('Ctrl Pts',(3.39335123355976,4.2,5.64573030300416));
#4560=CARTESIAN_POINT('Ctrl Pts',(3.27775142060886,4.2,5.77958993651371));
#4561=CARTESIAN_POINT('Ctrl Pts',(3.55253851054812,4.12690530922232,5.34450963336284));
#4562=CARTESIAN_POINT('Ctrl Pts',(3.48326755282513,4.14429719068944,5.49648525195721));
#4563=CARTESIAN_POINT('Ctrl Pts',(3.39249804249656,4.14895315822307,5.6466532432847));
#4564=CARTESIAN_POINT('Ctrl Pts',(3.27775142060886,4.14764012244017,5.77958993651371));
#4565=CARTESIAN_POINT('Ctrl Pts',(3.51394952257101,4.03076744482943,5.33996710386483));
#4566=CARTESIAN_POINT('Ctrl Pts',(3.44534140683538,4.04526473563795,5.48367679943963));
#4567=CARTESIAN_POINT('Ctrl Pts',(3.35665903189198,4.04717278607397,5.6253907452554));
#4568=CARTESIAN_POINT('Ctrl Pts',(3.24494436180207,4.04334739122083,5.7512580954493));
#4569=CARTESIAN_POINT('Ctrl Pts',(3.42771350940548,3.9833487567978,5.30730134815585));
#4570=CARTESIAN_POINT('Ctrl Pts',(3.35932725154147,3.99858584050094,5.44038055416282));
#4571=CARTESIAN_POINT('Ctrl Pts',(3.27286618166537,4.00209017383267,5.5693225471649));
#4572=CARTESIAN_POINT('Ctrl Pts',(3.16601140482658,4.,5.68309239961705));
#4573=CARTESIAN_POINT('Ctrl Pts',(3.38347492013239,3.97788112466956,5.28800806957033));
#4574=CARTESIAN_POINT('Ctrl Pts',(3.31553977124269,3.99466149334064,5.41669348241713));
#4575=CARTESIAN_POINT('Ctrl Pts',(3.23052152676473,4.,5.54022980777937));
#4576=CARTESIAN_POINT('Ctrl Pts',(3.12638333185973,4.,5.64887000035846));
#4577=CARTESIAN_POINT('',(3.3834749201324,3.97788112466956,5.28800806957033));
#4578=CARTESIAN_POINT('Ctrl Pts',(3.12638333185973,4.,5.64887000035846));
#4579=CARTESIAN_POINT('Ctrl Pts',(3.23052152676473,4.,5.54022980777937));
#4580=CARTESIAN_POINT('Ctrl Pts',(3.31553977124269,3.99466149334064,5.41669348241713));
#4581=CARTESIAN_POINT('Ctrl Pts',(3.38347492013239,3.97788112466956,5.28800806957033));
#4582=CARTESIAN_POINT('',(3.55497441791089,4.17511626447809,5.33912925666369));
#4583=CARTESIAN_POINT('Origin',(3.37277735185017,4.17511626525325,5.25664150533742));
#4584=CARTESIAN_POINT('Ctrl Pts',(3.5549744179465,4.17511626525325,5.33912925658503));
#4585=CARTESIAN_POINT('Ctrl Pts',(3.48507972144514,4.19399418000822,5.49351107019535));
#4586=CARTESIAN_POINT('Ctrl Pts',(3.39335123355976,4.2,5.64573030300416));
#4587=CARTESIAN_POINT('Ctrl Pts',(3.27775142060886,4.2,5.77958993651371));
#4588=CARTESIAN_POINT('Ctrl Pts',(3.38347492013846,3.97788112466806,5.28800806955886));
#4589=CARTESIAN_POINT('Ctrl Pts',(3.61569634909551,3.92052110921293,4.84812516742752));
#4590=CARTESIAN_POINT('Ctrl Pts',(4.01565469805861,3.68023284417681,4.22391566248953));
#4591=CARTESIAN_POINT('Ctrl Pts',(4.72909953654206,3.10813418218024,3.31077347449532));
#4592=CARTESIAN_POINT('Ctrl Pts',(5.18649266669081,2.68728774108774,2.809762336432));
#4593=CARTESIAN_POINT('Ctrl Pts',(5.49635664488063,2.40251740583474,2.49121207097061));
#4594=CARTESIAN_POINT('Ctrl Pts',(5.49772658834144,2.4012587722647,2.48980438009369));
#4595=CARTESIAN_POINT('Ctrl Pts',(5.49909655563167,2.4,2.48839697527087));
#4596=CARTESIAN_POINT('Ctrl Pts',(3.43403330787643,3.98412984710113,5.31005753080393));
#4597=CARTESIAN_POINT('Ctrl Pts',(3.65948792725653,3.93485313101951,4.86819708936314));
#4598=CARTESIAN_POINT('Ctrl Pts',(4.04819505071826,3.70134124081545,4.23384467628687));
#4599=CARTESIAN_POINT('Ctrl Pts',(4.74277820487927,3.12475854582933,3.308063974716));
#4600=CARTESIAN_POINT('Ctrl Pts',(5.19010458486793,2.69415779798533,2.80607831192321));
#4601=CARTESIAN_POINT('Ctrl Pts',(5.49638817784751,2.40257725215653,2.49117993151698));
#4602=CARTESIAN_POINT('Ctrl Pts',(5.49774231306501,2.40128874303288,2.48978822565558));
#4603=CARTESIAN_POINT('Ctrl Pts',(5.49909655563167,2.4,2.48839697527087));
#4604=CARTESIAN_POINT('Ctrl Pts',(3.51955189742801,4.03720944877817,5.3416372247755));
#4605=CARTESIAN_POINT('Ctrl Pts',(3.73109039513104,3.99011863257283,4.88936553254828));
#4606=CARTESIAN_POINT('Ctrl Pts',(4.09897223401948,3.75165972940958,4.23857560917927));
#4607=CARTESIAN_POINT('Ctrl Pts',(4.76392260630951,3.15397923924636,3.29974052263203));
#4608=CARTESIAN_POINT('Ctrl Pts',(5.19644528814964,2.70609006047289,2.79967112757523));
#4609=CARTESIAN_POINT('Ctrl Pts',(5.49644320553542,2.40268226014629,2.49112347291062));
#4610=CARTESIAN_POINT('Ctrl Pts',(5.49776983133127,2.4013411918772,2.48975995538891));
#4611=CARTESIAN_POINT('Ctrl Pts',(5.49909655563167,2.4,2.48839697527087));
#4612=CARTESIAN_POINT('Ctrl Pts',(3.55288649731685,4.13379258865404,5.34374100811317));
#4613=CARTESIAN_POINT('Ctrl Pts',(3.76326333164109,4.07446518736886,4.87828723420597));
#4614=CARTESIAN_POINT('Ctrl Pts',(4.12674093074813,3.81368119602915,4.22107083577705));
#4615=CARTESIAN_POINT('Ctrl Pts',(4.77954442074276,3.18384235715572,3.28550164522866));
#4616=CARTESIAN_POINT('Ctrl Pts',(5.20271868171182,2.71806514106055,2.79322406758855));
#4617=CARTESIAN_POINT('Ctrl Pts',(5.49649827321321,2.40278713811115,2.49106697425467));
#4618=CARTESIAN_POINT('Ctrl Pts',(5.49779734959751,2.40139364072151,2.48973168512223));
#4619=CARTESIAN_POINT('Ctrl Pts',(5.49909655563167,2.4,2.48839697527087));
#4620=CARTESIAN_POINT('Ctrl Pts',(3.55497441794434,4.17511626525157,5.33912925658983));
#4621=CARTESIAN_POINT('Ctrl Pts',(3.76796750922808,4.11058624786455,4.86867496811756));
#4622=CARTESIAN_POINT('Ctrl Pts',(4.13355322803618,3.84026194969779,4.21022281475852));
#4623=CARTESIAN_POINT('Ctrl Pts',(4.78528687933469,3.19665095495227,3.27846900011528));
#4624=CARTESIAN_POINT('Ctrl Pts',(5.20541347883711,2.72319870872006,2.79046077624518));
#4625=CARTESIAN_POINT('Ctrl Pts',(5.49652182422689,2.4028320815641,2.49104273175781));
#4626=CARTESIAN_POINT('Ctrl Pts',(5.49780914314019,2.40141611879765,2.48971956929365));
#4627=CARTESIAN_POINT('Ctrl Pts',(5.49909655563167,2.4,2.48839697527087));
#4628=CARTESIAN_POINT('',(5.49909655563165,2.39999999999782,2.48839697527089));
#4629=CARTESIAN_POINT('Ctrl Pts',(3.38347492013846,3.97788112466806,5.28800806955886));
#4630=CARTESIAN_POINT('Ctrl Pts',(3.61569634909551,3.92052110921293,4.84812516742752));
#4631=CARTESIAN_POINT('Ctrl Pts',(4.01565469805861,3.68023284417681,4.22391566248953));
#4632=CARTESIAN_POINT('Ctrl Pts',(4.72909953654206,3.10813418218024,3.31077347449532));
#4633=CARTESIAN_POINT('Ctrl Pts',(5.18649266669081,2.68728774108774,2.809762336432));
#4634=CARTESIAN_POINT('Ctrl Pts',(5.49635664488063,2.40251740583474,2.49121207097061));
#4635=CARTESIAN_POINT('Ctrl Pts',(5.49772658834144,2.4012587722647,2.48980438009369));
#4636=CARTESIAN_POINT('Ctrl Pts',(5.49909655563167,2.4,2.48839697527087));
#4637=CARTESIAN_POINT('Ctrl Pts',(5.49909655563167,2.4,2.48839697527087));
#4638=CARTESIAN_POINT('Ctrl Pts',(5.49780914314019,2.40141611879765,2.48971956929365));
#4639=CARTESIAN_POINT('Ctrl Pts',(5.49652182422689,2.4028320815641,2.49104273175781));
#4640=CARTESIAN_POINT('Ctrl Pts',(5.20541347883711,2.72319870872006,2.79046077624518));
#4641=CARTESIAN_POINT('Ctrl Pts',(4.78528687933469,3.19665095495227,3.27846900011528));
#4642=CARTESIAN_POINT('Ctrl Pts',(4.13355322803618,3.84026194969779,4.21022281475852));
#4643=CARTESIAN_POINT('Ctrl Pts',(3.76796750922808,4.11058624786455,4.86867496811756));
#4644=CARTESIAN_POINT('Ctrl Pts',(3.55497441794434,4.17511626525157,5.33912925658983));
#4645=CARTESIAN_POINT('Ctrl Pts',(5.49909655563171,2.4,2.48839697527083));
#4646=CARTESIAN_POINT('Ctrl Pts',(4.58957332280778,2.4,3.4227750392401));
#4647=CARTESIAN_POINT('Ctrl Pts',(3.21624484810094,2.4,4.06158320777333));
#4648=CARTESIAN_POINT('Ctrl Pts',(1.76444947085866,2.4,4.33620915595262));
#4649=CARTESIAN_POINT('Ctrl Pts',(5.49909655563171,2.87871888054702,2.48839697527083));
#4650=CARTESIAN_POINT('Ctrl Pts',(4.59055446650012,2.87871888054702,3.42176708352151));
#4651=CARTESIAN_POINT('Ctrl Pts',(3.21541748795764,2.87871888054702,4.06173971368828));
#4652=CARTESIAN_POINT('Ctrl Pts',(1.76444947085866,2.87871888054702,4.33620915595262));
#4653=CARTESIAN_POINT('Ctrl Pts',(5.78635484183745,3.70820010343927,2.76801407588579));
#4654=CARTESIAN_POINT('Ctrl Pts',(4.8008266837397,3.70820010343927,3.780474075936));
#4655=CARTESIAN_POINT('Ctrl Pts',(3.35484671857429,3.70820010343927,4.44335190364637));
#4656=CARTESIAN_POINT('Ctrl Pts',(1.83895935729667,3.70820010343927,4.73010168288499));
#4657=CARTESIAN_POINT('Ctrl Pts',(6.38833573212662,4.,3.35398203312588));
#4658=CARTESIAN_POINT('Ctrl Pts',(5.24463638801099,4.,4.52893561358551));
#4659=CARTESIAN_POINT('Ctrl Pts',(3.64436984733772,4.,5.24356592938389));
#4660=CARTESIAN_POINT('Ctrl Pts',(1.9951029045055,4.,5.5555461885003));
#4661=CARTESIAN_POINT('Ctrl Pts',(6.64561354230973,4.,3.60441615040123));
#4662=CARTESIAN_POINT('Ctrl Pts',(5.43437872104703,4.,4.84875077150784));
#4663=CARTESIAN_POINT('Ctrl Pts',(3.7680533403784,4.,5.58557597620557));
#4664=CARTESIAN_POINT('Ctrl Pts',(2.06183636822195,4.,5.90832907290445));
#4665=CARTESIAN_POINT('',(2.06183636822199,4.,5.90832907290444));
#4666=CARTESIAN_POINT('Ctrl Pts',(3.12661857532133,4.,5.64965066256494));
#4667=CARTESIAN_POINT('Ctrl Pts',(2.77600306886009,4.,5.75467752375684));
#4668=CARTESIAN_POINT('Ctrl Pts',(2.41979763852141,4.,5.84061605025095));
#4669=CARTESIAN_POINT('Ctrl Pts',(2.06183636822195,4.,5.90832907290445));
#4670=CARTESIAN_POINT('',(2.65627960741009,3.99622427092376,5.66487247511112));
#4671=CARTESIAN_POINT('Ctrl Pts',(2.06183636822195,4.,5.90832907290445));
#4672=CARTESIAN_POINT('Ctrl Pts',(2.11447562590702,4.,5.8952216823353));
#4673=CARTESIAN_POINT('Ctrl Pts',(2.16715839189296,3.99999297720165,5.88065472711249));
#4674=CARTESIAN_POINT('Ctrl Pts',(2.21928536243763,3.9999477478551,5.86436074581849));
#4675=CARTESIAN_POINT('Ctrl Pts',(2.25664195805973,3.99991533441554,5.85268372595883));
#4676=CARTESIAN_POINT('Ctrl Pts',(2.29371264549098,3.99986294860874,5.84012042034778));
#4677=CARTESIAN_POINT('Ctrl Pts',(2.33027176933061,3.99976757055497,5.82658328945591));
#4678=CARTESIAN_POINT('Ctrl Pts',(2.37447760867036,3.99965224320358,5.81021472887573));
#4679=CARTESIAN_POINT('Ctrl Pts',(2.41818880937386,3.99947561823992,5.79233808591437));
#4680=CARTESIAN_POINT('Ctrl Pts',(2.46107825747535,3.99916241064719,5.77268500685959));
#4681=CARTESIAN_POINT('Ctrl Pts',(2.50023296304448,3.998876476656,5.7547432855743));
#4682=CARTESIAN_POINT('Ctrl Pts',(2.53870247545459,3.9984770517041,5.73532107109113));
#4683=CARTESIAN_POINT('Ctrl Pts',(2.57622964080423,3.99786782264843,5.71422812384963));
#4684=CARTESIAN_POINT('Ctrl Pts',(2.6039071650097,3.99741849609317,5.6986713784253));
#4685=CARTESIAN_POINT('Ctrl Pts',(2.6310719042941,3.99685435186981,5.68220606795803));
#4686=CARTESIAN_POINT('Ctrl Pts',(2.65761894604229,3.99611933123952,5.6647615787132));
#4687=CARTESIAN_POINT('',(2.92218595508849,3.97672965135282,5.42547453703669));
#4688=CARTESIAN_POINT('Ctrl Pts',(2.65761894499397,3.99611933111338,5.66476157713047));
#4689=CARTESIAN_POINT('Ctrl Pts',(2.6903082127186,3.99548797142868,5.64728835828484));
#4690=CARTESIAN_POINT('Ctrl Pts',(2.72147846305414,3.99461497551328,5.62752775779799));
#4691=CARTESIAN_POINT('Ctrl Pts',(2.75091952646674,3.99336186191179,5.60571740369469));
#4692=CARTESIAN_POINT('Ctrl Pts',(2.76231961500494,3.99287663466965,5.59727205767093));
#4693=CARTESIAN_POINT('Ctrl Pts',(2.77346065087812,3.9923339019137,5.58851952050997));
#4694=CARTESIAN_POINT('Ctrl Pts',(2.78433130392414,3.99172386004628,5.57947416897023));
#4695=CARTESIAN_POINT('Ctrl Pts',(2.81512050596698,3.98999602435591,5.55385481059989));
#4696=CARTESIAN_POINT('Ctrl Pts',(2.84359158434378,3.98773976225698,5.52601527563269));
#4697=CARTESIAN_POINT('Ctrl Pts',(2.86955769439409,3.98471320800541,5.4963030513878));
#4698=CARTESIAN_POINT('Ctrl Pts',(2.88942718515524,3.98239726265882,5.47356700182231));
#4699=CARTESIAN_POINT('Ctrl Pts',(2.90783058967654,3.97962921157173,5.44973478202692));
#4700=CARTESIAN_POINT('Ctrl Pts',(2.92469954420129,3.97629061939962,5.42497123624116));
#4701=CARTESIAN_POINT('',(3.23373469938899,3.76872200848287,4.7436502061951));
#4702=CARTESIAN_POINT('Ctrl Pts',(2.92218595566065,3.97672965135891,5.42547453749982));
#4703=CARTESIAN_POINT('Ctrl Pts',(2.93793672343727,3.97425649639934,5.40604352033943));
#4704=CARTESIAN_POINT('Ctrl Pts',(2.95311028058575,3.97146946470658,5.38602903749441));
#4705=CARTESIAN_POINT('Ctrl Pts',(2.96773340488257,3.96830351060286,5.3654151879991));
#4706=CARTESIAN_POINT('Ctrl Pts',(3.00197212512501,3.96089071600046,5.31714972764581));
#4707=CARTESIAN_POINT('Ctrl Pts',(3.03208765357198,3.95160759332244,5.2671614831524));
#4708=CARTESIAN_POINT('Ctrl Pts',(3.05898427498617,3.94005173079841,5.21596214806542));
#4709=CARTESIAN_POINT('Ctrl Pts',(3.08187835305706,3.9302155207136,5.1723818947463));
#4710=CARTESIAN_POINT('Ctrl Pts',(3.10244118708219,3.91873266333425,5.12792577370222));
#4711=CARTESIAN_POINT('Ctrl Pts',(3.1211908707877,3.90535498998454,5.08291501595412));
#4712=CARTESIAN_POINT('Ctrl Pts',(3.12731640038667,3.90098449844154,5.06820998235525));
#4713=CARTESIAN_POINT('Ctrl Pts',(3.13324801233399,3.89641176719021,5.05344571842101));
#4714=CARTESIAN_POINT('Ctrl Pts',(3.13900251600319,3.89162814264576,5.03863324990917));
#4715=CARTESIAN_POINT('Ctrl Pts',(3.15847856524092,3.87543802226038,4.98850062637594));
#4716=CARTESIAN_POINT('Ctrl Pts',(3.17611329814198,3.85668625924894,4.93733334757847));
#4717=CARTESIAN_POINT('Ctrl Pts',(3.19238846024268,3.83506025316002,4.8856240223518));
#4718=CARTESIAN_POINT('Ctrl Pts',(3.2071834906774,3.81540100698553,4.83861736055917));
#4719=CARTESIAN_POINT('Ctrl Pts',(3.22085646163867,3.79336653680404,4.79116418819887));
#4720=CARTESIAN_POINT('Ctrl Pts',(3.233734699389,3.76872200848287,4.7436502061951));
#4721=CARTESIAN_POINT('',(2.61029381027247,2.39999999999635,4.13309871156362));
#4722=CARTESIAN_POINT('Ctrl Pts',(2.61029381027165,2.4,4.13309871156386));
#4723=CARTESIAN_POINT('Ctrl Pts',(2.61126277513888,2.40185893025395,4.13281422693686));
#4724=CARTESIAN_POINT('Ctrl Pts',(2.61223258818811,2.40371786461694,4.13253277908513));
#4725=CARTESIAN_POINT('Ctrl Pts',(2.61320323582682,2.40557679303129,4.13225436624122));
#4726=CARTESIAN_POINT('Ctrl Pts',(2.63791875402397,2.45291052900295,4.12516516369691));
#4727=CARTESIAN_POINT('Ctrl Pts',(2.66323378080248,2.50036217304202,4.12002276834197));
#4728=CARTESIAN_POINT('Ctrl Pts',(2.68893870794201,2.54775826369916,4.11685036683097));
#4729=CARTESIAN_POINT('Ctrl Pts',(2.71361499207051,2.59325768850932,4.11380491641478));
#4730=CARTESIAN_POINT('Ctrl Pts',(2.73865167899962,2.63870591717305,4.11257520812299));
#4731=CARTESIAN_POINT('Ctrl Pts',(2.76385099499342,2.68394949042113,4.1132267169444));
#4732=CARTESIAN_POINT('Ctrl Pts',(2.78081652707776,2.71440989235186,4.11366534765229));
#4733=CARTESIAN_POINT('Ctrl Pts',(2.79785551563269,2.74477753001796,4.11495758422798));
#4734=CARTESIAN_POINT('Ctrl Pts',(2.81490055136564,2.7750055728625,4.11713488281973));
#4735=CARTESIAN_POINT('Ctrl Pts',(2.83614837763389,2.81268693726987,4.11984903742383));
#4736=CARTESIAN_POINT('Ctrl Pts',(2.85749636882996,2.85032164464744,4.12394831667519));
#4737=CARTESIAN_POINT('Ctrl Pts',(2.87880141127574,2.88777781599172,4.12955527335457));
#4738=CARTESIAN_POINT('Ctrl Pts',(2.88869704843367,2.90517523173925,4.13215955865466));
#4739=CARTESIAN_POINT('Ctrl Pts',(2.89858291493352,2.92253413082863,4.13508957220987));
#4740=CARTESIAN_POINT('Ctrl Pts',(2.90844165546171,2.93984129848604,4.13836008602893));
#4741=CARTESIAN_POINT('Ctrl Pts',(2.92910717492984,2.97611992952816,4.14521561354843));
#4742=CARTESIAN_POINT('Ctrl Pts',(2.949656561107,3.0121712580348,4.15356701887778));
#4743=CARTESIAN_POINT('Ctrl Pts',(2.96991397645608,3.04787357172439,4.16345958506587));
#4744=CARTESIAN_POINT('Ctrl Pts',(2.98228574712879,3.06967797420325,4.16950125218553));
#4745=CARTESIAN_POINT('Ctrl Pts',(2.99454776509571,3.09135219810459,4.17611797292));
#4746=CARTESIAN_POINT('Ctrl Pts',(3.00665033910089,3.11286851802404,4.18332141889584));
#4747=CARTESIAN_POINT('Ctrl Pts',(3.02897207137648,3.15255276474646,4.19660730274711));
#4748=CARTESIAN_POINT('Ctrl Pts',(3.05020467479977,3.19069705161773,4.21156013080681));
#4749=CARTESIAN_POINT('Ctrl Pts',(3.07015335880282,3.22729858608553,4.22803005081132));
#4750=CARTESIAN_POINT('Ctrl Pts',(3.089672976683,3.26311287671896,4.24414572766278));
#4751=CARTESIAN_POINT('Ctrl Pts',(3.10796431501689,3.29745006580554,4.26171481412859));
#4752=CARTESIAN_POINT('Ctrl Pts',(3.12481379916154,3.33030753713589,4.28063418950252));
#4753=CARTESIAN_POINT('Ctrl Pts',(3.13392740575714,3.34807959857472,4.29086736594355));
#4754=CARTESIAN_POINT('Ctrl Pts',(3.14261856389145,3.36541876137309,4.30149614632182));
#4755=CARTESIAN_POINT('Ctrl Pts',(3.15084798233572,3.38232461154705,4.31250758848189));
#4756=CARTESIAN_POINT('Ctrl Pts',(3.16270666268651,3.40668612319322,4.32837519488225));
#4757=CARTESIAN_POINT('Ctrl Pts',(3.17360719462666,3.43014785599723,4.34503747755714));
#4758=CARTESIAN_POINT('Ctrl Pts',(3.18351117862196,3.45270857120484,4.36240655177378));
#4759=CARTESIAN_POINT('Ctrl Pts',(3.19652632198798,3.48235633144012,4.38523180988927));
#4760=CARTESIAN_POINT('Ctrl Pts',(3.20768614144456,3.51014281696063,4.40903776998133));
#4761=CARTESIAN_POINT('Ctrl Pts',(3.21697324985062,3.53617483840766,4.433574389555));
#4762=CARTESIAN_POINT('Ctrl Pts',(3.22630992900483,3.5623458080313,4.45824197546784));
#4763=CARTESIAN_POINT('Ctrl Pts',(3.2337541906895,3.58674353438818,4.48364936973588));
#4764=CARTESIAN_POINT('Ctrl Pts',(3.23924031744494,3.60947654759813,4.50956113562249));
#4765=CARTESIAN_POINT('Ctrl Pts',(3.24267893012845,3.62372522085028,4.52580219799705));
#4766=CARTESIAN_POINT('Ctrl Pts',(3.24534730612927,3.63731989936207,4.54224170729297));
#4767=CARTESIAN_POINT('Ctrl Pts',(3.24721875825142,3.6502873072005,4.55882182354632));
#4768=CARTESIAN_POINT('Ctrl Pts',(3.24942537827598,3.66557711422482,4.57837135735549));
#4769=CARTESIAN_POINT('Ctrl Pts',(3.2505545817279,3.680194263894,4.59836810307744));
#4770=CARTESIAN_POINT('Ctrl Pts',(3.25045353957013,3.6941197306862,4.61874089836597));
#4771=CARTESIAN_POINT('Ctrl Pts',(3.25035325358047,3.70794098361354,4.63896122998729));
#4772=CARTESIAN_POINT('Ctrl Pts',(3.24904137691426,3.72108086760508,4.65955276308367));
#4773=CARTESIAN_POINT('Ctrl Pts',(3.24632646360651,3.73352078109359,4.68041254346433));
#4774=CARTESIAN_POINT('Ctrl Pts',(3.243839565277,3.74491591477454,4.69952039226186));
#4775=CARTESIAN_POINT('Ctrl Pts',(3.24017518061984,3.75572371617926,4.71885350296631));
#4776=CARTESIAN_POINT('Ctrl Pts',(3.23515113228555,3.76592988795184,4.73829891334288));
#4777=CARTESIAN_POINT('Ctrl Pts',(3.23469049492939,3.76686565601557,4.74008179476227));
#4778=CARTESIAN_POINT('Ctrl Pts',(3.23421840258482,3.7677963665325,4.7418655936272));
#4779=CARTESIAN_POINT('Ctrl Pts',(3.233734699389,3.76872200848287,4.7436502061951));
#4780=CARTESIAN_POINT('',(3.4563110269171,2.4,3.83360808760686));
#4781=CARTESIAN_POINT('Ctrl Pts',(3.45545091215486,2.4,3.83155997115742));
#4782=CARTESIAN_POINT('Ctrl Pts',(3.18242260962816,2.4,3.94621930782563));
#4783=CARTESIAN_POINT('Ctrl Pts',(2.89948784400236,2.4,4.04661164930778));
#4784=CARTESIAN_POINT('Ctrl Pts',(2.61001000261887,2.4,4.13213811975497));
#4785=CARTESIAN_POINT('',(4.07659694935175,2.4,3.5389816773538));
#4786=CARTESIAN_POINT('Ctrl Pts',(3.45545091215486,2.4,3.83155997115743));
#4787=CARTESIAN_POINT('Ctrl Pts',(3.66873039746116,2.4,3.74199239122579));
#4788=CARTESIAN_POINT('Ctrl Pts',(3.87596481106962,2.4,3.64371887780915));
#4789=CARTESIAN_POINT('Ctrl Pts',(4.07555090341663,2.4,3.53702490128184));
#4790=CARTESIAN_POINT('Ctrl Pts',(5.49909655563171,2.4,2.48839697527083));
#4791=CARTESIAN_POINT('Ctrl Pts',(5.10222086409085,2.4,2.89611821527372));
#4792=CARTESIAN_POINT('Ctrl Pts',(4.61703371409435,2.4,3.24756107335154));
#4793=CARTESIAN_POINT('Ctrl Pts',(4.07555090341785,2.4,3.53702490128119));
#4794=CARTESIAN_POINT('Origin',(0.0164919647717149,4.,4.81445801038769));
#4795=CARTESIAN_POINT('',(-2.14818124085116,4.,5.89162849722009));
#4796=CARTESIAN_POINT('Ctrl Pts',(-2.14818124085113,4.,5.8916284972201));
#4797=CARTESIAN_POINT('Ctrl Pts',(-2.47725906411589,4.,5.82657503213741));
#4798=CARTESIAN_POINT('Ctrl Pts',(-2.80466204675085,4.,5.74601724281367));
#4799=CARTESIAN_POINT('Ctrl Pts',(-3.12738100624306,4.,5.64927736498221));
#4800=CARTESIAN_POINT('Ctrl Pts',(-2.14818124085116,4.,5.89162849722009));
#4801=CARTESIAN_POINT('Ctrl Pts',(-2.13294536103044,4.,5.89577489868624));
#4802=CARTESIAN_POINT('Ctrl Pts',(-2.01085900894221,4.,5.92807376173226));
#4803=CARTESIAN_POINT('Ctrl Pts',(-1.76520773015201,4.,5.97956025311292));
#4804=CARTESIAN_POINT('Ctrl Pts',(-1.36203688164859,4.,6.03274053127919));
#4805=CARTESIAN_POINT('Ctrl Pts',(-0.765531631762075,4.,6.06974453187171));
#4806=CARTESIAN_POINT('Ctrl Pts',(0.00334685095723072,4.,6.08175838211861));
#4807=CARTESIAN_POINT('Ctrl Pts',(0.766565039482108,4.,6.06944770597461));
#4808=CARTESIAN_POINT('Ctrl Pts',(1.33505114521436,4.,6.03337758164547));
#4809=CARTESIAN_POINT('Ctrl Pts',(1.7173457885339,4.,5.98318004193136));
#4810=CARTESIAN_POINT('Ctrl Pts',(1.94905479621071,4.,5.93630401095315));
#4811=CARTESIAN_POINT('Ctrl Pts',(2.05961107781168,4.,5.90888317932273));
#4812=CARTESIAN_POINT('Ctrl Pts',(2.06183636822199,4.,5.90832907290444));
#4813=CARTESIAN_POINT('Ctrl Pts',(-1.83789143085441,2.4,4.3220042639043));
#4814=CARTESIAN_POINT('Ctrl Pts',(-3.25344616183065,2.4,4.04217155032119));
#4815=CARTESIAN_POINT('Ctrl Pts',(-4.58896599898543,2.4,3.41476258776026));
#4816=CARTESIAN_POINT('Ctrl Pts',(-5.48327573743814,2.4,2.50457416957843));
#4817=CARTESIAN_POINT('Ctrl Pts',(-1.83789143085441,2.87871888054702,4.3220042639043));
#4818=CARTESIAN_POINT('Ctrl Pts',(-3.25263534823646,2.87871888054702,4.0423318353058));
#4819=CARTESIAN_POINT('Ctrl Pts',(-4.58992583748324,2.87871888054702,3.41378570710418));
#4820=CARTESIAN_POINT('Ctrl Pts',(-5.48327573743814,2.87871888054702,2.50457416957843));
#4821=CARTESIAN_POINT('Ctrl Pts',(-1.91563412813929,3.70820008852659,4.71527151822684));
#4822=CARTESIAN_POINT('Ctrl Pts',(-3.39399905411482,3.70820008852659,4.42302222552975));
#4823=CARTESIAN_POINT('Ctrl Pts',(-4.80055821497381,3.70820008852659,3.77139551525838));
#4824=CARTESIAN_POINT('Ctrl Pts',(-5.7692224581452,3.70820008852659,2.78553241063997));
#4825=CARTESIAN_POINT('Ctrl Pts',(-2.07855237031046,4.,5.53940564291428));
#4826=CARTESIAN_POINT('Ctrl Pts',(-3.6876293916043,4.,5.22131664262366));
#4827=CARTESIAN_POINT('Ctrl Pts',(-5.24505398435056,4.,4.51765787645129));
#4828=CARTESIAN_POINT('Ctrl Pts',(-6.3684547811697,4.,3.37431083428433));
#4829=CARTESIAN_POINT('Ctrl Pts',(-2.14818124085113,4.,5.8916284972201));
#4830=CARTESIAN_POINT('Ctrl Pts',(-3.81306933588388,4.,5.56250653305278));
#4831=CARTESIAN_POINT('Ctrl Pts',(-5.4350881349075,4.,4.8365351890178));
#4832=CARTESIAN_POINT('Ctrl Pts',(-6.62455789944313,4.,3.62594610907452));
#4833=CARTESIAN_POINT('',(-4.01340653693122,2.4,3.57239987890879));
#4834=CARTESIAN_POINT('Ctrl Pts',(-4.01243272772672,2.4,3.57053301069366));
#4835=CARTESIAN_POINT('Ctrl Pts',(-4.57206992191571,2.4,3.27861103866586));
#4836=CARTESIAN_POINT('Ctrl Pts',(-5.07389882066301,2.4,2.92121966978777));
#4837=CARTESIAN_POINT('Ctrl Pts',(-5.48327573743814,2.4,2.50457416957843));
#4838=CARTESIAN_POINT('',(-3.36258178055637,2.4,3.87216567845523));
#4839=CARTESIAN_POINT('Ctrl Pts',(-4.01243272428091,2.4,3.57053301249108));
#4840=CARTESIAN_POINT('Ctrl Pts',(-3.80305898429294,2.4,3.67974804612464));
#4841=CARTESIAN_POINT('Ctrl Pts',(-3.5855938858098,2.4,3.77979940597947));
#4842=CARTESIAN_POINT('Ctrl Pts',(-3.36185156975608,2.4,3.87036162532081));
#4843=CARTESIAN_POINT('',(-2.54682357973994,2.4,4.15146597926816));
#4844=CARTESIAN_POINT('Ctrl Pts',(-2.54662170397055,2.4,4.15076232725527));
#4845=CARTESIAN_POINT('Ctrl Pts',(-2.8251174569769,2.4,4.07086268456125));
#4846=CARTESIAN_POINT('Ctrl Pts',(-3.0978541009933,2.4,3.97721757055878));
#4847=CARTESIAN_POINT('Ctrl Pts',(-3.36185156975609,2.4,3.87036162532081));
#4848=CARTESIAN_POINT('',(-3.17419161318982,3.74907544677561,4.73060149128169));
#4849=CARTESIAN_POINT('Ctrl Pts',(-3.17419161318982,3.74907544677561,4.73060149128169));
#4850=CARTESIAN_POINT('Ctrl Pts',(-3.17899564956422,3.73559008052839,4.70664457558652));
#4851=CARTESIAN_POINT('Ctrl Pts',(-3.18189830173385,3.72092384951007,4.68246787809598));
#4852=CARTESIAN_POINT('Ctrl Pts',(-3.18301164000379,3.70494195768433,4.65824338803518));
#4853=CARTESIAN_POINT('Ctrl Pts',(-3.18416198827046,3.688428789983,4.63321361864277));
#4854=CARTESIAN_POINT('Ctrl Pts',(-3.18340201618262,3.67051103624436,4.60813163869392));
#4855=CARTESIAN_POINT('Ctrl Pts',(-3.18080056915,3.65104000579241,4.58317986743956));
#4856=CARTESIAN_POINT('Ctrl Pts',(-3.17938111576099,3.64041583400798,4.56956518460157));
#4857=CARTESIAN_POINT('Ctrl Pts',(-3.17741247701229,3.6293292161164,4.55598924851744));
#4858=CARTESIAN_POINT('Ctrl Pts',(-3.1748994148496,3.61775599738804,4.54248282837834));
#4859=CARTESIAN_POINT('Ctrl Pts',(-3.17007203706711,3.59552483263986,4.51653814882824));
#4860=CARTESIAN_POINT('Ctrl Pts',(-3.16328532844737,3.57170119736007,4.4911000774863));
#4861=CARTESIAN_POINT('Ctrl Pts',(-3.15464874930272,3.5461971673671,4.46638790133718));
#4862=CARTESIAN_POINT('Ctrl Pts',(-3.14600108238638,3.52066039491244,4.44164399932039));
#4863=CARTESIAN_POINT('Ctrl Pts',(-3.1354984042074,3.49343891034242,4.4176265484412));
#4864=CARTESIAN_POINT('Ctrl Pts',(-3.12320019118016,3.46444445040533,4.3945639511598));
#4865=CARTESIAN_POINT('Ctrl Pts',(-3.11414026613292,3.44308462900417,4.37757405170843));
#4866=CARTESIAN_POINT('Ctrl Pts',(-3.1041048316914,3.42076260198513,4.36110243528722));
#4867=CARTESIAN_POINT('Ctrl Pts',(-3.09310195279309,3.39744308129474,4.34524957001591));
#4868=CARTESIAN_POINT('Ctrl Pts',(-3.08667019803514,3.38381160906462,4.33598274607117));
#4869=CARTESIAN_POINT('Ctrl Pts',(-3.07993775788332,3.36990254144875,4.32697100443043));
#4870=CARTESIAN_POINT('Ctrl Pts',(-3.07291310168557,3.35571827218753,4.31822928050904));
#4871=CARTESIAN_POINT('Ctrl Pts',(-3.05710127943976,3.3237908528333,4.29855250475294));
#4872=CARTESIAN_POINT('Ctrl Pts',(-3.03981246385658,3.29046910619589,4.28024204251428));
#4873=CARTESIAN_POINT('Ctrl Pts',(-3.02129143598581,3.25578033132947,4.2633667419278));
#4874=CARTESIAN_POINT('Ctrl Pts',(-3.00168143801332,3.21905198074629,4.2454992341094));
#4875=CARTESIAN_POINT('Ctrl Pts',(-2.98068921454941,3.18079112336468,4.22923953294301));
#4876=CARTESIAN_POINT('Ctrl Pts',(-2.95855482605703,3.14103016216748,4.21470380079773));
#4877=CARTESIAN_POINT('Ctrl Pts',(-2.93642043756465,3.10126920097029,4.20016806865246));
#4878=CARTESIAN_POINT('Ctrl Pts',(-2.91314251221294,3.06000813595749,4.18735544143281));
#4879=CARTESIAN_POINT('Ctrl Pts',(-2.88892984094846,3.01727937011194,4.17642996131177));
#4880=CARTESIAN_POINT('Ctrl Pts',(-2.87119277645387,2.98597828534941,4.16842646828845));
#4881=CARTESIAN_POINT('Ctrl Pts',(-2.85311193247797,2.95417268120271,4.16150844049573));
#4882=CARTESIAN_POINT('Ctrl Pts',(-2.83478573050103,2.92192034708973,4.15570231107022));
#4883=CARTESIAN_POINT('Ctrl Pts',(-2.81020693058681,2.87866404837999,4.1479152260209));
#4884=CARTESIAN_POINT('Ctrl Pts',(-2.78518735396869,2.83460418377451,4.14212570065737));
#4885=CARTESIAN_POINT('Ctrl Pts',(-2.75995712534568,2.78988016937543,4.13826797531501));
#4886=CARTESIAN_POINT('Ctrl Pts',(-2.73427564234707,2.74435624517394,4.13434125276035));
#4887=CARTESIAN_POINT('Ctrl Pts',(-2.70837464115936,2.69814420146803,4.13241592226662));
#4888=CARTESIAN_POINT('Ctrl Pts',(-2.68247724143089,2.65139106951642,4.13247400042827));
#4889=CARTESIAN_POINT('Ctrl Pts',(-2.65697858967758,2.60535780584865,4.13253118434766));
#4890=CARTESIAN_POINT('Ctrl Pts',(-2.63148217267725,2.55879998816711,4.13451126680247));
#4891=CARTESIAN_POINT('Ctrl Pts',(-2.60620107614158,2.51185796014769,4.13844623242049));
#4892=CARTESIAN_POINT('Ctrl Pts',(-2.58722834997014,2.47662933617215,4.14139930943831));
#4893=CARTESIAN_POINT('Ctrl Pts',(-2.5683767771706,2.44118432243443,4.14545437497759));
#4894=CARTESIAN_POINT('Ctrl Pts',(-2.54974284212469,2.40558223800578,4.1506432624896));
#4895=CARTESIAN_POINT('Ctrl Pts',(-2.54876893929094,2.40372149464552,4.15091445975628));
#4896=CARTESIAN_POINT('Ctrl Pts',(-2.54779584730132,2.40186074528391,4.15118869812776));
#4897=CARTESIAN_POINT('Ctrl Pts',(-2.54682357973994,2.4,4.15146597926816));
#4898=CARTESIAN_POINT('',(-2.9242341711753,3.97535944924201,5.41674204542486));
#4899=CARTESIAN_POINT('Ctrl Pts',(-3.17419161318982,3.74907544677561,4.73060149128169));
#4900=CARTESIAN_POINT('Ctrl Pts',(-3.17148869797428,3.75666277517531,4.74408047164388));
#4901=CARTESIAN_POINT('Ctrl Pts',(-3.16874315960369,3.76402997690652,4.75756775224565));
#4902=CARTESIAN_POINT('Ctrl Pts',(-3.13563167814926,3.84868514188502,4.91722089466379));
#4903=CARTESIAN_POINT('Ctrl Pts',(-3.09999806771042,3.89975398191908,5.06146046492471));
#4904=CARTESIAN_POINT('Ctrl Pts',(-3.01241203807823,3.95245673036704,5.27287810889146));
#4905=CARTESIAN_POINT('Ctrl Pts',(-2.97336739454281,3.96589050384861,5.34716338657137));
#4906=CARTESIAN_POINT('Ctrl Pts',(-2.92423417153865,3.97535944924357,5.4167420456812));
#4907=CARTESIAN_POINT('',(-2.78796948370574,3.9912863989763,5.5717936627713));
#4908=CARTESIAN_POINT('Ctrl Pts',(-2.92629454703983,3.97490418628989,5.41627342115836));
#4909=CARTESIAN_POINT('Ctrl Pts',(-2.92199841464824,3.97581219995804,5.42277372151219));
#4910=CARTESIAN_POINT('Ctrl Pts',(-2.91759697463745,3.97668092808852,5.42921511555689));
#4911=CARTESIAN_POINT('Ctrl Pts',(-2.91308859524162,3.97751246100645,5.43559558075941));
#4912=CARTESIAN_POINT('Ctrl Pts',(-2.89202920457148,3.98139668969179,5.46539979587972));
#4913=CARTESIAN_POINT('Ctrl Pts',(-2.86887606121895,3.98443333020524,5.49356541863151));
#4914=CARTESIAN_POINT('Ctrl Pts',(-2.8438391183081,3.98685983864498,5.51987914437341));
#4915=CARTESIAN_POINT('Ctrl Pts',(-2.826580637897,3.98853248088904,5.53801773748666));
#4916=CARTESIAN_POINT('Ctrl Pts',(-2.80842768688607,3.9899145598771,5.55527696241627));
#4917=CARTESIAN_POINT('Ctrl Pts',(-2.78945620405324,3.99107315358911,5.57159347702351));
#4918=CARTESIAN_POINT('Ctrl Pts',(-2.7894562040542,3.99107315358925,5.57159347702455));
#4919=CARTESIAN_POINT('Ctrl Pts',(-2.7621964757371,3.99289965392447,5.59660726614373));
#4920=CARTESIAN_POINT('Ctrl Pts',(-2.73359927178952,3.99427028071216,5.6200635024554));
#4921=CARTESIAN_POINT('Ctrl Pts',(-2.70374441438188,3.99534400494742,5.64211111640635));
#4922=CARTESIAN_POINT('Ctrl Pts',(-2.67199072225032,3.99648602041027,5.66556100719211));
#4923=CARTESIAN_POINT('Ctrl Pts',(-2.63881453386292,3.9972918853372,5.6874176977376));
#4924=CARTESIAN_POINT('Ctrl Pts',(-2.60431045947919,3.99789617865262,5.70787278006381));
#4925=CARTESIAN_POINT('Ctrl Pts',(-2.60080121653089,3.99795763841045,5.70995316780619));
#4926=CARTESIAN_POINT('Ctrl Pts',(-2.59727823518794,3.9980169699821,5.71201906519416));
#4927=CARTESIAN_POINT('Ctrl Pts',(-2.5937416128649,3.99807428666276,5.71407067870782));
#4928=CARTESIAN_POINT('Ctrl Pts',(-2.55739167335022,3.99866339618168,5.73515747291919));
#4929=CARTESIAN_POINT('Ctrl Pts',(-2.51993056198819,3.99903815226683,5.75453625106835));
#4930=CARTESIAN_POINT('Ctrl Pts',(-2.48174696263142,3.99930072750777,5.77238321063484));
#4931=CARTESIAN_POINT('Ctrl Pts',(-2.44055461169739,3.99958399287966,5.79163645637261));
#4932=CARTESIAN_POINT('Ctrl Pts',(-2.39852187586243,3.99973611015487,5.80910685706395));
#4933=CARTESIAN_POINT('Ctrl Pts',(-2.35612890009566,3.99983192340317,5.8250405541836));
#4934=CARTESIAN_POINT('Ctrl Pts',(-2.35143881230411,3.99984252356836,5.82680335655789));
#4935=CARTESIAN_POINT('Ctrl Pts',(-2.34674430390262,3.99985239027226,5.82854737439053));
#4936=CARTESIAN_POINT('Ctrl Pts',(-2.34204601614151,3.99986159368978,5.83027295896025));
#4937=CARTESIAN_POINT('Ctrl Pts',(-2.29359159164031,3.99995651045989,5.84806927359771));
#4938=CARTESIAN_POINT('Ctrl Pts',(-2.24422572203195,3.99998508645059,5.86408354240106));
#4939=CARTESIAN_POINT('Ctrl Pts',(-2.19460491915738,3.99999552675335,5.87855093670675));
#4940=CARTESIAN_POINT('Ctrl Pts',(-2.17914868133527,3.99999877877252,5.88305734277237));
#4941=CARTESIAN_POINT('Ctrl Pts',(-2.16366760864792,4.,5.88741392616194));
#4942=CARTESIAN_POINT('Ctrl Pts',(-2.14818124085113,4.,5.8916284972201));
#4943=CARTESIAN_POINT('Ctrl Pts',(-5.48327573743807,2.39999999999825,2.5045741695785));
#4944=CARTESIAN_POINT('Ctrl Pts',(-5.48327573743807,4.46666666666609,2.5045741695785));
#4945=CARTESIAN_POINT('Ctrl Pts',(-5.48327573743807,6.53333333333392,2.5045741695785));
#4946=CARTESIAN_POINT('Ctrl Pts',(-5.48327573743807,8.60000000000176,2.5045741695785));
#4947=CARTESIAN_POINT('Ctrl Pts',(-4.65083675378801,2.39999999999825,3.35179330315542));
#4948=CARTESIAN_POINT('Ctrl Pts',(-4.65083675378801,4.46666666666609,3.35179330315542));
#4949=CARTESIAN_POINT('Ctrl Pts',(-4.65083675378801,6.53333333333393,3.35179330315542));
#4950=CARTESIAN_POINT('Ctrl Pts',(-4.65083675378801,8.60000000000176,3.35179330315542));
#4951=CARTESIAN_POINT('Ctrl Pts',(-3.97113878625174,2.39999999999825,4.3486441315914));
#4952=CARTESIAN_POINT('Ctrl Pts',(-3.97113878625174,4.46666666666609,4.3486441315914));
#4953=CARTESIAN_POINT('Ctrl Pts',(-3.97113878625174,6.53333333333392,4.3486441315914));
#4954=CARTESIAN_POINT('Ctrl Pts',(-3.97113878625174,8.60000000000176,4.3486441315914));
#4955=CARTESIAN_POINT('Ctrl Pts',(-3.48652481218538,2.39999999999825,5.43302608364464));
#4956=CARTESIAN_POINT('Ctrl Pts',(-3.48652481218538,4.46666666666609,5.43302608364464));
#4957=CARTESIAN_POINT('Ctrl Pts',(-3.48652481218538,6.53333333333392,5.43302608364464));
#4958=CARTESIAN_POINT('Ctrl Pts',(-3.48652481218538,8.60000000000176,5.43302608364464));
#4959=CARTESIAN_POINT('',(-3.48652481218536,6.81479374738202,5.43302608364464));
#4960=CARTESIAN_POINT('Ctrl Pts',(-3.48652481218538,4.18520625261788,5.43302608364464));
#4961=CARTESIAN_POINT('Ctrl Pts',(-3.48652481218538,5.06173541753926,5.43302608364464));
#4962=CARTESIAN_POINT('Ctrl Pts',(-3.48652481218538,5.93826458246064,5.43302608364464));
#4963=CARTESIAN_POINT('Ctrl Pts',(-3.48652481218538,6.81479374738202,5.43302608364464));
#4964=CARTESIAN_POINT('',(-5.48327573743807,8.60000000000176,2.5045741695785));
#4965=CARTESIAN_POINT('Ctrl Pts',(-5.4832757374381,8.6,2.50457416957847));
#4966=CARTESIAN_POINT('Ctrl Pts',(-5.48196484353038,8.59856754998749,2.50590833871582));
#4967=CARTESIAN_POINT('Ctrl Pts',(-5.48065410924156,8.59713531403235,2.5072429648705));
#4968=CARTESIAN_POINT('Ctrl Pts',(-5.18097549481444,8.26951452986446,2.81262859055627));
#4969=CARTESIAN_POINT('Ctrl Pts',(-4.74773822381172,7.78449885691101,3.31270628114824));
#4970=CARTESIAN_POINT('Ctrl Pts',(-4.07740345400441,7.13246676588366,4.27021591795294));
#4971=CARTESIAN_POINT('Ctrl Pts',(-3.70288453801261,6.86637088215612,4.94889521991904));
#4972=CARTESIAN_POINT('Ctrl Pts',(-3.48652481218537,6.81479374738212,5.43302608364464));
#4973=CARTESIAN_POINT('Ctrl Pts',(-5.48327573743807,8.60000000000176,2.5045741695785));
#4974=CARTESIAN_POINT('Ctrl Pts',(-5.48327573743807,6.53333333333392,2.5045741695785));
#4975=CARTESIAN_POINT('Ctrl Pts',(-5.48327573743807,4.46666666666609,2.5045741695785));
#4976=CARTESIAN_POINT('Ctrl Pts',(-5.48327573743807,2.39999999999825,2.5045741695785));
#4977=CARTESIAN_POINT('Ctrl Pts',(5.49909655563167,8.6,2.48839697527087));
#4978=CARTESIAN_POINT('Ctrl Pts',(5.49772658833904,8.5987412277337,2.48980438009616));
#4979=CARTESIAN_POINT('Ctrl Pts',(5.49635666093675,8.59748260949089,2.49121203854315));
#4980=CARTESIAN_POINT('Ctrl Pts',(5.18648742382656,8.31270725445115,2.80977292599904));
#4981=CARTESIAN_POINT('Ctrl Pts',(4.72908349570257,7.89185013050837,3.31080702357622));
#4982=CARTESIAN_POINT('Ctrl Pts',(4.01563050851827,7.31973908341348,4.22397205884016));
#4983=CARTESIAN_POINT('Ctrl Pts',(3.6156963494446,7.07947889097352,4.84812516685576));
#4984=CARTESIAN_POINT('Ctrl Pts',(3.38347492049945,7.02211887542111,5.28800806887505));
#4985=CARTESIAN_POINT('Ctrl Pts',(5.49909655563167,8.6,2.48839697527087));
#4986=CARTESIAN_POINT('Ctrl Pts',(5.49775437532089,8.59868779686134,2.48977446972965));
#4987=CARTESIAN_POINT('Ctrl Pts',(5.49641143967583,8.5973788594258,2.49115764153616));
#4988=CARTESIAN_POINT('Ctrl Pts',(5.19291028950406,8.30055968043247,2.80300614288919));
#4989=CARTESIAN_POINT('Ctrl Pts',(4.75314484664884,7.86286920830962,3.30610475089215));
#4990=CARTESIAN_POINT('Ctrl Pts',(4.07268311453703,7.28301763185235,4.24129913771114));
#4991=CARTESIAN_POINT('Ctrl Pts',(3.69243353600921,7.05416097185872,4.88294639285644));
#4992=CARTESIAN_POINT('Ctrl Pts',(3.47195209902267,7.01118361114188,5.32659462604847));
#4993=CARTESIAN_POINT('Ctrl Pts',(5.49909655563167,8.6,2.48839697527087));
#4994=CARTESIAN_POINT('Ctrl Pts',(5.49778128984807,8.5986356950445,2.48974765877443));
#4995=CARTESIAN_POINT('Ctrl Pts',(5.49646723540017,8.59727351874677,2.49109943896406));
#4996=CARTESIAN_POINT('Ctrl Pts',(5.19906872063466,8.28868651977466,2.79690127726704));
#4997=CARTESIAN_POINT('Ctrl Pts',(4.77191351506066,7.83302158998457,3.29492990696657));
#4998=CARTESIAN_POINT('Ctrl Pts',(4.1176908527133,7.22166751832209,4.23563044958807));
#4999=CARTESIAN_POINT('Ctrl Pts',(3.75695185802655,6.97311347550633,4.89106787859327));
#5000=CARTESIAN_POINT('Ctrl Pts',(3.55010260346869,6.92130564689067,5.34989000943119));
#5001=CARTESIAN_POINT('Ctrl Pts',(5.49909655563167,8.6,2.48839697527087));
#5002=CARTESIAN_POINT('Ctrl Pts',(5.49780914313788,8.59858388120049,2.48971956929602));
#5003=CARTESIAN_POINT('Ctrl Pts',(5.4965218433222,8.59716793567724,2.49104269203669));
#5004=CARTESIAN_POINT('Ctrl Pts',(5.20540724302368,8.27679566126129,2.79047374826418));
#5005=CARTESIAN_POINT('Ctrl Pts',(4.78526725199619,7.80333139682252,3.27851068191895));
#5006=CARTESIAN_POINT('Ctrl Pts',(4.1335264213296,7.15970646884137,4.21028797771584));
#5007=CARTESIAN_POINT('Ctrl Pts',(3.7679675095477,6.88941375234521,4.86867496751211));
#5008=CARTESIAN_POINT('Ctrl Pts',(3.55497441827544,6.82488373484874,5.33912925585849));
#5009=CARTESIAN_POINT('',(3.38347492049945,7.02211887542111,5.28800806887505));
#5010=CARTESIAN_POINT('',(3.55497441807536,6.82488373484874,5.33912925630042));
#5011=CARTESIAN_POINT('Origin',(3.37277735219357,6.82488373484874,5.25664150457894));
#5012=CARTESIAN_POINT('',(5.49909655563165,8.60000000000218,2.48839697527089));
#5013=CARTESIAN_POINT('Ctrl Pts',(3.55497441827544,6.82488373484874,5.33912925585849));
#5014=CARTESIAN_POINT('Ctrl Pts',(3.7679675095477,6.88941375234521,4.86867496751211));
#5015=CARTESIAN_POINT('Ctrl Pts',(4.1335264213296,7.15970646884137,4.21028797771584));
#5016=CARTESIAN_POINT('Ctrl Pts',(4.78526725199619,7.80333139682252,3.27851068191895));
#5017=CARTESIAN_POINT('Ctrl Pts',(5.20540724302368,8.27679566126129,2.79047374826418));
#5018=CARTESIAN_POINT('Ctrl Pts',(5.4965218433222,8.59716793567724,2.49104269203669));
#5019=CARTESIAN_POINT('Ctrl Pts',(5.49780914313788,8.59858388120049,2.48971956929602));
#5020=CARTESIAN_POINT('Ctrl Pts',(5.49909655563167,8.6,2.48839697527087));
#5021=CARTESIAN_POINT('Ctrl Pts',(5.49909655563167,8.6,2.48839697527087));
#5022=CARTESIAN_POINT('Ctrl Pts',(5.49772658833904,8.5987412277337,2.48980438009616));
#5023=CARTESIAN_POINT('Ctrl Pts',(5.49635666093675,8.59748260949089,2.49121203854315));
#5024=CARTESIAN_POINT('Ctrl Pts',(5.18648742382656,8.31270725445115,2.80977292599904));
#5025=CARTESIAN_POINT('Ctrl Pts',(4.72908349570257,7.89185013050837,3.31080702357622));
#5026=CARTESIAN_POINT('Ctrl Pts',(4.01563050851827,7.31973908341348,4.22397205884016));
#5027=CARTESIAN_POINT('Ctrl Pts',(3.6156963494446,7.07947889097352,4.84812516685576));
#5028=CARTESIAN_POINT('Ctrl Pts',(3.38347492049945,7.02211887542111,5.28800806887505));
#5029=CARTESIAN_POINT('Ctrl Pts',(3.27775142060885,6.8,5.77958993651372));
#5030=CARTESIAN_POINT('Ctrl Pts',(3.39335123363565,6.8,5.64573030291628));
#5031=CARTESIAN_POINT('Ctrl Pts',(3.48507972156368,6.80600582000013,5.49351106999571));
#5032=CARTESIAN_POINT('Ctrl Pts',(3.5549744180842,6.82488373478394,5.33912925628088));
#5033=CARTESIAN_POINT('Ctrl Pts',(3.27775142060885,6.85235987755983,5.77958993651372));
#5034=CARTESIAN_POINT('Ctrl Pts',(3.39249804257189,6.85104684177607,5.64665324319742));
#5035=CARTESIAN_POINT('Ctrl Pts',(3.48326755294252,6.85570280931715,5.49648525176025));
#5036=CARTESIAN_POINT('Ctrl Pts',(3.55253851068463,6.87309469081196,5.3445096330635));
#5037=CARTESIAN_POINT('Ctrl Pts',(3.24493385666433,6.95663872852499,5.7512490233196));
#5038=CARTESIAN_POINT('Ctrl Pts',(3.35664852682759,6.95281333366934,5.62538167304306));
#5039=CARTESIAN_POINT('Ctrl Pts',(3.44533188840271,6.95472553163169,5.48367118101719));
#5040=CARTESIAN_POINT('Ctrl Pts',(3.51394000415859,6.96922282246561,5.33996148534497));
#5041=CARTESIAN_POINT('Ctrl Pts',(3.16601140482657,7.,5.68309239961705));
#5042=CARTESIAN_POINT('Ctrl Pts',(3.27286618173551,6.99790982616595,5.56932254709022));
#5043=CARTESIAN_POINT('Ctrl Pts',(3.35932725165367,7.00141415950407,5.44038055399353));
#5044=CARTESIAN_POINT('Ctrl Pts',(3.4277135095402,7.01665124323228,5.30730134789366));
#5045=CARTESIAN_POINT('Ctrl Pts',(3.12638333185972,7.,5.64887000035846));
#5046=CARTESIAN_POINT('Ctrl Pts',(3.2305215268331,7.,5.54022980770805));
#5047=CARTESIAN_POINT('Ctrl Pts',(3.3155397713531,7.00533850666678,5.41669348225477));
#5048=CARTESIAN_POINT('Ctrl Pts',(3.38347492026623,7.0221188753635,5.28800806931681));
#5049=CARTESIAN_POINT('',(3.12638333185972,7.,5.64887000035846));
#5050=CARTESIAN_POINT('Ctrl Pts',(3.38347492026623,7.0221188753635,5.28800806931681));
#5051=CARTESIAN_POINT('Ctrl Pts',(3.3155397713531,7.00533850666678,5.41669348225477));
#5052=CARTESIAN_POINT('Ctrl Pts',(3.2305215268331,7.,5.54022980770805));
#5053=CARTESIAN_POINT('Ctrl Pts',(3.12638333185972,7.,5.64887000035846));
#5054=CARTESIAN_POINT('',(3.27775142060885,6.8,5.77958993651372));
#5055=CARTESIAN_POINT('Origin',(3.12638333185972,6.8,5.64887000035846));
#5056=CARTESIAN_POINT('Ctrl Pts',(3.27775142060885,6.8,5.77958993651372));
#5057=CARTESIAN_POINT('Ctrl Pts',(3.39335123363565,6.8,5.64573030291628));
#5058=CARTESIAN_POINT('Ctrl Pts',(3.48507972156368,6.80600582000013,5.49351106999571));
#5059=CARTESIAN_POINT('Ctrl Pts',(3.5549744180842,6.82488373478394,5.33912925628088));
#5060=CARTESIAN_POINT('Ctrl Pts',(-3.28090971750508,6.8,5.77410977953528));
#5061=CARTESIAN_POINT('Ctrl Pts',(-3.16745522815983,6.8,5.91640605152967));
#5062=CARTESIAN_POINT('Ctrl Pts',(-2.8839445875602,6.8,6.15510730630193));
#5063=CARTESIAN_POINT('Ctrl Pts',(-2.23971127397094,6.8,6.4165695784714));
#5064=CARTESIAN_POINT('Ctrl Pts',(-1.43101500554434,6.8,6.53362426197072));
#5065=CARTESIAN_POINT('Ctrl Pts',(-0.158929282609811,6.8,6.59074797139953));
#5066=CARTESIAN_POINT('Ctrl Pts',(1.10700270702663,6.8,6.56697385723501));
#5067=CARTESIAN_POINT('Ctrl Pts',(2.39825888841754,6.8,6.39494642299392));
#5068=CARTESIAN_POINT('Ctrl Pts',(3.04361529877873,6.8,6.0507095400795));
#5069=CARTESIAN_POINT('Ctrl Pts',(3.27775142060882,6.8,5.77958993651376));
#5070=CARTESIAN_POINT('Ctrl Pts',(-3.28090971750508,6.85235987755983,5.77410977953528));
#5071=CARTESIAN_POINT('Ctrl Pts',(-3.16742297736519,6.85235987755983,5.91644650094576));
#5072=CARTESIAN_POINT('Ctrl Pts',(-2.8839077686052,6.85235987755983,6.15517517080395));
#5073=CARTESIAN_POINT('Ctrl Pts',(-2.23960126861465,6.85235987755983,6.41665852419664));
#5074=CARTESIAN_POINT('Ctrl Pts',(-1.43094196796439,6.85235987755983,6.53368689917612));
#5075=CARTESIAN_POINT('Ctrl Pts',(-0.158862587899395,6.85235987755983,6.59079893644495));
#5076=CARTESIAN_POINT('Ctrl Pts',(1.10690363495961,6.85235987755983,6.56704245639847));
#5077=CARTESIAN_POINT('Ctrl Pts',(2.39813690837657,6.85235987755983,6.39504062101408));
#5078=CARTESIAN_POINT('Ctrl Pts',(3.04355552834975,6.85235987755983,6.05077875167694));
#5079=CARTESIAN_POINT('Ctrl Pts',(3.27775142060882,6.85235987755983,5.77958993651376));
#5080=CARTESIAN_POINT('Ctrl Pts',(-3.2470058195116,6.95663870349241,5.74707780336507));
#5081=CARTESIAN_POINT('Ctrl Pts',(-3.13691285414566,6.95663870349241,5.88515800305386));
#5082=CARTESIAN_POINT('Ctrl Pts',(-2.86205752707132,6.95663870349241,6.11690560005633));
#5083=CARTESIAN_POINT('Ctrl Pts',(-2.23043118494938,6.95663870349241,6.37376927227817));
#5084=CARTESIAN_POINT('Ctrl Pts',(-1.42758787763185,6.95663870349241,6.49048551953928));
#5085=CARTESIAN_POINT('Ctrl Pts',(-0.159074399980459,6.95663870349241,6.5471744856882));
#5086=CARTESIAN_POINT('Ctrl Pts',(1.10529754607966,6.95663870349241,6.52421769594447));
#5087=CARTESIAN_POINT('Ctrl Pts',(2.38773037233557,6.95663870349241,6.35191915040623));
#5088=CARTESIAN_POINT('Ctrl Pts',(3.01702763153862,6.95663870349241,6.0151546349611));
#5089=CARTESIAN_POINT('Ctrl Pts',(3.24493383771863,6.95663870349241,5.75124900695835));
#5090=CARTESIAN_POINT('Ctrl Pts',(-3.16547092636839,7.,5.68206907519721));
#5091=CARTESIAN_POINT('Ctrl Pts',(-3.06340771193633,7.,5.81007824438267));
#5092=CARTESIAN_POINT('Ctrl Pts',(-2.8093597033708,7.,6.02514928582699));
#5093=CARTESIAN_POINT('Ctrl Pts',(-2.20792838048856,7.,6.2709893719661));
#5094=CARTESIAN_POINT('Ctrl Pts',(-1.41922302149755,7.,6.38684740881963));
#5095=CARTESIAN_POINT('Ctrl Pts',(-0.159311057431542,7.,6.44247120921135));
#5096=CARTESIAN_POINT('Ctrl Pts',(1.1010299688265,7.,6.42150968956605));
#5097=CARTESIAN_POINT('Ctrl Pts',(2.3622050786437,7.,6.24860226892181));
#5098=CARTESIAN_POINT('Ctrl Pts',(2.95298674383774,7.,5.92976583550376));
#5099=CARTESIAN_POINT('Ctrl Pts',(3.16601140482654,7.,5.68309239961709));
#5100=CARTESIAN_POINT('Ctrl Pts',(-3.12453110005511,7.,5.64942727072015));
#5101=CARTESIAN_POINT('Ctrl Pts',(-3.02651668897223,7.,5.77235837181019));
#5102=CARTESIAN_POINT('Ctrl Pts',(-2.78291873124997,7.,5.97904146838273));
#5103=CARTESIAN_POINT('Ctrl Pts',(-2.19668722370317,7.,6.21933537497934));
#5104=CARTESIAN_POINT('Ctrl Pts',(-1.4150612982634,7.,6.33477632037732));
#5105=CARTESIAN_POINT('Ctrl Pts',(-0.159464942260062,7.,6.38987142100118));
#5106=CARTESIAN_POINT('Ctrl Pts',(1.09893923155997,7.,6.36990248600892));
#5107=CARTESIAN_POINT('Ctrl Pts',(2.34945258122379,7.,6.19667588538504));
#5108=CARTESIAN_POINT('Ctrl Pts',(2.92086232204353,7.,5.88685452948735));
#5109=CARTESIAN_POINT('Ctrl Pts',(3.12638333185969,7.,5.6488700003585));
#5110=CARTESIAN_POINT('',(-3.12453110005511,7.,5.64942727072015));
#5111=CARTESIAN_POINT('Ctrl Pts',(3.12638333185969,7.,5.6488700003585));
#5112=CARTESIAN_POINT('Ctrl Pts',(2.92086232204353,7.,5.88685452948735));
#5113=CARTESIAN_POINT('Ctrl Pts',(2.34945258122379,7.,6.19667588538504));
#5114=CARTESIAN_POINT('Ctrl Pts',(1.09893923155997,7.,6.36990248600892));
#5115=CARTESIAN_POINT('Ctrl Pts',(-0.159464942260062,7.,6.38987142100118));
#5116=CARTESIAN_POINT('Ctrl Pts',(-1.4150612982634,7.,6.33477632037732));
#5117=CARTESIAN_POINT('Ctrl Pts',(-2.19668722370317,7.,6.21933537497934));
#5118=CARTESIAN_POINT('Ctrl Pts',(-2.78291873124997,7.,5.97904146838273));
#5119=CARTESIAN_POINT('Ctrl Pts',(-3.02651668897223,7.,5.77235837181019));
#5120=CARTESIAN_POINT('Ctrl Pts',(-3.12453110005511,7.,5.64942727072015));
#5121=CARTESIAN_POINT('',(-3.28090971750508,6.8,5.77410977953528));
#5122=CARTESIAN_POINT('Origin',(-3.12453110005511,6.8,5.64942727072015));
#5123=CARTESIAN_POINT('Ctrl Pts',(-3.28090971750508,6.8,5.77410977953528));
#5124=CARTESIAN_POINT('Ctrl Pts',(-3.16745522815983,6.8,5.91640605152967));
#5125=CARTESIAN_POINT('Ctrl Pts',(-2.8839445875602,6.8,6.15510730630193));
#5126=CARTESIAN_POINT('Ctrl Pts',(-2.23971127397094,6.8,6.4165695784714));
#5127=CARTESIAN_POINT('Ctrl Pts',(-1.43101500554434,6.8,6.53362426197072));
#5128=CARTESIAN_POINT('Ctrl Pts',(-0.158929282609811,6.8,6.59074797139953));
#5129=CARTESIAN_POINT('Ctrl Pts',(1.10700270702663,6.8,6.56697385723501));
#5130=CARTESIAN_POINT('Ctrl Pts',(2.39825888841754,6.8,6.39494642299392));
#5131=CARTESIAN_POINT('Ctrl Pts',(3.04361529877873,6.8,6.0507095400795));
#5132=CARTESIAN_POINT('Ctrl Pts',(3.27775142060882,6.8,5.77958993651376));
#5133=CARTESIAN_POINT('Ctrl Pts',(-3.48652481218536,6.81479374738212,5.43302608364465));
#5134=CARTESIAN_POINT('Ctrl Pts',(-3.43333516795017,6.80374399052017,5.55204429882487));
#5135=CARTESIAN_POINT('Ctrl Pts',(-3.36490826291776,6.8,5.66875758118548));
#5136=CARTESIAN_POINT('Ctrl Pts',(-3.28090971750507,6.8,5.77410977953529));
#5137=CARTESIAN_POINT('Ctrl Pts',(-3.48460824000146,6.86405416773966,5.43731464401897));
#5138=CARTESIAN_POINT('Ctrl Pts',(-3.43191613566815,6.85406935117282,5.55444299978627));
#5139=CARTESIAN_POINT('Ctrl Pts',(-3.36422134081892,6.85134208429828,5.66956628972936));
#5140=CARTESIAN_POINT('Ctrl Pts',(-3.28090971750507,6.85235987755983,5.77410977953529));
#5141=CARTESIAN_POINT('Ctrl Pts',(-3.44562911400231,6.96224986022721,5.43015094568975));
#5142=CARTESIAN_POINT('Ctrl Pts',(-3.39373345406706,6.95433292336303,5.5402880613903));
#5143=CARTESIAN_POINT('Ctrl Pts',(-3.32785583993345,6.95367350259091,5.64851364599322));
#5144=CARTESIAN_POINT('Ctrl Pts',(-3.24700584703319,6.95663873869108,5.74707782530836));
#5145=CARTESIAN_POINT('Ctrl Pts',(-3.35712159597874,7.00890507801137,5.39546961400628));
#5146=CARTESIAN_POINT('Ctrl Pts',(-3.30600567848931,7.00029774219418,5.49622036517663));
#5147=CARTESIAN_POINT('Ctrl Pts',(-3.24236466766216,6.99837981198224,5.59372487951568));
#5148=CARTESIAN_POINT('Ctrl Pts',(-3.16547092636839,7.,5.68206907519721));
#5149=CARTESIAN_POINT('Ctrl Pts',(-3.3119468780662,7.013149997673,5.37572424666581));
#5150=CARTESIAN_POINT('Ctrl Pts',(-3.26148837537743,7.00332799157349,5.47254483330334));
#5151=CARTESIAN_POINT('Ctrl Pts',(-3.19921859664306,7.,5.56546251451597));
#5152=CARTESIAN_POINT('Ctrl Pts',(-3.12453110005511,7.,5.64942727072015));
#5153=CARTESIAN_POINT('',(-3.3119468780662,7.013149997673,5.37572424666581));
#5154=CARTESIAN_POINT('Ctrl Pts',(-3.12453110005511,7.,5.64942727072015));
#5155=CARTESIAN_POINT('Ctrl Pts',(-3.19921859664306,7.,5.56546251451597));
#5156=CARTESIAN_POINT('Ctrl Pts',(-3.26148837537743,7.00332799157349,5.47254483330334));
#5157=CARTESIAN_POINT('Ctrl Pts',(-3.3119468780662,7.013149997673,5.37572424666581));
#5158=CARTESIAN_POINT('Origin',(-3.30392952342968,6.81479374738212,5.35142362948896));
#5159=CARTESIAN_POINT('Ctrl Pts',(-3.48652481218536,6.81479374738212,5.43302608364465));
#5160=CARTESIAN_POINT('Ctrl Pts',(-3.43333516795017,6.80374399052017,5.55204429882487));
#5161=CARTESIAN_POINT('Ctrl Pts',(-3.36490826291776,6.8,5.66875758118548));
#5162=CARTESIAN_POINT('Ctrl Pts',(-3.28090971750507,6.8,5.77410977953529));
#5163=CARTESIAN_POINT('Ctrl Pts',(-3.31194687806622,7.013149997673,5.37572424666581));
#5164=CARTESIAN_POINT('Ctrl Pts',(-3.54747287435611,7.05899633969433,4.92379317630028));
#5165=CARTESIAN_POINT('Ctrl Pts',(-3.95666426948076,7.29552601411775,4.28164498491963));
#5166=CARTESIAN_POINT('Ctrl Pts',(-4.68996586392868,7.87511009503149,3.34501878762606));
#5167=CARTESIAN_POINT('Ctrl Pts',(-5.16157012447409,8.30623513765397,2.83223516838478));
#5168=CARTESIAN_POINT('Ctrl Pts',(-5.48048653435734,8.59745361247321,2.50741316498801));
#5169=CARTESIAN_POINT('Ctrl Pts',(-5.48188108903465,8.59872671109996,2.50599358029232));
#5170=CARTESIAN_POINT('Ctrl Pts',(-5.4832757374381,8.6,2.50457416957847));
#5171=CARTESIAN_POINT('Ctrl Pts',(-3.36357512710912,7.00829866091685,5.3982903807692));
#5172=CARTESIAN_POINT('Ctrl Pts',(-3.59226668252404,7.04558388508805,4.94493144459703));
#5173=CARTESIAN_POINT('Ctrl Pts',(-3.99004515594695,7.27446267225265,4.29248243285075));
#5174=CARTESIAN_POINT('Ctrl Pts',(-4.70406224218604,7.85811848053542,3.34250326756171));
#5175=CARTESIAN_POINT('Ctrl Pts',(-5.16527388064987,8.29920857052716,2.82849245903479));
#5176=CARTESIAN_POINT('Ctrl Pts',(-5.48051852689724,8.59739308212837,2.50738086557333));
#5177=CARTESIAN_POINT('Ctrl Pts',(-5.48189704227193,8.59869639469759,2.50597734380156));
#5178=CARTESIAN_POINT('Ctrl Pts',(-5.4832757374381,8.6,2.50457416957847));
#5179=CARTESIAN_POINT('Ctrl Pts',(-3.45139429985232,6.95570327068361,5.43204365784768));
#5180=CARTESIAN_POINT('Ctrl Pts',(-3.66587698124631,6.99010624960783,4.96811309805942));
#5181=CARTESIAN_POINT('Ctrl Pts',(-4.04227956154481,7.22337474970682,4.29838418119197));
#5182=CARTESIAN_POINT('Ctrl Pts',(-4.72584428425999,7.82824343967614,3.33430552017492));
#5183=CARTESIAN_POINT('Ctrl Pts',(-5.17177911217453,8.28701324402667,2.82198460618998));
#5184=CARTESIAN_POINT('Ctrl Pts',(-5.48057434633273,8.59728684721247,2.50732411969465));
#5185=CARTESIAN_POINT('Ctrl Pts',(-5.48192496043717,8.59864334099343,2.50594892994272));
#5186=CARTESIAN_POINT('Ctrl Pts',(-5.4832757374381,8.6,2.50457416957847));
#5187=CARTESIAN_POINT('Ctrl Pts',(-3.48488203602775,6.85701696483144,5.43670199253692));
#5188=CARTESIAN_POINT('Ctrl Pts',(-3.69842586138975,6.90347218079959,4.95819026086338));
#5189=CARTESIAN_POINT('Ctrl Pts',(-4.07058413569355,7.15974047865681,4.28110893039805));
#5190=CARTESIAN_POINT('Ctrl Pts',(-4.74186387566682,7.79763105366839,3.31986976886663));
#5191=CARTESIAN_POINT('Ctrl Pts',(-5.17821149296963,8.27476541270266,2.81543531039999));
#5192=CARTESIAN_POINT('Ctrl Pts',(-5.48063021745409,8.59718077015246,2.50726733285098));
#5193=CARTESIAN_POINT('Ctrl Pts',(-5.48195287860242,8.59859028728927,2.50592051608389));
#5194=CARTESIAN_POINT('Ctrl Pts',(-5.4832757374381,8.6,2.50457416957847));
#5195=CARTESIAN_POINT('Ctrl Pts',(-3.48652481218537,6.81479374738212,5.43302608364464));
#5196=CARTESIAN_POINT('Ctrl Pts',(-3.70288453801261,6.86637088215612,4.94889521991904));
#5197=CARTESIAN_POINT('Ctrl Pts',(-4.07740345400441,7.13246676588366,4.27021591795294));
#5198=CARTESIAN_POINT('Ctrl Pts',(-4.74773822381172,7.78449885691101,3.31270628114824));
#5199=CARTESIAN_POINT('Ctrl Pts',(-5.18097549481444,8.26951452986446,2.81262859055627));
#5200=CARTESIAN_POINT('Ctrl Pts',(-5.48065410924156,8.59713531403235,2.5072429648705));
#5201=CARTESIAN_POINT('Ctrl Pts',(-5.48196484353038,8.59856754998749,2.50590833871582));
#5202=CARTESIAN_POINT('Ctrl Pts',(-5.4832757374381,8.6,2.50457416957847));
#5203=CARTESIAN_POINT('Ctrl Pts',(-3.31194687806622,7.013149997673,5.37572424666581));
#5204=CARTESIAN_POINT('Ctrl Pts',(-3.54747287435611,7.05899633969433,4.92379317630028));
#5205=CARTESIAN_POINT('Ctrl Pts',(-3.95666426948076,7.29552601411775,4.28164498491963));
#5206=CARTESIAN_POINT('Ctrl Pts',(-4.68996586392868,7.87511009503149,3.34501878762606));
#5207=CARTESIAN_POINT('Ctrl Pts',(-5.16157012447409,8.30623513765397,2.83223516838478));
#5208=CARTESIAN_POINT('Ctrl Pts',(-5.48048653435734,8.59745361247321,2.50741316498801));
#5209=CARTESIAN_POINT('Ctrl Pts',(-5.48188108903465,8.59872671109996,2.50599358029232));
#5210=CARTESIAN_POINT('Ctrl Pts',(-5.4832757374381,8.6,2.50457416957847));
#5211=CARTESIAN_POINT('Ctrl Pts',(-5.48327573743814,8.6,2.50457416957843));
#5212=CARTESIAN_POINT('Ctrl Pts',(-4.58896599898543,8.6,3.41476258776026));
#5213=CARTESIAN_POINT('Ctrl Pts',(-3.25344616183065,8.6,4.04217155032119));
#5214=CARTESIAN_POINT('Ctrl Pts',(-1.83789143085441,8.6,4.3220042639043));
#5215=CARTESIAN_POINT('Ctrl Pts',(-5.48327573743814,8.12128111945298,2.50457416957843));
#5216=CARTESIAN_POINT('Ctrl Pts',(-4.58992583748324,8.12128111945298,3.41378570710418));
#5217=CARTESIAN_POINT('Ctrl Pts',(-3.25263534823646,8.12128111945299,4.0423318353058));
#5218=CARTESIAN_POINT('Ctrl Pts',(-1.83789143085441,8.12128111945299,4.3220042639043));
#5219=CARTESIAN_POINT('Ctrl Pts',(-5.76929478129676,7.2918843710581,2.78560347207896));
#5220=CARTESIAN_POINT('Ctrl Pts',(-4.80063053812536,7.2918843710581,3.77146657669737));
#5221=CARTESIAN_POINT('Ctrl Pts',(-3.39401871720753,7.2918843710581,4.42312169275625));
#5222=CARTESIAN_POINT('Ctrl Pts',(-1.91565379123199,7.2918843710581,4.71537098545334));
#5223=CARTESIAN_POINT('Ctrl Pts',(-6.3684547811697,7.,3.37431083428433));
#5224=CARTESIAN_POINT('Ctrl Pts',(-5.24505398435056,7.,4.51765787645129));
#5225=CARTESIAN_POINT('Ctrl Pts',(-3.6876293916043,7.,5.22131664262366));
#5226=CARTESIAN_POINT('Ctrl Pts',(-2.07855237031046,7.,5.53940564291428));
#5227=CARTESIAN_POINT('Ctrl Pts',(-6.62455789944313,7.,3.62594610907452));
#5228=CARTESIAN_POINT('Ctrl Pts',(-5.4350881349075,7.,4.8365351890178));
#5229=CARTESIAN_POINT('Ctrl Pts',(-3.81306933588388,7.,5.56250653305278));
#5230=CARTESIAN_POINT('Ctrl Pts',(-2.14818124085113,7.,5.8916284972201));
#5231=CARTESIAN_POINT('',(-2.14818124085115,7.,5.8916284972201));
#5232=CARTESIAN_POINT('Ctrl Pts',(-3.12738100624305,7.,5.64927736498221));
#5233=CARTESIAN_POINT('Ctrl Pts',(-2.80466204675085,7.,5.74601724281367));
#5234=CARTESIAN_POINT('Ctrl Pts',(-2.47725906411589,7.,5.82657503213741));
#5235=CARTESIAN_POINT('Ctrl Pts',(-2.14818124085113,7.,5.8916284972201));
#5236=CARTESIAN_POINT('',(-2.78796948377125,7.00871360102796,5.57179366271293));
#5237=CARTESIAN_POINT('Ctrl Pts',(-2.14818124085113,7.,5.8916284972201));
#5238=CARTESIAN_POINT('Ctrl Pts',(-2.19637687391639,7.,5.87851219242146));
#5239=CARTESIAN_POINT('Ctrl Pts',(-2.24464170486656,7.00000969017393,5.86399027978799));
#5240=CARTESIAN_POINT('Ctrl Pts',(-2.29235903328113,7.00006320152375,5.84781194570577));
#5241=CARTESIAN_POINT('Ctrl Pts',(-2.33564463109967,7.00011174302521,5.83313616888162));
#5242=CARTESIAN_POINT('Ctrl Pts',(-2.37847925642872,7.00019592026357,5.81709769653406));
#5243=CARTESIAN_POINT('Ctrl Pts',(-2.42039338068849,7.00036838568204,5.79953302781296));
#5244=CARTESIAN_POINT('Ctrl Pts',(-2.45968807557459,7.00053007284876,5.78306606565259));
#5245=CARTESIAN_POINT('Ctrl Pts',(-2.49847206526589,7.00076929302583,5.76513775985553));
#5246=CARTESIAN_POINT('Ctrl Pts',(-2.53638139529274,7.00116915858403,5.74551099773637));
#5247=CARTESIAN_POINT('Ctrl Pts',(-2.57113478369908,7.0015357354411,5.72751815833237));
#5248=CARTESIAN_POINT('Ctrl Pts',(-2.60515277360225,7.00203701345337,5.70809792393243));
#5249=CARTESIAN_POINT('Ctrl Pts',(-2.63814981681167,7.00277685934169,5.68708242424598));
#5250=CARTESIAN_POINT('Ctrl Pts',(-2.66127701167809,7.00329540762257,5.67235293611037));
#5251=CARTESIAN_POINT('Ctrl Pts',(-2.68390255653529,7.00393192086187,5.65684006046912));
#5252=CARTESIAN_POINT('Ctrl Pts',(-2.70592767939232,7.00473681147261,5.6404910178896));
#5253=CARTESIAN_POINT('Ctrl Pts',(-2.73522728359202,7.00580754222277,5.61874219588605));
#5254=CARTESIAN_POINT('Ctrl Pts',(-2.76306154873126,7.00716019675556,5.59581610225246));
#5255=CARTESIAN_POINT('Ctrl Pts',(-2.78945682999899,7.00892920782547,5.5715962169153));
#5256=CARTESIAN_POINT('',(-2.92423415546502,7.02464054765878,5.41674206844285));
#5257=CARTESIAN_POINT('Ctrl Pts',(-2.78945682999898,7.00892920782547,5.57159621691529));
#5258=CARTESIAN_POINT('Ctrl Pts',(-2.81922524133113,7.01074776695359,5.54599299402319));
#5259=CARTESIAN_POINT('Ctrl Pts',(-2.84678854231593,7.0131039954659,5.51823167989992));
#5260=CARTESIAN_POINT('Ctrl Pts',(-2.87194921292416,7.01623737080855,5.48863267443675));
#5261=CARTESIAN_POINT('Ctrl Pts',(-2.88767358489665,7.01819559999029,5.47013452789822));
#5262=CARTESIAN_POINT('Ctrl Pts',(-2.90246022144758,7.0204581590636,5.4509190507037));
#5263=CARTESIAN_POINT('Ctrl Pts',(-2.9162681759957,7.02308897505028,5.43106920745194));
#5264=CARTESIAN_POINT('Ctrl Pts',(-2.91967423988409,7.02373792904981,5.42617276648711));
#5265=CARTESIAN_POINT('Ctrl Pts',(-2.92301652833754,7.02440864792261,5.42124293444631));
#5266=CARTESIAN_POINT('Ctrl Pts',(-2.92629628091334,7.02510201407411,5.41628058534613));
#5267=CARTESIAN_POINT('',(-3.17419161318982,7.25092455322439,4.73060149128169));
#5268=CARTESIAN_POINT('Ctrl Pts',(-2.92423415546529,7.02464054765878,5.41674206844304));
#5269=CARTESIAN_POINT('Ctrl Pts',(-2.92435362198278,7.02466357122018,5.41657288923817));
#5270=CARTESIAN_POINT('Ctrl Pts',(-2.92447304349954,7.02468662106551,5.41640366157211));
#5271=CARTESIAN_POINT('Ctrl Pts',(-2.98576184364609,7.03653410222125,5.32949602636589));
#5272=CARTESIAN_POINT('Ctrl Pts',(-3.03078079376284,7.05448573067472,5.23619229080557));
#5273=CARTESIAN_POINT('Ctrl Pts',(-3.11416690545425,7.11821655644185,5.00947701796883));
#5274=CARTESIAN_POINT('Ctrl Pts',(-3.14612766718355,7.17214650894201,4.8705516365655));
#5275=CARTESIAN_POINT('Ctrl Pts',(-3.17419161318982,7.25092455322439,4.73060149128169));
#5276=CARTESIAN_POINT('',(-2.54682357973994,8.6,4.15146597926816));
#5277=CARTESIAN_POINT('Ctrl Pts',(-2.54682357973994,8.6,4.15146597926816));
#5278=CARTESIAN_POINT('Ctrl Pts',(-2.54779584730134,8.59813925471605,4.15118869812775));
#5279=CARTESIAN_POINT('Ctrl Pts',(-2.54876893929085,8.59627850535431,4.1509144597563));
#5280=CARTESIAN_POINT('Ctrl Pts',(-2.54974284212465,8.59441776199403,4.15064326248961));
#5281=CARTESIAN_POINT('Ctrl Pts',(-2.57462438007406,8.54687897791193,4.14371463999376));
#5282=CARTESIAN_POINT('Ctrl Pts',(-2.59989311520201,8.49962024696383,4.13880575392898));
#5283=CARTESIAN_POINT('Ctrl Pts',(-2.62532224955683,8.45278279437469,4.13584712907642));
#5284=CARTESIAN_POINT('Ctrl Pts',(-2.65112050649741,8.40526546171693,4.13284555760836));
#5285=CARTESIAN_POINT('Ctrl Pts',(-2.67708513925513,8.35818172651461,4.13185122537145));
#5286=CARTESIAN_POINT('Ctrl Pts',(-2.70299415006153,8.31167905365987,4.13284389636805));
#5287=CARTESIAN_POINT('Ctrl Pts',(-2.72836148534068,8.26614860471694,4.13381581375157));
#5288=CARTESIAN_POINT('Ctrl Pts',(-2.75367672415089,8.22117517574724,4.13669270766865));
#5289=CARTESIAN_POINT('Ctrl Pts',(-2.77872691033341,8.1768971745898,4.14150388088365));
#5290=CARTESIAN_POINT('Ctrl Pts',(-2.79759658013131,8.14354367952736,4.14512801562046));
#5291=CARTESIAN_POINT('Ctrl Pts',(-2.81631588482449,8.11058478597261,4.14985067227447));
#5292=CARTESIAN_POINT('Ctrl Pts',(-2.83478573050102,8.0780796529107,4.15570231107022));
#5293=CARTESIAN_POINT('Ctrl Pts',(-2.85311193247747,8.04582731879833,4.16150844049557));
#5294=CARTESIAN_POINT('Ctrl Pts',(-2.8711927764534,8.01402171465143,4.16842646828824));
#5295=CARTESIAN_POINT('Ctrl Pts',(-2.88892984094846,7.98272062988806,4.17642996131177));
#5296=CARTESIAN_POINT('Ctrl Pts',(-2.91255990658094,7.94102000419928,4.18709255237851));
#5297=CARTESIAN_POINT('Ctrl Pts',(-2.93529958238686,7.90071729743783,4.19955276675998));
#5298=CARTESIAN_POINT('Ctrl Pts',(-2.95695504565484,7.86184262937413,4.21365752637802));
#5299=CARTESIAN_POINT('Ctrl Pts',(-2.97879528735201,7.82263625748072,4.22788263693448));
#5300=CARTESIAN_POINT('Ctrl Pts',(-2.9995340262446,7.78488239815589,4.24378120279582));
#5301=CARTESIAN_POINT('Ctrl Pts',(-3.01894362859567,7.74861194877162,4.2612412000029));
#5302=CARTESIAN_POINT('Ctrl Pts',(-3.03733873129205,7.71423728054301,4.27778859937221));
#5303=CARTESIAN_POINT('Ctrl Pts',(-3.05454074225179,7.68119500531479,4.29573936317942));
#5304=CARTESIAN_POINT('Ctrl Pts',(-3.0703161354651,7.64951142445131,4.31502606748324));
#5305=CARTESIAN_POINT('Ctrl Pts',(-3.07118615675455,7.64776405818888,4.31608973943872));
#5306=CARTESIAN_POINT('Ctrl Pts',(-3.07205182669587,7.6460208245053,4.31715748027166));
#5307=CARTESIAN_POINT('Ctrl Pts',(-3.07291310168556,7.64428172781247,4.31822928050904));
#5308=CARTESIAN_POINT('Ctrl Pts',(-3.07993775788332,7.63009745855125,4.32697100443044));
#5309=CARTESIAN_POINT('Ctrl Pts',(-3.08667019803514,7.61618839093538,4.33598274607117));
#5310=CARTESIAN_POINT('Ctrl Pts',(-3.09310195279309,7.60255691870526,4.34524957001591));
#5311=CARTESIAN_POINT('Ctrl Pts',(-3.10796455216503,7.57105709972424,4.36666349155429));
#5312=CARTESIAN_POINT('Ctrl Pts',(-3.1210635301456,7.54137734627742,4.38920522357034));
#5313=CARTESIAN_POINT('Ctrl Pts',(-3.13237344290475,7.51343068364906,4.41263124303627));
#5314=CARTESIAN_POINT('Ctrl Pts',(-3.1437708076075,7.48526792828718,4.43623840014461));
#5315=CARTESIAN_POINT('Ctrl Pts',(-3.15335175209187,7.45886516901312,4.46074485824398));
#5316=CARTESIAN_POINT('Ctrl Pts',(-3.16104365498144,7.43413339791974,4.48592435459838));
#5317=CARTESIAN_POINT('Ctrl Pts',(-3.1667004916464,7.41594497412926,4.50444204784386));
#5318=CARTESIAN_POINT('Ctrl Pts',(-3.17133470199538,7.39866031024579,4.52332432517889));
#5319=CARTESIAN_POINT('Ctrl Pts',(-3.1748994148496,7.38224400261196,4.54248282837834));
#5320=CARTESIAN_POINT('Ctrl Pts',(-3.17951063192569,7.36100830672754,4.56726575500344));
#5321=CARTESIAN_POINT('Ctrl Pts',(-3.18229180537855,7.34141092628049,4.5922819671917));
#5322=CARTESIAN_POINT('Ctrl Pts',(-3.18320206636778,7.32330263709501,4.61734440676808));
#5323=CARTESIAN_POINT('Ctrl Pts',(-3.18408676799984,7.30570281332373,4.64170311428068));
#5324=CARTESIAN_POINT('Ctrl Pts',(-3.18320423098227,7.28950963003,4.66610667177646));
#5325=CARTESIAN_POINT('Ctrl Pts',(-3.1804689713527,7.27458608364445,4.69038611865859));
#5326=CARTESIAN_POINT('Ctrl Pts',(-3.17895334721837,7.26631685507571,4.70383950906621));
#5327=CARTESIAN_POINT('Ctrl Pts',(-3.1768680120136,7.25843744770508,4.71725474367386));
#5328=CARTESIAN_POINT('Ctrl Pts',(-3.17419161318982,7.25092455322439,4.73060149128169));
#5329=CARTESIAN_POINT('',(-3.36258178055637,8.6,3.87216567845523));
#5330=CARTESIAN_POINT('Ctrl Pts',(-3.36185156975608,8.6,3.87036162532081));
#5331=CARTESIAN_POINT('Ctrl Pts',(-3.09785410099329,8.6,3.97721757055878));
#5332=CARTESIAN_POINT('Ctrl Pts',(-2.8251174569769,8.6,4.07086268456125));
#5333=CARTESIAN_POINT('Ctrl Pts',(-2.54662170397054,8.6,4.15076232725527));
#5334=CARTESIAN_POINT('',(-4.01340653693122,8.6,3.57239987890878));
#5335=CARTESIAN_POINT('Ctrl Pts',(-3.36185156975608,8.6,3.87036162532081));
#5336=CARTESIAN_POINT('Ctrl Pts',(-3.58559388703711,8.6,3.77979940548271));
#5337=CARTESIAN_POINT('Ctrl Pts',(-3.80305898667869,8.6,3.67974804502701));
#5338=CARTESIAN_POINT('Ctrl Pts',(-4.01243272772639,8.6,3.57053301069383));
#5339=CARTESIAN_POINT('Ctrl Pts',(-5.48327573743814,8.6,2.50457416957843));
#5340=CARTESIAN_POINT('Ctrl Pts',(-5.07389882066301,8.6,2.92121966978777));
#5341=CARTESIAN_POINT('Ctrl Pts',(-4.57206992191572,8.6,3.27861103866586));
#5342=CARTESIAN_POINT('Ctrl Pts',(-4.01243272772672,8.6,3.57053301069366));
#5343=CARTESIAN_POINT('Origin',(0.0164919647717149,7.,4.81445801038769));
#5344=CARTESIAN_POINT('',(2.06183636822183,7.,5.90832907290447));
#5345=CARTESIAN_POINT('Ctrl Pts',(2.06183636822183,7.,5.90832907290447));
#5346=CARTESIAN_POINT('Ctrl Pts',(2.41979763852227,7.,5.84061605025079));
#5347=CARTESIAN_POINT('Ctrl Pts',(2.77600306886192,7.,5.7546775237564));
#5348=CARTESIAN_POINT('Ctrl Pts',(3.12661857532409,7.,5.64965066256411));
#5349=CARTESIAN_POINT('Ctrl Pts',(2.06183636822184,7.,5.90832907290448));
#5350=CARTESIAN_POINT('Ctrl Pts',(2.05961107781156,7.,5.90888317932277));
#5351=CARTESIAN_POINT('Ctrl Pts',(1.94905479621061,7.,5.93630401095317));
#5352=CARTESIAN_POINT('Ctrl Pts',(1.71734578853383,7.,5.98318004193137));
#5353=CARTESIAN_POINT('Ctrl Pts',(1.33505114521432,7.,6.03337758164547));
#5354=CARTESIAN_POINT('Ctrl Pts',(0.766565039482108,7.,6.06944770597461));
#5355=CARTESIAN_POINT('Ctrl Pts',(0.00334685095723072,7.,6.08175838211861));
#5356=CARTESIAN_POINT('Ctrl Pts',(-0.765531631762075,7.,6.06974453187171));
#5357=CARTESIAN_POINT('Ctrl Pts',(-1.36203688164859,7.,6.03274053127919));
#5358=CARTESIAN_POINT('Ctrl Pts',(-1.76520773015201,7.,5.97956025311293));
#5359=CARTESIAN_POINT('Ctrl Pts',(-2.01085900894221,7.,5.92807376173226));
#5360=CARTESIAN_POINT('Ctrl Pts',(-2.13294536103044,7.,5.89577489868625));
#5361=CARTESIAN_POINT('Ctrl Pts',(-2.14818124085115,7.,5.8916284972201));
#5362=CARTESIAN_POINT('Ctrl Pts',(1.76444947085856,8.6,4.33620915595264));
#5363=CARTESIAN_POINT('Ctrl Pts',(3.21624484810087,8.6,4.06158320777336));
#5364=CARTESIAN_POINT('Ctrl Pts',(4.58957332280776,8.6,3.42277503924013));
#5365=CARTESIAN_POINT('Ctrl Pts',(5.4990965556317,8.6,2.48839697527083));
#5366=CARTESIAN_POINT('Ctrl Pts',(1.76444947085856,8.12128111945298,4.33620915595264));
#5367=CARTESIAN_POINT('Ctrl Pts',(3.21541748795757,8.12128111945298,4.06173971368831));
#5368=CARTESIAN_POINT('Ctrl Pts',(4.5905544665001,8.12128111945298,3.42176708352153));
#5369=CARTESIAN_POINT('Ctrl Pts',(5.4990965556317,8.12128111945298,2.48839697527083));
#5370=CARTESIAN_POINT('Ctrl Pts',(1.83897820338988,7.29188435910034,4.73020131174871));
#5371=CARTESIAN_POINT('Ctrl Pts',(3.35486556466754,7.29188435910034,4.4434515325101));
#5372=CARTESIAN_POINT('Ctrl Pts',(4.80089934116444,7.29188435910034,3.78054480064416));
#5373=CARTESIAN_POINT('Ctrl Pts',(5.78642749926221,7.29188435910034,2.76808480059393));
#5374=CARTESIAN_POINT('Ctrl Pts',(1.99510290450538,7.,5.55554618850032));
#5375=CARTESIAN_POINT('Ctrl Pts',(3.64436984733764,7.,5.24356592938392));
#5376=CARTESIAN_POINT('Ctrl Pts',(5.24463638801095,7.,4.52893561358554));
#5377=CARTESIAN_POINT('Ctrl Pts',(6.38833573212661,7.,3.35398203312588));
#5378=CARTESIAN_POINT('Ctrl Pts',(2.06183636822183,7.,5.90832907290447));
#5379=CARTESIAN_POINT('Ctrl Pts',(3.76805334037831,7.,5.58557597620561));
#5380=CARTESIAN_POINT('Ctrl Pts',(5.434378721047,7.,4.84875077150787));
#5381=CARTESIAN_POINT('Ctrl Pts',(6.64561354230972,7.,3.60441615040124));
#5382=CARTESIAN_POINT('',(4.07659694935175,8.6,3.5389816773538));
#5383=CARTESIAN_POINT('Ctrl Pts',(4.07555090341785,8.6,3.53702490128119));
#5384=CARTESIAN_POINT('Ctrl Pts',(4.61703371409435,8.6,3.24756107335154));
#5385=CARTESIAN_POINT('Ctrl Pts',(5.10222086409085,8.6,2.89611821527372));
#5386=CARTESIAN_POINT('Ctrl Pts',(5.4990965556317,8.6,2.48839697527083));
#5387=CARTESIAN_POINT('',(3.4563110269171,8.6,3.83360808760686));
#5388=CARTESIAN_POINT('Ctrl Pts',(4.07555090046149,8.6,3.53702490286159));
#5389=CARTESIAN_POINT('Ctrl Pts',(3.87596480902404,8.6,3.6437188787792));
#5390=CARTESIAN_POINT('Ctrl Pts',(3.66873039640854,8.6,3.74199239166785));
#5391=CARTESIAN_POINT('Ctrl Pts',(3.45545091215487,8.6,3.83155997115742));
#5392=CARTESIAN_POINT('',(2.61029381027247,8.60000000000366,4.13309871156362));
#5393=CARTESIAN_POINT('Ctrl Pts',(2.61001000261886,8.6,4.13213811975497));
#5394=CARTESIAN_POINT('Ctrl Pts',(2.89948784400235,8.6,4.04661164930779));
#5395=CARTESIAN_POINT('Ctrl Pts',(3.18242260962816,8.6,3.94621930782563));
#5396=CARTESIAN_POINT('Ctrl Pts',(3.45545091215486,8.6,3.83155997115743));
#5397=CARTESIAN_POINT('',(3.23373469938899,7.23127799151713,4.7436502061951));
#5398=CARTESIAN_POINT('Ctrl Pts',(3.233734699389,7.23127799151713,4.7436502061951));
#5399=CARTESIAN_POINT('Ctrl Pts',(3.23908138787322,7.24150971874011,4.72392371369322));
#5400=CARTESIAN_POINT('Ctrl Pts',(3.24301260840674,7.25236074014885,4.70430005786018));
#5401=CARTESIAN_POINT('Ctrl Pts',(3.24572117718071,7.26381617277562,4.6849001729346));
#5402=CARTESIAN_POINT('Ctrl Pts',(3.24853529469121,7.27571800589697,4.6647443044938));
#5403=CARTESIAN_POINT('Ctrl Pts',(3.25002953234983,7.28827227400016,4.64482947931316));
#5404=CARTESIAN_POINT('Ctrl Pts',(3.2503792709959,7.30146228553689,4.62525126667439));
#5405=CARTESIAN_POINT('Ctrl Pts',(3.25074854630505,7.31538910101064,4.60457940039385));
#5406=CARTESIAN_POINT('Ctrl Pts',(3.24984190884013,7.33002466991661,4.58428230724893));
#5407=CARTESIAN_POINT('Ctrl Pts',(3.24782143165693,7.34534934433569,4.56443649345502));
#5408=CARTESIAN_POINT('Ctrl Pts',(3.24763048095363,7.34679764446126,4.56256091072982));
#5409=CARTESIAN_POINT('Ctrl Pts',(3.24742955060915,7.34825209947757,4.56068933688271));
#5410=CARTESIAN_POINT('Ctrl Pts',(3.24721875825142,7.34971269279951,4.55882182354632));
#5411=CARTESIAN_POINT('Ctrl Pts',(3.24424388188987,7.37032579563688,4.53246592839408));
#5412=CARTESIAN_POINT('Ctrl Pts',(3.2392579598873,7.39252392079793,4.50646554025647));
#5413=CARTESIAN_POINT('Ctrl Pts',(3.23235836037255,7.41641441113998,4.48105216747399));
#5414=CARTESIAN_POINT('Ctrl Pts',(3.22544267125664,7.44036061318826,4.45557953168189));
#5415=CARTESIAN_POINT('Ctrl Pts',(3.21660405916921,7.46600708268196,4.43069530860283));
#5416=CARTESIAN_POINT('Ctrl Pts',(3.20588975690953,7.49346191518923,4.40663851066937));
#5417=CARTESIAN_POINT('Ctrl Pts',(3.19916858149968,7.51068457147212,4.39154747116056));
#5418=CARTESIAN_POINT('Ctrl Pts',(3.19170830091026,7.52861884798769,4.37678222377162));
#5419=CARTESIAN_POINT('Ctrl Pts',(3.18351117862196,7.54729142879516,4.36240655177378));
#5420=CARTESIAN_POINT('Ctrl Pts',(3.17360719462666,7.56985214400277,4.34503747755714));
#5421=CARTESIAN_POINT('Ctrl Pts',(3.16270666268651,7.59331387680678,4.32837519488225));
#5422=CARTESIAN_POINT('Ctrl Pts',(3.15084798233572,7.61767538845296,4.31250758848189));
#5423=CARTESIAN_POINT('Ctrl Pts',(3.13571374658298,7.64876593559986,4.29225709778723));
#5424=CARTESIAN_POINT('Ctrl Pts',(3.11902066290549,7.6813219767335,4.27329932768186));
#5425=CARTESIAN_POINT('Ctrl Pts',(3.10100222496292,7.71534093697061,4.25572045238839));
#5426=CARTESIAN_POINT('Ctrl Pts',(3.08248456848444,7.75030242594283,4.2376545370743));
#5427=CARTESIAN_POINT('Ctrl Pts',(3.0625661069761,7.78680902021037,4.22104408202808));
#5428=CARTESIAN_POINT('Ctrl Pts',(3.04145753958993,7.82485792488656,4.20601611268078));
#5429=CARTESIAN_POINT('Ctrl Pts',(3.03018552203188,7.84517611672441,4.19799114673944));
#5430=CARTESIAN_POINT('Ctrl Pts',(3.01857350962916,7.86593411095136,4.19041808401223));
#5431=CARTESIAN_POINT('Ctrl Pts',(3.00665033910089,7.88713148197597,4.18332141889583));
#5432=CARTESIAN_POINT('Ctrl Pts',(2.98683370372172,7.92236209212245,4.17152656746046));
#5433=CARTESIAN_POINT('Ctrl Pts',(2.96659249978674,7.95801605018373,4.16130443735854));
#5434=CARTESIAN_POINT('Ctrl Pts',(2.94613400992676,7.99397164387826,4.15260495856536));
#5435=CARTESIAN_POINT('Ctrl Pts',(2.93363943742103,8.01593073154686,4.147291943319));
#5436=CARTESIAN_POINT('Ctrl Pts',(2.92106266674506,8.03800232589355,4.14254694860987));
#5437=CARTESIAN_POINT('Ctrl Pts',(2.90844165546171,8.06015870151397,4.13836008602893));
#5438=CARTESIAN_POINT('Ctrl Pts',(2.88721605047407,8.09742057113114,4.13131875714605));
#5439=CARTESIAN_POINT('Ctrl Pts',(2.86586753630986,8.13492223114289,4.12585350666772));
#5440=CARTESIAN_POINT('Ctrl Pts',(2.84455765752497,8.17253180254573,4.12182610442758));
#5441=CARTESIAN_POINT('Ctrl Pts',(2.83465977401355,8.19000046862392,4.11995548101255));
#5442=CARTESIAN_POINT('Ctrl Pts',(2.82476961309974,8.20749241507911,4.11839553692173));
#5443=CARTESIAN_POINT('Ctrl Pts',(2.81490055136564,8.2249944271375,4.11713488281973));
#5444=CARTESIAN_POINT('Ctrl Pts',(2.78977532283466,8.26955206235825,4.11392543664696));
#5445=CARTESIAN_POINT('Ctrl Pts',(2.76466464428312,8.31441301231934,4.1126370969344));
#5446=CARTESIAN_POINT('Ctrl Pts',(2.73977935781907,8.35942728587074,4.11317617971032));
#5447=CARTESIAN_POINT('Ctrl Pts',(2.71375243044612,8.40650664057942,4.11373999352364));
#5448=CARTESIAN_POINT('Ctrl Pts',(2.6879709446739,8.45375370935563,4.11630246086144));
#5449=CARTESIAN_POINT('Ctrl Pts',(2.66264936697375,8.50099689649876,4.12080711721391));
#5450=CARTESIAN_POINT('Ctrl Pts',(2.64594800569027,8.53215710089061,4.12377825487728));
#5451=CARTESIAN_POINT('Ctrl Pts',(2.62944620078493,8.56331561664392,4.12759536344024));
#5452=CARTESIAN_POINT('Ctrl Pts',(2.61320323582683,8.59442320696884,4.13225436624121));
#5453=CARTESIAN_POINT('Ctrl Pts',(2.61223258818814,8.59628213538323,4.13253277908512));
#5454=CARTESIAN_POINT('Ctrl Pts',(2.61126277513889,8.59814106974602,4.13281422693685));
#5455=CARTESIAN_POINT('Ctrl Pts',(2.61029381027165,8.6,4.13309871156386));
#5456=CARTESIAN_POINT('',(2.92218595864153,7.02327034923769,5.42547453225599));
#5457=CARTESIAN_POINT('Ctrl Pts',(3.23373469938899,7.23127799151713,4.74365020619511));
#5458=CARTESIAN_POINT('Ctrl Pts',(3.23255994258304,7.22902991006871,4.74798444623781));
#5459=CARTESIAN_POINT('Ctrl Pts',(3.23137833213812,7.22680303571261,4.75231894603778));
#5460=CARTESIAN_POINT('Ctrl Pts',(3.18886096376874,7.14790623753298,4.90735376107434));
#5461=CARTESIAN_POINT('Ctrl Pts',(3.13964832284148,7.09746592310714,5.05674372397082));
#5462=CARTESIAN_POINT('Ctrl Pts',(3.02849939088425,7.04544179453124,5.27670235001273));
#5463=CARTESIAN_POINT('Ctrl Pts',(2.98021969675938,7.03238269417156,5.35388090809166));
#5464=CARTESIAN_POINT('Ctrl Pts',(2.92218595940839,7.02327034922955,5.42547453287641));
#5465=CARTESIAN_POINT('',(2.65627964359639,7.00377573003362,5.66487245354161));
#5466=CARTESIAN_POINT('Ctrl Pts',(2.92470119824299,7.02371527110808,5.42497799831414));
#5467=CARTESIAN_POINT('Ctrl Pts',(2.90321189619062,7.01946073068957,5.45652630892155));
#5468=CARTESIAN_POINT('Ctrl Pts',(2.87928859186967,7.01614297927018,5.48647498540288));
#5469=CARTESIAN_POINT('Ctrl Pts',(2.85311205154489,7.01350740334283,5.51451899473608));
#5470=CARTESIAN_POINT('Ctrl Pts',(2.83065152543645,7.0112459730242,5.53858188448387));
#5471=CARTESIAN_POINT('Ctrl Pts',(2.80653281849493,7.00948670981291,5.56124304044476));
#5472=CARTESIAN_POINT('Ctrl Pts',(2.78088979707446,7.00808786038507,5.58232352273391));
#5473=CARTESIAN_POINT('Ctrl Pts',(2.7534920264744,7.00659328784234,5.60484654014386));
#5474=CARTESIAN_POINT('Ctrl Pts',(2.72453095219815,7.00551878037762,5.62541308496488));
#5475=CARTESIAN_POINT('Ctrl Pts',(2.69423093039115,7.00471497380752,5.6438577042443));
#5476=CARTESIAN_POINT('Ctrl Pts',(2.68223196458038,7.00439666223618,5.65116186915666));
#5477=CARTESIAN_POINT('Ctrl Pts',(2.67002320682521,7.00412130823383,5.65813344549352));
#5478=CARTESIAN_POINT('Ctrl Pts',(2.6576192455797,7.00388172961941,5.66476279081322));
#5479=CARTESIAN_POINT('Ctrl Pts',(2.65761924557971,7.00388172961941,5.66476279081325));
#5480=CARTESIAN_POINT('Ctrl Pts',(2.62122287505027,7.00287343429505,5.68868356415633));
#5481=CARTESIAN_POINT('Ctrl Pts',(2.58354840524863,7.00218155398102,5.71083591102581));
#5482=CARTESIAN_POINT('Ctrl Pts',(2.5447258179996,7.00167187880187,5.73142859654326));
#5483=CARTESIAN_POINT('Ctrl Pts',(2.52032812568639,7.00135157819643,5.74436987739954));
#5484=CARTESIAN_POINT('Ctrl Pts',(2.49547689534109,7.00110443020878,5.75669544822238));
#5485=CARTESIAN_POINT('Ctrl Pts',(2.47020298991113,7.00090714214034,5.76845909384316));
#5486=CARTESIAN_POINT('Ctrl Pts',(2.42555604051896,7.00055862811937,5.78923985098233));
#5487=CARTESIAN_POINT('Ctrl Pts',(2.37988425890709,7.00036562775525,5.80812070137284));
#5488=CARTESIAN_POINT('Ctrl Pts',(2.33365048720393,7.00024141161446,5.82533080890334));
#5489=CARTESIAN_POINT('Ctrl Pts',(2.3029221748351,7.00015885394645,5.83676914803547));
#5490=CARTESIAN_POINT('Ctrl Pts',(2.27194544192449,7.00010787097073,5.84747001356424));
#5491=CARTESIAN_POINT('Ctrl Pts',(2.24085320185135,7.00007350174386,5.85750671190221));
#5492=CARTESIAN_POINT('Ctrl Pts',(2.1876385926383,7.0000146785464,5.87468459868642));
#5493=CARTESIAN_POINT('Ctrl Pts',(2.13363911976667,7.00000276042011,5.89005591713443));
#5494=CARTESIAN_POINT('Ctrl Pts',(2.07949108419385,7.00000037513501,5.90387800323038));
#5495=CARTESIAN_POINT('Ctrl Pts',(2.07360768260358,7.0000001159642,5.90537982841125));
#5496=CARTESIAN_POINT('Ctrl Pts',(2.06772250965312,7.,5.90686339960135));
#5497=CARTESIAN_POINT('Ctrl Pts',(2.06183636822192,7.,5.90832907290446));
#5498=CARTESIAN_POINT('Ctrl Pts',(5.49909655563165,8.60000000000218,2.48839697527089));
#5499=CARTESIAN_POINT('Ctrl Pts',(5.49909655563165,6.53333333333405,2.48839697527089));
#5500=CARTESIAN_POINT('Ctrl Pts',(5.49909655563165,4.46666666666593,2.48839697527089));
#5501=CARTESIAN_POINT('Ctrl Pts',(5.49909655563165,2.39999999999781,2.48839697527089));
#5502=CARTESIAN_POINT('Ctrl Pts',(4.69279594951155,8.60000000000218,3.31673161493103));
#5503=CARTESIAN_POINT('Ctrl Pts',(4.69279594951155,6.53333333333405,3.31673161493103));
#5504=CARTESIAN_POINT('Ctrl Pts',(4.69279594951155,4.46666666666593,3.31673161493103));
#5505=CARTESIAN_POINT('Ctrl Pts',(4.69279594951155,2.39999999999781,3.31673161493103));
#5506=CARTESIAN_POINT('Ctrl Pts',(4.03173987368144,8.60000000000218,4.28606057767128));
#5507=CARTESIAN_POINT('Ctrl Pts',(4.03173987368144,6.53333333333406,4.28606057767128));
#5508=CARTESIAN_POINT('Ctrl Pts',(4.03173987368144,4.46666666666593,4.28606057767128));
#5509=CARTESIAN_POINT('Ctrl Pts',(4.03173987368144,2.39999999999781,4.28606057767128));
#5510=CARTESIAN_POINT('Ctrl Pts',(3.55497441787528,8.60000000000218,5.33912925674235));
#5511=CARTESIAN_POINT('Ctrl Pts',(3.55497441787528,6.53333333333405,5.33912925674235));
#5512=CARTESIAN_POINT('Ctrl Pts',(3.55497441787528,4.46666666666593,5.33912925674235));
#5513=CARTESIAN_POINT('Ctrl Pts',(3.55497441787528,2.39999999999781,5.33912925674235));
#5514=CARTESIAN_POINT('Ctrl Pts',(5.49909655563165,2.39999999999781,2.48839697527089));
#5515=CARTESIAN_POINT('Ctrl Pts',(5.49909655563165,4.46666666666593,2.48839697527089));
#5516=CARTESIAN_POINT('Ctrl Pts',(5.49909655563165,6.53333333333405,2.48839697527089));
#5517=CARTESIAN_POINT('Ctrl Pts',(5.49909655563165,8.60000000000218,2.48839697527089));
#5518=CARTESIAN_POINT('Ctrl Pts',(3.55497441787528,6.82488373484874,5.33912925674235));
#5519=CARTESIAN_POINT('Ctrl Pts',(3.55497441787528,5.94162791139186,5.33912925674235));
#5520=CARTESIAN_POINT('Ctrl Pts',(3.55497441787528,5.05837208793498,5.33912925674235));
#5521=CARTESIAN_POINT('Ctrl Pts',(3.55497441787528,4.17511626447809,5.33912925674236));
#5522=CARTESIAN_POINT('Ctrl Pts',(8.17471090819311E-13,1.545,1.8));
#5523=CARTESIAN_POINT('Ctrl Pts',(8.17471090819311E-13,-2.,1.8));
#5524=CARTESIAN_POINT('Ctrl Pts',(0.112603849585693,1.545,1.79999999999998));
#5525=CARTESIAN_POINT('Ctrl Pts',(0.112603849585693,-2.,1.79999999999998));
#5526=CARTESIAN_POINT('Ctrl Pts',(0.225270384133498,1.545,1.79727515180341));
#5527=CARTESIAN_POINT('Ctrl Pts',(0.225270384133498,-2.,1.79727515180341));
#5528=CARTESIAN_POINT('Ctrl Pts',(0.449555728680355,1.545,1.78638950079585));
#5529=CARTESIAN_POINT('Ctrl Pts',(0.449555728680355,-2.,1.78638950079585));
#5530=CARTESIAN_POINT('Ctrl Pts',(0.561303396531042,1.545,1.77825436648598));
#5531=CARTESIAN_POINT('Ctrl Pts',(0.561303396531042,-2.,1.77825436648598));
#5532=CARTESIAN_POINT('Ctrl Pts',(0.672718918313621,1.545,1.76738421828338));
#5533=CARTESIAN_POINT('Ctrl Pts',(0.672718918313621,-2.,1.76738421828338));
#5534=CARTESIAN_POINT('Ctrl Pts',(0.0908452438145594,1.545,1.79940875644209));
#5535=CARTESIAN_POINT('Ctrl Pts',(0.0605623107692794,1.545,1.79980297755138));
#5536=CARTESIAN_POINT('Ctrl Pts',(0.0302788891404732,1.545,1.79999999999999));
#5537=CARTESIAN_POINT('Ctrl Pts',(8.17471090819311E-13,1.545,1.8));
#5538=CARTESIAN_POINT('Ctrl Pts',(0.67271891831362,9.455,1.76738421828338));
#5539=CARTESIAN_POINT('Ctrl Pts',(0.67271891831362,13.,1.76738421828338));
#5540=CARTESIAN_POINT('Ctrl Pts',(0.561303396531042,9.455,1.77825436648598));
#5541=CARTESIAN_POINT('Ctrl Pts',(0.561303396531042,13.,1.77825436648598));
#5542=CARTESIAN_POINT('Ctrl Pts',(0.449555728680356,9.455,1.78638950079585));
#5543=CARTESIAN_POINT('Ctrl Pts',(0.449555728680356,13.,1.78638950079585));
#5544=CARTESIAN_POINT('Ctrl Pts',(0.225270384133499,9.455,1.79727515180341));
#5545=CARTESIAN_POINT('Ctrl Pts',(0.225270384133499,13.,1.79727515180341));
#5546=CARTESIAN_POINT('Ctrl Pts',(0.112603849585695,9.455,1.79999999999998));
#5547=CARTESIAN_POINT('Ctrl Pts',(0.112603849585695,13.,1.79999999999998));
#5548=CARTESIAN_POINT('Ctrl Pts',(8.17471090819311E-13,9.455,1.8));
#5549=CARTESIAN_POINT('Ctrl Pts',(8.17471090819311E-13,13.,1.8));
#5550=CARTESIAN_POINT('Ctrl Pts',(8.17471090819311E-13,9.455,1.8));
#5551=CARTESIAN_POINT('Ctrl Pts',(0.0302788891404734,9.455,1.79999999999999));
#5552=CARTESIAN_POINT('Ctrl Pts',(0.0605623107692796,9.455,1.79980297755138));
#5553=CARTESIAN_POINT('Ctrl Pts',(0.0908452438145594,9.455,1.79940875644209));
#5554=CARTESIAN_POINT('Origin',(5.85,0.,-3.68113089129242));
#5555=CARTESIAN_POINT('',(6.60000000000001,0.,-3.68113092017717));
#5556=CARTESIAN_POINT('Origin',(6.60000000000001,0.,-1.11022302462516E-15));
#5557=CARTESIAN_POINT('',(6.60000000000001,0.,-3.11424285877147E-9));
#5558=CARTESIAN_POINT('',(6.60000000000001,2.5,-2.51088203103932));
#5559=CARTESIAN_POINT('',(6.60000000000001,2.5,-1.49888018387473));
#5560=CARTESIAN_POINT('Ctrl Pts',(-6.6,-2.,-3.1448110174058E-7));
#5561=CARTESIAN_POINT('Ctrl Pts',(-6.60000046123896,-2.,4.49999984431656));
#5562=CARTESIAN_POINT('Ctrl Pts',(-2.28335696554453E-7,-2.,4.5));
#5563=CARTESIAN_POINT('Ctrl Pts',(6.60000000456757,-2.,4.50000015568343));
#5564=CARTESIAN_POINT('Ctrl Pts',(6.60000000000001,-2.,-3.11424373048735E-9));
#5565=CARTESIAN_POINT('Ctrl Pts',(-6.6,13.,-3.1448110174058E-7));
#5566=CARTESIAN_POINT('Ctrl Pts',(-6.60000046123896,13.,4.49999984431656));
#5567=CARTESIAN_POINT('Ctrl Pts',(-2.28335696554453E-7,13.,4.5));
#5568=CARTESIAN_POINT('Ctrl Pts',(6.60000000456757,13.,4.50000015568343));
#5569=CARTESIAN_POINT('Ctrl Pts',(6.60000000000001,13.,-3.11424373048735E-9));
#5570=CARTESIAN_POINT('',(-6.6,0.,-3.14481100844361E-7));
#5571=CARTESIAN_POINT('Ctrl Pts',(-2.54682357973994,2.4,4.15146597926816));
#5572=CARTESIAN_POINT('Ctrl Pts',(-2.54682357973994,4.46666666666667,4.15146597926816));
#5573=CARTESIAN_POINT('Ctrl Pts',(-2.54682357973994,6.53333333333333,4.15146597926816));
#5574=CARTESIAN_POINT('Ctrl Pts',(-2.54682357973994,8.6,4.15146597926816));
#5575=CARTESIAN_POINT('Ctrl Pts',(2.61029381027247,8.60000000000366,4.13309871156362));
#5576=CARTESIAN_POINT('Ctrl Pts',(2.61029381027247,6.53333333333455,4.13309871156362));
#5577=CARTESIAN_POINT('Ctrl Pts',(2.61029381027247,4.46666666666544,4.13309871156362));
#5578=CARTESIAN_POINT('Ctrl Pts',(2.61029381027247,2.39999999999635,4.13309871156362));
#5579=CARTESIAN_POINT('Origin',(-5.84999999999997,0.,-3.68113089129239));
#5580=CARTESIAN_POINT('',(-6.59999999999997,0.,-3.6811309201595));
#5581=CARTESIAN_POINT('Ctrl Pts',(0.672718918313621,-2.575,1.76738421828338));
#5582=CARTESIAN_POINT('Ctrl Pts',(0.672718918313621,13.5942104198512,1.76738421828338));
#5583=CARTESIAN_POINT('Ctrl Pts',(0.451159501617633,-2.575,1.78900044963638));
#5584=CARTESIAN_POINT('Ctrl Pts',(0.451159501617633,13.5942104198512,1.78900044963638));
#5585=CARTESIAN_POINT('Ctrl Pts',(0.225342137488123,-2.575,1.79999999999997));
#5586=CARTESIAN_POINT('Ctrl Pts',(0.225342137488123,13.5942104198512,1.79999999999997));
#5587=CARTESIAN_POINT('Ctrl Pts',(8.17380483263231E-13,-2.575,1.8));
#5588=CARTESIAN_POINT('Ctrl Pts',(8.17380483263231E-13,13.5942104198512,
1.8));
#5589=CARTESIAN_POINT('Origin',(-5.99756969277574,5.5,-5.91374856233321));
#5590=CARTESIAN_POINT('',(-6.59999999999997,2.5,-1.49888018391322));
#5591=CARTESIAN_POINT('',(-4.1227679248814,5.5,-1.87158287981409));
#5592=CARTESIAN_POINT('Origin',(0.,5.5,7.01736256658427));
#5593=CARTESIAN_POINT('',(4.54352584051509,5.5,-2.77875583819318));
#5594=CARTESIAN_POINT('',(4.54352584051509,5.5,-2.77875583819318));
#5595=CARTESIAN_POINT('',(4.54352584051509,8.5,-2.77875583819318));
#5596=CARTESIAN_POINT('',(4.54352584051509,5.5,-2.77875583819318));
#5597=CARTESIAN_POINT('',(4.54352584051509,8.5,-2.77875583819318));
#5598=CARTESIAN_POINT('Origin',(0.,5.5,7.01736256658427));
#5599=CARTESIAN_POINT('',(-4.5435239520255,5.5,-2.77875671409433));
#5600=CARTESIAN_POINT('Origin',(0.,5.5,7.01736256658427));
#5601=CARTESIAN_POINT('',(4.12276601870899,8.5,-1.87158376389827));
#5602=CARTESIAN_POINT('',(4.12276601870899,8.5,-1.87158376389827));
#5603=CARTESIAN_POINT('',(4.12276601870899,5.5,-1.87158376389827));
#5604=CARTESIAN_POINT('',(4.12276601870899,5.5,-1.87158376389827));
#5605=CARTESIAN_POINT('',(4.12276601870899,5.5,-1.87158376389827));
#5606=CARTESIAN_POINT('Origin',(5.99756969277562,5.5,-5.91374856233339));
#5607=CARTESIAN_POINT('Origin',(5.99756969277561,5.5,-5.91374856233306));
#5608=CARTESIAN_POINT('Origin',(0.,5.5,7.01736256658427));
#5609=CARTESIAN_POINT('Origin',(-5.99756969277575,5.5,-5.91374856233315));
#5610=CARTESIAN_POINT('',(-6.59999999999997,2.5,-2.5108820310605));
#5611=CARTESIAN_POINT('Ctrl Pts',(-2.54682357973994,8.6,4.15146597926816));
#5612=CARTESIAN_POINT('Ctrl Pts',(-2.54682357973994,6.53333333333333,4.15146597926816));
#5613=CARTESIAN_POINT('Ctrl Pts',(-2.54682357973994,4.46666666666667,4.15146597926816));
#5614=CARTESIAN_POINT('Ctrl Pts',(-2.54682357973994,2.4,4.15146597926816));
#5615=CARTESIAN_POINT('Ctrl Pts',(-2.64054001516959,8.6,4.12473897414849));
#5616=CARTESIAN_POINT('Ctrl Pts',(-2.64054001516959,6.53333333333333,4.12473897414849));
#5617=CARTESIAN_POINT('Ctrl Pts',(-2.6405400151696,4.46666666666667,4.12473897414849));
#5618=CARTESIAN_POINT('Ctrl Pts',(-2.6405400151696,2.4,4.12473897414849));
#5619=CARTESIAN_POINT('Ctrl Pts',(-2.84330228656893,8.6,4.12782271162515));
#5620=CARTESIAN_POINT('Ctrl Pts',(-2.84330228656893,6.53333333333334,4.12782271162515));
#5621=CARTESIAN_POINT('Ctrl Pts',(-2.84330228656893,4.46666666666667,4.12782271162515));
#5622=CARTESIAN_POINT('Ctrl Pts',(-2.84330228656893,2.4,4.12782271162515));
#5623=CARTESIAN_POINT('Ctrl Pts',(-3.13852036904242,8.6,4.32837644832484));
#5624=CARTESIAN_POINT('Ctrl Pts',(-3.13852036904242,6.53333333333333,4.32837644832484));
#5625=CARTESIAN_POINT('Ctrl Pts',(-3.13852036904242,4.46666666666667,4.32837644832484));
#5626=CARTESIAN_POINT('Ctrl Pts',(-3.13852036904242,2.4,4.32837644832484));
#5627=CARTESIAN_POINT('Ctrl Pts',(-3.20293258060874,8.6,4.58727515488632));
#5628=CARTESIAN_POINT('Ctrl Pts',(-3.20293258060874,6.53333333333334,4.58727515488632));
#5629=CARTESIAN_POINT('Ctrl Pts',(-3.20293258060874,4.46666666666667,4.58727515488632));
#5630=CARTESIAN_POINT('Ctrl Pts',(-3.20293258060874,2.4,4.58727515488632));
#5631=CARTESIAN_POINT('Ctrl Pts',(-3.17419161318982,8.6,4.73060149128169));
#5632=CARTESIAN_POINT('Ctrl Pts',(-3.17419161318982,6.53333333333333,4.73060149128169));
#5633=CARTESIAN_POINT('Ctrl Pts',(-3.17419161318982,4.46666666666667,4.73060149128169));
#5634=CARTESIAN_POINT('Ctrl Pts',(-3.17419161318982,2.4,4.73060149128169));
#5635=CARTESIAN_POINT('Ctrl Pts',(-3.17419161318982,7.25092455322439,4.73060149128169));
#5636=CARTESIAN_POINT('Ctrl Pts',(-3.17419161318982,6.08364151774146,4.73060149128169));
#5637=CARTESIAN_POINT('Ctrl Pts',(-3.17419161318982,4.91635848225854,4.73060149128169));
#5638=CARTESIAN_POINT('Ctrl Pts',(-3.17419161318982,3.74907544677561,4.73060149128169));
#5639=CARTESIAN_POINT('Ctrl Pts',(-13.1770546211185,8.6,-12.2177285998777));
#5640=CARTESIAN_POINT('Ctrl Pts',(-13.1770546211185,-1.44,-12.2177285998777));
#5641=CARTESIAN_POINT('Ctrl Pts',(-11.291263889948,8.6,-9.17030677942672));
#5642=CARTESIAN_POINT('Ctrl Pts',(-11.291263889948,-1.44,-9.17030677942672));
#5643=CARTESIAN_POINT('Ctrl Pts',(-9.4054731587776,8.6,-6.12288495897573));
#5644=CARTESIAN_POINT('Ctrl Pts',(-9.4054731587776,-1.44,-6.12288495897573));
#5645=CARTESIAN_POINT('Ctrl Pts',(-7.51968242760716,8.6,-3.07546313852473));
#5646=CARTESIAN_POINT('Ctrl Pts',(-7.51968242760716,-1.44,-3.07546313852473));
#5647=CARTESIAN_POINT('Ctrl Pts',(-5.63389169643673,8.6,-0.0280413180737399));
#5648=CARTESIAN_POINT('Ctrl Pts',(-5.63389169643673,-1.44,-0.0280413180737399));
#5649=CARTESIAN_POINT('Ctrl Pts',(-3.74810096526629,8.6,3.01938050237725));
#5650=CARTESIAN_POINT('Ctrl Pts',(-3.74810096526629,-1.44,3.01938050237725));
#5651=CARTESIAN_POINT('Ctrl Pts',(-3.67407382347526,8.6,3.13900773538396));
#5652=CARTESIAN_POINT('Ctrl Pts',(-3.67407382347526,-1.44,3.13900773538396));
#5653=CARTESIAN_POINT('Ctrl Pts',(-3.54155550608174,8.6,3.3763421951588));
#5654=CARTESIAN_POINT('Ctrl Pts',(-3.54155550608174,-1.44,3.3763421951588));
#5655=CARTESIAN_POINT('Ctrl Pts',(-3.38938332540436,8.6,3.72658277837038));
#5656=CARTESIAN_POINT('Ctrl Pts',(-3.38938332540436,-1.44,3.72658277837038));
#5657=CARTESIAN_POINT('Ctrl Pts',(-3.26816863367114,8.6,4.17830895181564));
#5658=CARTESIAN_POINT('Ctrl Pts',(-3.26816863367114,-1.44,4.17830895181564));
#5659=CARTESIAN_POINT('Ctrl Pts',(-3.18709448645044,8.6,4.6969849680384));
#5660=CARTESIAN_POINT('Ctrl Pts',(-3.18709448645044,-1.44,4.6969849680384));
#5661=CARTESIAN_POINT('Ctrl Pts',(-3.09459246355339,8.6,5.14553787492763));
#5662=CARTESIAN_POINT('Ctrl Pts',(-3.09459246355339,-1.44,5.14553787492763));
#5663=CARTESIAN_POINT('Ctrl Pts',(-2.91218780235341,8.6,5.50341132375436));
#5664=CARTESIAN_POINT('Ctrl Pts',(-2.91218780235341,-1.44,5.50341132375436));
#5665=CARTESIAN_POINT('Ctrl Pts',(-2.58636625152563,8.6,5.76185104338863));
#5666=CARTESIAN_POINT('Ctrl Pts',(-2.58636625152563,-1.44,5.76185104338863));
#5667=CARTESIAN_POINT('Ctrl Pts',(-2.10499586280453,8.6,5.92965974108975));
#5668=CARTESIAN_POINT('Ctrl Pts',(-2.10499586280453,-1.44,5.92965974108975));
#5669=CARTESIAN_POINT('Ctrl Pts',(-1.48523020422802,8.6,6.0250982753517));
#5670=CARTESIAN_POINT('Ctrl Pts',(-1.48523020422802,-1.44,6.0250982753517));
#5671=CARTESIAN_POINT('Ctrl Pts',(-0.765531631762075,8.6,6.06974453187171));
#5672=CARTESIAN_POINT('Ctrl Pts',(-0.765531631762075,-1.44,6.06974453187171));
#5673=CARTESIAN_POINT('Ctrl Pts',(0.00334685095723072,8.6,6.08175838211861));
#5674=CARTESIAN_POINT('Ctrl Pts',(0.00334685095723072,-1.44,6.08175838211861));
#5675=CARTESIAN_POINT('Ctrl Pts',(0.766565039482108,8.6,6.06944770597461));
#5676=CARTESIAN_POINT('Ctrl Pts',(0.766565039482108,-1.44,6.06944770597461));
#5677=CARTESIAN_POINT('Ctrl Pts',(1.47353770198649,8.6,6.02459068734794));
#5678=CARTESIAN_POINT('Ctrl Pts',(1.47353770198649,-1.44,6.02459068734794));
#5679=CARTESIAN_POINT('Ctrl Pts',(2.08231262863806,8.6,5.92909957968952));
#5680=CARTESIAN_POINT('Ctrl Pts',(2.08231262863806,-1.44,5.92909957968952));
#5681=CARTESIAN_POINT('Ctrl Pts',(2.56396967317163,8.6,5.76143873718472));
#5682=CARTESIAN_POINT('Ctrl Pts',(2.56396967317163,-1.44,5.76143873718472));
#5683=CARTESIAN_POINT('Ctrl Pts',(2.90764307583106,8.6,5.50334294711568));
#5684=CARTESIAN_POINT('Ctrl Pts',(2.90764307583106,-1.44,5.50334294711568));
#5685=CARTESIAN_POINT('Ctrl Pts',(3.12490789325105,8.6,5.1459433963251));
#5686=CARTESIAN_POINT('Ctrl Pts',(3.12490789325105,-1.44,5.1459433963251));
#5687=CARTESIAN_POINT('Ctrl Pts',(3.2570257724258,8.6,4.69784377413527));
#5688=CARTESIAN_POINT('Ctrl Pts',(3.2570257724258,-1.44,4.69784377413527));
#5689=CARTESIAN_POINT('Ctrl Pts',(3.36281702227286,8.6,4.17940276380617));
#5690=CARTESIAN_POINT('Ctrl Pts',(3.36281702227286,-1.44,4.17940276380617));
#5691=CARTESIAN_POINT('Ctrl Pts',(3.47500724246249,8.6,3.72753138538605));
#5692=CARTESIAN_POINT('Ctrl Pts',(3.47500724246249,-1.44,3.72753138538605));
#5693=CARTESIAN_POINT('Ctrl Pts',(3.59646828691645,8.6,3.37692446290482));
#5694=CARTESIAN_POINT('Ctrl Pts',(3.59646828691645,-1.44,3.37692446290482));
#5695=CARTESIAN_POINT('Ctrl Pts',(3.69685340388837,8.6,3.13922238974972));
#5696=CARTESIAN_POINT('Ctrl Pts',(3.69685340388837,-1.44,3.13922238974972));
#5697=CARTESIAN_POINT('Ctrl Pts',(3.75189903473366,8.6,3.01938050237725));
#5698=CARTESIAN_POINT('Ctrl Pts',(3.75189903473366,-1.44,3.01938050237725));
#5699=CARTESIAN_POINT('',(-2.92423415545318,7.,5.4167420684602));
#5700=CARTESIAN_POINT('Ctrl Pts',(-2.92423415545315,7.02464054765878,5.41674206846024));
#5701=CARTESIAN_POINT('Ctrl Pts',(-2.92423415545315,7.01642703177252,5.41674206846024));
#5702=CARTESIAN_POINT('Ctrl Pts',(-2.92423415545315,7.00821351588626,5.41674206846024));
#5703=CARTESIAN_POINT('Ctrl Pts',(-2.92423415545315,7.,5.41674206846024));
#5704=CARTESIAN_POINT('',(-2.92423415545318,4.,5.4167420684602));
#5705=CARTESIAN_POINT('',(-2.92423415545318,5.5,5.4167420684602));
#5706=CARTESIAN_POINT('Ctrl Pts',(-2.92423415545315,4.,5.41674206846024));
#5707=CARTESIAN_POINT('Ctrl Pts',(-2.92423415545315,3.99178648308067,5.41674206846024));
#5708=CARTESIAN_POINT('Ctrl Pts',(-2.92423415545315,3.98357296616134,5.41674206846024));
#5709=CARTESIAN_POINT('Ctrl Pts',(-2.92423415545315,3.97535944924201,5.41674206846024));
#5710=CARTESIAN_POINT('Ctrl Pts',(2.61029381027247,2.39999999999635,4.13309871156362));
#5711=CARTESIAN_POINT('Ctrl Pts',(2.61029381027247,4.46666666666544,4.13309871156362));
#5712=CARTESIAN_POINT('Ctrl Pts',(2.61029381027247,6.53333333333455,4.13309871156362));
#5713=CARTESIAN_POINT('Ctrl Pts',(2.61029381027247,8.60000000000366,4.13309871156362));
#5714=CARTESIAN_POINT('Ctrl Pts',(2.70720566536997,2.39999999999635,4.10464573676315));
#5715=CARTESIAN_POINT('Ctrl Pts',(2.70720566536997,4.46666666666544,4.10464573676315));
#5716=CARTESIAN_POINT('Ctrl Pts',(2.70720566536997,6.53333333333455,4.10464573676315));
#5717=CARTESIAN_POINT('Ctrl Pts',(2.70720566536997,8.60000000000366,4.10464573676315));
#5718=CARTESIAN_POINT('Ctrl Pts',(2.91801041980654,2.39999999999635,4.1084912312664));
#5719=CARTESIAN_POINT('Ctrl Pts',(2.91801041980654,4.46666666666545,4.1084912312664));
#5720=CARTESIAN_POINT('Ctrl Pts',(2.91801041980654,6.53333333333455,4.1084912312664));
#5721=CARTESIAN_POINT('Ctrl Pts',(2.91801041980654,8.60000000000366,4.1084912312664));
#5722=CARTESIAN_POINT('Ctrl Pts',(3.21993738965674,2.39999999999635,4.32430282998483));
#5723=CARTESIAN_POINT('Ctrl Pts',(3.21993738965674,4.46666666666544,4.32430282998483));
#5724=CARTESIAN_POINT('Ctrl Pts',(3.21993738965673,6.53333333333455,4.32430282998483));
#5725=CARTESIAN_POINT('Ctrl Pts',(3.21993738965673,8.60000000000365,4.32430282998483));
#5726=CARTESIAN_POINT('Ctrl Pts',(3.27336836687392,2.39999999999635,4.5974226399604));
#5727=CARTESIAN_POINT('Ctrl Pts',(3.27336836687392,4.46666666666545,4.5974226399604));
#5728=CARTESIAN_POINT('Ctrl Pts',(3.27336836687392,6.53333333333455,4.5974226399604));
#5729=CARTESIAN_POINT('Ctrl Pts',(3.27336836687392,8.60000000000366,4.5974226399604));
#5730=CARTESIAN_POINT('Ctrl Pts',(3.233734699389,2.39999999999635,4.7436502061951));
#5731=CARTESIAN_POINT('Ctrl Pts',(3.233734699389,4.46666666666544,4.7436502061951));
#5732=CARTESIAN_POINT('Ctrl Pts',(3.233734699389,6.53333333333455,4.7436502061951));
#5733=CARTESIAN_POINT('Ctrl Pts',(3.233734699389,8.60000000000366,4.7436502061951));
#5734=CARTESIAN_POINT('Ctrl Pts',(3.233734699389,3.76872200848287,4.7436502061951));
#5735=CARTESIAN_POINT('Ctrl Pts',(3.233734699389,4.92290733616096,4.7436502061951));
#5736=CARTESIAN_POINT('Ctrl Pts',(3.233734699389,6.07709266383904,4.7436502061951));
#5737=CARTESIAN_POINT('Ctrl Pts',(3.233734699389,7.23127799151713,4.7436502061951));
#5738=CARTESIAN_POINT('Ctrl Pts',(-3.74810096526629,12.44,3.01938050237725));
#5739=CARTESIAN_POINT('Ctrl Pts',(-3.74810096526629,2.4,3.01938050237725));
#5740=CARTESIAN_POINT('Ctrl Pts',(-3.67407382347526,12.44,3.13900773538396));
#5741=CARTESIAN_POINT('Ctrl Pts',(-3.67407382347526,2.4,3.13900773538396));
#5742=CARTESIAN_POINT('Ctrl Pts',(-3.54155550608174,12.44,3.3763421951588));
#5743=CARTESIAN_POINT('Ctrl Pts',(-3.54155550608174,2.4,3.3763421951588));
#5744=CARTESIAN_POINT('Ctrl Pts',(-3.38938332540436,12.44,3.72658277837038));
#5745=CARTESIAN_POINT('Ctrl Pts',(-3.38938332540436,2.4,3.72658277837038));
#5746=CARTESIAN_POINT('Ctrl Pts',(-3.26816863367114,12.44,4.17830895181564));
#5747=CARTESIAN_POINT('Ctrl Pts',(-3.26816863367114,2.4,4.17830895181564));
#5748=CARTESIAN_POINT('Ctrl Pts',(-3.18709448645044,12.44,4.6969849680384));
#5749=CARTESIAN_POINT('Ctrl Pts',(-3.18709448645044,2.4,4.6969849680384));
#5750=CARTESIAN_POINT('Ctrl Pts',(-3.09459246355339,12.44,5.14553787492763));
#5751=CARTESIAN_POINT('Ctrl Pts',(-3.09459246355339,2.4,5.14553787492763));
#5752=CARTESIAN_POINT('Ctrl Pts',(-2.91218780235341,12.44,5.50341132375436));
#5753=CARTESIAN_POINT('Ctrl Pts',(-2.91218780235341,2.4,5.50341132375436));
#5754=CARTESIAN_POINT('Ctrl Pts',(-2.58636625152563,12.44,5.76185104338863));
#5755=CARTESIAN_POINT('Ctrl Pts',(-2.58636625152563,2.4,5.76185104338863));
#5756=CARTESIAN_POINT('Ctrl Pts',(-2.10499586280453,12.44,5.92965974108975));
#5757=CARTESIAN_POINT('Ctrl Pts',(-2.10499586280453,2.4,5.92965974108975));
#5758=CARTESIAN_POINT('Ctrl Pts',(-1.48523020422802,12.44,6.0250982753517));
#5759=CARTESIAN_POINT('Ctrl Pts',(-1.48523020422802,2.4,6.0250982753517));
#5760=CARTESIAN_POINT('Ctrl Pts',(-0.765531631762075,12.44,6.06974453187171));
#5761=CARTESIAN_POINT('Ctrl Pts',(-0.765531631762075,2.4,6.06974453187171));
#5762=CARTESIAN_POINT('Ctrl Pts',(0.00334685095723072,12.44,6.08175838211861));
#5763=CARTESIAN_POINT('Ctrl Pts',(0.00334685095723072,2.4,6.08175838211861));
#5764=CARTESIAN_POINT('Ctrl Pts',(0.766565039482108,12.44,6.06944770597461));
#5765=CARTESIAN_POINT('Ctrl Pts',(0.766565039482108,2.4,6.06944770597461));
#5766=CARTESIAN_POINT('Ctrl Pts',(1.47353770198649,12.44,6.02459068734794));
#5767=CARTESIAN_POINT('Ctrl Pts',(1.47353770198649,2.4,6.02459068734794));
#5768=CARTESIAN_POINT('Ctrl Pts',(2.08231262863806,12.44,5.92909957968952));
#5769=CARTESIAN_POINT('Ctrl Pts',(2.08231262863806,2.4,5.92909957968952));
#5770=CARTESIAN_POINT('Ctrl Pts',(2.56396967317163,12.44,5.76143873718472));
#5771=CARTESIAN_POINT('Ctrl Pts',(2.56396967317163,2.4,5.76143873718472));
#5772=CARTESIAN_POINT('Ctrl Pts',(2.90764307583106,12.44,5.50334294711568));
#5773=CARTESIAN_POINT('Ctrl Pts',(2.90764307583106,2.4,5.50334294711568));
#5774=CARTESIAN_POINT('Ctrl Pts',(3.12490789325105,12.44,5.1459433963251));
#5775=CARTESIAN_POINT('Ctrl Pts',(3.12490789325105,2.4,5.1459433963251));
#5776=CARTESIAN_POINT('Ctrl Pts',(3.2570257724258,12.44,4.69784377413527));
#5777=CARTESIAN_POINT('Ctrl Pts',(3.2570257724258,2.4,4.69784377413527));
#5778=CARTESIAN_POINT('Ctrl Pts',(3.36281702227286,12.44,4.17940276380617));
#5779=CARTESIAN_POINT('Ctrl Pts',(3.36281702227286,2.4,4.17940276380617));
#5780=CARTESIAN_POINT('Ctrl Pts',(3.47500724246249,12.44,3.72753138538605));
#5781=CARTESIAN_POINT('Ctrl Pts',(3.47500724246249,2.4,3.72753138538605));
#5782=CARTESIAN_POINT('Ctrl Pts',(3.59646828691645,12.44,3.37692446290482));
#5783=CARTESIAN_POINT('Ctrl Pts',(3.59646828691645,2.4,3.37692446290482));
#5784=CARTESIAN_POINT('Ctrl Pts',(3.69685340388837,12.44,3.13922238974972));
#5785=CARTESIAN_POINT('Ctrl Pts',(3.69685340388837,2.4,3.13922238974972));
#5786=CARTESIAN_POINT('Ctrl Pts',(3.75189903473366,12.44,3.01938050237725));
#5787=CARTESIAN_POINT('Ctrl Pts',(3.75189903473366,2.4,3.01938050237725));
#5788=CARTESIAN_POINT('Ctrl Pts',(5.14565366863583,12.44,-0.0150144767703425));
#5789=CARTESIAN_POINT('Ctrl Pts',(5.14565366863583,2.4,-0.0150144767703425));
#5790=CARTESIAN_POINT('Ctrl Pts',(6.539408302538,12.44,-3.04940945591794));
#5791=CARTESIAN_POINT('Ctrl Pts',(6.539408302538,2.4,-3.04940945591794));
#5792=CARTESIAN_POINT('Ctrl Pts',(7.93316293644016,12.44,-6.08380443506553));
#5793=CARTESIAN_POINT('Ctrl Pts',(7.93316293644016,2.4,-6.08380443506553));
#5794=CARTESIAN_POINT('Ctrl Pts',(9.32691757034233,12.44,-9.11819941421313));
#5795=CARTESIAN_POINT('Ctrl Pts',(9.32691757034233,2.4,-9.11819941421313));
#5796=CARTESIAN_POINT('Ctrl Pts',(10.7206722042445,12.44,-12.1525943933607));
#5797=CARTESIAN_POINT('Ctrl Pts',(10.7206722042445,2.4,-12.1525943933607));
#5798=CARTESIAN_POINT('',(2.92218594463854,4.,5.4254745510973));
#5799=CARTESIAN_POINT('Ctrl Pts',(2.92218594463852,3.97672965135282,5.42547455109734));
#5800=CARTESIAN_POINT('Ctrl Pts',(2.92218594463852,3.98448643423521,5.42547455109734));
#5801=CARTESIAN_POINT('Ctrl Pts',(2.92218594463852,3.99224321711761,5.42547455109734));
#5802=CARTESIAN_POINT('Ctrl Pts',(2.92218594463852,4.,5.42547455109734));
#5803=CARTESIAN_POINT('',(2.92218594463854,7.,5.4254745510973));
#5804=CARTESIAN_POINT('',(2.92218594463855,5.5,5.4254745510973));
#5805=CARTESIAN_POINT('Ctrl Pts',(2.92218594463852,7.,5.42547455109734));
#5806=CARTESIAN_POINT('Ctrl Pts',(2.92218594463852,7.00775678307923,5.42547455109734));
#5807=CARTESIAN_POINT('Ctrl Pts',(2.92218594463852,7.01551356615846,5.42547455109734));
#5808=CARTESIAN_POINT('Ctrl Pts',(2.92218594463852,7.02327034923769,5.42547455109734));
#5809=CARTESIAN_POINT('Ctrl Pts',(6.04117413794811,10.84,-0.76677820417527));
#5810=CARTESIAN_POINT('Ctrl Pts',(6.04117413794811,2.4,-0.76677820417527));
#5811=CARTESIAN_POINT('Ctrl Pts',(5.42953665897545,10.84,0.564840468228304));
#5812=CARTESIAN_POINT('Ctrl Pts',(5.42953665897545,2.4,0.564840468228304));
#5813=CARTESIAN_POINT('Ctrl Pts',(4.81789918000279,10.84,1.89645914063188));
#5814=CARTESIAN_POINT('Ctrl Pts',(4.81789918000279,2.4,1.89645914063188));
#5815=CARTESIAN_POINT('Ctrl Pts',(4.20626170103013,10.84,3.22807781303545));
#5816=CARTESIAN_POINT('Ctrl Pts',(4.20626170103013,2.4,3.22807781303545));
#5817=CARTESIAN_POINT('Ctrl Pts',(4.18722237127335,10.84,3.26952904499194));
#5818=CARTESIAN_POINT('Ctrl Pts',(4.18722237127335,2.4,3.26952904499194));
#5819=CARTESIAN_POINT('Ctrl Pts',(4.16900984629841,10.84,3.31069650539481));
#5820=CARTESIAN_POINT('Ctrl Pts',(4.16900984629841,2.4,3.31069650539481));
#5821=CARTESIAN_POINT('Ctrl Pts',(4.15158198715584,10.84,3.35163756719215));
#5822=CARTESIAN_POINT('Ctrl Pts',(4.15158198715584,2.4,3.35163756719215));
#5823=CARTESIAN_POINT('Ctrl Pts',(3.89803845403187,10.84,3.94725527175501));
#5824=CARTESIAN_POINT('Ctrl Pts',(3.89803845403187,2.4,3.94725527175501));
#5825=CARTESIAN_POINT('Ctrl Pts',(3.84444016102624,10.84,4.51519425393493));
#5826=CARTESIAN_POINT('Ctrl Pts',(3.84444016102624,2.4,4.51519425393493));
#5827=CARTESIAN_POINT('Ctrl Pts',(3.65030035370091,10.84,5.09430804976484));
#5828=CARTESIAN_POINT('Ctrl Pts',(3.65030035370091,2.4,5.09430804976484));
#5829=CARTESIAN_POINT('Ctrl Pts',(3.52275024298606,10.84,5.47478658115031));
#5830=CARTESIAN_POINT('Ctrl Pts',(3.52275024298606,2.4,5.47478658115031));
#5831=CARTESIAN_POINT('Ctrl Pts',(3.2775089866642,10.84,5.8648860412744));
#5832=CARTESIAN_POINT('Ctrl Pts',(3.2775089866642,2.4,5.8648860412744));
#5833=CARTESIAN_POINT('Ctrl Pts',(2.89973137842492,10.84,6.10277740490339));
#5834=CARTESIAN_POINT('Ctrl Pts',(2.89973137842492,2.4,6.10277740490339));
#5835=CARTESIAN_POINT('Ctrl Pts',(2.37107027506338,10.84,6.4356820240057));
#5836=CARTESIAN_POINT('Ctrl Pts',(2.37107027506338,2.4,6.4356820240057));
#5837=CARTESIAN_POINT('Ctrl Pts',(1.68844308208275,10.84,6.51456318812748));
#5838=CARTESIAN_POINT('Ctrl Pts',(1.68844308208275,2.4,6.51456318812748));
#5839=CARTESIAN_POINT('Ctrl Pts',(0.927303526389236,10.84,6.55372798301414));
#5840=CARTESIAN_POINT('Ctrl Pts',(0.927303526389236,2.4,6.55372798301414));
#5841=CARTESIAN_POINT('Ctrl Pts',(0.0107441934001115,10.84,6.60088997585691));
#5842=CARTESIAN_POINT('Ctrl Pts',(0.0107441934001115,2.4,6.60088997585691));
#5843=CARTESIAN_POINT('Ctrl Pts',(-1.01329563128994,10.84,6.59886832318126));
#5844=CARTESIAN_POINT('Ctrl Pts',(-1.01329563128994,2.4,6.59886832318126));
#5845=CARTESIAN_POINT('Ctrl Pts',(-1.84426388148212,10.84,6.46582054661913));
#5846=CARTESIAN_POINT('Ctrl Pts',(-1.84426388148212,2.4,6.46582054661913));
#5847=CARTESIAN_POINT('Ctrl Pts',(-2.39602785849736,10.84,6.37747665344152));
#5848=CARTESIAN_POINT('Ctrl Pts',(-2.39602785849736,2.4,6.37747665344152));
#5849=CARTESIAN_POINT('Ctrl Pts',(-2.89736944382568,10.84,6.20753006114486));
#5850=CARTESIAN_POINT('Ctrl Pts',(-2.89736944382568,2.4,6.20753006114486));
#5851=CARTESIAN_POINT('Ctrl Pts',(-3.22877572588097,10.84,5.83592112836079));
#5852=CARTESIAN_POINT('Ctrl Pts',(-3.22877572588097,2.4,5.83592112836079));
#5853=CARTESIAN_POINT('Ctrl Pts',(-3.51477648354662,10.84,5.51522583051538));
#5854=CARTESIAN_POINT('Ctrl Pts',(-3.51477648354662,2.4,5.51522583051538));
#5855=CARTESIAN_POINT('Ctrl Pts',(-3.60953816282912,10.84,5.11518289034918));
#5856=CARTESIAN_POINT('Ctrl Pts',(-3.60953816282912,2.4,5.11518289034918));
#5857=CARTESIAN_POINT('Ctrl Pts',(-3.67794842905821,10.84,4.76004804276227));
#5858=CARTESIAN_POINT('Ctrl Pts',(-3.67794842905821,2.4,4.76004804276227));
#5859=CARTESIAN_POINT('Ctrl Pts',(-3.77430433344231,10.84,4.25984037944245));
#5860=CARTESIAN_POINT('Ctrl Pts',(-3.77430433344231,2.4,4.25984037944245));
#5861=CARTESIAN_POINT('Ctrl Pts',(-3.85191872448698,10.84,3.80179983634494));
#5862=CARTESIAN_POINT('Ctrl Pts',(-3.85191872448698,2.4,3.80179983634494));
#5863=CARTESIAN_POINT('Ctrl Pts',(-4.1732777714867,10.84,3.28248634315661));
#5864=CARTESIAN_POINT('Ctrl Pts',(-4.1732777714867,2.4,3.28248634315661));
#5865=CARTESIAN_POINT('Ctrl Pts',(-13.1770546211185,8.6,-12.2177285998777));
#5866=CARTESIAN_POINT('Ctrl Pts',(-13.1770546211185,-1.44,-12.2177285998777));
#5867=CARTESIAN_POINT('Ctrl Pts',(-11.291263889948,8.6,-9.17030677942672));
#5868=CARTESIAN_POINT('Ctrl Pts',(-11.291263889948,-1.44,-9.17030677942672));
#5869=CARTESIAN_POINT('Ctrl Pts',(-9.4054731587776,8.6,-6.12288495897573));
#5870=CARTESIAN_POINT('Ctrl Pts',(-9.4054731587776,-1.44,-6.12288495897573));
#5871=CARTESIAN_POINT('Ctrl Pts',(-7.51968242760716,8.6,-3.07546313852473));
#5872=CARTESIAN_POINT('Ctrl Pts',(-7.51968242760716,-1.44,-3.07546313852473));
#5873=CARTESIAN_POINT('Ctrl Pts',(-5.63389169643673,8.6,-0.0280413180737399));
#5874=CARTESIAN_POINT('Ctrl Pts',(-5.63389169643673,-1.44,-0.0280413180737399));
#5875=CARTESIAN_POINT('Ctrl Pts',(-3.74810096526629,8.6,3.01938050237725));
#5876=CARTESIAN_POINT('Ctrl Pts',(-3.74810096526629,-1.44,3.01938050237725));
#5877=CARTESIAN_POINT('Ctrl Pts',(-3.67407382347526,8.6,3.13900773538396));
#5878=CARTESIAN_POINT('Ctrl Pts',(-3.67407382347526,-1.44,3.13900773538396));
#5879=CARTESIAN_POINT('Ctrl Pts',(-3.54155550608174,8.6,3.3763421951588));
#5880=CARTESIAN_POINT('Ctrl Pts',(-3.54155550608174,-1.44,3.3763421951588));
#5881=CARTESIAN_POINT('Ctrl Pts',(-3.38938332540436,8.6,3.72658277837038));
#5882=CARTESIAN_POINT('Ctrl Pts',(-3.38938332540436,-1.44,3.72658277837038));
#5883=CARTESIAN_POINT('Ctrl Pts',(-3.26816863367114,8.6,4.17830895181564));
#5884=CARTESIAN_POINT('Ctrl Pts',(-3.26816863367114,-1.44,4.17830895181564));
#5885=CARTESIAN_POINT('Ctrl Pts',(-3.18709448645044,8.6,4.6969849680384));
#5886=CARTESIAN_POINT('Ctrl Pts',(-3.18709448645044,-1.44,4.6969849680384));
#5887=CARTESIAN_POINT('Ctrl Pts',(-3.09459246355339,8.6,5.14553787492763));
#5888=CARTESIAN_POINT('Ctrl Pts',(-3.09459246355339,-1.44,5.14553787492763));
#5889=CARTESIAN_POINT('Ctrl Pts',(-2.91218780235341,8.6,5.50341132375436));
#5890=CARTESIAN_POINT('Ctrl Pts',(-2.91218780235341,-1.44,5.50341132375436));
#5891=CARTESIAN_POINT('Ctrl Pts',(-2.58636625152563,8.6,5.76185104338863));
#5892=CARTESIAN_POINT('Ctrl Pts',(-2.58636625152563,-1.44,5.76185104338863));
#5893=CARTESIAN_POINT('Ctrl Pts',(-2.10499586280453,8.6,5.92965974108975));
#5894=CARTESIAN_POINT('Ctrl Pts',(-2.10499586280453,-1.44,5.92965974108975));
#5895=CARTESIAN_POINT('Ctrl Pts',(-1.48523020422802,8.6,6.0250982753517));
#5896=CARTESIAN_POINT('Ctrl Pts',(-1.48523020422802,-1.44,6.0250982753517));
#5897=CARTESIAN_POINT('Ctrl Pts',(-0.765531631762075,8.6,6.06974453187171));
#5898=CARTESIAN_POINT('Ctrl Pts',(-0.765531631762075,-1.44,6.06974453187171));
#5899=CARTESIAN_POINT('Ctrl Pts',(0.00334685095723072,8.6,6.08175838211861));
#5900=CARTESIAN_POINT('Ctrl Pts',(0.00334685095723072,-1.44,6.08175838211861));
#5901=CARTESIAN_POINT('Ctrl Pts',(0.766565039482108,8.6,6.06944770597461));
#5902=CARTESIAN_POINT('Ctrl Pts',(0.766565039482108,-1.44,6.06944770597461));
#5903=CARTESIAN_POINT('Ctrl Pts',(1.47353770198649,8.6,6.02459068734794));
#5904=CARTESIAN_POINT('Ctrl Pts',(1.47353770198649,-1.44,6.02459068734794));
#5905=CARTESIAN_POINT('Ctrl Pts',(2.08231262863806,8.6,5.92909957968952));
#5906=CARTESIAN_POINT('Ctrl Pts',(2.08231262863806,-1.44,5.92909957968952));
#5907=CARTESIAN_POINT('Ctrl Pts',(2.56396967317163,8.6,5.76143873718472));
#5908=CARTESIAN_POINT('Ctrl Pts',(2.56396967317163,-1.44,5.76143873718472));
#5909=CARTESIAN_POINT('Ctrl Pts',(2.90764307583106,8.6,5.50334294711568));
#5910=CARTESIAN_POINT('Ctrl Pts',(2.90764307583106,-1.44,5.50334294711568));
#5911=CARTESIAN_POINT('Ctrl Pts',(3.12490789325105,8.6,5.1459433963251));
#5912=CARTESIAN_POINT('Ctrl Pts',(3.12490789325105,-1.44,5.1459433963251));
#5913=CARTESIAN_POINT('Ctrl Pts',(3.2570257724258,8.6,4.69784377413527));
#5914=CARTESIAN_POINT('Ctrl Pts',(3.2570257724258,-1.44,4.69784377413527));
#5915=CARTESIAN_POINT('Ctrl Pts',(3.36281702227286,8.6,4.17940276380617));
#5916=CARTESIAN_POINT('Ctrl Pts',(3.36281702227286,-1.44,4.17940276380617));
#5917=CARTESIAN_POINT('Ctrl Pts',(3.47500724246249,8.6,3.72753138538605));
#5918=CARTESIAN_POINT('Ctrl Pts',(3.47500724246249,-1.44,3.72753138538605));
#5919=CARTESIAN_POINT('Ctrl Pts',(3.59646828691645,8.6,3.37692446290482));
#5920=CARTESIAN_POINT('Ctrl Pts',(3.59646828691645,-1.44,3.37692446290482));
#5921=CARTESIAN_POINT('Ctrl Pts',(3.69685340388837,8.6,3.13922238974972));
#5922=CARTESIAN_POINT('Ctrl Pts',(3.69685340388837,-1.44,3.13922238974972));
#5923=CARTESIAN_POINT('Ctrl Pts',(3.75189903473366,8.6,3.01938050237725));
#5924=CARTESIAN_POINT('Ctrl Pts',(3.75189903473366,-1.44,3.01938050237725));
#5925=CARTESIAN_POINT('',(-2.78796948377186,4.,5.57179366271238));
#5926=CARTESIAN_POINT('Ctrl Pts',(-2.78796948377209,3.9912863989763,5.57179366271218));
#5927=CARTESIAN_POINT('Ctrl Pts',(-2.78796948377209,3.99419093265087,5.57179366271218));
#5928=CARTESIAN_POINT('Ctrl Pts',(-2.78796948377209,3.99709546632543,5.57179366271218));
#5929=CARTESIAN_POINT('Ctrl Pts',(-2.78796948377209,4.,5.57179366271218));
#5930=CARTESIAN_POINT('Ctrl Pts',(-2.78796948377187,4.,5.57179366271239));
#5931=CARTESIAN_POINT('Ctrl Pts',(-2.74681291548795,4.,5.60965984642546));
#5932=CARTESIAN_POINT('Ctrl Pts',(-2.64641316964048,4.,5.69002137750848));
#5933=CARTESIAN_POINT('Ctrl Pts',(-2.5283278929252,4.,5.75920966273718));
#5934=CARTESIAN_POINT('Ctrl Pts',(-2.39210375118415,4.,5.81784956354986));
#5935=CARTESIAN_POINT('Ctrl Pts',(-2.23865281129754,4.,5.86700691600796));
#5936=CARTESIAN_POINT('Ctrl Pts',(-2.14818124085116,4.,5.89162849722009));
#5937=CARTESIAN_POINT('Ctrl Pts',(-13.1770546211185,12.44,-12.2177285998777));
#5938=CARTESIAN_POINT('Ctrl Pts',(-13.1770546211185,2.84,-12.2177285998777));
#5939=CARTESIAN_POINT('Ctrl Pts',(-11.291263889948,12.44,-9.17030677942672));
#5940=CARTESIAN_POINT('Ctrl Pts',(-11.291263889948,2.84,-9.17030677942672));
#5941=CARTESIAN_POINT('Ctrl Pts',(-9.4054731587776,12.44,-6.12288495897573));
#5942=CARTESIAN_POINT('Ctrl Pts',(-9.4054731587776,2.84,-6.12288495897573));
#5943=CARTESIAN_POINT('Ctrl Pts',(-7.51968242760716,12.44,-3.07546313852473));
#5944=CARTESIAN_POINT('Ctrl Pts',(-7.51968242760716,2.84,-3.07546313852473));
#5945=CARTESIAN_POINT('Ctrl Pts',(-5.63389169643673,12.44,-0.0280413180737399));
#5946=CARTESIAN_POINT('Ctrl Pts',(-5.63389169643673,2.84,-0.0280413180737399));
#5947=CARTESIAN_POINT('Ctrl Pts',(-3.74810096526629,12.44,3.01938050237725));
#5948=CARTESIAN_POINT('Ctrl Pts',(-3.74810096526629,2.84,3.01938050237725));
#5949=CARTESIAN_POINT('Ctrl Pts',(-3.67407382347526,12.44,3.13900773538396));
#5950=CARTESIAN_POINT('Ctrl Pts',(-3.67407382347526,2.84,3.13900773538396));
#5951=CARTESIAN_POINT('Ctrl Pts',(-3.54155550608174,12.44,3.3763421951588));
#5952=CARTESIAN_POINT('Ctrl Pts',(-3.54155550608174,2.84,3.3763421951588));
#5953=CARTESIAN_POINT('Ctrl Pts',(-3.38938332540436,12.44,3.72658277837038));
#5954=CARTESIAN_POINT('Ctrl Pts',(-3.38938332540436,2.84,3.72658277837038));
#5955=CARTESIAN_POINT('Ctrl Pts',(-3.26816863367114,12.44,4.17830895181564));
#5956=CARTESIAN_POINT('Ctrl Pts',(-3.26816863367114,2.84,4.17830895181564));
#5957=CARTESIAN_POINT('Ctrl Pts',(-3.18709448645044,12.44,4.6969849680384));
#5958=CARTESIAN_POINT('Ctrl Pts',(-3.18709448645044,2.84,4.6969849680384));
#5959=CARTESIAN_POINT('Ctrl Pts',(-3.09459246355339,12.44,5.14553787492763));
#5960=CARTESIAN_POINT('Ctrl Pts',(-3.09459246355339,2.84,5.14553787492763));
#5961=CARTESIAN_POINT('Ctrl Pts',(-2.91218780235341,12.44,5.50341132375436));
#5962=CARTESIAN_POINT('Ctrl Pts',(-2.91218780235341,2.84,5.50341132375436));
#5963=CARTESIAN_POINT('Ctrl Pts',(-2.58636625152563,12.44,5.76185104338863));
#5964=CARTESIAN_POINT('Ctrl Pts',(-2.58636625152563,2.84,5.76185104338863));
#5965=CARTESIAN_POINT('Ctrl Pts',(-2.10499586280453,12.44,5.92965974108975));
#5966=CARTESIAN_POINT('Ctrl Pts',(-2.10499586280453,2.84,5.92965974108975));
#5967=CARTESIAN_POINT('Ctrl Pts',(-1.48523020422802,12.44,6.0250982753517));
#5968=CARTESIAN_POINT('Ctrl Pts',(-1.48523020422802,2.84,6.0250982753517));
#5969=CARTESIAN_POINT('Ctrl Pts',(-0.765531631762075,12.44,6.06974453187171));
#5970=CARTESIAN_POINT('Ctrl Pts',(-0.765531631762075,2.84,6.06974453187171));
#5971=CARTESIAN_POINT('Ctrl Pts',(0.00334685095723072,12.44,6.08175838211861));
#5972=CARTESIAN_POINT('Ctrl Pts',(0.00334685095723072,2.84,6.08175838211861));
#5973=CARTESIAN_POINT('Ctrl Pts',(0.766565039482108,12.44,6.06944770597461));
#5974=CARTESIAN_POINT('Ctrl Pts',(0.766565039482108,2.84,6.06944770597461));
#5975=CARTESIAN_POINT('Ctrl Pts',(1.47353770198649,12.44,6.02459068734794));
#5976=CARTESIAN_POINT('Ctrl Pts',(1.47353770198649,2.84,6.02459068734794));
#5977=CARTESIAN_POINT('Ctrl Pts',(2.08231262863806,12.44,5.92909957968952));
#5978=CARTESIAN_POINT('Ctrl Pts',(2.08231262863806,2.84,5.92909957968952));
#5979=CARTESIAN_POINT('Ctrl Pts',(2.56396967317163,12.44,5.76143873718472));
#5980=CARTESIAN_POINT('Ctrl Pts',(2.56396967317163,2.84,5.76143873718472));
#5981=CARTESIAN_POINT('Ctrl Pts',(2.90764307583106,12.44,5.50334294711568));
#5982=CARTESIAN_POINT('Ctrl Pts',(2.90764307583106,2.84,5.50334294711568));
#5983=CARTESIAN_POINT('Ctrl Pts',(3.12490789325105,12.44,5.1459433963251));
#5984=CARTESIAN_POINT('Ctrl Pts',(3.12490789325105,2.84,5.1459433963251));
#5985=CARTESIAN_POINT('Ctrl Pts',(3.2570257724258,12.44,4.69784377413527));
#5986=CARTESIAN_POINT('Ctrl Pts',(3.2570257724258,2.84,4.69784377413527));
#5987=CARTESIAN_POINT('Ctrl Pts',(3.36281702227286,12.44,4.17940276380617));
#5988=CARTESIAN_POINT('Ctrl Pts',(3.36281702227286,2.84,4.17940276380617));
#5989=CARTESIAN_POINT('Ctrl Pts',(3.47500724246249,12.44,3.72753138538605));
#5990=CARTESIAN_POINT('Ctrl Pts',(3.47500724246249,2.84,3.72753138538605));
#5991=CARTESIAN_POINT('Ctrl Pts',(3.59646828691645,12.44,3.37692446290482));
#5992=CARTESIAN_POINT('Ctrl Pts',(3.59646828691645,2.84,3.37692446290482));
#5993=CARTESIAN_POINT('Ctrl Pts',(3.69685340388837,12.44,3.13922238974972));
#5994=CARTESIAN_POINT('Ctrl Pts',(3.69685340388837,2.84,3.13922238974972));
#5995=CARTESIAN_POINT('Ctrl Pts',(3.75189903473366,12.44,3.01938050237725));
#5996=CARTESIAN_POINT('Ctrl Pts',(3.75189903473366,2.84,3.01938050237725));
#5997=CARTESIAN_POINT('',(-2.78796948377186,7.,5.57179366271238));
#5998=CARTESIAN_POINT('Ctrl Pts',(-2.78796948377209,7.,5.57179366271218));
#5999=CARTESIAN_POINT('Ctrl Pts',(-2.78796948377209,7.00290453367599,5.57179366271218));
#6000=CARTESIAN_POINT('Ctrl Pts',(-2.78796948377209,7.00580906735197,5.57179366271218));
#6001=CARTESIAN_POINT('Ctrl Pts',(-2.78796948377209,7.00871360102796,5.57179366271218));
#6002=CARTESIAN_POINT('Ctrl Pts',(-2.14818124085115,7.,5.8916284972201));
#6003=CARTESIAN_POINT('Ctrl Pts',(-2.23865281129754,7.,5.86700691600797));
#6004=CARTESIAN_POINT('Ctrl Pts',(-2.39210375118415,7.,5.81784956354986));
#6005=CARTESIAN_POINT('Ctrl Pts',(-2.5283278929252,7.,5.75920966273718));
#6006=CARTESIAN_POINT('Ctrl Pts',(-2.64641316964048,7.,5.69002137750849));
#6007=CARTESIAN_POINT('Ctrl Pts',(-2.74681291548795,7.,5.60965984642546));
#6008=CARTESIAN_POINT('Ctrl Pts',(-2.78796948377187,7.,5.57179366271239));
#6009=CARTESIAN_POINT('Ctrl Pts',(-3.74810096526629,12.44,3.01938050237725));
#6010=CARTESIAN_POINT('Ctrl Pts',(-3.74810096526629,2.4,3.01938050237725));
#6011=CARTESIAN_POINT('Ctrl Pts',(-3.67407382347526,12.44,3.13900773538396));
#6012=CARTESIAN_POINT('Ctrl Pts',(-3.67407382347526,2.4,3.13900773538396));
#6013=CARTESIAN_POINT('Ctrl Pts',(-3.54155550608174,12.44,3.3763421951588));
#6014=CARTESIAN_POINT('Ctrl Pts',(-3.54155550608174,2.4,3.3763421951588));
#6015=CARTESIAN_POINT('Ctrl Pts',(-3.38938332540436,12.44,3.72658277837038));
#6016=CARTESIAN_POINT('Ctrl Pts',(-3.38938332540436,2.4,3.72658277837038));
#6017=CARTESIAN_POINT('Ctrl Pts',(-3.26816863367114,12.44,4.17830895181564));
#6018=CARTESIAN_POINT('Ctrl Pts',(-3.26816863367114,2.4,4.17830895181564));
#6019=CARTESIAN_POINT('Ctrl Pts',(-3.18709448645044,12.44,4.6969849680384));
#6020=CARTESIAN_POINT('Ctrl Pts',(-3.18709448645044,2.4,4.6969849680384));
#6021=CARTESIAN_POINT('Ctrl Pts',(-3.09459246355339,12.44,5.14553787492763));
#6022=CARTESIAN_POINT('Ctrl Pts',(-3.09459246355339,2.4,5.14553787492763));
#6023=CARTESIAN_POINT('Ctrl Pts',(-2.91218780235341,12.44,5.50341132375436));
#6024=CARTESIAN_POINT('Ctrl Pts',(-2.91218780235341,2.4,5.50341132375436));
#6025=CARTESIAN_POINT('Ctrl Pts',(-2.58636625152563,12.44,5.76185104338863));
#6026=CARTESIAN_POINT('Ctrl Pts',(-2.58636625152563,2.4,5.76185104338863));
#6027=CARTESIAN_POINT('Ctrl Pts',(-2.10499586280453,12.44,5.92965974108975));
#6028=CARTESIAN_POINT('Ctrl Pts',(-2.10499586280453,2.4,5.92965974108975));
#6029=CARTESIAN_POINT('Ctrl Pts',(-1.48523020422802,12.44,6.0250982753517));
#6030=CARTESIAN_POINT('Ctrl Pts',(-1.48523020422802,2.4,6.0250982753517));
#6031=CARTESIAN_POINT('Ctrl Pts',(-0.765531631762075,12.44,6.06974453187171));
#6032=CARTESIAN_POINT('Ctrl Pts',(-0.765531631762075,2.4,6.06974453187171));
#6033=CARTESIAN_POINT('Ctrl Pts',(0.00334685095723072,12.44,6.08175838211861));
#6034=CARTESIAN_POINT('Ctrl Pts',(0.00334685095723072,2.4,6.08175838211861));
#6035=CARTESIAN_POINT('Ctrl Pts',(0.766565039482108,12.44,6.06944770597461));
#6036=CARTESIAN_POINT('Ctrl Pts',(0.766565039482108,2.4,6.06944770597461));
#6037=CARTESIAN_POINT('Ctrl Pts',(1.47353770198649,12.44,6.02459068734794));
#6038=CARTESIAN_POINT('Ctrl Pts',(1.47353770198649,2.4,6.02459068734794));
#6039=CARTESIAN_POINT('Ctrl Pts',(2.08231262863806,12.44,5.92909957968952));
#6040=CARTESIAN_POINT('Ctrl Pts',(2.08231262863806,2.4,5.92909957968952));
#6041=CARTESIAN_POINT('Ctrl Pts',(2.56396967317163,12.44,5.76143873718472));
#6042=CARTESIAN_POINT('Ctrl Pts',(2.56396967317163,2.4,5.76143873718472));
#6043=CARTESIAN_POINT('Ctrl Pts',(2.90764307583106,12.44,5.50334294711568));
#6044=CARTESIAN_POINT('Ctrl Pts',(2.90764307583106,2.4,5.50334294711568));
#6045=CARTESIAN_POINT('Ctrl Pts',(3.12490789325105,12.44,5.1459433963251));
#6046=CARTESIAN_POINT('Ctrl Pts',(3.12490789325105,2.4,5.1459433963251));
#6047=CARTESIAN_POINT('Ctrl Pts',(3.2570257724258,12.44,4.69784377413527));
#6048=CARTESIAN_POINT('Ctrl Pts',(3.2570257724258,2.4,4.69784377413527));
#6049=CARTESIAN_POINT('Ctrl Pts',(3.36281702227286,12.44,4.17940276380617));
#6050=CARTESIAN_POINT('Ctrl Pts',(3.36281702227286,2.4,4.17940276380617));
#6051=CARTESIAN_POINT('Ctrl Pts',(3.47500724246249,12.44,3.72753138538605));
#6052=CARTESIAN_POINT('Ctrl Pts',(3.47500724246249,2.4,3.72753138538605));
#6053=CARTESIAN_POINT('Ctrl Pts',(3.59646828691645,12.44,3.37692446290482));
#6054=CARTESIAN_POINT('Ctrl Pts',(3.59646828691645,2.4,3.37692446290482));
#6055=CARTESIAN_POINT('Ctrl Pts',(3.69685340388837,12.44,3.13922238974972));
#6056=CARTESIAN_POINT('Ctrl Pts',(3.69685340388837,2.4,3.13922238974972));
#6057=CARTESIAN_POINT('Ctrl Pts',(3.75189903473366,12.44,3.01938050237725));
#6058=CARTESIAN_POINT('Ctrl Pts',(3.75189903473366,2.4,3.01938050237725));
#6059=CARTESIAN_POINT('Ctrl Pts',(5.14565366863583,12.44,-0.0150144767703425));
#6060=CARTESIAN_POINT('Ctrl Pts',(5.14565366863583,2.4,-0.0150144767703425));
#6061=CARTESIAN_POINT('Ctrl Pts',(6.539408302538,12.44,-3.04940945591794));
#6062=CARTESIAN_POINT('Ctrl Pts',(6.539408302538,2.4,-3.04940945591794));
#6063=CARTESIAN_POINT('Ctrl Pts',(7.93316293644016,12.44,-6.08380443506553));
#6064=CARTESIAN_POINT('Ctrl Pts',(7.93316293644016,2.4,-6.08380443506553));
#6065=CARTESIAN_POINT('Ctrl Pts',(9.32691757034233,12.44,-9.11819941421313));
#6066=CARTESIAN_POINT('Ctrl Pts',(9.32691757034233,2.4,-9.11819941421313));
#6067=CARTESIAN_POINT('Ctrl Pts',(10.7206722042445,12.44,-12.1525943933607));
#6068=CARTESIAN_POINT('Ctrl Pts',(10.7206722042445,2.4,-12.1525943933607));
#6069=CARTESIAN_POINT('',(2.65627964359695,7.,5.66487245354128));
#6070=CARTESIAN_POINT('Ctrl Pts',(2.65627964359691,7.00377573003362,5.6648724535413));
#6071=CARTESIAN_POINT('Ctrl Pts',(2.65627964359691,7.00251715335574,5.6648724535413));
#6072=CARTESIAN_POINT('Ctrl Pts',(2.65627964359691,7.00125857667787,5.6648724535413));
#6073=CARTESIAN_POINT('Ctrl Pts',(2.65627964359691,7.,5.6648724535413));
#6074=CARTESIAN_POINT('Ctrl Pts',(2.65627964359694,7.,5.66487245354128));
#6075=CARTESIAN_POINT('Ctrl Pts',(2.63235653187836,7.,5.68063953012842));
#6076=CARTESIAN_POINT('Ctrl Pts',(2.53327385401448,7.,5.74213704162718));
#6077=CARTESIAN_POINT('Ctrl Pts',(2.42283028132801,7.,5.79585251339161));
#6078=CARTESIAN_POINT('Ctrl Pts',(2.30087867386277,7.,5.84223035023311));
#6079=CARTESIAN_POINT('Ctrl Pts',(2.16781139534973,7.,5.88194085748829));
#6080=CARTESIAN_POINT('Ctrl Pts',(2.06183636822184,7.,5.90832907290448));
#6081=CARTESIAN_POINT('Ctrl Pts',(-3.74810096526629,8.16,3.01938050237725));
#6082=CARTESIAN_POINT('Ctrl Pts',(-3.74810096526629,-1.44,3.01938050237725));
#6083=CARTESIAN_POINT('Ctrl Pts',(-3.67407382347526,8.16,3.13900773538396));
#6084=CARTESIAN_POINT('Ctrl Pts',(-3.67407382347526,-1.44,3.13900773538396));
#6085=CARTESIAN_POINT('Ctrl Pts',(-3.54155550608174,8.16,3.3763421951588));
#6086=CARTESIAN_POINT('Ctrl Pts',(-3.54155550608174,-1.44,3.3763421951588));
#6087=CARTESIAN_POINT('Ctrl Pts',(-3.38938332540436,8.16,3.72658277837038));
#6088=CARTESIAN_POINT('Ctrl Pts',(-3.38938332540436,-1.44,3.72658277837038));
#6089=CARTESIAN_POINT('Ctrl Pts',(-3.26816863367114,8.16,4.17830895181564));
#6090=CARTESIAN_POINT('Ctrl Pts',(-3.26816863367114,-1.44,4.17830895181564));
#6091=CARTESIAN_POINT('Ctrl Pts',(-3.18709448645044,8.16,4.6969849680384));
#6092=CARTESIAN_POINT('Ctrl Pts',(-3.18709448645044,-1.44,4.6969849680384));
#6093=CARTESIAN_POINT('Ctrl Pts',(-3.09459246355339,8.16,5.14553787492763));
#6094=CARTESIAN_POINT('Ctrl Pts',(-3.09459246355339,-1.44,5.14553787492763));
#6095=CARTESIAN_POINT('Ctrl Pts',(-2.91218780235341,8.16,5.50341132375436));
#6096=CARTESIAN_POINT('Ctrl Pts',(-2.91218780235341,-1.44,5.50341132375436));
#6097=CARTESIAN_POINT('Ctrl Pts',(-2.58636625152563,8.16,5.76185104338863));
#6098=CARTESIAN_POINT('Ctrl Pts',(-2.58636625152563,-1.44,5.76185104338863));
#6099=CARTESIAN_POINT('Ctrl Pts',(-2.10499586280453,8.16,5.92965974108975));
#6100=CARTESIAN_POINT('Ctrl Pts',(-2.10499586280453,-1.44,5.92965974108975));
#6101=CARTESIAN_POINT('Ctrl Pts',(-1.48523020422802,8.16,6.0250982753517));
#6102=CARTESIAN_POINT('Ctrl Pts',(-1.48523020422802,-1.44,6.0250982753517));
#6103=CARTESIAN_POINT('Ctrl Pts',(-0.765531631762075,8.16,6.06974453187171));
#6104=CARTESIAN_POINT('Ctrl Pts',(-0.765531631762075,-1.44,6.06974453187171));
#6105=CARTESIAN_POINT('Ctrl Pts',(0.00334685095723072,8.16,6.08175838211861));
#6106=CARTESIAN_POINT('Ctrl Pts',(0.00334685095723072,-1.44,6.08175838211861));
#6107=CARTESIAN_POINT('Ctrl Pts',(0.766565039482108,8.16,6.06944770597461));
#6108=CARTESIAN_POINT('Ctrl Pts',(0.766565039482108,-1.44,6.06944770597461));
#6109=CARTESIAN_POINT('Ctrl Pts',(1.47353770198649,8.16,6.02459068734794));
#6110=CARTESIAN_POINT('Ctrl Pts',(1.47353770198649,-1.44,6.02459068734794));
#6111=CARTESIAN_POINT('Ctrl Pts',(2.08231262863806,8.16,5.92909957968952));
#6112=CARTESIAN_POINT('Ctrl Pts',(2.08231262863806,-1.44,5.92909957968952));
#6113=CARTESIAN_POINT('Ctrl Pts',(2.56396967317163,8.16,5.76143873718472));
#6114=CARTESIAN_POINT('Ctrl Pts',(2.56396967317163,-1.44,5.76143873718472));
#6115=CARTESIAN_POINT('Ctrl Pts',(2.90764307583106,8.16,5.50334294711568));
#6116=CARTESIAN_POINT('Ctrl Pts',(2.90764307583106,-1.44,5.50334294711568));
#6117=CARTESIAN_POINT('Ctrl Pts',(3.12490789325105,8.16,5.1459433963251));
#6118=CARTESIAN_POINT('Ctrl Pts',(3.12490789325105,-1.44,5.1459433963251));
#6119=CARTESIAN_POINT('Ctrl Pts',(3.2570257724258,8.16,4.69784377413527));
#6120=CARTESIAN_POINT('Ctrl Pts',(3.2570257724258,-1.44,4.69784377413527));
#6121=CARTESIAN_POINT('Ctrl Pts',(3.36281702227286,8.16,4.17940276380617));
#6122=CARTESIAN_POINT('Ctrl Pts',(3.36281702227286,-1.44,4.17940276380617));
#6123=CARTESIAN_POINT('Ctrl Pts',(3.47500724246249,8.16,3.72753138538605));
#6124=CARTESIAN_POINT('Ctrl Pts',(3.47500724246249,-1.44,3.72753138538605));
#6125=CARTESIAN_POINT('Ctrl Pts',(3.59646828691645,8.16,3.37692446290482));
#6126=CARTESIAN_POINT('Ctrl Pts',(3.59646828691645,-1.44,3.37692446290482));
#6127=CARTESIAN_POINT('Ctrl Pts',(3.69685340388837,8.16,3.13922238974972));
#6128=CARTESIAN_POINT('Ctrl Pts',(3.69685340388837,-1.44,3.13922238974972));
#6129=CARTESIAN_POINT('Ctrl Pts',(3.75189903473366,8.16,3.01938050237725));
#6130=CARTESIAN_POINT('Ctrl Pts',(3.75189903473366,-1.44,3.01938050237725));
#6131=CARTESIAN_POINT('Ctrl Pts',(5.14565366863583,8.16,-0.0150144767703425));
#6132=CARTESIAN_POINT('Ctrl Pts',(5.14565366863583,-1.44,-0.0150144767703425));
#6133=CARTESIAN_POINT('Ctrl Pts',(6.539408302538,8.16,-3.04940945591794));
#6134=CARTESIAN_POINT('Ctrl Pts',(6.539408302538,-1.44,-3.04940945591794));
#6135=CARTESIAN_POINT('Ctrl Pts',(7.93316293644016,8.16,-6.08380443506553));
#6136=CARTESIAN_POINT('Ctrl Pts',(7.93316293644016,-1.44,-6.08380443506553));
#6137=CARTESIAN_POINT('Ctrl Pts',(9.32691757034233,8.16,-9.11819941421313));
#6138=CARTESIAN_POINT('Ctrl Pts',(9.32691757034233,-1.44,-9.11819941421313));
#6139=CARTESIAN_POINT('Ctrl Pts',(10.7206722042445,8.16,-12.1525943933607));
#6140=CARTESIAN_POINT('Ctrl Pts',(10.7206722042445,-1.44,-12.1525943933607));
#6141=CARTESIAN_POINT('',(2.65627964359695,4.,5.66487245354128));
#6142=CARTESIAN_POINT('Ctrl Pts',(2.65627964359691,4.,5.6648724535413));
#6143=CARTESIAN_POINT('Ctrl Pts',(2.65627964359691,3.99874142364125,5.6648724535413));
#6144=CARTESIAN_POINT('Ctrl Pts',(2.65627964359691,3.99748284728251,5.6648724535413));
#6145=CARTESIAN_POINT('Ctrl Pts',(2.65627964359691,3.99622427092376,5.6648724535413));
#6146=CARTESIAN_POINT('Ctrl Pts',(2.06183636822199,4.,5.90832907290444));
#6147=CARTESIAN_POINT('Ctrl Pts',(2.16781139534985,4.,5.88194085748825));
#6148=CARTESIAN_POINT('Ctrl Pts',(2.30087867386285,4.,5.84223035023308));
#6149=CARTESIAN_POINT('Ctrl Pts',(2.42283028132806,4.,5.79585251339159));
#6150=CARTESIAN_POINT('Ctrl Pts',(2.5332738540145,4.,5.74213704162717));
#6151=CARTESIAN_POINT('Ctrl Pts',(2.63235653187836,4.,5.68063953012842));
#6152=CARTESIAN_POINT('Ctrl Pts',(2.65627964359694,4.,5.66487245354128));
#6153=CARTESIAN_POINT('Origin',(-2.2981009138573,5.5,5.00387748561416));
#6154=CARTESIAN_POINT('',(-2.78796948377186,5.5,5.57179366271238));
#6155=CARTESIAN_POINT('Origin',(2.30189898332467,5.5,5.00387748561416));
#6156=CARTESIAN_POINT('',(2.65627964359695,5.5,5.66487245354128));
#6157=CARTESIAN_POINT('Ctrl Pts',(-2.78796948377186,7.,5.57179366271239));
#6158=CARTESIAN_POINT('Ctrl Pts',(-2.78796948377186,4.,5.57179366271239));
#6159=CARTESIAN_POINT('Ctrl Pts',(-2.74681291548795,7.,5.60965984642546));
#6160=CARTESIAN_POINT('Ctrl Pts',(-2.74681291548795,4.,5.60965984642546));
#6161=CARTESIAN_POINT('Ctrl Pts',(-2.63700408431654,7.,5.69755255695859));
#6162=CARTESIAN_POINT('Ctrl Pts',(-2.63700408431654,4.,5.69755255695859));
#6163=CARTESIAN_POINT('Ctrl Pts',(-2.42818179493343,7.,5.81638565101106));
#6164=CARTESIAN_POINT('Ctrl Pts',(-2.42818179493343,4.,5.81638565101106));
#6165=CARTESIAN_POINT('Ctrl Pts',(-2.06559115840408,7.,5.93572772368763));
#6166=CARTESIAN_POINT('Ctrl Pts',(-2.06559115840408,4.,5.93572772368763));
#6167=CARTESIAN_POINT('Ctrl Pts',(-1.48523020422802,7.,6.0250982753517));
#6168=CARTESIAN_POINT('Ctrl Pts',(-1.48523020422802,4.,6.0250982753517));
#6169=CARTESIAN_POINT('Ctrl Pts',(-0.765531631762075,7.,6.06974453187171));
#6170=CARTESIAN_POINT('Ctrl Pts',(-0.765531631762075,4.,6.06974453187171));
#6171=CARTESIAN_POINT('Ctrl Pts',(0.00334685095723072,7.,6.08175838211861));
#6172=CARTESIAN_POINT('Ctrl Pts',(0.00334685095723072,4.,6.08175838211861));
#6173=CARTESIAN_POINT('Ctrl Pts',(0.766565039482108,7.,6.06944770597461));
#6174=CARTESIAN_POINT('Ctrl Pts',(0.766565039482108,4.,6.06944770597461));
#6175=CARTESIAN_POINT('Ctrl Pts',(1.47353770198649,7.,6.02459068734794));
#6176=CARTESIAN_POINT('Ctrl Pts',(1.47353770198649,4.,6.02459068734794));
#6177=CARTESIAN_POINT('Ctrl Pts',(1.99998628555354,7.,5.94201311036636));
#6178=CARTESIAN_POINT('Ctrl Pts',(1.99998628555354,4.,5.94201311036636));
#6179=CARTESIAN_POINT('Ctrl Pts',(2.33446069363692,7.,5.83866760666054));
#6180=CARTESIAN_POINT('Ctrl Pts',(2.33446069363692,4.,5.83866760666054));
#6181=CARTESIAN_POINT('Ctrl Pts',(2.53171026847995,7.,5.7431075101436));
#6182=CARTESIAN_POINT('Ctrl Pts',(2.53171026847995,4.,5.7431075101436));
#6183=CARTESIAN_POINT('Ctrl Pts',(2.63235653187836,7.,5.68063953012842));
#6184=CARTESIAN_POINT('Ctrl Pts',(2.63235653187836,4.,5.68063953012842));
#6185=CARTESIAN_POINT('Ctrl Pts',(2.65627964359694,7.,5.66487245354128));
#6186=CARTESIAN_POINT('Ctrl Pts',(2.65627964359694,4.,5.66487245354128));
#6187=CARTESIAN_POINT('Origin',(-6.59999999999997,0.,-3.6811309201595));
#6188=UNCERTAINTY_MEASURE_WITH_UNIT(LENGTH_MEASURE(0.01),#6192,
'DISTANCE_ACCURACY_VALUE',
'Maximum model space distance between geometric entities at asserted c
onnectivities');
#6189=UNCERTAINTY_MEASURE_WITH_UNIT(LENGTH_MEASURE(0.01),#6192,
'DISTANCE_ACCURACY_VALUE',
'Maximum model space distance between geometric entities at asserted c
onnectivities');
#6190=(
GEOMETRIC_REPRESENTATION_CONTEXT(3)
GLOBAL_UNCERTAINTY_ASSIGNED_CONTEXT((#6188))
GLOBAL_UNIT_ASSIGNED_CONTEXT((#6192,#6194,#6195))
REPRESENTATION_CONTEXT('','3D')
);
#6191=(
GEOMETRIC_REPRESENTATION_CONTEXT(3)
GLOBAL_UNCERTAINTY_ASSIGNED_CONTEXT((#6189))
GLOBAL_UNIT_ASSIGNED_CONTEXT((#6192,#6194,#6195))
REPRESENTATION_CONTEXT('','3D')
);
#6192=(
LENGTH_UNIT()
NAMED_UNIT(*)
SI_UNIT(.MILLI.,.METRE.)
);
#6193=(
LENGTH_UNIT()
NAMED_UNIT(*)
SI_UNIT($,.METRE.)
);
#6194=(
NAMED_UNIT(*)
PLANE_ANGLE_UNIT()
SI_UNIT($,.RADIAN.)
);
#6195=(
NAMED_UNIT(*)
SI_UNIT($,.STERADIAN.)
SOLID_ANGLE_UNIT()
);
#6196=SHAPE_DEFINITION_REPRESENTATION(#6197,#6198);
#6197=PRODUCT_DEFINITION_SHAPE('',$,#6200);
#6198=SHAPE_REPRESENTATION('',(#2057),#6190);
#6199=PRODUCT_DEFINITION_CONTEXT('part definition',#6204,'design');
#6200=PRODUCT_DEFINITION('2026-08-27-17-11-19-998','(Unsaved)',#6201,#6199);
#6201=PRODUCT_DEFINITION_FORMATION('',$,#6206);
#6202=PRODUCT_RELATED_PRODUCT_CATEGORY('(Unsaved)','(Unsaved)',(#6206));
#6203=APPLICATION_PROTOCOL_DEFINITION('international standard',
'automotive_design',2009,#6204);
#6204=APPLICATION_CONTEXT(
'Core Data for Automotive Mechanical Design Process');
#6205=PRODUCT_CONTEXT('part definition',#6204,'mechanical');
#6206=PRODUCT('2026-08-27-17-11-19-998','(Unsaved)',$,(#6205));
#6207=PRESENTATION_STYLE_ASSIGNMENT((#6208));
#6208=SURFACE_STYLE_USAGE(.BOTH.,#6209);
#6209=SURFACE_SIDE_STYLE('',(#6210));
#6210=SURFACE_STYLE_FILL_AREA(#6211);
#6211=FILL_AREA_STYLE('Steel - Satin',(#6212));
#6212=FILL_AREA_STYLE_COLOUR('Steel - Satin',#6213);
#6213=COLOUR_RGB('Steel - Satin',0.627450980392157,0.627450980392157,0.627450980392157);
ENDSEC;
END-ISO-10303-21;
