ISO-10303-21;
HEADER;
/* Generated by software containing ST-Developer
 * from STEP Tools, Inc. (www.steptools.com) 
 */

FILE_DESCRIPTION(
/* description */ (''),
/* implementation_level */ '2;1');

FILE_NAME(
/* name */ 'zero_finger4_mcp_center_v3.step',
/* time_stamp */ '2026-08-27T17:11:16+02:00',
/* author */ (''),
/* organization */ (''),
/* preprocessor_version */ 'ST-DEVELOPER v20.1',
/* originating_system */ 'Autodesk Translation Framework v15.8.0.0',
/* authorisation */ '');

FILE_SCHEMA (('AUTOMOTIVE_DESIGN { 1 0 10303 214 3 1 1 }'));
ENDSEC;

DATA;
#10=MECHANICAL_DESIGN_GEOMETRIC_PRESENTATION_REPRESENTATION('',(#13),#6230);
#11=SHAPE_REPRESENTATION_RELATIONSHIP('SRR','None',#6237,#12);
#12=ADVANCED_BREP_SHAPE_REPRESENTATION('',(#14),#6229);
#13=STYLED_ITEM('',(#6246),#14);
#14=MANIFOLD_SOLID_BREP('zero_finger4_mcp_center_v3',#2291);
#15=(
BOUNDED_SURFACE()
B_SPLINE_SURFACE(2,2,((#3886,#3887,#3888,#3889,#3890),(#3891,#3892,#3893,
#3894,#3895),(#3896,#3897,#3898,#3899,#3900)),.UNSPECIFIED.,.F.,.F.,.F.)
B_SPLINE_SURFACE_WITH_KNOTS((3,3),(3,2,3),(-1.31811607165282,0.),(-1.5707963267949,
0.,1.5707963267949),.UNSPECIFIED.)
GEOMETRIC_REPRESENTATION_ITEM()
RATIONAL_B_SPLINE_SURFACE(((1.,0.707106781186548,1.,0.707106781186548,1.),
(0.79056941504209,0.559016994374944,0.79056941504209,0.559016994374944,
0.79056941504209),(1.,0.707106781186548,1.,0.707106781186548,1.)))
REPRESENTATION_ITEM('')
SURFACE()
);
#16=(
BOUNDED_SURFACE()
B_SPLINE_SURFACE(5,1,((#5665,#5666),(#5667,#5668),(#5669,#5670),(#5671,
#5672),(#5673,#5674),(#5675,#5676),(#5677,#5678),(#5679,#5680),(#5681,#5682),
(#5683,#5684),(#5685,#5686),(#5687,#5688),(#5689,#5690),(#5691,#5692),(#5693,
#5694),(#5695,#5696),(#5697,#5698),(#5699,#5700),(#5701,#5702),(#5703,#5704),
(#5705,#5706),(#5707,#5708),(#5709,#5710),(#5711,#5712),(#5713,#5714),(#5715,
#5716),(#5717,#5718),(#5719,#5720),(#5721,#5722),(#5723,#5724)),
 .UNSPECIFIED.,.F.,.F.,.F.)
B_SPLINE_SURFACE_WITH_KNOTS((6,5,1,1,1,1,1,1,1,1,1,1,1,1,1,1,1,1,1,1,1,
6),(2,2),(-1.27371585862786,0.,0.05,0.1,0.15,0.2,0.25,0.3,0.35,0.4,0.45,
0.5,0.55,0.6,0.65,0.7,0.75,0.8,0.85,0.9,0.95,1.),(-0.31,0.694000000000012),
 .UNSPECIFIED.)
GEOMETRIC_REPRESENTATION_ITEM()
RATIONAL_B_SPLINE_SURFACE(((1.,1.),(1.,1.),(1.,1.),(1.,1.),(1.,1.),(1.,
1.),(1.,1.),(1.,1.),(1.,1.),(1.,1.),(1.,1.),(1.,1.),(1.,1.),(1.,1.),(1.,
1.),(1.,1.),(1.,1.),(1.,1.),(1.,1.),(1.,1.),(1.,1.),(1.,1.),(1.,1.),(1.,
1.),(1.,1.),(1.,1.),(1.,1.),(1.,1.),(1.,1.),(1.,1.)))
REPRESENTATION_ITEM('')
SURFACE()
);
#17=(
BOUNDED_SURFACE()
B_SPLINE_SURFACE(5,1,((#5768,#5769),(#5770,#5771),(#5772,#5773),(#5774,
#5775),(#5776,#5777),(#5778,#5779),(#5780,#5781),(#5782,#5783),(#5784,#5785),
(#5786,#5787),(#5788,#5789),(#5790,#5791),(#5792,#5793),(#5794,#5795),(#5796,
#5797),(#5798,#5799),(#5800,#5801),(#5802,#5803),(#5804,#5805),(#5806,#5807),
(#5808,#5809),(#5810,#5811),(#5812,#5813),(#5814,#5815),(#5816,#5817),(#5818,
#5819),(#5820,#5821),(#5822,#5823),(#5824,#5825),(#5826,#5827)),
 .UNSPECIFIED.,.F.,.F.,.F.)
B_SPLINE_SURFACE_WITH_KNOTS((6,1,1,1,1,1,1,1,1,1,1,1,1,1,1,1,1,1,1,1,5,
6),(2,2),(0.,0.05,0.1,0.15,0.2,0.25,0.3,0.35,0.4,0.45,0.5,0.55,0.6,0.65,
0.7,0.75,0.8,0.85,0.9,0.95,1.,2.26599931948945),(-0.694,0.31),
 .UNSPECIFIED.)
GEOMETRIC_REPRESENTATION_ITEM()
RATIONAL_B_SPLINE_SURFACE(((1.,1.),(1.,1.),(1.,1.),(1.,1.),(1.,1.),(1.,
1.),(1.,1.),(1.,1.),(1.,1.),(1.,1.),(1.,1.),(1.,1.),(1.,1.),(1.,1.),(1.,
1.),(1.,1.),(1.,1.),(1.,1.),(1.,1.),(1.,1.),(1.,1.),(1.,1.),(1.,1.),(1.,
1.),(1.,1.),(1.,1.),(1.,1.),(1.,1.),(1.,1.),(1.,1.)))
REPRESENTATION_ITEM('')
SURFACE()
);
#18=(
BOUNDED_SURFACE()
B_SPLINE_SURFACE(5,1,((#5895,#5896),(#5897,#5898),(#5899,#5900),(#5901,
#5902),(#5903,#5904),(#5905,#5906),(#5907,#5908),(#5909,#5910),(#5911,#5912),
(#5913,#5914),(#5915,#5916),(#5917,#5918),(#5919,#5920),(#5921,#5922),(#5923,
#5924),(#5925,#5926),(#5927,#5928),(#5929,#5930),(#5931,#5932),(#5933,#5934),
(#5935,#5936),(#5937,#5938),(#5939,#5940),(#5941,#5942),(#5943,#5944),(#5945,
#5946),(#5947,#5948),(#5949,#5950),(#5951,#5952),(#5953,#5954)),
 .UNSPECIFIED.,.F.,.F.,.F.)
B_SPLINE_SURFACE_WITH_KNOTS((6,5,1,1,1,1,1,1,1,1,1,1,1,1,1,1,1,1,1,1,1,
6),(2,2),(-1.27371585862786,0.,0.05,0.1,0.15,0.2,0.25,0.3,0.35,0.4,0.45,
0.5,0.55,0.6,0.65,0.7,0.75,0.8,0.85,0.9,0.95,1.),(-0.31,0.694000000000012),
 .UNSPECIFIED.)
GEOMETRIC_REPRESENTATION_ITEM()
RATIONAL_B_SPLINE_SURFACE(((1.,1.),(1.,1.),(1.,1.),(1.,1.),(1.,1.),(1.,
1.),(1.,1.),(1.,1.),(1.,1.),(1.,1.),(1.,1.),(1.,1.),(1.,1.),(1.,1.),(1.,
1.),(1.,1.),(1.,1.),(1.,1.),(1.,1.),(1.,1.),(1.,1.),(1.,1.),(1.,1.),(1.,
1.),(1.,1.),(1.,1.),(1.,1.),(1.,1.),(1.,1.),(1.,1.)))
REPRESENTATION_ITEM('')
SURFACE()
);
#19=(
BOUNDED_SURFACE()
B_SPLINE_SURFACE(5,1,((#5967,#5968),(#5969,#5970),(#5971,#5972),(#5973,
#5974),(#5975,#5976),(#5977,#5978),(#5979,#5980),(#5981,#5982),(#5983,#5984),
(#5985,#5986),(#5987,#5988),(#5989,#5990),(#5991,#5992),(#5993,#5994),(#5995,
#5996),(#5997,#5998),(#5999,#6000),(#6001,#6002),(#6003,#6004),(#6005,#6006),
(#6007,#6008),(#6009,#6010),(#6011,#6012),(#6013,#6014),(#6015,#6016),(#6017,
#6018),(#6019,#6020),(#6021,#6022),(#6023,#6024),(#6025,#6026)),
 .UNSPECIFIED.,.F.,.F.,.F.)
B_SPLINE_SURFACE_WITH_KNOTS((6,5,1,1,1,1,1,1,1,1,1,1,1,1,1,1,1,1,1,1,1,
6),(2,2),(-1.27371585862786,0.,0.05,0.1,0.15,0.2,0.25,0.3,0.35,0.4,0.45,
0.5,0.55,0.6,0.65,0.7,0.75,0.8,0.85,0.9,0.95,1.),(-0.694,0.266),
 .UNSPECIFIED.)
GEOMETRIC_REPRESENTATION_ITEM()
RATIONAL_B_SPLINE_SURFACE(((1.,1.),(1.,1.),(1.,1.),(1.,1.),(1.,1.),(1.,
1.),(1.,1.),(1.,1.),(1.,1.),(1.,1.),(1.,1.),(1.,1.),(1.,1.),(1.,1.),(1.,
1.),(1.,1.),(1.,1.),(1.,1.),(1.,1.),(1.,1.),(1.,1.),(1.,1.),(1.,1.),(1.,
1.),(1.,1.),(1.,1.),(1.,1.),(1.,1.),(1.,1.),(1.,1.)))
REPRESENTATION_ITEM('')
SURFACE()
);
#20=(
BOUNDED_SURFACE()
B_SPLINE_SURFACE(5,1,((#6039,#6040),(#6041,#6042),(#6043,#6044),(#6045,
#6046),(#6047,#6048),(#6049,#6050),(#6051,#6052),(#6053,#6054),(#6055,#6056),
(#6057,#6058),(#6059,#6060),(#6061,#6062),(#6063,#6064),(#6065,#6066),(#6067,
#6068),(#6069,#6070),(#6071,#6072),(#6073,#6074),(#6075,#6076),(#6077,#6078),
(#6079,#6080),(#6081,#6082),(#6083,#6084),(#6085,#6086),(#6087,#6088),(#6089,
#6090),(#6091,#6092),(#6093,#6094),(#6095,#6096),(#6097,#6098)),
 .UNSPECIFIED.,.F.,.F.,.F.)
B_SPLINE_SURFACE_WITH_KNOTS((6,1,1,1,1,1,1,1,1,1,1,1,1,1,1,1,1,1,1,1,5,
6),(2,2),(0.,0.05,0.1,0.15,0.2,0.25,0.3,0.35,0.4,0.45,0.5,0.55,0.6,0.65,
0.7,0.75,0.8,0.85,0.9,0.95,1.,2.26599931948945),(-0.694,0.31),
 .UNSPECIFIED.)
GEOMETRIC_REPRESENTATION_ITEM()
RATIONAL_B_SPLINE_SURFACE(((1.,1.),(1.,1.),(1.,1.),(1.,1.),(1.,1.),(1.,
1.),(1.,1.),(1.,1.),(1.,1.),(1.,1.),(1.,1.),(1.,1.),(1.,1.),(1.,1.),(1.,
1.),(1.,1.),(1.,1.),(1.,1.),(1.,1.),(1.,1.),(1.,1.),(1.,1.),(1.,1.),(1.,
1.),(1.,1.),(1.,1.),(1.,1.),(1.,1.),(1.,1.),(1.,1.)))
REPRESENTATION_ITEM('')
SURFACE()
);
#21=(
BOUNDED_SURFACE()
B_SPLINE_SURFACE(5,1,((#6111,#6112),(#6113,#6114),(#6115,#6116),(#6117,
#6118),(#6119,#6120),(#6121,#6122),(#6123,#6124),(#6125,#6126),(#6127,#6128),
(#6129,#6130),(#6131,#6132),(#6133,#6134),(#6135,#6136),(#6137,#6138),(#6139,
#6140),(#6141,#6142),(#6143,#6144),(#6145,#6146),(#6147,#6148),(#6149,#6150),
(#6151,#6152),(#6153,#6154),(#6155,#6156),(#6157,#6158),(#6159,#6160),(#6161,
#6162),(#6163,#6164),(#6165,#6166),(#6167,#6168),(#6169,#6170)),
 .UNSPECIFIED.,.F.,.F.,.F.)
B_SPLINE_SURFACE_WITH_KNOTS((6,1,1,1,1,1,1,1,1,1,1,1,1,1,1,1,1,1,1,1,5,
6),(2,2),(0.,0.05,0.1,0.15,0.2,0.25,0.3,0.35,0.4,0.45,0.5,0.55,0.6,0.65,
0.7,0.75,0.8,0.85,0.9,0.95,1.,2.26599931948945),(-0.266,0.694000000000001),
 .UNSPECIFIED.)
GEOMETRIC_REPRESENTATION_ITEM()
RATIONAL_B_SPLINE_SURFACE(((1.,1.),(1.,1.),(1.,1.),(1.,1.),(1.,1.),(1.,
1.),(1.,1.),(1.,1.),(1.,1.),(1.,1.),(1.,1.),(1.,1.),(1.,1.),(1.,1.),(1.,
1.),(1.,1.),(1.,1.),(1.,1.),(1.,1.),(1.,1.),(1.,1.),(1.,1.),(1.,1.),(1.,
1.),(1.,1.),(1.,1.),(1.,1.),(1.,1.),(1.,1.),(1.,1.)))
REPRESENTATION_ITEM('')
SURFACE()
);
#22=(
BOUNDED_SURFACE()
B_SPLINE_SURFACE(5,1,((#6187,#6188),(#6189,#6190),(#6191,#6192),(#6193,
#6194),(#6195,#6196),(#6197,#6198),(#6199,#6200),(#6201,#6202),(#6203,#6204),
(#6205,#6206),(#6207,#6208),(#6209,#6210),(#6211,#6212),(#6213,#6214),(#6215,
#6216)),.UNSPECIFIED.,.F.,.F.,.F.)
B_SPLINE_SURFACE_WITH_KNOTS((6,1,1,1,1,1,1,1,1,1,6),(2,2),(0.265895001544197,
0.3,0.35,0.4,0.45,0.5,0.55,0.6,0.65,0.7,0.716191797871285),(-0.15,0.15),
 .UNSPECIFIED.)
GEOMETRIC_REPRESENTATION_ITEM()
RATIONAL_B_SPLINE_SURFACE(((1.,1.),(1.,1.),(1.,1.),(1.,1.),(1.,1.),(1.,
1.),(1.,1.),(1.,1.),(1.,1.),(1.,1.),(1.,1.),(1.,1.),(1.,1.),(1.,1.),(1.,
1.)))
REPRESENTATION_ITEM('')
SURFACE()
);
#23=(
BOUNDED_SURFACE()
B_SPLINE_SURFACE(1,2,((#6217,#6218,#6219,#6220,#6221),(#6222,#6223,#6224,
#6225,#6226)),.UNSPECIFIED.,.F.,.F.,.F.)
B_SPLINE_SURFACE_WITH_KNOTS((2,2),(3,2,3),(-0.303030303030302,2.95454545454545),
(-3.14159272347448,-1.57079636139121,6.92053752370681E-10),
 .UNSPECIFIED.)
GEOMETRIC_REPRESENTATION_ITEM()
RATIONAL_B_SPLINE_SURFACE(((1.,0.707106768710224,1.,0.707106768710224,1.),
(1.,0.707106768710224,1.,0.707106768710224,1.)))
REPRESENTATION_ITEM('')
SURFACE()
);
#24=(
BOUNDED_CURVE()
B_SPLINE_CURVE(2,(#3732,#3733,#3734),.UNSPECIFIED.,.F.,.F.)
B_SPLINE_CURVE_WITH_KNOTS((3,3),(0.,0.0379640394450666),.UNSPECIFIED.)
CURVE()
GEOMETRIC_REPRESENTATION_ITEM()
RATIONAL_B_SPLINE_CURVE((1.,1.,1.))
REPRESENTATION_ITEM('')
);
#25=(
BOUNDED_CURVE()
B_SPLINE_CURVE(2,(#3735,#3736,#3737),.UNSPECIFIED.,.F.,.F.)
B_SPLINE_CURVE_WITH_KNOTS((3,3),(0.,0.0380006092226049),.UNSPECIFIED.)
CURVE()
GEOMETRIC_REPRESENTATION_ITEM()
RATIONAL_B_SPLINE_CURVE((1.,1.,1.))
REPRESENTATION_ITEM('')
);
#26=(
BOUNDED_CURVE()
B_SPLINE_CURVE(2,(#3798,#3799,#3800),.UNSPECIFIED.,.F.,.F.)
B_SPLINE_CURVE_WITH_KNOTS((3,3),(0.,0.0379640394639397),.UNSPECIFIED.)
CURVE()
GEOMETRIC_REPRESENTATION_ITEM()
RATIONAL_B_SPLINE_CURVE((1.,1.,1.))
REPRESENTATION_ITEM('')
);
#27=(
BOUNDED_CURVE()
B_SPLINE_CURVE(2,(#3801,#3802,#3803),.UNSPECIFIED.,.F.,.F.)
B_SPLINE_CURVE_WITH_KNOTS((3,3),(0.,0.0380006092036206),.UNSPECIFIED.)
CURVE()
GEOMETRIC_REPRESENTATION_ITEM()
RATIONAL_B_SPLINE_CURVE((1.,1.,1.))
REPRESENTATION_ITEM('')
);
#28=(
BOUNDED_CURVE()
B_SPLINE_CURVE(5,(#4855,#4856,#4857,#4858,#4859,#4860,#4861,#4862,#4863,
#4864,#4865,#4866,#4867),.UNSPECIFIED.,.F.,.F.)
B_SPLINE_CURVE_WITH_KNOTS((6,1,1,1,1,1,1,1,6),(0.342793374647578,0.35,0.4,
0.45,0.5,0.55,0.6,0.65,0.651028319722573),.UNSPECIFIED.)
CURVE()
GEOMETRIC_REPRESENTATION_ITEM()
RATIONAL_B_SPLINE_CURVE((1.,1.,1.,1.,1.,1.,1.,1.,1.,1.,1.,1.,1.))
REPRESENTATION_ITEM('')
);
#29=(
BOUNDED_CURVE()
B_SPLINE_CURVE(5,(#5411,#5412,#5413,#5414,#5415,#5416,#5417,#5418,#5419,
#5420,#5421,#5422,#5423),.UNSPECIFIED.,.F.,.F.)
B_SPLINE_CURVE_WITH_KNOTS((6,1,1,1,1,1,1,1,6),(-0.651028319722578,-0.65,
-0.6,-0.55,-0.5,-0.45,-0.4,-0.35,-0.342793374647571),.UNSPECIFIED.)
CURVE()
GEOMETRIC_REPRESENTATION_ITEM()
RATIONAL_B_SPLINE_CURVE((1.,1.,1.,1.,1.,1.,1.,1.,1.,1.,1.,1.,1.))
REPRESENTATION_ITEM('')
);
#30=(
BOUNDED_CURVE()
B_SPLINE_CURVE(5,(#5960,#5961,#5962,#5963,#5964,#5965,#5966),
 .UNSPECIFIED.,.F.,.F.)
B_SPLINE_CURVE_WITH_KNOTS((6,1,6),(0.265895001544197,0.3,0.342793374647578),
 .UNSPECIFIED.)
CURVE()
GEOMETRIC_REPRESENTATION_ITEM()
RATIONAL_B_SPLINE_CURVE((1.,1.,1.,1.,1.,1.,1.))
REPRESENTATION_ITEM('')
);
#31=(
BOUNDED_CURVE()
B_SPLINE_CURVE(5,(#6032,#6033,#6034,#6035,#6036,#6037,#6038),
 .UNSPECIFIED.,.F.,.F.)
B_SPLINE_CURVE_WITH_KNOTS((6,1,6),(-0.342793374647571,-0.3,-0.265895001544197),
 .UNSPECIFIED.)
CURVE()
GEOMETRIC_REPRESENTATION_ITEM()
RATIONAL_B_SPLINE_CURVE((1.,1.,1.,1.,1.,1.,1.))
REPRESENTATION_ITEM('')
);
#32=(
BOUNDED_CURVE()
B_SPLINE_CURVE(5,(#6104,#6105,#6106,#6107,#6108,#6109,#6110),
 .UNSPECIFIED.,.F.,.F.)
B_SPLINE_CURVE_WITH_KNOTS((6,1,6),(-0.716191797871285,-0.7,-0.651028319722578),
 .UNSPECIFIED.)
CURVE()
GEOMETRIC_REPRESENTATION_ITEM()
RATIONAL_B_SPLINE_CURVE((1.,1.,1.,1.,1.,1.,1.))
REPRESENTATION_ITEM('')
);
#33=(
BOUNDED_CURVE()
B_SPLINE_CURVE(5,(#6176,#6177,#6178,#6179,#6180,#6181,#6182),
 .UNSPECIFIED.,.F.,.F.)
B_SPLINE_CURVE_WITH_KNOTS((6,1,6),(0.651028319722573,0.7,0.716191797871285),
 .UNSPECIFIED.)
CURVE()
GEOMETRIC_REPRESENTATION_ITEM()
RATIONAL_B_SPLINE_CURVE((1.,1.,1.,1.,1.,1.,1.))
REPRESENTATION_ITEM('')
);
#34=FACE_BOUND('',#395,.T.);
#35=FACE_BOUND('',#396,.T.);
#36=FACE_BOUND('',#397,.T.);
#37=FACE_BOUND('',#402,.T.);
#38=FACE_BOUND('',#403,.T.);
#39=FACE_BOUND('',#404,.T.);
#40=FACE_BOUND('',#408,.T.);
#41=FACE_BOUND('',#410,.T.);
#42=FACE_BOUND('',#412,.T.);
#43=FACE_BOUND('',#413,.T.);
#44=FACE_BOUND('',#497,.T.);
#45=FACE_BOUND('',#498,.T.);
#46=ELLIPSE('',#2390,6.60000000000001,4.5);
#47=ELLIPSE('',#2403,6.60000000000001,4.5);
#48=TOROIDAL_SURFACE('',#2339,10.5,0.5);
#49=TOROIDAL_SURFACE('',#2341,10.5,0.5);
#50=TOROIDAL_SURFACE('',#2367,10.5,0.5);
#51=TOROIDAL_SURFACE('',#2369,10.5,0.5);
#52=PLANE('',#2332);
#53=PLANE('',#2344);
#54=PLANE('',#2352);
#55=PLANE('',#2360);
#56=PLANE('',#2386);
#57=PLANE('',#2399);
#58=PLANE('',#2402);
#59=PLANE('',#2415);
#60=PLANE('',#2416);
#61=PLANE('',#2417);
#62=PLANE('',#2419);
#63=PLANE('',#2422);
#64=PLANE('',#2450);
#65=PLANE('',#2454);
#66=PLANE('',#2455);
#67=PLANE('',#2459);
#68=PLANE('',#2467);
#69=PLANE('',#2472);
#70=CONICAL_SURFACE('',#2317,0.675,0.785398163397449);
#71=CONICAL_SURFACE('',#2320,0.675,0.785398163397455);
#72=CONICAL_SURFACE('',#2323,2.125,0.78539816339745);
#73=CONICAL_SURFACE('',#2398,2.125,0.785398163397451);
#74=CONICAL_SURFACE('',#2400,2.125,0.785398163397448);
#75=CONICAL_SURFACE('',#2414,2.125,0.785398163397448);
#76=CONICAL_SURFACE('',#2423,2.55,0.785398163397448);
#77=CONICAL_SURFACE('',#2425,0.5,0.785398163397447);
#78=CONICAL_SURFACE('',#2427,11.15,0.785398163397448);
#79=CONICAL_SURFACE('',#2429,0.5,0.785398163397448);
#80=CONICAL_SURFACE('',#2431,2.55,0.785398163397447);
#81=CONICAL_SURFACE('',#2442,2.55,0.785398163397448);
#82=CONICAL_SURFACE('',#2443,0.5,0.785398163397448);
#83=CONICAL_SURFACE('',#2444,11.15,0.785398163397448);
#84=CONICAL_SURFACE('',#2445,0.5,0.785398163397447);
#85=CONICAL_SURFACE('',#2446,2.55,0.785398163397448);
#86=CONICAL_SURFACE('',#2451,1.125,0.785398163397454);
#87=CONICAL_SURFACE('',#2456,1.125,0.78539816339745);
#88=B_SPLINE_SURFACE_WITH_KNOTS('',3,3,((#2981,#2982,#2983,#2984),(#2985,
#2986,#2987,#2988),(#2989,#2990,#2991,#2992),(#2993,#2994,#2995,#2996),
(#2997,#2998,#2999,#3000)),.UNSPECIFIED.,.F.,.F.,.F.,(4,1,4),(4,4),(0.,
0.5,1.),(-0.592030406187496,-0.561076578868211),.UNSPECIFIED.);
#89=B_SPLINE_SURFACE_WITH_KNOTS('',3,3,((#3080,#3081,#3082,#3083),(#3084,
#3085,#3086,#3087),(#3088,#3089,#3090,#3091),(#3092,#3093,#3094,#3095),
(#3096,#3097,#3098,#3099)),.UNSPECIFIED.,.F.,.F.,.F.,(4,1,4),(4,4),(0.,
0.5,1.),(-0.56209070233546,-0.530493000067482),.UNSPECIFIED.);
#90=B_SPLINE_SURFACE_WITH_KNOTS('',3,3,((#3256,#3257,#3258,#3259),(#3260,
#3261,#3262,#3263),(#3264,#3265,#3266,#3267),(#3268,#3269,#3270,#3271),
(#3272,#3273,#3274,#3275)),.UNSPECIFIED.,.F.,.F.,.F.,(4,1,4),(4,4),(0.,
0.5,1.),(-0.592543635313105,-0.56158614033728),.UNSPECIFIED.);
#91=B_SPLINE_SURFACE_WITH_KNOTS('',3,3,((#3819,#3820,#3821,#3822,#3823,
#3824,#3825,#3826,#3827),(#3828,#3829,#3830,#3831,#3832,#3833,#3834,#3835,
#3836),(#3837,#3838,#3839,#3840,#3841,#3842,#3843,#3844,#3845),(#3846,#3847,
#3848,#3849,#3850,#3851,#3852,#3853,#3854),(#3855,#3856,#3857,#3858,#3859,
#3860,#3861,#3862,#3863)),.UNSPECIFIED.,.F.,.F.,.F.,(4,1,4),(4,1,1,1,1,
1,4),(0.,0.5,1.),(-0.312333255530401,-0.294484470702366,-0.276635685874332,
-0.258786901046297,-0.223089331390228,-0.205240546562194,-0.187391761734159),
 .UNSPECIFIED.);
#92=B_SPLINE_SURFACE_WITH_KNOTS('',3,3,((#3904,#3905,#3906,#3907),(#3908,
#3909,#3910,#3911),(#3912,#3913,#3914,#3915),(#3916,#3917,#3918,#3919),
(#3920,#3921,#3922,#3923)),.UNSPECIFIED.,.F.,.F.,.F.,(4,1,4),(4,4),(0.,
0.5,1.),(-0.56158614033728,-0.529991903573919),.UNSPECIFIED.);
#93=B_SPLINE_SURFACE_WITH_KNOTS('',3,3,((#3930,#3931,#3932,#3933,#3934),
(#3935,#3936,#3937,#3938,#3939),(#3940,#3941,#3942,#3943,#3944),(#3945,
#3946,#3947,#3948,#3949)),.UNSPECIFIED.,.F.,.F.,.F.,(4,4),(4,1,4),(0.,1.),
(0.,0.0319286693346765,0.0745002284475785),.UNSPECIFIED.);
#94=B_SPLINE_SURFACE_WITH_KNOTS('',3,3,((#3959,#3960,#3961,#3962),(#3963,
#3964,#3965,#3966),(#3967,#3968,#3969,#3970),(#3971,#3972,#3973,#3974)),
 .UNSPECIFIED.,.F.,.F.,.F.,(4,4),(4,4),(0.,1.),(-4.10173739591457E-14,0.00908366674189679),
 .UNSPECIFIED.);
#95=B_SPLINE_SURFACE_WITH_KNOTS('',3,3,((#3981,#3982,#3983,#3984),(#3985,
#3986,#3987,#3988),(#3989,#3990,#3991,#3992),(#3993,#3994,#3995,#3996)),
 .UNSPECIFIED.,.F.,.F.,.F.,(4,4),(4,4),(0.,1.),(0.0582804202137495,0.0673639290129651),
 .UNSPECIFIED.);
#96=B_SPLINE_SURFACE_WITH_KNOTS('',3,3,((#4003,#4004,#4005,#4006,#4007),
(#4008,#4009,#4010,#4011,#4012),(#4013,#4014,#4015,#4016,#4017),(#4018,
#4019,#4020,#4021,#4022)),.UNSPECIFIED.,.F.,.F.,.F.,(4,4),(4,1,4),(0.,1.),
(0.,0.0319286692659271,0.0745002282871633),.UNSPECIFIED.);
#97=B_SPLINE_SURFACE_WITH_KNOTS('',3,3,((#4079,#4080,#4081,#4082),(#4083,
#4084,#4085,#4086),(#4087,#4088,#4089,#4090),(#4091,#4092,#4093,#4094),
(#4095,#4096,#4097,#4098),(#4099,#4100,#4101,#4102)),.UNSPECIFIED.,.F.,
 .F.,.F.,(4,1,1,4),(4,4),(0.,0.285714285714286,0.571428571428571,1.),(2.77555756156289E-17,
0.3345),.UNSPECIFIED.);
#98=B_SPLINE_SURFACE_WITH_KNOTS('',3,3,((#4109,#4110,#4111,#4112,#4113),
(#4114,#4115,#4116,#4117,#4118),(#4119,#4120,#4121,#4122,#4123),(#4124,
#4125,#4126,#4127,#4128)),.UNSPECIFIED.,.F.,.F.,.F.,(4,4),(4,1,4),(0.,1.),
(0.,0.0319286692659271,0.0745002282871633),.UNSPECIFIED.);
#99=B_SPLINE_SURFACE_WITH_KNOTS('',3,3,((#4138,#4139,#4140,#4141),(#4142,
#4143,#4144,#4145),(#4146,#4147,#4148,#4149),(#4150,#4151,#4152,#4153)),
 .UNSPECIFIED.,.F.,.F.,.F.,(4,4),(4,4),(0.,1.),(-8.06437060746489E-19,0.00908366630201982),
 .UNSPECIFIED.);
#100=B_SPLINE_SURFACE_WITH_KNOTS('',3,3,((#4160,#4161,#4162,#4163),(#4164,
#4165,#4166,#4167),(#4168,#4169,#4170,#4171),(#4172,#4173,#4174,#4175)),
 .UNSPECIFIED.,.F.,.F.,.F.,(4,4),(4,4),(0.,1.),(0.0582804199982371,0.06736392923736),
 .UNSPECIFIED.);
#101=B_SPLINE_SURFACE_WITH_KNOTS('',3,3,((#4182,#4183,#4184,#4185,#4186),
(#4187,#4188,#4189,#4190,#4191),(#4192,#4193,#4194,#4195,#4196),(#4197,
#4198,#4199,#4200,#4201)),.UNSPECIFIED.,.F.,.F.,.F.,(4,4),(4,1,4),(0.,1.),
(0.,0.0319286693346765,0.0745002284475784),.UNSPECIFIED.);
#102=B_SPLINE_SURFACE_WITH_KNOTS('',3,3,((#4233,#4234,#4235,#4236),(#4237,
#4238,#4239,#4240),(#4241,#4242,#4243,#4244),(#4245,#4246,#4247,#4248),
(#4249,#4250,#4251,#4252),(#4253,#4254,#4255,#4256)),.UNSPECIFIED.,.F.,
 .F.,.F.,(4,1,1,4),(4,4),(0.,0.285714285714286,0.571428571428571,1.),(0.,
0.3345),.UNSPECIFIED.);
#103=B_SPLINE_SURFACE_WITH_KNOTS('',3,3,((#4281,#4282,#4283,#4284),(#4285,
#4286,#4287,#4288),(#4289,#4290,#4291,#4292),(#4293,#4294,#4295,#4296),
(#4297,#4298,#4299,#4300),(#4301,#4302,#4303,#4304)),.UNSPECIFIED.,.F.,
 .F.,.F.,(4,1,1,4),(4,4),(0.,0.285714285714286,0.571428571428571,1.),(0.,
0.3345),.UNSPECIFIED.);
#104=B_SPLINE_SURFACE_WITH_KNOTS('',3,3,((#4311,#4312,#4313,#4314),(#4315,
#4316,#4317,#4318),(#4319,#4320,#4321,#4322),(#4323,#4324,#4325,#4326),
(#4327,#4328,#4329,#4330),(#4331,#4332,#4333,#4334)),.UNSPECIFIED.,.F.,
 .F.,.F.,(4,1,1,4),(4,4),(0.,0.285714285714286,0.571428571428571,1.),(0.,
1.441),.UNSPECIFIED.);
#105=B_SPLINE_SURFACE_WITH_KNOTS('',3,3,((#4339,#4340,#4341,#4342),(#4343,
#4344,#4345,#4346),(#4347,#4348,#4349,#4350),(#4351,#4352,#4353,#4354),
(#4355,#4356,#4357,#4358),(#4359,#4360,#4361,#4362)),.UNSPECIFIED.,.F.,
 .F.,.F.,(4,1,1,4),(4,4),(0.,0.285714285714286,0.571428571428571,1.),(0.,
1.441),.UNSPECIFIED.);
#106=B_SPLINE_SURFACE_WITH_KNOTS('',3,3,((#4369,#4370,#4371,#4372),(#4373,
#4374,#4375,#4376),(#4377,#4378,#4379,#4380),(#4381,#4382,#4383,#4384),
(#4385,#4386,#4387,#4388),(#4389,#4390,#4391,#4392)),.UNSPECIFIED.,.F.,
 .F.,.F.,(4,1,1,4),(4,4),(0.,0.285714285714286,0.571428571428571,1.),(0.,
0.3345),.UNSPECIFIED.);
#107=B_SPLINE_SURFACE_WITH_KNOTS('',3,1,((#4397,#4398),(#4399,#4400),(#4401,
#4402),(#4403,#4404),(#4405,#4406),(#4407,#4408)),.UNSPECIFIED.,.F.,.F.,
 .F.,(4,2,4),(2,2),(0.,0.0335833599863817,0.0673639290129244),(0.,0.3545),
 .UNSPECIFIED.);
#108=B_SPLINE_SURFACE_WITH_KNOTS('',3,1,((#4415,#4416),(#4417,#4418),(#4419,
#4420),(#4421,#4422)),.UNSPECIFIED.,.F.,.F.,.F.,(4,4),(2,2),(1.5707963267949,
1.71292541719851),(-0.2575,2.00942104198512),.UNSPECIFIED.);
#109=B_SPLINE_SURFACE_WITH_KNOTS('',3,1,((#4429,#4430),(#4431,#4432),(#4433,
#4434),(#4435,#4436),(#4437,#4438),(#4439,#4440)),.UNSPECIFIED.,.F.,.F.,
 .F.,(4,2,4),(2,2),(0.,0.0337811547622801,0.0673650970649074),(0.,0.3545),
 .UNSPECIFIED.);
#110=B_SPLINE_SURFACE_WITH_KNOTS('',3,3,((#4443,#4444,#4445,#4446,#4447,
#4448,#4449,#4450),(#4451,#4452,#4453,#4454,#4455,#4456,#4457,#4458),(#4459,
#4460,#4461,#4462,#4463,#4464,#4465,#4466),(#4467,#4468,#4469,#4470,#4471,
#4472,#4473,#4474)),.UNSPECIFIED.,.F.,.F.,.F.,(4,4),(4,2,1,1,4),(0.,1.),
(-0.41445388170717,-0.413745539123324,-0.248247323473994,-0.165498215649329,
0.),.UNSPECIFIED.);
#111=B_SPLINE_SURFACE_WITH_KNOTS('',3,3,((#4495,#4496,#4497,#4498),(#4499,
#4500,#4501,#4502),(#4503,#4504,#4505,#4506),(#4507,#4508,#4509,#4510),
(#4511,#4512,#4513,#4514)),.UNSPECIFIED.,.F.,.F.,.F.,(4,1,4),(4,4),(0.,
0.5,1.),(0.,0.0217563523689356),.UNSPECIFIED.);
#112=B_SPLINE_SURFACE_WITH_KNOTS('',3,3,((#4526,#4527,#4528,#4529,#4530,
#4531,#4532,#4533,#4534,#4535,#4536),(#4537,#4538,#4539,#4540,#4541,#4542,
#4543,#4544,#4545,#4546,#4547),(#4548,#4549,#4550,#4551,#4552,#4553,#4554,
#4555,#4556,#4557,#4558),(#4559,#4560,#4561,#4562,#4563,#4564,#4565,#4566,
#4567,#4568,#4569),(#4570,#4571,#4572,#4573,#4574,#4575,#4576,#4577,#4578,
#4579,#4580)),.UNSPECIFIED.,.F.,.F.,.F.,(4,1,4),(4,1,1,1,1,1,1,1,4),(0.,
0.5,1.),(0.,0.0536301164420585,0.107260232884117,0.214520465768234,0.321780698652351,
0.536301164420585,0.643561397304702,0.69719151374676,0.750821630188819),
 .UNSPECIFIED.);
#113=B_SPLINE_SURFACE_WITH_KNOTS('',3,3,((#4606,#4607,#4608,#4609),(#4610,
#4611,#4612,#4613),(#4614,#4615,#4616,#4617),(#4618,#4619,#4620,#4621),
(#4622,#4623,#4624,#4625)),.UNSPECIFIED.,.F.,.F.,.F.,(4,1,4),(4,4),(0.,
0.5,1.),(0.,0.0338079328625668),.UNSPECIFIED.);
#114=B_SPLINE_SURFACE_WITH_KNOTS('',3,3,((#4637,#4638,#4639,#4640,#4641,
#4642,#4643,#4644),(#4645,#4646,#4647,#4648,#4649,#4650,#4651,#4652),(#4653,
#4654,#4655,#4656,#4657,#4658,#4659,#4660),(#4661,#4662,#4663,#4664,#4665,
#4666,#4667,#4668),(#4669,#4670,#4671,#4672,#4673,#4674,#4675,#4676)),
 .UNSPECIFIED.,.F.,.F.,.F.,(4,1,4),(4,1,1,2,4),(0.,0.571428571428571,1.),
(-0.402905483626722,-0.241743290176033,-0.161162193450689,0.,0.000715373994380922),
 .UNSPECIFIED.);
#115=B_SPLINE_SURFACE_WITH_KNOTS('',3,3,((#4694,#4695,#4696,#4697,#4698),
(#4699,#4700,#4701,#4702,#4703),(#4704,#4705,#4706,#4707,#4708),(#4709,
#4710,#4711,#4712,#4713),(#4714,#4715,#4716,#4717,#4718)),.UNSPECIFIED.,
 .F.,.F.,.F.,(4,1,4),(4,1,4),(0.,0.571428571428571,1.),(5.0644528570298,
5.29848133470048,5.61051930492806),.UNSPECIFIED.);
#116=B_SPLINE_SURFACE_WITH_KNOTS('',3,3,((#4868,#4869,#4870,#4871),(#4872,
#4873,#4874,#4875),(#4876,#4877,#4878,#4879),(#4880,#4881,#4882,#4883),
(#4884,#4885,#4886,#4887)),.UNSPECIFIED.,.F.,.F.,.F.,(4,1,4),(4,4),(0.,
0.571428571428571,1.),(1.51032697153442,2.04396210735128),.UNSPECIFIED.);
#117=B_SPLINE_SURFACE_WITH_KNOTS('',3,3,((#4998,#4999,#5000,#5001),(#5002,
#5003,#5004,#5005),(#5006,#5007,#5008,#5009),(#5010,#5011,#5012,#5013)),
 .UNSPECIFIED.,.F.,.F.,.F.,(4,4),(4,4),(0.,1.),(-5.99520433297585E-14,0.62000000000006),
 .UNSPECIFIED.);
#118=B_SPLINE_SURFACE_WITH_KNOTS('',3,3,((#5032,#5033,#5034,#5035,#5036,
#5037,#5038,#5039),(#5040,#5041,#5042,#5043,#5044,#5045,#5046,#5047),(#5048,
#5049,#5050,#5051,#5052,#5053,#5054,#5055),(#5056,#5057,#5058,#5059,#5060,
#5061,#5062,#5063)),.UNSPECIFIED.,.F.,.F.,.F.,(4,4),(4,2,1,1,4),(0.,1.),
(-0.403620857621101,-0.402905483626709,-0.241743290176025,-0.161162193450684,
0.),.UNSPECIFIED.);
#119=B_SPLINE_SURFACE_WITH_KNOTS('',3,3,((#5084,#5085,#5086,#5087),(#5088,
#5089,#5090,#5091),(#5092,#5093,#5094,#5095),(#5096,#5097,#5098,#5099),
(#5100,#5101,#5102,#5103)),.UNSPECIFIED.,.F.,.F.,.F.,(4,1,4),(4,4),(0.,
0.5,1.),(0.,0.0338079328623808),.UNSPECIFIED.);
#120=B_SPLINE_SURFACE_WITH_KNOTS('',3,3,((#5115,#5116,#5117,#5118,#5119,
#5120,#5121,#5122,#5123,#5124,#5125),(#5126,#5127,#5128,#5129,#5130,#5131,
#5132,#5133,#5134,#5135,#5136),(#5137,#5138,#5139,#5140,#5141,#5142,#5143,
#5144,#5145,#5146,#5147),(#5148,#5149,#5150,#5151,#5152,#5153,#5154,#5155,
#5156,#5157,#5158),(#5159,#5160,#5161,#5162,#5163,#5164,#5165,#5166,#5167,
#5168,#5169)),.UNSPECIFIED.,.F.,.F.,.F.,(4,1,4),(4,1,1,1,1,1,1,1,4),(0.,
0.5,1.),(0.,0.0536279201520222,0.107255840304044,0.214511680608089,0.321767520912133,
0.536279201520222,0.643535041824267,0.697162961976289,0.750790882128311),
 .UNSPECIFIED.);
#121=B_SPLINE_SURFACE_WITH_KNOTS('',3,3,((#5195,#5196,#5197,#5198),(#5199,
#5200,#5201,#5202),(#5203,#5204,#5205,#5206),(#5207,#5208,#5209,#5210),
(#5211,#5212,#5213,#5214)),.UNSPECIFIED.,.F.,.F.,.F.,(4,1,4),(4,4),(0.,
0.5,1.),(0.,0.0217563523694411),.UNSPECIFIED.);
#122=B_SPLINE_SURFACE_WITH_KNOTS('',3,3,((#5225,#5226,#5227,#5228,#5229,
#5230,#5231,#5232),(#5233,#5234,#5235,#5236,#5237,#5238,#5239,#5240),(#5241,
#5242,#5243,#5244,#5245,#5246,#5247,#5248),(#5249,#5250,#5251,#5252,#5253,
#5254,#5255,#5256),(#5257,#5258,#5259,#5260,#5261,#5262,#5263,#5264)),
 .UNSPECIFIED.,.F.,.F.,.F.,(4,1,4),(4,1,1,2,4),(0.,0.571428571428571,1.),
(-0.413745539123262,-0.165498215649305,-0.0827491078246524,0.,0.000708342583908438),
 .UNSPECIFIED.);
#123=B_SPLINE_SURFACE_WITH_KNOTS('',3,3,((#5273,#5274,#5275,#5276),(#5277,
#5278,#5279,#5280),(#5281,#5282,#5283,#5284),(#5285,#5286,#5287,#5288),
(#5289,#5290,#5291,#5292)),.UNSPECIFIED.,.F.,.F.,.F.,(4,1,4),(4,4),(0.,
0.571428571428571,1.),(5.06808933275558,5.60172446857241),.UNSPECIFIED.);
#124=B_SPLINE_SURFACE_WITH_KNOTS('',3,3,((#5424,#5425,#5426,#5427,#5428),
(#5429,#5430,#5431,#5432,#5433),(#5434,#5435,#5436,#5437,#5438),(#5439,
#5440,#5441,#5442,#5443),(#5444,#5445,#5446,#5447,#5448)),.UNSPECIFIED.,
 .F.,.F.,.F.,(4,1,4),(4,1,4),(0.,0.571428571428571,1.),(1.50153216288439,
1.81357013311196,2.04759861078264),.UNSPECIFIED.);
#125=B_SPLINE_SURFACE_WITH_KNOTS('',3,3,((#5566,#5567,#5568,#5569),(#5570,
#5571,#5572,#5573),(#5574,#5575,#5576,#5577),(#5578,#5579,#5580,#5581)),
 .UNSPECIFIED.,.F.,.F.,.F.,(4,4),(4,4),(0.,1.),(-6.96664947952286E-14,0.620000000000071),
 .UNSPECIFIED.);
#126=B_SPLINE_SURFACE_WITH_KNOTS('',3,1,((#5590,#5591),(#5592,#5593),(#5594,
#5595),(#5596,#5597),(#5598,#5599),(#5600,#5601)),.UNSPECIFIED.,.F.,.F.,
 .F.,(4,2,4),(2,2),(0.,0.0337811548754628,0.0673650972892872),(0.,0.3545),
 .UNSPECIFIED.);
#127=B_SPLINE_SURFACE_WITH_KNOTS('',3,1,((#5606,#5607),(#5608,#5609),(#5610,
#5611),(#5612,#5613),(#5614,#5615),(#5616,#5617)),.UNSPECIFIED.,.F.,.F.,
 .F.,(4,2,4),(2,2),(0.,0.033583360097566,0.0673639292372784),(0.,0.3545),
 .UNSPECIFIED.);
#128=B_SPLINE_SURFACE_WITH_KNOTS('',3,1,((#5623,#5624),(#5625,#5626),(#5627,
#5628),(#5629,#5630)),.UNSPECIFIED.,.F.,.F.,.F.,(4,4),(2,2),(1.42866723591382,
1.57079632679472),(-0.2575,2.00942104198512),.UNSPECIFIED.);
#129=B_SPLINE_SURFACE_WITH_KNOTS('',3,3,((#5633,#5634,#5635,#5636),(#5637,
#5638,#5639,#5640),(#5641,#5642,#5643,#5644),(#5645,#5646,#5647,#5648),
(#5649,#5650,#5651,#5652),(#5653,#5654,#5655,#5656)),.UNSPECIFIED.,.F.,
 .F.,.F.,(4,1,1,4),(4,4),(0.,0.285714285714286,0.571428571428571,1.),(-3.33066907387547E-16,
0.62),.UNSPECIFIED.);
#130=B_SPLINE_SURFACE_WITH_KNOTS('',3,3,((#5736,#5737,#5738,#5739),(#5740,
#5741,#5742,#5743),(#5744,#5745,#5746,#5747),(#5748,#5749,#5750,#5751),
(#5752,#5753,#5754,#5755),(#5756,#5757,#5758,#5759)),.UNSPECIFIED.,.F.,
 .F.,.F.,(4,1,1,4),(4,4),(0.,0.285714285714286,0.571428571428571,1.),(-5.22248910783674E-13,
0.620000000000522),.UNSPECIFIED.);
#131=B_SPLINE_SURFACE_WITH_KNOTS('',3,1,((#5839,#5840),(#5841,#5842),(#5843,
#5844),(#5845,#5846),(#5847,#5848),(#5849,#5850),(#5851,#5852),(#5853,#5854),
(#5855,#5856),(#5857,#5858),(#5859,#5860),(#5861,#5862),(#5863,#5864),(#5865,
#5866),(#5867,#5868),(#5869,#5870),(#5871,#5872),(#5873,#5874),(#5875,#5876),
(#5877,#5878),(#5879,#5880),(#5881,#5882),(#5883,#5884),(#5885,#5886),(#5887,
#5888),(#5889,#5890),(#5891,#5892),(#5893,#5894)),.UNSPECIFIED.,.F.,.F.,
 .F.,(4,3,3,3,3,3,3,3,3,4),(2,2),(-1.3644410856764,-1.,-0.898889766443091,
-0.767229125221616,-0.666210305130975,-0.499311717896653,-0.335647349979438,
-0.24091457223237,-0.136819516635064,0.),(-0.534000000000005,0.31),
 .UNSPECIFIED.);
#132=CIRCLE('',#2307,0.55);
#133=CIRCLE('',#2308,0.55);
#134=CIRCLE('',#2309,0.55);
#135=CIRCLE('',#2310,0.55);
#136=CIRCLE('',#2311,0.6);
#137=CIRCLE('',#2313,2.);
#138=CIRCLE('',#2314,2.);
#139=CIRCLE('',#2316,0.6);
#140=CIRCLE('',#2318,0.8);
#141=CIRCLE('',#2321,0.8);
#142=CIRCLE('',#2322,0.55);
#143=CIRCLE('',#2324,2.);
#144=CIRCLE('',#2325,2.25);
#145=CIRCLE('',#2327,2.);
#146=CIRCLE('',#2329,0.600000000000001);
#147=CIRCLE('',#2330,0.55);
#148=CIRCLE('',#2333,3.4557810846056);
#149=CIRCLE('',#2334,10.7984981763166);
#150=CIRCLE('',#2335,0.3);
#151=CIRCLE('',#2336,10.5);
#152=CIRCLE('',#2337,9.79849817631359);
#153=CIRCLE('',#2338,4.45578108459504);
#154=CIRCLE('',#2340,10.);
#155=CIRCLE('',#2342,10.5);
#156=CIRCLE('',#2343,10.);
#157=CIRCLE('',#2345,0.3);
#158=CIRCLE('',#2346,10.7984981763166);
#159=CIRCLE('',#2347,3.45578108462672);
#160=CIRCLE('',#2348,4.45578108463306);
#161=CIRCLE('',#2349,9.79849817631359);
#162=CIRCLE('',#2353,3.45578108462672);
#163=CIRCLE('',#2354,10.7984981763166);
#164=CIRCLE('',#2355,0.3);
#165=CIRCLE('',#2356,10.5);
#166=CIRCLE('',#2357,9.79849817631359);
#167=CIRCLE('',#2358,4.45578108463306);
#168=CIRCLE('',#2361,4.45578108459504);
#169=CIRCLE('',#2362,9.79849817631359);
#170=CIRCLE('',#2363,10.5);
#171=CIRCLE('',#2364,0.3);
#172=CIRCLE('',#2365,10.7984981763166);
#173=CIRCLE('',#2366,3.4557810846056);
#174=CIRCLE('',#2368,10.);
#175=CIRCLE('',#2370,10.);
#176=CIRCLE('',#2384,0.55);
#177=CIRCLE('',#2385,0.55);
#178=CIRCLE('',#2387,0.750000000000001);
#179=CIRCLE('',#2388,10.);
#180=CIRCLE('',#2389,0.750000000000001);
#181=CIRCLE('',#2391,2.45);
#182=CIRCLE('',#2392,0.6);
#183=CIRCLE('',#2393,11.05);
#184=CIRCLE('',#2394,0.6);
#185=CIRCLE('',#2395,2.45);
#186=CIRCLE('',#2396,2.25);
#187=CIRCLE('',#2397,1.25);
#188=CIRCLE('',#2401,2.25);
#189=CIRCLE('',#2404,0.750000000000001);
#190=CIRCLE('',#2405,10.);
#191=CIRCLE('',#2406,0.750000000000001);
#192=CIRCLE('',#2407,2.45);
#193=CIRCLE('',#2408,0.6);
#194=CIRCLE('',#2409,11.05);
#195=CIRCLE('',#2410,0.6);
#196=CIRCLE('',#2411,2.45);
#197=CIRCLE('',#2412,2.25);
#198=CIRCLE('',#2413,1.25);
#199=CIRCLE('',#2420,0.999999999999999);
#200=CIRCLE('',#2421,0.6);
#201=CIRCLE('',#2424,2.65);
#202=CIRCLE('',#2426,0.4);
#203=CIRCLE('',#2428,11.25);
#204=CIRCLE('',#2430,0.4);
#205=CIRCLE('',#2432,2.65);
#206=CIRCLE('',#2434,0.4);
#207=CIRCLE('',#2436,11.25);
#208=CIRCLE('',#2438,0.4);
#209=CIRCLE('',#2440,2.65);
#210=CIRCLE('',#2441,0.4);
#211=CIRCLE('',#2447,2.65);
#212=CIRCLE('',#2449,0.4);
#213=CIRCLE('',#2452,0.999999999999999);
#214=CIRCLE('',#2457,0.999999999999999);
#215=CIRCLE('',#2460,0.4);
#216=CIRCLE('',#2461,0.4);
#217=CIRCLE('',#2463,0.200000000000001);
#218=CIRCLE('',#2464,0.2);
#219=CIRCLE('',#2465,0.2);
#220=CIRCLE('',#2466,0.199999999999999);
#221=CIRCLE('',#2468,0.200000000000001);
#222=CIRCLE('',#2469,0.199999999999998);
#223=CIRCLE('',#2470,0.2);
#224=CIRCLE('',#2471,0.200000000000001);
#225=FACE_OUTER_BOUND('',#356,.T.);
#226=FACE_OUTER_BOUND('',#357,.T.);
#227=FACE_OUTER_BOUND('',#358,.T.);
#228=FACE_OUTER_BOUND('',#359,.T.);
#229=FACE_OUTER_BOUND('',#360,.T.);
#230=FACE_OUTER_BOUND('',#361,.T.);
#231=FACE_OUTER_BOUND('',#362,.T.);
#232=FACE_OUTER_BOUND('',#363,.T.);
#233=FACE_OUTER_BOUND('',#364,.T.);
#234=FACE_OUTER_BOUND('',#365,.T.);
#235=FACE_OUTER_BOUND('',#366,.T.);
#236=FACE_OUTER_BOUND('',#367,.T.);
#237=FACE_OUTER_BOUND('',#368,.T.);
#238=FACE_OUTER_BOUND('',#369,.T.);
#239=FACE_OUTER_BOUND('',#370,.T.);
#240=FACE_OUTER_BOUND('',#371,.T.);
#241=FACE_OUTER_BOUND('',#372,.T.);
#242=FACE_OUTER_BOUND('',#373,.T.);
#243=FACE_OUTER_BOUND('',#374,.T.);
#244=FACE_OUTER_BOUND('',#375,.T.);
#245=FACE_OUTER_BOUND('',#376,.T.);
#246=FACE_OUTER_BOUND('',#377,.T.);
#247=FACE_OUTER_BOUND('',#378,.T.);
#248=FACE_OUTER_BOUND('',#379,.T.);
#249=FACE_OUTER_BOUND('',#380,.T.);
#250=FACE_OUTER_BOUND('',#381,.T.);
#251=FACE_OUTER_BOUND('',#382,.T.);
#252=FACE_OUTER_BOUND('',#383,.T.);
#253=FACE_OUTER_BOUND('',#384,.T.);
#254=FACE_OUTER_BOUND('',#385,.T.);
#255=FACE_OUTER_BOUND('',#386,.T.);
#256=FACE_OUTER_BOUND('',#387,.T.);
#257=FACE_OUTER_BOUND('',#388,.T.);
#258=FACE_OUTER_BOUND('',#389,.T.);
#259=FACE_OUTER_BOUND('',#390,.T.);
#260=FACE_OUTER_BOUND('',#391,.T.);
#261=FACE_OUTER_BOUND('',#392,.T.);
#262=FACE_OUTER_BOUND('',#393,.T.);
#263=FACE_OUTER_BOUND('',#394,.T.);
#264=FACE_OUTER_BOUND('',#398,.T.);
#265=FACE_OUTER_BOUND('',#399,.T.);
#266=FACE_OUTER_BOUND('',#400,.T.);
#267=FACE_OUTER_BOUND('',#401,.T.);
#268=FACE_OUTER_BOUND('',#405,.T.);
#269=FACE_OUTER_BOUND('',#406,.T.);
#270=FACE_OUTER_BOUND('',#407,.T.);
#271=FACE_OUTER_BOUND('',#409,.T.);
#272=FACE_OUTER_BOUND('',#411,.T.);
#273=FACE_OUTER_BOUND('',#414,.T.);
#274=FACE_OUTER_BOUND('',#415,.T.);
#275=FACE_OUTER_BOUND('',#416,.T.);
#276=FACE_OUTER_BOUND('',#417,.T.);
#277=FACE_OUTER_BOUND('',#418,.T.);
#278=FACE_OUTER_BOUND('',#419,.T.);
#279=FACE_OUTER_BOUND('',#420,.T.);
#280=FACE_OUTER_BOUND('',#421,.T.);
#281=FACE_OUTER_BOUND('',#422,.T.);
#282=FACE_OUTER_BOUND('',#423,.T.);
#283=FACE_OUTER_BOUND('',#424,.T.);
#284=FACE_OUTER_BOUND('',#425,.T.);
#285=FACE_OUTER_BOUND('',#426,.T.);
#286=FACE_OUTER_BOUND('',#427,.T.);
#287=FACE_OUTER_BOUND('',#428,.T.);
#288=FACE_OUTER_BOUND('',#429,.T.);
#289=FACE_OUTER_BOUND('',#430,.T.);
#290=FACE_OUTER_BOUND('',#431,.T.);
#291=FACE_OUTER_BOUND('',#432,.T.);
#292=FACE_OUTER_BOUND('',#433,.T.);
#293=FACE_OUTER_BOUND('',#434,.T.);
#294=FACE_OUTER_BOUND('',#435,.T.);
#295=FACE_OUTER_BOUND('',#436,.T.);
#296=FACE_OUTER_BOUND('',#437,.T.);
#297=FACE_OUTER_BOUND('',#438,.T.);
#298=FACE_OUTER_BOUND('',#439,.T.);
#299=FACE_OUTER_BOUND('',#440,.T.);
#300=FACE_OUTER_BOUND('',#441,.T.);
#301=FACE_OUTER_BOUND('',#442,.T.);
#302=FACE_OUTER_BOUND('',#443,.T.);
#303=FACE_OUTER_BOUND('',#444,.T.);
#304=FACE_OUTER_BOUND('',#445,.T.);
#305=FACE_OUTER_BOUND('',#446,.T.);
#306=FACE_OUTER_BOUND('',#447,.T.);
#307=FACE_OUTER_BOUND('',#448,.T.);
#308=FACE_OUTER_BOUND('',#449,.T.);
#309=FACE_OUTER_BOUND('',#450,.T.);
#310=FACE_OUTER_BOUND('',#451,.T.);
#311=FACE_OUTER_BOUND('',#452,.T.);
#312=FACE_OUTER_BOUND('',#453,.T.);
#313=FACE_OUTER_BOUND('',#454,.T.);
#314=FACE_OUTER_BOUND('',#455,.T.);
#315=FACE_OUTER_BOUND('',#456,.T.);
#316=FACE_OUTER_BOUND('',#457,.T.);
#317=FACE_OUTER_BOUND('',#458,.T.);
#318=FACE_OUTER_BOUND('',#459,.T.);
#319=FACE_OUTER_BOUND('',#460,.T.);
#320=FACE_OUTER_BOUND('',#461,.T.);
#321=FACE_OUTER_BOUND('',#462,.T.);
#322=FACE_OUTER_BOUND('',#463,.T.);
#323=FACE_OUTER_BOUND('',#464,.T.);
#324=FACE_OUTER_BOUND('',#465,.T.);
#325=FACE_OUTER_BOUND('',#466,.T.);
#326=FACE_OUTER_BOUND('',#467,.T.);
#327=FACE_OUTER_BOUND('',#468,.T.);
#328=FACE_OUTER_BOUND('',#469,.T.);
#329=FACE_OUTER_BOUND('',#470,.T.);
#330=FACE_OUTER_BOUND('',#471,.T.);
#331=FACE_OUTER_BOUND('',#472,.T.);
#332=FACE_OUTER_BOUND('',#473,.T.);
#333=FACE_OUTER_BOUND('',#474,.T.);
#334=FACE_OUTER_BOUND('',#475,.T.);
#335=FACE_OUTER_BOUND('',#476,.T.);
#336=FACE_OUTER_BOUND('',#477,.T.);
#337=FACE_OUTER_BOUND('',#478,.T.);
#338=FACE_OUTER_BOUND('',#479,.T.);
#339=FACE_OUTER_BOUND('',#480,.T.);
#340=FACE_OUTER_BOUND('',#481,.T.);
#341=FACE_OUTER_BOUND('',#482,.T.);
#342=FACE_OUTER_BOUND('',#483,.T.);
#343=FACE_OUTER_BOUND('',#484,.T.);
#344=FACE_OUTER_BOUND('',#485,.T.);
#345=FACE_OUTER_BOUND('',#486,.T.);
#346=FACE_OUTER_BOUND('',#487,.T.);
#347=FACE_OUTER_BOUND('',#488,.T.);
#348=FACE_OUTER_BOUND('',#489,.T.);
#349=FACE_OUTER_BOUND('',#490,.T.);
#350=FACE_OUTER_BOUND('',#491,.T.);
#351=FACE_OUTER_BOUND('',#492,.T.);
#352=FACE_OUTER_BOUND('',#493,.T.);
#353=FACE_OUTER_BOUND('',#494,.T.);
#354=FACE_OUTER_BOUND('',#495,.T.);
#355=FACE_OUTER_BOUND('',#496,.T.);
#356=EDGE_LOOP('',(#1418,#1419,#1420,#1421,#1422));
#357=EDGE_LOOP('',(#1423,#1424,#1425,#1426,#1427,#1428));
#358=EDGE_LOOP('',(#1429,#1430,#1431,#1432,#1433));
#359=EDGE_LOOP('',(#1434,#1435,#1436,#1437,#1438,#1439,#1440,#1441));
#360=EDGE_LOOP('',(#1442,#1443,#1444,#1445,#1446));
#361=EDGE_LOOP('',(#1447,#1448,#1449,#1450,#1451));
#362=EDGE_LOOP('',(#1452,#1453,#1454,#1455,#1456,#1457));
#363=EDGE_LOOP('',(#1458,#1459,#1460,#1461,#1462));
#364=EDGE_LOOP('',(#1463,#1464,#1465,#1466,#1467,#1468));
#365=EDGE_LOOP('',(#1469,#1470,#1471,#1472,#1473,#1474));
#366=EDGE_LOOP('',(#1475,#1476,#1477,#1478,#1479,#1480,#1481,#1482));
#367=EDGE_LOOP('',(#1483,#1484,#1485,#1486,#1487));
#368=EDGE_LOOP('',(#1488,#1489,#1490,#1491,#1492));
#369=EDGE_LOOP('',(#1493,#1494,#1495,#1496,#1497,#1498));
#370=EDGE_LOOP('',(#1499,#1500,#1501,#1502,#1503,#1504,#1505));
#371=EDGE_LOOP('',(#1506,#1507,#1508,#1509));
#372=EDGE_LOOP('',(#1510,#1511,#1512,#1513));
#373=EDGE_LOOP('',(#1514,#1515,#1516,#1517,#1518,#1519,#1520));
#374=EDGE_LOOP('',(#1521,#1522,#1523,#1524,#1525,#1526));
#375=EDGE_LOOP('',(#1527,#1528,#1529,#1530,#1531,#1532));
#376=EDGE_LOOP('',(#1533,#1534,#1535,#1536,#1537,#1538,#1539));
#377=EDGE_LOOP('',(#1540,#1541,#1542,#1543,#1544,#1545));
#378=EDGE_LOOP('',(#1546,#1547,#1548,#1549,#1550,#1551,#1552));
#379=EDGE_LOOP('',(#1553,#1554,#1555,#1556));
#380=EDGE_LOOP('',(#1557,#1558,#1559,#1560));
#381=EDGE_LOOP('',(#1561,#1562,#1563,#1564));
#382=EDGE_LOOP('',(#1565,#1566,#1567,#1568,#1569,#1570));
#383=EDGE_LOOP('',(#1571,#1572,#1573,#1574));
#384=EDGE_LOOP('',(#1575,#1576,#1577,#1578,#1579,#1580,#1581,#1582));
#385=EDGE_LOOP('',(#1583,#1584,#1585,#1586));
#386=EDGE_LOOP('',(#1587,#1588,#1589,#1590,#1591,#1592,#1593,#1594));
#387=EDGE_LOOP('',(#1595,#1596,#1597,#1598));
#388=EDGE_LOOP('',(#1599,#1600,#1601,#1602,#1603,#1604));
#389=EDGE_LOOP('',(#1605,#1606,#1607,#1608,#1609,#1610));
#390=EDGE_LOOP('',(#1611,#1612,#1613,#1614));
#391=EDGE_LOOP('',(#1615,#1616,#1617,#1618,#1619,#1620));
#392=EDGE_LOOP('',(#1621,#1622,#1623,#1624,#1625,#1626));
#393=EDGE_LOOP('',(#1627,#1628,#1629,#1630,#1631,#1632));
#394=EDGE_LOOP('',(#1633,#1634,#1635,#1636,#1637,#1638));
#395=EDGE_LOOP('',(#1639,#1640,#1641,#1642,#1643,#1644,#1645,#1646,#1647));
#396=EDGE_LOOP('',(#1648,#1649,#1650,#1651));
#397=EDGE_LOOP('',(#1652,#1653));
#398=EDGE_LOOP('',(#1654,#1655,#1656,#1657));
#399=EDGE_LOOP('',(#1658,#1659,#1660,#1661));
#400=EDGE_LOOP('',(#1662,#1663,#1664,#1665,#1666,#1667));
#401=EDGE_LOOP('',(#1668,#1669,#1670,#1671,#1672,#1673));
#402=EDGE_LOOP('',(#1674,#1675,#1676,#1677,#1678,#1679,#1680,#1681,#1682));
#403=EDGE_LOOP('',(#1683,#1684,#1685,#1686));
#404=EDGE_LOOP('',(#1687,#1688));
#405=EDGE_LOOP('',(#1689,#1690,#1691,#1692));
#406=EDGE_LOOP('',(#1693,#1694,#1695,#1696));
#407=EDGE_LOOP('',(#1697,#1698,#1699,#1700));
#408=EDGE_LOOP('',(#1701,#1702,#1703,#1704));
#409=EDGE_LOOP('',(#1705,#1706,#1707,#1708));
#410=EDGE_LOOP('',(#1709,#1710,#1711,#1712));
#411=EDGE_LOOP('',(#1713,#1714,#1715,#1716));
#412=EDGE_LOOP('',(#1717,#1718,#1719,#1720));
#413=EDGE_LOOP('',(#1721,#1722,#1723,#1724));
#414=EDGE_LOOP('',(#1725,#1726,#1727,#1728,#1729));
#415=EDGE_LOOP('',(#1730,#1731,#1732,#1733));
#416=EDGE_LOOP('',(#1734,#1735,#1736,#1737));
#417=EDGE_LOOP('',(#1738,#1739,#1740,#1741,#1742));
#418=EDGE_LOOP('',(#1743,#1744,#1745,#1746));
#419=EDGE_LOOP('',(#1747,#1748,#1749,#1750));
#420=EDGE_LOOP('',(#1751,#1752,#1753,#1754));
#421=EDGE_LOOP('',(#1755,#1756,#1757,#1758));
#422=EDGE_LOOP('',(#1759,#1760,#1761,#1762));
#423=EDGE_LOOP('',(#1763,#1764,#1765,#1766));
#424=EDGE_LOOP('',(#1767,#1768,#1769,#1770));
#425=EDGE_LOOP('',(#1771,#1772,#1773,#1774));
#426=EDGE_LOOP('',(#1775,#1776,#1777,#1778));
#427=EDGE_LOOP('',(#1779,#1780,#1781,#1782));
#428=EDGE_LOOP('',(#1783,#1784,#1785,#1786));
#429=EDGE_LOOP('',(#1787,#1788,#1789,#1790));
#430=EDGE_LOOP('',(#1791,#1792,#1793,#1794));
#431=EDGE_LOOP('',(#1795,#1796,#1797,#1798,#1799,#1800));
#432=EDGE_LOOP('',(#1801,#1802,#1803,#1804));
#433=EDGE_LOOP('',(#1805,#1806,#1807,#1808));
#434=EDGE_LOOP('',(#1809,#1810,#1811,#1812));
#435=EDGE_LOOP('',(#1813,#1814,#1815,#1816));
#436=EDGE_LOOP('',(#1817,#1818,#1819,#1820));
#437=EDGE_LOOP('',(#1821,#1822,#1823,#1824));
#438=EDGE_LOOP('',(#1825,#1826,#1827,#1828));
#439=EDGE_LOOP('',(#1829,#1830,#1831,#1832));
#440=EDGE_LOOP('',(#1833,#1834,#1835,#1836));
#441=EDGE_LOOP('',(#1837,#1838,#1839,#1840));
#442=EDGE_LOOP('',(#1841,#1842,#1843,#1844,#1845,#1846));
#443=EDGE_LOOP('',(#1847,#1848,#1849,#1850));
#444=EDGE_LOOP('',(#1851,#1852,#1853,#1854));
#445=EDGE_LOOP('',(#1855,#1856,#1857,#1858));
#446=EDGE_LOOP('',(#1859,#1860,#1861,#1862));
#447=EDGE_LOOP('',(#1863,#1864,#1865,#1866));
#448=EDGE_LOOP('',(#1867,#1868,#1869,#1870));
#449=EDGE_LOOP('',(#1871,#1872,#1873,#1874));
#450=EDGE_LOOP('',(#1875,#1876,#1877,#1878,#1879));
#451=EDGE_LOOP('',(#1880,#1881,#1882,#1883));
#452=EDGE_LOOP('',(#1884,#1885,#1886,#1887));
#453=EDGE_LOOP('',(#1888,#1889,#1890,#1891));
#454=EDGE_LOOP('',(#1892,#1893,#1894,#1895));
#455=EDGE_LOOP('',(#1896,#1897,#1898,#1899));
#456=EDGE_LOOP('',(#1900,#1901,#1902,#1903));
#457=EDGE_LOOP('',(#1904,#1905,#1906,#1907));
#458=EDGE_LOOP('',(#1908,#1909,#1910,#1911));
#459=EDGE_LOOP('',(#1912,#1913,#1914,#1915,#1916,#1917));
#460=EDGE_LOOP('',(#1918,#1919,#1920));
#461=EDGE_LOOP('',(#1921,#1922,#1923,#1924));
#462=EDGE_LOOP('',(#1925,#1926,#1927,#1928));
#463=EDGE_LOOP('',(#1929,#1930,#1931,#1932));
#464=EDGE_LOOP('',(#1933,#1934,#1935));
#465=EDGE_LOOP('',(#1936,#1937,#1938,#1939,#1940,#1941,#1942,#1943,#1944,
#1945));
#466=EDGE_LOOP('',(#1946,#1947,#1948,#1949));
#467=EDGE_LOOP('',(#1950,#1951,#1952,#1953,#1954,#1955,#1956,#1957,#1958,
#1959));
#468=EDGE_LOOP('',(#1960,#1961,#1962,#1963));
#469=EDGE_LOOP('',(#1964,#1965,#1966));
#470=EDGE_LOOP('',(#1967,#1968,#1969,#1970));
#471=EDGE_LOOP('',(#1971,#1972,#1973,#1974));
#472=EDGE_LOOP('',(#1975,#1976,#1977,#1978));
#473=EDGE_LOOP('',(#1979,#1980,#1981));
#474=EDGE_LOOP('',(#1982,#1983,#1984,#1985,#1986,#1987,#1988,#1989,#1990,
#1991));
#475=EDGE_LOOP('',(#1992,#1993,#1994,#1995));
#476=EDGE_LOOP('',(#1996,#1997,#1998,#1999,#2000,#2001,#2002,#2003,#2004,
#2005));
#477=EDGE_LOOP('',(#2006,#2007,#2008,#2009));
#478=EDGE_LOOP('',(#2010,#2011,#2012,#2013));
#479=EDGE_LOOP('',(#2014,#2015,#2016,#2017));
#480=EDGE_LOOP('',(#2018,#2019,#2020,#2021));
#481=EDGE_LOOP('',(#2022,#2023,#2024,#2025));
#482=EDGE_LOOP('',(#2026,#2027,#2028,#2029));
#483=EDGE_LOOP('',(#2030,#2031,#2032,#2033,#2034,#2035,#2036,#2037));
#484=EDGE_LOOP('',(#2038,#2039,#2040,#2041));
#485=EDGE_LOOP('',(#2042,#2043,#2044,#2045,#2046,#2047));
#486=EDGE_LOOP('',(#2048,#2049,#2050,#2051));
#487=EDGE_LOOP('',(#2052,#2053,#2054,#2055,#2056,#2057));
#488=EDGE_LOOP('',(#2058,#2059,#2060,#2061,#2062,#2063,#2064,#2065));
#489=EDGE_LOOP('',(#2066,#2067,#2068));
#490=EDGE_LOOP('',(#2069,#2070,#2071));
#491=EDGE_LOOP('',(#2072,#2073,#2074));
#492=EDGE_LOOP('',(#2075,#2076,#2077));
#493=EDGE_LOOP('',(#2078,#2079,#2080,#2081,#2082,#2083,#2084,#2085));
#494=EDGE_LOOP('',(#2086,#2087,#2088,#2089,#2090,#2091,#2092,#2093));
#495=EDGE_LOOP('',(#2094,#2095,#2096,#2097,#2098,#2099,#2100,#2101));
#496=EDGE_LOOP('',(#2102,#2103,#2104,#2105));
#497=EDGE_LOOP('',(#2106,#2107,#2108,#2109,#2110,#2111,#2112,#2113));
#498=EDGE_LOOP('',(#2114,#2115,#2116,#2117,#2118,#2119,#2120,#2121));
#499=LINE('',#2934,#596);
#500=LINE('',#2962,#597);
#501=LINE('',#2979,#598);
#502=LINE('',#3022,#599);
#503=LINE('',#3035,#600);
#504=LINE('',#3038,#601);
#505=LINE('',#3147,#602);
#506=LINE('',#3164,#603);
#507=LINE('',#3211,#604);
#508=LINE('',#3215,#605);
#509=LINE('',#3227,#606);
#510=LINE('',#3255,#607);
#511=LINE('',#3300,#608);
#512=LINE('',#3320,#609);
#513=LINE('',#3418,#610);
#514=LINE('',#3436,#611);
#515=LINE('',#3476,#612);
#516=LINE('',#3496,#613);
#517=LINE('',#3527,#614);
#518=LINE('',#3547,#615);
#519=LINE('',#3639,#616);
#520=LINE('',#3640,#617);
#521=LINE('',#3642,#618);
#522=LINE('',#3644,#619);
#523=LINE('',#3645,#620);
#524=LINE('',#3648,#621);
#525=LINE('',#3650,#622);
#526=LINE('',#3651,#623);
#527=LINE('',#3653,#624);
#528=LINE('',#3654,#625);
#529=LINE('',#3657,#626);
#530=LINE('',#3659,#627);
#531=LINE('',#3660,#628);
#532=LINE('',#3662,#629);
#533=LINE('',#3663,#630);
#534=LINE('',#3665,#631);
#535=LINE('',#3667,#632);
#536=LINE('',#3668,#633);
#537=LINE('',#3671,#634);
#538=LINE('',#3672,#635);
#539=LINE('',#3681,#636);
#540=LINE('',#3689,#637);
#541=LINE('',#3727,#638);
#542=LINE('',#3730,#639);
#543=LINE('',#3740,#640);
#544=LINE('',#3741,#641);
#545=LINE('',#3747,#642);
#546=LINE('',#3751,#643);
#547=LINE('',#3793,#644);
#548=LINE('',#3796,#645);
#549=LINE('',#3806,#646);
#550=LINE('',#3807,#647);
#551=LINE('',#3809,#648);
#552=LINE('',#3810,#649);
#553=LINE('',#3812,#650);
#554=LINE('',#3813,#651);
#555=LINE('',#3815,#652);
#556=LINE('',#3816,#653);
#557=LINE('',#3817,#654);
#558=LINE('',#3818,#655);
#559=LINE('',#3885,#656);
#560=LINE('',#3929,#657);
#561=LINE('',#3951,#658);
#562=LINE('',#3958,#659);
#563=LINE('',#3976,#660);
#564=LINE('',#3998,#661);
#565=LINE('',#4024,#662);
#566=LINE('',#4032,#663);
#567=LINE('',#4036,#664);
#568=LINE('',#4040,#665);
#569=LINE('',#4044,#666);
#570=LINE('',#4050,#667);
#571=LINE('',#4053,#668);
#572=LINE('',#4056,#669);
#573=LINE('',#4060,#670);
#574=LINE('',#4130,#671);
#575=LINE('',#4137,#672);
#576=LINE('',#4155,#673);
#577=LINE('',#4177,#674);
#578=LINE('',#4202,#675);
#579=LINE('',#4209,#676);
#580=LINE('',#4211,#677);
#581=LINE('',#4213,#678);
#582=LINE('',#4215,#679);
#583=LINE('',#4265,#680);
#584=LINE('',#4266,#681);
#585=LINE('',#4270,#682);
#586=LINE('',#4274,#683);
#587=LINE('',#4275,#684);
#588=LINE('',#4279,#685);
#589=LINE('',#4414,#686);
#590=LINE('',#4428,#687);
#591=LINE('',#4441,#688);
#592=LINE('',#5731,#689);
#593=LINE('',#5834,#690);
#594=LINE('',#6184,#691);
#595=LINE('',#6186,#692);
#596=VECTOR('',#2482,10.);
#597=VECTOR('',#2483,10.);
#598=VECTOR('',#2492,10.);
#599=VECTOR('',#2501,10.);
#600=VECTOR('',#2502,10.);
#601=VECTOR('',#2505,10.);
#602=VECTOR('',#2516,10.);
#603=VECTOR('',#2517,10.);
#604=VECTOR('',#2532,10.);
#605=VECTOR('',#2535,10.);
#606=VECTOR('',#2536,10.);
#607=VECTOR('',#2539,10.);
#608=VECTOR('',#2546,10.);
#609=VECTOR('',#2547,10.);
#610=VECTOR('',#2580,10.);
#611=VECTOR('',#2587,10.);
#612=VECTOR('',#2590,10.);
#613=VECTOR('',#2591,10.);
#614=VECTOR('',#2608,10.);
#615=VECTOR('',#2609,10.);
#616=VECTOR('',#2634,10.);
#617=VECTOR('',#2635,10.);
#618=VECTOR('',#2638,10.);
#619=VECTOR('',#2641,10.);
#620=VECTOR('',#2642,10.);
#621=VECTOR('',#2645,10.);
#622=VECTOR('',#2646,10.);
#623=VECTOR('',#2647,10.);
#624=VECTOR('',#2650,10.);
#625=VECTOR('',#2651,10.);
#626=VECTOR('',#2654,10.);
#627=VECTOR('',#2655,10.);
#628=VECTOR('',#2656,10.);
#629=VECTOR('',#2659,10.);
#630=VECTOR('',#2660,10.);
#631=VECTOR('',#2663,10.);
#632=VECTOR('',#2666,10.);
#633=VECTOR('',#2667,10.);
#634=VECTOR('',#2672,10.);
#635=VECTOR('',#2673,10.);
#636=VECTOR('',#2684,10.);
#637=VECTOR('',#2691,10.);
#638=VECTOR('',#2706,10.);
#639=VECTOR('',#2709,10.);
#640=VECTOR('',#2714,10.);
#641=VECTOR('',#2715,10.);
#642=VECTOR('',#2722,10.);
#643=VECTOR('',#2725,10.);
#644=VECTOR('',#2744,10.);
#645=VECTOR('',#2747,10.);
#646=VECTOR('',#2752,10.);
#647=VECTOR('',#2753,10.);
#648=VECTOR('',#2756,10.);
#649=VECTOR('',#2757,10.);
#650=VECTOR('',#2760,10.);
#651=VECTOR('',#2761,10.);
#652=VECTOR('',#2764,10.);
#653=VECTOR('',#2765,10.);
#654=VECTOR('',#2766,10.);
#655=VECTOR('',#2767,10.);
#656=VECTOR('',#2770,10.);
#657=VECTOR('',#2777,10.);
#658=VECTOR('',#2778,10.);
#659=VECTOR('',#2779,10.);
#660=VECTOR('',#2780,10.);
#661=VECTOR('',#2781,10.);
#662=VECTOR('',#2782,10.);
#663=VECTOR('',#2785,10.);
#664=VECTOR('',#2790,10.);
#665=VECTOR('',#2795,10.);
#666=VECTOR('',#2800,10.);
#667=VECTOR('',#2809,10.);
#668=VECTOR('',#2812,10.);
#669=VECTOR('',#2815,10.);
#670=VECTOR('',#2820,10.);
#671=VECTOR('',#2829,10.);
#672=VECTOR('',#2830,10.);
#673=VECTOR('',#2831,10.);
#674=VECTOR('',#2832,10.);
#675=VECTOR('',#2833,10.);
#676=VECTOR('',#2836,10.);
#677=VECTOR('',#2839,10.);
#678=VECTOR('',#2842,10.);
#679=VECTOR('',#2845,10.);
#680=VECTOR('',#2856,10.);
#681=VECTOR('',#2857,10.);
#682=VECTOR('',#2864,10.);
#683=VECTOR('',#2869,10.);
#684=VECTOR('',#2870,10.);
#685=VECTOR('',#2877,10.);
#686=VECTOR('',#2884,10.);
#687=VECTOR('',#2885,10.);
#688=VECTOR('',#2886,10.);
#689=VECTOR('',#2915,10.);
#690=VECTOR('',#2916,10.);
#691=VECTOR('',#2919,10.);
#692=VECTOR('',#2922,10.);
#693=B_SPLINE_CURVE_WITH_KNOTS('',3,(#2927,#2928,#2929,#2930,#2931,#2932),
 .UNSPECIFIED.,.F.,.F.,(4,2,4),(0.0841141204316375,0.0875423809099945,0.0911423879329014),
 .UNSPECIFIED.);
#694=B_SPLINE_CURVE_WITH_KNOTS('',3,(#2936,#2937,#2938,#2939,#2940,#2941,
#2942,#2943,#2944,#2945,#2946,#2947,#2948,#2949,#2950,#2951,#2952,#2953,
#2954,#2955,#2956,#2957,#2958,#2959,#2960),.UNSPECIFIED.,.F.,.F.,(4,3,3,
3,3,3,3,3,4),(-0.0177395078804441,-0.0173947356474743,-0.0145954551815146,
-0.0132615549653666,-0.010052718551793,-0.00928088184722398,-0.00654713100807368,
-0.00548381678018686,-0.00413987006699708),.UNSPECIFIED.);
#695=B_SPLINE_CURVE_WITH_KNOTS('',3,(#2963,#2964,#2965,#2966,#2967,#2968,
#2969,#2970),.UNSPECIFIED.,.F.,.F.,(4,2,2,4),(0.0165783300931396,0.019903865576274,
0.0232294010594084,0.0232809974309017),.UNSPECIFIED.);
#696=B_SPLINE_CURVE_WITH_KNOTS('',3,(#3002,#3003,#3004,#3005,#3006,#3007,
#3008,#3009,#3010,#3011),.UNSPECIFIED.,.F.,.F.,(4,2,2,2,4),(0.00874194928210438,
0.0238216311585142,0.0493737462783069,0.0662727564343624,0.0843662210934233),
 .UNSPECIFIED.);
#697=B_SPLINE_CURVE_WITH_KNOTS('',3,(#3013,#3014,#3015,#3016),
 .UNSPECIFIED.,.F.,.F.,(4,4),(-0.592030406187496,-0.561076578868211),
 .UNSPECIFIED.);
#698=B_SPLINE_CURVE_WITH_KNOTS('',3,(#3024,#3025,#3026,#3027,#3028,#3029,
#3030,#3031,#3032,#3033),.UNSPECIFIED.,.F.,.F.,(4,2,2,2,4),(0.,0.0200131556995937,
0.041638005183132,0.0628220592834474,0.0751124794067504),.UNSPECIFIED.);
#699=B_SPLINE_CURVE_WITH_KNOTS('',3,(#3040,#3041,#3042,#3043,#3044,#3045,
#3046,#3047,#3048,#3049,#3050,#3051,#3052,#3053,#3054,#3055,#3056,#3057,
#3058,#3059,#3060,#3061,#3062,#3063,#3064),.UNSPECIFIED.,.F.,.F.,(4,3,3,
3,3,3,3,3,4),(-0.0393441076103927,-0.0377045734157189,-0.0349385237525016,
-0.0339352627681241,-0.0307522202119994,-0.0301727863442328,-0.0273688179641316,
-0.0258965996959102,-0.0257225739399759),.UNSPECIFIED.);
#700=B_SPLINE_CURVE_WITH_KNOTS('',3,(#3066,#3067,#3068,#3069,#3070,#3071),
 .UNSPECIFIED.,.F.,.F.,(4,2,4),(0.0555661072802289,0.0591661143031357,0.0625943747814927),
 .UNSPECIFIED.);
#701=B_SPLINE_CURVE_WITH_KNOTS('',3,(#3072,#3073,#3074,#3075,#3076,#3077,
#3078,#3079),.UNSPECIFIED.,.F.,.F.,(4,2,2,4),(-0.0232809974042855,-0.0232294010594084,
-0.019903865576274,-0.0165783300931397),.UNSPECIFIED.);
#702=B_SPLINE_CURVE_WITH_KNOTS('',3,(#3102,#3103,#3104,#3105),
 .UNSPECIFIED.,.F.,.F.,(4,4),(-0.56209070233546,-0.530493002152433),
 .UNSPECIFIED.);
#703=B_SPLINE_CURVE_WITH_KNOTS('',3,(#3108,#3109,#3110,#3111),
 .UNSPECIFIED.,.F.,.F.,(4,4),(0.,0.0351670071193337),.UNSPECIFIED.);
#704=B_SPLINE_CURVE_WITH_KNOTS('',3,(#3114,#3115,#3116,#3117),
 .UNSPECIFIED.,.F.,.F.,(4,4),(0.,0.0351670071193275),.UNSPECIFIED.);
#705=B_SPLINE_CURVE_WITH_KNOTS('',3,(#3121,#3122,#3123,#3124,#3125,#3126,
#3127,#3128,#3129,#3130,#3131,#3132,#3133,#3134,#3135,#3136,#3137,#3138,
#3139,#3140,#3141,#3142,#3143,#3144,#3145),.UNSPECIFIED.,.F.,.F.,(4,3,3,
3,3,3,3,3,4),(-0.0390624059670601,-0.037532334599805,-0.0347920787630106,
-0.0337591942731555,-0.0305651981407788,-0.0300062522092791,-0.0272013652589415,
-0.0257393984231652,-0.0253977629311675),.UNSPECIFIED.);
#706=B_SPLINE_CURVE_WITH_KNOTS('',3,(#3149,#3150,#3151,#3152,#3153,#3154),
 .UNSPECIFIED.,.F.,.F.,(4,2,4),(0.0555661072802288,0.0591661143031356,0.062628008001744),
 .UNSPECIFIED.);
#707=B_SPLINE_CURVE_WITH_KNOTS('',3,(#3156,#3157,#3158,#3159,#3160,#3161,
#3162,#3163),.UNSPECIFIED.,.F.,.F.,(4,2,2,4),(-0.0233138141542386,-0.0232294010594084,
-0.019903865576274,-0.0165783300931397),.UNSPECIFIED.);
#708=B_SPLINE_CURVE_WITH_KNOTS('',3,(#3167,#3168,#3169,#3170),
 .UNSPECIFIED.,.F.,.F.,(4,4),(0.,0.0351764027612767),.UNSPECIFIED.);
#709=B_SPLINE_CURVE_WITH_KNOTS('',3,(#3174,#3175,#3176,#3177),
 .UNSPECIFIED.,.F.,.F.,(4,4),(0.,0.0351764027612855),.UNSPECIFIED.);
#710=B_SPLINE_CURVE_WITH_KNOTS('',3,(#3179,#3180,#3181,#3182,#3183,#3184,
#3185,#3186),.UNSPECIFIED.,.F.,.F.,(4,2,2,4),(0.0165783300931397,0.0199038655762741,
0.0232294010594084,0.0233138142243842),.UNSPECIFIED.);
#711=B_SPLINE_CURVE_WITH_KNOTS('',3,(#3191,#3192,#3193,#3194,#3195,#3196),
 .UNSPECIFIED.,.F.,.F.,(4,2,4),(0.0840804872113859,0.0875423809099943,0.0911423879329011),
 .UNSPECIFIED.);
#712=B_SPLINE_CURVE_WITH_KNOTS('',3,(#3200,#3201,#3202,#3203,#3204,#3205,
#3206,#3207,#3208,#3209),.UNSPECIFIED.,.F.,.F.,(4,2,2,2,4),(0.,0.020015393614402,
0.0415838523596785,0.0629590909491999,0.0753971249810459),.UNSPECIFIED.);
#713=B_SPLINE_CURVE_WITH_KNOTS('',3,(#3217,#3218,#3219,#3220,#3221,#3222,
#3223,#3224,#3225,#3226),.UNSPECIFIED.,.F.,.F.,(4,2,2,2,4),(0.00880845655091816,
0.0238359025164527,0.0493061801330274,0.0661394654506378,0.0841812994494849),
 .UNSPECIFIED.);
#714=B_SPLINE_CURVE_WITH_KNOTS('',3,(#3230,#3231,#3232,#3233,#3234,#3235,
#3236,#3237,#3238,#3239,#3240,#3241,#3242,#3243,#3244,#3245,#3246,#3247,
#3248,#3249,#3250,#3251,#3252,#3253,#3254),.UNSPECIFIED.,.F.,.F.,(4,3,3,
3,3,3,3,3,4),(-0.0176833335875056,-0.0173923638037274,-0.0145948859046267,
-0.0132492690200215,-0.0100564327278631,-0.00926083528028787,-0.00652222239890245,
-0.00547208382806784,-0.00401635535645476),.UNSPECIFIED.);
#715=B_SPLINE_CURVE_WITH_KNOTS('',3,(#3277,#3278,#3279,#3280),
 .UNSPECIFIED.,.F.,.F.,(4,4),(-0.592543635313105,-0.56158614033728),
 .UNSPECIFIED.);
#716=B_SPLINE_CURVE_WITH_KNOTS('',3,(#3287,#3288,#3289,#3290,#3291,#3292,
#3293,#3294,#3295,#3296,#3297,#3298),.UNSPECIFIED.,.F.,.F.,(4,2,2,2,2,4),
(0.,0.0188276738823585,0.037655347764717,0.0504267030964829,0.0631980584282488,
0.0652419381081928),.UNSPECIFIED.);
#717=B_SPLINE_CURVE_WITH_KNOTS('',3,(#3302,#3303,#3304,#3305,#3306,#3307,
#3308,#3309,#3310,#3311),.UNSPECIFIED.,.F.,.F.,(4,2,2,2,4),(0.158167110992878,
0.16779146484519,0.180562820176956,0.199390494059314,0.218218167941672),
 .UNSPECIFIED.);
#718=B_SPLINE_CURVE_WITH_KNOTS('',3,(#3313,#3314,#3315,#3316,#3317,#3318),
 .UNSPECIFIED.,.F.,.F.,(4,2,4),(0.075398006288645,0.0943012025821822,0.098169794971478),
 .UNSPECIFIED.);
#719=B_SPLINE_CURVE_WITH_KNOTS('',3,(#3321,#3322,#3323,#3324),
 .UNSPECIFIED.,.F.,.F.,(4,4),(0.20849106339806,0.226288975885498),
 .UNSPECIFIED.);
#720=B_SPLINE_CURVE_WITH_KNOTS('',3,(#3339,#3340,#3341,#3342,#3343,#3344,
#3345,#3346,#3347,#3348,#3349,#3350),.UNSPECIFIED.,.F.,.F.,(4,2,2,2,2,4),
(0.,0.100420804979051,0.168925713994968,0.187894024179951,0.198030546449629,
0.20361922794878),.UNSPECIFIED.);
#721=B_SPLINE_CURVE_WITH_KNOTS('',3,(#3352,#3353,#3354,#3355,#3356,#3357,
#3358,#3359,#3360,#3361,#3362,#3363,#3364,#3365,#3366,#3367,#3368,#3369),
 .UNSPECIFIED.,.F.,.F.,(4,2,2,2,2,2,2,2,4),(-0.000385155035443835,0.,0.0228305692663874,
0.0442280842544024,0.0602151175171895,0.0727411754050956,0.0841212170018379,
0.0956278214022068,0.0961100660025137),.UNSPECIFIED.);
#722=B_SPLINE_CURVE_WITH_KNOTS('',3,(#3374,#3375,#3376,#3377,#3378,#3379,
#3380,#3381,#3382,#3383,#3384,#3385,#3386,#3387,#3388,#3389,#3390,#3391),
 .UNSPECIFIED.,.F.,.F.,(4,2,2,2,2,2,2,2,4),(0.154799540919542,0.155282725341471,
0.166811754369523,0.178213973942233,0.190764443218141,0.206782632785283,
0.228221848286289,0.251096910871122,0.251482816515341),.UNSPECIFIED.);
#723=B_SPLINE_CURVE_WITH_KNOTS('',3,(#3395,#3396,#3397,#3398,#3399,#3400,
#3401,#3402,#3403,#3404,#3405,#3406,#3407,#3408),.UNSPECIFIED.,.F.,.F.,
(4,2,2,2,2,2,4),(0.592583483476085,0.596911408981341,0.604467069292206,
0.617032804603162,0.645314651107656,0.71651713604576,0.790019158318251),
 .UNSPECIFIED.);
#724=B_SPLINE_CURVE_WITH_KNOTS('',3,(#3425,#3426,#3427,#3428,#3429,#3430,
#3431,#3432,#3433,#3434),.UNSPECIFIED.,.F.,.F.,(4,2,2,2,4),(0.,0.0188276738823583,
0.0376553477647167,0.0504267030964827,0.0600510569488142),.UNSPECIFIED.);
#725=B_SPLINE_CURVE_WITH_KNOTS('',3,(#3438,#3439,#3440,#3441,#3442,#3443,
#3444,#3445,#3446,#3447,#3448,#3449),.UNSPECIFIED.,.F.,.F.,(4,2,2,2,2,4),
(0.152976229833554,0.155020109513424,0.16779146484519,0.180562820176956,
0.199390494059314,0.218218167941672),.UNSPECIFIED.);
#726=B_SPLINE_CURVE_WITH_KNOTS('',3,(#3450,#3451,#3452,#3453),
 .UNSPECIFIED.,.F.,.F.,(4,4),(0.0753737439633602,0.0931716564508118),
 .UNSPECIFIED.);
#727=B_SPLINE_CURVE_WITH_KNOTS('',3,(#3454,#3455,#3456,#3457,#3458,#3459),
 .UNSPECIFIED.,.F.,.F.,(4,2,4),(0.20370320165521,0.207571794044487,0.226474990338024),
 .UNSPECIFIED.);
#728=B_SPLINE_CURVE_WITH_KNOTS('',3,(#3463,#3464,#3465,#3466,#3467,#3468,
#3469,#3470,#3471,#3472,#3473,#3474),.UNSPECIFIED.,.F.,.F.,(4,2,2,2,2,4),
(0.,0.0188276738823583,0.0376553477647166,0.0504267030964827,0.0631980584282488,
0.0652419381081779),.UNSPECIFIED.);
#729=B_SPLINE_CURVE_WITH_KNOTS('',3,(#3478,#3479,#3480,#3481,#3482,#3483,
#3484,#3485,#3486,#3487),.UNSPECIFIED.,.F.,.F.,(4,2,2,2,4),(0.158168718129605,
0.167793071981936,0.180564427313702,0.199392101196061,0.218219775078419),
 .UNSPECIFIED.);
#730=B_SPLINE_CURVE_WITH_KNOTS('',3,(#3489,#3490,#3491,#3492,#3493,#3494),
 .UNSPECIFIED.,.F.,.F.,(4,2,4),(0.226334511213369,0.245237707506905,0.249106299896183),
 .UNSPECIFIED.);
#731=B_SPLINE_CURVE_WITH_KNOTS('',3,(#3497,#3498,#3499,#3500),
 .UNSPECIFIED.,.F.,.F.,(4,4),(0.0576597034736145,0.0754576159610664),
 .UNSPECIFIED.);
#732=B_SPLINE_CURVE_WITH_KNOTS('',3,(#3516,#3517,#3518,#3519,#3520,#3521,
#3522,#3523,#3524,#3525),.UNSPECIFIED.,.F.,.F.,(4,2,2,2,4),(0.,0.0188276738823584,
0.0376553477647168,0.0504267030964828,0.0600510569487946),.UNSPECIFIED.);
#733=B_SPLINE_CURVE_WITH_KNOTS('',3,(#3529,#3530,#3531,#3532,#3533,#3534,
#3535,#3536,#3537,#3538,#3539,#3540),.UNSPECIFIED.,.F.,.F.,(4,2,2,2,2,4),
(0.152976229833539,0.155020109513424,0.16779146484519,0.180562820176956,
0.199390494059314,0.218218167941673),.UNSPECIFIED.);
#734=B_SPLINE_CURVE_WITH_KNOTS('',3,(#3542,#3543,#3544,#3545),
 .UNSPECIFIED.,.F.,.F.,(4,4),(0.226205104761194,0.244003017248631),
 .UNSPECIFIED.);
#735=B_SPLINE_CURVE_WITH_KNOTS('',3,(#3548,#3549,#3550,#3551,#3552,#3553),
 .UNSPECIFIED.,.F.,.F.,(4,2,4),(0.052766702153442,0.056635294542738,0.0755384908362753),
 .UNSPECIFIED.);
#736=B_SPLINE_CURVE_WITH_KNOTS('',3,(#3568,#3569,#3570,#3571,#3572,#3573,
#3574,#3575,#3576,#3577,#3578,#3579,#3580,#3581,#3582,#3583,#3584,#3585),
 .UNSPECIFIED.,.F.,.F.,(4,2,2,2,2,2,2,2,4),(0.154799540916586,0.155282725338507,
0.166811754366343,0.178213973938838,0.190764443214505,0.206782632781341,
0.228221848281999,0.251096910866542,0.251482816510769),.UNSPECIFIED.);
#737=B_SPLINE_CURVE_WITH_KNOTS('',3,(#3587,#3588,#3589,#3590,#3591,#3592,
#3593,#3594,#3595,#3596,#3597,#3598,#3599,#3600),.UNSPECIFIED.,.F.,.F.,
(4,2,2,2,2,2,4),(0.203619227949066,0.205232944690661,0.212164538809713,
0.221876806275277,0.24035592586928,0.28298113883657,0.374633631900894),
 .UNSPECIFIED.);
#738=B_SPLINE_CURVE_WITH_KNOTS('',3,(#3604,#3605,#3606,#3607,#3608,#3609,
#3610,#3611,#3612,#3613,#3614,#3615,#3616,#3617),.UNSPECIFIED.,.F.,.F.,
(4,2,2,2,2,2,4),(0.368685079715136,0.387421641949534,0.520741547556437,
0.568941830481625,0.581963183467914,0.590125548754184,0.59258348346809),
 .UNSPECIFIED.);
#739=B_SPLINE_CURVE_WITH_KNOTS('',3,(#3619,#3620,#3621,#3622,#3623,#3624,
#3625,#3626,#3627,#3628,#3629,#3630,#3631,#3632,#3633,#3634,#3635,#3636),
 .UNSPECIFIED.,.F.,.F.,(4,2,2,2,2,2,2,2,4),(-0.000385155035444584,0.,0.0228305692663864,
0.0442280842544142,0.0602151175172149,0.0727411754051325,0.0841212170018832,
0.0956278214022597,0.0961100660025678),.UNSPECIFIED.);
#740=B_SPLINE_CURVE_WITH_KNOTS('',3,(#3693,#3694,#3695,#3696,#3697),
 .UNSPECIFIED.,.F.,.F.,(4,1,4),(0.,0.0319286692659271,0.0745002282871633),
 .UNSPECIFIED.);
#741=B_SPLINE_CURVE_WITH_KNOTS('',3,(#3709,#3710,#3711,#3712,#3713),
 .UNSPECIFIED.,.F.,.F.,(4,1,4),(0.,0.0319286693346765,0.0745002284475784),
 .UNSPECIFIED.);
#742=B_SPLINE_CURVE_WITH_KNOTS('',3,(#3715,#3716,#3717,#3718),
 .UNSPECIFIED.,.F.,.F.,(4,4),(-0.06736392923736,-0.0582804199982371),
 .UNSPECIFIED.);
#743=B_SPLINE_CURVE_WITH_KNOTS('',3,(#3719,#3720,#3721,#3722),
 .UNSPECIFIED.,.F.,.F.,(4,4),(-0.00908366630201982,8.06437060746489E-19),
 .UNSPECIFIED.);
#744=B_SPLINE_CURVE_WITH_KNOTS('',3,(#3759,#3760,#3761,#3762,#3763),
 .UNSPECIFIED.,.F.,.F.,(4,1,4),(0.,0.0319286693346765,0.0745002284475785),
 .UNSPECIFIED.);
#745=B_SPLINE_CURVE_WITH_KNOTS('',3,(#3775,#3776,#3777,#3778,#3779),
 .UNSPECIFIED.,.F.,.F.,(4,1,4),(0.,0.0319286692659271,0.0745002282871633),
 .UNSPECIFIED.);
#746=B_SPLINE_CURVE_WITH_KNOTS('',3,(#3781,#3782,#3783,#3784),
 .UNSPECIFIED.,.F.,.F.,(4,4),(-0.0673639290129651,-0.0582804202137495),
 .UNSPECIFIED.);
#747=B_SPLINE_CURVE_WITH_KNOTS('',3,(#3785,#3786,#3787,#3788),
 .UNSPECIFIED.,.F.,.F.,(4,4),(-0.00908366674189679,4.10173739591457E-14),
 .UNSPECIFIED.);
#748=B_SPLINE_CURVE_WITH_KNOTS('',3,(#3865,#3866,#3867,#3868,#3869,#3870,
#3871,#3872,#3873,#3874,#3875,#3876,#3877),.UNSPECIFIED.,.F.,.F.,(4,3,3,
3,4),(-0.0625143849815266,-0.0446648989191016,-0.0268154128566766,-0.00896592679425147,
0.),.UNSPECIFIED.);
#749=B_SPLINE_CURVE_WITH_KNOTS('',3,(#3878,#3879,#3880,#3881,#3882,#3883),
 .UNSPECIFIED.,.F.,.F.,(4,1,1,4),(-0.249818870548874,-0.223089331390228,
-0.205240546562194,-0.187391761734159),.UNSPECIFIED.);
#750=B_SPLINE_CURVE_WITH_KNOTS('',3,(#3924,#3925,#3926,#3927),
 .UNSPECIFIED.,.F.,.F.,(4,4),(-0.56158614033728,-0.529991904376492),
 .UNSPECIFIED.);
#751=B_SPLINE_CURVE_WITH_KNOTS('',3,(#3953,#3954,#3955,#3956,#3957),
 .UNSPECIFIED.,.F.,.F.,(4,1,4),(-0.0745002284475785,-0.0319286693346765,
0.),.UNSPECIFIED.);
#752=B_SPLINE_CURVE_WITH_KNOTS('',3,(#3977,#3978,#3979,#3980),
 .UNSPECIFIED.,.F.,.F.,(4,4),(-4.10173739591457E-14,0.00908366674189679),
 .UNSPECIFIED.);
#753=B_SPLINE_CURVE_WITH_KNOTS('',3,(#3999,#4000,#4001,#4002),
 .UNSPECIFIED.,.F.,.F.,(4,4),(0.0582804202137495,0.0673639290129651),
 .UNSPECIFIED.);
#754=B_SPLINE_CURVE_WITH_KNOTS('',3,(#4025,#4026,#4027,#4028,#4029),
 .UNSPECIFIED.,.F.,.F.,(4,1,4),(-0.0745002282871633,-0.0319286692659271,
0.),.UNSPECIFIED.);
#755=B_SPLINE_CURVE_WITH_KNOTS('',3,(#4064,#4065,#4066,#4067),
 .UNSPECIFIED.,.F.,.F.,(4,4),(2.77555756156289E-17,0.3345),
 .UNSPECIFIED.);
#756=B_SPLINE_CURVE_WITH_KNOTS('',3,(#4069,#4070,#4071,#4072),
 .UNSPECIFIED.,.F.,.F.,(4,4),(0.,1.441),.UNSPECIFIED.);
#757=B_SPLINE_CURVE_WITH_KNOTS('',3,(#4074,#4075,#4076,#4077),
 .UNSPECIFIED.,.F.,.F.,(4,4),(-0.3345,0.),.UNSPECIFIED.);
#758=B_SPLINE_CURVE_WITH_KNOTS('',3,(#4104,#4105,#4106,#4107),
 .UNSPECIFIED.,.F.,.F.,(4,4),(-0.3345,-2.77555756156289E-17),
 .UNSPECIFIED.);
#759=B_SPLINE_CURVE_WITH_KNOTS('',3,(#4132,#4133,#4134,#4135,#4136),
 .UNSPECIFIED.,.F.,.F.,(4,1,4),(-0.0745002282871633,-0.0319286692659271,
0.),.UNSPECIFIED.);
#760=B_SPLINE_CURVE_WITH_KNOTS('',3,(#4156,#4157,#4158,#4159),
 .UNSPECIFIED.,.F.,.F.,(4,4),(-8.06437060746489E-19,0.00908366630201982),
 .UNSPECIFIED.);
#761=B_SPLINE_CURVE_WITH_KNOTS('',3,(#4178,#4179,#4180,#4181),
 .UNSPECIFIED.,.F.,.F.,(4,4),(0.0582804199982371,0.06736392923736),
 .UNSPECIFIED.);
#762=B_SPLINE_CURVE_WITH_KNOTS('',3,(#4203,#4204,#4205,#4206,#4207),
 .UNSPECIFIED.,.F.,.F.,(4,1,4),(-0.0745002284475784,-0.0319286693346765,
0.),.UNSPECIFIED.);
#763=B_SPLINE_CURVE_WITH_KNOTS('',3,(#4220,#4221,#4222,#4223),
 .UNSPECIFIED.,.F.,.F.,(4,4),(0.,0.3345),.UNSPECIFIED.);
#764=B_SPLINE_CURVE_WITH_KNOTS('',3,(#4225,#4226,#4227,#4228),
 .UNSPECIFIED.,.F.,.F.,(4,4),(0.,1.441),.UNSPECIFIED.);
#765=B_SPLINE_CURVE_WITH_KNOTS('',3,(#4229,#4230,#4231,#4232),
 .UNSPECIFIED.,.F.,.F.,(4,4),(-0.3345,0.),.UNSPECIFIED.);
#766=B_SPLINE_CURVE_WITH_KNOTS('',3,(#4258,#4259,#4260,#4261),
 .UNSPECIFIED.,.F.,.F.,(4,4),(-0.3345,0.),.UNSPECIFIED.);
#767=B_SPLINE_CURVE_WITH_KNOTS('',3,(#4307,#4308,#4309,#4310),
 .UNSPECIFIED.,.F.,.F.,(4,4),(0.,0.3345),.UNSPECIFIED.);
#768=B_SPLINE_CURVE_WITH_KNOTS('',3,(#4335,#4336,#4337,#4338),
 .UNSPECIFIED.,.F.,.F.,(4,4),(-1.441,0.),.UNSPECIFIED.);
#769=B_SPLINE_CURVE_WITH_KNOTS('',3,(#4364,#4365,#4366,#4367),
 .UNSPECIFIED.,.F.,.F.,(4,4),(-1.441,0.),.UNSPECIFIED.);
#770=B_SPLINE_CURVE_WITH_KNOTS('',3,(#4393,#4394,#4395,#4396),
 .UNSPECIFIED.,.F.,.F.,(4,4),(0.,0.3345),.UNSPECIFIED.);
#771=B_SPLINE_CURVE_WITH_KNOTS('',3,(#4410,#4411,#4412,#4413),
 .UNSPECIFIED.,.F.,.F.,(4,4),(-0.0673639290129244,-0.0582804202137496),
 .UNSPECIFIED.);
#772=B_SPLINE_CURVE_WITH_KNOTS('',3,(#4424,#4425,#4426,#4427),
 .UNSPECIFIED.,.F.,.F.,(4,4),(-0.00908366630201979,0.),.UNSPECIFIED.);
#773=B_SPLINE_CURVE_WITH_KNOTS('',3,(#4479,#4480,#4481,#4482,#4483,#4484,
#4485,#4486),.UNSPECIFIED.,.F.,.F.,(4,1,1,2,4),(0.,0.165498215649329,0.248247323473994,
0.413745539123324,0.41445388170717),.UNSPECIFIED.);
#774=B_SPLINE_CURVE_WITH_KNOTS('',3,(#4487,#4488,#4489,#4490,#4491,#4492,
#4493,#4494),.UNSPECIFIED.,.F.,.F.,(4,2,1,1,4),(-0.41445388170717,-0.413745539123324,
-0.248247323473994,-0.165498215649329,0.),.UNSPECIFIED.);
#775=B_SPLINE_CURVE_WITH_KNOTS('',3,(#4516,#4517,#4518,#4519),
 .UNSPECIFIED.,.F.,.F.,(4,4),(-0.0217563523689356,0.),.UNSPECIFIED.);
#776=B_SPLINE_CURVE_WITH_KNOTS('',3,(#4522,#4523,#4524,#4525),
 .UNSPECIFIED.,.F.,.F.,(4,4),(0.,0.0217563523689356),.UNSPECIFIED.);
#777=B_SPLINE_CURVE_WITH_KNOTS('',3,(#4582,#4583,#4584,#4585,#4586,#4587,
#4588,#4589,#4590,#4591,#4592),.UNSPECIFIED.,.F.,.F.,(4,1,1,1,1,1,1,1,4),
(-0.750821630188819,-0.69719151374676,-0.643561397304702,-0.536301164420585,
-0.321780698652351,-0.214520465768234,-0.107260232884117,-0.0536301164420585,
0.),.UNSPECIFIED.);
#778=B_SPLINE_CURVE_WITH_KNOTS('',3,(#4595,#4596,#4597,#4598,#4599,#4600,
#4601,#4602,#4603,#4604,#4605),.UNSPECIFIED.,.F.,.F.,(4,1,1,1,1,1,1,1,4),
(0.,0.0536301164420585,0.107260232884117,0.214520465768234,0.321780698652351,
0.536301164420585,0.643561397304702,0.69719151374676,0.750821630188819),
 .UNSPECIFIED.);
#779=B_SPLINE_CURVE_WITH_KNOTS('',3,(#4627,#4628,#4629,#4630),
 .UNSPECIFIED.,.F.,.F.,(4,4),(-0.0338079328625668,0.),.UNSPECIFIED.);
#780=B_SPLINE_CURVE_WITH_KNOTS('',3,(#4633,#4634,#4635,#4636),
 .UNSPECIFIED.,.F.,.F.,(4,4),(0.,0.0338079328625668),.UNSPECIFIED.);
#781=B_SPLINE_CURVE_WITH_KNOTS('',3,(#4678,#4679,#4680,#4681,#4682,#4683,
#4684,#4685),.UNSPECIFIED.,.F.,.F.,(4,1,1,2,4),(-0.402905483626722,-0.241743290176033,
-0.161162193450689,0.,0.000715373994380922),.UNSPECIFIED.);
#782=B_SPLINE_CURVE_WITH_KNOTS('',3,(#4686,#4687,#4688,#4689,#4690,#4691,
#4692,#4693),.UNSPECIFIED.,.F.,.F.,(4,2,1,1,4),(-0.000715373994380922,0.,
0.161162193450689,0.241743290176033,0.402905483626722),.UNSPECIFIED.);
#783=B_SPLINE_CURVE_WITH_KNOTS('',3,(#4720,#4721,#4722,#4723),
 .UNSPECIFIED.,.F.,.F.,(4,4),(5.46730471336765,5.61051930492806),
 .UNSPECIFIED.);
#784=B_SPLINE_CURVE_WITH_KNOTS('',3,(#4725,#4726,#4727,#4728,#4729,#4730,
#4731,#4732,#4733,#4734,#4735,#4736,#4737,#4738,#4739,#4740),
 .UNSPECIFIED.,.F.,.F.,(4,3,3,3,3,4),(0.,0.0163198928927529,0.0279370429625123,
0.042045177025541,0.0549176892170019,0.0644067350607536),.UNSPECIFIED.);
#785=B_SPLINE_CURVE_WITH_KNOTS('',3,(#4742,#4743,#4744,#4745,#4746,#4747,
#4748,#4749,#4750,#4751,#4752,#4753,#4754),.UNSPECIFIED.,.F.,.F.,(4,3,3,
3,4),(0.140721385726199,0.153966817520972,0.159086925884053,0.173656705054155,
0.18471826058186),.UNSPECIFIED.);
#786=B_SPLINE_CURVE_WITH_KNOTS('',3,(#4756,#4757,#4758,#4759,#4760,#4761,
#4762,#4763,#4764,#4765,#4766,#4767,#4768,#4769,#4770,#4771,#4772,#4773,
#4774),.UNSPECIFIED.,.F.,.F.,(4,3,3,3,3,3,4),(0.100729857045511,0.108362134315749,
0.126229654722809,0.141438362196114,0.14640805885739,0.16322482013252,0.178510977722902),
 .UNSPECIFIED.);
#787=B_SPLINE_CURVE_WITH_KNOTS('',3,(#4776,#4777,#4778,#4779,#4780,#4781,
#4782,#4783,#4784,#4785,#4786,#4787,#4788,#4789,#4790,#4791,#4792,#4793,
#4794,#4795,#4796,#4797,#4798,#4799,#4800,#4801,#4802,#4803,#4804,#4805,
#4806,#4807,#4808,#4809,#4810,#4811,#4812,#4813,#4814,#4815,#4816,#4817,
#4818,#4819,#4820,#4821,#4822,#4823,#4824,#4825,#4826,#4827,#4828,#4829,
#4830,#4831,#4832,#4833),.UNSPECIFIED.,.F.,.F.,(4,3,3,3,3,3,3,3,3,3,3,3,
3,3,3,3,3,3,3,4),(-0.000640262829864801,0.,0.0161610327249945,0.0316769373083441,
0.0420777498474789,0.0551024599753281,0.0611800641609672,0.0738638317284628,
0.0814774215095736,0.0957620589161657,0.109740072952125,0.117420140686613,
0.128267736531105,0.142583265444325,0.156974864986266,0.166028408064141,
0.176663577778114,0.187226837860154,0.19689561596063,0.197790097942194),
 .UNSPECIFIED.);
#788=B_SPLINE_CURVE_WITH_KNOTS('',3,(#4835,#4836,#4837,#4838),
 .UNSPECIFIED.,.F.,.F.,(4,4),(5.40010468047654,5.50771131290772),
 .UNSPECIFIED.);
#789=B_SPLINE_CURVE_WITH_KNOTS('',3,(#4840,#4841,#4842,#4843,#4844),
 .UNSPECIFIED.,.F.,.F.,(4,1,4),(-5.40017699753954,-5.29848133470048,-5.27625136952488),
 .UNSPECIFIED.);
#790=B_SPLINE_CURVE_WITH_KNOTS('',3,(#4845,#4846,#4847,#4848),
 .UNSPECIFIED.,.F.,.F.,(4,4),(5.0644528570298,5.27626397863349),
 .UNSPECIFIED.);
#791=B_SPLINE_CURVE_WITH_KNOTS('',3,(#4851,#4852,#4853,#4854),
 .UNSPECIFIED.,.F.,.F.,(4,4),(1.51032697153442,1.64224429465055),
 .UNSPECIFIED.);
#792=B_SPLINE_CURVE_WITH_KNOTS('',3,(#4889,#4890,#4891,#4892),
 .UNSPECIFIED.,.F.,.F.,(4,4),(1.83302291337046,2.04396210735128),
 .UNSPECIFIED.);
#793=B_SPLINE_CURVE_WITH_KNOTS('',3,(#4894,#4895,#4896,#4897),
 .UNSPECIFIED.,.F.,.F.,(4,4),(-1.83302291305289,-1.69914797964653),
 .UNSPECIFIED.);
#794=B_SPLINE_CURVE_WITH_KNOTS('',3,(#4899,#4900,#4901,#4902),
 .UNSPECIFIED.,.F.,.F.,(4,4),(1.59631411026568,1.69914797964653),
 .UNSPECIFIED.);
#795=B_SPLINE_CURVE_WITH_KNOTS('',3,(#4904,#4905,#4906,#4907,#4908,#4909,
#4910,#4911,#4912,#4913,#4914,#4915,#4916,#4917,#4918,#4919,#4920,#4921,
#4922,#4923,#4924,#4925,#4926,#4927,#4928,#4929,#4930,#4931,#4932,#4933,
#4934,#4935,#4936,#4937,#4938,#4939,#4940,#4941,#4942,#4943,#4944,#4945,
#4946,#4947,#4948,#4949,#4950,#4951,#4952),.UNSPECIFIED.,.F.,.F.,(4,3,3,
3,3,3,3,3,3,3,3,3,3,3,3,3,4),(0.,0.00837168310594492,0.0170222150374697,
0.0217530747385543,0.0308197651937881,0.039898714618648,0.0466098979904902,
0.0504874608963045,0.0592879758630986,0.0686477331828175,0.0780074905025365,
0.0847487822477744,0.0939027423331249,0.103220705259675,0.112395979613496,
0.119276344933518,0.119639163168868),.UNSPECIFIED.);
#796=B_SPLINE_CURVE_WITH_KNOTS('',3,(#4954,#4955,#4956,#4957,#4958,#4959,
#4960,#4961),.UNSPECIFIED.,.F.,.F.,(4,2,2,4),(0.172488890362166,0.177805586258187,
0.235444287853465,0.269051898476711),.UNSPECIFIED.);
#797=B_SPLINE_CURVE_WITH_KNOTS('',3,(#4963,#4964,#4965,#4966,#4967,#4968,
#4969,#4970,#4971,#4972),.UNSPECIFIED.,.F.,.F.,(4,3,3,4),(0.0255053568701113,
0.0278817854091434,0.0389821674328619,0.0466362880727438),.UNSPECIFIED.);
#798=B_SPLINE_CURVE_WITH_KNOTS('',3,(#4973,#4974,#4975,#4976,#4977,#4978,
#4979,#4980,#4981,#4982,#4983,#4984,#4985,#4986,#4987,#4988,#4989,#4990,
#4991,#4992,#4993,#4994,#4995,#4996,#4997),.UNSPECIFIED.,.F.,.F.,(4,3,3,
3,3,3,3,3,4),(0.296179921986608,0.310814481376049,0.32637970192167,0.327963429382202,
0.344233089293634,0.361780573450937,0.363731766676402,0.383743783483133,
0.389999751892635),.UNSPECIFIED.);
#799=B_SPLINE_CURVE_WITH_KNOTS('',3,(#5015,#5016,#5017,#5018),
 .UNSPECIFIED.,.F.,.F.,(4,4),(0.179319400296283,0.440680599703719),
 .UNSPECIFIED.);
#800=B_SPLINE_CURVE_WITH_KNOTS('',3,(#5020,#5021,#5022,#5023,#5024,#5025,
#5026,#5027),.UNSPECIFIED.,.F.,.F.,(4,2,1,1,4),(-0.000708342583908438,0.,
0.0827491078246524,0.165498215649305,0.413745539123262),.UNSPECIFIED.);
#801=B_SPLINE_CURVE_WITH_KNOTS('',3,(#5028,#5029,#5030,#5031),
 .UNSPECIFIED.,.F.,.F.,(4,4),(-0.62000000000006,5.99520433297585E-14),
 .UNSPECIFIED.);
#802=B_SPLINE_CURVE_WITH_KNOTS('',3,(#5068,#5069,#5070,#5071,#5072,#5073,
#5074,#5075),.UNSPECIFIED.,.F.,.F.,(4,1,1,2,4),(0.,0.161162193450684,0.241743290176025,
0.402905483626709,0.403620857621101),.UNSPECIFIED.);
#803=B_SPLINE_CURVE_WITH_KNOTS('',3,(#5076,#5077,#5078,#5079,#5080,#5081,
#5082,#5083),.UNSPECIFIED.,.F.,.F.,(4,2,1,1,4),(-0.403620857621101,-0.402905483626709,
-0.241743290176025,-0.161162193450684,0.),.UNSPECIFIED.);
#804=B_SPLINE_CURVE_WITH_KNOTS('',3,(#5105,#5106,#5107,#5108),
 .UNSPECIFIED.,.F.,.F.,(4,4),(-0.0338079328623808,0.),.UNSPECIFIED.);
#805=B_SPLINE_CURVE_WITH_KNOTS('',3,(#5111,#5112,#5113,#5114),
 .UNSPECIFIED.,.F.,.F.,(4,4),(0.,0.0338079328623808),.UNSPECIFIED.);
#806=B_SPLINE_CURVE_WITH_KNOTS('',3,(#5171,#5172,#5173,#5174,#5175,#5176,
#5177,#5178,#5179,#5180,#5181),.UNSPECIFIED.,.F.,.F.,(4,1,1,1,1,1,1,1,4),
(-0.750790882128311,-0.697162961976289,-0.643535041824267,-0.536279201520222,
-0.321767520912133,-0.214511680608089,-0.107255840304044,-0.0536279201520222,
0.),.UNSPECIFIED.);
#807=B_SPLINE_CURVE_WITH_KNOTS('',3,(#5184,#5185,#5186,#5187,#5188,#5189,
#5190,#5191,#5192,#5193,#5194),.UNSPECIFIED.,.F.,.F.,(4,1,1,1,1,1,1,1,4),
(0.,0.0536279201520222,0.107255840304044,0.214511680608089,0.321767520912133,
0.536279201520222,0.643535041824267,0.697162961976289,0.750790882128311),
 .UNSPECIFIED.);
#808=B_SPLINE_CURVE_WITH_KNOTS('',3,(#5216,#5217,#5218,#5219),
 .UNSPECIFIED.,.F.,.F.,(4,4),(-0.0217563523694411,0.),.UNSPECIFIED.);
#809=B_SPLINE_CURVE_WITH_KNOTS('',3,(#5221,#5222,#5223,#5224),
 .UNSPECIFIED.,.F.,.F.,(4,4),(0.,0.0217563523694411),.UNSPECIFIED.);
#810=B_SPLINE_CURVE_WITH_KNOTS('',3,(#5265,#5266,#5267,#5268,#5269,#5270,
#5271,#5272),.UNSPECIFIED.,.F.,.F.,(4,1,1,2,4),(-0.413745539123262,-0.165498215649305,
-0.0827491078246524,0.,0.000708342583908438),.UNSPECIFIED.);
#811=B_SPLINE_CURVE_WITH_KNOTS('',3,(#5294,#5295,#5296,#5297),
 .UNSPECIFIED.,.F.,.F.,(4,4),(5.46980714547287,5.60172446857241),
 .UNSPECIFIED.);
#812=B_SPLINE_CURVE_WITH_KNOTS('',3,(#5299,#5300,#5301,#5302,#5303,#5304,
#5305,#5306,#5307,#5308,#5309,#5310,#5311,#5312,#5313,#5314,#5315,#5316,
#5317),.UNSPECIFIED.,.F.,.F.,(4,3,3,3,3,3,4),(0.,0.0149740932969809,0.0285775871637194,
0.0413185508447163,0.0530003486551868,0.0611920277356562,0.0720834227444225),
 .UNSPECIFIED.);
#813=B_SPLINE_CURVE_WITH_KNOTS('',3,(#5319,#5320,#5321,#5322,#5323,#5324,
#5325,#5326,#5327,#5328),.UNSPECIFIED.,.F.,.F.,(4,3,3,4),(0.505285196998383,
0.516934526072634,0.524220826960284,0.526018027730289),.UNSPECIFIED.);
#814=B_SPLINE_CURVE_WITH_KNOTS('',3,(#5330,#5331,#5332,#5333,#5334,#5335,
#5336,#5337),.UNSPECIFIED.,.F.,.F.,(4,2,2,4),(0.0930890796484779,0.0931519487569576,
0.125120696147601,0.167978282875804),.UNSPECIFIED.);
#815=B_SPLINE_CURVE_WITH_KNOTS('',3,(#5339,#5340,#5341,#5342,#5343,#5344,
#5345,#5346,#5347,#5348,#5349,#5350,#5351,#5352,#5353,#5354,#5355,#5356,
#5357,#5358,#5359,#5360,#5361,#5362,#5363,#5364,#5365,#5366,#5367,#5368,
#5369,#5370,#5371,#5372,#5373,#5374,#5375,#5376,#5377,#5378,#5379,#5380,
#5381,#5382,#5383,#5384,#5385,#5386,#5387,#5388,#5389,#5390),
 .UNSPECIFIED.,.F.,.F.,(4,3,3,3,3,3,3,3,3,3,3,3,3,3,3,3,3,4),(-0.000640530752454891,
0.,0.0162321394164284,0.032698936206346,0.0488204466620649,0.0609560478144317,
0.0728573368111706,0.0889119225210214,0.105176993645462,0.120522044621011,
0.121442064769902,0.128287636581324,0.144237321855377,0.160309817286796,
0.172170656072703,0.187460994668977,0.202321114836571,0.210574220079093),
 .UNSPECIFIED.);
#816=B_SPLINE_CURVE_WITH_KNOTS('',3,(#5392,#5393,#5394,#5395),
 .UNSPECIFIED.,.F.,.F.,(4,4),(5.41290346046025,5.51573732984113),
 .UNSPECIFIED.);
#817=B_SPLINE_CURVE_WITH_KNOTS('',3,(#5397,#5398,#5399,#5400),
 .UNSPECIFIED.,.F.,.F.,(4,4),(-5.41290346046025,-5.27902852673718),
 .UNSPECIFIED.);
#818=B_SPLINE_CURVE_WITH_KNOTS('',3,(#5401,#5402,#5403,#5404),
 .UNSPECIFIED.,.F.,.F.,(4,4),(5.06808933275558,5.27902852673633),
 .UNSPECIFIED.);
#819=B_SPLINE_CURVE_WITH_KNOTS('',3,(#5407,#5408,#5409,#5410),
 .UNSPECIFIED.,.F.,.F.,(4,4),(1.50153216288439,1.64474675445431),
 .UNSPECIFIED.);
#820=B_SPLINE_CURVE_WITH_KNOTS('',3,(#5450,#5451,#5452,#5453),
 .UNSPECIFIED.,.F.,.F.,(4,4),(1.83578748917896,2.04759861078264),
 .UNSPECIFIED.);
#821=B_SPLINE_CURVE_WITH_KNOTS('',3,(#5455,#5456,#5457,#5458,#5459),
 .UNSPECIFIED.,.F.,.F.,(4,1,4),(-1.83579936007795,-1.81357013311196,-1.71187392887904),
 .UNSPECIFIED.);
#822=B_SPLINE_CURVE_WITH_KNOTS('',3,(#5461,#5462,#5463,#5464),
 .UNSPECIFIED.,.F.,.F.,(4,4),(1.60434015490472,1.71194678733591),
 .UNSPECIFIED.);
#823=B_SPLINE_CURVE_WITH_KNOTS('',3,(#5466,#5467,#5468,#5469,#5470,#5471,
#5472,#5473,#5474,#5475,#5476,#5477,#5478,#5479,#5480,#5481,#5482,#5483,
#5484,#5485,#5486,#5487,#5488,#5489,#5490,#5491,#5492,#5493,#5494,#5495,
#5496,#5497,#5498,#5499,#5500,#5501,#5502,#5503,#5504,#5505,#5506,#5507,
#5508,#5509,#5510,#5511,#5512,#5513,#5514,#5515,#5516,#5517,#5518,#5519,
#5520,#5521,#5522,#5523),.UNSPECIFIED.,.F.,.F.,(4,3,3,3,3,3,3,3,3,3,3,3,
3,3,3,3,3,3,3,4),(0.,0.0068563559245201,0.0139798537210118,0.0215013801523995,
0.0222236252301691,0.0322563588579525,0.0423130466766418,0.048644732413434,
0.0562347852608074,0.0659625638626902,0.0759604384275686,0.0813838728506231,
0.090258693365804,0.0955859151415125,0.10469929285297,0.108951786918535,
0.119726296112175,0.130993795791022,0.138393549832649,0.138841541146503),
 .UNSPECIFIED.);
#824=B_SPLINE_CURVE_WITH_KNOTS('',3,(#5525,#5526,#5527,#5528,#5529,#5530,
#5531,#5532),.UNSPECIFIED.,.F.,.F.,(4,2,2,4),(0.177538652396134,0.191677216700859,
0.245469258934917,0.271598338452621),.UNSPECIFIED.);
#825=B_SPLINE_CURVE_WITH_KNOTS('',3,(#5534,#5535,#5536,#5537,#5538,#5539,
#5540,#5541,#5542,#5543,#5544,#5545,#5546),.UNSPECIFIED.,.F.,.F.,(4,3,3,
3,4),(0.434207254933371,0.44669924447314,0.457360780462559,0.468787017898636,
0.473311019481014),.UNSPECIFIED.);
#826=B_SPLINE_CURVE_WITH_KNOTS('',3,(#5547,#5548,#5549,#5550,#5551,#5552,
#5553,#5554,#5555,#5556,#5557,#5558,#5559,#5560,#5561,#5562,#5563,#5564,
#5565),.UNSPECIFIED.,.F.,.F.,(4,3,3,3,3,3,4),(0.316028817054134,0.331769789030476,
0.34886048475446,0.356944875231348,0.376016718594908,0.378016146368055,
0.395314839789719),.UNSPECIFIED.);
#827=B_SPLINE_CURVE_WITH_KNOTS('',3,(#5582,#5583,#5584,#5585),
 .UNSPECIFIED.,.F.,.F.,(4,4),(-0.620000000000071,6.96664947952286E-14),
 .UNSPECIFIED.);
#828=B_SPLINE_CURVE_WITH_KNOTS('',3,(#5586,#5587,#5588,#5589),
 .UNSPECIFIED.,.F.,.F.,(4,4),(0.178449627576659,0.441550372423341),
 .UNSPECIFIED.);
#829=B_SPLINE_CURVE_WITH_KNOTS('',3,(#5602,#5603,#5604,#5605),
 .UNSPECIFIED.,.F.,.F.,(4,4),(-0.00908366674189673,0.),.UNSPECIFIED.);
#830=B_SPLINE_CURVE_WITH_KNOTS('',3,(#5618,#5619,#5620,#5621),
 .UNSPECIFIED.,.F.,.F.,(4,4),(-0.0673639292372784,-0.0582804199982372),
 .UNSPECIFIED.);
#831=B_SPLINE_CURVE_WITH_KNOTS('',3,(#5657,#5658,#5659,#5660),
 .UNSPECIFIED.,.F.,.F.,(4,4),(0.134907544677561,0.485092455322439),
 .UNSPECIFIED.);
#832=B_SPLINE_CURVE_WITH_KNOTS('',3,(#5661,#5662,#5663,#5664),
 .UNSPECIFIED.,.F.,.F.,(4,4),(-0.62,3.33066907387547E-16),.UNSPECIFIED.);
#833=B_SPLINE_CURVE_WITH_KNOTS('',3,(#5726,#5727,#5728,#5729),
 .UNSPECIFIED.,.F.,.F.,(4,4),(0.477535945234115,0.480000000000001),
 .UNSPECIFIED.);
#834=B_SPLINE_CURVE_WITH_KNOTS('',3,(#5732,#5733,#5734,#5735),
 .UNSPECIFIED.,.F.,.F.,(4,4),(0.320000000000001,0.322464055075814),
 .UNSPECIFIED.);
#835=B_SPLINE_CURVE_WITH_KNOTS('',3,(#5760,#5761,#5762,#5763),
 .UNSPECIFIED.,.F.,.F.,(4,4),(0.136872200848287,0.483127799151713),
 .UNSPECIFIED.);
#836=B_SPLINE_CURVE_WITH_KNOTS('',3,(#5764,#5765,#5766,#5767),
 .UNSPECIFIED.,.F.,.F.,(4,4),(-0.620000000000522,5.22248910783674E-13),
 .UNSPECIFIED.);
#837=B_SPLINE_CURVE_WITH_KNOTS('',3,(#5829,#5830,#5831,#5832),
 .UNSPECIFIED.,.F.,.F.,(4,4),(0.477672965135232,0.48),.UNSPECIFIED.);
#838=B_SPLINE_CURVE_WITH_KNOTS('',3,(#5835,#5836,#5837,#5838),
 .UNSPECIFIED.,.F.,.F.,(4,4),(0.320000000000001,0.322327034691043),
 .UNSPECIFIED.);
#839=B_SPLINE_CURVE_WITH_KNOTS('',3,(#5956,#5957,#5958,#5959),
 .UNSPECIFIED.,.F.,.F.,(4,4),(0.479128639897631,0.480000000000001),
 .UNSPECIFIED.);
#840=B_SPLINE_CURVE_WITH_KNOTS('',3,(#6028,#6029,#6030,#6031),
 .UNSPECIFIED.,.F.,.F.,(4,4),(0.320000000000001,0.320871360102797),
 .UNSPECIFIED.);
#841=B_SPLINE_CURVE_WITH_KNOTS('',3,(#6100,#6101,#6102,#6103),
 .UNSPECIFIED.,.F.,.F.,(4,4),(0.479622426996643,0.48),.UNSPECIFIED.);
#842=B_SPLINE_CURVE_WITH_KNOTS('',3,(#6172,#6173,#6174,#6175),
 .UNSPECIFIED.,.F.,.F.,(4,4),(0.32,0.320377572907576),.UNSPECIFIED.);
#843=VERTEX_POINT('',#2925);
#844=VERTEX_POINT('',#2926);
#845=VERTEX_POINT('',#2933);
#846=VERTEX_POINT('',#2935);
#847=VERTEX_POINT('',#2961);
#848=VERTEX_POINT('',#2972);
#849=VERTEX_POINT('',#2974);
#850=VERTEX_POINT('',#2976);
#851=VERTEX_POINT('',#2978);
#852=VERTEX_POINT('',#3001);
#853=VERTEX_POINT('',#3012);
#854=VERTEX_POINT('',#3019);
#855=VERTEX_POINT('',#3021);
#856=VERTEX_POINT('',#3023);
#857=VERTEX_POINT('',#3034);
#858=VERTEX_POINT('',#3036);
#859=VERTEX_POINT('',#3065);
#860=VERTEX_POINT('',#3100);
#861=VERTEX_POINT('',#3107);
#862=VERTEX_POINT('',#3112);
#863=VERTEX_POINT('',#3119);
#864=VERTEX_POINT('',#3120);
#865=VERTEX_POINT('',#3146);
#866=VERTEX_POINT('',#3148);
#867=VERTEX_POINT('',#3155);
#868=VERTEX_POINT('',#3166);
#869=VERTEX_POINT('',#3171);
#870=VERTEX_POINT('',#3173);
#871=VERTEX_POINT('',#3178);
#872=VERTEX_POINT('',#3189);
#873=VERTEX_POINT('',#3199);
#874=VERTEX_POINT('',#3210);
#875=VERTEX_POINT('',#3212);
#876=VERTEX_POINT('',#3214);
#877=VERTEX_POINT('',#3216);
#878=VERTEX_POINT('',#3229);
#879=VERTEX_POINT('',#3276);
#880=VERTEX_POINT('',#3281);
#881=VERTEX_POINT('',#3285);
#882=VERTEX_POINT('',#3286);
#883=VERTEX_POINT('',#3299);
#884=VERTEX_POINT('',#3301);
#885=VERTEX_POINT('',#3312);
#886=VERTEX_POINT('',#3319);
#887=VERTEX_POINT('',#3326);
#888=VERTEX_POINT('',#3328);
#889=VERTEX_POINT('',#3330);
#890=VERTEX_POINT('',#3332);
#891=VERTEX_POINT('',#3334);
#892=VERTEX_POINT('',#3338);
#893=VERTEX_POINT('',#3351);
#894=VERTEX_POINT('',#3372);
#895=VERTEX_POINT('',#3373);
#896=VERTEX_POINT('',#3392);
#897=VERTEX_POINT('',#3394);
#898=VERTEX_POINT('',#3411);
#899=VERTEX_POINT('',#3413);
#900=VERTEX_POINT('',#3415);
#901=VERTEX_POINT('',#3417);
#902=VERTEX_POINT('',#3419);
#903=VERTEX_POINT('',#3423);
#904=VERTEX_POINT('',#3424);
#905=VERTEX_POINT('',#3435);
#906=VERTEX_POINT('',#3437);
#907=VERTEX_POINT('',#3461);
#908=VERTEX_POINT('',#3462);
#909=VERTEX_POINT('',#3475);
#910=VERTEX_POINT('',#3477);
#911=VERTEX_POINT('',#3488);
#912=VERTEX_POINT('',#3495);
#913=VERTEX_POINT('',#3502);
#914=VERTEX_POINT('',#3504);
#915=VERTEX_POINT('',#3506);
#916=VERTEX_POINT('',#3508);
#917=VERTEX_POINT('',#3510);
#918=VERTEX_POINT('',#3514);
#919=VERTEX_POINT('',#3515);
#920=VERTEX_POINT('',#3526);
#921=VERTEX_POINT('',#3528);
#922=VERTEX_POINT('',#3541);
#923=VERTEX_POINT('',#3546);
#924=VERTEX_POINT('',#3555);
#925=VERTEX_POINT('',#3557);
#926=VERTEX_POINT('',#3559);
#927=VERTEX_POINT('',#3561);
#928=VERTEX_POINT('',#3563);
#929=VERTEX_POINT('',#3567);
#930=VERTEX_POINT('',#3586);
#931=VERTEX_POINT('',#3603);
#932=VERTEX_POINT('',#3618);
#933=VERTEX_POINT('',#3647);
#934=VERTEX_POINT('',#3649);
#935=VERTEX_POINT('',#3656);
#936=VERTEX_POINT('',#3658);
#937=VERTEX_POINT('',#3675);
#938=VERTEX_POINT('',#3679);
#939=VERTEX_POINT('',#3680);
#940=VERTEX_POINT('',#3682);
#941=VERTEX_POINT('',#3684);
#942=VERTEX_POINT('',#3686);
#943=VERTEX_POINT('',#3688);
#944=VERTEX_POINT('',#3691);
#945=VERTEX_POINT('',#3692);
#946=VERTEX_POINT('',#3698);
#947=VERTEX_POINT('',#3700);
#948=VERTEX_POINT('',#3702);
#949=VERTEX_POINT('',#3704);
#950=VERTEX_POINT('',#3706);
#951=VERTEX_POINT('',#3708);
#952=VERTEX_POINT('',#3714);
#953=VERTEX_POINT('',#3723);
#954=VERTEX_POINT('',#3724);
#955=VERTEX_POINT('',#3726);
#956=VERTEX_POINT('',#3728);
#957=VERTEX_POINT('',#3739);
#958=VERTEX_POINT('',#3745);
#959=VERTEX_POINT('',#3746);
#960=VERTEX_POINT('',#3748);
#961=VERTEX_POINT('',#3750);
#962=VERTEX_POINT('',#3752);
#963=VERTEX_POINT('',#3754);
#964=VERTEX_POINT('',#3757);
#965=VERTEX_POINT('',#3758);
#966=VERTEX_POINT('',#3764);
#967=VERTEX_POINT('',#3766);
#968=VERTEX_POINT('',#3768);
#969=VERTEX_POINT('',#3770);
#970=VERTEX_POINT('',#3772);
#971=VERTEX_POINT('',#3774);
#972=VERTEX_POINT('',#3780);
#973=VERTEX_POINT('',#3789);
#974=VERTEX_POINT('',#3790);
#975=VERTEX_POINT('',#3792);
#976=VERTEX_POINT('',#3794);
#977=VERTEX_POINT('',#3805);
#978=VERTEX_POINT('',#3864);
#979=VERTEX_POINT('',#3901);
#980=VERTEX_POINT('',#3950);
#981=VERTEX_POINT('',#3952);
#982=VERTEX_POINT('',#3975);
#983=VERTEX_POINT('',#3997);
#984=VERTEX_POINT('',#4023);
#985=VERTEX_POINT('',#4031);
#986=VERTEX_POINT('',#4035);
#987=VERTEX_POINT('',#4039);
#988=VERTEX_POINT('',#4043);
#989=VERTEX_POINT('',#4049);
#990=VERTEX_POINT('',#4051);
#991=VERTEX_POINT('',#4055);
#992=VERTEX_POINT('',#4059);
#993=VERTEX_POINT('',#4063);
#994=VERTEX_POINT('',#4068);
#995=VERTEX_POINT('',#4073);
#996=VERTEX_POINT('',#4103);
#997=VERTEX_POINT('',#4129);
#998=VERTEX_POINT('',#4131);
#999=VERTEX_POINT('',#4154);
#1000=VERTEX_POINT('',#4176);
#1001=VERTEX_POINT('',#4219);
#1002=VERTEX_POINT('',#4224);
#1003=VERTEX_POINT('',#4257);
#1004=VERTEX_POINT('',#4264);
#1005=VERTEX_POINT('',#4273);
#1006=VERTEX_POINT('',#4305);
#1007=VERTEX_POINT('',#4363);
#1008=VERTEX_POINT('',#4409);
#1009=VERTEX_POINT('',#4423);
#1010=VERTEX_POINT('',#4475);
#1011=VERTEX_POINT('',#4476);
#1012=VERTEX_POINT('',#4478);
#1013=VERTEX_POINT('',#4515);
#1014=VERTEX_POINT('',#4520);
#1015=VERTEX_POINT('',#4581);
#1016=VERTEX_POINT('',#4593);
#1017=VERTEX_POINT('',#4626);
#1018=VERTEX_POINT('',#4631);
#1019=VERTEX_POINT('',#4677);
#1020=VERTEX_POINT('',#4719);
#1021=VERTEX_POINT('',#4724);
#1022=VERTEX_POINT('',#4741);
#1023=VERTEX_POINT('',#4755);
#1024=VERTEX_POINT('',#4775);
#1025=VERTEX_POINT('',#4834);
#1026=VERTEX_POINT('',#4839);
#1027=VERTEX_POINT('',#4850);
#1028=VERTEX_POINT('',#4888);
#1029=VERTEX_POINT('',#4893);
#1030=VERTEX_POINT('',#4898);
#1031=VERTEX_POINT('',#4903);
#1032=VERTEX_POINT('',#4953);
#1033=VERTEX_POINT('',#4962);
#1034=VERTEX_POINT('',#5014);
#1035=VERTEX_POINT('',#5019);
#1036=VERTEX_POINT('',#5064);
#1037=VERTEX_POINT('',#5065);
#1038=VERTEX_POINT('',#5067);
#1039=VERTEX_POINT('',#5104);
#1040=VERTEX_POINT('',#5109);
#1041=VERTEX_POINT('',#5170);
#1042=VERTEX_POINT('',#5182);
#1043=VERTEX_POINT('',#5215);
#1044=VERTEX_POINT('',#5293);
#1045=VERTEX_POINT('',#5298);
#1046=VERTEX_POINT('',#5318);
#1047=VERTEX_POINT('',#5329);
#1048=VERTEX_POINT('',#5338);
#1049=VERTEX_POINT('',#5391);
#1050=VERTEX_POINT('',#5396);
#1051=VERTEX_POINT('',#5406);
#1052=VERTEX_POINT('',#5449);
#1053=VERTEX_POINT('',#5454);
#1054=VERTEX_POINT('',#5460);
#1055=VERTEX_POINT('',#5465);
#1056=VERTEX_POINT('',#5524);
#1057=VERTEX_POINT('',#5533);
#1058=VERTEX_POINT('',#5725);
#1059=VERTEX_POINT('',#5730);
#1060=VERTEX_POINT('',#5828);
#1061=VERTEX_POINT('',#5833);
#1062=VERTEX_POINT('',#5955);
#1063=VERTEX_POINT('',#6027);
#1064=VERTEX_POINT('',#6099);
#1065=VERTEX_POINT('',#6171);
#1066=EDGE_CURVE('',#843,#844,#693,.T.);
#1067=EDGE_CURVE('',#844,#845,#499,.T.);
#1068=EDGE_CURVE('',#845,#846,#694,.T.);
#1069=EDGE_CURVE('',#846,#847,#500,.T.);
#1070=EDGE_CURVE('',#847,#843,#695,.T.);
#1071=EDGE_CURVE('',#848,#846,#132,.T.);
#1072=EDGE_CURVE('',#849,#848,#133,.T.);
#1073=EDGE_CURVE('',#850,#849,#134,.T.);
#1074=EDGE_CURVE('',#851,#850,#501,.T.);
#1075=EDGE_CURVE('',#847,#851,#135,.T.);
#1076=EDGE_CURVE('',#852,#845,#696,.F.);
#1077=EDGE_CURVE('',#852,#853,#697,.T.);
#1078=EDGE_CURVE('',#848,#853,#136,.T.);
#1079=EDGE_CURVE('',#854,#844,#137,.T.);
#1080=EDGE_CURVE('',#855,#854,#502,.T.);
#1081=EDGE_CURVE('',#856,#855,#698,.T.);
#1082=EDGE_CURVE('',#856,#857,#503,.T.);
#1083=EDGE_CURVE('',#858,#857,#138,.T.);
#1084=EDGE_CURVE('',#858,#852,#504,.T.);
#1085=EDGE_CURVE('',#850,#855,#699,.T.);
#1086=EDGE_CURVE('',#854,#859,#700,.T.);
#1087=EDGE_CURVE('',#859,#851,#701,.T.);
#1088=EDGE_CURVE('',#860,#849,#139,.T.);
#1089=EDGE_CURVE('',#860,#856,#702,.T.);
#1090=EDGE_CURVE('',#861,#859,#703,.T.);
#1091=EDGE_CURVE('',#861,#862,#140,.T.);
#1092=EDGE_CURVE('',#862,#843,#704,.T.);
#1093=EDGE_CURVE('',#863,#864,#705,.T.);
#1094=EDGE_CURVE('',#864,#865,#505,.T.);
#1095=EDGE_CURVE('',#865,#866,#706,.T.);
#1096=EDGE_CURVE('',#866,#867,#707,.T.);
#1097=EDGE_CURVE('',#867,#863,#506,.T.);
#1098=EDGE_CURVE('',#868,#866,#708,.T.);
#1099=EDGE_CURVE('',#868,#869,#141,.T.);
#1100=EDGE_CURVE('',#869,#870,#709,.T.);
#1101=EDGE_CURVE('',#871,#870,#710,.T.);
#1102=EDGE_CURVE('',#871,#867,#142,.T.);
#1103=EDGE_CURVE('',#865,#872,#143,.T.);
#1104=EDGE_CURVE('',#870,#872,#711,.T.);
#1105=EDGE_CURVE('',#869,#868,#144,.T.);
#1106=EDGE_CURVE('',#873,#864,#712,.T.);
#1107=EDGE_CURVE('',#873,#874,#507,.T.);
#1108=EDGE_CURVE('',#875,#874,#145,.T.);
#1109=EDGE_CURVE('',#875,#876,#508,.T.);
#1110=EDGE_CURVE('',#876,#877,#713,.F.);
#1111=EDGE_CURVE('',#872,#877,#509,.T.);
#1112=EDGE_CURVE('',#877,#878,#714,.T.);
#1113=EDGE_CURVE('',#878,#871,#510,.T.);
#1114=EDGE_CURVE('',#876,#879,#715,.T.);
#1115=EDGE_CURVE('',#880,#879,#146,.T.);
#1116=EDGE_CURVE('',#880,#878,#147,.T.);
#1117=EDGE_CURVE('',#881,#882,#716,.T.);
#1118=EDGE_CURVE('',#881,#883,#511,.T.);
#1119=EDGE_CURVE('',#883,#884,#717,.F.);
#1120=EDGE_CURVE('',#884,#885,#718,.F.);
#1121=EDGE_CURVE('',#885,#886,#512,.T.);
#1122=EDGE_CURVE('',#882,#886,#719,.T.);
#1123=EDGE_CURVE('',#887,#885,#148,.T.);
#1124=EDGE_CURVE('',#888,#887,#149,.T.);
#1125=EDGE_CURVE('',#889,#888,#150,.F.);
#1126=EDGE_CURVE('',#890,#889,#151,.T.);
#1127=EDGE_CURVE('',#891,#890,#152,.T.);
#1128=EDGE_CURVE('',#886,#891,#153,.T.);
#1129=EDGE_CURVE('',#892,#890,#720,.F.);
#1130=EDGE_CURVE('',#889,#893,#721,.F.);
#1131=EDGE_CURVE('',#893,#892,#154,.T.);
#1132=EDGE_CURVE('',#894,#895,#722,.F.);
#1133=EDGE_CURVE('',#895,#896,#155,.T.);
#1134=EDGE_CURVE('',#896,#897,#723,.F.);
#1135=EDGE_CURVE('',#897,#894,#156,.T.);
#1136=EDGE_CURVE('',#898,#895,#157,.F.);
#1137=EDGE_CURVE('',#899,#898,#158,.T.);
#1138=EDGE_CURVE('',#900,#899,#159,.T.);
#1139=EDGE_CURVE('',#901,#900,#513,.T.);
#1140=EDGE_CURVE('',#902,#901,#160,.T.);
#1141=EDGE_CURVE('',#896,#902,#161,.T.);
#1142=EDGE_CURVE('',#903,#904,#724,.T.);
#1143=EDGE_CURVE('',#903,#905,#514,.T.);
#1144=EDGE_CURVE('',#905,#906,#725,.F.);
#1145=EDGE_CURVE('',#906,#901,#726,.F.);
#1146=EDGE_CURVE('',#904,#900,#727,.T.);
#1147=EDGE_CURVE('',#907,#908,#728,.T.);
#1148=EDGE_CURVE('',#907,#909,#515,.T.);
#1149=EDGE_CURVE('',#909,#910,#729,.F.);
#1150=EDGE_CURVE('',#910,#911,#730,.F.);
#1151=EDGE_CURVE('',#911,#912,#516,.T.);
#1152=EDGE_CURVE('',#908,#912,#731,.T.);
#1153=EDGE_CURVE('',#913,#911,#162,.T.);
#1154=EDGE_CURVE('',#914,#913,#163,.T.);
#1155=EDGE_CURVE('',#915,#914,#164,.F.);
#1156=EDGE_CURVE('',#916,#915,#165,.T.);
#1157=EDGE_CURVE('',#917,#916,#166,.T.);
#1158=EDGE_CURVE('',#912,#917,#167,.T.);
#1159=EDGE_CURVE('',#918,#919,#732,.T.);
#1160=EDGE_CURVE('',#918,#920,#517,.T.);
#1161=EDGE_CURVE('',#920,#921,#733,.F.);
#1162=EDGE_CURVE('',#921,#922,#734,.F.);
#1163=EDGE_CURVE('',#922,#923,#518,.T.);
#1164=EDGE_CURVE('',#919,#923,#735,.T.);
#1165=EDGE_CURVE('',#924,#922,#168,.T.);
#1166=EDGE_CURVE('',#925,#924,#169,.T.);
#1167=EDGE_CURVE('',#926,#925,#170,.T.);
#1168=EDGE_CURVE('',#927,#926,#171,.F.);
#1169=EDGE_CURVE('',#928,#927,#172,.T.);
#1170=EDGE_CURVE('',#923,#928,#173,.T.);
#1171=EDGE_CURVE('',#929,#926,#736,.F.);
#1172=EDGE_CURVE('',#925,#930,#737,.F.);
#1173=EDGE_CURVE('',#930,#929,#174,.T.);
#1174=EDGE_CURVE('',#931,#916,#738,.F.);
#1175=EDGE_CURVE('',#915,#932,#739,.F.);
#1176=EDGE_CURVE('',#932,#931,#175,.T.);
#1177=EDGE_CURVE('',#882,#921,#519,.F.);
#1178=EDGE_CURVE('',#881,#920,#520,.T.);
#1179=EDGE_CURVE('',#924,#891,#521,.T.);
#1180=EDGE_CURVE('',#908,#906,#522,.T.);
#1181=EDGE_CURVE('',#907,#905,#523,.T.);
#1182=EDGE_CURVE('',#933,#917,#524,.T.);
#1183=EDGE_CURVE('',#933,#934,#525,.T.);
#1184=EDGE_CURVE('',#934,#902,#526,.T.);
#1185=EDGE_CURVE('',#904,#910,#527,.F.);
#1186=EDGE_CURVE('',#903,#909,#528,.T.);
#1187=EDGE_CURVE('',#935,#899,#529,.T.);
#1188=EDGE_CURVE('',#936,#935,#530,.T.);
#1189=EDGE_CURVE('',#936,#913,#531,.T.);
#1190=EDGE_CURVE('',#919,#884,#532,.T.);
#1191=EDGE_CURVE('',#918,#883,#533,.T.);
#1192=EDGE_CURVE('',#928,#887,#534,.T.);
#1193=EDGE_CURVE('',#888,#927,#535,.T.);
#1194=EDGE_CURVE('',#929,#893,#536,.T.);
#1195=EDGE_CURVE('',#914,#898,#537,.T.);
#1196=EDGE_CURVE('',#894,#932,#538,.T.);
#1197=EDGE_CURVE('',#937,#880,#176,.T.);
#1198=EDGE_CURVE('',#863,#937,#177,.T.);
#1199=EDGE_CURVE('',#938,#939,#539,.T.);
#1200=EDGE_CURVE('',#939,#940,#178,.T.);
#1201=EDGE_CURVE('',#940,#941,#179,.T.);
#1202=EDGE_CURVE('',#941,#942,#180,.T.);
#1203=EDGE_CURVE('',#942,#943,#540,.T.);
#1204=EDGE_CURVE('',#943,#938,#46,.T.);
#1205=EDGE_CURVE('',#944,#945,#740,.T.);
#1206=EDGE_CURVE('',#946,#944,#181,.T.);
#1207=EDGE_CURVE('',#947,#946,#182,.T.);
#1208=EDGE_CURVE('',#948,#947,#183,.T.);
#1209=EDGE_CURVE('',#949,#948,#184,.T.);
#1210=EDGE_CURVE('',#950,#949,#185,.T.);
#1211=EDGE_CURVE('',#951,#950,#741,.T.);
#1212=EDGE_CURVE('',#952,#951,#742,.T.);
#1213=EDGE_CURVE('',#945,#952,#743,.T.);
#1214=EDGE_CURVE('',#953,#954,#186,.T.);
#1215=EDGE_CURVE('',#955,#953,#541,.T.);
#1216=EDGE_CURVE('',#956,#955,#187,.T.);
#1217=EDGE_CURVE('',#954,#956,#542,.T.);
#1218=EDGE_CURVE('',#857,#953,#24,.T.);
#1219=EDGE_CURVE('',#954,#858,#25,.T.);
#1220=EDGE_CURVE('',#957,#956,#543,.T.);
#1221=EDGE_CURVE('',#957,#858,#544,.T.);
#1222=EDGE_CURVE('',#862,#861,#188,.T.);
#1223=EDGE_CURVE('',#958,#959,#545,.T.);
#1224=EDGE_CURVE('',#959,#960,#47,.T.);
#1225=EDGE_CURVE('',#960,#961,#546,.T.);
#1226=EDGE_CURVE('',#961,#962,#189,.T.);
#1227=EDGE_CURVE('',#962,#963,#190,.T.);
#1228=EDGE_CURVE('',#963,#958,#191,.T.);
#1229=EDGE_CURVE('',#964,#965,#744,.T.);
#1230=EDGE_CURVE('',#966,#964,#192,.T.);
#1231=EDGE_CURVE('',#967,#966,#193,.T.);
#1232=EDGE_CURVE('',#968,#967,#194,.T.);
#1233=EDGE_CURVE('',#969,#968,#195,.T.);
#1234=EDGE_CURVE('',#970,#969,#196,.T.);
#1235=EDGE_CURVE('',#971,#970,#745,.T.);
#1236=EDGE_CURVE('',#972,#971,#746,.T.);
#1237=EDGE_CURVE('',#965,#972,#747,.T.);
#1238=EDGE_CURVE('',#973,#974,#197,.T.);
#1239=EDGE_CURVE('',#975,#973,#547,.T.);
#1240=EDGE_CURVE('',#976,#975,#198,.T.);
#1241=EDGE_CURVE('',#974,#976,#548,.T.);
#1242=EDGE_CURVE('',#874,#973,#26,.T.);
#1243=EDGE_CURVE('',#974,#875,#27,.T.);
#1244=EDGE_CURVE('',#977,#976,#549,.T.);
#1245=EDGE_CURVE('',#977,#875,#550,.T.);
#1246=EDGE_CURVE('',#959,#938,#551,.T.);
#1247=EDGE_CURVE('',#958,#939,#552,.T.);
#1248=EDGE_CURVE('',#942,#961,#553,.T.);
#1249=EDGE_CURVE('',#943,#960,#554,.T.);
#1250=EDGE_CURVE('',#940,#963,#555,.T.);
#1251=EDGE_CURVE('',#962,#941,#556,.T.);
#1252=EDGE_CURVE('',#930,#892,#557,.T.);
#1253=EDGE_CURVE('',#897,#931,#558,.T.);
#1254=EDGE_CURVE('',#853,#978,#748,.T.);
#1255=EDGE_CURVE('',#978,#860,#749,.T.);
#1256=EDGE_CURVE('',#957,#853,#559,.T.);
#1257=EDGE_CURVE('',#879,#979,#199,.T.);
#1258=EDGE_CURVE('',#979,#937,#200,.T.);
#1259=EDGE_CURVE('',#979,#873,#750,.T.);
#1260=EDGE_CURVE('',#879,#977,#560,.T.);
#1261=EDGE_CURVE('',#965,#980,#561,.T.);
#1262=EDGE_CURVE('',#980,#981,#751,.T.);
#1263=EDGE_CURVE('',#981,#964,#562,.T.);
#1264=EDGE_CURVE('',#972,#982,#563,.T.);
#1265=EDGE_CURVE('',#982,#980,#752,.T.);
#1266=EDGE_CURVE('',#971,#983,#564,.T.);
#1267=EDGE_CURVE('',#983,#982,#753,.T.);
#1268=EDGE_CURVE('',#970,#984,#565,.T.);
#1269=EDGE_CURVE('',#984,#983,#754,.T.);
#1270=EDGE_CURVE('',#969,#985,#566,.T.);
#1271=EDGE_CURVE('',#985,#984,#201,.T.);
#1272=EDGE_CURVE('',#968,#986,#567,.T.);
#1273=EDGE_CURVE('',#986,#985,#202,.T.);
#1274=EDGE_CURVE('',#967,#987,#568,.T.);
#1275=EDGE_CURVE('',#987,#986,#203,.T.);
#1276=EDGE_CURVE('',#966,#988,#569,.T.);
#1277=EDGE_CURVE('',#988,#987,#204,.T.);
#1278=EDGE_CURVE('',#981,#988,#205,.T.);
#1279=EDGE_CURVE('',#986,#989,#570,.T.);
#1280=EDGE_CURVE('',#990,#989,#206,.T.);
#1281=EDGE_CURVE('',#990,#985,#571,.T.);
#1282=EDGE_CURVE('',#991,#987,#572,.T.);
#1283=EDGE_CURVE('',#989,#991,#207,.T.);
#1284=EDGE_CURVE('',#988,#992,#573,.T.);
#1285=EDGE_CURVE('',#991,#992,#208,.T.);
#1286=EDGE_CURVE('',#993,#981,#755,.T.);
#1287=EDGE_CURVE('',#994,#993,#756,.T.);
#1288=EDGE_CURVE('',#995,#994,#757,.T.);
#1289=EDGE_CURVE('',#992,#995,#209,.T.);
#1290=EDGE_CURVE('',#980,#996,#758,.T.);
#1291=EDGE_CURVE('',#993,#996,#210,.T.);
#1292=EDGE_CURVE('',#945,#997,#574,.T.);
#1293=EDGE_CURVE('',#997,#998,#759,.T.);
#1294=EDGE_CURVE('',#998,#944,#575,.T.);
#1295=EDGE_CURVE('',#952,#999,#576,.T.);
#1296=EDGE_CURVE('',#999,#997,#760,.T.);
#1297=EDGE_CURVE('',#951,#1000,#577,.T.);
#1298=EDGE_CURVE('',#1000,#999,#761,.T.);
#1299=EDGE_CURVE('',#950,#995,#578,.T.);
#1300=EDGE_CURVE('',#995,#1000,#762,.T.);
#1301=EDGE_CURVE('',#949,#992,#579,.T.);
#1302=EDGE_CURVE('',#948,#991,#580,.T.);
#1303=EDGE_CURVE('',#947,#989,#581,.T.);
#1304=EDGE_CURVE('',#946,#990,#582,.T.);
#1305=EDGE_CURVE('',#998,#990,#211,.T.);
#1306=EDGE_CURVE('',#1001,#998,#763,.T.);
#1307=EDGE_CURVE('',#1002,#1001,#764,.T.);
#1308=EDGE_CURVE('',#984,#1002,#765,.T.);
#1309=EDGE_CURVE('',#997,#1003,#766,.T.);
#1310=EDGE_CURVE('',#1003,#1001,#212,.T.);
#1311=EDGE_CURVE('',#874,#1004,#583,.T.);
#1312=EDGE_CURVE('',#1004,#975,#584,.T.);
#1313=EDGE_CURVE('',#1004,#977,#213,.T.);
#1314=EDGE_CURVE('',#979,#1004,#585,.T.);
#1315=EDGE_CURVE('',#857,#1005,#586,.T.);
#1316=EDGE_CURVE('',#1005,#955,#587,.T.);
#1317=EDGE_CURVE('',#1005,#957,#214,.T.);
#1318=EDGE_CURVE('',#1005,#860,#588,.T.);
#1319=EDGE_CURVE('',#994,#1006,#215,.T.);
#1320=EDGE_CURVE('',#1006,#1000,#767,.T.);
#1321=EDGE_CURVE('',#996,#1006,#768,.T.);
#1322=EDGE_CURVE('',#1003,#1007,#769,.T.);
#1323=EDGE_CURVE('',#1007,#1002,#216,.T.);
#1324=EDGE_CURVE('',#1007,#983,#770,.T.);
#1325=EDGE_CURVE('',#1008,#1007,#771,.T.);
#1326=EDGE_CURVE('',#1008,#982,#589,.T.);
#1327=EDGE_CURVE('',#1003,#1009,#772,.T.);
#1328=EDGE_CURVE('',#1008,#1009,#590,.T.);
#1329=EDGE_CURVE('',#1009,#999,#591,.T.);
#1330=EDGE_CURVE('',#1010,#1011,#217,.T.);
#1331=EDGE_CURVE('',#1011,#1012,#773,.T.);
#1332=EDGE_CURVE('',#1012,#1010,#774,.T.);
#1333=EDGE_CURVE('',#1010,#1013,#775,.T.);
#1334=EDGE_CURVE('',#1013,#1014,#218,.T.);
#1335=EDGE_CURVE('',#1014,#1011,#776,.T.);
#1336=EDGE_CURVE('',#1013,#1015,#777,.T.);
#1337=EDGE_CURVE('',#1015,#1016,#219,.T.);
#1338=EDGE_CURVE('',#1016,#1014,#778,.T.);
#1339=EDGE_CURVE('',#1015,#1017,#779,.T.);
#1340=EDGE_CURVE('',#1017,#1018,#220,.T.);
#1341=EDGE_CURVE('',#1018,#1016,#780,.T.);
#1342=EDGE_CURVE('',#1017,#1019,#781,.T.);
#1343=EDGE_CURVE('',#1019,#1018,#782,.T.);
#1344=EDGE_CURVE('',#1015,#1020,#783,.T.);
#1345=EDGE_CURVE('',#1021,#1020,#784,.F.);
#1346=EDGE_CURVE('',#1021,#1022,#785,.T.);
#1347=EDGE_CURVE('',#1023,#1022,#786,.F.);
#1348=EDGE_CURVE('',#1024,#1023,#787,.T.);
#1349=EDGE_CURVE('',#1025,#1024,#788,.T.);
#1350=EDGE_CURVE('',#1025,#1026,#789,.T.);
#1351=EDGE_CURVE('',#1019,#1026,#790,.T.);
#1352=EDGE_CURVE('',#1027,#1013,#791,.T.);
#1353=EDGE_CURVE('',#1027,#1020,#28,.T.);
#1354=EDGE_CURVE('',#1028,#1012,#792,.T.);
#1355=EDGE_CURVE('',#1028,#1029,#793,.T.);
#1356=EDGE_CURVE('',#1030,#1029,#794,.T.);
#1357=EDGE_CURVE('',#1031,#1030,#795,.T.);
#1358=EDGE_CURVE('',#1031,#1032,#796,.T.);
#1359=EDGE_CURVE('',#1033,#1032,#797,.F.);
#1360=EDGE_CURVE('',#1033,#1027,#798,.T.);
#1361=EDGE_CURVE('',#1011,#1034,#799,.T.);
#1362=EDGE_CURVE('',#1035,#1034,#800,.T.);
#1363=EDGE_CURVE('',#1035,#1012,#801,.T.);
#1364=EDGE_CURVE('',#1036,#1037,#221,.T.);
#1365=EDGE_CURVE('',#1037,#1038,#802,.T.);
#1366=EDGE_CURVE('',#1038,#1036,#803,.T.);
#1367=EDGE_CURVE('',#1036,#1039,#804,.T.);
#1368=EDGE_CURVE('',#1039,#1040,#222,.T.);
#1369=EDGE_CURVE('',#1040,#1037,#805,.T.);
#1370=EDGE_CURVE('',#1039,#1041,#806,.T.);
#1371=EDGE_CURVE('',#1041,#1042,#223,.T.);
#1372=EDGE_CURVE('',#1042,#1040,#807,.T.);
#1373=EDGE_CURVE('',#1041,#1043,#808,.T.);
#1374=EDGE_CURVE('',#1043,#1034,#224,.T.);
#1375=EDGE_CURVE('',#1034,#1042,#809,.T.);
#1376=EDGE_CURVE('',#1043,#1035,#810,.T.);
#1377=EDGE_CURVE('',#1041,#1044,#811,.T.);
#1378=EDGE_CURVE('',#1045,#1044,#812,.F.);
#1379=EDGE_CURVE('',#1045,#1046,#813,.T.);
#1380=EDGE_CURVE('',#1047,#1046,#814,.F.);
#1381=EDGE_CURVE('',#1048,#1047,#815,.T.);
#1382=EDGE_CURVE('',#1049,#1048,#816,.T.);
#1383=EDGE_CURVE('',#1049,#1050,#817,.T.);
#1384=EDGE_CURVE('',#1035,#1050,#818,.T.);
#1385=EDGE_CURVE('',#1051,#1039,#819,.T.);
#1386=EDGE_CURVE('',#1051,#1044,#29,.T.);
#1387=EDGE_CURVE('',#1052,#1038,#820,.T.);
#1388=EDGE_CURVE('',#1052,#1053,#821,.T.);
#1389=EDGE_CURVE('',#1054,#1053,#822,.T.);
#1390=EDGE_CURVE('',#1055,#1054,#823,.T.);
#1391=EDGE_CURVE('',#1055,#1056,#824,.T.);
#1392=EDGE_CURVE('',#1057,#1056,#825,.F.);
#1393=EDGE_CURVE('',#1057,#1051,#826,.T.);
#1394=EDGE_CURVE('',#1019,#1038,#827,.T.);
#1395=EDGE_CURVE('',#1037,#1018,#828,.T.);
#1396=EDGE_CURVE('',#996,#1008,#829,.T.);
#1397=EDGE_CURVE('',#1009,#1006,#830,.T.);
#1398=EDGE_CURVE('',#1047,#1031,#831,.T.);
#1399=EDGE_CURVE('',#1030,#1048,#832,.T.);
#1400=EDGE_CURVE('',#1046,#1058,#833,.T.);
#1401=EDGE_CURVE('',#1058,#1059,#592,.T.);
#1402=EDGE_CURVE('',#1032,#1059,#834,.F.);
#1403=EDGE_CURVE('',#1023,#1055,#835,.T.);
#1404=EDGE_CURVE('',#1054,#1024,#836,.T.);
#1405=EDGE_CURVE('',#1022,#1060,#837,.T.);
#1406=EDGE_CURVE('',#1061,#1060,#593,.T.);
#1407=EDGE_CURVE('',#1056,#1061,#838,.F.);
#1408=EDGE_CURVE('',#1062,#1033,#839,.F.);
#1409=EDGE_CURVE('',#1062,#1027,#30,.T.);
#1410=EDGE_CURVE('',#1063,#1045,#840,.T.);
#1411=EDGE_CURVE('',#1044,#1063,#31,.T.);
#1412=EDGE_CURVE('',#1064,#1057,#841,.F.);
#1413=EDGE_CURVE('',#1064,#1051,#32,.T.);
#1414=EDGE_CURVE('',#1065,#1021,#842,.T.);
#1415=EDGE_CURVE('',#1020,#1065,#33,.T.);
#1416=EDGE_CURVE('',#1062,#1063,#594,.T.);
#1417=EDGE_CURVE('',#1064,#1065,#595,.T.);
#1418=ORIENTED_EDGE('',*,*,#1066,.T.);
#1419=ORIENTED_EDGE('',*,*,#1067,.T.);
#1420=ORIENTED_EDGE('',*,*,#1068,.T.);
#1421=ORIENTED_EDGE('',*,*,#1069,.T.);
#1422=ORIENTED_EDGE('',*,*,#1070,.T.);
#1423=ORIENTED_EDGE('',*,*,#1069,.F.);
#1424=ORIENTED_EDGE('',*,*,#1071,.F.);
#1425=ORIENTED_EDGE('',*,*,#1072,.F.);
#1426=ORIENTED_EDGE('',*,*,#1073,.F.);
#1427=ORIENTED_EDGE('',*,*,#1074,.F.);
#1428=ORIENTED_EDGE('',*,*,#1075,.F.);
#1429=ORIENTED_EDGE('',*,*,#1068,.F.);
#1430=ORIENTED_EDGE('',*,*,#1076,.F.);
#1431=ORIENTED_EDGE('',*,*,#1077,.T.);
#1432=ORIENTED_EDGE('',*,*,#1078,.F.);
#1433=ORIENTED_EDGE('',*,*,#1071,.T.);
#1434=ORIENTED_EDGE('',*,*,#1067,.F.);
#1435=ORIENTED_EDGE('',*,*,#1079,.F.);
#1436=ORIENTED_EDGE('',*,*,#1080,.F.);
#1437=ORIENTED_EDGE('',*,*,#1081,.F.);
#1438=ORIENTED_EDGE('',*,*,#1082,.T.);
#1439=ORIENTED_EDGE('',*,*,#1083,.F.);
#1440=ORIENTED_EDGE('',*,*,#1084,.T.);
#1441=ORIENTED_EDGE('',*,*,#1076,.T.);
#1442=ORIENTED_EDGE('',*,*,#1085,.T.);
#1443=ORIENTED_EDGE('',*,*,#1080,.T.);
#1444=ORIENTED_EDGE('',*,*,#1086,.T.);
#1445=ORIENTED_EDGE('',*,*,#1087,.T.);
#1446=ORIENTED_EDGE('',*,*,#1074,.T.);
#1447=ORIENTED_EDGE('',*,*,#1085,.F.);
#1448=ORIENTED_EDGE('',*,*,#1073,.T.);
#1449=ORIENTED_EDGE('',*,*,#1088,.F.);
#1450=ORIENTED_EDGE('',*,*,#1089,.T.);
#1451=ORIENTED_EDGE('',*,*,#1081,.T.);
#1452=ORIENTED_EDGE('',*,*,#1070,.F.);
#1453=ORIENTED_EDGE('',*,*,#1075,.T.);
#1454=ORIENTED_EDGE('',*,*,#1087,.F.);
#1455=ORIENTED_EDGE('',*,*,#1090,.F.);
#1456=ORIENTED_EDGE('',*,*,#1091,.T.);
#1457=ORIENTED_EDGE('',*,*,#1092,.T.);
#1458=ORIENTED_EDGE('',*,*,#1093,.T.);
#1459=ORIENTED_EDGE('',*,*,#1094,.T.);
#1460=ORIENTED_EDGE('',*,*,#1095,.T.);
#1461=ORIENTED_EDGE('',*,*,#1096,.T.);
#1462=ORIENTED_EDGE('',*,*,#1097,.T.);
#1463=ORIENTED_EDGE('',*,*,#1096,.F.);
#1464=ORIENTED_EDGE('',*,*,#1098,.F.);
#1465=ORIENTED_EDGE('',*,*,#1099,.T.);
#1466=ORIENTED_EDGE('',*,*,#1100,.T.);
#1467=ORIENTED_EDGE('',*,*,#1101,.F.);
#1468=ORIENTED_EDGE('',*,*,#1102,.T.);
#1469=ORIENTED_EDGE('',*,*,#1095,.F.);
#1470=ORIENTED_EDGE('',*,*,#1103,.T.);
#1471=ORIENTED_EDGE('',*,*,#1104,.F.);
#1472=ORIENTED_EDGE('',*,*,#1100,.F.);
#1473=ORIENTED_EDGE('',*,*,#1105,.T.);
#1474=ORIENTED_EDGE('',*,*,#1098,.T.);
#1475=ORIENTED_EDGE('',*,*,#1094,.F.);
#1476=ORIENTED_EDGE('',*,*,#1106,.F.);
#1477=ORIENTED_EDGE('',*,*,#1107,.T.);
#1478=ORIENTED_EDGE('',*,*,#1108,.F.);
#1479=ORIENTED_EDGE('',*,*,#1109,.T.);
#1480=ORIENTED_EDGE('',*,*,#1110,.T.);
#1481=ORIENTED_EDGE('',*,*,#1111,.F.);
#1482=ORIENTED_EDGE('',*,*,#1103,.F.);
#1483=ORIENTED_EDGE('',*,*,#1104,.T.);
#1484=ORIENTED_EDGE('',*,*,#1111,.T.);
#1485=ORIENTED_EDGE('',*,*,#1112,.T.);
#1486=ORIENTED_EDGE('',*,*,#1113,.T.);
#1487=ORIENTED_EDGE('',*,*,#1101,.T.);
#1488=ORIENTED_EDGE('',*,*,#1112,.F.);
#1489=ORIENTED_EDGE('',*,*,#1110,.F.);
#1490=ORIENTED_EDGE('',*,*,#1114,.T.);
#1491=ORIENTED_EDGE('',*,*,#1115,.F.);
#1492=ORIENTED_EDGE('',*,*,#1116,.T.);
#1493=ORIENTED_EDGE('',*,*,#1117,.F.);
#1494=ORIENTED_EDGE('',*,*,#1118,.T.);
#1495=ORIENTED_EDGE('',*,*,#1119,.T.);
#1496=ORIENTED_EDGE('',*,*,#1120,.T.);
#1497=ORIENTED_EDGE('',*,*,#1121,.T.);
#1498=ORIENTED_EDGE('',*,*,#1122,.F.);
#1499=ORIENTED_EDGE('',*,*,#1121,.F.);
#1500=ORIENTED_EDGE('',*,*,#1123,.F.);
#1501=ORIENTED_EDGE('',*,*,#1124,.F.);
#1502=ORIENTED_EDGE('',*,*,#1125,.F.);
#1503=ORIENTED_EDGE('',*,*,#1126,.F.);
#1504=ORIENTED_EDGE('',*,*,#1127,.F.);
#1505=ORIENTED_EDGE('',*,*,#1128,.F.);
#1506=ORIENTED_EDGE('',*,*,#1129,.T.);
#1507=ORIENTED_EDGE('',*,*,#1126,.T.);
#1508=ORIENTED_EDGE('',*,*,#1130,.T.);
#1509=ORIENTED_EDGE('',*,*,#1131,.T.);
#1510=ORIENTED_EDGE('',*,*,#1132,.T.);
#1511=ORIENTED_EDGE('',*,*,#1133,.T.);
#1512=ORIENTED_EDGE('',*,*,#1134,.T.);
#1513=ORIENTED_EDGE('',*,*,#1135,.T.);
#1514=ORIENTED_EDGE('',*,*,#1133,.F.);
#1515=ORIENTED_EDGE('',*,*,#1136,.F.);
#1516=ORIENTED_EDGE('',*,*,#1137,.F.);
#1517=ORIENTED_EDGE('',*,*,#1138,.F.);
#1518=ORIENTED_EDGE('',*,*,#1139,.F.);
#1519=ORIENTED_EDGE('',*,*,#1140,.F.);
#1520=ORIENTED_EDGE('',*,*,#1141,.F.);
#1521=ORIENTED_EDGE('',*,*,#1142,.F.);
#1522=ORIENTED_EDGE('',*,*,#1143,.T.);
#1523=ORIENTED_EDGE('',*,*,#1144,.T.);
#1524=ORIENTED_EDGE('',*,*,#1145,.T.);
#1525=ORIENTED_EDGE('',*,*,#1139,.T.);
#1526=ORIENTED_EDGE('',*,*,#1146,.F.);
#1527=ORIENTED_EDGE('',*,*,#1147,.F.);
#1528=ORIENTED_EDGE('',*,*,#1148,.T.);
#1529=ORIENTED_EDGE('',*,*,#1149,.T.);
#1530=ORIENTED_EDGE('',*,*,#1150,.T.);
#1531=ORIENTED_EDGE('',*,*,#1151,.T.);
#1532=ORIENTED_EDGE('',*,*,#1152,.F.);
#1533=ORIENTED_EDGE('',*,*,#1151,.F.);
#1534=ORIENTED_EDGE('',*,*,#1153,.F.);
#1535=ORIENTED_EDGE('',*,*,#1154,.F.);
#1536=ORIENTED_EDGE('',*,*,#1155,.F.);
#1537=ORIENTED_EDGE('',*,*,#1156,.F.);
#1538=ORIENTED_EDGE('',*,*,#1157,.F.);
#1539=ORIENTED_EDGE('',*,*,#1158,.F.);
#1540=ORIENTED_EDGE('',*,*,#1159,.F.);
#1541=ORIENTED_EDGE('',*,*,#1160,.T.);
#1542=ORIENTED_EDGE('',*,*,#1161,.T.);
#1543=ORIENTED_EDGE('',*,*,#1162,.T.);
#1544=ORIENTED_EDGE('',*,*,#1163,.T.);
#1545=ORIENTED_EDGE('',*,*,#1164,.F.);
#1546=ORIENTED_EDGE('',*,*,#1163,.F.);
#1547=ORIENTED_EDGE('',*,*,#1165,.F.);
#1548=ORIENTED_EDGE('',*,*,#1166,.F.);
#1549=ORIENTED_EDGE('',*,*,#1167,.F.);
#1550=ORIENTED_EDGE('',*,*,#1168,.F.);
#1551=ORIENTED_EDGE('',*,*,#1169,.F.);
#1552=ORIENTED_EDGE('',*,*,#1170,.F.);
#1553=ORIENTED_EDGE('',*,*,#1171,.T.);
#1554=ORIENTED_EDGE('',*,*,#1167,.T.);
#1555=ORIENTED_EDGE('',*,*,#1172,.T.);
#1556=ORIENTED_EDGE('',*,*,#1173,.T.);
#1557=ORIENTED_EDGE('',*,*,#1174,.T.);
#1558=ORIENTED_EDGE('',*,*,#1156,.T.);
#1559=ORIENTED_EDGE('',*,*,#1175,.T.);
#1560=ORIENTED_EDGE('',*,*,#1176,.T.);
#1561=ORIENTED_EDGE('',*,*,#1177,.T.);
#1562=ORIENTED_EDGE('',*,*,#1161,.F.);
#1563=ORIENTED_EDGE('',*,*,#1178,.F.);
#1564=ORIENTED_EDGE('',*,*,#1117,.T.);
#1565=ORIENTED_EDGE('',*,*,#1177,.F.);
#1566=ORIENTED_EDGE('',*,*,#1122,.T.);
#1567=ORIENTED_EDGE('',*,*,#1128,.T.);
#1568=ORIENTED_EDGE('',*,*,#1179,.F.);
#1569=ORIENTED_EDGE('',*,*,#1165,.T.);
#1570=ORIENTED_EDGE('',*,*,#1162,.F.);
#1571=ORIENTED_EDGE('',*,*,#1180,.T.);
#1572=ORIENTED_EDGE('',*,*,#1144,.F.);
#1573=ORIENTED_EDGE('',*,*,#1181,.F.);
#1574=ORIENTED_EDGE('',*,*,#1147,.T.);
#1575=ORIENTED_EDGE('',*,*,#1180,.F.);
#1576=ORIENTED_EDGE('',*,*,#1152,.T.);
#1577=ORIENTED_EDGE('',*,*,#1158,.T.);
#1578=ORIENTED_EDGE('',*,*,#1182,.F.);
#1579=ORIENTED_EDGE('',*,*,#1183,.T.);
#1580=ORIENTED_EDGE('',*,*,#1184,.T.);
#1581=ORIENTED_EDGE('',*,*,#1140,.T.);
#1582=ORIENTED_EDGE('',*,*,#1145,.F.);
#1583=ORIENTED_EDGE('',*,*,#1185,.T.);
#1584=ORIENTED_EDGE('',*,*,#1149,.F.);
#1585=ORIENTED_EDGE('',*,*,#1186,.F.);
#1586=ORIENTED_EDGE('',*,*,#1142,.T.);
#1587=ORIENTED_EDGE('',*,*,#1185,.F.);
#1588=ORIENTED_EDGE('',*,*,#1146,.T.);
#1589=ORIENTED_EDGE('',*,*,#1138,.T.);
#1590=ORIENTED_EDGE('',*,*,#1187,.F.);
#1591=ORIENTED_EDGE('',*,*,#1188,.F.);
#1592=ORIENTED_EDGE('',*,*,#1189,.T.);
#1593=ORIENTED_EDGE('',*,*,#1153,.T.);
#1594=ORIENTED_EDGE('',*,*,#1150,.F.);
#1595=ORIENTED_EDGE('',*,*,#1190,.T.);
#1596=ORIENTED_EDGE('',*,*,#1119,.F.);
#1597=ORIENTED_EDGE('',*,*,#1191,.F.);
#1598=ORIENTED_EDGE('',*,*,#1159,.T.);
#1599=ORIENTED_EDGE('',*,*,#1190,.F.);
#1600=ORIENTED_EDGE('',*,*,#1164,.T.);
#1601=ORIENTED_EDGE('',*,*,#1170,.T.);
#1602=ORIENTED_EDGE('',*,*,#1192,.T.);
#1603=ORIENTED_EDGE('',*,*,#1123,.T.);
#1604=ORIENTED_EDGE('',*,*,#1120,.F.);
#1605=ORIENTED_EDGE('',*,*,#1125,.T.);
#1606=ORIENTED_EDGE('',*,*,#1193,.T.);
#1607=ORIENTED_EDGE('',*,*,#1168,.T.);
#1608=ORIENTED_EDGE('',*,*,#1171,.F.);
#1609=ORIENTED_EDGE('',*,*,#1194,.T.);
#1610=ORIENTED_EDGE('',*,*,#1130,.F.);
#1611=ORIENTED_EDGE('',*,*,#1193,.F.);
#1612=ORIENTED_EDGE('',*,*,#1124,.T.);
#1613=ORIENTED_EDGE('',*,*,#1192,.F.);
#1614=ORIENTED_EDGE('',*,*,#1169,.T.);
#1615=ORIENTED_EDGE('',*,*,#1155,.T.);
#1616=ORIENTED_EDGE('',*,*,#1195,.T.);
#1617=ORIENTED_EDGE('',*,*,#1136,.T.);
#1618=ORIENTED_EDGE('',*,*,#1132,.F.);
#1619=ORIENTED_EDGE('',*,*,#1196,.T.);
#1620=ORIENTED_EDGE('',*,*,#1175,.F.);
#1621=ORIENTED_EDGE('',*,*,#1195,.F.);
#1622=ORIENTED_EDGE('',*,*,#1154,.T.);
#1623=ORIENTED_EDGE('',*,*,#1189,.F.);
#1624=ORIENTED_EDGE('',*,*,#1188,.T.);
#1625=ORIENTED_EDGE('',*,*,#1187,.T.);
#1626=ORIENTED_EDGE('',*,*,#1137,.T.);
#1627=ORIENTED_EDGE('',*,*,#1097,.F.);
#1628=ORIENTED_EDGE('',*,*,#1102,.F.);
#1629=ORIENTED_EDGE('',*,*,#1113,.F.);
#1630=ORIENTED_EDGE('',*,*,#1116,.F.);
#1631=ORIENTED_EDGE('',*,*,#1197,.F.);
#1632=ORIENTED_EDGE('',*,*,#1198,.F.);
#1633=ORIENTED_EDGE('',*,*,#1199,.T.);
#1634=ORIENTED_EDGE('',*,*,#1200,.T.);
#1635=ORIENTED_EDGE('',*,*,#1201,.T.);
#1636=ORIENTED_EDGE('',*,*,#1202,.T.);
#1637=ORIENTED_EDGE('',*,*,#1203,.T.);
#1638=ORIENTED_EDGE('',*,*,#1204,.T.);
#1639=ORIENTED_EDGE('',*,*,#1205,.F.);
#1640=ORIENTED_EDGE('',*,*,#1206,.F.);
#1641=ORIENTED_EDGE('',*,*,#1207,.F.);
#1642=ORIENTED_EDGE('',*,*,#1208,.F.);
#1643=ORIENTED_EDGE('',*,*,#1209,.F.);
#1644=ORIENTED_EDGE('',*,*,#1210,.F.);
#1645=ORIENTED_EDGE('',*,*,#1211,.F.);
#1646=ORIENTED_EDGE('',*,*,#1212,.F.);
#1647=ORIENTED_EDGE('',*,*,#1213,.F.);
#1648=ORIENTED_EDGE('',*,*,#1214,.F.);
#1649=ORIENTED_EDGE('',*,*,#1215,.F.);
#1650=ORIENTED_EDGE('',*,*,#1216,.F.);
#1651=ORIENTED_EDGE('',*,*,#1217,.F.);
#1652=ORIENTED_EDGE('',*,*,#1105,.F.);
#1653=ORIENTED_EDGE('',*,*,#1099,.F.);
#1654=ORIENTED_EDGE('',*,*,#1218,.T.);
#1655=ORIENTED_EDGE('',*,*,#1214,.T.);
#1656=ORIENTED_EDGE('',*,*,#1219,.T.);
#1657=ORIENTED_EDGE('',*,*,#1083,.T.);
#1658=ORIENTED_EDGE('',*,*,#1219,.F.);
#1659=ORIENTED_EDGE('',*,*,#1217,.T.);
#1660=ORIENTED_EDGE('',*,*,#1220,.F.);
#1661=ORIENTED_EDGE('',*,*,#1221,.T.);
#1662=ORIENTED_EDGE('',*,*,#1066,.F.);
#1663=ORIENTED_EDGE('',*,*,#1092,.F.);
#1664=ORIENTED_EDGE('',*,*,#1222,.T.);
#1665=ORIENTED_EDGE('',*,*,#1090,.T.);
#1666=ORIENTED_EDGE('',*,*,#1086,.F.);
#1667=ORIENTED_EDGE('',*,*,#1079,.T.);
#1668=ORIENTED_EDGE('',*,*,#1223,.T.);
#1669=ORIENTED_EDGE('',*,*,#1224,.T.);
#1670=ORIENTED_EDGE('',*,*,#1225,.T.);
#1671=ORIENTED_EDGE('',*,*,#1226,.T.);
#1672=ORIENTED_EDGE('',*,*,#1227,.T.);
#1673=ORIENTED_EDGE('',*,*,#1228,.T.);
#1674=ORIENTED_EDGE('',*,*,#1229,.F.);
#1675=ORIENTED_EDGE('',*,*,#1230,.F.);
#1676=ORIENTED_EDGE('',*,*,#1231,.F.);
#1677=ORIENTED_EDGE('',*,*,#1232,.F.);
#1678=ORIENTED_EDGE('',*,*,#1233,.F.);
#1679=ORIENTED_EDGE('',*,*,#1234,.F.);
#1680=ORIENTED_EDGE('',*,*,#1235,.F.);
#1681=ORIENTED_EDGE('',*,*,#1236,.F.);
#1682=ORIENTED_EDGE('',*,*,#1237,.F.);
#1683=ORIENTED_EDGE('',*,*,#1238,.F.);
#1684=ORIENTED_EDGE('',*,*,#1239,.F.);
#1685=ORIENTED_EDGE('',*,*,#1240,.F.);
#1686=ORIENTED_EDGE('',*,*,#1241,.F.);
#1687=ORIENTED_EDGE('',*,*,#1091,.F.);
#1688=ORIENTED_EDGE('',*,*,#1222,.F.);
#1689=ORIENTED_EDGE('',*,*,#1242,.T.);
#1690=ORIENTED_EDGE('',*,*,#1238,.T.);
#1691=ORIENTED_EDGE('',*,*,#1243,.T.);
#1692=ORIENTED_EDGE('',*,*,#1108,.T.);
#1693=ORIENTED_EDGE('',*,*,#1243,.F.);
#1694=ORIENTED_EDGE('',*,*,#1241,.T.);
#1695=ORIENTED_EDGE('',*,*,#1244,.F.);
#1696=ORIENTED_EDGE('',*,*,#1245,.T.);
#1697=ORIENTED_EDGE('',*,*,#1246,.F.);
#1698=ORIENTED_EDGE('',*,*,#1223,.F.);
#1699=ORIENTED_EDGE('',*,*,#1247,.T.);
#1700=ORIENTED_EDGE('',*,*,#1199,.F.);
#1701=ORIENTED_EDGE('',*,*,#1186,.T.);
#1702=ORIENTED_EDGE('',*,*,#1148,.F.);
#1703=ORIENTED_EDGE('',*,*,#1181,.T.);
#1704=ORIENTED_EDGE('',*,*,#1143,.F.);
#1705=ORIENTED_EDGE('',*,*,#1248,.T.);
#1706=ORIENTED_EDGE('',*,*,#1225,.F.);
#1707=ORIENTED_EDGE('',*,*,#1249,.F.);
#1708=ORIENTED_EDGE('',*,*,#1203,.F.);
#1709=ORIENTED_EDGE('',*,*,#1178,.T.);
#1710=ORIENTED_EDGE('',*,*,#1160,.F.);
#1711=ORIENTED_EDGE('',*,*,#1191,.T.);
#1712=ORIENTED_EDGE('',*,*,#1118,.F.);
#1713=ORIENTED_EDGE('',*,*,#1250,.T.);
#1714=ORIENTED_EDGE('',*,*,#1227,.F.);
#1715=ORIENTED_EDGE('',*,*,#1251,.T.);
#1716=ORIENTED_EDGE('',*,*,#1201,.F.);
#1717=ORIENTED_EDGE('',*,*,#1194,.F.);
#1718=ORIENTED_EDGE('',*,*,#1173,.F.);
#1719=ORIENTED_EDGE('',*,*,#1252,.T.);
#1720=ORIENTED_EDGE('',*,*,#1131,.F.);
#1721=ORIENTED_EDGE('',*,*,#1253,.T.);
#1722=ORIENTED_EDGE('',*,*,#1176,.F.);
#1723=ORIENTED_EDGE('',*,*,#1196,.F.);
#1724=ORIENTED_EDGE('',*,*,#1135,.F.);
#1725=ORIENTED_EDGE('',*,*,#1088,.T.);
#1726=ORIENTED_EDGE('',*,*,#1072,.T.);
#1727=ORIENTED_EDGE('',*,*,#1078,.T.);
#1728=ORIENTED_EDGE('',*,*,#1254,.T.);
#1729=ORIENTED_EDGE('',*,*,#1255,.T.);
#1730=ORIENTED_EDGE('',*,*,#1077,.F.);
#1731=ORIENTED_EDGE('',*,*,#1084,.F.);
#1732=ORIENTED_EDGE('',*,*,#1221,.F.);
#1733=ORIENTED_EDGE('',*,*,#1256,.T.);
#1734=ORIENTED_EDGE('',*,*,#1115,.T.);
#1735=ORIENTED_EDGE('',*,*,#1257,.T.);
#1736=ORIENTED_EDGE('',*,*,#1258,.T.);
#1737=ORIENTED_EDGE('',*,*,#1197,.T.);
#1738=ORIENTED_EDGE('',*,*,#1093,.F.);
#1739=ORIENTED_EDGE('',*,*,#1198,.T.);
#1740=ORIENTED_EDGE('',*,*,#1258,.F.);
#1741=ORIENTED_EDGE('',*,*,#1259,.T.);
#1742=ORIENTED_EDGE('',*,*,#1106,.T.);
#1743=ORIENTED_EDGE('',*,*,#1114,.F.);
#1744=ORIENTED_EDGE('',*,*,#1109,.F.);
#1745=ORIENTED_EDGE('',*,*,#1245,.F.);
#1746=ORIENTED_EDGE('',*,*,#1260,.F.);
#1747=ORIENTED_EDGE('',*,*,#1261,.T.);
#1748=ORIENTED_EDGE('',*,*,#1262,.T.);
#1749=ORIENTED_EDGE('',*,*,#1263,.T.);
#1750=ORIENTED_EDGE('',*,*,#1229,.T.);
#1751=ORIENTED_EDGE('',*,*,#1261,.F.);
#1752=ORIENTED_EDGE('',*,*,#1237,.T.);
#1753=ORIENTED_EDGE('',*,*,#1264,.T.);
#1754=ORIENTED_EDGE('',*,*,#1265,.T.);
#1755=ORIENTED_EDGE('',*,*,#1264,.F.);
#1756=ORIENTED_EDGE('',*,*,#1236,.T.);
#1757=ORIENTED_EDGE('',*,*,#1266,.T.);
#1758=ORIENTED_EDGE('',*,*,#1267,.T.);
#1759=ORIENTED_EDGE('',*,*,#1268,.T.);
#1760=ORIENTED_EDGE('',*,*,#1269,.T.);
#1761=ORIENTED_EDGE('',*,*,#1266,.F.);
#1762=ORIENTED_EDGE('',*,*,#1235,.T.);
#1763=ORIENTED_EDGE('',*,*,#1268,.F.);
#1764=ORIENTED_EDGE('',*,*,#1234,.T.);
#1765=ORIENTED_EDGE('',*,*,#1270,.T.);
#1766=ORIENTED_EDGE('',*,*,#1271,.T.);
#1767=ORIENTED_EDGE('',*,*,#1272,.T.);
#1768=ORIENTED_EDGE('',*,*,#1273,.T.);
#1769=ORIENTED_EDGE('',*,*,#1270,.F.);
#1770=ORIENTED_EDGE('',*,*,#1233,.T.);
#1771=ORIENTED_EDGE('',*,*,#1272,.F.);
#1772=ORIENTED_EDGE('',*,*,#1232,.T.);
#1773=ORIENTED_EDGE('',*,*,#1274,.T.);
#1774=ORIENTED_EDGE('',*,*,#1275,.T.);
#1775=ORIENTED_EDGE('',*,*,#1276,.T.);
#1776=ORIENTED_EDGE('',*,*,#1277,.T.);
#1777=ORIENTED_EDGE('',*,*,#1274,.F.);
#1778=ORIENTED_EDGE('',*,*,#1231,.T.);
#1779=ORIENTED_EDGE('',*,*,#1276,.F.);
#1780=ORIENTED_EDGE('',*,*,#1230,.T.);
#1781=ORIENTED_EDGE('',*,*,#1263,.F.);
#1782=ORIENTED_EDGE('',*,*,#1278,.T.);
#1783=ORIENTED_EDGE('',*,*,#1273,.F.);
#1784=ORIENTED_EDGE('',*,*,#1279,.T.);
#1785=ORIENTED_EDGE('',*,*,#1280,.F.);
#1786=ORIENTED_EDGE('',*,*,#1281,.T.);
#1787=ORIENTED_EDGE('',*,*,#1275,.F.);
#1788=ORIENTED_EDGE('',*,*,#1282,.F.);
#1789=ORIENTED_EDGE('',*,*,#1283,.F.);
#1790=ORIENTED_EDGE('',*,*,#1279,.F.);
#1791=ORIENTED_EDGE('',*,*,#1277,.F.);
#1792=ORIENTED_EDGE('',*,*,#1284,.T.);
#1793=ORIENTED_EDGE('',*,*,#1285,.F.);
#1794=ORIENTED_EDGE('',*,*,#1282,.T.);
#1795=ORIENTED_EDGE('',*,*,#1278,.F.);
#1796=ORIENTED_EDGE('',*,*,#1286,.F.);
#1797=ORIENTED_EDGE('',*,*,#1287,.F.);
#1798=ORIENTED_EDGE('',*,*,#1288,.F.);
#1799=ORIENTED_EDGE('',*,*,#1289,.F.);
#1800=ORIENTED_EDGE('',*,*,#1284,.F.);
#1801=ORIENTED_EDGE('',*,*,#1262,.F.);
#1802=ORIENTED_EDGE('',*,*,#1290,.T.);
#1803=ORIENTED_EDGE('',*,*,#1291,.F.);
#1804=ORIENTED_EDGE('',*,*,#1286,.T.);
#1805=ORIENTED_EDGE('',*,*,#1292,.T.);
#1806=ORIENTED_EDGE('',*,*,#1293,.T.);
#1807=ORIENTED_EDGE('',*,*,#1294,.T.);
#1808=ORIENTED_EDGE('',*,*,#1205,.T.);
#1809=ORIENTED_EDGE('',*,*,#1292,.F.);
#1810=ORIENTED_EDGE('',*,*,#1213,.T.);
#1811=ORIENTED_EDGE('',*,*,#1295,.T.);
#1812=ORIENTED_EDGE('',*,*,#1296,.T.);
#1813=ORIENTED_EDGE('',*,*,#1295,.F.);
#1814=ORIENTED_EDGE('',*,*,#1212,.T.);
#1815=ORIENTED_EDGE('',*,*,#1297,.T.);
#1816=ORIENTED_EDGE('',*,*,#1298,.T.);
#1817=ORIENTED_EDGE('',*,*,#1299,.T.);
#1818=ORIENTED_EDGE('',*,*,#1300,.T.);
#1819=ORIENTED_EDGE('',*,*,#1297,.F.);
#1820=ORIENTED_EDGE('',*,*,#1211,.T.);
#1821=ORIENTED_EDGE('',*,*,#1299,.F.);
#1822=ORIENTED_EDGE('',*,*,#1210,.T.);
#1823=ORIENTED_EDGE('',*,*,#1301,.T.);
#1824=ORIENTED_EDGE('',*,*,#1289,.T.);
#1825=ORIENTED_EDGE('',*,*,#1302,.T.);
#1826=ORIENTED_EDGE('',*,*,#1285,.T.);
#1827=ORIENTED_EDGE('',*,*,#1301,.F.);
#1828=ORIENTED_EDGE('',*,*,#1209,.T.);
#1829=ORIENTED_EDGE('',*,*,#1302,.F.);
#1830=ORIENTED_EDGE('',*,*,#1208,.T.);
#1831=ORIENTED_EDGE('',*,*,#1303,.T.);
#1832=ORIENTED_EDGE('',*,*,#1283,.T.);
#1833=ORIENTED_EDGE('',*,*,#1304,.T.);
#1834=ORIENTED_EDGE('',*,*,#1280,.T.);
#1835=ORIENTED_EDGE('',*,*,#1303,.F.);
#1836=ORIENTED_EDGE('',*,*,#1207,.T.);
#1837=ORIENTED_EDGE('',*,*,#1304,.F.);
#1838=ORIENTED_EDGE('',*,*,#1206,.T.);
#1839=ORIENTED_EDGE('',*,*,#1294,.F.);
#1840=ORIENTED_EDGE('',*,*,#1305,.T.);
#1841=ORIENTED_EDGE('',*,*,#1271,.F.);
#1842=ORIENTED_EDGE('',*,*,#1281,.F.);
#1843=ORIENTED_EDGE('',*,*,#1305,.F.);
#1844=ORIENTED_EDGE('',*,*,#1306,.F.);
#1845=ORIENTED_EDGE('',*,*,#1307,.F.);
#1846=ORIENTED_EDGE('',*,*,#1308,.F.);
#1847=ORIENTED_EDGE('',*,*,#1293,.F.);
#1848=ORIENTED_EDGE('',*,*,#1309,.T.);
#1849=ORIENTED_EDGE('',*,*,#1310,.T.);
#1850=ORIENTED_EDGE('',*,*,#1306,.T.);
#1851=ORIENTED_EDGE('',*,*,#1242,.F.);
#1852=ORIENTED_EDGE('',*,*,#1311,.T.);
#1853=ORIENTED_EDGE('',*,*,#1312,.T.);
#1854=ORIENTED_EDGE('',*,*,#1239,.T.);
#1855=ORIENTED_EDGE('',*,*,#1244,.T.);
#1856=ORIENTED_EDGE('',*,*,#1240,.T.);
#1857=ORIENTED_EDGE('',*,*,#1312,.F.);
#1858=ORIENTED_EDGE('',*,*,#1313,.T.);
#1859=ORIENTED_EDGE('',*,*,#1257,.F.);
#1860=ORIENTED_EDGE('',*,*,#1260,.T.);
#1861=ORIENTED_EDGE('',*,*,#1313,.F.);
#1862=ORIENTED_EDGE('',*,*,#1314,.F.);
#1863=ORIENTED_EDGE('',*,*,#1259,.F.);
#1864=ORIENTED_EDGE('',*,*,#1314,.T.);
#1865=ORIENTED_EDGE('',*,*,#1311,.F.);
#1866=ORIENTED_EDGE('',*,*,#1107,.F.);
#1867=ORIENTED_EDGE('',*,*,#1218,.F.);
#1868=ORIENTED_EDGE('',*,*,#1315,.T.);
#1869=ORIENTED_EDGE('',*,*,#1316,.T.);
#1870=ORIENTED_EDGE('',*,*,#1215,.T.);
#1871=ORIENTED_EDGE('',*,*,#1220,.T.);
#1872=ORIENTED_EDGE('',*,*,#1216,.T.);
#1873=ORIENTED_EDGE('',*,*,#1316,.F.);
#1874=ORIENTED_EDGE('',*,*,#1317,.T.);
#1875=ORIENTED_EDGE('',*,*,#1254,.F.);
#1876=ORIENTED_EDGE('',*,*,#1256,.F.);
#1877=ORIENTED_EDGE('',*,*,#1317,.F.);
#1878=ORIENTED_EDGE('',*,*,#1318,.T.);
#1879=ORIENTED_EDGE('',*,*,#1255,.F.);
#1880=ORIENTED_EDGE('',*,*,#1089,.F.);
#1881=ORIENTED_EDGE('',*,*,#1318,.F.);
#1882=ORIENTED_EDGE('',*,*,#1315,.F.);
#1883=ORIENTED_EDGE('',*,*,#1082,.F.);
#1884=ORIENTED_EDGE('',*,*,#1300,.F.);
#1885=ORIENTED_EDGE('',*,*,#1288,.T.);
#1886=ORIENTED_EDGE('',*,*,#1319,.T.);
#1887=ORIENTED_EDGE('',*,*,#1320,.T.);
#1888=ORIENTED_EDGE('',*,*,#1291,.T.);
#1889=ORIENTED_EDGE('',*,*,#1321,.T.);
#1890=ORIENTED_EDGE('',*,*,#1319,.F.);
#1891=ORIENTED_EDGE('',*,*,#1287,.T.);
#1892=ORIENTED_EDGE('',*,*,#1310,.F.);
#1893=ORIENTED_EDGE('',*,*,#1322,.T.);
#1894=ORIENTED_EDGE('',*,*,#1323,.T.);
#1895=ORIENTED_EDGE('',*,*,#1307,.T.);
#1896=ORIENTED_EDGE('',*,*,#1269,.F.);
#1897=ORIENTED_EDGE('',*,*,#1308,.T.);
#1898=ORIENTED_EDGE('',*,*,#1323,.F.);
#1899=ORIENTED_EDGE('',*,*,#1324,.T.);
#1900=ORIENTED_EDGE('',*,*,#1267,.F.);
#1901=ORIENTED_EDGE('',*,*,#1324,.F.);
#1902=ORIENTED_EDGE('',*,*,#1325,.F.);
#1903=ORIENTED_EDGE('',*,*,#1326,.T.);
#1904=ORIENTED_EDGE('',*,*,#1322,.F.);
#1905=ORIENTED_EDGE('',*,*,#1327,.T.);
#1906=ORIENTED_EDGE('',*,*,#1328,.F.);
#1907=ORIENTED_EDGE('',*,*,#1325,.T.);
#1908=ORIENTED_EDGE('',*,*,#1296,.F.);
#1909=ORIENTED_EDGE('',*,*,#1329,.F.);
#1910=ORIENTED_EDGE('',*,*,#1327,.F.);
#1911=ORIENTED_EDGE('',*,*,#1309,.F.);
#1912=ORIENTED_EDGE('',*,*,#1179,.T.);
#1913=ORIENTED_EDGE('',*,*,#1127,.T.);
#1914=ORIENTED_EDGE('',*,*,#1129,.F.);
#1915=ORIENTED_EDGE('',*,*,#1252,.F.);
#1916=ORIENTED_EDGE('',*,*,#1172,.F.);
#1917=ORIENTED_EDGE('',*,*,#1166,.T.);
#1918=ORIENTED_EDGE('',*,*,#1330,.T.);
#1919=ORIENTED_EDGE('',*,*,#1331,.T.);
#1920=ORIENTED_EDGE('',*,*,#1332,.T.);
#1921=ORIENTED_EDGE('',*,*,#1330,.F.);
#1922=ORIENTED_EDGE('',*,*,#1333,.T.);
#1923=ORIENTED_EDGE('',*,*,#1334,.T.);
#1924=ORIENTED_EDGE('',*,*,#1335,.T.);
#1925=ORIENTED_EDGE('',*,*,#1334,.F.);
#1926=ORIENTED_EDGE('',*,*,#1336,.T.);
#1927=ORIENTED_EDGE('',*,*,#1337,.T.);
#1928=ORIENTED_EDGE('',*,*,#1338,.T.);
#1929=ORIENTED_EDGE('',*,*,#1337,.F.);
#1930=ORIENTED_EDGE('',*,*,#1339,.T.);
#1931=ORIENTED_EDGE('',*,*,#1340,.T.);
#1932=ORIENTED_EDGE('',*,*,#1341,.T.);
#1933=ORIENTED_EDGE('',*,*,#1342,.T.);
#1934=ORIENTED_EDGE('',*,*,#1343,.T.);
#1935=ORIENTED_EDGE('',*,*,#1340,.F.);
#1936=ORIENTED_EDGE('',*,*,#1342,.F.);
#1937=ORIENTED_EDGE('',*,*,#1339,.F.);
#1938=ORIENTED_EDGE('',*,*,#1344,.T.);
#1939=ORIENTED_EDGE('',*,*,#1345,.F.);
#1940=ORIENTED_EDGE('',*,*,#1346,.T.);
#1941=ORIENTED_EDGE('',*,*,#1347,.F.);
#1942=ORIENTED_EDGE('',*,*,#1348,.F.);
#1943=ORIENTED_EDGE('',*,*,#1349,.F.);
#1944=ORIENTED_EDGE('',*,*,#1350,.T.);
#1945=ORIENTED_EDGE('',*,*,#1351,.F.);
#1946=ORIENTED_EDGE('',*,*,#1336,.F.);
#1947=ORIENTED_EDGE('',*,*,#1352,.F.);
#1948=ORIENTED_EDGE('',*,*,#1353,.T.);
#1949=ORIENTED_EDGE('',*,*,#1344,.F.);
#1950=ORIENTED_EDGE('',*,*,#1333,.F.);
#1951=ORIENTED_EDGE('',*,*,#1332,.F.);
#1952=ORIENTED_EDGE('',*,*,#1354,.F.);
#1953=ORIENTED_EDGE('',*,*,#1355,.T.);
#1954=ORIENTED_EDGE('',*,*,#1356,.F.);
#1955=ORIENTED_EDGE('',*,*,#1357,.F.);
#1956=ORIENTED_EDGE('',*,*,#1358,.T.);
#1957=ORIENTED_EDGE('',*,*,#1359,.F.);
#1958=ORIENTED_EDGE('',*,*,#1360,.T.);
#1959=ORIENTED_EDGE('',*,*,#1352,.T.);
#1960=ORIENTED_EDGE('',*,*,#1331,.F.);
#1961=ORIENTED_EDGE('',*,*,#1361,.T.);
#1962=ORIENTED_EDGE('',*,*,#1362,.F.);
#1963=ORIENTED_EDGE('',*,*,#1363,.T.);
#1964=ORIENTED_EDGE('',*,*,#1364,.T.);
#1965=ORIENTED_EDGE('',*,*,#1365,.T.);
#1966=ORIENTED_EDGE('',*,*,#1366,.T.);
#1967=ORIENTED_EDGE('',*,*,#1364,.F.);
#1968=ORIENTED_EDGE('',*,*,#1367,.T.);
#1969=ORIENTED_EDGE('',*,*,#1368,.T.);
#1970=ORIENTED_EDGE('',*,*,#1369,.T.);
#1971=ORIENTED_EDGE('',*,*,#1368,.F.);
#1972=ORIENTED_EDGE('',*,*,#1370,.T.);
#1973=ORIENTED_EDGE('',*,*,#1371,.T.);
#1974=ORIENTED_EDGE('',*,*,#1372,.T.);
#1975=ORIENTED_EDGE('',*,*,#1371,.F.);
#1976=ORIENTED_EDGE('',*,*,#1373,.T.);
#1977=ORIENTED_EDGE('',*,*,#1374,.T.);
#1978=ORIENTED_EDGE('',*,*,#1375,.T.);
#1979=ORIENTED_EDGE('',*,*,#1376,.T.);
#1980=ORIENTED_EDGE('',*,*,#1362,.T.);
#1981=ORIENTED_EDGE('',*,*,#1374,.F.);
#1982=ORIENTED_EDGE('',*,*,#1376,.F.);
#1983=ORIENTED_EDGE('',*,*,#1373,.F.);
#1984=ORIENTED_EDGE('',*,*,#1377,.T.);
#1985=ORIENTED_EDGE('',*,*,#1378,.F.);
#1986=ORIENTED_EDGE('',*,*,#1379,.T.);
#1987=ORIENTED_EDGE('',*,*,#1380,.F.);
#1988=ORIENTED_EDGE('',*,*,#1381,.F.);
#1989=ORIENTED_EDGE('',*,*,#1382,.F.);
#1990=ORIENTED_EDGE('',*,*,#1383,.T.);
#1991=ORIENTED_EDGE('',*,*,#1384,.F.);
#1992=ORIENTED_EDGE('',*,*,#1370,.F.);
#1993=ORIENTED_EDGE('',*,*,#1385,.F.);
#1994=ORIENTED_EDGE('',*,*,#1386,.T.);
#1995=ORIENTED_EDGE('',*,*,#1377,.F.);
#1996=ORIENTED_EDGE('',*,*,#1367,.F.);
#1997=ORIENTED_EDGE('',*,*,#1366,.F.);
#1998=ORIENTED_EDGE('',*,*,#1387,.F.);
#1999=ORIENTED_EDGE('',*,*,#1388,.T.);
#2000=ORIENTED_EDGE('',*,*,#1389,.F.);
#2001=ORIENTED_EDGE('',*,*,#1390,.F.);
#2002=ORIENTED_EDGE('',*,*,#1391,.T.);
#2003=ORIENTED_EDGE('',*,*,#1392,.F.);
#2004=ORIENTED_EDGE('',*,*,#1393,.T.);
#2005=ORIENTED_EDGE('',*,*,#1385,.T.);
#2006=ORIENTED_EDGE('',*,*,#1343,.F.);
#2007=ORIENTED_EDGE('',*,*,#1394,.T.);
#2008=ORIENTED_EDGE('',*,*,#1365,.F.);
#2009=ORIENTED_EDGE('',*,*,#1395,.T.);
#2010=ORIENTED_EDGE('',*,*,#1265,.F.);
#2011=ORIENTED_EDGE('',*,*,#1326,.F.);
#2012=ORIENTED_EDGE('',*,*,#1396,.F.);
#2013=ORIENTED_EDGE('',*,*,#1290,.F.);
#2014=ORIENTED_EDGE('',*,*,#1298,.F.);
#2015=ORIENTED_EDGE('',*,*,#1320,.F.);
#2016=ORIENTED_EDGE('',*,*,#1397,.F.);
#2017=ORIENTED_EDGE('',*,*,#1329,.T.);
#2018=ORIENTED_EDGE('',*,*,#1247,.F.);
#2019=ORIENTED_EDGE('',*,*,#1228,.F.);
#2020=ORIENTED_EDGE('',*,*,#1250,.F.);
#2021=ORIENTED_EDGE('',*,*,#1200,.F.);
#2022=ORIENTED_EDGE('',*,*,#1321,.F.);
#2023=ORIENTED_EDGE('',*,*,#1396,.T.);
#2024=ORIENTED_EDGE('',*,*,#1328,.T.);
#2025=ORIENTED_EDGE('',*,*,#1397,.T.);
#2026=ORIENTED_EDGE('',*,*,#1251,.F.);
#2027=ORIENTED_EDGE('',*,*,#1226,.F.);
#2028=ORIENTED_EDGE('',*,*,#1248,.F.);
#2029=ORIENTED_EDGE('',*,*,#1202,.F.);
#2030=ORIENTED_EDGE('',*,*,#1253,.F.);
#2031=ORIENTED_EDGE('',*,*,#1134,.F.);
#2032=ORIENTED_EDGE('',*,*,#1141,.T.);
#2033=ORIENTED_EDGE('',*,*,#1184,.F.);
#2034=ORIENTED_EDGE('',*,*,#1183,.F.);
#2035=ORIENTED_EDGE('',*,*,#1182,.T.);
#2036=ORIENTED_EDGE('',*,*,#1157,.T.);
#2037=ORIENTED_EDGE('',*,*,#1174,.F.);
#2038=ORIENTED_EDGE('',*,*,#1381,.T.);
#2039=ORIENTED_EDGE('',*,*,#1398,.T.);
#2040=ORIENTED_EDGE('',*,*,#1357,.T.);
#2041=ORIENTED_EDGE('',*,*,#1399,.T.);
#2042=ORIENTED_EDGE('',*,*,#1398,.F.);
#2043=ORIENTED_EDGE('',*,*,#1380,.T.);
#2044=ORIENTED_EDGE('',*,*,#1400,.T.);
#2045=ORIENTED_EDGE('',*,*,#1401,.T.);
#2046=ORIENTED_EDGE('',*,*,#1402,.F.);
#2047=ORIENTED_EDGE('',*,*,#1358,.F.);
#2048=ORIENTED_EDGE('',*,*,#1348,.T.);
#2049=ORIENTED_EDGE('',*,*,#1403,.T.);
#2050=ORIENTED_EDGE('',*,*,#1390,.T.);
#2051=ORIENTED_EDGE('',*,*,#1404,.T.);
#2052=ORIENTED_EDGE('',*,*,#1403,.F.);
#2053=ORIENTED_EDGE('',*,*,#1347,.T.);
#2054=ORIENTED_EDGE('',*,*,#1405,.T.);
#2055=ORIENTED_EDGE('',*,*,#1406,.F.);
#2056=ORIENTED_EDGE('',*,*,#1407,.F.);
#2057=ORIENTED_EDGE('',*,*,#1391,.F.);
#2058=ORIENTED_EDGE('',*,*,#1341,.F.);
#2059=ORIENTED_EDGE('',*,*,#1395,.F.);
#2060=ORIENTED_EDGE('',*,*,#1369,.F.);
#2061=ORIENTED_EDGE('',*,*,#1372,.F.);
#2062=ORIENTED_EDGE('',*,*,#1375,.F.);
#2063=ORIENTED_EDGE('',*,*,#1361,.F.);
#2064=ORIENTED_EDGE('',*,*,#1335,.F.);
#2065=ORIENTED_EDGE('',*,*,#1338,.F.);
#2066=ORIENTED_EDGE('',*,*,#1408,.F.);
#2067=ORIENTED_EDGE('',*,*,#1409,.T.);
#2068=ORIENTED_EDGE('',*,*,#1360,.F.);
#2069=ORIENTED_EDGE('',*,*,#1410,.T.);
#2070=ORIENTED_EDGE('',*,*,#1378,.T.);
#2071=ORIENTED_EDGE('',*,*,#1411,.T.);
#2072=ORIENTED_EDGE('',*,*,#1412,.F.);
#2073=ORIENTED_EDGE('',*,*,#1413,.T.);
#2074=ORIENTED_EDGE('',*,*,#1393,.F.);
#2075=ORIENTED_EDGE('',*,*,#1414,.T.);
#2076=ORIENTED_EDGE('',*,*,#1345,.T.);
#2077=ORIENTED_EDGE('',*,*,#1415,.T.);
#2078=ORIENTED_EDGE('',*,*,#1416,.F.);
#2079=ORIENTED_EDGE('',*,*,#1408,.T.);
#2080=ORIENTED_EDGE('',*,*,#1359,.T.);
#2081=ORIENTED_EDGE('',*,*,#1402,.T.);
#2082=ORIENTED_EDGE('',*,*,#1401,.F.);
#2083=ORIENTED_EDGE('',*,*,#1400,.F.);
#2084=ORIENTED_EDGE('',*,*,#1379,.F.);
#2085=ORIENTED_EDGE('',*,*,#1410,.F.);
#2086=ORIENTED_EDGE('',*,*,#1406,.T.);
#2087=ORIENTED_EDGE('',*,*,#1405,.F.);
#2088=ORIENTED_EDGE('',*,*,#1346,.F.);
#2089=ORIENTED_EDGE('',*,*,#1414,.F.);
#2090=ORIENTED_EDGE('',*,*,#1417,.F.);
#2091=ORIENTED_EDGE('',*,*,#1412,.T.);
#2092=ORIENTED_EDGE('',*,*,#1392,.T.);
#2093=ORIENTED_EDGE('',*,*,#1407,.T.);
#2094=ORIENTED_EDGE('',*,*,#1417,.T.);
#2095=ORIENTED_EDGE('',*,*,#1415,.F.);
#2096=ORIENTED_EDGE('',*,*,#1353,.F.);
#2097=ORIENTED_EDGE('',*,*,#1409,.F.);
#2098=ORIENTED_EDGE('',*,*,#1416,.T.);
#2099=ORIENTED_EDGE('',*,*,#1411,.F.);
#2100=ORIENTED_EDGE('',*,*,#1386,.F.);
#2101=ORIENTED_EDGE('',*,*,#1413,.F.);
#2102=ORIENTED_EDGE('',*,*,#1249,.T.);
#2103=ORIENTED_EDGE('',*,*,#1224,.F.);
#2104=ORIENTED_EDGE('',*,*,#1246,.T.);
#2105=ORIENTED_EDGE('',*,*,#1204,.F.);
#2106=ORIENTED_EDGE('',*,*,#1356,.T.);
#2107=ORIENTED_EDGE('',*,*,#1355,.F.);
#2108=ORIENTED_EDGE('',*,*,#1354,.T.);
#2109=ORIENTED_EDGE('',*,*,#1363,.F.);
#2110=ORIENTED_EDGE('',*,*,#1384,.T.);
#2111=ORIENTED_EDGE('',*,*,#1383,.F.);
#2112=ORIENTED_EDGE('',*,*,#1382,.T.);
#2113=ORIENTED_EDGE('',*,*,#1399,.F.);
#2114=ORIENTED_EDGE('',*,*,#1389,.T.);
#2115=ORIENTED_EDGE('',*,*,#1388,.F.);
#2116=ORIENTED_EDGE('',*,*,#1387,.T.);
#2117=ORIENTED_EDGE('',*,*,#1394,.F.);
#2118=ORIENTED_EDGE('',*,*,#1351,.T.);
#2119=ORIENTED_EDGE('',*,*,#1350,.F.);
#2120=ORIENTED_EDGE('',*,*,#1349,.T.);
#2121=ORIENTED_EDGE('',*,*,#1404,.F.);
#2122=CYLINDRICAL_SURFACE('',#2305,0.1);
#2123=CYLINDRICAL_SURFACE('',#2306,0.55);
#2124=CYLINDRICAL_SURFACE('',#2312,2.);
#2125=CYLINDRICAL_SURFACE('',#2315,0.1);
#2126=CYLINDRICAL_SURFACE('',#2319,0.1);
#2127=CYLINDRICAL_SURFACE('',#2326,2.);
#2128=CYLINDRICAL_SURFACE('',#2328,0.1);
#2129=CYLINDRICAL_SURFACE('',#2331,0.5);
#2130=CYLINDRICAL_SURFACE('',#2350,0.5);
#2131=CYLINDRICAL_SURFACE('',#2351,0.5);
#2132=CYLINDRICAL_SURFACE('',#2359,0.5);
#2133=CYLINDRICAL_SURFACE('',#2371,0.3);
#2134=CYLINDRICAL_SURFACE('',#2372,4.45578108459504);
#2135=CYLINDRICAL_SURFACE('',#2373,0.3);
#2136=CYLINDRICAL_SURFACE('',#2374,4.45578108463306);
#2137=CYLINDRICAL_SURFACE('',#2375,0.3);
#2138=CYLINDRICAL_SURFACE('',#2376,3.45578108462672);
#2139=CYLINDRICAL_SURFACE('',#2377,0.3);
#2140=CYLINDRICAL_SURFACE('',#2378,3.4557810846056);
#2141=CYLINDRICAL_SURFACE('',#2379,0.3);
#2142=CYLINDRICAL_SURFACE('',#2380,10.7984981763166);
#2143=CYLINDRICAL_SURFACE('',#2381,0.3);
#2144=CYLINDRICAL_SURFACE('',#2382,10.7984981763166);
#2145=CYLINDRICAL_SURFACE('',#2383,0.55);
#2146=CYLINDRICAL_SURFACE('',#2418,10.);
#2147=CYLINDRICAL_SURFACE('',#2433,0.4);
#2148=CYLINDRICAL_SURFACE('',#2435,11.25);
#2149=CYLINDRICAL_SURFACE('',#2437,0.4);
#2150=CYLINDRICAL_SURFACE('',#2439,2.65);
#2151=CYLINDRICAL_SURFACE('',#2448,2.65);
#2152=CYLINDRICAL_SURFACE('',#2453,0.999999999999999);
#2153=CYLINDRICAL_SURFACE('',#2458,0.999999999999999);
#2154=CYLINDRICAL_SURFACE('',#2462,9.79849817631359);
#2155=CYLINDRICAL_SURFACE('',#2473,0.750000000000001);
#2156=CYLINDRICAL_SURFACE('',#2474,0.750000000000001);
#2157=CYLINDRICAL_SURFACE('',#2475,9.79849817631359);
#2158=CYLINDRICAL_SURFACE('',#2476,0.75);
#2159=CYLINDRICAL_SURFACE('',#2477,0.75);
#2160=ADVANCED_FACE('',(#225),#2122,.T.);
#2161=ADVANCED_FACE('',(#226),#2123,.F.);
#2162=ADVANCED_FACE('',(#227),#88,.T.);
#2163=ADVANCED_FACE('',(#228),#2124,.F.);
#2164=ADVANCED_FACE('',(#229),#2125,.T.);
#2165=ADVANCED_FACE('',(#230),#89,.T.);
#2166=ADVANCED_FACE('',(#231),#70,.F.);
#2167=ADVANCED_FACE('',(#232),#2126,.T.);
#2168=ADVANCED_FACE('',(#233),#71,.F.);
#2169=ADVANCED_FACE('',(#234),#72,.F.);
#2170=ADVANCED_FACE('',(#235),#2127,.F.);
#2171=ADVANCED_FACE('',(#236),#2128,.T.);
#2172=ADVANCED_FACE('',(#237),#90,.T.);
#2173=ADVANCED_FACE('',(#238),#2129,.T.);
#2174=ADVANCED_FACE('',(#239),#52,.T.);
#2175=ADVANCED_FACE('',(#240),#48,.T.);
#2176=ADVANCED_FACE('',(#241),#49,.T.);
#2177=ADVANCED_FACE('',(#242),#53,.T.);
#2178=ADVANCED_FACE('',(#243),#2130,.T.);
#2179=ADVANCED_FACE('',(#244),#2131,.T.);
#2180=ADVANCED_FACE('',(#245),#54,.F.);
#2181=ADVANCED_FACE('',(#246),#2132,.T.);
#2182=ADVANCED_FACE('',(#247),#55,.F.);
#2183=ADVANCED_FACE('',(#248),#50,.T.);
#2184=ADVANCED_FACE('',(#249),#51,.T.);
#2185=ADVANCED_FACE('',(#250),#2133,.T.);
#2186=ADVANCED_FACE('',(#251),#2134,.F.);
#2187=ADVANCED_FACE('',(#252),#2135,.T.);
#2188=ADVANCED_FACE('',(#253),#2136,.F.);
#2189=ADVANCED_FACE('',(#254),#2137,.T.);
#2190=ADVANCED_FACE('',(#255),#2138,.T.);
#2191=ADVANCED_FACE('',(#256),#2139,.T.);
#2192=ADVANCED_FACE('',(#257),#2140,.T.);
#2193=ADVANCED_FACE('',(#258),#2141,.T.);
#2194=ADVANCED_FACE('',(#259),#2142,.F.);
#2195=ADVANCED_FACE('',(#260),#2143,.T.);
#2196=ADVANCED_FACE('',(#261),#2144,.F.);
#2197=ADVANCED_FACE('',(#262),#2145,.F.);
#2198=ADVANCED_FACE('',(#263,#34,#35,#36),#56,.T.);
#2199=ADVANCED_FACE('',(#264),#73,.F.);
#2200=ADVANCED_FACE('',(#265),#57,.T.);
#2201=ADVANCED_FACE('',(#266),#74,.F.);
#2202=ADVANCED_FACE('',(#267,#37,#38,#39),#58,.F.);
#2203=ADVANCED_FACE('',(#268),#75,.F.);
#2204=ADVANCED_FACE('',(#269),#59,.T.);
#2205=ADVANCED_FACE('',(#270,#40),#60,.T.);
#2206=ADVANCED_FACE('',(#271,#41),#61,.T.);
#2207=ADVANCED_FACE('',(#272,#42,#43),#2146,.F.);
#2208=ADVANCED_FACE('',(#273),#91,.T.);
#2209=ADVANCED_FACE('',(#274),#62,.F.);
#2210=ADVANCED_FACE('',(#275),#15,.T.);
#2211=ADVANCED_FACE('',(#276),#92,.T.);
#2212=ADVANCED_FACE('',(#277),#63,.F.);
#2213=ADVANCED_FACE('',(#278),#93,.T.);
#2214=ADVANCED_FACE('',(#279),#94,.T.);
#2215=ADVANCED_FACE('',(#280),#95,.T.);
#2216=ADVANCED_FACE('',(#281),#96,.T.);
#2217=ADVANCED_FACE('',(#282),#76,.T.);
#2218=ADVANCED_FACE('',(#283),#77,.F.);
#2219=ADVANCED_FACE('',(#284),#78,.T.);
#2220=ADVANCED_FACE('',(#285),#79,.F.);
#2221=ADVANCED_FACE('',(#286),#80,.T.);
#2222=ADVANCED_FACE('',(#287),#2147,.F.);
#2223=ADVANCED_FACE('',(#288),#2148,.T.);
#2224=ADVANCED_FACE('',(#289),#2149,.F.);
#2225=ADVANCED_FACE('',(#290),#2150,.T.);
#2226=ADVANCED_FACE('',(#291),#97,.T.);
#2227=ADVANCED_FACE('',(#292),#98,.T.);
#2228=ADVANCED_FACE('',(#293),#99,.T.);
#2229=ADVANCED_FACE('',(#294),#100,.T.);
#2230=ADVANCED_FACE('',(#295),#101,.T.);
#2231=ADVANCED_FACE('',(#296),#81,.T.);
#2232=ADVANCED_FACE('',(#297),#82,.F.);
#2233=ADVANCED_FACE('',(#298),#83,.T.);
#2234=ADVANCED_FACE('',(#299),#84,.F.);
#2235=ADVANCED_FACE('',(#300),#85,.T.);
#2236=ADVANCED_FACE('',(#301),#2151,.T.);
#2237=ADVANCED_FACE('',(#302),#102,.T.);
#2238=ADVANCED_FACE('',(#303),#64,.T.);
#2239=ADVANCED_FACE('',(#304),#86,.F.);
#2240=ADVANCED_FACE('',(#305),#2152,.F.);
#2241=ADVANCED_FACE('',(#306),#65,.F.);
#2242=ADVANCED_FACE('',(#307),#66,.T.);
#2243=ADVANCED_FACE('',(#308),#87,.F.);
#2244=ADVANCED_FACE('',(#309),#2153,.F.);
#2245=ADVANCED_FACE('',(#310),#67,.F.);
#2246=ADVANCED_FACE('',(#311),#103,.T.);
#2247=ADVANCED_FACE('',(#312),#104,.T.);
#2248=ADVANCED_FACE('',(#313),#105,.T.);
#2249=ADVANCED_FACE('',(#314),#106,.T.);
#2250=ADVANCED_FACE('',(#315),#107,.T.);
#2251=ADVANCED_FACE('',(#316),#108,.T.);
#2252=ADVANCED_FACE('',(#317),#109,.T.);
#2253=ADVANCED_FACE('',(#318),#2154,.T.);
#2254=ADVANCED_FACE('',(#319),#110,.F.);
#2255=ADVANCED_FACE('',(#320),#111,.F.);
#2256=ADVANCED_FACE('',(#321),#112,.F.);
#2257=ADVANCED_FACE('',(#322),#113,.F.);
#2258=ADVANCED_FACE('',(#323),#114,.F.);
#2259=ADVANCED_FACE('',(#324),#115,.T.);
#2260=ADVANCED_FACE('',(#325),#68,.T.);
#2261=ADVANCED_FACE('',(#326),#116,.T.);
#2262=ADVANCED_FACE('',(#327),#117,.T.);
#2263=ADVANCED_FACE('',(#328),#118,.F.);
#2264=ADVANCED_FACE('',(#329),#119,.F.);
#2265=ADVANCED_FACE('',(#330),#120,.F.);
#2266=ADVANCED_FACE('',(#331),#121,.F.);
#2267=ADVANCED_FACE('',(#332),#122,.F.);
#2268=ADVANCED_FACE('',(#333),#123,.T.);
#2269=ADVANCED_FACE('',(#334),#69,.F.);
#2270=ADVANCED_FACE('',(#335),#124,.T.);
#2271=ADVANCED_FACE('',(#336),#125,.T.);
#2272=ADVANCED_FACE('',(#337),#126,.T.);
#2273=ADVANCED_FACE('',(#338),#127,.T.);
#2274=ADVANCED_FACE('',(#339),#2155,.T.);
#2275=ADVANCED_FACE('',(#340),#128,.T.);
#2276=ADVANCED_FACE('',(#341),#2156,.T.);
#2277=ADVANCED_FACE('',(#342),#2157,.T.);
#2278=ADVANCED_FACE('',(#343),#129,.T.);
#2279=ADVANCED_FACE('',(#344),#16,.T.);
#2280=ADVANCED_FACE('',(#345),#130,.T.);
#2281=ADVANCED_FACE('',(#346),#17,.T.);
#2282=ADVANCED_FACE('',(#347),#131,.T.);
#2283=ADVANCED_FACE('',(#348),#18,.T.);
#2284=ADVANCED_FACE('',(#349),#19,.T.);
#2285=ADVANCED_FACE('',(#350),#20,.T.);
#2286=ADVANCED_FACE('',(#351),#21,.T.);
#2287=ADVANCED_FACE('',(#352),#2158,.F.);
#2288=ADVANCED_FACE('',(#353),#2159,.F.);
#2289=ADVANCED_FACE('',(#354),#22,.T.);
#2290=ADVANCED_FACE('',(#355,#44,#45),#23,.F.);
#2291=CLOSED_SHELL('',(#2160,#2161,#2162,#2163,#2164,#2165,#2166,#2167,
#2168,#2169,#2170,#2171,#2172,#2173,#2174,#2175,#2176,#2177,#2178,#2179,
#2180,#2181,#2182,#2183,#2184,#2185,#2186,#2187,#2188,#2189,#2190,#2191,
#2192,#2193,#2194,#2195,#2196,#2197,#2198,#2199,#2200,#2201,#2202,#2203,
#2204,#2205,#2206,#2207,#2208,#2209,#2210,#2211,#2212,#2213,#2214,#2215,
#2216,#2217,#2218,#2219,#2220,#2221,#2222,#2223,#2224,#2225,#2226,#2227,
#2228,#2229,#2230,#2231,#2232,#2233,#2234,#2235,#2236,#2237,#2238,#2239,
#2240,#2241,#2242,#2243,#2244,#2245,#2246,#2247,#2248,#2249,#2250,#2251,
#2252,#2253,#2254,#2255,#2256,#2257,#2258,#2259,#2260,#2261,#2262,#2263,
#2264,#2265,#2266,#2267,#2268,#2269,#2270,#2271,#2272,#2273,#2274,#2275,
#2276,#2277,#2278,#2279,#2280,#2281,#2282,#2283,#2284,#2285,#2286,#2287,
#2288,#2289,#2290));
#2292=DERIVED_UNIT_ELEMENT(#2294,1.);
#2293=DERIVED_UNIT_ELEMENT(#6232,-3.);
#2294=(
MASS_UNIT()
NAMED_UNIT(*)
SI_UNIT(.KILO.,.GRAM.)
);
#2295=DERIVED_UNIT((#2292,#2293));
#2296=MEASURE_REPRESENTATION_ITEM('density measure',
POSITIVE_RATIO_MEASURE(7850.),#2295);
#2297=PROPERTY_DEFINITION_REPRESENTATION(#2302,#2299);
#2298=PROPERTY_DEFINITION_REPRESENTATION(#2303,#2300);
#2299=REPRESENTATION('material name',(#2301),#6229);
#2300=REPRESENTATION('density',(#2296),#6229);
#2301=DESCRIPTIVE_REPRESENTATION_ITEM('Steel','Steel');
#2302=PROPERTY_DEFINITION('material property','material name',#6239);
#2303=PROPERTY_DEFINITION('material property','density of part',#6239);
#2304=AXIS2_PLACEMENT_3D('',#2923,#2478,#2479);
#2305=AXIS2_PLACEMENT_3D('',#2924,#2480,#2481);
#2306=AXIS2_PLACEMENT_3D('',#2971,#2484,#2485);
#2307=AXIS2_PLACEMENT_3D('',#2973,#2486,#2487);
#2308=AXIS2_PLACEMENT_3D('',#2975,#2488,#2489);
#2309=AXIS2_PLACEMENT_3D('',#2977,#2490,#2491);
#2310=AXIS2_PLACEMENT_3D('',#2980,#2493,#2494);
#2311=AXIS2_PLACEMENT_3D('',#3017,#2495,#2496);
#2312=AXIS2_PLACEMENT_3D('',#3018,#2497,#2498);
#2313=AXIS2_PLACEMENT_3D('',#3020,#2499,#2500);
#2314=AXIS2_PLACEMENT_3D('',#3037,#2503,#2504);
#2315=AXIS2_PLACEMENT_3D('',#3039,#2506,#2507);
#2316=AXIS2_PLACEMENT_3D('',#3101,#2508,#2509);
#2317=AXIS2_PLACEMENT_3D('',#3106,#2510,#2511);
#2318=AXIS2_PLACEMENT_3D('',#3113,#2512,#2513);
#2319=AXIS2_PLACEMENT_3D('',#3118,#2514,#2515);
#2320=AXIS2_PLACEMENT_3D('',#3165,#2518,#2519);
#2321=AXIS2_PLACEMENT_3D('',#3172,#2520,#2521);
#2322=AXIS2_PLACEMENT_3D('',#3187,#2522,#2523);
#2323=AXIS2_PLACEMENT_3D('',#3188,#2524,#2525);
#2324=AXIS2_PLACEMENT_3D('',#3190,#2526,#2527);
#2325=AXIS2_PLACEMENT_3D('',#3197,#2528,#2529);
#2326=AXIS2_PLACEMENT_3D('',#3198,#2530,#2531);
#2327=AXIS2_PLACEMENT_3D('',#3213,#2533,#2534);
#2328=AXIS2_PLACEMENT_3D('',#3228,#2537,#2538);
#2329=AXIS2_PLACEMENT_3D('',#3282,#2540,#2541);
#2330=AXIS2_PLACEMENT_3D('',#3283,#2542,#2543);
#2331=AXIS2_PLACEMENT_3D('',#3284,#2544,#2545);
#2332=AXIS2_PLACEMENT_3D('',#3325,#2548,#2549);
#2333=AXIS2_PLACEMENT_3D('',#3327,#2550,#2551);
#2334=AXIS2_PLACEMENT_3D('',#3329,#2552,#2553);
#2335=AXIS2_PLACEMENT_3D('',#3331,#2554,#2555);
#2336=AXIS2_PLACEMENT_3D('',#3333,#2556,#2557);
#2337=AXIS2_PLACEMENT_3D('',#3335,#2558,#2559);
#2338=AXIS2_PLACEMENT_3D('',#3336,#2560,#2561);
#2339=AXIS2_PLACEMENT_3D('',#3337,#2562,#2563);
#2340=AXIS2_PLACEMENT_3D('',#3370,#2564,#2565);
#2341=AXIS2_PLACEMENT_3D('',#3371,#2566,#2567);
#2342=AXIS2_PLACEMENT_3D('',#3393,#2568,#2569);
#2343=AXIS2_PLACEMENT_3D('',#3409,#2570,#2571);
#2344=AXIS2_PLACEMENT_3D('',#3410,#2572,#2573);
#2345=AXIS2_PLACEMENT_3D('',#3412,#2574,#2575);
#2346=AXIS2_PLACEMENT_3D('',#3414,#2576,#2577);
#2347=AXIS2_PLACEMENT_3D('',#3416,#2578,#2579);
#2348=AXIS2_PLACEMENT_3D('',#3420,#2581,#2582);
#2349=AXIS2_PLACEMENT_3D('',#3421,#2583,#2584);
#2350=AXIS2_PLACEMENT_3D('',#3422,#2585,#2586);
#2351=AXIS2_PLACEMENT_3D('',#3460,#2588,#2589);
#2352=AXIS2_PLACEMENT_3D('',#3501,#2592,#2593);
#2353=AXIS2_PLACEMENT_3D('',#3503,#2594,#2595);
#2354=AXIS2_PLACEMENT_3D('',#3505,#2596,#2597);
#2355=AXIS2_PLACEMENT_3D('',#3507,#2598,#2599);
#2356=AXIS2_PLACEMENT_3D('',#3509,#2600,#2601);
#2357=AXIS2_PLACEMENT_3D('',#3511,#2602,#2603);
#2358=AXIS2_PLACEMENT_3D('',#3512,#2604,#2605);
#2359=AXIS2_PLACEMENT_3D('',#3513,#2606,#2607);
#2360=AXIS2_PLACEMENT_3D('',#3554,#2610,#2611);
#2361=AXIS2_PLACEMENT_3D('',#3556,#2612,#2613);
#2362=AXIS2_PLACEMENT_3D('',#3558,#2614,#2615);
#2363=AXIS2_PLACEMENT_3D('',#3560,#2616,#2617);
#2364=AXIS2_PLACEMENT_3D('',#3562,#2618,#2619);
#2365=AXIS2_PLACEMENT_3D('',#3564,#2620,#2621);
#2366=AXIS2_PLACEMENT_3D('',#3565,#2622,#2623);
#2367=AXIS2_PLACEMENT_3D('',#3566,#2624,#2625);
#2368=AXIS2_PLACEMENT_3D('',#3601,#2626,#2627);
#2369=AXIS2_PLACEMENT_3D('',#3602,#2628,#2629);
#2370=AXIS2_PLACEMENT_3D('',#3637,#2630,#2631);
#2371=AXIS2_PLACEMENT_3D('',#3638,#2632,#2633);
#2372=AXIS2_PLACEMENT_3D('',#3641,#2636,#2637);
#2373=AXIS2_PLACEMENT_3D('',#3643,#2639,#2640);
#2374=AXIS2_PLACEMENT_3D('',#3646,#2643,#2644);
#2375=AXIS2_PLACEMENT_3D('',#3652,#2648,#2649);
#2376=AXIS2_PLACEMENT_3D('',#3655,#2652,#2653);
#2377=AXIS2_PLACEMENT_3D('',#3661,#2657,#2658);
#2378=AXIS2_PLACEMENT_3D('',#3664,#2661,#2662);
#2379=AXIS2_PLACEMENT_3D('',#3666,#2664,#2665);
#2380=AXIS2_PLACEMENT_3D('',#3669,#2668,#2669);
#2381=AXIS2_PLACEMENT_3D('',#3670,#2670,#2671);
#2382=AXIS2_PLACEMENT_3D('',#3673,#2674,#2675);
#2383=AXIS2_PLACEMENT_3D('',#3674,#2676,#2677);
#2384=AXIS2_PLACEMENT_3D('',#3676,#2678,#2679);
#2385=AXIS2_PLACEMENT_3D('',#3677,#2680,#2681);
#2386=AXIS2_PLACEMENT_3D('',#3678,#2682,#2683);
#2387=AXIS2_PLACEMENT_3D('',#3683,#2685,#2686);
#2388=AXIS2_PLACEMENT_3D('',#3685,#2687,#2688);
#2389=AXIS2_PLACEMENT_3D('',#3687,#2689,#2690);
#2390=AXIS2_PLACEMENT_3D('',#3690,#2692,#2693);
#2391=AXIS2_PLACEMENT_3D('',#3699,#2694,#2695);
#2392=AXIS2_PLACEMENT_3D('',#3701,#2696,#2697);
#2393=AXIS2_PLACEMENT_3D('',#3703,#2698,#2699);
#2394=AXIS2_PLACEMENT_3D('',#3705,#2700,#2701);
#2395=AXIS2_PLACEMENT_3D('',#3707,#2702,#2703);
#2396=AXIS2_PLACEMENT_3D('',#3725,#2704,#2705);
#2397=AXIS2_PLACEMENT_3D('',#3729,#2707,#2708);
#2398=AXIS2_PLACEMENT_3D('',#3731,#2710,#2711);
#2399=AXIS2_PLACEMENT_3D('',#3738,#2712,#2713);
#2400=AXIS2_PLACEMENT_3D('',#3742,#2716,#2717);
#2401=AXIS2_PLACEMENT_3D('',#3743,#2718,#2719);
#2402=AXIS2_PLACEMENT_3D('',#3744,#2720,#2721);
#2403=AXIS2_PLACEMENT_3D('',#3749,#2723,#2724);
#2404=AXIS2_PLACEMENT_3D('',#3753,#2726,#2727);
#2405=AXIS2_PLACEMENT_3D('',#3755,#2728,#2729);
#2406=AXIS2_PLACEMENT_3D('',#3756,#2730,#2731);
#2407=AXIS2_PLACEMENT_3D('',#3765,#2732,#2733);
#2408=AXIS2_PLACEMENT_3D('',#3767,#2734,#2735);
#2409=AXIS2_PLACEMENT_3D('',#3769,#2736,#2737);
#2410=AXIS2_PLACEMENT_3D('',#3771,#2738,#2739);
#2411=AXIS2_PLACEMENT_3D('',#3773,#2740,#2741);
#2412=AXIS2_PLACEMENT_3D('',#3791,#2742,#2743);
#2413=AXIS2_PLACEMENT_3D('',#3795,#2745,#2746);
#2414=AXIS2_PLACEMENT_3D('',#3797,#2748,#2749);
#2415=AXIS2_PLACEMENT_3D('',#3804,#2750,#2751);
#2416=AXIS2_PLACEMENT_3D('',#3808,#2754,#2755);
#2417=AXIS2_PLACEMENT_3D('',#3811,#2758,#2759);
#2418=AXIS2_PLACEMENT_3D('',#3814,#2762,#2763);
#2419=AXIS2_PLACEMENT_3D('',#3884,#2768,#2769);
#2420=AXIS2_PLACEMENT_3D('',#3902,#2771,#2772);
#2421=AXIS2_PLACEMENT_3D('',#3903,#2773,#2774);
#2422=AXIS2_PLACEMENT_3D('',#3928,#2775,#2776);
#2423=AXIS2_PLACEMENT_3D('',#4030,#2783,#2784);
#2424=AXIS2_PLACEMENT_3D('',#4033,#2786,#2787);
#2425=AXIS2_PLACEMENT_3D('',#4034,#2788,#2789);
#2426=AXIS2_PLACEMENT_3D('',#4037,#2791,#2792);
#2427=AXIS2_PLACEMENT_3D('',#4038,#2793,#2794);
#2428=AXIS2_PLACEMENT_3D('',#4041,#2796,#2797);
#2429=AXIS2_PLACEMENT_3D('',#4042,#2798,#2799);
#2430=AXIS2_PLACEMENT_3D('',#4045,#2801,#2802);
#2431=AXIS2_PLACEMENT_3D('',#4046,#2803,#2804);
#2432=AXIS2_PLACEMENT_3D('',#4047,#2805,#2806);
#2433=AXIS2_PLACEMENT_3D('',#4048,#2807,#2808);
#2434=AXIS2_PLACEMENT_3D('',#4052,#2810,#2811);
#2435=AXIS2_PLACEMENT_3D('',#4054,#2813,#2814);
#2436=AXIS2_PLACEMENT_3D('',#4057,#2816,#2817);
#2437=AXIS2_PLACEMENT_3D('',#4058,#2818,#2819);
#2438=AXIS2_PLACEMENT_3D('',#4061,#2821,#2822);
#2439=AXIS2_PLACEMENT_3D('',#4062,#2823,#2824);
#2440=AXIS2_PLACEMENT_3D('',#4078,#2825,#2826);
#2441=AXIS2_PLACEMENT_3D('',#4108,#2827,#2828);
#2442=AXIS2_PLACEMENT_3D('',#4208,#2834,#2835);
#2443=AXIS2_PLACEMENT_3D('',#4210,#2837,#2838);
#2444=AXIS2_PLACEMENT_3D('',#4212,#2840,#2841);
#2445=AXIS2_PLACEMENT_3D('',#4214,#2843,#2844);
#2446=AXIS2_PLACEMENT_3D('',#4216,#2846,#2847);
#2447=AXIS2_PLACEMENT_3D('',#4217,#2848,#2849);
#2448=AXIS2_PLACEMENT_3D('',#4218,#2850,#2851);
#2449=AXIS2_PLACEMENT_3D('',#4262,#2852,#2853);
#2450=AXIS2_PLACEMENT_3D('',#4263,#2854,#2855);
#2451=AXIS2_PLACEMENT_3D('',#4267,#2858,#2859);
#2452=AXIS2_PLACEMENT_3D('',#4268,#2860,#2861);
#2453=AXIS2_PLACEMENT_3D('',#4269,#2862,#2863);
#2454=AXIS2_PLACEMENT_3D('',#4271,#2865,#2866);
#2455=AXIS2_PLACEMENT_3D('',#4272,#2867,#2868);
#2456=AXIS2_PLACEMENT_3D('',#4276,#2871,#2872);
#2457=AXIS2_PLACEMENT_3D('',#4277,#2873,#2874);
#2458=AXIS2_PLACEMENT_3D('',#4278,#2875,#2876);
#2459=AXIS2_PLACEMENT_3D('',#4280,#2878,#2879);
#2460=AXIS2_PLACEMENT_3D('',#4306,#2880,#2881);
#2461=AXIS2_PLACEMENT_3D('',#4368,#2882,#2883);
#2462=AXIS2_PLACEMENT_3D('',#4442,#2887,#2888);
#2463=AXIS2_PLACEMENT_3D('',#4477,#2889,#2890);
#2464=AXIS2_PLACEMENT_3D('',#4521,#2891,#2892);
#2465=AXIS2_PLACEMENT_3D('',#4594,#2893,#2894);
#2466=AXIS2_PLACEMENT_3D('',#4632,#2895,#2896);
#2467=AXIS2_PLACEMENT_3D('',#4849,#2897,#2898);
#2468=AXIS2_PLACEMENT_3D('',#5066,#2899,#2900);
#2469=AXIS2_PLACEMENT_3D('',#5110,#2901,#2902);
#2470=AXIS2_PLACEMENT_3D('',#5183,#2903,#2904);
#2471=AXIS2_PLACEMENT_3D('',#5220,#2905,#2906);
#2472=AXIS2_PLACEMENT_3D('',#5405,#2907,#2908);
#2473=AXIS2_PLACEMENT_3D('',#5622,#2909,#2910);
#2474=AXIS2_PLACEMENT_3D('',#5631,#2911,#2912);
#2475=AXIS2_PLACEMENT_3D('',#5632,#2913,#2914);
#2476=AXIS2_PLACEMENT_3D('',#6183,#2917,#2918);
#2477=AXIS2_PLACEMENT_3D('',#6185,#2920,#2921);
#2478=DIRECTION('axis',(0.,0.,1.));
#2479=DIRECTION('refdir',(1.,0.,0.));
#2480=DIRECTION('center_axis',(0.,-1.,0.));
#2481=DIRECTION('ref_axis',(0.510152339901954,0.,-0.860084059899125));
#2482=DIRECTION('',(0.,1.,0.));
#2483=DIRECTION('',(0.,-1.,0.));
#2484=DIRECTION('center_axis',(0.,1.,0.));
#2485=DIRECTION('ref_axis',(1.,0.,0.));
#2486=DIRECTION('center_axis',(0.,-1.,0.));
#2487=DIRECTION('ref_axis',(1.,0.,0.));
#2488=DIRECTION('center_axis',(0.,-1.,0.));
#2489=DIRECTION('ref_axis',(1.,0.,0.));
#2490=DIRECTION('center_axis',(0.,-1.,0.));
#2491=DIRECTION('ref_axis',(1.,0.,0.));
#2492=DIRECTION('',(0.,1.,0.));
#2493=DIRECTION('center_axis',(0.,1.,0.));
#2494=DIRECTION('ref_axis',(1.,0.,0.));
#2495=DIRECTION('center_axis',(-0.422617176837943,-0.00226540394899565,
-0.90630546163337));
#2496=DIRECTION('ref_axis',(-0.221279921958017,-0.969475210291347,0.105607825319918));
#2497=DIRECTION('center_axis',(0.,1.,0.));
#2498=DIRECTION('ref_axis',(-0.426335908094987,0.,-0.904564919432996));
#2499=DIRECTION('center_axis',(0.,1.,0.));
#2500=DIRECTION('ref_axis',(-1.,0.,0.));
#2501=DIRECTION('',(0.,-1.,0.));
#2502=DIRECTION('',(0.,1.,0.));
#2503=DIRECTION('center_axis',(0.,-1.,0.));
#2504=DIRECTION('ref_axis',(-1.,0.,0.));
#2505=DIRECTION('',(0.,-1.,0.));
#2506=DIRECTION('center_axis',(0.,1.,0.));
#2507=DIRECTION('ref_axis',(-0.988079674019932,0.,-0.153943359027482));
#2508=DIRECTION('center_axis',(-0.422617031569143,-0.00239391704808186,
-0.906305199030025));
#2509=DIRECTION('ref_axis',(0.906307795985701,1.59883680369196E-13,-0.422618242549397));
#2510=DIRECTION('center_axis',(0.,-1.,0.));
#2511=DIRECTION('ref_axis',(1.,0.,0.));
#2512=DIRECTION('center_axis',(0.,-1.,0.));
#2513=DIRECTION('ref_axis',(1.,0.,0.));
#2514=DIRECTION('center_axis',(0.,-1.,0.));
#2515=DIRECTION('ref_axis',(0.988269994017238,0.,-0.152716793199598));
#2516=DIRECTION('',(0.,1.,0.));
#2517=DIRECTION('',(0.,-1.,0.));
#2518=DIRECTION('center_axis',(0.,1.,0.));
#2519=DIRECTION('ref_axis',(-1.,0.,0.));
#2520=DIRECTION('center_axis',(0.,1.,0.));
#2521=DIRECTION('ref_axis',(-1.,0.,0.));
#2522=DIRECTION('center_axis',(0.,-1.,0.));
#2523=DIRECTION('ref_axis',(-1.,0.,0.));
#2524=DIRECTION('center_axis',(0.,1.,0.));
#2525=DIRECTION('ref_axis',(0.42505894764342,0.,-0.905165670487049));
#2526=DIRECTION('center_axis',(0.,-1.,0.));
#2527=DIRECTION('ref_axis',(1.,0.,0.));
#2528=DIRECTION('center_axis',(0.,1.,0.));
#2529=DIRECTION('ref_axis',(1.,0.,0.));
#2530=DIRECTION('center_axis',(0.,1.,0.));
#2531=DIRECTION('ref_axis',(0.425058947643449,0.,-0.905165670487035));
#2532=DIRECTION('',(0.,-1.,0.));
#2533=DIRECTION('center_axis',(0.,1.,0.));
#2534=DIRECTION('ref_axis',(1.,0.,0.));
#2535=DIRECTION('',(0.,1.,0.));
#2536=DIRECTION('',(0.,-1.,0.));
#2537=DIRECTION('center_axis',(0.,1.,0.));
#2538=DIRECTION('ref_axis',(-0.513643220420745,0.,-0.858003870688126));
#2539=DIRECTION('',(0.,1.,0.));
#2540=DIRECTION('center_axis',(0.422618261740699,2.64387586241816E-16,-0.90630778703665));
#2541=DIRECTION('ref_axis',(0.226576946759164,0.968245836551854,0.105654565435176));
#2542=DIRECTION('center_axis',(0.,1.,0.));
#2543=DIRECTION('ref_axis',(1.,0.,0.));
#2544=DIRECTION('center_axis',(0.,0.,1.));
#2545=DIRECTION('ref_axis',(-0.707106781186549,-0.707106781186546,0.));
#2546=DIRECTION('',(0.,0.,-1.));
#2547=DIRECTION('',(0.,0.,1.));
#2548=DIRECTION('center_axis',(0.,-1.,0.));
#2549=DIRECTION('ref_axis',(-1.,0.,0.));
#2550=DIRECTION('center_axis',(0.,-1.,0.));
#2551=DIRECTION('ref_axis',(0.42075748004628,0.,0.90717316041928));
#2552=DIRECTION('center_axis',(0.,1.,0.));
#2553=DIRECTION('ref_axis',(-0.420755171491386,0.,-0.907174231150364));
#2554=DIRECTION('center_axis',(0.,1.,0.));
#2555=DIRECTION('ref_axis',(0.999876035355582,0.,0.0157452825189945));
#2556=DIRECTION('center_axis',(0.,-1.,0.));
#2557=DIRECTION('ref_axis',(-0.249688781819392,0.,0.968326139393928));
#2558=DIRECTION('center_axis',(0.,-1.,0.));
#2559=DIRECTION('ref_axis',(0.,0.,-1.));
#2560=DIRECTION('center_axis',(0.,1.,0.));
#2561=DIRECTION('ref_axis',(0.420757153976006,0.,0.9071733116544));
#2562=DIRECTION('center_axis',(0.,-1.,0.));
#2563=DIRECTION('ref_axis',(0.,0.,-1.));
#2564=DIRECTION('center_axis',(0.,1.,0.));
#2565=DIRECTION('ref_axis',(-0.249688781819392,0.,0.968326139393927));
#2566=DIRECTION('center_axis',(0.,-1.,0.));
#2567=DIRECTION('ref_axis',(0.,0.,-1.));
#2568=DIRECTION('center_axis',(0.,-1.,0.));
#2569=DIRECTION('ref_axis',(0.249688781819392,0.,0.968326139393927));
#2570=DIRECTION('center_axis',(0.,1.,0.));
#2571=DIRECTION('ref_axis',(0.249688781819393,0.,0.968326139393927));
#2572=DIRECTION('center_axis',(0.,-1.,0.));
#2573=DIRECTION('ref_axis',(-1.,0.,0.));
#2574=DIRECTION('center_axis',(0.,1.,0.));
#2575=DIRECTION('ref_axis',(-0.999876035355582,0.,0.0157452825189993));
#2576=DIRECTION('center_axis',(0.,1.,0.));
#2577=DIRECTION('ref_axis',(-0.420755171491386,0.,-0.907174231150364));
#2578=DIRECTION('center_axis',(0.,-1.,0.));
#2579=DIRECTION('ref_axis',(0.771520462200875,0.,0.636204508318944));
#2580=DIRECTION('',(-2.96059473233375E-15,0.,-1.));
#2581=DIRECTION('center_axis',(0.,1.,0.));
#2582=DIRECTION('ref_axis',(0.771520462200493,0.,0.636204508319406));
#2583=DIRECTION('center_axis',(0.,-1.,0.));
#2584=DIRECTION('ref_axis',(0.,0.,-1.));
#2585=DIRECTION('center_axis',(-2.96059473233375E-15,0.,-1.));
#2586=DIRECTION('ref_axis',(0.707106781186549,-0.707106781186546,-1.57009245868378E-15));
#2587=DIRECTION('',(2.96059473233375E-15,0.,1.));
#2588=DIRECTION('center_axis',(2.96059473233375E-15,0.,1.));
#2589=DIRECTION('ref_axis',(0.707106781186548,0.707106781186547,-1.57009245868377E-15));
#2590=DIRECTION('',(-2.96059473233375E-15,0.,-1.));
#2591=DIRECTION('',(2.96059473233375E-15,0.,1.));
#2592=DIRECTION('center_axis',(0.,-1.,0.));
#2593=DIRECTION('ref_axis',(-1.,0.,0.));
#2594=DIRECTION('center_axis',(0.,1.,0.));
#2595=DIRECTION('ref_axis',(0.771520462200875,0.,0.636204508318944));
#2596=DIRECTION('center_axis',(0.,-1.,0.));
#2597=DIRECTION('ref_axis',(-0.420755171491386,0.,-0.907174231150364));
#2598=DIRECTION('center_axis',(0.,-1.,0.));
#2599=DIRECTION('ref_axis',(-0.999876035355582,0.,0.0157452825189993));
#2600=DIRECTION('center_axis',(0.,1.,0.));
#2601=DIRECTION('ref_axis',(0.249688781819392,0.,0.968326139393927));
#2602=DIRECTION('center_axis',(0.,1.,0.));
#2603=DIRECTION('ref_axis',(0.,0.,-1.));
#2604=DIRECTION('center_axis',(0.,-1.,0.));
#2605=DIRECTION('ref_axis',(0.771520462200493,0.,0.636204508319406));
#2606=DIRECTION('center_axis',(0.,0.,-1.));
#2607=DIRECTION('ref_axis',(-0.707106781186548,0.707106781186547,0.));
#2608=DIRECTION('',(0.,0.,1.));
#2609=DIRECTION('',(0.,0.,-1.));
#2610=DIRECTION('center_axis',(0.,-1.,0.));
#2611=DIRECTION('ref_axis',(-1.,0.,0.));
#2612=DIRECTION('center_axis',(0.,-1.,0.));
#2613=DIRECTION('ref_axis',(0.420757153976006,0.,0.9071733116544));
#2614=DIRECTION('center_axis',(0.,1.,0.));
#2615=DIRECTION('ref_axis',(0.,0.,-1.));
#2616=DIRECTION('center_axis',(0.,1.,0.));
#2617=DIRECTION('ref_axis',(-0.249688781819392,0.,0.968326139393928));
#2618=DIRECTION('center_axis',(0.,-1.,0.));
#2619=DIRECTION('ref_axis',(0.999876035355582,0.,0.0157452825189945));
#2620=DIRECTION('center_axis',(0.,-1.,0.));
#2621=DIRECTION('ref_axis',(-0.420755171491386,0.,-0.907174231150364));
#2622=DIRECTION('center_axis',(0.,1.,0.));
#2623=DIRECTION('ref_axis',(0.42075748004628,0.,0.90717316041928));
#2624=DIRECTION('center_axis',(0.,1.,0.));
#2625=DIRECTION('ref_axis',(0.,0.,1.));
#2626=DIRECTION('center_axis',(0.,-1.,0.));
#2627=DIRECTION('ref_axis',(-0.249688781819392,0.,0.968326139393927));
#2628=DIRECTION('center_axis',(0.,1.,0.));
#2629=DIRECTION('ref_axis',(0.,0.,1.));
#2630=DIRECTION('center_axis',(0.,-1.,0.));
#2631=DIRECTION('ref_axis',(0.249688781819393,0.,0.968326139393927));
#2632=DIRECTION('center_axis',(0.,-1.,0.));
#2633=DIRECTION('ref_axis',(-0.684254286706933,0.,-0.72924349234202));
#2634=DIRECTION('',(0.,1.,0.));
#2635=DIRECTION('',(0.,-1.,0.));
#2636=DIRECTION('center_axis',(0.,1.,0.));
#2637=DIRECTION('ref_axis',(0.420757153976006,0.,0.9071733116544));
#2638=DIRECTION('',(0.,1.,0.));
#2639=DIRECTION('center_axis',(0.,1.,0.));
#2640=DIRECTION('ref_axis',(0.684254286707099,0.,-0.729243492341865));
#2641=DIRECTION('',(0.,1.,0.));
#2642=DIRECTION('',(0.,1.,0.));
#2643=DIRECTION('center_axis',(0.,1.,0.));
#2644=DIRECTION('ref_axis',(0.771520462200493,0.,0.636204508319406));
#2645=DIRECTION('',(0.,-1.,0.));
#2646=DIRECTION('',(0.,1.,0.));
#2647=DIRECTION('',(0.,1.,0.));
#2648=DIRECTION('center_axis',(0.,-1.,0.));
#2649=DIRECTION('ref_axis',(0.740214070737002,0.,0.672371273540859));
#2650=DIRECTION('',(0.,1.,0.));
#2651=DIRECTION('',(0.,-1.,0.));
#2652=DIRECTION('center_axis',(0.,1.,0.));
#2653=DIRECTION('ref_axis',(0.771520462200875,0.,0.636204508318944));
#2654=DIRECTION('',(0.,1.,0.));
#2655=DIRECTION('',(0.,1.,0.));
#2656=DIRECTION('',(0.,-1.,0.));
#2657=DIRECTION('center_axis',(0.,1.,0.));
#2658=DIRECTION('ref_axis',(-0.740214070737201,0.,0.67237127354064));
#2659=DIRECTION('',(0.,1.,0.));
#2660=DIRECTION('',(0.,1.,0.));
#2661=DIRECTION('center_axis',(0.,1.,0.));
#2662=DIRECTION('ref_axis',(0.42075748004628,0.,0.90717316041928));
#2663=DIRECTION('',(0.,1.,0.));
#2664=DIRECTION('center_axis',(0.,-1.,0.));
#2665=DIRECTION('ref_axis',(0.999876035355582,0.,0.0157452825189945));
#2666=DIRECTION('',(0.,-1.,0.));
#2667=DIRECTION('',(0.,1.,0.));
#2668=DIRECTION('center_axis',(0.,1.,0.));
#2669=DIRECTION('ref_axis',(-0.420755171491386,0.,-0.907174231150364));
#2670=DIRECTION('center_axis',(0.,1.,0.));
#2671=DIRECTION('ref_axis',(-0.999876035355582,0.,0.0157452825189993));
#2672=DIRECTION('',(0.,1.,0.));
#2673=DIRECTION('',(0.,-1.,0.));
#2674=DIRECTION('center_axis',(0.,1.,0.));
#2675=DIRECTION('ref_axis',(-0.420755171491386,0.,-0.907174231150364));
#2676=DIRECTION('center_axis',(0.,1.,0.));
#2677=DIRECTION('ref_axis',(-0.42505894764342,0.,0.905165670487048));
#2678=DIRECTION('center_axis',(0.,1.,0.));
#2679=DIRECTION('ref_axis',(1.,0.,0.));
#2680=DIRECTION('center_axis',(0.,1.,0.));
#2681=DIRECTION('ref_axis',(1.,0.,0.));
#2682=DIRECTION('center_axis',(0.,1.,0.));
#2683=DIRECTION('ref_axis',(1.,0.,0.));
#2684=DIRECTION('',(-2.96059473233375E-15,0.,-1.));
#2685=DIRECTION('center_axis',(0.,1.,0.));
#2686=DIRECTION('ref_axis',(1.,0.,0.));
#2687=DIRECTION('center_axis',(0.,-1.,0.));
#2688=DIRECTION('ref_axis',(1.,0.,0.));
#2689=DIRECTION('center_axis',(0.,1.,0.));
#2690=DIRECTION('ref_axis',(1.,0.,0.));
#2691=DIRECTION('',(0.,0.,1.));
#2692=DIRECTION('center_axis',(0.,1.,0.));
#2693=DIRECTION('ref_axis',(1.,0.,-1.31348256046034E-16));
#2694=DIRECTION('center_axis',(0.,-1.,0.));
#2695=DIRECTION('ref_axis',(1.,0.,0.));
#2696=DIRECTION('center_axis',(0.,1.,0.));
#2697=DIRECTION('ref_axis',(-0.860845406152629,0.,-0.508866570631159));
#2698=DIRECTION('center_axis',(0.,-1.,0.));
#2699=DIRECTION('ref_axis',(-1.,0.,0.));
#2700=DIRECTION('center_axis',(0.,1.,0.));
#2701=DIRECTION('ref_axis',(0.860845404996492,0.,-0.508866572586985));
#2702=DIRECTION('center_axis',(0.,-1.,0.));
#2703=DIRECTION('ref_axis',(-1.,0.,0.));
#2704=DIRECTION('center_axis',(0.,1.,0.));
#2705=DIRECTION('ref_axis',(-1.,0.,0.));
#2706=DIRECTION('',(-0.422618261740699,0.,-0.90630778703665));
#2707=DIRECTION('center_axis',(0.,1.,0.));
#2708=DIRECTION('ref_axis',(-0.90630778703665,0.,0.422618261740699));
#2709=DIRECTION('',(0.4226182617407,0.,0.90630778703665));
#2710=DIRECTION('center_axis',(0.,1.,0.));
#2711=DIRECTION('ref_axis',(-0.425498707885195,0.,-0.904959031994283));
#2712=DIRECTION('center_axis',(0.640856382055787,0.707106781186549,-0.298836238730119));
#2713=DIRECTION('ref_axis',(-0.4226182617407,0.,-0.90630778703665));
#2714=DIRECTION('',(-0.64085638205579,0.707106781186546,0.29883623873012));
#2715=DIRECTION('',(-0.4226182617407,0.,-0.90630778703665));
#2716=DIRECTION('center_axis',(0.,-1.,0.));
#2717=DIRECTION('ref_axis',(-0.426335908094958,0.,-0.90456491943301));
#2718=DIRECTION('center_axis',(0.,-1.,0.));
#2719=DIRECTION('ref_axis',(-1.,0.,0.));
#2720=DIRECTION('center_axis',(0.,1.,0.));
#2721=DIRECTION('ref_axis',(1.,0.,0.));
#2722=DIRECTION('',(2.96059473233375E-15,0.,1.));
#2723=DIRECTION('center_axis',(0.,-1.,0.));
#2724=DIRECTION('ref_axis',(1.,0.,-1.31348256046034E-16));
#2725=DIRECTION('',(0.,0.,-1.));
#2726=DIRECTION('center_axis',(0.,-1.,0.));
#2727=DIRECTION('ref_axis',(1.,0.,0.));
#2728=DIRECTION('center_axis',(0.,1.,0.));
#2729=DIRECTION('ref_axis',(1.,0.,0.));
#2730=DIRECTION('center_axis',(0.,-1.,0.));
#2731=DIRECTION('ref_axis',(1.,0.,0.));
#2732=DIRECTION('center_axis',(0.,1.,0.));
#2733=DIRECTION('ref_axis',(-1.,0.,0.));
#2734=DIRECTION('center_axis',(0.,-1.,0.));
#2735=DIRECTION('ref_axis',(0.860845404996492,0.,-0.508866572586985));
#2736=DIRECTION('center_axis',(0.,1.,0.));
#2737=DIRECTION('ref_axis',(-1.,0.,0.));
#2738=DIRECTION('center_axis',(0.,-1.,0.));
#2739=DIRECTION('ref_axis',(-0.860845406152629,0.,-0.508866570631159));
#2740=DIRECTION('center_axis',(0.,1.,0.));
#2741=DIRECTION('ref_axis',(1.,0.,0.));
#2742=DIRECTION('center_axis',(0.,-1.,0.));
#2743=DIRECTION('ref_axis',(1.,0.,0.));
#2744=DIRECTION('',(0.422618261740699,0.,-0.90630778703665));
#2745=DIRECTION('center_axis',(0.,-1.,0.));
#2746=DIRECTION('ref_axis',(-0.90630778703665,0.,-0.422618261740699));
#2747=DIRECTION('',(-0.4226182617407,0.,0.90630778703665));
#2748=DIRECTION('center_axis',(0.,-1.,0.));
#2749=DIRECTION('ref_axis',(0.425498704905527,0.,-0.90495903339528));
#2750=DIRECTION('center_axis',(-0.640856382055785,-0.707106781186552,-0.298836238730118));
#2751=DIRECTION('ref_axis',(-0.4226182617407,0.,0.90630778703665));
#2752=DIRECTION('',(0.640856382055792,-0.707106781186545,0.29883623873012));
#2753=DIRECTION('',(0.4226182617407,0.,-0.90630778703665));
#2754=DIRECTION('center_axis',(1.,0.,-2.96059473233375E-15));
#2755=DIRECTION('ref_axis',(-2.96059473233375E-15,0.,-1.));
#2756=DIRECTION('',(0.,1.,0.));
#2757=DIRECTION('',(0.,1.,0.));
#2758=DIRECTION('center_axis',(-1.,0.,0.));
#2759=DIRECTION('ref_axis',(0.,0.,1.));
#2760=DIRECTION('',(0.,-1.,0.));
#2761=DIRECTION('',(0.,-1.,0.));
#2762=DIRECTION('center_axis',(0.,1.,0.));
#2763=DIRECTION('ref_axis',(1.,0.,0.));
#2764=DIRECTION('',(0.,-1.,0.));
#2765=DIRECTION('',(0.,1.,0.));
#2766=DIRECTION('',(0.,1.,0.));
#2767=DIRECTION('',(0.,-1.,0.));
#2768=DIRECTION('center_axis',(-0.90630778703665,0.,0.4226182617407));
#2769=DIRECTION('ref_axis',(-0.4226182617407,0.,-0.90630778703665));
#2770=DIRECTION('',(0.,-1.,0.));
#2771=DIRECTION('center_axis',(0.,-1.,0.));
#2772=DIRECTION('ref_axis',(0.422618261740699,0.,-0.90630778703665));
#2773=DIRECTION('center_axis',(0.422618261740699,-1.39969898598609E-16,
-0.90630778703665));
#2774=DIRECTION('ref_axis',(-0.90630778703665,0.,-0.422618261740699));
#2775=DIRECTION('center_axis',(0.90630778703665,0.,0.4226182617407));
#2776=DIRECTION('ref_axis',(-0.4226182617407,0.,0.90630778703665));
#2777=DIRECTION('',(0.,-1.,0.));
#2778=DIRECTION('',(-0.00920429449162351,0.707106781186547,-0.707046873243148));
#2779=DIRECTION('',(0.675660581449295,-0.707106781186547,-0.208525247093968));
#2780=DIRECTION('',(-3.56849512064183E-14,0.707106781186548,-0.707106781186547));
#2781=DIRECTION('',(0.00920429404568253,0.707106781186547,-0.707046873248954));
#2782=DIRECTION('',(0.675660582410951,0.707106781186548,0.208525243978021));
#2783=DIRECTION('center_axis',(0.,1.,0.));
#2784=DIRECTION('ref_axis',(1.,0.,0.));
#2785=DIRECTION('',(0.608153237140522,0.707106781186548,-0.360762581423717));
#2786=DIRECTION('center_axis',(0.,-1.,0.));
#2787=DIRECTION('ref_axis',(1.,0.,0.));
#2788=DIRECTION('center_axis',(0.,-1.,0.));
#2789=DIRECTION('ref_axis',(-0.860845406152629,0.,-0.508866570631159));
#2790=DIRECTION('',(-0.0228714995949402,0.707106781186547,0.706736792947897));
#2791=DIRECTION('center_axis',(0.,1.,0.));
#2792=DIRECTION('ref_axis',(-0.860845406152629,0.,-0.508866570631159));
#2793=DIRECTION('center_axis',(0.,1.,0.));
#2794=DIRECTION('ref_axis',(-1.,0.,0.));
#2795=DIRECTION('',(0.0228714990995629,0.707106781186545,0.706736792963931));
#2796=DIRECTION('center_axis',(0.,-1.,0.));
#2797=DIRECTION('ref_axis',(-1.,0.,0.));
#2798=DIRECTION('center_axis',(0.,-1.,0.));
#2799=DIRECTION('ref_axis',(0.860845404996493,0.,-0.508866572586984));
#2800=DIRECTION('',(-0.608153239032684,0.707106781186548,-0.360762578234017));
#2801=DIRECTION('center_axis',(0.,1.,0.));
#2802=DIRECTION('ref_axis',(0.860845404996493,0.,-0.508866572586985));
#2803=DIRECTION('center_axis',(0.,1.,0.));
#2804=DIRECTION('ref_axis',(-1.,0.,0.));
#2805=DIRECTION('center_axis',(0.,-1.,0.));
#2806=DIRECTION('ref_axis',(-1.,0.,0.));
#2807=DIRECTION('center_axis',(0.,-1.,0.));
#2808=DIRECTION('ref_axis',(-0.860845406152629,0.,-0.508866570631159));
#2809=DIRECTION('',(0.,1.,0.));
#2810=DIRECTION('center_axis',(0.,-1.,0.));
#2811=DIRECTION('ref_axis',(-0.860845406152629,0.,-0.508866570631159));
#2812=DIRECTION('',(0.,-1.,0.));
#2813=DIRECTION('center_axis',(0.,1.,0.));
#2814=DIRECTION('ref_axis',(1.,0.,0.));
#2815=DIRECTION('',(0.,-1.,0.));
#2816=DIRECTION('center_axis',(0.,1.,0.));
#2817=DIRECTION('ref_axis',(-1.,0.,0.));
#2818=DIRECTION('center_axis',(0.,-1.,0.));
#2819=DIRECTION('ref_axis',(0.860845404996493,0.,-0.508866572586985));
#2820=DIRECTION('',(0.,1.,0.));
#2821=DIRECTION('center_axis',(0.,-1.,0.));
#2822=DIRECTION('ref_axis',(0.860845404996493,0.,-0.508866572586985));
#2823=DIRECTION('center_axis',(0.,1.,0.));
#2824=DIRECTION('ref_axis',(-0.993042434573468,0.,-0.117757051323473));
#2825=DIRECTION('center_axis',(0.,1.,0.));
#2826=DIRECTION('ref_axis',(-1.,0.,0.));
#2827=DIRECTION('center_axis',(2.08649290039626E-15,-1.,2.05468270900127E-15));
#2828=DIRECTION('ref_axis',(0.955528357846483,1.38777878078145E-15,-0.294899232537493));
#2829=DIRECTION('',(0.0092042940456794,-0.707106781186547,-0.707046873248954));
#2830=DIRECTION('',(-0.675660582410952,0.707106781186548,-0.208525243978021));
#2831=DIRECTION('',(-7.41837258847832E-17,-0.707106781186548,-0.707106781186547));
#2832=DIRECTION('',(-0.0092042944916232,-0.707106781186547,-0.707046873243148));
#2833=DIRECTION('',(-0.675660581449295,-0.707106781186548,0.208525247093968));
#2834=DIRECTION('center_axis',(0.,-1.,0.));
#2835=DIRECTION('ref_axis',(-1.,0.,0.));
#2836=DIRECTION('',(-0.608153239032684,-0.707106781186547,-0.360762578234017));
#2837=DIRECTION('center_axis',(0.,1.,0.));
#2838=DIRECTION('ref_axis',(0.860845404996493,0.,-0.508866572586984));
#2839=DIRECTION('',(0.0228714990995666,-0.707106781186546,0.70673679296393));
#2840=DIRECTION('center_axis',(0.,-1.,0.));
#2841=DIRECTION('ref_axis',(-1.,0.,0.));
#2842=DIRECTION('',(-0.0228714995949439,-0.707106781186548,0.706736792947896));
#2843=DIRECTION('center_axis',(0.,1.,0.));
#2844=DIRECTION('ref_axis',(-0.860845406152629,0.,-0.508866570631159));
#2845=DIRECTION('',(0.608153237140521,-0.707106781186549,-0.360762581423715));
#2846=DIRECTION('center_axis',(0.,-1.,0.));
#2847=DIRECTION('ref_axis',(1.,0.,0.));
#2848=DIRECTION('center_axis',(0.,1.,0.));
#2849=DIRECTION('ref_axis',(1.,0.,0.));
#2850=DIRECTION('center_axis',(0.,1.,0.));
#2851=DIRECTION('ref_axis',(1.,0.,0.));
#2852=DIRECTION('center_axis',(0.,-1.,0.));
#2853=DIRECTION('ref_axis',(-0.0130168374714697,0.,0.99991527738216));
#2854=DIRECTION('center_axis',(0.640856382055788,-0.707106781186548,0.298836238730119));
#2855=DIRECTION('ref_axis',(0.422618261740699,0.,-0.90630778703665));
#2856=DIRECTION('',(-0.422618261740699,0.,0.90630778703665));
#2857=DIRECTION('',(-0.640856382055791,-0.707106781186545,-0.298836238730122));
#2858=DIRECTION('center_axis',(0.,-1.,0.));
#2859=DIRECTION('ref_axis',(-0.90630778703665,0.,-0.422618261740699));
#2860=DIRECTION('center_axis',(0.,1.,0.));
#2861=DIRECTION('ref_axis',(-0.90630778703665,0.,-0.422618261740699));
#2862=DIRECTION('center_axis',(0.,-1.,0.));
#2863=DIRECTION('ref_axis',(-0.90630778703665,0.,-0.422618261740699));
#2864=DIRECTION('',(0.,-1.,0.));
#2865=DIRECTION('center_axis',(-0.90630778703665,0.,-0.422618261740699));
#2866=DIRECTION('ref_axis',(0.422618261740699,0.,-0.90630778703665));
#2867=DIRECTION('center_axis',(-0.640856382055789,0.707106781186547,0.298836238730119));
#2868=DIRECTION('ref_axis',(0.422618261740699,0.,0.90630778703665));
#2869=DIRECTION('',(0.422618261740699,0.,0.90630778703665));
#2870=DIRECTION('',(0.640856382055788,0.707106781186549,-0.298836238730116));
#2871=DIRECTION('center_axis',(0.,1.,0.));
#2872=DIRECTION('ref_axis',(-0.90630778703665,0.,0.422618261740699));
#2873=DIRECTION('center_axis',(0.,-1.,0.));
#2874=DIRECTION('ref_axis',(-0.90630778703665,0.,0.422618261740699));
#2875=DIRECTION('center_axis',(0.,-1.,0.));
#2876=DIRECTION('ref_axis',(-0.90630778703665,0.,0.422618261740699));
#2877=DIRECTION('',(0.,-1.,0.));
#2878=DIRECTION('center_axis',(0.90630778703665,0.,-0.422618261740699));
#2879=DIRECTION('ref_axis',(0.422618261740699,0.,0.90630778703665));
#2880=DIRECTION('center_axis',(0.,-1.,0.));
#2881=DIRECTION('ref_axis',(0.955528357846484,0.,-0.294899232537493));
#2882=DIRECTION('center_axis',(1.87318066148651E-15,-1.,-1.36351141281252E-15));
#2883=DIRECTION('ref_axis',(-0.0130168374714695,-1.38777878078145E-15,0.99991527738216));
#2884=DIRECTION('',(0.,-1.,0.));
#2885=DIRECTION('',(0.,1.,0.));
#2886=DIRECTION('',(0.,1.,0.));
#2887=DIRECTION('center_axis',(0.,1.,0.));
#2888=DIRECTION('ref_axis',(0.,0.,-1.));
#2889=DIRECTION('center_axis',(-0.366255373421936,-0.0656738729068364,-0.928193915007513));
#2890=DIRECTION('ref_axis',(-0.0289542573099515,-0.996218890534901,0.0819119840135714));
#2891=DIRECTION('center_axis',(-0.478595653855135,-2.5411245276476E-10,
-0.878035420761017));
#2892=DIRECTION('ref_axis',(-1.22064303109681E-9,-1.,9.54752943371772E-10));
#2893=DIRECTION('center_axis',(-0.517065468684363,4.59941195943807E-10,
0.855945851730249));
#2894=DIRECTION('ref_axis',(2.28481122910295E-10,-1.,6.75370870339975E-10));
#2895=DIRECTION('center_axis',(-0.370031951700124,0.0977601900814983,0.923861082607243));
#2896=DIRECTION('ref_axis',(0.0450825114651834,-0.991386819870327,0.12296235418774));
#2897=DIRECTION('center_axis',(0.,-1.,0.));
#2898=DIRECTION('ref_axis',(-1.,0.,0.));
#2899=DIRECTION('center_axis',(0.370031951700107,0.0977601900815112,-0.923861082607248));
#2900=DIRECTION('ref_axis',(0.0450825114651773,0.991386819870326,0.122962354187749));
#2901=DIRECTION('center_axis',(0.517065468684373,1.47627360040687E-10,-0.855945851730242));
#2902=DIRECTION('ref_axis',(7.04394875761246E-10,1.,5.97988325523608E-10));
#2903=DIRECTION('center_axis',(0.478595653855124,-7.91671982920969E-10,
0.878035420761023));
#2904=DIRECTION('ref_axis',(-3.70894981394087E-10,1.,1.10380593554282E-9));
#2905=DIRECTION('center_axis',(0.366255373421901,-0.0656738729068406,0.928193915007527));
#2906=DIRECTION('ref_axis',(-0.0289542573099598,0.9962188905349,0.0819119840135769));
#2907=DIRECTION('center_axis',(0.,-1.,0.));
#2908=DIRECTION('ref_axis',(-1.,0.,0.));
#2909=DIRECTION('center_axis',(0.,1.,0.));
#2910=DIRECTION('ref_axis',(1.,0.,0.));
#2911=DIRECTION('center_axis',(0.,1.,0.));
#2912=DIRECTION('ref_axis',(1.,0.,0.));
#2913=DIRECTION('center_axis',(0.,1.,0.));
#2914=DIRECTION('ref_axis',(0.,0.,-1.));
#2915=DIRECTION('',(0.,-1.,0.));
#2916=DIRECTION('',(0.,-1.,0.));
#2917=DIRECTION('center_axis',(0.,-1.,0.));
#2918=DIRECTION('ref_axis',(1.,0.,0.));
#2919=DIRECTION('',(0.,1.,0.));
#2920=DIRECTION('center_axis',(0.,-1.,0.));
#2921=DIRECTION('ref_axis',(1.,0.,0.));
#2922=DIRECTION('',(0.,-1.,0.));
#2923=CARTESIAN_POINT('',(0.,0.,0.));
#2924=CARTESIAN_POINT('Origin',(-2.73511471137587,0.,2.58322725142011));
#2925=CARTESIAN_POINT('',(-2.68258353187719,-1.77319098677777,2.498136269639));
#2926=CARTESIAN_POINT('',(-2.74772829654845,-1.75,2.4840259537013));
#2927=CARTESIAN_POINT('Ctrl Pts',(-2.68258353187716,-1.77319098677774,2.49813626963899));
#2928=CARTESIAN_POINT('Ctrl Pts',(-2.6907891465934,-1.7669005875439,2.49307050813837));
#2929=CARTESIAN_POINT('Ctrl Pts',(-2.70079857341354,-1.76096733968394,2.48861321869567));
#2930=CARTESIAN_POINT('Ctrl Pts',(-2.72326620427691,-1.75242697431546,2.48324183077964));
#2931=CARTESIAN_POINT('Ctrl Pts',(-2.73582411759948,-1.75,2.48251232052779));
#2932=CARTESIAN_POINT('Ctrl Pts',(-2.74772829654845,-1.75,2.4840259537013));
#2933=CARTESIAN_POINT('',(-2.74772829654818,-0.724241143129906,2.48402595370127));
#2934=CARTESIAN_POINT('',(-2.74772829654845,0.,2.4840259537013));
#2935=CARTESIAN_POINT('',(-2.6420127540511,-0.750000000000002,2.54673032631269));
#2936=CARTESIAN_POINT('Ctrl Pts',(-2.74634894274446,-0.724133610901426,
2.48607821867126));
#2937=CARTESIAN_POINT('Ctrl Pts',(-2.74528373388789,-0.72454892083282,2.48594061324891));
#2938=CARTESIAN_POINT('Ctrl Pts',(-2.74421467841604,-0.724960554207688,
2.48581964349775));
#2939=CARTESIAN_POINT('Ctrl Pts',(-2.74314211486194,-0.725368431650015,
2.48571550989359));
#2940=CARTESIAN_POINT('Ctrl Pts',(-2.73443407483485,-0.728679949256924,
2.48487005920704));
#2941=CARTESIAN_POINT('Ctrl Pts',(-2.72558911768755,-0.731706106571117,
2.48514152873864));
#2942=CARTESIAN_POINT('Ctrl Pts',(-2.71685596220585,-0.734414915791061,
2.4865775229756));
#2943=CARTESIAN_POINT('Ctrl Pts',(-2.7126944792368,-0.735705705066351,2.48726179632597));
#2944=CARTESIAN_POINT('Ctrl Pts',(-2.70855785583377,-0.73692501951396,2.48821033646847));
#2945=CARTESIAN_POINT('Ctrl Pts',(-2.70446996376685,-0.738071881979302,
2.48942701214696));
#2946=CARTESIAN_POINT('Ctrl Pts',(-2.69463611205866,-0.740830779530708,
2.49235385268073));
#2947=CARTESIAN_POINT('Ctrl Pts',(-2.68528245289444,-0.743115381830992,
2.49678027294666));
#2948=CARTESIAN_POINT('Ctrl Pts',(-2.67678868258231,-0.744931854900325,
2.50262102306573));
#2949=CARTESIAN_POINT('Ctrl Pts',(-2.67474563555775,-0.745368779818604,
2.50402592650832));
#2950=CARTESIAN_POINT('Ctrl Pts',(-2.67275222309196,-0.745778589776779,
2.50551244755185));
#2951=CARTESIAN_POINT('Ctrl Pts',(-2.67081358023614,-0.746161226859944,
2.50707901108843));
#2952=CARTESIAN_POINT('Ctrl Pts',(-2.66394714527323,-0.747516480427182,
2.51262758678761));
#2953=CARTESIAN_POINT('Ctrl Pts',(-2.65788783211377,-0.748509008132298,
2.51909439669793));
#2954=CARTESIAN_POINT('Ctrl Pts',(-2.65279723001995,-0.749149111925556,
2.52632576036021));
#2955=CARTESIAN_POINT('Ctrl Pts',(-2.65081719966848,-0.749398085409514,
2.52913845702554));
#2956=CARTESIAN_POINT('Ctrl Pts',(-2.64898399190536,-0.749593314156426,
2.53206669617174));
#2957=CARTESIAN_POINT('Ctrl Pts',(-2.64730842316914,-0.749733634074871,
2.53510108578818));
#2958=CARTESIAN_POINT('Ctrl Pts',(-2.64519051825802,-0.749910997281749,
2.53893652896159));
#2959=CARTESIAN_POINT('Ctrl Pts',(-2.64333580076382,-0.749999953310393,
2.5429188154306));
#2960=CARTESIAN_POINT('Ctrl Pts',(-2.64175379164423,-0.750000000000002,
2.54702247531722));
#2961=CARTESIAN_POINT('',(-2.6420127540511,-1.75,2.54673032631269));
#2962=CARTESIAN_POINT('',(-2.6420127540511,0.,2.54673032631269));
#2963=CARTESIAN_POINT('Ctrl Pts',(-2.6420127540511,-1.75,2.54673032631269));
#2964=CARTESIAN_POINT('Ctrl Pts',(-2.64605848136676,-1.75,2.53640986422493));
#2965=CARTESIAN_POINT('Ctrl Pts',(-2.65206828276404,-1.7523422680009,2.52648050858758));
#2966=CARTESIAN_POINT('Ctrl Pts',(-2.66625223733247,-1.76068750473009,2.50988276176241));
#2967=CARTESIAN_POINT('Ctrl Pts',(-2.6744319724014,-1.76668382027568,2.50321579669368));
#2968=CARTESIAN_POINT('Ctrl Pts',(-2.6823414325804,-1.77299736499893,2.49828608754413));
#2969=CARTESIAN_POINT('Ctrl Pts',(-2.68246241348228,-1.77309405925572,2.49821104245285));
#2970=CARTESIAN_POINT('Ctrl Pts',(-2.68258353187719,-1.77319098677775,2.49813626963897));
#2971=CARTESIAN_POINT('Origin',(-2.12995198876485,-2.,2.34599723822191));
#2972=CARTESIAN_POINT('',(-2.62631921600621,-0.750000000000002,2.58289294464295));
#2973=CARTESIAN_POINT('Origin',(-2.12995198876485,-0.750000000000002,2.34599723822191));
#2974=CARTESIAN_POINT('',(-1.62939112964422,-0.750000000000002,2.11809632484853));
#2975=CARTESIAN_POINT('Origin',(-2.12995198876485,-0.750000000000002,2.34599723822191));
#2976=CARTESIAN_POINT('',(-1.64921308384627,-0.750000000000002,2.07880796954204));
#2977=CARTESIAN_POINT('Origin',(-2.12995198876485,-0.750000000000002,2.34599723822191));
#2978=CARTESIAN_POINT('',(-1.64921308384627,-1.75,2.07880796954204));
#2979=CARTESIAN_POINT('',(-1.64921308384627,0.,2.07880796954204));
#2980=CARTESIAN_POINT('Origin',(-2.12995198876485,-1.75,2.34599723822191));
#2981=CARTESIAN_POINT('Ctrl Pts',(-2.66758103671287,-0.750000000000002,
2.23000151932457));
#2982=CARTESIAN_POINT('Ctrl Pts',(-2.686429246676,-0.750000000000002,2.31736116737308));
#2983=CARTESIAN_POINT('Ctrl Pts',(-2.68698574598484,-0.750000000000002,
2.45577845309397));
#2984=CARTESIAN_POINT('Ctrl Pts',(-2.62631921600621,-0.750000000000002,
2.58289294464295));
#2985=CARTESIAN_POINT('Ctrl Pts',(-2.80419161912201,-0.741097953878427,
2.29414433668293));
#2986=CARTESIAN_POINT('Ctrl Pts',(-2.81372973920601,-0.727771090391853,
2.37828580902423));
#2987=CARTESIAN_POINT('Ctrl Pts',(-2.80214303623172,-0.717326498900375,
2.51167155563173));
#2988=CARTESIAN_POINT('Ctrl Pts',(-2.74260306926625,-0.717560591029679,
2.63703591029487));
#2989=CARTESIAN_POINT('Ctrl Pts',(-3.0680107613725,-0.603914244597314,2.42394973442311));
#2990=CARTESIAN_POINT('Ctrl Pts',(-3.04784810042722,-0.580903246053759,
2.50294934981767));
#2991=CARTESIAN_POINT('Ctrl Pts',(-3.00948017389551,-0.56449317020816,2.61895259564738));
#2992=CARTESIAN_POINT('Ctrl Pts',(-2.954752307298,-0.564845428392428,2.73558099738674));
#2993=CARTESIAN_POINT('Ctrl Pts',(-3.17084038193021,-0.302674279928312,
2.48679799624927));
#2994=CARTESIAN_POINT('Ctrl Pts',(-3.13027853145879,-0.297851087854596,
2.57316451132295));
#2995=CARTESIAN_POINT('Ctrl Pts',(-3.08443481091321,-0.300658949531179,
2.67208545010483));
#2996=CARTESIAN_POINT('Ctrl Pts',(-3.03720926213984,-0.300623681818741,
2.77337085743516));
#2997=CARTESIAN_POINT('Ctrl Pts',(-3.16797947131936,-0.151643909940513,
2.49293323885321));
#2998=CARTESIAN_POINT('Ctrl Pts',(-3.1244030175798,-0.15626554200611,2.58638324546895));
#2999=CARTESIAN_POINT('Ctrl Pts',(-3.08094133214665,-0.16854861688769,2.67958713065736));
#3000=CARTESIAN_POINT('Ctrl Pts',(-3.03733593505339,-0.168314873825197,
2.77309920649542));
#3001=CARTESIAN_POINT('',(-3.16797947131936,-0.151643909940513,2.49293323885321));
#3002=CARTESIAN_POINT('Ctrl Pts',(-2.74772829654815,-0.724241143129817,
2.48402595370127));
#3003=CARTESIAN_POINT('Ctrl Pts',(-2.79411036706833,-0.706273340437534,
2.489923499504));
#3004=CARTESIAN_POINT('Ctrl Pts',(-2.83863291152799,-0.682991449049284,
2.49391707323296));
#3005=CARTESIAN_POINT('Ctrl Pts',(-2.95097623140107,-0.607674126939261,
2.5006513767226));
#3006=CARTESIAN_POINT('Ctrl Pts',(-3.01313951731696,-0.547153978350649,
2.50054436948179));
#3007=CARTESIAN_POINT('Ctrl Pts',(-3.09364572512775,-0.431282977653316,
2.49806369450708));
#3008=CARTESIAN_POINT('Ctrl Pts',(-3.11971658756382,-0.381050748915922,
2.49649805097069));
#3009=CARTESIAN_POINT('Ctrl Pts',(-3.15761226888591,-0.271051029827047,
2.49387666525589));
#3010=CARTESIAN_POINT('Ctrl Pts',(-3.16797947131935,-0.21181259038174,2.49293323885322));
#3011=CARTESIAN_POINT('Ctrl Pts',(-3.16797947131935,-0.151643909940513,
2.49293323885322));
#3012=CARTESIAN_POINT('',(-3.03733593517965,-0.168314873825643,2.77309920622466));
#3013=CARTESIAN_POINT('Ctrl Pts',(-3.16797947131936,-0.151643909940513,
2.49293323885321));
#3014=CARTESIAN_POINT('Ctrl Pts',(-3.1244030175798,-0.15626554200611,2.58638324546895));
#3015=CARTESIAN_POINT('Ctrl Pts',(-3.08094133214665,-0.16854861688769,2.67958713065736));
#3016=CARTESIAN_POINT('Ctrl Pts',(-3.03733593505339,-0.168314873825197,
2.77309920649542));
#3017=CARTESIAN_POINT('Origin',(-2.4935512628314,-0.168314873825193,2.519528249451));
#3018=CARTESIAN_POINT('Origin',(-3.,0.,0.499999999325291));
#3019=CARTESIAN_POINT('',(-1.63029143830925,-1.75,1.95736009759581));
#3020=CARTESIAN_POINT('Origin',(-3.,-1.75,0.499999999325291));
#3021=CARTESIAN_POINT('',(-1.63029143830936,-0.723440076460151,1.95736009759591));
#3022=CARTESIAN_POINT('',(-1.63029143830925,0.,1.95736009759581));
#3023=CARTESIAN_POINT('',(-1.35805224383199,-0.151693084422952,1.64193153751356));
#3024=CARTESIAN_POINT('Ctrl Pts',(-1.35805225261923,-0.151693082489346,
1.64193151866925));
#3025=CARTESIAN_POINT('Ctrl Pts',(-1.35805225261923,-0.218403601487992,
1.64193151866925));
#3026=CARTESIAN_POINT('Ctrl Pts',(-1.36530120373024,-0.283851515672124,
1.65253291207864));
#3027=CARTESIAN_POINT('Ctrl Pts',(-1.39446485358031,-0.413418332939265,
1.69286421883236));
#3028=CARTESIAN_POINT('Ctrl Pts',(-1.41730323407315,-0.475746067656729,
1.72362729948792));
#3029=CARTESIAN_POINT('Ctrl Pts',(-1.47570433938955,-0.584145795333607,
1.79561841416369));
#3030=CARTESIAN_POINT('Ctrl Pts',(-1.51118805382439,-0.63083511519847,1.83680166150052));
#3031=CARTESIAN_POINT('Ctrl Pts',(-1.57661497813298,-0.689919504839728,
1.90541336919563));
#3032=CARTESIAN_POINT('Ctrl Pts',(-1.60256944635591,-0.708440226149392,
1.93130541847384));
#3033=CARTESIAN_POINT('Ctrl Pts',(-1.63029143830937,-0.723440076460099,
1.95736009759593));
#3034=CARTESIAN_POINT('',(-1.35805225261923,19.25,1.64193151866926));
#3035=CARTESIAN_POINT('',(-1.35805225261923,0.,1.64193151866926));
#3036=CARTESIAN_POINT('',(-3.16797947131935,19.25,2.49293323885322));
#3037=CARTESIAN_POINT('Origin',(-3.,19.25,0.499999999325291));
#3038=CARTESIAN_POINT('',(-3.16797947131935,0.,2.49293323885322));
#3039=CARTESIAN_POINT('Origin',(-1.56180601022471,0.,2.03022810250933));
#3040=CARTESIAN_POINT('Ctrl Pts',(-1.64912017682474,-0.750000000000002,
2.07930427675219));
#3041=CARTESIAN_POINT('Ctrl Pts',(-1.65173822197223,-0.749999826750043,
2.07465696937817));
#3042=CARTESIAN_POINT('Ctrl Pts',(-1.65396300614972,-0.749863341456281,
2.06981042095031));
#3043=CARTESIAN_POINT('Ctrl Pts',(-1.65576973073317,-0.749589818379957,
2.06479796779978));
#3044=CARTESIAN_POINT('Ctrl Pts',(-1.65881609375249,-0.749128624353883,
2.05634634653233));
#3045=CARTESIAN_POINT('Ctrl Pts',(-1.66061998806325,-0.748287041422582,
2.04756646139096));
#3046=CARTESIAN_POINT('Ctrl Pts',(-1.66118226831169,-0.747072831025576,
2.03870068126146));
#3047=CARTESIAN_POINT('Ctrl Pts',(-1.66138621036054,-0.746632430430336,
2.03548501546258));
#3048=CARTESIAN_POINT('Ctrl Pts',(-1.66142669571831,-0.746142586139479,
2.03225775224953));
#3049=CARTESIAN_POINT('Ctrl Pts',(-1.66130359933088,-0.745602340125978,
2.02902955845071));
#3050=CARTESIAN_POINT('Ctrl Pts',(-1.66091305186039,-0.743888303520822,
2.01878747946921));
#3051=CARTESIAN_POINT('Ctrl Pts',(-1.65889054634762,-0.741703151444707,
2.00873350405298));
#3052=CARTESIAN_POINT('Ctrl Pts',(-1.65540847640544,-0.739048538854469,
1.99920469811562));
#3053=CARTESIAN_POINT('Ctrl Pts',(-1.65477460826863,-0.738565299182532,
1.99747009583427));
#3054=CARTESIAN_POINT('Ctrl Pts',(-1.65409250974138,-0.738066485176233,
1.99575286876594));
#3055=CARTESIAN_POINT('Ctrl Pts',(-1.65336341592117,-0.737552113269607,
1.99405502792731));
#3056=CARTESIAN_POINT('Ctrl Pts',(-1.6498352203294,-0.735062989588673,1.98583891856472));
#3057=CARTESIAN_POINT('Ctrl Pts',(-1.64526651377305,-0.732250434330416,
1.97821414072913));
#3058=CARTESIAN_POINT('Ctrl Pts',(-1.63983665017194,-0.72913274800323,1.97132876394621));
#3059=CARTESIAN_POINT('Ctrl Pts',(-1.63698571060921,-0.727495812723204,
1.96771360995397));
#3060=CARTESIAN_POINT('Ctrl Pts',(-1.63389804900511,-0.72577518877384,1.96430258994709));
#3061=CARTESIAN_POINT('Ctrl Pts',(-1.63060333257925,-0.723977462131747,
1.96111931373962));
#3062=CARTESIAN_POINT('Ctrl Pts',(-1.63021386682158,-0.723764954322806,
1.96074302123983));
#3063=CARTESIAN_POINT('Ctrl Pts',(-1.62982175409077,-0.72355150912499,1.96037016204952));
#3064=CARTESIAN_POINT('Ctrl Pts',(-1.62942704023748,-0.72333713692555,1.96000075347572));
#3065=CARTESIAN_POINT('',(-1.66087123307915,-1.77319098677777,2.016586928777));
#3066=CARTESIAN_POINT('Ctrl Pts',(-1.63029143830925,-1.75,1.95736009759581));
#3067=CARTESIAN_POINT('Ctrl Pts',(-1.63903561595704,-1.75,1.96557836499818));
#3068=CARTESIAN_POINT('Ctrl Pts',(-1.64646574962016,-1.75242697431546,1.97572856134962));
#3069=CARTESIAN_POINT('Ctrl Pts',(-1.65662290821374,-1.76096733968394,1.99647653411956));
#3070=CARTESIAN_POINT('Ctrl Pts',(-1.65955576799014,-1.76690058754391,2.00703373014766));
#3071=CARTESIAN_POINT('Ctrl Pts',(-1.66087123307917,-1.77319098677774,2.01658692877702));
#3072=CARTESIAN_POINT('Ctrl Pts',(-1.66087123307917,-1.77319098677775,2.01658692877699));
#3073=CARTESIAN_POINT('Ctrl Pts',(-1.66089064991836,-1.77309405920629,2.01672793816072));
#3074=CARTESIAN_POINT('Ctrl Pts',(-1.66090976922978,-1.77299736494917,2.01686901472334));
#3075=CARTESIAN_POINT('Ctrl Pts',(-1.66214167600737,-1.76668382027569,2.02610719619724));
#3076=CARTESIAN_POINT('Ctrl Pts',(-1.66220566580903,-1.76068750473009,2.03665956059251));
#3077=CARTESIAN_POINT('Ctrl Pts',(-1.65843161123723,-1.7523422680009,2.05816365971247));
#3078=CARTESIAN_POINT('Ctrl Pts',(-1.65459821956571,-1.75,2.06911879204852));
#3079=CARTESIAN_POINT('Ctrl Pts',(-1.64921308384627,-1.75,2.07880796954204));
#3080=CARTESIAN_POINT('Ctrl Pts',(-1.62939112964422,-0.750000000000002,
2.11809632484853));
#3081=CARTESIAN_POINT('Ctrl Pts',(-1.68982922376139,-0.750000000000002,
1.98535028242553));
#3082=CARTESIAN_POINT('Ctrl Pts',(-1.80104387074975,-0.750000000000002,
1.89605261956733));
#3083=CARTESIAN_POINT('Ctrl Pts',(-1.88148889880475,-0.750000000000002,
1.85531802231045));
#3084=CARTESIAN_POINT('Ctrl Pts',(-1.514334216874,-0.716546577285914,2.06435604113046));
#3085=CARTESIAN_POINT('Ctrl Pts',(-1.57407183657684,-0.716304682948276,
1.9338175892042));
#3086=CARTESIAN_POINT('Ctrl Pts',(-1.67279653056066,-0.727344850098511,
1.83791291251761));
#3087=CARTESIAN_POINT('Ctrl Pts',(-1.74454419687784,-0.741084363793991,
1.79191707393536));
#3088=CARTESIAN_POINT('Ctrl Pts',(-1.30523918877506,-0.563396000699263,
1.96644889494447));
#3089=CARTESIAN_POINT('Ctrl Pts',(-1.36106458939933,-0.563035299565993,
1.84596255450245));
#3090=CARTESIAN_POINT('Ctrl Pts',(-1.42728200101452,-0.580238086707978,
1.73983679172284));
#3091=CARTESIAN_POINT('Ctrl Pts',(-1.47542887121227,-0.603932225790292,
1.67346309881061));
#3092=CARTESIAN_POINT('Ctrl Pts',(-1.22458749769044,-0.301117607767681,
1.92814760925815));
#3093=CARTESIAN_POINT('Ctrl Pts',(-1.27298371683702,-0.301162265738908,
1.82437176328892));
#3094=CARTESIAN_POINT('Ctrl Pts',(-1.32027949161123,-0.297825719654025,
1.7235733654013));
#3095=CARTESIAN_POINT('Ctrl Pts',(-1.36101971171424,-0.302702079748163,
1.63556778210368));
#3096=CARTESIAN_POINT('Ctrl Pts',(-1.2247203573163,-0.16979684044037,1.92786269087105));
#3097=CARTESIAN_POINT('Ctrl Pts',(-1.26923278312669,-0.170048981955042,
1.83240548567199));
#3098=CARTESIAN_POINT('Ctrl Pts',(-1.31356588936913,-0.156587627225418,
1.73733283252739));
#3099=CARTESIAN_POINT('Ctrl Pts',(-1.35805225261923,-0.151693082489346,
1.64193151866925));
#3100=CARTESIAN_POINT('',(-1.22472035194687,-0.169796840440275,1.92786270238583));
#3101=CARTESIAN_POINT('Origin',(-1.76850502953829,-0.169796840440371,2.18143364791547));
#3102=CARTESIAN_POINT('Ctrl Pts',(-1.2247203573163,-0.16979684044037,1.92786269087105));
#3103=CARTESIAN_POINT('Ctrl Pts',(-1.26923278018957,-0.170048981938405,
1.83240549197066));
#3104=CARTESIAN_POINT('Ctrl Pts',(-1.31356588351856,-0.156587629001893,
1.73733284507399));
#3105=CARTESIAN_POINT('Ctrl Pts',(-1.35805224381303,-0.151693083458235,
1.64193153755421));
#3106=CARTESIAN_POINT('Origin',(-2.12995198876485,-1.875,2.34599723822191));
#3107=CARTESIAN_POINT('',(-1.38162956989786,-2.,2.06313056040168));
#3108=CARTESIAN_POINT('Ctrl Pts',(-1.38162956989786,-2.,2.06313056040168));
#3109=CARTESIAN_POINT('Ctrl Pts',(-1.46933414571796,-1.92435431644927,2.04504870812329));
#3110=CARTESIAN_POINT('Ctrl Pts',(-1.56554922446989,-1.84472650719874,2.02785009870754));
#3111=CARTESIAN_POINT('Ctrl Pts',(-1.66087123307913,-1.77319098677777,2.01658692877701));
#3112=CARTESIAN_POINT('',(-2.82441501346662,-2.,2.743138406224));
#3113=CARTESIAN_POINT('Origin',(-2.12995198876485,-2.,2.34599723822191));
#3114=CARTESIAN_POINT('Ctrl Pts',(-2.82441501346662,-2.,2.743138406224));
#3115=CARTESIAN_POINT('Ctrl Pts',(-2.78253968828199,-1.92435431644929,2.66398347496712));
#3116=CARTESIAN_POINT('Ctrl Pts',(-2.73456639486933,-1.84472650719874,2.57882658056497));
#3117=CARTESIAN_POINT('Ctrl Pts',(-2.6825835318772,-1.77319098677777,2.49813626963901));
#3118=CARTESIAN_POINT('Origin',(1.56415502089619,0.,2.03243243001337));
#3119=CARTESIAN_POINT('',(1.65136627120948,18.25,2.08136297077058));
#3120=CARTESIAN_POINT('',(1.63252859132982,18.2237693150734,1.95945945648099));
#3121=CARTESIAN_POINT('Ctrl Pts',(1.65127675543998,18.25,2.08179412657515));
#3122=CARTESIAN_POINT('Ctrl Pts',(1.65373956431866,18.249999870856,2.07745720479098));
#3123=CARTESIAN_POINT('Ctrl Pts',(1.65585979910244,18.2498832406031,2.07294536158771));
#3124=CARTESIAN_POINT('Ctrl Pts',(1.65761726765338,18.2496498349739,2.0682860115291));
#3125=CARTESIAN_POINT('Ctrl Pts',(1.66076324582234,18.2492320243602,2.05994548471965));
#3126=CARTESIAN_POINT('Ctrl Pts',(1.66269402485991,18.2484481516033,2.05126543992261));
#3127=CARTESIAN_POINT('Ctrl Pts',(1.66340519567282,18.2473057228512,2.04248155033625));
#3128=CARTESIAN_POINT('Ctrl Pts',(1.66367325725029,18.2468751072412,2.03917063929191));
#3129=CARTESIAN_POINT('Ctrl Pts',(1.66376790469336,18.2463931028966,2.03584465343171));
#3130=CARTESIAN_POINT('Ctrl Pts',(1.66368866397207,18.2458586129188,2.03251518279974));
#3131=CARTESIAN_POINT('Ctrl Pts',(1.66344362732004,18.2442058057186,2.0222194368322));
#3132=CARTESIAN_POINT('Ctrl Pts',(1.6615478744421,18.2420862129203,2.012088199554));
#3133=CARTESIAN_POINT('Ctrl Pts',(1.65816813762,18.2394981378147,2.00246601891419));
#3134=CARTESIAN_POINT('Ctrl Pts',(1.65757668726504,18.2390452274195,2.0007821475199));
#3135=CARTESIAN_POINT('Ctrl Pts',(1.65693991441945,18.238577945843,1.99911383497415));
#3136=CARTESIAN_POINT('Ctrl Pts',(1.65625888325118,18.2380962794386,1.9974629023176));
#3137=CARTESIAN_POINT('Ctrl Pts',(1.65284135155621,18.2356791944651,1.98917823791045));
#3138=CARTESIAN_POINT('Ctrl Pts',(1.64836800626538,18.2329399158926,1.98147061272703));
#3139=CARTESIAN_POINT('Ctrl Pts',(1.64301595561219,18.2298938423301,1.97449322577084));
#3140=CARTESIAN_POINT('Ctrl Pts',(1.64022635278794,18.2283061638937,1.97085646303818));
#3141=CARTESIAN_POINT('Ctrl Pts',(1.63719870797351,18.2266355467927,1.96741837831148));
#3142=CARTESIAN_POINT('Ctrl Pts',(1.63396180107235,18.2248879361705,1.96420280872827));
#3143=CARTESIAN_POINT('Ctrl Pts',(1.63320536311406,18.2244795342451,1.96345135712199));
#3144=CARTESIAN_POINT('Ctrl Pts',(1.63243846466121,18.2240674718704,1.96271307400144));
#3145=CARTESIAN_POINT('Ctrl Pts',(1.63166146088899,18.223651825143,1.96198808891068));
#3146=CARTESIAN_POINT('',(1.6325285913297,19.25,1.95945945648089));
#3147=CARTESIAN_POINT('',(1.6325285913297,0.,1.95945945648089));
#3148=CARTESIAN_POINT('',(1.66323790437475,19.2733762157079,2.01892013185325));
#3149=CARTESIAN_POINT('Ctrl Pts',(1.6325285913297,19.25,1.95945945648089));
#3150=CARTESIAN_POINT('Ctrl Pts',(1.64128536523635,19.25,1.96766430093895));
#3151=CARTESIAN_POINT('Ctrl Pts',(1.64873106021854,19.2524269743155,1.97780308777252));
#3152=CARTESIAN_POINT('Ctrl Pts',(1.65896879208538,19.2610082089294,1.99863466850261));
#3153=CARTESIAN_POINT('Ctrl Pts',(1.66192528531914,19.2670179342069,2.00929496821343));
#3154=CARTESIAN_POINT('Ctrl Pts',(1.66323790437478,19.2733762157078,2.01892013185326));
#3155=CARTESIAN_POINT('',(1.65136627120948,19.25,2.08136297077058));
#3156=CARTESIAN_POINT('Ctrl Pts',(1.66323790437477,19.2733762157079,2.01892013185323));
#3157=CARTESIAN_POINT('Ctrl Pts',(1.66326936346108,19.2732171548991,2.01915081481671));
#3158=CARTESIAN_POINT('Ctrl Pts',(1.66330002635028,19.2730587158314,2.01938167668435));
#3159=CARTESIAN_POINT('Ctrl Pts',(1.66450642876434,19.2666838202757,2.02871454946622));
#3160=CARTESIAN_POINT('Ctrl Pts',(1.66452803507518,19.2606875047301,2.03926708575816));
#3161=CARTESIAN_POINT('Ctrl Pts',(1.66066764094698,19.2523422680009,2.06075585315062));
#3162=CARTESIAN_POINT('Ctrl Pts',(1.65679027952604,19.25,2.0716955005224));
#3163=CARTESIAN_POINT('Ctrl Pts',(1.65136627120948,19.25,2.08136297077058));
#3164=CARTESIAN_POINT('',(1.65136627120948,0.,2.08136297077058));
#3165=CARTESIAN_POINT('Origin',(2.13102814793257,19.375,2.35048094493523));
#3166=CARTESIAN_POINT('',(1.38362508980892,19.5,2.06519395135259));
#3167=CARTESIAN_POINT('Ctrl Pts',(1.38362508980892,19.5,2.06519395135259));
#3168=CARTESIAN_POINT('Ctrl Pts',(1.47142311386969,19.4243973876422,2.04718253860128));
#3169=CARTESIAN_POINT('Ctrl Pts',(1.56776684636497,19.3448194546762,2.03006914384656));
#3170=CARTESIAN_POINT('Ctrl Pts',(1.66323790437473,19.2733762157079,2.01892013185325));
#3171=CARTESIAN_POINT('',(2.82788458634983,19.5,2.74340727929881));
#3172=CARTESIAN_POINT('Origin',(2.13102814793257,19.5,2.35048094493523));
#3173=CARTESIAN_POINT('',(2.68491751329213,19.2733762157079,2.49869314308719));
#3174=CARTESIAN_POINT('Ctrl Pts',(2.82788458634983,19.5,2.74340727929881));
#3175=CARTESIAN_POINT('Ctrl Pts',(2.78567213512666,19.4243973876422,2.66434393140608));
#3176=CARTESIAN_POINT('Ctrl Pts',(2.73731094643981,19.3448194546762,2.57927820093871));
#3177=CARTESIAN_POINT('Ctrl Pts',(2.68491751329215,19.2733762157079,2.49869314308721));
#3178=CARTESIAN_POINT('',(2.64444971862046,19.25,2.54770744100605));
#3179=CARTESIAN_POINT('Ctrl Pts',(2.64444971862046,19.25,2.54770744100605));
#3180=CARTESIAN_POINT('Ctrl Pts',(2.64842477141378,19.25,2.53735955221133));
#3181=CARTESIAN_POINT('Ctrl Pts',(2.65436652707021,19.2523422680009,2.52738932874708));
#3182=CARTESIAN_POINT('Ctrl Pts',(2.6684366407334,19.2606875047301,2.51069496837069));
#3183=CARTESIAN_POINT('Ctrl Pts',(2.67657059026038,19.2666838202757,2.50397221937062));
#3184=CARTESIAN_POINT('Ctrl Pts',(2.68452268165991,19.2730587159625,2.49894010578245));
#3185=CARTESIAN_POINT('Ctrl Pts',(2.68471991214296,19.2732171550288,2.49881626092177));
#3186=CARTESIAN_POINT('Ctrl Pts',(2.68491751329214,19.2733762157079,2.49869314308716));
#3187=CARTESIAN_POINT('Origin',(2.13102814793257,19.25,2.35048094493523));
#3188=CARTESIAN_POINT('Origin',(2.99999999999999,19.375,0.499999985831119));
#3189=CARTESIAN_POINT('',(2.75028485248492,19.25,2.48434933639959));
#3190=CARTESIAN_POINT('Origin',(2.99999999999999,19.25,0.499999985831119));
#3191=CARTESIAN_POINT('Ctrl Pts',(2.68491751329211,19.2733762157078,2.49869314308718));
#3192=CARTESIAN_POINT('Ctrl Pts',(2.69316235685766,19.2670179342069,2.49355609155363));
#3193=CARTESIAN_POINT('Ctrl Pts',(2.70325359496348,19.2610082089294,2.48902290772134));
#3194=CARTESIAN_POINT('Ctrl Pts',(2.72582177020429,19.2524269743155,2.48359673266043));
#3195=CARTESIAN_POINT('Ctrl Pts',(2.73837873315501,19.25,2.48285104259163));
#3196=CARTESIAN_POINT('Ctrl Pts',(2.75028485248492,19.25,2.48434933639959));
#3197=CARTESIAN_POINT('Origin',(2.99999999999999,19.5,0.499999985831119));
#3198=CARTESIAN_POINT('Origin',(2.99999999999999,0.,0.499999985831119));
#3199=CARTESIAN_POINT('',(1.35805225300172,17.6513721715587,1.641931517849));
#3200=CARTESIAN_POINT('Ctrl Pts',(1.35805225638605,17.6513721708868,1.64193151059129));
#3201=CARTESIAN_POINT('Ctrl Pts',(1.35805225638605,17.7180901496014,1.64193151059129));
#3202=CARTESIAN_POINT('Ctrl Pts',(1.36530500397391,17.7835333961839,1.65253914764131));
#3203=CARTESIAN_POINT('Ctrl Pts',(1.39447878725668,17.9129073333786,1.69288240186797));
#3204=CARTESIAN_POINT('Ctrl Pts',(1.41727749118522,17.9750358135382,1.72358999156389));
#3205=CARTESIAN_POINT('Ctrl Pts',(1.47587910775135,18.0837433621882,1.79583933145286));
#3206=CARTESIAN_POINT('Ctrl Pts',(1.51176111324409,18.1307800975744,1.83746913944795));
#3207=CARTESIAN_POINT('Ctrl Pts',(1.57802738838125,18.1901842064961,1.90685445278354));
#3208=CARTESIAN_POINT('Ctrl Pts',(1.60437758369554,18.2087834124267,1.93308277467565));
#3209=CARTESIAN_POINT('Ctrl Pts',(1.63252859132983,18.2237693150734,1.95945945648101));
#3210=CARTESIAN_POINT('',(1.35805225638605,-1.75,1.64193151059129));
#3211=CARTESIAN_POINT('',(1.35805225638605,0.,1.64193151059129));
#3212=CARTESIAN_POINT('',(3.16797947786922,-1.75,2.49293322480697));
#3213=CARTESIAN_POINT('Origin',(2.99999999999999,-1.75,0.499999985831119));
#3214=CARTESIAN_POINT('',(3.16797947786923,17.6516502438424,2.49293322480697));
#3215=CARTESIAN_POINT('',(3.16797947786922,0.,2.49293322480697));
#3216=CARTESIAN_POINT('',(2.75028485248465,18.2236727609682,2.48434933639956));
#3217=CARTESIAN_POINT('Ctrl Pts',(2.75028485248462,18.2236727609681,2.48434933639956));
#3218=CARTESIAN_POINT('Ctrl Pts',(2.79642608514032,18.2055382769486,2.49015585666569));
#3219=CARTESIAN_POINT('Ctrl Pts',(2.84069496000843,18.1821400801837,2.49407756128545));
#3220=CARTESIAN_POINT('Ctrl Pts',(2.9523792788717,18.1066323229014,2.5006707142858));
#3221=CARTESIAN_POINT('Ctrl Pts',(3.01416082301964,18.0461110462826,2.50052985042145));
#3222=CARTESIAN_POINT('Ctrl Pts',(3.09412610918088,17.9304641083351,2.49803745798543));
#3223=CARTESIAN_POINT('Ctrl Pts',(3.12001335251696,17.8803876300642,2.49647908206697));
#3224=CARTESIAN_POINT('Ctrl Pts',(3.15767227142464,17.7707177642516,2.49387079975305));
#3225=CARTESIAN_POINT('Ctrl Pts',(3.16797947786922,17.7116468225343,2.49293322480697));
#3226=CARTESIAN_POINT('Ctrl Pts',(3.16797947786922,17.6516502438424,2.49293322480697));
#3227=CARTESIAN_POINT('',(2.75028485248492,0.,2.4843493363996));
#3228=CARTESIAN_POINT('Origin',(2.73779909510917,0.,2.58356680392802));
#3229=CARTESIAN_POINT('',(2.64444971862046,18.25,2.54770744100605));
#3230=CARTESIAN_POINT('Ctrl Pts',(2.74895499796959,18.2235539547238,2.48645936441946));
#3231=CARTESIAN_POINT('Ctrl Pts',(2.74805762494368,18.2239091635201,2.48634458847526));
#3232=CARTESIAN_POINT('Ctrl Pts',(2.74715750245483,18.2242617767303,2.4862416142524));
#3233=CARTESIAN_POINT('Ctrl Pts',(2.74625483191177,18.2246117459272,2.48615055957278));
#3234=CARTESIAN_POINT('Ctrl Pts',(2.73757655910448,18.2279763490912,2.4852751600638));
#3235=CARTESIAN_POINT('Ctrl Pts',(2.72875509628111,18.2310588201954,2.48550890096068));
#3236=CARTESIAN_POINT('Ctrl Pts',(2.72003696443457,18.2338253596056,2.48690084772331));
#3237=CARTESIAN_POINT('Ctrl Pts',(2.71584344947645,18.235156094745,2.48757038905083));
#3238=CARTESIAN_POINT('Ctrl Pts',(2.71167331132211,18.236414330781,2.48850776008477));
#3239=CARTESIAN_POINT('Ctrl Pts',(2.70755084690286,18.2375989026927,2.48971716567164));
#3240=CARTESIAN_POINT('Ctrl Pts',(2.69776919644833,18.2404096166735,2.49258680419495));
#3241=CARTESIAN_POINT('Ctrl Pts',(2.68845092706028,18.2427500869741,2.49693725225741));
#3242=CARTESIAN_POINT('Ctrl Pts',(2.67997106658745,18.244623341124,2.50268946669302));
#3243=CARTESIAN_POINT('Ctrl Pts',(2.67785803769068,18.2450901224068,2.50412281519701));
#3244=CARTESIAN_POINT('Ctrl Pts',(2.67579693826943,18.2455278704197,2.50564297674882));
#3245=CARTESIAN_POINT('Ctrl Pts',(2.67379339323199,18.2459364886839,2.50724829229825));
#3246=CARTESIAN_POINT('Ctrl Pts',(2.66689677200138,18.2473430382465,2.51277412430761));
#3247=CARTESIAN_POINT('Ctrl Pts',(2.66080312835116,18.2483815787077,2.51922323709078));
#3248=CARTESIAN_POINT('Ctrl Pts',(2.65567774500851,18.2490609533502,2.5264443632377));
#3249=CARTESIAN_POINT('Ctrl Pts',(2.65371238408619,18.2493214638886,2.52921335010083));
#3250=CARTESIAN_POINT('Ctrl Pts',(2.65188965212154,18.2495287465802,2.5320957161268));
#3251=CARTESIAN_POINT('Ctrl Pts',(2.65022010016378,18.2496816083482,2.53508254127587));
#3252=CARTESIAN_POINT('Ctrl Pts',(2.64790564810938,18.2498935162383,2.53922309142186));
#3253=CARTESIAN_POINT('Ctrl Pts',(2.64589899909581,18.2499999502256,2.54353796404522));
#3254=CARTESIAN_POINT('Ctrl Pts',(2.6442129924033,18.25,2.54799471651586));
#3255=CARTESIAN_POINT('',(2.64444971862046,0.,2.54770744100605));
#3256=CARTESIAN_POINT('Ctrl Pts',(2.6675771001224,18.25,2.22958751292179));
#3257=CARTESIAN_POINT('Ctrl Pts',(2.68708978336139,18.25,2.31618865883952));
#3258=CARTESIAN_POINT('Ctrl Pts',(2.68946210991099,18.25,2.45432631955881));
#3259=CARTESIAN_POINT('Ctrl Pts',(2.62949743080272,18.25,2.58292098889261));
#3260=CARTESIAN_POINT('Ctrl Pts',(2.80421553578058,18.241141397088,2.29374727654696));
#3261=CARTESIAN_POINT('Ctrl Pts',(2.81436609933263,18.2277404668457,2.37713041748198));
#3262=CARTESIAN_POINT('Ctrl Pts',(2.80421902516949,18.2170470982087,2.51021825814806));
#3263=CARTESIAN_POINT('Ctrl Pts',(2.7451659045447,18.2170470982087,2.6368580840056));
#3264=CARTESIAN_POINT('Ctrl Pts',(3.06791202704931,18.1038182067683,2.42359704179741));
#3265=CARTESIAN_POINT('Ctrl Pts',(3.04812435608858,18.0806862962428,2.50198682007103));
#3266=CARTESIAN_POINT('Ctrl Pts',(3.0103818862359,18.0640054107267,2.61766503845745));
#3267=CARTESIAN_POINT('Ctrl Pts',(2.95566130590693,18.0640054107267,2.73501370166722));
#3268=CARTESIAN_POINT('Ctrl Pts',(3.17088075573636,17.8027061403655,2.48671141434257));
#3269=CARTESIAN_POINT('Ctrl Pts',(3.13041517290898,17.7978844352011,2.57286789143859));
#3270=CARTESIAN_POINT('Ctrl Pts',(3.08466040725858,17.8008641052342,2.67161154834192));
#3271=CARTESIAN_POINT('Ctrl Pts',(3.03733593496922,17.8008641052342,2.77309920667593));
#3272=CARTESIAN_POINT('Ctrl Pts',(3.16797947786923,17.6516502438424,2.49293322480697));
#3273=CARTESIAN_POINT('Ctrl Pts',(3.12439853255504,17.6563367778157,2.58639286363558));
#3274=CARTESIAN_POINT('Ctrl Pts',(3.08094661068432,17.6690524980689,2.6795758107968));
#3275=CARTESIAN_POINT('Ctrl Pts',(3.03733593496922,17.6690524980689,2.77309920667593));
#3276=CARTESIAN_POINT('',(3.03733593496922,17.6690524980689,2.77309920667593));
#3277=CARTESIAN_POINT('Ctrl Pts',(3.16797947786923,17.6516502438424,2.49293322480697));
#3278=CARTESIAN_POINT('Ctrl Pts',(3.12439853255504,17.6563367778157,2.58639286363558));
#3279=CARTESIAN_POINT('Ctrl Pts',(3.08094661068432,17.6690524980689,2.6795758107968));
#3280=CARTESIAN_POINT('Ctrl Pts',(3.03733593496922,17.6690524980689,2.77309920667593));
#3281=CARTESIAN_POINT('',(2.62949743080272,18.25,2.58292098889261));
#3282=CARTESIAN_POINT('Origin',(2.49355126274723,17.6690524980689,2.51952824963151));
#3283=CARTESIAN_POINT('Origin',(2.13102814793257,18.25,2.35048094493523));
#3284=CARTESIAN_POINT('Origin',(-6.09999999999997,17.,-3.15034123193783));
#3285=CARTESIAN_POINT('',(-6.59999999999997,17.,-1.16759331478133));
#3286=CARTESIAN_POINT('',(-6.28092235290676,16.5338808068544,-1.46698610591262));
#3287=CARTESIAN_POINT('Ctrl Pts',(-6.59999999999997,17.,-1.16759331478133));
#3288=CARTESIAN_POINT('Ctrl Pts',(-6.59999999999997,16.9503847229074,-1.20602514316075));
#3289=CARTESIAN_POINT('Ctrl Pts',(-6.59224794593496,16.8964383363597,-1.2478587210188));
#3290=CARTESIAN_POINT('Ctrl Pts',(-6.5579064712615,16.7917819601925,-1.32676499263744));
#3291=CARTESIAN_POINT('Ctrl Pts',(-6.53129681916576,16.741049525691,-1.36379910417286));
#3292=CARTESIAN_POINT('Ctrl Pts',(-6.4749153696785,16.6670553789492,-1.41319979056314));
#3293=CARTESIAN_POINT('Ctrl Pts',(-6.44570646083236,16.6361685757685,-1.43237315544764));
#3294=CARTESIAN_POINT('Ctrl Pts',(-6.37779552278883,16.5820096565501,-1.45963199330898));
#3295=CARTESIAN_POINT('Ctrl Pts',(-6.33901713502329,16.5587709042801,-1.46759331478133));
#3296=CARTESIAN_POINT('Ctrl Pts',(-6.29375584443681,16.5390172575978,-1.46759331478133));
#3297=CARTESIAN_POINT('Ctrl Pts',(-6.28738587020769,16.5363895959696,-1.46739796854158));
#3298=CARTESIAN_POINT('Ctrl Pts',(-6.28092235290676,16.5338808068544,-1.46698610591262));
#3299=CARTESIAN_POINT('',(-6.59999999999997,17.,-2.77249241817255));
#3300=CARTESIAN_POINT('',(-6.59999999999997,17.,-3.15034123193783));
#3301=CARTESIAN_POINT('',(-6.3287501037478,16.5553952429007,-2.47387320992484));
#3302=CARTESIAN_POINT('Ctrl Pts',(-6.3287501037478,16.5553952429007,-2.47387320992484));
#3303=CARTESIAN_POINT('Ctrl Pts',(-6.35788106075161,16.5703831829317,-2.47667784543723));
#3304=CARTESIAN_POINT('Ctrl Pts',(-6.3861625213157,16.5886823312381,-2.48381217736937));
#3305=CARTESIAN_POINT('Ctrl Pts',(-6.44570646083236,16.6361685757685,-2.50771257750624));
#3306=CARTESIAN_POINT('Ctrl Pts',(-6.47491536967851,16.6670553789492,-2.52688594239074));
#3307=CARTESIAN_POINT('Ctrl Pts',(-6.53129681916576,16.7410495256911,-2.57628662878101));
#3308=CARTESIAN_POINT('Ctrl Pts',(-6.5579064712615,16.7917819601925,-2.61332074031644));
#3309=CARTESIAN_POINT('Ctrl Pts',(-6.59224794593496,16.8964383363597,-2.69222701193507));
#3310=CARTESIAN_POINT('Ctrl Pts',(-6.59999999999997,16.9503847229074,-2.73406058979313));
#3311=CARTESIAN_POINT('Ctrl Pts',(-6.59999999999997,17.,-2.77249241817255));
#3312=CARTESIAN_POINT('',(-6.09999999999997,16.5,-2.45948584260847));
#3313=CARTESIAN_POINT('Ctrl Pts',(-6.09999999999997,16.5,-2.45948584260847));
#3314=CARTESIAN_POINT('Ctrl Pts',(-6.16298296935073,16.5,-2.46135349583115));
#3315=CARTESIAN_POINT('Ctrl Pts',(-6.23004212766865,16.5126221397937,-2.46524137569512));
#3316=CARTESIAN_POINT('Ctrl Pts',(-6.30424977554525,16.5434166788473,-2.4715791414627));
#3317=CARTESIAN_POINT('Ctrl Pts',(-6.31664138160589,16.5491652793162,-2.47270742013176));
#3318=CARTESIAN_POINT('Ctrl Pts',(-6.3287501037478,16.5553952429007,-2.47387320992484));
#3319=CARTESIAN_POINT('',(-6.09999999999997,16.5,-1.45914497660339));
#3320=CARTESIAN_POINT('',(-6.09999999999997,16.5,-3.15034123193783));
#3321=CARTESIAN_POINT('Ctrl Pts',(-6.28092235290676,16.5338808068544,-1.46698610591262));
#3322=CARTESIAN_POINT('Ctrl Pts',(-6.22230978125768,16.5111305650094,-1.46325124751696));
#3323=CARTESIAN_POINT('Ctrl Pts',(-6.15931069718177,16.5,-1.46050878211764));
#3324=CARTESIAN_POINT('Ctrl Pts',(-6.09999999999997,16.5,-1.45914497660339));
#3325=CARTESIAN_POINT('Origin',(0.00621491712461508,16.5,-2.61955154371615));
#3326=CARTESIAN_POINT('',(-4.5435239520255,16.5,-2.77875671409433));
#3327=CARTESIAN_POINT('Origin',(-5.99756969277575,16.5,-5.91374856233315));
#3328=CARTESIAN_POINT('',(-4.04127865018519,16.5,-2.99640943678538));
#3329=CARTESIAN_POINT('Origin',(0.,16.5,7.01736256658427));
#3330=CARTESIAN_POINT('',(-4.02664003598684,16.5,-3.00277513818577));
#3331=CARTESIAN_POINT('Origin',(-4.15355200294776,16.5,-3.27460845594154));
#3332=CARTESIAN_POINT('',(-2.40962685149644,16.5,-2.48023002036996));
#3333=CARTESIAN_POINT('Origin',(1.54074395550979E-32,16.5,-12.7));
#3334=CARTESIAN_POINT('',(-4.1227679248814,16.5,-1.87158287981409));
#3335=CARTESIAN_POINT('Origin',(0.,16.5,7.01736256658427));
#3336=CARTESIAN_POINT('Origin',(-5.99756969277574,16.5,-5.91374856233321));
#3337=CARTESIAN_POINT('Origin',(1.54074395550979E-32,17.,-12.7));
#3338=CARTESIAN_POINT('',(-0.895238600985535,17.,-2.74015322169535));
#3339=CARTESIAN_POINT('Ctrl Pts',(-2.40962685149645,16.5,-2.48023002036996));
#3340=CARTESIAN_POINT('Ctrl Pts',(-2.08517036310296,16.5,-2.56254762448041));
#3341=CARTESIAN_POINT('Ctrl Pts',(-1.73994912050728,16.5719247406534,-2.62933191287073));
#3342=CARTESIAN_POINT('Ctrl Pts',(-1.28273616737251,16.7147400631123,-2.69862027770833));
#3343=CARTESIAN_POINT('Ctrl Pts',(-1.10623009460135,16.7864639487983,-2.7190731208605));
#3344=CARTESIAN_POINT('Ctrl Pts',(-0.970855366555735,16.8799521085827,-2.73296446353654));
#3345=CARTESIAN_POINT('Ctrl Pts',(-0.943725379963078,16.9024830208235,-2.73560264851503));
#3346=CARTESIAN_POINT('Ctrl Pts',(-0.913886540993879,16.9403067969345,-2.73842991111625));
#3347=CARTESIAN_POINT('Ctrl Pts',(-0.904765681697709,16.9552520159276,-2.73927580277702));
#3348=CARTESIAN_POINT('Ctrl Pts',(-0.896783733890092,16.9809578434447,-2.74001175038465));
#3349=CARTESIAN_POINT('Ctrl Pts',(-0.895238600985547,16.9903399354913,-2.74015322169535));
#3350=CARTESIAN_POINT('Ctrl Pts',(-0.895238600985547,17.,-2.74015322169535));
#3351=CARTESIAN_POINT('',(-4.03257476014346,17.,-3.54913442324422));
#3352=CARTESIAN_POINT('Ctrl Pts',(-4.03257476014345,17.,-3.54913442324422));
#3353=CARTESIAN_POINT('Ctrl Pts',(-4.031861975517,16.9989794386064,-3.54882031554916));
#3354=CARTESIAN_POINT('Ctrl Pts',(-4.03115041189344,16.9979588738767,-3.54850343079518));
#3355=CARTESIAN_POINT('Ctrl Pts',(-3.98833455892801,16.9364437050323,-3.52923582378836));
#3356=CARTESIAN_POINT('Ctrl Pts',(-3.95005462562368,16.875297636119,-3.50032049892635));
#3357=CARTESIAN_POINT('Ctrl Pts',(-3.89115905602388,16.7622084528251,-3.42699096817636));
#3358=CARTESIAN_POINT('Ctrl Pts',(-3.87100050654282,16.7126333347455,-3.38543238471158));
#3359=CARTESIAN_POINT('Ctrl Pts',(-3.85333143035659,16.6378456506065,-3.30700493999873));
#3360=CARTESIAN_POINT('Ctrl Pts',(-3.85101440839515,16.6081723992233,-3.26998678034732));
#3361=CARTESIAN_POINT('Ctrl Pts',(-3.86121544131426,16.5630920080844,-3.20050657819459));
#3362=CARTESIAN_POINT('Ctrl Pts',(-3.87058168868743,16.54631490515,-3.16927717776771));
#3363=CARTESIAN_POINT('Ctrl Pts',(-3.90009087183918,16.5213637766098,-3.11114413929828));
#3364=CARTESIAN_POINT('Ctrl Pts',(-3.91868133724599,16.5129722575464,-3.08511408799798));
#3365=CARTESIAN_POINT('Ctrl Pts',(-3.96535210726259,16.5022437133412,-3.03864844005175));
#3366=CARTESIAN_POINT('Ctrl Pts',(-3.99266062936802,16.5001666389085,-3.01919151557661));
#3367=CARTESIAN_POINT('Ctrl Pts',(-4.02409937784015,16.5000032224721,-3.00397218369484));
#3368=CARTESIAN_POINT('Ctrl Pts',(-4.02536783250469,16.5,-3.0033690971884));
#3369=CARTESIAN_POINT('Ctrl Pts',(-4.02664003598686,16.5,-3.00277513818576));
#3370=CARTESIAN_POINT('Origin',(1.54074395550979E-32,17.,-12.7));
#3371=CARTESIAN_POINT('Origin',(1.54074395550979E-32,17.,-12.7));
#3372=CARTESIAN_POINT('',(4.03257476014346,17.,-3.54913442324422));
#3373=CARTESIAN_POINT('',(4.02664003598684,16.5,-3.00277513818577));
#3374=CARTESIAN_POINT('Ctrl Pts',(4.02664003598686,16.5,-3.00277513818576));
#3375=CARTESIAN_POINT('Ctrl Pts',(4.02536783250469,16.5,-3.0033690971884));
#3376=CARTESIAN_POINT('Ctrl Pts',(4.02409937784016,16.5000032224721,-3.00397218369484));
#3377=CARTESIAN_POINT('Ctrl Pts',(3.99266062936804,16.5001666389085,-3.0191915155766));
#3378=CARTESIAN_POINT('Ctrl Pts',(3.96535210726259,16.5022437133412,-3.03864844005175));
#3379=CARTESIAN_POINT('Ctrl Pts',(3.91868133724598,16.5129722575464,-3.08511408799799));
#3380=CARTESIAN_POINT('Ctrl Pts',(3.90009087183918,16.5213637766098,-3.1111441392983));
#3381=CARTESIAN_POINT('Ctrl Pts',(3.87058168868744,16.54631490515,-3.16927717776771));
#3382=CARTESIAN_POINT('Ctrl Pts',(3.86121544131427,16.5630920080844,-3.20050657819457));
#3383=CARTESIAN_POINT('Ctrl Pts',(3.85101440839515,16.6081723992233,-3.26998678034732));
#3384=CARTESIAN_POINT('Ctrl Pts',(3.85333143035659,16.6378456506065,-3.30700493999873));
#3385=CARTESIAN_POINT('Ctrl Pts',(3.87100050654279,16.7126333347453,-3.38543238471141));
#3386=CARTESIAN_POINT('Ctrl Pts',(3.89115905602377,16.7622084528249,-3.42699096817622));
#3387=CARTESIAN_POINT('Ctrl Pts',(3.95005462562366,16.8752976361189,-3.50032049892633));
#3388=CARTESIAN_POINT('Ctrl Pts',(3.98833455892784,16.9364437050337,-3.52923582378829));
#3389=CARTESIAN_POINT('Ctrl Pts',(4.03115041189347,16.9979588738766,-3.54850343079519));
#3390=CARTESIAN_POINT('Ctrl Pts',(4.03186197551701,16.9989794386064,-3.54882031554917));
#3391=CARTESIAN_POINT('Ctrl Pts',(4.03257476014346,17.,-3.54913442324422));
#3392=CARTESIAN_POINT('',(2.40962685149644,16.5,-2.48023002036996));
#3393=CARTESIAN_POINT('Origin',(1.54074395550979E-32,16.5,-12.7));
#3394=CARTESIAN_POINT('',(0.895238600985535,17.,-2.74015322169535));
#3395=CARTESIAN_POINT('Ctrl Pts',(0.895238600985535,17.,-2.74015322169535));
#3396=CARTESIAN_POINT('Ctrl Pts',(0.895238600985535,16.9923657276268,-2.74015322169535));
#3397=CARTESIAN_POINT('Ctrl Pts',(0.896205271209736,16.9847473251325,-2.74006467331511));
#3398=CARTESIAN_POINT('Ctrl Pts',(0.901478058245781,16.9638441920626,-2.7395793291131));
#3399=CARTESIAN_POINT('Ctrl Pts',(0.907561795704564,16.9513127563214,-2.73901774460355));
#3400=CARTESIAN_POINT('Ctrl Pts',(0.927872356868571,16.9203978985685,-2.73711239093797));
#3401=CARTESIAN_POINT('Ctrl Pts',(0.945415530195531,16.902789375493,-2.73543585536542));
#3402=CARTESIAN_POINT('Ctrl Pts',(1.00338127289538,16.8538514717835,-2.72970976264423));
#3403=CARTESIAN_POINT('Ctrl Pts',(1.05752059143705,16.822209404892,-2.72406337594534));
#3404=CARTESIAN_POINT('Ctrl Pts',(1.25406145045025,16.7243902332694,-2.70158503697562));
#3405=CARTESIAN_POINT('Ctrl Pts',(1.46007115620831,16.6517131633922,-2.67447694687102));
#3406=CARTESIAN_POINT('Ctrl Pts',(1.92093135293141,16.5383151577779,-2.59393609363735));
#3407=CARTESIAN_POINT('Ctrl Pts',(2.17214411033213,16.5,-2.54048158250399));
#3408=CARTESIAN_POINT('Ctrl Pts',(2.40962685149645,16.5,-2.48023002036996));
#3409=CARTESIAN_POINT('Origin',(1.54074395550979E-32,17.,-12.7));
#3410=CARTESIAN_POINT('Origin',(0.00621491712461508,16.5,-2.61955154371615));
#3411=CARTESIAN_POINT('',(4.04127865018519,16.5,-2.99640943678538));
#3412=CARTESIAN_POINT('Origin',(4.15355200294776,16.5,-3.27460845594154));
#3413=CARTESIAN_POINT('',(4.54352584051509,16.5,-2.77875583819318));
#3414=CARTESIAN_POINT('Origin',(0.,16.5,7.01736256658427));
#3415=CARTESIAN_POINT('',(6.10000000000001,16.5,-2.45948584258758));
#3416=CARTESIAN_POINT('Origin',(5.99756969277562,16.5,-5.91374856233339));
#3417=CARTESIAN_POINT('',(6.10000000000001,16.5,-1.45914497656522));
#3418=CARTESIAN_POINT('',(6.10000000000001,16.5,-1.30977577185808));
#3419=CARTESIAN_POINT('',(4.12276601870899,16.5,-1.87158376389827));
#3420=CARTESIAN_POINT('Origin',(5.99756969277561,16.5,-5.91374856233306));
#3421=CARTESIAN_POINT('Origin',(0.,16.5,7.01736256658427));
#3422=CARTESIAN_POINT('Origin',(6.10000000000001,17.,-1.30977577185808));
#3423=CARTESIAN_POINT('',(6.60000000000001,17.,-2.77249241815158));
#3424=CARTESIAN_POINT('',(6.32875010374766,16.5553952429006,-2.47387320990386));
#3425=CARTESIAN_POINT('Ctrl Pts',(6.60000000000001,17.,-2.77249241815158));
#3426=CARTESIAN_POINT('Ctrl Pts',(6.60000000000001,16.9503847229074,-2.73406058977216));
#3427=CARTESIAN_POINT('Ctrl Pts',(6.592247945935,16.8964383363597,-2.6922270119141));
#3428=CARTESIAN_POINT('Ctrl Pts',(6.55790647126154,16.7917819601925,-2.61332074029547));
#3429=CARTESIAN_POINT('Ctrl Pts',(6.5312968191658,16.7410495256911,-2.57628662876005));
#3430=CARTESIAN_POINT('Ctrl Pts',(6.47491536967855,16.6670553789492,-2.52688594236977));
#3431=CARTESIAN_POINT('Ctrl Pts',(6.4457064608324,16.6361685757685,-2.50771257748527));
#3432=CARTESIAN_POINT('Ctrl Pts',(6.38616252131569,16.588682331238,-2.48381217734839));
#3433=CARTESIAN_POINT('Ctrl Pts',(6.35788106075153,16.5703831829316,-2.47667784541623));
#3434=CARTESIAN_POINT('Ctrl Pts',(6.32875010374766,16.5553952429006,-2.47387320990386));
#3435=CARTESIAN_POINT('',(6.60000000000001,17.,-1.16759331474309));
#3436=CARTESIAN_POINT('',(6.60000000000001,17.,-1.30977577185809));
#3437=CARTESIAN_POINT('',(6.28092235290695,16.5338808068545,-1.46698610587439));
#3438=CARTESIAN_POINT('Ctrl Pts',(6.28092235290751,16.5338808068547,-1.46698610587443));
#3439=CARTESIAN_POINT('Ctrl Pts',(6.2873858702082,16.5363895959698,-1.46739796850336));
#3440=CARTESIAN_POINT('Ctrl Pts',(6.29375584443709,16.5390172575979,-1.46759331474309));
#3441=CARTESIAN_POINT('Ctrl Pts',(6.33901713502334,16.5587709042801,-1.46759331474309));
#3442=CARTESIAN_POINT('Ctrl Pts',(6.37779552278888,16.5820096565501,-1.45963199327075));
#3443=CARTESIAN_POINT('Ctrl Pts',(6.44570646083241,16.6361685757685,-1.4323731554094));
#3444=CARTESIAN_POINT('Ctrl Pts',(6.47491536967855,16.6670553789492,-1.4131997905249));
#3445=CARTESIAN_POINT('Ctrl Pts',(6.53129681916581,16.7410495256911,-1.36379910413463));
#3446=CARTESIAN_POINT('Ctrl Pts',(6.55790647126154,16.7917819601925,-1.3267649925992));
#3447=CARTESIAN_POINT('Ctrl Pts',(6.59224794593501,16.8964383363597,-1.24785872098057));
#3448=CARTESIAN_POINT('Ctrl Pts',(6.60000000000001,16.9503847229074,-1.20602514312251));
#3449=CARTESIAN_POINT('Ctrl Pts',(6.60000000000001,17.,-1.16759331474309));
#3450=CARTESIAN_POINT('Ctrl Pts',(6.10000000000001,16.5,-1.45914497656522));
#3451=CARTESIAN_POINT('Ctrl Pts',(6.15931069718186,16.5,-1.46050878207946));
#3452=CARTESIAN_POINT('Ctrl Pts',(6.22230978125782,16.5111305650094,-1.46325124747876));
#3453=CARTESIAN_POINT('Ctrl Pts',(6.28092235290694,16.5338808068545,-1.46698610587439));
#3454=CARTESIAN_POINT('Ctrl Pts',(6.32875010374766,16.5553952429006,-2.47387320990386));
#3455=CARTESIAN_POINT('Ctrl Pts',(6.31664138160581,16.5491652793161,-2.47270742011079));
#3456=CARTESIAN_POINT('Ctrl Pts',(6.30424977554523,16.5434166788473,-2.47157914144174));
#3457=CARTESIAN_POINT('Ctrl Pts',(6.23004212766869,16.5126221397937,-2.4652413756742));
#3458=CARTESIAN_POINT('Ctrl Pts',(6.16298296935077,16.5,-2.46135349581025));
#3459=CARTESIAN_POINT('Ctrl Pts',(6.10000000000001,16.5,-2.45948584258758));
#3460=CARTESIAN_POINT('Origin',(6.10000000000001,0.5,-1.30977577185808));
#3461=CARTESIAN_POINT('',(6.60000000000001,0.5,-1.16759331474309));
#3462=CARTESIAN_POINT('',(6.28092235290695,0.966119193145505,-1.46698610587439));
#3463=CARTESIAN_POINT('Ctrl Pts',(6.60000000000001,0.5,-1.16759331474309));
#3464=CARTESIAN_POINT('Ctrl Pts',(6.60000000000001,0.549615277092598,-1.20602514312251));
#3465=CARTESIAN_POINT('Ctrl Pts',(6.59224794593501,0.603561663640304,-1.24785872098057));
#3466=CARTESIAN_POINT('Ctrl Pts',(6.55790647126154,0.708218039807491,-1.32676499259921));
#3467=CARTESIAN_POINT('Ctrl Pts',(6.53129681916581,0.75895047430895,-1.36379910413463));
#3468=CARTESIAN_POINT('Ctrl Pts',(6.47491536967855,0.832944621050797,-1.4131997905249));
#3469=CARTESIAN_POINT('Ctrl Pts',(6.44570646083241,0.863831424231466,-1.4323731554094));
#3470=CARTESIAN_POINT('Ctrl Pts',(6.37779552278888,0.917990343449882,-1.45963199327075));
#3471=CARTESIAN_POINT('Ctrl Pts',(6.33901713502334,0.941229095719896,-1.46759331474309));
#3472=CARTESIAN_POINT('Ctrl Pts',(6.29375584443691,0.960982742402156,-1.46759331474309));
#3473=CARTESIAN_POINT('Ctrl Pts',(6.28738587020783,0.963610404030347,-1.46739796850335));
#3474=CARTESIAN_POINT('Ctrl Pts',(6.28092235290695,0.966119193145505,-1.46698610587439));
#3475=CARTESIAN_POINT('',(6.60000000000001,0.5,-2.77249241815158));
#3476=CARTESIAN_POINT('',(6.60000000000001,0.5,-1.30977577185809));
#3477=CARTESIAN_POINT('',(6.32875010374766,0.944604757099422,-2.47387320990386));
#3478=CARTESIAN_POINT('Ctrl Pts',(6.32875010374766,0.944604757099422,-2.47387320990386));
#3479=CARTESIAN_POINT('Ctrl Pts',(6.35788106075153,0.929616817068421,-2.47667784541623));
#3480=CARTESIAN_POINT('Ctrl Pts',(6.3861625213157,0.911317668761981,-2.48381217734839));
#3481=CARTESIAN_POINT('Ctrl Pts',(6.4457064608324,0.863831424231467,-2.50771257748527));
#3482=CARTESIAN_POINT('Ctrl Pts',(6.47491536967855,0.832944621050798,-2.52688594236977));
#3483=CARTESIAN_POINT('Ctrl Pts',(6.5312968191658,0.758950474308951,-2.57628662876005));
#3484=CARTESIAN_POINT('Ctrl Pts',(6.55790647126154,0.708218039807493,-2.61332074029547));
#3485=CARTESIAN_POINT('Ctrl Pts',(6.592247945935,0.603561663640304,-2.6922270119141));
#3486=CARTESIAN_POINT('Ctrl Pts',(6.60000000000001,0.549615277092598,-2.73406058977216));
#3487=CARTESIAN_POINT('Ctrl Pts',(6.60000000000001,0.5,-2.77249241815158));
#3488=CARTESIAN_POINT('',(6.10000000000001,1.,-2.45948584258758));
#3489=CARTESIAN_POINT('Ctrl Pts',(6.10000000000001,1.,-2.45948584258758));
#3490=CARTESIAN_POINT('Ctrl Pts',(6.16298296935077,1.,-2.46135349581025));
#3491=CARTESIAN_POINT('Ctrl Pts',(6.23004212766869,0.987377860206289,-2.4652413756742));
#3492=CARTESIAN_POINT('Ctrl Pts',(6.30424977554523,0.956583321152708,-2.47157914144174));
#3493=CARTESIAN_POINT('Ctrl Pts',(6.31664138160581,0.95083472068387,-2.47270742011079));
#3494=CARTESIAN_POINT('Ctrl Pts',(6.32875010374767,0.944604757099421,-2.47387320990386));
#3495=CARTESIAN_POINT('',(6.10000000000001,1.,-1.45914497656522));
#3496=CARTESIAN_POINT('',(6.10000000000001,1.,-1.30977577185808));
#3497=CARTESIAN_POINT('Ctrl Pts',(6.28092235290695,0.966119193145505,-1.4669861058744));
#3498=CARTESIAN_POINT('Ctrl Pts',(6.22230978125783,0.988869434990569,-1.46325124747876));
#3499=CARTESIAN_POINT('Ctrl Pts',(6.15931069718186,1.,-1.46050878207946));
#3500=CARTESIAN_POINT('Ctrl Pts',(6.10000000000001,1.,-1.45914497656522));
#3501=CARTESIAN_POINT('Origin',(0.00621491712461508,1.,-2.61955154371615));
#3502=CARTESIAN_POINT('',(4.54352584051509,1.,-2.77875583819318));
#3503=CARTESIAN_POINT('Origin',(5.99756969277562,1.,-5.91374856233339));
#3504=CARTESIAN_POINT('',(4.04127865018519,1.,-2.99640943678538));
#3505=CARTESIAN_POINT('Origin',(0.,1.,7.01736256658427));
#3506=CARTESIAN_POINT('',(4.02664003598684,1.,-3.00277513818577));
#3507=CARTESIAN_POINT('Origin',(4.15355200294776,1.,-3.27460845594154));
#3508=CARTESIAN_POINT('',(2.40962685149644,1.,-2.48023002036996));
#3509=CARTESIAN_POINT('Origin',(1.54074395550979E-32,1.,-12.7));
#3510=CARTESIAN_POINT('',(4.12276601870899,1.,-1.87158376389827));
#3511=CARTESIAN_POINT('Origin',(0.,1.,7.01736256658427));
#3512=CARTESIAN_POINT('Origin',(5.99756969277561,1.,-5.91374856233306));
#3513=CARTESIAN_POINT('Origin',(-6.09999999999997,0.500000000000001,-3.15034123193783));
#3514=CARTESIAN_POINT('',(-6.59999999999997,0.500000000000001,-2.77249241817255));
#3515=CARTESIAN_POINT('',(-6.3287501037478,0.944604757099332,-2.47387320992484));
#3516=CARTESIAN_POINT('Ctrl Pts',(-6.59999999999997,0.500000000000001,-2.77249241817255));
#3517=CARTESIAN_POINT('Ctrl Pts',(-6.59999999999997,0.549615277092599,-2.73406058979313));
#3518=CARTESIAN_POINT('Ctrl Pts',(-6.59224794593496,0.603561663640307,-2.69222701193507));
#3519=CARTESIAN_POINT('Ctrl Pts',(-6.5579064712615,0.708218039807494,-2.61332074031643));
#3520=CARTESIAN_POINT('Ctrl Pts',(-6.53129681916576,0.758950474308952,-2.57628662878101));
#3521=CARTESIAN_POINT('Ctrl Pts',(-6.47491536967851,0.832944621050799,-2.52688594239074));
#3522=CARTESIAN_POINT('Ctrl Pts',(-6.44570646083236,0.863831424231467,-2.50771257750624));
#3523=CARTESIAN_POINT('Ctrl Pts',(-6.38616252131571,0.91131766876194,-2.48381217736937));
#3524=CARTESIAN_POINT('Ctrl Pts',(-6.35788106075161,0.929616817068348,-2.47667784543723));
#3525=CARTESIAN_POINT('Ctrl Pts',(-6.3287501037478,0.944604757099332,-2.47387320992484));
#3526=CARTESIAN_POINT('',(-6.59999999999997,0.500000000000001,-1.16759331478133));
#3527=CARTESIAN_POINT('',(-6.59999999999997,0.500000000000001,-3.15034123193783));
#3528=CARTESIAN_POINT('',(-6.28092235290676,0.966119193145562,-1.46698610591262));
#3529=CARTESIAN_POINT('Ctrl Pts',(-6.28092235290733,0.966119193145343,-1.46698610591266));
#3530=CARTESIAN_POINT('Ctrl Pts',(-6.28738587020806,0.963610404030234,-1.4673979685416));
#3531=CARTESIAN_POINT('Ctrl Pts',(-6.29375584443699,0.960982742402098,-1.46759331478133));
#3532=CARTESIAN_POINT('Ctrl Pts',(-6.33901713502329,0.941229095719898,-1.46759331478133));
#3533=CARTESIAN_POINT('Ctrl Pts',(-6.37779552278883,0.917990343449884,-1.45963199330898));
#3534=CARTESIAN_POINT('Ctrl Pts',(-6.44570646083236,0.863831424231469,-1.43237315544764));
#3535=CARTESIAN_POINT('Ctrl Pts',(-6.4749153696785,0.832944621050801,-1.41319979056314));
#3536=CARTESIAN_POINT('Ctrl Pts',(-6.53129681916576,0.758950474308955,-1.36379910417286));
#3537=CARTESIAN_POINT('Ctrl Pts',(-6.5579064712615,0.708218039807497,-1.32676499263744));
#3538=CARTESIAN_POINT('Ctrl Pts',(-6.59224794593496,0.60356166364031,-1.2478587210188));
#3539=CARTESIAN_POINT('Ctrl Pts',(-6.59999999999997,0.549615277092599,-1.20602514316075));
#3540=CARTESIAN_POINT('Ctrl Pts',(-6.59999999999997,0.500000000000001,-1.16759331478133));
#3541=CARTESIAN_POINT('',(-6.09999999999997,1.,-1.45914497660339));
#3542=CARTESIAN_POINT('Ctrl Pts',(-6.09999999999997,1.,-1.45914497660339));
#3543=CARTESIAN_POINT('Ctrl Pts',(-6.15931069718177,1.,-1.46050878211764));
#3544=CARTESIAN_POINT('Ctrl Pts',(-6.22230978125768,0.988869434990588,-1.46325124751696));
#3545=CARTESIAN_POINT('Ctrl Pts',(-6.28092235290676,0.966119193145562,-1.46698610591262));
#3546=CARTESIAN_POINT('',(-6.09999999999997,1.,-2.45948584260847));
#3547=CARTESIAN_POINT('',(-6.09999999999997,1.,-3.15034123193783));
#3548=CARTESIAN_POINT('Ctrl Pts',(-6.3287501037478,0.944604757099331,-2.47387320992484));
#3549=CARTESIAN_POINT('Ctrl Pts',(-6.31664138160589,0.950834720683814,-2.47270742013176));
#3550=CARTESIAN_POINT('Ctrl Pts',(-6.30424977554525,0.956583321152683,-2.4715791414627));
#3551=CARTESIAN_POINT('Ctrl Pts',(-6.23004212766865,0.987377860206289,-2.46524137569512));
#3552=CARTESIAN_POINT('Ctrl Pts',(-6.16298296935073,1.,-2.46135349583115));
#3553=CARTESIAN_POINT('Ctrl Pts',(-6.09999999999997,1.,-2.45948584260847));
#3554=CARTESIAN_POINT('Origin',(0.00621491712461508,1.,-2.61955154371615));
#3555=CARTESIAN_POINT('',(-4.1227679248814,1.,-1.87158287981409));
#3556=CARTESIAN_POINT('Origin',(-5.99756969277574,1.,-5.91374856233321));
#3557=CARTESIAN_POINT('',(-2.40962685149644,1.,-2.48023002036996));
#3558=CARTESIAN_POINT('Origin',(0.,1.,7.01736256658427));
#3559=CARTESIAN_POINT('',(-4.02664003598684,1.,-3.00277513818577));
#3560=CARTESIAN_POINT('Origin',(1.54074395550979E-32,1.,-12.7));
#3561=CARTESIAN_POINT('',(-4.04127865018519,1.,-2.99640943678538));
#3562=CARTESIAN_POINT('Origin',(-4.15355200294776,1.,-3.27460845594154));
#3563=CARTESIAN_POINT('',(-4.5435239520255,1.,-2.77875671409433));
#3564=CARTESIAN_POINT('Origin',(0.,1.,7.01736256658427));
#3565=CARTESIAN_POINT('Origin',(-5.99756969277575,1.,-5.91374856233315));
#3566=CARTESIAN_POINT('Origin',(1.54074395550979E-32,0.500000000000001,
-12.7));
#3567=CARTESIAN_POINT('',(-4.03257476014346,0.500000000000001,-3.54913442324422));
#3568=CARTESIAN_POINT('Ctrl Pts',(-4.02664003598686,1.,-3.00277513818576));
#3569=CARTESIAN_POINT('Ctrl Pts',(-4.02536783250468,1.,-3.0033690971884));
#3570=CARTESIAN_POINT('Ctrl Pts',(-4.02409937784014,0.999996777527933,-3.00397218369485));
#3571=CARTESIAN_POINT('Ctrl Pts',(-3.99266062936801,0.99983336109152,-3.01919151557662));
#3572=CARTESIAN_POINT('Ctrl Pts',(-3.96535210726258,0.997756286658827,-3.03864844005176));
#3573=CARTESIAN_POINT('Ctrl Pts',(-3.91868133724598,0.987027742453629,-3.085114087998));
#3574=CARTESIAN_POINT('Ctrl Pts',(-3.90009087183917,0.978636223390208,-3.1111441392983));
#3575=CARTESIAN_POINT('Ctrl Pts',(-3.87058168868743,0.953685094850025,-3.16927717776772));
#3576=CARTESIAN_POINT('Ctrl Pts',(-3.86121544131426,0.936907991915627,-3.2005065781946));
#3577=CARTESIAN_POINT('Ctrl Pts',(-3.85101440839515,0.891827600776704,-3.26998678034734));
#3578=CARTESIAN_POINT('Ctrl Pts',(-3.85333143035659,0.862154349393493,-3.30700493999874));
#3579=CARTESIAN_POINT('Ctrl Pts',(-3.87100050654282,0.787366665254545,-3.38543238471158));
#3580=CARTESIAN_POINT('Ctrl Pts',(-3.89115905602388,0.737791547174917,-3.42699096817636));
#3581=CARTESIAN_POINT('Ctrl Pts',(-3.95005462562369,0.624702363881017,-3.50032049892635));
#3582=CARTESIAN_POINT('Ctrl Pts',(-3.98833455892791,0.563556294966278,-3.52923582378832));
#3583=CARTESIAN_POINT('Ctrl Pts',(-4.03115041189351,0.502041126123329,-3.54850343079522));
#3584=CARTESIAN_POINT('Ctrl Pts',(-4.03186197551699,0.501020561393597,-3.54882031554916));
#3585=CARTESIAN_POINT('Ctrl Pts',(-4.03257476014345,0.500000000000001,-3.54913442324422));
#3586=CARTESIAN_POINT('',(-0.895238600985535,0.500000000000001,-2.74015322169535));
#3587=CARTESIAN_POINT('Ctrl Pts',(-0.895238600985547,0.49999999999999,-2.74015322169535));
#3588=CARTESIAN_POINT('Ctrl Pts',(-0.895238600985546,0.502789317627897,
-2.74015322169535));
#3589=CARTESIAN_POINT('Ctrl Pts',(-0.895367611599365,0.505601811229317,
-2.74014138790585));
#3590=CARTESIAN_POINT('Ctrl Pts',(-0.896768420589815,0.520621910966392,
-2.74001280864143));
#3591=CARTESIAN_POINT('Ctrl Pts',(-0.90034009904734,0.532428787906149,-2.73968535933294));
#3592=CARTESIAN_POINT('Ctrl Pts',(-0.913437958141579,0.559697771593326,
-2.73846935732686));
#3593=CARTESIAN_POINT('Ctrl Pts',(-0.924702356236305,0.574514189792129,
-2.73741308457654));
#3594=CARTESIAN_POINT('Ctrl Pts',(-0.960783508835986,0.612842427036089,
-2.73394637544524));
#3595=CARTESIAN_POINT('Ctrl Pts',(-0.992847868762588,0.636675406908539,
-2.73076968573204));
#3596=CARTESIAN_POINT('Ctrl Pts',(-1.10970404680417,0.709174915199783,-2.7184395258642));
#3597=CARTESIAN_POINT('Ctrl Pts',(-1.22479657132565,0.759526538044566,-2.70513469920201));
#3598=CARTESIAN_POINT('Ctrl Pts',(-1.62573590776462,0.901446670307359,-2.64927570116684));
#3599=CARTESIAN_POINT('Ctrl Pts',(-2.02424472554696,1.,-2.57800502074745));
#3600=CARTESIAN_POINT('Ctrl Pts',(-2.40962685149644,1.,-2.48023002036996));
#3601=CARTESIAN_POINT('Origin',(1.54074395550979E-32,0.500000000000001,
-12.7));
#3602=CARTESIAN_POINT('Origin',(1.54074395550979E-32,0.5,-12.7));
#3603=CARTESIAN_POINT('',(0.895238600985535,0.5,-2.74015322169535));
#3604=CARTESIAN_POINT('Ctrl Pts',(2.40962685149215,1.,-2.48023002037105));
#3605=CARTESIAN_POINT('Ctrl Pts',(2.35819358202627,0.9999999999999,-2.49327911528961));
#3606=CARTESIAN_POINT('Ctrl Pts',(2.30480607595128,0.998199070719659,-2.50637953244599));
#3607=CARTESIAN_POINT('Ctrl Pts',(1.85602828960064,0.968299605080684,-2.61223583209382));
#3608=CARTESIAN_POINT('Ctrl Pts',(1.45412373591557,0.853432348769697,-2.67584158919412));
#3609=CARTESIAN_POINT('Ctrl Pts',(1.11736947760367,0.710418416824348,-2.71763466856732));
#3610=CARTESIAN_POINT('Ctrl Pts',(1.01752016288974,0.66090794496661,-2.72835888976614));
#3611=CARTESIAN_POINT('Ctrl Pts',(0.938907266288955,0.590725839894684,-2.73606257081543));
#3612=CARTESIAN_POINT('Ctrl Pts',(0.922361599208342,0.573059462603888,-2.73763355444763));
#3613=CARTESIAN_POINT('Ctrl Pts',(0.90362996569366,0.540900687959874,-2.73938237952051));
#3614=CARTESIAN_POINT('Ctrl Pts',(0.898253501427069,0.527462595110364,-2.73987636207565));
#3615=CARTESIAN_POINT('Ctrl Pts',(0.895550357629394,0.508676498526128,-2.74012463365628));
#3616=CARTESIAN_POINT('Ctrl Pts',(0.895238600985548,0.504335689941797,-2.74015322169535));
#3617=CARTESIAN_POINT('Ctrl Pts',(0.895238600985548,0.500000000000001,-2.74015322169535));
#3618=CARTESIAN_POINT('',(4.03257476014346,0.5,-3.54913442324422));
#3619=CARTESIAN_POINT('Ctrl Pts',(4.03257476014346,0.5,-3.54913442324422));
#3620=CARTESIAN_POINT('Ctrl Pts',(4.031861975517,0.50102056139358,-3.54882031554916));
#3621=CARTESIAN_POINT('Ctrl Pts',(4.03115041189338,0.502041126123408,-3.54850343079516));
#3622=CARTESIAN_POINT('Ctrl Pts',(3.98833455892796,0.563556294967747,-3.52923582378833));
#3623=CARTESIAN_POINT('Ctrl Pts',(3.95005462562367,0.624702363881053,-3.50032049892633));
#3624=CARTESIAN_POINT('Ctrl Pts',(3.89115905602388,0.737791547174916,-3.42699096817636));
#3625=CARTESIAN_POINT('Ctrl Pts',(3.87100050654282,0.787366665254544,-3.38543238471158));
#3626=CARTESIAN_POINT('Ctrl Pts',(3.85333143035659,0.862154349393502,-3.30700493999873));
#3627=CARTESIAN_POINT('Ctrl Pts',(3.85101440839515,0.891827600776709,-3.26998678034733));
#3628=CARTESIAN_POINT('Ctrl Pts',(3.86121544131426,0.936907991915625,-3.2005065781946));
#3629=CARTESIAN_POINT('Ctrl Pts',(3.87058168868743,0.953685094850027,-3.16927717776772));
#3630=CARTESIAN_POINT('Ctrl Pts',(3.90009087183918,0.978636223390212,-3.11114413929829));
#3631=CARTESIAN_POINT('Ctrl Pts',(3.91868133724599,0.987027742453631,-3.08511408799799));
#3632=CARTESIAN_POINT('Ctrl Pts',(3.96535210726258,0.997756286658827,-3.03864844005176));
#3633=CARTESIAN_POINT('Ctrl Pts',(3.99266062936801,0.999833361091519,-3.01919151557662));
#3634=CARTESIAN_POINT('Ctrl Pts',(4.02409937784015,0.999996777527933,-3.00397218369485));
#3635=CARTESIAN_POINT('Ctrl Pts',(4.02536783250469,1.,-3.0033690971884));
#3636=CARTESIAN_POINT('Ctrl Pts',(4.02664003598686,1.,-3.00277513818576));
#3637=CARTESIAN_POINT('Origin',(1.54074395550979E-32,0.5,-12.7));
#3638=CARTESIAN_POINT('Origin',(-6.29999999999996,5.5,-1.16759331478133));
#3639=CARTESIAN_POINT('',(-6.28092235732605,5.5,-1.46698610619422));
#3640=CARTESIAN_POINT('',(-6.59999999999997,5.5,-1.16759331478133));
#3641=CARTESIAN_POINT('Origin',(-5.99756969277574,5.5,-5.91374856233321));
#3642=CARTESIAN_POINT('',(-4.1227679248814,5.5,-1.87158287981409));
#3643=CARTESIAN_POINT('Origin',(6.30000000000001,5.5,-1.16759331474309));
#3644=CARTESIAN_POINT('',(6.28092235732624,5.5,-1.466986106156));
#3645=CARTESIAN_POINT('',(6.60000000000001,5.5,-1.16759331474309));
#3646=CARTESIAN_POINT('Origin',(5.99756969277561,5.5,-5.91374856233306));
#3647=CARTESIAN_POINT('',(4.12276601870899,5.5,-1.87158376389827));
#3648=CARTESIAN_POINT('',(4.12276601870899,5.5,-1.87158376389827));
#3649=CARTESIAN_POINT('',(4.12276601870899,13.5,-1.87158376389827));
#3650=CARTESIAN_POINT('',(4.12276601870899,5.5,-1.87158376389827));
#3651=CARTESIAN_POINT('',(4.12276601870899,13.5,-1.87158376389827));
#3652=CARTESIAN_POINT('Origin',(6.30000000000001,5.5,-2.77249241815158));
#3653=CARTESIAN_POINT('',(6.32875012231023,5.5,-2.473873211691));
#3654=CARTESIAN_POINT('',(6.60000000000001,5.5,-2.77249241815158));
#3655=CARTESIAN_POINT('Origin',(5.99756969277562,5.5,-5.91374856233339));
#3656=CARTESIAN_POINT('',(4.54352584051509,13.5,-2.77875583819318));
#3657=CARTESIAN_POINT('',(4.54352584051509,13.5,-2.77875583819318));
#3658=CARTESIAN_POINT('',(4.54352584051509,5.5,-2.77875583819318));
#3659=CARTESIAN_POINT('',(4.54352584051509,5.5,-2.77875583819318));
#3660=CARTESIAN_POINT('',(4.54352584051509,5.5,-2.77875583819318));
#3661=CARTESIAN_POINT('Origin',(-6.29999999999997,5.5,-2.77249241817255));
#3662=CARTESIAN_POINT('',(-6.32875012231037,5.5,-2.47387321171199));
#3663=CARTESIAN_POINT('',(-6.59999999999997,5.5,-2.77249241817255));
#3664=CARTESIAN_POINT('Origin',(-5.99756969277575,5.5,-5.91374856233315));
#3665=CARTESIAN_POINT('',(-4.5435239520255,5.5,-2.77875671409433));
#3666=CARTESIAN_POINT('Origin',(-4.15355200294776,0.,-3.27460845594154));
#3667=CARTESIAN_POINT('',(-4.04127865018519,0.,-2.99640943678538));
#3668=CARTESIAN_POINT('',(-4.03257476014346,0.,-3.54913442324422));
#3669=CARTESIAN_POINT('Origin',(0.,5.5,7.01736256658427));
#3670=CARTESIAN_POINT('Origin',(4.15355200294776,0.,-3.27460845594154));
#3671=CARTESIAN_POINT('',(4.04127865018519,0.,-2.99640943678538));
#3672=CARTESIAN_POINT('',(4.03257476014346,0.,-3.54913442324422));
#3673=CARTESIAN_POINT('Origin',(0.,5.5,7.01736256658427));
#3674=CARTESIAN_POINT('Origin',(2.13102814793257,-2.,2.35048094493523));
#3675=CARTESIAN_POINT('',(1.63255886506241,18.25,2.11804090097784));
#3676=CARTESIAN_POINT('Origin',(2.13102814793257,18.25,2.35048094493523));
#3677=CARTESIAN_POINT('Origin',(2.13102814793257,18.25,2.35048094493523));
#3678=CARTESIAN_POINT('Origin',(0.,19.5,-11.0316780368853));
#3679=CARTESIAN_POINT('',(6.60000000000001,19.5,-3.11424275256655E-9));
#3680=CARTESIAN_POINT('',(6.60000000000001,19.5,-3.68113092017717));
#3681=CARTESIAN_POINT('',(6.6,19.5,-5.51583901844266));
#3682=CARTESIAN_POINT('',(5.44186046511628,19.5,-4.31035431748131));
#3683=CARTESIAN_POINT('Origin',(5.85,19.5,-3.68113089129242));
#3684=CARTESIAN_POINT('',(-5.44186046511625,19.5,-4.3103543174813));
#3685=CARTESIAN_POINT('Origin',(1.54074395550979E-32,19.5,-12.7));
#3686=CARTESIAN_POINT('',(-6.59999999999997,19.5,-3.6811309201595));
#3687=CARTESIAN_POINT('Origin',(-5.84999999999997,19.5,-3.68113089129239));
#3688=CARTESIAN_POINT('',(-6.6,19.5,-3.14481100882613E-7));
#3689=CARTESIAN_POINT('',(-6.59999999999997,19.5,-7.3564044785224));
#3690=CARTESIAN_POINT('Origin',(0.,19.5,0.));
#3691=CARTESIAN_POINT('',(-0.658955519944144,19.5,1.22250310824594));
#3692=CARTESIAN_POINT('',(-0.0934486069031427,19.5,1.99939181155377));
#3693=CARTESIAN_POINT('Ctrl Pts',(-0.658955519944144,19.5,1.22250310824594));
#3694=CARTESIAN_POINT('Ctrl Pts',(-0.706034219552984,19.5,1.37504685302253));
#3695=CARTESIAN_POINT('Ctrl Pts',(-0.665974322297305,19.5,1.77584616408867));
#3696=CARTESIAN_POINT('Ctrl Pts',(-0.306288368139695,19.5,1.99662107623033));
#3697=CARTESIAN_POINT('Ctrl Pts',(-0.0934486069031427,19.5,1.99939181155377));
#3698=CARTESIAN_POINT('',(-0.892856537885193,19.5,-0.749978572517773));
#3699=CARTESIAN_POINT('Origin',(-3.,19.5,0.499999999325291));
#3700=CARTESIAN_POINT('',(-0.35741429335467,19.5,-1.65578182835445));
#3701=CARTESIAN_POINT('Origin',(-0.376821404306056,19.5,-1.05609577378546));
#3702=CARTESIAN_POINT('',(0.357414285613439,19.5,-1.65578182810393));
#3703=CARTESIAN_POINT('Origin',(1.54074395550979E-32,19.5,-12.7));
#3704=CARTESIAN_POINT('',(0.892856531329175,19.5,-0.749978574960196));
#3705=CARTESIAN_POINT('Origin',(0.376821396144486,19.5,-1.05609577352134));
#3706=CARTESIAN_POINT('',(0.658955523276104,19.5,1.22250310554798));
#3707=CARTESIAN_POINT('Origin',(2.99999999999999,19.5,0.499999985831119));
#3708=CARTESIAN_POINT('',(0.0934486114294912,19.5,1.99939181149484));
#3709=CARTESIAN_POINT('Ctrl Pts',(0.093448611429491,19.5,1.99939181149484));
#3710=CARTESIAN_POINT('Ctrl Pts',(0.253078432699312,19.5,1.99731375989711));
#3711=CARTESIAN_POINT('Ctrl Pts',(0.622171686311598,19.5,1.83602191106559));
#3712=CARTESIAN_POINT('Ctrl Pts',(0.7217271238277,19.5,1.42589476539855));
#3713=CARTESIAN_POINT('Ctrl Pts',(0.658955523276104,19.5,1.22250310554798));
#3714=CARTESIAN_POINT('',(5.62456649065182E-16,19.5,2.));
#3715=CARTESIAN_POINT('Ctrl Pts',(5.62456649065182E-16,19.5,2.));
#3716=CARTESIAN_POINT('Ctrl Pts',(0.0311464790866312,19.5,2.));
#3717=CARTESIAN_POINT('Ctrl Pts',(0.0622976204572089,19.5,1.99979733325792));
#3718=CARTESIAN_POINT('Ctrl Pts',(0.0934486114294912,19.5,1.99939181149484));
#3719=CARTESIAN_POINT('Ctrl Pts',(-0.0934486069031424,19.5,1.99939181155377));
#3720=CARTESIAN_POINT('Ctrl Pts',(-0.0622976174396421,19.5,1.99979733327755));
#3721=CARTESIAN_POINT('Ctrl Pts',(-0.0311464775780808,19.5,2.));
#3722=CARTESIAN_POINT('Ctrl Pts',(5.62456649065182E-16,19.5,2.));
#3723=CARTESIAN_POINT('',(-1.07303666343804,19.5,1.66159902633331));
#3724=CARTESIAN_POINT('',(-3.33569496570184,19.5,2.72481659626142));
#3725=CARTESIAN_POINT('Origin',(-3.,19.5,0.499999999325291));
#3726=CARTESIAN_POINT('',(-0.998143405230743,19.5,1.82220813685837));
#3727=CARTESIAN_POINT('',(-3.80315570807416,19.5,-4.1931601587038));
#3728=CARTESIAN_POINT('',(-3.26391288172838,19.5,2.8787537721111));
#3729=CARTESIAN_POINT('Origin',(-2.13102814793257,19.5,2.35048094493523));
#3730=CARTESIAN_POINT('',(-5.6364375983309,19.5,-2.20914190172298));
#3731=CARTESIAN_POINT('Origin',(-3.,19.375,0.499999999325291));
#3732=CARTESIAN_POINT('Ctrl Pts',(-1.35805225261923,19.25,1.64193151866925));
#3733=CARTESIAN_POINT('Ctrl Pts',(-1.21990076569116,19.370193346317,1.65379665212562));
#3734=CARTESIAN_POINT('Ctrl Pts',(-1.07303666343803,19.5,1.66159902633331));
#3735=CARTESIAN_POINT('Ctrl Pts',(-3.33569496570184,19.5,2.72481659626142));
#3736=CARTESIAN_POINT('Ctrl Pts',(-3.24746607340789,19.3701769750131,2.60683661912109));
#3737=CARTESIAN_POINT('Ctrl Pts',(-3.16797947131935,19.25,2.49293323885321));
#3738=CARTESIAN_POINT('Origin',(-5.52314912495132,19.375,-2.26196918444057));
#3739=CARTESIAN_POINT('',(-3.03733593496922,19.25,2.77309920667593));
#3740=CARTESIAN_POINT('',(-3.03733593496922,19.25,2.77309920667593));
#3741=CARTESIAN_POINT('',(-5.40986065157174,19.25,-2.31479646715815));
#3742=CARTESIAN_POINT('Origin',(-3.,-1.875,0.499999999325291));
#3743=CARTESIAN_POINT('Origin',(-3.,-2.,0.499999999325291));
#3744=CARTESIAN_POINT('Origin',(0.,-2.,-11.0316780368853));
#3745=CARTESIAN_POINT('',(6.60000000000001,-2.,-3.68113092017717));
#3746=CARTESIAN_POINT('',(6.60000000000001,-2.,-3.11424275256655E-9));
#3747=CARTESIAN_POINT('',(6.6,-2.,-5.51583901844266));
#3748=CARTESIAN_POINT('',(-6.6,-2.,-3.14481100882613E-7));
#3749=CARTESIAN_POINT('Origin',(0.,-2.,0.));
#3750=CARTESIAN_POINT('',(-6.59999999999997,-2.,-3.6811309201595));
#3751=CARTESIAN_POINT('',(-6.59999999999997,-2.,-7.3564044785224));
#3752=CARTESIAN_POINT('',(-5.44186046511625,-2.,-4.3103543174813));
#3753=CARTESIAN_POINT('Origin',(-5.84999999999997,-2.,-3.68113089129239));
#3754=CARTESIAN_POINT('',(5.44186046511628,-2.,-4.31035431748131));
#3755=CARTESIAN_POINT('Origin',(1.54074395550979E-32,-2.,-12.7));
#3756=CARTESIAN_POINT('Origin',(5.85,-2.,-3.68113089129242));
#3757=CARTESIAN_POINT('',(0.658955523276104,-2.,1.22250310554798));
#3758=CARTESIAN_POINT('',(0.0934486114294916,-2.,1.99939181149484));
#3759=CARTESIAN_POINT('Ctrl Pts',(0.658955523276104,-2.,1.22250310554798));
#3760=CARTESIAN_POINT('Ctrl Pts',(0.706034223689802,-2.,1.37504685043591));
#3761=CARTESIAN_POINT('Ctrl Pts',(0.666005374442628,-2.,1.77585982776105));
#3762=CARTESIAN_POINT('Ctrl Pts',(0.306288373122586,-2.,1.9966210760312));
#3763=CARTESIAN_POINT('Ctrl Pts',(0.0934486114294916,-2.,1.99939181149484));
#3764=CARTESIAN_POINT('',(0.892856531329175,-2.,-0.749978574960196));
#3765=CARTESIAN_POINT('Origin',(2.99999999999999,-2.,0.499999985831119));
#3766=CARTESIAN_POINT('',(0.35741428561344,-2.,-1.65578182810393));
#3767=CARTESIAN_POINT('Origin',(0.376821396144486,-2.,-1.05609577352134));
#3768=CARTESIAN_POINT('',(-0.357414293354671,-2.,-1.65578182835445));
#3769=CARTESIAN_POINT('Origin',(1.54074395550979E-32,-2.,-12.7));
#3770=CARTESIAN_POINT('',(-0.892856537885193,-2.,-0.749978572517772));
#3771=CARTESIAN_POINT('Origin',(-0.376821404306056,-2.,-1.05609577378546));
#3772=CARTESIAN_POINT('',(-0.658955519944144,-2.,1.22250310824594));
#3773=CARTESIAN_POINT('Origin',(-3.,-2.,0.499999999325291));
#3774=CARTESIAN_POINT('',(-0.0934486069031445,-2.,1.99939181155377));
#3775=CARTESIAN_POINT('Ctrl Pts',(-0.0934486069031429,-2.,1.99939181155377));
#3776=CARTESIAN_POINT('Ctrl Pts',(-0.253078427830557,-2.,1.99731376006119));
#3777=CARTESIAN_POINT('Ctrl Pts',(-0.622194290631743,-2.,1.83604733009801));
#3778=CARTESIAN_POINT('Ctrl Pts',(-0.721727119422597,-2.,1.42589476794806));
#3779=CARTESIAN_POINT('Ctrl Pts',(-0.658955519944144,-2.,1.22250310824594));
#3780=CARTESIAN_POINT('',(4.1906102578152E-13,-2.,2.));
#3781=CARTESIAN_POINT('Ctrl Pts',(4.19173057058938E-13,-2.,2.));
#3782=CARTESIAN_POINT('Ctrl Pts',(-0.0311464775778017,-2.,2.));
#3783=CARTESIAN_POINT('Ctrl Pts',(-0.0622976174395046,-2.,1.99979733327755));
#3784=CARTESIAN_POINT('Ctrl Pts',(-0.0934486069031445,-2.,1.99939181155377));
#3785=CARTESIAN_POINT('Ctrl Pts',(0.0934486114294912,-2.,1.99939181149484));
#3786=CARTESIAN_POINT('Ctrl Pts',(0.062297620457348,-2.,1.99979733325792));
#3787=CARTESIAN_POINT('Ctrl Pts',(0.0311464790869106,-2.,2.));
#3788=CARTESIAN_POINT('Ctrl Pts',(4.1906102578152E-13,-2.,2.));
#3789=CARTESIAN_POINT('',(1.07303666698596,-2.,1.66159901872477));
#3790=CARTESIAN_POINT('',(3.33569497247052,-2.,2.72481658174594));
#3791=CARTESIAN_POINT('Origin',(2.99999999999999,-2.,0.499999985831119));
#3792=CARTESIAN_POINT('',(0.998143414136756,-2.,1.82220811775936));
#3793=CARTESIAN_POINT('',(3.37066813073927,-2.,-3.26568755607473));
#3794=CARTESIAN_POINT('',(3.26391288172838,-2.,2.8787537721111));
#3795=CARTESIAN_POINT('Origin',(2.13102814793257,-2.,2.35048094493523));
#3796=CARTESIAN_POINT('',(6.06892517566578,-2.,-3.13661450435205));
#3797=CARTESIAN_POINT('Origin',(2.99999999999999,-1.875,0.499999985831119));
#3798=CARTESIAN_POINT('Ctrl Pts',(1.35805225638605,-1.75,1.64193151059129));
#3799=CARTESIAN_POINT('Ctrl Pts',(1.21990076935625,-1.87019334630845,1.65379664428593));
#3800=CARTESIAN_POINT('Ctrl Pts',(1.07303666698596,-2.,1.66159901872477));
#3801=CARTESIAN_POINT('Ctrl Pts',(3.33569497247052,-2.,2.72481658174594));
#3802=CARTESIAN_POINT('Ctrl Pts',(3.2474660800748,-1.87017697502152,2.60683660484373));
#3803=CARTESIAN_POINT('Ctrl Pts',(3.16797947786922,-1.75,2.49293322480697));
#3804=CARTESIAN_POINT('Origin',(5.9556367022862,-1.875,-3.18944178706964));
#3805=CARTESIAN_POINT('',(3.03733593496922,-1.75,2.77309920667593));
#3806=CARTESIAN_POINT('',(3.03733593496922,-1.75,2.77309920667593));
#3807=CARTESIAN_POINT('',(5.84234822890662,-1.75,-3.24226906978723));
#3808=CARTESIAN_POINT('Origin',(6.60000000000001,0.,-1.11022302462516E-15));
#3809=CARTESIAN_POINT('',(6.60000000000001,15.955,-3.11424275256655E-9));
#3810=CARTESIAN_POINT('',(6.60000000000001,15.955,-3.68113092017717));
#3811=CARTESIAN_POINT('Origin',(-6.59999999999997,0.,-3.6811309201595));
#3812=CARTESIAN_POINT('',(-6.59999999999997,1.545,-3.6811309201595));
#3813=CARTESIAN_POINT('',(-6.6,0.,-3.14481100844361E-7));
#3814=CARTESIAN_POINT('Origin',(1.54074395550979E-32,0.,-12.7));
#3815=CARTESIAN_POINT('',(5.44186046511628,0.,-4.31035431748131));
#3816=CARTESIAN_POINT('',(-5.44186046511625,0.,-4.3103543174813));
#3817=CARTESIAN_POINT('',(-0.895238600985535,5.5,-2.74015322169535));
#3818=CARTESIAN_POINT('',(0.895238600985535,5.5,-2.74015322169535));
#3819=CARTESIAN_POINT('Ctrl Pts',(-2.62631921600621,-0.750000000000002,
2.58289294464295));
#3820=CARTESIAN_POINT('Ctrl Pts',(-2.59128916319454,-0.750000000000002,
2.65629136307331));
#3821=CARTESIAN_POINT('Ctrl Pts',(-2.48706358594616,-0.750000000000002,
2.7879155071488));
#3822=CARTESIAN_POINT('Ctrl Pts',(-2.26341388717021,-0.750000000000002,
2.89814575797588));
#3823=CARTESIAN_POINT('Ctrl Pts',(-1.9278282182259,-0.750000000000002,2.90395672543264));
#3824=CARTESIAN_POINT('Ctrl Pts',(-1.64461152954334,-0.750000000000002,
2.68884237811011));
#3825=CARTESIAN_POINT('Ctrl Pts',(-1.56156774017815,-0.750000000000002,
2.3588933455151));
#3826=CARTESIAN_POINT('Ctrl Pts',(-1.59512161372522,-0.750000000000002,
2.19336578329936));
#3827=CARTESIAN_POINT('Ctrl Pts',(-1.62939112964422,-0.750000000000002,
2.11809632484853));
#3828=CARTESIAN_POINT('Ctrl Pts',(-2.74260306929507,-0.717560591029805,
2.63703591023333));
#3829=CARTESIAN_POINT('Ctrl Pts',(-2.69959542867757,-0.717657351527752,
2.72784861883547));
#3830=CARTESIAN_POINT('Ctrl Pts',(-2.57119313603281,-0.717818309295617,
2.89094370684818));
#3831=CARTESIAN_POINT('Ctrl Pts',(-2.29459304538506,-0.717904021554328,
3.02761933878823));
#3832=CARTESIAN_POINT('Ctrl Pts',(-1.87934625098277,-0.717795177838685,
3.03446498324149));
#3833=CARTESIAN_POINT('Ctrl Pts',(-1.53040453546535,-0.717380920614599,
2.7673211536106));
#3834=CARTESIAN_POINT('Ctrl Pts',(-1.42985471921239,-0.716869928307233,
2.36024539453163));
#3835=CARTESIAN_POINT('Ctrl Pts',(-1.47191735394375,-0.716643650934207,
2.15678011424466));
#3836=CARTESIAN_POINT('Ctrl Pts',(-1.51433421566316,-0.716546577280322,
2.06435604373872));
#3837=CARTESIAN_POINT('Ctrl Pts',(-2.95475146943161,-0.564844707939254,
2.73558060465766));
#3838=CARTESIAN_POINT('Ctrl Pts',(-2.89735274104458,-0.564981709231802,
2.85804586358749));
#3839=CARTESIAN_POINT('Ctrl Pts',(-2.7248422840538,-0.565207086685645,3.07837862445631));
#3840=CARTESIAN_POINT('Ctrl Pts',(-2.35194199497167,-0.56532765049269,3.26318212406353));
#3841=CARTESIAN_POINT('Ctrl Pts',(-1.79131280905911,-0.565165160658273,
3.27162370480827));
#3842=CARTESIAN_POINT('Ctrl Pts',(-1.32245857578026,-0.56455899018497,2.90905025204132));
#3843=CARTESIAN_POINT('Ctrl Pts',(-1.190523561694,-0.563835268447403,2.36199888920207));
#3844=CARTESIAN_POINT('Ctrl Pts',(-1.24803031473075,-0.563513751026494,
2.08983583316461));
#3845=CARTESIAN_POINT('Ctrl Pts',(-1.30525992488604,-0.563378379824199,
1.96645852731741));
#3846=CARTESIAN_POINT('Ctrl Pts',(-3.03720926225919,-0.300623681818813,
2.77337085717956));
#3847=CARTESIAN_POINT('Ctrl Pts',(-2.97419980063984,-0.300580719386128,
2.90839352742267));
#3848=CARTESIAN_POINT('Ctrl Pts',(-2.78470218884901,-0.30051184842575,3.15154766413201));
#3849=CARTESIAN_POINT('Ctrl Pts',(-2.37372952841099,-0.30047601128059,3.35556472750105));
#3850=CARTESIAN_POINT('Ctrl Pts',(-1.75599921951913,-0.300524338282394,
3.36470998548321));
#3851=CARTESIAN_POINT('Ctrl Pts',(-1.24094315602995,-0.300710934408203,
2.96452502287306));
#3852=CARTESIAN_POINT('Ctrl Pts',(-1.09748331463713,-0.300954793341553,
2.36244585407986));
#3853=CARTESIAN_POINT('Ctrl Pts',(-1.16147633683045,-0.301068758850575,
2.06359691525086));
#3854=CARTESIAN_POINT('Ctrl Pts',(-1.22458749263664,-0.301117607764366,
1.92814762011182));
#3855=CARTESIAN_POINT('Ctrl Pts',(-3.03733593517965,-0.168314873825193,
2.77309920622465));
#3856=CARTESIAN_POINT('Ctrl Pts',(-2.97438939109823,-0.168179905956064,
2.90808850580489));
#3857=CARTESIAN_POINT('Ctrl Pts',(-2.78484694761993,-0.167959556858625,
3.15119446885634));
#3858=CARTESIAN_POINT('Ctrl Pts',(-2.37394982777047,-0.167843266508064,
3.35518189891945));
#3859=CARTESIAN_POINT('Ctrl Pts',(-1.75608977426421,-0.167996905016387,
3.36419312330392));
#3860=CARTESIAN_POINT('Ctrl Pts',(-1.24090874429126,-0.168582704672231,
2.9637030000034));
#3861=CARTESIAN_POINT('Ctrl Pts',(-1.09766081143776,-0.169319181881439,
2.36184876694706));
#3862=CARTESIAN_POINT('Ctrl Pts',(-1.16162193539265,-0.169653871876576,
2.0631777008404));
#3863=CARTESIAN_POINT('Ctrl Pts',(-1.22472035194687,-0.16979684044037,1.92786270238583));
#3864=CARTESIAN_POINT('',(-1.70669413186891,-0.168131432906475,3.25598668363117));
#3865=CARTESIAN_POINT('Ctrl Pts',(-3.03733593517965,-0.168314873825193,
2.77309920622466));
#3866=CARTESIAN_POINT('Ctrl Pts',(-2.97438939109823,-0.168179905956064,
2.90808850580489));
#3867=CARTESIAN_POINT('Ctrl Pts',(-2.87961816935908,-0.168069731407345,
3.02964148733062));
#3868=CARTESIAN_POINT('Ctrl Pts',(-2.76374970518126,-0.167995262407891,
3.124415883104));
#3869=CARTESIAN_POINT('Ctrl Pts',(-2.64788124100345,-0.167920793408438,
3.21919027887738));
#3870=CARTESIAN_POINT('Ctrl Pts',(-2.51091553438696,-0.167882029958251,
3.28718608889842));
#3871=CARTESIAN_POINT('Ctrl Pts',(-2.36520017439043,-0.167881853046698,
3.32231039695699));
#3872=CARTESIAN_POINT('Ctrl Pts',(-2.2194848143939,-0.167881676135145,3.35743470501557));
#3873=CARTESIAN_POINT('Ctrl Pts',(-2.06501980101734,-0.167920085762226,
3.35968751111168));
#3874=CARTESIAN_POINT('Ctrl Pts',(-1.91911137293522,-0.167994508818266,
3.32781520490072));
#3875=CARTESIAN_POINT('Ctrl Pts',(-1.84582050728937,-0.168031892061119,
3.31180551345907));
#3876=CARTESIAN_POINT('Ctrl Pts',(-1.77468857595699,-0.168078361945997,
3.28718562608348));
#3877=CARTESIAN_POINT('Ctrl Pts',(-1.70713744752127,-0.168132432023043,
3.25505466746189));
#3878=CARTESIAN_POINT('Ctrl Pts',(-1.70708193552008,-0.168132476458974,
3.25502826088702));
#3879=CARTESIAN_POINT('Ctrl Pts',(-1.50569405116649,-0.168293690838118,
3.15922227531275));
#3880=CARTESIAN_POINT('Ctrl Pts',(-1.22291519679068,-0.168675214472429,
2.88810335597925));
#3881=CARTESIAN_POINT('Ctrl Pts',(-1.09766081143776,-0.169319181881439,
2.36184876694706));
#3882=CARTESIAN_POINT('Ctrl Pts',(-1.16162193539265,-0.169653871876576,
2.0631777008404));
#3883=CARTESIAN_POINT('Ctrl Pts',(-1.22472035194687,-0.16979684044037,1.92786270238583));
#3884=CARTESIAN_POINT('Origin',(-3.03733593496922,19.5,2.77309920667593));
#3885=CARTESIAN_POINT('',(-3.03733593496922,19.5,2.77309920667593));
#3886=CARTESIAN_POINT('Ctrl Pts',(2.62949743080272,18.25,2.58292098889261));
#3887=CARTESIAN_POINT('Ctrl Pts',(2.39705738684534,18.25,3.08139027176277));
#3888=CARTESIAN_POINT('Ctrl Pts',(1.89858810397518,18.25,2.84895022780539));
#3889=CARTESIAN_POINT('Ctrl Pts',(1.40011882110503,18.25,2.616510183848));
#3890=CARTESIAN_POINT('Ctrl Pts',(1.63255886506241,18.25,2.11804090097784));
#3891=CARTESIAN_POINT('Ctrl Pts',(3.03733593496922,18.1338104996138,2.77309920667593));
#3892=CARTESIAN_POINT('Ctrl Pts',(2.61471767322852,18.1338104996138,3.67940699371258));
#3893=CARTESIAN_POINT('Ctrl Pts',(1.70840988619187,18.1338104996138,3.25678873197188));
#3894=CARTESIAN_POINT('Ctrl Pts',(0.80210209915522,18.1338104996138,2.83417047023118));
#3895=CARTESIAN_POINT('Ctrl Pts',(1.22472036089592,18.1338104996138,1.92786268319453));
#3896=CARTESIAN_POINT('Ctrl Pts',(3.03733593496922,17.6690524980689,2.77309920667593));
#3897=CARTESIAN_POINT('Ctrl Pts',(2.61471767322852,17.6690524980689,3.67940699371258));
#3898=CARTESIAN_POINT('Ctrl Pts',(1.70840988619187,17.6690524980689,3.25678873197188));
#3899=CARTESIAN_POINT('Ctrl Pts',(0.80210209915522,17.6690524980689,2.83417047023118));
#3900=CARTESIAN_POINT('Ctrl Pts',(1.22472036089592,17.6690524980689,1.92786268319453));
#3901=CARTESIAN_POINT('',(1.22472036089592,17.6690524980689,1.92786268319453));
#3902=CARTESIAN_POINT('Origin',(2.13102814793257,17.6690524980689,2.35048094493523));
#3903=CARTESIAN_POINT('Origin',(1.76850503311791,17.6690524980689,2.18143364023895));
#3904=CARTESIAN_POINT('Ctrl Pts',(1.63255886506241,18.25,2.11804090097784));
#3905=CARTESIAN_POINT('Ctrl Pts',(1.69375691324637,18.25,1.98680126312567));
#3906=CARTESIAN_POINT('Ctrl Pts',(1.80390052110814,18.25,1.89942691847561));
#3907=CARTESIAN_POINT('Ctrl Pts',(1.88359179286953,18.25,1.85928317397823));
#3908=CARTESIAN_POINT('Ctrl Pts',(1.51689039132043,18.2170470982087,2.06410380586486));
#3909=CARTESIAN_POINT('Ctrl Pts',(1.57715813184955,18.2170470982087,1.93485921921668));
#3910=CARTESIAN_POINT('Ctrl Pts',(1.67499663637868,18.2281997265105,1.84078155294564));
#3911=CARTESIAN_POINT('Ctrl Pts',(1.74609258822634,18.2419524810865,1.7955387744852));
#3912=CARTESIAN_POINT('Ctrl Pts',(1.30638874701419,18.0640107464015,1.96594527707064));
#3913=CARTESIAN_POINT('Ctrl Pts',(1.36223483443476,18.0640107464015,1.84618295611385));
#3914=CARTESIAN_POINT('Ctrl Pts',(1.427947371,18.0814130490519,1.74139936263946));
#3915=CARTESIAN_POINT('Ctrl Pts',(1.47568643397508,18.1052725545753,1.67577344805834));
#3916=CARTESIAN_POINT('Ctrl Pts',(1.22472036089592,17.8008641052342,1.92786268319453));
#3917=CARTESIAN_POINT('Ctrl Pts',(1.27301821520806,17.8008641052342,1.82428760037638));
#3918=CARTESIAN_POINT('Ctrl Pts',(1.32012193492814,17.797756584353,1.72391376376688));
#3919=CARTESIAN_POINT('Ctrl Pts',(1.36074088252037,17.8030088069809,1.63616573323958));
#3920=CARTESIAN_POINT('Ctrl Pts',(1.22472036089592,17.6690524980689,1.92786268319453));
#3921=CARTESIAN_POINT('Ctrl Pts',(1.26922803230243,17.6690524980689,1.83241567384749));
#3922=CARTESIAN_POINT('Ctrl Pts',(1.31356486420032,17.6557885536279,1.73733503100901));
#3923=CARTESIAN_POINT('Ctrl Pts',(1.35805225638605,17.6513721708868,1.64193151059129));
#3924=CARTESIAN_POINT('Ctrl Pts',(1.22472036089592,17.6690524980689,1.92786268319453));
#3925=CARTESIAN_POINT('Ctrl Pts',(1.26922803117183,17.6690524980689,1.83241567627209));
#3926=CARTESIAN_POINT('Ctrl Pts',(1.31356486194778,17.6557885543018,1.73733503583959));
#3927=CARTESIAN_POINT('Ctrl Pts',(1.35805225299577,17.6513721712233,1.64193151786176));
#3928=CARTESIAN_POINT('Origin',(3.90231108963899,19.5,0.918154001417781));
#3929=CARTESIAN_POINT('',(3.03733593496922,19.5,2.77309920667593));
#3930=CARTESIAN_POINT('Ctrl Pts',(0.467849851706807,-1.8,1.28148295205547));
#3931=CARTESIAN_POINT('Ctrl Pts',(0.499235651982606,-1.8,1.38317878198076));
#3932=CARTESIAN_POINT('Ctrl Pts',(0.47254975248449,-1.8,1.65038743353085));
#3933=CARTESIAN_POINT('Ctrl Pts',(0.232738418271129,-1.8,1.79756159904429));
#3934=CARTESIAN_POINT('Ctrl Pts',(0.0908452438090656,-1.8,1.79940875602005));
#3935=CARTESIAN_POINT('Ctrl Pts',(0.531551742229906,-1.86666666666667,1.26182300321964));
#3936=CARTESIAN_POINT('Ctrl Pts',(0.568168509218338,-1.86666666666667,1.38046813813248));
#3937=CARTESIAN_POINT('Ctrl Pts',(0.537034959803869,-1.86666666666667,1.69221156494092));
#3938=CARTESIAN_POINT('Ctrl Pts',(0.257255069888281,-1.86666666666667,1.86391475803993));
#3939=CARTESIAN_POINT('Ctrl Pts',(0.0917130330158743,-1.86666666666667,
1.86606977451165));
#3940=CARTESIAN_POINT('Ctrl Pts',(0.595253632753005,-1.93333333333333,1.24216305438381));
#3941=CARTESIAN_POINT('Ctrl Pts',(0.63710136645407,-1.93333333333333,1.3777574942842));
#3942=CARTESIAN_POINT('Ctrl Pts',(0.601520167123249,-1.93333333333333,1.73403569635098));
#3943=CARTESIAN_POINT('Ctrl Pts',(0.281771721505434,-1.93333333333333,1.93026791703557));
#3944=CARTESIAN_POINT('Ctrl Pts',(0.0925808222226829,-1.93333333333333,
1.93273079300325));
#3945=CARTESIAN_POINT('Ctrl Pts',(0.658955523276104,-2.,1.22250310554798));
#3946=CARTESIAN_POINT('Ctrl Pts',(0.706034223689802,-2.,1.37504685043591));
#3947=CARTESIAN_POINT('Ctrl Pts',(0.666005374442628,-2.,1.77585982776105));
#3948=CARTESIAN_POINT('Ctrl Pts',(0.306288373122586,-2.,1.9966210760312));
#3949=CARTESIAN_POINT('Ctrl Pts',(0.0934486114294916,-2.,1.99939181149484));
#3950=CARTESIAN_POINT('',(0.0908452438090656,-1.8,1.79940875602005));
#3951=CARTESIAN_POINT('',(0.0934486114294916,-2.,1.99939181149484));
#3952=CARTESIAN_POINT('',(0.467849851706807,-1.8,1.28148295205547));
#3953=CARTESIAN_POINT('Ctrl Pts',(0.0908452438090656,-1.8,1.79940875602005));
#3954=CARTESIAN_POINT('Ctrl Pts',(0.232738418271129,-1.8,1.79756159904429));
#3955=CARTESIAN_POINT('Ctrl Pts',(0.47254975248449,-1.8,1.65038743353085));
#3956=CARTESIAN_POINT('Ctrl Pts',(0.499235651982606,-1.8,1.38317878198076));
#3957=CARTESIAN_POINT('Ctrl Pts',(0.467849851706807,-1.8,1.28148295205547));
#3958=CARTESIAN_POINT('',(0.467849851706807,-1.8,1.28148295205547));
#3959=CARTESIAN_POINT('Ctrl Pts',(4.1906102578152E-13,-2.,2.));
#3960=CARTESIAN_POINT('Ctrl Pts',(0.0311464790869106,-2.,2.));
#3961=CARTESIAN_POINT('Ctrl Pts',(0.062297620457348,-2.,1.99979733325792));
#3962=CARTESIAN_POINT('Ctrl Pts',(0.0934486114294912,-2.,1.99939181149484));
#3963=CARTESIAN_POINT('Ctrl Pts',(4.15121911594451E-13,-1.93333333333333,
1.93333333333333));
#3964=CARTESIAN_POINT('Ctrl Pts',(0.030857282438007,-1.93333333333333,1.93333333333333));
#3965=CARTESIAN_POINT('Ctrl Pts',(0.0617191838941997,-1.93333333333333,
1.93313254799067));
#3966=CARTESIAN_POINT('Ctrl Pts',(0.0925808222226826,-1.93333333333333,
1.93273079300325));
#3967=CARTESIAN_POINT('Ctrl Pts',(4.11182797407383E-13,-1.86666666666667,
1.86666666666666));
#3968=CARTESIAN_POINT('Ctrl Pts',(0.0305680857891035,-1.86666666666667,
1.86666666666666));
#3969=CARTESIAN_POINT('Ctrl Pts',(0.0611407473310514,-1.86666666666667,
1.86646776272343));
#3970=CARTESIAN_POINT('Ctrl Pts',(0.091713033015874,-1.86666666666667,1.86606977451165));
#3971=CARTESIAN_POINT('Ctrl Pts',(4.07243683220315E-13,-1.8,1.8));
#3972=CARTESIAN_POINT('Ctrl Pts',(0.0302788891401999,-1.8,1.8));
#3973=CARTESIAN_POINT('Ctrl Pts',(0.0605623107679031,-1.8,1.79980297745618));
#3974=CARTESIAN_POINT('Ctrl Pts',(0.0908452438090654,-1.8,1.79940875602005));
#3975=CARTESIAN_POINT('',(4.08967797387772E-13,-1.8,1.8));
#3976=CARTESIAN_POINT('',(4.1906102578152E-13,-2.,2.));
#3977=CARTESIAN_POINT('Ctrl Pts',(4.07243683220315E-13,-1.8,1.8));
#3978=CARTESIAN_POINT('Ctrl Pts',(0.0302788891401999,-1.8,1.8));
#3979=CARTESIAN_POINT('Ctrl Pts',(0.0605623107679031,-1.8,1.79980297745618));
#3980=CARTESIAN_POINT('Ctrl Pts',(0.0908452438090654,-1.8,1.79940875602005));
#3981=CARTESIAN_POINT('Ctrl Pts',(-0.0934486069031445,-2.,1.99939181155377));
#3982=CARTESIAN_POINT('Ctrl Pts',(-0.0622976174395046,-2.,1.99979733327755));
#3983=CARTESIAN_POINT('Ctrl Pts',(-0.0311464775778017,-2.,2.));
#3984=CARTESIAN_POINT('Ctrl Pts',(4.19173057058938E-13,-2.,2.));
#3985=CARTESIAN_POINT('Ctrl Pts',(-0.0925808177383798,-1.93333333333333,
1.93273079306162));
#3986=CARTESIAN_POINT('Ctrl Pts',(-0.0617191809043772,-1.93333333333333,
1.93313254801012));
#3987=CARTESIAN_POINT('Ctrl Pts',(-0.0308572809429103,-1.93333333333333,
1.93333333333333));
#3988=CARTESIAN_POINT('Ctrl Pts',(4.15289117698116E-13,-1.93333333333333,
1.93333333333333));
#3989=CARTESIAN_POINT('Ctrl Pts',(-0.0917130285736151,-1.86666666666667,
1.86606977456948));
#3990=CARTESIAN_POINT('Ctrl Pts',(-0.0611407443692496,-1.86666666666667,
1.8664677627427));
#3991=CARTESIAN_POINT('Ctrl Pts',(-0.030568084308019,-1.86666666666667,
1.86666666666667));
#3992=CARTESIAN_POINT('Ctrl Pts',(4.11405178337294E-13,-1.86666666666667,
1.86666666666666));
#3993=CARTESIAN_POINT('Ctrl Pts',(-0.0908452394088505,-1.8,1.79940875607733));
#3994=CARTESIAN_POINT('Ctrl Pts',(-0.0605623078341222,-1.8,1.79980297747527));
#3995=CARTESIAN_POINT('Ctrl Pts',(-0.0302788876731275,-1.8,1.8));
#3996=CARTESIAN_POINT('Ctrl Pts',(4.07521238976472E-13,-1.8,1.8));
#3997=CARTESIAN_POINT('',(-0.0908452394088496,-1.8,1.79940875607733));
#3998=CARTESIAN_POINT('',(-0.0934486069031445,-2.,1.99939181155377));
#3999=CARTESIAN_POINT('Ctrl Pts',(-0.0908452394088505,-1.8,1.79940875607733));
#4000=CARTESIAN_POINT('Ctrl Pts',(-0.0605623078341222,-1.8,1.79980297747527));
#4001=CARTESIAN_POINT('Ctrl Pts',(-0.0302788876731275,-1.8,1.8));
#4002=CARTESIAN_POINT('Ctrl Pts',(4.07521238976472E-13,-1.8,1.8));
#4003=CARTESIAN_POINT('Ctrl Pts',(-0.0908452394088489,-1.8,1.79940875607733));
#4004=CARTESIAN_POINT('Ctrl Pts',(-0.197265120027125,-1.8,1.79802338841562));
#4005=CARTESIAN_POINT('Ctrl Pts',(-0.443342361894583,-1.8,1.69051243510683));
#4006=CARTESIAN_POINT('Ctrl Pts',(-0.509697581088485,-1.8,1.41707739367353));
#4007=CARTESIAN_POINT('Ctrl Pts',(-0.46784984810285,-1.8,1.28148295387212));
#4008=CARTESIAN_POINT('Ctrl Pts',(-0.0917130285736135,-1.86666666666667,
1.86606977456948));
#4009=CARTESIAN_POINT('Ctrl Pts',(-0.215869555961602,-1.86666666666667,
1.86445351229748));
#4010=CARTESIAN_POINT('Ctrl Pts',(-0.502959671473636,-1.86666666666667,
1.73902406677055));
#4011=CARTESIAN_POINT('Ctrl Pts',(-0.580374093866523,-1.86666666666667,
1.42001651843171));
#4012=CARTESIAN_POINT('Ctrl Pts',(-0.531551738716615,-1.86666666666667,
1.26182300533006));
#4013=CARTESIAN_POINT('Ctrl Pts',(-0.0925808177383782,-1.93333333333333,
1.93273079306162));
#4014=CARTESIAN_POINT('Ctrl Pts',(-0.23447399189608,-1.93333333333333,1.93088363617933));
#4015=CARTESIAN_POINT('Ctrl Pts',(-0.562576981052689,-1.93333333333333,
1.78753569843428));
#4016=CARTESIAN_POINT('Ctrl Pts',(-0.65105060664456,-1.93333333333333,1.42295564318988));
#4017=CARTESIAN_POINT('Ctrl Pts',(-0.595253629330379,-1.93333333333333,
1.242163056788));
#4018=CARTESIAN_POINT('Ctrl Pts',(-0.0934486069031429,-2.,1.99939181155377));
#4019=CARTESIAN_POINT('Ctrl Pts',(-0.253078427830557,-2.,1.99731376006119));
#4020=CARTESIAN_POINT('Ctrl Pts',(-0.622194290631743,-2.,1.83604733009801));
#4021=CARTESIAN_POINT('Ctrl Pts',(-0.721727119422597,-2.,1.42589476794806));
#4022=CARTESIAN_POINT('Ctrl Pts',(-0.658955519944144,-2.,1.22250310824594));
#4023=CARTESIAN_POINT('',(-0.46784984810285,-1.8,1.28148295387212));
#4024=CARTESIAN_POINT('',(-0.658955519944144,-2.,1.22250310824594));
#4025=CARTESIAN_POINT('Ctrl Pts',(-0.46784984810285,-1.8,1.28148295387212));
#4026=CARTESIAN_POINT('Ctrl Pts',(-0.509697581088485,-1.8,1.41707739367353));
#4027=CARTESIAN_POINT('Ctrl Pts',(-0.443342361894583,-1.8,1.69051243510683));
#4028=CARTESIAN_POINT('Ctrl Pts',(-0.197265120027125,-1.8,1.79802338841562));
#4029=CARTESIAN_POINT('Ctrl Pts',(-0.0908452394088489,-1.8,1.79940875607733));
#4030=CARTESIAN_POINT('Origin',(-3.,-1.9,0.499999999325291));
#4031=CARTESIAN_POINT('',(-0.720844826692148,-1.8,-0.852017639607002));
#4032=CARTESIAN_POINT('',(-0.892856537885193,-2.,-0.749978572517772));
#4033=CARTESIAN_POINT('Origin',(-3.,-1.8,0.499999999325291));
#4034=CARTESIAN_POINT('Origin',(-0.376821404306056,-1.9,-1.05609577378546));
#4035=CARTESIAN_POINT('',(-0.363883330338466,-1.8,-1.45588647683145));
#4036=CARTESIAN_POINT('',(-0.357414293354671,-2.,-1.65578182835445));
#4037=CARTESIAN_POINT('Origin',(-0.376821404306056,-1.8,-1.05609577378546));
#4038=CARTESIAN_POINT('Origin',(1.54074395550979E-32,-1.9,-12.7));
#4039=CARTESIAN_POINT('',(0.363883322457121,-1.8,-1.4558864765764));
#4040=CARTESIAN_POINT('',(0.35741428561344,-2.,-1.65578182810393));
#4041=CARTESIAN_POINT('Origin',(1.54074395550979E-32,-1.8,-12.7));
#4042=CARTESIAN_POINT('Origin',(0.376821396144486,-1.9,-1.05609577352134));
#4043=CARTESIAN_POINT('',(0.720844819600945,-1.8,-0.852017641147243));
#4044=CARTESIAN_POINT('',(0.892856531329175,-2.,-0.749978574960196));
#4045=CARTESIAN_POINT('Origin',(0.376821396144486,-1.8,-1.05609577352134));
#4046=CARTESIAN_POINT('Origin',(2.99999999999999,-1.9,0.499999985831119));
#4047=CARTESIAN_POINT('Origin',(2.99999999999999,-1.8,0.499999985831119));
#4048=CARTESIAN_POINT('Origin',(-0.376821404306056,0.,-1.05609577378546));
#4049=CARTESIAN_POINT('',(-0.363883330338466,19.3,-1.45588647683145));
#4050=CARTESIAN_POINT('',(-0.363883330338466,0.,-1.45588647683145));
#4051=CARTESIAN_POINT('',(-0.720844826692148,19.3,-0.852017639607002));
#4052=CARTESIAN_POINT('Origin',(-0.376821404306056,19.3,-1.05609577378546));
#4053=CARTESIAN_POINT('',(-0.720844826692148,0.,-0.852017639607002));
#4054=CARTESIAN_POINT('Origin',(1.54074395550979E-32,0.,-12.7));
#4055=CARTESIAN_POINT('',(0.363883322457121,19.3,-1.4558864765764));
#4056=CARTESIAN_POINT('',(0.363883322457121,0.,-1.4558864765764));
#4057=CARTESIAN_POINT('Origin',(1.54074395550979E-32,19.3,-12.7));
#4058=CARTESIAN_POINT('Origin',(0.376821396144486,0.,-1.05609577352134));
#4059=CARTESIAN_POINT('',(0.720844819600945,19.3,-0.852017641147243));
#4060=CARTESIAN_POINT('',(0.720844819600945,0.,-0.852017641147243));
#4061=CARTESIAN_POINT('Origin',(0.376821396144486,19.3,-1.05609577352134));
#4062=CARTESIAN_POINT('Origin',(2.99999999999999,0.,0.499999985831119));
#4063=CARTESIAN_POINT('',(0.467849851706807,1.545,1.28148295205547));
#4064=CARTESIAN_POINT('Ctrl Pts',(0.467849851706807,1.545,1.28148295205547));
#4065=CARTESIAN_POINT('Ctrl Pts',(0.467849851706807,0.429999999999999,1.28148295205547));
#4066=CARTESIAN_POINT('Ctrl Pts',(0.467849851706807,-0.685000000000002,
1.28148295205547));
#4067=CARTESIAN_POINT('Ctrl Pts',(0.467849851706807,-1.8,1.28148295205547));
#4068=CARTESIAN_POINT('',(0.467849851706807,15.955,1.28148295205547));
#4069=CARTESIAN_POINT('Ctrl Pts',(0.467849851706807,15.955,1.28148295205547));
#4070=CARTESIAN_POINT('Ctrl Pts',(0.467849851706807,11.1516666666667,1.28148295205547));
#4071=CARTESIAN_POINT('Ctrl Pts',(0.467849851706807,6.34833333333333,1.28148295205547));
#4072=CARTESIAN_POINT('Ctrl Pts',(0.467849851706807,1.545,1.28148295205547));
#4073=CARTESIAN_POINT('',(0.467849851706807,19.3,1.28148295205547));
#4074=CARTESIAN_POINT('Ctrl Pts',(0.467849851706807,19.3,1.28148295205547));
#4075=CARTESIAN_POINT('Ctrl Pts',(0.467849851706807,18.185,1.28148295205547));
#4076=CARTESIAN_POINT('Ctrl Pts',(0.467849851706807,17.07,1.28148295205547));
#4077=CARTESIAN_POINT('Ctrl Pts',(0.467849851706807,15.955,1.28148295205547));
#4078=CARTESIAN_POINT('Origin',(2.99999999999999,19.3,0.499999985831119));
#4079=CARTESIAN_POINT('Ctrl Pts',(0.0908452438090656,1.545,1.79940875602005));
#4080=CARTESIAN_POINT('Ctrl Pts',(0.0908452438090656,0.429999999999999,
1.79940875602005));
#4081=CARTESIAN_POINT('Ctrl Pts',(0.0908452438090656,-0.685000000000002,
1.79940875602005));
#4082=CARTESIAN_POINT('Ctrl Pts',(0.0908452438090656,-1.8,1.79940875602005));
#4083=CARTESIAN_POINT('Ctrl Pts',(0.161587028184044,1.545,1.79848784364367));
#4084=CARTESIAN_POINT('Ctrl Pts',(0.161587028184044,0.429999999999995,1.79848784364367));
#4085=CARTESIAN_POINT('Ctrl Pts',(0.161587028184044,-0.685000000000001,
1.79848784364367));
#4086=CARTESIAN_POINT('Ctrl Pts',(0.161587028184044,-1.8,1.79848784364367));
#4087=CARTESIAN_POINT('Ctrl Pts',(0.30220434750131,1.545,1.75824157083838));
#4088=CARTESIAN_POINT('Ctrl Pts',(0.30220434750131,0.430000000000004,1.75824157083838));
#4089=CARTESIAN_POINT('Ctrl Pts',(0.30220434750131,-0.685000000000003,1.75824157083838));
#4090=CARTESIAN_POINT('Ctrl Pts',(0.30220434750131,-1.8,1.75824157083838));
#4091=CARTESIAN_POINT('Ctrl Pts',(0.480091905597125,1.545,1.57266612381049));
#4092=CARTESIAN_POINT('Ctrl Pts',(0.480091905597125,0.429999999999994,1.57266612381049));
#4093=CARTESIAN_POINT('Ctrl Pts',(0.480091905597125,-0.685000000000002,
1.57266612381049));
#4094=CARTESIAN_POINT('Ctrl Pts',(0.480091905597125,-1.8,1.57266612381049));
#4095=CARTESIAN_POINT('Ctrl Pts',(0.499145049998961,1.545,1.38288521470388));
#4096=CARTESIAN_POINT('Ctrl Pts',(0.499145049998961,0.430000000000002,1.38288521470388));
#4097=CARTESIAN_POINT('Ctrl Pts',(0.499145049998961,-0.685000000000004,
1.38288521470388));
#4098=CARTESIAN_POINT('Ctrl Pts',(0.499145049998961,-1.8,1.38288521470388));
#4099=CARTESIAN_POINT('Ctrl Pts',(0.467849851706807,1.545,1.28148295205547));
#4100=CARTESIAN_POINT('Ctrl Pts',(0.467849851706807,0.429999999999999,1.28148295205547));
#4101=CARTESIAN_POINT('Ctrl Pts',(0.467849851706807,-0.685000000000002,
1.28148295205547));
#4102=CARTESIAN_POINT('Ctrl Pts',(0.467849851706807,-1.8,1.28148295205547));
#4103=CARTESIAN_POINT('',(0.0908452438090654,1.545,1.79940875602005));
#4104=CARTESIAN_POINT('Ctrl Pts',(0.0908452438090656,-1.8,1.79940875602005));
#4105=CARTESIAN_POINT('Ctrl Pts',(0.0908452438090656,-0.685000000000002,
1.79940875602005));
#4106=CARTESIAN_POINT('Ctrl Pts',(0.0908452438090656,0.429999999999999,
1.79940875602005));
#4107=CARTESIAN_POINT('Ctrl Pts',(0.0908452438090656,1.545,1.79940875602005));
#4108=CARTESIAN_POINT('Origin',(0.0856385085682137,1.545,1.39944264507047));
#4109=CARTESIAN_POINT('Ctrl Pts',(-0.46784984810285,19.3,1.28148295387212));
#4110=CARTESIAN_POINT('Ctrl Pts',(-0.499235647842076,19.3,1.38317878372318));
#4111=CARTESIAN_POINT('Ctrl Pts',(-0.472529049671624,19.3,1.65037832443393));
#4112=CARTESIAN_POINT('Ctrl Pts',(-0.23273841356655,19.3,1.79756159919504));
#4113=CARTESIAN_POINT('Ctrl Pts',(-0.0908452394088488,19.3,1.79940875607733));
#4114=CARTESIAN_POINT('Ctrl Pts',(-0.531551738716615,19.3666666666667,1.26182300533006));
#4115=CARTESIAN_POINT('Ctrl Pts',(-0.568168505079046,19.3666666666667,1.38046814015629));
#4116=CARTESIAN_POINT('Ctrl Pts',(-0.537010807213518,19.3666666666667,1.69220093765218));
#4117=CARTESIAN_POINT('Ctrl Pts',(-0.257255065090931,19.3666666666667,1.86391475820681));
#4118=CARTESIAN_POINT('Ctrl Pts',(-0.0917130285736134,19.3666666666667,
1.86606977456948));
#4119=CARTESIAN_POINT('Ctrl Pts',(-0.59525362933038,19.4333333333333,1.242163056788));
#4120=CARTESIAN_POINT('Ctrl Pts',(-0.637101362316015,19.4333333333333,1.37775749658941));
#4121=CARTESIAN_POINT('Ctrl Pts',(-0.601492564755411,19.4333333333333,1.73402355087042));
#4122=CARTESIAN_POINT('Ctrl Pts',(-0.281771716615313,19.4333333333333,1.93026791721857));
#4123=CARTESIAN_POINT('Ctrl Pts',(-0.0925808177383781,19.4333333333333,
1.93273079306162));
#4124=CARTESIAN_POINT('Ctrl Pts',(-0.658955519944144,19.5,1.22250310824594));
#4125=CARTESIAN_POINT('Ctrl Pts',(-0.706034219552984,19.5,1.37504685302253));
#4126=CARTESIAN_POINT('Ctrl Pts',(-0.665974322297305,19.5,1.77584616408867));
#4127=CARTESIAN_POINT('Ctrl Pts',(-0.306288368139695,19.5,1.99662107623033));
#4128=CARTESIAN_POINT('Ctrl Pts',(-0.0934486069031427,19.5,1.99939181155377));
#4129=CARTESIAN_POINT('',(-0.0908452394088488,19.3,1.79940875607733));
#4130=CARTESIAN_POINT('',(-0.0934486069031427,19.5,1.99939181155377));
#4131=CARTESIAN_POINT('',(-0.46784984810285,19.3,1.28148295387212));
#4132=CARTESIAN_POINT('Ctrl Pts',(-0.0908452394088488,19.3,1.79940875607733));
#4133=CARTESIAN_POINT('Ctrl Pts',(-0.23273841356655,19.3,1.79756159919504));
#4134=CARTESIAN_POINT('Ctrl Pts',(-0.472529049671624,19.3,1.65037832443393));
#4135=CARTESIAN_POINT('Ctrl Pts',(-0.499235647842076,19.3,1.38317878372318));
#4136=CARTESIAN_POINT('Ctrl Pts',(-0.46784984810285,19.3,1.28148295387212));
#4137=CARTESIAN_POINT('',(-0.46784984810285,19.3,1.28148295387212));
#4138=CARTESIAN_POINT('Ctrl Pts',(5.62456649065182E-16,19.5,2.));
#4139=CARTESIAN_POINT('Ctrl Pts',(-0.0311464775780808,19.5,2.));
#4140=CARTESIAN_POINT('Ctrl Pts',(-0.0622976174396421,19.5,1.99979733327755));
#4141=CARTESIAN_POINT('Ctrl Pts',(-0.0934486069031424,19.5,1.99939181155377));
#4142=CARTESIAN_POINT('Ctrl Pts',(5.60008270147647E-16,19.4333333333333,
1.93333333333333));
#4143=CARTESIAN_POINT('Ctrl Pts',(-0.0308572809431867,19.4333333333333,
1.93333333333333));
#4144=CARTESIAN_POINT('Ctrl Pts',(-0.0617191809045134,19.4333333333333,
1.93313254801012));
#4145=CARTESIAN_POINT('Ctrl Pts',(-0.0925808177383778,19.4333333333333,
1.93273079306162));
#4146=CARTESIAN_POINT('Ctrl Pts',(5.57559891230113E-16,19.3666666666667,
1.86666666666666));
#4147=CARTESIAN_POINT('Ctrl Pts',(-0.0305680843082929,19.3666666666667,
1.86666666666666));
#4148=CARTESIAN_POINT('Ctrl Pts',(-0.0611407443693847,19.3666666666667,
1.8664677627427));
#4149=CARTESIAN_POINT('Ctrl Pts',(-0.0917130285736131,19.3666666666667,
1.86606977456948));
#4150=CARTESIAN_POINT('Ctrl Pts',(5.55111512312578E-16,19.3,1.8));
#4151=CARTESIAN_POINT('Ctrl Pts',(-0.0302788876733989,19.3,1.8));
#4152=CARTESIAN_POINT('Ctrl Pts',(-0.060562307834256,19.3,1.79980297747527));
#4153=CARTESIAN_POINT('Ctrl Pts',(-0.0908452394088485,19.3,1.79940875607733));
#4154=CARTESIAN_POINT('',(5.41474322814456E-16,19.3,1.8));
#4155=CARTESIAN_POINT('',(5.62456649065182E-16,19.5,2.));
#4156=CARTESIAN_POINT('Ctrl Pts',(5.55111512312578E-16,19.3,1.8));
#4157=CARTESIAN_POINT('Ctrl Pts',(-0.0302788876733989,19.3,1.8));
#4158=CARTESIAN_POINT('Ctrl Pts',(-0.060562307834256,19.3,1.79980297747527));
#4159=CARTESIAN_POINT('Ctrl Pts',(-0.0908452394088485,19.3,1.79940875607733));
#4160=CARTESIAN_POINT('Ctrl Pts',(0.0934486114294912,19.5,1.99939181149484));
#4161=CARTESIAN_POINT('Ctrl Pts',(0.0622976204572089,19.5,1.99979733325792));
#4162=CARTESIAN_POINT('Ctrl Pts',(0.0311464790866312,19.5,2.));
#4163=CARTESIAN_POINT('Ctrl Pts',(5.62456649065182E-16,19.5,2.));
#4164=CARTESIAN_POINT('Ctrl Pts',(0.0925808222226826,19.4333333333333,1.93273079300325));
#4165=CARTESIAN_POINT('Ctrl Pts',(0.0617191838940619,19.4333333333333,1.93313254799067));
#4166=CARTESIAN_POINT('Ctrl Pts',(0.0308572824377302,19.4333333333333,1.93333333333333));
#4167=CARTESIAN_POINT('Ctrl Pts',(5.3687862380129E-16,19.4333333333333,
1.93333333333333));
#4168=CARTESIAN_POINT('Ctrl Pts',(0.091713033015874,19.3666666666667,1.86606977451165));
#4169=CARTESIAN_POINT('Ctrl Pts',(0.0611407473309149,19.3666666666667,1.86646776272343));
#4170=CARTESIAN_POINT('Ctrl Pts',(0.0305680857888293,19.3666666666667,1.86666666666666));
#4171=CARTESIAN_POINT('Ctrl Pts',(5.11300598537398E-16,19.3666666666667,
1.86666666666666));
#4172=CARTESIAN_POINT('Ctrl Pts',(0.0908452438090654,19.3,1.79940875602005));
#4173=CARTESIAN_POINT('Ctrl Pts',(0.0605623107677679,19.3,1.79980297745618));
#4174=CARTESIAN_POINT('Ctrl Pts',(0.0302788891399283,19.3,1.8));
#4175=CARTESIAN_POINT('Ctrl Pts',(4.85722573273506E-16,19.3,1.8));
#4176=CARTESIAN_POINT('',(0.0908452438090653,19.3,1.79940875602005));
#4177=CARTESIAN_POINT('',(0.0934486114294912,19.5,1.99939181149484));
#4178=CARTESIAN_POINT('Ctrl Pts',(0.0908452438090654,19.3,1.79940875602005));
#4179=CARTESIAN_POINT('Ctrl Pts',(0.0605623107677679,19.3,1.79980297745618));
#4180=CARTESIAN_POINT('Ctrl Pts',(0.0302788891399283,19.3,1.8));
#4181=CARTESIAN_POINT('Ctrl Pts',(4.85722573273506E-16,19.3,1.8));
#4182=CARTESIAN_POINT('Ctrl Pts',(0.0908452438090652,19.3,1.79940875602005));
#4183=CARTESIAN_POINT('Ctrl Pts',(0.197265124655612,19.3,1.79802338828823));
#4184=CARTESIAN_POINT('Ctrl Pts',(0.44332729373047,19.3,1.69049548906722));
#4185=CARTESIAN_POINT('Ctrl Pts',(0.509697585407871,19.3,1.41707739195586));
#4186=CARTESIAN_POINT('Ctrl Pts',(0.467849851706807,19.3,1.28148295205547));
#4187=CARTESIAN_POINT('Ctrl Pts',(0.0917130330158738,19.3666666666667,1.86606977451165));
#4188=CARTESIAN_POINT('Ctrl Pts',(0.215869560670179,19.3666666666667,1.86445351215786));
#4189=CARTESIAN_POINT('Ctrl Pts',(0.502942091257513,19.3666666666667,1.73900429640001));
#4190=CARTESIAN_POINT('Ctrl Pts',(0.580374098214481,19.3666666666667,1.42001651643676));
#4191=CARTESIAN_POINT('Ctrl Pts',(0.531551742229906,19.3666666666667,1.26182300321964));
#4192=CARTESIAN_POINT('Ctrl Pts',(0.0925808222226824,19.4333333333333,1.93273079300324));
#4193=CARTESIAN_POINT('Ctrl Pts',(0.234473996684745,19.4333333333333,1.93088363602749));
#4194=CARTESIAN_POINT('Ctrl Pts',(0.562556888784556,19.4333333333333,1.7875131037328));
#4195=CARTESIAN_POINT('Ctrl Pts',(0.65105061102109,19.4333333333333,1.42295564091766));
#4196=CARTESIAN_POINT('Ctrl Pts',(0.595253632753005,19.4333333333333,1.24216305438381));
#4197=CARTESIAN_POINT('Ctrl Pts',(0.093448611429491,19.5,1.99939181149484));
#4198=CARTESIAN_POINT('Ctrl Pts',(0.253078432699312,19.5,1.99731375989711));
#4199=CARTESIAN_POINT('Ctrl Pts',(0.622171686311598,19.5,1.83602191106559));
#4200=CARTESIAN_POINT('Ctrl Pts',(0.7217271238277,19.5,1.42589476539855));
#4201=CARTESIAN_POINT('Ctrl Pts',(0.658955523276104,19.5,1.22250310554798));
#4202=CARTESIAN_POINT('',(0.658955523276104,19.5,1.22250310554798));
#4203=CARTESIAN_POINT('Ctrl Pts',(0.467849851706807,19.3,1.28148295205547));
#4204=CARTESIAN_POINT('Ctrl Pts',(0.509697585407871,19.3,1.41707739195586));
#4205=CARTESIAN_POINT('Ctrl Pts',(0.44332729373047,19.3,1.69049548906722));
#4206=CARTESIAN_POINT('Ctrl Pts',(0.197265124655612,19.3,1.79802338828823));
#4207=CARTESIAN_POINT('Ctrl Pts',(0.0908452438090652,19.3,1.79940875602005));
#4208=CARTESIAN_POINT('Origin',(2.99999999999999,19.4,0.499999985831119));
#4209=CARTESIAN_POINT('',(0.892856531329175,19.5,-0.749978574960196));
#4210=CARTESIAN_POINT('Origin',(0.376821396144486,19.4,-1.05609577352134));
#4211=CARTESIAN_POINT('',(0.357414285613439,19.5,-1.65578182810393));
#4212=CARTESIAN_POINT('Origin',(1.54074395550979E-32,19.4,-12.7));
#4213=CARTESIAN_POINT('',(-0.35741429335467,19.5,-1.65578182835445));
#4214=CARTESIAN_POINT('Origin',(-0.376821404306056,19.4,-1.05609577378546));
#4215=CARTESIAN_POINT('',(-0.892856537885193,19.5,-0.749978572517773));
#4216=CARTESIAN_POINT('Origin',(-3.,19.4,0.499999999325291));
#4217=CARTESIAN_POINT('Origin',(-3.,19.3,0.499999999325291));
#4218=CARTESIAN_POINT('Origin',(-3.,0.,0.499999999325291));
#4219=CARTESIAN_POINT('',(-0.46784984810285,15.955,1.28148295387212));
#4220=CARTESIAN_POINT('Ctrl Pts',(-0.46784984810285,15.955,1.28148295387212));
#4221=CARTESIAN_POINT('Ctrl Pts',(-0.46784984810285,17.07,1.28148295387212));
#4222=CARTESIAN_POINT('Ctrl Pts',(-0.46784984810285,18.185,1.28148295387212));
#4223=CARTESIAN_POINT('Ctrl Pts',(-0.46784984810285,19.3,1.28148295387212));
#4224=CARTESIAN_POINT('',(-0.46784984810285,1.545,1.28148295387212));
#4225=CARTESIAN_POINT('Ctrl Pts',(-0.46784984810285,1.545,1.28148295387212));
#4226=CARTESIAN_POINT('Ctrl Pts',(-0.46784984810285,6.34833333333333,1.28148295387212));
#4227=CARTESIAN_POINT('Ctrl Pts',(-0.46784984810285,11.1516666666667,1.28148295387212));
#4228=CARTESIAN_POINT('Ctrl Pts',(-0.46784984810285,15.955,1.28148295387212));
#4229=CARTESIAN_POINT('Ctrl Pts',(-0.46784984810285,-1.8,1.28148295387212));
#4230=CARTESIAN_POINT('Ctrl Pts',(-0.46784984810285,-0.684999999999999,
1.28148295387212));
#4231=CARTESIAN_POINT('Ctrl Pts',(-0.46784984810285,0.43,1.28148295387212));
#4232=CARTESIAN_POINT('Ctrl Pts',(-0.46784984810285,1.545,1.28148295387212));
#4233=CARTESIAN_POINT('Ctrl Pts',(-0.0908452394088488,15.955,1.79940875607733));
#4234=CARTESIAN_POINT('Ctrl Pts',(-0.0908452394088488,17.07,1.79940875607733));
#4235=CARTESIAN_POINT('Ctrl Pts',(-0.0908452394088488,18.185,1.79940875607733));
#4236=CARTESIAN_POINT('Ctrl Pts',(-0.0908452394088488,19.3,1.79940875607733));
#4237=CARTESIAN_POINT('Ctrl Pts',(-0.161587023632764,15.955,1.79848784374755));
#4238=CARTESIAN_POINT('Ctrl Pts',(-0.161587023632764,17.07,1.79848784374755));
#4239=CARTESIAN_POINT('Ctrl Pts',(-0.161587023632764,18.185,1.79848784374755));
#4240=CARTESIAN_POINT('Ctrl Pts',(-0.161587023632764,19.3,1.79848784374755));
#4241=CARTESIAN_POINT('Ctrl Pts',(-0.302151192445399,15.955,1.75819885573208));
#4242=CARTESIAN_POINT('Ctrl Pts',(-0.302151192445399,17.07,1.75819885573208));
#4243=CARTESIAN_POINT('Ctrl Pts',(-0.302151192445399,18.185,1.75819885573208));
#4244=CARTESIAN_POINT('Ctrl Pts',(-0.302151192445399,19.3,1.75819885573208));
#4245=CARTESIAN_POINT('Ctrl Pts',(-0.479879614900647,15.955,1.57264934829087));
#4246=CARTESIAN_POINT('Ctrl Pts',(-0.479879614900647,17.07,1.57264934829087));
#4247=CARTESIAN_POINT('Ctrl Pts',(-0.479879614900647,18.185,1.57264934829087));
#4248=CARTESIAN_POINT('Ctrl Pts',(-0.479879614900647,19.3,1.57264934829087));
#4249=CARTESIAN_POINT('Ctrl Pts',(-0.49914504586028,15.955,1.38288521644748));
#4250=CARTESIAN_POINT('Ctrl Pts',(-0.49914504586028,17.07,1.38288521644748));
#4251=CARTESIAN_POINT('Ctrl Pts',(-0.49914504586028,18.185,1.38288521644748));
#4252=CARTESIAN_POINT('Ctrl Pts',(-0.49914504586028,19.3,1.38288521644748));
#4253=CARTESIAN_POINT('Ctrl Pts',(-0.46784984810285,15.955,1.28148295387212));
#4254=CARTESIAN_POINT('Ctrl Pts',(-0.46784984810285,17.07,1.28148295387212));
#4255=CARTESIAN_POINT('Ctrl Pts',(-0.46784984810285,18.185,1.28148295387212));
#4256=CARTESIAN_POINT('Ctrl Pts',(-0.46784984810285,19.3,1.28148295387212));
#4257=CARTESIAN_POINT('',(-0.0908452394088488,15.955,1.79940875607733));
#4258=CARTESIAN_POINT('Ctrl Pts',(-0.0908452394088488,19.3,1.79940875607733));
#4259=CARTESIAN_POINT('Ctrl Pts',(-0.0908452394088488,18.185,1.79940875607733));
#4260=CARTESIAN_POINT('Ctrl Pts',(-0.0908452394088488,17.07,1.79940875607733));
#4261=CARTESIAN_POINT('Ctrl Pts',(-0.0908452394088488,15.955,1.79940875607733));
#4262=CARTESIAN_POINT('Origin',(-0.0856385044202609,15.955,1.39944264512447));
#4263=CARTESIAN_POINT('Origin',(3.48395660411885,-1.875,-3.21286027335714));
#4264=CARTESIAN_POINT('',(1.22472036089592,-1.75,1.92786268319453));
#4265=CARTESIAN_POINT('',(3.59724507749843,-1.75,-3.16003299063956));
#4266=CARTESIAN_POINT('',(1.22472036089592,-1.75,1.92786268319453));
#4267=CARTESIAN_POINT('Origin',(2.13102814793257,-1.875,2.35048094493523));
#4268=CARTESIAN_POINT('Origin',(2.13102814793257,-1.75,2.35048094493523));
#4269=CARTESIAN_POINT('Origin',(2.13102814793257,19.5,2.35048094493523));
#4270=CARTESIAN_POINT('',(1.22472036089592,19.5,1.92786268319453));
#4271=CARTESIAN_POINT('Origin',(1.22472036089592,19.5,1.92786268319453));
#4272=CARTESIAN_POINT('Origin',(-3.91644418145374,19.375,-4.14033287598622));
#4273=CARTESIAN_POINT('',(-1.2247203519899,19.25,1.92786270229354));
#4274=CARTESIAN_POINT('',(-4.02973265483332,19.25,-4.08750559326863));
#4275=CARTESIAN_POINT('',(-1.2247203519899,19.25,1.92786270229354));
#4276=CARTESIAN_POINT('Origin',(-2.13102814793257,19.375,2.35048094493523));
#4277=CARTESIAN_POINT('Origin',(-2.13102814793257,19.25,2.35048094493523));
#4278=CARTESIAN_POINT('Origin',(-2.13102814793257,19.5,2.35048094493523));
#4279=CARTESIAN_POINT('',(-1.2247203519899,19.5,1.92786270229354));
#4280=CARTESIAN_POINT('Origin',(-2.08969551556569,19.5,0.0729174779363828));
#4281=CARTESIAN_POINT('Ctrl Pts',(0.467849851706807,15.955,1.28148295205547));
#4282=CARTESIAN_POINT('Ctrl Pts',(0.467849851706807,17.07,1.28148295205547));
#4283=CARTESIAN_POINT('Ctrl Pts',(0.467849851706807,18.185,1.28148295205547));
#4284=CARTESIAN_POINT('Ctrl Pts',(0.467849851706807,19.3,1.28148295205547));
#4285=CARTESIAN_POINT('Ctrl Pts',(0.488713317234909,15.955,1.34908446048775));
#4286=CARTESIAN_POINT('Ctrl Pts',(0.488713317234909,17.07,1.34908446048775));
#4287=CARTESIAN_POINT('Ctrl Pts',(0.488713317234909,18.185,1.34908446048775));
#4288=CARTESIAN_POINT('Ctrl Pts',(0.488713317234909,19.3,1.34908446048775));
#4289=CARTESIAN_POINT('Ctrl Pts',(0.493571048430346,15.955,1.49522785121867));
#4290=CARTESIAN_POINT('Ctrl Pts',(0.493571048430346,17.07,1.49522785121867));
#4291=CARTESIAN_POINT('Ctrl Pts',(0.493571048430346,18.185,1.49522785121867));
#4292=CARTESIAN_POINT('Ctrl Pts',(0.493571048430346,19.3,1.49522785121867));
#4293=CARTESIAN_POINT('Ctrl Pts',(0.3716186268087,15.955,1.721377401352));
#4294=CARTESIAN_POINT('Ctrl Pts',(0.3716186268087,17.07,1.721377401352));
#4295=CARTESIAN_POINT('Ctrl Pts',(0.3716186268087,18.185,1.721377401352));
#4296=CARTESIAN_POINT('Ctrl Pts',(0.3716186268087,19.3,1.721377401352));
#4297=CARTESIAN_POINT('Ctrl Pts',(0.196957920371533,15.955,1.79802738745548));
#4298=CARTESIAN_POINT('Ctrl Pts',(0.196957920371533,17.07,1.79802738745548));
#4299=CARTESIAN_POINT('Ctrl Pts',(0.196957920371533,18.185,1.79802738745548));
#4300=CARTESIAN_POINT('Ctrl Pts',(0.196957920371533,19.3,1.79802738745548));
#4301=CARTESIAN_POINT('Ctrl Pts',(0.0908452438090651,15.955,1.79940875602005));
#4302=CARTESIAN_POINT('Ctrl Pts',(0.0908452438090651,17.07,1.79940875602005));
#4303=CARTESIAN_POINT('Ctrl Pts',(0.0908452438090652,18.185,1.79940875602005));
#4304=CARTESIAN_POINT('Ctrl Pts',(0.0908452438090652,19.3,1.79940875602005));
#4305=CARTESIAN_POINT('',(0.0908452438090652,15.955,1.79940875602005));
#4306=CARTESIAN_POINT('Origin',(0.0856385085682135,15.955,1.39944264507047));
#4307=CARTESIAN_POINT('Ctrl Pts',(0.0908452438090651,15.955,1.79940875602005));
#4308=CARTESIAN_POINT('Ctrl Pts',(0.0908452438090651,17.07,1.79940875602005));
#4309=CARTESIAN_POINT('Ctrl Pts',(0.0908452438090652,18.185,1.79940875602005));
#4310=CARTESIAN_POINT('Ctrl Pts',(0.0908452438090652,19.3,1.79940875602005));
#4311=CARTESIAN_POINT('Ctrl Pts',(0.0908452438090653,15.955,1.79940875602005));
#4312=CARTESIAN_POINT('Ctrl Pts',(0.0908452438090653,11.1516666666667,1.79940875602005));
#4313=CARTESIAN_POINT('Ctrl Pts',(0.0908452438090654,6.34833333333333,1.79940875602005));
#4314=CARTESIAN_POINT('Ctrl Pts',(0.0908452438090654,1.545,1.79940875602005));
#4315=CARTESIAN_POINT('Ctrl Pts',(0.161587028184044,15.955,1.79848784364367));
#4316=CARTESIAN_POINT('Ctrl Pts',(0.161587028184044,11.1516666666666,1.79848784364367));
#4317=CARTESIAN_POINT('Ctrl Pts',(0.161587028184044,6.34833333333334,1.79848784364367));
#4318=CARTESIAN_POINT('Ctrl Pts',(0.161587028184044,1.545,1.79848784364367));
#4319=CARTESIAN_POINT('Ctrl Pts',(0.302158765599556,15.955,1.75820238083883));
#4320=CARTESIAN_POINT('Ctrl Pts',(0.302158765599556,11.1516666666667,1.75820238083883));
#4321=CARTESIAN_POINT('Ctrl Pts',(0.302158765599556,6.34833333333332,1.75820238083883));
#4322=CARTESIAN_POINT('Ctrl Pts',(0.302158765599556,1.545,1.75820238083883));
#4323=CARTESIAN_POINT('Ctrl Pts',(0.479898797267497,15.955,1.57265180791795));
#4324=CARTESIAN_POINT('Ctrl Pts',(0.479898797267497,11.1516666666666,1.57265180791795));
#4325=CARTESIAN_POINT('Ctrl Pts',(0.479898797267497,6.34833333333334,1.57265180791795));
#4326=CARTESIAN_POINT('Ctrl Pts',(0.479898797267497,1.545,1.57265180791795));
#4327=CARTESIAN_POINT('Ctrl Pts',(0.49914504999896,15.955,1.38288521470388));
#4328=CARTESIAN_POINT('Ctrl Pts',(0.49914504999896,11.1516666666667,1.38288521470388));
#4329=CARTESIAN_POINT('Ctrl Pts',(0.49914504999896,6.34833333333332,1.38288521470388));
#4330=CARTESIAN_POINT('Ctrl Pts',(0.49914504999896,1.545,1.38288521470388));
#4331=CARTESIAN_POINT('Ctrl Pts',(0.467849851706807,15.955,1.28148295205547));
#4332=CARTESIAN_POINT('Ctrl Pts',(0.467849851706807,11.1516666666667,1.28148295205547));
#4333=CARTESIAN_POINT('Ctrl Pts',(0.467849851706807,6.34833333333333,1.28148295205547));
#4334=CARTESIAN_POINT('Ctrl Pts',(0.467849851706807,1.545,1.28148295205547));
#4335=CARTESIAN_POINT('Ctrl Pts',(0.0908452438090654,1.545,1.79940875602005));
#4336=CARTESIAN_POINT('Ctrl Pts',(0.0908452438090654,6.34833333333333,1.79940875602005));
#4337=CARTESIAN_POINT('Ctrl Pts',(0.0908452438090653,11.1516666666667,1.79940875602005));
#4338=CARTESIAN_POINT('Ctrl Pts',(0.0908452438090653,15.955,1.79940875602005));
#4339=CARTESIAN_POINT('Ctrl Pts',(-0.0908452394088485,1.545,1.79940875607733));
#4340=CARTESIAN_POINT('Ctrl Pts',(-0.0908452394088485,6.34833333333333,
1.79940875607733));
#4341=CARTESIAN_POINT('Ctrl Pts',(-0.0908452394088485,11.1516666666667,
1.79940875607733));
#4342=CARTESIAN_POINT('Ctrl Pts',(-0.0908452394088485,15.955,1.79940875607733));
#4343=CARTESIAN_POINT('Ctrl Pts',(-0.161587023632764,1.545,1.79848784374755));
#4344=CARTESIAN_POINT('Ctrl Pts',(-0.161587023632764,6.34833333333335,1.79848784374755));
#4345=CARTESIAN_POINT('Ctrl Pts',(-0.161587023632764,11.1516666666666,1.79848784374755));
#4346=CARTESIAN_POINT('Ctrl Pts',(-0.161587023632764,15.955,1.79848784374755));
#4347=CARTESIAN_POINT('Ctrl Pts',(-0.302158760776347,1.545,1.758202381203));
#4348=CARTESIAN_POINT('Ctrl Pts',(-0.302158760776347,6.34833333333332,1.758202381203));
#4349=CARTESIAN_POINT('Ctrl Pts',(-0.302158760776347,11.1516666666667,1.758202381203));
#4350=CARTESIAN_POINT('Ctrl Pts',(-0.302158760776347,15.955,1.758202381203));
#4351=CARTESIAN_POINT('Ctrl Pts',(-0.479898792465714,1.545,1.57265180912409));
#4352=CARTESIAN_POINT('Ctrl Pts',(-0.479898792465714,6.34833333333334,1.57265180912409));
#4353=CARTESIAN_POINT('Ctrl Pts',(-0.479898792465714,11.1516666666667,1.57265180912409));
#4354=CARTESIAN_POINT('Ctrl Pts',(-0.479898792465714,15.955,1.57265180912409));
#4355=CARTESIAN_POINT('Ctrl Pts',(-0.49914504586028,1.545,1.38288521644748));
#4356=CARTESIAN_POINT('Ctrl Pts',(-0.49914504586028,6.34833333333332,1.38288521644748));
#4357=CARTESIAN_POINT('Ctrl Pts',(-0.49914504586028,11.1516666666667,1.38288521644748));
#4358=CARTESIAN_POINT('Ctrl Pts',(-0.49914504586028,15.955,1.38288521644748));
#4359=CARTESIAN_POINT('Ctrl Pts',(-0.46784984810285,1.545,1.28148295387212));
#4360=CARTESIAN_POINT('Ctrl Pts',(-0.46784984810285,6.34833333333333,1.28148295387212));
#4361=CARTESIAN_POINT('Ctrl Pts',(-0.46784984810285,11.1516666666667,1.28148295387212));
#4362=CARTESIAN_POINT('Ctrl Pts',(-0.46784984810285,15.955,1.28148295387212));
#4363=CARTESIAN_POINT('',(-0.0908452394088485,1.545,1.79940875607733));
#4364=CARTESIAN_POINT('Ctrl Pts',(-0.0908452394088485,15.955,1.79940875607733));
#4365=CARTESIAN_POINT('Ctrl Pts',(-0.0908452394088485,11.1516666666667,
1.79940875607733));
#4366=CARTESIAN_POINT('Ctrl Pts',(-0.0908452394088485,6.34833333333333,
1.79940875607733));
#4367=CARTESIAN_POINT('Ctrl Pts',(-0.0908452394088485,1.545,1.79940875607733));
#4368=CARTESIAN_POINT('Origin',(-0.0856385044202607,1.545,1.39944264512447));
#4369=CARTESIAN_POINT('Ctrl Pts',(-0.46784984810285,1.545,1.28148295387212));
#4370=CARTESIAN_POINT('Ctrl Pts',(-0.46784984810285,0.43,1.28148295387212));
#4371=CARTESIAN_POINT('Ctrl Pts',(-0.46784984810285,-0.684999999999999,
1.28148295387212));
#4372=CARTESIAN_POINT('Ctrl Pts',(-0.46784984810285,-1.8,1.28148295387212));
#4373=CARTESIAN_POINT('Ctrl Pts',(-0.48871331327447,1.545,1.34908446225569));
#4374=CARTESIAN_POINT('Ctrl Pts',(-0.48871331327447,0.429999999999998,1.34908446225569));
#4375=CARTESIAN_POINT('Ctrl Pts',(-0.48871331327447,-0.684999999999999,
1.34908446225569));
#4376=CARTESIAN_POINT('Ctrl Pts',(-0.48871331327447,-1.8,1.34908446225569));
#4377=CARTESIAN_POINT('Ctrl Pts',(-0.493628025998058,1.545,1.49526530391423));
#4378=CARTESIAN_POINT('Ctrl Pts',(-0.493628025998058,0.430000000000003,
1.49526530391423));
#4379=CARTESIAN_POINT('Ctrl Pts',(-0.493628025998058,-0.684999999999998,
1.49526530391423));
#4380=CARTESIAN_POINT('Ctrl Pts',(-0.493628025998058,-1.8,1.49526530391423));
#4381=CARTESIAN_POINT('Ctrl Pts',(-0.371699824793118,1.545,1.7215742593496));
#4382=CARTESIAN_POINT('Ctrl Pts',(-0.371699824793118,0.429999999999999,
1.7215742593496));
#4383=CARTESIAN_POINT('Ctrl Pts',(-0.371699824793118,-0.685,1.7215742593496));
#4384=CARTESIAN_POINT('Ctrl Pts',(-0.371699824793118,-1.8,1.7215742593496));
#4385=CARTESIAN_POINT('Ctrl Pts',(-0.196957915744722,1.545,1.79802738758265));
#4386=CARTESIAN_POINT('Ctrl Pts',(-0.196957915744722,0.430000000000002,
1.79802738758265));
#4387=CARTESIAN_POINT('Ctrl Pts',(-0.196957915744722,-0.684999999999999,
1.79802738758265));
#4388=CARTESIAN_POINT('Ctrl Pts',(-0.196957915744722,-1.8,1.79802738758265));
#4389=CARTESIAN_POINT('Ctrl Pts',(-0.0908452394088489,1.545,1.79940875607733));
#4390=CARTESIAN_POINT('Ctrl Pts',(-0.0908452394088489,0.430000000000001,
1.79940875607733));
#4391=CARTESIAN_POINT('Ctrl Pts',(-0.0908452394088489,-0.684999999999999,
1.79940875607733));
#4392=CARTESIAN_POINT('Ctrl Pts',(-0.0908452394088489,-1.8,1.79940875607733));
#4393=CARTESIAN_POINT('Ctrl Pts',(-0.0908452394088489,1.545,1.79940875607733));
#4394=CARTESIAN_POINT('Ctrl Pts',(-0.0908452394088489,0.430000000000001,
1.79940875607733));
#4395=CARTESIAN_POINT('Ctrl Pts',(-0.0908452394088489,-0.684999999999999,
1.79940875607733));
#4396=CARTESIAN_POINT('Ctrl Pts',(-0.0908452394088489,-1.8,1.79940875607733));
#4397=CARTESIAN_POINT('Ctrl Pts',(-0.672718916078471,1.545,1.76738421850145));
#4398=CARTESIAN_POINT('Ctrl Pts',(-0.672718916078471,-2.,1.76738421850145));
#4399=CARTESIAN_POINT('Ctrl Pts',(-0.561303394661177,1.545,1.7782543666314));
#4400=CARTESIAN_POINT('Ctrl Pts',(-0.561303394661177,-2.,1.7782543666314));
#4401=CARTESIAN_POINT('Ctrl Pts',(-0.449555727179155,1.545,1.78638950088701));
#4402=CARTESIAN_POINT('Ctrl Pts',(-0.449555727179155,-2.,1.78638950088701));
#4403=CARTESIAN_POINT('Ctrl Pts',(-0.225270383377518,1.545,1.7972751518217));
#4404=CARTESIAN_POINT('Ctrl Pts',(-0.225270383377518,-2.,1.7972751518217));
#4405=CARTESIAN_POINT('Ctrl Pts',(-0.1126038492076,1.545,1.8));
#4406=CARTESIAN_POINT('Ctrl Pts',(-0.1126038492076,-2.,1.8));
#4407=CARTESIAN_POINT('Ctrl Pts',(5.55111512312578E-16,1.545,1.8));
#4408=CARTESIAN_POINT('Ctrl Pts',(5.55111512312578E-16,-2.,1.8));
#4409=CARTESIAN_POINT('',(5.55111512312578E-16,1.545,1.8));
#4410=CARTESIAN_POINT('Ctrl Pts',(5.55111512312578E-16,1.545,1.8));
#4411=CARTESIAN_POINT('Ctrl Pts',(-0.0302788876733986,1.545,1.8));
#4412=CARTESIAN_POINT('Ctrl Pts',(-0.0605623078354954,1.545,1.79980297757047));
#4413=CARTESIAN_POINT('Ctrl Pts',(-0.0908452394143425,1.545,1.79940875649937));
#4414=CARTESIAN_POINT('',(5.55111512312578E-16,1.545,1.8));
#4415=CARTESIAN_POINT('Ctrl Pts',(5.27837133316334E-16,-2.575,1.8));
#4416=CARTESIAN_POINT('Ctrl Pts',(5.27837133316334E-16,20.0942104198512,
1.8));
#4417=CARTESIAN_POINT('Ctrl Pts',(-0.225244886578131,-2.575,1.8));
#4418=CARTESIAN_POINT('Ctrl Pts',(-0.225244886578131,20.0942104198512,1.8));
#4419=CARTESIAN_POINT('Ctrl Pts',(-0.451045083688359,-2.575,1.78901161263794));
#4420=CARTESIAN_POINT('Ctrl Pts',(-0.451045083688359,20.0942104198512,1.78901161263794));
#4421=CARTESIAN_POINT('Ctrl Pts',(-0.672718916078471,-2.575,1.76738421850145));
#4422=CARTESIAN_POINT('Ctrl Pts',(-0.672718916078471,20.0942104198512,1.76738421850145));
#4423=CARTESIAN_POINT('',(5.55111512312578E-16,15.955,1.8));
#4424=CARTESIAN_POINT('Ctrl Pts',(-0.0908452394143429,15.955,1.79940875649937));
#4425=CARTESIAN_POINT('Ctrl Pts',(-0.0605623078354956,15.955,1.79980297757047));
#4426=CARTESIAN_POINT('Ctrl Pts',(-0.0302788876733988,15.955,1.8));
#4427=CARTESIAN_POINT('Ctrl Pts',(5.55111512312578E-16,15.955,1.8));
#4428=CARTESIAN_POINT('',(5.27837133316334E-16,0.,1.8));
#4429=CARTESIAN_POINT('Ctrl Pts',(5.55111512312578E-16,15.955,1.8));
#4430=CARTESIAN_POINT('Ctrl Pts',(5.55111512312578E-16,19.5,1.8));
#4431=CARTESIAN_POINT('Ctrl Pts',(-0.1126038492076,15.955,1.8));
#4432=CARTESIAN_POINT('Ctrl Pts',(-0.1126038492076,19.5,1.8));
#4433=CARTESIAN_POINT('Ctrl Pts',(-0.225270383377518,15.955,1.7972751518217));
#4434=CARTESIAN_POINT('Ctrl Pts',(-0.225270383377518,19.5,1.7972751518217));
#4435=CARTESIAN_POINT('Ctrl Pts',(-0.449555727179155,15.955,1.78638950088701));
#4436=CARTESIAN_POINT('Ctrl Pts',(-0.449555727179155,19.5,1.78638950088701));
#4437=CARTESIAN_POINT('Ctrl Pts',(-0.561303394661177,15.955,1.7782543666314));
#4438=CARTESIAN_POINT('Ctrl Pts',(-0.561303394661177,19.5,1.7782543666314));
#4439=CARTESIAN_POINT('Ctrl Pts',(-0.672718916078471,15.955,1.76738421850145));
#4440=CARTESIAN_POINT('Ctrl Pts',(-0.672718916078471,19.5,1.76738421850145));
#4441=CARTESIAN_POINT('',(5.55111512312578E-16,15.955,1.8));
#4442=CARTESIAN_POINT('Origin',(0.,5.5,7.01736256658427));
#4443=CARTESIAN_POINT('Ctrl Pts',(-5.60905050881592,5.65,2.37156636858375));
#4444=CARTESIAN_POINT('Ctrl Pts',(-5.60773018320088,5.65127218169161,2.37301805319557));
#4445=CARTESIAN_POINT('Ctrl Pts',(-5.60640995355889,5.65254416231007,2.37446989032507));
#4446=CARTESIAN_POINT('Ctrl Pts',(-5.29670582183161,5.95101474277759,2.71523146173796));
#4447=CARTESIAN_POINT('Ctrl Pts',(-4.83728558823528,6.39445974093501,3.25472274707261));
#4448=CARTESIAN_POINT('Ctrl Pts',(-4.1314546348198,6.98035216049125,4.23220390361825));
#4449=CARTESIAN_POINT('Ctrl Pts',(-3.74268098678368,7.21174605069032,4.90375081167686));
#4450=CARTESIAN_POINT('Ctrl Pts',(-3.52462740198117,7.24395022485584,5.37249768335724));
#4451=CARTESIAN_POINT('Ctrl Pts',(-5.60905050881592,5.65,2.37156636858375));
#4452=CARTESIAN_POINT('Ctrl Pts',(-5.6077575524142,5.65132755718606,2.37298572520438));
#4453=CARTESIAN_POINT('Ctrl Pts',(-5.60646413908964,5.65264757650603,2.3744131630238));
#4454=CARTESIAN_POINT('Ctrl Pts',(-5.30328993261458,5.9638780930163,2.70770900232471));
#4455=CARTESIAN_POINT('Ctrl Pts',(-4.86308638202013,6.42467201133701,3.24962218632004));
#4456=CARTESIAN_POINT('Ctrl Pts',(-4.19268703565547,7.01680784815671,4.25042018313637));
#4457=CARTESIAN_POINT('Ctrl Pts',(-3.8246318473933,7.23335335351927,4.93927492260886));
#4458=CARTESIAN_POINT('Ctrl Pts',(-3.61848736218665,7.2496900105901,5.40912770243609));
#4459=CARTESIAN_POINT('Ctrl Pts',(-5.60905050881592,5.65,2.37156636858375));
#4460=CARTESIAN_POINT('Ctrl Pts',(-5.60778380376341,5.6513799256703,2.37295800542535));
#4461=CARTESIAN_POINT('Ctrl Pts',(-5.60651959607335,5.6527543523135,2.37435096936252));
#4462=CARTESIAN_POINT('Ctrl Pts',(-5.30955959436454,5.97627848753464,2.7011022636943));
#4463=CARTESIAN_POINT('Ctrl Pts',(-4.88287259512147,6.45619707515999,3.23739279902708));
#4464=CARTESIAN_POINT('Ctrl Pts',(-4.24072549521221,7.08137462334893,4.24433423749444));
#4465=CARTESIAN_POINT('Ctrl Pts',(-3.89397545138173,7.31842331344969,4.94884891409407));
#4466=CARTESIAN_POINT('Ctrl Pts',(-3.70244430049351,7.34249410384053,5.43568990583664));
#4467=CARTESIAN_POINT('Ctrl Pts',(-5.60905050881592,5.65,2.37156636858375));
#4468=CARTESIAN_POINT('Ctrl Pts',(-5.60781172763655,5.651431204403,2.37292839591626));
#4469=CARTESIAN_POINT('Ctrl Pts',(-5.60657309696472,5.65286218259885,2.3742908950819));
#4470=CARTESIAN_POINT('Ctrl Pts',(-5.31609515558815,5.98864158562062,2.69406481911542));
#4471=CARTESIAN_POINT('Ctrl Pts',(-4.89631697429619,6.48751720855147,3.21944168543013));
#4472=CARTESIAN_POINT('Ctrl Pts',(-4.25571793863853,7.14664618055184,4.21788302917969));
#4473=CARTESIAN_POINT('Ctrl Pts',(-3.90296393188677,7.40696430702661,4.92751687902242));
#4474=CARTESIAN_POINT('Ctrl Pts',(-3.70487696857532,7.44319400296282,5.42952484212802));
#4475=CARTESIAN_POINT('',(-3.52462740198117,7.24395022485584,5.37249768335724));
#4476=CARTESIAN_POINT('',(-3.7048769685753,7.44319400296282,5.42952484212802));
#4477=CARTESIAN_POINT('Origin',(-3.51883655051918,7.44319400296282,5.35611528655453));
#4478=CARTESIAN_POINT('',(-5.60905050881593,5.6499999999994,2.37156636858375));
#4479=CARTESIAN_POINT('Ctrl Pts',(-3.70487696857532,7.44319400296282,5.42952484212802));
#4480=CARTESIAN_POINT('Ctrl Pts',(-3.90296393188677,7.40696430702661,4.92751687902242));
#4481=CARTESIAN_POINT('Ctrl Pts',(-4.25571793863853,7.14664618055184,4.21788302917969));
#4482=CARTESIAN_POINT('Ctrl Pts',(-4.89631697429619,6.48751720855147,3.21944168543013));
#4483=CARTESIAN_POINT('Ctrl Pts',(-5.31609515558815,5.98864158562062,2.69406481911542));
#4484=CARTESIAN_POINT('Ctrl Pts',(-5.60657309696472,5.65286218259885,2.3742908950819));
#4485=CARTESIAN_POINT('Ctrl Pts',(-5.60781172763655,5.651431204403,2.37292839591626));
#4486=CARTESIAN_POINT('Ctrl Pts',(-5.60905050881592,5.65,2.37156636858375));
#4487=CARTESIAN_POINT('Ctrl Pts',(-5.60905050881592,5.65,2.37156636858375));
#4488=CARTESIAN_POINT('Ctrl Pts',(-5.60773018320088,5.65127218169161,2.37301805319557));
#4489=CARTESIAN_POINT('Ctrl Pts',(-5.60640995355889,5.65254416231007,2.37446989032507));
#4490=CARTESIAN_POINT('Ctrl Pts',(-5.29670582183161,5.95101474277759,2.71523146173796));
#4491=CARTESIAN_POINT('Ctrl Pts',(-4.83728558823528,6.39445974093501,3.25472274707261));
#4492=CARTESIAN_POINT('Ctrl Pts',(-4.1314546348198,6.98035216049125,4.23220390361825));
#4493=CARTESIAN_POINT('Ctrl Pts',(-3.74268098678368,7.21174605069032,4.90375081167686));
#4494=CARTESIAN_POINT('Ctrl Pts',(-3.52462740198117,7.24395022485584,5.37249768335724));
#4495=CARTESIAN_POINT('Ctrl Pts',(-3.60278632976014,7.45,5.64883601024392));
#4496=CARTESIAN_POINT('Ctrl Pts',(-3.64178008923624,7.44999999998724,5.57729774671633));
#4497=CARTESIAN_POINT('Ctrl Pts',(-3.67561240642185,7.44795674936434,5.5036894564576));
#4498=CARTESIAN_POINT('Ctrl Pts',(-3.70487696857326,7.44319400296315,5.42952484213314));
#4499=CARTESIAN_POINT('Ctrl Pts',(-3.60278632975573,7.39764012244649,5.64883601025201));
#4500=CARTESIAN_POINT('Ctrl Pts',(-3.6413024149877,7.39831564682782,5.57812840982808));
#4501=CARTESIAN_POINT('Ctrl Pts',(-3.67473953336998,7.39692617682531,5.50561581437863));
#4502=CARTESIAN_POINT('Ctrl Pts',(-3.70366063453238,7.39284405340196,5.43260737398737));
#4503=CARTESIAN_POINT('Ctrl Pts',(-3.56471036834914,7.29336494920775,5.62808173406186));
#4504=CARTESIAN_POINT('Ctrl Pts',(-3.60240811238825,7.2953330201143,5.56137564845723));
#4505=CARTESIAN_POINT('Ctrl Pts',(-3.63525967846383,7.29527507978828,5.49293221970217));
#4506=CARTESIAN_POINT('Ctrl Pts',(-3.66391587385367,7.29250870238933,5.42402369233968));
#4507=CARTESIAN_POINT('Ctrl Pts',(-3.47315307274311,7.25000000000994,5.57817608935544));
#4508=CARTESIAN_POINT('Ctrl Pts',(-3.51014057401769,7.25107534267358,5.51731880113114));
#4509=CARTESIAN_POINT('Ctrl Pts',(-3.54277078692144,7.250175880064,5.45451373180633));
#4510=CARTESIAN_POINT('Ctrl Pts',(-3.57155738208189,7.24682011772321,5.39081269290107));
#4511=CARTESIAN_POINT('Ctrl Pts',(-3.42717924562442,7.25,5.55311687952195));
#4512=CARTESIAN_POINT('Ctrl Pts',(-3.46363247887669,7.24999999998866,5.49463370215343));
#4513=CARTESIAN_POINT('Ctrl Pts',(-3.49596213445535,7.24818377721275,5.43411902515116));
#4514=CARTESIAN_POINT('Ctrl Pts',(-3.52462740197915,7.24395022485613,5.3724976833615));
#4515=CARTESIAN_POINT('',(-3.42717924585207,7.25,5.55311687966384));
#4516=CARTESIAN_POINT('Ctrl Pts',(-3.52462740197915,7.24395022485613,5.3724976833615));
#4517=CARTESIAN_POINT('Ctrl Pts',(-3.49596213445535,7.24818377721275,5.43411902515116));
#4518=CARTESIAN_POINT('Ctrl Pts',(-3.46363247887669,7.24999999998866,5.49463370215343));
#4519=CARTESIAN_POINT('Ctrl Pts',(-3.42717924562442,7.25,5.55311687952195));
#4520=CARTESIAN_POINT('',(-3.60278632976014,7.45,5.64883601024392));
#4521=CARTESIAN_POINT('Origin',(-3.42717924560794,7.45,5.55311687947289));
#4522=CARTESIAN_POINT('Ctrl Pts',(-3.60278632976014,7.45,5.64883601024392));
#4523=CARTESIAN_POINT('Ctrl Pts',(-3.64178008923624,7.44999999998724,5.57729774671633));
#4524=CARTESIAN_POINT('Ctrl Pts',(-3.67561240642185,7.44795674936434,5.5036894564576));
#4525=CARTESIAN_POINT('Ctrl Pts',(-3.70487696857326,7.44319400296315,5.42952484213314));
#4526=CARTESIAN_POINT('Ctrl Pts',(3.617487352287,7.45,5.65008382723373));
#4527=CARTESIAN_POINT('Ctrl Pts',(3.51488142532926,7.45,5.81993682044536));
#4528=CARTESIAN_POINT('Ctrl Pts',(3.25273305958121,7.45,6.13475132549295));
#4529=CARTESIAN_POINT('Ctrl Pts',(2.55842331490889,7.45,6.54234251284597));
#4530=CARTESIAN_POINT('Ctrl Pts',(1.6330569061161,7.45,6.72280174007114));
#4531=CARTESIAN_POINT('Ctrl Pts',(0.184102145258533,7.45,6.79154918137622));
#4532=CARTESIAN_POINT('Ctrl Pts',(-1.24751003165167,7.45,6.77870563543415));
#4533=CARTESIAN_POINT('Ctrl Pts',(-2.54511882679879,7.45,6.55826361701852));
#4534=CARTESIAN_POINT('Ctrl Pts',(-3.24751225816791,7.45,6.15151057818779));
#4535=CARTESIAN_POINT('Ctrl Pts',(-3.50666544395555,7.45,5.82518015739273));
#4536=CARTESIAN_POINT('Ctrl Pts',(-3.60278632974648,7.45,5.64883601026898));
#4537=CARTESIAN_POINT('Ctrl Pts',(3.617487352287,7.39764012244017,5.65008382723373));
#4538=CARTESIAN_POINT('Ctrl Pts',(3.51486017906466,7.39764012244017,5.81997199133405));
#4539=CARTESIAN_POINT('Ctrl Pts',(3.25269532895402,7.39764012244017,6.13483488886883));
#4540=CARTESIAN_POINT('Ctrl Pts',(2.55830595756661,7.39764012244017,6.54247533936869));
#4541=CARTESIAN_POINT('Ctrl Pts',(1.63295534269006,7.39764012244017,6.7228984184046));
#4542=CARTESIAN_POINT('Ctrl Pts',(0.184042865190848,7.39764012244017,6.79164245475512));
#4543=CARTESIAN_POINT('Ctrl Pts',(-1.2473796282169,7.39764012244017,6.77880695684634));
#4544=CARTESIAN_POINT('Ctrl Pts',(-2.54496870394613,7.39764012244017,6.55841753494356));
#4545=CARTESIAN_POINT('Ctrl Pts',(-3.2474740438048,7.39764012244017,6.15160543653377));
#4546=CARTESIAN_POINT('Ctrl Pts',(-3.50664337869552,7.39764012244017,5.82522063849555));
#4547=CARTESIAN_POINT('Ctrl Pts',(-3.60278632974648,7.39764012244017,5.64883601026898));
#4548=CARTESIAN_POINT('Ctrl Pts',(3.58036893740512,7.29336537738555,5.62766108805119));
#4549=CARTESIAN_POINT('Ctrl Pts',(3.47997752418887,7.29336537738555,5.79384819373906));
#4550=CARTESIAN_POINT('Ctrl Pts',(3.22431472550361,7.29336537738554,6.10078314147793));
#4551=CARTESIAN_POINT('Ctrl Pts',(2.54538283553907,7.29336537738555,6.50002398332149));
#4552=CARTESIAN_POINT('Ctrl Pts',(1.62887332228704,7.29336537738555,6.67956736445211));
#4553=CARTESIAN_POINT('Ctrl Pts',(0.184422139779486,7.29336537738555,6.74796843309417));
#4554=CARTESIAN_POINT('Ctrl Pts',(-1.24670725052743,7.29336537738554,6.73545155557718));
#4555=CARTESIAN_POINT('Ctrl Pts',(-2.53287027592358,7.29336537738555,6.51563996451117));
#4556=CARTESIAN_POINT('Ctrl Pts',(-3.21888303987218,7.29336537738554,6.11746143885419));
#4557=CARTESIAN_POINT('Ctrl Pts',(-3.47088898481302,7.29336537738555,5.80020630121027));
#4558=CARTESIAN_POINT('Ctrl Pts',(-3.56470999236763,7.29336537738555,5.62808152912387));
#4559=CARTESIAN_POINT('Ctrl Pts',(3.49111540193539,7.25,5.57374421812758));
#4560=CARTESIAN_POINT('Ctrl Pts',(3.39601384947672,7.25,5.73117453256575));
#4561=CARTESIAN_POINT('Ctrl Pts',(3.1559187860616,7.25,6.01924248553423));
#4562=CARTESIAN_POINT('Ctrl Pts',(2.51383244882306,7.25,6.39848573047947));
#4563=CARTESIAN_POINT('Ctrl Pts',(1.61864596530721,7.25,6.57576722621067));
#4564=CARTESIAN_POINT('Ctrl Pts',(0.185093721848511,7.25,6.64332979906524));
#4565=CARTESIAN_POINT('Ctrl Pts',(-1.2445616321945,7.25,6.63161170246548));
#4566=CARTESIAN_POINT('Ctrl Pts',(-2.50317003836264,7.25,6.41340284399811));
#4567=CARTESIAN_POINT('Ctrl Pts',(-3.14997921762845,7.25,6.03574476752564));
#4568=CARTESIAN_POINT('Ctrl Pts',(-3.38482583808758,7.25,5.74022194160294));
#4569=CARTESIAN_POINT('Ctrl Pts',(-3.47315307271963,7.25,5.57817608933244));
#4570=CARTESIAN_POINT('Ctrl Pts',(3.44629818194095,7.25,5.54667073349685));
#4571=CARTESIAN_POINT('Ctrl Pts',(3.35386391096192,7.25,5.69968565248482));
#4572=CARTESIAN_POINT('Ctrl Pts',(3.12159451793343,7.25,5.9782546499555));
#4573=CARTESIAN_POINT('Ctrl Pts',(2.49805104280936,7.25,6.34743077244901));
#4574=CARTESIAN_POINT('Ctrl Pts',(1.61356334972266,7.25,6.52359532217786));
#4575=CARTESIAN_POINT('Ctrl Pts',(0.185461814410369,7.25,6.59073863096503));
#4576=CARTESIAN_POINT('Ctrl Pts',(-1.24355214867482,7.25,6.57941743849565));
#4577=CARTESIAN_POINT('Ctrl Pts',(-2.48833471658641,7.25,6.36198597809036));
#4578=CARTESIAN_POINT('Ctrl Pts',(-3.11540017625396,7.25,5.99466266711843));
#4579=CARTESIAN_POINT('Ctrl Pts',(-3.34162211011022,7.25,5.71008068567951));
#4580=CARTESIAN_POINT('Ctrl Pts',(-3.42717924559578,7.25,5.55311687949519));
#4581=CARTESIAN_POINT('',(3.44629818198664,7.25,5.54667073363193));
#4582=CARTESIAN_POINT('Ctrl Pts',(-3.42717924559578,7.25,5.55311687949519));
#4583=CARTESIAN_POINT('Ctrl Pts',(-3.34162211011022,7.25,5.71008068567951));
#4584=CARTESIAN_POINT('Ctrl Pts',(-3.11540017625396,7.25,5.99466266711843));
#4585=CARTESIAN_POINT('Ctrl Pts',(-2.48833471658641,7.25,6.36198597809036));
#4586=CARTESIAN_POINT('Ctrl Pts',(-1.24355214867482,7.25,6.57941743849565));
#4587=CARTESIAN_POINT('Ctrl Pts',(0.185461814410369,7.25,6.59073863096503));
#4588=CARTESIAN_POINT('Ctrl Pts',(1.61356334972266,7.25,6.52359532217786));
#4589=CARTESIAN_POINT('Ctrl Pts',(2.49805104280936,7.25,6.34743077244901));
#4590=CARTESIAN_POINT('Ctrl Pts',(3.12159451793343,7.25,5.9782546499555));
#4591=CARTESIAN_POINT('Ctrl Pts',(3.35386391096192,7.25,5.69968565248482));
#4592=CARTESIAN_POINT('Ctrl Pts',(3.44629818194095,7.25,5.54667073349685));
#4593=CARTESIAN_POINT('',(3.617487352287,7.45,5.65008382723373));
#4594=CARTESIAN_POINT('Origin',(3.44629818194095,7.45,5.54667073349685));
#4595=CARTESIAN_POINT('Ctrl Pts',(3.617487352287,7.45,5.65008382723373));
#4596=CARTESIAN_POINT('Ctrl Pts',(3.51488142532926,7.45,5.81993682044536));
#4597=CARTESIAN_POINT('Ctrl Pts',(3.25273305958121,7.45,6.13475132549295));
#4598=CARTESIAN_POINT('Ctrl Pts',(2.55842331490889,7.45,6.54234251284597));
#4599=CARTESIAN_POINT('Ctrl Pts',(1.6330569061161,7.45,6.72280174007114));
#4600=CARTESIAN_POINT('Ctrl Pts',(0.184102145258533,7.45,6.79154918137622));
#4601=CARTESIAN_POINT('Ctrl Pts',(-1.24751003165167,7.45,6.77870563543415));
#4602=CARTESIAN_POINT('Ctrl Pts',(-2.54511882679879,7.45,6.55826361701852));
#4603=CARTESIAN_POINT('Ctrl Pts',(-3.24751225816791,7.45,6.15151057818779));
#4604=CARTESIAN_POINT('Ctrl Pts',(-3.50666544395555,7.45,5.82518015739273));
#4605=CARTESIAN_POINT('Ctrl Pts',(-3.60278632974648,7.45,5.64883601026898));
#4606=CARTESIAN_POINT('Ctrl Pts',(3.7810597906396,7.43449627576659,5.31857026729139));
#4607=CARTESIAN_POINT('Ctrl Pts',(3.73600631512295,7.44551317557628,5.43105556072291));
#4608=CARTESIAN_POINT('Ctrl Pts',(3.6821691863016,7.44999999998848,5.54301006025414));
#4609=CARTESIAN_POINT('Ctrl Pts',(3.617487352287,7.45,5.65008382723372));
#4610=CARTESIAN_POINT('Ctrl Pts',(3.77926282413084,7.38529592690532,5.32305676478589));
#4611=CARTESIAN_POINT('Ctrl Pts',(3.73469178039911,7.39521003280526,5.43381793670309));
#4612=CARTESIAN_POINT('Ctrl Pts',(3.68144729436641,7.39867794586897,5.54414011356912));
#4613=CARTESIAN_POINT('Ctrl Pts',(3.61748735228423,7.39764012244421,5.6500838272383));
#4614=CARTESIAN_POINT('Ctrl Pts',(3.73999951906408,7.2872215356551,5.31770865957145));
#4615=CARTESIAN_POINT('Ctrl Pts',(3.69559040168668,7.2949948715348,5.42279757013405));
#4616=CARTESIAN_POINT('Ctrl Pts',(3.64309205843013,7.29638861455948,5.52732078861601));
#4617=CARTESIAN_POINT('Ctrl Pts',(3.5803692410778,7.29336502261459,5.62766127151451));
#4618=CARTESIAN_POINT('Ctrl Pts',(3.65028870422921,7.24052735855885,5.28671803033905));
#4619=CARTESIAN_POINT('Ctrl Pts',(3.60524384813687,7.24904169886152,5.38491800521444));
#4620=CARTESIAN_POINT('Ctrl Pts',(3.55277223144779,7.25165207331891,5.48163255236958));
#4621=CARTESIAN_POINT('Ctrl Pts',(3.49111540194209,7.25000000000634,5.57374421815551));
#4622=CARTESIAN_POINT('Ctrl Pts',(3.60441475776362,7.23621891179252,5.26880015103917));
#4623=CARTESIAN_POINT('Ctrl Pts',(3.55932787470641,7.24601171162336,5.36428533170144));
#4624=CARTESIAN_POINT('Ctrl Pts',(3.5071564953842,7.24999999998976,5.45786313270194));
#4625=CARTESIAN_POINT('Ctrl Pts',(3.4462981819511,7.25,5.54667073352687));
#4626=CARTESIAN_POINT('',(3.60441475776362,7.23621891179252,5.26880015103917));
#4627=CARTESIAN_POINT('Ctrl Pts',(3.4462981819511,7.25,5.54667073352687));
#4628=CARTESIAN_POINT('Ctrl Pts',(3.5071564953842,7.24999999998976,5.45786313270194));
#4629=CARTESIAN_POINT('Ctrl Pts',(3.55932787470641,7.24601171162336,5.36428533170144));
#4630=CARTESIAN_POINT('Ctrl Pts',(3.60441475776362,7.23621891179252,5.26880015103917));
#4631=CARTESIAN_POINT('',(3.7810597906396,7.43449627576659,5.31857026729139));
#4632=CARTESIAN_POINT('Origin',(3.59539825547058,7.43449627576659,5.24420768020162));
#4633=CARTESIAN_POINT('Ctrl Pts',(3.7810597906396,7.43449627576659,5.31857026729139));
#4634=CARTESIAN_POINT('Ctrl Pts',(3.73600631512295,7.44551317557628,5.43105556072291));
#4635=CARTESIAN_POINT('Ctrl Pts',(3.6821691863016,7.44999999998848,5.54301006025414));
#4636=CARTESIAN_POINT('Ctrl Pts',(3.617487352287,7.45,5.65008382723372));
#4637=CARTESIAN_POINT('Ctrl Pts',(3.6044147577636,7.23621891179252,5.26880015103916));
#4638=CARTESIAN_POINT('Ctrl Pts',(3.81934363256033,7.18953669944973,4.81362292325289));
#4639=CARTESIAN_POINT('Ctrl Pts',(4.19776807698798,6.95333234843636,4.16409963046383));
#4640=CARTESIAN_POINT('Ctrl Pts',(4.88235637446655,6.37453031852849,3.21210462507464));
#4641=CARTESIAN_POINT('Ctrl Pts',(5.32500820713656,5.94367637454121,2.68791080418527));
#4642=CARTESIAN_POINT('Ctrl Pts',(5.62453647226361,5.65257305330426,2.35445726056545));
#4643=CARTESIAN_POINT('Ctrl Pts',(5.6258605295315,5.65128662478053,2.35298405481808));
#4644=CARTESIAN_POINT('Ctrl Pts',(5.62718466853836,5.65,2.35151101364385));
#4645=CARTESIAN_POINT('Ctrl Pts',(3.65684212515285,7.24114285095404,5.28927772738189));
#4646=CARTESIAN_POINT('Ctrl Pts',(3.86496714070658,7.20290635849165,4.83290631097455));
#4647=CARTESIAN_POINT('Ctrl Pts',(4.23170606402256,6.97431885951037,4.17355983026364));
#4648=CARTESIAN_POINT('Ctrl Pts',(4.89651741032138,6.39150299136186,3.20891946546044));
#4649=CARTESIAN_POINT('Ctrl Pts',(5.32860344314472,5.95070134575952,2.68394069669516));
#4650=CARTESIAN_POINT('Ctrl Pts',(5.62456785116892,5.65263421592072,2.35442263459424));
#4651=CARTESIAN_POINT('Ctrl Pts',(5.62587617206618,5.65131725870384,2.35296665324805));
#4652=CARTESIAN_POINT('Ctrl Pts',(5.62718466853836,5.65,2.35151101364385));
#4653=CARTESIAN_POINT('Ctrl Pts',(3.74583269791618,7.29375891908168,5.31935324308887));
#4654=CARTESIAN_POINT('Ctrl Pts',(3.93955622895158,7.25831461394315,4.85298052899862));
#4655=CARTESIAN_POINT('Ctrl Pts',(4.28443646034665,7.02534154992959,4.17720079836833));
#4656=CARTESIAN_POINT('Ctrl Pts',(4.91822660223474,6.42136038383837,3.19962715703878));
#4657=CARTESIAN_POINT('Ctrl Pts',(5.33491934278655,5.96289292984946,2.67703473462585));
#4658=CARTESIAN_POINT('Ctrl Pts',(5.62462258671456,5.65274156352619,2.35436181765916));
#4659=CARTESIAN_POINT('Ctrl Pts',(5.62590354650187,5.65137086806964,2.35293620050051));
#4660=CARTESIAN_POINT('Ctrl Pts',(5.62718466853837,5.65,2.35151101364385));
#4661=CARTESIAN_POINT('Ctrl Pts',(3.77951953363208,7.39232454817122,5.32241583657238));
#4662=CARTESIAN_POINT('Ctrl Pts',(3.9718155455112,7.34489902876064,4.84155379725904));
#4663=CARTESIAN_POINT('Ctrl Pts',(4.31224177136961,7.08897547616033,4.15850604264919));
#4664=CARTESIAN_POINT('Ctrl Pts',(4.93384330955509,6.45196690190627,3.18428267027688));
#4665=CARTESIAN_POINT('Ctrl Pts',(5.34115955417218,5.97513675247612,2.67009025075253));
#4666=CARTESIAN_POINT('Ctrl Pts',(5.62467737184069,5.65284875241864,2.35430095446472));
#4667=CARTESIAN_POINT('Ctrl Pts',(5.62593092093755,5.65142447743543,2.35290574775296));
#4668=CARTESIAN_POINT('Ctrl Pts',(5.62718466853836,5.65,2.35151101364385));
#4669=CARTESIAN_POINT('Ctrl Pts',(3.78105979063958,7.43449627576659,5.31857026729138));
#4670=CARTESIAN_POINT('Ctrl Pts',(3.9759459376423,7.38197878688094,4.83199680808644));
#4671=CARTESIAN_POINT('Ctrl Pts',(4.3186814364257,7.11624889198955,4.14721230254824));
#4672=CARTESIAN_POINT('Ctrl Pts',(4.93948880304268,6.46509660834389,3.17676352548096));
#4673=CARTESIAN_POINT('Ctrl Pts',(5.34384112363628,5.98038592135462,2.66711379541835));
#4674=CARTESIAN_POINT('Ctrl Pts',(5.62470079578188,5.65289468496731,2.35427484102682));
#4675=CARTESIAN_POINT('Ctrl Pts',(5.62594265283856,5.65144745287792,2.35289269657544));
#4676=CARTESIAN_POINT('Ctrl Pts',(5.62718466853836,5.65,2.35151101364385));
#4677=CARTESIAN_POINT('',(5.62718466853835,5.6499999999993,2.35151101364387));
#4678=CARTESIAN_POINT('Ctrl Pts',(3.6044147577636,7.23621891179252,5.26880015103916));
#4679=CARTESIAN_POINT('Ctrl Pts',(3.81934363256033,7.18953669944973,4.81362292325289));
#4680=CARTESIAN_POINT('Ctrl Pts',(4.19776807698798,6.95333234843636,4.16409963046383));
#4681=CARTESIAN_POINT('Ctrl Pts',(4.88235637446655,6.37453031852849,3.21210462507464));
#4682=CARTESIAN_POINT('Ctrl Pts',(5.32500820713656,5.94367637454121,2.68791080418527));
#4683=CARTESIAN_POINT('Ctrl Pts',(5.62453647226361,5.65257305330426,2.35445726056545));
#4684=CARTESIAN_POINT('Ctrl Pts',(5.6258605295315,5.65128662478053,2.35298405481808));
#4685=CARTESIAN_POINT('Ctrl Pts',(5.62718466853836,5.65,2.35151101364385));
#4686=CARTESIAN_POINT('Ctrl Pts',(5.62718466853836,5.65,2.35151101364385));
#4687=CARTESIAN_POINT('Ctrl Pts',(5.62594265283856,5.65144745287792,2.35289269657544));
#4688=CARTESIAN_POINT('Ctrl Pts',(5.62470079578188,5.65289468496731,2.35427484102682));
#4689=CARTESIAN_POINT('Ctrl Pts',(5.34384112363628,5.98038592135462,2.66711379541835));
#4690=CARTESIAN_POINT('Ctrl Pts',(4.93948880304268,6.46509660834389,3.17676352548096));
#4691=CARTESIAN_POINT('Ctrl Pts',(4.3186814364257,7.11624889198955,4.14721230254824));
#4692=CARTESIAN_POINT('Ctrl Pts',(3.9759459376423,7.38197878688094,4.83199680808644));
#4693=CARTESIAN_POINT('Ctrl Pts',(3.78105979063958,7.43449627576659,5.31857026729138));
#4694=CARTESIAN_POINT('Ctrl Pts',(5.62718466853841,5.65,2.3515110136438));
#4695=CARTESIAN_POINT('Ctrl Pts',(5.2397638933438,5.65,2.78249805552652));
#4696=CARTESIAN_POINT('Ctrl Pts',(4.09913952181008,5.65,3.66451672400051));
#4697=CARTESIAN_POINT('Ctrl Pts',(2.63402931677196,5.65,4.17171683599831));
#4698=CARTESIAN_POINT('Ctrl Pts',(1.7644494708585,5.65,4.33620915595265));
#4699=CARTESIAN_POINT('Ctrl Pts',(5.62718466853841,6.12871888054702,2.3515110136438));
#4700=CARTESIAN_POINT('Ctrl Pts',(5.24019991256931,6.12871888054702,2.78201300503817));
#4701=CARTESIAN_POINT('Ctrl Pts',(4.09951347083863,6.12871888054701,3.66404219658986));
#4702=CARTESIAN_POINT('Ctrl Pts',(2.63353375402448,6.12871888054702,4.17181057812722));
#4703=CARTESIAN_POINT('Ctrl Pts',(1.7644494708585,6.12871888054702,4.33620915595265));
#4704=CARTESIAN_POINT('Ctrl Pts',(5.9253963172313,6.95810968486973,2.61957797826522));
#4705=CARTESIAN_POINT('Ctrl Pts',(5.50419903314034,6.95810968486973,3.0881397672612));
#4706=CARTESIAN_POINT('Ctrl Pts',(4.28208503028339,6.95810968486973,4.02934191648998));
#4707=CARTESIAN_POINT('Ctrl Pts',(2.74694846427706,6.95810968486973,4.55845422317804));
#4708=CARTESIAN_POINT('Ctrl Pts',(1.83897953235644,6.95810968486973,4.73020833725964));
#4709=CARTESIAN_POINT('Ctrl Pts',(6.55008127350626,7.25,3.18111674044062));
#4710=CARTESIAN_POINT('Ctrl Pts',(6.05859288061634,7.25,3.7278740186607));
#4711=CARTESIAN_POINT('Ctrl Pts',(4.66571090386979,7.25,4.79306314826807));
#4712=CARTESIAN_POINT('Ctrl Pts',(2.98296201777956,7.25,5.36867980918606));
#4713=CARTESIAN_POINT('Ctrl Pts',(1.99510290450532,7.25,5.55554618850033));
#4714=CARTESIAN_POINT('Ctrl Pts',(6.81709696942676,7.25,3.42114119094556));
#4715=CARTESIAN_POINT('Ctrl Pts',(6.29559588148505,7.25,4.00128615379045));
#4716=CARTESIAN_POINT('Ctrl Pts',(4.82971610653524,7.25,5.11947313561082));
#4717=CARTESIAN_POINT('Ctrl Pts',(3.08380676088208,7.25,5.71501010213562));
#4718=CARTESIAN_POINT('Ctrl Pts',(2.06183636822177,7.25,5.90832907290448));
#4719=CARTESIAN_POINT('',(2.06183636822177,7.25,5.90832907290449));
#4720=CARTESIAN_POINT('Ctrl Pts',(3.44713160218506,7.25,5.54697164126642));
#4721=CARTESIAN_POINT('Ctrl Pts',(2.99481376488654,7.25,5.6999128204165));
#4722=CARTESIAN_POINT('Ctrl Pts',(2.53088528641892,7.25,5.81960237910068));
#4723=CARTESIAN_POINT('Ctrl Pts',(2.06183636822177,7.25,5.90832907290448));
#4724=CARTESIAN_POINT('',(2.65627960739198,7.24622427092424,5.66487247512191));
#4725=CARTESIAN_POINT('Ctrl Pts',(2.06183636822192,7.25,5.90832907290446));
#4726=CARTESIAN_POINT('Ctrl Pts',(2.11462412049196,7.25,5.89518470657599));
#4727=CARTESIAN_POINT('Ctrl Pts',(2.16742823499486,7.24999294982956,5.88057678165858));
#4728=CARTESIAN_POINT('Ctrl Pts',(2.21964791904573,7.24994734789292,5.86423540257148));
#4729=CARTESIAN_POINT('Ctrl Pts',(2.25681997098264,7.24991488661729,5.85260295777242));
#4730=CARTESIAN_POINT('Ctrl Pts',(2.29369547139385,7.24986252765526,5.84009283418514));
#4731=CARTESIAN_POINT('Ctrl Pts',(2.3300533241982,7.24976749034672,5.82661846251389));
#4732=CARTESIAN_POINT('Ctrl Pts',(2.37420851767128,7.24965207124404,5.81025436391672));
#4733=CARTESIAN_POINT('Ctrl Pts',(2.41785334682736,7.24947528156779,5.79238377207881));
#4734=CARTESIAN_POINT('Ctrl Pts',(2.4606637687404,7.24916169883032,5.77273806614978));
#4735=CARTESIAN_POINT('Ctrl Pts',(2.49972475834648,7.24887558036892,5.75481297499657));
#4736=CARTESIAN_POINT('Ctrl Pts',(2.53809079114971,7.2484759178501,5.73541012726981));
#4737=CARTESIAN_POINT('Ctrl Pts',(2.57550790934941,7.24786637732985,5.71433953451293));
#4738=CARTESIAN_POINT('Ctrl Pts',(2.60309015162327,7.24741705105582,5.69880722678222));
#4739=CARTESIAN_POINT('Ctrl Pts',(2.63015657448977,7.24685298287119,5.68236890990213));
#4740=CARTESIAN_POINT('Ctrl Pts',(2.65660381299723,7.24611819661867,5.66495421575793));
#4741=CARTESIAN_POINT('',(2.9221859550915,7.22672965135232,5.42547453703264));
#4742=CARTESIAN_POINT('Ctrl Pts',(2.65660381195094,7.24611819649243,5.66495421417454));
#4743=CARTESIAN_POINT('Ctrl Pts',(2.68920577464374,7.24548637521219,5.64749536438373));
#4744=CARTESIAN_POINT('Ctrl Pts',(2.72028539773809,7.24461263780313,5.62774916579756));
#4745=CARTESIAN_POINT('Ctrl Pts',(2.74963544025835,7.24335827422585,5.60595373893938));
#4746=CARTESIAN_POINT('Ctrl Pts',(2.76098089131598,7.24287339177416,5.59752857401743));
#4747=CARTESIAN_POINT('Ctrl Pts',(2.77206811303942,7.24233112271598,5.58879734379509));
#4748=CARTESIAN_POINT('Ctrl Pts',(2.78288599431112,7.2417216979652,5.57977437795336));
#4749=CARTESIAN_POINT('Ctrl Pts',(2.81366957565419,7.23998750659102,5.55409844419441));
#4750=CARTESIAN_POINT('Ctrl Pts',(2.84212260723093,7.23772115010965,5.52618969159434));
#4751=CARTESIAN_POINT('Ctrl Pts',(2.86805993537055,7.23467816961181,5.49639921272429));
#4752=CARTESIAN_POINT('Ctrl Pts',(2.88775187387608,7.23236790139474,5.47378191479749));
#4753=CARTESIAN_POINT('Ctrl Pts',(2.905994439692,7.22960891402599,5.45008036310977));
#4754=CARTESIAN_POINT('Ctrl Pts',(2.92272144120768,7.22628431418646,5.42545713396659));
#4755=CARTESIAN_POINT('',(3.23373469938899,7.01872200848287,4.7436502061951));
#4756=CARTESIAN_POINT('Ctrl Pts',(2.92218595566382,7.22672965135841,5.42547453749591));
#4757=CARTESIAN_POINT('Ctrl Pts',(2.93793878519898,7.22425617266547,5.40604097683612));
#4758=CARTESIAN_POINT('Ctrl Pts',(2.95311424533218,7.22146873642391,5.38602380708119));
#4759=CARTESIAN_POINT('Ctrl Pts',(2.96773912663543,7.21830227179925,5.36540712211825));
#4760=CARTESIAN_POINT('Ctrl Pts',(3.00197666228624,7.21088942903998,5.31714249201399));
#4761=CARTESIAN_POINT('Ctrl Pts',(3.03209121653944,7.20160631159914,5.26715520087654));
#4762=CARTESIAN_POINT('Ctrl Pts',(3.05898702210673,7.19005054847223,5.21595691873082));
#4763=CARTESIAN_POINT('Ctrl Pts',(3.08188054229379,7.18021436432222,5.17237730171904));
#4764=CARTESIAN_POINT('Ctrl Pts',(3.10244290515467,7.1687315814553,5.12792187847289));
#4765=CARTESIAN_POINT('Ctrl Pts',(3.12119218161543,7.15535405189568,5.0829118691544));
#4766=CARTESIAN_POINT('Ctrl Pts',(3.12731881774095,7.15098272289844,5.06820410431464));
#4767=CARTESIAN_POINT('Ctrl Pts',(3.13325146457485,7.14640907972883,5.05343709056749));
#4768=CARTESIAN_POINT('Ctrl Pts',(3.1390069408541,7.14162446426964,5.03862185995437));
#4769=CARTESIAN_POINT('Ctrl Pts',(3.15848267090559,7.12543399200249,4.98848918316583));
#4770=CARTESIAN_POINT('Ctrl Pts',(3.17611713424728,7.10668185583595,4.93732187862629));
#4771=CARTESIAN_POINT('Ctrl Pts',(3.19239206722319,7.08505546133863,4.88561256220018));
#4772=CARTESIAN_POINT('Ctrl Pts',(3.20718571185978,7.06539742677483,4.83860964963881));
#4773=CARTESIAN_POINT('Ctrl Pts',(3.2208575083952,7.04336453367119,4.79116032621309));
#4774=CARTESIAN_POINT('Ctrl Pts',(3.23373469938899,7.01872200848287,4.74365020619511));
#4775=CARTESIAN_POINT('',(2.61029381027247,5.64999999999478,4.13309871156362));
#4776=CARTESIAN_POINT('Ctrl Pts',(2.61029381027165,5.65,4.13309871156386));
#4777=CARTESIAN_POINT('Ctrl Pts',(2.61127133308097,5.65187534841113,4.1328117143556));
#4778=CARTESIAN_POINT('Ctrl Pts',(2.61224971846099,5.65375070103034,4.13252780841838));
#4779=CARTESIAN_POINT('Ctrl Pts',(2.61322895246334,5.65562604753112,4.13224699192803));
#4780=CARTESIAN_POINT('Ctrl Pts',(2.63794604053902,5.7029621332075,4.12515883331776));
#4781=CARTESIAN_POINT('Ctrl Pts',(2.66326217391164,5.75041601213838,4.12001806464627));
#4782=CARTESIAN_POINT('Ctrl Pts',(2.68896780003296,5.79781420473045,4.11684772693232));
#4783=CARTESIAN_POINT('Ctrl Pts',(2.71364728982427,5.84332032096672,4.11380394512062));
#4784=CARTESIAN_POINT('Ctrl Pts',(2.73868688078366,5.88877510798514,4.11257668122084));
#4785=CARTESIAN_POINT('Ctrl Pts',(2.76388878021482,5.93402504316801,4.11323130158774));
#4786=CARTESIAN_POINT('Ctrl Pts',(2.78078242829093,5.96435753784899,4.11367011478641));
#4787=CARTESIAN_POINT('Ctrl Pts',(2.79774874707688,5.99459798329209,4.11495544890887));
#4788=CARTESIAN_POINT('Ctrl Pts',(2.81472120756686,6.02470013683039,4.11711830161399));
#4789=CARTESIAN_POINT('Ctrl Pts',(2.83597544873375,6.0623964055195,4.1198267947656));
#4790=CARTESIAN_POINT('Ctrl Pts',(2.85733008296802,6.10004596447837,4.12392116985099));
#4791=CARTESIAN_POINT('Ctrl Pts',(2.87864191821837,6.13751687997523,4.12952387549981));
#4792=CARTESIAN_POINT('Ctrl Pts',(2.88858646960184,6.15500159868514,4.13213821600857));
#4793=CARTESIAN_POINT('Ctrl Pts',(2.89852119415942,6.17244742042089,4.13508144400182));
#4794=CARTESIAN_POINT('Ctrl Pts',(2.90842848199347,6.18984094073603,4.13836852941339));
#4795=CARTESIAN_POINT('Ctrl Pts',(2.92910467811831,6.22614066709516,4.14522857262471));
#4796=CARTESIAN_POINT('Ctrl Pts',(2.94966442773282,6.26221259791779,4.15358602574358));
#4797=CARTESIAN_POINT('Ctrl Pts',(2.96993163201287,6.29793489135758,4.1634861738367));
#4798=CARTESIAN_POINT('Ctrl Pts',(2.98209727432516,6.31937764382397,4.16942886128759));
#4799=CARTESIAN_POINT('Ctrl Pts',(2.99415666258478,6.34069441668088,4.17592761734436));
#4800=CARTESIAN_POINT('Ctrl Pts',(3.0060626151406,6.36185885753481,4.18299351814101));
#4801=CARTESIAN_POINT('Ctrl Pts',(3.02840059500681,6.40156763778218,4.19625058001759));
#4802=CARTESIAN_POINT('Ctrl Pts',(3.04965174519869,6.43973750506354,4.21117603470311));
#4803=CARTESIAN_POINT('Ctrl Pts',(3.06962149023832,6.47636543128492,4.22761990953822));
#4804=CARTESIAN_POINT('Ctrl Pts',(3.0891625796278,6.51220712976544,4.24371081242279));
#4805=CARTESIAN_POINT('Ctrl Pts',(3.10747768846867,6.54657237303875,4.26125652506333));
#4806=CARTESIAN_POINT('Ctrl Pts',(3.12435349740519,6.57945832385158,4.28015385212369));
#4807=CARTESIAN_POINT('Ctrl Pts',(3.13362572702045,6.59752715173413,4.29053678287845));
#4808=CARTESIAN_POINT('Ctrl Pts',(3.14246282278718,6.61514940585775,4.30132832766843));
#4809=CARTESIAN_POINT('Ctrl Pts',(3.15082361444273,6.63232461561713,4.31251493152106));
#4810=CARTESIAN_POINT('Ctrl Pts',(3.16263268852317,6.65658348161351,4.32831528142172));
#4811=CARTESIAN_POINT('Ctrl Pts',(3.17349216660189,6.67995050644212,4.34490385141438));
#4812=CARTESIAN_POINT('Ctrl Pts',(3.18336398816384,6.70242436404601,4.3621939218586));
#4813=CARTESIAN_POINT('Ctrl Pts',(3.19639179165341,6.73208302417054,4.38501155877134));
#4814=CARTESIAN_POINT('Ctrl Pts',(3.20756487238926,6.75988039062399,4.40881081833828));
#4815=CARTESIAN_POINT('Ctrl Pts',(3.21686570635778,6.78592320405926,4.43334166159225));
#4816=CARTESIAN_POINT('Ctrl Pts',(3.22621596359888,6.8121044051995,4.45800285816259));
#4817=CARTESIAN_POINT('Ctrl Pts',(3.23367436258877,6.83651235690147,4.48340476209612));
#4818=CARTESIAN_POINT('Ctrl Pts',(3.23917506424379,6.85925551048889,4.50931199459604));
#4819=CARTESIAN_POINT('Ctrl Pts',(3.24263547455101,6.87356289307902,4.52560985257791));
#4820=CARTESIAN_POINT('Ctrl Pts',(3.24532015891078,6.88721143471382,4.54210799813405));
#4821=CARTESIAN_POINT('Ctrl Pts',(3.2472020901402,6.90022813536919,4.5587479715604));
#4822=CARTESIAN_POINT('Ctrl Pts',(3.24941278907239,6.91551881432163,4.57829489809547));
#4823=CARTESIAN_POINT('Ctrl Pts',(3.2505463115107,6.93013695931125,4.59828912617454));
#4824=CARTESIAN_POINT('Ctrl Pts',(3.25044979001468,6.94406354275828,4.61865956183755));
#4825=CARTESIAN_POINT('Ctrl Pts',(3.25035392114814,6.95789596170049,4.63889226293023));
#4826=CARTESIAN_POINT('Ctrl Pts',(3.24904490261445,6.97104613946131,4.65949686632658));
#4827=CARTESIAN_POINT('Ctrl Pts',(3.24633080253022,6.98349543182175,4.6803702696574));
#4828=CARTESIAN_POINT('Ctrl Pts',(3.24384652861734,6.99489053564445,4.69947614260194));
#4829=CARTESIAN_POINT('Ctrl Pts',(3.24018482991069,7.00569842836987,4.71880739616038));
#4830=CARTESIAN_POINT('Ctrl Pts',(3.23516346291159,7.015904812335,4.73825114207049));
#4831=CARTESIAN_POINT('Ctrl Pts',(3.2346989241398,7.01684902953172,4.74004992989973));
#4832=CARTESIAN_POINT('Ctrl Pts',(3.23422272302739,7.01778809868784,4.74184965344701));
#4833=CARTESIAN_POINT('Ctrl Pts',(3.233734699389,7.01872200848287,4.7436502061951));
#4834=CARTESIAN_POINT('',(3.4563110269171,5.65,3.83360808760686));
#4835=CARTESIAN_POINT('Ctrl Pts',(3.4568604473592,5.65,3.83337340505562));
#4836=CARTESIAN_POINT('Ctrl Pts',(3.18357951122581,5.65,3.9479284482875));
#4837=CARTESIAN_POINT('Ctrl Pts',(2.90054800436873,5.65,4.0478145050148));
#4838=CARTESIAN_POINT('Ctrl Pts',(2.6107834997461,5.65,4.13291073448261));
#4839=CARTESIAN_POINT('',(4.35725686489642,5.65,3.37994215376543));
#4840=CARTESIAN_POINT('Ctrl Pts',(3.45630945859352,5.65,3.83360434541219));
#4841=CARTESIAN_POINT('Ctrl Pts',(3.71459110882674,5.65,3.72536059042755));
#4842=CARTESIAN_POINT('Ctrl Pts',(4.01872109357221,5.65,3.57748980179654));
#4843=CARTESIAN_POINT('Ctrl Pts',(4.30613913276248,5.65,3.4103147888755));
#4844=CARTESIAN_POINT('Ctrl Pts',(4.35712301857629,5.65,3.37971911551684));
#4845=CARTESIAN_POINT('Ctrl Pts',(5.62718466853841,5.65,2.3515110136438));
#4846=CARTESIAN_POINT('Ctrl Pts',(5.27654345707862,5.65,2.74158255385306));
#4847=CARTESIAN_POINT('Ctrl Pts',(4.84282613052524,5.65,3.08825664538278));
#4848=CARTESIAN_POINT('Ctrl Pts',(4.35703626196861,5.65,3.37977117765278));
#4849=CARTESIAN_POINT('Origin',(0.0223291367869255,7.25,4.90240116043909));
#4850=CARTESIAN_POINT('',(-2.14818124085108,7.25,5.89162849722011));
#4851=CARTESIAN_POINT('Ctrl Pts',(-2.14818124085108,7.25,5.89162849722011));
#4852=CARTESIAN_POINT('Ctrl Pts',(-2.57953996116555,7.25,5.80635572140162));
#4853=CARTESIAN_POINT('Ctrl Pts',(-3.00832041939878,7.25,5.69433401170595));
#4854=CARTESIAN_POINT('Ctrl Pts',(-3.42751710606595,7.25,5.55412030404408));
#4855=CARTESIAN_POINT('Ctrl Pts',(-2.14818124085108,7.25,5.89162849722011));
#4856=CARTESIAN_POINT('Ctrl Pts',(-2.13294536103038,7.25,5.89577489868626));
#4857=CARTESIAN_POINT('Ctrl Pts',(-2.01085900894216,7.25,5.92807376173227));
#4858=CARTESIAN_POINT('Ctrl Pts',(-1.76520773015198,7.25,5.97956025311293));
#4859=CARTESIAN_POINT('Ctrl Pts',(-1.36203688164857,7.25,6.03274053127919));
#4860=CARTESIAN_POINT('Ctrl Pts',(-0.765531631762075,7.25,6.06974453187171));
#4861=CARTESIAN_POINT('Ctrl Pts',(0.00334685095723072,7.25,6.08175838211861));
#4862=CARTESIAN_POINT('Ctrl Pts',(0.766565039482108,7.25,6.06944770597461));
#4863=CARTESIAN_POINT('Ctrl Pts',(1.33505114521431,7.25,6.03337758164547));
#4864=CARTESIAN_POINT('Ctrl Pts',(1.7173457885338,7.25,5.98318004193138));
#4865=CARTESIAN_POINT('Ctrl Pts',(1.94905479621057,7.25,5.93630401095318));
#4866=CARTESIAN_POINT('Ctrl Pts',(2.05961107781151,7.25,5.90888317932278));
#4867=CARTESIAN_POINT('Ctrl Pts',(2.06183636822177,7.25,5.90832907290449));
#4868=CARTESIAN_POINT('Ctrl Pts',(-1.83789143085437,5.65,4.32200426390431));
#4869=CARTESIAN_POINT('Ctrl Pts',(-3.32151179813434,5.65,4.02871605383503));
#4870=CARTESIAN_POINT('Ctrl Pts',(-4.71853137169596,5.65,3.35068312066495));
#4871=CARTESIAN_POINT('Ctrl Pts',(-5.60905050881592,5.65,2.37156636858375));
#4872=CARTESIAN_POINT('Ctrl Pts',(-1.83789143085437,6.12871888054702,4.32200426390431));
#4873=CARTESIAN_POINT('Ctrl Pts',(-3.3206619973205,6.12871888054702,4.02888404597446));
#4874=CARTESIAN_POINT('Ctrl Pts',(-4.71952747097508,6.12871888054702,3.34958791961843));
#4875=CARTESIAN_POINT('Ctrl Pts',(-5.60905050881592,6.12871888054702,2.37156636858375));
#4876=CARTESIAN_POINT('Ctrl Pts',(-1.91565518999241,6.95810962079609,4.71537806118789));
#4877=CARTESIAN_POINT('Ctrl Pts',(-3.4651059222414,6.95810962079609,4.40907623231438));
#4878=CARTESIAN_POINT('Ctrl Pts',(-4.93801156994869,6.95810962079609,3.70532476006215));
#4879=CARTESIAN_POINT('Ctrl Pts',(-5.90569417646261,6.95810962079609,2.64136755662727));
#4880=CARTESIAN_POINT('Ctrl Pts',(-2.07855237031041,7.25,5.53940564291429));
#4881=CARTESIAN_POINT('Ctrl Pts',(-3.76500036774485,7.25,5.2060216280741));
#4882=CARTESIAN_POINT('Ctrl Pts',(-5.39882959814333,7.25,4.44705465174436));
#4883=CARTESIAN_POINT('Ctrl Pts',(-6.52709439623663,7.25,3.20653895865167));
#4884=CARTESIAN_POINT('Ctrl Pts',(-2.14818124085108,7.25,5.89162849722011));
#4885=CARTESIAN_POINT('Ctrl Pts',(-3.89312393574007,7.25,5.54668100866835));
#4886=CARTESIAN_POINT('Ctrl Pts',(-5.5958763673802,7.25,4.76401829709335));
#4887=CARTESIAN_POINT('Ctrl Pts',(-6.79270608682654,7.25,3.44811616893873));
#4888=CARTESIAN_POINT('',(-4.3428339498412,5.65,3.38856044940392));
#4889=CARTESIAN_POINT('Ctrl Pts',(-4.34152745634612,5.65,3.38636146737985));
#4890=CARTESIAN_POINT('Ctrl Pts',(-4.82588695890062,5.65,3.09858624573885));
#4891=CARTESIAN_POINT('Ctrl Pts',(-5.25703960023691,5.65,2.75859878949242));
#4892=CARTESIAN_POINT('Ctrl Pts',(-5.60905050881592,5.65,2.37156636858375));
#4893=CARTESIAN_POINT('',(-3.36258178055637,5.65,3.87216567845523));
#4894=CARTESIAN_POINT('Ctrl Pts',(-4.34152745415848,5.65,3.3863614686796));
#4895=CARTESIAN_POINT('Ctrl Pts',(-4.03412324469439,5.65,3.56900125166675));
#4896=CARTESIAN_POINT('Ctrl Pts',(-3.70528758250061,5.65,3.7306102124399));
#4897=CARTESIAN_POINT('Ctrl Pts',(-3.36165041459795,5.65,3.86986739878558));
#4898=CARTESIAN_POINT('',(-2.54682357973994,5.65,4.15146597926816));
#4899=CARTESIAN_POINT('Ctrl Pts',(-2.54657723714212,5.65,4.1506085674577));
#4900=CARTESIAN_POINT('Ctrl Pts',(-2.82499839912733,5.65,4.07061550986872));
#4901=CARTESIAN_POINT('Ctrl Pts',(-3.09769107031019,5.65,3.97683555889326));
#4902=CARTESIAN_POINT('Ctrl Pts',(-3.36165041459795,5.65,3.86986739878558));
#4903=CARTESIAN_POINT('',(-3.17419161318982,6.99907544677561,4.73060149128169));
#4904=CARTESIAN_POINT('Ctrl Pts',(-3.17419161318982,6.99907544677561,4.73060149128169));
#4905=CARTESIAN_POINT('Ctrl Pts',(-3.17899520363362,6.98559133229608,4.70664679936689));
#4906=CARTESIAN_POINT('Ctrl Pts',(-3.18189713772164,6.97092661022355,4.68247258290926));
#4907=CARTESIAN_POINT('Ctrl Pts',(-3.18300968007438,6.95494652878305,4.65825073626578));
#4908=CARTESIAN_POINT('Ctrl Pts',(-3.18415927962631,6.93843417361861,4.63322209445286));
#4909=CARTESIAN_POINT('Ctrl Pts',(-3.18339823060492,6.92051737425667,4.60814140949972));
#4910=CARTESIAN_POINT('Ctrl Pts',(-3.18079560478402,6.90104746026859,4.58319102943367));
#4911=CARTESIAN_POINT('Ctrl Pts',(-3.17937226368655,6.89039962586964,4.5695460017619));
#4912=CARTESIAN_POINT('Ctrl Pts',(-3.17739719594197,6.87928727831328,4.55593992615817));
#4913=CARTESIAN_POINT('Ctrl Pts',(-3.17487522810283,6.86768610024316,4.5424037722746));
#4914=CARTESIAN_POINT('Ctrl Pts',(-3.1700418778916,6.84545244777325,4.51646173954244));
#4915=CARTESIAN_POINT('Ctrl Pts',(-3.16324940767359,6.82162653782775,4.49102677408405));
#4916=CARTESIAN_POINT('Ctrl Pts',(-3.1546075376112,6.79612054117269,4.46631804804596));
#4917=CARTESIAN_POINT('Ctrl Pts',(-3.14595398297404,6.770580058148,4.44157591361882));
#4918=CARTESIAN_POINT('Ctrl Pts',(-3.13544563556587,6.74335494208982,4.41756067487459));
#4919=CARTESIAN_POINT('Ctrl Pts',(-3.12314224424623,6.71435700702354,4.39450065614132));
#4920=CARTESIAN_POINT('Ctrl Pts',(-3.11404754491731,6.69292165690454,4.37745462944429));
#4921=CARTESIAN_POINT('Ctrl Pts',(-3.10397093572947,6.67051760206381,4.3609306263399));
#4922=CARTESIAN_POINT('Ctrl Pts',(-3.09292065397059,6.64710922281882,4.3450301316852));
#4923=CARTESIAN_POINT('Ctrl Pts',(-3.08653606271851,6.63358441534203,4.33584320222119));
#4924=CARTESIAN_POINT('Ctrl Pts',(-3.0798558944487,6.61978665248342,4.32690739241967));
#4925=CARTESIAN_POINT('Ctrl Pts',(-3.07288843959484,6.60571828868069,4.31823726127136));
#4926=CARTESIAN_POINT('Ctrl Pts',(-3.05707510730049,6.57378873674007,4.29855953565139));
#4927=CARTESIAN_POINT('Ctrl Pts',(-3.0397854928434,6.54046529713404,4.28024859428073));
#4928=CARTESIAN_POINT('Ctrl Pts',(-3.02126443215683,6.50577549534277,4.26337313751567));
#4929=CARTESIAN_POINT('Ctrl Pts',(-3.00156642198536,6.46888127637257,4.24542530371545));
#4930=CARTESIAN_POINT('Ctrl Pts',(-2.98047465356,6.43044152242044,4.22910006903226));
#4931=CARTESIAN_POINT('Ctrl Pts',(-2.95823234579361,6.39048934693491,4.21451503284895));
#4932=CARTESIAN_POINT('Ctrl Pts',(-2.93599003802722,6.35053717144938,4.19992999666565));
#4933=CARTESIAN_POINT('Ctrl Pts',(-2.91259578889656,6.30907257443044,4.18708427555252));
#4934=CARTESIAN_POINT('Ctrl Pts',(-2.88826100323233,6.2661286693266,4.17614421351226));
#4935=CARTESIAN_POINT('Ctrl Pts',(-2.87073406486025,6.23519865874023,4.16826471969578));
#4936=CARTESIAN_POINT('Ctrl Pts',(-2.85287309494979,6.20377731263087,4.16144451650965));
#4937=CARTESIAN_POINT('Ctrl Pts',(-2.83477282149912,6.17192034572792,4.15570910068976));
#4938=CARTESIAN_POINT('Ctrl Pts',(-2.81019456751413,6.12866195928056,4.14792101355865));
#4939=CARTESIAN_POINT('Ctrl Pts',(-2.78517568582875,6.08460034197374,4.14213061055699));
#4940=CARTESIAN_POINT('Ctrl Pts',(-2.75994627843232,6.03987499171742,4.13827213819103));
#4941=CARTESIAN_POINT('Ctrl Pts',(-2.7342648596161,5.99434833968053,4.13434453722664));
#4942=CARTESIAN_POINT('Ctrl Pts',(-2.70836404102951,5.94813395869541,4.13241858337414));
#4943=CARTESIAN_POINT('Ctrl Pts',(-2.68246690121083,5.90137897956062,4.13247628364924));
#4944=CARTESIAN_POINT('Ctrl Pts',(-2.65696633153818,5.85533997249969,4.13253310034387));
#4945=CARTESIAN_POINT('Ctrl Pts',(-2.63146807223569,5.80877679718206,4.13451338043872));
#4946=CARTESIAN_POINT('Ctrl Pts',(-2.60618517997019,5.76182992821775,4.1384491059719));
#4947=CARTESIAN_POINT('Ctrl Pts',(-2.58722601554357,5.72662535594562,4.14140043237625));
#4948=CARTESIAN_POINT('Ctrl Pts',(-2.56838784061295,5.69120502439254,4.14545233464043));
#4949=CARTESIAN_POINT('Ctrl Pts',(-2.54976687979369,5.6556281681165,4.15063657039384));
#4950=CARTESIAN_POINT('Ctrl Pts',(-2.54878495167931,5.65375211479476,4.15090994763185));
#4951=CARTESIAN_POINT('Ctrl Pts',(-2.54780384702298,5.6518760553127,4.15118641668586));
#4952=CARTESIAN_POINT('Ctrl Pts',(-2.54682357973994,5.65,4.15146597926816));
#4953=CARTESIAN_POINT('',(-2.92423417117606,7.22535944924186,5.41674204542375));
#4954=CARTESIAN_POINT('Ctrl Pts',(-3.17419161318982,6.99907544677561,4.73060149128169));
#4955=CARTESIAN_POINT('Ctrl Pts',(-3.1714886253529,7.00666297903014,4.74408083379443));
#4956=CARTESIAN_POINT('Ctrl Pts',(-3.16874301211794,7.01403037265653,4.75756847676573));
#4957=CARTESIAN_POINT('Ctrl Pts',(-3.13563147339959,7.09868546286966,4.91722173673112));
#4958=CARTESIAN_POINT('Ctrl Pts',(-3.09999786972422,7.14975415317899,5.06146104621693));
#4959=CARTESIAN_POINT('Ctrl Pts',(-3.01241191744902,7.20245677255897,5.27287833978692));
#4960=CARTESIAN_POINT('Ctrl Pts',(-2.97336731667763,7.21589051885471,5.3471634968378));
#4961=CARTESIAN_POINT('Ctrl Pts',(-2.92423417153943,7.22535944924342,5.4167420456801));
#4962=CARTESIAN_POINT('',(-2.78796948370573,7.2412863989763,5.5717936627713));
#4963=CARTESIAN_POINT('Ctrl Pts',(-2.92659333377166,7.22489754143265,5.41614511626448));
#4964=CARTESIAN_POINT('Ctrl Pts',(-2.92229419392043,7.22580577453975,5.42264710576798));
#4965=CARTESIAN_POINT('Ctrl Pts',(-2.91788968673681,7.22667471436342,5.42909019463739));
#4966=CARTESIAN_POINT('Ctrl Pts',(-2.91337818296458,7.22750645138694,5.43547235950196));
#4967=CARTESIAN_POINT('Ctrl Pts',(-2.89230689838097,7.2313911356089,5.4652806936873));
#4968=CARTESIAN_POINT('Ctrl Pts',(-2.86914131081629,7.23442827222792,5.49345087253386));
#4969=CARTESIAN_POINT('Ctrl Pts',(-2.84409180812775,7.2368552603256,5.5197695153628));
#4970=CARTESIAN_POINT('Ctrl Pts',(-2.8268192570446,7.23852875765673,5.5379171851331));
#4971=CARTESIAN_POINT('Ctrl Pts',(-2.80865162073006,7.23991150284479,5.55518510643498));
#4972=CARTESIAN_POINT('Ctrl Pts',(-2.78966506397831,7.24107062419665,5.57150985253223));
#4973=CARTESIAN_POINT('Ctrl Pts',(-2.78966506397928,7.24107062419678,5.57150985253326));
#4974=CARTESIAN_POINT('Ctrl Pts',(-2.76238898917095,7.2428975945655,5.59653089775881));
#4975=CARTESIAN_POINT('Ctrl Pts',(-2.73377546679345,7.24426859037917,5.61999411997164));
#4976=CARTESIAN_POINT('Ctrl Pts',(-2.7039047260305,7.24534261054398,5.64204836820196));
#4977=CARTESIAN_POINT('Ctrl Pts',(-2.67213440377728,7.24648493128564,5.66550512071072));
#4978=CARTESIAN_POINT('Ctrl Pts',(-2.63894210085729,7.24729102451731,5.68736830186598));
#4979=CARTESIAN_POINT('Ctrl Pts',(-2.60442293730712,7.24789549426809,5.70782938479409));
#4980=CARTESIAN_POINT('Ctrl Pts',(-2.60091068721925,7.24795699775534,5.70991125564266));
#4981=CARTESIAN_POINT('Ctrl Pts',(-2.59738469784487,7.24801637072985,5.71197861889111));
#4982=CARTESIAN_POINT('Ctrl Pts',(-2.59384506727145,7.24807372665184,5.71403168114393));
#4983=CARTESIAN_POINT('Ctrl Pts',(-2.55748409090131,7.24866291732601,5.73512183349528));
#4984=CARTESIAN_POINT('Ctrl Pts',(-2.52001355563024,7.24903775762145,5.754503810643));
#4985=CARTESIAN_POINT('Ctrl Pts',(-2.48182254527934,7.24930040510377,5.7723536069607));
#4986=CARTESIAN_POINT('Ctrl Pts',(-2.44063200087141,7.24958368100259,5.79160533193842));
#4987=CARTESIAN_POINT('Ctrl Pts',(-2.39860381727922,7.24973585605208,5.80907463854552));
#4988=CARTESIAN_POINT('Ctrl Pts',(-2.35621811976942,7.24983172341574,5.8250072627471));
#4989=CARTESIAN_POINT('Ctrl Pts',(-2.35150504038457,7.2498423833912,5.82677889155311));
#4990=CARTESIAN_POINT('Ctrl Pts',(-2.3467875289135,7.24985230245216,5.82853154495321));
#4991=CARTESIAN_POINT('Ctrl Pts',(-2.34206623623127,7.24986155179839,5.83026557906441));
#4992=CARTESIAN_POINT('Ctrl Pts',(-2.29364325726984,7.24995641583841,5.84805034754553));
#4993=CARTESIAN_POINT('Ctrl Pts',(-2.24431385651399,7.24998502775776,5.86405481201635));
#4994=CARTESIAN_POINT('Ctrl Pts',(-2.19473347580723,7.24999549851982,5.87851336742598));
#4995=CARTESIAN_POINT('Ctrl Pts',(-2.17923412367155,7.24999877179095,5.8830332649837));
#4996=CARTESIAN_POINT('Ctrl Pts',(-2.16371014125273,7.25,5.88740235103422));
#4997=CARTESIAN_POINT('Ctrl Pts',(-2.14818124085115,7.25,5.8916284972201));
#4998=CARTESIAN_POINT('Ctrl Pts',(-5.60905050881593,5.6499999999994,2.37156636858375));
#4999=CARTESIAN_POINT('Ctrl Pts',(-5.60905050881593,7.71666666666645,2.37156636858375));
#5000=CARTESIAN_POINT('Ctrl Pts',(-5.60905050881593,9.78333333333353,2.37156636858374));
#5001=CARTESIAN_POINT('Ctrl Pts',(-5.60905050881593,11.8500000000006,2.37156636858374));
#5002=CARTESIAN_POINT('Ctrl Pts',(-4.79667554831427,5.6499999999994,3.26476439167276));
#5003=CARTESIAN_POINT('Ctrl Pts',(-4.79667554831427,7.71666666666645,3.26476439167276));
#5004=CARTESIAN_POINT('Ctrl Pts',(-4.79667554831427,9.78333333333353,3.26476439167276));
#5005=CARTESIAN_POINT('Ctrl Pts',(-4.79667554831427,11.8500000000006,3.26476439167276));
#5006=CARTESIAN_POINT('Ctrl Pts',(-4.14804149131112,5.6499999999994,4.30642155627737));
#5007=CARTESIAN_POINT('Ctrl Pts',(-4.14804149131112,7.71666666666645,4.30642155627737));
#5008=CARTESIAN_POINT('Ctrl Pts',(-4.14804149131113,9.78333333333353,4.30642155627737));
#5009=CARTESIAN_POINT('Ctrl Pts',(-4.14804149131113,11.8500000000006,4.30642155627737));
#5010=CARTESIAN_POINT('Ctrl Pts',(-3.70487696857531,5.6499999999994,5.42952484212803));
#5011=CARTESIAN_POINT('Ctrl Pts',(-3.70487696857531,7.71666666666645,5.42952484212803));
#5012=CARTESIAN_POINT('Ctrl Pts',(-3.70487696857532,9.78333333333353,5.42952484212803));
#5013=CARTESIAN_POINT('Ctrl Pts',(-3.70487696857532,11.8500000000006,5.42952484212803));
#5014=CARTESIAN_POINT('',(-3.70487696857528,10.0568059970372,5.42952484212802));
#5015=CARTESIAN_POINT('Ctrl Pts',(-3.70487696857531,7.44319400296282,5.42952484212803));
#5016=CARTESIAN_POINT('Ctrl Pts',(-3.70487696857532,8.3143980009876,5.42952484212803));
#5017=CARTESIAN_POINT('Ctrl Pts',(-3.70487696857532,9.18560199901239,5.42952484212803));
#5018=CARTESIAN_POINT('Ctrl Pts',(-3.70487696857532,10.0568059970372,5.42952484212803));
#5019=CARTESIAN_POINT('',(-5.60905050881593,11.8500000000006,2.37156636858374));
#5020=CARTESIAN_POINT('Ctrl Pts',(-5.60905050881593,11.85,2.37156636858374));
#5021=CARTESIAN_POINT('Ctrl Pts',(-5.60781172763852,11.8485687955993,2.3729283959141));
#5022=CARTESIAN_POINT('Ctrl Pts',(-5.60657313902797,11.8471375484837,2.37429098963733));
#5023=CARTESIAN_POINT('Ctrl Pts',(-5.4607071722221,11.6785759046047,2.53484481975989));
#5024=CARTESIAN_POINT('Ctrl Pts',(-5.17546592606761,11.3426423246112,2.87061111068636));
#5025=CARTESIAN_POINT('Ctrl Pts',(-4.50033941044373,10.5784522414064,3.77699361004997));
#5026=CARTESIAN_POINT('Ctrl Pts',(-4.00200741354246,10.1111505409415,4.67651289746974));
#5027=CARTESIAN_POINT('Ctrl Pts',(-3.70487696857533,10.0568059970372,5.42952484212801));
#5028=CARTESIAN_POINT('Ctrl Pts',(-5.60905050881593,11.8500000000006,2.37156636858374));
#5029=CARTESIAN_POINT('Ctrl Pts',(-5.60905050881593,9.78333333333353,2.37156636858374));
#5030=CARTESIAN_POINT('Ctrl Pts',(-5.60905050881593,7.71666666666645,2.37156636858375));
#5031=CARTESIAN_POINT('Ctrl Pts',(-5.60905050881593,5.6499999999994,2.37156636858375));
#5032=CARTESIAN_POINT('Ctrl Pts',(5.62718466853837,11.85,2.35151101364385));
#5033=CARTESIAN_POINT('Ctrl Pts',(5.62586052953037,11.8487133752191,2.35298405481933));
#5034=CARTESIAN_POINT('Ctrl Pts',(5.62453648570997,11.8474269590512,2.35445723049249));
#5035=CARTESIAN_POINT('Ctrl Pts',(5.32500381538507,11.5563195901378,2.68792062689167));
#5036=CARTESIAN_POINT('Ctrl Pts',(4.88234199190341,11.1254564099176,3.21213750224966));
#5037=CARTESIAN_POINT('Ctrl Pts',(4.19774705373122,10.5466449261468,4.16415211137304));
#5038=CARTESIAN_POINT('Ctrl Pts',(3.81934363256032,10.3104633005503,4.81362292325291));
#5039=CARTESIAN_POINT('Ctrl Pts',(3.60441475776359,10.2637810882075,5.26880015103917));
#5040=CARTESIAN_POINT('Ctrl Pts',(5.62718466853837,11.85,2.35151101364385));
#5041=CARTESIAN_POINT('Ctrl Pts',(5.62588819585424,11.8486586381829,2.35295176395914));
#5042=CARTESIAN_POINT('Ctrl Pts',(5.62459095909642,11.8473210584717,2.35439872723807));
#5043=CARTESIAN_POINT('Ctrl Pts',(5.33140560080433,11.5438795493082,2.68060203636536));
#5044=CARTESIAN_POINT('Ctrl Pts',(4.90725354270204,11.0958656315945,3.20659621994167));
#5045=CARTESIAN_POINT('Ctrl Pts',(4.25725467789165,10.5101545239232,4.18062594395563));
#5046=CARTESIAN_POINT('Ctrl Pts',(3.89925743343375,10.28674778138,4.84705006416701));
#5047=CARTESIAN_POINT('Ctrl Pts',(3.69616265069479,10.2551641946748,5.30463590963894));
#5048=CARTESIAN_POINT('Ctrl Pts',(5.62718466853837,11.85,2.35151101364385));
#5049=CARTESIAN_POINT('Ctrl Pts',(5.62591488192171,11.8486054511179,2.35292299367298));
#5050=CARTESIAN_POINT('Ctrl Pts',(5.6246465660152,11.8472133104391,2.35433588558723));
#5051=CARTESIAN_POINT('Ctrl Pts',(5.3375181976202,11.5317562848937,2.67405616944565));
#5052=CARTESIAN_POINT('Ctrl Pts',(4.92634477244761,11.0652858277665,3.19437095414153));
#5053=CARTESIAN_POINT('Ctrl Pts',(4.30369838696268,10.447280806211,4.1736603792572));
#5054=CARTESIAN_POINT('Ctrl Pts',(3.96624291576884,10.2038637697656,4.85430200719598));
#5055=CARTESIAN_POINT('Ctrl Pts',(3.77746585762207,10.1639044219559,5.32754326228038));
#5056=CARTESIAN_POINT('Ctrl Pts',(5.62718466853837,11.85,2.35151101364385));
#5057=CARTESIAN_POINT('Ctrl Pts',(5.62594265283745,11.8485525471216,2.35289269657668));
#5058=CARTESIAN_POINT('Ctrl Pts',(5.62470081118317,11.8471053289326,2.3542748049011));
#5059=CARTESIAN_POINT('Ctrl Pts',(5.34383609313667,11.5196095389092,2.66712559544845));
#5060=CARTESIAN_POINT('Ctrl Pts',(4.93947210302252,11.034888461158,3.17680330263348));
#5061=CARTESIAN_POINT('Ctrl Pts',(4.31865896568432,10.3837255419165,4.14727218744795));
#5062=CARTESIAN_POINT('Ctrl Pts',(3.97594593764229,10.1180212131191,4.83199680808647));
#5063=CARTESIAN_POINT('Ctrl Pts',(3.78105979063958,10.0655037242334,5.31857026729139));
#5064=CARTESIAN_POINT('',(3.60441475776359,10.2637810882075,5.26880015103917));
#5065=CARTESIAN_POINT('',(3.78105979063959,10.0655037242334,5.31857026729139));
#5066=CARTESIAN_POINT('Origin',(3.59539825547056,10.0655037242334,5.24420768020162));
#5067=CARTESIAN_POINT('',(5.62718466853835,11.8500000000007,2.35151101364387));
#5068=CARTESIAN_POINT('Ctrl Pts',(3.78105979063958,10.0655037242334,5.31857026729139));
#5069=CARTESIAN_POINT('Ctrl Pts',(3.97594593764229,10.1180212131191,4.83199680808647));
#5070=CARTESIAN_POINT('Ctrl Pts',(4.31865896568432,10.3837255419165,4.14727218744795));
#5071=CARTESIAN_POINT('Ctrl Pts',(4.93947210302252,11.034888461158,3.17680330263348));
#5072=CARTESIAN_POINT('Ctrl Pts',(5.34383609313667,11.5196095389092,2.66712559544845));
#5073=CARTESIAN_POINT('Ctrl Pts',(5.62470081118317,11.8471053289326,2.3542748049011));
#5074=CARTESIAN_POINT('Ctrl Pts',(5.62594265283745,11.8485525471216,2.35289269657668));
#5075=CARTESIAN_POINT('Ctrl Pts',(5.62718466853837,11.85,2.35151101364385));
#5076=CARTESIAN_POINT('Ctrl Pts',(5.62718466853837,11.85,2.35151101364385));
#5077=CARTESIAN_POINT('Ctrl Pts',(5.62586052953037,11.8487133752191,2.35298405481933));
#5078=CARTESIAN_POINT('Ctrl Pts',(5.62453648570997,11.8474269590512,2.35445723049249));
#5079=CARTESIAN_POINT('Ctrl Pts',(5.32500381538507,11.5563195901378,2.68792062689167));
#5080=CARTESIAN_POINT('Ctrl Pts',(4.88234199190341,11.1254564099176,3.21213750224966));
#5081=CARTESIAN_POINT('Ctrl Pts',(4.19774705373122,10.5466449261468,4.16415211137304));
#5082=CARTESIAN_POINT('Ctrl Pts',(3.81934363256032,10.3104633005503,4.81362292325291));
#5083=CARTESIAN_POINT('Ctrl Pts',(3.60441475776359,10.2637810882075,5.26880015103917));
#5084=CARTESIAN_POINT('Ctrl Pts',(3.617487352287,10.05,5.65008382723373));
#5085=CARTESIAN_POINT('Ctrl Pts',(3.68216918630124,10.0500000000115,5.54301006025473));
#5086=CARTESIAN_POINT('Ctrl Pts',(3.73600631512237,10.0544868244237,5.43105556072414));
#5087=CARTESIAN_POINT('Ctrl Pts',(3.78105979063885,10.0655037242332,5.31857026729325));
#5088=CARTESIAN_POINT('Ctrl Pts',(3.61748735228423,10.1023598775558,5.65008382723831));
#5089=CARTESIAN_POINT('Ctrl Pts',(3.68144729436606,10.101322054131,5.54414011356971));
#5090=CARTESIAN_POINT('Ctrl Pts',(3.73469178039853,10.1047899671947,5.43381793670431));
#5091=CARTESIAN_POINT('Ctrl Pts',(3.77926282413011,10.1147040730945,5.32305676478771));
#5092=CARTESIAN_POINT('Ctrl Pts',(3.58035947626267,10.2066235691694,5.62765537271998));
#5093=CARTESIAN_POINT('Ctrl Pts',(3.64308229361466,10.2035999772246,5.52731488982202));
#5094=CARTESIAN_POINT('Ctrl Pts',(3.69558185256678,10.2049964212845,5.42279322460856));
#5095=CARTESIAN_POINT('Ctrl Pts',(3.73999096994403,10.2127697571641,5.31770431404655));
#5096=CARTESIAN_POINT('Ctrl Pts',(3.49111540194209,10.2499999999937,5.57374421815551));
#5097=CARTESIAN_POINT('Ctrl Pts',(3.55277223144745,10.2483479266811,5.48163255237008));
#5098=CARTESIAN_POINT('Ctrl Pts',(3.6052438481363,10.2509583011384,5.38491800521551));
#5099=CARTESIAN_POINT('Ctrl Pts',(3.65028870422847,10.259472641441,5.28671803034067));
#5100=CARTESIAN_POINT('Ctrl Pts',(3.4462981819511,10.25,5.54667073352687));
#5101=CARTESIAN_POINT('Ctrl Pts',(3.50715649538387,10.2500000000102,5.45786313270242));
#5102=CARTESIAN_POINT('Ctrl Pts',(3.55932787470583,10.2539882883766,5.36428533170247));
#5103=CARTESIAN_POINT('Ctrl Pts',(3.60441475776287,10.2637810882073,5.26880015104074));
#5104=CARTESIAN_POINT('',(3.44629818208183,10.25,5.54667073361645));
#5105=CARTESIAN_POINT('Ctrl Pts',(3.60441475776287,10.2637810882073,5.26880015104074));
#5106=CARTESIAN_POINT('Ctrl Pts',(3.55932787470583,10.2539882883766,5.36428533170247));
#5107=CARTESIAN_POINT('Ctrl Pts',(3.50715649538387,10.2500000000102,5.45786313270242));
#5108=CARTESIAN_POINT('Ctrl Pts',(3.4462981819511,10.25,5.54667073352687));
#5109=CARTESIAN_POINT('',(3.617487352287,10.05,5.65008382723373));
#5110=CARTESIAN_POINT('Origin',(3.44629818194095,10.05,5.54667073349685));
#5111=CARTESIAN_POINT('Ctrl Pts',(3.617487352287,10.05,5.65008382723373));
#5112=CARTESIAN_POINT('Ctrl Pts',(3.68216918630124,10.0500000000115,5.54301006025473));
#5113=CARTESIAN_POINT('Ctrl Pts',(3.73600631512237,10.0544868244237,5.43105556072414));
#5114=CARTESIAN_POINT('Ctrl Pts',(3.78105979063885,10.0655037242332,5.31857026729325));
#5115=CARTESIAN_POINT('Ctrl Pts',(-3.60278632976015,10.05,5.64883601024391));
#5116=CARTESIAN_POINT('Ctrl Pts',(-3.50666938036761,10.05,5.8251729356262));
#5117=CARTESIAN_POINT('Ctrl Pts',(-3.24723137719436,10.05,6.15213107765515));
#5118=CARTESIAN_POINT('Ctrl Pts',(-2.54460155504781,10.05,6.55469880253291));
#5119=CARTESIAN_POINT('Ctrl Pts',(-1.62078074029762,10.05,6.72522961295624));
#5120=CARTESIAN_POINT('Ctrl Pts',(-0.171669511602742,10.05,6.78872473112154));
#5121=CARTESIAN_POINT('Ctrl Pts',(1.26030611091019,10.05,6.78230316924469));
#5122=CARTESIAN_POINT('Ctrl Pts',(2.55824036307396,10.05,6.5455698890184));
#5123=CARTESIAN_POINT('Ctrl Pts',(3.253082190967,10.05,6.13387045829142));
#5124=CARTESIAN_POINT('Ctrl Pts',(3.51488562729368,10.05,5.81992986454549));
#5125=CARTESIAN_POINT('Ctrl Pts',(3.61748735227853,10.05,5.65008382724775));
#5126=CARTESIAN_POINT('Ctrl Pts',(-3.60278632976015,10.1023598775598,5.64883601024391));
#5127=CARTESIAN_POINT('Ctrl Pts',(-3.50664731601121,10.1023598775598,5.82521341507122));
#5128=CARTESIAN_POINT('Ctrl Pts',(-3.24719172062828,10.1023598775598,6.15222551715395));
#5129=CARTESIAN_POINT('Ctrl Pts',(-2.54448759020669,10.1023598775598,6.5548382760265));
#5130=CARTESIAN_POINT('Ctrl Pts',(-1.62068842193038,10.1023598775598,6.72532246027209));
#5131=CARTESIAN_POINT('Ctrl Pts',(-0.171679114575285,10.1023598775598,6.78881007007428));
#5132=CARTESIAN_POINT('Ctrl Pts',(1.2601877849809,10.1023598775598,6.78238643858383));
#5133=CARTESIAN_POINT('Ctrl Pts',(2.55810264211416,10.1023598775598,6.54570772828009));
#5134=CARTESIAN_POINT('Ctrl Pts',(3.25304331115244,10.1023598775598,6.13395268848903));
#5135=CARTESIAN_POINT('Ctrl Pts',(3.51486438189917,10.1023598775598,5.81996503399385));
#5136=CARTESIAN_POINT('Ctrl Pts',(3.61748735227853,10.1023598775598,5.65008382724775));
#5137=CARTESIAN_POINT('Ctrl Pts',(-3.5647000182221,10.2066232629829,5.62807609242911));
#5138=CARTESIAN_POINT('Ctrl Pts',(-3.47088285287991,10.2066232629829,5.80019381556826));
#5139=CARTESIAN_POINT('Ctrl Pts',(-3.21862091234784,10.2066232629829,6.11810031447513));
#5140=CARTESIAN_POINT('Ctrl Pts',(-2.53231982536524,10.2066232629829,6.51214625570423));
#5141=CARTESIAN_POINT('Ctrl Pts',(-1.61670301653408,10.2066232629829,6.68199043589875));
#5142=CARTESIAN_POINT('Ctrl Pts',(-0.17211945879358,10.2066232629829,6.74518167677051));
#5143=CARTESIAN_POINT('Ctrl Pts',(1.25958517160468,10.2066232629829,6.73885685815153));
#5144=CARTESIAN_POINT('Ctrl Pts',(2.54526894435479,10.2066232629829,6.50318624678938));
#5145=CARTESIAN_POINT('Ctrl Pts',(3.22461147009613,10.2066232629829,6.09988662250908));
#5146=CARTESIAN_POINT('Ctrl Pts',(3.47997191223403,10.2066232629829,5.7938355142931));
#5147=CARTESIAN_POINT('Ctrl Pts',(3.58035921416733,10.2066232629829,5.62765521439171));
#5148=CARTESIAN_POINT('Ctrl Pts',(-3.47315307273219,10.25,5.5781760893094));
#5149=CARTESIAN_POINT('Ctrl Pts',(-3.38482945532829,10.25,5.7402153053902));
#5150=CARTESIAN_POINT('Ctrl Pts',(-3.1497889973886,10.25,6.03644870357539));
#5151=CARTESIAN_POINT('Ctrl Pts',(-2.50262104137516,10.25,6.41008124530351));
#5152=CARTESIAN_POINT('Ctrl Pts',(-1.6067576842008,10.25,6.57820235117997));
#5153=CARTESIAN_POINT('Ctrl Pts',(-0.173215944599193,10.25,6.6406514734627));
#5154=CARTESIAN_POINT('Ctrl Pts',(1.257667924629,10.25,6.63455596940028));
#5155=CARTESIAN_POINT('Ctrl Pts',(2.51387536418861,10.25,6.40152468134231));
#5156=CARTESIAN_POINT('Ctrl Pts',(3.15611666375942,10.25,6.01832878807929));
#5157=CARTESIAN_POINT('Ctrl Pts',(3.39601774411866,10.25,5.73116808540519));
#5158=CARTESIAN_POINT('Ctrl Pts',(3.49111540192754,10.25,5.57374421814058));
#5159=CARTESIAN_POINT('Ctrl Pts',(-3.42717924560794,10.25,5.55311687947288));
#5160=CARTESIAN_POINT('Ctrl Pts',(-3.34162561390779,10.25,5.71007425759028));
#5161=CARTESIAN_POINT('Ctrl Pts',(-3.1152425082491,10.25,5.99539630968066));
#5162=CARTESIAN_POINT('Ctrl Pts',(-2.48776444408873,10.25,6.35875463925318));
#5163=CARTESIAN_POINT('Ctrl Pts',(-1.60181006704825,10.25,6.52603408116097));
#5164=CARTESIAN_POINT('Ctrl Pts',(-0.173761717524542,10.25,6.58811432749445));
#5165=CARTESIAN_POINT('Ctrl Pts',(1.25676510843874,10.25,6.58213503207944));
#5166=CARTESIAN_POINT('Ctrl Pts',(2.49817970644769,10.25,6.35040150944693));
#5167=CARTESIAN_POINT('Ctrl Pts',(3.12173907281576,10.25,5.97732967901011));
#5168=CARTESIAN_POINT('Ctrl Pts',(3.35386769637214,10.25,5.69967938614558));
#5169=CARTESIAN_POINT('Ctrl Pts',(3.44629818193332,10.25,5.54667073350949));
#5170=CARTESIAN_POINT('',(-3.42717924568212,10.25,5.55311687969364));
#5171=CARTESIAN_POINT('Ctrl Pts',(3.44629818193332,10.25,5.54667073350949));
#5172=CARTESIAN_POINT('Ctrl Pts',(3.35386769637214,10.25,5.69967938614558));
#5173=CARTESIAN_POINT('Ctrl Pts',(3.12173907281576,10.25,5.97732967901011));
#5174=CARTESIAN_POINT('Ctrl Pts',(2.49817970644769,10.25,6.35040150944693));
#5175=CARTESIAN_POINT('Ctrl Pts',(1.25676510843874,10.25,6.58213503207944));
#5176=CARTESIAN_POINT('Ctrl Pts',(-0.173761717524542,10.25,6.58811432749445));
#5177=CARTESIAN_POINT('Ctrl Pts',(-1.60181006704825,10.25,6.52603408116097));
#5178=CARTESIAN_POINT('Ctrl Pts',(-2.48776444408873,10.25,6.35875463925318));
#5179=CARTESIAN_POINT('Ctrl Pts',(-3.1152425082491,10.25,5.99539630968066));
#5180=CARTESIAN_POINT('Ctrl Pts',(-3.34162561390779,10.25,5.71007425759028));
#5181=CARTESIAN_POINT('Ctrl Pts',(-3.42717924560794,10.25,5.55311687947288));
#5182=CARTESIAN_POINT('',(-3.60278632976015,10.05,5.64883601024391));
#5183=CARTESIAN_POINT('Origin',(-3.42717924560794,10.05,5.55311687947288));
#5184=CARTESIAN_POINT('Ctrl Pts',(-3.60278632976015,10.05,5.64883601024391));
#5185=CARTESIAN_POINT('Ctrl Pts',(-3.50666938036761,10.05,5.8251729356262));
#5186=CARTESIAN_POINT('Ctrl Pts',(-3.24723137719436,10.05,6.15213107765515));
#5187=CARTESIAN_POINT('Ctrl Pts',(-2.54460155504781,10.05,6.55469880253291));
#5188=CARTESIAN_POINT('Ctrl Pts',(-1.62078074029762,10.05,6.72522961295624));
#5189=CARTESIAN_POINT('Ctrl Pts',(-0.171669511602742,10.05,6.78872473112154));
#5190=CARTESIAN_POINT('Ctrl Pts',(1.26030611091019,10.05,6.78230316924469));
#5191=CARTESIAN_POINT('Ctrl Pts',(2.55824036307396,10.05,6.5455698890184));
#5192=CARTESIAN_POINT('Ctrl Pts',(3.253082190967,10.05,6.13387045829142));
#5193=CARTESIAN_POINT('Ctrl Pts',(3.51488562729368,10.05,5.81992986454549));
#5194=CARTESIAN_POINT('Ctrl Pts',(3.61748735227853,10.05,5.65008382724775));
#5195=CARTESIAN_POINT('Ctrl Pts',(-3.70487696857528,10.0568059970372,5.42952484212802));
#5196=CARTESIAN_POINT('Ctrl Pts',(-3.6756124064234,10.0520432506358,5.50368945645423));
#5197=CARTESIAN_POINT('Ctrl Pts',(-3.64178008923712,10.0500000000128,5.57729774671471));
#5198=CARTESIAN_POINT('Ctrl Pts',(-3.60278632976012,10.05,5.64883601024396));
#5199=CARTESIAN_POINT('Ctrl Pts',(-3.70366063453438,10.1071559465983,5.43260737398232));
#5200=CARTESIAN_POINT('Ctrl Pts',(-3.67473953337151,10.1030738231748,5.50561581437531));
#5201=CARTESIAN_POINT('Ctrl Pts',(-3.64130241498858,10.1016843531722,5.57812840982648));
#5202=CARTESIAN_POINT('Ctrl Pts',(-3.60278632975571,10.1023598775535,5.64883601025205));
#5203=CARTESIAN_POINT('Ctrl Pts',(-3.66390662219709,10.2074816884611,5.42401936183922));
#5204=CARTESIAN_POINT('Ctrl Pts',(-3.63525042680677,10.2047153110619,5.49292788920335));
#5205=CARTESIAN_POINT('Ctrl Pts',(-3.60239808441551,10.2046555589642,5.56137018245233));
#5206=CARTESIAN_POINT('Ctrl Pts',(-3.56470034037552,10.2066236298708,5.62807626805851));
#5207=CARTESIAN_POINT('Ctrl Pts',(-3.57155738208388,10.253179882277,5.39081269289667));
#5208=CARTESIAN_POINT('Ctrl Pts',(-3.54277078692294,10.249824119936,5.45451373180345));
#5209=CARTESIAN_POINT('Ctrl Pts',(-3.51014057401853,10.2489246573264,5.51731880112977));
#5210=CARTESIAN_POINT('Ctrl Pts',(-3.47315307274309,10.2499999999901,5.57817608935548));
#5211=CARTESIAN_POINT('Ctrl Pts',(-3.52462740198113,10.2560497751442,5.37249768335724));
#5212=CARTESIAN_POINT('Ctrl Pts',(-3.49596213445683,10.2518162227873,5.43411902514839));
#5213=CARTESIAN_POINT('Ctrl Pts',(-3.46363247887752,10.2500000000113,5.49463370215211));
#5214=CARTESIAN_POINT('Ctrl Pts',(-3.4271792456244,10.25,5.55311687952198));
#5215=CARTESIAN_POINT('',(-3.52462740198114,10.2560497751442,5.37249768335724));
#5216=CARTESIAN_POINT('Ctrl Pts',(-3.4271792456244,10.25,5.55311687952198));
#5217=CARTESIAN_POINT('Ctrl Pts',(-3.46363247887752,10.2500000000113,5.49463370215211));
#5218=CARTESIAN_POINT('Ctrl Pts',(-3.49596213445683,10.2518162227873,5.43411902514839));
#5219=CARTESIAN_POINT('Ctrl Pts',(-3.52462740198113,10.2560497751442,5.37249768335724));
#5220=CARTESIAN_POINT('Origin',(-3.51883655051914,10.0568059970372,5.35611528655453));
#5221=CARTESIAN_POINT('Ctrl Pts',(-3.70487696857528,10.0568059970372,5.42952484212802));
#5222=CARTESIAN_POINT('Ctrl Pts',(-3.6756124064234,10.0520432506358,5.50368945645423));
#5223=CARTESIAN_POINT('Ctrl Pts',(-3.64178008923712,10.0500000000128,5.57729774671471));
#5224=CARTESIAN_POINT('Ctrl Pts',(-3.60278632976012,10.05,5.64883601024396));
#5225=CARTESIAN_POINT('Ctrl Pts',(-3.52462740198118,10.2560497751442,5.37249768335724));
#5226=CARTESIAN_POINT('Ctrl Pts',(-3.85170777918489,10.3043560363924,4.66937737583677));
#5227=CARTESIAN_POINT('Ctrl Pts',(-4.40213032552199,10.7197353256935,3.81186662584752));
#5228=CARTESIAN_POINT('Ctrl Pts',(-5.1427158472802,11.3990153996539,2.89669806256459));
#5229=CARTESIAN_POINT('Ctrl Pts',(-5.4509039212575,11.6976230263134,2.54554305066373));
#5230=CARTESIAN_POINT('Ctrl Pts',(-5.60640991321145,11.8474555986522,2.37447009881336));
#5231=CARTESIAN_POINT('Ctrl Pts',(-5.60773018320298,11.8487278183104,2.37301805319326));
#5232=CARTESIAN_POINT('Ctrl Pts',(-5.60905050881593,11.85,2.37156636858374));
#5233=CARTESIAN_POINT('Ctrl Pts',(-3.57826166495574,10.2527698975817,5.39342912283087));
#5234=CARTESIAN_POINT('Ctrl Pts',(-3.89507210637518,10.2876625195599,4.68958395498237));
#5235=CARTESIAN_POINT('Ctrl Pts',(-4.42848873980363,10.6961639582071,3.81362648884018));
#5236=CARTESIAN_POINT('Ctrl Pts',(-5.15008886135898,11.3885747254432,2.89299334591556));
#5237=CARTESIAN_POINT('Ctrl Pts',(-5.45277845119558,11.6939859541303,2.54351005643129));
#5238=CARTESIAN_POINT('Ctrl Pts',(-5.60644106166806,11.8473950725178,2.37443604744663));
#5239=CARTESIAN_POINT('Ctrl Pts',(-5.60774571547641,11.8486975282702,2.37300097561628));
#5240=CARTESIAN_POINT('Ctrl Pts',(-5.60905050881593,11.85,2.37156636858374));
#5241=CARTESIAN_POINT('Ctrl Pts',(-3.66993338691408,10.2008349830251,5.42592717446894));
#5242=CARTESIAN_POINT('Ctrl Pts',(-3.9646869122447,10.2303068350212,4.70691061002789));
#5243=CARTESIAN_POINT('Ctrl Pts',(-4.46831446897977,10.6500484759271,3.80765584479643));
#5244=CARTESIAN_POINT('Ctrl Pts',(-5.16204091524258,11.3700632296253,2.8853461985289));
#5245=CARTESIAN_POINT('Ctrl Pts',(-5.45605762677704,11.6876454359817,2.53995146961988));
#5246=CARTESIAN_POINT('Ctrl Pts',(-5.60649548006391,11.8472890080372,2.3743763708951));
#5247=CARTESIAN_POINT('Ctrl Pts',(-5.60777289695493,11.8486445206998,2.37297108985656));
#5248=CARTESIAN_POINT('Ctrl Pts',(-5.60905050881593,11.85,2.37156636858374));
#5249=CARTESIAN_POINT('Ctrl Pts',(-3.70383439654027,10.099963096661,5.43216701228885));
#5250=CARTESIAN_POINT('Ctrl Pts',(-3.99677507752479,10.1468924164503,4.68886200148183));
#5251=CARTESIAN_POINT('Ctrl Pts',(-4.49292173371218,10.5999373368592,3.78778630593229));
#5252=CARTESIAN_POINT('Ctrl Pts',(-5.17170357108078,11.3508719865112,2.87526533091249));
#5253=CARTESIAN_POINT('Ctrl Pts',(-5.45931233810902,11.6812970909732,2.53637799152565));
#5254=CARTESIAN_POINT('Ctrl Pts',(-5.60654986377244,11.8471829844655,2.37431661765058));
#5255=CARTESIAN_POINT('Ctrl Pts',(-5.60780007843344,11.8485915131295,2.37294120409684));
#5256=CARTESIAN_POINT('Ctrl Pts',(-5.60905050881593,11.85,2.37156636858374));
#5257=CARTESIAN_POINT('Ctrl Pts',(-3.70487696857533,10.0568059970372,5.42952484212801));
#5258=CARTESIAN_POINT('Ctrl Pts',(-4.00200741354246,10.1111505409415,4.67651289746974));
#5259=CARTESIAN_POINT('Ctrl Pts',(-4.50033941044373,10.5784522414064,3.77699361004997));
#5260=CARTESIAN_POINT('Ctrl Pts',(-5.17546592606761,11.3426423246112,2.87061111068636));
#5261=CARTESIAN_POINT('Ctrl Pts',(-5.4607071722221,11.6785759046047,2.53484481975989));
#5262=CARTESIAN_POINT('Ctrl Pts',(-5.60657313902797,11.8471375484837,2.37429098963733));
#5263=CARTESIAN_POINT('Ctrl Pts',(-5.60781172763852,11.8485687955993,2.3729283959141));
#5264=CARTESIAN_POINT('Ctrl Pts',(-5.60905050881593,11.85,2.37156636858374));
#5265=CARTESIAN_POINT('Ctrl Pts',(-3.52462740198118,10.2560497751442,5.37249768335724));
#5266=CARTESIAN_POINT('Ctrl Pts',(-3.85170777918489,10.3043560363924,4.66937737583677));
#5267=CARTESIAN_POINT('Ctrl Pts',(-4.40213032552199,10.7197353256935,3.81186662584752));
#5268=CARTESIAN_POINT('Ctrl Pts',(-5.1427158472802,11.3990153996539,2.89669806256459));
#5269=CARTESIAN_POINT('Ctrl Pts',(-5.4509039212575,11.6976230263134,2.54554305066373));
#5270=CARTESIAN_POINT('Ctrl Pts',(-5.60640991321145,11.8474555986522,2.37447009881336));
#5271=CARTESIAN_POINT('Ctrl Pts',(-5.60773018320298,11.8487278183104,2.37301805319326));
#5272=CARTESIAN_POINT('Ctrl Pts',(-5.60905050881593,11.85,2.37156636858374));
#5273=CARTESIAN_POINT('Ctrl Pts',(-5.60905050881593,11.85,2.37156636858374));
#5274=CARTESIAN_POINT('Ctrl Pts',(-4.71853137169559,11.85,3.35068312066536));
#5275=CARTESIAN_POINT('Ctrl Pts',(-3.32151179813363,11.85,4.02871605383516));
#5276=CARTESIAN_POINT('Ctrl Pts',(-1.83789143085442,11.85,4.3220042639043));
#5277=CARTESIAN_POINT('Ctrl Pts',(-5.60905050881593,11.371281119453,2.37156636858374));
#5278=CARTESIAN_POINT('Ctrl Pts',(-4.71952747097471,11.371281119453,3.34958791961884));
#5279=CARTESIAN_POINT('Ctrl Pts',(-3.32066199731979,11.371281119453,4.0288840459746));
#5280=CARTESIAN_POINT('Ctrl Pts',(-1.83789143085442,11.371281119453,4.3220042639043));
#5281=CARTESIAN_POINT('Ctrl Pts',(-5.90575402799479,10.541957772167,2.64142199235689));
#5282=CARTESIAN_POINT('Ctrl Pts',(-4.93807142148046,10.541957772167,3.70537919579221));
#5283=CARTESIAN_POINT('Ctrl Pts',(-3.46512161204172,10.541957772167,4.40915560034778));
#5284=CARTESIAN_POINT('Ctrl Pts',(-1.91567087979353,10.541957772167,4.71545742922115));
#5285=CARTESIAN_POINT('Ctrl Pts',(-6.52709439623664,10.25,3.20653895865167));
#5286=CARTESIAN_POINT('Ctrl Pts',(-5.39882959814286,10.25,4.44705465174488));
#5287=CARTESIAN_POINT('Ctrl Pts',(-3.76500036774404,10.25,5.20602162807425));
#5288=CARTESIAN_POINT('Ctrl Pts',(-2.07855237031047,10.25,5.53940564291428));
#5289=CARTESIAN_POINT('Ctrl Pts',(-6.79270608682655,10.25,3.44811616893872));
#5290=CARTESIAN_POINT('Ctrl Pts',(-5.5958763673797,10.25,4.7640182970939));
#5291=CARTESIAN_POINT('Ctrl Pts',(-3.89312393573924,10.25,5.54668100866851));
#5292=CARTESIAN_POINT('Ctrl Pts',(-2.14818124085114,10.25,5.8916284972201));
#5293=CARTESIAN_POINT('',(-2.14818124085115,10.25,5.8916284972201));
#5294=CARTESIAN_POINT('Ctrl Pts',(-3.42751710590749,10.25,5.55412030409708));
#5295=CARTESIAN_POINT('Ctrl Pts',(-3.00832041929068,10.25,5.6943340117342));
#5296=CARTESIAN_POINT('Ctrl Pts',(-2.57953996111117,10.25,5.80635572141237));
#5297=CARTESIAN_POINT('Ctrl Pts',(-2.14818124085114,10.25,5.8916284972201));
#5298=CARTESIAN_POINT('',(-2.78796948377125,10.258713601028,5.57179366271293));
#5299=CARTESIAN_POINT('Ctrl Pts',(-2.14818124085114,10.25,5.8916284972201));
#5300=CARTESIAN_POINT('Ctrl Pts',(-2.19634320432538,10.25,5.87852135550513));
#5301=CARTESIAN_POINT('Ctrl Pts',(-2.24457820634039,10.2500096827469,5.86400915728188));
#5302=CARTESIAN_POINT('Ctrl Pts',(-2.29227044252433,10.2500631052003,5.84784169696975));
#5303=CARTESIAN_POINT('Ctrl Pts',(-2.33559734249431,10.2501116378228,5.83315406661812));
#5304=CARTESIAN_POINT('Ctrl Pts',(-2.37847583857533,10.2501958380281,5.81710065430113));
#5305=CARTESIAN_POINT('Ctrl Pts',(-2.42043475914673,10.2503684825235,5.79951769703949));
#5306=CARTESIAN_POINT('Ctrl Pts',(-2.45973327233247,10.2505301804864,5.78304958803238));
#5307=CARTESIAN_POINT('Ctrl Pts',(-2.49852342605626,10.2507694029612,5.76511982004667));
#5308=CARTESIAN_POINT('Ctrl Pts',(-2.53644097644386,10.2511692296359,5.74549150948729));
#5309=CARTESIAN_POINT('Ctrl Pts',(-2.57120641241766,10.2515358184191,5.7274949151121));
#5310=CARTESIAN_POINT('Ctrl Pts',(-2.60523798504573,10.2520371081408,5.70807048290523));
#5311=CARTESIAN_POINT('Ctrl Pts',(-2.63824972279695,10.2527769583702,5.68705045923884));
#5312=CARTESIAN_POINT('Ctrl Pts',(-2.66139869061286,10.25329576684,5.67231049447206));
#5313=CARTESIAN_POINT('Ctrl Pts',(-2.68404605557671,10.2539326524558,5.65678620452346));
#5314=CARTESIAN_POINT('Ctrl Pts',(-2.70609273298335,10.2547381013137,5.64042477485295));
#5315=CARTESIAN_POINT('Ctrl Pts',(-2.73540663932396,10.2558090496451,5.6186701399883));
#5316=CARTESIAN_POINT('Ctrl Pts',(-2.7632555846159,10.2571619580411,5.59573803812131));
#5317=CARTESIAN_POINT('Ctrl Pts',(-2.78966556109815,10.2589312600513,5.57151203856857));
#5318=CARTESIAN_POINT('',(-2.92423415546541,10.2746405476589,5.41674206844228));
#5319=CARTESIAN_POINT('Ctrl Pts',(-2.78966556109813,10.2589312600513,5.57151203856856));
#5320=CARTESIAN_POINT('Ctrl Pts',(-2.81944141998039,10.2607495667009,5.54590970392801));
#5321=CARTESIAN_POINT('Ctrl Pts',(-2.84701341828431,10.2631052702694,5.5181505542507));
#5322=CARTESIAN_POINT('Ctrl Pts',(-2.87218357210357,10.2662376182938,5.48855482564375));
#5323=CARTESIAN_POINT('Ctrl Pts',(-2.88792673747788,10.2681968066767,5.4700435978945));
#5324=CARTESIAN_POINT('Ctrl Pts',(-2.90273094015683,10.2704606249025,5.45081429970676));
#5325=CARTESIAN_POINT('Ctrl Pts',(-2.9165550339765,10.2730930931847,5.430950054737));
#5326=CARTESIAN_POINT('Ctrl Pts',(-2.91996504545504,10.273742448374,5.42605010944994));
#5327=CARTESIAN_POINT('Ctrl Pts',(-2.92331118921207,10.274413591222,5.42111674483891));
#5328=CARTESIAN_POINT('Ctrl Pts',(-2.92659470494245,10.2751074053869,5.41615083649341));
#5329=CARTESIAN_POINT('',(-3.17419161318982,10.5009245532244,4.73060149128169));
#5330=CARTESIAN_POINT('Ctrl Pts',(-2.92423415546569,10.2746405476589,5.41674206844248));
#5331=CARTESIAN_POINT('Ctrl Pts',(-2.9243545409753,10.2746637483282,5.41657158783232));
#5332=CARTESIAN_POINT('Ctrl Pts',(-2.92447488078896,10.2746869756874,5.41640105801288));
#5333=CARTESIAN_POINT('Ctrl Pts',(-2.98576436747856,10.2865348662376,5.32949156245963));
#5334=CARTESIAN_POINT('Ctrl Pts',(-3.03078302092401,10.3044868275417,5.23618731253045));
#5335=CARTESIAN_POINT('Ctrl Pts',(-3.11416776542445,10.3682180252425,5.00947323583358));
#5336=CARTESIAN_POINT('Ctrl Pts',(-3.1461280507845,10.4221475857447,4.87054972361252));
#5337=CARTESIAN_POINT('Ctrl Pts',(-3.17419161318982,10.5009245532244,4.73060149128169));
#5338=CARTESIAN_POINT('',(-2.54682357973994,11.85,4.15146597926816));
#5339=CARTESIAN_POINT('Ctrl Pts',(-2.54682357973994,11.85,4.15146597926816));
#5340=CARTESIAN_POINT('Ctrl Pts',(-2.54780384702304,11.8481239446872,4.15118641668585));
#5341=CARTESIAN_POINT('Ctrl Pts',(-2.54878495167922,11.846247885205,4.15090994763187));
#5342=CARTESIAN_POINT('Ctrl Pts',(-2.5497668797937,11.8443718318832,4.15063657039383));
#5343=CARTESIAN_POINT('Ctrl Pts',(-2.57465060940402,11.7968294477656,4.14370872590847));
#5344=CARTESIAN_POINT('Ctrl Pts',(-2.59992138938482,11.749566581605,4.1388011301109));
#5345=CARTESIAN_POINT('Ctrl Pts',(-2.62535250026127,11.7027245897492,4.13584432720991));
#5346=CARTESIAN_POINT('Ctrl Pts',(-2.65115125199701,11.6552054339968,4.13284477975229));
#5347=CARTESIAN_POINT('Ctrl Pts',(-2.67711628973103,11.6081194091124,4.13185278447885));
#5348=CARTESIAN_POINT('Ctrl Pts',(-2.70302567675636,11.561614090983,4.13284814443204));
#5349=CARTESIAN_POINT('Ctrl Pts',(-2.72839177917198,11.5160839261285,4.13382263304069));
#5350=CARTESIAN_POINT('Ctrl Pts',(-2.75370576344204,11.4711103700945,4.13670219588749));
#5351=CARTESIAN_POINT('Ctrl Pts',(-2.77875471891608,11.4268319086705,4.1415161651811));
#5352=CARTESIAN_POINT('Ctrl Pts',(-2.79761052859664,11.3935009283657,4.14513992062681));
#5353=CARTESIAN_POINT('Ctrl Pts',(-2.81631619050733,11.3605638200093,4.14986076620682));
#5354=CARTESIAN_POINT('Ctrl Pts',(-2.83477282149912,11.3280796542726,4.15570910068976));
#5355=CARTESIAN_POINT('Ctrl Pts',(-2.85287309494925,11.2962226873703,4.16144451650948));
#5356=CARTESIAN_POINT('Ctrl Pts',(-2.87073406485973,11.2648013412607,4.16826471969554));
#5357=CARTESIAN_POINT('Ctrl Pts',(-2.88826100323234,11.2338713306734,4.17614421351226));
#5358=CARTESIAN_POINT('Ctrl Pts',(-2.91190447028968,11.1921474042889,4.18677348306997));
#5359=CARTESIAN_POINT('Ctrl Pts',(-2.93465997810325,11.1518199295523,4.19920191399237));
#5360=CARTESIAN_POINT('Ctrl Pts',(-2.95633393482044,11.1129192771998,4.21327623420806));
#5361=CARTESIAN_POINT('Ctrl Pts',(-2.97829205033485,11.0735086135592,4.22753507734942));
#5362=CARTESIAN_POINT('Ctrl Pts',(-2.99914140189128,11.0355624305806,4.24348395298989));
#5363=CARTESIAN_POINT('Ctrl Pts',(-3.01865149392472,10.9991123092664,4.26100924742069));
#5364=CARTESIAN_POINT('Ctrl Pts',(-3.03705801391472,10.9647239585883,4.27754323822496));
#5365=CARTESIAN_POINT('Ctrl Pts',(-3.05427320579633,10.9316672092764,4.29548127439564));
#5366=CARTESIAN_POINT('Ctrl Pts',(-3.07006371837454,10.8999685806895,4.31475596795386));
#5367=CARTESIAN_POINT('Ctrl Pts',(-3.07101044639495,10.8980680736766,4.31591159177457));
#5368=CARTESIAN_POINT('Ctrl Pts',(-3.07195203880486,10.8961724486481,4.3170720269316));
#5369=CARTESIAN_POINT('Ctrl Pts',(-3.07288843959484,10.8942817113193,4.31823726127136));
#5370=CARTESIAN_POINT('Ctrl Pts',(-3.0798558944487,10.8802133475166,4.32690739241967));
#5371=CARTESIAN_POINT('Ctrl Pts',(-3.08653606271851,10.866415584658,4.33584320222119));
#5372=CARTESIAN_POINT('Ctrl Pts',(-3.09292065397059,10.8528907771812,4.3450301316852));
#5373=CARTESIAN_POINT('Ctrl Pts',(-3.10779628801249,10.821378957776,4.36643501028737));
#5374=CARTESIAN_POINT('Ctrl Pts',(-3.12090904119438,10.7916871672686,4.38896862824176));
#5375=CARTESIAN_POINT('Ctrl Pts',(-3.13223330906227,10.7637285103273,4.41238747435706));
#5376=CARTESIAN_POINT('Ctrl Pts',(-3.14364477207508,10.7355545759682,4.43598664203528));
#5377=CARTESIAN_POINT('Ctrl Pts',(-3.1532405215163,10.7091405676598,4.46048600783516));
#5378=CARTESIAN_POINT('Ctrl Pts',(-3.16094779537696,10.6843975673322,4.48565938245662));
#5379=CARTESIAN_POINT('Ctrl Pts',(-3.16663544563203,10.6661382535115,4.50423629475729));
#5380=CARTESIAN_POINT('Ctrl Pts',(-3.17129373598506,10.6487889424477,4.5231808354526));
#5381=CARTESIAN_POINT('Ctrl Pts',(-3.17487522810283,10.6323138997568,4.5424037722746));
#5382=CARTESIAN_POINT('Ctrl Pts',(-3.17949229002813,10.6110751842091,4.56718492124125));
#5383=CARTESIAN_POINT('Ctrl Pts',(-3.18227930729489,10.5914748334984,4.59219965616973));
#5384=CARTESIAN_POINT('Ctrl Pts',(-3.18319524644072,10.5733636386915,4.6172609728391));
#5385=CARTESIAN_POINT('Ctrl Pts',(-3.18408541415594,10.5557620316693,4.64161714879426));
#5386=CARTESIAN_POINT('Ctrl Pts',(-3.18320839607917,10.5395669598459,4.6660185038336));
#5387=CARTESIAN_POINT('Ctrl Pts',(-3.18047857219094,10.5246414579439,4.69029617259475));
#5388=CARTESIAN_POINT('Ctrl Pts',(-3.17896246575378,10.5163520405903,4.70377965409215));
#5389=CARTESIAN_POINT('Ctrl Pts',(-3.1768739894466,10.5084542269022,4.71722493522795));
#5390=CARTESIAN_POINT('Ctrl Pts',(-3.17419161318982,10.5009245532244,4.73060149128169));
#5391=CARTESIAN_POINT('',(-3.36258178055637,11.85,3.87216567845524));
#5392=CARTESIAN_POINT('Ctrl Pts',(-3.36165041459794,11.85,3.86986739878558));
#5393=CARTESIAN_POINT('Ctrl Pts',(-3.09769107031016,11.85,3.97683555889327));
#5394=CARTESIAN_POINT('Ctrl Pts',(-2.82499839912729,11.85,4.07061550986873));
#5395=CARTESIAN_POINT('Ctrl Pts',(-2.54657723714212,11.85,4.1506085674577));
#5396=CARTESIAN_POINT('',(-4.3428339498412,11.85,3.38856044940392));
#5397=CARTESIAN_POINT('Ctrl Pts',(-3.36165041459795,11.85,3.86986739878557));
#5398=CARTESIAN_POINT('Ctrl Pts',(-3.70528758331356,11.85,3.73061021211045));
#5399=CARTESIAN_POINT('Ctrl Pts',(-4.0341232462503,11.85,3.56900125090209));
#5400=CARTESIAN_POINT('Ctrl Pts',(-4.34152745634028,11.85,3.38636146738332));
#5401=CARTESIAN_POINT('Ctrl Pts',(-5.60905050881593,11.85,2.37156636858374));
#5402=CARTESIAN_POINT('Ctrl Pts',(-5.25703960023685,11.85,2.75859878949248));
#5403=CARTESIAN_POINT('Ctrl Pts',(-4.82588695890054,11.85,3.0985862457389));
#5404=CARTESIAN_POINT('Ctrl Pts',(-4.34152745634612,11.85,3.38636146737985));
#5405=CARTESIAN_POINT('Origin',(0.0223291367869255,10.25,4.90240116043909));
#5406=CARTESIAN_POINT('',(2.06183636822183,10.25,5.90832907290448));
#5407=CARTESIAN_POINT('Ctrl Pts',(2.06183636822183,10.25,5.90832907290447));
#5408=CARTESIAN_POINT('Ctrl Pts',(2.53088528645012,10.25,5.81960237909478));
#5409=CARTESIAN_POINT('Ctrl Pts',(2.99481699111516,10.25,5.6999114009761));
#5410=CARTESIAN_POINT('Ctrl Pts',(3.44713810785053,10.25,5.5469687789622));
#5411=CARTESIAN_POINT('Ctrl Pts',(2.06183636822183,10.25,5.90832907290448));
#5412=CARTESIAN_POINT('Ctrl Pts',(2.05961107781156,10.25,5.90888317932277));
#5413=CARTESIAN_POINT('Ctrl Pts',(1.94905479621061,10.25,5.93630401095317));
#5414=CARTESIAN_POINT('Ctrl Pts',(1.71734578853383,10.25,5.98318004193137));
#5415=CARTESIAN_POINT('Ctrl Pts',(1.33505114521432,10.25,6.03337758164547));
#5416=CARTESIAN_POINT('Ctrl Pts',(0.766565039482108,10.25,6.06944770597461));
#5417=CARTESIAN_POINT('Ctrl Pts',(0.00334685095723072,10.25,6.08175838211861));
#5418=CARTESIAN_POINT('Ctrl Pts',(-0.765531631762075,10.25,6.06974453187171));
#5419=CARTESIAN_POINT('Ctrl Pts',(-1.36203688164859,10.25,6.03274053127919));
#5420=CARTESIAN_POINT('Ctrl Pts',(-1.76520773015201,10.25,5.97956025311293));
#5421=CARTESIAN_POINT('Ctrl Pts',(-2.01085900894221,10.25,5.92807376173226));
#5422=CARTESIAN_POINT('Ctrl Pts',(-2.13294536103044,10.25,5.89577489868624));
#5423=CARTESIAN_POINT('Ctrl Pts',(-2.14818124085115,10.25,5.89162849722009));
#5424=CARTESIAN_POINT('Ctrl Pts',(1.76444947085856,11.85,4.33620915595264));
#5425=CARTESIAN_POINT('Ctrl Pts',(2.634029316772,11.85,4.1717168359983));
#5426=CARTESIAN_POINT('Ctrl Pts',(4.09914479314164,11.85,3.66450065269705));
#5427=CARTESIAN_POINT('Ctrl Pts',(5.2397638933438,11.85,2.78249805552651));
#5428=CARTESIAN_POINT('Ctrl Pts',(5.62718466853841,11.85,2.3515110136438));
#5429=CARTESIAN_POINT('Ctrl Pts',(1.76444947085856,11.371281119453,4.33620915595264));
#5430=CARTESIAN_POINT('Ctrl Pts',(2.63353375402453,11.371281119453,4.17181057812721));
#5431=CARTESIAN_POINT('Ctrl Pts',(4.09953108246934,11.371281119453,3.66400146454571));
#5432=CARTESIAN_POINT('Ctrl Pts',(5.24019991256931,11.371281119453,2.78201300503816));
#5433=CARTESIAN_POINT('Ctrl Pts',(5.62718466853841,11.371281119453,2.3515110136438));
#5434=CARTESIAN_POINT('Ctrl Pts',(1.83899457228169,10.5419577195655,4.73028784501922));
#5435=CARTESIAN_POINT('Ctrl Pts',(2.74696350420229,10.5419577195655,4.55853373093761));
#5436=CARTESIAN_POINT('Ctrl Pts',(4.28213373592885,10.5419577195655,4.02940256519256));
#5437=CARTESIAN_POINT('Ctrl Pts',(5.50425921128586,10.5419577195655,3.08819386230704));
#5438=CARTESIAN_POINT('Ctrl Pts',(5.92545649537682,10.5419577195655,2.61963207331106));
#5439=CARTESIAN_POINT('Ctrl Pts',(1.99510290450538,10.25,5.55554618850032));
#5440=CARTESIAN_POINT('Ctrl Pts',(2.98296201777961,10.25,5.36867980918604));
#5441=CARTESIAN_POINT('Ctrl Pts',(4.66573075569455,10.25,4.79305462973864));
#5442=CARTESIAN_POINT('Ctrl Pts',(6.05859288061634,10.25,3.72787401866069));
#5443=CARTESIAN_POINT('Ctrl Pts',(6.55008127350626,10.25,3.18111674044062));
#5444=CARTESIAN_POINT('Ctrl Pts',(2.06183636822183,10.25,5.90832907290447));
#5445=CARTESIAN_POINT('Ctrl Pts',(3.08380676088214,10.25,5.7150101021356));
#5446=CARTESIAN_POINT('Ctrl Pts',(4.82974290841409,10.25,5.11946134352322));
#5447=CARTESIAN_POINT('Ctrl Pts',(6.29559588148506,10.25,4.00128615379044));
#5448=CARTESIAN_POINT('Ctrl Pts',(6.81709696942676,10.25,3.42114119094556));
#5449=CARTESIAN_POINT('',(4.35725686489642,11.85,3.37994215376543));
#5450=CARTESIAN_POINT('Ctrl Pts',(4.35703870316327,11.85,3.37976373490705));
#5451=CARTESIAN_POINT('Ctrl Pts',(4.84282798108729,11.85,3.08825100336538));
#5452=CARTESIAN_POINT('Ctrl Pts',(5.27654345707862,11.85,2.74158255385306));
#5453=CARTESIAN_POINT('Ctrl Pts',(5.62718466853841,11.85,2.3515110136438));
#5454=CARTESIAN_POINT('',(3.4563110269171,11.85,3.83360808760686));
#5455=CARTESIAN_POINT('Ctrl Pts',(4.35712038047221,11.85,3.3797147211226));
#5456=CARTESIAN_POINT('Ctrl Pts',(4.30613821163066,11.85,3.41030914908494));
#5457=CARTESIAN_POINT('Ctrl Pts',(4.01872079765486,11.85,3.57748296352931));
#5458=CARTESIAN_POINT('Ctrl Pts',(3.71459094823138,11.85,3.72535427043127));
#5459=CARTESIAN_POINT('Ctrl Pts',(3.45630746266724,11.85,3.83359958297182));
#5460=CARTESIAN_POINT('',(2.61029381027247,11.8500000000052,4.13309871156362));
#5461=CARTESIAN_POINT('Ctrl Pts',(2.61078424983393,11.85,4.1329084476052));
#5462=CARTESIAN_POINT('Ctrl Pts',(2.90054919731329,11.85,4.04781086795009));
#5463=CARTESIAN_POINT('Ctrl Pts',(3.18358125233809,11.85,3.94792313996197));
#5464=CARTESIAN_POINT('Ctrl Pts',(3.45686257724023,11.85,3.83336691144691));
#5465=CARTESIAN_POINT('',(3.233734699389,10.4812779915171,4.7436502061951));
#5466=CARTESIAN_POINT('Ctrl Pts',(3.233734699389,10.4812779915171,4.7436502061951));
#5467=CARTESIAN_POINT('Ctrl Pts',(3.23908097461631,10.4915089279082,4.72392523839573));
#5468=CARTESIAN_POINT('Ctrl Pts',(3.24301160261551,10.5023590441741,4.70430319775091));
#5469=CARTESIAN_POINT('Ctrl Pts',(3.24571949986942,10.513813457111,4.68490497175537));
#5470=CARTESIAN_POINT('Ctrl Pts',(3.24853290400621,10.5257141644567,4.66475093925526));
#5471=CARTESIAN_POINT('Ctrl Pts',(3.25002635741522,10.5382671758623,4.64483799474938));
#5472=CARTESIAN_POINT('Ctrl Pts',(3.25037532988012,10.5514557997939,4.6252616675003));
#5473=CARTESIAN_POINT('Ctrl Pts',(3.25074380133804,10.5653813440039,4.60459150418446));
#5474=CARTESIAN_POINT('Ctrl Pts',(3.24983634443758,10.580015515434,4.58429613002224));
#5475=CARTESIAN_POINT('Ctrl Pts',(3.24781512640908,10.5953386653614,4.56445201930128));
#5476=CARTESIAN_POINT('Ctrl Pts',(3.24762104150018,10.5968100514839,4.56254651362744));
#5477=CARTESIAN_POINT('Ctrl Pts',(3.24741665493409,10.5982877903726,4.56064514634171));
#5478=CARTESIAN_POINT('Ctrl Pts',(3.2472020901402,10.5997718646308,4.5587479715604));
#5479=CARTESIAN_POINT('Ctrl Pts',(3.24422156249206,10.62038719615,4.53239424508718));
#5480=CARTESIAN_POINT('Ctrl Pts',(3.23923014526195,10.6425873719645,4.50639647713711));
#5481=CARTESIAN_POINT('Ctrl Pts',(3.23232543960105,10.6664796505433,4.48098608977416));
#5482=CARTESIAN_POINT('Ctrl Pts',(3.22540424824008,10.6904289744124,4.45551503247892));
#5483=CARTESIAN_POINT('Ctrl Pts',(3.21656031088428,10.7160784908331,4.43063282045048));
#5484=CARTESIAN_POINT('Ctrl Pts',(3.20584110308365,10.7435362283824,4.40657841075619));
#5485=CARTESIAN_POINT('Ctrl Pts',(3.19909229508995,10.7608236065271,4.39143376616602));
#5486=CARTESIAN_POINT('Ctrl Pts',(3.19159914449765,10.7788277554711,4.37661744362073));
#5487=CARTESIAN_POINT('Ctrl Pts',(3.18336398816384,10.797575635954,4.3621939218586));
#5488=CARTESIAN_POINT('Ctrl Pts',(3.17349216660189,10.8200494935579,4.34490385141438));
#5489=CARTESIAN_POINT('Ctrl Pts',(3.16263268852317,10.8434165183865,4.32831528142172));
#5490=CARTESIAN_POINT('Ctrl Pts',(3.15082361444273,10.8676753843829,4.31251493152106));
#5491=CARTESIAN_POINT('Ctrl Pts',(3.13568853429799,10.89876671962,4.29226443936288));
#5492=CARTESIAN_POINT('Ctrl Pts',(3.11899536366773,10.9313230131876,4.27330710269573));
#5493=CARTESIAN_POINT('Ctrl Pts',(3.10097764769661,10.9653414733852,4.25572889780078));
#5494=CARTESIAN_POINT('Ctrl Pts',(3.08245966208065,11.0003044707831,4.23766262647533));
#5495=CARTESIAN_POINT('Ctrl Pts',(3.06254156476592,11.0368119573959,4.22105223442736));
#5496=CARTESIAN_POINT('Ctrl Pts',(3.04143409227064,11.0748609024685,4.20602450690287));
#5497=CARTESIAN_POINT('Ctrl Pts',(3.02998415937024,11.0955008852097,4.19787258478906));
#5498=CARTESIAN_POINT('Ctrl Pts',(3.01818359595371,11.1165944598031,4.19018703311446));
#5499=CARTESIAN_POINT('Ctrl Pts',(3.0060626151406,11.1381411424652,4.18299351814101));
#5500=CARTESIAN_POINT('Ctrl Pts',(2.98622803786112,11.1733997860492,4.17122216639547));
#5501=CARTESIAN_POINT('Ctrl Pts',(2.96597058786534,11.209081204105,4.16102451444196));
#5502=CARTESIAN_POINT('Ctrl Pts',(2.94549726828598,11.2450635547862,4.15235055713123));
#5503=CARTESIAN_POINT('Ctrl Pts',(2.93320790269288,11.2666624098574,4.14714390600085));
#5504=CARTESIAN_POINT('Ctrl Pts',(2.92083962676498,11.2883696954811,4.14248635596719));
#5505=CARTESIAN_POINT('Ctrl Pts',(2.90842848199347,11.310159059264,4.13836852941339));
#5506=CARTESIAN_POINT('Ctrl Pts',(2.88719650500875,11.3474345305332,4.13132408667849));
#5507=CARTESIAN_POINT('Ctrl Pts',(2.86584134013509,11.3849502083236,4.12585665577839));
#5508=CARTESIAN_POINT('Ctrl Pts',(2.84452470014866,11.4225741589035,4.12182804377439));
#5509=CARTESIAN_POINT('Ctrl Pts',(2.83457790677412,11.4401302870076,4.11994820852758));
#5510=CARTESIAN_POINT('Ctrl Pts',(2.82463888433747,11.4577099899118,4.11838214158843));
#5511=CARTESIAN_POINT('Ctrl Pts',(2.81472120756691,11.4752998631695,4.11711830161399));
#5512=CARTESIAN_POINT('Ctrl Pts',(2.78959287160772,11.5198671801859,4.11391612067879));
#5513=CARTESIAN_POINT('Ctrl Pts',(2.76447941845546,11.5647376311702,4.11263545730685));
#5514=CARTESIAN_POINT('Ctrl Pts',(2.73959165170494,11.6097611441326,4.11318284654732));
#5515=CARTESIAN_POINT('Ctrl Pts',(2.71356513867972,11.6568447197023,4.1137552817256));
#5516=CARTESIAN_POINT('Ctrl Pts',(2.68778433151005,11.7040956844737,4.11632659765676));
#5517=CARTESIAN_POINT('Ctrl Pts',(2.6624636169917,11.7513424097853,4.12084061308213));
#5518=CARTESIAN_POINT('Ctrl Pts',(2.64583463408205,11.7823709570712,4.12380512205394));
#5519=CARTESIAN_POINT('Ctrl Pts',(2.6294035758143,11.813397675878,4.12760856949647));
#5520=CARTESIAN_POINT('Ctrl Pts',(2.61322895246343,11.844373952469,4.132246991928));
#5521=CARTESIAN_POINT('Ctrl Pts',(2.61224971846116,11.8462492989697,4.13252780841834));
#5522=CARTESIAN_POINT('Ctrl Pts',(2.61127133308094,11.8481246515889,4.13281171435561));
#5523=CARTESIAN_POINT('Ctrl Pts',(2.61029381027165,11.85,4.13309871156386));
#5524=CARTESIAN_POINT('',(2.92218594463857,10.2732703469104,5.42547455109727));
#5525=CARTESIAN_POINT('Ctrl Pts',(3.233734699389,10.4812779915171,4.7436502061951));
#5526=CARTESIAN_POINT('Ctrl Pts',(3.22380056613795,10.4622674690374,4.78030197778561));
#5527=CARTESIAN_POINT('Ctrl Pts',(3.2133829916629,10.4447867267363,4.81695126794138));
#5528=CARTESIAN_POINT('Ctrl Pts',(3.16037375861437,10.3678249815793,4.99189506953369));
#5529=CARTESIAN_POINT('Ctrl Pts',(3.10951345374314,10.3278581946389,5.12761490603958));
#5530=CARTESIAN_POINT('Ctrl Pts',(3.00445454980984,10.2892946233172,5.31397735967403));
#5531=CARTESIAN_POINT('Ctrl Pts',(2.96592485497342,10.2801381451211,5.37151581696311));
#5532=CARTESIAN_POINT('Ctrl Pts',(2.92218594463857,10.2732703469104,5.42547455109727));
#5533=CARTESIAN_POINT('',(2.65627964359446,10.2537757300336,5.66487245354276));
#5534=CARTESIAN_POINT('Ctrl Pts',(2.92272551773547,10.2737203843124,5.42546131759928));
#5535=CARTESIAN_POINT('Ctrl Pts',(2.90126988981933,10.2694546190948,5.45704772748339));
#5536=CARTESIAN_POINT('Ctrl Pts',(2.87737681943761,10.2661303640355,5.48702907632168));
#5537=CARTESIAN_POINT('Ctrl Pts',(2.85122565807011,10.2634911458481,5.51509827420783));
#5538=CARTESIAN_POINT('Ctrl Pts',(2.82890643124102,10.2612386527925,5.5390544873078));
#5539=CARTESIAN_POINT('Ctrl Pts',(2.80494311023752,10.2594850931967,5.56161841804706));
#5540=CARTESIAN_POINT('Ctrl Pts',(2.77946632527328,10.2580899516644,5.58261267058328));
#5541=CARTESIAN_POINT('Ctrl Pts',(2.75216460489664,10.2565948743203,5.60511076887414));
#5542=CARTESIAN_POINT('Ctrl Pts',(2.72330097008879,10.2555200311814,5.62565432735714));
#5543=CARTESIAN_POINT('Ctrl Pts',(2.69309700608852,10.2547159912525,5.64407765965778));
#5544=CARTESIAN_POINT('Ctrl Pts',(2.68113832050231,10.2543976469217,5.65137202798743));
#5545=CARTESIAN_POINT('Ctrl Pts',(2.66896970413863,10.254122260369,5.6583341982643));
#5546=CARTESIAN_POINT('Ctrl Pts',(2.65660556474651,10.2538826501866,5.66495451787189));
#5547=CARTESIAN_POINT('Ctrl Pts',(2.65660556474659,10.2538826501866,5.664954517872));
#5548=CARTESIAN_POINT('Ctrl Pts',(2.62117648149439,10.2528977634527,5.6882883595829));
#5549=CARTESIAN_POINT('Ctrl Pts',(2.58462546156011,10.2522171858567,5.70987742740416));
#5550=CARTESIAN_POINT('Ctrl Pts',(2.54714926080974,10.2517130489189,5.72990702031496));
#5551=CARTESIAN_POINT('Ctrl Pts',(2.50645962964351,10.2511656843076,5.75165406861848));
#5552=CARTESIAN_POINT('Ctrl Pts',(2.46467969257558,10.2508267012484,5.77156284672314));
#5553=CARTESIAN_POINT('Ctrl Pts',(2.42205320810807,10.2505924019816,5.78988731503329));
#5554=CARTESIAN_POINT('Ctrl Pts',(2.40188965533891,10.2504815716918,5.79855531541742));
#5555=CARTESIAN_POINT('Ctrl Pts',(2.38153653746594,10.2503949505394,5.80686903690467));
#5556=CARTESIAN_POINT('Ctrl Pts',(2.36101878757098,10.2503252304932,5.81485644046837));
#5557=CARTESIAN_POINT('Ctrl Pts',(2.31262368242416,10.2501607821992,5.83369628583612));
#5558=CARTESIAN_POINT('Ctrl Pts',(2.2633533404252,10.2500881218089,5.8506848386448));
#5559=CARTESIAN_POINT('Ctrl Pts',(2.2137393541276,10.2500477023713,5.8660731186901));
#5560=CARTESIAN_POINT('Ctrl Pts',(2.20853799103705,10.2500434649337,5.86768637410108));
#5561=CARTESIAN_POINT('Ctrl Pts',(2.20333283917667,10.250039618141,5.86928206809064));
#5562=CARTESIAN_POINT('Ctrl Pts',(2.19812450232563,10.2500361172741,5.87086050849647));
#5563=CARTESIAN_POINT('Ctrl Pts',(2.15306289838426,10.250005828396,5.8845168941042));
#5564=CARTESIAN_POINT('Ctrl Pts',(2.10750979094917,10.25,5.89695620374475));
#5565=CARTESIAN_POINT('Ctrl Pts',(2.06183636822193,10.25,5.90832907290445));
#5566=CARTESIAN_POINT('Ctrl Pts',(5.62718466853835,11.8500000000007,2.35151101364387));
#5567=CARTESIAN_POINT('Ctrl Pts',(5.62718466853835,9.78333333333357,2.35151101364387));
#5568=CARTESIAN_POINT('Ctrl Pts',(5.62718466853835,7.71666666666643,2.35151101364387));
#5569=CARTESIAN_POINT('Ctrl Pts',(5.62718466853835,5.6499999999993,2.35151101364387));
#5570=CARTESIAN_POINT('Ctrl Pts',(4.84445114240817,11.8500000000007,3.22226454212927));
#5571=CARTESIAN_POINT('Ctrl Pts',(4.84445114240817,9.78333333333357,3.22226454212927));
#5572=CARTESIAN_POINT('Ctrl Pts',(4.84445114240817,7.71666666666643,3.22226454212927));
#5573=CARTESIAN_POINT('Ctrl Pts',(4.84445114240817,5.6499999999993,3.22226454212927));
#5574=CARTESIAN_POINT('Ctrl Pts',(4.21639597497775,11.8500000000007,4.23166369959393));
#5575=CARTESIAN_POINT('Ctrl Pts',(4.21639597497775,9.78333333333356,4.23166369959393));
#5576=CARTESIAN_POINT('Ctrl Pts',(4.21639597497775,7.71666666666644,4.23166369959393));
#5577=CARTESIAN_POINT('Ctrl Pts',(4.21639597497775,5.6499999999993,4.23166369959393));
#5578=CARTESIAN_POINT('Ctrl Pts',(3.78105979063958,11.8500000000007,5.31857026729138));
#5579=CARTESIAN_POINT('Ctrl Pts',(3.78105979063958,9.78333333333357,5.31857026729138));
#5580=CARTESIAN_POINT('Ctrl Pts',(3.78105979063958,7.71666666666643,5.31857026729138));
#5581=CARTESIAN_POINT('Ctrl Pts',(3.78105979063958,5.6499999999993,5.31857026729138));
#5582=CARTESIAN_POINT('Ctrl Pts',(5.62718466853835,5.6499999999993,2.35151101364387));
#5583=CARTESIAN_POINT('Ctrl Pts',(5.62718466853835,7.71666666666643,2.35151101364387));
#5584=CARTESIAN_POINT('Ctrl Pts',(5.62718466853835,9.78333333333357,2.35151101364387));
#5585=CARTESIAN_POINT('Ctrl Pts',(5.62718466853835,11.8500000000007,2.35151101364387));
#5586=CARTESIAN_POINT('Ctrl Pts',(3.78105979063958,10.0655037242334,5.31857026729138));
#5587=CARTESIAN_POINT('Ctrl Pts',(3.78105979063958,9.18850124141114,5.31857026729138));
#5588=CARTESIAN_POINT('Ctrl Pts',(3.78105979063958,8.31149875858887,5.31857026729138));
#5589=CARTESIAN_POINT('Ctrl Pts',(3.78105979063958,7.4344962757666,5.31857026729138));
#5590=CARTESIAN_POINT('Ctrl Pts',(8.17471090819311E-13,1.545,1.8));
#5591=CARTESIAN_POINT('Ctrl Pts',(8.17471090819311E-13,-2.,1.8));
#5592=CARTESIAN_POINT('Ctrl Pts',(0.112603849585693,1.545,1.79999999999998));
#5593=CARTESIAN_POINT('Ctrl Pts',(0.112603849585693,-2.,1.79999999999998));
#5594=CARTESIAN_POINT('Ctrl Pts',(0.225270384133498,1.545,1.79727515180341));
#5595=CARTESIAN_POINT('Ctrl Pts',(0.225270384133498,-2.,1.79727515180341));
#5596=CARTESIAN_POINT('Ctrl Pts',(0.449555728680355,1.545,1.78638950079585));
#5597=CARTESIAN_POINT('Ctrl Pts',(0.449555728680355,-2.,1.78638950079585));
#5598=CARTESIAN_POINT('Ctrl Pts',(0.561303396531042,1.545,1.77825436648598));
#5599=CARTESIAN_POINT('Ctrl Pts',(0.561303396531042,-2.,1.77825436648598));
#5600=CARTESIAN_POINT('Ctrl Pts',(0.672718918313621,1.545,1.76738421828338));
#5601=CARTESIAN_POINT('Ctrl Pts',(0.672718918313621,-2.,1.76738421828338));
#5602=CARTESIAN_POINT('Ctrl Pts',(0.0908452438145594,1.545,1.79940875644209));
#5603=CARTESIAN_POINT('Ctrl Pts',(0.0605623107692794,1.545,1.79980297755138));
#5604=CARTESIAN_POINT('Ctrl Pts',(0.0302788891404733,1.545,1.79999999999999));
#5605=CARTESIAN_POINT('Ctrl Pts',(8.17471090819311E-13,1.545,1.8));
#5606=CARTESIAN_POINT('Ctrl Pts',(0.672718918313621,15.955,1.76738421828338));
#5607=CARTESIAN_POINT('Ctrl Pts',(0.672718918313621,19.5,1.76738421828338));
#5608=CARTESIAN_POINT('Ctrl Pts',(0.561303396531042,15.955,1.77825436648598));
#5609=CARTESIAN_POINT('Ctrl Pts',(0.561303396531042,19.5,1.77825436648598));
#5610=CARTESIAN_POINT('Ctrl Pts',(0.449555728680355,15.955,1.78638950079585));
#5611=CARTESIAN_POINT('Ctrl Pts',(0.449555728680355,19.5,1.78638950079585));
#5612=CARTESIAN_POINT('Ctrl Pts',(0.225270384133498,15.955,1.79727515180341));
#5613=CARTESIAN_POINT('Ctrl Pts',(0.225270384133498,19.5,1.79727515180341));
#5614=CARTESIAN_POINT('Ctrl Pts',(0.112603849585693,15.955,1.79999999999998));
#5615=CARTESIAN_POINT('Ctrl Pts',(0.112603849585693,19.5,1.79999999999998));
#5616=CARTESIAN_POINT('Ctrl Pts',(8.17471090819311E-13,15.955,1.8));
#5617=CARTESIAN_POINT('Ctrl Pts',(8.17471090819311E-13,19.5,1.8));
#5618=CARTESIAN_POINT('Ctrl Pts',(8.17471090819311E-13,15.955,1.8));
#5619=CARTESIAN_POINT('Ctrl Pts',(0.0302788891404732,15.955,1.79999999999999));
#5620=CARTESIAN_POINT('Ctrl Pts',(0.0605623107692793,15.955,1.79980297755138));
#5621=CARTESIAN_POINT('Ctrl Pts',(0.0908452438145593,15.955,1.79940875644209));
#5622=CARTESIAN_POINT('Origin',(5.85,0.,-3.68113089129242));
#5623=CARTESIAN_POINT('Ctrl Pts',(0.672718918313621,-2.575,1.76738421828338));
#5624=CARTESIAN_POINT('Ctrl Pts',(0.672718918313621,20.0942104198512,1.76738421828338));
#5625=CARTESIAN_POINT('Ctrl Pts',(0.451159501617633,-2.575,1.78900044963638));
#5626=CARTESIAN_POINT('Ctrl Pts',(0.451159501617633,20.0942104198512,1.78900044963638));
#5627=CARTESIAN_POINT('Ctrl Pts',(0.225342137488123,-2.575,1.79999999999997));
#5628=CARTESIAN_POINT('Ctrl Pts',(0.225342137488123,20.0942104198512,1.79999999999997));
#5629=CARTESIAN_POINT('Ctrl Pts',(8.17380483263231E-13,-2.575,1.8));
#5630=CARTESIAN_POINT('Ctrl Pts',(8.17380483263231E-13,20.0942104198512,
1.8));
#5631=CARTESIAN_POINT('Origin',(-5.84999999999997,0.,-3.68113089129239));
#5632=CARTESIAN_POINT('Origin',(0.,5.5,7.01736256658427));
#5633=CARTESIAN_POINT('Ctrl Pts',(-2.54682357973994,11.85,4.15146597926816));
#5634=CARTESIAN_POINT('Ctrl Pts',(-2.54682357973994,9.78333333333333,4.15146597926816));
#5635=CARTESIAN_POINT('Ctrl Pts',(-2.54682357973994,7.71666666666667,4.15146597926816));
#5636=CARTESIAN_POINT('Ctrl Pts',(-2.54682357973994,5.65,4.15146597926816));
#5637=CARTESIAN_POINT('Ctrl Pts',(-2.64054001516959,11.85,4.12473897414849));
#5638=CARTESIAN_POINT('Ctrl Pts',(-2.64054001516959,9.78333333333333,4.12473897414849));
#5639=CARTESIAN_POINT('Ctrl Pts',(-2.64054001516959,7.71666666666667,4.12473897414849));
#5640=CARTESIAN_POINT('Ctrl Pts',(-2.64054001516959,5.65,4.12473897414849));
#5641=CARTESIAN_POINT('Ctrl Pts',(-2.84328967096667,11.85,4.12783159490686));
#5642=CARTESIAN_POINT('Ctrl Pts',(-2.84328967096667,9.78333333333334,4.12783159490686));
#5643=CARTESIAN_POINT('Ctrl Pts',(-2.84328967096667,7.71666666666667,4.12783159490686));
#5644=CARTESIAN_POINT('Ctrl Pts',(-2.84328967096667,5.65,4.12783159490686));
#5645=CARTESIAN_POINT('Ctrl Pts',(-3.13848362233874,11.85,4.32838622171434));
#5646=CARTESIAN_POINT('Ctrl Pts',(-3.13848362233874,9.78333333333332,4.32838622171434));
#5647=CARTESIAN_POINT('Ctrl Pts',(-3.13848362233874,7.71666666666667,4.32838622171434));
#5648=CARTESIAN_POINT('Ctrl Pts',(-3.13848362233874,5.65,4.32838622171434));
#5649=CARTESIAN_POINT('Ctrl Pts',(-3.20293258060874,11.85,4.58727515488632));
#5650=CARTESIAN_POINT('Ctrl Pts',(-3.20293258060874,9.78333333333333,4.58727515488632));
#5651=CARTESIAN_POINT('Ctrl Pts',(-3.20293258060874,7.71666666666667,4.58727515488632));
#5652=CARTESIAN_POINT('Ctrl Pts',(-3.20293258060874,5.65,4.58727515488632));
#5653=CARTESIAN_POINT('Ctrl Pts',(-3.17419161318982,11.85,4.73060149128169));
#5654=CARTESIAN_POINT('Ctrl Pts',(-3.17419161318982,9.78333333333333,4.73060149128169));
#5655=CARTESIAN_POINT('Ctrl Pts',(-3.17419161318982,7.71666666666667,4.73060149128169));
#5656=CARTESIAN_POINT('Ctrl Pts',(-3.17419161318982,5.65,4.73060149128169));
#5657=CARTESIAN_POINT('Ctrl Pts',(-3.17419161318982,10.5009245532244,4.73060149128169));
#5658=CARTESIAN_POINT('Ctrl Pts',(-3.17419161318982,9.33364151774146,4.73060149128169));
#5659=CARTESIAN_POINT('Ctrl Pts',(-3.17419161318982,8.16635848225854,4.73060149128169));
#5660=CARTESIAN_POINT('Ctrl Pts',(-3.17419161318982,6.99907544677561,4.73060149128169));
#5661=CARTESIAN_POINT('Ctrl Pts',(-2.54682357973994,5.65,4.15146597926816));
#5662=CARTESIAN_POINT('Ctrl Pts',(-2.54682357973994,7.71666666666667,4.15146597926816));
#5663=CARTESIAN_POINT('Ctrl Pts',(-2.54682357973994,9.78333333333333,4.15146597926816));
#5664=CARTESIAN_POINT('Ctrl Pts',(-2.54682357973994,11.85,4.15146597926816));
#5665=CARTESIAN_POINT('Ctrl Pts',(-13.1770554120796,11.85,-12.2177298780643));
#5666=CARTESIAN_POINT('Ctrl Pts',(-13.1770554120796,1.80999999999988,-12.2177298780643));
#5667=CARTESIAN_POINT('Ctrl Pts',(-11.291264522717,11.85,-9.17030780197596));
#5668=CARTESIAN_POINT('Ctrl Pts',(-11.291264522717,1.80999999999988,-9.17030780197596));
#5669=CARTESIAN_POINT('Ctrl Pts',(-9.4054736333543,11.85,-6.12288572588766));
#5670=CARTESIAN_POINT('Ctrl Pts',(-9.4054736333543,1.80999999999988,-6.12288572588766));
#5671=CARTESIAN_POINT('Ctrl Pts',(-7.51968274399163,11.85,-3.07546364979935));
#5672=CARTESIAN_POINT('Ctrl Pts',(-7.51968274399163,1.80999999999988,-3.07546364979935));
#5673=CARTESIAN_POINT('Ctrl Pts',(-5.63389185462896,11.85,-0.0280415737110506));
#5674=CARTESIAN_POINT('Ctrl Pts',(-5.63389185462896,1.80999999999988,-0.0280415737110506));
#5675=CARTESIAN_POINT('Ctrl Pts',(-3.74810096526629,11.85,3.01938050237725));
#5676=CARTESIAN_POINT('Ctrl Pts',(-3.74810096526629,1.80999999999988,3.01938050237725));
#5677=CARTESIAN_POINT('Ctrl Pts',(-3.67407382347526,11.85,3.13900773538396));
#5678=CARTESIAN_POINT('Ctrl Pts',(-3.67407382347526,1.80999999999988,3.13900773538396));
#5679=CARTESIAN_POINT('Ctrl Pts',(-3.54155550608174,11.85,3.3763421951588));
#5680=CARTESIAN_POINT('Ctrl Pts',(-3.54155550608174,1.80999999999988,3.3763421951588));
#5681=CARTESIAN_POINT('Ctrl Pts',(-3.38938332540436,11.85,3.72658277837038));
#5682=CARTESIAN_POINT('Ctrl Pts',(-3.38938332540436,1.80999999999988,3.72658277837038));
#5683=CARTESIAN_POINT('Ctrl Pts',(-3.26816863367114,11.85,4.17830895181564));
#5684=CARTESIAN_POINT('Ctrl Pts',(-3.26816863367114,1.80999999999988,4.17830895181564));
#5685=CARTESIAN_POINT('Ctrl Pts',(-3.18709448645044,11.85,4.6969849680384));
#5686=CARTESIAN_POINT('Ctrl Pts',(-3.18709448645044,1.80999999999988,4.6969849680384));
#5687=CARTESIAN_POINT('Ctrl Pts',(-3.09459246355339,11.85,5.14553787492763));
#5688=CARTESIAN_POINT('Ctrl Pts',(-3.09459246355339,1.80999999999988,5.14553787492763));
#5689=CARTESIAN_POINT('Ctrl Pts',(-2.91218780235341,11.85,5.50341132375436));
#5690=CARTESIAN_POINT('Ctrl Pts',(-2.91218780235341,1.80999999999988,5.50341132375436));
#5691=CARTESIAN_POINT('Ctrl Pts',(-2.58636625152563,11.85,5.76185104338863));
#5692=CARTESIAN_POINT('Ctrl Pts',(-2.58636625152563,1.80999999999988,5.76185104338863));
#5693=CARTESIAN_POINT('Ctrl Pts',(-2.10499586280453,11.85,5.92965974108975));
#5694=CARTESIAN_POINT('Ctrl Pts',(-2.10499586280453,1.80999999999988,5.92965974108975));
#5695=CARTESIAN_POINT('Ctrl Pts',(-1.48523020422802,11.85,6.0250982753517));
#5696=CARTESIAN_POINT('Ctrl Pts',(-1.48523020422802,1.80999999999988,6.0250982753517));
#5697=CARTESIAN_POINT('Ctrl Pts',(-0.765531631762075,11.85,6.06974453187171));
#5698=CARTESIAN_POINT('Ctrl Pts',(-0.765531631762075,1.80999999999988,6.06974453187171));
#5699=CARTESIAN_POINT('Ctrl Pts',(0.00334685095723072,11.85,6.08175838211861));
#5700=CARTESIAN_POINT('Ctrl Pts',(0.00334685095723072,1.80999999999988,
6.08175838211861));
#5701=CARTESIAN_POINT('Ctrl Pts',(0.766565039482108,11.85,6.06944770597461));
#5702=CARTESIAN_POINT('Ctrl Pts',(0.766565039482108,1.80999999999988,6.06944770597461));
#5703=CARTESIAN_POINT('Ctrl Pts',(1.47353770198649,11.85,6.02459068734794));
#5704=CARTESIAN_POINT('Ctrl Pts',(1.47353770198649,1.80999999999988,6.02459068734794));
#5705=CARTESIAN_POINT('Ctrl Pts',(2.08231262863806,11.85,5.92909957968952));
#5706=CARTESIAN_POINT('Ctrl Pts',(2.08231262863806,1.80999999999988,5.92909957968952));
#5707=CARTESIAN_POINT('Ctrl Pts',(2.56396967317163,11.85,5.76143873718472));
#5708=CARTESIAN_POINT('Ctrl Pts',(2.56396967317163,1.80999999999988,5.76143873718472));
#5709=CARTESIAN_POINT('Ctrl Pts',(2.90764307583106,11.85,5.50334294711568));
#5710=CARTESIAN_POINT('Ctrl Pts',(2.90764307583106,1.80999999999988,5.50334294711568));
#5711=CARTESIAN_POINT('Ctrl Pts',(3.12490789325105,11.85,5.1459433963251));
#5712=CARTESIAN_POINT('Ctrl Pts',(3.12490789325105,1.80999999999988,5.1459433963251));
#5713=CARTESIAN_POINT('Ctrl Pts',(3.2570257724258,11.85,4.69784377413527));
#5714=CARTESIAN_POINT('Ctrl Pts',(3.2570257724258,1.80999999999988,4.69784377413527));
#5715=CARTESIAN_POINT('Ctrl Pts',(3.36281702227286,11.85,4.17940276380617));
#5716=CARTESIAN_POINT('Ctrl Pts',(3.36281702227286,1.80999999999988,4.17940276380617));
#5717=CARTESIAN_POINT('Ctrl Pts',(3.47500724246249,11.85,3.72753138538605));
#5718=CARTESIAN_POINT('Ctrl Pts',(3.47500724246249,1.80999999999988,3.72753138538605));
#5719=CARTESIAN_POINT('Ctrl Pts',(3.59646828691645,11.85,3.37692446290482));
#5720=CARTESIAN_POINT('Ctrl Pts',(3.59646828691645,1.80999999999988,3.37692446290482));
#5721=CARTESIAN_POINT('Ctrl Pts',(3.69685340388837,11.85,3.13922238974972));
#5722=CARTESIAN_POINT('Ctrl Pts',(3.69685340388837,1.80999999999988,3.13922238974972));
#5723=CARTESIAN_POINT('Ctrl Pts',(3.75189903473366,11.85,3.01938050237725));
#5724=CARTESIAN_POINT('Ctrl Pts',(3.75189903473366,1.80999999999988,3.01938050237725));
#5725=CARTESIAN_POINT('',(-2.92423415545318,10.25,5.4167420684602));
#5726=CARTESIAN_POINT('Ctrl Pts',(-2.92423415545314,10.2746405476588,5.41674206846025));
#5727=CARTESIAN_POINT('Ctrl Pts',(-2.92423415545314,10.2664270317726,5.41674206846025));
#5728=CARTESIAN_POINT('Ctrl Pts',(-2.92423415545314,10.2582135158863,5.41674206846025));
#5729=CARTESIAN_POINT('Ctrl Pts',(-2.92423415545314,10.25,5.41674206846025));
#5730=CARTESIAN_POINT('',(-2.92423415545318,7.25,5.4167420684602));
#5731=CARTESIAN_POINT('',(-2.92423415545318,8.75,5.4167420684602));
#5732=CARTESIAN_POINT('Ctrl Pts',(-2.92423415545315,7.24999999999999,5.41674206846024));
#5733=CARTESIAN_POINT('Ctrl Pts',(-2.92423415545315,7.24178648308062,5.41674206846024));
#5734=CARTESIAN_POINT('Ctrl Pts',(-2.92423415545315,7.23357296616124,5.41674206846024));
#5735=CARTESIAN_POINT('Ctrl Pts',(-2.92423415545315,7.22535944924186,5.41674206846024));
#5736=CARTESIAN_POINT('Ctrl Pts',(2.61029381027247,5.64999999999478,4.13309871156362));
#5737=CARTESIAN_POINT('Ctrl Pts',(2.61029381027247,7.71666666666492,4.13309871156362));
#5738=CARTESIAN_POINT('Ctrl Pts',(2.61029381027247,9.78333333333507,4.13309871156362));
#5739=CARTESIAN_POINT('Ctrl Pts',(2.61029381027247,11.8500000000052,4.13309871156362));
#5740=CARTESIAN_POINT('Ctrl Pts',(2.70720566536997,5.64999999999478,4.10464573676315));
#5741=CARTESIAN_POINT('Ctrl Pts',(2.70720566536997,7.71666666666492,4.10464573676315));
#5742=CARTESIAN_POINT('Ctrl Pts',(2.70720566536997,9.78333333333507,4.10464573676315));
#5743=CARTESIAN_POINT('Ctrl Pts',(2.70720566536997,11.8500000000052,4.10464573676315));
#5744=CARTESIAN_POINT('Ctrl Pts',(2.91799718563653,5.64999999999477,4.10850344116253));
#5745=CARTESIAN_POINT('Ctrl Pts',(2.91799718563653,7.71666666666492,4.10850344116253));
#5746=CARTESIAN_POINT('Ctrl Pts',(2.91799718563653,9.78333333333507,4.10850344116253));
#5747=CARTESIAN_POINT('Ctrl Pts',(2.91799718563653,11.8500000000052,4.10850344116253));
#5748=CARTESIAN_POINT('Ctrl Pts',(3.2199014206016,5.64999999999478,4.32431004161745));
#5749=CARTESIAN_POINT('Ctrl Pts',(3.2199014206016,7.71666666666492,4.32431004161745));
#5750=CARTESIAN_POINT('Ctrl Pts',(3.2199014206016,9.78333333333507,4.32431004161745));
#5751=CARTESIAN_POINT('Ctrl Pts',(3.2199014206016,11.8500000000052,4.32431004161745));
#5752=CARTESIAN_POINT('Ctrl Pts',(3.27336836687392,5.64999999999478,4.5974226399604));
#5753=CARTESIAN_POINT('Ctrl Pts',(3.27336836687392,7.71666666666492,4.5974226399604));
#5754=CARTESIAN_POINT('Ctrl Pts',(3.27336836687392,9.78333333333507,4.5974226399604));
#5755=CARTESIAN_POINT('Ctrl Pts',(3.27336836687392,11.8500000000052,4.5974226399604));
#5756=CARTESIAN_POINT('Ctrl Pts',(3.233734699389,5.64999999999478,4.7436502061951));
#5757=CARTESIAN_POINT('Ctrl Pts',(3.233734699389,7.71666666666492,4.7436502061951));
#5758=CARTESIAN_POINT('Ctrl Pts',(3.233734699389,9.78333333333507,4.7436502061951));
#5759=CARTESIAN_POINT('Ctrl Pts',(3.233734699389,11.8500000000052,4.7436502061951));
#5760=CARTESIAN_POINT('Ctrl Pts',(3.233734699389,7.01872200848287,4.7436502061951));
#5761=CARTESIAN_POINT('Ctrl Pts',(3.233734699389,8.17290733616096,4.7436502061951));
#5762=CARTESIAN_POINT('Ctrl Pts',(3.233734699389,9.32709266383905,4.7436502061951));
#5763=CARTESIAN_POINT('Ctrl Pts',(3.233734699389,10.4812779915171,4.7436502061951));
#5764=CARTESIAN_POINT('Ctrl Pts',(2.61029381027247,11.8500000000052,4.13309871156362));
#5765=CARTESIAN_POINT('Ctrl Pts',(2.61029381027247,9.78333333333507,4.13309871156362));
#5766=CARTESIAN_POINT('Ctrl Pts',(2.61029381027247,7.71666666666492,4.13309871156362));
#5767=CARTESIAN_POINT('Ctrl Pts',(2.61029381027247,5.64999999999478,4.13309871156362));
#5768=CARTESIAN_POINT('Ctrl Pts',(-3.74810096526629,15.69,3.01938050237725));
#5769=CARTESIAN_POINT('Ctrl Pts',(-3.74810096526629,5.65,3.01938050237725));
#5770=CARTESIAN_POINT('Ctrl Pts',(-3.67407382347526,15.69,3.13900773538396));
#5771=CARTESIAN_POINT('Ctrl Pts',(-3.67407382347526,5.65,3.13900773538396));
#5772=CARTESIAN_POINT('Ctrl Pts',(-3.54155550608174,15.69,3.3763421951588));
#5773=CARTESIAN_POINT('Ctrl Pts',(-3.54155550608174,5.65,3.3763421951588));
#5774=CARTESIAN_POINT('Ctrl Pts',(-3.38938332540436,15.69,3.72658277837038));
#5775=CARTESIAN_POINT('Ctrl Pts',(-3.38938332540436,5.65,3.72658277837038));
#5776=CARTESIAN_POINT('Ctrl Pts',(-3.26816863367114,15.69,4.17830895181564));
#5777=CARTESIAN_POINT('Ctrl Pts',(-3.26816863367114,5.65,4.17830895181564));
#5778=CARTESIAN_POINT('Ctrl Pts',(-3.18709448645044,15.69,4.6969849680384));
#5779=CARTESIAN_POINT('Ctrl Pts',(-3.18709448645044,5.65,4.6969849680384));
#5780=CARTESIAN_POINT('Ctrl Pts',(-3.09459246355339,15.69,5.14553787492763));
#5781=CARTESIAN_POINT('Ctrl Pts',(-3.09459246355339,5.65,5.14553787492763));
#5782=CARTESIAN_POINT('Ctrl Pts',(-2.91218780235341,15.69,5.50341132375436));
#5783=CARTESIAN_POINT('Ctrl Pts',(-2.91218780235341,5.65,5.50341132375436));
#5784=CARTESIAN_POINT('Ctrl Pts',(-2.58636625152563,15.69,5.76185104338863));
#5785=CARTESIAN_POINT('Ctrl Pts',(-2.58636625152563,5.65,5.76185104338863));
#5786=CARTESIAN_POINT('Ctrl Pts',(-2.10499586280453,15.69,5.92965974108975));
#5787=CARTESIAN_POINT('Ctrl Pts',(-2.10499586280453,5.65,5.92965974108975));
#5788=CARTESIAN_POINT('Ctrl Pts',(-1.48523020422802,15.69,6.0250982753517));
#5789=CARTESIAN_POINT('Ctrl Pts',(-1.48523020422802,5.65,6.0250982753517));
#5790=CARTESIAN_POINT('Ctrl Pts',(-0.765531631762075,15.69,6.06974453187171));
#5791=CARTESIAN_POINT('Ctrl Pts',(-0.765531631762075,5.65,6.06974453187171));
#5792=CARTESIAN_POINT('Ctrl Pts',(0.00334685095723072,15.69,6.08175838211861));
#5793=CARTESIAN_POINT('Ctrl Pts',(0.00334685095723072,5.65,6.08175838211861));
#5794=CARTESIAN_POINT('Ctrl Pts',(0.766565039482108,15.69,6.06944770597461));
#5795=CARTESIAN_POINT('Ctrl Pts',(0.766565039482108,5.65,6.06944770597461));
#5796=CARTESIAN_POINT('Ctrl Pts',(1.47353770198649,15.69,6.02459068734794));
#5797=CARTESIAN_POINT('Ctrl Pts',(1.47353770198649,5.65,6.02459068734794));
#5798=CARTESIAN_POINT('Ctrl Pts',(2.08231262863806,15.69,5.92909957968952));
#5799=CARTESIAN_POINT('Ctrl Pts',(2.08231262863806,5.65,5.92909957968952));
#5800=CARTESIAN_POINT('Ctrl Pts',(2.56396967317163,15.69,5.76143873718472));
#5801=CARTESIAN_POINT('Ctrl Pts',(2.56396967317163,5.65,5.76143873718472));
#5802=CARTESIAN_POINT('Ctrl Pts',(2.90764307583106,15.69,5.50334294711568));
#5803=CARTESIAN_POINT('Ctrl Pts',(2.90764307583106,5.65,5.50334294711568));
#5804=CARTESIAN_POINT('Ctrl Pts',(3.12490789325105,15.69,5.1459433963251));
#5805=CARTESIAN_POINT('Ctrl Pts',(3.12490789325105,5.65,5.1459433963251));
#5806=CARTESIAN_POINT('Ctrl Pts',(3.2570257724258,15.69,4.69784377413527));
#5807=CARTESIAN_POINT('Ctrl Pts',(3.2570257724258,5.65,4.69784377413527));
#5808=CARTESIAN_POINT('Ctrl Pts',(3.36281702227286,15.69,4.17940276380617));
#5809=CARTESIAN_POINT('Ctrl Pts',(3.36281702227286,5.65,4.17940276380617));
#5810=CARTESIAN_POINT('Ctrl Pts',(3.47500724246249,15.69,3.72753138538605));
#5811=CARTESIAN_POINT('Ctrl Pts',(3.47500724246249,5.65,3.72753138538605));
#5812=CARTESIAN_POINT('Ctrl Pts',(3.59646828691645,15.69,3.37692446290482));
#5813=CARTESIAN_POINT('Ctrl Pts',(3.59646828691645,5.65,3.37692446290482));
#5814=CARTESIAN_POINT('Ctrl Pts',(3.69685340388837,15.69,3.13922238974972));
#5815=CARTESIAN_POINT('Ctrl Pts',(3.69685340388837,5.65,3.13922238974972));
#5816=CARTESIAN_POINT('Ctrl Pts',(3.75189903473366,15.69,3.01938050237725));
#5817=CARTESIAN_POINT('Ctrl Pts',(3.75189903473366,5.65,3.01938050237725));
#5818=CARTESIAN_POINT('Ctrl Pts',(5.14565365855379,15.69,-0.0150144548203629));
#5819=CARTESIAN_POINT('Ctrl Pts',(5.14565365855379,5.65,-0.0150144548203629));
#5820=CARTESIAN_POINT('Ctrl Pts',(6.53940828237392,15.69,-3.04940941201798));
#5821=CARTESIAN_POINT('Ctrl Pts',(6.53940828237392,5.65,-3.04940941201798));
#5822=CARTESIAN_POINT('Ctrl Pts',(7.93316290619405,15.69,-6.08380436921559));
#5823=CARTESIAN_POINT('Ctrl Pts',(7.93316290619405,5.65,-6.08380436921559));
#5824=CARTESIAN_POINT('Ctrl Pts',(9.32691753001417,15.69,-9.11819932641321));
#5825=CARTESIAN_POINT('Ctrl Pts',(9.32691753001417,5.65,-9.11819932641321));
#5826=CARTESIAN_POINT('Ctrl Pts',(10.7206721538343,15.69,-12.1525942836108));
#5827=CARTESIAN_POINT('Ctrl Pts',(10.7206721538343,5.65,-12.1525942836108));
#5828=CARTESIAN_POINT('',(2.92218594463854,7.25,5.4254745510973));
#5829=CARTESIAN_POINT('Ctrl Pts',(2.92218594463852,7.22672965135232,5.42547455109734));
#5830=CARTESIAN_POINT('Ctrl Pts',(2.92218594463852,7.23448643423488,5.42547455109734));
#5831=CARTESIAN_POINT('Ctrl Pts',(2.92218594463852,7.24224321711744,5.42547455109734));
#5832=CARTESIAN_POINT('Ctrl Pts',(2.92218594463852,7.25,5.42547455109734));
#5833=CARTESIAN_POINT('',(2.92218594463854,10.25,5.4254745510973));
#5834=CARTESIAN_POINT('',(2.92218594463855,8.75,5.4254745510973));
#5835=CARTESIAN_POINT('Ctrl Pts',(2.92218594463852,10.25,5.42547455109734));
#5836=CARTESIAN_POINT('Ctrl Pts',(2.92218594463852,10.2577567823035,5.42547455109734));
#5837=CARTESIAN_POINT('Ctrl Pts',(2.92218594463852,10.265513564607,5.42547455109734));
#5838=CARTESIAN_POINT('Ctrl Pts',(2.92218594463852,10.2732703469104,5.42547455109734));
#5839=CARTESIAN_POINT('Ctrl Pts',(6.39409571424878,14.09,-1.05597401705458));
#5840=CARTESIAN_POINT('Ctrl Pts',(6.39409571424878,5.65,-1.05597401705458));
#5841=CARTESIAN_POINT('Ctrl Pts',(5.72539939868209,14.09,0.39986956772986));
#5842=CARTESIAN_POINT('Ctrl Pts',(5.72539939868209,5.65,0.39986956772986));
#5843=CARTESIAN_POINT('Ctrl Pts',(5.0567030831154,14.09,1.8557131525143));
#5844=CARTESIAN_POINT('Ctrl Pts',(5.0567030831154,5.65,1.8557131525143));
#5845=CARTESIAN_POINT('Ctrl Pts',(4.38800676754872,14.09,3.31155673729873));
#5846=CARTESIAN_POINT('Ctrl Pts',(4.38800676754872,5.65,3.31155673729873));
#5847=CARTESIAN_POINT('Ctrl Pts',(4.22635772262186,14.09,3.66348887684382));
#5848=CARTESIAN_POINT('Ctrl Pts',(4.22635772262186,5.65,3.66348887684382));
#5849=CARTESIAN_POINT('Ctrl Pts',(4.13157476870767,14.09,3.99319760964856));
#5850=CARTESIAN_POINT('Ctrl Pts',(4.13157476870767,5.65,3.99319760964856));
#5851=CARTESIAN_POINT('Ctrl Pts',(4.04986601316957,14.09,4.34019247670968));
#5852=CARTESIAN_POINT('Ctrl Pts',(4.04986601316957,5.65,4.34019247670968));
#5853=CARTESIAN_POINT('Ctrl Pts',(3.9434689970703,14.09,4.7920316733041));
#5854=CARTESIAN_POINT('Ctrl Pts',(3.9434689970703,5.65,4.7920316733041));
#5855=CARTESIAN_POINT('Ctrl Pts',(3.87382674444922,14.09,5.29947742399555));
#5856=CARTESIAN_POINT('Ctrl Pts',(3.87382674444922,5.65,5.29947742399555));
#5857=CARTESIAN_POINT('Ctrl Pts',(3.53699816988687,14.09,5.77277606076503));
#5858=CARTESIAN_POINT('Ctrl Pts',(3.53699816988687,5.65,5.77277606076503));
#5859=CARTESIAN_POINT('Ctrl Pts',(3.27856083539247,14.09,6.13592232371338));
#5860=CARTESIAN_POINT('Ctrl Pts',(3.27856083539247,5.65,6.13592232371338));
#5861=CARTESIAN_POINT('Ctrl Pts',(2.86460037972885,14.09,6.39562633695364));
#5862=CARTESIAN_POINT('Ctrl Pts',(2.86460037972885,5.65,6.39562633695364));
#5863=CARTESIAN_POINT('Ctrl Pts',(2.42966262771701,14.09,6.53196519391345));
#5864=CARTESIAN_POINT('Ctrl Pts',(2.42966262771701,5.65,6.53196519391345));
#5865=CARTESIAN_POINT('Ctrl Pts',(1.71107874126381,14.09,6.7572179002044));
#5866=CARTESIAN_POINT('Ctrl Pts',(1.71107874126381,5.65,6.7572179002044));
#5867=CARTESIAN_POINT('Ctrl Pts',(0.866494303912109,14.09,6.77580081697156));
#5868=CARTESIAN_POINT('Ctrl Pts',(0.866494303912109,5.65,6.77580081697156));
#5869=CARTESIAN_POINT('Ctrl Pts',(-0.00872736996149615,14.09,6.77553889961843));
#5870=CARTESIAN_POINT('Ctrl Pts',(-0.00872736996149615,5.65,6.77553889961843));
#5871=CARTESIAN_POINT('Ctrl Pts',(-0.866988691496,14.09,6.77528205779157));
#5872=CARTESIAN_POINT('Ctrl Pts',(-0.866988691496,5.65,6.77528205779157));
#5873=CARTESIAN_POINT('Ctrl Pts',(-1.71268181752098,14.09,6.75702798711679));
#5874=CARTESIAN_POINT('Ctrl Pts',(-1.71268181752098,5.65,6.75702798711679));
#5875=CARTESIAN_POINT('Ctrl Pts',(-2.42604406632123,14.09,6.5399895456167));
#5876=CARTESIAN_POINT('Ctrl Pts',(-2.42604406632123,5.65,6.5399895456167));
#5877=CARTESIAN_POINT('Ctrl Pts',(-2.83895488025555,14.09,6.41436260126191));
#5878=CARTESIAN_POINT('Ctrl Pts',(-2.83895488025555,5.65,6.41436260126191));
#5879=CARTESIAN_POINT('Ctrl Pts',(-3.24006430738527,14.09,6.17893497427447));
#5880=CARTESIAN_POINT('Ctrl Pts',(-3.24006430738527,5.65,6.17893497427447));
#5881=CARTESIAN_POINT('Ctrl Pts',(-3.49074680747328,14.09,5.82797485632267));
#5882=CARTESIAN_POINT('Ctrl Pts',(-3.49074680747328,5.65,5.82797485632267));
#5883=CARTESIAN_POINT('Ctrl Pts',(-3.76620382883927,14.09,5.44232995220962));
#5884=CARTESIAN_POINT('Ctrl Pts',(-3.76620382883927,5.65,5.44232995220962));
#5885=CARTESIAN_POINT('Ctrl Pts',(-3.83175473786701,14.09,5.0267809278394));
#5886=CARTESIAN_POINT('Ctrl Pts',(-3.83175473786701,5.65,5.0267809278394));
#5887=CARTESIAN_POINT('Ctrl Pts',(-3.89683834202819,14.09,4.67885247915674));
#5888=CARTESIAN_POINT('Ctrl Pts',(-3.89683834202819,5.65,4.67885247915674));
#5889=CARTESIAN_POINT('Ctrl Pts',(-3.98238234035841,14.09,4.22154543513628));
#5890=CARTESIAN_POINT('Ctrl Pts',(-3.98238234035841,5.65,4.22154543513628));
#5891=CARTESIAN_POINT('Ctrl Pts',(-4.0640140562801,14.09,3.83913076060282));
#5892=CARTESIAN_POINT('Ctrl Pts',(-4.0640140562801,5.65,3.83913076060282));
#5893=CARTESIAN_POINT('Ctrl Pts',(-4.34334849397487,14.09,3.38772867946835));
#5894=CARTESIAN_POINT('Ctrl Pts',(-4.34334849397487,5.65,3.38772867946835));
#5895=CARTESIAN_POINT('Ctrl Pts',(-13.1770554120796,11.85,-12.2177298780643));
#5896=CARTESIAN_POINT('Ctrl Pts',(-13.1770554120796,1.80999999999988,-12.2177298780643));
#5897=CARTESIAN_POINT('Ctrl Pts',(-11.291264522717,11.85,-9.17030780197596));
#5898=CARTESIAN_POINT('Ctrl Pts',(-11.291264522717,1.80999999999988,-9.17030780197596));
#5899=CARTESIAN_POINT('Ctrl Pts',(-9.4054736333543,11.85,-6.12288572588766));
#5900=CARTESIAN_POINT('Ctrl Pts',(-9.4054736333543,1.80999999999988,-6.12288572588766));
#5901=CARTESIAN_POINT('Ctrl Pts',(-7.51968274399163,11.85,-3.07546364979935));
#5902=CARTESIAN_POINT('Ctrl Pts',(-7.51968274399163,1.80999999999988,-3.07546364979935));
#5903=CARTESIAN_POINT('Ctrl Pts',(-5.63389185462896,11.85,-0.0280415737110506));
#5904=CARTESIAN_POINT('Ctrl Pts',(-5.63389185462896,1.80999999999988,-0.0280415737110506));
#5905=CARTESIAN_POINT('Ctrl Pts',(-3.74810096526629,11.85,3.01938050237725));
#5906=CARTESIAN_POINT('Ctrl Pts',(-3.74810096526629,1.80999999999988,3.01938050237725));
#5907=CARTESIAN_POINT('Ctrl Pts',(-3.67407382347526,11.85,3.13900773538396));
#5908=CARTESIAN_POINT('Ctrl Pts',(-3.67407382347526,1.80999999999988,3.13900773538396));
#5909=CARTESIAN_POINT('Ctrl Pts',(-3.54155550608174,11.85,3.3763421951588));
#5910=CARTESIAN_POINT('Ctrl Pts',(-3.54155550608174,1.80999999999988,3.3763421951588));
#5911=CARTESIAN_POINT('Ctrl Pts',(-3.38938332540436,11.85,3.72658277837038));
#5912=CARTESIAN_POINT('Ctrl Pts',(-3.38938332540436,1.80999999999988,3.72658277837038));
#5913=CARTESIAN_POINT('Ctrl Pts',(-3.26816863367114,11.85,4.17830895181564));
#5914=CARTESIAN_POINT('Ctrl Pts',(-3.26816863367114,1.80999999999988,4.17830895181564));
#5915=CARTESIAN_POINT('Ctrl Pts',(-3.18709448645044,11.85,4.6969849680384));
#5916=CARTESIAN_POINT('Ctrl Pts',(-3.18709448645044,1.80999999999988,4.6969849680384));
#5917=CARTESIAN_POINT('Ctrl Pts',(-3.09459246355339,11.85,5.14553787492763));
#5918=CARTESIAN_POINT('Ctrl Pts',(-3.09459246355339,1.80999999999988,5.14553787492763));
#5919=CARTESIAN_POINT('Ctrl Pts',(-2.91218780235341,11.85,5.50341132375436));
#5920=CARTESIAN_POINT('Ctrl Pts',(-2.91218780235341,1.80999999999988,5.50341132375436));
#5921=CARTESIAN_POINT('Ctrl Pts',(-2.58636625152563,11.85,5.76185104338863));
#5922=CARTESIAN_POINT('Ctrl Pts',(-2.58636625152563,1.80999999999988,5.76185104338863));
#5923=CARTESIAN_POINT('Ctrl Pts',(-2.10499586280453,11.85,5.92965974108975));
#5924=CARTESIAN_POINT('Ctrl Pts',(-2.10499586280453,1.80999999999988,5.92965974108975));
#5925=CARTESIAN_POINT('Ctrl Pts',(-1.48523020422802,11.85,6.0250982753517));
#5926=CARTESIAN_POINT('Ctrl Pts',(-1.48523020422802,1.80999999999988,6.0250982753517));
#5927=CARTESIAN_POINT('Ctrl Pts',(-0.765531631762075,11.85,6.06974453187171));
#5928=CARTESIAN_POINT('Ctrl Pts',(-0.765531631762075,1.80999999999988,6.06974453187171));
#5929=CARTESIAN_POINT('Ctrl Pts',(0.00334685095723072,11.85,6.08175838211861));
#5930=CARTESIAN_POINT('Ctrl Pts',(0.00334685095723072,1.80999999999988,
6.08175838211861));
#5931=CARTESIAN_POINT('Ctrl Pts',(0.766565039482108,11.85,6.06944770597461));
#5932=CARTESIAN_POINT('Ctrl Pts',(0.766565039482108,1.80999999999988,6.06944770597461));
#5933=CARTESIAN_POINT('Ctrl Pts',(1.47353770198649,11.85,6.02459068734794));
#5934=CARTESIAN_POINT('Ctrl Pts',(1.47353770198649,1.80999999999988,6.02459068734794));
#5935=CARTESIAN_POINT('Ctrl Pts',(2.08231262863806,11.85,5.92909957968952));
#5936=CARTESIAN_POINT('Ctrl Pts',(2.08231262863806,1.80999999999988,5.92909957968952));
#5937=CARTESIAN_POINT('Ctrl Pts',(2.56396967317163,11.85,5.76143873718472));
#5938=CARTESIAN_POINT('Ctrl Pts',(2.56396967317163,1.80999999999988,5.76143873718472));
#5939=CARTESIAN_POINT('Ctrl Pts',(2.90764307583106,11.85,5.50334294711568));
#5940=CARTESIAN_POINT('Ctrl Pts',(2.90764307583106,1.80999999999988,5.50334294711568));
#5941=CARTESIAN_POINT('Ctrl Pts',(3.12490789325105,11.85,5.1459433963251));
#5942=CARTESIAN_POINT('Ctrl Pts',(3.12490789325105,1.80999999999988,5.1459433963251));
#5943=CARTESIAN_POINT('Ctrl Pts',(3.2570257724258,11.85,4.69784377413527));
#5944=CARTESIAN_POINT('Ctrl Pts',(3.2570257724258,1.80999999999988,4.69784377413527));
#5945=CARTESIAN_POINT('Ctrl Pts',(3.36281702227286,11.85,4.17940276380617));
#5946=CARTESIAN_POINT('Ctrl Pts',(3.36281702227286,1.80999999999988,4.17940276380617));
#5947=CARTESIAN_POINT('Ctrl Pts',(3.47500724246249,11.85,3.72753138538605));
#5948=CARTESIAN_POINT('Ctrl Pts',(3.47500724246249,1.80999999999988,3.72753138538605));
#5949=CARTESIAN_POINT('Ctrl Pts',(3.59646828691645,11.85,3.37692446290482));
#5950=CARTESIAN_POINT('Ctrl Pts',(3.59646828691645,1.80999999999988,3.37692446290482));
#5951=CARTESIAN_POINT('Ctrl Pts',(3.69685340388837,11.85,3.13922238974972));
#5952=CARTESIAN_POINT('Ctrl Pts',(3.69685340388837,1.80999999999988,3.13922238974972));
#5953=CARTESIAN_POINT('Ctrl Pts',(3.75189903473366,11.85,3.01938050237725));
#5954=CARTESIAN_POINT('Ctrl Pts',(3.75189903473366,1.80999999999988,3.01938050237725));
#5955=CARTESIAN_POINT('',(-2.78796948377186,7.25,5.57179366271238));
#5956=CARTESIAN_POINT('Ctrl Pts',(-2.78796948377209,7.24128639897631,5.57179366271218));
#5957=CARTESIAN_POINT('Ctrl Pts',(-2.78796948377209,7.24419093265087,5.57179366271218));
#5958=CARTESIAN_POINT('Ctrl Pts',(-2.78796948377209,7.24709546632544,5.57179366271218));
#5959=CARTESIAN_POINT('Ctrl Pts',(-2.78796948377209,7.25000000000001,5.57179366271218));
#5960=CARTESIAN_POINT('Ctrl Pts',(-2.78796948377187,7.25,5.57179366271239));
#5961=CARTESIAN_POINT('Ctrl Pts',(-2.74681291548795,7.25,5.60965984642546));
#5962=CARTESIAN_POINT('Ctrl Pts',(-2.64641316964047,7.25,5.69002137750849));
#5963=CARTESIAN_POINT('Ctrl Pts',(-2.52832789292518,7.25,5.75920966273719));
#5964=CARTESIAN_POINT('Ctrl Pts',(-2.39210375118411,7.25,5.81784956354988));
#5965=CARTESIAN_POINT('Ctrl Pts',(-2.23865281129748,7.25,5.86700691600798));
#5966=CARTESIAN_POINT('Ctrl Pts',(-2.14818124085108,7.25,5.89162849722011));
#5967=CARTESIAN_POINT('Ctrl Pts',(-13.1770554120796,15.69,-12.2177298780643));
#5968=CARTESIAN_POINT('Ctrl Pts',(-13.1770554120796,6.09,-12.2177298780643));
#5969=CARTESIAN_POINT('Ctrl Pts',(-11.291264522717,15.69,-9.17030780197596));
#5970=CARTESIAN_POINT('Ctrl Pts',(-11.291264522717,6.09,-9.17030780197596));
#5971=CARTESIAN_POINT('Ctrl Pts',(-9.4054736333543,15.69,-6.12288572588766));
#5972=CARTESIAN_POINT('Ctrl Pts',(-9.4054736333543,6.09,-6.12288572588766));
#5973=CARTESIAN_POINT('Ctrl Pts',(-7.51968274399163,15.69,-3.07546364979935));
#5974=CARTESIAN_POINT('Ctrl Pts',(-7.51968274399163,6.09,-3.07546364979935));
#5975=CARTESIAN_POINT('Ctrl Pts',(-5.63389185462896,15.69,-0.0280415737110506));
#5976=CARTESIAN_POINT('Ctrl Pts',(-5.63389185462896,6.09,-0.0280415737110506));
#5977=CARTESIAN_POINT('Ctrl Pts',(-3.74810096526629,15.69,3.01938050237725));
#5978=CARTESIAN_POINT('Ctrl Pts',(-3.74810096526629,6.09,3.01938050237725));
#5979=CARTESIAN_POINT('Ctrl Pts',(-3.67407382347526,15.69,3.13900773538396));
#5980=CARTESIAN_POINT('Ctrl Pts',(-3.67407382347526,6.09,3.13900773538396));
#5981=CARTESIAN_POINT('Ctrl Pts',(-3.54155550608174,15.69,3.3763421951588));
#5982=CARTESIAN_POINT('Ctrl Pts',(-3.54155550608174,6.09,3.3763421951588));
#5983=CARTESIAN_POINT('Ctrl Pts',(-3.38938332540436,15.69,3.72658277837038));
#5984=CARTESIAN_POINT('Ctrl Pts',(-3.38938332540436,6.09,3.72658277837038));
#5985=CARTESIAN_POINT('Ctrl Pts',(-3.26816863367114,15.69,4.17830895181564));
#5986=CARTESIAN_POINT('Ctrl Pts',(-3.26816863367114,6.09,4.17830895181564));
#5987=CARTESIAN_POINT('Ctrl Pts',(-3.18709448645044,15.69,4.6969849680384));
#5988=CARTESIAN_POINT('Ctrl Pts',(-3.18709448645044,6.09,4.6969849680384));
#5989=CARTESIAN_POINT('Ctrl Pts',(-3.09459246355339,15.69,5.14553787492763));
#5990=CARTESIAN_POINT('Ctrl Pts',(-3.09459246355339,6.09,5.14553787492763));
#5991=CARTESIAN_POINT('Ctrl Pts',(-2.91218780235341,15.69,5.50341132375436));
#5992=CARTESIAN_POINT('Ctrl Pts',(-2.91218780235341,6.09,5.50341132375436));
#5993=CARTESIAN_POINT('Ctrl Pts',(-2.58636625152563,15.69,5.76185104338863));
#5994=CARTESIAN_POINT('Ctrl Pts',(-2.58636625152563,6.09,5.76185104338863));
#5995=CARTESIAN_POINT('Ctrl Pts',(-2.10499586280453,15.69,5.92965974108975));
#5996=CARTESIAN_POINT('Ctrl Pts',(-2.10499586280453,6.09,5.92965974108975));
#5997=CARTESIAN_POINT('Ctrl Pts',(-1.48523020422802,15.69,6.0250982753517));
#5998=CARTESIAN_POINT('Ctrl Pts',(-1.48523020422802,6.09,6.0250982753517));
#5999=CARTESIAN_POINT('Ctrl Pts',(-0.765531631762075,15.69,6.06974453187171));
#6000=CARTESIAN_POINT('Ctrl Pts',(-0.765531631762075,6.09,6.06974453187171));
#6001=CARTESIAN_POINT('Ctrl Pts',(0.00334685095723072,15.69,6.08175838211861));
#6002=CARTESIAN_POINT('Ctrl Pts',(0.00334685095723072,6.09,6.08175838211861));
#6003=CARTESIAN_POINT('Ctrl Pts',(0.766565039482108,15.69,6.06944770597461));
#6004=CARTESIAN_POINT('Ctrl Pts',(0.766565039482108,6.09,6.06944770597461));
#6005=CARTESIAN_POINT('Ctrl Pts',(1.47353770198649,15.69,6.02459068734794));
#6006=CARTESIAN_POINT('Ctrl Pts',(1.47353770198649,6.09,6.02459068734794));
#6007=CARTESIAN_POINT('Ctrl Pts',(2.08231262863806,15.69,5.92909957968952));
#6008=CARTESIAN_POINT('Ctrl Pts',(2.08231262863806,6.09,5.92909957968952));
#6009=CARTESIAN_POINT('Ctrl Pts',(2.56396967317163,15.69,5.76143873718472));
#6010=CARTESIAN_POINT('Ctrl Pts',(2.56396967317163,6.09,5.76143873718472));
#6011=CARTESIAN_POINT('Ctrl Pts',(2.90764307583106,15.69,5.50334294711568));
#6012=CARTESIAN_POINT('Ctrl Pts',(2.90764307583106,6.09,5.50334294711568));
#6013=CARTESIAN_POINT('Ctrl Pts',(3.12490789325105,15.69,5.1459433963251));
#6014=CARTESIAN_POINT('Ctrl Pts',(3.12490789325105,6.09,5.1459433963251));
#6015=CARTESIAN_POINT('Ctrl Pts',(3.2570257724258,15.69,4.69784377413527));
#6016=CARTESIAN_POINT('Ctrl Pts',(3.2570257724258,6.09,4.69784377413527));
#6017=CARTESIAN_POINT('Ctrl Pts',(3.36281702227286,15.69,4.17940276380617));
#6018=CARTESIAN_POINT('Ctrl Pts',(3.36281702227286,6.09,4.17940276380617));
#6019=CARTESIAN_POINT('Ctrl Pts',(3.47500724246249,15.69,3.72753138538605));
#6020=CARTESIAN_POINT('Ctrl Pts',(3.47500724246249,6.09,3.72753138538605));
#6021=CARTESIAN_POINT('Ctrl Pts',(3.59646828691645,15.69,3.37692446290482));
#6022=CARTESIAN_POINT('Ctrl Pts',(3.59646828691645,6.09,3.37692446290482));
#6023=CARTESIAN_POINT('Ctrl Pts',(3.69685340388837,15.69,3.13922238974972));
#6024=CARTESIAN_POINT('Ctrl Pts',(3.69685340388837,6.09,3.13922238974972));
#6025=CARTESIAN_POINT('Ctrl Pts',(3.75189903473366,15.69,3.01938050237725));
#6026=CARTESIAN_POINT('Ctrl Pts',(3.75189903473366,6.09,3.01938050237725));
#6027=CARTESIAN_POINT('',(-2.78796948377186,10.25,5.57179366271238));
#6028=CARTESIAN_POINT('Ctrl Pts',(-2.78796948377209,10.25,5.57179366271218));
#6029=CARTESIAN_POINT('Ctrl Pts',(-2.78796948377209,10.252904533676,5.57179366271218));
#6030=CARTESIAN_POINT('Ctrl Pts',(-2.78796948377209,10.255809067352,5.57179366271218));
#6031=CARTESIAN_POINT('Ctrl Pts',(-2.78796948377209,10.258713601028,5.57179366271218));
#6032=CARTESIAN_POINT('Ctrl Pts',(-2.14818124085115,10.25,5.89162849722009));
#6033=CARTESIAN_POINT('Ctrl Pts',(-2.23865281129754,10.25,5.86700691600797));
#6034=CARTESIAN_POINT('Ctrl Pts',(-2.39210375118415,10.25,5.81784956354986));
#6035=CARTESIAN_POINT('Ctrl Pts',(-2.5283278929252,10.25,5.75920966273718));
#6036=CARTESIAN_POINT('Ctrl Pts',(-2.64641316964048,10.25,5.69002137750848));
#6037=CARTESIAN_POINT('Ctrl Pts',(-2.74681291548795,10.25,5.60965984642546));
#6038=CARTESIAN_POINT('Ctrl Pts',(-2.78796948377187,10.25,5.57179366271239));
#6039=CARTESIAN_POINT('Ctrl Pts',(-3.74810096526629,15.69,3.01938050237725));
#6040=CARTESIAN_POINT('Ctrl Pts',(-3.74810096526629,5.65,3.01938050237725));
#6041=CARTESIAN_POINT('Ctrl Pts',(-3.67407382347526,15.69,3.13900773538396));
#6042=CARTESIAN_POINT('Ctrl Pts',(-3.67407382347526,5.65,3.13900773538396));
#6043=CARTESIAN_POINT('Ctrl Pts',(-3.54155550608174,15.69,3.3763421951588));
#6044=CARTESIAN_POINT('Ctrl Pts',(-3.54155550608174,5.65,3.3763421951588));
#6045=CARTESIAN_POINT('Ctrl Pts',(-3.38938332540436,15.69,3.72658277837038));
#6046=CARTESIAN_POINT('Ctrl Pts',(-3.38938332540436,5.65,3.72658277837038));
#6047=CARTESIAN_POINT('Ctrl Pts',(-3.26816863367114,15.69,4.17830895181564));
#6048=CARTESIAN_POINT('Ctrl Pts',(-3.26816863367114,5.65,4.17830895181564));
#6049=CARTESIAN_POINT('Ctrl Pts',(-3.18709448645044,15.69,4.6969849680384));
#6050=CARTESIAN_POINT('Ctrl Pts',(-3.18709448645044,5.65,4.6969849680384));
#6051=CARTESIAN_POINT('Ctrl Pts',(-3.09459246355339,15.69,5.14553787492763));
#6052=CARTESIAN_POINT('Ctrl Pts',(-3.09459246355339,5.65,5.14553787492763));
#6053=CARTESIAN_POINT('Ctrl Pts',(-2.91218780235341,15.69,5.50341132375436));
#6054=CARTESIAN_POINT('Ctrl Pts',(-2.91218780235341,5.65,5.50341132375436));
#6055=CARTESIAN_POINT('Ctrl Pts',(-2.58636625152563,15.69,5.76185104338863));
#6056=CARTESIAN_POINT('Ctrl Pts',(-2.58636625152563,5.65,5.76185104338863));
#6057=CARTESIAN_POINT('Ctrl Pts',(-2.10499586280453,15.69,5.92965974108975));
#6058=CARTESIAN_POINT('Ctrl Pts',(-2.10499586280453,5.65,5.92965974108975));
#6059=CARTESIAN_POINT('Ctrl Pts',(-1.48523020422802,15.69,6.0250982753517));
#6060=CARTESIAN_POINT('Ctrl Pts',(-1.48523020422802,5.65,6.0250982753517));
#6061=CARTESIAN_POINT('Ctrl Pts',(-0.765531631762075,15.69,6.06974453187171));
#6062=CARTESIAN_POINT('Ctrl Pts',(-0.765531631762075,5.65,6.06974453187171));
#6063=CARTESIAN_POINT('Ctrl Pts',(0.00334685095723072,15.69,6.08175838211861));
#6064=CARTESIAN_POINT('Ctrl Pts',(0.00334685095723072,5.65,6.08175838211861));
#6065=CARTESIAN_POINT('Ctrl Pts',(0.766565039482108,15.69,6.06944770597461));
#6066=CARTESIAN_POINT('Ctrl Pts',(0.766565039482108,5.65,6.06944770597461));
#6067=CARTESIAN_POINT('Ctrl Pts',(1.47353770198649,15.69,6.02459068734794));
#6068=CARTESIAN_POINT('Ctrl Pts',(1.47353770198649,5.65,6.02459068734794));
#6069=CARTESIAN_POINT('Ctrl Pts',(2.08231262863806,15.69,5.92909957968952));
#6070=CARTESIAN_POINT('Ctrl Pts',(2.08231262863806,5.65,5.92909957968952));
#6071=CARTESIAN_POINT('Ctrl Pts',(2.56396967317163,15.69,5.76143873718472));
#6072=CARTESIAN_POINT('Ctrl Pts',(2.56396967317163,5.65,5.76143873718472));
#6073=CARTESIAN_POINT('Ctrl Pts',(2.90764307583106,15.69,5.50334294711568));
#6074=CARTESIAN_POINT('Ctrl Pts',(2.90764307583106,5.65,5.50334294711568));
#6075=CARTESIAN_POINT('Ctrl Pts',(3.12490789325105,15.69,5.1459433963251));
#6076=CARTESIAN_POINT('Ctrl Pts',(3.12490789325105,5.65,5.1459433963251));
#6077=CARTESIAN_POINT('Ctrl Pts',(3.2570257724258,15.69,4.69784377413527));
#6078=CARTESIAN_POINT('Ctrl Pts',(3.2570257724258,5.65,4.69784377413527));
#6079=CARTESIAN_POINT('Ctrl Pts',(3.36281702227286,15.69,4.17940276380617));
#6080=CARTESIAN_POINT('Ctrl Pts',(3.36281702227286,5.65,4.17940276380617));
#6081=CARTESIAN_POINT('Ctrl Pts',(3.47500724246249,15.69,3.72753138538605));
#6082=CARTESIAN_POINT('Ctrl Pts',(3.47500724246249,5.65,3.72753138538605));
#6083=CARTESIAN_POINT('Ctrl Pts',(3.59646828691645,15.69,3.37692446290482));
#6084=CARTESIAN_POINT('Ctrl Pts',(3.59646828691645,5.65,3.37692446290482));
#6085=CARTESIAN_POINT('Ctrl Pts',(3.69685340388837,15.69,3.13922238974972));
#6086=CARTESIAN_POINT('Ctrl Pts',(3.69685340388837,5.65,3.13922238974972));
#6087=CARTESIAN_POINT('Ctrl Pts',(3.75189903473366,15.69,3.01938050237725));
#6088=CARTESIAN_POINT('Ctrl Pts',(3.75189903473366,5.65,3.01938050237725));
#6089=CARTESIAN_POINT('Ctrl Pts',(5.14565365855379,15.69,-0.0150144548203629));
#6090=CARTESIAN_POINT('Ctrl Pts',(5.14565365855379,5.65,-0.0150144548203629));
#6091=CARTESIAN_POINT('Ctrl Pts',(6.53940828237392,15.69,-3.04940941201798));
#6092=CARTESIAN_POINT('Ctrl Pts',(6.53940828237392,5.65,-3.04940941201798));
#6093=CARTESIAN_POINT('Ctrl Pts',(7.93316290619405,15.69,-6.08380436921559));
#6094=CARTESIAN_POINT('Ctrl Pts',(7.93316290619405,5.65,-6.08380436921559));
#6095=CARTESIAN_POINT('Ctrl Pts',(9.32691753001417,15.69,-9.11819932641321));
#6096=CARTESIAN_POINT('Ctrl Pts',(9.32691753001417,5.65,-9.11819932641321));
#6097=CARTESIAN_POINT('Ctrl Pts',(10.7206721538343,15.69,-12.1525942836108));
#6098=CARTESIAN_POINT('Ctrl Pts',(10.7206721538343,5.65,-12.1525942836108));
#6099=CARTESIAN_POINT('',(2.65627964359695,10.25,5.66487245354128));
#6100=CARTESIAN_POINT('Ctrl Pts',(2.65627964359691,10.2537757300336,5.6648724535413));
#6101=CARTESIAN_POINT('Ctrl Pts',(2.65627964359691,10.2525171533557,5.6648724535413));
#6102=CARTESIAN_POINT('Ctrl Pts',(2.65627964359691,10.2512585766779,5.6648724535413));
#6103=CARTESIAN_POINT('Ctrl Pts',(2.65627964359691,10.25,5.6648724535413));
#6104=CARTESIAN_POINT('Ctrl Pts',(2.65627964359694,10.25,5.66487245354128));
#6105=CARTESIAN_POINT('Ctrl Pts',(2.63235653187836,10.25,5.68063953012842));
#6106=CARTESIAN_POINT('Ctrl Pts',(2.53327385401448,10.25,5.74213704162718));
#6107=CARTESIAN_POINT('Ctrl Pts',(2.42283028132801,10.25,5.79585251339161));
#6108=CARTESIAN_POINT('Ctrl Pts',(2.30087867386277,10.25,5.84223035023311));
#6109=CARTESIAN_POINT('Ctrl Pts',(2.16781139534973,10.25,5.88194085748829));
#6110=CARTESIAN_POINT('Ctrl Pts',(2.06183636822183,10.25,5.90832907290448));
#6111=CARTESIAN_POINT('Ctrl Pts',(-3.74810096526629,11.41,3.01938050237725));
#6112=CARTESIAN_POINT('Ctrl Pts',(-3.74810096526629,1.80999999999999,3.01938050237725));
#6113=CARTESIAN_POINT('Ctrl Pts',(-3.67407382347526,11.41,3.13900773538396));
#6114=CARTESIAN_POINT('Ctrl Pts',(-3.67407382347526,1.80999999999999,3.13900773538396));
#6115=CARTESIAN_POINT('Ctrl Pts',(-3.54155550608174,11.41,3.3763421951588));
#6116=CARTESIAN_POINT('Ctrl Pts',(-3.54155550608174,1.80999999999999,3.3763421951588));
#6117=CARTESIAN_POINT('Ctrl Pts',(-3.38938332540436,11.41,3.72658277837038));
#6118=CARTESIAN_POINT('Ctrl Pts',(-3.38938332540436,1.80999999999999,3.72658277837038));
#6119=CARTESIAN_POINT('Ctrl Pts',(-3.26816863367114,11.41,4.17830895181564));
#6120=CARTESIAN_POINT('Ctrl Pts',(-3.26816863367114,1.80999999999999,4.17830895181564));
#6121=CARTESIAN_POINT('Ctrl Pts',(-3.18709448645044,11.41,4.6969849680384));
#6122=CARTESIAN_POINT('Ctrl Pts',(-3.18709448645044,1.80999999999999,4.6969849680384));
#6123=CARTESIAN_POINT('Ctrl Pts',(-3.09459246355339,11.41,5.14553787492763));
#6124=CARTESIAN_POINT('Ctrl Pts',(-3.09459246355339,1.80999999999999,5.14553787492763));
#6125=CARTESIAN_POINT('Ctrl Pts',(-2.91218780235341,11.41,5.50341132375436));
#6126=CARTESIAN_POINT('Ctrl Pts',(-2.91218780235341,1.80999999999999,5.50341132375436));
#6127=CARTESIAN_POINT('Ctrl Pts',(-2.58636625152563,11.41,5.76185104338863));
#6128=CARTESIAN_POINT('Ctrl Pts',(-2.58636625152563,1.80999999999999,5.76185104338863));
#6129=CARTESIAN_POINT('Ctrl Pts',(-2.10499586280453,11.41,5.92965974108975));
#6130=CARTESIAN_POINT('Ctrl Pts',(-2.10499586280453,1.80999999999999,5.92965974108975));
#6131=CARTESIAN_POINT('Ctrl Pts',(-1.48523020422802,11.41,6.0250982753517));
#6132=CARTESIAN_POINT('Ctrl Pts',(-1.48523020422802,1.80999999999999,6.0250982753517));
#6133=CARTESIAN_POINT('Ctrl Pts',(-0.765531631762075,11.41,6.06974453187171));
#6134=CARTESIAN_POINT('Ctrl Pts',(-0.765531631762075,1.80999999999999,6.06974453187171));
#6135=CARTESIAN_POINT('Ctrl Pts',(0.00334685095723072,11.41,6.08175838211861));
#6136=CARTESIAN_POINT('Ctrl Pts',(0.00334685095723072,1.80999999999999,
6.08175838211861));
#6137=CARTESIAN_POINT('Ctrl Pts',(0.766565039482108,11.41,6.06944770597461));
#6138=CARTESIAN_POINT('Ctrl Pts',(0.766565039482108,1.80999999999999,6.06944770597461));
#6139=CARTESIAN_POINT('Ctrl Pts',(1.47353770198649,11.41,6.02459068734794));
#6140=CARTESIAN_POINT('Ctrl Pts',(1.47353770198649,1.80999999999999,6.02459068734794));
#6141=CARTESIAN_POINT('Ctrl Pts',(2.08231262863806,11.41,5.92909957968952));
#6142=CARTESIAN_POINT('Ctrl Pts',(2.08231262863806,1.80999999999999,5.92909957968952));
#6143=CARTESIAN_POINT('Ctrl Pts',(2.56396967317163,11.41,5.76143873718472));
#6144=CARTESIAN_POINT('Ctrl Pts',(2.56396967317163,1.80999999999999,5.76143873718472));
#6145=CARTESIAN_POINT('Ctrl Pts',(2.90764307583106,11.41,5.50334294711568));
#6146=CARTESIAN_POINT('Ctrl Pts',(2.90764307583106,1.80999999999999,5.50334294711568));
#6147=CARTESIAN_POINT('Ctrl Pts',(3.12490789325105,11.41,5.1459433963251));
#6148=CARTESIAN_POINT('Ctrl Pts',(3.12490789325105,1.80999999999999,5.1459433963251));
#6149=CARTESIAN_POINT('Ctrl Pts',(3.2570257724258,11.41,4.69784377413527));
#6150=CARTESIAN_POINT('Ctrl Pts',(3.2570257724258,1.80999999999999,4.69784377413527));
#6151=CARTESIAN_POINT('Ctrl Pts',(3.36281702227286,11.41,4.17940276380617));
#6152=CARTESIAN_POINT('Ctrl Pts',(3.36281702227286,1.80999999999999,4.17940276380617));
#6153=CARTESIAN_POINT('Ctrl Pts',(3.47500724246249,11.41,3.72753138538605));
#6154=CARTESIAN_POINT('Ctrl Pts',(3.47500724246249,1.80999999999999,3.72753138538605));
#6155=CARTESIAN_POINT('Ctrl Pts',(3.59646828691645,11.41,3.37692446290482));
#6156=CARTESIAN_POINT('Ctrl Pts',(3.59646828691645,1.80999999999999,3.37692446290482));
#6157=CARTESIAN_POINT('Ctrl Pts',(3.69685340388837,11.41,3.13922238974972));
#6158=CARTESIAN_POINT('Ctrl Pts',(3.69685340388837,1.80999999999999,3.13922238974972));
#6159=CARTESIAN_POINT('Ctrl Pts',(3.75189903473366,11.41,3.01938050237725));
#6160=CARTESIAN_POINT('Ctrl Pts',(3.75189903473366,1.80999999999999,3.01938050237725));
#6161=CARTESIAN_POINT('Ctrl Pts',(5.14565365855379,11.41,-0.0150144548203629));
#6162=CARTESIAN_POINT('Ctrl Pts',(5.14565365855379,1.80999999999999,-0.0150144548203629));
#6163=CARTESIAN_POINT('Ctrl Pts',(6.53940828237392,11.41,-3.04940941201798));
#6164=CARTESIAN_POINT('Ctrl Pts',(6.53940828237392,1.80999999999999,-3.04940941201798));
#6165=CARTESIAN_POINT('Ctrl Pts',(7.93316290619405,11.41,-6.08380436921559));
#6166=CARTESIAN_POINT('Ctrl Pts',(7.93316290619405,1.80999999999999,-6.08380436921559));
#6167=CARTESIAN_POINT('Ctrl Pts',(9.32691753001417,11.41,-9.11819932641321));
#6168=CARTESIAN_POINT('Ctrl Pts',(9.32691753001417,1.80999999999999,-9.11819932641321));
#6169=CARTESIAN_POINT('Ctrl Pts',(10.7206721538343,11.41,-12.1525942836108));
#6170=CARTESIAN_POINT('Ctrl Pts',(10.7206721538343,1.80999999999999,-12.1525942836108));
#6171=CARTESIAN_POINT('',(2.65627964359695,7.25,5.66487245354128));
#6172=CARTESIAN_POINT('Ctrl Pts',(2.65627964359691,7.25,5.6648724535413));
#6173=CARTESIAN_POINT('Ctrl Pts',(2.65627964359691,7.24874142364142,5.6648724535413));
#6174=CARTESIAN_POINT('Ctrl Pts',(2.65627964359691,7.24748284728283,5.6648724535413));
#6175=CARTESIAN_POINT('Ctrl Pts',(2.65627964359691,7.24622427092424,5.6648724535413));
#6176=CARTESIAN_POINT('Ctrl Pts',(2.06183636822177,7.25,5.90832907290449));
#6177=CARTESIAN_POINT('Ctrl Pts',(2.16781139534968,7.25,5.8819408574883));
#6178=CARTESIAN_POINT('Ctrl Pts',(2.30087867386273,7.25,5.84223035023312));
#6179=CARTESIAN_POINT('Ctrl Pts',(2.42283028132799,7.25,5.79585251339162));
#6180=CARTESIAN_POINT('Ctrl Pts',(2.53327385401447,7.25,5.74213704162718));
#6181=CARTESIAN_POINT('Ctrl Pts',(2.63235653187836,7.25,5.68063953012842));
#6182=CARTESIAN_POINT('Ctrl Pts',(2.65627964359694,7.25,5.66487245354128));
#6183=CARTESIAN_POINT('Origin',(-2.2981009138573,8.75,5.00387748561416));
#6184=CARTESIAN_POINT('',(-2.78796948377186,8.75,5.57179366271238));
#6185=CARTESIAN_POINT('Origin',(2.30189898332467,8.75,5.00387748561416));
#6186=CARTESIAN_POINT('',(2.65627964359695,8.75,5.66487245354128));
#6187=CARTESIAN_POINT('Ctrl Pts',(-2.78796948377186,10.25,5.57179366271239));
#6188=CARTESIAN_POINT('Ctrl Pts',(-2.78796948377186,7.25,5.57179366271239));
#6189=CARTESIAN_POINT('Ctrl Pts',(-2.74681291548795,10.25,5.60965984642546));
#6190=CARTESIAN_POINT('Ctrl Pts',(-2.74681291548795,7.25,5.60965984642546));
#6191=CARTESIAN_POINT('Ctrl Pts',(-2.63700408431654,10.25,5.69755255695859));
#6192=CARTESIAN_POINT('Ctrl Pts',(-2.63700408431654,7.25,5.69755255695859));
#6193=CARTESIAN_POINT('Ctrl Pts',(-2.42818179493343,10.25,5.81638565101106));
#6194=CARTESIAN_POINT('Ctrl Pts',(-2.42818179493343,7.25,5.81638565101106));
#6195=CARTESIAN_POINT('Ctrl Pts',(-2.06559115840408,10.25,5.93572772368763));
#6196=CARTESIAN_POINT('Ctrl Pts',(-2.06559115840408,7.25,5.93572772368763));
#6197=CARTESIAN_POINT('Ctrl Pts',(-1.48523020422802,10.25,6.0250982753517));
#6198=CARTESIAN_POINT('Ctrl Pts',(-1.48523020422802,7.25,6.0250982753517));
#6199=CARTESIAN_POINT('Ctrl Pts',(-0.765531631762075,10.25,6.06974453187171));
#6200=CARTESIAN_POINT('Ctrl Pts',(-0.765531631762075,7.25,6.06974453187171));
#6201=CARTESIAN_POINT('Ctrl Pts',(0.00334685095723072,10.25,6.08175838211861));
#6202=CARTESIAN_POINT('Ctrl Pts',(0.00334685095723072,7.25,6.08175838211861));
#6203=CARTESIAN_POINT('Ctrl Pts',(0.766565039482108,10.25,6.06944770597461));
#6204=CARTESIAN_POINT('Ctrl Pts',(0.766565039482108,7.25,6.06944770597461));
#6205=CARTESIAN_POINT('Ctrl Pts',(1.47353770198649,10.25,6.02459068734794));
#6206=CARTESIAN_POINT('Ctrl Pts',(1.47353770198649,7.25,6.02459068734794));
#6207=CARTESIAN_POINT('Ctrl Pts',(1.99998628555354,10.25,5.94201311036636));
#6208=CARTESIAN_POINT('Ctrl Pts',(1.99998628555354,7.25,5.94201311036636));
#6209=CARTESIAN_POINT('Ctrl Pts',(2.33446069363692,10.25,5.83866760666054));
#6210=CARTESIAN_POINT('Ctrl Pts',(2.33446069363692,7.25,5.83866760666054));
#6211=CARTESIAN_POINT('Ctrl Pts',(2.53171026847995,10.25,5.7431075101436));
#6212=CARTESIAN_POINT('Ctrl Pts',(2.53171026847995,7.25,5.7431075101436));
#6213=CARTESIAN_POINT('Ctrl Pts',(2.63235653187836,10.25,5.68063953012842));
#6214=CARTESIAN_POINT('Ctrl Pts',(2.63235653187836,7.25,5.68063953012842));
#6215=CARTESIAN_POINT('Ctrl Pts',(2.65627964359694,10.25,5.66487245354128));
#6216=CARTESIAN_POINT('Ctrl Pts',(2.65627964359694,7.25,5.66487245354128));
#6217=CARTESIAN_POINT('Ctrl Pts',(-6.6,-2.,-3.1448110174058E-7));
#6218=CARTESIAN_POINT('Ctrl Pts',(-6.60000046123896,-2.,4.49999984431656));
#6219=CARTESIAN_POINT('Ctrl Pts',(-2.28335696554453E-7,-2.,4.5));
#6220=CARTESIAN_POINT('Ctrl Pts',(6.60000000456757,-2.,4.50000015568343));
#6221=CARTESIAN_POINT('Ctrl Pts',(6.60000000000001,-2.,-3.11424373048735E-9));
#6222=CARTESIAN_POINT('Ctrl Pts',(-6.6,19.5,-3.1448110174058E-7));
#6223=CARTESIAN_POINT('Ctrl Pts',(-6.60000046123896,19.5,4.49999984431656));
#6224=CARTESIAN_POINT('Ctrl Pts',(-2.28335696554453E-7,19.5,4.5));
#6225=CARTESIAN_POINT('Ctrl Pts',(6.60000000456757,19.5,4.50000015568343));
#6226=CARTESIAN_POINT('Ctrl Pts',(6.60000000000001,19.5,-3.11424373048735E-9));
#6227=UNCERTAINTY_MEASURE_WITH_UNIT(LENGTH_MEASURE(0.01),#6231,
'DISTANCE_ACCURACY_VALUE',
'Maximum model space distance between geometric entities at asserted c
onnectivities');
#6228=UNCERTAINTY_MEASURE_WITH_UNIT(LENGTH_MEASURE(0.01),#6231,
'DISTANCE_ACCURACY_VALUE',
'Maximum model space distance between geometric entities at asserted c
onnectivities');
#6229=(
GEOMETRIC_REPRESENTATION_CONTEXT(3)
GLOBAL_UNCERTAINTY_ASSIGNED_CONTEXT((#6227))
GLOBAL_UNIT_ASSIGNED_CONTEXT((#6231,#6233,#6234))
REPRESENTATION_CONTEXT('','3D')
);
#6230=(
GEOMETRIC_REPRESENTATION_CONTEXT(3)
GLOBAL_UNCERTAINTY_ASSIGNED_CONTEXT((#6228))
GLOBAL_UNIT_ASSIGNED_CONTEXT((#6231,#6233,#6234))
REPRESENTATION_CONTEXT('','3D')
);
#6231=(
LENGTH_UNIT()
NAMED_UNIT(*)
SI_UNIT(.MILLI.,.METRE.)
);
#6232=(
LENGTH_UNIT()
NAMED_UNIT(*)
SI_UNIT($,.METRE.)
);
#6233=(
NAMED_UNIT(*)
PLANE_ANGLE_UNIT()
SI_UNIT($,.RADIAN.)
);
#6234=(
NAMED_UNIT(*)
SI_UNIT($,.STERADIAN.)
SOLID_ANGLE_UNIT()
);
#6235=SHAPE_DEFINITION_REPRESENTATION(#6236,#6237);
#6236=PRODUCT_DEFINITION_SHAPE('',$,#6239);
#6237=SHAPE_REPRESENTATION('',(#2304),#6229);
#6238=PRODUCT_DEFINITION_CONTEXT('part definition',#6243,'design');
#6239=PRODUCT_DEFINITION('2026-08-27-17-11-15-584','(Unsaved)',#6240,#6238);
#6240=PRODUCT_DEFINITION_FORMATION('',$,#6245);
#6241=PRODUCT_RELATED_PRODUCT_CATEGORY('(Unsaved)','(Unsaved)',(#6245));
#6242=APPLICATION_PROTOCOL_DEFINITION('international standard',
'automotive_design',2009,#6243);
#6243=APPLICATION_CONTEXT(
'Core Data for Automotive Mechanical Design Process');
#6244=PRODUCT_CONTEXT('part definition',#6243,'mechanical');
#6245=PRODUCT('2026-08-27-17-11-15-584','(Unsaved)',$,(#6244));
#6246=PRESENTATION_STYLE_ASSIGNMENT((#6247));
#6247=SURFACE_STYLE_USAGE(.BOTH.,#6248);
#6248=SURFACE_SIDE_STYLE('',(#6249));
#6249=SURFACE_STYLE_FILL_AREA(#6250);
#6250=FILL_AREA_STYLE('Steel - Satin',(#6251));
#6251=FILL_AREA_STYLE_COLOUR('Steel - Satin',#6252);
#6252=COLOUR_RGB('Steel - Satin',0.627450980392157,0.627450980392157,0.627450980392157);
ENDSEC;
END-ISO-10303-21;
