ISO-10303-21;
HEADER;
/* Generated by software containing ST-Developer
 * from STEP Tools, Inc. (www.steptools.com) 
 */

FILE_DESCRIPTION(
/* description */ (''),
/* implementation_level */ '2;1');

FILE_NAME(
/* name */ 'zero_finger3_knuckle_thin_v3.step',
/* time_stamp */ '2026-08-27T17:11:14+02:00',
/* author */ (''),
/* organization */ (''),
/* preprocessor_version */ 'ST-DEVELOPER v20.1',
/* originating_system */ 'Autodesk Translation Framework v15.8.0.0',
/* authorisation */ '');

FILE_SCHEMA (('AUTOMOTIVE_DESIGN { 1 0 10303 214 3 1 1 }'));
ENDSEC;

DATA;
#10=MECHANICAL_DESIGN_GEOMETRIC_PRESENTATION_REPRESENTATION('',(#13),#2838);
#11=SHAPE_REPRESENTATION_RELATIONSHIP('SRR','None',#2845,#12);
#12=ADVANCED_BREP_SHAPE_REPRESENTATION('',(#14),#2837);
#13=STYLED_ITEM('',(#2854),#14);
#14=MANIFOLD_SOLID_BREP('zero_finger3_knuckle_thin_v3',#1031);
#15=TOROIDAL_SURFACE('',#1089,1.5,0.5);
#16=TOROIDAL_SURFACE('',#1095,1.5,0.5);
#17=TOROIDAL_SURFACE('',#1113,2.66,0.7);
#18=B_SPLINE_SURFACE_WITH_KNOTS('',3,3,((#1738,#1739,#1740,#1741,#1742,
#1743),(#1744,#1745,#1746,#1747,#1748,#1749),(#1750,#1751,#1752,#1753,#1754,
#1755),(#1756,#1757,#1758,#1759,#1760,#1761),(#1762,#1763,#1764,#1765,#1766,
#1767)),.UNSPECIFIED.,.F.,.F.,.F.,(4,1,4),(4,1,1,4),(0.,0.5,1.),(0.,0.081394519343079,
0.135657532238465,0.189920545133851),.UNSPECIFIED.);
#19=B_SPLINE_SURFACE_WITH_KNOTS('',3,3,((#1789,#1790,#1791,#1792,#1793,
#1794),(#1795,#1796,#1797,#1798,#1799,#1800),(#1801,#1802,#1803,#1804,#1805,
#1806),(#1807,#1808,#1809,#1810,#1811,#1812),(#1813,#1814,#1815,#1816,#1817,
#1818)),.UNSPECIFIED.,.F.,.F.,.F.,(4,1,4),(4,1,1,4),(0.,0.5,1.),(2.77555756156289E-17,
0.0555067530475923,0.0832601295713885,0.194273635666573),.UNSPECIFIED.);
#20=B_SPLINE_SURFACE_WITH_KNOTS('',3,3,((#1874,#1875,#1876,#1877,#1878,
#1879),(#1880,#1881,#1882,#1883,#1884,#1885),(#1886,#1887,#1888,#1889,#1890,
#1891),(#1892,#1893,#1894,#1895,#1896,#1897),(#1898,#1899,#1900,#1901,#1902,
#1903)),.UNSPECIFIED.,.F.,.F.,.F.,(4,1,4),(4,1,1,4),(0.,0.5,1.),(0.,0.0543874850810159,
0.0815812276215239,0.190356197783556),.UNSPECIFIED.);
#21=B_SPLINE_SURFACE_WITH_KNOTS('',3,3,((#1925,#1926,#1927,#1928,#1929,
#1930),(#1931,#1932,#1933,#1934,#1935,#1936),(#1937,#1938,#1939,#1940,#1941,
#1942),(#1943,#1944,#1945,#1946,#1947,#1948),(#1949,#1950,#1951,#1952,#1953,
#1954)),.UNSPECIFIED.,.F.,.F.,.F.,(4,1,4),(4,1,1,4),(0.,0.5,1.),(9.36717384037135E-17,
0.0820124883493442,0.13668748058224,0.191362472815136),.UNSPECIFIED.);
#22=B_SPLINE_SURFACE_WITH_KNOTS('',3,3,((#1967,#1968,#1969,#1970,#1971),
(#1972,#1973,#1974,#1975,#1976),(#1977,#1978,#1979,#1980,#1981),(#1982,
#1983,#1984,#1985,#1986),(#1987,#1988,#1989,#1990,#1991)),.UNSPECIFIED.,
 .F.,.F.,.F.,(4,1,4),(4,1,4),(0.,0.5,1.),(0.,0.060124420545794,0.120248841091588),
 .UNSPECIFIED.);
#23=B_SPLINE_SURFACE_WITH_KNOTS('',3,3,((#2008,#2009,#2010,#2011,#2012,
#2013,#2014,#2015,#2016,#2017,#2018,#2019,#2020,#2021,#2022),(#2023,#2024,
#2025,#2026,#2027,#2028,#2029,#2030,#2031,#2032,#2033,#2034,#2035,#2036,
#2037),(#2038,#2039,#2040,#2041,#2042,#2043,#2044,#2045,#2046,#2047,#2048,
#2049,#2050,#2051,#2052),(#2053,#2054,#2055,#2056,#2057,#2058,#2059,#2060,
#2061,#2062,#2063,#2064,#2065,#2066,#2067),(#2068,#2069,#2070,#2071,#2072,
#2073,#2074,#2075,#2076,#2077,#2078,#2079,#2080,#2081,#2082)),
 .UNSPECIFIED.,.F.,.F.,.F.,(4,1,4),(4,1,1,1,1,1,1,1,1,1,1,1,4),(0.,0.571428571428571,
1.),(0.,0.0428814074786041,0.0857628149572082,0.128644222435812,0.134004398370638,
0.139364574305463,0.150084926175114,0.160805278044765,0.171525629914416,
0.192966333653718,0.21440703739302,0.235847741132323,0.300169852350229),
 .UNSPECIFIED.);
#24=B_SPLINE_SURFACE_WITH_KNOTS('',3,3,((#2116,#2117,#2118,#2119,#2120),
(#2121,#2122,#2123,#2124,#2125),(#2126,#2127,#2128,#2129,#2130),(#2131,
#2132,#2133,#2134,#2135),(#2136,#2137,#2138,#2139,#2140)),.UNSPECIFIED.,
 .F.,.F.,.F.,(4,1,4),(4,1,4),(0.,0.5,1.),(0.0164676624076459,0.076592082951169,
0.136716503494692),.UNSPECIFIED.);
#25=B_SPLINE_SURFACE_WITH_KNOTS('',3,3,((#2154,#2155,#2156,#2157),(#2158,
#2159,#2160,#2161),(#2162,#2163,#2164,#2165),(#2166,#2167,#2168,#2169),
(#2170,#2171,#2172,#2173)),.UNSPECIFIED.,.F.,.F.,.F.,(4,1,4),(4,4),(0.,
0.5,1.),(3.91096905778889E-16,0.0144169103887576),.UNSPECIFIED.);
#26=B_SPLINE_SURFACE_WITH_KNOTS('',3,3,((#2182,#2183,#2184,#2185),(#2186,
#2187,#2188,#2189),(#2190,#2191,#2192,#2193),(#2194,#2195,#2196,#2197),
(#2198,#2199,#2200,#2201)),.UNSPECIFIED.,.F.,.F.,.F.,(4,1,4),(4,4),(0.,
0.5,1.),(2.88221879501346E-16,0.0144244603725323),.UNSPECIFIED.);
#27=B_SPLINE_SURFACE_WITH_KNOTS('',3,1,((#2212,#2213),(#2214,#2215),(#2216,
#2217),(#2218,#2219),(#2220,#2221),(#2222,#2223),(#2224,#2225),(#2226,#2227),
(#2228,#2229),(#2230,#2231),(#2232,#2233),(#2234,#2235)),.UNSPECIFIED.,
 .F.,.F.,.F.,(4,2,2,2,2,4),(2,2),(-0.236426278038726,-0.206309297145869,
-0.176199155420758,-0.117651810766694,-0.0589052988410225,0.),(0.,0.4),
 .UNSPECIFIED.);
#28=B_SPLINE_SURFACE_WITH_KNOTS('',3,1,((#2260,#2261),(#2262,#2263),(#2264,
#2265),(#2266,#2267),(#2268,#2269),(#2270,#2271),(#2272,#2273),(#2274,#2275),
(#2276,#2277),(#2278,#2279),(#2280,#2281),(#2282,#2283)),.UNSPECIFIED.,
 .F.,.F.,.F.,(4,2,2,2,2,4),(2,2),(-0.235653521185397,-0.205385242121113,
-0.175105259176694,-0.116854892776565,-0.058581372742454,0.),(0.,0.4),
 .UNSPECIFIED.);
#29=B_SPLINE_SURFACE_WITH_KNOTS('',3,1,((#2432,#2433),(#2434,#2435),(#2436,
#2437),(#2438,#2439),(#2440,#2441),(#2442,#2443),(#2444,#2445),(#2446,#2447),
(#2448,#2449),(#2450,#2451),(#2452,#2453),(#2454,#2455)),.UNSPECIFIED.,
 .F.,.F.,.F.,(4,2,2,2,2,4),(2,2),(-0.238847089539714,-0.208407544200649,
-0.1779566968053,-0.118368040336794,-0.0589456770294935,0.),(0.,0.4),
 .UNSPECIFIED.);
#30=B_SPLINE_SURFACE_WITH_KNOTS('',3,1,((#2489,#2490),(#2491,#2492),(#2493,
#2494),(#2495,#2496),(#2497,#2498),(#2499,#2500),(#2501,#2502),(#2503,#2504),
(#2505,#2506),(#2507,#2508)),.UNSPECIFIED.,.F.,.F.,.F.,(4,2,2,2,4),(2,2),
(-0.235528434931654,-0.175423207336983,-0.117250246619787,-0.0588770880250591,
0.),(0.,0.4),.UNSPECIFIED.);
#31=B_SPLINE_SURFACE_WITH_KNOTS('',3,3,((#2522,#2523,#2524,#2525),(#2526,
#2527,#2528,#2529),(#2530,#2531,#2532,#2533),(#2534,#2535,#2536,#2537),
(#2538,#2539,#2540,#2541),(#2542,#2543,#2544,#2545)),.UNSPECIFIED.,.F.,
 .F.,.F.,(4,1,1,4),(4,4),(0.,0.285714285714286,0.571428571428571,1.),(-0.0148121500575511,
2.31321310260432),.UNSPECIFIED.);
#32=B_SPLINE_SURFACE_WITH_KNOTS('',3,3,((#2554,#2555,#2556,#2557),(#2558,
#2559,#2560,#2561),(#2562,#2563,#2564,#2565),(#2566,#2567,#2568,#2569),
(#2570,#2571,#2572,#2573)),.UNSPECIFIED.,.F.,.F.,.F.,(4,1,4),(4,4),(0.138306744136628,
0.457313856891828,0.882656673898761),(0.,1.),.UNSPECIFIED.);
#33=B_SPLINE_SURFACE_WITH_KNOTS('',3,3,((#2579,#2580,#2581,#2582,#2583),
(#2584,#2585,#2586,#2587,#2588),(#2589,#2590,#2591,#2592,#2593),(#2594,
#2595,#2596,#2597,#2598),(#2599,#2600,#2601,#2602,#2603),(#2604,#2605,#2606,
#2607,#2608)),.UNSPECIFIED.,.F.,.F.,.F.,(4,1,1,4),(4,1,4),(0.,0.285714285714286,
0.571428571428571,1.),(-0.0152372121462363,1.31149785617458,2.30654915741519),
 .UNSPECIFIED.);
#34=B_SPLINE_SURFACE_WITH_KNOTS('',3,3,((#2614,#2615,#2616,#2617,#2618,
#2619,#2620,#2621,#2622,#2623,#2624,#2625),(#2626,#2627,#2628,#2629,#2630,
#2631,#2632,#2633,#2634,#2635,#2636,#2637),(#2638,#2639,#2640,#2641,#2642,
#2643,#2644,#2645,#2646,#2647,#2648,#2649),(#2650,#2651,#2652,#2653,#2654,
#2655,#2656,#2657,#2658,#2659,#2660,#2661),(#2662,#2663,#2664,#2665,#2666,
#2667,#2668,#2669,#2670,#2671,#2672,#2673)),.UNSPECIFIED.,.F.,.F.,.F.,(4,
1,4),(4,2,1,1,1,1,1,1,4),(0.,0.571428571428571,1.),(-0.00669275978847681,
0.,0.467607019980277,0.701410529970416,0.935214039960555,1.16901754995069,
1.40282105994083,1.87042807992111,2.33803509990139),.UNSPECIFIED.);
#35=B_SPLINE_SURFACE_WITH_KNOTS('',3,3,((#2698,#2699,#2700,#2701),(#2702,
#2703,#2704,#2705),(#2706,#2707,#2708,#2709),(#2710,#2711,#2712,#2713),
(#2714,#2715,#2716,#2717),(#2718,#2719,#2720,#2721),(#2722,#2723,#2724,
#2725)),.UNSPECIFIED.,.F.,.F.,.F.,(4,1,1,1,4),(4,4),(0.,0.285714285714286,
0.571428571428571,0.857142857142857,1.),(0.,1.),.UNSPECIFIED.);
#36=B_SPLINE_SURFACE_WITH_KNOTS('',3,3,((#2738,#2739,#2740,#2741,#2742,
#2743,#2744,#2745,#2746,#2747,#2748,#2749),(#2750,#2751,#2752,#2753,#2754,
#2755,#2756,#2757,#2758,#2759,#2760,#2761),(#2762,#2763,#2764,#2765,#2766,
#2767,#2768,#2769,#2770,#2771,#2772,#2773),(#2774,#2775,#2776,#2777,#2778,
#2779,#2780,#2781,#2782,#2783,#2784,#2785),(#2786,#2787,#2788,#2789,#2790,
#2791,#2792,#2793,#2794,#2795,#2796,#2797)),.UNSPECIFIED.,.F.,.F.,.F.,(4,
1,4),(4,2,1,1,1,1,1,1,4),(0.,0.571428571428571,1.),(-2.28892634974549,-2.28594453224386,
-1.59694540865201,-1.36727903412139,-0.90794628506016,-0.678279910529543,
-0.448613535998927,-0.21894716146831,0.0107192130623071),.UNSPECIFIED.);
#37=B_SPLINE_SURFACE_WITH_KNOTS('',3,3,((#2810,#2811,#2812,#2813),(#2814,
#2815,#2816,#2817),(#2818,#2819,#2820,#2821),(#2822,#2823,#2824,#2825),
(#2826,#2827,#2828,#2829),(#2830,#2831,#2832,#2833)),.UNSPECIFIED.,.F.,
 .F.,.F.,(4,2,4),(4,4),(0.249049065515298,0.645929128464372,1.),(0.,1.),
 .UNSPECIFIED.);
#38=ELLIPSE('',#1066,7.50000000000545,4.49999999999673);
#39=CONICAL_SURFACE('',#1061,2.875,0.785398163397448);
#40=CONICAL_SURFACE('',#1067,1.835,0.785398163397446);
#41=CONICAL_SURFACE('',#1074,1.835,0.785398163397446);
#42=FACE_BOUND('',#182,.T.);
#43=FACE_BOUND('',#183,.T.);
#44=FACE_BOUND('',#184,.T.);
#45=FACE_BOUND('',#185,.T.);
#46=FACE_BOUND('',#190,.T.);
#47=FACE_BOUND('',#197,.T.);
#48=B_SPLINE_CURVE_WITH_KNOTS('',3,(#1402,#1403,#1404,#1405,#1406,#1407,
#1408,#1409),.UNSPECIFIED.,.F.,.F.,(4,2,2,4),(0.,0.0419338866613856,0.0845673080489064,
0.124496536029872),.UNSPECIFIED.);
#49=B_SPLINE_CURVE_WITH_KNOTS('',3,(#1413,#1414,#1415,#1416,#1417,#1418,
#1419,#1420),.UNSPECIFIED.,.F.,.F.,(4,2,2,4),(0.,0.041128937176949,0.0837789655912751,
0.124314822273692),.UNSPECIFIED.);
#50=B_SPLINE_CURVE_WITH_KNOTS('',3,(#1450,#1451,#1452,#1453,#1454,#1455,
#1456,#1457,#1458,#1459,#1460,#1461,#1462,#1463,#1464,#1465,#1466,#1467,
#1468,#1469),.UNSPECIFIED.,.F.,.F.,(4,2,2,2,2,2,2,2,2,4),(0.126924460550845,
0.147042929739697,0.174716156366791,0.202141523475084,0.228108973633849,
0.232535589651168,0.235251317409149,0.236902164891766,0.237891843218668,
0.238098420349337),.UNSPECIFIED.);
#51=B_SPLINE_CURVE_WITH_KNOTS('',3,(#1472,#1473,#1474,#1475,#1476,#1477,
#1478,#1479,#1480,#1481,#1482,#1483,#1484,#1485),.UNSPECIFIED.,.F.,.F.,
(4,2,2,2,2,2,4),(0.243204284252138,0.243368980911009,0.25246991218828,0.299180006589821,
0.346477069535867,0.394535181115465,0.441055289044575),.UNSPECIFIED.);
#52=B_SPLINE_CURVE_WITH_KNOTS('',3,(#1499,#1500,#1501,#1502,#1503,#1504,
#1505,#1506,#1507,#1508,#1509,#1510),.UNSPECIFIED.,.F.,.F.,(4,2,2,2,2,4),
(0.00670034707148526,0.0281915224481646,0.0563830448963293,0.0795522267884573,
0.0911368177345213,0.102721408680585),.UNSPECIFIED.);
#53=B_SPLINE_CURVE_WITH_KNOTS('',3,(#1514,#1515,#1516,#1517,#1518,#1519,
#1520,#1521,#1522,#1523,#1524,#1525),.UNSPECIFIED.,.F.,.F.,(4,2,2,2,2,4),
(0.102721408680585,0.114305999626649,0.125890590572713,0.149059772464841,
0.177251294913006,0.198742470289685),.UNSPECIFIED.);
#54=B_SPLINE_CURVE_WITH_KNOTS('',3,(#1533,#1534,#1535,#1536,#1537,#1538,
#1539,#1540,#1541,#1542,#1543,#1544,#1545,#1546,#1547,#1548,#1549,#1550,
#1551,#1552,#1553,#1554,#1555,#1556,#1557,#1558,#1559,#1560,#1561,#1562,
#1563,#1564,#1565,#1566,#1567,#1568,#1569,#1570,#1571,#1572,#1573,#1574,
#1575,#1576,#1577,#1578,#1579,#1580,#1581,#1582,#1583,#1584,#1585,#1586,
#1587,#1588,#1589,#1590,#1591,#1592,#1593,#1594,#1595,#1596,#1597,#1598,
#1599),.UNSPECIFIED.,.F.,.F.,(4,3,3,3,3,3,3,3,3,3,3,3,3,3,3,3,3,3,3,3,3,
3,4),(0.,0.0178227915629858,0.0359927836046837,0.0542960105281275,0.0595205694039246,
0.0777811661300841,0.0960269214131134,0.113848026914867,0.118526319306802,
0.136725263654237,0.154712545563426,0.172836395172443,0.17696208207577,
0.195048639453323,0.213126635746382,0.227755180083115,0.235098485433886,
0.253029507499564,0.271179697503295,0.276913657666337,0.29508266717918,
0.313115947811182,0.318799398678932),.UNSPECIFIED.);
#55=B_SPLINE_CURVE_WITH_KNOTS('',3,(#1601,#1602,#1603,#1604,#1605),
 .UNSPECIFIED.,.F.,.F.,(4,1,4),(0.189010753045981,0.457313856891828,0.882656673898761),
 .UNSPECIFIED.);
#56=B_SPLINE_CURVE_WITH_KNOTS('',3,(#1607,#1608,#1609,#1610,#1611,#1612,
#1613,#1614,#1615,#1616,#1617,#1618,#1619,#1620,#1621,#1622,#1623,#1624,
#1625,#1626,#1627,#1628,#1629,#1630,#1631,#1632,#1633,#1634,#1635,#1636,
#1637,#1638,#1639,#1640,#1641,#1642,#1643,#1644,#1645,#1646,#1647,#1648,
#1649,#1650,#1651,#1652,#1653,#1654,#1655,#1656,#1657,#1658,#1659,#1660,
#1661,#1662,#1663,#1664,#1665,#1666,#1667,#1668,#1669,#1670,#1671,#1672,
#1673,#1674,#1675,#1676),.UNSPECIFIED.,.F.,.F.,(4,3,3,3,3,3,3,3,3,3,3,3,
3,3,3,3,3,3,3,3,3,3,3,4),(0.,0.0177764534952842,0.0359070910004125,0.0541754617062641,
0.058663786213871,0.0768922343168846,0.0951477879765213,0.113022331577124,
0.116947502506878,0.135133474798124,0.13663942340554,0.154592389751987,
0.172736766706164,0.175152720099097,0.193206490622333,0.211298293215566,
0.227762370532958,0.233616952649388,0.251565778340493,0.269734651159094,
0.276239655327182,0.294428131638004,0.312440402302563,0.318885647985746),
 .UNSPECIFIED.);
#57=B_SPLINE_CURVE_WITH_KNOTS('',3,(#1681,#1682,#1683,#1684,#1685,#1686),
 .UNSPECIFIED.,.F.,.F.,(4,2,4),(0.303395533533305,0.645929128464372,1.),
 .UNSPECIFIED.);
#58=B_SPLINE_CURVE_WITH_KNOTS('',3,(#1710,#1711,#1712,#1713,#1714,#1715,
#1716,#1717),.UNSPECIFIED.,.F.,.F.,(4,2,2,4),(0.927267202921794,1.00616560497304,
1.04561480599866,1.06993090492261),.UNSPECIFIED.);
#59=B_SPLINE_CURVE_WITH_KNOTS('',3,(#1720,#1721,#1722,#1723,#1724,#1725,
#1726,#1727),.UNSPECIFIED.,.F.,.F.,(4,2,2,4),(0.784603500920981,0.80891959984493,
0.848368800870551,0.927267202921794),.UNSPECIFIED.);
#60=B_SPLINE_CURVE_WITH_KNOTS('',3,(#1771,#1772,#1773,#1774,#1775,#1776),
 .UNSPECIFIED.,.F.,.F.,(4,1,1,4),(-0.189920545133851,-0.135657532238465,
-0.081394519343079,0.),.UNSPECIFIED.);
#61=B_SPLINE_CURVE_WITH_KNOTS('',3,(#1777,#1778,#1779,#1780,#1781,#1782),
 .UNSPECIFIED.,.F.,.F.,(4,1,1,4),(0.,0.081394519343079,0.135657532238465,
0.189920545133851),.UNSPECIFIED.);
#62=B_SPLINE_CURVE_WITH_KNOTS('',3,(#1822,#1823,#1824,#1825,#1826,#1827),
 .UNSPECIFIED.,.F.,.F.,(4,1,1,4),(-0.194273635666573,-0.0832601295713885,
-0.0555067530475923,-2.77555756156289E-17),.UNSPECIFIED.);
#63=B_SPLINE_CURVE_WITH_KNOTS('',3,(#1828,#1829,#1830,#1831,#1832,#1833),
 .UNSPECIFIED.,.F.,.F.,(4,1,1,4),(2.77555756156289E-17,0.0555067530475923,
0.0832601295713885,0.194273635666573),.UNSPECIFIED.);
#64=B_SPLINE_CURVE_WITH_KNOTS('',3,(#1907,#1908,#1909,#1910,#1911,#1912),
 .UNSPECIFIED.,.F.,.F.,(4,1,1,4),(-0.190356197783556,-0.0815812276215239,
-0.0543874850810159,0.),.UNSPECIFIED.);
#65=B_SPLINE_CURVE_WITH_KNOTS('',3,(#1913,#1914,#1915,#1916,#1917,#1918),
 .UNSPECIFIED.,.F.,.F.,(4,1,1,4),(0.,0.0543874850810159,0.0815812276215239,
0.190356197783556),.UNSPECIFIED.);
#66=B_SPLINE_CURVE_WITH_KNOTS('',3,(#1955,#1956,#1957,#1958,#1959,#1960),
 .UNSPECIFIED.,.F.,.F.,(4,1,1,4),(-0.191362472815136,-0.13668748058224,
-0.0820124883493442,-9.36717384037135E-17),.UNSPECIFIED.);
#67=B_SPLINE_CURVE_WITH_KNOTS('',3,(#1961,#1962,#1963,#1964,#1965,#1966),
 .UNSPECIFIED.,.F.,.F.,(4,1,1,4),(9.36717384037135E-17,0.0820124883493442,
0.13668748058224,0.191362472815136),.UNSPECIFIED.);
#68=B_SPLINE_CURVE_WITH_KNOTS('',3,(#1996,#1997,#1998,#1999,#2000),
 .UNSPECIFIED.,.F.,.F.,(4,1,4),(-0.120248841091588,-0.060124420545794,0.),
 .UNSPECIFIED.);
#69=B_SPLINE_CURVE_WITH_KNOTS('',3,(#2003,#2004,#2005,#2006,#2007),
 .UNSPECIFIED.,.F.,.F.,(4,1,4),(0.,0.060124420545794,0.120248841091588),
 .UNSPECIFIED.);
#70=B_SPLINE_CURVE_WITH_KNOTS('',3,(#2084,#2085,#2086,#2087,#2088,#2089,
#2090,#2091,#2092,#2093,#2094,#2095,#2096,#2097,#2098),.UNSPECIFIED.,.F.,
 .F.,(4,1,1,1,1,1,1,1,1,1,1,1,4),(-0.300169852350229,-0.235847741132323,
-0.21440703739302,-0.192966333653718,-0.171525629914416,-0.160805278044765,
-0.150084926175114,-0.139364574305463,-0.134004398370638,-0.128644222435812,
-0.0857628149572082,-0.0428814074786041,0.),.UNSPECIFIED.);
#71=B_SPLINE_CURVE_WITH_KNOTS('',3,(#2101,#2102,#2103,#2104,#2105,#2106,
#2107,#2108,#2109,#2110,#2111,#2112,#2113,#2114,#2115),.UNSPECIFIED.,.F.,
 .F.,(4,1,1,1,1,1,1,1,1,1,1,1,4),(0.,0.0428814074786041,0.0857628149572082,
0.128644222435812,0.134004398370638,0.139364574305463,0.150084926175114,
0.160805278044765,0.171525629914416,0.192966333653718,0.21440703739302,
0.235847741132323,0.300169852350229),.UNSPECIFIED.);
#72=B_SPLINE_CURVE_WITH_KNOTS('',3,(#2144,#2145,#2146,#2147,#2148),
 .UNSPECIFIED.,.F.,.F.,(4,1,4),(0.0164676624076459,0.076592082951169,0.136716503494692),
 .UNSPECIFIED.);
#73=B_SPLINE_CURVE_WITH_KNOTS('',3,(#2149,#2150,#2151,#2152,#2153),
 .UNSPECIFIED.,.F.,.F.,(4,1,4),(-0.136716503494692,-0.076592082951169,-0.0164676624076459),
 .UNSPECIFIED.);
#74=B_SPLINE_CURVE_WITH_KNOTS('',3,(#2174,#2175,#2176,#2177),
 .UNSPECIFIED.,.F.,.F.,(4,4),(-0.0144169103887576,-3.91096905778889E-16),
 .UNSPECIFIED.);
#75=B_SPLINE_CURVE_WITH_KNOTS('',3,(#2178,#2179,#2180,#2181),
 .UNSPECIFIED.,.F.,.F.,(4,4),(3.91096905778889E-16,0.0144169103887576),
 .UNSPECIFIED.);
#76=B_SPLINE_CURVE_WITH_KNOTS('',3,(#2202,#2203,#2204,#2205),
 .UNSPECIFIED.,.F.,.F.,(4,4),(-0.014424459786848,-2.88221879501346E-16),
 .UNSPECIFIED.);
#77=B_SPLINE_CURVE_WITH_KNOTS('',3,(#2206,#2207,#2208,#2209),
 .UNSPECIFIED.,.F.,.F.,(4,4),(2.88221879501346E-16,0.0144244597868488),
 .UNSPECIFIED.);
#78=B_SPLINE_CURVE_WITH_KNOTS('',3,(#2239,#2240,#2241,#2242,#2243,#2244,
#2245,#2246,#2247,#2248,#2249,#2250,#2251,#2252,#2253,#2254),
 .UNSPECIFIED.,.F.,.F.,(4,3,3,3,3,4),(0.,0.0589052988410225,0.117651810766694,
0.176199155420758,0.206309297145869,0.236426278038726),.UNSPECIFIED.);
#79=B_SPLINE_CURVE_WITH_KNOTS('',3,(#2286,#2287,#2288,#2289,#2290,#2291,
#2292,#2293,#2294,#2295,#2296,#2297,#2298,#2299,#2300,#2301),
 .UNSPECIFIED.,.F.,.F.,(4,3,3,3,3,4),(0.,0.058581372742454,0.116854892776565,
0.175105259176694,0.205385242121113,0.235653521185397),.UNSPECIFIED.);
#80=B_SPLINE_CURVE_WITH_KNOTS('',3,(#2306,#2307,#2308,#2309,#2310,#2311),
 .UNSPECIFIED.,.F.,.F.,(4,2,4),(0.,0.0284230062179159,0.0315870783781598),
 .UNSPECIFIED.);
#81=B_SPLINE_CURVE_WITH_KNOTS('',3,(#2315,#2316,#2317,#2318,#2319,#2320,
#2321,#2322,#2323,#2324,#2325,#2326),.UNSPECIFIED.,.F.,.F.,(4,2,2,2,2,4),
(0.0315870783781598,0.0403034196270528,0.0546275015445173,0.0577852364259007,
0.0589755952135754,0.0593093132936577),.UNSPECIFIED.);
#82=B_SPLINE_CURVE_WITH_KNOTS('',3,(#2333,#2334,#2335,#2336,#2337,#2338,
#2339,#2340),.UNSPECIFIED.,.F.,.F.,(4,2,2,4),(0.32670969951061,0.336020120054319,
0.359654878218201,0.383289636382083),.UNSPECIFIED.);
#83=B_SPLINE_CURVE_WITH_KNOTS('',3,(#2342,#2343,#2344,#2345,#2346,#2347,
#2348,#2349),.UNSPECIFIED.,.F.,.F.,(4,2,2,4),(0.383289636382083,0.406924394545965,
0.430559152709847,0.439869573253556),.UNSPECIFIED.);
#84=B_SPLINE_CURVE_WITH_KNOTS('',3,(#2353,#2354,#2355,#2356,#2357,#2358,
#2359,#2360),.UNSPECIFIED.,.F.,.F.,(4,2,2,4),(0.32670969951061,0.336020120054319,
0.359654878218201,0.383289636382083),.UNSPECIFIED.);
#85=B_SPLINE_CURVE_WITH_KNOTS('',3,(#2362,#2363,#2364,#2365,#2366,#2367,
#2368,#2369),.UNSPECIFIED.,.F.,.F.,(4,2,2,4),(0.383289636382083,0.406924394545965,
0.430559152709847,0.439869573253556),.UNSPECIFIED.);
#86=B_SPLINE_CURVE_WITH_KNOTS('',3,(#2391,#2392,#2393,#2394,#2395,#2396,
#2397,#2398,#2399,#2400,#2401,#2402,#2403,#2404,#2405),.UNSPECIFIED.,.F.,
 .F.,(4,2,2,3,2,2,4),(0.326709699510611,0.336020120054319,0.359654878218201,
0.383289636382083,0.406924394545965,0.430559152709847,0.439869573253555),
 .UNSPECIFIED.);
#87=B_SPLINE_CURVE_WITH_KNOTS('',3,(#2406,#2407,#2408,#2409,#2410,#2411,
#2412,#2413,#2414,#2415,#2416,#2417,#2418,#2419,#2420),.UNSPECIFIED.,.F.,
 .F.,(4,2,2,3,2,2,4),(0.326709699510611,0.33602012005432,0.359654878218201,
0.383289636382083,0.406924394545965,0.430559152709847,0.439869573253555),
 .UNSPECIFIED.);
#88=B_SPLINE_CURVE_WITH_KNOTS('',3,(#2457,#2458,#2459,#2460,#2461,#2462,
#2463,#2464,#2465,#2466),.UNSPECIFIED.,.F.,.F.,(4,3,3,4),(0.124611883724301,
0.1779566968053,0.208407544200649,0.238847089539714),.UNSPECIFIED.);
#89=B_SPLINE_CURVE_WITH_KNOTS('',3,(#2468,#2469,#2470,#2471,#2472,#2473,
#2474,#2475,#2476,#2477),.UNSPECIFIED.,.F.,.F.,(4,3,3,4),(0.,0.0589456770294935,
0.118368040336794,0.124611883724301),.UNSPECIFIED.);
#90=B_SPLINE_CURVE_WITH_KNOTS('',3,(#2509,#2510,#2511,#2512,#2513,#2514,
#2515,#2516,#2517,#2518,#2519,#2520,#2521),.UNSPECIFIED.,.F.,.F.,(4,3,3,
3,4),(0.,0.0588770880250591,0.117250246619787,0.175423207336983,0.235528434931654),
 .UNSPECIFIED.);
#91=B_SPLINE_CURVE_WITH_KNOTS('',3,(#2546,#2547,#2548,#2549),
 .UNSPECIFIED.,.F.,.F.,(4,4),(-2.31321310260432,-1.34804926496653E-8),
 .UNSPECIFIED.);
#92=B_SPLINE_CURVE_WITH_KNOTS('',3,(#2550,#2551,#2552,#2553),
 .UNSPECIFIED.,.F.,.F.,(4,4),(-0.00812051323388092,2.30929687661846),
 .UNSPECIFIED.);
#93=B_SPLINE_CURVE_WITH_KNOTS('',3,(#2574,#2575,#2576,#2577,#2578),
 .UNSPECIFIED.,.F.,.F.,(4,1,4),(1.56461430692769E-8,1.31149785617458,2.30646784948943),
 .UNSPECIFIED.);
#94=B_SPLINE_CURVE_WITH_KNOTS('',3,(#2609,#2610,#2611,#2612,#2613),
 .UNSPECIFIED.,.F.,.F.,(4,1,4),(-2.30654915741519,-1.31149785617458,0.0107507803945331),
 .UNSPECIFIED.);
#95=B_SPLINE_CURVE_WITH_KNOTS('',3,(#2674,#2675,#2676,#2677,#2678,#2679,
#2680,#2681,#2682,#2683,#2684,#2685),.UNSPECIFIED.,.F.,.F.,(4,1,1,1,1,1,
1,2,4),(-2.33803509990139,-1.87042807992111,-1.40282105994083,-1.16901754995069,
-0.935214039960555,-0.701410529970416,-0.467607019980277,0.,0.00669245988561805),
 .UNSPECIFIED.);
#96=B_SPLINE_CURVE_WITH_KNOTS('',3,(#2686,#2687,#2688,#2689,#2690,#2691,
#2692,#2693,#2694,#2695,#2696,#2697),.UNSPECIFIED.,.F.,.F.,(4,2,1,1,1,1,
1,1,4),(-0.00669245482659387,0.,0.467607019980277,0.701410529970416,0.935214039960555,
1.16901754995069,1.40282105994083,1.87042807992111,2.31141903497233),
 .UNSPECIFIED.);
#97=B_SPLINE_CURVE_WITH_KNOTS('',3,(#2726,#2727,#2728,#2729,#2730,#2731,
#2732,#2733,#2734,#2735,#2736,#2737),.UNSPECIFIED.,.F.,.F.,(4,2,1,1,1,1,
1,1,4),(-2.28892634974549,-2.28594453224386,-1.59694540865201,-1.36727903412139,
-0.90794628506016,-0.678279910529543,-0.448613535998927,-0.21894716146831,
0.0107192130623071),.UNSPECIFIED.);
#98=B_SPLINE_CURVE_WITH_KNOTS('',3,(#2798,#2799,#2800,#2801,#2802,#2803,
#2804,#2805,#2806,#2807,#2808,#2809),.UNSPECIFIED.,.F.,.F.,(4,1,1,1,1,1,
1,2,4),(-1.42358591758044E-8,0.21894716146831,0.448613535998927,0.678279910529543,
0.90794628506016,1.36727903412139,1.59694540865201,2.28594453224386,2.28892634974549),
 .UNSPECIFIED.);
#99=(
BOUNDED_SURFACE()
B_SPLINE_SURFACE(2,2,((#1379,#1380,#1381,#1382,#1383,#1384,#1385),(#1386,
#1387,#1388,#1389,#1390,#1391,#1392),(#1393,#1394,#1395,#1396,#1397,#1398,
#1399)),.UNSPECIFIED.,.F.,.F.,.F.)
B_SPLINE_SURFACE_WITH_KNOTS((3,3),(3,2,2,3),(-1.12601071942152,0.),(-1.7866583741287,
-0.595552791376234,0.595552791376233,1.7866583741287),.UNSPECIFIED.)
GEOMETRIC_REPRESENTATION_ITEM()
RATIONAL_B_SPLINE_SURFACE(((1.,0.827838527917476,1.,0.827838527917476,1.,
0.827838527917476,1.),(0.845654881538028,0.700065692258669,0.845654881538028,
0.700065692258669,0.845654881538028,0.700065692258669,0.845654881538028),
(1.,0.827838527917476,1.,0.827838527917476,1.,0.827838527917476,1.)))
REPRESENTATION_ITEM('')
SURFACE()
);
#100=(
BOUNDED_SURFACE()
B_SPLINE_SURFACE(2,2,((#1428,#1429,#1430,#1431,#1432,#1433,#1434),(#1435,
#1436,#1437,#1438,#1439,#1440,#1441),(#1442,#1443,#1444,#1445,#1446,#1447,
#1448)),.UNSPECIFIED.,.F.,.F.,.F.)
B_SPLINE_SURFACE_WITH_KNOTS((3,3),(3,2,2,3),(0.,1.5707963267949),(-1.7866583741287,
-0.595552791376233,0.595552791376234,1.7866583741287),.UNSPECIFIED.)
GEOMETRIC_REPRESENTATION_ITEM()
RATIONAL_B_SPLINE_SURFACE(((1.,0.827838527917476,1.,0.827838527917476,1.,
0.827838527917476,1.),(0.707106781186542,0.585370236817931,0.707106781186542,
0.585370236817931,0.707106781186542,0.585370236817931,0.707106781186542),
(1.,0.827838527917476,1.,0.827838527917476,1.,0.827838527917476,1.)))
REPRESENTATION_ITEM('')
SURFACE()
);
#101=PLANE('',#1048);
#102=PLANE('',#1054);
#103=PLANE('',#1065);
#104=PLANE('',#1073);
#105=PLANE('',#1079);
#106=PLANE('',#1111);
#107=PLANE('',#1112);
#108=PLANE('',#1117);
#109=PLANE('',#1121);
#110=PLANE('',#1128);
#111=PLANE('',#1129);
#112=PLANE('',#1130);
#113=PLANE('',#1131);
#114=PLANE('',#1135);
#115=FACE_OUTER_BOUND('',#176,.T.);
#116=FACE_OUTER_BOUND('',#177,.T.);
#117=FACE_OUTER_BOUND('',#178,.T.);
#118=FACE_OUTER_BOUND('',#179,.T.);
#119=FACE_OUTER_BOUND('',#180,.T.);
#120=FACE_OUTER_BOUND('',#181,.T.);
#121=FACE_OUTER_BOUND('',#186,.T.);
#122=FACE_OUTER_BOUND('',#187,.T.);
#123=FACE_OUTER_BOUND('',#188,.T.);
#124=FACE_OUTER_BOUND('',#189,.T.);
#125=FACE_OUTER_BOUND('',#191,.T.);
#126=FACE_OUTER_BOUND('',#192,.T.);
#127=FACE_OUTER_BOUND('',#193,.T.);
#128=FACE_OUTER_BOUND('',#194,.T.);
#129=FACE_OUTER_BOUND('',#195,.T.);
#130=FACE_OUTER_BOUND('',#196,.T.);
#131=FACE_OUTER_BOUND('',#198,.T.);
#132=FACE_OUTER_BOUND('',#199,.T.);
#133=FACE_OUTER_BOUND('',#200,.T.);
#134=FACE_OUTER_BOUND('',#201,.T.);
#135=FACE_OUTER_BOUND('',#202,.T.);
#136=FACE_OUTER_BOUND('',#203,.T.);
#137=FACE_OUTER_BOUND('',#204,.T.);
#138=FACE_OUTER_BOUND('',#205,.T.);
#139=FACE_OUTER_BOUND('',#206,.T.);
#140=FACE_OUTER_BOUND('',#207,.T.);
#141=FACE_OUTER_BOUND('',#208,.T.);
#142=FACE_OUTER_BOUND('',#209,.T.);
#143=FACE_OUTER_BOUND('',#210,.T.);
#144=FACE_OUTER_BOUND('',#211,.T.);
#145=FACE_OUTER_BOUND('',#212,.T.);
#146=FACE_OUTER_BOUND('',#213,.T.);
#147=FACE_OUTER_BOUND('',#214,.T.);
#148=FACE_OUTER_BOUND('',#215,.T.);
#149=FACE_OUTER_BOUND('',#216,.T.);
#150=FACE_OUTER_BOUND('',#217,.T.);
#151=FACE_OUTER_BOUND('',#218,.T.);
#152=FACE_OUTER_BOUND('',#219,.T.);
#153=FACE_OUTER_BOUND('',#220,.T.);
#154=FACE_OUTER_BOUND('',#221,.T.);
#155=FACE_OUTER_BOUND('',#222,.T.);
#156=FACE_OUTER_BOUND('',#223,.T.);
#157=FACE_OUTER_BOUND('',#224,.T.);
#158=FACE_OUTER_BOUND('',#225,.T.);
#159=FACE_OUTER_BOUND('',#226,.T.);
#160=FACE_OUTER_BOUND('',#227,.T.);
#161=FACE_OUTER_BOUND('',#228,.T.);
#162=FACE_OUTER_BOUND('',#229,.T.);
#163=FACE_OUTER_BOUND('',#230,.T.);
#164=FACE_OUTER_BOUND('',#231,.T.);
#165=FACE_OUTER_BOUND('',#232,.T.);
#166=FACE_OUTER_BOUND('',#233,.T.);
#167=FACE_OUTER_BOUND('',#234,.T.);
#168=FACE_OUTER_BOUND('',#235,.T.);
#169=FACE_OUTER_BOUND('',#236,.T.);
#170=FACE_OUTER_BOUND('',#237,.T.);
#171=FACE_OUTER_BOUND('',#238,.T.);
#172=FACE_OUTER_BOUND('',#239,.T.);
#173=FACE_OUTER_BOUND('',#240,.T.);
#174=FACE_OUTER_BOUND('',#241,.T.);
#175=FACE_OUTER_BOUND('',#242,.T.);
#176=EDGE_LOOP('',(#643,#644,#645,#646));
#177=EDGE_LOOP('',(#647));
#178=EDGE_LOOP('',(#648,#649,#650,#651));
#179=EDGE_LOOP('',(#652,#653,#654,#655));
#180=EDGE_LOOP('',(#656,#657,#658,#659));
#181=EDGE_LOOP('',(#660,#661));
#182=EDGE_LOOP('',(#662));
#183=EDGE_LOOP('',(#663));
#184=EDGE_LOOP('',(#664));
#185=EDGE_LOOP('',(#665));
#186=EDGE_LOOP('',(#666,#667,#668,#669,#670));
#187=EDGE_LOOP('',(#671,#672,#673,#674));
#188=EDGE_LOOP('',(#675,#676,#677,#678,#679,#680,#681,#682,#683,#684));
#189=EDGE_LOOP('',(#685,#686,#687,#688,#689,#690));
#190=EDGE_LOOP('',(#691));
#191=EDGE_LOOP('',(#692,#693,#694,#695));
#192=EDGE_LOOP('',(#696,#697,#698,#699,#700));
#193=EDGE_LOOP('',(#701));
#194=EDGE_LOOP('',(#702,#703,#704,#705));
#195=EDGE_LOOP('',(#706,#707,#708,#709,#710,#711));
#196=EDGE_LOOP('',(#712));
#197=EDGE_LOOP('',(#713));
#198=EDGE_LOOP('',(#714,#715,#716,#717));
#199=EDGE_LOOP('',(#718,#719,#720,#721));
#200=EDGE_LOOP('',(#722,#723,#724,#725));
#201=EDGE_LOOP('',(#726,#727,#728,#729));
#202=EDGE_LOOP('',(#730,#731,#732,#733));
#203=EDGE_LOOP('',(#734,#735,#736,#737));
#204=EDGE_LOOP('',(#738,#739,#740,#741,#742,#743,#744));
#205=EDGE_LOOP('',(#745,#746,#747,#748));
#206=EDGE_LOOP('',(#749,#750,#751,#752));
#207=EDGE_LOOP('',(#753,#754,#755,#756));
#208=EDGE_LOOP('',(#757,#758,#759,#760));
#209=EDGE_LOOP('',(#761,#762,#763,#764));
#210=EDGE_LOOP('',(#765,#766,#767,#768));
#211=EDGE_LOOP('',(#769,#770,#771,#772));
#212=EDGE_LOOP('',(#773,#774,#775,#776));
#213=EDGE_LOOP('',(#777,#778,#779,#780));
#214=EDGE_LOOP('',(#781,#782,#783,#784));
#215=EDGE_LOOP('',(#785,#786,#787,#788));
#216=EDGE_LOOP('',(#789,#790,#791,#792,#793,#794,#795));
#217=EDGE_LOOP('',(#796,#797,#798,#799));
#218=EDGE_LOOP('',(#800,#801,#802,#803));
#219=EDGE_LOOP('',(#804,#805,#806,#807));
#220=EDGE_LOOP('',(#808,#809,#810,#811,#812,#813,#814,#815,#816,#817,#818,
#819,#820));
#221=EDGE_LOOP('',(#821,#822,#823,#824));
#222=EDGE_LOOP('',(#825,#826,#827,#828,#829,#830,#831,#832,#833,#834));
#223=EDGE_LOOP('',(#835,#836,#837,#838,#839,#840));
#224=EDGE_LOOP('',(#841,#842,#843,#844,#845,#846,#847,#848,#849,#850,#851,
#852,#853,#854));
#225=EDGE_LOOP('',(#855,#856,#857,#858,#859,#860,#861,#862));
#226=EDGE_LOOP('',(#863,#864,#865,#866));
#227=EDGE_LOOP('',(#867,#868,#869,#870,#871,#872,#873,#874,#875,#876,#877));
#228=EDGE_LOOP('',(#878,#879,#880,#881,#882,#883,#884));
#229=EDGE_LOOP('',(#885,#886,#887,#888,#889));
#230=EDGE_LOOP('',(#890,#891,#892,#893));
#231=EDGE_LOOP('',(#894,#895,#896,#897,#898,#899));
#232=EDGE_LOOP('',(#900,#901,#902,#903,#904,#905));
#233=EDGE_LOOP('',(#906,#907,#908,#909,#910,#911));
#234=EDGE_LOOP('',(#912,#913,#914,#915));
#235=EDGE_LOOP('',(#916,#917,#918,#919));
#236=EDGE_LOOP('',(#920,#921,#922,#923,#924,#925,#926));
#237=EDGE_LOOP('',(#927,#928,#929,#930));
#238=EDGE_LOOP('',(#931,#932,#933,#934));
#239=EDGE_LOOP('',(#935,#936,#937,#938,#939));
#240=EDGE_LOOP('',(#940,#941,#942));
#241=EDGE_LOOP('',(#943,#944,#945,#946));
#242=EDGE_LOOP('',(#947,#948,#949,#950));
#243=LINE('',#1376,#294);
#244=LINE('',#1424,#295);
#245=LINE('',#1427,#296);
#246=LINE('',#1511,#297);
#247=LINE('',#1513,#298);
#248=LINE('',#1678,#299);
#249=LINE('',#1691,#300);
#250=LINE('',#1695,#301);
#251=LINE('',#1704,#302);
#252=LINE('',#1708,#303);
#253=LINE('',#1734,#304);
#254=LINE('',#1737,#305);
#255=LINE('',#1787,#306);
#256=LINE('',#1788,#307);
#257=LINE('',#1838,#308);
#258=LINE('',#1839,#309);
#259=LINE('',#1847,#310);
#260=LINE('',#1849,#311);
#261=LINE('',#1852,#312);
#262=LINE('',#1863,#313);
#263=LINE('',#1864,#314);
#264=LINE('',#1870,#315);
#265=LINE('',#1873,#316);
#266=LINE('',#1923,#317);
#267=LINE('',#1924,#318);
#268=LINE('',#2211,#319);
#269=LINE('',#2237,#320);
#270=LINE('',#2255,#321);
#271=LINE('',#2258,#322);
#272=LINE('',#2259,#323);
#273=LINE('',#2285,#324);
#274=LINE('',#2328,#325);
#275=LINE('',#2331,#326);
#276=LINE('',#2351,#327);
#277=LINE('',#2370,#328);
#278=LINE('',#2371,#329);
#279=LINE('',#2373,#330);
#280=LINE('',#2377,#331);
#281=LINE('',#2383,#332);
#282=LINE('',#2388,#333);
#283=LINE('',#2423,#334);
#284=LINE('',#2424,#335);
#285=LINE('',#2427,#336);
#286=LINE('',#2429,#337);
#287=LINE('',#2430,#338);
#288=LINE('',#2478,#339);
#289=LINE('',#2481,#340);
#290=LINE('',#2482,#341);
#291=LINE('',#2484,#342);
#292=LINE('',#2486,#343);
#293=LINE('',#2488,#344);
#294=VECTOR('',#1142,1.25);
#295=VECTOR('',#1153,10.);
#296=VECTOR('',#1156,10.);
#297=VECTOR('',#1173,10.);
#298=VECTOR('',#1174,10.);
#299=VECTOR('',#1185,10.);
#300=VECTOR('',#1192,1.835);
#301=VECTOR('',#1197,1.96);
#302=VECTOR('',#1208,1.835);
#303=VECTOR('',#1213,1.96);
#304=VECTOR('',#1222,10.);
#305=VECTOR('',#1225,10.);
#306=VECTOR('',#1232,10.);
#307=VECTOR('',#1233,10.);
#308=VECTOR('',#1240,10.);
#309=VECTOR('',#1241,10.);
#310=VECTOR('',#1252,10.);
#311=VECTOR('',#1253,10.);
#312=VECTOR('',#1256,10.);
#313=VECTOR('',#1269,10.);
#314=VECTOR('',#1270,10.);
#315=VECTOR('',#1275,10.);
#316=VECTOR('',#1278,10.);
#317=VECTOR('',#1285,10.);
#318=VECTOR('',#1286,10.);
#319=VECTOR('',#1297,10.);
#320=VECTOR('',#1298,10.);
#321=VECTOR('',#1299,10.);
#322=VECTOR('',#1302,10.);
#323=VECTOR('',#1303,10.);
#324=VECTOR('',#1304,10.);
#325=VECTOR('',#1315,10.);
#326=VECTOR('',#1318,10.);
#327=VECTOR('',#1319,10.);
#328=VECTOR('',#1320,10.);
#329=VECTOR('',#1321,10.);
#330=VECTOR('',#1324,0.625);
#331=VECTOR('',#1329,10.);
#332=VECTOR('',#1334,10.);
#333=VECTOR('',#1339,10.);
#334=VECTOR('',#1346,10.);
#335=VECTOR('',#1347,10.);
#336=VECTOR('',#1350,10.);
#337=VECTOR('',#1351,10.);
#338=VECTOR('',#1352,10.);
#339=VECTOR('',#1355,10.);
#340=VECTOR('',#1358,10.);
#341=VECTOR('',#1359,10.);
#342=VECTOR('',#1362,0.625);
#343=VECTOR('',#1365,0.625);
#344=VECTOR('',#1368,0.625);
#345=CIRCLE('',#1046,1.25);
#346=CIRCLE('',#1047,1.25);
#347=CIRCLE('',#1049,0.5);
#348=CIRCLE('',#1050,1.125);
#349=CIRCLE('',#1052,1.125);
#350=CIRCLE('',#1053,0.0279999999999998);
#351=CIRCLE('',#1055,2.625);
#352=CIRCLE('',#1056,0.625);
#353=CIRCLE('',#1057,0.625);
#354=CIRCLE('',#1058,0.625);
#355=CIRCLE('',#1059,0.625);
#356=CIRCLE('',#1062,3.125);
#357=CIRCLE('',#1063,2.625);
#358=CIRCLE('',#1068,1.71);
#359=CIRCLE('',#1069,1.96);
#360=CIRCLE('',#1071,1.96);
#361=CIRCLE('',#1072,1.96);
#362=CIRCLE('',#1075,1.71);
#363=CIRCLE('',#1076,1.96);
#364=CIRCLE('',#1078,1.96);
#365=CIRCLE('',#1081,0.5);
#366=CIRCLE('',#1082,0.500000000000002);
#367=CIRCLE('',#1083,0.499999999999997);
#368=CIRCLE('',#1085,0.500000000000003);
#369=CIRCLE('',#1086,0.499999999999998);
#370=CIRCLE('',#1088,0.499999999999998);
#371=CIRCLE('',#1090,0.500000000000003);
#372=CIRCLE('',#1091,1.5);
#373=CIRCLE('',#1092,2.);
#374=CIRCLE('',#1094,0.499999999999998);
#375=CIRCLE('',#1096,0.5);
#376=CIRCLE('',#1097,1.5);
#377=CIRCLE('',#1098,2.);
#378=CIRCLE('',#1100,0.499999999999999);
#379=CIRCLE('',#1102,0.5);
#380=CIRCLE('',#1103,0.499999999999999);
#381=CIRCLE('',#1104,0.5);
#382=CIRCLE('',#1106,0.499999999999999);
#383=CIRCLE('',#1107,0.5);
#384=CIRCLE('',#1108,0.499999999999998);
#385=CIRCLE('',#1109,0.499999999999998);
#386=CIRCLE('',#1110,0.499999999999999);
#387=CIRCLE('',#1114,0.7);
#388=CIRCLE('',#1115,2.66);
#389=CIRCLE('',#1116,2.66);
#390=CIRCLE('',#1120,0.625);
#391=CIRCLE('',#1122,0.625);
#392=CIRCLE('',#1123,0.625);
#393=CIRCLE('',#1124,0.625);
#394=CIRCLE('',#1125,0.625);
#395=CIRCLE('',#1126,0.625);
#396=VERTEX_POINT('',#1373);
#397=VERTEX_POINT('',#1375);
#398=VERTEX_POINT('',#1400);
#399=VERTEX_POINT('',#1401);
#400=VERTEX_POINT('',#1410);
#401=VERTEX_POINT('',#1412);
#402=VERTEX_POINT('',#1423);
#403=VERTEX_POINT('',#1425);
#404=VERTEX_POINT('',#1449);
#405=VERTEX_POINT('',#1470);
#406=VERTEX_POINT('',#1488);
#407=VERTEX_POINT('',#1490);
#408=VERTEX_POINT('',#1492);
#409=VERTEX_POINT('',#1494);
#410=VERTEX_POINT('',#1497);
#411=VERTEX_POINT('',#1498);
#412=VERTEX_POINT('',#1512);
#413=VERTEX_POINT('',#1531);
#414=VERTEX_POINT('',#1532);
#415=VERTEX_POINT('',#1600);
#416=VERTEX_POINT('',#1606);
#417=VERTEX_POINT('',#1677);
#418=VERTEX_POINT('',#1679);
#419=VERTEX_POINT('',#1688);
#420=VERTEX_POINT('',#1690);
#421=VERTEX_POINT('',#1694);
#422=VERTEX_POINT('',#1696);
#423=VERTEX_POINT('',#1701);
#424=VERTEX_POINT('',#1703);
#425=VERTEX_POINT('',#1707);
#426=VERTEX_POINT('',#1709);
#427=VERTEX_POINT('',#1718);
#428=VERTEX_POINT('',#1730);
#429=VERTEX_POINT('',#1731);
#430=VERTEX_POINT('',#1733);
#431=VERTEX_POINT('',#1735);
#432=VERTEX_POINT('',#1768);
#433=VERTEX_POINT('',#1769);
#434=VERTEX_POINT('',#1784);
#435=VERTEX_POINT('',#1785);
#436=VERTEX_POINT('',#1819);
#437=VERTEX_POINT('',#1820);
#438=VERTEX_POINT('',#1835);
#439=VERTEX_POINT('',#1836);
#440=VERTEX_POINT('',#1841);
#441=VERTEX_POINT('',#1842);
#442=VERTEX_POINT('',#1848);
#443=VERTEX_POINT('',#1850);
#444=VERTEX_POINT('',#1854);
#445=VERTEX_POINT('',#1855);
#446=VERTEX_POINT('',#1860);
#447=VERTEX_POINT('',#1861);
#448=VERTEX_POINT('',#1866);
#449=VERTEX_POINT('',#1867);
#450=VERTEX_POINT('',#1869);
#451=VERTEX_POINT('',#1871);
#452=VERTEX_POINT('',#1904);
#453=VERTEX_POINT('',#1905);
#454=VERTEX_POINT('',#1920);
#455=VERTEX_POINT('',#1921);
#456=VERTEX_POINT('',#1992);
#457=VERTEX_POINT('',#1993);
#458=VERTEX_POINT('',#1995);
#459=VERTEX_POINT('',#2001);
#460=VERTEX_POINT('',#2083);
#461=VERTEX_POINT('',#2099);
#462=VERTEX_POINT('',#2141);
#463=VERTEX_POINT('',#2142);
#464=VERTEX_POINT('',#2236);
#465=VERTEX_POINT('',#2238);
#466=VERTEX_POINT('',#2257);
#467=VERTEX_POINT('',#2284);
#468=VERTEX_POINT('',#2303);
#469=VERTEX_POINT('',#2305);
#470=VERTEX_POINT('',#2313);
#471=VERTEX_POINT('',#2330);
#472=VERTEX_POINT('',#2332);
#473=VERTEX_POINT('',#2341);
#474=VERTEX_POINT('',#2350);
#475=VERTEX_POINT('',#2352);
#476=VERTEX_POINT('',#2361);
#477=VERTEX_POINT('',#2376);
#478=VERTEX_POINT('',#2378);
#479=VERTEX_POINT('',#2380);
#480=VERTEX_POINT('',#2382);
#481=VERTEX_POINT('',#2384);
#482=VERTEX_POINT('',#2386);
#483=VERTEX_POINT('',#2422);
#484=VERTEX_POINT('',#2426);
#485=VERTEX_POINT('',#2428);
#486=VERTEX_POINT('',#2456);
#487=VERTEX_POINT('',#2467);
#488=VERTEX_POINT('',#2480);
#489=EDGE_CURVE('',#396,#396,#345,.T.);
#490=EDGE_CURVE('',#396,#397,#243,.T.);
#491=EDGE_CURVE('',#397,#397,#346,.T.);
#492=EDGE_CURVE('',#398,#399,#48,.T.);
#493=EDGE_CURVE('',#399,#400,#347,.T.);
#494=EDGE_CURVE('',#401,#400,#49,.F.);
#495=EDGE_CURVE('',#401,#398,#348,.T.);
#496=EDGE_CURVE('',#402,#401,#244,.T.);
#497=EDGE_CURVE('',#403,#402,#349,.T.);
#498=EDGE_CURVE('',#398,#403,#245,.T.);
#499=EDGE_CURVE('',#402,#404,#50,.T.);
#500=EDGE_CURVE('',#404,#405,#350,.T.);
#501=EDGE_CURVE('',#405,#403,#51,.T.);
#502=EDGE_CURVE('',#405,#404,#351,.T.);
#503=EDGE_CURVE('',#406,#406,#352,.T.);
#504=EDGE_CURVE('',#407,#407,#353,.T.);
#505=EDGE_CURVE('',#408,#408,#354,.T.);
#506=EDGE_CURVE('',#409,#409,#355,.T.);
#507=EDGE_CURVE('',#410,#411,#52,.T.);
#508=EDGE_CURVE('',#400,#410,#246,.T.);
#509=EDGE_CURVE('',#412,#399,#247,.T.);
#510=EDGE_CURVE('',#411,#412,#53,.T.);
#511=EDGE_CURVE('',#411,#411,#356,.T.);
#512=EDGE_CURVE('',#412,#410,#357,.T.);
#513=EDGE_CURVE('',#413,#414,#54,.T.);
#514=EDGE_CURVE('',#415,#413,#55,.T.);
#515=EDGE_CURVE('',#416,#415,#56,.T.);
#516=EDGE_CURVE('',#417,#416,#248,.T.);
#517=EDGE_CURVE('',#418,#417,#38,.T.);
#518=EDGE_CURVE('',#414,#418,#57,.T.);
#519=EDGE_CURVE('',#419,#419,#358,.T.);
#520=EDGE_CURVE('',#419,#420,#249,.T.);
#521=EDGE_CURVE('',#420,#420,#359,.T.);
#522=EDGE_CURVE('',#420,#421,#250,.T.);
#523=EDGE_CURVE('',#422,#421,#360,.T.);
#524=EDGE_CURVE('',#421,#422,#361,.T.);
#525=EDGE_CURVE('',#423,#423,#362,.T.);
#526=EDGE_CURVE('',#423,#424,#251,.T.);
#527=EDGE_CURVE('',#424,#424,#363,.T.);
#528=EDGE_CURVE('',#424,#425,#252,.T.);
#529=EDGE_CURVE('',#425,#426,#58,.T.);
#530=EDGE_CURVE('',#427,#426,#364,.T.);
#531=EDGE_CURVE('',#427,#425,#59,.T.);
#532=EDGE_CURVE('',#428,#429,#365,.T.);
#533=EDGE_CURVE('',#429,#430,#253,.T.);
#534=EDGE_CURVE('',#430,#431,#366,.T.);
#535=EDGE_CURVE('',#431,#428,#254,.T.);
#536=EDGE_CURVE('',#432,#433,#367,.T.);
#537=EDGE_CURVE('',#433,#431,#60,.T.);
#538=EDGE_CURVE('',#430,#432,#61,.T.);
#539=EDGE_CURVE('',#434,#435,#368,.T.);
#540=EDGE_CURVE('',#435,#433,#255,.T.);
#541=EDGE_CURVE('',#432,#434,#256,.T.);
#542=EDGE_CURVE('',#436,#437,#369,.T.);
#543=EDGE_CURVE('',#437,#435,#62,.T.);
#544=EDGE_CURVE('',#434,#436,#63,.T.);
#545=EDGE_CURVE('',#438,#439,#370,.T.);
#546=EDGE_CURVE('',#439,#437,#257,.T.);
#547=EDGE_CURVE('',#436,#438,#258,.T.);
#548=EDGE_CURVE('',#440,#441,#371,.T.);
#549=EDGE_CURVE('',#441,#439,#372,.T.);
#550=EDGE_CURVE('',#438,#440,#373,.T.);
#551=EDGE_CURVE('',#427,#441,#259,.T.);
#552=EDGE_CURVE('',#440,#442,#260,.T.);
#553=EDGE_CURVE('',#442,#443,#374,.T.);
#554=EDGE_CURVE('',#443,#426,#261,.T.);
#555=EDGE_CURVE('',#444,#445,#375,.T.);
#556=EDGE_CURVE('',#445,#443,#376,.T.);
#557=EDGE_CURVE('',#442,#444,#377,.T.);
#558=EDGE_CURVE('',#446,#447,#378,.T.);
#559=EDGE_CURVE('',#447,#445,#262,.T.);
#560=EDGE_CURVE('',#444,#446,#263,.T.);
#561=EDGE_CURVE('',#448,#449,#379,.T.);
#562=EDGE_CURVE('',#449,#450,#264,.T.);
#563=EDGE_CURVE('',#450,#451,#380,.T.);
#564=EDGE_CURVE('',#451,#448,#265,.T.);
#565=EDGE_CURVE('',#452,#453,#381,.T.);
#566=EDGE_CURVE('',#453,#451,#64,.T.);
#567=EDGE_CURVE('',#450,#452,#65,.T.);
#568=EDGE_CURVE('',#454,#455,#382,.T.);
#569=EDGE_CURVE('',#455,#453,#266,.T.);
#570=EDGE_CURVE('',#452,#454,#267,.T.);
#571=EDGE_CURVE('',#448,#447,#66,.T.);
#572=EDGE_CURVE('',#446,#449,#67,.T.);
#573=EDGE_CURVE('',#456,#457,#383,.T.);
#574=EDGE_CURVE('',#457,#458,#68,.T.);
#575=EDGE_CURVE('',#458,#459,#384,.T.);
#576=EDGE_CURVE('',#459,#456,#69,.T.);
#577=EDGE_CURVE('',#458,#460,#70,.T.);
#578=EDGE_CURVE('',#460,#461,#385,.T.);
#579=EDGE_CURVE('',#461,#459,#71,.T.);
#580=EDGE_CURVE('',#462,#463,#386,.T.);
#581=EDGE_CURVE('',#463,#461,#72,.T.);
#582=EDGE_CURVE('',#460,#462,#73,.T.);
#583=EDGE_CURVE('',#456,#455,#74,.T.);
#584=EDGE_CURVE('',#454,#457,#75,.T.);
#585=EDGE_CURVE('',#428,#463,#76,.T.);
#586=EDGE_CURVE('',#462,#429,#77,.T.);
#587=EDGE_CURVE('',#438,#462,#268,.T.);
#588=EDGE_CURVE('',#464,#448,#269,.T.);
#589=EDGE_CURVE('',#465,#464,#78,.T.);
#590=EDGE_CURVE('',#465,#447,#270,.T.);
#591=EDGE_CURVE('',#466,#451,#271,.T.);
#592=EDGE_CURVE('',#466,#464,#272,.T.);
#593=EDGE_CURVE('',#467,#453,#273,.T.);
#594=EDGE_CURVE('',#466,#467,#79,.T.);
#595=EDGE_CURVE('',#422,#468,#387,.T.);
#596=EDGE_CURVE('',#469,#468,#80,.T.);
#597=EDGE_CURVE('',#469,#455,#388,.T.);
#598=EDGE_CURVE('',#428,#470,#389,.T.);
#599=EDGE_CURVE('',#468,#470,#81,.T.);
#600=EDGE_CURVE('',#469,#467,#274,.T.);
#601=EDGE_CURVE('',#442,#471,#275,.T.);
#602=EDGE_CURVE('',#471,#472,#82,.T.);
#603=EDGE_CURVE('',#472,#473,#83,.T.);
#604=EDGE_CURVE('',#473,#474,#276,.T.);
#605=EDGE_CURVE('',#474,#475,#84,.T.);
#606=EDGE_CURVE('',#475,#476,#85,.T.);
#607=EDGE_CURVE('',#476,#458,#277,.T.);
#608=EDGE_CURVE('',#457,#444,#278,.T.);
#609=EDGE_CURVE('',#406,#475,#279,.T.);
#610=EDGE_CURVE('',#476,#474,#390,.T.);
#611=EDGE_CURVE('',#477,#440,#280,.T.);
#612=EDGE_CURVE('',#477,#478,#391,.T.);
#613=EDGE_CURVE('',#478,#479,#392,.T.);
#614=EDGE_CURVE('',#480,#479,#281,.T.);
#615=EDGE_CURVE('',#480,#481,#393,.T.);
#616=EDGE_CURVE('',#481,#482,#394,.T.);
#617=EDGE_CURVE('',#460,#482,#282,.T.);
#618=EDGE_CURVE('',#473,#471,#395,.T.);
#619=EDGE_CURVE('',#482,#480,#86,.T.);
#620=EDGE_CURVE('',#479,#477,#87,.T.);
#621=EDGE_CURVE('',#483,#431,#283,.T.);
#622=EDGE_CURVE('',#483,#470,#284,.T.);
#623=EDGE_CURVE('',#465,#484,#285,.T.);
#624=EDGE_CURVE('',#484,#485,#286,.T.);
#625=EDGE_CURVE('',#485,#437,#287,.T.);
#626=EDGE_CURVE('',#486,#485,#88,.T.);
#627=EDGE_CURVE('',#487,#486,#89,.T.);
#628=EDGE_CURVE('',#487,#435,#288,.T.);
#629=EDGE_CURVE('',#487,#488,#289,.T.);
#630=EDGE_CURVE('',#488,#433,#290,.T.);
#631=EDGE_CURVE('',#407,#481,#291,.T.);
#632=EDGE_CURVE('',#408,#472,#292,.T.);
#633=EDGE_CURVE('',#409,#478,#293,.T.);
#634=EDGE_CURVE('',#483,#488,#90,.T.);
#635=EDGE_CURVE('',#467,#413,#91,.T.);
#636=EDGE_CURVE('',#414,#466,#92,.T.);
#637=EDGE_CURVE('',#415,#483,#93,.T.);
#638=EDGE_CURVE('',#488,#416,#94,.T.);
#639=EDGE_CURVE('',#485,#417,#95,.T.);
#640=EDGE_CURVE('',#417,#487,#96,.T.);
#641=EDGE_CURVE('',#418,#465,#97,.T.);
#642=EDGE_CURVE('',#464,#418,#98,.T.);
#643=ORIENTED_EDGE('',*,*,#489,.F.);
#644=ORIENTED_EDGE('',*,*,#490,.T.);
#645=ORIENTED_EDGE('',*,*,#491,.F.);
#646=ORIENTED_EDGE('',*,*,#490,.F.);
#647=ORIENTED_EDGE('',*,*,#489,.T.);
#648=ORIENTED_EDGE('',*,*,#492,.T.);
#649=ORIENTED_EDGE('',*,*,#493,.T.);
#650=ORIENTED_EDGE('',*,*,#494,.F.);
#651=ORIENTED_EDGE('',*,*,#495,.T.);
#652=ORIENTED_EDGE('',*,*,#495,.F.);
#653=ORIENTED_EDGE('',*,*,#496,.F.);
#654=ORIENTED_EDGE('',*,*,#497,.F.);
#655=ORIENTED_EDGE('',*,*,#498,.F.);
#656=ORIENTED_EDGE('',*,*,#499,.T.);
#657=ORIENTED_EDGE('',*,*,#500,.T.);
#658=ORIENTED_EDGE('',*,*,#501,.T.);
#659=ORIENTED_EDGE('',*,*,#497,.T.);
#660=ORIENTED_EDGE('',*,*,#502,.F.);
#661=ORIENTED_EDGE('',*,*,#500,.F.);
#662=ORIENTED_EDGE('',*,*,#503,.F.);
#663=ORIENTED_EDGE('',*,*,#504,.F.);
#664=ORIENTED_EDGE('',*,*,#505,.F.);
#665=ORIENTED_EDGE('',*,*,#506,.F.);
#666=ORIENTED_EDGE('',*,*,#507,.F.);
#667=ORIENTED_EDGE('',*,*,#508,.F.);
#668=ORIENTED_EDGE('',*,*,#493,.F.);
#669=ORIENTED_EDGE('',*,*,#509,.F.);
#670=ORIENTED_EDGE('',*,*,#510,.F.);
#671=ORIENTED_EDGE('',*,*,#511,.T.);
#672=ORIENTED_EDGE('',*,*,#510,.T.);
#673=ORIENTED_EDGE('',*,*,#512,.T.);
#674=ORIENTED_EDGE('',*,*,#507,.T.);
#675=ORIENTED_EDGE('',*,*,#509,.T.);
#676=ORIENTED_EDGE('',*,*,#492,.F.);
#677=ORIENTED_EDGE('',*,*,#498,.T.);
#678=ORIENTED_EDGE('',*,*,#501,.F.);
#679=ORIENTED_EDGE('',*,*,#502,.T.);
#680=ORIENTED_EDGE('',*,*,#499,.F.);
#681=ORIENTED_EDGE('',*,*,#496,.T.);
#682=ORIENTED_EDGE('',*,*,#494,.T.);
#683=ORIENTED_EDGE('',*,*,#508,.T.);
#684=ORIENTED_EDGE('',*,*,#512,.F.);
#685=ORIENTED_EDGE('',*,*,#513,.F.);
#686=ORIENTED_EDGE('',*,*,#514,.F.);
#687=ORIENTED_EDGE('',*,*,#515,.F.);
#688=ORIENTED_EDGE('',*,*,#516,.F.);
#689=ORIENTED_EDGE('',*,*,#517,.F.);
#690=ORIENTED_EDGE('',*,*,#518,.F.);
#691=ORIENTED_EDGE('',*,*,#511,.F.);
#692=ORIENTED_EDGE('',*,*,#519,.T.);
#693=ORIENTED_EDGE('',*,*,#520,.T.);
#694=ORIENTED_EDGE('',*,*,#521,.T.);
#695=ORIENTED_EDGE('',*,*,#520,.F.);
#696=ORIENTED_EDGE('',*,*,#521,.F.);
#697=ORIENTED_EDGE('',*,*,#522,.T.);
#698=ORIENTED_EDGE('',*,*,#523,.F.);
#699=ORIENTED_EDGE('',*,*,#524,.F.);
#700=ORIENTED_EDGE('',*,*,#522,.F.);
#701=ORIENTED_EDGE('',*,*,#519,.F.);
#702=ORIENTED_EDGE('',*,*,#525,.T.);
#703=ORIENTED_EDGE('',*,*,#526,.T.);
#704=ORIENTED_EDGE('',*,*,#527,.T.);
#705=ORIENTED_EDGE('',*,*,#526,.F.);
#706=ORIENTED_EDGE('',*,*,#527,.F.);
#707=ORIENTED_EDGE('',*,*,#528,.T.);
#708=ORIENTED_EDGE('',*,*,#529,.T.);
#709=ORIENTED_EDGE('',*,*,#530,.F.);
#710=ORIENTED_EDGE('',*,*,#531,.T.);
#711=ORIENTED_EDGE('',*,*,#528,.F.);
#712=ORIENTED_EDGE('',*,*,#525,.F.);
#713=ORIENTED_EDGE('',*,*,#491,.T.);
#714=ORIENTED_EDGE('',*,*,#532,.T.);
#715=ORIENTED_EDGE('',*,*,#533,.T.);
#716=ORIENTED_EDGE('',*,*,#534,.T.);
#717=ORIENTED_EDGE('',*,*,#535,.T.);
#718=ORIENTED_EDGE('',*,*,#536,.T.);
#719=ORIENTED_EDGE('',*,*,#537,.T.);
#720=ORIENTED_EDGE('',*,*,#534,.F.);
#721=ORIENTED_EDGE('',*,*,#538,.T.);
#722=ORIENTED_EDGE('',*,*,#539,.T.);
#723=ORIENTED_EDGE('',*,*,#540,.T.);
#724=ORIENTED_EDGE('',*,*,#536,.F.);
#725=ORIENTED_EDGE('',*,*,#541,.T.);
#726=ORIENTED_EDGE('',*,*,#542,.T.);
#727=ORIENTED_EDGE('',*,*,#543,.T.);
#728=ORIENTED_EDGE('',*,*,#539,.F.);
#729=ORIENTED_EDGE('',*,*,#544,.T.);
#730=ORIENTED_EDGE('',*,*,#545,.T.);
#731=ORIENTED_EDGE('',*,*,#546,.T.);
#732=ORIENTED_EDGE('',*,*,#542,.F.);
#733=ORIENTED_EDGE('',*,*,#547,.T.);
#734=ORIENTED_EDGE('',*,*,#548,.T.);
#735=ORIENTED_EDGE('',*,*,#549,.T.);
#736=ORIENTED_EDGE('',*,*,#545,.F.);
#737=ORIENTED_EDGE('',*,*,#550,.T.);
#738=ORIENTED_EDGE('',*,*,#531,.F.);
#739=ORIENTED_EDGE('',*,*,#551,.T.);
#740=ORIENTED_EDGE('',*,*,#548,.F.);
#741=ORIENTED_EDGE('',*,*,#552,.T.);
#742=ORIENTED_EDGE('',*,*,#553,.T.);
#743=ORIENTED_EDGE('',*,*,#554,.T.);
#744=ORIENTED_EDGE('',*,*,#529,.F.);
#745=ORIENTED_EDGE('',*,*,#555,.T.);
#746=ORIENTED_EDGE('',*,*,#556,.T.);
#747=ORIENTED_EDGE('',*,*,#553,.F.);
#748=ORIENTED_EDGE('',*,*,#557,.T.);
#749=ORIENTED_EDGE('',*,*,#558,.T.);
#750=ORIENTED_EDGE('',*,*,#559,.T.);
#751=ORIENTED_EDGE('',*,*,#555,.F.);
#752=ORIENTED_EDGE('',*,*,#560,.T.);
#753=ORIENTED_EDGE('',*,*,#561,.T.);
#754=ORIENTED_EDGE('',*,*,#562,.T.);
#755=ORIENTED_EDGE('',*,*,#563,.T.);
#756=ORIENTED_EDGE('',*,*,#564,.T.);
#757=ORIENTED_EDGE('',*,*,#565,.T.);
#758=ORIENTED_EDGE('',*,*,#566,.T.);
#759=ORIENTED_EDGE('',*,*,#563,.F.);
#760=ORIENTED_EDGE('',*,*,#567,.T.);
#761=ORIENTED_EDGE('',*,*,#568,.T.);
#762=ORIENTED_EDGE('',*,*,#569,.T.);
#763=ORIENTED_EDGE('',*,*,#565,.F.);
#764=ORIENTED_EDGE('',*,*,#570,.T.);
#765=ORIENTED_EDGE('',*,*,#561,.F.);
#766=ORIENTED_EDGE('',*,*,#571,.T.);
#767=ORIENTED_EDGE('',*,*,#558,.F.);
#768=ORIENTED_EDGE('',*,*,#572,.T.);
#769=ORIENTED_EDGE('',*,*,#573,.T.);
#770=ORIENTED_EDGE('',*,*,#574,.T.);
#771=ORIENTED_EDGE('',*,*,#575,.T.);
#772=ORIENTED_EDGE('',*,*,#576,.T.);
#773=ORIENTED_EDGE('',*,*,#575,.F.);
#774=ORIENTED_EDGE('',*,*,#577,.T.);
#775=ORIENTED_EDGE('',*,*,#578,.T.);
#776=ORIENTED_EDGE('',*,*,#579,.T.);
#777=ORIENTED_EDGE('',*,*,#580,.T.);
#778=ORIENTED_EDGE('',*,*,#581,.T.);
#779=ORIENTED_EDGE('',*,*,#578,.F.);
#780=ORIENTED_EDGE('',*,*,#582,.T.);
#781=ORIENTED_EDGE('',*,*,#573,.F.);
#782=ORIENTED_EDGE('',*,*,#583,.T.);
#783=ORIENTED_EDGE('',*,*,#568,.F.);
#784=ORIENTED_EDGE('',*,*,#584,.T.);
#785=ORIENTED_EDGE('',*,*,#532,.F.);
#786=ORIENTED_EDGE('',*,*,#585,.T.);
#787=ORIENTED_EDGE('',*,*,#580,.F.);
#788=ORIENTED_EDGE('',*,*,#586,.T.);
#789=ORIENTED_EDGE('',*,*,#547,.F.);
#790=ORIENTED_EDGE('',*,*,#544,.F.);
#791=ORIENTED_EDGE('',*,*,#541,.F.);
#792=ORIENTED_EDGE('',*,*,#538,.F.);
#793=ORIENTED_EDGE('',*,*,#533,.F.);
#794=ORIENTED_EDGE('',*,*,#586,.F.);
#795=ORIENTED_EDGE('',*,*,#587,.F.);
#796=ORIENTED_EDGE('',*,*,#571,.F.);
#797=ORIENTED_EDGE('',*,*,#588,.F.);
#798=ORIENTED_EDGE('',*,*,#589,.F.);
#799=ORIENTED_EDGE('',*,*,#590,.T.);
#800=ORIENTED_EDGE('',*,*,#564,.F.);
#801=ORIENTED_EDGE('',*,*,#591,.F.);
#802=ORIENTED_EDGE('',*,*,#592,.T.);
#803=ORIENTED_EDGE('',*,*,#588,.T.);
#804=ORIENTED_EDGE('',*,*,#566,.F.);
#805=ORIENTED_EDGE('',*,*,#593,.F.);
#806=ORIENTED_EDGE('',*,*,#594,.F.);
#807=ORIENTED_EDGE('',*,*,#591,.T.);
#808=ORIENTED_EDGE('',*,*,#524,.T.);
#809=ORIENTED_EDGE('',*,*,#595,.T.);
#810=ORIENTED_EDGE('',*,*,#596,.F.);
#811=ORIENTED_EDGE('',*,*,#597,.T.);
#812=ORIENTED_EDGE('',*,*,#583,.F.);
#813=ORIENTED_EDGE('',*,*,#576,.F.);
#814=ORIENTED_EDGE('',*,*,#579,.F.);
#815=ORIENTED_EDGE('',*,*,#581,.F.);
#816=ORIENTED_EDGE('',*,*,#585,.F.);
#817=ORIENTED_EDGE('',*,*,#598,.T.);
#818=ORIENTED_EDGE('',*,*,#599,.F.);
#819=ORIENTED_EDGE('',*,*,#595,.F.);
#820=ORIENTED_EDGE('',*,*,#523,.T.);
#821=ORIENTED_EDGE('',*,*,#569,.F.);
#822=ORIENTED_EDGE('',*,*,#597,.F.);
#823=ORIENTED_EDGE('',*,*,#600,.T.);
#824=ORIENTED_EDGE('',*,*,#593,.T.);
#825=ORIENTED_EDGE('',*,*,#557,.F.);
#826=ORIENTED_EDGE('',*,*,#601,.T.);
#827=ORIENTED_EDGE('',*,*,#602,.T.);
#828=ORIENTED_EDGE('',*,*,#603,.T.);
#829=ORIENTED_EDGE('',*,*,#604,.T.);
#830=ORIENTED_EDGE('',*,*,#605,.T.);
#831=ORIENTED_EDGE('',*,*,#606,.T.);
#832=ORIENTED_EDGE('',*,*,#607,.T.);
#833=ORIENTED_EDGE('',*,*,#574,.F.);
#834=ORIENTED_EDGE('',*,*,#608,.T.);
#835=ORIENTED_EDGE('',*,*,#503,.T.);
#836=ORIENTED_EDGE('',*,*,#609,.T.);
#837=ORIENTED_EDGE('',*,*,#605,.F.);
#838=ORIENTED_EDGE('',*,*,#610,.F.);
#839=ORIENTED_EDGE('',*,*,#606,.F.);
#840=ORIENTED_EDGE('',*,*,#609,.F.);
#841=ORIENTED_EDGE('',*,*,#552,.F.);
#842=ORIENTED_EDGE('',*,*,#611,.F.);
#843=ORIENTED_EDGE('',*,*,#612,.T.);
#844=ORIENTED_EDGE('',*,*,#613,.T.);
#845=ORIENTED_EDGE('',*,*,#614,.F.);
#846=ORIENTED_EDGE('',*,*,#615,.T.);
#847=ORIENTED_EDGE('',*,*,#616,.T.);
#848=ORIENTED_EDGE('',*,*,#617,.F.);
#849=ORIENTED_EDGE('',*,*,#577,.F.);
#850=ORIENTED_EDGE('',*,*,#607,.F.);
#851=ORIENTED_EDGE('',*,*,#610,.T.);
#852=ORIENTED_EDGE('',*,*,#604,.F.);
#853=ORIENTED_EDGE('',*,*,#618,.T.);
#854=ORIENTED_EDGE('',*,*,#601,.F.);
#855=ORIENTED_EDGE('',*,*,#550,.F.);
#856=ORIENTED_EDGE('',*,*,#587,.T.);
#857=ORIENTED_EDGE('',*,*,#582,.F.);
#858=ORIENTED_EDGE('',*,*,#617,.T.);
#859=ORIENTED_EDGE('',*,*,#619,.T.);
#860=ORIENTED_EDGE('',*,*,#614,.T.);
#861=ORIENTED_EDGE('',*,*,#620,.T.);
#862=ORIENTED_EDGE('',*,*,#611,.T.);
#863=ORIENTED_EDGE('',*,*,#535,.F.);
#864=ORIENTED_EDGE('',*,*,#621,.F.);
#865=ORIENTED_EDGE('',*,*,#622,.T.);
#866=ORIENTED_EDGE('',*,*,#598,.F.);
#867=ORIENTED_EDGE('',*,*,#551,.F.);
#868=ORIENTED_EDGE('',*,*,#530,.T.);
#869=ORIENTED_EDGE('',*,*,#554,.F.);
#870=ORIENTED_EDGE('',*,*,#556,.F.);
#871=ORIENTED_EDGE('',*,*,#559,.F.);
#872=ORIENTED_EDGE('',*,*,#590,.F.);
#873=ORIENTED_EDGE('',*,*,#623,.T.);
#874=ORIENTED_EDGE('',*,*,#624,.T.);
#875=ORIENTED_EDGE('',*,*,#625,.T.);
#876=ORIENTED_EDGE('',*,*,#546,.F.);
#877=ORIENTED_EDGE('',*,*,#549,.F.);
#878=ORIENTED_EDGE('',*,*,#560,.F.);
#879=ORIENTED_EDGE('',*,*,#608,.F.);
#880=ORIENTED_EDGE('',*,*,#584,.F.);
#881=ORIENTED_EDGE('',*,*,#570,.F.);
#882=ORIENTED_EDGE('',*,*,#567,.F.);
#883=ORIENTED_EDGE('',*,*,#562,.F.);
#884=ORIENTED_EDGE('',*,*,#572,.F.);
#885=ORIENTED_EDGE('',*,*,#543,.F.);
#886=ORIENTED_EDGE('',*,*,#625,.F.);
#887=ORIENTED_EDGE('',*,*,#626,.F.);
#888=ORIENTED_EDGE('',*,*,#627,.F.);
#889=ORIENTED_EDGE('',*,*,#628,.T.);
#890=ORIENTED_EDGE('',*,*,#540,.F.);
#891=ORIENTED_EDGE('',*,*,#628,.F.);
#892=ORIENTED_EDGE('',*,*,#629,.T.);
#893=ORIENTED_EDGE('',*,*,#630,.T.);
#894=ORIENTED_EDGE('',*,*,#504,.T.);
#895=ORIENTED_EDGE('',*,*,#631,.T.);
#896=ORIENTED_EDGE('',*,*,#615,.F.);
#897=ORIENTED_EDGE('',*,*,#619,.F.);
#898=ORIENTED_EDGE('',*,*,#616,.F.);
#899=ORIENTED_EDGE('',*,*,#631,.F.);
#900=ORIENTED_EDGE('',*,*,#505,.T.);
#901=ORIENTED_EDGE('',*,*,#632,.T.);
#902=ORIENTED_EDGE('',*,*,#602,.F.);
#903=ORIENTED_EDGE('',*,*,#618,.F.);
#904=ORIENTED_EDGE('',*,*,#603,.F.);
#905=ORIENTED_EDGE('',*,*,#632,.F.);
#906=ORIENTED_EDGE('',*,*,#506,.T.);
#907=ORIENTED_EDGE('',*,*,#633,.T.);
#908=ORIENTED_EDGE('',*,*,#612,.F.);
#909=ORIENTED_EDGE('',*,*,#620,.F.);
#910=ORIENTED_EDGE('',*,*,#613,.F.);
#911=ORIENTED_EDGE('',*,*,#633,.F.);
#912=ORIENTED_EDGE('',*,*,#537,.F.);
#913=ORIENTED_EDGE('',*,*,#630,.F.);
#914=ORIENTED_EDGE('',*,*,#634,.F.);
#915=ORIENTED_EDGE('',*,*,#621,.T.);
#916=ORIENTED_EDGE('',*,*,#594,.T.);
#917=ORIENTED_EDGE('',*,*,#635,.T.);
#918=ORIENTED_EDGE('',*,*,#513,.T.);
#919=ORIENTED_EDGE('',*,*,#636,.T.);
#920=ORIENTED_EDGE('',*,*,#596,.T.);
#921=ORIENTED_EDGE('',*,*,#599,.T.);
#922=ORIENTED_EDGE('',*,*,#622,.F.);
#923=ORIENTED_EDGE('',*,*,#637,.F.);
#924=ORIENTED_EDGE('',*,*,#514,.T.);
#925=ORIENTED_EDGE('',*,*,#635,.F.);
#926=ORIENTED_EDGE('',*,*,#600,.F.);
#927=ORIENTED_EDGE('',*,*,#634,.T.);
#928=ORIENTED_EDGE('',*,*,#638,.T.);
#929=ORIENTED_EDGE('',*,*,#515,.T.);
#930=ORIENTED_EDGE('',*,*,#637,.T.);
#931=ORIENTED_EDGE('',*,*,#627,.T.);
#932=ORIENTED_EDGE('',*,*,#626,.T.);
#933=ORIENTED_EDGE('',*,*,#639,.T.);
#934=ORIENTED_EDGE('',*,*,#640,.T.);
#935=ORIENTED_EDGE('',*,*,#639,.F.);
#936=ORIENTED_EDGE('',*,*,#624,.F.);
#937=ORIENTED_EDGE('',*,*,#623,.F.);
#938=ORIENTED_EDGE('',*,*,#641,.F.);
#939=ORIENTED_EDGE('',*,*,#517,.T.);
#940=ORIENTED_EDGE('',*,*,#589,.T.);
#941=ORIENTED_EDGE('',*,*,#642,.T.);
#942=ORIENTED_EDGE('',*,*,#641,.T.);
#943=ORIENTED_EDGE('',*,*,#636,.F.);
#944=ORIENTED_EDGE('',*,*,#518,.T.);
#945=ORIENTED_EDGE('',*,*,#642,.F.);
#946=ORIENTED_EDGE('',*,*,#592,.F.);
#947=ORIENTED_EDGE('',*,*,#638,.F.);
#948=ORIENTED_EDGE('',*,*,#629,.F.);
#949=ORIENTED_EDGE('',*,*,#640,.F.);
#950=ORIENTED_EDGE('',*,*,#516,.T.);
#951=CYLINDRICAL_SURFACE('',#1045,1.25);
#952=CYLINDRICAL_SURFACE('',#1051,1.125);
#953=CYLINDRICAL_SURFACE('',#1060,0.5);
#954=CYLINDRICAL_SURFACE('',#1064,2.625);
#955=CYLINDRICAL_SURFACE('',#1070,1.96);
#956=CYLINDRICAL_SURFACE('',#1077,1.96);
#957=CYLINDRICAL_SURFACE('',#1080,0.5);
#958=CYLINDRICAL_SURFACE('',#1084,0.5);
#959=CYLINDRICAL_SURFACE('',#1087,0.5);
#960=CYLINDRICAL_SURFACE('',#1093,0.5);
#961=CYLINDRICAL_SURFACE('',#1099,0.5);
#962=CYLINDRICAL_SURFACE('',#1101,0.5);
#963=CYLINDRICAL_SURFACE('',#1105,0.5);
#964=CYLINDRICAL_SURFACE('',#1118,2.);
#965=CYLINDRICAL_SURFACE('',#1119,0.625);
#966=CYLINDRICAL_SURFACE('',#1127,2.);
#967=CYLINDRICAL_SURFACE('',#1132,0.625);
#968=CYLINDRICAL_SURFACE('',#1133,0.625);
#969=CYLINDRICAL_SURFACE('',#1134,0.625);
#970=ADVANCED_FACE('',(#115),#951,.T.);
#971=ADVANCED_FACE('',(#116),#101,.T.);
#972=ADVANCED_FACE('',(#117),#99,.T.);
#973=ADVANCED_FACE('',(#118),#952,.F.);
#974=ADVANCED_FACE('',(#119),#100,.T.);
#975=ADVANCED_FACE('',(#120,#42,#43,#44,#45),#102,.T.);
#976=ADVANCED_FACE('',(#121),#953,.F.);
#977=ADVANCED_FACE('',(#122),#39,.F.);
#978=ADVANCED_FACE('',(#123),#954,.F.);
#979=ADVANCED_FACE('',(#124,#46),#103,.F.);
#980=ADVANCED_FACE('',(#125),#40,.T.);
#981=ADVANCED_FACE('',(#126),#955,.T.);
#982=ADVANCED_FACE('',(#127),#104,.F.);
#983=ADVANCED_FACE('',(#128),#41,.T.);
#984=ADVANCED_FACE('',(#129),#956,.T.);
#985=ADVANCED_FACE('',(#130,#47),#105,.T.);
#986=ADVANCED_FACE('',(#131),#957,.T.);
#987=ADVANCED_FACE('',(#132),#18,.F.);
#988=ADVANCED_FACE('',(#133),#958,.T.);
#989=ADVANCED_FACE('',(#134),#19,.F.);
#990=ADVANCED_FACE('',(#135),#959,.T.);
#991=ADVANCED_FACE('',(#136),#15,.T.);
#992=ADVANCED_FACE('',(#137),#960,.T.);
#993=ADVANCED_FACE('',(#138),#16,.T.);
#994=ADVANCED_FACE('',(#139),#961,.T.);
#995=ADVANCED_FACE('',(#140),#962,.T.);
#996=ADVANCED_FACE('',(#141),#20,.F.);
#997=ADVANCED_FACE('',(#142),#963,.T.);
#998=ADVANCED_FACE('',(#143),#21,.F.);
#999=ADVANCED_FACE('',(#144),#22,.F.);
#1000=ADVANCED_FACE('',(#145),#23,.F.);
#1001=ADVANCED_FACE('',(#146),#24,.F.);
#1002=ADVANCED_FACE('',(#147),#25,.F.);
#1003=ADVANCED_FACE('',(#148),#26,.F.);
#1004=ADVANCED_FACE('',(#149),#106,.F.);
#1005=ADVANCED_FACE('',(#150),#27,.T.);
#1006=ADVANCED_FACE('',(#151),#107,.T.);
#1007=ADVANCED_FACE('',(#152),#28,.T.);
#1008=ADVANCED_FACE('',(#153),#17,.F.);
#1009=ADVANCED_FACE('',(#154),#108,.T.);
#1010=ADVANCED_FACE('',(#155),#964,.T.);
#1011=ADVANCED_FACE('',(#156),#965,.F.);
#1012=ADVANCED_FACE('',(#157),#109,.T.);
#1013=ADVANCED_FACE('',(#158),#966,.T.);
#1014=ADVANCED_FACE('',(#159),#110,.T.);
#1015=ADVANCED_FACE('',(#160),#111,.T.);
#1016=ADVANCED_FACE('',(#161),#112,.F.);
#1017=ADVANCED_FACE('',(#162),#29,.T.);
#1018=ADVANCED_FACE('',(#163),#113,.T.);
#1019=ADVANCED_FACE('',(#164),#967,.F.);
#1020=ADVANCED_FACE('',(#165),#968,.F.);
#1021=ADVANCED_FACE('',(#166),#969,.F.);
#1022=ADVANCED_FACE('',(#167),#30,.T.);
#1023=ADVANCED_FACE('',(#168),#31,.F.);
#1024=ADVANCED_FACE('',(#169),#32,.T.);
#1025=ADVANCED_FACE('',(#170),#33,.F.);
#1026=ADVANCED_FACE('',(#171),#34,.F.);
#1027=ADVANCED_FACE('',(#172),#35,.T.);
#1028=ADVANCED_FACE('',(#173),#36,.F.);
#1029=ADVANCED_FACE('',(#174),#37,.T.);
#1030=ADVANCED_FACE('',(#175),#114,.T.);
#1031=CLOSED_SHELL('',(#970,#971,#972,#973,#974,#975,#976,#977,#978,#979,
#980,#981,#982,#983,#984,#985,#986,#987,#988,#989,#990,#991,#992,#993,#994,
#995,#996,#997,#998,#999,#1000,#1001,#1002,#1003,#1004,#1005,#1006,#1007,
#1008,#1009,#1010,#1011,#1012,#1013,#1014,#1015,#1016,#1017,#1018,#1019,
#1020,#1021,#1022,#1023,#1024,#1025,#1026,#1027,#1028,#1029,#1030));
#1032=DERIVED_UNIT_ELEMENT(#1034,1.);
#1033=DERIVED_UNIT_ELEMENT(#2840,-3.);
#1034=(
MASS_UNIT()
NAMED_UNIT(*)
SI_UNIT(.KILO.,.GRAM.)
);
#1035=DERIVED_UNIT((#1032,#1033));
#1036=MEASURE_REPRESENTATION_ITEM('density measure',
POSITIVE_RATIO_MEASURE(7850.),#1035);
#1037=PROPERTY_DEFINITION_REPRESENTATION(#1042,#1039);
#1038=PROPERTY_DEFINITION_REPRESENTATION(#1043,#1040);
#1039=REPRESENTATION('material name',(#1041),#2837);
#1040=REPRESENTATION('density',(#1036),#2837);
#1041=DESCRIPTIVE_REPRESENTATION_ITEM('Steel','Steel');
#1042=PROPERTY_DEFINITION('material property','material name',#2847);
#1043=PROPERTY_DEFINITION('material property','density of part',#2847);
#1044=AXIS2_PLACEMENT_3D('',#1371,#1136,#1137);
#1045=AXIS2_PLACEMENT_3D('',#1372,#1138,#1139);
#1046=AXIS2_PLACEMENT_3D('',#1374,#1140,#1141);
#1047=AXIS2_PLACEMENT_3D('',#1377,#1143,#1144);
#1048=AXIS2_PLACEMENT_3D('',#1378,#1145,#1146);
#1049=AXIS2_PLACEMENT_3D('',#1411,#1147,#1148);
#1050=AXIS2_PLACEMENT_3D('',#1421,#1149,#1150);
#1051=AXIS2_PLACEMENT_3D('',#1422,#1151,#1152);
#1052=AXIS2_PLACEMENT_3D('',#1426,#1154,#1155);
#1053=AXIS2_PLACEMENT_3D('',#1471,#1157,#1158);
#1054=AXIS2_PLACEMENT_3D('',#1486,#1159,#1160);
#1055=AXIS2_PLACEMENT_3D('',#1487,#1161,#1162);
#1056=AXIS2_PLACEMENT_3D('',#1489,#1163,#1164);
#1057=AXIS2_PLACEMENT_3D('',#1491,#1165,#1166);
#1058=AXIS2_PLACEMENT_3D('',#1493,#1167,#1168);
#1059=AXIS2_PLACEMENT_3D('',#1495,#1169,#1170);
#1060=AXIS2_PLACEMENT_3D('',#1496,#1171,#1172);
#1061=AXIS2_PLACEMENT_3D('',#1526,#1175,#1176);
#1062=AXIS2_PLACEMENT_3D('',#1527,#1177,#1178);
#1063=AXIS2_PLACEMENT_3D('',#1528,#1179,#1180);
#1064=AXIS2_PLACEMENT_3D('',#1529,#1181,#1182);
#1065=AXIS2_PLACEMENT_3D('',#1530,#1183,#1184);
#1066=AXIS2_PLACEMENT_3D('',#1680,#1186,#1187);
#1067=AXIS2_PLACEMENT_3D('',#1687,#1188,#1189);
#1068=AXIS2_PLACEMENT_3D('',#1689,#1190,#1191);
#1069=AXIS2_PLACEMENT_3D('',#1692,#1193,#1194);
#1070=AXIS2_PLACEMENT_3D('',#1693,#1195,#1196);
#1071=AXIS2_PLACEMENT_3D('',#1697,#1198,#1199);
#1072=AXIS2_PLACEMENT_3D('',#1698,#1200,#1201);
#1073=AXIS2_PLACEMENT_3D('',#1699,#1202,#1203);
#1074=AXIS2_PLACEMENT_3D('',#1700,#1204,#1205);
#1075=AXIS2_PLACEMENT_3D('',#1702,#1206,#1207);
#1076=AXIS2_PLACEMENT_3D('',#1705,#1209,#1210);
#1077=AXIS2_PLACEMENT_3D('',#1706,#1211,#1212);
#1078=AXIS2_PLACEMENT_3D('',#1719,#1214,#1215);
#1079=AXIS2_PLACEMENT_3D('',#1728,#1216,#1217);
#1080=AXIS2_PLACEMENT_3D('',#1729,#1218,#1219);
#1081=AXIS2_PLACEMENT_3D('',#1732,#1220,#1221);
#1082=AXIS2_PLACEMENT_3D('',#1736,#1223,#1224);
#1083=AXIS2_PLACEMENT_3D('',#1770,#1226,#1227);
#1084=AXIS2_PLACEMENT_3D('',#1783,#1228,#1229);
#1085=AXIS2_PLACEMENT_3D('',#1786,#1230,#1231);
#1086=AXIS2_PLACEMENT_3D('',#1821,#1234,#1235);
#1087=AXIS2_PLACEMENT_3D('',#1834,#1236,#1237);
#1088=AXIS2_PLACEMENT_3D('',#1837,#1238,#1239);
#1089=AXIS2_PLACEMENT_3D('',#1840,#1242,#1243);
#1090=AXIS2_PLACEMENT_3D('',#1843,#1244,#1245);
#1091=AXIS2_PLACEMENT_3D('',#1844,#1246,#1247);
#1092=AXIS2_PLACEMENT_3D('',#1845,#1248,#1249);
#1093=AXIS2_PLACEMENT_3D('',#1846,#1250,#1251);
#1094=AXIS2_PLACEMENT_3D('',#1851,#1254,#1255);
#1095=AXIS2_PLACEMENT_3D('',#1853,#1257,#1258);
#1096=AXIS2_PLACEMENT_3D('',#1856,#1259,#1260);
#1097=AXIS2_PLACEMENT_3D('',#1857,#1261,#1262);
#1098=AXIS2_PLACEMENT_3D('',#1858,#1263,#1264);
#1099=AXIS2_PLACEMENT_3D('',#1859,#1265,#1266);
#1100=AXIS2_PLACEMENT_3D('',#1862,#1267,#1268);
#1101=AXIS2_PLACEMENT_3D('',#1865,#1271,#1272);
#1102=AXIS2_PLACEMENT_3D('',#1868,#1273,#1274);
#1103=AXIS2_PLACEMENT_3D('',#1872,#1276,#1277);
#1104=AXIS2_PLACEMENT_3D('',#1906,#1279,#1280);
#1105=AXIS2_PLACEMENT_3D('',#1919,#1281,#1282);
#1106=AXIS2_PLACEMENT_3D('',#1922,#1283,#1284);
#1107=AXIS2_PLACEMENT_3D('',#1994,#1287,#1288);
#1108=AXIS2_PLACEMENT_3D('',#2002,#1289,#1290);
#1109=AXIS2_PLACEMENT_3D('',#2100,#1291,#1292);
#1110=AXIS2_PLACEMENT_3D('',#2143,#1293,#1294);
#1111=AXIS2_PLACEMENT_3D('',#2210,#1295,#1296);
#1112=AXIS2_PLACEMENT_3D('',#2256,#1300,#1301);
#1113=AXIS2_PLACEMENT_3D('',#2302,#1305,#1306);
#1114=AXIS2_PLACEMENT_3D('',#2304,#1307,#1308);
#1115=AXIS2_PLACEMENT_3D('',#2312,#1309,#1310);
#1116=AXIS2_PLACEMENT_3D('',#2314,#1311,#1312);
#1117=AXIS2_PLACEMENT_3D('',#2327,#1313,#1314);
#1118=AXIS2_PLACEMENT_3D('',#2329,#1316,#1317);
#1119=AXIS2_PLACEMENT_3D('',#2372,#1322,#1323);
#1120=AXIS2_PLACEMENT_3D('',#2374,#1325,#1326);
#1121=AXIS2_PLACEMENT_3D('',#2375,#1327,#1328);
#1122=AXIS2_PLACEMENT_3D('',#2379,#1330,#1331);
#1123=AXIS2_PLACEMENT_3D('',#2381,#1332,#1333);
#1124=AXIS2_PLACEMENT_3D('',#2385,#1335,#1336);
#1125=AXIS2_PLACEMENT_3D('',#2387,#1337,#1338);
#1126=AXIS2_PLACEMENT_3D('',#2389,#1340,#1341);
#1127=AXIS2_PLACEMENT_3D('',#2390,#1342,#1343);
#1128=AXIS2_PLACEMENT_3D('',#2421,#1344,#1345);
#1129=AXIS2_PLACEMENT_3D('',#2425,#1348,#1349);
#1130=AXIS2_PLACEMENT_3D('',#2431,#1353,#1354);
#1131=AXIS2_PLACEMENT_3D('',#2479,#1356,#1357);
#1132=AXIS2_PLACEMENT_3D('',#2483,#1360,#1361);
#1133=AXIS2_PLACEMENT_3D('',#2485,#1363,#1364);
#1134=AXIS2_PLACEMENT_3D('',#2487,#1366,#1367);
#1135=AXIS2_PLACEMENT_3D('',#2834,#1369,#1370);
#1136=DIRECTION('axis',(0.,0.,1.));
#1137=DIRECTION('refdir',(1.,0.,0.));
#1138=DIRECTION('center_axis',(0.,0.,1.));
#1139=DIRECTION('ref_axis',(-1.,0.,0.));
#1140=DIRECTION('center_axis',(0.,0.,1.));
#1141=DIRECTION('ref_axis',(-1.,0.,0.));
#1142=DIRECTION('',(0.,0.,-1.));
#1143=DIRECTION('center_axis',(0.,-7.14036721578327E-17,-1.));
#1144=DIRECTION('ref_axis',(-1.,0.,0.));
#1145=DIRECTION('center_axis',(0.,0.,1.));
#1146=DIRECTION('ref_axis',(-1.,0.,0.));
#1147=DIRECTION('center_axis',(-1.,0.,0.));
#1148=DIRECTION('ref_axis',(0.,-1.,0.));
#1149=DIRECTION('center_axis',(1.,0.,0.));
#1150=DIRECTION('ref_axis',(0.,-1.,4.93432455388958E-15));
#1151=DIRECTION('center_axis',(1.,0.,0.));
#1152=DIRECTION('ref_axis',(0.,1.,-1.22464679914735E-16));
#1153=DIRECTION('',(-1.,0.,0.));
#1154=DIRECTION('center_axis',(-1.,0.,0.));
#1155=DIRECTION('ref_axis',(0.,1.,1.2335811384724E-16));
#1156=DIRECTION('',(1.,0.,0.));
#1157=DIRECTION('center_axis',(1.,0.,0.));
#1158=DIRECTION('ref_axis',(0.,1.,1.2335811384724E-16));
#1159=DIRECTION('center_axis',(-1.,0.,0.));
#1160=DIRECTION('ref_axis',(0.,-1.,0.));
#1161=DIRECTION('center_axis',(1.,0.,0.));
#1162=DIRECTION('ref_axis',(0.,-1.,0.));
#1163=DIRECTION('center_axis',(-1.,0.,0.));
#1164=DIRECTION('ref_axis',(0.,-1.,0.));
#1165=DIRECTION('center_axis',(-1.,0.,0.));
#1166=DIRECTION('ref_axis',(0.,-1.,0.));
#1167=DIRECTION('center_axis',(-1.,0.,0.));
#1168=DIRECTION('ref_axis',(0.,-1.,0.));
#1169=DIRECTION('center_axis',(-1.,0.,0.));
#1170=DIRECTION('ref_axis',(0.,-1.,0.));
#1171=DIRECTION('center_axis',(1.,0.,0.));
#1172=DIRECTION('ref_axis',(0.,1.,1.22464679914735E-16));
#1173=DIRECTION('',(-1.,0.,0.));
#1174=DIRECTION('',(1.,0.,0.));
#1175=DIRECTION('center_axis',(-1.,0.,0.));
#1176=DIRECTION('ref_axis',(0.,-1.,0.));
#1177=DIRECTION('center_axis',(-1.,0.,0.));
#1178=DIRECTION('ref_axis',(0.,-1.,0.));
#1179=DIRECTION('center_axis',(1.,0.,0.));
#1180=DIRECTION('ref_axis',(0.,-1.,0.));
#1181=DIRECTION('center_axis',(1.,0.,0.));
#1182=DIRECTION('ref_axis',(0.,-1.,0.));
#1183=DIRECTION('center_axis',(1.,0.,0.));
#1184=DIRECTION('ref_axis',(0.,0.,-1.));
#1185=DIRECTION('',(0.,1.85540769946748E-12,-1.));
#1186=DIRECTION('center_axis',(1.,0.,0.));
#1187=DIRECTION('ref_axis',(0.,1.,-1.623602579752E-11));
#1188=DIRECTION('center_axis',(0.,7.14036721578328E-17,1.));
#1189=DIRECTION('ref_axis',(-1.,0.,0.));
#1190=DIRECTION('center_axis',(0.,7.14036721578327E-17,1.));
#1191=DIRECTION('ref_axis',(-1.,0.,0.));
#1192=DIRECTION('',(0.707106781186546,-3.61055848391244E-17,0.707106781186549));
#1193=DIRECTION('center_axis',(0.,-7.14036721578327E-17,-1.));
#1194=DIRECTION('ref_axis',(-1.,0.,0.));
#1195=DIRECTION('center_axis',(0.,-7.14036721578327E-17,-1.));
#1196=DIRECTION('ref_axis',(-1.,0.,0.));
#1197=DIRECTION('',(0.,7.14036721578327E-17,1.));
#1198=DIRECTION('center_axis',(0.,2.8434639953072E-16,1.));
#1199=DIRECTION('ref_axis',(-1.,-7.60509740617455E-17,0.));
#1200=DIRECTION('center_axis',(0.,2.8434639953072E-16,1.));
#1201=DIRECTION('ref_axis',(-1.,-7.60509740617455E-17,0.));
#1202=DIRECTION('center_axis',(0.,7.14036721578327E-17,1.));
#1203=DIRECTION('ref_axis',(-1.,0.,0.));
#1204=DIRECTION('center_axis',(0.,-7.14036721578328E-17,-1.));
#1205=DIRECTION('ref_axis',(-1.,0.,0.));
#1206=DIRECTION('center_axis',(0.,-7.14036721578327E-17,-1.));
#1207=DIRECTION('ref_axis',(-1.,0.,0.));
#1208=DIRECTION('',(0.707106781186546,3.61055848391244E-17,-0.707106781186549));
#1209=DIRECTION('center_axis',(0.,7.14036721578327E-17,1.));
#1210=DIRECTION('ref_axis',(-1.,0.,0.));
#1211=DIRECTION('center_axis',(0.,7.14036721578327E-17,1.));
#1212=DIRECTION('ref_axis',(-1.,0.,0.));
#1213=DIRECTION('',(0.,-7.14036721578327E-17,-1.));
#1214=DIRECTION('center_axis',(0.,-7.13658176165776E-17,-1.));
#1215=DIRECTION('ref_axis',(-1.,0.,0.));
#1216=DIRECTION('center_axis',(0.,7.14036721578327E-17,1.));
#1217=DIRECTION('ref_axis',(-1.,0.,0.));
#1218=DIRECTION('center_axis',(-0.707106781186546,-0.707106781186549,2.01063267314152E-16));
#1219=DIRECTION('ref_axis',(0.5,-0.5,-0.707106781186548));
#1220=DIRECTION('center_axis',(-0.707106781186543,-0.707106781186552,2.35513868802568E-15));
#1221=DIRECTION('ref_axis',(0.,-3.33066907387547E-15,-1.));
#1222=DIRECTION('',(-0.707106781186546,-0.707106781186549,2.01063267314152E-16));
#1223=DIRECTION('center_axis',(0.707106781186543,0.707106781186552,-7.85046229341893E-16));
#1224=DIRECTION('ref_axis',(0.707106781186552,-0.707106781186543,0.));
#1225=DIRECTION('',(0.707106781186546,0.707106781186549,-2.01063267314152E-16));
#1226=DIRECTION('center_axis',(-1.38777878078144E-15,-1.38777878078145E-15,
-1.));
#1227=DIRECTION('ref_axis',(0.70710678118655,-0.707106781186545,0.));
#1228=DIRECTION('center_axis',(-1.11425908237642E-15,-1.11425908237643E-15,
1.));
#1229=DIRECTION('ref_axis',(0.382683432365097,-0.923879532511284,-6.00848371219647E-16));
#1230=DIRECTION('center_axis',(1.11022302462515E-15,1.11022302462516E-15,
-1.));
#1231=DIRECTION('ref_axis',(0.707106781186551,-0.707106781186544,0.));
#1232=DIRECTION('',(1.11425908237642E-15,1.11425908237643E-15,-1.));
#1233=DIRECTION('',(-1.11425908237642E-15,-1.11425908237643E-15,1.));
#1234=DIRECTION('center_axis',(-0.707106781186546,-0.707106781186549,7.8504622934189E-16));
#1235=DIRECTION('ref_axis',(0.707106781186549,-0.707106781186546,0.));
#1236=DIRECTION('center_axis',(0.707106781186546,0.707106781186549,-5.04632535816045E-17));
#1237=DIRECTION('ref_axis',(0.499999999999999,-0.500000000000002,0.707106781186547));
#1238=DIRECTION('center_axis',(-0.707106781186546,-0.707106781186549,0.));
#1239=DIRECTION('ref_axis',(0.707106781186549,-0.707106781186546,-1.11022302462516E-15));
#1240=DIRECTION('',(-0.707106781186546,-0.707106781186549,5.04632535816045E-17));
#1241=DIRECTION('',(0.707106781186546,0.707106781186549,-5.04632535816045E-17));
#1242=DIRECTION('center_axis',(0.,-7.13658176165776E-17,-1.));
#1243=DIRECTION('ref_axis',(-1.,0.,0.));
#1244=DIRECTION('center_axis',(0.,-1.,0.));
#1245=DIRECTION('ref_axis',(1.,0.,0.));
#1246=DIRECTION('center_axis',(0.,-7.13658176165776E-17,-1.));
#1247=DIRECTION('ref_axis',(0.923879532511287,-0.382683432365089,2.73105160390528E-17));
#1248=DIRECTION('center_axis',(0.,7.13658176165776E-17,1.));
#1249=DIRECTION('ref_axis',(0.923879532511287,-0.382683432365089,3.46944695195361E-17));
#1250=DIRECTION('center_axis',(0.,-1.,7.13658176165776E-17));
#1251=DIRECTION('ref_axis',(0.707106781186546,0.,0.707106781186549));
#1252=DIRECTION('',(0.,-1.,7.13658176165776E-17));
#1253=DIRECTION('',(0.,1.,-7.13658176165776E-17));
#1254=DIRECTION('center_axis',(0.,-1.,0.));
#1255=DIRECTION('ref_axis',(1.,0.,0.));
#1256=DIRECTION('',(0.,-1.,7.13658176165776E-17));
#1257=DIRECTION('center_axis',(0.,-7.13658176165776E-17,-1.));
#1258=DIRECTION('ref_axis',(-1.,0.,0.));
#1259=DIRECTION('center_axis',(0.707106781186549,-0.707106781186546,0.));
#1260=DIRECTION('ref_axis',(0.707106781186546,0.707106781186549,0.));
#1261=DIRECTION('center_axis',(0.,-7.13658176165776E-17,-1.));
#1262=DIRECTION('ref_axis',(0.923879532511287,0.38268343236509,-2.73105160390529E-17));
#1263=DIRECTION('center_axis',(0.,7.13658176165776E-17,1.));
#1264=DIRECTION('ref_axis',(0.923879532511287,0.38268343236509,-3.46944695195361E-17));
#1265=DIRECTION('center_axis',(-0.707106781186548,0.707106781186547,-5.04632535816044E-17));
#1266=DIRECTION('ref_axis',(0.5,0.499999999999999,0.707106781186549));
#1267=DIRECTION('center_axis',(0.707106781186547,-0.707106781186548,-1.57009245868378E-15));
#1268=DIRECTION('ref_axis',(0.707106781186548,0.707106781186547,0.));
#1269=DIRECTION('',(0.707106781186548,-0.707106781186547,5.04632535816044E-17));
#1270=DIRECTION('',(-0.707106781186548,0.707106781186547,-5.04632535816044E-17));
#1271=DIRECTION('center_axis',(-3.69180512267486E-16,3.69180512267485E-16,
-1.));
#1272=DIRECTION('ref_axis',(0.38268343236509,0.923879532511287,3.00424185609825E-16));
#1273=DIRECTION('center_axis',(0.,0.,-1.));
#1274=DIRECTION('ref_axis',(0.,1.,0.));
#1275=DIRECTION('',(-3.69180512267485E-16,3.69180512267485E-16,-1.));
#1276=DIRECTION('center_axis',(5.55111512312577E-16,-5.55111512312578E-16,
1.));
#1277=DIRECTION('ref_axis',(0.707106781186548,0.707106781186547,0.));
#1278=DIRECTION('',(3.69180512267485E-16,-3.69180512267485E-16,1.));
#1279=DIRECTION('center_axis',(-0.707106781186549,0.707106781186546,9.42055475210266E-15));
#1280=DIRECTION('ref_axis',(0.707106781186546,0.707106781186549,0.));
#1281=DIRECTION('center_axis',(0.707106781186548,-0.707106781186547,2.01063267314151E-16));
#1282=DIRECTION('ref_axis',(0.5,0.5,-0.707106781186548));
#1283=DIRECTION('center_axis',(-0.707106781186548,0.707106781186548,2.35513868802567E-15));
#1284=DIRECTION('ref_axis',(0.707106781186548,0.707106781186548,0.));
#1285=DIRECTION('',(-0.707106781186548,0.707106781186547,-2.01063267314151E-16));
#1286=DIRECTION('',(0.707106781186548,-0.707106781186547,2.01063267314151E-16));
#1287=DIRECTION('center_axis',(0.707011419184881,-0.707011419142067,-0.0164227386541157));
#1288=DIRECTION('ref_axis',(0.0186645928301576,0.0418685669464735,-0.998948775501694));
#1289=DIRECTION('center_axis',(3.39655057596551E-10,0.916169162962815,0.400791797366183));
#1290=DIRECTION('ref_axis',(1.,-3.70733999055518E-10,0.));
#1291=DIRECTION('center_axis',(-5.09483349241645E-10,0.916169162931785,
-0.400791797437115));
#1292=DIRECTION('ref_axis',(1.,5.56101831250546E-10,0.));
#1293=DIRECTION('center_axis',(0.707011419163411,0.70701141916341,-0.0164227386595811));
#1294=DIRECTION('ref_axis',(0.707106781186547,-0.707106781186548,5.55111512312579E-16));
#1295=DIRECTION('center_axis',(-0.707106781186549,0.707106781186546,0.));
#1296=DIRECTION('ref_axis',(0.707106781186546,0.707106781186549,0.));
#1297=DIRECTION('',(0.,0.,-1.));
#1298=DIRECTION('',(1.,0.,0.));
#1299=DIRECTION('',(1.,0.,0.));
#1300=DIRECTION('center_axis',(0.,1.,3.69180512267485E-16));
#1301=DIRECTION('ref_axis',(-5.90688819627977E-15,-3.69180512267485E-16,
1.));
#1302=DIRECTION('',(1.,0.,0.));
#1303=DIRECTION('',(0.,-5.55111512312578E-16,1.));
#1304=DIRECTION('',(1.,0.,0.));
#1305=DIRECTION('center_axis',(0.,2.8434639953072E-16,1.));
#1306=DIRECTION('ref_axis',(1.,0.,0.));
#1307=DIRECTION('center_axis',(1.22464679914735E-16,-1.,2.8434639953072E-16));
#1308=DIRECTION('ref_axis',(-1.,-1.22464679914735E-16,0.));
#1309=DIRECTION('center_axis',(0.,-2.8434639953072E-16,-1.));
#1310=DIRECTION('ref_axis',(-1.,-7.60509740617455E-17,2.16248206552615E-32));
#1311=DIRECTION('center_axis',(0.,-2.8434639953072E-16,-1.));
#1312=DIRECTION('ref_axis',(-1.,-7.60509740617455E-17,2.16248206552615E-32));
#1313=DIRECTION('center_axis',(0.,-2.8434639953072E-16,-1.));
#1314=DIRECTION('ref_axis',(-5.6869279906144E-16,1.,-2.8434639953072E-16));
#1315=DIRECTION('',(0.,1.,-1.54197642309049E-16));
#1316=DIRECTION('center_axis',(0.,0.,1.));
#1317=DIRECTION('ref_axis',(0.923879532511287,0.382683432365089,0.));
#1318=DIRECTION('',(0.,0.,-1.));
#1319=DIRECTION('',(0.,0.,-1.));
#1320=DIRECTION('',(0.,0.,-1.));
#1321=DIRECTION('',(0.,0.,1.));
#1322=DIRECTION('center_axis',(1.,0.,0.));
#1323=DIRECTION('ref_axis',(0.,-1.,0.));
#1324=DIRECTION('',(1.,0.,0.));
#1325=DIRECTION('center_axis',(-1.,0.,0.));
#1326=DIRECTION('ref_axis',(0.,-1.,0.));
#1327=DIRECTION('center_axis',(1.,0.,0.));
#1328=DIRECTION('ref_axis',(0.,1.,0.));
#1329=DIRECTION('',(0.,0.,1.));
#1330=DIRECTION('center_axis',(-1.,0.,0.));
#1331=DIRECTION('ref_axis',(0.,-1.,0.));
#1332=DIRECTION('center_axis',(-1.,0.,0.));
#1333=DIRECTION('ref_axis',(0.,-1.,0.));
#1334=DIRECTION('',(0.,0.,1.));
#1335=DIRECTION('center_axis',(-1.,0.,0.));
#1336=DIRECTION('ref_axis',(0.,-1.,0.));
#1337=DIRECTION('center_axis',(-1.,0.,0.));
#1338=DIRECTION('ref_axis',(0.,-1.,0.));
#1339=DIRECTION('',(0.,0.,1.));
#1340=DIRECTION('center_axis',(-1.,0.,0.));
#1341=DIRECTION('ref_axis',(0.,-1.,0.));
#1342=DIRECTION('center_axis',(0.,0.,-1.));
#1343=DIRECTION('ref_axis',(0.923879532511287,-0.382683432365088,0.));
#1344=DIRECTION('center_axis',(0.,-2.8434639953072E-16,-1.));
#1345=DIRECTION('ref_axis',(-5.6869279906144E-16,1.,-2.8434639953072E-16));
#1346=DIRECTION('',(1.,0.,0.));
#1347=DIRECTION('',(0.,1.,-1.54197642309049E-16));
#1348=DIRECTION('center_axis',(0.,7.13658176165776E-17,1.));
#1349=DIRECTION('ref_axis',(5.70926540932621E-16,-1.,7.13658176165776E-17));
#1350=DIRECTION('',(0.,-1.,1.5419764230905E-16));
#1351=DIRECTION('',(0.,-1.,1.5419764230905E-16));
#1352=DIRECTION('',(1.,0.,0.));
#1353=DIRECTION('center_axis',(-0.707106781186547,-0.707106781186548,0.));
#1354=DIRECTION('ref_axis',(-0.707106781186548,0.707106781186547,0.));
#1355=DIRECTION('',(1.,0.,0.));
#1356=DIRECTION('center_axis',(0.,-1.,-1.11425908237643E-15));
#1357=DIRECTION('ref_axis',(2.97135755300381E-15,1.11425908237643E-15,-1.));
#1358=DIRECTION('',(0.,0.,-1.));
#1359=DIRECTION('',(1.,0.,0.));
#1360=DIRECTION('center_axis',(1.,0.,0.));
#1361=DIRECTION('ref_axis',(0.,-1.,0.));
#1362=DIRECTION('',(1.,0.,0.));
#1363=DIRECTION('center_axis',(1.,0.,0.));
#1364=DIRECTION('ref_axis',(0.,-1.,0.));
#1365=DIRECTION('',(1.,0.,0.));
#1366=DIRECTION('center_axis',(1.,0.,0.));
#1367=DIRECTION('ref_axis',(0.,-1.,0.));
#1368=DIRECTION('',(1.,0.,0.));
#1369=DIRECTION('center_axis',(0.0909261323164954,-0.995857639656373,0.));
#1370=DIRECTION('ref_axis',(0.,0.,-1.));
#1371=CARTESIAN_POINT('',(0.,0.,0.));
#1372=CARTESIAN_POINT('Origin',(25.,-9.38705887057164E-17,6.49999998882414));
#1373=CARTESIAN_POINT('',(26.25,5.92102611877028E-17,6.99999998882414));
#1374=CARTESIAN_POINT('Origin',(25.,-9.38705887057164E-17,6.99999998882414));
#1375=CARTESIAN_POINT('',(26.25,5.92102611877028E-17,6.49999998882414));
#1376=CARTESIAN_POINT('',(26.25,5.92102611877028E-17,6.49999998882414));
#1377=CARTESIAN_POINT('Origin',(25.,-9.38705887057164E-17,6.49999998882414));
#1378=CARTESIAN_POINT('Origin',(25.,-6.93889390390723E-17,6.99999998882414));
#1379=CARTESIAN_POINT('Ctrl Pts',(1.,2.51778610169868,0.211603942180082));
#1380=CARTESIAN_POINT('Ctrl Pts',(1.,2.84873688432189,0.139033537815828));
#1381=CARTESIAN_POINT('Ctrl Pts',(1.,3.03880014006758,0.419516768907914));
#1382=CARTESIAN_POINT('Ctrl Pts',(1.,3.22886339581327,0.7));
#1383=CARTESIAN_POINT('Ctrl Pts',(1.,3.03880014006758,0.980483231092086));
#1384=CARTESIAN_POINT('Ctrl Pts',(1.,2.84873688432189,1.26096646218417));
#1385=CARTESIAN_POINT('Ctrl Pts',(1.,2.51778610169868,1.18839605781992));
#1386=CARTESIAN_POINT('Ctrl Pts',(1.29790002215423,2.38391763368598,-0.398891130094815));
#1387=CARTESIAN_POINT('Ctrl Pts',(1.29790002215423,3.1285568945882,-0.562174539914388));
#1388=CARTESIAN_POINT('Ctrl Pts',(1.29790002215423,3.556199220016,0.0689127300428061));
#1389=CARTESIAN_POINT('Ctrl Pts',(1.29790002215423,3.9838415454438,0.700000000000001));
#1390=CARTESIAN_POINT('Ctrl Pts',(1.29790002215423,3.556199220016,1.33108726995719));
#1391=CARTESIAN_POINT('Ctrl Pts',(1.29790002215423,3.1285568945882,1.96217453991439));
#1392=CARTESIAN_POINT('Ctrl Pts',(1.29790002215423,2.38391763368598,1.79889113009482));
#1393=CARTESIAN_POINT('Ctrl Pts',(1.99026511601692,2.38391763368598,-0.398891130094815));
#1394=CARTESIAN_POINT('Ctrl Pts',(1.99026511601692,3.1285568945882,-0.562174539914388));
#1395=CARTESIAN_POINT('Ctrl Pts',(1.99026511601692,3.556199220016,0.0689127300428061));
#1396=CARTESIAN_POINT('Ctrl Pts',(1.99026511601692,3.9838415454438,0.700000000000001));
#1397=CARTESIAN_POINT('Ctrl Pts',(1.99026511601692,3.556199220016,1.33108726995719));
#1398=CARTESIAN_POINT('Ctrl Pts',(1.99026511601692,3.1285568945882,1.96217453991439));
#1399=CARTESIAN_POINT('Ctrl Pts',(1.99026511601692,2.38391763368598,1.79889113009482));
#1400=CARTESIAN_POINT('',(1.99026511601692,2.38391763368598,1.79889113009482));
#1401=CARTESIAN_POINT('',(1.,2.57737879400834,1.19773843753132));
#1402=CARTESIAN_POINT('Ctrl Pts',(1.99026511601692,2.38391763368598,1.79889113009481));
#1403=CARTESIAN_POINT('Ctrl Pts',(1.8504854938123,2.38391763368598,1.79889113009481));
#1404=CARTESIAN_POINT('Ctrl Pts',(1.71233487434038,2.39573028199705,1.77419087843117));
#1405=CARTESIAN_POINT('Ctrl Pts',(1.45151732442673,2.43730950020798,1.67623035599049));
#1406=CARTESIAN_POINT('Ctrl Pts',(1.33181528319398,2.46675557876535,1.60306910506451));
#1407=CARTESIAN_POINT('Ctrl Pts',(1.13486748919039,2.5258095186503,1.42076375139119));
#1408=CARTESIAN_POINT('Ctrl Pts',(1.05697033946724,2.55461111841738,1.31563354032477));
#1409=CARTESIAN_POINT('Ctrl Pts',(1.,2.57737879400834,1.19773843753132));
#1410=CARTESIAN_POINT('',(1.,2.57737879400834,0.20226156246868));
#1411=CARTESIAN_POINT('Origin',(1.,2.62488087610884,0.7));
#1412=CARTESIAN_POINT('',(1.99026511601692,2.38391763368598,-0.398891130094815));
#1413=CARTESIAN_POINT('Ctrl Pts',(1.,2.57737879400834,0.202261562468682));
#1414=CARTESIAN_POINT('Ctrl Pts',(1.05876785388876,2.55389275820394,0.0806466618035655));
#1415=CARTESIAN_POINT('Ctrl Pts',(1.13978471052514,2.52398878714356,-0.0273482472776184));
#1416=CARTESIAN_POINT('Ctrl Pts',(1.34209027096988,2.46406723455006,-0.210274828562711));
#1417=CARTESIAN_POINT('Ctrl Pts',(1.46292806237797,2.43488006870529,-0.282193016026178));
#1418=CARTESIAN_POINT('Ctrl Pts',(1.72112466250357,2.39496713064079,-0.375738641213315));
#1419=CARTESIAN_POINT('Ctrl Pts',(1.85495433976857,2.38391763368598,-0.398891130094815));
#1420=CARTESIAN_POINT('Ctrl Pts',(1.99026511601692,2.38391763368598,-0.398891130094815));
#1421=CARTESIAN_POINT('Origin',(1.99026511601692,2.62488087610884,0.7));
#1422=CARTESIAN_POINT('Origin',(0.,2.62488087610884,0.7));
#1423=CARTESIAN_POINT('',(21.354,2.38391763368598,-0.398891130094815));
#1424=CARTESIAN_POINT('',(0.,2.38391763368598,-0.398891130094815));
#1425=CARTESIAN_POINT('',(21.354,2.38391763368598,1.79889113009482));
#1426=CARTESIAN_POINT('Origin',(21.354,2.62488087610884,0.7));
#1427=CARTESIAN_POINT('',(20.,2.38391763368598,1.79889113009482));
#1428=CARTESIAN_POINT('Ctrl Pts',(21.354,2.38391763368598,-0.398891130094815));
#1429=CARTESIAN_POINT('Ctrl Pts',(21.354,3.1285568945882,-0.562174539914388));
#1430=CARTESIAN_POINT('Ctrl Pts',(21.354,3.556199220016,0.068912730042806));
#1431=CARTESIAN_POINT('Ctrl Pts',(21.354,3.9838415454438,0.7));
#1432=CARTESIAN_POINT('Ctrl Pts',(21.354,3.556199220016,1.33108726995719));
#1433=CARTESIAN_POINT('Ctrl Pts',(21.354,3.1285568945882,1.96217453991439));
#1434=CARTESIAN_POINT('Ctrl Pts',(21.354,2.38391763368597,1.79889113009481));
#1435=CARTESIAN_POINT('Ctrl Pts',(22.451,2.38391763368598,-0.398891130094815));
#1436=CARTESIAN_POINT('Ctrl Pts',(22.451,3.1285568945882,-0.562174539914388));
#1437=CARTESIAN_POINT('Ctrl Pts',(22.451,3.556199220016,0.068912730042806));
#1438=CARTESIAN_POINT('Ctrl Pts',(22.451,3.9838415454438,0.7));
#1439=CARTESIAN_POINT('Ctrl Pts',(22.451,3.556199220016,1.33108726995719));
#1440=CARTESIAN_POINT('Ctrl Pts',(22.451,3.1285568945882,1.96217453991439));
#1441=CARTESIAN_POINT('Ctrl Pts',(22.451,2.38391763368597,1.79889113009481));
#1442=CARTESIAN_POINT('Ctrl Pts',(22.451,2.61888356874187,0.672649820762085));
#1443=CARTESIAN_POINT('Ctrl Pts',(22.451,2.63741681256877,0.668585878117687));
#1444=CARTESIAN_POINT('Ctrl Pts',(22.451,2.64806035489053,0.684292939058843));
#1445=CARTESIAN_POINT('Ctrl Pts',(22.451,2.65870389721229,0.7));
#1446=CARTESIAN_POINT('Ctrl Pts',(22.451,2.64806035489053,0.715707060941157));
#1447=CARTESIAN_POINT('Ctrl Pts',(22.451,2.63741681256877,0.731414121882313));
#1448=CARTESIAN_POINT('Ctrl Pts',(22.451,2.61888356874187,0.727350179237915));
#1449=CARTESIAN_POINT('',(22.451,2.62485066259261,0.672000016301015));
#1450=CARTESIAN_POINT('Ctrl Pts',(21.354,2.38391763368598,-0.398891130094815));
#1451=CARTESIAN_POINT('Ctrl Pts',(21.4534719069665,2.38391763368598,-0.398891130094815));
#1452=CARTESIAN_POINT('Ctrl Pts',(21.5533408053041,2.38981943857599,-0.386357711547723));
#1453=CARTESIAN_POINT('Ctrl Pts',(21.785007146709,2.41671463330655,-0.325475831308861));
#1454=CARTESIAN_POINT('Ctrl Pts',(21.9118356519184,2.44230835820065,-0.266162490868304));
#1455=CARTESIAN_POINT('Ctrl Pts',(22.1352144859425,2.50116614169694,-0.101480145310811));
#1456=CARTESIAN_POINT('Ctrl Pts',(22.2300165746556,2.53359685754884,0.00206436204762409));
#1457=CARTESIAN_POINT('Ctrl Pts',(22.3706088377718,2.58696358297394,0.239313669586659));
#1458=CARTESIAN_POINT('Ctrl Pts',(22.4173301982757,2.60767138827038,0.368748195346603));
#1459=CARTESIAN_POINT('Ctrl Pts',(22.442003287201,2.61958670726022,0.529870211621914));
#1460=CARTESIAN_POINT('Ctrl Pts',(22.4448703765918,2.62103302589095,0.553718875787873));
#1461=CARTESIAN_POINT('Ctrl Pts',(22.4482360431106,2.62285141376746,0.592778235971111));
#1462=CARTESIAN_POINT('Ctrl Pts',(22.4492263944704,2.62342519550726,0.607819114955316));
#1463=CARTESIAN_POINT('Ctrl Pts',(22.4503205473867,2.62414326302342,0.632302946445325));
#1464=CARTESIAN_POINT('Ctrl Pts',(22.4506213486768,2.6243688269373,0.641665135749724));
#1465=CARTESIAN_POINT('Ctrl Pts',(22.4509095323564,2.62465082443711,0.656811039546576));
#1466=CARTESIAN_POINT('Ctrl Pts',(22.4509746412173,2.62473925679593,0.662549921232898));
#1467=CARTESIAN_POINT('Ctrl Pts',(22.4509979630859,2.62482382191556,0.669563655482829));
#1468=CARTESIAN_POINT('Ctrl Pts',(22.451,2.62483764285553,0.670779484680248));
#1469=CARTESIAN_POINT('Ctrl Pts',(22.451,2.62485066259261,0.672000016301015));
#1470=CARTESIAN_POINT('',(22.451,2.62485066259261,0.727999983698985));
#1471=CARTESIAN_POINT('Origin',(22.451,2.62488087610884,0.7));
#1472=CARTESIAN_POINT('Ctrl Pts',(22.451,2.62485066259261,0.727999983699004));
#1473=CARTESIAN_POINT('Ctrl Pts',(22.451,2.62484585062646,0.728451080123633));
#1474=CARTESIAN_POINT('Ctrl Pts',(22.4509997217521,2.62484091853466,0.728902535327538));
#1475=CARTESIAN_POINT('Ctrl Pts',(22.4509683388332,2.62455665512714,0.754321077419969));
#1476=CARTESIAN_POINT('Ctrl Pts',(22.4500852691667,2.62391809591542,0.779540011048176));
#1477=CARTESIAN_POINT('Ctrl Pts',(22.439106507481,2.61767655555965,0.935496303960354));
#1478=CARTESIAN_POINT('Ctrl Pts',(22.4066458297383,2.60251215799457,1.06382041999062));
#1479=CARTESIAN_POINT('Ctrl Pts',(22.2947457449307,2.55740623796422,1.30455166018236));
#1480=CARTESIAN_POINT('Ctrl Pts',(22.2159064041671,2.52787921868494,1.41403120874255));
#1481=CARTESIAN_POINT('Ctrl Pts',(22.0165842073448,2.4678787120542,1.59994063995334));
#1482=CARTESIAN_POINT('Ctrl Pts',(21.8972269982235,2.438178635895,1.67411785063986));
#1483=CARTESIAN_POINT('Ctrl Pts',(21.6354162084664,2.39613923400673,1.77328875305825));
#1484=CARTESIAN_POINT('Ctrl Pts',(21.496361708709,2.38391763368598,1.79889113009482));
#1485=CARTESIAN_POINT('Ctrl Pts',(21.354,2.38391763368598,1.79889113009481));
#1486=CARTESIAN_POINT('Origin',(22.451,0.,0.7));
#1487=CARTESIAN_POINT('Origin',(22.451,-2.73218943395068E-17,0.7));
#1488=CARTESIAN_POINT('',(22.451,1.575,-0.25));
#1489=CARTESIAN_POINT('Origin',(22.451,0.95,-0.25));
#1490=CARTESIAN_POINT('',(22.451,-0.325,-0.25));
#1491=CARTESIAN_POINT('Origin',(22.451,-0.95,-0.25));
#1492=CARTESIAN_POINT('',(22.451,1.575,1.65));
#1493=CARTESIAN_POINT('Origin',(22.451,0.95,1.65));
#1494=CARTESIAN_POINT('',(22.451,-0.325,1.65));
#1495=CARTESIAN_POINT('Origin',(22.451,-0.95,1.65));
#1496=CARTESIAN_POINT('Origin',(0.,2.62488087610884,0.7));
#1497=CARTESIAN_POINT('',(0.5,2.57737879400834,0.20226156246868));
#1498=CARTESIAN_POINT('',(0.000119675613728654,3.12488032438627,0.7));
#1499=CARTESIAN_POINT('Ctrl Pts',(0.5,2.57737879400834,0.202261562468682));
#1500=CARTESIAN_POINT('Ctrl Pts',(0.44777020949647,2.62961095483501,0.19727674272243));
#1501=CARTESIAN_POINT('Ctrl Pts',(0.393715436609654,2.68530854652391,0.200463697895706));
#1502=CARTESIAN_POINT('Ctrl Pts',(0.273929693986582,2.81231459454471,0.230580886994635));
#1503=CARTESIAN_POINT('Ctrl Pts',(0.209804503302638,2.88309452046179,0.264854799071009));
#1504=CARTESIAN_POINT('Ctrl Pts',(0.113314299761082,2.99220354669277,0.354827600005526));
#1505=CARTESIAN_POINT('Ctrl Pts',(0.0724156224480244,3.03965619081779,0.410950952211118));
#1506=CARTESIAN_POINT('Ctrl Pts',(0.02998487903661,3.08945795034129,0.511412831659965));
#1507=CARTESIAN_POINT('Ctrl Pts',(0.0188544456822571,3.1026334932635,0.547558219207558));
#1508=CARTESIAN_POINT('Ctrl Pts',(0.00392367521193717,3.12034327044487,
0.622544969519283));
#1509=CARTESIAN_POINT('Ctrl Pts',(0.000119123891160399,3.12488087610884,
0.661384696846453));
#1510=CARTESIAN_POINT('Ctrl Pts',(0.000119123891160408,3.12488087610884,
0.7));
#1511=CARTESIAN_POINT('',(0.,2.57737879400834,0.202261562468682));
#1512=CARTESIAN_POINT('',(0.5,2.57737879400834,1.19773843753132));
#1513=CARTESIAN_POINT('',(0.,2.57737879400834,1.19773843753132));
#1514=CARTESIAN_POINT('Ctrl Pts',(0.000119123891160408,3.12488087610884,
0.7));
#1515=CARTESIAN_POINT('Ctrl Pts',(0.000119123891160418,3.12488087610884,
0.738615303153547));
#1516=CARTESIAN_POINT('Ctrl Pts',(0.00392367521193706,3.12034327044487,
0.777455030480717));
#1517=CARTESIAN_POINT('Ctrl Pts',(0.018854445682257,3.1026334932635,0.852441780792442));
#1518=CARTESIAN_POINT('Ctrl Pts',(0.0299848790366095,3.08945795034129,0.888587168340035));
#1519=CARTESIAN_POINT('Ctrl Pts',(0.0724156224480238,3.03965619081779,0.989049047788882));
#1520=CARTESIAN_POINT('Ctrl Pts',(0.113314299761081,2.99220354669277,1.04517239999447));
#1521=CARTESIAN_POINT('Ctrl Pts',(0.209804503302637,2.88309452046179,1.13514520092899));
#1522=CARTESIAN_POINT('Ctrl Pts',(0.273929693986581,2.81231459454471,1.16941911300536));
#1523=CARTESIAN_POINT('Ctrl Pts',(0.393715436609654,2.6853085465239,1.19953630210429));
#1524=CARTESIAN_POINT('Ctrl Pts',(0.44777020949647,2.62961095483501,1.20272325727757));
#1525=CARTESIAN_POINT('Ctrl Pts',(0.5,2.57737879400834,1.19773843753132));
#1526=CARTESIAN_POINT('Origin',(0.25,-2.73218943395068E-17,0.7));
#1527=CARTESIAN_POINT('Origin',(0.,-2.73218943395068E-17,0.7));
#1528=CARTESIAN_POINT('Origin',(0.5,-2.73218943395068E-17,0.7));
#1529=CARTESIAN_POINT('Origin',(0.,-2.73218943395068E-17,0.7));
#1530=CARTESIAN_POINT('Origin',(0.,-0.113664513254498,-0.690420127471615));
#1531=CARTESIAN_POINT('',(0.,5.2168781060851,-4.1686353479499));
#1532=CARTESIAN_POINT('',(1.38777878078145E-16,7.50000000000544,-2.89783674712736));
#1533=CARTESIAN_POINT('Ctrl Pts',(4.82871551632513E-8,5.21687852391474,
-4.16863716540424));
#1534=CARTESIAN_POINT('Ctrl Pts',(-2.58294145549401E-7,5.26756520169373,
-4.19962649664229));
#1535=CARTESIAN_POINT('Ctrl Pts',(-2.13456227526076E-5,5.31997626993731,
-4.22730817474091));
#1536=CARTESIAN_POINT('Ctrl Pts',(-5.07207841494162E-5,5.3737824342979,
-4.25173393554202));
#1537=CARTESIAN_POINT('Ctrl Pts',(-8.06681942909387E-5,5.42863678047431,
-4.27663552729324));
#1538=CARTESIAN_POINT('Ctrl Pts',(-0.000119126968878513,5.48494202279831,
-4.29815330360471));
#1539=CARTESIAN_POINT('Ctrl Pts',(-0.000155339124204137,5.54237453027998,
-4.31629371954571));
#1540=CARTESIAN_POINT('Ctrl Pts',(-0.000191816811964861,5.60022817241736,
-4.33456715349614));
#1541=CARTESIAN_POINT('Ctrl Pts',(-0.000225908155942371,5.65922669953806,
-4.34941364732877));
#1542=CARTESIAN_POINT('Ctrl Pts',(-0.00025068944931679,5.71904988914771,
-4.36078887450411));
#1543=CARTESIAN_POINT('Ctrl Pts',(-0.000257763137841475,5.73612610076661,
-4.36403587266196));
#1544=CARTESIAN_POINT('Ctrl Pts',(-0.000264109089237897,5.7532695166583,
-4.36699971392574));
#1545=CARTESIAN_POINT('Ctrl Pts',(-0.000269645664069472,5.7704726626999,
-4.36967858898239));
#1546=CARTESIAN_POINT('Ctrl Pts',(-0.000288996802155393,5.83060017197959,
-4.37904164876449));
#1547=CARTESIAN_POINT('Ctrl Pts',(-0.000297449614254829,5.89110636646439,
-4.38487294073345));
#1548=CARTESIAN_POINT('Ctrl Pts',(-0.000293651165552682,5.95166208207162,
-4.38718493712974));
#1549=CARTESIAN_POINT('Ctrl Pts',(-0.000289855804069493,6.01216858054631,
-4.38949505443285));
#1550=CARTESIAN_POINT('Ctrl Pts',(-0.000273729140844782,6.07272557758209,
-4.38829162957713));
#1551=CARTESIAN_POINT('Ctrl Pts',(-0.000248521562827484,6.13300957966036,
-4.38353579839441));
#1552=CARTESIAN_POINT('Ctrl Pts',(-0.000223900663318446,6.19189053824167,
-4.3788906539243));
#1553=CARTESIAN_POINT('Ctrl Pts',(-0.000190543631621128,6.25051199683164,
-4.37085641125898));
#1554=CARTESIAN_POINT('Ctrl Pts',(-0.000157111038690889,6.30856252363326,
-4.3593488448056));
#1555=CARTESIAN_POINT('Ctrl Pts',(-0.000148334509920954,6.32380160842837,
-4.35632794576074));
#1556=CARTESIAN_POINT('Ctrl Pts',(-0.00013958677243314,6.33900125220803,
-4.35306743033627));
#1557=CARTESIAN_POINT('Ctrl Pts',(-0.000131100649076598,6.35415558041407,
-4.34956522311261));
#1558=CARTESIAN_POINT('Ctrl Pts',(-9.80889273301186E-5,6.4131071705541,
-4.33594134734408));
#1559=CARTESIAN_POINT('Ctrl Pts',(-6.83139095283063E-5,6.47101587563872,
-4.31874655513609));
#1560=CARTESIAN_POINT('Ctrl Pts',(-5.867419044208E-5,6.52756347990673,-4.29795715763275));
#1561=CARTESIAN_POINT('Ctrl Pts',(-4.9146585905297E-5,6.58345340845641,
-4.27740955077843));
#1562=CARTESIAN_POINT('Ctrl Pts',(-5.92166555151217E-5,6.63801467592936,
-4.25335031441061));
#1563=CARTESIAN_POINT('Ctrl Pts',(-7.32850571330736E-5,6.69099810253784,
-4.22602239655961));
#1564=CARTESIAN_POINT('Ctrl Pts',(-8.74602725130448E-5,6.74438380363879,
-4.19848699261367));
#1565=CARTESIAN_POINT('Ctrl Pts',(-0.000105678428687283,6.79616849634721,
-4.16763243656768));
#1566=CARTESIAN_POINT('Ctrl Pts',(-0.000118765294074538,6.84606952666309,
-4.13366367237893));
#1567=CARTESIAN_POINT('Ctrl Pts',(-0.000121744369177156,6.85742892500716,
-4.12593107204516));
#1568=CARTESIAN_POINT('Ctrl Pts',(-0.000124485726465665,6.86869056894787,
-4.11803694126285));
#1569=CARTESIAN_POINT('Ctrl Pts',(-0.0001269312115431,6.87985085042492,
-4.10998343949799));
#1570=CARTESIAN_POINT('Ctrl Pts',(-0.000137651949011887,6.92877629629952,
-4.07467777399949));
#1571=CARTESIAN_POINT('Ctrl Pts',(-0.000141968344485401,6.97545409451856,
-4.03653049719845));
#1572=CARTESIAN_POINT('Ctrl Pts',(-0.000139419311744314,7.01964269805841,
-3.99580437152087));
#1573=CARTESIAN_POINT('Ctrl Pts',(-0.000136871485561459,7.06381038538072,
-3.95509752313281));
#1574=CARTESIAN_POINT('Ctrl Pts',(-0.000127461705238092,7.10549206106873,
-3.91181353269871));
#1575=CARTESIAN_POINT('Ctrl Pts',(-0.000117490902356179,7.14441700631309,
-3.86617338373244));
#1576=CARTESIAN_POINT('Ctrl Pts',(-0.000109422622571937,7.17591470539884,
-3.82924180504058));
#1577=CARTESIAN_POINT('Ctrl Pts',(-0.000101112297535344,7.2056069579236,
-3.79076650695222));
#1578=CARTESIAN_POINT('Ctrl Pts',(-9.9174151997161E-5,7.23333051419542,
-3.75084960760047));
#1579=CARTESIAN_POINT('Ctrl Pts',(-9.82012326024741E-5,7.24724731510376,
-3.73081193509878));
#1580=CARTESIAN_POINT('Ctrl Pts',(-9.88823449420197E-5,7.26066770130644,
-3.71041080556742));
#1581=CARTESIAN_POINT('Ctrl Pts',(-0.000100307193146618,7.273583825904,
-3.68966490978938));
#1582=CARTESIAN_POINT('Ctrl Pts',(-0.000103786414474957,7.30512266353897,
-3.63900718861356));
#1583=CARTESIAN_POINT('Ctrl Pts',(-0.000111393455667704,7.33349269272231,
-3.58656128653859));
#1584=CARTESIAN_POINT('Ctrl Pts',(-0.00011451468626502,7.35864695161231,
-3.53263897457035));
#1585=CARTESIAN_POINT('Ctrl Pts',(-0.000117674067151355,7.38410866687785,
-3.47805757903812));
#1586=CARTESIAN_POINT('Ctrl Pts',(-0.000116290566535102,7.40627592037467,
-3.42196255153203));
#1587=CARTESIAN_POINT('Ctrl Pts',(-0.000108130171311283,7.4250541311915,
-3.36465206728536));
#1588=CARTESIAN_POINT('Ctrl Pts',(-0.000105552160771534,7.43098649403369,
-3.3465466902327));
#1589=CARTESIAN_POINT('Ctrl Pts',(-0.000102344185385964,7.43658025284234,
-3.32831987532949));
#1590=CARTESIAN_POINT('Ctrl Pts',(-9.85592275299027E-5,7.44183138835908,
-3.3099807382413));
#1591=CARTESIAN_POINT('Ctrl Pts',(-8.65659570262572E-5,7.45847048741871,
-3.2518701224124));
#1592=CARTESIAN_POINT('Ctrl Pts',(-6.85425214258076E-5,7.47160117536726,
-3.19288443397018));
#1593=CARTESIAN_POINT('Ctrl Pts',(-4.99504884117381E-5,7.48115341324413,
-3.13332850494235));
#1594=CARTESIAN_POINT('Ctrl Pts',(-3.14973444126025E-5,7.49063429254993,
-3.07421747961655));
#1595=CARTESIAN_POINT('Ctrl Pts',(-1.25572751380265E-5,7.49659022869341,
-3.01454373956525));
#1596=CARTESIAN_POINT('Ctrl Pts',(-4.19358163848606E-6,7.49890380389654,
-2.95459322639392));
#1597=CARTESIAN_POINT('Ctrl Pts',(-1.55764189753824E-6,7.49963296079617,
-2.93569894958102));
#1598=CARTESIAN_POINT('Ctrl Pts',(-1.08087799108316E-8,7.49999994474808,
-2.91677714818178));
#1599=CARTESIAN_POINT('Ctrl Pts',(-1.01015655562531E-9,7.50000000009767,
-2.89783675501614));
#1600=CARTESIAN_POINT('',(0.,-5.21445325913339,-4.16715304201973));
#1601=CARTESIAN_POINT('Ctrl Pts',(0.,-5.21426129695337,-4.16746916480578));
#1602=CARTESIAN_POINT('Ctrl Pts',(0.,-4.00599468146157,-3.43025700021026));
#1603=CARTESIAN_POINT('Ctrl Pts',(0.,-0.474277890715177,-2.18651299035973));
#1604=CARTESIAN_POINT('Ctrl Pts',(0.,3.30324570396953,-2.99846065857089));
#1605=CARTESIAN_POINT('Ctrl Pts',(0.,5.2168781060851,-4.1686353479499));
#1606=CARTESIAN_POINT('',(-9.92689233495021E-11,-7.50000000001008,-2.89590522149614));
#1607=CARTESIAN_POINT('Ctrl Pts',(3.69851294729218E-9,-7.49999999966333,
-2.89590527214982));
#1608=CARTESIAN_POINT('Ctrl Pts',(-1.12071703656834E-7,-7.49999911471042,
-2.95515968295229));
#1609=CARTESIAN_POINT('Ctrl Pts',(-2.9988598651708E-5,-7.49624557213033,
-3.01414905292558));
#1610=CARTESIAN_POINT('Ctrl Pts',(-7.07625984285067E-5,-7.48895631479291,
-3.07261863484558));
#1611=CARTESIAN_POINT('Ctrl Pts',(-0.00011234899302535,-7.48152182385233,
-3.13225318428758));
#1612=CARTESIAN_POINT('Ctrl Pts',(-0.0001652285767646,-7.47040901212622,
-3.19134792645079));
#1613=CARTESIAN_POINT('Ctrl Pts',(-0.000214590860411212,-7.45579376015017,
-3.24962947788612));
#1614=CARTESIAN_POINT('Ctrl Pts',(-0.00026432813502655,-7.44106748033886,
-3.30835377738367));
#1615=CARTESIAN_POINT('Ctrl Pts',(-0.000310456443327076,-7.42278492254427,
-3.36625345312892));
#1616=CARTESIAN_POINT('Ctrl Pts',(-0.000343654145857018,-7.4010771437549,
-3.42303153551844));
#1617=CARTESIAN_POINT('Ctrl Pts',(-0.000351810432165225,-7.39574379700412,
-3.43698124470637));
#1618=CARTESIAN_POINT('Ctrl Pts',(-0.000359215121129035,-7.39020348215127,
-3.45086313075704));
#1619=CARTESIAN_POINT('Ctrl Pts',(-0.000365787474340401,-7.38445774119078,
-3.46467252573275));
#1620=CARTESIAN_POINT('Ctrl Pts',(-0.000392479795545121,-7.36112254322677,
-3.52075667009938));
#1621=CARTESIAN_POINT('Ctrl Pts',(-0.000404537010277689,-7.33454533392343,
-3.57530408756132));
#1622=CARTESIAN_POINT('Ctrl Pts',(-0.000400380484813516,-7.30491916345118,
-3.62804316149151));
#1623=CARTESIAN_POINT('Ctrl Pts',(-0.000396217778629202,-7.27524893910024,
-3.68086065800308));
#1624=CARTESIAN_POINT('Ctrl Pts',(-0.000375764218223499,-7.2425201737661,
-3.73186537911017));
#1625=CARTESIAN_POINT('Ctrl Pts',(-0.000343394872091374,-7.20687946622112,
-3.78076370926997));
#1626=CARTESIAN_POINT('Ctrl Pts',(-0.0003117011037429,-7.17198261275688,
-3.82864148667043));
#1627=CARTESIAN_POINT('Ctrl Pts',(-0.000268576011022375,-7.13429350975977,
-3.87450065893538));
#1628=CARTESIAN_POINT('Ctrl Pts',(-0.00022407154294358,-7.09391276760536,
-3.91803309832194));
#1629=CARTESIAN_POINT('Ctrl Pts',(-0.0002142985580635,-7.08504533474844,
-3.92759262998884));
#1630=CARTESIAN_POINT('Ctrl Pts',(-0.000204482512317004,-7.07604797971696,
-3.9370398092884));
#1631=CARTESIAN_POINT('Ctrl Pts',(-0.000194770018359177,-7.06692156426134,
-3.94637110005644));
#1632=CARTESIAN_POINT('Ctrl Pts',(-0.000149770412187365,-7.02463735764596,
-3.98960452820163));
#1633=CARTESIAN_POINT('Ctrl Pts',(-0.000106849524554552,-6.97984490147864,
-4.03008792120143));
#1634=CARTESIAN_POINT('Ctrl Pts',(-8.41805797423653E-5,-6.93270179900563,
-4.06754650152475));
#1635=CARTESIAN_POINT('Ctrl Pts',(-8.23034040090704E-5,-6.92879796101547,
-4.0706483811477));
#1636=CARTESIAN_POINT('Ctrl Pts',(-8.05686457302959E-5,-6.92487798078735,
-4.07372950111103));
#1637=CARTESIAN_POINT('Ctrl Pts',(-7.89885598742299E-5,-6.92094193545915,
-4.07678969515267));
#1638=CARTESIAN_POINT('Ctrl Pts',(-6.01517761627847E-5,-6.8740188937516,
-4.11327139205289));
#1639=CARTESIAN_POINT('Ctrl Pts',(-6.27826122937047E-5,-6.82481537486931,
-4.14678253492694));
#1640=CARTESIAN_POINT('Ctrl Pts',(-7.22137893557698E-5,-6.77367251825764,
-4.17724673838689));
#1641=CARTESIAN_POINT('Ctrl Pts',(-8.17455195686749E-5,-6.72198438767418,
-4.20803574453324));
#1642=CARTESIAN_POINT('Ctrl Pts',(-9.82790379538712E-5,-6.66831434944257,
-4.23571293988281));
#1643=CARTESIAN_POINT('Ctrl Pts',(-0.000112519098596699,-6.61299036688138,
-4.26015340055827));
#1644=CARTESIAN_POINT('Ctrl Pts',(-0.000114415185903113,-6.60562388834553,
-4.26340768777038));
#1645=CARTESIAN_POINT('Ctrl Pts',(-0.00011627829001646,-6.59822806463585,
-4.26660451770245));
#1646=CARTESIAN_POINT('Ctrl Pts',(-0.000118093350374361,-6.59080365301438,
-4.2697435278675));
#1647=CARTESIAN_POINT('Ctrl Pts',(-0.000131656808710611,-6.53532301995412,
-4.29320050735882));
#1648=CARTESIAN_POINT('Ctrl Pts',(-0.000142316133812869,-6.47857957211889,
-4.3132923552471));
#1649=CARTESIAN_POINT('Ctrl Pts',(-0.000146975761050501,-6.42092469124707,
-4.32996058745279));
#1650=CARTESIAN_POINT('Ctrl Pts',(-0.000151645204258101,-6.36314835461275,
-4.3466639329537));
#1651=CARTESIAN_POINT('Ctrl Pts',(-0.000150357056084565,-6.30445570206934,
-4.35992957051975));
#1652=CARTESIAN_POINT('Ctrl Pts',(-0.00014566650402177,-6.24517838521977,
-4.36965220375729));
#1653=CARTESIAN_POINT('Ctrl Pts',(-0.000141397962430894,-6.19123426755933,
-4.37850008856736));
#1654=CARTESIAN_POINT('Ctrl Pts',(-0.000134415157755029,-6.13680512944173,
-4.38441346755284));
#1655=CARTESIAN_POINT('Ctrl Pts',(-0.000130016329454369,-6.08213603638795,
-4.38727590692776));
#1656=CARTESIAN_POINT('Ctrl Pts',(-0.00012845211780704,-6.06269585226199,
-4.38829378275831));
#1657=CARTESIAN_POINT('Ctrl Pts',(-0.00012724152308495,-6.04322533307762,
-4.38892552021358));
#1658=CARTESIAN_POINT('Ctrl Pts',(-0.000126153038235294,-6.02373454072077,
-4.38917293835977));
#1659=CARTESIAN_POINT('Ctrl Pts',(-0.000122815989673104,-5.96398017608169,
-4.38993146648192));
#1660=CARTESIAN_POINT('Ctrl Pts',(-0.000120535661464725,-5.90433304875127,
-4.38707797792622));
#1661=CARTESIAN_POINT('Ctrl Pts',(-0.000115346627386395,-5.84508252277858,
-4.38073832223334));
#1662=CARTESIAN_POINT('Ctrl Pts',(-0.000110093977333235,-5.78510560343247,
-4.37432094429565));
#1663=CARTESIAN_POINT('Ctrl Pts',(-0.000101959411512309,-5.7255340987935,
-4.36433127081245));
#1664=CARTESIAN_POINT('Ctrl Pts',(-9.07971359574641E-5,-5.66667019504398,
-4.35084722500838));
#1665=CARTESIAN_POINT('Ctrl Pts',(-8.68007048230416E-5,-5.64559514305459,
-4.34601953013519));
#1666=CARTESIAN_POINT('Ctrl Pts',(-8.24455361760589E-5,-5.62461088545256,
-4.34074343089666));
#1667=CARTESIAN_POINT('Ctrl Pts',(-7.78088516528996E-5,-5.60373172525859,
-4.33502093856296));
#1668=CARTESIAN_POINT('Ctrl Pts',(-6.48443362688893E-5,-5.54535203774956,
-4.31902042364233));
#1669=CARTESIAN_POINT('Ctrl Pts',(-4.96633229077566E-5,-5.48803281708815,
-4.29959935641915));
#1670=CARTESIAN_POINT('Ctrl Pts',(-3.56536343025654E-5,-5.43207176820562,
-4.27685226903865));
#1671=CARTESIAN_POINT('Ctrl Pts',(-2.17796682390776E-5,-5.37665285669708,
-4.25432555004768));
#1672=CARTESIAN_POINT('Ctrl Pts',(-9.16244524864232E-6,-5.3225650092855,
-4.22853663793578));
#1673=CARTESIAN_POINT('Ctrl Pts',(-3.39783697024098E-6,-5.27011347104987,
-4.19952952731459));
#1674=CARTESIAN_POINT('Ctrl Pts',(-1.33511443439138E-6,-5.25134498501692,
-4.189150050013));
#1675=CARTESIAN_POINT('Ctrl Pts',(-1.63656946919259E-7,-5.23278622750861,
-4.17835809132566));
#1676=CARTESIAN_POINT('Ctrl Pts',(-1.72511702173361E-7,-5.21445203627692,
-4.16715426736844));
#1677=CARTESIAN_POINT('',(0.,-7.50000000000102,4.89124453837466E-6));
#1678=CARTESIAN_POINT('',(0.,-7.50000000000102,4.89124453837466E-6));
#1679=CARTESIAN_POINT('',(0.,5.89886676874704,2.77906702028487));
#1680=CARTESIAN_POINT('Origin',(0.,-3.51858943378928E-21,-8.58454024803959E-11));
#1681=CARTESIAN_POINT('Ctrl Pts',(0.,7.49992001437441,-2.89783677262738));
#1682=CARTESIAN_POINT('Ctrl Pts',(0.,7.49961208655414,-1.93196220766112));
#1683=CARTESIAN_POINT('Ctrl Pts',(0.,7.49859998646076,-0.966239269985333));
#1684=CARTESIAN_POINT('Ctrl Pts',(0.,7.50193456363341,0.998820937413541));
#1685=CARTESIAN_POINT('Ctrl Pts',(0.,6.92658109547689,1.99375096123554));
#1686=CARTESIAN_POINT('Ctrl Pts',(0.,5.89886676874704,2.77906702028487));
#1687=CARTESIAN_POINT('Origin',(25.,-4.77665327352065E-16,-5.37500001117586));
#1688=CARTESIAN_POINT('',(26.71,-2.77176183717596E-16,-5.50000001117586));
#1689=CARTESIAN_POINT('Origin',(25.,-4.86590786371794E-16,-5.50000001117586));
#1690=CARTESIAN_POINT('',(26.96,-7.08770640965217E-16,-5.25000001117586));
#1691=CARTESIAN_POINT('',(26.835,-7.02388014995604E-16,-5.37500001117586));
#1692=CARTESIAN_POINT('Origin',(25.,-4.68739868332336E-16,-5.25000001117586));
#1693=CARTESIAN_POINT('Origin',(25.,1.56042263048701E-16,3.49999998882414));
#1694=CARTESIAN_POINT('',(26.96,6.67283413851244E-17,-3.20000001117586));
#1695=CARTESIAN_POINT('',(26.96,-8.39885095841806E-17,3.49999998882414));
#1696=CARTESIAN_POINT('',(23.04,-5.6239311304166E-16,-3.20000001117586));
#1697=CARTESIAN_POINT('Origin',(25.,-3.22362340408778E-16,-3.20000001117586));
#1698=CARTESIAN_POINT('Origin',(25.,-3.22362340408778E-16,-3.20000001117586));
#1699=CARTESIAN_POINT('Origin',(25.,-3.65160143053417E-16,-5.50000001117586));
#1700=CARTESIAN_POINT('Origin',(25.,3.6132782050247E-16,6.37499998882414));
#1701=CARTESIAN_POINT('',(26.71,1.60838676868001E-16,6.49999998882414));
#1702=CARTESIAN_POINT('Origin',(25.,3.70253279522199E-16,6.49999998882414));
#1703=CARTESIAN_POINT('',(26.96,5.92433134115622E-16,6.24999998882414));
#1704=CARTESIAN_POINT('',(26.835,5.86050508146009E-16,6.37499998882414));
#1705=CARTESIAN_POINT('Origin',(25.,3.52402361482741E-16,6.24999998882414));
#1706=CARTESIAN_POINT('Origin',(25.,1.56042263048701E-16,3.49999998882414));
#1707=CARTESIAN_POINT('',(26.96,3.74363404606479E-16,3.1959591682468));
#1708=CARTESIAN_POINT('',(26.96,3.96073035681582E-16,3.49999998882414));
#1709=CARTESIAN_POINT('',(26.5,1.26158630303281,3.49999998882414));
#1710=CARTESIAN_POINT('Ctrl Pts',(26.96,2.77555756156289E-16,3.1959591682468));
#1711=CARTESIAN_POINT('Ctrl Pts',(26.96,0.262994673504141,3.1959591682468));
#1712=CARTESIAN_POINT('Ctrl Pts',(26.9104385207365,0.504838165334492,3.3105102868751));
#1713=CARTESIAN_POINT('Ctrl Pts',(26.7687122304193,0.853834612569734,3.42602700442473));
#1714=CARTESIAN_POINT('Ctrl Pts',(26.7100986421164,0.966060821419739,3.45945095509042));
#1715=CARTESIAN_POINT('Ctrl Pts',(26.5978529542334,1.13779921547146,3.49235594541609));
#1716=CARTESIAN_POINT('Ctrl Pts',(26.5509821165199,1.20096962179902,3.49999998882414));
#1717=CARTESIAN_POINT('Ctrl Pts',(26.5000000000001,1.26158630303271,3.49999998882414));
#1718=CARTESIAN_POINT('',(26.5,-1.26158630303281,3.49999998882414));
#1719=CARTESIAN_POINT('Origin',(25.,1.56042263048701E-16,3.49999998882414));
#1720=CARTESIAN_POINT('Ctrl Pts',(26.5000000000001,-1.26158630303271,3.49999998882414));
#1721=CARTESIAN_POINT('Ctrl Pts',(26.5509821165199,-1.20096962179902,3.49999998882414));
#1722=CARTESIAN_POINT('Ctrl Pts',(26.5978529542334,-1.13779921547146,3.49235594541609));
#1723=CARTESIAN_POINT('Ctrl Pts',(26.7100986421164,-0.966060821419737,3.45945095509042));
#1724=CARTESIAN_POINT('Ctrl Pts',(26.7687122304193,-0.853834612569733,3.42602700442473));
#1725=CARTESIAN_POINT('Ctrl Pts',(26.9104385207365,-0.504838165334491,3.3105102868751));
#1726=CARTESIAN_POINT('Ctrl Pts',(26.96,-0.26299467350414,3.1959591682468));
#1727=CARTESIAN_POINT('Ctrl Pts',(26.96,2.77555756156289E-16,3.1959591682468));
#1728=CARTESIAN_POINT('Origin',(25.,4.91683922840576E-16,6.49999998882414));
#1729=CARTESIAN_POINT('Origin',(18.1097210446013,-10.3302206797836,-2.00000001117586));
#1730=CARTESIAN_POINT('',(25.9587217352903,-2.48121998909446,-2.50000001117586));
#1731=CARTESIAN_POINT('',(26.3122751258836,-2.83477337968773,-2.00000001117586));
#1732=CARTESIAN_POINT('Origin',(25.9587217352903,-2.48121998909446,-2.00000001117586));
#1733=CARTESIAN_POINT('',(24.8872079516537,-4.25984055391769,-2.00000001117586));
#1734=CARTESIAN_POINT('',(18.4632744351945,-10.6837740703768,-2.00000001117586));
#1735=CARTESIAN_POINT('',(24.5336545610604,-3.90628716332442,-2.50000001117586));
#1736=CARTESIAN_POINT('Origin',(24.5336545610604,-3.90628716332442,-2.00000001117586));
#1737=CARTESIAN_POINT('',(18.1097210446013,-10.3302206797836,-2.50000001117586));
#1738=CARTESIAN_POINT('Ctrl Pts',(24.8872079516537,-4.25984055391769,-2.00000001117586));
#1739=CARTESIAN_POINT('Ctrl Pts',(24.6953592297239,-4.4516892758474,-2.00000001117586));
#1740=CARTESIAN_POINT('Ctrl Pts',(24.3750460077867,-4.7720024977846,-1.9106506839092));
#1741=CARTESIAN_POINT('Ctrl Pts',(24.0000597821484,-5.14698872342295,-1.53756677582047));
#1742=CARTESIAN_POINT('Ctrl Pts',(23.8934951149781,-5.25355339059327,-1.18709004131226));
#1743=CARTESIAN_POINT('Ctrl Pts',(23.8934951149781,-5.25355339059327,-1.00621333166097));
#1744=CARTESIAN_POINT('Ctrl Pts',(24.8872079516537,-4.25984055391769,-2.13089970507543));
#1745=CARTESIAN_POINT('Ctrl Pts',(24.682595943128,-4.46393445280174,-2.11955231540049));
#1746=CARTESIAN_POINT('Ctrl Pts',(24.3465251862881,-4.80030621871577,-2.00591955816276));
#1747=CARTESIAN_POINT('Ctrl Pts',(23.9570009313414,-5.18958587034139,-1.5871387148324));
#1748=CARTESIAN_POINT('Ctrl Pts',(23.8472150843723,-5.29983342119909,-1.20372910977857));
#1749=CARTESIAN_POINT('Ctrl Pts',(23.8472150843723,-5.29983342119909,-1.00621333166097));
#1750=CARTESIAN_POINT('Ctrl Pts',(24.8105855255155,-4.18321812777951,-2.39163953694931));
#1751=CARTESIAN_POINT('Ctrl Pts',(24.5953871847081,-4.42630404199078,-2.35861818925631));
#1752=CARTESIAN_POINT('Ctrl Pts',(24.2470389725718,-4.81416782694715,-2.19656077638209));
#1753=CARTESIAN_POINT('Ctrl Pts',(23.8483685949414,-5.25215473863383,-1.6866782561126));
#1754=CARTESIAN_POINT('Ctrl Pts',(23.7362627168056,-5.37396080248082,-1.23699023536995));
#1755=CARTESIAN_POINT('Ctrl Pts',(23.7362627168056,-5.37396080248082,-1.00621333166097));
#1756=CARTESIAN_POINT('Ctrl Pts',(24.626214622272,-3.99884722453605,-2.50000001117586));
#1757=CARTESIAN_POINT('Ctrl Pts',(24.4263420841544,-4.27822217030526,-2.48194999817144));
#1758=CARTESIAN_POINT('Ctrl Pts',(24.0966696383368,-4.73367677236722,-2.32661809844795));
#1759=CARTESIAN_POINT('Ctrl Pts',(23.713711617591,-5.25450088292342,-1.7693188437989));
#1760=CARTESIAN_POINT('Ctrl Pts',(23.6053915713346,-5.4,-1.26520945551118));
#1761=CARTESIAN_POINT('Ctrl Pts',(23.6053915713346,-5.4,-1.00621333166097));
#1762=CARTESIAN_POINT('Ctrl Pts',(24.5336545610604,-3.90628716332442,-2.50000001117586));
#1763=CARTESIAN_POINT('Ctrl Pts',(24.3418058391307,-4.19348536356881,-2.50000001117586));
#1764=CARTESIAN_POINT('Ctrl Pts',(24.0214926171934,-4.67495206307305,-2.36619667207202));
#1765=CARTESIAN_POINT('Ctrl Pts',(23.6465063915551,-5.24019442338068,-1.80376414012999));
#1766=CARTESIAN_POINT('Ctrl Pts',(23.5399417243848,-5.4,-1.27696358532575));
#1767=CARTESIAN_POINT('Ctrl Pts',(23.5399417243848,-5.4,-1.00621333166097));
#1768=CARTESIAN_POINT('',(23.8934951149781,-5.25355339059327,-1.00621333166097));
#1769=CARTESIAN_POINT('',(23.5399417243848,-5.4,-1.00621333166097));
#1770=CARTESIAN_POINT('Origin',(23.5399417243848,-4.9,-1.00621333166097));
#1771=CARTESIAN_POINT('Ctrl Pts',(23.5399417243848,-5.4,-1.00621333166097));
#1772=CARTESIAN_POINT('Ctrl Pts',(23.5399417243848,-5.4,-1.27696358532575));
#1773=CARTESIAN_POINT('Ctrl Pts',(23.6465063915551,-5.24019442338068,-1.80376414012999));
#1774=CARTESIAN_POINT('Ctrl Pts',(24.0214926171934,-4.67495206307305,-2.36619667207202));
#1775=CARTESIAN_POINT('Ctrl Pts',(24.3418058391307,-4.19348536356881,-2.50000001117586));
#1776=CARTESIAN_POINT('Ctrl Pts',(24.5336545610604,-3.90628716332442,-2.50000001117586));
#1777=CARTESIAN_POINT('Ctrl Pts',(24.8872079516537,-4.25984055391769,-2.00000001117586));
#1778=CARTESIAN_POINT('Ctrl Pts',(24.6953592297239,-4.4516892758474,-2.00000001117586));
#1779=CARTESIAN_POINT('Ctrl Pts',(24.3750460077867,-4.7720024977846,-1.9106506839092));
#1780=CARTESIAN_POINT('Ctrl Pts',(24.0000597821484,-5.14698872342295,-1.53756677582047));
#1781=CARTESIAN_POINT('Ctrl Pts',(23.8934951149781,-5.25355339059327,-1.18709004131226));
#1782=CARTESIAN_POINT('Ctrl Pts',(23.8934951149781,-5.25355339059327,-1.00621333166097));
#1783=CARTESIAN_POINT('Origin',(23.5399417243848,-4.9,0.991460049646508));
#1784=CARTESIAN_POINT('',(23.8934951149781,-5.25355339059328,1.98292009929299));
#1785=CARTESIAN_POINT('',(23.5399417243848,-5.4,1.98292009929299));
#1786=CARTESIAN_POINT('Origin',(23.5399417243848,-4.9,1.98292009929299));
#1787=CARTESIAN_POINT('',(23.5399417243848,-5.4,0.991460049646508));
#1788=CARTESIAN_POINT('',(23.8934951149781,-5.25355339059328,0.991460049646508));
#1789=CARTESIAN_POINT('Ctrl Pts',(23.8934951149781,-5.25355339059327,1.98292009929299));
#1790=CARTESIAN_POINT('Ctrl Pts',(23.8934951149781,-5.25355339059327,2.16794260945163));
#1791=CARTESIAN_POINT('Ctrl Pts',(23.9745803295182,-5.17246817605317,2.43644555972954));
#1792=CARTESIAN_POINT('Ctrl Pts',(24.315791935157,-4.83125657041439,2.87689439213307));
#1793=CARTESIAN_POINT('Ctrl Pts',(24.6497343537226,-4.49731415184872,2.99999998882414));
#1794=CARTESIAN_POINT('Ctrl Pts',(24.9113956969333,-4.23565280863806,2.99999998882414));
#1795=CARTESIAN_POINT('Ctrl Pts',(23.8472150843723,-5.29983342119909,1.98292009929299));
#1796=CARTESIAN_POINT('Ctrl Pts',(23.8472150843723,-5.29983342119909,2.18499288363447));
#1797=CARTESIAN_POINT('Ctrl Pts',(23.930707688179,-5.21597939471492,2.47827473363773));
#1798=CARTESIAN_POINT('Ctrl Pts',(24.2844885166716,-4.86248155293059,2.96656199110218));
#1799=CARTESIAN_POINT('Ctrl Pts',(24.6323424015431,-4.51400009950174,3.11543710910633));
#1800=CARTESIAN_POINT('Ctrl Pts',(24.9113956969333,-4.23565280863806,3.13089968272372));
#1801=CARTESIAN_POINT('Ctrl Pts',(23.7362625715775,-5.37396045186915,1.98292009929299));
#1802=CARTESIAN_POINT('Ctrl Pts',(23.7362625715775,-5.37396045186915,2.2190760002531));
#1803=CARTESIAN_POINT('Ctrl Pts',(23.8214821994458,-5.28141172856098,2.56224100626737));
#1804=CARTESIAN_POINT('Ctrl Pts',(24.1830389534919,-4.88585752699616,3.14589190364424));
#1805=CARTESIAN_POINT('Ctrl Pts',(24.5412916534536,-4.49050751868169,3.3466388513633));
#1806=CARTESIAN_POINT('Ctrl Pts',(24.8347704640445,-4.15902757574926,3.39163554525281));
#1807=CARTESIAN_POINT('Ctrl Pts',(23.6053915713346,-5.4,1.98292009929299));
#1808=CARTESIAN_POINT('Ctrl Pts',(23.6053915713346,-5.4,2.24799260947361));
#1809=CARTESIAN_POINT('Ctrl Pts',(23.6877814320715,-5.2895115239213,2.63184612657138));
#1810=CARTESIAN_POINT('Ctrl Pts',(24.0358580837533,-4.82139142490578,3.27406517844394));
#1811=CARTESIAN_POINT('Ctrl Pts',(24.3778073336815,-4.35558884078135,3.47540405417567));
#1812=CARTESIAN_POINT('Ctrl Pts',(24.6504023675516,-3.97465947925642,3.49999998882414));
#1813=CARTESIAN_POINT('Ctrl Pts',(23.5399417243848,-5.4,1.98292009929299));
#1814=CARTESIAN_POINT('Ctrl Pts',(23.5399417243848,-5.4,2.26003722221891));
#1815=CARTESIAN_POINT('Ctrl Pts',(23.6210269389249,-5.27874133306095,2.66072665765139));
#1816=CARTESIAN_POINT('Ctrl Pts',(23.9622385445637,-4.77081210651321,3.31625372450537));
#1817=CARTESIAN_POINT('Ctrl Pts',(24.2961809631293,-4.27368917387318,3.49999998882414));
#1818=CARTESIAN_POINT('Ctrl Pts',(24.55784230634,-3.88209941804479,3.49999998882414));
#1819=CARTESIAN_POINT('',(24.9113956969333,-4.23565280863806,2.99999998882414));
#1820=CARTESIAN_POINT('',(24.55784230634,-3.88209941804478,3.49999998882414));
#1821=CARTESIAN_POINT('Origin',(24.55784230634,-3.88209941804478,2.99999998882414));
#1822=CARTESIAN_POINT('Ctrl Pts',(24.55784230634,-3.88209941804479,3.49999998882414));
#1823=CARTESIAN_POINT('Ctrl Pts',(24.2961809631293,-4.27368917387318,3.49999998882414));
#1824=CARTESIAN_POINT('Ctrl Pts',(23.9622385445637,-4.77081210651321,3.31625372450537));
#1825=CARTESIAN_POINT('Ctrl Pts',(23.6210269389249,-5.27874133306095,2.66072665765139));
#1826=CARTESIAN_POINT('Ctrl Pts',(23.5399417243848,-5.4,2.26003722221891));
#1827=CARTESIAN_POINT('Ctrl Pts',(23.5399417243848,-5.4,1.98292009929299));
#1828=CARTESIAN_POINT('Ctrl Pts',(23.8934951149781,-5.25355339059327,1.98292009929299));
#1829=CARTESIAN_POINT('Ctrl Pts',(23.8934951149781,-5.25355339059327,2.16794260945163));
#1830=CARTESIAN_POINT('Ctrl Pts',(23.9745803295182,-5.17246817605317,2.43644555972954));
#1831=CARTESIAN_POINT('Ctrl Pts',(24.315791935157,-4.83125657041439,2.87689439213307));
#1832=CARTESIAN_POINT('Ctrl Pts',(24.6497343537226,-4.49731415184872,2.99999998882414));
#1833=CARTESIAN_POINT('Ctrl Pts',(24.9113956969333,-4.23565280863806,2.99999998882414));
#1834=CARTESIAN_POINT('Origin',(20.0603667077759,-8.3795750166089,2.99999998882414));
#1835=CARTESIAN_POINT('',(26.4142135623731,-2.73283494319823,2.99999998882414));
#1836=CARTESIAN_POINT('',(26.0606601717798,-2.37928155260496,3.49999998882414));
#1837=CARTESIAN_POINT('Origin',(26.0606601717798,-2.37928155260496,2.99999998882414));
#1838=CARTESIAN_POINT('',(20.0603667077759,-8.3795750166089,3.49999998882414));
#1839=CARTESIAN_POINT('',(20.4139200983692,-8.73312840720218,2.99999998882414));
#1840=CARTESIAN_POINT('Origin',(25.,-1.31862138082514,2.99999998882414));
#1841=CARTESIAN_POINT('',(27.,-1.31862138082514,2.99999998882414));
#1842=CARTESIAN_POINT('',(26.5,-1.31862138082514,3.49999998882414));
#1843=CARTESIAN_POINT('Origin',(26.5,-1.31862138082514,2.99999998882414));
#1844=CARTESIAN_POINT('Origin',(25.,-1.31862138082514,3.49999998882414));
#1845=CARTESIAN_POINT('Origin',(25.,-1.31862138082514,2.99999998882414));
#1846=CARTESIAN_POINT('Origin',(26.5,1.94814776246652,2.99999998882414));
#1847=CARTESIAN_POINT('',(26.5,1.94814776246652,3.49999998882414));
#1848=CARTESIAN_POINT('',(27.,1.31862138082513,2.99999998882414));
#1849=CARTESIAN_POINT('',(27.,1.94814776246652,2.99999998882414));
#1850=CARTESIAN_POINT('',(26.5,1.31862138082513,3.49999998882414));
#1851=CARTESIAN_POINT('Origin',(26.5,1.31862138082513,2.99999998882414));
#1852=CARTESIAN_POINT('',(26.5,1.94814776246652,3.49999998882414));
#1853=CARTESIAN_POINT('Origin',(25.,1.31862138082513,2.99999998882414));
#1854=CARTESIAN_POINT('',(26.4142135623731,2.73283494319823,2.99999998882414));
#1855=CARTESIAN_POINT('',(26.0606601717798,2.37928155260495,3.49999998882414));
#1856=CARTESIAN_POINT('Origin',(26.0606601717798,2.37928155260495,2.99999998882414));
#1857=CARTESIAN_POINT('Origin',(25.,1.31862138082513,3.49999998882414));
#1858=CARTESIAN_POINT('Origin',(25.,1.31862138082513,2.99999998882414));
#1859=CARTESIAN_POINT('Origin',(26.2826591162417,2.1572826081431,2.99999998882414));
#1860=CARTESIAN_POINT('',(24.8971996256039,4.24984887996746,2.99999998882414));
#1861=CARTESIAN_POINT('',(24.5436462350106,3.89629548937419,3.49999998882414));
#1862=CARTESIAN_POINT('Origin',(24.5436462350106,3.89629548937419,2.99999998882414));
#1863=CARTESIAN_POINT('',(26.2826591162417,2.1572826081431,3.49999998882414));
#1864=CARTESIAN_POINT('',(26.6362125068349,2.51083599873638,2.99999998882414));
#1865=CARTESIAN_POINT('Origin',(23.5399417243848,4.9,-0.502852809042033));
#1866=CARTESIAN_POINT('',(23.5399417243848,5.4,2.0015577334028));
#1867=CARTESIAN_POINT('',(23.893495114978,5.25355339059327,2.0015577334028));
#1868=CARTESIAN_POINT('Origin',(23.5399417243848,4.9,2.0015577334028));
#1869=CARTESIAN_POINT('',(23.893495114978,5.25355339059327,-1.00570561808407));
#1870=CARTESIAN_POINT('',(23.893495114978,5.25355339059327,-0.502852809042033));
#1871=CARTESIAN_POINT('',(23.5399417243848,5.4,-1.00570561808407));
#1872=CARTESIAN_POINT('Origin',(23.5399417243848,4.9,-1.00570561808407));
#1873=CARTESIAN_POINT('',(23.5399417243848,5.4,-0.502852809042032));
#1874=CARTESIAN_POINT('Ctrl Pts',(23.893495114978,5.25355339059328,-1.00570561808407));
#1875=CARTESIAN_POINT('Ctrl Pts',(23.893495114978,5.25355339059328,-1.18699723502079));
#1876=CARTESIAN_POINT('Ctrl Pts',(23.9720896268018,5.17495887876952,-1.45058496888305));
#1877=CARTESIAN_POINT('Ctrl Pts',(24.3068447781164,4.84020372745497,-1.88204700032105));
#1878=CARTESIAN_POINT('Ctrl Pts',(24.6344499135842,4.51259859198715,-2.00000001117586));
#1879=CARTESIAN_POINT('Ctrl Pts',(24.8908349770006,4.2562135285707,-2.00000001117586));
#1880=CARTESIAN_POINT('Ctrl Pts',(23.8472150843722,5.29983342119909,-1.00570561808407));
#1881=CARTESIAN_POINT('Ctrl Pts',(23.8472150843722,5.29983342119909,-1.20377794890114));
#1882=CARTESIAN_POINT('Ctrl Pts',(23.9281771107631,5.21850979360484,-1.49222849259503));
#1883=CARTESIAN_POINT('Ctrl Pts',(24.2756504767415,4.87132078797147,-1.97215790404012));
#1884=CARTESIAN_POINT('Ctrl Pts',(24.6174481415969,4.52891019832437,-2.11578402695801));
#1885=CARTESIAN_POINT('Ctrl Pts',(24.8908349770006,4.2562135285707,-2.13089970507543));
#1886=CARTESIAN_POINT('Ctrl Pts',(23.7362627168056,5.37396080248082,-1.00570561808407));
#1887=CARTESIAN_POINT('Ctrl Pts',(23.7362627168056,5.37396080248082,-1.23732222050607));
#1888=CARTESIAN_POINT('Ctrl Pts',(23.818936322185,5.28408943498554,-1.57582340979903));
#1889=CARTESIAN_POINT('Ctrl Pts',(24.1742599619971,4.89431803118237,-2.1523756988783));
#1890=CARTESIAN_POINT('Ctrl Pts',(24.5267238298446,4.50422841842458,-2.34765232253004));
#1891=CARTESIAN_POINT('Ctrl Pts',(24.8142125508625,4.17959110243252,-2.39163953694931));
#1892=CARTESIAN_POINT('Ctrl Pts',(23.6053915713346,5.4,-1.00570561808407));
#1893=CARTESIAN_POINT('Ctrl Pts',(23.6053915713346,5.4,-1.26578166582148));
#1894=CARTESIAN_POINT('Ctrl Pts',(23.6852723736715,5.29252523984593,-1.64520294391301));
#1895=CARTESIAN_POINT('Ctrl Pts',(24.0269667123527,4.82909137335088,-2.28112378381629));
#1896=CARTESIAN_POINT('Ctrl Pts',(24.3627681857035,4.3681975595381,-2.47595587464704));
#1897=CARTESIAN_POINT('Ctrl Pts',(24.629841647619,3.99522019918906,-2.50000001117586));
#1898=CARTESIAN_POINT('Ctrl Pts',(23.5399417243848,5.4,-1.00570561808407));
#1899=CARTESIAN_POINT('Ctrl Pts',(23.5399417243848,5.4,-1.27763585644099));
#1900=CARTESIAN_POINT('Ctrl Pts',(23.6185362362085,5.28196452029432,-1.6740495771316));
#1901=CARTESIAN_POINT('Ctrl Pts',(23.9532913875231,4.77806041504542,-2.32344968027828));
#1902=CARTESIAN_POINT('Ctrl Pts',(24.2808965229909,4.28605873174357,-2.50000001117586));
#1903=CARTESIAN_POINT('Ctrl Pts',(24.5372815864074,3.90266013797742,-2.50000001117586));
#1904=CARTESIAN_POINT('',(24.8908349770006,4.2562135285707,-2.00000001117586));
#1905=CARTESIAN_POINT('',(24.5372815864073,3.90266013797743,-2.50000001117586));
#1906=CARTESIAN_POINT('Origin',(24.5372815864074,3.90266013797743,-2.00000001117586));
#1907=CARTESIAN_POINT('Ctrl Pts',(24.5372815864074,3.90266013797742,-2.50000001117586));
#1908=CARTESIAN_POINT('Ctrl Pts',(24.2808965229909,4.28605873174357,-2.50000001117586));
#1909=CARTESIAN_POINT('Ctrl Pts',(23.9532913875231,4.77806041504542,-2.32344968027828));
#1910=CARTESIAN_POINT('Ctrl Pts',(23.6185362362085,5.28196452029432,-1.6740495771316));
#1911=CARTESIAN_POINT('Ctrl Pts',(23.5399417243848,5.4,-1.27763585644099));
#1912=CARTESIAN_POINT('Ctrl Pts',(23.5399417243848,5.4,-1.00570561808407));
#1913=CARTESIAN_POINT('Ctrl Pts',(23.893495114978,5.25355339059328,-1.00570561808407));
#1914=CARTESIAN_POINT('Ctrl Pts',(23.893495114978,5.25355339059328,-1.18699723502079));
#1915=CARTESIAN_POINT('Ctrl Pts',(23.9720896268018,5.17495887876952,-1.45058496888305));
#1916=CARTESIAN_POINT('Ctrl Pts',(24.3068447781164,4.84020372745497,-1.88204700032105));
#1917=CARTESIAN_POINT('Ctrl Pts',(24.6344499135842,4.51259859198715,-2.00000001117586));
#1918=CARTESIAN_POINT('Ctrl Pts',(24.8908349770006,4.2562135285707,-2.00000001117586));
#1919=CARTESIAN_POINT('Origin',(28.2333047794163,0.206636944968452,-2.00000001117586));
#1920=CARTESIAN_POINT('',(26.3122751258836,2.83477337968774,-2.00000001117586));
#1921=CARTESIAN_POINT('',(25.9587217352903,2.48121998909447,-2.50000001117586));
#1922=CARTESIAN_POINT('Origin',(25.9587217352903,2.48121998909447,-2.00000001117586));
#1923=CARTESIAN_POINT('',(28.2333047794163,0.206636944968452,-2.50000001117586));
#1924=CARTESIAN_POINT('',(28.5868581700096,0.560190335561725,-2.00000001117586));
#1925=CARTESIAN_POINT('Ctrl Pts',(24.8971996256039,4.24984887996746,2.99999998882414));
#1926=CARTESIAN_POINT('Ctrl Pts',(24.7038943367578,4.44315416881347,2.99999998882414));
#1927=CARTESIAN_POINT('Ctrl Pts',(24.3812577683317,4.7657907372396,2.90963360006246));
#1928=CARTESIAN_POINT('Ctrl Pts',(24.0026406320915,5.14440787347978,2.53598258865696));
#1929=CARTESIAN_POINT('Ctrl Pts',(23.893495114978,5.25355339059328,2.18380770751246));
#1930=CARTESIAN_POINT('Ctrl Pts',(23.893495114978,5.25355339059328,2.0015577334028));
#1931=CARTESIAN_POINT('Ctrl Pts',(24.8971996256039,4.24984887996746,3.13089968272372));
#1932=CARTESIAN_POINT('Ctrl Pts',(24.6910937835439,4.45543509959409,3.11951916060808));
#1933=CARTESIAN_POINT('Ctrl Pts',(24.3528378489028,4.79399666752727,3.00499361291507));
#1934=CARTESIAN_POINT('Ctrl Pts',(23.959697526127,5.18689058067549,2.58608981754787));
#1935=CARTESIAN_POINT('Ctrl Pts',(23.8472150843722,5.29983342119909,2.20076571174857));
#1936=CARTESIAN_POINT('Ctrl Pts',(23.8472150843722,5.29983342119909,2.0015577334028));
#1937=CARTESIAN_POINT('Ctrl Pts',(24.8205743927151,4.17322364707866,3.39163554525281));
#1938=CARTESIAN_POINT('Ctrl Pts',(24.6038513080904,4.41791573206075,3.35851778086174));
#1939=CARTESIAN_POINT('Ctrl Pts',(24.2534246560348,4.8075331766369,3.19581016468515));
#1940=CARTESIAN_POINT('Ctrl Pts',(23.8511294837884,5.24906066626322,2.68669800468028));
#1941=CARTESIAN_POINT('Ctrl Pts',(23.7362625715775,5.37396045186916,2.23466438280807));
#1942=CARTESIAN_POINT('Ctrl Pts',(23.7362625715775,5.37396045186916,2.0015577334028));
#1943=CARTESIAN_POINT('Ctrl Pts',(24.6362062962222,3.98885555058582,3.49999998882414));
#1944=CARTESIAN_POINT('Ctrl Pts',(24.4348537630148,4.26994262490295,3.48189727286314));
#1945=CARTESIAN_POINT('Ctrl Pts',(24.1029409006468,4.72664069351161,3.32568439641181));
#1946=CARTESIAN_POINT('Ctrl Pts',(23.7163530723506,5.25063990089981,2.77007770970182));
#1947=CARTESIAN_POINT('Ctrl Pts',(23.6053915713346,5.4,2.26342450574785));
#1948=CARTESIAN_POINT('Ctrl Pts',(23.6053915713346,5.4,2.0015577334028));
#1949=CARTESIAN_POINT('Ctrl Pts',(24.5436462350106,3.89629548937419,3.49999998882415));
#1950=CARTESIAN_POINT('Ctrl Pts',(24.3503409461646,4.18522866073403,3.49999998882414));
#1951=CARTESIAN_POINT('Ctrl Pts',(24.0277043777384,4.66777092715082,3.36503988634297));
#1952=CARTESIAN_POINT('Ctrl Pts',(23.6490872414983,5.23587950912709,2.80473614205694));
#1953=CARTESIAN_POINT('Ctrl Pts',(23.5399417243848,5.4,2.27540393738436));
#1954=CARTESIAN_POINT('Ctrl Pts',(23.5399417243848,5.4,2.0015577334028));
#1955=CARTESIAN_POINT('Ctrl Pts',(23.5399417243848,5.4,2.0015577334028));
#1956=CARTESIAN_POINT('Ctrl Pts',(23.5399417243848,5.4,2.27540393738436));
#1957=CARTESIAN_POINT('Ctrl Pts',(23.6490872414983,5.23587950912709,2.80473614205694));
#1958=CARTESIAN_POINT('Ctrl Pts',(24.0277043777384,4.66777092715082,3.36503988634297));
#1959=CARTESIAN_POINT('Ctrl Pts',(24.3503409461646,4.18522866073403,3.49999998882414));
#1960=CARTESIAN_POINT('Ctrl Pts',(24.5436462350106,3.89629548937419,3.49999998882415));
#1961=CARTESIAN_POINT('Ctrl Pts',(24.8971996256039,4.24984887996746,2.99999998882414));
#1962=CARTESIAN_POINT('Ctrl Pts',(24.7038943367578,4.44315416881347,2.99999998882414));
#1963=CARTESIAN_POINT('Ctrl Pts',(24.3812577683317,4.7657907372396,2.90963360006246));
#1964=CARTESIAN_POINT('Ctrl Pts',(24.0026406320915,5.14440787347978,2.53598258865696));
#1965=CARTESIAN_POINT('Ctrl Pts',(23.893495114978,5.25355339059328,2.18380770751246));
#1966=CARTESIAN_POINT('Ctrl Pts',(23.893495114978,5.25355339059328,2.0015577334028));
#1967=CARTESIAN_POINT('Ctrl Pts',(26.7074201284455,1.50096045891259,-2.61646806843704));
#1968=CARTESIAN_POINT('Ctrl Pts',(26.6568923918056,1.6655464219095,-2.56961206234993));
#1969=CARTESIAN_POINT('Ctrl Pts',(26.4964353171112,2.0050202344044,-2.51443709671476));
#1970=CARTESIAN_POINT('Ctrl Pts',(26.2253619110965,2.28514447177872,-2.50265585238949));
#1971=CARTESIAN_POINT('Ctrl Pts',(26.0699924681628,2.40021583611029,-2.50073586832467));
#1972=CARTESIAN_POINT('Ctrl Pts',(26.7940897625085,1.48512335535639,-2.58026606518784));
#1973=CARTESIAN_POINT('Ctrl Pts',(26.7526627320955,1.665936934211,-2.53455503611642));
#1974=CARTESIAN_POINT('Ctrl Pts',(26.6036579286033,2.04294416556649,-2.48775056266646));
#1975=CARTESIAN_POINT('Ctrl Pts',(26.3241345336466,2.3593938807444,-2.49027845785066));
#1976=CARTESIAN_POINT('Ctrl Pts',(26.160010317358,2.49010710233441,-2.49528637468297));
#1977=CARTESIAN_POINT('Ctrl Pts',(26.9440305044745,1.43307121028544,-2.46128017130325));
#1978=CARTESIAN_POINT('Ctrl Pts',(26.9237502458921,1.6460916562429,-2.40868425168499));
#1979=CARTESIAN_POINT('Ctrl Pts',(26.8052892050616,2.10030069547395,-2.3594732067092));
#1980=CARTESIAN_POINT('Ctrl Pts',(26.5164655673885,2.49814370274372,-2.37197158225886));
#1981=CARTESIAN_POINT('Ctrl Pts',(26.3374913429136,2.66496342193235,-2.38229078176348));
#1982=CARTESIAN_POINT('Ctrl Pts',(26.9999999999858,1.35679777192431,-2.28692687186753));
#1983=CARTESIAN_POINT('Ctrl Pts',(26.9953882636567,1.59334371171651,-2.21589032080118));
#1984=CARTESIAN_POINT('Ctrl Pts',(26.8962718646663,2.10126905005723,-2.13641855029399));
#1985=CARTESIAN_POINT('Ctrl Pts',(26.5997347703282,2.54751580937289,-2.1272070575173));
#1986=CARTESIAN_POINT('Ctrl Pts',(26.4127349069715,2.73431359859969,-2.12857596150477));
#1987=CARTESIAN_POINT('Ctrl Pts',(27.,1.3186213815666,-2.19965953790932));
#1988=CARTESIAN_POINT('Ctrl Pts',(26.9999999999092,1.56343978180007,-2.11933495604568));
#1989=CARTESIAN_POINT('Ctrl Pts',(26.9041954523269,2.08866639973351,-2.02474930067112));
#1990=CARTESIAN_POINT('Ctrl Pts',(26.6031433399749,2.54390516560788,-2.0045528818278));
#1991=CARTESIAN_POINT('Ctrl Pts',(26.4142135623303,2.73283494324104,-2.00126148057383));
#1992=CARTESIAN_POINT('',(26.0699924681628,2.40021583611029,-2.50073586832467));
#1993=CARTESIAN_POINT('',(26.4142135623303,2.73283494324102,-2.00126148057308));
#1994=CARTESIAN_POINT('Origin',(26.0606601717477,2.37928155263706,-2.00126148057383));
#1995=CARTESIAN_POINT('',(27.,1.31862138119586,-2.19965953790932));
#1996=CARTESIAN_POINT('Ctrl Pts',(26.4142135623303,2.73283494324104,-2.00126148057383));
#1997=CARTESIAN_POINT('Ctrl Pts',(26.6031433399749,2.54390516560788,-2.0045528818278));
#1998=CARTESIAN_POINT('Ctrl Pts',(26.9041954523269,2.08866639973351,-2.02474930067112));
#1999=CARTESIAN_POINT('Ctrl Pts',(26.9999999999092,1.56343978180007,-2.11933495604568));
#2000=CARTESIAN_POINT('Ctrl Pts',(27.,1.3186213815666,-2.19965953790932));
#2001=CARTESIAN_POINT('',(26.7074201284455,1.50096045891259,-2.61646806843704));
#2002=CARTESIAN_POINT('Origin',(26.5,1.31862138138123,-2.19965953790932));
#2003=CARTESIAN_POINT('Ctrl Pts',(26.7074201284455,1.50096045891259,-2.61646806843704));
#2004=CARTESIAN_POINT('Ctrl Pts',(26.6568923918056,1.6655464219095,-2.56961206234993));
#2005=CARTESIAN_POINT('Ctrl Pts',(26.4964353171112,2.0050202344044,-2.51443709671476));
#2006=CARTESIAN_POINT('Ctrl Pts',(26.2253619110965,2.28514447177872,-2.50265585238949));
#2007=CARTESIAN_POINT('Ctrl Pts',(26.0699924681628,2.40021583611029,-2.50073586832467));
#2008=CARTESIAN_POINT('Ctrl Pts',(26.7074201284455,-1.5009604589126,-2.61646806843704));
#2009=CARTESIAN_POINT('Ctrl Pts',(26.7434570738597,-1.38357591401087,-2.64988629471371));
#2010=CARTESIAN_POINT('Ctrl Pts',(26.8168821252954,-1.1404219427592,-2.7285415639306));
#2011=CARTESIAN_POINT('Ctrl Pts',(26.9148827313014,-0.740997492361835,-2.86418929201328));
#2012=CARTESIAN_POINT('Ctrl Pts',(26.9627105249508,-0.423530526114821,-2.96392455285037));
#2013=CARTESIAN_POINT('Ctrl Pts',(26.9774062791247,-0.207169800862353,-3.00352091144094));
#2014=CARTESIAN_POINT('Ctrl Pts',(26.9818101996118,-0.117428542739837,-3.01585786241956));
#2015=CARTESIAN_POINT('Ctrl Pts',(26.9842403495594,0.000515430625704393,
-3.02329448753827));
#2016=CARTESIAN_POINT('Ctrl Pts',(26.981340189563,0.14206178286206,-3.01447390218104));
#2017=CARTESIAN_POINT('Ctrl Pts',(26.9708404433446,0.318370745284688,-2.98517746893989));
#2018=CARTESIAN_POINT('Ctrl Pts',(26.9484680657705,0.516441293163238,-2.93289375311174));
#2019=CARTESIAN_POINT('Ctrl Pts',(26.9110870450129,0.735281447586169,-2.86447660311131));
#2020=CARTESIAN_POINT('Ctrl Pts',(26.8355564969072,1.07833437225803,-2.74985668256108));
#2021=CARTESIAN_POINT('Ctrl Pts',(26.7614755465886,1.32488364148735,-2.6665954078753));
#2022=CARTESIAN_POINT('Ctrl Pts',(26.7074201284669,1.50096045884285,-2.6164680684569));
#2023=CARTESIAN_POINT('Ctrl Pts',(26.806471138816,-1.48286091195165,-2.57509435044885));
#2024=CARTESIAN_POINT('Ctrl Pts',(26.8320018086955,-1.36155329617427,-2.60494938912324));
#2025=CARTESIAN_POINT('Ctrl Pts',(26.8824977446137,-1.11157874773562,-2.68054906174403));
#2026=CARTESIAN_POINT('Ctrl Pts',(26.9464525687978,-0.712456610665814,-2.82282386207913));
#2027=CARTESIAN_POINT('Ctrl Pts',(26.9765180944493,-0.405072135664593,-2.93315193837888));
#2028=CARTESIAN_POINT('Ctrl Pts',(26.9857077217208,-0.197851279590807,-2.97741577137639));
#2029=CARTESIAN_POINT('Ctrl Pts',(26.9884561348183,-0.112029864088315,-2.99122797640714));
#2030=CARTESIAN_POINT('Ctrl Pts',(26.9899690907641,0.00056053336733972,
-2.99957991676077));
#2031=CARTESIAN_POINT('Ctrl Pts',(26.9881634900714,0.135686129776375,-2.98967831029417));
#2032=CARTESIAN_POINT('Ctrl Pts',(26.9816032702182,0.304390959516406,-2.95688806978675));
#2033=CARTESIAN_POINT('Ctrl Pts',(26.9675680480189,0.495138418126855,-2.89879512281217));
#2034=CARTESIAN_POINT('Ctrl Pts',(26.9437659617716,0.708627040143049,-2.82415685556727));
#2035=CARTESIAN_POINT('Ctrl Pts',(26.8948615050815,1.04842716994367,-2.70219427646924));
#2036=CARTESIAN_POINT('Ctrl Pts',(26.8447671436503,1.30089948821088,-2.61987690848276));
#2037=CARTESIAN_POINT('Ctrl Pts',(26.8064711388312,1.4828609118796,-2.57509435046666));
#2038=CARTESIAN_POINT('Ctrl Pts',(26.952521877708,-1.42774691895468,-2.44910938472676));
#2039=CARTESIAN_POINT('Ctrl Pts',(26.9592582590247,-1.30128979915737,-2.4838421806631));
#2040=CARTESIAN_POINT('Ctrl Pts',(26.9721322990009,-1.04595319848288,-2.57332822786491));
#2041=CARTESIAN_POINT('Ctrl Pts',(26.9876584551585,-0.658019845346454,-2.74440458784709));
#2042=CARTESIAN_POINT('Ctrl Pts',(26.9946778543666,-0.371614670964594,-2.87766331053531));
#2043=CARTESIAN_POINT('Ctrl Pts',(26.9968169641108,-0.181160658691768,-2.93116230864603));
#2044=CARTESIAN_POINT('Ctrl Pts',(26.9974562633293,-0.102444066411786,-2.94785963486788));
#2045=CARTESIAN_POINT('Ctrl Pts',(26.9978071321882,0.000606444707585636,
-2.95795700237218));
#2046=CARTESIAN_POINT('Ctrl Pts',(26.9973877214249,0.124276081667856,-2.94598476573246));
#2047=CARTESIAN_POINT('Ctrl Pts',(26.9958624542683,0.279151848836416,-2.90635098745391));
#2048=CARTESIAN_POINT('Ctrl Pts',(26.9925794393475,0.455656858609984,-2.83614711257384));
#2049=CARTESIAN_POINT('Ctrl Pts',(26.9869452271243,0.656602109858497,-2.74609009424907));
#2050=CARTESIAN_POINT('Ctrl Pts',(26.9751453699272,0.983094387892516,-2.59922808725505));
#2051=CARTESIAN_POINT('Ctrl Pts',(26.9626264496868,1.2380612391824,-2.50120857865759));
#2052=CARTESIAN_POINT('Ctrl Pts',(26.952521877712,1.42774691887954,-2.44910938474738));
#2053=CARTESIAN_POINT('Ctrl Pts',(27.,-1.35134400170369,-2.27446010987815));
#2054=CARTESIAN_POINT('Ctrl Pts',(26.999971552824,-1.22174280149127,-2.32499988876138));
#2055=CARTESIAN_POINT('Ctrl Pts',(26.9999498329111,-0.96777351700741,-2.44625308545881));
#2056=CARTESIAN_POINT('Ctrl Pts',(26.9999342506769,-0.599970441751039,-2.66036398740145));
#2057=CARTESIAN_POINT('Ctrl Pts',(26.9999397668047,-0.337280467538368,-2.82002275188289));
#2058=CARTESIAN_POINT('Ctrl Pts',(26.999940211649,-0.1642157044576,-2.88358804476511));
#2059=CARTESIAN_POINT('Ctrl Pts',(26.9999401041996,-0.0927885881226362,
-2.90340162261339));
#2060=CARTESIAN_POINT('Ctrl Pts',(26.9999401452727,0.000574345060689035,
-2.91535477340952));
#2061=CARTESIAN_POINT('Ctrl Pts',(26.9999403364791,0.112617352456703,-2.90117834863839));
#2062=CARTESIAN_POINT('Ctrl Pts',(26.999939834702,0.253230636031158,-2.85413256508838));
#2063=CARTESIAN_POINT('Ctrl Pts',(26.9999413427754,0.4144019540842,-2.77033042380387));
#2064=CARTESIAN_POINT('Ctrl Pts',(26.9999407767395,0.600201660177172,-2.66121189041149));
#2065=CARTESIAN_POINT('Ctrl Pts',(26.9999553151744,0.907167418821605,-2.4796014908511));
#2066=CARTESIAN_POINT('Ctrl Pts',(26.999957329236,1.15694220130916,-2.3502697782388));
#2067=CARTESIAN_POINT('Ctrl Pts',(27.,1.35134400162668,-2.27446010990817));
#2068=CARTESIAN_POINT('Ctrl Pts',(27.,-1.31862138138124,-2.19965953790931));
#2069=CARTESIAN_POINT('Ctrl Pts',(27.,-1.18766597071789,-2.25694792581218));
#2070=CARTESIAN_POINT('Ctrl Pts',(27.,-0.934273229275645,-2.39178553018398));
#2071=CARTESIAN_POINT('Ctrl Pts',(27.,-0.575087796822485,-2.62432449261143));
#2072=CARTESIAN_POINT('Ctrl Pts',(27.,-0.32256519064159,-2.79529922547502));
#2073=CARTESIAN_POINT('Ctrl Pts',(27.,-0.156953492758993,-2.86317869734457));
#2074=CARTESIAN_POINT('Ctrl Pts',(27.,-0.0886503839068243,-2.88432775616506));
#2075=CARTESIAN_POINT('Ctrl Pts',(27.,0.000560365560548645,-2.89707625636856));
#2076=CARTESIAN_POINT('Ctrl Pts',(27.,0.107620435736658,-2.88195525289902));
#2077=CARTESIAN_POINT('Ctrl Pts',(27.,0.242120572093046,-2.8317327959142));
#2078=CARTESIAN_POINT('Ctrl Pts',(27.,0.396720648257552,-2.74210356878023));
#2079=CARTESIAN_POINT('Ctrl Pts',(27.,0.57602937769288,-2.62481702592234));
#2080=CARTESIAN_POINT('Ctrl Pts',(27.,0.87463373584283,-2.42832573355052));
#2081=CARTESIAN_POINT('Ctrl Pts',(27.,1.12218826531048,-2.28559211980346));
#2082=CARTESIAN_POINT('Ctrl Pts',(27.,1.31862138130343,-2.19965953794335));
#2083=CARTESIAN_POINT('',(27.,-1.31862138110319,-2.19965953790931));
#2084=CARTESIAN_POINT('Ctrl Pts',(27.,1.31862138130343,-2.19965953794335));
#2085=CARTESIAN_POINT('Ctrl Pts',(27.,1.12218826531048,-2.28559211980346));
#2086=CARTESIAN_POINT('Ctrl Pts',(27.,0.87463373584283,-2.42832573355052));
#2087=CARTESIAN_POINT('Ctrl Pts',(27.,0.57602937769288,-2.62481702592234));
#2088=CARTESIAN_POINT('Ctrl Pts',(27.,0.396720648257552,-2.74210356878023));
#2089=CARTESIAN_POINT('Ctrl Pts',(27.,0.242120572093046,-2.8317327959142));
#2090=CARTESIAN_POINT('Ctrl Pts',(27.,0.107620435736658,-2.88195525289902));
#2091=CARTESIAN_POINT('Ctrl Pts',(27.,0.000560365560548645,-2.89707625636856));
#2092=CARTESIAN_POINT('Ctrl Pts',(27.,-0.0886503839068243,-2.88432775616506));
#2093=CARTESIAN_POINT('Ctrl Pts',(27.,-0.156953492758993,-2.86317869734457));
#2094=CARTESIAN_POINT('Ctrl Pts',(27.,-0.32256519064159,-2.79529922547502));
#2095=CARTESIAN_POINT('Ctrl Pts',(27.,-0.575087796822485,-2.62432449261143));
#2096=CARTESIAN_POINT('Ctrl Pts',(27.,-0.934273229275645,-2.39178553018398));
#2097=CARTESIAN_POINT('Ctrl Pts',(27.,-1.18766597071789,-2.25694792581218));
#2098=CARTESIAN_POINT('Ctrl Pts',(27.,-1.31862138138124,-2.19965953790931));
#2099=CARTESIAN_POINT('',(26.7074201284455,-1.5009604589126,-2.61646806843704));
#2100=CARTESIAN_POINT('Origin',(26.5,-1.31862138138124,-2.19965953790931));
#2101=CARTESIAN_POINT('Ctrl Pts',(26.7074201284455,-1.5009604589126,-2.61646806843704));
#2102=CARTESIAN_POINT('Ctrl Pts',(26.7434570738597,-1.38357591401087,-2.64988629471371));
#2103=CARTESIAN_POINT('Ctrl Pts',(26.8168821252954,-1.1404219427592,-2.7285415639306));
#2104=CARTESIAN_POINT('Ctrl Pts',(26.9148827313014,-0.740997492361835,-2.86418929201328));
#2105=CARTESIAN_POINT('Ctrl Pts',(26.9627105249508,-0.423530526114821,-2.96392455285037));
#2106=CARTESIAN_POINT('Ctrl Pts',(26.9774062791247,-0.207169800862353,-3.00352091144094));
#2107=CARTESIAN_POINT('Ctrl Pts',(26.9818101996118,-0.117428542739837,-3.01585786241956));
#2108=CARTESIAN_POINT('Ctrl Pts',(26.9842403495594,0.000515430625704393,
-3.02329448753827));
#2109=CARTESIAN_POINT('Ctrl Pts',(26.981340189563,0.14206178286206,-3.01447390218104));
#2110=CARTESIAN_POINT('Ctrl Pts',(26.9708404433446,0.318370745284688,-2.98517746893989));
#2111=CARTESIAN_POINT('Ctrl Pts',(26.9484680657705,0.516441293163238,-2.93289375311174));
#2112=CARTESIAN_POINT('Ctrl Pts',(26.9110870450129,0.735281447586169,-2.86447660311131));
#2113=CARTESIAN_POINT('Ctrl Pts',(26.8355564969072,1.07833437225803,-2.74985668256108));
#2114=CARTESIAN_POINT('Ctrl Pts',(26.7614755465886,1.32488364148735,-2.6665954078753));
#2115=CARTESIAN_POINT('Ctrl Pts',(26.7074201284669,1.50096045884285,-2.6164680684569));
#2116=CARTESIAN_POINT('Ctrl Pts',(26.069992468198,-2.40021583608423,-2.50073586832511));
#2117=CARTESIAN_POINT('Ctrl Pts',(26.2253619111229,-2.2851444717533,-2.50265585239049));
#2118=CARTESIAN_POINT('Ctrl Pts',(26.4964353171216,-2.00502023438516,-2.51443709671716));
#2119=CARTESIAN_POINT('Ctrl Pts',(26.6568923918075,-1.6655464219033,-2.56961206235169));
#2120=CARTESIAN_POINT('Ctrl Pts',(26.7074201284455,-1.5009604589126,-2.61646806843704));
#2121=CARTESIAN_POINT('Ctrl Pts',(26.1600103173952,-2.49010710230481,-2.49528637468187));
#2122=CARTESIAN_POINT('Ctrl Pts',(26.324134533674,-2.35939388071566,-2.49027845785033));
#2123=CARTESIAN_POINT('Ctrl Pts',(26.6036579286132,-2.04294416554505,-2.48775056266825));
#2124=CARTESIAN_POINT('Ctrl Pts',(26.752662732097,-1.66593693420416,-2.53455503611815));
#2125=CARTESIAN_POINT('Ctrl Pts',(26.7940897625085,-1.48512335535641,-2.58026606518783));
#2126=CARTESIAN_POINT('Ctrl Pts',(26.3374913429542,-2.66496342189454,-2.38229078176113));
#2127=CARTESIAN_POINT('Ctrl Pts',(26.5164655674171,-2.49814370270746,-2.37197158225757));
#2128=CARTESIAN_POINT('Ctrl Pts',(26.80528920507,-2.1003006954479,-2.35947320671092));
#2129=CARTESIAN_POINT('Ctrl Pts',(26.9237502458929,-1.64609165623481,-2.408684251687));
#2130=CARTESIAN_POINT('Ctrl Pts',(26.9440305044745,-1.43307121028545,-2.46128017130324));
#2131=CARTESIAN_POINT('Ctrl Pts',(26.4127349070139,-2.73431359855742,-2.12857596150447));
#2132=CARTESIAN_POINT('Ctrl Pts',(26.5997347703577,-2.54751580933227,-2.127207057518));
#2133=CARTESIAN_POINT('Ctrl Pts',(26.8962718646739,-2.10126905002802,-2.1364185502973));
#2134=CARTESIAN_POINT('Ctrl Pts',(26.9953882636569,-1.59334371170752,-2.21589032080389));
#2135=CARTESIAN_POINT('Ctrl Pts',(26.9999999999858,-1.35679777192432,-2.28692687186752));
#2136=CARTESIAN_POINT('Ctrl Pts',(26.4142135623731,-2.73283494319824,-2.00126148057457));
#2137=CARTESIAN_POINT('Ctrl Pts',(26.6031433400048,-2.54390516556652,-2.00455288182951));
#2138=CARTESIAN_POINT('Ctrl Pts',(26.9041954523345,-2.08866639970334,-2.02474930067523));
#2139=CARTESIAN_POINT('Ctrl Pts',(26.9999999999092,-1.56343978179076,-2.11933495604874));
#2140=CARTESIAN_POINT('Ctrl Pts',(27.,-1.31862138156661,-2.19965953790931));
#2141=CARTESIAN_POINT('',(26.4142135623731,-2.73283494319824,-2.00126148057457));
#2142=CARTESIAN_POINT('',(26.069992468198,-2.40021583608423,-2.50073586832511));
#2143=CARTESIAN_POINT('Origin',(26.0606601717798,-2.37928155260496,-2.00126148057457));
#2144=CARTESIAN_POINT('Ctrl Pts',(26.069992468198,-2.40021583608423,-2.50073586832511));
#2145=CARTESIAN_POINT('Ctrl Pts',(26.2253619111229,-2.2851444717533,-2.50265585239049));
#2146=CARTESIAN_POINT('Ctrl Pts',(26.4964353171216,-2.00502023438516,-2.51443709671716));
#2147=CARTESIAN_POINT('Ctrl Pts',(26.6568923918075,-1.6655464219033,-2.56961206235169));
#2148=CARTESIAN_POINT('Ctrl Pts',(26.7074201284455,-1.5009604589126,-2.61646806843704));
#2149=CARTESIAN_POINT('Ctrl Pts',(27.,-1.31862138156661,-2.19965953790931));
#2150=CARTESIAN_POINT('Ctrl Pts',(26.9999999999092,-1.56343978179076,-2.11933495604874));
#2151=CARTESIAN_POINT('Ctrl Pts',(26.9041954523345,-2.08866639970334,-2.02474930067523));
#2152=CARTESIAN_POINT('Ctrl Pts',(26.6031433400048,-2.54390516556652,-2.00455288182951));
#2153=CARTESIAN_POINT('Ctrl Pts',(26.4142135623731,-2.73283494319824,-2.00126148057457));
#2154=CARTESIAN_POINT('Ctrl Pts',(26.3122751258836,2.83477337968773,-2.00000001117586));
#2155=CARTESIAN_POINT('Ctrl Pts',(26.3462561095491,2.80079239602224,-2.00000001117586));
#2156=CARTESIAN_POINT('Ctrl Pts',(26.3802369669997,2.76681153857161,-2.00047225888559));
#2157=CARTESIAN_POINT('Ctrl Pts',(26.4142135623731,2.73283494319825,-2.00126148057457));
#2158=CARTESIAN_POINT('Ctrl Pts',(26.3122751258836,2.83477337968773,-2.13089970507543));
#2159=CARTESIAN_POINT('Ctrl Pts',(26.3456193416509,2.8013722166814,-2.12965247387141));
#2160=CARTESIAN_POINT('Ctrl Pts',(26.3791664910694,2.76793030583667,-2.12894554205962));
#2161=CARTESIAN_POINT('Ctrl Pts',(26.4127349070139,2.73431359855743,-2.12857596150447));
#2162=CARTESIAN_POINT('Ctrl Pts',(26.2356526944899,2.75815094829406,-2.39163952951692));
#2163=CARTESIAN_POINT('Ctrl Pts',(26.269352073387,2.72751678992351,-2.38801003794033));
#2164=CARTESIAN_POINT('Ctrl Pts',(26.3032934497351,2.69642480079951,-2.38488567224888));
#2165=CARTESIAN_POINT('Ctrl Pts',(26.3374913429541,2.66496342189455,-2.38229078176113));
#2166=CARTESIAN_POINT('Ctrl Pts',(26.0512817965019,2.5737800503061,-2.50000001117586));
#2167=CARTESIAN_POINT('Ctrl Pts',(26.0873078588237,2.54649237508989,-2.49801607124809));
#2168=CARTESIAN_POINT('Ctrl Pts',(26.1235782133982,2.51859038165444,-2.49655375520955));
#2169=CARTESIAN_POINT('Ctrl Pts',(26.1600103173951,2.49010710230482,-2.49528637468187));
#2170=CARTESIAN_POINT('Ctrl Pts',(25.9587217352903,2.48121998909447,-2.50000001117586));
#2171=CARTESIAN_POINT('Ctrl Pts',(25.9956235794054,2.45479833893124,-2.50000001117586));
#2172=CARTESIAN_POINT('Ctrl Pts',(26.0327375349149,2.42780797981752,-2.50027548900654));
#2173=CARTESIAN_POINT('Ctrl Pts',(26.069992468198,2.40021583608425,-2.50073586832511));
#2174=CARTESIAN_POINT('Ctrl Pts',(26.069992468198,2.40021583608425,-2.50073586832511));
#2175=CARTESIAN_POINT('Ctrl Pts',(26.0327375349149,2.42780797981752,-2.50027548900654));
#2176=CARTESIAN_POINT('Ctrl Pts',(25.9956235794054,2.45479833893124,-2.50000001117586));
#2177=CARTESIAN_POINT('Ctrl Pts',(25.9587217352903,2.48121998909447,-2.50000001117586));
#2178=CARTESIAN_POINT('Ctrl Pts',(26.3122751258836,2.83477337968773,-2.00000001117586));
#2179=CARTESIAN_POINT('Ctrl Pts',(26.3462561095491,2.80079239602224,-2.00000001117586));
#2180=CARTESIAN_POINT('Ctrl Pts',(26.3802369669997,2.76681153857161,-2.00047225888559));
#2181=CARTESIAN_POINT('Ctrl Pts',(26.4142135623731,2.73283494319825,-2.00126148057457));
#2182=CARTESIAN_POINT('Ctrl Pts',(26.4142135623731,-2.73283494319823,-2.00126148057457));
#2183=CARTESIAN_POINT('Ctrl Pts',(26.3802193683776,-2.76682913719374,-2.00047185009789));
#2184=CARTESIAN_POINT('Ctrl Pts',(26.3462470323319,-2.80080147323941,-2.00000001113748));
#2185=CARTESIAN_POINT('Ctrl Pts',(26.3122751217455,-2.83477338382587,-2.00000001117586));
#2186=CARTESIAN_POINT('Ctrl Pts',(26.4127349070139,-2.73431359855741,-2.12857596150447));
#2187=CARTESIAN_POINT('Ctrl Pts',(26.3791491038692,-2.76794771805005,-2.1289457334887));
#2188=CARTESIAN_POINT('Ctrl Pts',(26.3456104345178,-2.80138113901937,-2.12965280699709));
#2189=CARTESIAN_POINT('Ctrl Pts',(26.3122751218194,-2.83477338375193,-2.13089970522584));
#2190=CARTESIAN_POINT('Ctrl Pts',(26.3374913429542,-2.66496342189454,-2.38229078176113));
#2191=CARTESIAN_POINT('Ctrl Pts',(26.3032757364889,-2.69644109663235,-2.38488701630636));
#2192=CARTESIAN_POINT('Ctrl Pts',(26.2693430713729,-2.72752497315152,-2.38801100743001));
#2193=CARTESIAN_POINT('Ctrl Pts',(26.2356526903876,-2.75815095202561,-2.39163952996164));
#2194=CARTESIAN_POINT('Ctrl Pts',(26.1600103173952,-2.4901071023048,-2.49528637468187));
#2195=CARTESIAN_POINT('Ctrl Pts',(26.1235593429133,-2.51860513494166,-2.49655441166587));
#2196=CARTESIAN_POINT('Ctrl Pts',(26.0872982352925,-2.54649966439724,-2.49801660117296));
#2197=CARTESIAN_POINT('Ctrl Pts',(26.0512817921145,-2.57378005363003,-2.50000001141212));
#2198=CARTESIAN_POINT('Ctrl Pts',(26.069992468198,-2.40021583608423,-2.5007358683251));
#2199=CARTESIAN_POINT('Ctrl Pts',(26.0327182382348,-2.42782227152938,-2.50027525054704));
#2200=CARTESIAN_POINT('Ctrl Pts',(25.9956137219322,-2.45480539689712,-2.50000001115347));
#2201=CARTESIAN_POINT('Ctrl Pts',(25.9587217307965,-2.48121999231204,-2.50000001117586));
#2202=CARTESIAN_POINT('Ctrl Pts',(25.9587217352903,-2.48121998909446,-2.50000001117586));
#2203=CARTESIAN_POINT('Ctrl Pts',(25.9956137249454,-2.45480539470589,-2.50000001117582));
#2204=CARTESIAN_POINT('Ctrl Pts',(26.0327182397482,-2.42782227040846,-2.50027525056574));
#2205=CARTESIAN_POINT('Ctrl Pts',(26.069992468198,-2.40021583608423,-2.5007358683251));
#2206=CARTESIAN_POINT('Ctrl Pts',(26.4142135623731,-2.73283494319823,-2.00126148057457));
#2207=CARTESIAN_POINT('Ctrl Pts',(26.3802193697579,-2.76682913581345,-2.00047185012995));
#2208=CARTESIAN_POINT('Ctrl Pts',(26.3462470350907,-2.80080147048062,-2.00000001117579));
#2209=CARTESIAN_POINT('Ctrl Pts',(26.3122751258836,-2.83477337968774,-2.00000001117586));
#2210=CARTESIAN_POINT('Origin',(12.8061681992656,-16.3408803063058,0.));
#2211=CARTESIAN_POINT('',(26.4142135623731,-2.73283494319823,0.249999976632643));
#2212=CARTESIAN_POINT('Ctrl Pts',(23.,5.4,2.0015577334028));
#2213=CARTESIAN_POINT('Ctrl Pts',(27.,5.4,2.0015577334028));
#2214=CARTESIAN_POINT('Ctrl Pts',(23.,5.4,2.10193322819328));
#2215=CARTESIAN_POINT('Ctrl Pts',(27.,5.4,2.10193322819328));
#2216=CARTESIAN_POINT('Ctrl Pts',(23.,5.38989008449126,2.2020484136306));
#2217=CARTESIAN_POINT('Ctrl Pts',(27.,5.38989008449126,2.2020484136306));
#2218=CARTESIAN_POINT('Ctrl Pts',(23.,5.34975473197182,2.39872298636176));
#2219=CARTESIAN_POINT('Ctrl Pts',(27.,5.34975473197182,2.39872298636176));
#2220=CARTESIAN_POINT('Ctrl Pts',(23.,5.31983789955454,2.49477324469198));
#2221=CARTESIAN_POINT('Ctrl Pts',(27.,5.31983789955454,2.49477324469198));
#2222=CARTESIAN_POINT('Ctrl Pts',(23.,5.20408504937071,2.7666397677418));
#2223=CARTESIAN_POINT('Ctrl Pts',(27.,5.20408504937071,2.7666397677418));
#2224=CARTESIAN_POINT('Ctrl Pts',(23.,5.0932540231785,2.92946248999948));
#2225=CARTESIAN_POINT('Ctrl Pts',(27.,5.0932540231785,2.92946248999948));
#2226=CARTESIAN_POINT('Ctrl Pts',(23.,4.81495415329232,3.20402476674777));
#2227=CARTESIAN_POINT('Ctrl Pts',(27.,4.81495415329232,3.20402476674777));
#2228=CARTESIAN_POINT('Ctrl Pts',(23.,4.64999105915697,3.31293182201495));
#2229=CARTESIAN_POINT('Ctrl Pts',(27.,4.64999105915697,3.31293182201495));
#2230=CARTESIAN_POINT('Ctrl Pts',(23.,4.28715537738933,3.46171975275484));
#2231=CARTESIAN_POINT('Ctrl Pts',(27.,4.28715537738933,3.46171975275484));
#2232=CARTESIAN_POINT('Ctrl Pts',(23.,4.09264648551093,3.49999998882414));
#2233=CARTESIAN_POINT('Ctrl Pts',(27.,4.09264648551093,3.49999998882414));
#2234=CARTESIAN_POINT('Ctrl Pts',(23.,3.89629548937419,3.49999998882414));
#2235=CARTESIAN_POINT('Ctrl Pts',(27.,3.89629548937419,3.49999998882414));
#2236=CARTESIAN_POINT('',(23.,5.4,2.0015577334028));
#2237=CARTESIAN_POINT('',(23.,5.4,2.0015577334028));
#2238=CARTESIAN_POINT('',(23.0000000280238,3.8962954826069,3.49999998765142));
#2239=CARTESIAN_POINT('Ctrl Pts',(23.,3.89629548937419,3.49999998882414));
#2240=CARTESIAN_POINT('Ctrl Pts',(23.,4.09264648551093,3.49999998882414));
#2241=CARTESIAN_POINT('Ctrl Pts',(23.,4.28715537738933,3.46171975275484));
#2242=CARTESIAN_POINT('Ctrl Pts',(23.,4.4688180660078,3.38722538273999));
#2243=CARTESIAN_POINT('Ctrl Pts',(23.,4.64999105915697,3.31293182201495));
#2244=CARTESIAN_POINT('Ctrl Pts',(23.,4.81495415329232,3.20402476674777));
#2245=CARTESIAN_POINT('Ctrl Pts',(23.,4.95434036755723,3.06651052230507));
#2246=CARTESIAN_POINT('Ctrl Pts',(23.,5.0932540231785,2.92946248999948));
#2247=CARTESIAN_POINT('Ctrl Pts',(23.,5.20408504937071,2.7666397677418));
#2248=CARTESIAN_POINT('Ctrl Pts',(23.,5.28052554290578,2.58710543088022));
#2249=CARTESIAN_POINT('Ctrl Pts',(23.,5.31983789955454,2.49477324469198));
#2250=CARTESIAN_POINT('Ctrl Pts',(23.,5.34975473197182,2.39872298636176));
#2251=CARTESIAN_POINT('Ctrl Pts',(23.,5.36982012942096,2.30039686681219));
#2252=CARTESIAN_POINT('Ctrl Pts',(23.,5.38989008449126,2.2020484136306));
#2253=CARTESIAN_POINT('Ctrl Pts',(23.,5.4,2.10193322819328));
#2254=CARTESIAN_POINT('Ctrl Pts',(23.,5.4,2.0015577334028));
#2255=CARTESIAN_POINT('',(23.,3.89629548937419,3.49999998882414));
#2256=CARTESIAN_POINT('Origin',(23.,5.4,-1.00570561808407));
#2257=CARTESIAN_POINT('',(23.,5.4,-1.00570561808407));
#2258=CARTESIAN_POINT('',(23.,5.4,-1.00570561808407));
#2259=CARTESIAN_POINT('',(23.,5.4,3.49999998882414));
#2260=CARTESIAN_POINT('Ctrl Pts',(23.,3.90266013797743,-2.50000001117586));
#2261=CARTESIAN_POINT('Ctrl Pts',(27.,3.90266013797743,-2.50000001117586));
#2262=CARTESIAN_POINT('Ctrl Pts',(23.,4.00355545342944,-2.50000001117586));
#2263=CARTESIAN_POINT('Ctrl Pts',(27.,4.00355545342944,-2.50000001117586));
#2264=CARTESIAN_POINT('Ctrl Pts',(23.,4.10419789402716,-2.4898827553549));
#2265=CARTESIAN_POINT('Ctrl Pts',(27.,4.10419789402716,-2.4898827553549));
#2266=CARTESIAN_POINT('Ctrl Pts',(23.,4.30197148809896,-2.44963757837326));
#2267=CARTESIAN_POINT('Ctrl Pts',(27.,4.30197148809896,-2.44963757837326));
#2268=CARTESIAN_POINT('Ctrl Pts',(23.,4.39859725874122,-2.41960429161652));
#2269=CARTESIAN_POINT('Ctrl Pts',(27.,4.39859725874122,-2.41960429161652));
#2270=CARTESIAN_POINT('Ctrl Pts',(23.,4.67013145495389,-2.30405824032686));
#2271=CARTESIAN_POINT('Ctrl Pts',(27.,4.67013145495389,-2.30405824032686));
#2272=CARTESIAN_POINT('Ctrl Pts',(23.,4.83227137502393,-2.19404358891069));
#2273=CARTESIAN_POINT('Ctrl Pts',(27.,4.83227137502393,-2.19404358891069));
#2274=CARTESIAN_POINT('Ctrl Pts',(23.,5.10539179708574,-1.91791759474611));
#2275=CARTESIAN_POINT('Ctrl Pts',(27.,5.10539179708574,-1.91791759474611));
#2276=CARTESIAN_POINT('Ctrl Pts',(23.,5.21364782347197,-1.75451389349759));
#2277=CARTESIAN_POINT('Ctrl Pts',(27.,5.21364782347197,-1.75451389349759));
#2278=CARTESIAN_POINT('Ctrl Pts',(23.,5.36187115744041,-1.3943328712646));
#2279=CARTESIAN_POINT('Ctrl Pts',(27.,5.36187115744041,-1.3943328712646));
#2280=CARTESIAN_POINT('Ctrl Pts',(23.,5.4,-1.20097686055892));
#2281=CARTESIAN_POINT('Ctrl Pts',(27.,5.4,-1.20097686055892));
#2282=CARTESIAN_POINT('Ctrl Pts',(23.,5.4,-1.00570561808407));
#2283=CARTESIAN_POINT('Ctrl Pts',(27.,5.4,-1.00570561808407));
#2284=CARTESIAN_POINT('',(22.9999999999028,3.90266013798602,-2.50000001118478));
#2285=CARTESIAN_POINT('',(23.,3.90266013797743,-2.50000001117586));
#2286=CARTESIAN_POINT('Ctrl Pts',(23.,5.4,-1.00570561808407));
#2287=CARTESIAN_POINT('Ctrl Pts',(23.,5.4,-1.20097686055892));
#2288=CARTESIAN_POINT('Ctrl Pts',(23.,5.36187115744041,-1.3943328712646));
#2289=CARTESIAN_POINT('Ctrl Pts',(23.,5.28756424422509,-1.57489782851063));
#2290=CARTESIAN_POINT('Ctrl Pts',(23.,5.21364782347197,-1.75451389349759));
#2291=CARTESIAN_POINT('Ctrl Pts',(23.,5.10539179708574,-1.91791759474611));
#2292=CARTESIAN_POINT('Ctrl Pts',(23.,4.96880445114508,-2.0560080253461));
#2293=CARTESIAN_POINT('Ctrl Pts',(23.,4.83227137502393,-2.19404358891069));
#2294=CARTESIAN_POINT('Ctrl Pts',(23.,4.67013145495389,-2.30405824032686));
#2295=CARTESIAN_POINT('Ctrl Pts',(23.,4.49146993902566,-2.38008414413885));
#2296=CARTESIAN_POINT('Ctrl Pts',(23.,4.39859725874122,-2.41960429161652));
#2297=CARTESIAN_POINT('Ctrl Pts',(23.,4.30197148809896,-2.44963757837326));
#2298=CARTESIAN_POINT('Ctrl Pts',(23.,4.20306557640674,-2.46976405652756));
#2299=CARTESIAN_POINT('Ctrl Pts',(23.,4.10419789402716,-2.4898827553549));
#2300=CARTESIAN_POINT('Ctrl Pts',(23.,4.00355545342944,-2.50000001117586));
#2301=CARTESIAN_POINT('Ctrl Pts',(23.,3.90266013797743,-2.50000001117586));
#2302=CARTESIAN_POINT('Origin',(25.,-3.22362340408778E-16,-3.20000001117586));
#2303=CARTESIAN_POINT('',(22.4264429150644,1.39948516261747E-16,-2.50535792892403));
#2304=CARTESIAN_POINT('Origin',(22.34,-6.48118388981974E-16,-3.20000001117586));
#2305=CARTESIAN_POINT('',(23.,1.75373886311504,-2.50000001117586));
#2306=CARTESIAN_POINT('Ctrl Pts',(23.,1.75373886311504,-2.50000001117586));
#2307=CARTESIAN_POINT('Ctrl Pts',(23.,1.65899550905532,-2.50000001117586));
#2308=CARTESIAN_POINT('Ctrl Pts',(22.5191859628982,1.11552686453859,-2.50378017264063));
#2309=CARTESIAN_POINT('Ctrl Pts',(22.4287907651956,0.184943527495268,-2.50503930611238));
#2310=CARTESIAN_POINT('Ctrl Pts',(22.4250864377012,0.0921920578992976,-2.50518912565037));
#2311=CARTESIAN_POINT('Ctrl Pts',(22.4264429150644,6.57026516526216E-16,
-2.50535792892403));
#2312=CARTESIAN_POINT('Origin',(25.,-1.23319860737274E-16,-2.50000001117586));
#2313=CARTESIAN_POINT('',(23.,-1.75373886311504,-2.50000001117586));
#2314=CARTESIAN_POINT('Origin',(25.,-1.23319860737274E-16,-2.50000001117586));
#2315=CARTESIAN_POINT('Ctrl Pts',(22.4264429150644,6.57026516526216E-16,
-2.50535792892403));
#2316=CARTESIAN_POINT('Ctrl Pts',(22.430179719725,-0.253969377558705,-2.5058229457955));
#2317=CARTESIAN_POINT('Ctrl Pts',(22.4722510224853,-0.503694404780695,-2.50649947423896));
#2318=CARTESIAN_POINT('Ctrl Pts',(22.6696109668318,-1.14735725397024,-2.50667150809825));
#2319=CARTESIAN_POINT('Ctrl Pts',(22.8510549771588,-1.43850825172691,-2.50385726236518));
#2320=CARTESIAN_POINT('Ctrl Pts',(22.9638101669186,-1.65147975054682,-2.50102356024727));
#2321=CARTESIAN_POINT('Ctrl Pts',(22.9814829257378,-1.68723722629631,-2.50053450457955));
#2322=CARTESIAN_POINT('Ctrl Pts',(22.9951215711151,-1.72567694040001,-2.50014385661865));
#2323=CARTESIAN_POINT('Ctrl Pts',(22.9982022595925,-1.73633885792551,-2.50005333915373));
#2324=CARTESIAN_POINT('Ctrl Pts',(22.9997723599659,-1.74829781621433,-2.50000680668993));
#2325=CARTESIAN_POINT('Ctrl Pts',(23.,-1.75103819633003,-2.50000001117586));
#2326=CARTESIAN_POINT('Ctrl Pts',(23.,-1.75373886311504,-2.50000001117586));
#2327=CARTESIAN_POINT('Origin',(23.,-3.90628716332442,-2.50000001117586));
#2328=CARTESIAN_POINT('',(23.,5.4,-2.50000001117586));
#2329=CARTESIAN_POINT('Origin',(25.,1.31862138082513,0.249999976632643));
#2330=CARTESIAN_POINT('',(27.,1.31862138082513,2.15472098985338));
#2331=CARTESIAN_POINT('',(27.,1.31862138082513,0.249999976632643));
#2332=CARTESIAN_POINT('',(26.9834994337357,1.575,1.65));
#2333=CARTESIAN_POINT('Ctrl Pts',(27.,1.31862138082513,2.15472098985338));
#2334=CARTESIAN_POINT('Ctrl Pts',(27.,1.34469183403424,2.13568051669321));
#2335=CARTESIAN_POINT('Ctrl Pts',(26.999488485816,1.36891985028711,2.11485877571263));
#2336=CARTESIAN_POINT('Ctrl Pts',(26.9966743797881,1.44672791544098,2.03741320181573));
#2337=CARTESIAN_POINT('Ctrl Pts',(26.9924629446576,1.49506158324417,1.96703957376909));
#2338=CARTESIAN_POINT('Ctrl Pts',(26.9857395647917,1.55920011540027,1.81273113296745));
#2339=CARTESIAN_POINT('Ctrl Pts',(26.9834994337357,1.575,1.72878252721294));
#2340=CARTESIAN_POINT('Ctrl Pts',(26.9834994337357,1.575,1.65));
#2341=CARTESIAN_POINT('',(27.,1.31862138082513,1.14527901014662));
#2342=CARTESIAN_POINT('Ctrl Pts',(26.9834994337357,1.575,1.65));
#2343=CARTESIAN_POINT('Ctrl Pts',(26.9834994337357,1.575,1.57121747278706));
#2344=CARTESIAN_POINT('Ctrl Pts',(26.9857395647917,1.55920011540027,1.48726886703255));
#2345=CARTESIAN_POINT('Ctrl Pts',(26.9924629446576,1.49506158324417,1.33296042623091));
#2346=CARTESIAN_POINT('Ctrl Pts',(26.9966743797881,1.44672791544098,1.26258679818427));
#2347=CARTESIAN_POINT('Ctrl Pts',(26.999488485816,1.36891985028711,1.18514122428737));
#2348=CARTESIAN_POINT('Ctrl Pts',(27.,1.34469183403424,1.16431948330679));
#2349=CARTESIAN_POINT('Ctrl Pts',(27.,1.31862138082513,1.14527901014662));
#2350=CARTESIAN_POINT('',(27.,1.31862138082513,0.254720989853379));
#2351=CARTESIAN_POINT('',(27.,1.31862138082513,0.249999976632643));
#2352=CARTESIAN_POINT('',(26.9834994337357,1.575,-0.25));
#2353=CARTESIAN_POINT('Ctrl Pts',(27.,1.31862138082513,0.254720989853379));
#2354=CARTESIAN_POINT('Ctrl Pts',(27.,1.34469183403424,0.235680516693206));
#2355=CARTESIAN_POINT('Ctrl Pts',(26.999488485816,1.36891985028711,0.21485877571263));
#2356=CARTESIAN_POINT('Ctrl Pts',(26.9966743797881,1.44672791544098,0.137413201815728));
#2357=CARTESIAN_POINT('Ctrl Pts',(26.9924629446576,1.49506158324417,0.067039573769088));
#2358=CARTESIAN_POINT('Ctrl Pts',(26.9857395647917,1.55920011540027,-0.0872688670325526));
#2359=CARTESIAN_POINT('Ctrl Pts',(26.9834994337357,1.575,-0.171217472787061));
#2360=CARTESIAN_POINT('Ctrl Pts',(26.9834994337357,1.575,-0.25));
#2361=CARTESIAN_POINT('',(27.,1.31862138082513,-0.754720989853379));
#2362=CARTESIAN_POINT('Ctrl Pts',(26.9834994337357,1.575,-0.25));
#2363=CARTESIAN_POINT('Ctrl Pts',(26.9834994337357,1.575,-0.328782527212939));
#2364=CARTESIAN_POINT('Ctrl Pts',(26.9857395647917,1.55920011540027,-0.412731132967447));
#2365=CARTESIAN_POINT('Ctrl Pts',(26.9924629446576,1.49506158324417,-0.567039573769088));
#2366=CARTESIAN_POINT('Ctrl Pts',(26.9966743797881,1.44672791544098,-0.637413201815728));
#2367=CARTESIAN_POINT('Ctrl Pts',(26.999488485816,1.36891985028711,-0.71485877571263));
#2368=CARTESIAN_POINT('Ctrl Pts',(27.,1.34469183403424,-0.735680516693206));
#2369=CARTESIAN_POINT('Ctrl Pts',(27.,1.31862138082513,-0.754720989853379));
#2370=CARTESIAN_POINT('',(27.,1.31862138082513,0.249999976632643));
#2371=CARTESIAN_POINT('',(26.4142135623731,2.73283494319823,0.249999976632643));
#2372=CARTESIAN_POINT('Origin',(20.,0.95,-0.25));
#2373=CARTESIAN_POINT('',(20.,1.575,-0.25));
#2374=CARTESIAN_POINT('Origin',(27.,0.95,-0.25));
#2375=CARTESIAN_POINT('Origin',(27.,3.55588536393725E-8,0.499999953265286));
#2376=CARTESIAN_POINT('',(27.,-1.31862138082514,2.15472098985337));
#2377=CARTESIAN_POINT('',(27.,-1.31862138082514,0.249999976632643));
#2378=CARTESIAN_POINT('',(27.,-0.325,1.65));
#2379=CARTESIAN_POINT('Origin',(27.,-0.95,1.65));
#2380=CARTESIAN_POINT('',(27.,-1.31862138082514,1.14527901014663));
#2381=CARTESIAN_POINT('Origin',(27.,-0.95,1.65));
#2382=CARTESIAN_POINT('',(27.,-1.31862138082514,0.254720989853371));
#2383=CARTESIAN_POINT('',(27.,-1.31862138082514,0.249999976632643));
#2384=CARTESIAN_POINT('',(27.,-0.325,-0.25));
#2385=CARTESIAN_POINT('Origin',(27.,-0.95,-0.25));
#2386=CARTESIAN_POINT('',(27.,-1.31862138082514,-0.754720989853371));
#2387=CARTESIAN_POINT('Origin',(27.,-0.95,-0.25));
#2388=CARTESIAN_POINT('',(27.,-1.31862138082514,0.249999976632643));
#2389=CARTESIAN_POINT('Origin',(27.,0.95,1.65));
#2390=CARTESIAN_POINT('Origin',(25.,-1.31862138082514,0.249999976632643));
#2391=CARTESIAN_POINT('Ctrl Pts',(27.,-1.31862138082514,-0.754720989853371));
#2392=CARTESIAN_POINT('Ctrl Pts',(27.,-1.34469183403425,-0.735680516693201));
#2393=CARTESIAN_POINT('Ctrl Pts',(26.999488485816,-1.36891985028711,-0.714858775712627));
#2394=CARTESIAN_POINT('Ctrl Pts',(26.9966743797881,-1.44672791544098,-0.637413201815728));
#2395=CARTESIAN_POINT('Ctrl Pts',(26.9924629446576,-1.49506158324417,-0.567039573769088));
#2396=CARTESIAN_POINT('Ctrl Pts',(26.9857395647917,-1.55920011540027,-0.412731132967447));
#2397=CARTESIAN_POINT('Ctrl Pts',(26.9834994337357,-1.575,-0.32878252721294));
#2398=CARTESIAN_POINT('Ctrl Pts',(26.9834994337357,-1.575,-0.25));
#2399=CARTESIAN_POINT('Ctrl Pts',(26.9834994337357,-1.575,-0.171217472787061));
#2400=CARTESIAN_POINT('Ctrl Pts',(26.9857395647917,-1.55920011540027,-0.0872688670325531));
#2401=CARTESIAN_POINT('Ctrl Pts',(26.9924629446576,-1.49506158324417,0.0670395737690878));
#2402=CARTESIAN_POINT('Ctrl Pts',(26.9966743797881,-1.44672791544098,0.137413201815728));
#2403=CARTESIAN_POINT('Ctrl Pts',(26.999488485816,-1.36891985028711,0.214858775712627));
#2404=CARTESIAN_POINT('Ctrl Pts',(27.,-1.34469183403425,0.2356805166932));
#2405=CARTESIAN_POINT('Ctrl Pts',(27.,-1.31862138082514,0.25472098985337));
#2406=CARTESIAN_POINT('Ctrl Pts',(27.,-1.31862138082514,1.14527901014663));
#2407=CARTESIAN_POINT('Ctrl Pts',(27.,-1.34469183403425,1.1643194833068));
#2408=CARTESIAN_POINT('Ctrl Pts',(26.999488485816,-1.36891985028711,1.18514122428737));
#2409=CARTESIAN_POINT('Ctrl Pts',(26.9966743797881,-1.44672791544098,1.26258679818427));
#2410=CARTESIAN_POINT('Ctrl Pts',(26.9924629446576,-1.49506158324417,1.33296042623091));
#2411=CARTESIAN_POINT('Ctrl Pts',(26.9857395647917,-1.55920011540027,1.48726886703255));
#2412=CARTESIAN_POINT('Ctrl Pts',(26.9834994337357,-1.575,1.57121747278706));
#2413=CARTESIAN_POINT('Ctrl Pts',(26.9834994337357,-1.575,1.65));
#2414=CARTESIAN_POINT('Ctrl Pts',(26.9834994337357,-1.575,1.72878252721294));
#2415=CARTESIAN_POINT('Ctrl Pts',(26.9857395647917,-1.55920011540027,1.81273113296745));
#2416=CARTESIAN_POINT('Ctrl Pts',(26.9924629446576,-1.49506158324417,1.96703957376909));
#2417=CARTESIAN_POINT('Ctrl Pts',(26.9966743797881,-1.44672791544098,2.03741320181573));
#2418=CARTESIAN_POINT('Ctrl Pts',(26.999488485816,-1.36891985028711,2.11485877571263));
#2419=CARTESIAN_POINT('Ctrl Pts',(27.,-1.34469183403425,2.1356805166932));
#2420=CARTESIAN_POINT('Ctrl Pts',(27.,-1.31862138082514,2.15472098985337));
#2421=CARTESIAN_POINT('Origin',(23.,-3.90628716332442,-2.50000001117586));
#2422=CARTESIAN_POINT('',(23.,-3.90628716332442,-2.50000001117586));
#2423=CARTESIAN_POINT('',(23.,-3.90628716332442,-2.50000001117586));
#2424=CARTESIAN_POINT('',(23.,5.4,-2.50000001117586));
#2425=CARTESIAN_POINT('Origin',(23.,3.89629548937419,3.49999998882414));
#2426=CARTESIAN_POINT('',(23.,-1.51294903327482,3.49999998882414));
#2427=CARTESIAN_POINT('',(23.,-5.4,3.49999998882414));
#2428=CARTESIAN_POINT('',(23.,-3.88209941804478,3.49999998882414));
#2429=CARTESIAN_POINT('',(23.,-5.4,3.49999998882414));
#2430=CARTESIAN_POINT('',(23.,-3.88209941804478,3.49999998882414));
#2431=CARTESIAN_POINT('Origin',(29.1470485055713,0.,0.));
#2432=CARTESIAN_POINT('Ctrl Pts',(23.,-3.88209941804478,3.49999998882414));
#2433=CARTESIAN_POINT('Ctrl Pts',(27.,-3.88209941804478,3.49999998882414));
#2434=CARTESIAN_POINT('Ctrl Pts',(23.,-3.9835752072125,3.49999998882414));
#2435=CARTESIAN_POINT('Ctrl Pts',(27.,-3.9835752072125,3.49999998882414));
#2436=CARTESIAN_POINT('Ctrl Pts',(23.,-4.08479424366337,3.48975033600421));
#2437=CARTESIAN_POINT('Ctrl Pts',(27.,-4.08479424366337,3.48975033600421));
#2438=CARTESIAN_POINT('Ctrl Pts',(23.,-4.28368450559257,3.44914605969709));
#2439=CARTESIAN_POINT('Ctrl Pts',(27.,-4.28368450559257,3.44914605969709));
#2440=CARTESIAN_POINT('Ctrl Pts',(23.,-4.38086024373674,3.41888504695629));
#2441=CARTESIAN_POINT('Ctrl Pts',(27.,-4.38086024373674,3.41888504695629));
#2442=CARTESIAN_POINT('Ctrl Pts',(23.,-4.65710016389898,3.30143299918539));
#2443=CARTESIAN_POINT('Ctrl Pts',(27.,-4.65710016389898,3.30143299918539));
#2444=CARTESIAN_POINT('Ctrl Pts',(23.,-4.82298339716175,3.18856589652647));
#2445=CARTESIAN_POINT('Ctrl Pts',(27.,-4.82298339716175,3.18856589652647));
#2446=CARTESIAN_POINT('Ctrl Pts',(23.,-5.10158115085583,2.90605630749201));
#2447=CARTESIAN_POINT('Ctrl Pts',(27.,-5.10158115085583,2.90605630749201));
#2448=CARTESIAN_POINT('Ctrl Pts',(23.,-5.21189532565614,2.73915634206894));
#2449=CARTESIAN_POINT('Ctrl Pts',(27.,-5.21189532565614,2.73915634206894));
#2450=CARTESIAN_POINT('Ctrl Pts',(23.,-5.36151530321203,2.37401530662221));
#2451=CARTESIAN_POINT('Ctrl Pts',(27.,-5.36151530321203,2.37401530662221));
#2452=CARTESIAN_POINT('Ctrl Pts',(23.,-5.4,2.1794056893913));
#2453=CARTESIAN_POINT('Ctrl Pts',(27.,-5.4,2.1794056893913));
#2454=CARTESIAN_POINT('Ctrl Pts',(23.,-5.4,1.98292009929299));
#2455=CARTESIAN_POINT('Ctrl Pts',(27.,-5.4,1.98292009929299));
#2456=CARTESIAN_POINT('',(23.,-4.91776918480944,3.09062977606249));
#2457=CARTESIAN_POINT('Ctrl Pts',(23.,-4.91776916396516,3.09062975375096));
#2458=CARTESIAN_POINT('Ctrl Pts',(23.,-4.78803418176548,3.21183309397423));
#2459=CARTESIAN_POINT('Ctrl Pts',(23.,-4.63794414098843,3.30957778186802));
#2460=CARTESIAN_POINT('Ctrl Pts',(23.,-4.47428301143749,3.3791634333371));
#2461=CARTESIAN_POINT('Ctrl Pts',(23.,-4.38086024373674,3.41888504695629));
#2462=CARTESIAN_POINT('Ctrl Pts',(23.,-4.28368450559257,3.44914605969709));
#2463=CARTESIAN_POINT('Ctrl Pts',(23.,-4.18422091630611,3.46945196619402));
#2464=CARTESIAN_POINT('Ctrl Pts',(23.,-4.08479424366337,3.48975033600421));
#2465=CARTESIAN_POINT('Ctrl Pts',(23.,-3.9835752072125,3.49999998882414));
#2466=CARTESIAN_POINT('Ctrl Pts',(23.,-3.88209941804478,3.49999998882414));
#2467=CARTESIAN_POINT('',(23.0000000494976,-5.39999999548066,1.98292010772103));
#2468=CARTESIAN_POINT('Ctrl Pts',(23.,-5.4,1.98292009929299));
#2469=CARTESIAN_POINT('Ctrl Pts',(23.,-5.4,2.1794056893913));
#2470=CARTESIAN_POINT('Ctrl Pts',(23.,-5.36151530321203,2.37401530662221));
#2471=CARTESIAN_POINT('Ctrl Pts',(23.,-5.28700658574847,2.5558505848309));
#2472=CARTESIAN_POINT('Ctrl Pts',(23.,-5.21189532565614,2.73915634206894));
#2473=CARTESIAN_POINT('Ctrl Pts',(23.,-5.10158115085583,2.90605630749201));
#2474=CARTESIAN_POINT('Ctrl Pts',(23.,-4.96247691523299,3.04711372779667));
#2475=CARTESIAN_POINT('Ctrl Pts',(23.,-4.94786044740124,3.06193542777641));
#2476=CARTESIAN_POINT('Ctrl Pts',(23.,-4.93295423752622,3.0764432821769));
#2477=CARTESIAN_POINT('Ctrl Pts',(23.,-4.91776916396516,3.09062975375096));
#2478=CARTESIAN_POINT('',(23.,-5.4,1.98292009929299));
#2479=CARTESIAN_POINT('Origin',(23.,-5.4,1.98292009929299));
#2480=CARTESIAN_POINT('',(22.9999999999757,-5.40000000000223,-1.00621333166544));
#2481=CARTESIAN_POINT('',(23.,-5.4,-2.50000001117586));
#2482=CARTESIAN_POINT('',(23.,-5.4,-1.00621333166097));
#2483=CARTESIAN_POINT('Origin',(20.,-0.95,-0.25));
#2484=CARTESIAN_POINT('',(20.,-0.325,-0.25));
#2485=CARTESIAN_POINT('Origin',(20.,0.95,1.65));
#2486=CARTESIAN_POINT('',(20.,1.575,1.65));
#2487=CARTESIAN_POINT('Origin',(20.,-0.95,1.65));
#2488=CARTESIAN_POINT('',(20.,-0.325,1.65));
#2489=CARTESIAN_POINT('Ctrl Pts',(23.,-5.4,-1.00621333166097));
#2490=CARTESIAN_POINT('Ctrl Pts',(27.,-5.4,-1.00621333166097));
#2491=CARTESIAN_POINT('Ctrl Pts',(23.,-5.4,-1.20656560904894));
#2492=CARTESIAN_POINT('Ctrl Pts',(27.,-5.4,-1.20656560904894));
#2493=CARTESIAN_POINT('Ctrl Pts',(23.,-5.36002644098881,-1.40487355305735));
#2494=CARTESIAN_POINT('Ctrl Pts',(27.,-5.36002644098881,-1.40487355305735));
#2495=CARTESIAN_POINT('Ctrl Pts',(23.,-5.20668024326945,-1.76803773452243));
#2496=CARTESIAN_POINT('Ctrl Pts',(27.,-5.20668024326945,-1.76803773452243));
#2497=CARTESIAN_POINT('Ctrl Pts',(23.,-5.09721422718758,-1.93018231297163));
#2498=CARTESIAN_POINT('Ctrl Pts',(27.,-5.09721422718758,-1.93018231297163));
#2499=CARTESIAN_POINT('Ctrl Pts',(23.,-4.821631408941,-2.20390561954967));
#2500=CARTESIAN_POINT('Ctrl Pts',(27.,-4.821631408941,-2.20390561954967));
#2501=CARTESIAN_POINT('Ctrl Pts',(23.,-4.65810596801972,-2.31254220841782));
#2502=CARTESIAN_POINT('Ctrl Pts',(27.,-4.65810596801972,-2.31254220841782));
#2503=CARTESIAN_POINT('Ctrl Pts',(23.,-4.29687945068316,-2.46163741439622));
#2504=CARTESIAN_POINT('Ctrl Pts',(27.,-4.29687945068316,-2.46163741439622));
#2505=CARTESIAN_POINT('Ctrl Pts',(23.,-4.10254412340795,-2.50000001117586));
#2506=CARTESIAN_POINT('Ctrl Pts',(27.,-4.10254412340795,-2.50000001117586));
#2507=CARTESIAN_POINT('Ctrl Pts',(23.,-3.90628716332442,-2.50000001117586));
#2508=CARTESIAN_POINT('Ctrl Pts',(27.,-3.90628716332442,-2.50000001117586));
#2509=CARTESIAN_POINT('Ctrl Pts',(23.,-3.90628716332442,-2.50000001117586));
#2510=CARTESIAN_POINT('Ctrl Pts',(23.,-4.10254412340795,-2.50000001117586));
#2511=CARTESIAN_POINT('Ctrl Pts',(23.,-4.29687945068316,-2.46163741439622));
#2512=CARTESIAN_POINT('Ctrl Pts',(23.,-4.4782689664526,-2.38676941352139));
#2513=CARTESIAN_POINT('Ctrl Pts',(23.,-4.65810596801972,-2.31254220841782));
#2514=CARTESIAN_POINT('Ctrl Pts',(23.,-4.821631408941,-2.20390561954967));
#2515=CARTESIAN_POINT('Ctrl Pts',(23.,-4.95965951018078,-2.06680887123848));
#2516=CARTESIAN_POINT('Ctrl Pts',(23.,-5.09721422718758,-1.93018231297163));
#2517=CARTESIAN_POINT('Ctrl Pts',(23.,-5.20668024326945,-1.76803773452243));
#2518=CARTESIAN_POINT('Ctrl Pts',(23.,-5.28210076216122,-1.58942208303345));
#2519=CARTESIAN_POINT('Ctrl Pts',(23.,-5.36002644098881,-1.40487355305735));
#2520=CARTESIAN_POINT('Ctrl Pts',(23.,-5.4,-1.20656560904894));
#2521=CARTESIAN_POINT('Ctrl Pts',(23.,-5.4,-1.00621333166097));
#2522=CARTESIAN_POINT('Ctrl Pts',(-0.0663129180349459,7.50605465773908,
-2.90445022877065));
#2523=CARTESIAN_POINT('Ctrl Pts',(7.62375250154407,6.80391824986266,-2.13711649760859));
#2524=CARTESIAN_POINT('Ctrl Pts',(15.3271772980234,6.10056207279098,-1.50534552509664));
#2525=CARTESIAN_POINT('Ctrl Pts',(23.0389182182737,5.39644659746196,-1.00317022525543));
#2526=CARTESIAN_POINT('Ctrl Pts',(-0.0365553608544256,7.50333766338781,
-3.20516066639164));
#2527=CARTESIAN_POINT('Ctrl Pts',(7.6480597570227,6.80159342275238,-2.41856669950008));
#2528=CARTESIAN_POINT('Ctrl Pts',(15.346308378477,6.09893596129511,-1.76283267398741));
#2529=CARTESIAN_POINT('Ctrl Pts',(23.0533251451974,5.39513118239501,-1.22625704779158));
#2530=CARTESIAN_POINT('Ctrl Pts',(0.00556201971388286,7.31073695301041,
-3.80348883074216));
#2531=CARTESIAN_POINT('Ctrl Pts',(7.68166181478612,6.63505946120361,-2.97887737880379));
#2532=CARTESIAN_POINT('Ctrl Pts',(15.3722792204734,5.96208826361208,-2.27649119014999));
#2533=CARTESIAN_POINT('Ctrl Pts',(23.0728204865252,5.29105273638146,-1.67157219178446));
#2534=CARTESIAN_POINT('Ctrl Pts',(-0.00612497329196297,6.43581907867275,
-4.48694367105916));
#2535=CARTESIAN_POINT('Ctrl Pts',(7.67161031449583,5.86286570581588,-3.66557086723148));
#2536=CARTESIAN_POINT('Ctrl Pts',(15.3645298358221,5.31580221305699,-2.95513651392702));
#2537=CARTESIAN_POINT('Ctrl Pts',(23.0681051235977,4.79120613924383,-2.30001024358303));
#2538=CARTESIAN_POINT('Ctrl Pts',(-0.0886335231028267,5.61091748185609,
-4.41487242039746));
#2539=CARTESIAN_POINT('Ctrl Pts',(7.6042115934725,5.09388382590994,-3.68595864539418));
#2540=CARTESIAN_POINT('Ctrl Pts',(15.3124352396766,4.62934662781891,-3.08308999542417));
#2541=CARTESIAN_POINT('Ctrl Pts',(23.030362326956,4.2366100078242,-2.49802286868616));
#2542=CARTESIAN_POINT('Ctrl Pts',(-0.147010758532425,5.22690940015068,-4.18120785294505));
#2543=CARTESIAN_POINT('Ctrl Pts',(7.55478590869532,4.70095331358752,-3.52173440291729));
#2544=CARTESIAN_POINT('Ctrl Pts',(15.2720380064119,4.24382644162161,-3.00323159940271));
#2545=CARTESIAN_POINT('Ctrl Pts',(23.,3.90266013797743,-2.50000001117586));
#2546=CARTESIAN_POINT('Ctrl Pts',(23.,3.90266013797743,-2.50000001117586));
#2547=CARTESIAN_POINT('Ctrl Pts',(15.32120750607,4.24165575593962,-3.00002976618643));
#2548=CARTESIAN_POINT('Ctrl Pts',(7.65298905719775,4.69514102805589,-3.51513702712947));
#2549=CARTESIAN_POINT('Ctrl Pts',(1.82082948156637E-7,5.2168785147933,-4.16863715397922));
#2550=CARTESIAN_POINT('Ctrl Pts',(-1.01015441844599E-9,7.50000000009767,
-2.89783675501614));
#2551=CARTESIAN_POINT('Ctrl Pts',(7.65510133133567,6.80105596540342,-2.13477516964721));
#2552=CARTESIAN_POINT('Ctrl Pts',(15.3234262070421,6.10090456370666,-1.50602675326785));
#2553=CARTESIAN_POINT('Ctrl Pts',(22.9999999994756,5.40000000004789,-1.00570561752843));
#2554=CARTESIAN_POINT('Ctrl Pts',(0.,-5.88155289276364,-4.61251982570445));
#2555=CARTESIAN_POINT('Ctrl Pts',(7.66666666666667,-5.22313098295057,-3.90834655419492));
#2556=CARTESIAN_POINT('Ctrl Pts',(15.3333333333333,-4.56470907313749,-3.20417328268539));
#2557=CARTESIAN_POINT('Ctrl Pts',(23.,-3.90628716332442,-2.50000001117586));
#2558=CARTESIAN_POINT('Ctrl Pts',(0.,-4.52100290361739,-3.62307112821695));
#2559=CARTESIAN_POINT('Ctrl Pts',(7.66666666666668,-3.93247120901394,-3.24868862683846));
#2560=CARTESIAN_POINT('Ctrl Pts',(15.3333333333333,-3.34639325200915,-2.87438251255435));
#2561=CARTESIAN_POINT('Ctrl Pts',(23.,-2.7578615574057,-2.50000001117586));
#2562=CARTESIAN_POINT('Ctrl Pts',(0.,-0.750406653592791,-2.12716138089263));
#2563=CARTESIAN_POINT('Ctrl Pts',(7.66666666666665,-0.526274765914558,-2.25026824743983));
#2564=CARTESIAN_POINT('Ctrl Pts',(15.3333333333334,-0.302333697940256,-2.37689314462866));
#2565=CARTESIAN_POINT('Ctrl Pts',(23.,-0.0782018102620222,-2.50000001117586));
#2566=CARTESIAN_POINT('Ctrl Pts',(0.,3.30324570396953,-2.99846065857089));
#2567=CARTESIAN_POINT('Ctrl Pts',(7.66666666666667,3.06846597167376,-2.8355213871431));
#2568=CARTESIAN_POINT('Ctrl Pts',(15.3333333333333,2.83623766917742,-2.66293928260365));
#2569=CARTESIAN_POINT('Ctrl Pts',(23.,2.60145793688166,-2.50000001117586));
#2570=CARTESIAN_POINT('Ctrl Pts',(0.,5.2168781060851,-4.1686353479499));
#2571=CARTESIAN_POINT('Ctrl Pts',(7.66666666666667,4.85548276342561,-3.61242356902522));
#2572=CARTESIAN_POINT('Ctrl Pts',(15.3333333333333,4.49408742076611,-3.05621179010054));
#2573=CARTESIAN_POINT('Ctrl Pts',(23.,4.13269207810661,-2.50000001117586));
#2574=CARTESIAN_POINT('Ctrl Pts',(-1.67822019475627E-8,-5.21445202498825,
-4.16715425686489));
#2575=CARTESIAN_POINT('Ctrl Pts',(4.351208690602,-4.8990373132272,-3.87367646855227));
#2576=CARTESIAN_POINT('Ctrl Pts',(12.0082725545622,-4.37946688854483,-3.37021219406166));
#2577=CARTESIAN_POINT('Ctrl Pts',(19.6856889304694,-4.02114882724689,-2.80441564238683));
#2578=CARTESIAN_POINT('Ctrl Pts',(23.0000000000288,-3.90628716345395,-2.50000001123563));
#2579=CARTESIAN_POINT('Ctrl Pts',(-0.15165839235783,-5.22545370631117,-4.17738625496098));
#2580=CARTESIAN_POINT('Ctrl Pts',(4.25003979481757,-4.90590923120681,-3.88032582432032));
#2581=CARTESIAN_POINT('Ctrl Pts',(11.9578231308063,-4.38181569308189,-3.37393228443609));
#2582=CARTESIAN_POINT('Ctrl Pts',(19.6862302212004,-4.02112356449074,-2.80437575123146));
#2583=CARTESIAN_POINT('Ctrl Pts',(23.0008125263649,-3.90625900511799,-2.49992538042874));
#2584=CARTESIAN_POINT('Ctrl Pts',(-0.115898777072672,-5.48169669422415,
-4.33393187822256));
#2585=CARTESIAN_POINT('Ctrl Pts',(4.28431417182631,-5.16458028971207,-4.01560855015178));
#2586=CARTESIAN_POINT('Ctrl Pts',(11.9889483864251,-4.64229393998439,-3.46491092445438));
#2587=CARTESIAN_POINT('Ctrl Pts',(19.7105234344629,-4.26115624312492,-2.83015667021963));
#2588=CARTESIAN_POINT('Ctrl Pts',(23.0209381651921,-4.12854912154753,-2.49807001701069));
#2589=CARTESIAN_POINT('Ctrl Pts',(-0.0484214246609749,-6.0900310911673,
-4.48503618428173));
#2590=CARTESIAN_POINT('Ctrl Pts',(4.3476728181338,-5.76140579324849,-4.12820445125835));
#2591=CARTESIAN_POINT('Ctrl Pts',(12.0438745914364,-5.21114092682918,-3.49959669527675));
#2592=CARTESIAN_POINT('Ctrl Pts',(19.7499116378628,-4.75275269900736,-2.76381915576497));
#2593=CARTESIAN_POINT('Ctrl Pts',(23.0518236004027,-4.57227550032293,-2.39323927284666));
#2594=CARTESIAN_POINT('Ctrl Pts',(0.0157496872901718,-7.12900416889224,
-4.09642157760561));
#2595=CARTESIAN_POINT('Ctrl Pts',(4.40552211845494,-6.75202964099916,-3.71457232768098));
#2596=CARTESIAN_POINT('Ctrl Pts',(12.0885462049263,-6.09873519958638,-3.03826664122823));
#2597=CARTESIAN_POINT('Ctrl Pts',(19.7722542474255,-5.46699085331647,-2.26611325250849));
#2598=CARTESIAN_POINT('Ctrl Pts',(23.0631245449655,-5.19891670057998,-1.8933581546684));
#2599=CARTESIAN_POINT('Ctrl Pts',(-0.00912247960401404,-7.50083292205182,
-3.35162640584905));
#2600=CARTESIAN_POINT('Ctrl Pts',(4.38021338354741,-7.09938584796468,-2.99088776550141));
#2601=CARTESIAN_POINT('Ctrl Pts',(12.0621615306881,-6.3988674011261,-2.36039324152132));
#2602=CARTESIAN_POINT('Ctrl Pts',(19.7416274007818,-5.69805406350202,-1.6687185125204));
#2603=CARTESIAN_POINT('Ctrl Pts',(23.0303713400361,-5.3972269646054,-1.33963198143979));
#2604=CARTESIAN_POINT('Ctrl Pts',(-0.0445409276833943,-7.50406678035472,
-2.8994228945002));
#2605=CARTESIAN_POINT('Ctrl Pts',(4.34603118916693,-7.10318845664211,-2.55266832422429));
#2606=CARTESIAN_POINT('Ctrl Pts',(12.0298826827608,-6.40161940722668,-1.95046290861786));
#2607=CARTESIAN_POINT('Ctrl Pts',(19.7106337380644,-5.70033344130731,-1.30834189157886));
#2608=CARTESIAN_POINT('Ctrl Pts',(23.,-5.4,-1.00621333166097));
#2609=CARTESIAN_POINT('Ctrl Pts',(23.,-5.4,-1.00621333166097));
#2610=CARTESIAN_POINT('Ctrl Pts',(19.7106337380644,-5.70033344130731,-1.30834189157886));
#2611=CARTESIAN_POINT('Ctrl Pts',(12.0447243434162,-6.40026429907988,-1.94922212602173));
#2612=CARTESIAN_POINT('Ctrl Pts',(4.37572648097241,-7.1004771473903,-2.55034086933735));
#2613=CARTESIAN_POINT('Ctrl Pts',(3.59863071980326E-9,-7.49999999967245,
-2.89590527215771));
#2614=CARTESIAN_POINT('Ctrl Pts',(4.08393632453374E-7,-7.4999999627129,
2.18513829048252E-6));
#2615=CARTESIAN_POINT('Ctrl Pts',(0.000150941204911634,-7.49998621841274,
2.64781929957505E-5));
#2616=CARTESIAN_POINT('Ctrl Pts',(0.0441516968022102,-7.49596875811908,
0.00502388034641653));
#2617=CARTESIAN_POINT('Ctrl Pts',(1.60860167413475,-7.35312767323209,0.182902668166196));
#2618=CARTESIAN_POINT('Ctrl Pts',(3.92501278634455,-7.14162926733461,0.420815683242309));
#2619=CARTESIAN_POINT('Ctrl Pts',(7.0180265325227,-6.85922366442254,0.69230586263531));
#2620=CARTESIAN_POINT('Ctrl Pts',(9.33874995919819,-6.64733152546512,0.883955956517227));
#2621=CARTESIAN_POINT('Ctrl Pts',(11.6597963203222,-6.43540990118848,1.06877561011186));
#2622=CARTESIAN_POINT('Ctrl Pts',(14.7547992060357,-6.15282268118841,1.31218665157264));
#2623=CARTESIAN_POINT('Ctrl Pts',(18.6234449229985,-5.79959850703077,1.61769674013581));
#2624=CARTESIAN_POINT('Ctrl Pts',(21.7174641505908,-5.51710109929394,1.87327791872431));
#2625=CARTESIAN_POINT('Ctrl Pts',(23.2641070556309,-5.37588587752934,2.00544716307209));
#2626=CARTESIAN_POINT('Ctrl Pts',(3.26016486378098E-7,-7.49999997023429,
2.69984670403185E-6));
#2627=CARTESIAN_POINT('Ctrl Pts',(0.000150288968220723,-7.49998627796479,
-7.28374909620126E-6));
#2628=CARTESIAN_POINT('Ctrl Pts',(0.0440625231294213,-7.49597690006311,
0.00585512841428757));
#2629=CARTESIAN_POINT('Ctrl Pts',(1.60534625829625,-7.35342490685213,0.210920647882137));
#2630=CARTESIAN_POINT('Ctrl Pts',(3.91620927232108,-7.1424330664411,0.509649636247522));
#2631=CARTESIAN_POINT('Ctrl Pts',(7.00350298912361,-6.86054972708072,0.864232909072293));
#2632=CARTESIAN_POINT('Ctrl Pts',(9.32058945097614,-6.64898965882452,1.11018395577681));
#2633=CARTESIAN_POINT('Ctrl Pts',(11.638322364908,-6.43737056668282,1.34301645595836));
#2634=CARTESIAN_POINT('Ctrl Pts',(14.7290705030132,-6.15517182363829,1.64285755637788));
#2635=CARTESIAN_POINT('Ctrl Pts',(18.5923746289495,-5.80243535996568,2.00852273439854));
#2636=CARTESIAN_POINT('Ctrl Pts',(21.6817817972986,-5.52035905329018,2.30424031254593));
#2637=CARTESIAN_POINT('Ctrl Pts',(23.2260219655994,-5.37936321183657,2.45483375912552));
#2638=CARTESIAN_POINT('Ctrl Pts',(1.81856437498232E-7,-7.49999998339626,
3.60058642774317E-6));
#2639=CARTESIAN_POINT('Ctrl Pts',(0.000159822025138546,-7.49994011572279,
6.80935553544011E-5));
#2640=CARTESIAN_POINT('Ctrl Pts',(0.0439126632181807,-7.49603045855567,
0.00718793956651565));
#2641=CARTESIAN_POINT('Ctrl Pts',(1.59966259395628,-7.35330123717303,0.262507128105658));
#2642=CARTESIAN_POINT('Ctrl Pts',(3.90008233306389,-7.13615625689139,0.664151210013213));
#2643=CARTESIAN_POINT('Ctrl Pts',(6.97349445959773,-6.81240480609061,1.16543566678226));
#2644=CARTESIAN_POINT('Ctrl Pts',(9.28063022288294,-6.56212671919753,1.50582122332628));
#2645=CARTESIAN_POINT('Ctrl Pts',(11.5885618015507,-6.30678572621063,1.82228658238478));
#2646=CARTESIAN_POINT('Ctrl Pts',(14.6662372231073,-5.96280936666462,2.21991122982276));
#2647=CARTESIAN_POINT('Ctrl Pts',(18.5128448872116,-5.52858669863632,2.68862599008447));
#2648=CARTESIAN_POINT('Ctrl Pts',(21.5883095709685,-5.18003293243357,3.05167767141826));
#2649=CARTESIAN_POINT('Ctrl Pts',(23.1254889377849,-5.00635183676561,3.23272887873127));
#2650=CARTESIAN_POINT('Ctrl Pts',(3.76963129493637E-8,-7.49999999655739,
4.50132615145364E-6));
#2651=CARTESIAN_POINT('Ctrl Pts',(0.000167507473671502,-7.49993715239203,
8.74091361996569E-5));
#2652=CARTESIAN_POINT('Ctrl Pts',(0.0437576896039389,-7.49603920479286,
0.00857282703650895));
#2653=CARTESIAN_POINT('Ctrl Pts',(1.59402934148093,-7.35398962412014,0.312903079459099));
#2654=CARTESIAN_POINT('Ctrl Pts',(3.88252571920875,-7.11490814540463,0.820732349573242));
#2655=CARTESIAN_POINT('Ctrl Pts',(6.93817823256406,-6.68019589025113,1.43926281374171));
#2656=CARTESIAN_POINT('Ctrl Pts',(9.23306564165077,-6.33274957158799,1.83499451041553));
#2657=CARTESIAN_POINT('Ctrl Pts',(11.5298691513951,-5.97477815054391,2.18195774738254));
#2658=CARTESIAN_POINT('Ctrl Pts',(14.5944346929633,-5.49580634198004,2.59160052958655));
#2659=CARTESIAN_POINT('Ctrl Pts',(18.4277855122416,-4.90219131203689,3.03458867748586));
#2660=CARTESIAN_POINT('Ctrl Pts',(21.4960824926496,-4.44303489871699,3.34944740801743));
#2661=CARTESIAN_POINT('Ctrl Pts',(23.0305344503676,-4.21896654011557,3.50260932755289));
#2662=CARTESIAN_POINT('Ctrl Pts',(-2.40866114727123E-8,-7.50000000219772,
4.88735746161499E-6));
#2663=CARTESIAN_POINT('Ctrl Pts',(0.000171143978521385,-7.49998437376655,
5.60676627492101E-5));
#2664=CARTESIAN_POINT('Ctrl Pts',(0.0436865312002156,-7.49599676726119,
0.00920281463084685));
#2665=CARTESIAN_POINT('Ctrl Pts',(1.59167046632924,-7.35508404906096,0.33368428307919));
#2666=CARTESIAN_POINT('Ctrl Pts',(3.87468937312063,-7.10251511422289,0.888606328967431));
#2667=CARTESIAN_POINT('Ctrl Pts',(6.92251724839054,-6.60970767850306,1.54800722911868));
#2668=CARTESIAN_POINT('Ctrl Pts',(9.21240710630302,-6.21363298202806,1.95606831380651));
#2669=CARTESIAN_POINT('Ctrl Pts',(11.5051540233085,-5.8073006690059,2.30146514631066));
#2670=CARTESIAN_POINT('Ctrl Pts',(14.565676192169,-5.2690579872337,2.69422513848471));
#2671=CARTESIAN_POINT('Ctrl Pts',(18.396383742571,-4.61362783625189,3.09664827408342));
#2672=CARTESIAN_POINT('Ctrl Pts',(21.4649293709477,-4.12005266873271,3.36881965986705));
#2673=CARTESIAN_POINT('Ctrl Pts',(23.,-3.88209941804478,3.49999998882414));
#2674=CARTESIAN_POINT('Ctrl Pts',(23.,-3.88209941804478,3.49999998882414));
#2675=CARTESIAN_POINT('Ctrl Pts',(21.4649293709477,-4.12005266873271,3.36881965986705));
#2676=CARTESIAN_POINT('Ctrl Pts',(18.396383742571,-4.61362783625189,3.09664827408342));
#2677=CARTESIAN_POINT('Ctrl Pts',(14.565676192169,-5.2690579872337,2.69422513848471));
#2678=CARTESIAN_POINT('Ctrl Pts',(11.5051540233085,-5.8073006690059,2.30146514631066));
#2679=CARTESIAN_POINT('Ctrl Pts',(9.21240710630302,-6.21363298202806,1.95606831380651));
#2680=CARTESIAN_POINT('Ctrl Pts',(6.92251724839054,-6.60970767850306,1.54800722911868));
#2681=CARTESIAN_POINT('Ctrl Pts',(3.87468937312063,-7.10251511422289,0.888606328967431));
#2682=CARTESIAN_POINT('Ctrl Pts',(1.59167046632924,-7.35508404906096,0.33368428307919));
#2683=CARTESIAN_POINT('Ctrl Pts',(0.0436875100006015,-7.49599667816115,
0.00920301980260563));
#2684=CARTESIAN_POINT('Ctrl Pts',(0.000175043787813409,-7.49998401640092,
5.68873858400092E-5));
#2685=CARTESIAN_POINT('Ctrl Pts',(-8.15374097194921E-10,-7.50000000007287,
4.89429242559586E-6));
#2686=CARTESIAN_POINT('Ctrl Pts',(4.29244265534139E-7,-7.49999996080915,
2.18849007363341E-6));
#2687=CARTESIAN_POINT('Ctrl Pts',(0.000154951030863227,-7.4999858522982,
2.69336104726944E-5));
#2688=CARTESIAN_POINT('Ctrl Pts',(0.0441527027010767,-7.49596866627614,
0.00502399471764837));
#2689=CARTESIAN_POINT('Ctrl Pts',(1.60860167413475,-7.35312767323209,0.182902668166196));
#2690=CARTESIAN_POINT('Ctrl Pts',(3.92501278634455,-7.14162926733461,0.420815683242309));
#2691=CARTESIAN_POINT('Ctrl Pts',(7.0180265325227,-6.85922366442254,0.69230586263531));
#2692=CARTESIAN_POINT('Ctrl Pts',(9.33874995919819,-6.64733152546512,0.883955956517227));
#2693=CARTESIAN_POINT('Ctrl Pts',(11.6597963203222,-6.43540990118848,1.06877561011186));
#2694=CARTESIAN_POINT('Ctrl Pts',(14.7547992060357,-6.15282268118841,1.31218665157264));
#2695=CARTESIAN_POINT('Ctrl Pts',(18.5353640164334,-5.80764067676063,1.61074091953754));
#2696=CARTESIAN_POINT('Ctrl Pts',(21.5413526873327,-5.53318084159143,1.85873935707533));
#2697=CARTESIAN_POINT('Ctrl Pts',(23.0000000318647,-5.39999999709062,1.98292031656631));
#2698=CARTESIAN_POINT('Ctrl Pts',(0.,5.89886676874704,2.77906702028487));
#2699=CARTESIAN_POINT('Ctrl Pts',(7.66666666666667,5.73257784583136,3.01937800979796));
#2700=CARTESIAN_POINT('Ctrl Pts',(15.3333333333333,5.56628892291568,3.25968899931105));
#2701=CARTESIAN_POINT('Ctrl Pts',(23.,5.4,3.49999998882414));
#2702=CARTESIAN_POINT('Ctrl Pts',(0.,4.80667506613498,3.61365272305589));
#2703=CARTESIAN_POINT('Ctrl Pts',(7.66666666666668,4.65948791096601,3.57516659119965));
#2704=CARTESIAN_POINT('Ctrl Pts',(15.3333333333333,4.51861572659755,3.53848612068039));
#2705=CARTESIAN_POINT('Ctrl Pts',(23.,4.37142857142857,3.49999998882414));
#2706=CARTESIAN_POINT('Ctrl Pts',(0.,1.6030437080116,4.79642055081995));
#2707=CARTESIAN_POINT('Ctrl Pts',(7.66666666666665,1.84095567989466,4.36417481745679));
#2708=CARTESIAN_POINT('Ctrl Pts',(15.3333333333334,2.07637374240265,3.9322457221873));
#2709=CARTESIAN_POINT('Ctrl Pts',(23.,2.31428571428571,3.49999998882414));
#2710=CARTESIAN_POINT('Ctrl Pts',(0.,-3.98182599553567,4.27030947635289));
#2711=CARTESIAN_POINT('Ctrl Pts',(7.66666666666669,-2.9130589849594,4.01339748119358));
#2712=CARTESIAN_POINT('Ctrl Pts',(15.3333333333333,-1.84019558200485,3.75691198398345));
#2713=CARTESIAN_POINT('Ctrl Pts',(23.,-0.771428571428574,3.49999998882414));
#2714=CARTESIAN_POINT('Ctrl Pts',(0.,-7.03606260353714,2.1248349646287));
#2715=CARTESIAN_POINT('Ctrl Pts',(7.66666666666665,-5.80407149614437,2.58313840494424));
#2716=CARTESIAN_POINT('Ctrl Pts',(15.3333333333333,-4.57484825024992,3.0416965485086));
#2717=CARTESIAN_POINT('Ctrl Pts',(23.,-3.34285714285715,3.49999998882414));
#2718=CARTESIAN_POINT('Ctrl Pts',(0.,-7.49999903885375,0.530563811803773));
#2719=CARTESIAN_POINT('Ctrl Pts',(7.66666666666667,-6.63028277044838,1.52069069504191));
#2720=CARTESIAN_POINT('Ctrl Pts',(15.3333333333333,-5.75543055411966,2.509873105586));
#2721=CARTESIAN_POINT('Ctrl Pts',(23.,-4.88571428571429,3.49999998882414));
#2722=CARTESIAN_POINT('Ctrl Pts',(0.,-7.50000000000102,4.89124453347521E-6));
#2723=CARTESIAN_POINT('Ctrl Pts',(7.66666666666667,-6.80000000000068,1.16666992377107));
#2724=CARTESIAN_POINT('Ctrl Pts',(15.3333333333333,-6.10000000000034,2.33333495629761));
#2725=CARTESIAN_POINT('Ctrl Pts',(23.,-5.4,3.49999998882414));
#2726=CARTESIAN_POINT('Ctrl Pts',(0.,5.89886676874704,2.77906702028487));
#2727=CARTESIAN_POINT('Ctrl Pts',(0.00992960248656185,5.89834352967603,
2.77961351611442));
#2728=CARTESIAN_POINT('Ctrl Pts',(0.0198592367313556,5.89781994925637,2.78016006565839));
#2729=CARTESIAN_POINT('Ctrl Pts',(2.32419614197783,5.77623543517777,2.90690606128957));
#2730=CARTESIAN_POINT('Ctrl Pts',(5.38459931593588,5.59062252830182,3.07030932859384));
#2731=CARTESIAN_POINT('Ctrl Pts',(9.97750642324045,5.24666443939697,3.27918464714359));
#2732=CARTESIAN_POINT('Ctrl Pts',(13.0406692774059,4.98116527669984,3.39458865209092));
#2733=CARTESIAN_POINT('Ctrl Pts',(16.1053496948578,4.67769119502567,3.47303132184025));
#2734=CARTESIAN_POINT('Ctrl Pts',(18.4039484307132,4.43247142676041,3.50975990675656));
#2735=CARTESIAN_POINT('Ctrl Pts',(20.7023497315445,4.17134709550567,3.52128679890236));
#2736=CARTESIAN_POINT('Ctrl Pts',(22.2341964546416,3.98879877784966,3.51037671024734));
#2737=CARTESIAN_POINT('Ctrl Pts',(23.000000028437,3.89629548593922,3.49999998843882));
#2738=CARTESIAN_POINT('Ctrl Pts',(0.,5.89886676874704,2.77906702028487));
#2739=CARTESIAN_POINT('Ctrl Pts',(0.00992960248656185,5.89834352967603,
2.77961351611442));
#2740=CARTESIAN_POINT('Ctrl Pts',(0.0198592367313556,5.89781994925637,2.78016006565839));
#2741=CARTESIAN_POINT('Ctrl Pts',(2.32419614197783,5.77623543517777,2.90690606128957));
#2742=CARTESIAN_POINT('Ctrl Pts',(5.38459931593588,5.59062252830182,3.07030932859384));
#2743=CARTESIAN_POINT('Ctrl Pts',(9.97750642324045,5.24666443939697,3.27918464714359));
#2744=CARTESIAN_POINT('Ctrl Pts',(13.0406692774059,4.98116527669984,3.39458865209092));
#2745=CARTESIAN_POINT('Ctrl Pts',(16.1053496948578,4.67769119502567,3.47303132184025));
#2746=CARTESIAN_POINT('Ctrl Pts',(18.4039484307132,4.43247142676041,3.50975990675656));
#2747=CARTESIAN_POINT('Ctrl Pts',(20.7023497315445,4.17134709550567,3.52128679890236));
#2748=CARTESIAN_POINT('Ctrl Pts',(22.2341964546416,3.98879877784966,3.51037671024734));
#2749=CARTESIAN_POINT('Ctrl Pts',(23.000000028437,3.89629548593922,3.49999998843882));
#2750=CARTESIAN_POINT('Ctrl Pts',(0.,5.89886676874704,2.77906702028487));
#2751=CARTESIAN_POINT('Ctrl Pts',(0.00993495960205486,5.8984561658535,2.77952415590626));
#2752=CARTESIAN_POINT('Ctrl Pts',(0.0198696662824154,5.89805937190626,2.77998065053046));
#2753=CARTESIAN_POINT('Ctrl Pts',(2.325448225058,5.8035519708276,2.886011838347));
#2754=CARTESIAN_POINT('Ctrl Pts',(5.38773803802348,5.66610615421225,3.02345825006394));
#2755=CARTESIAN_POINT('Ctrl Pts',(9.98577369866735,5.42020969199316,3.20975884288442));
#2756=CARTESIAN_POINT('Ctrl Pts',(13.0540199612856,5.23067485107161,3.32169504016032));
#2757=CARTESIAN_POINT('Ctrl Pts',(16.1255343614477,5.0010654400673,3.41192123150503));
#2758=CARTESIAN_POINT('Ctrl Pts',(18.4298970975647,4.80600654210174,3.46424059701503));
#2759=CARTESIAN_POINT('Ctrl Pts',(20.7344941698514,4.58751198470084,3.4967228095996));
#2760=CARTESIAN_POINT('Ctrl Pts',(22.2704557485973,4.42698747931359,3.50178602067306));
#2761=CARTESIAN_POINT('Ctrl Pts',(23.038194700446,4.3437371754563,3.4994824467808));
#2762=CARTESIAN_POINT('Ctrl Pts',(0.,5.89886676874704,2.77906702028487));
#2763=CARTESIAN_POINT('Ctrl Pts',(0.00994482968858801,5.89866679904671,
2.77936325152709));
#2764=CARTESIAN_POINT('Ctrl Pts',(0.0198874857201343,5.89846543722132,2.77967087648191));
#2765=CARTESIAN_POINT('Ctrl Pts',(2.32762890554877,5.85192372437232,2.84921566264079));
#2766=CARTESIAN_POINT('Ctrl Pts',(5.39337012070335,5.79250061295156,2.93542096356403));
#2767=CARTESIAN_POINT('Ctrl Pts',(10.0008166401822,5.70162551843799,3.03476626890956));
#2768=CARTESIAN_POINT('Ctrl Pts',(13.0782516577142,5.6326651045266,3.08289610552374));
#2769=CARTESIAN_POINT('Ctrl Pts',(16.1611752303649,5.52827465320784,3.11332969274072));
#2770=CARTESIAN_POINT('Ctrl Pts',(18.4745325855952,5.42434557544463,3.12741484533656));
#2771=CARTESIAN_POINT('Ctrl Pts',(20.7879663569502,5.29060015124938,3.13172067609439));
#2772=CARTESIAN_POINT('Ctrl Pts',(22.3291944820084,5.17946591155857,3.12646432618344));
#2773=CARTESIAN_POINT('Ctrl Pts',(23.0992128993199,5.11841134839372,3.12148202692482));
#2774=CARTESIAN_POINT('Ctrl Pts',(0.,5.89886676874704,2.77906702028487));
#2775=CARTESIAN_POINT('Ctrl Pts',(0.00995397702464461,5.89887286385793,
2.77920572877115));
#2776=CARTESIAN_POINT('Ctrl Pts',(0.0199060457112436,5.89887591345416,2.77935771249896));
#2777=CARTESIAN_POINT('Ctrl Pts',(2.32977092194528,5.89991145427024,2.81242954284755));
#2778=CARTESIAN_POINT('Ctrl Pts',(5.39936961167863,5.91118687910169,2.83582769428358));
#2779=CARTESIAN_POINT('Ctrl Pts',(10.0154101291206,5.91600554729863,2.784019835941));
#2780=CARTESIAN_POINT('Ctrl Pts',(13.0992451635651,5.89273232529154,2.69949857088346));
#2781=CARTESIAN_POINT('Ctrl Pts',(16.1850391367842,5.80449054872606,2.58692050340383));
#2782=CARTESIAN_POINT('Ctrl Pts',(18.49771190191,5.70195042955747,2.49897571247731));
#2783=CARTESIAN_POINT('Ctrl Pts',(20.8073779580283,5.56434343098056,2.4129548334734));
#2784=CARTESIAN_POINT('Ctrl Pts',(22.3442658420225,5.45173222435628,2.35924304466981));
#2785=CARTESIAN_POINT('Ctrl Pts',(23.1118272864318,5.39117590790614,2.33376064758414));
#2786=CARTESIAN_POINT('Ctrl Pts',(0.,5.89886676874704,2.77906702028487));
#2787=CARTESIAN_POINT('Ctrl Pts',(0.00995724736965783,5.89895952196613,
2.77914322104341));
#2788=CARTESIAN_POINT('Ctrl Pts',(0.019914621627665,5.89905348647268,2.77921872009984));
#2789=CARTESIAN_POINT('Ctrl Pts',(2.33066156844747,5.92026403859473,2.79680860094681));
#2790=CARTESIAN_POINT('Ctrl Pts',(5.40202563280942,5.96081455884867,2.79070394834761));
#2791=CARTESIAN_POINT('Ctrl Pts',(10.0213840885436,5.99252011563982,2.66610683381964));
#2792=CARTESIAN_POINT('Ctrl Pts',(13.1070329586247,5.97041591489367,2.51960015073334));
#2793=CARTESIAN_POINT('Ctrl Pts',(16.1918998208082,5.86298997141801,2.34639788558811));
#2794=CARTESIAN_POINT('Ctrl Pts',(18.5021742636789,5.74034754089456,2.21852889993309));
#2795=CARTESIAN_POINT('Ctrl Pts',(20.8078818640295,5.58101015806391,2.09971055601077));
#2796=CARTESIAN_POINT('Ctrl Pts',(22.3414048103756,5.45629027830778,2.02948853045277));
#2797=CARTESIAN_POINT('Ctrl Pts',(23.1072369070502,5.39085846476556,1.9969901638543));
#2798=CARTESIAN_POINT('Ctrl Pts',(22.9999999905399,5.39999991215446,2.00155758095031));
#2799=CARTESIAN_POINT('Ctrl Pts',(22.2698288576489,5.46210124629113,2.0327708929526));
#2800=CARTESIAN_POINT('Ctrl Pts',(20.7720105002533,5.58348907135794,2.10155908877246));
#2801=CARTESIAN_POINT('Ctrl Pts',(18.5021742636789,5.74034754089456,2.21852889993309));
#2802=CARTESIAN_POINT('Ctrl Pts',(16.1918998208082,5.86298997141801,2.34639788558811));
#2803=CARTESIAN_POINT('Ctrl Pts',(13.1070329586247,5.97041591489367,2.51960015073334));
#2804=CARTESIAN_POINT('Ctrl Pts',(10.0213840885436,5.99252011563982,2.66610683381964));
#2805=CARTESIAN_POINT('Ctrl Pts',(5.40202563280942,5.96081455884867,2.79070394834761));
#2806=CARTESIAN_POINT('Ctrl Pts',(2.33066156844747,5.92026403859473,2.79680860094681));
#2807=CARTESIAN_POINT('Ctrl Pts',(0.019914621627665,5.89905348647268,2.77921872009984));
#2808=CARTESIAN_POINT('Ctrl Pts',(0.00995724736965783,5.89895952196613,
2.77914322104341));
#2809=CARTESIAN_POINT('Ctrl Pts',(0.,5.89886676874704,2.77906702028487));
#2810=CARTESIAN_POINT('Ctrl Pts',(0.,7.50000000000544,-3.35758868170204));
#2811=CARTESIAN_POINT('Ctrl Pts',(7.66666666666667,6.80000000000362,-2.57362766049605));
#2812=CARTESIAN_POINT('Ctrl Pts',(15.3333333333333,6.10000000000181,-1.78966663929006));
#2813=CARTESIAN_POINT('Ctrl Pts',(23.,5.4,-1.00570561808407));
#2814=CARTESIAN_POINT('Ctrl Pts',(0.,7.50000000000544,-2.23839245453965));
#2815=CARTESIAN_POINT('Ctrl Pts',(7.66666666666667,6.79966077395701,-1.56296896270707));
#2816=CARTESIAN_POINT('Ctrl Pts',(15.3333333333333,6.10033922604844,-0.887368984018509));
#2817=CARTESIAN_POINT('Ctrl Pts',(23.,5.4,-0.211945492185922));
#2818=CARTESIAN_POINT('Ctrl Pts',(0.,7.49833983525532,-1.11954589785773));
#2819=CARTESIAN_POINT('Ctrl Pts',(7.66666666666665,6.79887144127916,-0.552450538029894));
#2820=CARTESIAN_POINT('Ctrl Pts',(15.3333333333333,6.09946839397616,0.0147192738843874));
#2821=CARTESIAN_POINT('Ctrl Pts',(23.,5.4,0.581814633712225));
#2822=CARTESIAN_POINT('Ctrl Pts',(0.,7.50193456363341,0.998820937413541));
#2823=CARTESIAN_POINT('Ctrl Pts',(7.66666666666669,6.801102285624,1.3604261478919));
#2824=CARTESIAN_POINT('Ctrl Pts',(15.3333333333333,6.10083227800941,1.72211129220327));
#2825=CARTESIAN_POINT('Ctrl Pts',(23.,5.4,2.08371650268163));
#2826=CARTESIAN_POINT('Ctrl Pts',(0.,6.92658109547689,1.99375096123554));
#2827=CARTESIAN_POINT('Ctrl Pts',(7.66666666666665,6.41600106181415,2.25939211737366));
#2828=CARTESIAN_POINT('Ctrl Pts',(15.3333333333334,5.91058003366274,2.52621708961476));
#2829=CARTESIAN_POINT('Ctrl Pts',(23.,5.4,2.79185824575289));
#2830=CARTESIAN_POINT('Ctrl Pts',(0.,5.89886676874704,2.77906702028487));
#2831=CARTESIAN_POINT('Ctrl Pts',(7.66666666666667,5.73257784583136,3.01937800979796));
#2832=CARTESIAN_POINT('Ctrl Pts',(15.3333333333333,5.56628892291568,3.25968899931105));
#2833=CARTESIAN_POINT('Ctrl Pts',(23.,5.4,3.49999998882414));
#2834=CARTESIAN_POINT('Origin',(0.,-7.50000000000102,4.89124453837466E-6));
#2835=UNCERTAINTY_MEASURE_WITH_UNIT(LENGTH_MEASURE(0.01),#2839,
'DISTANCE_ACCURACY_VALUE',
'Maximum model space distance between geometric entities at asserted c
onnectivities');
#2836=UNCERTAINTY_MEASURE_WITH_UNIT(LENGTH_MEASURE(0.01),#2839,
'DISTANCE_ACCURACY_VALUE',
'Maximum model space distance between geometric entities at asserted c
onnectivities');
#2837=(
GEOMETRIC_REPRESENTATION_CONTEXT(3)
GLOBAL_UNCERTAINTY_ASSIGNED_CONTEXT((#2835))
GLOBAL_UNIT_ASSIGNED_CONTEXT((#2839,#2841,#2842))
REPRESENTATION_CONTEXT('','3D')
);
#2838=(
GEOMETRIC_REPRESENTATION_CONTEXT(3)
GLOBAL_UNCERTAINTY_ASSIGNED_CONTEXT((#2836))
GLOBAL_UNIT_ASSIGNED_CONTEXT((#2839,#2841,#2842))
REPRESENTATION_CONTEXT('','3D')
);
#2839=(
LENGTH_UNIT()
NAMED_UNIT(*)
SI_UNIT(.MILLI.,.METRE.)
);
#2840=(
LENGTH_UNIT()
NAMED_UNIT(*)
SI_UNIT($,.METRE.)
);
#2841=(
NAMED_UNIT(*)
PLANE_ANGLE_UNIT()
SI_UNIT($,.RADIAN.)
);
#2842=(
NAMED_UNIT(*)
SI_UNIT($,.STERADIAN.)
SOLID_ANGLE_UNIT()
);
#2843=SHAPE_DEFINITION_REPRESENTATION(#2844,#2845);
#2844=PRODUCT_DEFINITION_SHAPE('',$,#2847);
#2845=SHAPE_REPRESENTATION('',(#1044),#2837);
#2846=PRODUCT_DEFINITION_CONTEXT('part definition',#2851,'design');
#2847=PRODUCT_DEFINITION('2026-08-27-17-11-14-328','(Unsaved)',#2848,#2846);
#2848=PRODUCT_DEFINITION_FORMATION('',$,#2853);
#2849=PRODUCT_RELATED_PRODUCT_CATEGORY('(Unsaved)','(Unsaved)',(#2853));
#2850=APPLICATION_PROTOCOL_DEFINITION('international standard',
'automotive_design',2009,#2851);
#2851=APPLICATION_CONTEXT(
'Core Data for Automotive Mechanical Design Process');
#2852=PRODUCT_CONTEXT('part definition',#2851,'mechanical');
#2853=PRODUCT('2026-08-27-17-11-14-328','(Unsaved)',$,(#2852));
#2854=PRESENTATION_STYLE_ASSIGNMENT((#2855));
#2855=SURFACE_STYLE_USAGE(.BOTH.,#2856);
#2856=SURFACE_SIDE_STYLE('',(#2857));
#2857=SURFACE_STYLE_FILL_AREA(#2858);
#2858=FILL_AREA_STYLE('Steel - Satin',(#2859));
#2859=FILL_AREA_STYLE_COLOUR('Steel - Satin',#2860);
#2860=COLOUR_RGB('Steel - Satin',0.627450980392157,0.627450980392157,0.627450980392157);
ENDSEC;
END-ISO-10303-21;
