ISO-10303-21;
HEADER;
/* Generated by software containing ST-Developer
 * from STEP Tools, Inc. (www.steptools.com) 
 */

FILE_DESCRIPTION(
/* description */ (''),
/* implementation_level */ '2;1');

FILE_NAME(
/* name */ 'zero_finger5_mcp_thick_v4.step',
/* time_stamp */ '2026-08-27T17:11:21+02:00',
/* author */ (''),
/* organization */ (''),
/* preprocessor_version */ 'ST-DEVELOPER v20.1',
/* originating_system */ 'Autodesk Translation Framework v15.8.0.0',
/* authorisation */ '');

FILE_SCHEMA (('AUTOMOTIVE_DESIGN { 1 0 10303 214 3 1 1 }'));
ENDSEC;

DATA;
#10=MECHANICAL_DESIGN_GEOMETRIC_PRESENTATION_REPRESENTATION('',(#13),#7957);
#11=SHAPE_REPRESENTATION_RELATIONSHIP('SRR','None',#7964,#12);
#12=ADVANCED_BREP_SHAPE_REPRESENTATION('',(#14),#7956);
#13=STYLED_ITEM('',(#7973),#14);
#14=MANIFOLD_SOLID_BREP('zero_finger5_mcp_thick_v4',#2994);
#15=CONICAL_SURFACE('',#3096,1.55,0.785398163397448);
#16=SPHERICAL_SURFACE('',#3094,0.94);
#17=SPHERICAL_SURFACE('',#3184,1.);
#18=(
BOUNDED_CURVE()
B_SPLINE_CURVE(5,(#5079,#5080,#5081,#5082,#5083,#5084,#5085,#5086),
 .UNSPECIFIED.,.F.,.F.)
B_SPLINE_CURVE_WITH_KNOTS((6,1,1,6),(0.138515562559138,0.15,0.2,0.240245050201789),
 .UNSPECIFIED.)
CURVE()
GEOMETRIC_REPRESENTATION_ITEM()
RATIONAL_B_SPLINE_CURVE((1.,1.,1.,1.,1.,1.,1.,1.))
REPRESENTATION_ITEM('')
);
#19=(
BOUNDED_CURVE()
B_SPLINE_CURVE(5,(#5090,#5091,#5092,#5093,#5094,#5095,#5096,#5097,#5098,
#5099,#5100,#5101,#5102,#5103,#5104),.UNSPECIFIED.,.F.,.F.)
B_SPLINE_CURVE_WITH_KNOTS((6,1,1,1,1,1,1,1,1,1,6),(0.265895001544266,0.3,
0.35,0.4,0.45,0.5,0.55,0.6,0.65,0.7,0.71619179787132),.UNSPECIFIED.)
CURVE()
GEOMETRIC_REPRESENTATION_ITEM()
RATIONAL_B_SPLINE_CURVE((1.,1.,1.,1.,1.,1.,1.,1.,1.,1.,1.,1.,1.,1.,1.))
REPRESENTATION_ITEM('')
);
#20=(
BOUNDED_CURVE()
B_SPLINE_CURVE(5,(#5108,#5109,#5110,#5111,#5112,#5113,#5114,#5115),
 .UNSPECIFIED.,.F.,.F.)
B_SPLINE_CURVE_WITH_KNOTS((6,1,1,6),(0.758419259361312,0.8,0.85,0.861896709978453),
 .UNSPECIFIED.)
CURVE()
GEOMETRIC_REPRESENTATION_ITEM()
RATIONAL_B_SPLINE_CURVE((1.,1.,1.,1.,1.,1.,1.,1.))
REPRESENTATION_ITEM('')
);
#21=(
BOUNDED_CURVE()
B_SPLINE_CURVE(5,(#6307,#6308,#6309,#6310,#6311,#6312),.UNSPECIFIED.,.F.,
 .F.)
B_SPLINE_CURVE_WITH_KNOTS((6,6),(-0.643323400664368,-0.615866022606923),
 .UNSPECIFIED.)
CURVE()
GEOMETRIC_REPRESENTATION_ITEM()
RATIONAL_B_SPLINE_CURVE((1.,1.,1.,1.,1.,1.))
REPRESENTATION_ITEM('')
);
#22=(
BOUNDED_CURVE()
B_SPLINE_CURVE(5,(#6314,#6315,#6316,#6317,#6318,#6319,#6320,#6321,#6322,
#6323,#6324),.UNSPECIFIED.,.F.,.F.)
B_SPLINE_CURVE_WITH_KNOTS((6,1,1,1,1,1,6),(-0.615866022606923,-0.6,-0.55,
-0.5,-0.45,-0.4,-0.385586423784307),.UNSPECIFIED.)
CURVE()
GEOMETRIC_REPRESENTATION_ITEM()
RATIONAL_B_SPLINE_CURVE((1.,1.,1.,1.,1.,1.,1.,1.,1.,1.,1.))
REPRESENTATION_ITEM('')
);
#23=(
BOUNDED_CURVE()
B_SPLINE_CURVE(5,(#6326,#6327,#6328,#6329,#6330,#6331,#6332),
 .UNSPECIFIED.,.F.,.F.)
B_SPLINE_CURVE_WITH_KNOTS((6,1,6),(-0.385586423784307,-0.35,-0.347701143912498),
 .UNSPECIFIED.)
CURVE()
GEOMETRIC_REPRESENTATION_ITEM()
RATIONAL_B_SPLINE_CURVE((1.,1.,1.,1.,1.,1.,1.))
REPRESENTATION_ITEM('')
);
#24=(
BOUNDED_CURVE()
B_SPLINE_CURVE(5,(#6926,#6927,#6928,#6929,#6930,#6931,#6932,#6933),
 .UNSPECIFIED.,.F.,.F.)
B_SPLINE_CURVE_WITH_KNOTS((6,1,1,6),(-0.861896709978453,-0.85,-0.8,-0.758419259361312),
 .UNSPECIFIED.)
CURVE()
GEOMETRIC_REPRESENTATION_ITEM()
RATIONAL_B_SPLINE_CURVE((1.,1.,1.,1.,1.,1.,1.,1.))
REPRESENTATION_ITEM('')
);
#25=(
BOUNDED_CURVE()
B_SPLINE_CURVE(5,(#7151,#7152,#7153,#7154,#7155,#7156,#7157,#7158),
 .UNSPECIFIED.,.F.,.F.)
B_SPLINE_CURVE_WITH_KNOTS((6,1,1,6),(-0.240245050201789,-0.2,-0.15,-0.138515562559138),
 .UNSPECIFIED.)
CURVE()
GEOMETRIC_REPRESENTATION_ITEM()
RATIONAL_B_SPLINE_CURVE((1.,1.,1.,1.,1.,1.,1.,1.))
REPRESENTATION_ITEM('')
);
#26=(
BOUNDED_CURVE()
B_SPLINE_CURVE(5,(#7369,#7370,#7371,#7372,#7373,#7374,#7375,#7376),
 .UNSPECIFIED.,.F.,.F.)
B_SPLINE_CURVE_WITH_KNOTS((6,1,1,6),(0.758419259361312,0.8,0.85,0.861896709978453),
 .UNSPECIFIED.)
CURVE()
GEOMETRIC_REPRESENTATION_ITEM()
RATIONAL_B_SPLINE_CURVE((1.,1.,1.,1.,1.,1.,1.,1.))
REPRESENTATION_ITEM('')
);
#27=(
BOUNDED_CURVE()
B_SPLINE_CURVE(5,(#7396,#7397,#7398,#7399,#7400,#7401,#7402,#7403),
 .UNSPECIFIED.,.F.,.F.)
B_SPLINE_CURVE_WITH_KNOTS((6,1,1,6),(0.138515562559138,0.15,0.2,0.240245050201789),
 .UNSPECIFIED.)
CURVE()
GEOMETRIC_REPRESENTATION_ITEM()
RATIONAL_B_SPLINE_CURVE((1.,1.,1.,1.,1.,1.,1.,1.))
REPRESENTATION_ITEM('')
);
#28=ELLIPSE('',#3024,6.59999999999998,4.49999999999712);
#29=ELLIPSE('',#3025,6.59999999999998,4.49999999999712);
#30=ELLIPSE('',#3043,14.1421356237309,10.);
#31=ELLIPSE('',#3045,14.1421356237309,10.);
#32=ELLIPSE('',#3064,6.59999999999998,4.49999999999712);
#33=ELLIPSE('',#3067,6.59999999999998,4.49999999999712);
#34=ELLIPSE('',#3159,14.6627918563962,10.);
#35=ELLIPSE('',#3161,14.6627918563962,10.);
#36=ELLIPSE('',#3190,1.41421356237309,1.);
#37=ELLIPSE('',#3191,1.4142135623731,1.);
#38=(
BOUNDED_SURFACE()
B_SPLINE_SURFACE(1,2,((#4303,#4304,#4305,#4306,#4307),(#4308,#4309,#4310,
#4311,#4312)),.UNSPECIFIED.,.F.,.F.,.F.)
B_SPLINE_SURFACE_WITH_KNOTS((2,2),(3,2,3),(-0.424242424242426,1.15151515151516),
(-3.14159314010073,-1.57079656087004,1.83606431848488E-8),.UNSPECIFIED.)
GEOMETRIC_REPRESENTATION_ITEM()
RATIONAL_B_SPLINE_SURFACE(((1.,0.707106691937012,1.,0.707106691937012,1.),
(1.,0.707106691937012,1.,0.707106691937012,1.)))
REPRESENTATION_ITEM('')
SURFACE()
);
#39=(
BOUNDED_SURFACE()
B_SPLINE_SURFACE(1,2,((#6356,#6357,#6358),(#6359,#6360,#6361)),
 .UNSPECIFIED.,.F.,.F.,.F.)
B_SPLINE_SURFACE_WITH_KNOTS((2,2),(3,3),(-0.424242424242426,-0.177903459890775),
(-0.648274135427967,1.99412921125679E-8),.UNSPECIFIED.)
GEOMETRIC_REPRESENTATION_ITEM()
RATIONAL_B_SPLINE_SURFACE(((1.,0.947925912230539,1.),(1.,0.947925912230539,
1.)))
REPRESENTATION_ITEM('')
SURFACE()
);
#40=(
BOUNDED_SURFACE()
B_SPLINE_SURFACE(5,1,((#6849,#6850),(#6851,#6852),(#6853,#6854),(#6855,
#6856),(#6857,#6858),(#6859,#6860),(#6861,#6862),(#6863,#6864),(#6865,#6866),
(#6867,#6868),(#6869,#6870),(#6871,#6872),(#6873,#6874),(#6875,#6876),(#6877,
#6878),(#6879,#6880),(#6881,#6882),(#6883,#6884),(#6885,#6886),(#6887,#6888),
(#6889,#6890),(#6891,#6892),(#6893,#6894),(#6895,#6896),(#6897,#6898),(#6899,
#6900),(#6901,#6902),(#6903,#6904),(#6905,#6906),(#6907,#6908),(#6909,#6910),
(#6911,#6912),(#6913,#6914),(#6915,#6916),(#6917,#6918)),.UNSPECIFIED.,
 .F.,.F.,.F.)
B_SPLINE_SURFACE_WITH_KNOTS((6,5,1,1,1,1,1,1,1,1,1,1,1,1,1,1,1,1,1,1,1,
5,6),(2,2),(-1.72781332831333,-1.,-0.95,-0.9,-0.85,-0.8,-0.75,-0.7,-0.65,
-0.6,-0.55,-0.5,-0.45,-0.4,-0.35,-0.3,-0.25,-0.2,-0.15,-0.1,-0.05,0.,0.790608616431462),
(-0.104,0.856),.UNSPECIFIED.)
GEOMETRIC_REPRESENTATION_ITEM()
RATIONAL_B_SPLINE_SURFACE(((1.,1.),(1.,1.),(1.,1.),(1.,1.),(1.,1.),(1.,
1.),(1.,1.),(1.,1.),(1.,1.),(1.,1.),(1.,1.),(1.,1.),(1.,1.),(1.,1.),(1.,
1.),(1.,1.),(1.,1.),(1.,1.),(1.,1.),(1.,1.),(1.,1.),(1.,1.),(1.,1.),(1.,
1.),(1.,1.),(1.,1.),(1.,1.),(1.,1.),(1.,1.),(1.,1.),(1.,1.),(1.,1.),(1.,
1.),(1.,1.),(1.,1.)))
REPRESENTATION_ITEM('')
SURFACE()
);
#41=(
BOUNDED_SURFACE()
B_SPLINE_SURFACE(5,1,((#7059,#7060),(#7061,#7062),(#7063,#7064),(#7065,
#7066),(#7067,#7068),(#7069,#7070),(#7071,#7072),(#7073,#7074),(#7075,#7076),
(#7077,#7078),(#7079,#7080),(#7081,#7082),(#7083,#7084),(#7085,#7086),(#7087,
#7088),(#7089,#7090),(#7091,#7092),(#7093,#7094),(#7095,#7096),(#7097,#7098),
(#7099,#7100),(#7101,#7102),(#7103,#7104),(#7105,#7106),(#7107,#7108),(#7109,
#7110),(#7111,#7112),(#7113,#7114),(#7115,#7116),(#7117,#7118),(#7119,#7120),
(#7121,#7122),(#7123,#7124),(#7125,#7126),(#7127,#7128)),.UNSPECIFIED.,
 .F.,.F.,.F.)
B_SPLINE_SURFACE_WITH_KNOTS((6,5,1,1,1,1,1,1,1,1,1,1,1,1,1,1,1,1,1,1,1,
5,6),(2,2),(-1.72781332831333,-1.,-0.95,-0.9,-0.85,-0.8,-0.75,-0.7,-0.65,
-0.6,-0.55,-0.5,-0.45,-0.4,-0.35,-0.3,-0.25,-0.2,-0.15,-0.1,-0.05,0.,0.728676532861096),
(-0.104,0.856),.UNSPECIFIED.)
GEOMETRIC_REPRESENTATION_ITEM()
RATIONAL_B_SPLINE_SURFACE(((1.,1.),(1.,1.),(1.,1.),(1.,1.),(1.,1.),(1.,
1.),(1.,1.),(1.,1.),(1.,1.),(1.,1.),(1.,1.),(1.,1.),(1.,1.),(1.,1.),(1.,
1.),(1.,1.),(1.,1.),(1.,1.),(1.,1.),(1.,1.),(1.,1.),(1.,1.),(1.,1.),(1.,
1.),(1.,1.),(1.,1.),(1.,1.),(1.,1.),(1.,1.),(1.,1.),(1.,1.),(1.,1.),(1.,
1.),(1.,1.),(1.,1.)))
REPRESENTATION_ITEM('')
SURFACE()
);
#42=(
BOUNDED_SURFACE()
B_SPLINE_SURFACE(1,2,((#7293,#7294,#7295),(#7296,#7297,#7298)),
 .UNSPECIFIED.,.F.,.F.,.F.)
B_SPLINE_SURFACE_WITH_KNOTS((2,2),(3,3),(0.,0.0499999887112417),(2.9487669476135,
3.14159313983366),.UNSPECIFIED.)
GEOMETRIC_REPRESENTATION_ITEM()
RATIONAL_B_SPLINE_SURFACE(((1.,0.995355856585687,1.),(1.,0.995355856585687,
1.)))
REPRESENTATION_ITEM('')
SURFACE()
);
#43=(
BOUNDED_SURFACE()
B_SPLINE_SURFACE(5,1,((#7352,#7353),(#7354,#7355),(#7356,#7357),(#7358,
#7359),(#7360,#7361),(#7362,#7363),(#7364,#7365),(#7366,#7367)),
 .UNSPECIFIED.,.F.,.F.,.F.)
B_SPLINE_SURFACE_WITH_KNOTS((6,1,1,6),(2,2),(0.758419259361312,0.8,0.85,
0.861896709978453),(0.,0.1),.UNSPECIFIED.)
GEOMETRIC_REPRESENTATION_ITEM()
RATIONAL_B_SPLINE_SURFACE(((1.,1.),(1.,1.),(1.,1.),(1.,1.),(1.,1.),(1.,
1.),(1.,1.),(1.,1.)))
REPRESENTATION_ITEM('')
SURFACE()
);
#44=(
BOUNDED_SURFACE()
B_SPLINE_SURFACE(5,1,((#7378,#7379),(#7380,#7381),(#7382,#7383),(#7384,
#7385),(#7386,#7387),(#7388,#7389),(#7390,#7391),(#7392,#7393)),
 .UNSPECIFIED.,.F.,.F.,.F.)
B_SPLINE_SURFACE_WITH_KNOTS((6,1,1,6),(2,2),(0.138515562559138,0.15,0.2,
0.240245050201789),(0.,0.1),.UNSPECIFIED.)
GEOMETRIC_REPRESENTATION_ITEM()
RATIONAL_B_SPLINE_SURFACE(((1.,1.),(1.,1.),(1.,1.),(1.,1.),(1.,1.),(1.,
1.),(1.,1.),(1.,1.)))
REPRESENTATION_ITEM('')
SURFACE()
);
#45=(
BOUNDED_SURFACE()
B_SPLINE_SURFACE(5,1,((#7565,#7566),(#7567,#7568),(#7569,#7570),(#7571,
#7572),(#7573,#7574),(#7575,#7576),(#7577,#7578),(#7579,#7580),(#7581,#7582)),
 .UNSPECIFIED.,.F.,.F.,.F.)
B_SPLINE_SURFACE_WITH_KNOTS((6,1,1,1,6),(2,2),(-0.240245050201789,-0.2,
-0.15,-0.1,-0.0735908752628602),(0.,0.28),.UNSPECIFIED.)
GEOMETRIC_REPRESENTATION_ITEM()
RATIONAL_B_SPLINE_SURFACE(((1.,1.),(1.,1.),(1.,1.),(1.,1.),(1.,1.),(1.,
1.),(1.,1.),(1.,1.),(1.,1.)))
REPRESENTATION_ITEM('')
SURFACE()
);
#46=(
BOUNDED_SURFACE()
B_SPLINE_SURFACE(5,1,((#7707,#7708),(#7709,#7710),(#7711,#7712),(#7713,
#7714),(#7715,#7716),(#7717,#7718),(#7719,#7720),(#7721,#7722),(#7723,#7724)),
 .UNSPECIFIED.,.F.,.F.,.F.)
B_SPLINE_SURFACE_WITH_KNOTS((6,1,1,1,6),(2,2),(-0.929762357166503,-0.9,
-0.85,-0.8,-0.758419259361312),(0.,0.28),.UNSPECIFIED.)
GEOMETRIC_REPRESENTATION_ITEM()
RATIONAL_B_SPLINE_SURFACE(((1.,1.),(1.,1.),(1.,1.),(1.,1.),(1.,1.),(1.,
1.),(1.,1.),(1.,1.),(1.,1.)))
REPRESENTATION_ITEM('')
SURFACE()
);
#47=(
BOUNDED_SURFACE()
B_SPLINE_SURFACE(5,1,((#7732,#7733),(#7734,#7735),(#7736,#7737),(#7738,
#7739),(#7740,#7741),(#7742,#7743),(#7744,#7745),(#7746,#7747),(#7748,#7749),
(#7750,#7751),(#7752,#7753),(#7754,#7755),(#7756,#7757),(#7758,#7759),(#7760,
#7761),(#7762,#7763),(#7764,#7765),(#7766,#7767),(#7768,#7769),(#7770,#7771),
(#7772,#7773),(#7774,#7775),(#7776,#7777),(#7778,#7779),(#7780,#7781),(#7782,
#7783),(#7784,#7785),(#7786,#7787),(#7788,#7789),(#7790,#7791),(#7792,#7793),
(#7794,#7795),(#7796,#7797),(#7798,#7799),(#7800,#7801)),.UNSPECIFIED.,
 .F.,.F.,.F.)
B_SPLINE_SURFACE_WITH_KNOTS((6,5,1,1,1,1,1,1,1,1,1,1,1,1,1,1,1,1,1,1,1,
5,6),(2,2),(-1.72781332831333,-1.,-0.95,-0.9,-0.85,-0.8,-0.75,-0.7,-0.65,
-0.6,-0.55,-0.5,-0.45,-0.4,-0.35,-0.3,-0.25,-0.2,-0.15,-0.1,-0.05,0.,0.790608616431462),
(-0.104,0.856),.UNSPECIFIED.)
GEOMETRIC_REPRESENTATION_ITEM()
RATIONAL_B_SPLINE_SURFACE(((1.,1.),(1.,1.),(1.,1.),(1.,1.),(1.,1.),(1.,
1.),(1.,1.),(1.,1.),(1.,1.),(1.,1.),(1.,1.),(1.,1.),(1.,1.),(1.,1.),(1.,
1.),(1.,1.),(1.,1.),(1.,1.),(1.,1.),(1.,1.),(1.,1.),(1.,1.),(1.,1.),(1.,
1.),(1.,1.),(1.,1.),(1.,1.),(1.,1.),(1.,1.),(1.,1.),(1.,1.),(1.,1.),(1.,
1.),(1.,1.),(1.,1.)))
REPRESENTATION_ITEM('')
SURFACE()
);
#48=FACE_BOUND('',#504,.T.);
#49=FACE_BOUND('',#515,.T.);
#50=FACE_BOUND('',#523,.T.);
#51=FACE_BOUND('',#524,.T.);
#52=FACE_BOUND('',#548,.T.);
#53=FACE_BOUND('',#549,.T.);
#54=FACE_BOUND('',#568,.T.);
#55=FACE_BOUND('',#632,.T.);
#56=FACE_BOUND('',#667,.T.);
#57=PLANE('',#3021);
#58=PLANE('',#3035);
#59=PLANE('',#3046);
#60=PLANE('',#3063);
#61=PLANE('',#3080);
#62=PLANE('',#3082);
#63=PLANE('',#3083);
#64=PLANE('',#3085);
#65=PLANE('',#3086);
#66=PLANE('',#3098);
#67=PLANE('',#3143);
#68=PLANE('',#3148);
#69=PLANE('',#3154);
#70=PLANE('',#3160);
#71=PLANE('',#3162);
#72=PLANE('',#3163);
#73=PLANE('',#3171);
#74=PLANE('',#3174);
#75=PLANE('',#3181);
#76=PLANE('',#3182);
#77=PLANE('',#3187);
#78=PLANE('',#3192);
#79=PLANE('',#3194);
#80=PLANE('',#3196);
#81=PLANE('',#3221);
#82=PLANE('',#3224);
#83=PLANE('',#3228);
#84=PLANE('',#3231);
#85=PLANE('',#3232);
#86=PLANE('',#3239);
#87=PLANE('',#3241);
#88=PLANE('',#3242);
#89=PLANE('',#3246);
#90=PLANE('',#3247);
#91=PLANE('',#3255);
#92=TOROIDAL_SURFACE('',#3013,1.746,0.246);
#93=TOROIDAL_SURFACE('',#3050,2.55,0.7);
#94=TOROIDAL_SURFACE('',#3056,2.55,0.7);
#95=TOROIDAL_SURFACE('',#3099,2.35,0.2);
#96=TOROIDAL_SURFACE('',#3104,2.35,0.2);
#97=TOROIDAL_SURFACE('',#3107,0.6,0.2);
#98=TOROIDAL_SURFACE('',#3110,11.05,0.2);
#99=TOROIDAL_SURFACE('',#3113,0.6,0.2);
#100=TOROIDAL_SURFACE('',#3117,1.365,0.3);
#101=TOROIDAL_SURFACE('',#3125,1.365,0.3);
#102=TOROIDAL_SURFACE('',#3200,1.,0.5);
#103=TOROIDAL_SURFACE('',#3204,2.5,0.5);
#104=TOROIDAL_SURFACE('',#3211,2.5,0.5);
#105=B_SPLINE_CURVE_WITH_KNOTS('',3,(#3926,#3927,#3928,#3929,#3930,#3931,
#3932,#3933,#3934,#3935),.UNSPECIFIED.,.F.,.F.,(4,2,2,2,4),(0.00261752488363446,
0.0034000595488891,0.00468282445425902,0.0067614253223457,0.00684455998135911),
 .UNSPECIFIED.);
#106=B_SPLINE_CURVE_WITH_KNOTS('',3,(#3937,#3938,#3939,#3940,#3941,#3942),
 .UNSPECIFIED.,.F.,.F.,(4,2,4),(-0.00707703730244938,-0.00685472278426443,
0.0084813560475872),.UNSPECIFIED.);
#107=B_SPLINE_CURVE_WITH_KNOTS('',3,(#3946,#3947,#3948,#3949),
 .UNSPECIFIED.,.F.,.F.,(4,4),(-0.0084813560475872,4.31021398588382E-5),
 .UNSPECIFIED.);
#108=B_SPLINE_CURVE_WITH_KNOTS('',3,(#3950,#3951,#3952,#3953,#3954,#3955,
#3956,#3957,#3958,#3959),.UNSPECIFIED.,.F.,.F.,(4,2,2,2,4),(-0.000194865772279987,
0.,0.00678797785765166,0.0139158206496935,0.0140266180454737),
 .UNSPECIFIED.);
#109=B_SPLINE_CURVE_WITH_KNOTS('',3,(#3996,#3997,#3998,#3999,#4000),
 .UNSPECIFIED.,.F.,.F.,(4,1,4),(-0.220047097285948,-0.0943058988368349,
0.),.UNSPECIFIED.);
#110=B_SPLINE_CURVE_WITH_KNOTS('',3,(#4004,#4005,#4006,#4007,#4008),
 .UNSPECIFIED.,.F.,.F.,(4,1,4),(0.,0.0943058988368349,0.0980735154600412),
 .UNSPECIFIED.);
#111=B_SPLINE_CURVE_WITH_KNOTS('',3,(#4009,#4010,#4011,#4012),
 .UNSPECIFIED.,.F.,.F.,(4,4),(0.0980735154600412,0.220047097285948),
 .UNSPECIFIED.);
#112=B_SPLINE_CURVE_WITH_KNOTS('',3,(#4035,#4036,#4037,#4038,#4039,#4040,
#4041,#4042,#4043,#4044,#4045,#4046,#4047,#4048,#4049,#4050,#4051,#4052,
#4053,#4054,#4055,#4056,#4057,#4058,#4059,#4060,#4061,#4062),
 .UNSPECIFIED.,.F.,.F.,(4,3,3,3,3,3,3,3,3,4),(0.,0.00293105964475309,0.00578765333779203,
0.0104357562325291,0.0129765553809651,0.0175650318166518,0.0182700032279292,
0.0229316224635477,0.0240329927428708,0.0242600992017861),.UNSPECIFIED.);
#113=B_SPLINE_CURVE_WITH_KNOTS('',3,(#4063,#4064,#4065,#4066),
 .UNSPECIFIED.,.F.,.F.,(4,4),(-0.00414463436020059,0.),.UNSPECIFIED.);
#114=B_SPLINE_CURVE_WITH_KNOTS('',3,(#4068,#4069,#4070,#4071),
 .UNSPECIFIED.,.F.,.F.,(4,4),(0.,0.0122234003668419),.UNSPECIFIED.);
#115=B_SPLINE_CURVE_WITH_KNOTS('',3,(#4072,#4073,#4074,#4075,#4076,#4077,
#4078,#4079,#4080,#4081),.UNSPECIFIED.,.F.,.F.,(4,2,2,2,4),(-7.99892933658461E-5,
0.,0.000658531937909166,0.00230634935820821,0.00309200015226007),
 .UNSPECIFIED.);
#116=B_SPLINE_CURVE_WITH_KNOTS('',3,(#4130,#4131,#4132,#4133,#4134,#4135,
#4136,#4137,#4138,#4139),.UNSPECIFIED.,.F.,.F.,(4,1,1,1,1,1,1,4),(-0.00845279889968209,
-0.00362262809986375,-0.00301885674988646,-0.00241508539990917,-0.00120754269995458,
-0.000603771349977292,-0.000301885674988646,0.),.UNSPECIFIED.);
#117=B_SPLINE_CURVE_WITH_KNOTS('',3,(#4145,#4146,#4147,#4148),
 .UNSPECIFIED.,.F.,.F.,(4,4),(0.163593111562706,0.16749134926999),
 .UNSPECIFIED.);
#118=B_SPLINE_CURVE_WITH_KNOTS('',3,(#4149,#4150,#4151,#4152,#4153,#4154,
#4155,#4156),.UNSPECIFIED.,.F.,.F.,(4,1,1,1,1,4),(1.1357003846092,1.19274911714378,
1.24979784978677,1.36389531507275,1.44946841403724,1.53504151300172),
 .UNSPECIFIED.);
#119=B_SPLINE_CURVE_WITH_KNOTS('',3,(#4222,#4223,#4224,#4225,#4226,#4227,
#4228,#4229,#4230,#4231,#4232,#4233,#4234,#4235,#4236,#4237,#4238,#4239,
#4240,#4241,#4242,#4243,#4244,#4245,#4246,#4247,#4248,#4249,#4250,#4251,
#4252,#4253,#4254,#4255,#4256,#4257,#4258,#4259,#4260,#4261,#4262,#4263,
#4264,#4265,#4266,#4267,#4268,#4269,#4270,#4271,#4272,#4273,#4274,#4275,
#4276,#4277,#4278,#4279,#4280,#4281,#4282,#4283,#4284,#4285,#4286,#4287,
#4288),.UNSPECIFIED.,.F.,.F.,(4,3,3,3,3,3,3,3,3,3,3,3,3,3,3,3,3,3,3,3,3,
3,4),(-1.53445361700371,-1.5138366324664,-1.51175575330852,-1.48724721136952,
-1.46333901053449,-1.4495835066379,-1.44103084550634,-1.41782360477322,
-1.3956208558842,-1.37653041699554,-1.36392839290836,-1.3436765921303,-1.32340429690972,
-1.3134715575425,-1.29035830648787,-1.26696528711496,-1.24978310795307,
-1.24859853050474,-1.22760992158587,-1.20611957207822,-1.19276228180114,
-1.19005434444894,-1.13570038397417),.UNSPECIFIED.);
#120=B_SPLINE_CURVE_WITH_KNOTS('',3,(#4314,#4315,#4316,#4317,#4318,#4319,
#4320,#4321),.UNSPECIFIED.,.F.,.F.,(4,2,2,4),(2.13458250501363,2.15577861349405,
2.24311134481306,2.33475868683747),.UNSPECIFIED.);
#121=B_SPLINE_CURVE_WITH_KNOTS('',3,(#4323,#4324,#4325,#4326,#4327,#4328),
 .UNSPECIFIED.,.F.,.F.,(4,1,1,4),(2.82524426047908,2.98434387620251,3.09041028668479,
3.19647669716708),.UNSPECIFIED.);
#122=B_SPLINE_CURVE_WITH_KNOTS('',3,(#4332,#4333,#4334,#4335,#4336),
 .UNSPECIFIED.,.F.,.F.,(4,1,4),(0.,0.074611756122865,0.174094097620018),
 .UNSPECIFIED.);
#123=B_SPLINE_CURVE_WITH_KNOTS('',3,(#4338,#4339,#4340,#4341),
 .UNSPECIFIED.,.F.,.F.,(4,4),(-0.210466840022812,-3.48323304739592E-16),
 .UNSPECIFIED.);
#124=B_SPLINE_CURVE_WITH_KNOTS('',3,(#4343,#4344,#4345,#4346,#4347),
 .UNSPECIFIED.,.F.,.F.,(4,1,4),(0.,0.074612503280376,0.174095840987544),
 .UNSPECIFIED.);
#125=B_SPLINE_CURVE_WITH_KNOTS('',3,(#4351,#4352,#4353,#4354),
 .UNSPECIFIED.,.F.,.F.,(4,4),(2.72152761657059,2.95388071002054),
 .UNSPECIFIED.);
#126=B_SPLINE_CURVE_WITH_KNOTS('',3,(#4356,#4357,#4358,#4359),
 .UNSPECIFIED.,.F.,.F.,(4,4),(-3.05911759389279,-2.85644739383915),
 .UNSPECIFIED.);
#127=B_SPLINE_CURVE_WITH_KNOTS('',3,(#4361,#4362,#4363,#4364,#4365,#4366,
#4367,#4368,#4369,#4370,#4371,#4372,#4373,#4374,#4375),.UNSPECIFIED.,.F.,
 .F.,(4,2,3,2,2,2,4),(-0.183669424762377,-0.103029441830176,0.,0.103029441830177,
0.206058883660353,0.305113514625746,0.354517153927239),.UNSPECIFIED.);
#128=B_SPLINE_CURVE_WITH_KNOTS('',3,(#4379,#4380,#4381,#4382),
 .UNSPECIFIED.,.F.,.F.,(4,4),(-4.35079278233036,-4.14680366047246),
 .UNSPECIFIED.);
#129=B_SPLINE_CURVE_WITH_KNOTS('',3,(#4384,#4385,#4386,#4387),
 .UNSPECIFIED.,.F.,.F.,(4,4),(4.35080470723383,4.41391984066866),
 .UNSPECIFIED.);
#130=B_SPLINE_CURVE_WITH_KNOTS('',3,(#4395,#4396,#4397,#4398),
 .UNSPECIFIED.,.F.,.F.,(4,4),(-0.28,2.77555756156289E-17),.UNSPECIFIED.);
#131=B_SPLINE_CURVE_WITH_KNOTS('',3,(#4400,#4401,#4402,#4403),
 .UNSPECIFIED.,.F.,.F.,(4,4),(0.28,0.440000000000252),.UNSPECIFIED.);
#132=B_SPLINE_CURVE_WITH_KNOTS('',3,(#4405,#4406,#4407,#4408),
 .UNSPECIFIED.,.F.,.F.,(4,4),(-5.49802255252277,-5.13817636351795),
 .UNSPECIFIED.);
#133=B_SPLINE_CURVE_WITH_KNOTS('',3,(#4410,#4411,#4412,#4413),
 .UNSPECIFIED.,.F.,.F.,(4,4),(-0.160000000000368,1.38777878078145E-16),
 .UNSPECIFIED.);
#134=B_SPLINE_CURVE_WITH_KNOTS('',3,(#4415,#4416,#4417,#4418),
 .UNSPECIFIED.,.F.,.F.,(4,4),(-0.28,-8.32667268468867E-17),
 .UNSPECIFIED.);
#135=B_SPLINE_CURVE_WITH_KNOTS('',3,(#4426,#4427,#4428,#4429),
 .UNSPECIFIED.,.F.,.F.,(4,4),(-0.28,5.55111512312579E-17),.UNSPECIFIED.);
#136=B_SPLINE_CURVE_WITH_KNOTS('',3,(#4431,#4432,#4433,#4434),
 .UNSPECIFIED.,.F.,.F.,(4,4),(0.28,0.440000000000346),.UNSPECIFIED.);
#137=B_SPLINE_CURVE_WITH_KNOTS('',3,(#4436,#4437,#4438,#4439),
 .UNSPECIFIED.,.F.,.F.,(4,4),(-1.97985989614533,-1.62467467416342),
 .UNSPECIFIED.);
#138=B_SPLINE_CURVE_WITH_KNOTS('',3,(#4441,#4442,#4443,#4444),
 .UNSPECIFIED.,.F.,.F.,(4,4),(-0.160000000000244,6.93889390390723E-17),
 .UNSPECIFIED.);
#139=B_SPLINE_CURVE_WITH_KNOTS('',3,(#4446,#4447,#4448,#4449),
 .UNSPECIFIED.,.F.,.F.,(4,4),(-0.10763039633302,-9.71445146547012E-17),
 .UNSPECIFIED.);
#140=B_SPLINE_CURVE_WITH_KNOTS('',3,(#4450,#4451,#4452,#4453,#4454,#4455,
#4456,#4457,#4458,#4459,#4460,#4461,#4462,#4463,#4464,#4465,#4466,#4467,
#4468,#4469,#4470,#4471,#4472,#4473,#4474,#4475,#4476,#4477,#4478,#4479,
#4480,#4481,#4482,#4483,#4484,#4485,#4486,#4487,#4488,#4489,#4490,#4491,
#4492,#4493,#4494,#4495,#4496,#4497,#4498,#4499,#4500,#4501,#4502,#4503,
#4504,#4505,#4506,#4507,#4508,#4509,#4510,#4511,#4512,#4513,#4514,#4515,
#4516),.UNSPECIFIED.,.F.,.F.,(4,3,3,3,3,3,3,3,3,3,3,3,3,3,3,3,3,3,3,3,3,
3,4),(-0.30419942111368,-0.288600389202756,-0.283454396396401,-0.267842607189707,
-0.251746286210106,-0.249657838080434,-0.235388356253459,-0.222823544922626,
-0.210184121355727,-0.199815915069755,-0.195060163419034,-0.187539051510761,
-0.178052405047952,-0.167811609160145,-0.151939743411692,-0.137984337259714,
-0.123537309098124,-0.122370170553045,-0.111918097463826,-0.0860281222576831,
-0.0598746813294833,-0.0575664898261775,-0.0496710059991678),
 .UNSPECIFIED.);
#141=B_SPLINE_CURVE_WITH_KNOTS('',3,(#4524,#4525,#4526,#4527,#4528,#4529),
 .UNSPECIFIED.,.F.,.F.,(4,2,4),(-0.633316343550562,-0.572226940569046,-0.56681706578366),
 .UNSPECIFIED.);
#142=B_SPLINE_CURVE_WITH_KNOTS('',3,(#4531,#4532,#4533,#4534,#4535,#4536,
#4537,#4538,#4539,#4540,#4541,#4542,#4543,#4544,#4545,#4546,#4547,#4548,
#4549,#4550,#4551),.UNSPECIFIED.,.F.,.F.,(4,2,2,2,2,3,2,2,2,4),(-0.148498340021905,
-0.0739361634253628,-0.0200667072962392,-0.0100333536481196,-0.00501667682405982,
0.,0.0050166768240598,0.0100333536481196,0.0200667072962392,0.0667797976954857),
 .UNSPECIFIED.);
#143=B_SPLINE_CURVE_WITH_KNOTS('',3,(#4553,#4554,#4555,#4556,#4557,#4558,
#4559,#4560,#4561,#4562,#4563,#4564),.UNSPECIFIED.,.F.,.F.,(4,2,2,2,2,4),
(3.21097830092021,3.23526543221741,3.34868406427068,3.47337052734457,3.59805699041845,
3.62306235904678),.UNSPECIFIED.);
#144=B_SPLINE_CURVE_WITH_KNOTS('',3,(#4566,#4567,#4568,#4569,#4570,#4571,
#4572,#4573,#4574,#4575),.UNSPECIFIED.,.F.,.F.,(4,2,2,2,4),(0.,0.00467008620964655,
0.00934017241929309,0.0186803448385862,0.0346421897511963),
 .UNSPECIFIED.);
#145=B_SPLINE_CURVE_WITH_KNOTS('',3,(#4579,#4580,#4581,#4582,#4583,#4584,
#4585,#4586,#4587,#4588,#4589,#4590,#4591,#4592),.UNSPECIFIED.,.F.,.F.,
(4,2,2,2,2,2,4),(0.105481250162665,0.191087664038124,0.248388272898518,
0.257869445013524,0.262610031071027,0.264980324099778,0.267350617128529),
 .UNSPECIFIED.);
#146=B_SPLINE_CURVE_WITH_KNOTS('',3,(#4595,#4596,#4597,#4598),
 .UNSPECIFIED.,.F.,.F.,(4,4),(2.76082697497081,2.84015889367257),
 .UNSPECIFIED.);
#147=B_SPLINE_CURVE_WITH_KNOTS('',3,(#4602,#4603,#4604,#4605,#4606,#4607,
#4608,#4609,#4610,#4611,#4612,#4613,#4614,#4615),.UNSPECIFIED.,.F.,.F.,
(4,2,2,2,2,2,4),(0.,0.00237029302875141,0.00474058605750282,0.00948117211500564,
0.0189623442300113,0.0762629530904056,0.161869366965864),.UNSPECIFIED.);
#148=B_SPLINE_CURVE_WITH_KNOTS('',3,(#4619,#4620,#4621,#4622,#4623,#4624,
#4625,#4626,#4627,#4628,#4629,#4630),.UNSPECIFIED.,.F.,.F.,(4,2,2,2,2,4),
(0.54505672502747,0.564405409800405,0.68909187287429,0.813778335948175,
0.927196968001443,0.977586187088216),.UNSPECIFIED.);
#149=B_SPLINE_CURVE_WITH_KNOTS('',3,(#4632,#4633,#4634,#4635,#4636,#4637,
#4638,#4639,#4640,#4641,#4642,#4643,#4644,#4645,#4646,#4647,#4648,#4649,
#4650,#4651,#4652),.UNSPECIFIED.,.F.,.F.,(4,2,2,2,3,2,2,2,2,4),(-0.0667797976954792,
-0.0200667072962393,-0.0100333536481196,-0.00501667682405982,0.,0.00501667682405983,
0.0100333536481197,0.0200667072962393,0.0739361634253568,0.153845197345443),
 .UNSPECIFIED.);
#150=B_SPLINE_CURVE_WITH_KNOTS('',3,(#4654,#4655,#4656,#4657,#4658,#4659),
 .UNSPECIFIED.,.F.,.F.,(4,2,4),(0.56681706578366,0.572226940569046,0.633316344762825),
 .UNSPECIFIED.);
#151=B_SPLINE_CURVE_WITH_KNOTS('',3,(#4665,#4666,#4667,#4668),
 .UNSPECIFIED.,.F.,.F.,(4,4),(0.16193203671827,0.241263955420021),
 .UNSPECIFIED.);
#152=B_SPLINE_CURVE_WITH_KNOTS('',3,(#4671,#4672,#4673,#4674,#4675,#4676,
#4677,#4678,#4679,#4680),.UNSPECIFIED.,.F.,.F.,(4,2,2,2,4),(0.271588255895503,
0.288580899943468,0.298965346922892,0.304157570412604,0.309349793902316),
 .UNSPECIFIED.);
#153=B_SPLINE_CURVE_WITH_KNOTS('',3,(#4687,#4688,#4689,#4690,#4691,#4692,
#4693,#4694,#4695,#4696,#4697,#4698,#4699,#4700,#4701,#4702,#4703,#4704),
 .UNSPECIFIED.,.F.,.F.,(4,2,2,2,2,2,2,2,4),(0.,0.0275012914574458,0.0992204129066029,
0.177117528231587,0.217262061970627,0.244888420129977,0.260975526337656,
0.272002017379831,0.284270447043698),.UNSPECIFIED.);
#154=B_SPLINE_CURVE_WITH_KNOTS('',3,(#4708,#4709,#4710,#4711,#4712),
 .UNSPECIFIED.,.F.,.F.,(4,1,4),(-3.07509329463036,-2.98434387620251,-2.83776315739525),
 .UNSPECIFIED.);
#155=B_SPLINE_CURVE_WITH_KNOTS('',3,(#4721,#4722,#4723,#4724,#4725,#4726,
#4727,#4728,#4729,#4730),.UNSPECIFIED.,.F.,.F.,(4,2,2,2,4),(1.47191708777479E-7,
0.00521023604519003,0.0104203248986713,0.0208405026056338,0.0459551213276273),
 .UNSPECIFIED.);
#156=B_SPLINE_CURVE_WITH_KNOTS('',3,(#4734,#4735,#4736,#4737,#4738,#4739,
#4740,#4741),.UNSPECIFIED.,.F.,.F.,(4,2,2,4),(0.,0.0990929919462391,0.198185983892478,
0.286480703868637),.UNSPECIFIED.);
#157=B_SPLINE_CURVE_WITH_KNOTS('',3,(#4743,#4744,#4745,#4746,#4747,#4748),
 .UNSPECIFIED.,.F.,.F.,(4,2,4),(-0.152690422457357,-0.0990929919462391,
0.),.UNSPECIFIED.);
#158=B_SPLINE_CURVE_WITH_KNOTS('',3,(#4749,#4750,#4751,#4752),
 .UNSPECIFIED.,.F.,.F.,(4,4),(2.85644739383915,3.06681131899091),
 .UNSPECIFIED.);
#159=B_SPLINE_CURVE_WITH_KNOTS('',3,(#4768,#4769,#4770,#4771,#4772,#4773,
#4774,#4775,#4776,#4777),.UNSPECIFIED.,.F.,.F.,(4,2,2,2,4),(0.0905566266051446,
0.113352676053116,0.136148725501088,0.158755208669389,0.18136169183769),
 .UNSPECIFIED.);
#160=B_SPLINE_CURVE_WITH_KNOTS('',3,(#4781,#4782,#4783,#4784,#4785,#4786,
#4787,#4788,#4789,#4790),.UNSPECIFIED.,.F.,.F.,(4,2,2,2,4),(0.,0.0226064831683015,
0.0452129663366029,0.0680090157845744,0.0908050652325458),.UNSPECIFIED.);
#161=B_SPLINE_CURVE_WITH_KNOTS('',3,(#4797,#4798,#4799,#4800,#4801,#4802,
#4803,#4804,#4805,#4806,#4807,#4808,#4809,#4810,#4811,#4812,#4813,#4814,
#4815,#4816,#4817,#4818,#4819,#4820,#4821,#4822,#4823,#4824,#4825,#4826,
#4827,#4828,#4829,#4830,#4831,#4832,#4833,#4834,#4835,#4836,#4837,#4838),
 .UNSPECIFIED.,.T.,.F.,(4,2,2,2,2,2,2,2,2,2,2,2,2,2,2,2,2,2,2,2,4),(0.,
0.0443477442776116,0.0886954885552232,0.0954466384517685,0.0988222134000411,
0.102197788348314,0.105573363296586,0.108948938244859,0.115700088141404,
0.160047832419016,0.204395576696628,0.248743320974239,0.293091065251851,
0.299842215148396,0.303217790096669,0.306593365044941,0.309968939993214,
0.313344514941487,0.320095664838032,0.364443409115643,0.408791153393255),
 .UNSPECIFIED.);
#162=B_SPLINE_CURVE_WITH_KNOTS('',3,(#4886,#4887,#4888,#4889,#4890),
 .UNSPECIFIED.,.F.,.F.,(4,1,4),(-3.14159265358979,0.,3.14159265358979),
 .UNSPECIFIED.);
#163=B_SPLINE_CURVE_WITH_KNOTS('',3,(#4891,#4892,#4893,#4894,#4895),
 .UNSPECIFIED.,.F.,.F.,(4,1,4),(-3.14159265358979,0.,3.14159265358979),
 .UNSPECIFIED.);
#164=B_SPLINE_CURVE_WITH_KNOTS('',3,(#4929,#4930,#4931,#4932,#4933),
 .UNSPECIFIED.,.F.,.F.,(4,1,4),(-3.14159265358975,-1.95399252334028E-14,
3.14159265358971),.UNSPECIFIED.);
#165=B_SPLINE_CURVE_WITH_KNOTS('',3,(#4934,#4935,#4936,#4937,#4938),
 .UNSPECIFIED.,.F.,.F.,(4,1,4),(-3.14159265358971,1.95399252334028E-14,
3.14159265358975),.UNSPECIFIED.);
#166=B_SPLINE_CURVE_WITH_KNOTS('',3,(#4970,#4971,#4972,#4973,#4974),
 .UNSPECIFIED.,.F.,.F.,(4,1,4),(-0.0653104147537624,-0.0475948400986558,
0.),.UNSPECIFIED.);
#167=B_SPLINE_CURVE_WITH_KNOTS('',3,(#4978,#4979,#4980,#4981,#4982,#4983),
 .UNSPECIFIED.,.F.,.F.,(4,1,1,4),(0.,0.0475948400986558,0.0793247334977597,
0.111054626896864),.UNSPECIFIED.);
#168=B_SPLINE_CURVE_WITH_KNOTS('',3,(#4991,#4992,#4993,#4994,#4995,#4996,
#4997),.UNSPECIFIED.,.F.,.F.,(4,3,4),(-0.296394581621483,-0.148197290810741,
0.),.UNSPECIFIED.);
#169=B_SPLINE_CURVE_WITH_KNOTS('',3,(#4999,#5000,#5001,#5002,#5003,#5004,
#5005,#5006,#5007,#5008,#5009,#5010,#5011,#5012,#5013,#5014),
 .UNSPECIFIED.,.F.,.F.,(4,3,3,3,3,4),(-0.816630179208233,-0.713115192791978,
-0.560274161484309,-0.376223979542258,-0.254014424201004,-0.19808349620845),
 .UNSPECIFIED.);
#170=B_SPLINE_CURVE_WITH_KNOTS('',3,(#5015,#5016,#5017,#5018,#5019,#5020,
#5021),.UNSPECIFIED.,.F.,.F.,(4,3,4),(-0.307636407039625,-0.153818203519813,
0.),.UNSPECIFIED.);
#171=B_SPLINE_CURVE_WITH_KNOTS('',3,(#5048,#5049,#5050,#5051,#5052,#5053),
 .UNSPECIFIED.,.F.,.F.,(4,1,1,4),(-0.111054626672227,-0.0634597866698438,
-0.0317298933349219,0.),.UNSPECIFIED.);
#172=B_SPLINE_CURVE_WITH_KNOTS('',3,(#5054,#5055,#5056,#5057),
 .UNSPECIFIED.,.F.,.F.,(4,4),(-0.0414219494607403,0.),.UNSPECIFIED.);
#173=B_SPLINE_CURVE_WITH_KNOTS('',3,(#5059,#5060,#5061,#5062,#5063,#5064,
#5065,#5066,#5067,#5068,#5069,#5070,#5071,#5072,#5073,#5074,#5075,#5076,
#5077),.UNSPECIFIED.,.F.,.F.,(4,3,3,3,3,3,4),(-0.0823119112227308,-0.0724075134823196,
-0.0625031157419085,-0.0468773368064314,-0.0312515578709542,-0.0156257789354771,
0.),.UNSPECIFIED.);
#174=B_SPLINE_CURVE_WITH_KNOTS('',3,(#5116,#5117,#5118,#5119,#5120,#5121,
#5122,#5123,#5124,#5125,#5126,#5127,#5128,#5129,#5130,#5131,#5132,#5133,
#5134),.UNSPECIFIED.,.F.,.F.,(4,3,3,3,3,3,4),(-0.084698513149374,-0.0736008144456413,
-0.0625031157419085,-0.0468773368064314,-0.0312515578709542,-0.0156257789354771,
0.),.UNSPECIFIED.);
#175=B_SPLINE_CURVE_WITH_KNOTS('',3,(#5138,#5139,#5140,#5141,#5142,#5143),
 .UNSPECIFIED.,.F.,.F.,(4,2,4),(-0.0401479533664374,-0.0362143798555624,
0.),.UNSPECIFIED.);
#176=B_SPLINE_CURVE_WITH_KNOTS('',3,(#5145,#5146,#5147,#5148,#5149,#5150,
#5151,#5152,#5153,#5154,#5155,#5156,#5157,#5158,#5159,#5160,#5161,#5162,
#5163,#5164,#5165,#5166),.UNSPECIFIED.,.F.,.F.,(4,2,2,2,2,2,2,2,2,2,4),
(0.,0.0362143798555623,0.0724287597111247,0.108540067410001,0.144651375108877,
0.180754137812414,0.216856900515952,0.253069119286195,0.289281338056439,
0.325493556826683,0.329426006611044),.UNSPECIFIED.);
#177=B_SPLINE_CURVE_WITH_KNOTS('',3,(#5213,#5214,#5215,#5216,#5217,#5218,
#5219,#5220,#5221,#5222,#5223,#5224,#5225,#5226,#5227,#5228,#5229,#5230),
 .UNSPECIFIED.,.F.,.F.,(4,2,2,2,2,2,2,2,4),(0.00108165738481581,0.0294282857318481,
0.0588565714636962,0.0841906994094285,0.109524827355161,0.134860053898245,
0.16019528044133,0.189603388802565,0.218037794322036),.UNSPECIFIED.);
#178=B_SPLINE_CURVE_WITH_KNOTS('',3,(#5282,#5283,#5284,#5285,#5286,#5287),
 .UNSPECIFIED.,.F.,.F.,(4,1,1,4),(0.,0.0317298933349219,0.0634597866698438,
0.111054626672227),.UNSPECIFIED.);
#179=B_SPLINE_CURVE_WITH_KNOTS('',3,(#5308,#5309,#5310,#5311),
 .UNSPECIFIED.,.F.,.F.,(4,4),(0.,0.0414219494607403),.UNSPECIFIED.);
#180=B_SPLINE_CURVE_WITH_KNOTS('',3,(#5353,#5354,#5355,#5356,#5357,#5358,
#5359,#5360,#5361,#5362,#5363,#5364,#5365,#5366,#5367,#5368),
 .UNSPECIFIED.,.F.,.F.,(4,3,3,3,3,4),(0.,0.0156257789354771,0.0312515578709542,
0.0468773368064313,0.0605650062766725,0.0742526757469137),.UNSPECIFIED.);
#181=B_SPLINE_CURVE_WITH_KNOTS('',3,(#5380,#5381,#5382,#5383),
 .UNSPECIFIED.,.F.,.F.,(4,4),(-1.61311668725532,-1.52847596499336),
 .UNSPECIFIED.);
#182=B_SPLINE_CURVE_WITH_KNOTS('',3,(#5410,#5411,#5412,#5413,#5414,#5415,
#5416,#5417,#5418,#5419,#5420,#5421,#5422,#5423,#5424,#5425),
 .UNSPECIFIED.,.F.,.F.,(4,3,3,3,3,4),(0.,0.0156257789354771,0.0312515578709542,
0.0468773368064313,0.06056500620124,0.0742526755960487),.UNSPECIFIED.);
#183=B_SPLINE_CURVE_WITH_KNOTS('',3,(#5430,#5431,#5432,#5433,#5434,#5435,
#5436,#5437,#5438,#5439,#5440,#5441,#5442,#5443),.UNSPECIFIED.,.F.,.F.,
(4,2,2,2,2,2,4),(0.26823732721442,0.289623083070202,0.313840149876772,0.338057216683342,
0.362274283489912,0.386491350296482,0.407877106152265),.UNSPECIFIED.);
#184=B_SPLINE_CURVE_WITH_KNOTS('',3,(#5449,#5450,#5451,#5452),
 .UNSPECIFIED.,.F.,.F.,(4,4),(-0.0635009082546861,3.85205191119497E-35),
 .UNSPECIFIED.);
#185=B_SPLINE_CURVE_WITH_KNOTS('',3,(#5454,#5455,#5456,#5457,#5458,#5459,
#5460,#5461,#5462,#5463,#5464,#5465,#5466,#5467,#5468,#5469,#5470,#5471),
 .UNSPECIFIED.,.F.,.F.,(4,2,2,2,2,2,2,2,4),(0.175235386726929,0.215405277593137,
0.256036675614367,0.296361413946787,0.336686152279208,0.377010890611628,
0.417335628944048,0.457967026965278,0.498136917831487),.UNSPECIFIED.);
#186=B_SPLINE_CURVE_WITH_KNOTS('',3,(#5472,#5473,#5474,#5475),
 .UNSPECIFIED.,.F.,.F.,(4,4),(-0.28,-0.276499091745314),.UNSPECIFIED.);
#187=B_SPLINE_CURVE_WITH_KNOTS('',3,(#5487,#5488,#5489,#5490,#5491,#5492,
#5493,#5494,#5495,#5496,#5497,#5498,#5499,#5500,#5501,#5502,#5503),
 .UNSPECIFIED.,.F.,.F.,(4,3,2,2,2,2,2,4),(-0.00169345101751396,0.,0.0149366591574518,
0.0298733183149037,0.0468548153933991,0.0638363124718945,0.0872093512340305,
0.0924656452794308),.UNSPECIFIED.);
#188=B_SPLINE_CURVE_WITH_KNOTS('',3,(#5505,#5506,#5507,#5508,#5509,#5510),
 .UNSPECIFIED.,.F.,.F.,(4,2,4),(1.07381808828446,1.12097676342164,1.16813543915144),
 .UNSPECIFIED.);
#189=B_SPLINE_CURVE_WITH_KNOTS('',3,(#5512,#5513,#5514,#5515,#5516,#5517,
#5518,#5519,#5520,#5521,#5522,#5523,#5524,#5525,#5526,#5527,#5528),
 .UNSPECIFIED.,.F.,.F.,(4,2,2,2,2,2,3,4),(-0.0924656449945062,-0.0872093512517562,
-0.0638363124766825,-0.0468548153955578,-0.0298733183144331,-0.0149366591572165,
0.,0.00169345098074674),.UNSPECIFIED.);
#190=B_SPLINE_CURVE_WITH_KNOTS('',3,(#5530,#5531,#5532,#5533,#5534,#5535,
#5536,#5537,#5538,#5539,#5540,#5541,#5542,#5543),.UNSPECIFIED.,.F.,.F.,
(4,2,2,2,2,2,4),(0.944351765569646,0.96573752130874,0.989954588289114,1.01417165526949,
1.03838872224986,1.06260578923024,1.08399154496933),.UNSPECIFIED.);
#191=B_SPLINE_CURVE_WITH_KNOTS('',3,(#5545,#5546,#5547,#5548,#5549,#5550,
#5551,#5552,#5553,#5554,#5555,#5556,#5557,#5558,#5559,#5560,#5561),
 .UNSPECIFIED.,.F.,.F.,(4,3,2,2,2,2,2,4),(-0.00169345099605246,0.,0.0149366591572165,
0.0298733183144331,0.0468548153955578,0.0638363124766826,0.0872093512517563,
0.0924656449945063),.UNSPECIFIED.);
#192=B_SPLINE_CURVE_WITH_KNOTS('',3,(#5563,#5564,#5565,#5566,#5567,#5568,
#5569),.UNSPECIFIED.,.F.,.F.,(4,3,4),(-0.0471586757299106,0.,0.0471586751371785),
 .UNSPECIFIED.);
#193=B_SPLINE_CURVE_WITH_KNOTS('',3,(#5570,#5571,#5572,#5573,#5574,#5575,
#5576,#5577,#5578,#5579,#5580,#5581,#5582,#5583,#5584,#5585,#5586),
 .UNSPECIFIED.,.F.,.F.,(4,2,2,2,2,2,3,4),(-0.0924656452794309,-0.0872093512340305,
-0.0638363124718946,-0.0468548153933991,-0.0298733183149037,-0.0149366591574518,
0.,0.00169345100220824),.UNSPECIFIED.);
#194=B_SPLINE_CURVE_WITH_KNOTS('',3,(#5653,#5654,#5655,#5656,#5657,#5658,
#5659,#5660,#5661),.UNSPECIFIED.,.F.,.F.,(4,1,1,1,1,1,4),(0.0496710059991678,
0.0860322081583839,0.1223934103176,0.195115814636032,0.249657617874856,
0.267838218954464,0.30419942111368),.UNSPECIFIED.);
#195=B_SPLINE_CURVE_WITH_KNOTS('',3,(#5724,#5725,#5726,#5727,#5728,#5729),
 .UNSPECIFIED.,.F.,.F.,(4,1,1,4),(0.375203033894536,0.41156380207483,0.447924572696272,
0.500153393053603),.UNSPECIFIED.);
#196=B_SPLINE_CURVE_WITH_KNOTS('',3,(#5731,#5732,#5733,#5734,#5735,#5736),
 .UNSPECIFIED.,.F.,.F.,(4,1,1,4),(0.500139825789414,0.520646113939156,0.557006884560599,
0.629728425803483),.UNSPECIFIED.);
#197=B_SPLINE_CURVE_WITH_KNOTS('',3,(#5739,#5740,#5741,#5742,#5743,#5744,
#5745,#5746,#5747,#5748,#5749,#5750,#5751,#5752,#5753,#5754,#5755,#5756,
#5757,#5758,#5759,#5760,#5761,#5762,#5763,#5764,#5765,#5766,#5767,#5768,
#5769,#5770,#5771,#5772,#5773,#5774,#5775,#5776,#5777,#5778,#5779,#5780,
#5781,#5782,#5783,#5784,#5785,#5786,#5787,#5788,#5789,#5790,#5791,#5792,
#5793,#5794,#5795,#5796,#5797,#5798,#5799,#5800,#5801,#5802,#5803,#5804,
#5805,#5806,#5807,#5808,#5809,#5810,#5811,#5812,#5813,#5814),
 .UNSPECIFIED.,.F.,.F.,(4,3,3,3,3,3,3,3,3,3,3,3,3,3,3,3,3,3,3,3,3,3,3,3,
3,4),(-0.629728425803483,-0.618118776816687,-0.605590670005598,-0.591856818131692,
-0.590892571643083,-0.57512034908901,-0.558593697201848,-0.557054927485909,
-0.541311498272289,-0.528855527195833,-0.520719964930883,-0.517966444145101,
-0.507614085696296,-0.505965180964741,-0.49651590017622,-0.484682836549341,
-0.469673436554303,-0.457364513005598,-0.447927382852073,-0.435773780136027,
-0.432798372079438,-0.417790058177517,-0.411522231084048,-0.396572358684415,
-0.382717452680756,-0.375203031553701),.UNSPECIFIED.);
#198=B_SPLINE_CURVE_WITH_KNOTS('',3,(#5850,#5851,#5852,#5853,#5854),
 .UNSPECIFIED.,.F.,.F.,(4,1,4),(-0.679400094144472,-0.291171468919059,-1.60250411636206E-16),
 .UNSPECIFIED.);
#199=B_SPLINE_CURVE_WITH_KNOTS('',3,(#5855,#5856,#5857,#5858,#5859),
 .UNSPECIFIED.,.F.,.F.,(4,1,4),(1.60250411636206E-16,0.291171468919059,
0.679400094144472),.UNSPECIFIED.);
#200=B_SPLINE_CURVE_WITH_KNOTS('',3,(#5877,#5878,#5879,#5880,#5881,#5882,
#5883,#5884),.UNSPECIFIED.,.F.,.F.,(4,2,2,4),(0.,0.0977009843429846,0.268175716247563,
0.268867496515475),.UNSPECIFIED.);
#201=B_SPLINE_CURVE_WITH_KNOTS('',3,(#5886,#5887,#5888,#5889),
 .UNSPECIFIED.,.F.,.F.,(4,4),(-0.00308811533513853,8.32667268468867E-17),
 .UNSPECIFIED.);
#202=B_SPLINE_CURVE_WITH_KNOTS('',3,(#5891,#5892,#5893,#5894),
 .UNSPECIFIED.,.F.,.F.,(4,4),(-6.93889390390723E-17,0.28),.UNSPECIFIED.);
#203=B_SPLINE_CURVE_WITH_KNOTS('',3,(#5896,#5897,#5898,#5899),
 .UNSPECIFIED.,.F.,.F.,(4,4),(0.,0.296394581621483),.UNSPECIFIED.);
#204=B_SPLINE_CURVE_WITH_KNOTS('',3,(#5900,#5901,#5902,#5903),
 .UNSPECIFIED.,.F.,.F.,(4,4),(-0.28,-0.23236960366698),.UNSPECIFIED.);
#205=B_SPLINE_CURVE_WITH_KNOTS('',3,(#5908,#5909,#5910,#5911,#5912,#5913,
#5914,#5915,#5916,#5917,#5918,#5919,#5920,#5921),.UNSPECIFIED.,.F.,.F.,
(4,2,2,2,2,2,4),(-0.0757286058751834,-0.0684469079504231,-0.0611041040898127,
-0.0461786830432253,-0.0299135661340519,-0.0148638880714569,-0.000461100749985755),
 .UNSPECIFIED.);
#206=B_SPLINE_CURVE_WITH_KNOTS('',3,(#5923,#5924,#5925,#5926,#5927,#5928,
#5929),.UNSPECIFIED.,.F.,.F.,(4,3,4),(-0.098372862543883,-0.0782252901636687,
-0.0581774357481139),.UNSPECIFIED.);
#207=B_SPLINE_CURVE_WITH_KNOTS('',3,(#5931,#5932,#5933,#5934,#5935,#5936,
#5937,#5938,#5939,#5940,#5941,#5942),.UNSPECIFIED.,.F.,.F.,(4,2,2,2,2,4),
(-0.0752764518319871,-0.0607995528620988,-0.0456634519908453,-0.0289249444822837,
-0.0137902258027849,0.),.UNSPECIFIED.);
#208=B_SPLINE_CURVE_WITH_KNOTS('',3,(#5946,#5947,#5948,#5949),
 .UNSPECIFIED.,.F.,.F.,(4,4),(-0.0757372650362619,-0.0752764518319871),
 .UNSPECIFIED.);
#209=B_SPLINE_CURVE_WITH_KNOTS('',3,(#5951,#5952,#5953,#5954,#5955,#5956,
#5957,#5958,#5959,#5960,#5961,#5962,#5963,#5964),.UNSPECIFIED.,.F.,.F.,
(4,2,2,2,2,2,4),(-0.0757286057269627,-0.0684469078441164,-0.0611041040264015,
-0.0461786830667303,-0.029913566139859,-0.0148638880657429,0.),
 .UNSPECIFIED.);
#210=B_SPLINE_CURVE_WITH_KNOTS('',3,(#5966,#5967,#5968,#5969,#5970,#5971,
#5972),.UNSPECIFIED.,.F.,.F.,(4,3,4),(-0.0983728627171408,-0.0782252901746118,
-0.0581774359200885),.UNSPECIFIED.);
#211=B_SPLINE_CURVE_WITH_KNOTS('',3,(#5974,#5975,#5976,#5977,#5978,#5979,
#5980,#5981,#5982,#5983,#5984,#5985),.UNSPECIFIED.,.F.,.F.,(4,2,2,2,2,4),
(-0.0757372651861077,-0.0607995529417301,-0.0456634520004003,-0.0289249444911259,
-0.0137902258052355,0.),.UNSPECIFIED.);
#212=B_SPLINE_CURVE_WITH_KNOTS('',3,(#5987,#5988,#5989,#5990,#5991,#5992,
#5993,#5994,#5995,#5996,#5997,#5998,#5999,#6000,#6001,#6002,#6003,#6004),
 .UNSPECIFIED.,.F.,.F.,(4,2,2,2,2,2,2,2,4),(0.175235387331814,0.215405278025014,
0.256036676082854,0.296361414408427,0.336686152734,0.377010891059572,0.417335629385145,
0.457967027442985,0.498136918136186),.UNSPECIFIED.);
#213=B_SPLINE_CURVE_WITH_KNOTS('',3,(#6005,#6006,#6007,#6008),
 .UNSPECIFIED.,.F.,.F.,(4,4),(-0.000461100749985755,0.),.UNSPECIFIED.);
#214=B_SPLINE_CURVE_WITH_KNOTS('',3,(#6051,#6052,#6053,#6054,#6055,#6056),
 .UNSPECIFIED.,.F.,.F.,(4,1,1,4),(-0.0798431245254451,-0.0570308032324642,
-0.0342184819394832,-1.17470415660886E-14),.UNSPECIFIED.);
#215=B_SPLINE_CURVE_WITH_KNOTS('',3,(#6057,#6058,#6059,#6060,#6061,#6062),
 .UNSPECIFIED.,.F.,.F.,(4,1,1,4),(1.17470415660886E-14,0.0342184819394832,
0.0570308032324642,0.0798431245254451),.UNSPECIFIED.);
#216=B_SPLINE_CURVE_WITH_KNOTS('',3,(#6098,#6099,#6100,#6101,#6102),
 .UNSPECIFIED.,.F.,.F.,(4,1,4),(-0.174094097620018,-0.074611756122865,0.),
 .UNSPECIFIED.);
#217=B_SPLINE_CURVE_WITH_KNOTS('',3,(#6126,#6127,#6128,#6129),
 .UNSPECIFIED.,.F.,.F.,(4,4),(3.48323304739592E-16,0.210466840022812),
 .UNSPECIFIED.);
#218=B_SPLINE_CURVE_WITH_KNOTS('',3,(#6161,#6162,#6163,#6164,#6165),
 .UNSPECIFIED.,.F.,.F.,(4,1,4),(-0.174095840987544,-0.074612503280376,0.),
 .UNSPECIFIED.);
#219=B_SPLINE_CURVE_WITH_KNOTS('',3,(#6204,#6205,#6206,#6207,#6208),
 .UNSPECIFIED.,.F.,.F.,(4,1,4),(-0.0798441956355459,-0.0342189409866625,
0.),.UNSPECIFIED.);
#220=B_SPLINE_CURVE_WITH_KNOTS('',3,(#6209,#6210,#6211,#6212,#6213),
 .UNSPECIFIED.,.F.,.F.,(4,1,4),(0.,0.0342189409866625,0.0798441956355459),
 .UNSPECIFIED.);
#221=B_SPLINE_CURVE_WITH_KNOTS('',3,(#6243,#6244,#6245,#6246,#6247,#6248,
#6249,#6250,#6251,#6252),.UNSPECIFIED.,.F.,.F.,(4,3,3,4),(0.,0.0318225753201059,
0.0530376255335098,0.0742526757469137),.UNSPECIFIED.);
#222=B_SPLINE_CURVE_WITH_KNOTS('',3,(#6254,#6255,#6256,#6257),
 .UNSPECIFIED.,.F.,.F.,(4,4),(0.0580389778990684,0.098275538359802),
 .UNSPECIFIED.);
#223=B_SPLINE_CURVE_WITH_KNOTS('',3,(#6258,#6259,#6260,#6261,#6262,#6263,
#6264,#6265,#6266,#6267),.UNSPECIFIED.,.F.,.F.,(4,3,3,4),(0.,0.0212150501702996,
0.0424301003405992,0.0742526755960487),.UNSPECIFIED.);
#224=B_SPLINE_CURVE_WITH_KNOTS('',3,(#6294,#6295,#6296,#6297,#6298,#6299,
#6300),.UNSPECIFIED.,.F.,.F.,(4,3,4),(0.610683431448615,0.713115192791978,
0.77786331496977),.UNSPECIFIED.);
#225=B_SPLINE_CURVE_WITH_KNOTS('',3,(#6302,#6303,#6304,#6305),
 .UNSPECIFIED.,.F.,.F.,(4,4),(1.4936601480839,1.64473697626963),
 .UNSPECIFIED.);
#226=B_SPLINE_CURVE_WITH_KNOTS('',3,(#6334,#6335,#6336,#6337),
 .UNSPECIFIED.,.F.,.F.,(4,4),(5.47062033355622,5.60783045839845),
 .UNSPECIFIED.);
#227=B_SPLINE_CURVE_WITH_KNOTS('',3,(#6339,#6340,#6341,#6342,#6343,#6344,
#6345,#6346,#6347,#6348),.UNSPECIFIED.,.F.,.F.,(4,3,3,4),(0.225557023590999,
0.254014424201004,0.376223979542258,0.39048137345838),.UNSPECIFIED.);
#228=B_SPLINE_CURVE_WITH_KNOTS('',3,(#6349,#6350,#6351,#6352,#6353,#6354,
#6355),.UNSPECIFIED.,.F.,.F.,(4,3,4),(0.39048137345838,0.560274161484309,
0.610683431448615),.UNSPECIFIED.);
#229=B_SPLINE_CURVE_WITH_KNOTS('',3,(#6395,#6396,#6397,#6398),
 .UNSPECIFIED.,.F.,.F.,(4,4),(-2.94136461546865,-2.72152761657059),
 .UNSPECIFIED.);
#230=B_SPLINE_CURVE_WITH_KNOTS('',3,(#6439,#6440,#6441,#6442,#6443,#6444,
#6445,#6446),.UNSPECIFIED.,.F.,.F.,(4,2,2,4),(0.,0.00636404201197689,0.0370594905987825,
0.069089406999946),.UNSPECIFIED.);
#231=B_SPLINE_CURVE_WITH_KNOTS('',3,(#6482,#6483,#6484,#6485,#6486,#6487,
#6488,#6489,#6490,#6491),.UNSPECIFIED.,.F.,.F.,(4,2,2,2,4),(-0.129555914787048,
-0.128959160474387,-0.0824225331514461,-0.0385687483514569,0.),
 .UNSPECIFIED.);
#232=B_SPLINE_CURVE_WITH_KNOTS('',3,(#6495,#6496,#6497,#6498,#6499,#6500),
 .UNSPECIFIED.,.F.,.F.,(4,2,4),(0.,0.0449244134560574,0.0555662600715035),
 .UNSPECIFIED.);
#233=B_SPLINE_CURVE_WITH_KNOTS('',3,(#6512,#6513,#6514,#6515,#6516),
 .UNSPECIFIED.,.F.,.F.,(4,1,4),(0.,0.0484250057010032,0.0968500114020063),
 .UNSPECIFIED.);
#234=B_SPLINE_CURVE_WITH_KNOTS('',3,(#6574,#6575,#6576,#6577),
 .UNSPECIFIED.,.F.,.F.,(4,4),(-0.0784622797590314,0.),.UNSPECIFIED.);
#235=B_SPLINE_CURVE_WITH_KNOTS('',3,(#6580,#6581,#6582,#6583),
 .UNSPECIFIED.,.F.,.F.,(4,4),(0.,0.0784622797590314),.UNSPECIFIED.);
#236=B_SPLINE_CURVE_WITH_KNOTS('',3,(#6621,#6622,#6623,#6624,#6625,#6626),
 .UNSPECIFIED.,.F.,.F.,(4,1,1,4),(-0.0319185087521001,-0.0182391478583429,
-0.00911957392917146,0.),.UNSPECIFIED.);
#237=B_SPLINE_CURVE_WITH_KNOTS('',3,(#6629,#6630,#6631,#6632,#6633,#6634),
 .UNSPECIFIED.,.F.,.F.,(4,1,1,4),(0.,0.00911957392917146,0.0182391478583429,
0.0319185087521001),.UNSPECIFIED.);
#238=B_SPLINE_CURVE_WITH_KNOTS('',3,(#6639,#6640,#6641,#6642,#6643,#6644,
#6645,#6646,#6647,#6648),.UNSPECIFIED.,.F.,.F.,(4,2,2,2,4),(0.0141090935677247,
0.0665288148103786,0.133057629620757,0.178398302759078,0.2237389758974),
 .UNSPECIFIED.);
#239=B_SPLINE_CURVE_WITH_KNOTS('',3,(#6683,#6684,#6685,#6686),
 .UNSPECIFIED.,.F.,.F.,(4,4),(-0.0616169813484061,0.),.UNSPECIFIED.);
#240=B_SPLINE_CURVE_WITH_KNOTS('',3,(#6688,#6689,#6690,#6691),
 .UNSPECIFIED.,.F.,.F.,(4,4),(0.,0.0616169813484061),.UNSPECIFIED.);
#241=B_SPLINE_CURVE_WITH_KNOTS('',3,(#6723,#6724,#6725,#6726,#6727),
 .UNSPECIFIED.,.F.,.F.,(4,1,4),(-0.0968500114020063,-0.0484250057010032,
0.),.UNSPECIFIED.);
#242=B_SPLINE_CURVE_WITH_KNOTS('',3,(#6764,#6765,#6766,#6767,#6768,#6769),
 .UNSPECIFIED.,.F.,.F.,(4,1,1,4),(-0.0319185087520867,-0.0227989348229191,
-0.0136793608937514,-2.89670618480774E-18),.UNSPECIFIED.);
#243=B_SPLINE_CURVE_WITH_KNOTS('',3,(#6770,#6771,#6772,#6773,#6774,#6775),
 .UNSPECIFIED.,.F.,.F.,(4,1,1,4),(2.89670618480774E-18,0.0136793608937514,
0.0227989348229191,0.0319185087520867),.UNSPECIFIED.);
#244=B_SPLINE_CURVE_WITH_KNOTS('',3,(#6782,#6783,#6784,#6785),
 .UNSPECIFIED.,.F.,.F.,(4,4),(-0.107656300825067,-1.06973558801204E-7),
 .UNSPECIFIED.);
#245=B_SPLINE_CURVE_WITH_KNOTS('',3,(#6798,#6799,#6800,#6801,#6802,#6803,
#6804,#6805,#6806,#6807),.UNSPECIFIED.,.F.,.F.,(4,2,2,2,4),(0.534445444412075,
0.579786117550396,0.625126790688717,0.691655605499096,0.758184420309475),
 .UNSPECIFIED.);
#246=B_SPLINE_CURVE_WITH_KNOTS('',3,(#6832,#6833,#6834,#6835),
 .UNSPECIFIED.,.F.,.F.,(4,4),(0.,0.129204184133205),.UNSPECIFIED.);
#247=B_SPLINE_CURVE_WITH_KNOTS('',3,(#6921,#6922,#6923,#6924),
 .UNSPECIFIED.,.F.,.F.,(4,4),(0.28,0.314102101034418),.UNSPECIFIED.);
#248=B_SPLINE_CURVE_WITH_KNOTS('',3,(#6935,#6936,#6937,#6938),
 .UNSPECIFIED.,.F.,.F.,(4,4),(0.32,0.322400921964574),.UNSPECIFIED.);
#249=B_SPLINE_CURVE_WITH_KNOTS('',3,(#6939,#6940,#6941,#6942,#6943,#6944,
#6945,#6946),.UNSPECIFIED.,.F.,.F.,(4,2,2,4),(0.154288040465848,0.179967733114993,
0.239414818677124,0.271767613605143),.UNSPECIFIED.);
#250=B_SPLINE_CURVE_WITH_KNOTS('',3,(#6967,#6968,#6969,#6970,#6971,#6972,
#6973,#6974,#6975,#6976,#6977,#6978,#6979,#6980,#6981,#6982,#6983,#6984,
#6985,#6986,#6987,#6988,#6989,#6990,#6991,#6992,#6993,#6994,#6995,#6996,
#6997,#6998,#6999,#7000,#7001,#7002,#7003,#7004,#7005,#7006,#7007,#7008,
#7009,#7010,#7011,#7012,#7013,#7014,#7015,#7016,#7017,#7018),
 .UNSPECIFIED.,.F.,.F.,(4,3,3,3,3,3,3,3,3,3,3,3,3,3,3,3,3,4),(-0.000629225802448937,
0.,0.014822879906507,0.0299835053595432,0.0449802032529874,0.0550020029710876,
0.0697061466607071,0.0767442380510204,0.0916398586592383,0.10627131823144,
0.109512872251048,0.123283870881326,0.13784316776006,0.15238629749098,0.159503883693201,
0.170026185756147,0.179867215906044,0.187849878632248),.UNSPECIFIED.);
#251=B_SPLINE_CURVE_WITH_KNOTS('',3,(#7020,#7021,#7022,#7023,#7024,#7025,
#7026,#7027,#7028,#7029,#7030,#7031,#7032,#7033,#7034,#7035),
 .UNSPECIFIED.,.F.,.F.,(4,3,3,3,3,4),(0.408711971972176,0.420587889063,
0.421449695558014,0.432375700359488,0.443085824198219,0.445262473598307),
 .UNSPECIFIED.);
#252=B_SPLINE_CURVE_WITH_KNOTS('',3,(#7036,#7037,#7038,#7039,#7040,#7041,
#7042,#7043,#7044,#7045,#7046,#7047,#7048,#7049,#7050,#7051,#7052,#7053,
#7054),.UNSPECIFIED.,.F.,.F.,(4,3,3,3,3,3,4),(0.316282994587412,0.332460583837016,
0.34216472522596,0.359786640843507,0.379458043405694,0.393479359487331,
0.406008692426602),.UNSPECIFIED.);
#253=B_SPLINE_CURVE_WITH_KNOTS('',3,(#7055,#7056,#7057,#7058),
 .UNSPECIFIED.,.F.,.F.,(4,4),(0.,0.0447376116442189),.UNSPECIFIED.);
#254=B_SPLINE_CURVE_WITH_KNOTS('',3,(#7131,#7132,#7133,#7134),
 .UNSPECIFIED.,.F.,.F.,(4,4),(-0.0357210182284669,-1.94289029309402E-16),
 .UNSPECIFIED.);
#255=B_SPLINE_CURVE_WITH_KNOTS('',3,(#7136,#7137,#7138,#7139,#7140,#7141,
#7142,#7143,#7144,#7145),.UNSPECIFIED.,.F.,.F.,(4,2,2,2,4),(0.0984014642742948,
0.0989638511580698,0.130994888215061,0.174639361686248,0.190155551431736),
 .UNSPECIFIED.);
#256=B_SPLINE_CURVE_WITH_KNOTS('',3,(#7147,#7148,#7149,#7150),
 .UNSPECIFIED.,.F.,.F.,(4,4),(0.477478737170046,0.48),.UNSPECIFIED.);
#257=B_SPLINE_CURVE_WITH_KNOTS('',3,(#7180,#7181,#7182,#7183,#7184,#7185,
#7186,#7187,#7188,#7189),.UNSPECIFIED.,.F.,.F.,(4,3,3,4),(0.556572323287676,
0.567805928937004,0.575525575232111,0.578194104199263),.UNSPECIFIED.);
#258=B_SPLINE_CURVE_WITH_KNOTS('',3,(#7190,#7191,#7192,#7193,#7194,#7195,
#7196,#7197,#7198,#7199,#7200,#7201,#7202,#7203,#7204,#7205,#7206,#7207,
#7208,#7209,#7210,#7211,#7212,#7213,#7214,#7215,#7216,#7217,#7218,#7219,
#7220,#7221,#7222,#7223,#7224,#7225,#7226,#7227,#7228,#7229,#7230,#7231,
#7232,#7233,#7234,#7235,#7236,#7237,#7238),.UNSPECIFIED.,.F.,.F.,(4,3,3,
3,3,3,3,3,3,3,3,3,3,3,3,3,4),(0.,0.0061567145275148,0.0127311837713893,
0.0185257897611351,0.0280447155217378,0.037568516340371,0.0425423408170254,
0.0483946366616469,0.057647998572915,0.0671473875445425,0.0737941654045442,
0.0820820837815702,0.0916028413365281,0.101267784117448,0.110713362202063,
0.115917761653018,0.116317706998601),.UNSPECIFIED.);
#259=B_SPLINE_CURVE_WITH_KNOTS('',3,(#7240,#7241,#7242,#7243,#7244,#7245,
#7246,#7247),.UNSPECIFIED.,.F.,.F.,(4,2,2,4),(-0.000933145011890036,0.,
0.249547285041381,0.377716714830968),.UNSPECIFIED.);
#260=B_SPLINE_CURVE_WITH_KNOTS('',3,(#7248,#7249,#7250,#7251,#7252,#7253,
#7254),.UNSPECIFIED.,.F.,.F.,(4,3,4),(0.239647254716255,0.257450084317872,
0.269928377114876),.UNSPECIFIED.);
#261=B_SPLINE_CURVE_WITH_KNOTS('',3,(#7255,#7256,#7257,#7258,#7259,#7260,
#7261,#7262),.UNSPECIFIED.,.F.,.F.,(4,2,2,4),(0.,0.0261571525261466,0.0671637581186159,
0.0774094962822314),.UNSPECIFIED.);
#262=B_SPLINE_CURVE_WITH_KNOTS('',3,(#7287,#7288,#7289,#7290),
 .UNSPECIFIED.,.F.,.F.,(4,4),(4.1468037318273,4.30045008876081),
 .UNSPECIFIED.);
#263=B_SPLINE_CURVE_WITH_KNOTS('',3,(#7332,#7333,#7334,#7335,#7336,#7337,
#7338,#7339,#7340,#7341,#7342,#7343,#7344,#7345,#7346,#7347,#7348,#7349,
#7350),.UNSPECIFIED.,.F.,.F.,(4,3,3,3,3,3,4),(0.,0.0156257789354771,0.0312515578709542,
0.0468773368064314,0.0625031157419085,0.0736008144456413,0.084698513149374),
 .UNSPECIFIED.);
#264=B_SPLINE_CURVE_WITH_KNOTS('',3,(#7434,#7435,#7436,#7437,#7438,#7439,
#7440,#7441,#7442,#7443,#7444,#7445,#7446,#7447,#7448,#7449,#7450,#7451,
#7452),.UNSPECIFIED.,.F.,.F.,(4,3,3,3,3,3,4),(0.,0.0156257789354771,0.0312515578709542,
0.0468773368064314,0.0625031157419085,0.0724075134823196,0.0823119112227308),
 .UNSPECIFIED.);
#265=B_SPLINE_CURVE_WITH_KNOTS('',3,(#7466,#7467,#7468,#7469,#7470,#7471,
#7472),.UNSPECIFIED.,.F.,.F.,(4,3,4),(0.,0.153818203519813,0.307636407039625),
 .UNSPECIFIED.);
#266=B_SPLINE_CURVE_WITH_KNOTS('',3,(#7506,#7507,#7508,#7509,#7510,#7511,
#7512,#7513,#7514,#7515,#7516,#7517,#7518,#7519,#7520,#7521),
 .UNSPECIFIED.,.F.,.F.,(4,3,3,3,3,4),(0.19808349620845,0.254014424201004,
0.376223979542258,0.560274161484309,0.713115192791978,0.816630179208233),
 .UNSPECIFIED.);
#267=B_SPLINE_CURVE_WITH_KNOTS('',3,(#7561,#7562,#7563,#7564),
 .UNSPECIFIED.,.F.,.F.,(4,4),(1.38777878078144E-17,0.28),.UNSPECIFIED.);
#268=B_SPLINE_CURVE_WITH_KNOTS('',3,(#7608,#7609,#7610,#7611),
 .UNSPECIFIED.,.F.,.F.,(4,4),(-5.55111512312579E-17,0.28),.UNSPECIFIED.);
#269=B_SPLINE_CURVE_WITH_KNOTS('',3,(#7675,#7676,#7677,#7678),
 .UNSPECIFIED.,.F.,.F.,(4,4),(0.28,0.281654058739217),.UNSPECIFIED.);
#270=B_SPLINE_CURVE_WITH_KNOTS('',3,(#7679,#7680,#7681,#7682),
 .UNSPECIFIED.,.F.,.F.,(4,4),(-2.77555756156289E-17,0.28),.UNSPECIFIED.);
#271=B_SPLINE_CURVE_WITH_KNOTS('',3,(#7702,#7703,#7704,#7705),
 .UNSPECIFIED.,.F.,.F.,(4,4),(0.47959279207463,0.480000000000001),
 .UNSPECIFIED.);
#272=B_SPLINE_CURVE_WITH_KNOTS('',3,(#7727,#7728,#7729,#7730),
 .UNSPECIFIED.,.F.,.F.,(4,4),(0.32,0.320905782299635),.UNSPECIFIED.);
#273=B_SPLINE_CURVE_WITH_KNOTS('',3,(#7828,#7829,#7830,#7831),
 .UNSPECIFIED.,.F.,.F.,(4,4),(-0.00350090825550862,6.93889390390723E-17),
 .UNSPECIFIED.);
#274=B_SPLINE_CURVE_WITH_KNOTS('',3,(#7832,#7833,#7834,#7835),
 .UNSPECIFIED.,.F.,.F.,(4,4),(-6.93889390390723E-17,0.0168960253498312),
 .UNSPECIFIED.);
#275=B_SPLINE_CURVE_WITH_KNOTS('',3,(#7860,#7861,#7862,#7863),
 .UNSPECIFIED.,.F.,.F.,(4,4),(0.203103974650169,0.28),.UNSPECIFIED.);
#276=B_SPLINE_CURVE_WITH_KNOTS('',3,(#7864,#7865,#7866,#7867),
 .UNSPECIFIED.,.F.,.F.,(4,4),(-0.28,-0.216499091744491),.UNSPECIFIED.);
#277=B_SPLINE_CURVE_WITH_KNOTS('',3,(#7876,#7877,#7878,#7879),
 .UNSPECIFIED.,.F.,.F.,(4,4),(0.263103974639109,0.28),.UNSPECIFIED.);
#278=B_SPLINE_CURVE_WITH_KNOTS('',3,(#7888,#7889,#7890,#7891),
 .UNSPECIFIED.,.F.,.F.,(4,4),(-3.85205191119497E-35,0.0768960253608913),
 .UNSPECIFIED.);
#279=B_SPLINE_SURFACE_WITH_KNOTS('',3,3,((#3900,#3901,#3902,#3903,#3904,
#3905),(#3906,#3907,#3908,#3909,#3910,#3911),(#3912,#3913,#3914,#3915,#3916,
#3917),(#3918,#3919,#3920,#3921,#3922,#3923)),.UNSPECIFIED.,.F.,.F.,.F.,
(4,4),(4,2,4),(0.,1.),(-0.00707703730244938,-0.00685472278426443,0.0084813560475872),
 .UNSPECIFIED.);
#280=B_SPLINE_SURFACE_WITH_KNOTS('',3,3,((#3960,#3961,#3962,#3963,#3964),
(#3965,#3966,#3967,#3968,#3969),(#3970,#3971,#3972,#3973,#3974),(#3975,
#3976,#3977,#3978,#3979),(#3980,#3981,#3982,#3983,#3984),(#3985,#3986,#3987,
#3988,#3989),(#3990,#3991,#3992,#3993,#3994)),.UNSPECIFIED.,.F.,.F.,.F.,
(4,1,1,1,4),(4,1,4),(0.,0.285714285714286,0.5,0.785714285714286,1.),(0.,
0.0943058988368349,0.220047097285948),.UNSPECIFIED.);
#281=B_SPLINE_SURFACE_WITH_KNOTS('',3,3,((#4013,#4014,#4015,#4016),(#4017,
#4018,#4019,#4020),(#4021,#4022,#4023,#4024),(#4025,#4026,#4027,#4028),
(#4029,#4030,#4031,#4032)),.UNSPECIFIED.,.F.,.F.,.F.,(4,1,4),(4,4),(0.,
0.5,1.),(0.,0.0122234003668419),.UNSPECIFIED.);
#282=B_SPLINE_SURFACE_WITH_KNOTS('',3,3,((#4090,#4091,#4092,#4093,#4094,
#4095,#4096,#4097,#4098,#4099),(#4100,#4101,#4102,#4103,#4104,#4105,#4106,
#4107,#4108,#4109),(#4110,#4111,#4112,#4113,#4114,#4115,#4116,#4117,#4118,
#4119),(#4120,#4121,#4122,#4123,#4124,#4125,#4126,#4127,#4128,#4129)),
 .UNSPECIFIED.,.F.,.F.,.F.,(4,4),(4,1,1,1,1,1,1,4),(0.365351141233392,1.),
(0.,0.000301885674988646,0.000603771349977292,0.00120754269995458,0.00241508539990917,
0.00301885674988646,0.00362262809986375,0.00845279889968209),
 .UNSPECIFIED.);
#283=B_SPLINE_SURFACE_WITH_KNOTS('',3,3,((#4157,#4158,#4159,#4160),(#4161,
#4162,#4163,#4164),(#4165,#4166,#4167,#4168),(#4169,#4170,#4171,#4172)),
 .UNSPECIFIED.,.F.,.F.,.F.,(4,4),(4,4),(0.591960156216634,1.),(-0.16749134926999,
-0.163593111562706),.UNSPECIFIED.);
#284=B_SPLINE_SURFACE_WITH_KNOTS('',3,3,((#4174,#4175,#4176,#4177,#4178,
#4179,#4180,#4181),(#4182,#4183,#4184,#4185,#4186,#4187,#4188,#4189),(#4190,
#4191,#4192,#4193,#4194,#4195,#4196,#4197),(#4198,#4199,#4200,#4201,#4202,
#4203,#4204,#4205),(#4206,#4207,#4208,#4209,#4210,#4211,#4212,#4213),(#4214,
#4215,#4216,#4217,#4218,#4219,#4220,#4221)),.UNSPECIFIED.,.F.,.F.,.F.,(4,
1,1,4),(4,1,1,1,1,4),(0.,0.285714285714286,0.571428571428571,1.),(1.1357003845008,
1.19274911714378,1.24979784978677,1.36389531507275,1.44946841403724,1.53504151300172),
 .UNSPECIFIED.);
#285=B_SPLINE_SURFACE_WITH_KNOTS('',3,3,((#4858,#4859,#4860,#4861,#4862),
(#4863,#4864,#4865,#4866,#4867),(#4868,#4869,#4870,#4871,#4872),(#4873,
#4874,#4875,#4876,#4877),(#4878,#4879,#4880,#4881,#4882)),.UNSPECIFIED.,
 .F.,.F.,.F.,(4,1,4),(4,1,4),(0.,0.571428571428571,1.),(-3.14159265358979,
0.,3.14159265358979),.UNSPECIFIED.);
#286=B_SPLINE_SURFACE_WITH_KNOTS('',3,3,((#4904,#4905,#4906,#4907,#4908),
(#4909,#4910,#4911,#4912,#4913),(#4914,#4915,#4916,#4917,#4918),(#4919,
#4920,#4921,#4922,#4923),(#4924,#4925,#4926,#4927,#4928)),.UNSPECIFIED.,
 .F.,.F.,.F.,(4,1,4),(4,1,4),(0.,0.571428571428571,1.),(-3.14159265358971,
1.95399252334028E-14,3.14159265358975),.UNSPECIFIED.);
#287=B_SPLINE_SURFACE_WITH_KNOTS('',3,3,((#4939,#4940,#4941,#4942,#4943,
#4944),(#4945,#4946,#4947,#4948,#4949,#4950),(#4951,#4952,#4953,#4954,#4955,
#4956),(#4957,#4958,#4959,#4960,#4961,#4962),(#4963,#4964,#4965,#4966,#4967,
#4968)),.UNSPECIFIED.,.F.,.F.,.F.,(4,1,4),(4,1,1,4),(0.,0.5,1.),(0.,0.0475948400986558,
0.0793247334977597,0.111054626896864),.UNSPECIFIED.);
#288=B_SPLINE_SURFACE_WITH_KNOTS('',3,3,((#5250,#5251,#5252,#5253,#5254,
#5255),(#5256,#5257,#5258,#5259,#5260,#5261),(#5262,#5263,#5264,#5265,#5266,
#5267),(#5268,#5269,#5270,#5271,#5272,#5273),(#5274,#5275,#5276,#5277,#5278,
#5279)),.UNSPECIFIED.,.F.,.F.,.F.,(4,1,4),(4,1,1,4),(0.,0.5,1.),(0.,0.0317298933349219,
0.0634597866698438,0.111054626672227),.UNSPECIFIED.);
#289=B_SPLINE_SURFACE_WITH_KNOTS('',3,3,((#5288,#5289,#5290,#5291),(#5292,
#5293,#5294,#5295),(#5296,#5297,#5298,#5299),(#5300,#5301,#5302,#5303),
(#5304,#5305,#5306,#5307)),.UNSPECIFIED.,.F.,.F.,.F.,(4,1,4),(4,4),(0.,
0.5,1.),(0.,0.0414219494607403),.UNSPECIFIED.);
#290=B_SPLINE_SURFACE_WITH_KNOTS('',3,1,((#5326,#5327),(#5328,#5329),(#5330,
#5331),(#5332,#5333),(#5334,#5335),(#5336,#5337),(#5338,#5339),(#5340,#5341),
(#5342,#5343),(#5344,#5345),(#5346,#5347),(#5348,#5349)),.UNSPECIFIED.,
 .F.,.F.,.F.,(4,2,2,2,2,4),(2,2),(-0.0742526757469137,-0.0605650062766725,
-0.0468773368064313,-0.0312515578709542,-0.0156257789354771,0.),(0.,0.1),
 .UNSPECIFIED.);
#291=B_SPLINE_SURFACE_WITH_KNOTS('',3,1,((#5370,#5371),(#5372,#5373),(#5374,
#5375),(#5376,#5377)),.UNSPECIFIED.,.F.,.F.,.F.,(4,4),(2,2),(-1.61311668725532,
-1.52847596499336),(0.,0.1),.UNSPECIFIED.);
#292=B_SPLINE_SURFACE_WITH_KNOTS('',3,1,((#5384,#5385),(#5386,#5387),(#5388,
#5389),(#5390,#5391),(#5392,#5393),(#5394,#5395),(#5396,#5397),(#5398,#5399),
(#5400,#5401),(#5402,#5403),(#5404,#5405),(#5406,#5407)),.UNSPECIFIED.,
 .F.,.F.,.F.,(4,2,2,2,2,4),(2,2),(-0.0742526755960487,-0.06056500620124,
-0.0468773368064313,-0.0312515578709542,-0.0156257789354771,0.),(0.,0.1),
 .UNSPECIFIED.);
#293=B_SPLINE_SURFACE_WITH_KNOTS('',3,3,((#5587,#5588,#5589,#5590,#5591,
#5592,#5593,#5594,#5595),(#5596,#5597,#5598,#5599,#5600,#5601,#5602,#5603,
#5604),(#5605,#5606,#5607,#5608,#5609,#5610,#5611,#5612,#5613),(#5614,#5615,
#5616,#5617,#5618,#5619,#5620,#5621,#5622),(#5623,#5624,#5625,#5626,#5627,
#5628,#5629,#5630,#5631),(#5632,#5633,#5634,#5635,#5636,#5637,#5638,#5639,
#5640),(#5641,#5642,#5643,#5644,#5645,#5646,#5647,#5648,#5649)),
 .UNSPECIFIED.,.F.,.F.,.F.,(4,1,1,1,4),(4,1,1,1,1,1,4),(0.,0.285714285714286,
0.571428571428571,0.857142857142857,1.),(0.0496710059991678,0.0860322081583839,
0.1223934103176,0.195115814636032,0.249657617874856,0.267838218954464,0.30419942111368),
 .UNSPECIFIED.);
#294=B_SPLINE_SURFACE_WITH_KNOTS('',3,3,((#5667,#5668,#5669,#5670,#5671,
#5672,#5673,#5674),(#5675,#5676,#5677,#5678,#5679,#5680,#5681,#5682),(#5683,
#5684,#5685,#5686,#5687,#5688,#5689,#5690),(#5691,#5692,#5693,#5694,#5695,
#5696,#5697,#5698),(#5699,#5700,#5701,#5702,#5703,#5704,#5705,#5706),(#5707,
#5708,#5709,#5710,#5711,#5712,#5713,#5714),(#5715,#5716,#5717,#5718,#5719,
#5720,#5721,#5722)),.UNSPECIFIED.,.F.,.F.,.F.,(4,1,1,1,4),(4,1,1,1,1,4),
(0.,0.285714285714286,0.571428571428571,0.857142857142857,1.),(0.375203031453387,
0.41156380207483,0.447924572696272,0.520646113939156,0.557006884560599,
0.629728425803483),.UNSPECIFIED.);
#295=B_SPLINE_SURFACE_WITH_KNOTS('',3,3,((#5815,#5816,#5817,#5818,#5819),
(#5820,#5821,#5822,#5823,#5824),(#5825,#5826,#5827,#5828,#5829),(#5830,
#5831,#5832,#5833,#5834),(#5835,#5836,#5837,#5838,#5839),(#5840,#5841,#5842,
#5843,#5844),(#5845,#5846,#5847,#5848,#5849)),.UNSPECIFIED.,.F.,.F.,.F.,
(4,1,1,1,4),(4,1,4),(0.,0.285714285714286,0.571428571428571,0.857142857142857,
1.),(1.60250411636206E-16,0.291171468919059,0.679400094144472),
 .UNSPECIFIED.);
#296=B_SPLINE_SURFACE_WITH_KNOTS('',3,3,((#5860,#5861,#5862,#5863),(#5864,
#5865,#5866,#5867),(#5868,#5869,#5870,#5871),(#5872,#5873,#5874,#5875)),
 .UNSPECIFIED.,.F.,.F.,.F.,(4,4),(4,4),(0.,1.),(-0.160000000000244,0.28),
 .UNSPECIFIED.);
#297=B_SPLINE_SURFACE_WITH_KNOTS('',3,3,((#6013,#6014,#6015,#6016,#6017,
#6018),(#6019,#6020,#6021,#6022,#6023,#6024),(#6025,#6026,#6027,#6028,#6029,
#6030),(#6031,#6032,#6033,#6034,#6035,#6036),(#6037,#6038,#6039,#6040,#6041,
#6042),(#6043,#6044,#6045,#6046,#6047,#6048)),.UNSPECIFIED.,.F.,.F.,.F.,
(4,1,1,4),(4,1,1,4),(0.,0.285714285714286,0.571428571428571,1.),(1.17470415660886E-14,
0.0342184819394832,0.0570308032324642,0.0798431245254451),.UNSPECIFIED.);
#298=B_SPLINE_SURFACE_WITH_KNOTS('',3,3,((#6067,#6068,#6069,#6070,#6071),
(#6072,#6073,#6074,#6075,#6076),(#6077,#6078,#6079,#6080,#6081),(#6082,
#6083,#6084,#6085,#6086),(#6087,#6088,#6089,#6090,#6091),(#6092,#6093,#6094,
#6095,#6096)),.UNSPECIFIED.,.F.,.F.,.F.,(4,1,1,4),(4,1,4),(0.,0.285714285714286,
0.571428571428571,1.),(0.,0.074611756122865,0.174094097620018),
 .UNSPECIFIED.);
#299=B_SPLINE_SURFACE_WITH_KNOTS('',3,3,((#6104,#6105,#6106,#6107),(#6108,
#6109,#6110,#6111),(#6112,#6113,#6114,#6115),(#6116,#6117,#6118,#6119),
(#6120,#6121,#6122,#6123)),.UNSPECIFIED.,.F.,.F.,.F.,(4,1,4),(4,4),(0.,
0.5,1.),(3.48323304739592E-16,0.210466840022812),.UNSPECIFIED.);
#300=B_SPLINE_SURFACE_WITH_KNOTS('',3,3,((#6130,#6131,#6132,#6133,#6134),
(#6135,#6136,#6137,#6138,#6139),(#6140,#6141,#6142,#6143,#6144),(#6145,
#6146,#6147,#6148,#6149),(#6150,#6151,#6152,#6153,#6154),(#6155,#6156,#6157,
#6158,#6159)),.UNSPECIFIED.,.F.,.F.,.F.,(4,1,1,4),(4,1,4),(0.,0.285714285714286,
0.571428571428571,1.),(0.,0.074612503280376,0.174095840987544),
 .UNSPECIFIED.);
#301=B_SPLINE_SURFACE_WITH_KNOTS('',3,3,((#6171,#6172,#6173,#6174,#6175),
(#6176,#6177,#6178,#6179,#6180),(#6181,#6182,#6183,#6184,#6185),(#6186,
#6187,#6188,#6189,#6190),(#6191,#6192,#6193,#6194,#6195),(#6196,#6197,#6198,
#6199,#6200)),.UNSPECIFIED.,.F.,.F.,.F.,(4,1,1,4),(4,1,4),(0.,0.285714285714286,
0.571428571428571,1.),(0.,0.0342189409866625,0.0798441956355459),
 .UNSPECIFIED.);
#302=B_SPLINE_SURFACE_WITH_KNOTS('',3,3,((#6375,#6376,#6377,#6378),(#6379,
#6380,#6381,#6382),(#6383,#6384,#6385,#6386),(#6387,#6388,#6389,#6390),
(#6391,#6392,#6393,#6394)),.UNSPECIFIED.,.F.,.F.,.F.,(4,1,4),(4,4),(0.,
0.571428571428571,1.),(2.72152761657059,2.95388071002054),.UNSPECIFIED.);
#303=B_SPLINE_SURFACE_WITH_KNOTS('',3,3,((#6419,#6420,#6421,#6422),(#6423,
#6424,#6425,#6426),(#6427,#6428,#6429,#6430),(#6431,#6432,#6433,#6434),
(#6435,#6436,#6437,#6438)),.UNSPECIFIED.,.F.,.F.,.F.,(4,1,4),(4,4),(0.,
0.571428571428571,1.),(2.85644739383915,3.06681131899091),.UNSPECIFIED.);
#304=B_SPLINE_SURFACE_WITH_KNOTS('',3,3,((#6450,#6451,#6452,#6453,#6454,
#6455),(#6456,#6457,#6458,#6459,#6460,#6461),(#6462,#6463,#6464,#6465,#6466,
#6467),(#6468,#6469,#6470,#6471,#6472,#6473),(#6474,#6475,#6476,#6477,#6478,
#6479)),.UNSPECIFIED.,.F.,.F.,.F.,(4,1,4),(4,1,1,4),(0.,0.571428571428571,
1.),(2.82524426047908,2.98434387620251,3.09041028668479,3.19647669716708),
 .UNSPECIFIED.);
#305=B_SPLINE_SURFACE_WITH_KNOTS('',3,3,((#6553,#6554,#6555,#6556),(#6557,
#6558,#6559,#6560),(#6561,#6562,#6563,#6564),(#6565,#6566,#6567,#6568),
(#6569,#6570,#6571,#6572)),.UNSPECIFIED.,.F.,.F.,.F.,(4,1,4),(4,4),(0.,
0.5,1.),(0.,0.0784622797590314),.UNSPECIFIED.);
#306=B_SPLINE_SURFACE_WITH_KNOTS('',3,3,((#6590,#6591,#6592,#6593,#6594,
#6595),(#6596,#6597,#6598,#6599,#6600,#6601),(#6602,#6603,#6604,#6605,#6606,
#6607),(#6608,#6609,#6610,#6611,#6612,#6613),(#6614,#6615,#6616,#6617,#6618,
#6619)),.UNSPECIFIED.,.F.,.F.,.F.,(4,1,4),(4,1,1,4),(0.,0.5,1.),(0.,0.00911957392917146,
0.0182391478583429,0.0319185087521001),.UNSPECIFIED.);
#307=B_SPLINE_SURFACE_WITH_KNOTS('',3,3,((#6658,#6659,#6660,#6661),(#6662,
#6663,#6664,#6665),(#6666,#6667,#6668,#6669),(#6670,#6671,#6672,#6673),
(#6674,#6675,#6676,#6677),(#6678,#6679,#6680,#6681)),.UNSPECIFIED.,.F.,
 .F.,.F.,(4,1,1,4),(4,4),(0.,0.285714285714286,0.571428571428571,1.),(0.,
0.0616169813484061),.UNSPECIFIED.);
#308=B_SPLINE_SURFACE_WITH_KNOTS('',3,3,((#6692,#6693,#6694,#6695,#6696),
(#6697,#6698,#6699,#6700,#6701),(#6702,#6703,#6704,#6705,#6706),(#6707,
#6708,#6709,#6710,#6711),(#6712,#6713,#6714,#6715,#6716),(#6717,#6718,#6719,
#6720,#6721)),.UNSPECIFIED.,.F.,.F.,.F.,(4,1,1,4),(4,1,4),(0.,0.285714285714286,
0.571428571428571,1.),(0.,0.0484250057010032,0.0968500114020063),
 .UNSPECIFIED.);
#309=B_SPLINE_SURFACE_WITH_KNOTS('',3,3,((#6731,#6732,#6733,#6734,#6735,
#6736),(#6737,#6738,#6739,#6740,#6741,#6742),(#6743,#6744,#6745,#6746,#6747,
#6748),(#6749,#6750,#6751,#6752,#6753,#6754),(#6755,#6756,#6757,#6758,#6759,
#6760)),.UNSPECIFIED.,.F.,.F.,.F.,(4,1,4),(4,1,1,4),(0.,0.5,1.),(2.89670618480774E-18,
0.0136793608937514,0.0227989348229191,0.0319185087520867),.UNSPECIFIED.);
#310=B_SPLINE_SURFACE_WITH_KNOTS('',3,3,((#6812,#6813,#6814,#6815),(#6816,
#6817,#6818,#6819),(#6820,#6821,#6822,#6823),(#6824,#6825,#6826,#6827),
(#6828,#6829,#6830,#6831)),.UNSPECIFIED.,.F.,.F.,.F.,(4,1,4),(4,4),(0.,
0.571428571428571,1.),(0.,0.129204184133205),.UNSPECIFIED.);
#311=B_SPLINE_SURFACE_WITH_KNOTS('',3,3,((#6947,#6948,#6949,#6950),(#6951,
#6952,#6953,#6954),(#6955,#6956,#6957,#6958),(#6959,#6960,#6961,#6962),
(#6963,#6964,#6965,#6966)),.UNSPECIFIED.,.F.,.F.,.F.,(4,1,4),(4,4),(0.,
0.571428571428571,1.),(1.4936601480839,1.97985989614533),.UNSPECIFIED.);
#312=B_SPLINE_SURFACE_WITH_KNOTS('',3,3,((#7159,#7160,#7161,#7162),(#7163,
#7164,#7165,#7166),(#7167,#7168,#7169,#7170),(#7171,#7172,#7173,#7174),
(#7175,#7176,#7177,#7178)),.UNSPECIFIED.,.F.,.F.,.F.,(4,1,4),(4,4),(0.,
0.571428571428571,1.),(5.13817636351795,5.60783045839845),.UNSPECIFIED.);
#313=B_SPLINE_SURFACE_WITH_KNOTS('',3,3,((#7267,#7268,#7269,#7270),(#7271,
#7272,#7273,#7274),(#7275,#7276,#7277,#7278),(#7279,#7280,#7281,#7282),
(#7283,#7284,#7285,#7286)),.UNSPECIFIED.,.F.,.F.,.F.,(4,1,4),(4,4),(0.,
0.571428571428571,1.),(4.14680366047246,4.41391984066866),.UNSPECIFIED.);
#314=B_SPLINE_SURFACE_WITH_KNOTS('',3,1,((#7303,#7304),(#7305,#7306),(#7307,
#7308),(#7309,#7310),(#7311,#7312),(#7313,#7314),(#7315,#7316),(#7317,#7318),
(#7319,#7320),(#7321,#7322),(#7323,#7324),(#7325,#7326),(#7327,#7328),(#7329,
#7330)),.UNSPECIFIED.,.F.,.F.,.F.,(4,2,2,2,2,2,4),(2,2),(-0.084698513149374,
-0.0736008144456413,-0.0625031157419085,-0.0468773368064314,-0.0312515578709542,
-0.0156257789354771,0.),(0.,0.1),.UNSPECIFIED.);
#315=B_SPLINE_SURFACE_WITH_KNOTS('',3,1,((#7406,#7407),(#7408,#7409),(#7410,
#7411),(#7412,#7413),(#7414,#7415),(#7416,#7417),(#7418,#7419),(#7420,#7421),
(#7422,#7423),(#7424,#7425),(#7426,#7427),(#7428,#7429),(#7430,#7431),(#7432,
#7433)),.UNSPECIFIED.,.F.,.F.,.F.,(4,2,2,2,2,2,4),(2,2),(-0.0823119112227308,
-0.0724075134823196,-0.0625031157419085,-0.0468773368064314,-0.0312515578709542,
-0.0156257789354771,0.),(0.,0.1),.UNSPECIFIED.);
#316=B_SPLINE_SURFACE_WITH_KNOTS('',3,1,((#7453,#7454),(#7455,#7456),(#7457,
#7458),(#7459,#7460),(#7461,#7462),(#7463,#7464)),.UNSPECIFIED.,.F.,.F.,
 .F.,(4,2,4),(2,2),(-0.307636407039625,-0.153818203519813,0.),(0.,0.1),
 .UNSPECIFIED.);
#317=B_SPLINE_SURFACE_WITH_KNOTS('',3,1,((#7474,#7475),(#7476,#7477),(#7478,
#7479),(#7480,#7481),(#7482,#7483),(#7484,#7485),(#7486,#7487),(#7488,#7489),
(#7490,#7491),(#7492,#7493),(#7494,#7495),(#7496,#7497),(#7498,#7499),(#7500,
#7501),(#7502,#7503),(#7504,#7505)),.UNSPECIFIED.,.F.,.F.,.F.,(4,3,3,3,
3,4),(2,2),(-0.816630179208233,-0.713115192791978,-0.560274161484309,-0.376223979542258,
-0.254014424201004,-0.19808349620845),(0.,0.1),.UNSPECIFIED.);
#318=B_SPLINE_SURFACE_WITH_KNOTS('',3,1,((#7523,#7524),(#7525,#7526),(#7527,
#7528),(#7529,#7530),(#7531,#7532),(#7533,#7534)),.UNSPECIFIED.,.F.,.F.,
 .F.,(4,2,4),(2,2),(-0.296394581621483,-0.148197290810741,0.),(0.,0.1),
 .UNSPECIFIED.);
#319=B_SPLINE_SURFACE_WITH_KNOTS('',3,3,((#7537,#7538,#7539,#7540),(#7541,
#7542,#7543,#7544),(#7545,#7546,#7547,#7548),(#7549,#7550,#7551,#7552),
(#7553,#7554,#7555,#7556),(#7557,#7558,#7559,#7560)),.UNSPECIFIED.,.F.,
 .F.,.F.,(4,1,1,4),(4,4),(0.,0.285714285714286,0.571428571428571,1.),(-0.160000000000368,
0.28),.UNSPECIFIED.);
#320=B_SPLINE_SURFACE_WITH_KNOTS('',3,3,((#7584,#7585,#7586,#7587),(#7588,
#7589,#7590,#7591),(#7592,#7593,#7594,#7595),(#7596,#7597,#7598,#7599),
(#7600,#7601,#7602,#7603),(#7604,#7605,#7606,#7607)),.UNSPECIFIED.,.F.,
 .F.,.F.,(4,1,1,4),(4,4),(0.,0.285714285714286,0.571428571428571,1.),(-5.55111512312579E-17,
0.440000000000346),.UNSPECIFIED.);
#321=B_SPLINE_SURFACE_WITH_KNOTS('',3,1,((#7612,#7613),(#7614,#7615),(#7616,
#7617),(#7618,#7619),(#7620,#7621),(#7622,#7623),(#7624,#7625),(#7626,#7627),
(#7628,#7629),(#7630,#7631),(#7632,#7633),(#7634,#7635),(#7636,#7637),(#7638,
#7639),(#7640,#7641),(#7642,#7643),(#7644,#7645),(#7646,#7647),(#7648,#7649),
(#7650,#7651),(#7652,#7653),(#7654,#7655),(#7656,#7657),(#7658,#7659),(#7660,
#7661),(#7662,#7663),(#7664,#7665),(#7666,#7667),(#7668,#7669),(#7670,#7671),
(#7672,#7673)),.UNSPECIFIED.,.F.,.F.,.F.,(4,3,3,3,3,3,3,3,3,3,4),(2,2),
(-0.804802069243131,0.,0.148548633978677,0.254014424201004,0.376223979542258,
0.560274161484309,0.713115192791978,0.822334348279446,0.988573214586449,
1.,1.84684680345096),(-0.104000000000003,0.856000000000006),
 .UNSPECIFIED.);
#322=B_SPLINE_SURFACE_WITH_KNOTS('',3,3,((#7683,#7684,#7685,#7686),(#7687,
#7688,#7689,#7690),(#7691,#7692,#7693,#7694),(#7695,#7696,#7697,#7698)),
 .UNSPECIFIED.,.F.,.F.,.F.,(4,4),(4,4),(0.,1.),(-2.77555756156289E-17,0.440000000000252),
 .UNSPECIFIED.);
#323=B_SPLINE_SURFACE_WITH_KNOTS('',3,3,((#7804,#7805,#7806,#7807),(#7808,
#7809,#7810,#7811),(#7812,#7813,#7814,#7815),(#7816,#7817,#7818,#7819),
(#7820,#7821,#7822,#7823),(#7824,#7825,#7826,#7827)),.UNSPECIFIED.,.F.,
 .F.,.F.,(4,1,1,4),(4,4),(0.,0.285714285714286,0.571428571428571,1.),(-6.93889390390723E-17,
0.0168960253498312),.UNSPECIFIED.);
#324=B_SPLINE_SURFACE_WITH_KNOTS('',3,3,((#7836,#7837,#7838,#7839),(#7840,
#7841,#7842,#7843),(#7844,#7845,#7846,#7847),(#7848,#7849,#7850,#7851),
(#7852,#7853,#7854,#7855),(#7856,#7857,#7858,#7859)),.UNSPECIFIED.,.F.,
 .F.,.F.,(4,1,1,4),(4,4),(0.,0.285714285714286,0.571428571428571,1.),(0.203103974650169,
0.28),.UNSPECIFIED.);
#325=B_SPLINE_SURFACE_WITH_KNOTS('',3,1,((#7868,#7869),(#7870,#7871),(#7872,
#7873),(#7874,#7875)),.UNSPECIFIED.,.F.,.F.,.F.,(4,4),(2,2),(-1.73606988709806,
-1.40552276538466),(-0.181921041985109,0.1),.UNSPECIFIED.);
#326=B_SPLINE_SURFACE_WITH_KNOTS('',3,1,((#7880,#7881),(#7882,#7883),(#7884,
#7885),(#7886,#7887)),.UNSPECIFIED.,.F.,.F.,.F.,(4,4),(2,2),(-1.73606988709806,
-1.40552276538466),(-0.181921041985109,0.1),.UNSPECIFIED.);
#327=B_SPLINE_SURFACE_WITH_KNOTS('',3,3,((#7892,#7893,#7894,#7895),(#7896,
#7897,#7898,#7899),(#7900,#7901,#7902,#7903),(#7904,#7905,#7906,#7907),
(#7908,#7909,#7910,#7911),(#7912,#7913,#7914,#7915)),.UNSPECIFIED.,.F.,
 .F.,.F.,(4,1,1,4),(4,4),(0.,0.285714285714286,0.571428571428571,1.),(0.263103974639109,
0.28),.UNSPECIFIED.);
#328=B_SPLINE_SURFACE_WITH_KNOTS('',3,3,((#7916,#7917,#7918,#7919),(#7920,
#7921,#7922,#7923),(#7924,#7925,#7926,#7927),(#7928,#7929,#7930,#7931),
(#7932,#7933,#7934,#7935),(#7936,#7937,#7938,#7939)),.UNSPECIFIED.,.F.,
 .F.,.F.,(4,1,1,4),(4,4),(0.,0.285714285714286,0.571428571428571,1.),(-3.85205191119497E-35,
0.0768960253608913),.UNSPECIFIED.);
#329=FACE_OUTER_BOUND('',#494,.T.);
#330=FACE_OUTER_BOUND('',#495,.T.);
#331=FACE_OUTER_BOUND('',#496,.T.);
#332=FACE_OUTER_BOUND('',#497,.T.);
#333=FACE_OUTER_BOUND('',#498,.T.);
#334=FACE_OUTER_BOUND('',#499,.T.);
#335=FACE_OUTER_BOUND('',#500,.T.);
#336=FACE_OUTER_BOUND('',#501,.T.);
#337=FACE_OUTER_BOUND('',#502,.T.);
#338=FACE_OUTER_BOUND('',#503,.T.);
#339=FACE_OUTER_BOUND('',#505,.T.);
#340=FACE_OUTER_BOUND('',#506,.T.);
#341=FACE_OUTER_BOUND('',#507,.T.);
#342=FACE_OUTER_BOUND('',#508,.T.);
#343=FACE_OUTER_BOUND('',#509,.T.);
#344=FACE_OUTER_BOUND('',#510,.T.);
#345=FACE_OUTER_BOUND('',#511,.T.);
#346=FACE_OUTER_BOUND('',#512,.T.);
#347=FACE_OUTER_BOUND('',#513,.T.);
#348=FACE_OUTER_BOUND('',#514,.T.);
#349=FACE_OUTER_BOUND('',#516,.T.);
#350=FACE_OUTER_BOUND('',#517,.T.);
#351=FACE_OUTER_BOUND('',#518,.T.);
#352=FACE_OUTER_BOUND('',#519,.T.);
#353=FACE_OUTER_BOUND('',#520,.T.);
#354=FACE_OUTER_BOUND('',#521,.T.);
#355=FACE_OUTER_BOUND('',#522,.T.);
#356=FACE_OUTER_BOUND('',#525,.T.);
#357=FACE_OUTER_BOUND('',#526,.T.);
#358=FACE_OUTER_BOUND('',#527,.T.);
#359=FACE_OUTER_BOUND('',#528,.T.);
#360=FACE_OUTER_BOUND('',#529,.T.);
#361=FACE_OUTER_BOUND('',#530,.T.);
#362=FACE_OUTER_BOUND('',#531,.T.);
#363=FACE_OUTER_BOUND('',#532,.T.);
#364=FACE_OUTER_BOUND('',#533,.T.);
#365=FACE_OUTER_BOUND('',#534,.T.);
#366=FACE_OUTER_BOUND('',#535,.T.);
#367=FACE_OUTER_BOUND('',#536,.T.);
#368=FACE_OUTER_BOUND('',#537,.T.);
#369=FACE_OUTER_BOUND('',#538,.T.);
#370=FACE_OUTER_BOUND('',#539,.T.);
#371=FACE_OUTER_BOUND('',#540,.T.);
#372=FACE_OUTER_BOUND('',#541,.T.);
#373=FACE_OUTER_BOUND('',#542,.T.);
#374=FACE_OUTER_BOUND('',#543,.T.);
#375=FACE_OUTER_BOUND('',#544,.T.);
#376=FACE_OUTER_BOUND('',#545,.T.);
#377=FACE_OUTER_BOUND('',#546,.T.);
#378=FACE_OUTER_BOUND('',#547,.T.);
#379=FACE_OUTER_BOUND('',#550,.T.);
#380=FACE_OUTER_BOUND('',#551,.T.);
#381=FACE_OUTER_BOUND('',#552,.T.);
#382=FACE_OUTER_BOUND('',#553,.T.);
#383=FACE_OUTER_BOUND('',#554,.T.);
#384=FACE_OUTER_BOUND('',#555,.T.);
#385=FACE_OUTER_BOUND('',#556,.T.);
#386=FACE_OUTER_BOUND('',#557,.T.);
#387=FACE_OUTER_BOUND('',#558,.T.);
#388=FACE_OUTER_BOUND('',#559,.T.);
#389=FACE_OUTER_BOUND('',#560,.T.);
#390=FACE_OUTER_BOUND('',#561,.T.);
#391=FACE_OUTER_BOUND('',#562,.T.);
#392=FACE_OUTER_BOUND('',#563,.T.);
#393=FACE_OUTER_BOUND('',#564,.T.);
#394=FACE_OUTER_BOUND('',#565,.T.);
#395=FACE_OUTER_BOUND('',#566,.T.);
#396=FACE_OUTER_BOUND('',#567,.T.);
#397=FACE_OUTER_BOUND('',#569,.T.);
#398=FACE_OUTER_BOUND('',#570,.T.);
#399=FACE_OUTER_BOUND('',#571,.T.);
#400=FACE_OUTER_BOUND('',#572,.T.);
#401=FACE_OUTER_BOUND('',#573,.T.);
#402=FACE_OUTER_BOUND('',#574,.T.);
#403=FACE_OUTER_BOUND('',#575,.T.);
#404=FACE_OUTER_BOUND('',#576,.T.);
#405=FACE_OUTER_BOUND('',#577,.T.);
#406=FACE_OUTER_BOUND('',#578,.T.);
#407=FACE_OUTER_BOUND('',#579,.T.);
#408=FACE_OUTER_BOUND('',#580,.T.);
#409=FACE_OUTER_BOUND('',#581,.T.);
#410=FACE_OUTER_BOUND('',#582,.T.);
#411=FACE_OUTER_BOUND('',#583,.T.);
#412=FACE_OUTER_BOUND('',#584,.T.);
#413=FACE_OUTER_BOUND('',#585,.T.);
#414=FACE_OUTER_BOUND('',#586,.T.);
#415=FACE_OUTER_BOUND('',#587,.T.);
#416=FACE_OUTER_BOUND('',#588,.T.);
#417=FACE_OUTER_BOUND('',#589,.T.);
#418=FACE_OUTER_BOUND('',#590,.T.);
#419=FACE_OUTER_BOUND('',#591,.T.);
#420=FACE_OUTER_BOUND('',#592,.T.);
#421=FACE_OUTER_BOUND('',#593,.T.);
#422=FACE_OUTER_BOUND('',#594,.T.);
#423=FACE_OUTER_BOUND('',#595,.T.);
#424=FACE_OUTER_BOUND('',#596,.T.);
#425=FACE_OUTER_BOUND('',#597,.T.);
#426=FACE_OUTER_BOUND('',#598,.T.);
#427=FACE_OUTER_BOUND('',#599,.T.);
#428=FACE_OUTER_BOUND('',#600,.T.);
#429=FACE_OUTER_BOUND('',#601,.T.);
#430=FACE_OUTER_BOUND('',#602,.T.);
#431=FACE_OUTER_BOUND('',#603,.T.);
#432=FACE_OUTER_BOUND('',#604,.T.);
#433=FACE_OUTER_BOUND('',#605,.T.);
#434=FACE_OUTER_BOUND('',#606,.T.);
#435=FACE_OUTER_BOUND('',#607,.T.);
#436=FACE_OUTER_BOUND('',#608,.T.);
#437=FACE_OUTER_BOUND('',#609,.T.);
#438=FACE_OUTER_BOUND('',#610,.T.);
#439=FACE_OUTER_BOUND('',#611,.T.);
#440=FACE_OUTER_BOUND('',#612,.T.);
#441=FACE_OUTER_BOUND('',#613,.T.);
#442=FACE_OUTER_BOUND('',#614,.T.);
#443=FACE_OUTER_BOUND('',#615,.T.);
#444=FACE_OUTER_BOUND('',#616,.T.);
#445=FACE_OUTER_BOUND('',#617,.T.);
#446=FACE_OUTER_BOUND('',#618,.T.);
#447=FACE_OUTER_BOUND('',#619,.T.);
#448=FACE_OUTER_BOUND('',#620,.T.);
#449=FACE_OUTER_BOUND('',#621,.T.);
#450=FACE_OUTER_BOUND('',#622,.T.);
#451=FACE_OUTER_BOUND('',#623,.T.);
#452=FACE_OUTER_BOUND('',#624,.T.);
#453=FACE_OUTER_BOUND('',#625,.T.);
#454=FACE_OUTER_BOUND('',#626,.T.);
#455=FACE_OUTER_BOUND('',#627,.T.);
#456=FACE_OUTER_BOUND('',#628,.T.);
#457=FACE_OUTER_BOUND('',#629,.T.);
#458=FACE_OUTER_BOUND('',#630,.T.);
#459=FACE_OUTER_BOUND('',#631,.T.);
#460=FACE_OUTER_BOUND('',#633,.T.);
#461=FACE_OUTER_BOUND('',#634,.T.);
#462=FACE_OUTER_BOUND('',#635,.T.);
#463=FACE_OUTER_BOUND('',#636,.T.);
#464=FACE_OUTER_BOUND('',#637,.T.);
#465=FACE_OUTER_BOUND('',#638,.T.);
#466=FACE_OUTER_BOUND('',#639,.T.);
#467=FACE_OUTER_BOUND('',#640,.T.);
#468=FACE_OUTER_BOUND('',#641,.T.);
#469=FACE_OUTER_BOUND('',#642,.T.);
#470=FACE_OUTER_BOUND('',#643,.T.);
#471=FACE_OUTER_BOUND('',#644,.T.);
#472=FACE_OUTER_BOUND('',#645,.T.);
#473=FACE_OUTER_BOUND('',#646,.T.);
#474=FACE_OUTER_BOUND('',#647,.T.);
#475=FACE_OUTER_BOUND('',#648,.T.);
#476=FACE_OUTER_BOUND('',#649,.T.);
#477=FACE_OUTER_BOUND('',#650,.T.);
#478=FACE_OUTER_BOUND('',#651,.T.);
#479=FACE_OUTER_BOUND('',#652,.T.);
#480=FACE_OUTER_BOUND('',#653,.T.);
#481=FACE_OUTER_BOUND('',#654,.T.);
#482=FACE_OUTER_BOUND('',#655,.T.);
#483=FACE_OUTER_BOUND('',#656,.T.);
#484=FACE_OUTER_BOUND('',#657,.T.);
#485=FACE_OUTER_BOUND('',#658,.T.);
#486=FACE_OUTER_BOUND('',#659,.T.);
#487=FACE_OUTER_BOUND('',#660,.T.);
#488=FACE_OUTER_BOUND('',#661,.T.);
#489=FACE_OUTER_BOUND('',#662,.T.);
#490=FACE_OUTER_BOUND('',#663,.T.);
#491=FACE_OUTER_BOUND('',#664,.T.);
#492=FACE_OUTER_BOUND('',#665,.T.);
#493=FACE_OUTER_BOUND('',#666,.T.);
#494=EDGE_LOOP('',(#1843,#1844,#1845,#1846));
#495=EDGE_LOOP('',(#1847,#1848,#1849,#1850,#1851));
#496=EDGE_LOOP('',(#1852,#1853,#1854,#1855,#1856));
#497=EDGE_LOOP('',(#1857,#1858,#1859,#1860,#1861));
#498=EDGE_LOOP('',(#1862,#1863,#1864,#1865,#1866));
#499=EDGE_LOOP('',(#1867,#1868,#1869));
#500=EDGE_LOOP('',(#1870,#1871,#1872,#1873,#1874,#1875,#1876,#1877,#1878));
#501=EDGE_LOOP('',(#1879,#1880,#1881));
#502=EDGE_LOOP('',(#1882,#1883,#1884,#1885,#1886));
#503=EDGE_LOOP('',(#1887,#1888,#1889,#1890,#1891,#1892,#1893,#1894));
#504=EDGE_LOOP('',(#1895));
#505=EDGE_LOOP('',(#1896,#1897,#1898,#1899,#1900,#1901,#1902,#1903,#1904,
#1905,#1906,#1907,#1908,#1909,#1910,#1911,#1912,#1913,#1914,#1915,#1916,
#1917,#1918,#1919,#1920,#1921,#1922,#1923,#1924,#1925,#1926,#1927,#1928));
#506=EDGE_LOOP('',(#1929,#1930,#1931,#1932,#1933,#1934,#1935,#1936,#1937,
#1938));
#507=EDGE_LOOP('',(#1939,#1940,#1941,#1942,#1943,#1944,#1945,#1946,#1947));
#508=EDGE_LOOP('',(#1948,#1949,#1950,#1951,#1952));
#509=EDGE_LOOP('',(#1953,#1954,#1955,#1956,#1957,#1958,#1959,#1960,#1961));
#510=EDGE_LOOP('',(#1962,#1963,#1964,#1965));
#511=EDGE_LOOP('',(#1966,#1967,#1968,#1969));
#512=EDGE_LOOP('',(#1970,#1971,#1972,#1973,#1974,#1975,#1976));
#513=EDGE_LOOP('',(#1977,#1978,#1979,#1980,#1981));
#514=EDGE_LOOP('',(#1982,#1983,#1984,#1985,#1986,#1987,#1988,#1989,#1990,
#1991,#1992,#1993,#1994,#1995));
#515=EDGE_LOOP('',(#1996));
#516=EDGE_LOOP('',(#1997,#1998,#1999,#2000,#2001,#2002,#2003));
#517=EDGE_LOOP('',(#2004,#2005,#2006,#2007));
#518=EDGE_LOOP('',(#2008,#2009,#2010,#2011));
#519=EDGE_LOOP('',(#2012,#2013,#2014,#2015,#2016));
#520=EDGE_LOOP('',(#2017,#2018,#2019,#2020));
#521=EDGE_LOOP('',(#2021,#2022,#2023,#2024,#2025));
#522=EDGE_LOOP('',(#2026,#2027,#2028,#2029,#2030,#2031,#2032,#2033,#2034,
#2035,#2036,#2037,#2038,#2039,#2040,#2041,#2042,#2043,#2044));
#523=EDGE_LOOP('',(#2045,#2046,#2047,#2048,#2049,#2050,#2051,#2052));
#524=EDGE_LOOP('',(#2053,#2054,#2055,#2056,#2057,#2058,#2059,#2060));
#525=EDGE_LOOP('',(#2061,#2062,#2063,#2064,#2065,#2066,#2067,#2068,#2069,
#2070,#2071));
#526=EDGE_LOOP('',(#2072,#2073,#2074));
#527=EDGE_LOOP('',(#2075,#2076,#2077,#2078));
#528=EDGE_LOOP('',(#2079,#2080,#2081));
#529=EDGE_LOOP('',(#2082,#2083,#2084,#2085));
#530=EDGE_LOOP('',(#2086,#2087,#2088,#2089,#2090,#2091,#2092,#2093,#2094,
#2095,#2096,#2097));
#531=EDGE_LOOP('',(#2098,#2099,#2100,#2101,#2102,#2103,#2104));
#532=EDGE_LOOP('',(#2105,#2106,#2107,#2108));
#533=EDGE_LOOP('',(#2109,#2110,#2111,#2112,#2113,#2114));
#534=EDGE_LOOP('',(#2115));
#535=EDGE_LOOP('',(#2116,#2117,#2118,#2119));
#536=EDGE_LOOP('',(#2120,#2121,#2122,#2123));
#537=EDGE_LOOP('',(#2124,#2125,#2126,#2127));
#538=EDGE_LOOP('',(#2128,#2129,#2130,#2131));
#539=EDGE_LOOP('',(#2132,#2133,#2134,#2135,#2136));
#540=EDGE_LOOP('',(#2137,#2138,#2139,#2140));
#541=EDGE_LOOP('',(#2141,#2142,#2143,#2144));
#542=EDGE_LOOP('',(#2145,#2146,#2147,#2148));
#543=EDGE_LOOP('',(#2149,#2150,#2151,#2152));
#544=EDGE_LOOP('',(#2153,#2154,#2155,#2156));
#545=EDGE_LOOP('',(#2157,#2158,#2159,#2160,#2161,#2162,#2163,#2164,#2165));
#546=EDGE_LOOP('',(#2166,#2167,#2168,#2169,#2170));
#547=EDGE_LOOP('',(#2171,#2172,#2173,#2174,#2175));
#548=EDGE_LOOP('',(#2176));
#549=EDGE_LOOP('',(#2177,#2178,#2179,#2180,#2181,#2182,#2183,#2184));
#550=EDGE_LOOP('',(#2185,#2186,#2187,#2188));
#551=EDGE_LOOP('',(#2189,#2190,#2191,#2192));
#552=EDGE_LOOP('',(#2193,#2194,#2195,#2196,#2197));
#553=EDGE_LOOP('',(#2198,#2199,#2200,#2201));
#554=EDGE_LOOP('',(#2202,#2203,#2204,#2205,#2206,#2207,#2208,#2209));
#555=EDGE_LOOP('',(#2210,#2211,#2212,#2213,#2214,#2215,#2216,#2217,#2218,
#2219,#2220,#2221,#2222,#2223,#2224,#2225,#2226,#2227,#2228,#2229));
#556=EDGE_LOOP('',(#2230,#2231,#2232,#2233));
#557=EDGE_LOOP('',(#2234,#2235,#2236,#2237));
#558=EDGE_LOOP('',(#2238,#2239,#2240,#2241));
#559=EDGE_LOOP('',(#2242,#2243,#2244,#2245));
#560=EDGE_LOOP('',(#2246,#2247,#2248,#2249));
#561=EDGE_LOOP('',(#2250,#2251,#2252,#2253));
#562=EDGE_LOOP('',(#2254,#2255,#2256,#2257));
#563=EDGE_LOOP('',(#2258,#2259,#2260,#2261));
#564=EDGE_LOOP('',(#2262,#2263,#2264,#2265));
#565=EDGE_LOOP('',(#2266,#2267,#2268,#2269,#2270,#2271,#2272,#2273,#2274,
#2275,#2276,#2277));
#566=EDGE_LOOP('',(#2278,#2279,#2280,#2281));
#567=EDGE_LOOP('',(#2282,#2283,#2284,#2285));
#568=EDGE_LOOP('',(#2286,#2287,#2288,#2289,#2290,#2291,#2292,#2293));
#569=EDGE_LOOP('',(#2294,#2295,#2296,#2297));
#570=EDGE_LOOP('',(#2298,#2299,#2300,#2301,#2302,#2303,#2304,#2305,#2306,
#2307,#2308,#2309));
#571=EDGE_LOOP('',(#2310,#2311,#2312));
#572=EDGE_LOOP('',(#2313,#2314,#2315,#2316,#2317));
#573=EDGE_LOOP('',(#2318,#2319,#2320,#2321));
#574=EDGE_LOOP('',(#2322,#2323,#2324,#2325,#2326,#2327,#2328,#2329));
#575=EDGE_LOOP('',(#2330,#2331,#2332,#2333,#2334));
#576=EDGE_LOOP('',(#2335,#2336,#2337,#2338));
#577=EDGE_LOOP('',(#2339,#2340,#2341,#2342));
#578=EDGE_LOOP('',(#2343,#2344,#2345,#2346));
#579=EDGE_LOOP('',(#2347,#2348,#2349,#2350));
#580=EDGE_LOOP('',(#2351,#2352,#2353,#2354));
#581=EDGE_LOOP('',(#2355,#2356,#2357,#2358,#2359));
#582=EDGE_LOOP('',(#2360,#2361,#2362,#2363,#2364));
#583=EDGE_LOOP('',(#2365,#2366,#2367,#2368));
#584=EDGE_LOOP('',(#2369,#2370,#2371,#2372,#2373));
#585=EDGE_LOOP('',(#2374,#2375,#2376,#2377));
#586=EDGE_LOOP('',(#2378,#2379,#2380,#2381,#2382));
#587=EDGE_LOOP('',(#2383,#2384,#2385,#2386));
#588=EDGE_LOOP('',(#2387,#2388,#2389));
#589=EDGE_LOOP('',(#2390,#2391,#2392));
#590=EDGE_LOOP('',(#2393,#2394,#2395,#2396));
#591=EDGE_LOOP('',(#2397,#2398,#2399,#2400));
#592=EDGE_LOOP('',(#2401,#2402,#2403,#2404,#2405,#2406,#2407,#2408,#2409,
#2410));
#593=EDGE_LOOP('',(#2411,#2412,#2413,#2414,#2415,#2416));
#594=EDGE_LOOP('',(#2417,#2418,#2419,#2420,#2421,#2422,#2423));
#595=EDGE_LOOP('',(#2424,#2425,#2426,#2427,#2428));
#596=EDGE_LOOP('',(#2429,#2430,#2431,#2432));
#597=EDGE_LOOP('',(#2433,#2434,#2435,#2436));
#598=EDGE_LOOP('',(#2437,#2438,#2439,#2440));
#599=EDGE_LOOP('',(#2441,#2442,#2443,#2444));
#600=EDGE_LOOP('',(#2445,#2446,#2447,#2448));
#601=EDGE_LOOP('',(#2449,#2450,#2451,#2452));
#602=EDGE_LOOP('',(#2453,#2454,#2455,#2456));
#603=EDGE_LOOP('',(#2457,#2458,#2459,#2460,#2461,#2462,#2463,#2464,#2465,
#2466));
#604=EDGE_LOOP('',(#2467,#2468,#2469,#2470));
#605=EDGE_LOOP('',(#2471,#2472,#2473,#2474));
#606=EDGE_LOOP('',(#2475,#2476,#2477,#2478));
#607=EDGE_LOOP('',(#2479,#2480,#2481,#2482));
#608=EDGE_LOOP('',(#2483,#2484,#2485,#2486));
#609=EDGE_LOOP('',(#2487,#2488,#2489,#2490));
#610=EDGE_LOOP('',(#2491,#2492,#2493,#2494,#2495,#2496,#2497));
#611=EDGE_LOOP('',(#2498,#2499,#2500,#2501));
#612=EDGE_LOOP('',(#2502,#2503,#2504,#2505));
#613=EDGE_LOOP('',(#2506,#2507,#2508,#2509,#2510,#2511,#2512,#2513));
#614=EDGE_LOOP('',(#2514,#2515,#2516,#2517,#2518));
#615=EDGE_LOOP('',(#2519,#2520,#2521,#2522,#2523));
#616=EDGE_LOOP('',(#2524,#2525,#2526,#2527));
#617=EDGE_LOOP('',(#2528,#2529,#2530,#2531));
#618=EDGE_LOOP('',(#2532,#2533,#2534,#2535,#2536,#2537));
#619=EDGE_LOOP('',(#2538,#2539,#2540,#2541));
#620=EDGE_LOOP('',(#2542,#2543,#2544,#2545,#2546,#2547));
#621=EDGE_LOOP('',(#2548,#2549,#2550,#2551,#2552));
#622=EDGE_LOOP('',(#2553,#2554,#2555,#2556));
#623=EDGE_LOOP('',(#2557,#2558,#2559,#2560,#2561,#2562,#2563,#2564));
#624=EDGE_LOOP('',(#2565,#2566,#2567,#2568));
#625=EDGE_LOOP('',(#2569,#2570,#2571,#2572,#2573,#2574,#2575,#2576));
#626=EDGE_LOOP('',(#2577,#2578,#2579,#2580));
#627=EDGE_LOOP('',(#2581,#2582,#2583,#2584,#2585,#2586));
#628=EDGE_LOOP('',(#2587,#2588,#2589,#2590,#2591));
#629=EDGE_LOOP('',(#2592,#2593,#2594,#2595));
#630=EDGE_LOOP('',(#2596,#2597,#2598,#2599));
#631=EDGE_LOOP('',(#2600,#2601,#2602,#2603,#2604,#2605));
#632=EDGE_LOOP('',(#2606));
#633=EDGE_LOOP('',(#2607));
#634=EDGE_LOOP('',(#2608,#2609,#2610,#2611));
#635=EDGE_LOOP('',(#2612,#2613,#2614,#2615));
#636=EDGE_LOOP('',(#2616,#2617,#2618,#2619));
#637=EDGE_LOOP('',(#2620,#2621,#2622,#2623));
#638=EDGE_LOOP('',(#2624,#2625,#2626,#2627));
#639=EDGE_LOOP('',(#2628,#2629,#2630,#2631));
#640=EDGE_LOOP('',(#2632,#2633,#2634,#2635));
#641=EDGE_LOOP('',(#2636,#2637,#2638,#2639,#2640,#2641,#2642,#2643,#2644,
#2645));
#642=EDGE_LOOP('',(#2646,#2647,#2648,#2649,#2650,#2651));
#643=EDGE_LOOP('',(#2652,#2653,#2654,#2655));
#644=EDGE_LOOP('',(#2656,#2657,#2658,#2659,#2660,#2661));
#645=EDGE_LOOP('',(#2662,#2663,#2664,#2665,#2666,#2667,#2668,#2669,#2670,
#2671));
#646=EDGE_LOOP('',(#2672,#2673,#2674,#2675,#2676,#2677));
#647=EDGE_LOOP('',(#2678,#2679,#2680,#2681,#2682,#2683,#2684));
#648=EDGE_LOOP('',(#2685,#2686,#2687,#2688));
#649=EDGE_LOOP('',(#2689,#2690,#2691,#2692,#2693,#2694,#2695));
#650=EDGE_LOOP('',(#2696,#2697,#2698,#2699,#2700,#2701,#2702,#2703,#2704,
#2705));
#651=EDGE_LOOP('',(#2706));
#652=EDGE_LOOP('',(#2707));
#653=EDGE_LOOP('',(#2708,#2709,#2710,#2711,#2712));
#654=EDGE_LOOP('',(#2713,#2714,#2715,#2716));
#655=EDGE_LOOP('',(#2717,#2718,#2719,#2720));
#656=EDGE_LOOP('',(#2721,#2722,#2723,#2724));
#657=EDGE_LOOP('',(#2725,#2726,#2727,#2728,#2729));
#658=EDGE_LOOP('',(#2730,#2731,#2732,#2733));
#659=EDGE_LOOP('',(#2734,#2735,#2736,#2737));
#660=EDGE_LOOP('',(#2738,#2739,#2740,#2741));
#661=EDGE_LOOP('',(#2742,#2743,#2744,#2745));
#662=EDGE_LOOP('',(#2746,#2747,#2748,#2749));
#663=EDGE_LOOP('',(#2750,#2751,#2752,#2753));
#664=EDGE_LOOP('',(#2754,#2755,#2756,#2757));
#665=EDGE_LOOP('',(#2758,#2759,#2760,#2761,#2762,#2763,#2764,#2765,#2766));
#666=EDGE_LOOP('',(#2767,#2768,#2769,#2770,#2771,#2772,#2773));
#667=EDGE_LOOP('',(#2774));
#668=LINE('',#3898,#807);
#669=LINE('',#4143,#808);
#670=LINE('',#4291,#809);
#671=LINE('',#4295,#810);
#672=LINE('',#4297,#811);
#673=LINE('',#4299,#812);
#674=LINE('',#4300,#813);
#675=LINE('',#4330,#814);
#676=LINE('',#4349,#815);
#677=LINE('',#4377,#816);
#678=LINE('',#4389,#817);
#679=LINE('',#4393,#818);
#680=LINE('',#4420,#819);
#681=LINE('',#4424,#820);
#682=LINE('',#4520,#821);
#683=LINE('',#4577,#822);
#684=LINE('',#4617,#823);
#685=LINE('',#4663,#824);
#686=LINE('',#4683,#825);
#687=LINE('',#4686,#826);
#688=LINE('',#4707,#827);
#689=LINE('',#4715,#828);
#690=LINE('',#4718,#829);
#691=LINE('',#4732,#830);
#692=LINE('',#4755,#831);
#693=LINE('',#4758,#832);
#694=LINE('',#4762,#833);
#695=LINE('',#4766,#834);
#696=LINE('',#4792,#835);
#697=LINE('',#4795,#836);
#698=LINE('',#4841,#837);
#699=LINE('',#4848,#838);
#700=LINE('',#4987,#839);
#701=LINE('',#5025,#840);
#702=LINE('',#5031,#841);
#703=LINE('',#5035,#842);
#704=LINE('',#5169,#843);
#705=LINE('',#5176,#844);
#706=LINE('',#5177,#845);
#707=LINE('',#5180,#846);
#708=LINE('',#5182,#847);
#709=LINE('',#5183,#848);
#710=LINE('',#5189,#849);
#711=LINE('',#5190,#850);
#712=LINE('',#5193,#851);
#713=LINE('',#5195,#852);
#714=LINE('',#5196,#853);
#715=LINE('',#5202,#854);
#716=LINE('',#5204,#855);
#717=LINE('',#5206,#856);
#718=LINE('',#5210,#857);
#719=LINE('',#5232,#858);
#720=LINE('',#5242,#859);
#721=LINE('',#5351,#860);
#722=LINE('',#5369,#861);
#723=LINE('',#5379,#862);
#724=LINE('',#5409,#863);
#725=LINE('',#5428,#864);
#726=LINE('',#5445,#865);
#727=LINE('',#5484,#866);
#728=LINE('',#5906,#867);
#729=LINE('',#5944,#868);
#730=LINE('',#6011,#869);
#731=LINE('',#6066,#870);
#732=LINE('',#6170,#871);
#733=LINE('',#6215,#872);
#734=LINE('',#6216,#873);
#735=LINE('',#6218,#874);
#736=LINE('',#6220,#875);
#737=LINE('',#6228,#876);
#738=LINE('',#6229,#877);
#739=LINE('',#6231,#878);
#740=LINE('',#6233,#879);
#741=LINE('',#6269,#880);
#742=LINE('',#6272,#881);
#743=LINE('',#6274,#882);
#744=LINE('',#6281,#883);
#745=LINE('',#6286,#884);
#746=LINE('',#6289,#885);
#747=LINE('',#6290,#886);
#748=LINE('',#6362,#887);
#749=LINE('',#6365,#888);
#750=LINE('',#6369,#889);
#751=LINE('',#6373,#890);
#752=LINE('',#6403,#891);
#753=LINE('',#6413,#892);
#754=LINE('',#6415,#893);
#755=LINE('',#6418,#894);
#756=LINE('',#6492,#895);
#757=LINE('',#6502,#896);
#758=LINE('',#6506,#897);
#759=LINE('',#6508,#898);
#760=LINE('',#6510,#899);
#761=LINE('',#6517,#900);
#762=LINE('',#6523,#901);
#763=LINE('',#6526,#902);
#764=LINE('',#6527,#903);
#765=LINE('',#6529,#904);
#766=LINE('',#6533,#905);
#767=LINE('',#6535,#906);
#768=LINE('',#6538,#907);
#769=LINE('',#6541,#908);
#770=LINE('',#6544,#909);
#771=LINE('',#6547,#910);
#772=LINE('',#6636,#911);
#773=LINE('',#6637,#912);
#774=LINE('',#6730,#913);
#775=LINE('',#6777,#914);
#776=LINE('',#6778,#915);
#777=LINE('',#6781,#916);
#778=LINE('',#6787,#917);
#779=LINE('',#6789,#918);
#780=LINE('',#6790,#919);
#781=LINE('',#6793,#920);
#782=LINE('',#6796,#921);
#783=LINE('',#6810,#922);
#784=LINE('',#6837,#923);
#785=LINE('',#6841,#924);
#786=LINE('',#6843,#925);
#787=LINE('',#7266,#926);
#788=LINE('',#7292,#927);
#789=LINE('',#7300,#928);
#790=LINE('',#7351,#929);
#791=LINE('',#7377,#930);
#792=LINE('',#7404,#931);
#793=LINE('',#7405,#932);
#794=LINE('',#7473,#933);
#795=LINE('',#7522,#934);
#796=LINE('',#7536,#935);
#797=LINE('',#7583,#936);
#798=LINE('',#7701,#937);
#799=LINE('',#7706,#938);
#800=LINE('',#7731,#939);
#801=LINE('',#7941,#940);
#802=LINE('',#7942,#941);
#803=LINE('',#7944,#942);
#804=LINE('',#7945,#943);
#805=LINE('',#7947,#944);
#806=LINE('',#7950,#945);
#807=VECTOR('',#3262,0.91);
#808=VECTOR('',#3283,1.5);
#809=VECTOR('',#3288,10.);
#810=VECTOR('',#3291,10.);
#811=VECTOR('',#3292,10.);
#812=VECTOR('',#3293,10.);
#813=VECTOR('',#3294,10.);
#814=VECTOR('',#3297,10.);
#815=VECTOR('',#3298,10.);
#816=VECTOR('',#3299,10.);
#817=VECTOR('',#3300,10.);
#818=VECTOR('',#3303,10.);
#819=VECTOR('',#3304,10.);
#820=VECTOR('',#3307,10.);
#821=VECTOR('',#3310,10.);
#822=VECTOR('',#3313,10.);
#823=VECTOR('',#3318,10.);
#824=VECTOR('',#3321,10.);
#825=VECTOR('',#3328,10.);
#826=VECTOR('',#3331,10.);
#827=VECTOR('',#3334,10.);
#828=VECTOR('',#3337,10.);
#829=VECTOR('',#3340,10.);
#830=VECTOR('',#3343,10.);
#831=VECTOR('',#3346,10.);
#832=VECTOR('',#3349,10.);
#833=VECTOR('',#3354,10.);
#834=VECTOR('',#3357,10.);
#835=VECTOR('',#3360,10.);
#836=VECTOR('',#3363,10.);
#837=VECTOR('',#3366,10.);
#838=VECTOR('',#3373,10.);
#839=VECTOR('',#3402,10.);
#840=VECTOR('',#3407,10.);
#841=VECTOR('',#3412,10.);
#842=VECTOR('',#3415,10.);
#843=VECTOR('',#3436,1.85);
#844=VECTOR('',#3443,10.);
#845=VECTOR('',#3444,10.);
#846=VECTOR('',#3447,10.);
#847=VECTOR('',#3448,10.);
#848=VECTOR('',#3449,10.);
#849=VECTOR('',#3454,10.);
#850=VECTOR('',#3455,10.);
#851=VECTOR('',#3458,10.);
#852=VECTOR('',#3459,10.);
#853=VECTOR('',#3460,10.);
#854=VECTOR('',#3465,10.);
#855=VECTOR('',#3466,10.);
#856=VECTOR('',#3467,10.);
#857=VECTOR('',#3472,10.);
#858=VECTOR('',#3477,0.94);
#859=VECTOR('',#3490,1.55);
#860=VECTOR('',#3525,10.);
#861=VECTOR('',#3526,10.);
#862=VECTOR('',#3527,10.);
#863=VECTOR('',#3528,10.);
#864=VECTOR('',#3531,10.);
#865=VECTOR('',#3532,10.);
#866=VECTOR('',#3545,1.065);
#867=VECTOR('',#3562,1.065);
#868=VECTOR('',#3563,1.065);
#869=VECTOR('',#3568,10.);
#870=VECTOR('',#3577,10.);
#871=VECTOR('',#3588,10.);
#872=VECTOR('',#3593,10.);
#873=VECTOR('',#3594,10.);
#874=VECTOR('',#3597,10.);
#875=VECTOR('',#3598,10.);
#876=VECTOR('',#3605,10.);
#877=VECTOR('',#3606,10.);
#878=VECTOR('',#3609,10.);
#879=VECTOR('',#3612,10.);
#880=VECTOR('',#3623,10.);
#881=VECTOR('',#3626,10.);
#882=VECTOR('',#3627,10.);
#883=VECTOR('',#3634,10.);
#884=VECTOR('',#3643,10.);
#885=VECTOR('',#3646,10.);
#886=VECTOR('',#3647,10.);
#887=VECTOR('',#3650,10.);
#888=VECTOR('',#3653,10.);
#889=VECTOR('',#3658,10.);
#890=VECTOR('',#3663,10.);
#891=VECTOR('',#3672,10.);
#892=VECTOR('',#3687,10.);
#893=VECTOR('',#3690,10.);
#894=VECTOR('',#3695,10.);
#895=VECTOR('',#3704,10.);
#896=VECTOR('',#3707,10.);
#897=VECTOR('',#3710,10.);
#898=VECTOR('',#3711,10.);
#899=VECTOR('',#3712,10.);
#900=VECTOR('',#3713,10.);
#901=VECTOR('',#3718,10.);
#902=VECTOR('',#3721,10.);
#903=VECTOR('',#3722,10.);
#904=VECTOR('',#3725,10.);
#905=VECTOR('',#3730,10.);
#906=VECTOR('',#3731,10.);
#907=VECTOR('',#3734,10.);
#908=VECTOR('',#3737,10.);
#909=VECTOR('',#3740,10.);
#910=VECTOR('',#3743,10.);
#911=VECTOR('',#3766,10.);
#912=VECTOR('',#3767,10.);
#913=VECTOR('',#3786,10.);
#914=VECTOR('',#3791,10.);
#915=VECTOR('',#3792,10.);
#916=VECTOR('',#3795,10.);
#917=VECTOR('',#3796,10.);
#918=VECTOR('',#3797,10.);
#919=VECTOR('',#3798,10.);
#920=VECTOR('',#3801,10.);
#921=VECTOR('',#3806,10.);
#922=VECTOR('',#3811,10.);
#923=VECTOR('',#3816,10.);
#924=VECTOR('',#3821,10.);
#925=VECTOR('',#3824,10.);
#926=VECTOR('',#3839,10.);
#927=VECTOR('',#3842,10.);
#928=VECTOR('',#3845,10.);
#929=VECTOR('',#3850,10.);
#930=VECTOR('',#3851,10.);
#931=VECTOR('',#3852,10.);
#932=VECTOR('',#3853,10.);
#933=VECTOR('',#3854,10.);
#934=VECTOR('',#3855,10.);
#935=VECTOR('',#3858,2.6);
#936=VECTOR('',#3859,10.);
#937=VECTOR('',#3862,10.);
#938=VECTOR('',#3863,10.);
#939=VECTOR('',#3866,10.);
#940=VECTOR('',#3873,10.);
#941=VECTOR('',#3874,10.);
#942=VECTOR('',#3877,10.);
#943=VECTOR('',#3878,10.);
#944=VECTOR('',#3881,10.);
#945=VECTOR('',#3886,10.);
#946=CIRCLE('',#3009,0.91);
#947=CIRCLE('',#3010,0.91);
#948=CIRCLE('',#3011,0.225);
#949=CIRCLE('',#3012,0.224999999999999);
#950=CIRCLE('',#3014,0.246000000000003);
#951=CIRCLE('',#3015,1.5);
#952=CIRCLE('',#3016,0.246);
#953=CIRCLE('',#3017,1.746);
#954=CIRCLE('',#3019,1.5);
#955=CIRCLE('',#3020,0.246);
#956=CIRCLE('',#3022,1.365);
#957=CIRCLE('',#3023,1.365);
#958=CIRCLE('',#3027,4.10651126021913);
#959=CIRCLE('',#3028,4.10651126021913);
#960=CIRCLE('',#3030,4.10651126021913);
#961=CIRCLE('',#3031,4.10651126021913);
#962=CIRCLE('',#3033,0.750000000000001);
#963=CIRCLE('',#3037,1.);
#964=CIRCLE('',#3040,0.750000000000001);
#965=CIRCLE('',#3042,10.);
#966=CIRCLE('',#3044,10.);
#967=CIRCLE('',#3047,0.5);
#968=CIRCLE('',#3048,2.6);
#969=CIRCLE('',#3049,0.5);
#970=CIRCLE('',#3051,0.7);
#971=CIRCLE('',#3052,2.55);
#972=CIRCLE('',#3053,0.700000000000001);
#973=CIRCLE('',#3054,1.85);
#974=CIRCLE('',#3055,0.7);
#975=CIRCLE('',#3057,0.7);
#976=CIRCLE('',#3058,1.85);
#977=CIRCLE('',#3059,1.85);
#978=CIRCLE('',#3060,2.39444444444444);
#979=CIRCLE('',#3061,0.2);
#980=CIRCLE('',#3062,0.2);
#981=CIRCLE('',#3065,1.);
#982=CIRCLE('',#3066,0.5);
#983=CIRCLE('',#3068,0.5);
#984=CIRCLE('',#3069,2.);
#985=CIRCLE('',#3070,1.);
#986=CIRCLE('',#3071,0.6);
#987=CIRCLE('',#3072,11.05);
#988=CIRCLE('',#3073,0.6);
#989=CIRCLE('',#3074,2.35);
#990=CIRCLE('',#3075,0.75);
#991=CIRCLE('',#3076,0.75);
#992=CIRCLE('',#3078,1.85);
#993=CIRCLE('',#3079,1.85);
#994=CIRCLE('',#3081,1.);
#995=CIRCLE('',#3084,1.);
#996=CIRCLE('',#3087,0.5);
#997=CIRCLE('',#3088,0.5);
#998=CIRCLE('',#3089,2.);
#999=CIRCLE('',#3090,2.);
#1000=CIRCLE('',#3092,0.94);
#1001=CIRCLE('',#3093,0.94);
#1002=CIRCLE('',#3095,0.940000000000001);
#1003=CIRCLE('',#3097,1.25);
#1004=CIRCLE('',#3100,0.2);
#1005=CIRCLE('',#3101,2.55);
#1006=CIRCLE('',#3102,0.2);
#1007=CIRCLE('',#3103,0.2);
#1008=CIRCLE('',#3105,2.55);
#1009=CIRCLE('',#3106,0.2);
#1010=CIRCLE('',#3108,0.4);
#1011=CIRCLE('',#3109,0.199999999999998);
#1012=CIRCLE('',#3111,0.2);
#1013=CIRCLE('',#3112,11.25);
#1014=CIRCLE('',#3114,0.4);
#1015=CIRCLE('',#3116,2.55);
#1016=CIRCLE('',#3118,0.3);
#1017=CIRCLE('',#3119,1.065);
#1018=CIRCLE('',#3120,1.065);
#1019=CIRCLE('',#3122,1.065);
#1020=CIRCLE('',#3123,0.3);
#1021=CIRCLE('',#3124,0.3);
#1022=CIRCLE('',#3126,0.3);
#1023=CIRCLE('',#3127,1.065);
#1024=CIRCLE('',#3128,0.3);
#1025=CIRCLE('',#3130,1.065);
#1026=CIRCLE('',#3132,0.5);
#1027=CIRCLE('',#3133,0.500000000000001);
#1028=CIRCLE('',#3135,0.5);
#1029=CIRCLE('',#3136,0.5);
#1030=CIRCLE('',#3137,0.5);
#1031=CIRCLE('',#3138,0.5);
#1032=CIRCLE('',#3140,0.5);
#1033=CIRCLE('',#3141,0.500000000000001);
#1034=CIRCLE('',#3144,0.5);
#1035=CIRCLE('',#3145,2.565);
#1036=CIRCLE('',#3146,0.5);
#1037=CIRCLE('',#3149,0.4);
#1038=CIRCLE('',#3150,11.25);
#1039=CIRCLE('',#3151,0.4);
#1040=CIRCLE('',#3152,2.55);
#1041=CIRCLE('',#3155,0.5);
#1042=CIRCLE('',#3156,2.565);
#1043=CIRCLE('',#3157,0.5);
#1044=CIRCLE('',#3165,0.5);
#1045=CIRCLE('',#3167,2.565);
#1046=CIRCLE('',#3169,0.5);
#1047=CIRCLE('',#3170,1.);
#1048=CIRCLE('',#3173,0.5);
#1049=CIRCLE('',#3175,2.565);
#1050=CIRCLE('',#3176,0.5);
#1051=CIRCLE('',#3177,2.6);
#1052=CIRCLE('',#3178,2.6);
#1053=CIRCLE('',#3183,1.);
#1054=CIRCLE('',#3188,0.85);
#1055=CIRCLE('',#3193,2.6);
#1056=CIRCLE('',#3195,0.85);
#1057=CIRCLE('',#3197,1.);
#1058=CIRCLE('',#3199,0.5);
#1059=CIRCLE('',#3201,0.5);
#1060=CIRCLE('',#3202,1.5);
#1061=CIRCLE('',#3203,0.5);
#1062=CIRCLE('',#3205,0.5);
#1063=CIRCLE('',#3206,2.);
#1064=CIRCLE('',#3207,2.5);
#1065=CIRCLE('',#3208,0.5);
#1066=CIRCLE('',#3212,0.5);
#1067=CIRCLE('',#3213,2.5);
#1068=CIRCLE('',#3214,0.499999999999999);
#1069=CIRCLE('',#3215,2.);
#1070=CIRCLE('',#3216,0.5);
#1071=CIRCLE('',#3217,0.5);
#1072=CIRCLE('',#3219,0.5);
#1073=CIRCLE('',#3223,0.7);
#1074=CIRCLE('',#3227,1.5);
#1075=CIRCLE('',#3230,0.7);
#1076=CIRCLE('',#3234,1.);
#1077=CIRCLE('',#3236,1.);
#1078=CIRCLE('',#3238,1.);
#1079=VERTEX_POINT('',#3895);
#1080=VERTEX_POINT('',#3897);
#1081=VERTEX_POINT('',#3924);
#1082=VERTEX_POINT('',#3925);
#1083=VERTEX_POINT('',#3936);
#1084=VERTEX_POINT('',#3943);
#1085=VERTEX_POINT('',#3945);
#1086=VERTEX_POINT('',#3995);
#1087=VERTEX_POINT('',#4001);
#1088=VERTEX_POINT('',#4003);
#1089=VERTEX_POINT('',#4033);
#1090=VERTEX_POINT('',#4034);
#1091=VERTEX_POINT('',#4067);
#1092=VERTEX_POINT('',#4083);
#1093=VERTEX_POINT('',#4085);
#1094=VERTEX_POINT('',#4087);
#1095=VERTEX_POINT('',#4141);
#1096=VERTEX_POINT('',#4144);
#1097=VERTEX_POINT('',#4290);
#1098=VERTEX_POINT('',#4292);
#1099=VERTEX_POINT('',#4294);
#1100=VERTEX_POINT('',#4296);
#1101=VERTEX_POINT('',#4298);
#1102=VERTEX_POINT('',#4301);
#1103=VERTEX_POINT('',#4313);
#1104=VERTEX_POINT('',#4322);
#1105=VERTEX_POINT('',#4329);
#1106=VERTEX_POINT('',#4331);
#1107=VERTEX_POINT('',#4337);
#1108=VERTEX_POINT('',#4342);
#1109=VERTEX_POINT('',#4348);
#1110=VERTEX_POINT('',#4350);
#1111=VERTEX_POINT('',#4355);
#1112=VERTEX_POINT('',#4360);
#1113=VERTEX_POINT('',#4376);
#1114=VERTEX_POINT('',#4378);
#1115=VERTEX_POINT('',#4383);
#1116=VERTEX_POINT('',#4388);
#1117=VERTEX_POINT('',#4390);
#1118=VERTEX_POINT('',#4392);
#1119=VERTEX_POINT('',#4394);
#1120=VERTEX_POINT('',#4399);
#1121=VERTEX_POINT('',#4404);
#1122=VERTEX_POINT('',#4409);
#1123=VERTEX_POINT('',#4414);
#1124=VERTEX_POINT('',#4419);
#1125=VERTEX_POINT('',#4421);
#1126=VERTEX_POINT('',#4423);
#1127=VERTEX_POINT('',#4425);
#1128=VERTEX_POINT('',#4430);
#1129=VERTEX_POINT('',#4435);
#1130=VERTEX_POINT('',#4440);
#1131=VERTEX_POINT('',#4445);
#1132=VERTEX_POINT('',#4518);
#1133=VERTEX_POINT('',#4519);
#1134=VERTEX_POINT('',#4521);
#1135=VERTEX_POINT('',#4523);
#1136=VERTEX_POINT('',#4530);
#1137=VERTEX_POINT('',#4552);
#1138=VERTEX_POINT('',#4565);
#1139=VERTEX_POINT('',#4576);
#1140=VERTEX_POINT('',#4578);
#1141=VERTEX_POINT('',#4593);
#1142=VERTEX_POINT('',#4600);
#1143=VERTEX_POINT('',#4601);
#1144=VERTEX_POINT('',#4616);
#1145=VERTEX_POINT('',#4618);
#1146=VERTEX_POINT('',#4631);
#1147=VERTEX_POINT('',#4653);
#1148=VERTEX_POINT('',#4660);
#1149=VERTEX_POINT('',#4662);
#1150=VERTEX_POINT('',#4664);
#1151=VERTEX_POINT('',#4681);
#1152=VERTEX_POINT('',#4685);
#1153=VERTEX_POINT('',#4706);
#1154=VERTEX_POINT('',#4714);
#1155=VERTEX_POINT('',#4716);
#1156=VERTEX_POINT('',#4720);
#1157=VERTEX_POINT('',#4731);
#1158=VERTEX_POINT('',#4733);
#1159=VERTEX_POINT('',#4742);
#1160=VERTEX_POINT('',#4754);
#1161=VERTEX_POINT('',#4756);
#1162=VERTEX_POINT('',#4761);
#1163=VERTEX_POINT('',#4763);
#1164=VERTEX_POINT('',#4765);
#1165=VERTEX_POINT('',#4767);
#1166=VERTEX_POINT('',#4778);
#1167=VERTEX_POINT('',#4780);
#1168=VERTEX_POINT('',#4791);
#1169=VERTEX_POINT('',#4793);
#1170=VERTEX_POINT('',#4796);
#1171=VERTEX_POINT('',#4840);
#1172=VERTEX_POINT('',#4842);
#1173=VERTEX_POINT('',#4844);
#1174=VERTEX_POINT('',#4846);
#1175=VERTEX_POINT('',#4850);
#1176=VERTEX_POINT('',#4851);
#1177=VERTEX_POINT('',#4853);
#1178=VERTEX_POINT('',#4855);
#1179=VERTEX_POINT('',#4883);
#1180=VERTEX_POINT('',#4884);
#1181=VERTEX_POINT('',#4897);
#1182=VERTEX_POINT('',#4898);
#1183=VERTEX_POINT('',#4900);
#1184=VERTEX_POINT('',#4969);
#1185=VERTEX_POINT('',#4975);
#1186=VERTEX_POINT('',#4977);
#1187=VERTEX_POINT('',#4986);
#1188=VERTEX_POINT('',#4988);
#1189=VERTEX_POINT('',#4990);
#1190=VERTEX_POINT('',#4998);
#1191=VERTEX_POINT('',#5022);
#1192=VERTEX_POINT('',#5024);
#1193=VERTEX_POINT('',#5026);
#1194=VERTEX_POINT('',#5028);
#1195=VERTEX_POINT('',#5030);
#1196=VERTEX_POINT('',#5032);
#1197=VERTEX_POINT('',#5034);
#1198=VERTEX_POINT('',#5036);
#1199=VERTEX_POINT('',#5039);
#1200=VERTEX_POINT('',#5041);
#1201=VERTEX_POINT('',#5043);
#1202=VERTEX_POINT('',#5045);
#1203=VERTEX_POINT('',#5047);
#1204=VERTEX_POINT('',#5058);
#1205=VERTEX_POINT('',#5078);
#1206=VERTEX_POINT('',#5087);
#1207=VERTEX_POINT('',#5089);
#1208=VERTEX_POINT('',#5105);
#1209=VERTEX_POINT('',#5107);
#1210=VERTEX_POINT('',#5136);
#1211=VERTEX_POINT('',#5137);
#1212=VERTEX_POINT('',#5144);
#1213=VERTEX_POINT('',#5167);
#1214=VERTEX_POINT('',#5172);
#1215=VERTEX_POINT('',#5173);
#1216=VERTEX_POINT('',#5175);
#1217=VERTEX_POINT('',#5179);
#1218=VERTEX_POINT('',#5181);
#1219=VERTEX_POINT('',#5185);
#1220=VERTEX_POINT('',#5186);
#1221=VERTEX_POINT('',#5188);
#1222=VERTEX_POINT('',#5192);
#1223=VERTEX_POINT('',#5194);
#1224=VERTEX_POINT('',#5198);
#1225=VERTEX_POINT('',#5199);
#1226=VERTEX_POINT('',#5201);
#1227=VERTEX_POINT('',#5203);
#1228=VERTEX_POINT('',#5205);
#1229=VERTEX_POINT('',#5207);
#1230=VERTEX_POINT('',#5231);
#1231=VERTEX_POINT('',#5233);
#1232=VERTEX_POINT('',#5237);
#1233=VERTEX_POINT('',#5240);
#1234=VERTEX_POINT('',#5245);
#1235=VERTEX_POINT('',#5247);
#1236=VERTEX_POINT('',#5280);
#1237=VERTEX_POINT('',#5313);
#1238=VERTEX_POINT('',#5317);
#1239=VERTEX_POINT('',#5321);
#1240=VERTEX_POINT('',#5350);
#1241=VERTEX_POINT('',#5352);
#1242=VERTEX_POINT('',#5378);
#1243=VERTEX_POINT('',#5408);
#1244=VERTEX_POINT('',#5427);
#1245=VERTEX_POINT('',#5429);
#1246=VERTEX_POINT('',#5444);
#1247=VERTEX_POINT('',#5446);
#1248=VERTEX_POINT('',#5448);
#1249=VERTEX_POINT('',#5453);
#1250=VERTEX_POINT('',#5477);
#1251=VERTEX_POINT('',#5479);
#1252=VERTEX_POINT('',#5483);
#1253=VERTEX_POINT('',#5486);
#1254=VERTEX_POINT('',#5504);
#1255=VERTEX_POINT('',#5511);
#1256=VERTEX_POINT('',#5529);
#1257=VERTEX_POINT('',#5544);
#1258=VERTEX_POINT('',#5562);
#1259=VERTEX_POINT('',#5650);
#1260=VERTEX_POINT('',#5652);
#1261=VERTEX_POINT('',#5664);
#1262=VERTEX_POINT('',#5723);
#1263=VERTEX_POINT('',#5730);
#1264=VERTEX_POINT('',#5737);
#1265=VERTEX_POINT('',#5876);
#1266=VERTEX_POINT('',#5885);
#1267=VERTEX_POINT('',#5890);
#1268=VERTEX_POINT('',#5895);
#1269=VERTEX_POINT('',#5905);
#1270=VERTEX_POINT('',#5907);
#1271=VERTEX_POINT('',#5922);
#1272=VERTEX_POINT('',#5930);
#1273=VERTEX_POINT('',#5943);
#1274=VERTEX_POINT('',#5950);
#1275=VERTEX_POINT('',#5965);
#1276=VERTEX_POINT('',#5973);
#1277=VERTEX_POINT('',#5986);
#1278=VERTEX_POINT('',#6010);
#1279=VERTEX_POINT('',#6049);
#1280=VERTEX_POINT('',#6064);
#1281=VERTEX_POINT('',#6097);
#1282=VERTEX_POINT('',#6124);
#1283=VERTEX_POINT('',#6160);
#1284=VERTEX_POINT('',#6168);
#1285=VERTEX_POINT('',#6201);
#1286=VERTEX_POINT('',#6202);
#1287=VERTEX_POINT('',#6219);
#1288=VERTEX_POINT('',#6221);
#1289=VERTEX_POINT('',#6223);
#1290=VERTEX_POINT('',#6225);
#1291=VERTEX_POINT('',#6227);
#1292=VERTEX_POINT('',#6234);
#1293=VERTEX_POINT('',#6236);
#1294=VERTEX_POINT('',#6238);
#1295=VERTEX_POINT('',#6240);
#1296=VERTEX_POINT('',#6242);
#1297=VERTEX_POINT('',#6253);
#1298=VERTEX_POINT('',#6271);
#1299=VERTEX_POINT('',#6273);
#1300=VERTEX_POINT('',#6275);
#1301=VERTEX_POINT('',#6277);
#1302=VERTEX_POINT('',#6279);
#1303=VERTEX_POINT('',#6288);
#1304=VERTEX_POINT('',#6292);
#1305=VERTEX_POINT('',#6293);
#1306=VERTEX_POINT('',#6301);
#1307=VERTEX_POINT('',#6306);
#1308=VERTEX_POINT('',#6313);
#1309=VERTEX_POINT('',#6325);
#1310=VERTEX_POINT('',#6333);
#1311=VERTEX_POINT('',#6338);
#1312=VERTEX_POINT('',#6364);
#1313=VERTEX_POINT('',#6368);
#1314=VERTEX_POINT('',#6372);
#1315=VERTEX_POINT('',#6402);
#1316=VERTEX_POINT('',#6406);
#1317=VERTEX_POINT('',#6409);
#1318=VERTEX_POINT('',#6481);
#1319=VERTEX_POINT('',#6494);
#1320=VERTEX_POINT('',#6501);
#1321=VERTEX_POINT('',#6503);
#1322=VERTEX_POINT('',#6505);
#1323=VERTEX_POINT('',#6507);
#1324=VERTEX_POINT('',#6509);
#1325=VERTEX_POINT('',#6511);
#1326=VERTEX_POINT('',#6519);
#1327=VERTEX_POINT('',#6520);
#1328=VERTEX_POINT('',#6522);
#1329=VERTEX_POINT('',#6524);
#1330=VERTEX_POINT('',#6532);
#1331=VERTEX_POINT('',#6534);
#1332=VERTEX_POINT('',#6536);
#1333=VERTEX_POINT('',#6540);
#1334=VERTEX_POINT('',#6542);
#1335=VERTEX_POINT('',#6546);
#1336=VERTEX_POINT('',#6550);
#1337=VERTEX_POINT('',#6573);
#1338=VERTEX_POINT('',#6578);
#1339=VERTEX_POINT('',#6585);
#1340=VERTEX_POINT('',#6586);
#1341=VERTEX_POINT('',#6620);
#1342=VERTEX_POINT('',#6627);
#1343=VERTEX_POINT('',#6650);
#1344=VERTEX_POINT('',#6651);
#1345=VERTEX_POINT('',#6653);
#1346=VERTEX_POINT('',#6655);
#1347=VERTEX_POINT('',#6682);
#1348=VERTEX_POINT('',#6722);
#1349=VERTEX_POINT('',#6761);
#1350=VERTEX_POINT('',#6762);
#1351=VERTEX_POINT('',#6780);
#1352=VERTEX_POINT('',#6786);
#1353=VERTEX_POINT('',#6788);
#1354=VERTEX_POINT('',#6792);
#1355=VERTEX_POINT('',#6809);
#1356=VERTEX_POINT('',#6839);
#1357=VERTEX_POINT('',#6919);
#1358=VERTEX_POINT('',#6920);
#1359=VERTEX_POINT('',#6925);
#1360=VERTEX_POINT('',#6934);
#1361=VERTEX_POINT('',#7019);
#1362=VERTEX_POINT('',#7129);
#1363=VERTEX_POINT('',#7130);
#1364=VERTEX_POINT('',#7135);
#1365=VERTEX_POINT('',#7146);
#1366=VERTEX_POINT('',#7179);
#1367=VERTEX_POINT('',#7239);
#1368=VERTEX_POINT('',#7264);
#1369=VERTEX_POINT('',#7331);
#1370=VERTEX_POINT('',#7368);
#1371=VERTEX_POINT('',#7394);
#1372=VERTEX_POINT('',#7395);
#1373=VERTEX_POINT('',#7465);
#1374=VERTEX_POINT('',#7674);
#1375=VERTEX_POINT('',#7700);
#1376=VERTEX_POINT('',#7726);
#1377=EDGE_CURVE('',#1079,#1079,#946,.T.);
#1378=EDGE_CURVE('',#1079,#1080,#668,.T.);
#1379=EDGE_CURVE('',#1080,#1080,#947,.T.);
#1380=EDGE_CURVE('',#1081,#1082,#105,.T.);
#1381=EDGE_CURVE('',#1082,#1083,#106,.T.);
#1382=EDGE_CURVE('',#1083,#1084,#948,.T.);
#1383=EDGE_CURVE('',#1084,#1085,#107,.T.);
#1384=EDGE_CURVE('',#1085,#1081,#108,.T.);
#1385=EDGE_CURVE('',#1083,#1086,#109,.T.);
#1386=EDGE_CURVE('',#1086,#1087,#949,.T.);
#1387=EDGE_CURVE('',#1087,#1088,#110,.T.);
#1388=EDGE_CURVE('',#1088,#1084,#111,.T.);
#1389=EDGE_CURVE('',#1089,#1090,#112,.T.);
#1390=EDGE_CURVE('',#1090,#1087,#113,.T.);
#1391=EDGE_CURVE('',#1086,#1091,#114,.T.);
#1392=EDGE_CURVE('',#1091,#1089,#115,.T.);
#1393=EDGE_CURVE('',#1085,#1092,#950,.T.);
#1394=EDGE_CURVE('',#1092,#1093,#951,.T.);
#1395=EDGE_CURVE('',#1093,#1094,#952,.T.);
#1396=EDGE_CURVE('',#1094,#1081,#953,.T.);
#1397=EDGE_CURVE('',#1084,#1092,#116,.T.);
#1398=EDGE_CURVE('',#1095,#1095,#954,.T.);
#1399=EDGE_CURVE('',#1095,#1088,#669,.T.);
#1400=EDGE_CURVE('',#1096,#1087,#117,.T.);
#1401=EDGE_CURVE('',#1093,#1096,#118,.T.);
#1402=EDGE_CURVE('',#1096,#1090,#955,.T.);
#1403=EDGE_CURVE('',#1089,#1094,#119,.T.);
#1404=EDGE_CURVE('',#1094,#1097,#670,.T.);
#1405=EDGE_CURVE('',#1098,#1097,#956,.T.);
#1406=EDGE_CURVE('',#1098,#1099,#671,.T.);
#1407=EDGE_CURVE('',#1100,#1099,#672,.T.);
#1408=EDGE_CURVE('',#1100,#1101,#673,.T.);
#1409=EDGE_CURVE('',#1101,#1082,#674,.T.);
#1410=EDGE_CURVE('',#1102,#1102,#957,.T.);
#1411=EDGE_CURVE('',#1091,#1103,#120,.T.);
#1412=EDGE_CURVE('',#1104,#1103,#121,.T.);
#1413=EDGE_CURVE('',#1105,#1104,#675,.T.);
#1414=EDGE_CURVE('',#1106,#1105,#122,.T.);
#1415=EDGE_CURVE('',#1107,#1106,#123,.T.);
#1416=EDGE_CURVE('',#1108,#1107,#124,.T.);
#1417=EDGE_CURVE('',#1109,#1108,#676,.T.);
#1418=EDGE_CURVE('',#1110,#1109,#125,.T.);
#1419=EDGE_CURVE('',#1111,#1110,#126,.T.);
#1420=EDGE_CURVE('',#1111,#1112,#127,.T.);
#1421=EDGE_CURVE('',#1113,#1112,#677,.T.);
#1422=EDGE_CURVE('',#1114,#1113,#128,.T.);
#1423=EDGE_CURVE('',#1114,#1115,#129,.T.);
#1424=EDGE_CURVE('',#1116,#1115,#678,.T.);
#1425=EDGE_CURVE('',#1117,#1116,#28,.T.);
#1426=EDGE_CURVE('',#1118,#1117,#679,.T.);
#1427=EDGE_CURVE('',#1119,#1118,#130,.T.);
#1428=EDGE_CURVE('',#1119,#1120,#131,.T.);
#1429=EDGE_CURVE('',#1121,#1120,#132,.T.);
#1430=EDGE_CURVE('',#1121,#1122,#133,.T.);
#1431=EDGE_CURVE('',#1123,#1122,#134,.T.);
#1432=EDGE_CURVE('',#1123,#1124,#680,.T.);
#1433=EDGE_CURVE('',#1125,#1124,#29,.T.);
#1434=EDGE_CURVE('',#1126,#1125,#681,.T.);
#1435=EDGE_CURVE('',#1127,#1126,#135,.T.);
#1436=EDGE_CURVE('',#1127,#1128,#136,.T.);
#1437=EDGE_CURVE('',#1129,#1128,#137,.T.);
#1438=EDGE_CURVE('',#1129,#1130,#138,.T.);
#1439=EDGE_CURVE('',#1131,#1130,#139,.T.);
#1440=EDGE_CURVE('',#1097,#1131,#140,.T.);
#1441=EDGE_CURVE('',#1132,#1133,#682,.T.);
#1442=EDGE_CURVE('',#1134,#1132,#958,.T.);
#1443=EDGE_CURVE('',#1135,#1134,#141,.T.);
#1444=EDGE_CURVE('',#1136,#1135,#142,.T.);
#1445=EDGE_CURVE('',#1137,#1136,#143,.T.);
#1446=EDGE_CURVE('',#1138,#1137,#144,.T.);
#1447=EDGE_CURVE('',#1139,#1138,#683,.T.);
#1448=EDGE_CURVE('',#1140,#1139,#145,.T.);
#1449=EDGE_CURVE('',#1141,#1140,#959,.T.);
#1450=EDGE_CURVE('',#1133,#1141,#146,.T.);
#1451=EDGE_CURVE('',#1142,#1143,#147,.T.);
#1452=EDGE_CURVE('',#1144,#1142,#684,.T.);
#1453=EDGE_CURVE('',#1145,#1144,#148,.T.);
#1454=EDGE_CURVE('',#1146,#1145,#149,.T.);
#1455=EDGE_CURVE('',#1147,#1146,#150,.T.);
#1456=EDGE_CURVE('',#1148,#1147,#960,.T.);
#1457=EDGE_CURVE('',#1149,#1148,#685,.T.);
#1458=EDGE_CURVE('',#1150,#1149,#151,.T.);
#1459=EDGE_CURVE('',#1143,#1150,#961,.T.);
#1460=EDGE_CURVE('',#1145,#1101,#152,.T.);
#1461=EDGE_CURVE('',#1151,#1100,#962,.T.);
#1462=EDGE_CURVE('',#1146,#1151,#686,.T.);
#1463=EDGE_CURVE('',#1152,#1144,#687,.T.);
#1464=EDGE_CURVE('',#1103,#1152,#153,.T.);
#1465=EDGE_CURVE('',#1153,#1142,#688,.T.);
#1466=EDGE_CURVE('',#1152,#1153,#154,.T.);
#1467=EDGE_CURVE('',#1137,#1154,#689,.T.);
#1468=EDGE_CURVE('',#1154,#1155,#963,.T.);
#1469=EDGE_CURVE('',#1155,#1138,#690,.T.);
#1470=EDGE_CURVE('',#1156,#1136,#155,.T.);
#1471=EDGE_CURVE('',#1157,#1156,#691,.T.);
#1472=EDGE_CURVE('',#1158,#1157,#156,.T.);
#1473=EDGE_CURVE('',#1159,#1158,#157,.T.);
#1474=EDGE_CURVE('',#1154,#1159,#158,.T.);
#1475=EDGE_CURVE('',#1160,#1135,#692,.T.);
#1476=EDGE_CURVE('',#1161,#1160,#964,.T.);
#1477=EDGE_CURVE('',#1156,#1161,#693,.T.);
#1478=EDGE_CURVE('',#1160,#1151,#965,.T.);
#1479=EDGE_CURVE('',#1134,#1162,#694,.T.);
#1480=EDGE_CURVE('',#1162,#1163,#30,.T.);
#1481=EDGE_CURVE('',#1163,#1164,#695,.T.);
#1482=EDGE_CURVE('',#1165,#1164,#159,.T.);
#1483=EDGE_CURVE('',#1165,#1166,#966,.T.);
#1484=EDGE_CURVE('',#1167,#1166,#160,.T.);
#1485=EDGE_CURVE('',#1167,#1168,#696,.T.);
#1486=EDGE_CURVE('',#1168,#1169,#31,.T.);
#1487=EDGE_CURVE('',#1169,#1147,#697,.T.);
#1488=EDGE_CURVE('',#1170,#1170,#161,.T.);
#1489=EDGE_CURVE('',#1171,#1132,#698,.T.);
#1490=EDGE_CURVE('',#1171,#1172,#967,.T.);
#1491=EDGE_CURVE('',#1172,#1173,#968,.T.);
#1492=EDGE_CURVE('',#1174,#1173,#969,.F.);
#1493=EDGE_CURVE('',#1162,#1174,#699,.T.);
#1494=EDGE_CURVE('',#1175,#1176,#970,.T.);
#1495=EDGE_CURVE('',#1176,#1177,#971,.T.);
#1496=EDGE_CURVE('',#1177,#1178,#972,.T.);
#1497=EDGE_CURVE('',#1178,#1175,#973,.T.);
#1498=EDGE_CURVE('',#1179,#1180,#974,.T.);
#1499=EDGE_CURVE('',#1180,#1178,#162,.T.);
#1500=EDGE_CURVE('',#1177,#1179,#163,.T.);
#1501=EDGE_CURVE('',#1181,#1182,#975,.T.);
#1502=EDGE_CURVE('',#1182,#1183,#976,.T.);
#1503=EDGE_CURVE('',#1183,#1180,#977,.T.);
#1504=EDGE_CURVE('',#1179,#1181,#978,.T.);
#1505=EDGE_CURVE('',#1175,#1182,#164,.T.);
#1506=EDGE_CURVE('',#1181,#1176,#165,.T.);
#1507=EDGE_CURVE('',#1177,#1184,#166,.T.);
#1508=EDGE_CURVE('',#1185,#1184,#979,.T.);
#1509=EDGE_CURVE('',#1185,#1186,#167,.T.);
#1510=EDGE_CURVE('',#1186,#1179,#980,.T.);
#1511=EDGE_CURVE('',#1187,#1161,#700,.T.);
#1512=EDGE_CURVE('',#1099,#1188,#32,.T.);
#1513=EDGE_CURVE('',#1188,#1189,#168,.T.);
#1514=EDGE_CURVE('',#1189,#1190,#169,.T.);
#1515=EDGE_CURVE('',#1190,#1117,#170,.T.);
#1516=EDGE_CURVE('',#1191,#1116,#981,.T.);
#1517=EDGE_CURVE('',#1191,#1192,#701,.T.);
#1518=EDGE_CURVE('',#1192,#1193,#982,.T.);
#1519=EDGE_CURVE('',#1193,#1194,#33,.T.);
#1520=EDGE_CURVE('',#1194,#1195,#702,.T.);
#1521=EDGE_CURVE('',#1196,#1195,#983,.F.);
#1522=EDGE_CURVE('',#1197,#1196,#703,.T.);
#1523=EDGE_CURVE('',#1198,#1197,#984,.T.);
#1524=EDGE_CURVE('',#1187,#1198,#985,.T.);
#1525=EDGE_CURVE('',#1199,#1176,#986,.T.);
#1526=EDGE_CURVE('',#1200,#1199,#987,.T.);
#1527=EDGE_CURVE('',#1201,#1200,#988,.T.);
#1528=EDGE_CURVE('',#1202,#1201,#989,.T.);
#1529=EDGE_CURVE('',#1203,#1202,#171,.T.);
#1530=EDGE_CURVE('',#1184,#1203,#172,.T.);
#1531=EDGE_CURVE('',#1124,#1204,#173,.T.);
#1532=EDGE_CURVE('',#1204,#1205,#18,.T.);
#1533=EDGE_CURVE('',#1205,#1206,#990,.T.);
#1534=EDGE_CURVE('',#1206,#1207,#19,.T.);
#1535=EDGE_CURVE('',#1207,#1208,#991,.T.);
#1536=EDGE_CURVE('',#1208,#1209,#20,.T.);
#1537=EDGE_CURVE('',#1209,#1125,#174,.T.);
#1538=EDGE_CURVE('',#1210,#1211,#175,.T.);
#1539=EDGE_CURVE('',#1211,#1212,#176,.T.);
#1540=EDGE_CURVE('',#1213,#1212,#992,.T.);
#1541=EDGE_CURVE('',#1213,#1183,#704,.T.);
#1542=EDGE_CURVE('',#1210,#1213,#993,.T.);
#1543=EDGE_CURVE('',#1214,#1215,#994,.T.);
#1544=EDGE_CURVE('',#1214,#1216,#705,.T.);
#1545=EDGE_CURVE('',#1215,#1216,#706,.T.);
#1546=EDGE_CURVE('',#1217,#1214,#707,.T.);
#1547=EDGE_CURVE('',#1217,#1218,#708,.T.);
#1548=EDGE_CURVE('',#1216,#1218,#709,.T.);
#1549=EDGE_CURVE('',#1219,#1220,#995,.T.);
#1550=EDGE_CURVE('',#1221,#1219,#710,.T.);
#1551=EDGE_CURVE('',#1220,#1221,#711,.T.);
#1552=EDGE_CURVE('',#1220,#1222,#712,.T.);
#1553=EDGE_CURVE('',#1223,#1221,#713,.T.);
#1554=EDGE_CURVE('',#1222,#1223,#714,.T.);
#1555=EDGE_CURVE('',#1224,#1225,#996,.T.);
#1556=EDGE_CURVE('',#1225,#1226,#715,.T.);
#1557=EDGE_CURVE('',#1226,#1227,#716,.T.);
#1558=EDGE_CURVE('',#1227,#1228,#717,.T.);
#1559=EDGE_CURVE('',#1228,#1229,#997,.T.);
#1560=EDGE_CURVE('',#1229,#1223,#998,.T.);
#1561=EDGE_CURVE('',#1215,#1219,#718,.T.);
#1562=EDGE_CURVE('',#1218,#1224,#999,.T.);
#1563=EDGE_CURVE('',#1212,#1210,#177,.T.);
#1564=EDGE_CURVE('',#1211,#1230,#719,.T.);
#1565=EDGE_CURVE('',#1230,#1231,#1000,.T.);
#1566=EDGE_CURVE('',#1231,#1230,#1001,.T.);
#1567=EDGE_CURVE('',#1231,#1232,#1002,.T.);
#1568=EDGE_CURVE('',#1233,#1233,#1003,.T.);
#1569=EDGE_CURVE('',#1233,#1213,#720,.T.);
#1570=EDGE_CURVE('',#1201,#1234,#1004,.T.);
#1571=EDGE_CURVE('',#1234,#1235,#1005,.T.);
#1572=EDGE_CURVE('',#1235,#1202,#1006,.T.);
#1573=EDGE_CURVE('',#1236,#1203,#1007,.T.);
#1574=EDGE_CURVE('',#1235,#1236,#178,.T.);
#1575=EDGE_CURVE('',#1236,#1185,#179,.T.);
#1576=EDGE_CURVE('',#1186,#1237,#1008,.T.);
#1577=EDGE_CURVE('',#1237,#1181,#1009,.T.);
#1578=EDGE_CURVE('',#1237,#1238,#1010,.T.);
#1579=EDGE_CURVE('',#1238,#1199,#1011,.T.);
#1580=EDGE_CURVE('',#1239,#1200,#1012,.T.);
#1581=EDGE_CURVE('',#1238,#1239,#1013,.T.);
#1582=EDGE_CURVE('',#1239,#1234,#1014,.T.);
#1583=EDGE_CURVE('',#1240,#1185,#721,.T.);
#1584=EDGE_CURVE('',#1241,#1240,#180,.T.);
#1585=EDGE_CURVE('',#1241,#1186,#722,.T.);
#1586=EDGE_CURVE('',#1242,#1236,#723,.T.);
#1587=EDGE_CURVE('',#1242,#1240,#181,.T.);
#1588=EDGE_CURVE('',#1243,#1235,#724,.T.);
#1589=EDGE_CURVE('',#1242,#1243,#182,.T.);
#1590=EDGE_CURVE('',#1244,#1234,#725,.T.);
#1591=EDGE_CURVE('',#1244,#1245,#183,.T.);
#1592=EDGE_CURVE('',#1246,#1245,#726,.T.);
#1593=EDGE_CURVE('',#1247,#1246,#1015,.T.);
#1594=EDGE_CURVE('',#1248,#1247,#184,.T.);
#1595=EDGE_CURVE('',#1248,#1249,#185,.T.);
#1596=EDGE_CURVE('',#1243,#1249,#186,.T.);
#1597=EDGE_CURVE('',#1102,#1250,#1016,.T.);
#1598=EDGE_CURVE('',#1250,#1251,#1017,.T.);
#1599=EDGE_CURVE('',#1251,#1250,#1018,.T.);
#1600=EDGE_CURVE('',#1251,#1252,#727,.T.);
#1601=EDGE_CURVE('',#1252,#1252,#1019,.T.);
#1602=EDGE_CURVE('',#1253,#1244,#187,.T.);
#1603=EDGE_CURVE('',#1254,#1253,#188,.T.);
#1604=EDGE_CURVE('',#1255,#1254,#189,.T.);
#1605=EDGE_CURVE('',#1256,#1255,#190,.T.);
#1606=EDGE_CURVE('',#1257,#1256,#191,.T.);
#1607=EDGE_CURVE('',#1258,#1257,#192,.T.);
#1608=EDGE_CURVE('',#1245,#1258,#193,.T.);
#1609=EDGE_CURVE('',#1131,#1259,#1020,.T.);
#1610=EDGE_CURVE('',#1259,#1260,#194,.T.);
#1611=EDGE_CURVE('',#1260,#1097,#1021,.T.);
#1612=EDGE_CURVE('',#1261,#1098,#1022,.T.);
#1613=EDGE_CURVE('',#1260,#1261,#1023,.T.);
#1614=EDGE_CURVE('',#1261,#1262,#195,.T.);
#1615=EDGE_CURVE('',#1262,#1263,#196,.T.);
#1616=EDGE_CURVE('',#1263,#1264,#1024,.T.);
#1617=EDGE_CURVE('',#1264,#1098,#197,.T.);
#1618=EDGE_CURVE('',#1131,#1264,#198,.T.);
#1619=EDGE_CURVE('',#1263,#1259,#199,.T.);
#1620=EDGE_CURVE('',#1129,#1265,#200,.F.);
#1621=EDGE_CURVE('',#1265,#1266,#201,.T.);
#1622=EDGE_CURVE('',#1266,#1267,#202,.T.);
#1623=EDGE_CURVE('',#1267,#1268,#203,.T.);
#1624=EDGE_CURVE('',#1268,#1264,#204,.T.);
#1625=EDGE_CURVE('',#1262,#1269,#728,.T.);
#1626=EDGE_CURVE('',#1270,#1269,#205,.T.);
#1627=EDGE_CURVE('',#1271,#1270,#206,.T.);
#1628=EDGE_CURVE('',#1272,#1271,#207,.T.);
#1629=EDGE_CURVE('',#1272,#1273,#729,.T.);
#1630=EDGE_CURVE('',#1273,#1273,#1025,.T.);
#1631=EDGE_CURVE('',#1249,#1272,#208,.T.);
#1632=EDGE_CURVE('',#1274,#1248,#209,.T.);
#1633=EDGE_CURVE('',#1275,#1274,#210,.T.);
#1634=EDGE_CURVE('',#1276,#1275,#211,.T.);
#1635=EDGE_CURVE('',#1277,#1276,#212,.T.);
#1636=EDGE_CURVE('',#1269,#1277,#213,.T.);
#1637=EDGE_CURVE('',#1143,#1278,#730,.T.);
#1638=EDGE_CURVE('',#1278,#1153,#1026,.T.);
#1639=EDGE_CURVE('',#1279,#1104,#1027,.T.);
#1640=EDGE_CURVE('',#1104,#1153,#214,.T.);
#1641=EDGE_CURVE('',#1278,#1279,#215,.T.);
#1642=EDGE_CURVE('',#1280,#1105,#1028,.T.);
#1643=EDGE_CURVE('',#1279,#1280,#731,.T.);
#1644=EDGE_CURVE('',#1280,#1281,#216,.T.);
#1645=EDGE_CURVE('',#1281,#1106,#1029,.T.);
#1646=EDGE_CURVE('',#1282,#1107,#1030,.T.);
#1647=EDGE_CURVE('',#1281,#1282,#217,.T.);
#1648=EDGE_CURVE('',#1282,#1283,#218,.T.);
#1649=EDGE_CURVE('',#1283,#1108,#1031,.T.);
#1650=EDGE_CURVE('',#1284,#1109,#1032,.T.);
#1651=EDGE_CURVE('',#1283,#1284,#732,.T.);
#1652=EDGE_CURVE('',#1285,#1286,#1033,.T.);
#1653=EDGE_CURVE('',#1286,#1109,#219,.T.);
#1654=EDGE_CURVE('',#1284,#1285,#220,.T.);
#1655=EDGE_CURVE('',#1139,#1286,#733,.T.);
#1656=EDGE_CURVE('',#1285,#1140,#734,.T.);
#1657=EDGE_CURVE('',#1164,#1283,#735,.T.);
#1658=EDGE_CURVE('',#1287,#1163,#736,.T.);
#1659=EDGE_CURVE('',#1288,#1287,#1034,.T.);
#1660=EDGE_CURVE('',#1289,#1288,#1035,.T.);
#1661=EDGE_CURVE('',#1290,#1289,#1036,.T.);
#1662=EDGE_CURVE('',#1291,#1290,#737,.T.);
#1663=EDGE_CURVE('',#1141,#1291,#738,.T.);
#1664=EDGE_CURVE('',#1282,#1165,#739,.T.);
#1665=EDGE_CURVE('',#1166,#1281,#740,.T.);
#1666=EDGE_CURVE('',#1292,#1246,#1037,.T.);
#1667=EDGE_CURVE('',#1292,#1293,#1038,.T.);
#1668=EDGE_CURVE('',#1294,#1293,#1039,.T.);
#1669=EDGE_CURVE('',#1294,#1295,#1040,.T.);
#1670=EDGE_CURVE('',#1296,#1295,#221,.T.);
#1671=EDGE_CURVE('',#1296,#1297,#222,.T.);
#1672=EDGE_CURVE('',#1247,#1297,#223,.T.);
#1673=EDGE_CURVE('',#1280,#1167,#741,.T.);
#1674=EDGE_CURVE('',#1298,#1150,#742,.T.);
#1675=EDGE_CURVE('',#1299,#1298,#743,.T.);
#1676=EDGE_CURVE('',#1300,#1299,#1041,.T.);
#1677=EDGE_CURVE('',#1301,#1300,#1042,.T.);
#1678=EDGE_CURVE('',#1302,#1301,#1043,.T.);
#1679=EDGE_CURVE('',#1168,#1302,#744,.T.);
#1680=EDGE_CURVE('',#1149,#1298,#34,.T.);
#1681=EDGE_CURVE('',#1291,#1133,#35,.T.);
#1682=EDGE_CURVE('',#1171,#1290,#745,.T.);
#1683=EDGE_CURVE('',#1303,#1302,#746,.T.);
#1684=EDGE_CURVE('',#1303,#1169,#747,.T.);
#1685=EDGE_CURVE('',#1304,#1305,#224,.T.);
#1686=EDGE_CURVE('',#1306,#1305,#225,.T.);
#1687=EDGE_CURVE('',#1306,#1307,#21,.T.);
#1688=EDGE_CURVE('',#1307,#1308,#22,.T.);
#1689=EDGE_CURVE('',#1308,#1309,#23,.T.);
#1690=EDGE_CURVE('',#1310,#1309,#226,.T.);
#1691=EDGE_CURVE('',#1310,#1311,#227,.T.);
#1692=EDGE_CURVE('',#1311,#1304,#228,.T.);
#1693=EDGE_CURVE('',#1268,#1188,#748,.T.);
#1694=EDGE_CURVE('',#1301,#1312,#749,.T.);
#1695=EDGE_CURVE('',#1312,#1303,#1044,.F.);
#1696=EDGE_CURVE('',#1313,#1300,#750,.T.);
#1697=EDGE_CURVE('',#1313,#1312,#1045,.T.);
#1698=EDGE_CURVE('',#1299,#1314,#751,.T.);
#1699=EDGE_CURVE('',#1314,#1313,#1046,.F.);
#1700=EDGE_CURVE('',#1286,#1155,#229,.T.);
#1701=EDGE_CURVE('',#1110,#1155,#1047,.T.);
#1702=EDGE_CURVE('',#1289,#1315,#752,.T.);
#1703=EDGE_CURVE('',#1315,#1172,#1048,.T.);
#1704=EDGE_CURVE('',#1316,#1315,#1049,.T.);
#1705=EDGE_CURVE('',#1173,#1316,#1050,.T.);
#1706=EDGE_CURVE('',#1173,#1317,#1051,.T.);
#1707=EDGE_CURVE('',#1317,#1172,#1052,.T.);
#1708=EDGE_CURVE('',#1316,#1288,#753,.T.);
#1709=EDGE_CURVE('',#1287,#1174,#754,.T.);
#1710=EDGE_CURVE('',#1148,#1314,#755,.T.);
#1711=EDGE_CURVE('',#1159,#1111,#230,.T.);
#1712=EDGE_CURVE('',#1110,#1154,#1053,.T.);
#1713=EDGE_CURVE('',#1115,#1318,#231,.T.);
#1714=EDGE_CURVE('',#1318,#1191,#756,.T.);
#1715=EDGE_CURVE('',#1319,#1318,#232,.T.);
#1716=EDGE_CURVE('',#1319,#1320,#757,.T.);
#1717=EDGE_CURVE('',#1321,#1320,#1054,.T.);
#1718=EDGE_CURVE('',#1322,#1321,#758,.T.);
#1719=EDGE_CURVE('',#1323,#1322,#759,.T.);
#1720=EDGE_CURVE('',#1324,#1323,#760,.T.);
#1721=EDGE_CURVE('',#1325,#1324,#233,.T.);
#1722=EDGE_CURVE('',#1192,#1325,#761,.T.);
#1723=EDGE_CURVE('',#1326,#1327,#36,.T.);
#1724=EDGE_CURVE('',#1326,#1328,#762,.T.);
#1725=EDGE_CURVE('',#1328,#1329,#37,.T.);
#1726=EDGE_CURVE('',#1329,#1187,#763,.T.);
#1727=EDGE_CURVE('',#1327,#1198,#764,.T.);
#1728=EDGE_CURVE('',#1113,#1329,#765,.T.);
#1729=EDGE_CURVE('',#1112,#1157,#1055,.T.);
#1730=EDGE_CURVE('',#1330,#1326,#766,.T.);
#1731=EDGE_CURVE('',#1331,#1330,#767,.T.);
#1732=EDGE_CURVE('',#1332,#1331,#1056,.T.);
#1733=EDGE_CURVE('',#1328,#1332,#768,.T.);
#1734=EDGE_CURVE('',#1333,#1196,#769,.T.);
#1735=EDGE_CURVE('',#1334,#1333,#1057,.T.);
#1736=EDGE_CURVE('',#1197,#1334,#770,.T.);
#1737=EDGE_CURVE('',#1195,#1335,#771,.T.);
#1738=EDGE_CURVE('',#1335,#1333,#1058,.T.);
#1739=EDGE_CURVE('',#1336,#1334,#1059,.T.);
#1740=EDGE_CURVE('',#1335,#1336,#1060,.T.);
#1741=EDGE_CURVE('',#1336,#1337,#234,.T.);
#1742=EDGE_CURVE('',#1337,#1338,#1061,.T.);
#1743=EDGE_CURVE('',#1338,#1334,#235,.T.);
#1744=EDGE_CURVE('',#1339,#1340,#1062,.T.);
#1745=EDGE_CURVE('',#1340,#1338,#1063,.T.);
#1746=EDGE_CURVE('',#1337,#1339,#1064,.T.);
#1747=EDGE_CURVE('',#1339,#1341,#236,.T.);
#1748=EDGE_CURVE('',#1341,#1342,#1065,.T.);
#1749=EDGE_CURVE('',#1342,#1340,#237,.T.);
#1750=EDGE_CURVE('',#1224,#1342,#772,.T.);
#1751=EDGE_CURVE('',#1341,#1225,#773,.T.);
#1752=EDGE_CURVE('',#1327,#1217,#238,.T.);
#1753=EDGE_CURVE('',#1343,#1344,#1066,.T.);
#1754=EDGE_CURVE('',#1344,#1345,#1067,.T.);
#1755=EDGE_CURVE('',#1345,#1346,#1068,.T.);
#1756=EDGE_CURVE('',#1346,#1343,#1069,.T.);
#1757=EDGE_CURVE('',#1345,#1347,#239,.T.);
#1758=EDGE_CURVE('',#1347,#1324,#1070,.T.);
#1759=EDGE_CURVE('',#1324,#1346,#240,.T.);
#1760=EDGE_CURVE('',#1347,#1348,#241,.T.);
#1761=EDGE_CURVE('',#1348,#1325,#1071,.T.);
#1762=EDGE_CURVE('',#1348,#1193,#774,.T.);
#1763=EDGE_CURVE('',#1349,#1350,#1072,.T.);
#1764=EDGE_CURVE('',#1350,#1344,#242,.T.);
#1765=EDGE_CURVE('',#1343,#1349,#243,.T.);
#1766=EDGE_CURVE('',#1228,#1350,#775,.T.);
#1767=EDGE_CURVE('',#1349,#1229,#776,.T.);
#1768=EDGE_CURVE('',#1351,#1337,#777,.T.);
#1769=EDGE_CURVE('',#1345,#1351,#244,.T.);
#1770=EDGE_CURVE('',#1352,#1344,#778,.T.);
#1771=EDGE_CURVE('',#1352,#1353,#779,.T.);
#1772=EDGE_CURVE('',#1339,#1353,#780,.T.);
#1773=EDGE_CURVE('',#1350,#1354,#781,.T.);
#1774=EDGE_CURVE('',#1354,#1352,#1073,.T.);
#1775=EDGE_CURVE('',#1354,#1227,#782,.T.);
#1776=EDGE_CURVE('',#1222,#1323,#245,.T.);
#1777=EDGE_CURVE('',#1335,#1355,#783,.T.);
#1778=EDGE_CURVE('',#1355,#1351,#1074,.T.);
#1779=EDGE_CURVE('',#1355,#1348,#246,.T.);
#1780=EDGE_CURVE('',#1194,#1355,#784,.T.);
#1781=EDGE_CURVE('',#1353,#1356,#1075,.T.);
#1782=EDGE_CURVE('',#1356,#1341,#785,.T.);
#1783=EDGE_CURVE('',#1226,#1356,#786,.T.);
#1784=EDGE_CURVE('',#1215,#1330,#1076,.T.);
#1785=EDGE_CURVE('',#1322,#1219,#1077,.T.);
#1786=EDGE_CURVE('',#1357,#1358,#247,.F.);
#1787=EDGE_CURVE('',#1358,#1359,#24,.T.);
#1788=EDGE_CURVE('',#1359,#1360,#248,.T.);
#1789=EDGE_CURVE('',#1360,#1357,#249,.F.);
#1790=EDGE_CURVE('',#1128,#1357,#250,.T.);
#1791=EDGE_CURVE('',#1360,#1361,#251,.T.);
#1792=EDGE_CURVE('',#1306,#1361,#252,.F.);
#1793=EDGE_CURVE('',#1265,#1305,#253,.F.);
#1794=EDGE_CURVE('',#1362,#1363,#254,.T.);
#1795=EDGE_CURVE('',#1364,#1362,#255,.T.);
#1796=EDGE_CURVE('',#1365,#1364,#256,.F.);
#1797=EDGE_CURVE('',#1365,#1363,#25,.T.);
#1798=EDGE_CURVE('',#1364,#1366,#257,.F.);
#1799=EDGE_CURVE('',#1121,#1362,#258,.F.);
#1800=EDGE_CURVE('',#1120,#1367,#259,.T.);
#1801=EDGE_CURVE('',#1367,#1310,#260,.T.);
#1802=EDGE_CURVE('',#1309,#1366,#261,.T.);
#1803=EDGE_CURVE('',#1368,#1113,#1078,.T.);
#1804=EDGE_CURVE('',#1328,#1368,#787,.T.);
#1805=EDGE_CURVE('',#1368,#1319,#262,.T.);
#1806=EDGE_CURVE('',#1320,#1332,#788,.T.);
#1807=EDGE_CURVE('',#1331,#1321,#789,.T.);
#1808=EDGE_CURVE('',#1126,#1369,#263,.T.);
#1809=EDGE_CURVE('',#1369,#1209,#790,.T.);
#1810=EDGE_CURVE('',#1370,#1369,#26,.T.);
#1811=EDGE_CURVE('',#1370,#1208,#791,.T.);
#1812=EDGE_CURVE('',#1371,#1372,#27,.T.);
#1813=EDGE_CURVE('',#1372,#1205,#792,.T.);
#1814=EDGE_CURVE('',#1371,#1204,#793,.T.);
#1815=EDGE_CURVE('',#1371,#1123,#264,.T.);
#1816=EDGE_CURVE('',#1118,#1373,#265,.T.);
#1817=EDGE_CURVE('',#1373,#1190,#794,.T.);
#1818=EDGE_CURVE('',#1373,#1267,#266,.T.);
#1819=EDGE_CURVE('',#1267,#1189,#795,.T.);
#1820=EDGE_CURVE('',#1317,#1158,#796,.T.);
#1821=EDGE_CURVE('',#1363,#1371,#267,.T.);
#1822=EDGE_CURVE('',#1372,#1365,#797,.T.);
#1823=EDGE_CURVE('',#1369,#1358,#268,.T.);
#1824=EDGE_CURVE('',#1367,#1374,#269,.F.);
#1825=EDGE_CURVE('',#1373,#1374,#270,.T.);
#1826=EDGE_CURVE('',#1375,#1207,#798,.T.);
#1827=EDGE_CURVE('',#1361,#1375,#271,.T.);
#1828=EDGE_CURVE('',#1370,#1359,#799,.T.);
#1829=EDGE_CURVE('',#1366,#1376,#272,.F.);
#1830=EDGE_CURVE('',#1206,#1376,#800,.T.);
#1831=EDGE_CURVE('',#1277,#1241,#273,.T.);
#1832=EDGE_CURVE('',#1240,#1270,#274,.T.);
#1833=EDGE_CURVE('',#1275,#1296,#275,.T.);
#1834=EDGE_CURVE('',#1295,#1276,#276,.T.);
#1835=EDGE_CURVE('',#1271,#1242,#277,.T.);
#1836=EDGE_CURVE('',#1297,#1274,#278,.T.);
#1837=EDGE_CURVE('',#1237,#1255,#801,.T.);
#1838=EDGE_CURVE('',#1254,#1238,#802,.T.);
#1839=EDGE_CURVE('',#1256,#1294,#803,.T.);
#1840=EDGE_CURVE('',#1293,#1257,#804,.T.);
#1841=EDGE_CURVE('',#1239,#1253,#805,.T.);
#1842=EDGE_CURVE('',#1258,#1292,#806,.T.);
#1843=ORIENTED_EDGE('',*,*,#1377,.F.);
#1844=ORIENTED_EDGE('',*,*,#1378,.T.);
#1845=ORIENTED_EDGE('',*,*,#1379,.F.);
#1846=ORIENTED_EDGE('',*,*,#1378,.F.);
#1847=ORIENTED_EDGE('',*,*,#1380,.T.);
#1848=ORIENTED_EDGE('',*,*,#1381,.T.);
#1849=ORIENTED_EDGE('',*,*,#1382,.T.);
#1850=ORIENTED_EDGE('',*,*,#1383,.T.);
#1851=ORIENTED_EDGE('',*,*,#1384,.T.);
#1852=ORIENTED_EDGE('',*,*,#1382,.F.);
#1853=ORIENTED_EDGE('',*,*,#1385,.T.);
#1854=ORIENTED_EDGE('',*,*,#1386,.T.);
#1855=ORIENTED_EDGE('',*,*,#1387,.T.);
#1856=ORIENTED_EDGE('',*,*,#1388,.T.);
#1857=ORIENTED_EDGE('',*,*,#1389,.T.);
#1858=ORIENTED_EDGE('',*,*,#1390,.T.);
#1859=ORIENTED_EDGE('',*,*,#1386,.F.);
#1860=ORIENTED_EDGE('',*,*,#1391,.T.);
#1861=ORIENTED_EDGE('',*,*,#1392,.T.);
#1862=ORIENTED_EDGE('',*,*,#1384,.F.);
#1863=ORIENTED_EDGE('',*,*,#1393,.T.);
#1864=ORIENTED_EDGE('',*,*,#1394,.T.);
#1865=ORIENTED_EDGE('',*,*,#1395,.T.);
#1866=ORIENTED_EDGE('',*,*,#1396,.T.);
#1867=ORIENTED_EDGE('',*,*,#1383,.F.);
#1868=ORIENTED_EDGE('',*,*,#1397,.T.);
#1869=ORIENTED_EDGE('',*,*,#1393,.F.);
#1870=ORIENTED_EDGE('',*,*,#1398,.F.);
#1871=ORIENTED_EDGE('',*,*,#1399,.T.);
#1872=ORIENTED_EDGE('',*,*,#1387,.F.);
#1873=ORIENTED_EDGE('',*,*,#1400,.F.);
#1874=ORIENTED_EDGE('',*,*,#1401,.F.);
#1875=ORIENTED_EDGE('',*,*,#1394,.F.);
#1876=ORIENTED_EDGE('',*,*,#1397,.F.);
#1877=ORIENTED_EDGE('',*,*,#1388,.F.);
#1878=ORIENTED_EDGE('',*,*,#1399,.F.);
#1879=ORIENTED_EDGE('',*,*,#1390,.F.);
#1880=ORIENTED_EDGE('',*,*,#1402,.F.);
#1881=ORIENTED_EDGE('',*,*,#1400,.T.);
#1882=ORIENTED_EDGE('',*,*,#1389,.F.);
#1883=ORIENTED_EDGE('',*,*,#1403,.T.);
#1884=ORIENTED_EDGE('',*,*,#1395,.F.);
#1885=ORIENTED_EDGE('',*,*,#1401,.T.);
#1886=ORIENTED_EDGE('',*,*,#1402,.T.);
#1887=ORIENTED_EDGE('',*,*,#1380,.F.);
#1888=ORIENTED_EDGE('',*,*,#1396,.F.);
#1889=ORIENTED_EDGE('',*,*,#1404,.T.);
#1890=ORIENTED_EDGE('',*,*,#1405,.F.);
#1891=ORIENTED_EDGE('',*,*,#1406,.T.);
#1892=ORIENTED_EDGE('',*,*,#1407,.F.);
#1893=ORIENTED_EDGE('',*,*,#1408,.T.);
#1894=ORIENTED_EDGE('',*,*,#1409,.T.);
#1895=ORIENTED_EDGE('',*,*,#1410,.F.);
#1896=ORIENTED_EDGE('',*,*,#1392,.F.);
#1897=ORIENTED_EDGE('',*,*,#1411,.T.);
#1898=ORIENTED_EDGE('',*,*,#1412,.F.);
#1899=ORIENTED_EDGE('',*,*,#1413,.F.);
#1900=ORIENTED_EDGE('',*,*,#1414,.F.);
#1901=ORIENTED_EDGE('',*,*,#1415,.F.);
#1902=ORIENTED_EDGE('',*,*,#1416,.F.);
#1903=ORIENTED_EDGE('',*,*,#1417,.F.);
#1904=ORIENTED_EDGE('',*,*,#1418,.F.);
#1905=ORIENTED_EDGE('',*,*,#1419,.F.);
#1906=ORIENTED_EDGE('',*,*,#1420,.T.);
#1907=ORIENTED_EDGE('',*,*,#1421,.F.);
#1908=ORIENTED_EDGE('',*,*,#1422,.F.);
#1909=ORIENTED_EDGE('',*,*,#1423,.T.);
#1910=ORIENTED_EDGE('',*,*,#1424,.F.);
#1911=ORIENTED_EDGE('',*,*,#1425,.F.);
#1912=ORIENTED_EDGE('',*,*,#1426,.F.);
#1913=ORIENTED_EDGE('',*,*,#1427,.F.);
#1914=ORIENTED_EDGE('',*,*,#1428,.T.);
#1915=ORIENTED_EDGE('',*,*,#1429,.F.);
#1916=ORIENTED_EDGE('',*,*,#1430,.T.);
#1917=ORIENTED_EDGE('',*,*,#1431,.F.);
#1918=ORIENTED_EDGE('',*,*,#1432,.T.);
#1919=ORIENTED_EDGE('',*,*,#1433,.F.);
#1920=ORIENTED_EDGE('',*,*,#1434,.F.);
#1921=ORIENTED_EDGE('',*,*,#1435,.F.);
#1922=ORIENTED_EDGE('',*,*,#1436,.T.);
#1923=ORIENTED_EDGE('',*,*,#1437,.F.);
#1924=ORIENTED_EDGE('',*,*,#1438,.T.);
#1925=ORIENTED_EDGE('',*,*,#1439,.F.);
#1926=ORIENTED_EDGE('',*,*,#1440,.F.);
#1927=ORIENTED_EDGE('',*,*,#1404,.F.);
#1928=ORIENTED_EDGE('',*,*,#1403,.F.);
#1929=ORIENTED_EDGE('',*,*,#1441,.F.);
#1930=ORIENTED_EDGE('',*,*,#1442,.F.);
#1931=ORIENTED_EDGE('',*,*,#1443,.F.);
#1932=ORIENTED_EDGE('',*,*,#1444,.F.);
#1933=ORIENTED_EDGE('',*,*,#1445,.F.);
#1934=ORIENTED_EDGE('',*,*,#1446,.F.);
#1935=ORIENTED_EDGE('',*,*,#1447,.F.);
#1936=ORIENTED_EDGE('',*,*,#1448,.F.);
#1937=ORIENTED_EDGE('',*,*,#1449,.F.);
#1938=ORIENTED_EDGE('',*,*,#1450,.F.);
#1939=ORIENTED_EDGE('',*,*,#1451,.F.);
#1940=ORIENTED_EDGE('',*,*,#1452,.F.);
#1941=ORIENTED_EDGE('',*,*,#1453,.F.);
#1942=ORIENTED_EDGE('',*,*,#1454,.F.);
#1943=ORIENTED_EDGE('',*,*,#1455,.F.);
#1944=ORIENTED_EDGE('',*,*,#1456,.F.);
#1945=ORIENTED_EDGE('',*,*,#1457,.F.);
#1946=ORIENTED_EDGE('',*,*,#1458,.F.);
#1947=ORIENTED_EDGE('',*,*,#1459,.F.);
#1948=ORIENTED_EDGE('',*,*,#1454,.T.);
#1949=ORIENTED_EDGE('',*,*,#1460,.T.);
#1950=ORIENTED_EDGE('',*,*,#1408,.F.);
#1951=ORIENTED_EDGE('',*,*,#1461,.F.);
#1952=ORIENTED_EDGE('',*,*,#1462,.F.);
#1953=ORIENTED_EDGE('',*,*,#1381,.F.);
#1954=ORIENTED_EDGE('',*,*,#1409,.F.);
#1955=ORIENTED_EDGE('',*,*,#1460,.F.);
#1956=ORIENTED_EDGE('',*,*,#1453,.T.);
#1957=ORIENTED_EDGE('',*,*,#1463,.F.);
#1958=ORIENTED_EDGE('',*,*,#1464,.F.);
#1959=ORIENTED_EDGE('',*,*,#1411,.F.);
#1960=ORIENTED_EDGE('',*,*,#1391,.F.);
#1961=ORIENTED_EDGE('',*,*,#1385,.F.);
#1962=ORIENTED_EDGE('',*,*,#1452,.T.);
#1963=ORIENTED_EDGE('',*,*,#1465,.F.);
#1964=ORIENTED_EDGE('',*,*,#1466,.F.);
#1965=ORIENTED_EDGE('',*,*,#1463,.T.);
#1966=ORIENTED_EDGE('',*,*,#1446,.T.);
#1967=ORIENTED_EDGE('',*,*,#1467,.T.);
#1968=ORIENTED_EDGE('',*,*,#1468,.T.);
#1969=ORIENTED_EDGE('',*,*,#1469,.T.);
#1970=ORIENTED_EDGE('',*,*,#1445,.T.);
#1971=ORIENTED_EDGE('',*,*,#1470,.F.);
#1972=ORIENTED_EDGE('',*,*,#1471,.F.);
#1973=ORIENTED_EDGE('',*,*,#1472,.F.);
#1974=ORIENTED_EDGE('',*,*,#1473,.F.);
#1975=ORIENTED_EDGE('',*,*,#1474,.F.);
#1976=ORIENTED_EDGE('',*,*,#1467,.F.);
#1977=ORIENTED_EDGE('',*,*,#1444,.T.);
#1978=ORIENTED_EDGE('',*,*,#1475,.F.);
#1979=ORIENTED_EDGE('',*,*,#1476,.F.);
#1980=ORIENTED_EDGE('',*,*,#1477,.F.);
#1981=ORIENTED_EDGE('',*,*,#1470,.T.);
#1982=ORIENTED_EDGE('',*,*,#1455,.T.);
#1983=ORIENTED_EDGE('',*,*,#1462,.T.);
#1984=ORIENTED_EDGE('',*,*,#1478,.F.);
#1985=ORIENTED_EDGE('',*,*,#1475,.T.);
#1986=ORIENTED_EDGE('',*,*,#1443,.T.);
#1987=ORIENTED_EDGE('',*,*,#1479,.T.);
#1988=ORIENTED_EDGE('',*,*,#1480,.T.);
#1989=ORIENTED_EDGE('',*,*,#1481,.T.);
#1990=ORIENTED_EDGE('',*,*,#1482,.F.);
#1991=ORIENTED_EDGE('',*,*,#1483,.T.);
#1992=ORIENTED_EDGE('',*,*,#1484,.F.);
#1993=ORIENTED_EDGE('',*,*,#1485,.T.);
#1994=ORIENTED_EDGE('',*,*,#1486,.T.);
#1995=ORIENTED_EDGE('',*,*,#1487,.T.);
#1996=ORIENTED_EDGE('',*,*,#1488,.T.);
#1997=ORIENTED_EDGE('',*,*,#1442,.T.);
#1998=ORIENTED_EDGE('',*,*,#1489,.F.);
#1999=ORIENTED_EDGE('',*,*,#1490,.T.);
#2000=ORIENTED_EDGE('',*,*,#1491,.T.);
#2001=ORIENTED_EDGE('',*,*,#1492,.F.);
#2002=ORIENTED_EDGE('',*,*,#1493,.F.);
#2003=ORIENTED_EDGE('',*,*,#1479,.F.);
#2004=ORIENTED_EDGE('',*,*,#1494,.T.);
#2005=ORIENTED_EDGE('',*,*,#1495,.T.);
#2006=ORIENTED_EDGE('',*,*,#1496,.T.);
#2007=ORIENTED_EDGE('',*,*,#1497,.T.);
#2008=ORIENTED_EDGE('',*,*,#1498,.T.);
#2009=ORIENTED_EDGE('',*,*,#1499,.T.);
#2010=ORIENTED_EDGE('',*,*,#1496,.F.);
#2011=ORIENTED_EDGE('',*,*,#1500,.T.);
#2012=ORIENTED_EDGE('',*,*,#1501,.T.);
#2013=ORIENTED_EDGE('',*,*,#1502,.T.);
#2014=ORIENTED_EDGE('',*,*,#1503,.T.);
#2015=ORIENTED_EDGE('',*,*,#1498,.F.);
#2016=ORIENTED_EDGE('',*,*,#1504,.T.);
#2017=ORIENTED_EDGE('',*,*,#1494,.F.);
#2018=ORIENTED_EDGE('',*,*,#1505,.T.);
#2019=ORIENTED_EDGE('',*,*,#1501,.F.);
#2020=ORIENTED_EDGE('',*,*,#1506,.T.);
#2021=ORIENTED_EDGE('',*,*,#1500,.F.);
#2022=ORIENTED_EDGE('',*,*,#1507,.T.);
#2023=ORIENTED_EDGE('',*,*,#1508,.F.);
#2024=ORIENTED_EDGE('',*,*,#1509,.T.);
#2025=ORIENTED_EDGE('',*,*,#1510,.T.);
#2026=ORIENTED_EDGE('',*,*,#1511,.T.);
#2027=ORIENTED_EDGE('',*,*,#1476,.T.);
#2028=ORIENTED_EDGE('',*,*,#1478,.T.);
#2029=ORIENTED_EDGE('',*,*,#1461,.T.);
#2030=ORIENTED_EDGE('',*,*,#1407,.T.);
#2031=ORIENTED_EDGE('',*,*,#1512,.T.);
#2032=ORIENTED_EDGE('',*,*,#1513,.T.);
#2033=ORIENTED_EDGE('',*,*,#1514,.T.);
#2034=ORIENTED_EDGE('',*,*,#1515,.T.);
#2035=ORIENTED_EDGE('',*,*,#1425,.T.);
#2036=ORIENTED_EDGE('',*,*,#1516,.F.);
#2037=ORIENTED_EDGE('',*,*,#1517,.T.);
#2038=ORIENTED_EDGE('',*,*,#1518,.T.);
#2039=ORIENTED_EDGE('',*,*,#1519,.T.);
#2040=ORIENTED_EDGE('',*,*,#1520,.T.);
#2041=ORIENTED_EDGE('',*,*,#1521,.F.);
#2042=ORIENTED_EDGE('',*,*,#1522,.F.);
#2043=ORIENTED_EDGE('',*,*,#1523,.F.);
#2044=ORIENTED_EDGE('',*,*,#1524,.F.);
#2045=ORIENTED_EDGE('',*,*,#1495,.F.);
#2046=ORIENTED_EDGE('',*,*,#1525,.F.);
#2047=ORIENTED_EDGE('',*,*,#1526,.F.);
#2048=ORIENTED_EDGE('',*,*,#1527,.F.);
#2049=ORIENTED_EDGE('',*,*,#1528,.F.);
#2050=ORIENTED_EDGE('',*,*,#1529,.F.);
#2051=ORIENTED_EDGE('',*,*,#1530,.F.);
#2052=ORIENTED_EDGE('',*,*,#1507,.F.);
#2053=ORIENTED_EDGE('',*,*,#1433,.T.);
#2054=ORIENTED_EDGE('',*,*,#1531,.T.);
#2055=ORIENTED_EDGE('',*,*,#1532,.T.);
#2056=ORIENTED_EDGE('',*,*,#1533,.T.);
#2057=ORIENTED_EDGE('',*,*,#1534,.T.);
#2058=ORIENTED_EDGE('',*,*,#1535,.T.);
#2059=ORIENTED_EDGE('',*,*,#1536,.T.);
#2060=ORIENTED_EDGE('',*,*,#1537,.T.);
#2061=ORIENTED_EDGE('',*,*,#1538,.T.);
#2062=ORIENTED_EDGE('',*,*,#1539,.T.);
#2063=ORIENTED_EDGE('',*,*,#1540,.F.);
#2064=ORIENTED_EDGE('',*,*,#1541,.T.);
#2065=ORIENTED_EDGE('',*,*,#1502,.F.);
#2066=ORIENTED_EDGE('',*,*,#1505,.F.);
#2067=ORIENTED_EDGE('',*,*,#1497,.F.);
#2068=ORIENTED_EDGE('',*,*,#1499,.F.);
#2069=ORIENTED_EDGE('',*,*,#1503,.F.);
#2070=ORIENTED_EDGE('',*,*,#1541,.F.);
#2071=ORIENTED_EDGE('',*,*,#1542,.F.);
#2072=ORIENTED_EDGE('',*,*,#1543,.F.);
#2073=ORIENTED_EDGE('',*,*,#1544,.T.);
#2074=ORIENTED_EDGE('',*,*,#1545,.F.);
#2075=ORIENTED_EDGE('',*,*,#1546,.F.);
#2076=ORIENTED_EDGE('',*,*,#1547,.T.);
#2077=ORIENTED_EDGE('',*,*,#1548,.F.);
#2078=ORIENTED_EDGE('',*,*,#1544,.F.);
#2079=ORIENTED_EDGE('',*,*,#1549,.F.);
#2080=ORIENTED_EDGE('',*,*,#1550,.F.);
#2081=ORIENTED_EDGE('',*,*,#1551,.F.);
#2082=ORIENTED_EDGE('',*,*,#1552,.F.);
#2083=ORIENTED_EDGE('',*,*,#1551,.T.);
#2084=ORIENTED_EDGE('',*,*,#1553,.F.);
#2085=ORIENTED_EDGE('',*,*,#1554,.F.);
#2086=ORIENTED_EDGE('',*,*,#1555,.T.);
#2087=ORIENTED_EDGE('',*,*,#1556,.T.);
#2088=ORIENTED_EDGE('',*,*,#1557,.T.);
#2089=ORIENTED_EDGE('',*,*,#1558,.T.);
#2090=ORIENTED_EDGE('',*,*,#1559,.T.);
#2091=ORIENTED_EDGE('',*,*,#1560,.T.);
#2092=ORIENTED_EDGE('',*,*,#1553,.T.);
#2093=ORIENTED_EDGE('',*,*,#1550,.T.);
#2094=ORIENTED_EDGE('',*,*,#1561,.F.);
#2095=ORIENTED_EDGE('',*,*,#1545,.T.);
#2096=ORIENTED_EDGE('',*,*,#1548,.T.);
#2097=ORIENTED_EDGE('',*,*,#1562,.T.);
#2098=ORIENTED_EDGE('',*,*,#1563,.F.);
#2099=ORIENTED_EDGE('',*,*,#1539,.F.);
#2100=ORIENTED_EDGE('',*,*,#1564,.T.);
#2101=ORIENTED_EDGE('',*,*,#1565,.T.);
#2102=ORIENTED_EDGE('',*,*,#1566,.T.);
#2103=ORIENTED_EDGE('',*,*,#1564,.F.);
#2104=ORIENTED_EDGE('',*,*,#1538,.F.);
#2105=ORIENTED_EDGE('',*,*,#1566,.F.);
#2106=ORIENTED_EDGE('',*,*,#1567,.T.);
#2107=ORIENTED_EDGE('',*,*,#1567,.F.);
#2108=ORIENTED_EDGE('',*,*,#1565,.F.);
#2109=ORIENTED_EDGE('',*,*,#1568,.T.);
#2110=ORIENTED_EDGE('',*,*,#1569,.T.);
#2111=ORIENTED_EDGE('',*,*,#1540,.T.);
#2112=ORIENTED_EDGE('',*,*,#1563,.T.);
#2113=ORIENTED_EDGE('',*,*,#1542,.T.);
#2114=ORIENTED_EDGE('',*,*,#1569,.F.);
#2115=ORIENTED_EDGE('',*,*,#1568,.F.);
#2116=ORIENTED_EDGE('',*,*,#1570,.T.);
#2117=ORIENTED_EDGE('',*,*,#1571,.T.);
#2118=ORIENTED_EDGE('',*,*,#1572,.T.);
#2119=ORIENTED_EDGE('',*,*,#1528,.T.);
#2120=ORIENTED_EDGE('',*,*,#1573,.T.);
#2121=ORIENTED_EDGE('',*,*,#1529,.T.);
#2122=ORIENTED_EDGE('',*,*,#1572,.F.);
#2123=ORIENTED_EDGE('',*,*,#1574,.T.);
#2124=ORIENTED_EDGE('',*,*,#1508,.T.);
#2125=ORIENTED_EDGE('',*,*,#1530,.T.);
#2126=ORIENTED_EDGE('',*,*,#1573,.F.);
#2127=ORIENTED_EDGE('',*,*,#1575,.T.);
#2128=ORIENTED_EDGE('',*,*,#1504,.F.);
#2129=ORIENTED_EDGE('',*,*,#1510,.F.);
#2130=ORIENTED_EDGE('',*,*,#1576,.T.);
#2131=ORIENTED_EDGE('',*,*,#1577,.T.);
#2132=ORIENTED_EDGE('',*,*,#1506,.F.);
#2133=ORIENTED_EDGE('',*,*,#1577,.F.);
#2134=ORIENTED_EDGE('',*,*,#1578,.T.);
#2135=ORIENTED_EDGE('',*,*,#1579,.T.);
#2136=ORIENTED_EDGE('',*,*,#1525,.T.);
#2137=ORIENTED_EDGE('',*,*,#1580,.T.);
#2138=ORIENTED_EDGE('',*,*,#1526,.T.);
#2139=ORIENTED_EDGE('',*,*,#1579,.F.);
#2140=ORIENTED_EDGE('',*,*,#1581,.T.);
#2141=ORIENTED_EDGE('',*,*,#1570,.F.);
#2142=ORIENTED_EDGE('',*,*,#1527,.T.);
#2143=ORIENTED_EDGE('',*,*,#1580,.F.);
#2144=ORIENTED_EDGE('',*,*,#1582,.T.);
#2145=ORIENTED_EDGE('',*,*,#1509,.F.);
#2146=ORIENTED_EDGE('',*,*,#1583,.F.);
#2147=ORIENTED_EDGE('',*,*,#1584,.F.);
#2148=ORIENTED_EDGE('',*,*,#1585,.T.);
#2149=ORIENTED_EDGE('',*,*,#1575,.F.);
#2150=ORIENTED_EDGE('',*,*,#1586,.F.);
#2151=ORIENTED_EDGE('',*,*,#1587,.T.);
#2152=ORIENTED_EDGE('',*,*,#1583,.T.);
#2153=ORIENTED_EDGE('',*,*,#1574,.F.);
#2154=ORIENTED_EDGE('',*,*,#1588,.F.);
#2155=ORIENTED_EDGE('',*,*,#1589,.F.);
#2156=ORIENTED_EDGE('',*,*,#1586,.T.);
#2157=ORIENTED_EDGE('',*,*,#1571,.F.);
#2158=ORIENTED_EDGE('',*,*,#1590,.F.);
#2159=ORIENTED_EDGE('',*,*,#1591,.T.);
#2160=ORIENTED_EDGE('',*,*,#1592,.F.);
#2161=ORIENTED_EDGE('',*,*,#1593,.F.);
#2162=ORIENTED_EDGE('',*,*,#1594,.F.);
#2163=ORIENTED_EDGE('',*,*,#1595,.T.);
#2164=ORIENTED_EDGE('',*,*,#1596,.F.);
#2165=ORIENTED_EDGE('',*,*,#1588,.T.);
#2166=ORIENTED_EDGE('',*,*,#1410,.T.);
#2167=ORIENTED_EDGE('',*,*,#1597,.T.);
#2168=ORIENTED_EDGE('',*,*,#1598,.T.);
#2169=ORIENTED_EDGE('',*,*,#1599,.T.);
#2170=ORIENTED_EDGE('',*,*,#1597,.F.);
#2171=ORIENTED_EDGE('',*,*,#1599,.F.);
#2172=ORIENTED_EDGE('',*,*,#1600,.T.);
#2173=ORIENTED_EDGE('',*,*,#1601,.T.);
#2174=ORIENTED_EDGE('',*,*,#1600,.F.);
#2175=ORIENTED_EDGE('',*,*,#1598,.F.);
#2176=ORIENTED_EDGE('',*,*,#1488,.F.);
#2177=ORIENTED_EDGE('',*,*,#1602,.F.);
#2178=ORIENTED_EDGE('',*,*,#1603,.F.);
#2179=ORIENTED_EDGE('',*,*,#1604,.F.);
#2180=ORIENTED_EDGE('',*,*,#1605,.F.);
#2181=ORIENTED_EDGE('',*,*,#1606,.F.);
#2182=ORIENTED_EDGE('',*,*,#1607,.F.);
#2183=ORIENTED_EDGE('',*,*,#1608,.F.);
#2184=ORIENTED_EDGE('',*,*,#1591,.F.);
#2185=ORIENTED_EDGE('',*,*,#1609,.T.);
#2186=ORIENTED_EDGE('',*,*,#1610,.T.);
#2187=ORIENTED_EDGE('',*,*,#1611,.T.);
#2188=ORIENTED_EDGE('',*,*,#1440,.T.);
#2189=ORIENTED_EDGE('',*,*,#1612,.T.);
#2190=ORIENTED_EDGE('',*,*,#1405,.T.);
#2191=ORIENTED_EDGE('',*,*,#1611,.F.);
#2192=ORIENTED_EDGE('',*,*,#1613,.T.);
#2193=ORIENTED_EDGE('',*,*,#1612,.F.);
#2194=ORIENTED_EDGE('',*,*,#1614,.T.);
#2195=ORIENTED_EDGE('',*,*,#1615,.T.);
#2196=ORIENTED_EDGE('',*,*,#1616,.T.);
#2197=ORIENTED_EDGE('',*,*,#1617,.T.);
#2198=ORIENTED_EDGE('',*,*,#1609,.F.);
#2199=ORIENTED_EDGE('',*,*,#1618,.T.);
#2200=ORIENTED_EDGE('',*,*,#1616,.F.);
#2201=ORIENTED_EDGE('',*,*,#1619,.T.);
#2202=ORIENTED_EDGE('',*,*,#1618,.F.);
#2203=ORIENTED_EDGE('',*,*,#1439,.T.);
#2204=ORIENTED_EDGE('',*,*,#1438,.F.);
#2205=ORIENTED_EDGE('',*,*,#1620,.T.);
#2206=ORIENTED_EDGE('',*,*,#1621,.T.);
#2207=ORIENTED_EDGE('',*,*,#1622,.T.);
#2208=ORIENTED_EDGE('',*,*,#1623,.T.);
#2209=ORIENTED_EDGE('',*,*,#1624,.T.);
#2210=ORIENTED_EDGE('',*,*,#1610,.F.);
#2211=ORIENTED_EDGE('',*,*,#1619,.F.);
#2212=ORIENTED_EDGE('',*,*,#1615,.F.);
#2213=ORIENTED_EDGE('',*,*,#1625,.T.);
#2214=ORIENTED_EDGE('',*,*,#1626,.F.);
#2215=ORIENTED_EDGE('',*,*,#1627,.F.);
#2216=ORIENTED_EDGE('',*,*,#1628,.F.);
#2217=ORIENTED_EDGE('',*,*,#1629,.T.);
#2218=ORIENTED_EDGE('',*,*,#1630,.T.);
#2219=ORIENTED_EDGE('',*,*,#1629,.F.);
#2220=ORIENTED_EDGE('',*,*,#1631,.F.);
#2221=ORIENTED_EDGE('',*,*,#1595,.F.);
#2222=ORIENTED_EDGE('',*,*,#1632,.F.);
#2223=ORIENTED_EDGE('',*,*,#1633,.F.);
#2224=ORIENTED_EDGE('',*,*,#1634,.F.);
#2225=ORIENTED_EDGE('',*,*,#1635,.F.);
#2226=ORIENTED_EDGE('',*,*,#1636,.F.);
#2227=ORIENTED_EDGE('',*,*,#1625,.F.);
#2228=ORIENTED_EDGE('',*,*,#1614,.F.);
#2229=ORIENTED_EDGE('',*,*,#1613,.F.);
#2230=ORIENTED_EDGE('',*,*,#1451,.T.);
#2231=ORIENTED_EDGE('',*,*,#1637,.T.);
#2232=ORIENTED_EDGE('',*,*,#1638,.T.);
#2233=ORIENTED_EDGE('',*,*,#1465,.T.);
#2234=ORIENTED_EDGE('',*,*,#1639,.T.);
#2235=ORIENTED_EDGE('',*,*,#1640,.T.);
#2236=ORIENTED_EDGE('',*,*,#1638,.F.);
#2237=ORIENTED_EDGE('',*,*,#1641,.T.);
#2238=ORIENTED_EDGE('',*,*,#1642,.T.);
#2239=ORIENTED_EDGE('',*,*,#1413,.T.);
#2240=ORIENTED_EDGE('',*,*,#1639,.F.);
#2241=ORIENTED_EDGE('',*,*,#1643,.T.);
#2242=ORIENTED_EDGE('',*,*,#1642,.F.);
#2243=ORIENTED_EDGE('',*,*,#1644,.T.);
#2244=ORIENTED_EDGE('',*,*,#1645,.T.);
#2245=ORIENTED_EDGE('',*,*,#1414,.T.);
#2246=ORIENTED_EDGE('',*,*,#1646,.T.);
#2247=ORIENTED_EDGE('',*,*,#1415,.T.);
#2248=ORIENTED_EDGE('',*,*,#1645,.F.);
#2249=ORIENTED_EDGE('',*,*,#1647,.T.);
#2250=ORIENTED_EDGE('',*,*,#1646,.F.);
#2251=ORIENTED_EDGE('',*,*,#1648,.T.);
#2252=ORIENTED_EDGE('',*,*,#1649,.T.);
#2253=ORIENTED_EDGE('',*,*,#1416,.T.);
#2254=ORIENTED_EDGE('',*,*,#1650,.T.);
#2255=ORIENTED_EDGE('',*,*,#1417,.T.);
#2256=ORIENTED_EDGE('',*,*,#1649,.F.);
#2257=ORIENTED_EDGE('',*,*,#1651,.T.);
#2258=ORIENTED_EDGE('',*,*,#1652,.T.);
#2259=ORIENTED_EDGE('',*,*,#1653,.T.);
#2260=ORIENTED_EDGE('',*,*,#1650,.F.);
#2261=ORIENTED_EDGE('',*,*,#1654,.T.);
#2262=ORIENTED_EDGE('',*,*,#1448,.T.);
#2263=ORIENTED_EDGE('',*,*,#1655,.T.);
#2264=ORIENTED_EDGE('',*,*,#1652,.F.);
#2265=ORIENTED_EDGE('',*,*,#1656,.T.);
#2266=ORIENTED_EDGE('',*,*,#1449,.T.);
#2267=ORIENTED_EDGE('',*,*,#1656,.F.);
#2268=ORIENTED_EDGE('',*,*,#1654,.F.);
#2269=ORIENTED_EDGE('',*,*,#1651,.F.);
#2270=ORIENTED_EDGE('',*,*,#1657,.F.);
#2271=ORIENTED_EDGE('',*,*,#1481,.F.);
#2272=ORIENTED_EDGE('',*,*,#1658,.F.);
#2273=ORIENTED_EDGE('',*,*,#1659,.F.);
#2274=ORIENTED_EDGE('',*,*,#1660,.F.);
#2275=ORIENTED_EDGE('',*,*,#1661,.F.);
#2276=ORIENTED_EDGE('',*,*,#1662,.F.);
#2277=ORIENTED_EDGE('',*,*,#1663,.F.);
#2278=ORIENTED_EDGE('',*,*,#1648,.F.);
#2279=ORIENTED_EDGE('',*,*,#1664,.T.);
#2280=ORIENTED_EDGE('',*,*,#1482,.T.);
#2281=ORIENTED_EDGE('',*,*,#1657,.T.);
#2282=ORIENTED_EDGE('',*,*,#1647,.F.);
#2283=ORIENTED_EDGE('',*,*,#1665,.F.);
#2284=ORIENTED_EDGE('',*,*,#1483,.F.);
#2285=ORIENTED_EDGE('',*,*,#1664,.F.);
#2286=ORIENTED_EDGE('',*,*,#1593,.T.);
#2287=ORIENTED_EDGE('',*,*,#1666,.F.);
#2288=ORIENTED_EDGE('',*,*,#1667,.T.);
#2289=ORIENTED_EDGE('',*,*,#1668,.F.);
#2290=ORIENTED_EDGE('',*,*,#1669,.T.);
#2291=ORIENTED_EDGE('',*,*,#1670,.F.);
#2292=ORIENTED_EDGE('',*,*,#1671,.T.);
#2293=ORIENTED_EDGE('',*,*,#1672,.F.);
#2294=ORIENTED_EDGE('',*,*,#1644,.F.);
#2295=ORIENTED_EDGE('',*,*,#1673,.T.);
#2296=ORIENTED_EDGE('',*,*,#1484,.T.);
#2297=ORIENTED_EDGE('',*,*,#1665,.T.);
#2298=ORIENTED_EDGE('',*,*,#1459,.T.);
#2299=ORIENTED_EDGE('',*,*,#1674,.F.);
#2300=ORIENTED_EDGE('',*,*,#1675,.F.);
#2301=ORIENTED_EDGE('',*,*,#1676,.F.);
#2302=ORIENTED_EDGE('',*,*,#1677,.F.);
#2303=ORIENTED_EDGE('',*,*,#1678,.F.);
#2304=ORIENTED_EDGE('',*,*,#1679,.F.);
#2305=ORIENTED_EDGE('',*,*,#1485,.F.);
#2306=ORIENTED_EDGE('',*,*,#1673,.F.);
#2307=ORIENTED_EDGE('',*,*,#1643,.F.);
#2308=ORIENTED_EDGE('',*,*,#1641,.F.);
#2309=ORIENTED_EDGE('',*,*,#1637,.F.);
#2310=ORIENTED_EDGE('',*,*,#1458,.T.);
#2311=ORIENTED_EDGE('',*,*,#1680,.T.);
#2312=ORIENTED_EDGE('',*,*,#1674,.T.);
#2313=ORIENTED_EDGE('',*,*,#1441,.T.);
#2314=ORIENTED_EDGE('',*,*,#1681,.F.);
#2315=ORIENTED_EDGE('',*,*,#1662,.T.);
#2316=ORIENTED_EDGE('',*,*,#1682,.F.);
#2317=ORIENTED_EDGE('',*,*,#1489,.T.);
#2318=ORIENTED_EDGE('',*,*,#1679,.T.);
#2319=ORIENTED_EDGE('',*,*,#1683,.F.);
#2320=ORIENTED_EDGE('',*,*,#1684,.T.);
#2321=ORIENTED_EDGE('',*,*,#1486,.F.);
#2322=ORIENTED_EDGE('',*,*,#1685,.T.);
#2323=ORIENTED_EDGE('',*,*,#1686,.F.);
#2324=ORIENTED_EDGE('',*,*,#1687,.T.);
#2325=ORIENTED_EDGE('',*,*,#1688,.T.);
#2326=ORIENTED_EDGE('',*,*,#1689,.T.);
#2327=ORIENTED_EDGE('',*,*,#1690,.F.);
#2328=ORIENTED_EDGE('',*,*,#1691,.T.);
#2329=ORIENTED_EDGE('',*,*,#1692,.T.);
#2330=ORIENTED_EDGE('',*,*,#1617,.F.);
#2331=ORIENTED_EDGE('',*,*,#1624,.F.);
#2332=ORIENTED_EDGE('',*,*,#1693,.T.);
#2333=ORIENTED_EDGE('',*,*,#1512,.F.);
#2334=ORIENTED_EDGE('',*,*,#1406,.F.);
#2335=ORIENTED_EDGE('',*,*,#1678,.T.);
#2336=ORIENTED_EDGE('',*,*,#1694,.T.);
#2337=ORIENTED_EDGE('',*,*,#1695,.T.);
#2338=ORIENTED_EDGE('',*,*,#1683,.T.);
#2339=ORIENTED_EDGE('',*,*,#1677,.T.);
#2340=ORIENTED_EDGE('',*,*,#1696,.F.);
#2341=ORIENTED_EDGE('',*,*,#1697,.T.);
#2342=ORIENTED_EDGE('',*,*,#1694,.F.);
#2343=ORIENTED_EDGE('',*,*,#1676,.T.);
#2344=ORIENTED_EDGE('',*,*,#1698,.T.);
#2345=ORIENTED_EDGE('',*,*,#1699,.T.);
#2346=ORIENTED_EDGE('',*,*,#1696,.T.);
#2347=ORIENTED_EDGE('',*,*,#1653,.F.);
#2348=ORIENTED_EDGE('',*,*,#1700,.T.);
#2349=ORIENTED_EDGE('',*,*,#1701,.F.);
#2350=ORIENTED_EDGE('',*,*,#1418,.T.);
#2351=ORIENTED_EDGE('',*,*,#1447,.T.);
#2352=ORIENTED_EDGE('',*,*,#1469,.F.);
#2353=ORIENTED_EDGE('',*,*,#1700,.F.);
#2354=ORIENTED_EDGE('',*,*,#1655,.F.);
#2355=ORIENTED_EDGE('',*,*,#1661,.T.);
#2356=ORIENTED_EDGE('',*,*,#1702,.T.);
#2357=ORIENTED_EDGE('',*,*,#1703,.T.);
#2358=ORIENTED_EDGE('',*,*,#1490,.F.);
#2359=ORIENTED_EDGE('',*,*,#1682,.T.);
#2360=ORIENTED_EDGE('',*,*,#1703,.F.);
#2361=ORIENTED_EDGE('',*,*,#1704,.F.);
#2362=ORIENTED_EDGE('',*,*,#1705,.F.);
#2363=ORIENTED_EDGE('',*,*,#1706,.T.);
#2364=ORIENTED_EDGE('',*,*,#1707,.T.);
#2365=ORIENTED_EDGE('',*,*,#1660,.T.);
#2366=ORIENTED_EDGE('',*,*,#1708,.F.);
#2367=ORIENTED_EDGE('',*,*,#1704,.T.);
#2368=ORIENTED_EDGE('',*,*,#1702,.F.);
#2369=ORIENTED_EDGE('',*,*,#1659,.T.);
#2370=ORIENTED_EDGE('',*,*,#1709,.T.);
#2371=ORIENTED_EDGE('',*,*,#1492,.T.);
#2372=ORIENTED_EDGE('',*,*,#1705,.T.);
#2373=ORIENTED_EDGE('',*,*,#1708,.T.);
#2374=ORIENTED_EDGE('',*,*,#1658,.T.);
#2375=ORIENTED_EDGE('',*,*,#1480,.F.);
#2376=ORIENTED_EDGE('',*,*,#1493,.T.);
#2377=ORIENTED_EDGE('',*,*,#1709,.F.);
#2378=ORIENTED_EDGE('',*,*,#1457,.T.);
#2379=ORIENTED_EDGE('',*,*,#1710,.T.);
#2380=ORIENTED_EDGE('',*,*,#1698,.F.);
#2381=ORIENTED_EDGE('',*,*,#1675,.T.);
#2382=ORIENTED_EDGE('',*,*,#1680,.F.);
#2383=ORIENTED_EDGE('',*,*,#1711,.T.);
#2384=ORIENTED_EDGE('',*,*,#1419,.T.);
#2385=ORIENTED_EDGE('',*,*,#1712,.T.);
#2386=ORIENTED_EDGE('',*,*,#1474,.T.);
#2387=ORIENTED_EDGE('',*,*,#1712,.F.);
#2388=ORIENTED_EDGE('',*,*,#1701,.T.);
#2389=ORIENTED_EDGE('',*,*,#1468,.F.);
#2390=ORIENTED_EDGE('',*,*,#1450,.T.);
#2391=ORIENTED_EDGE('',*,*,#1663,.T.);
#2392=ORIENTED_EDGE('',*,*,#1681,.T.);
#2393=ORIENTED_EDGE('',*,*,#1640,.F.);
#2394=ORIENTED_EDGE('',*,*,#1412,.T.);
#2395=ORIENTED_EDGE('',*,*,#1464,.T.);
#2396=ORIENTED_EDGE('',*,*,#1466,.T.);
#2397=ORIENTED_EDGE('',*,*,#1713,.T.);
#2398=ORIENTED_EDGE('',*,*,#1714,.T.);
#2399=ORIENTED_EDGE('',*,*,#1516,.T.);
#2400=ORIENTED_EDGE('',*,*,#1424,.T.);
#2401=ORIENTED_EDGE('',*,*,#1714,.F.);
#2402=ORIENTED_EDGE('',*,*,#1715,.F.);
#2403=ORIENTED_EDGE('',*,*,#1716,.T.);
#2404=ORIENTED_EDGE('',*,*,#1717,.F.);
#2405=ORIENTED_EDGE('',*,*,#1718,.F.);
#2406=ORIENTED_EDGE('',*,*,#1719,.F.);
#2407=ORIENTED_EDGE('',*,*,#1720,.F.);
#2408=ORIENTED_EDGE('',*,*,#1721,.F.);
#2409=ORIENTED_EDGE('',*,*,#1722,.F.);
#2410=ORIENTED_EDGE('',*,*,#1517,.F.);
#2411=ORIENTED_EDGE('',*,*,#1723,.F.);
#2412=ORIENTED_EDGE('',*,*,#1724,.T.);
#2413=ORIENTED_EDGE('',*,*,#1725,.T.);
#2414=ORIENTED_EDGE('',*,*,#1726,.T.);
#2415=ORIENTED_EDGE('',*,*,#1524,.T.);
#2416=ORIENTED_EDGE('',*,*,#1727,.F.);
#2417=ORIENTED_EDGE('',*,*,#1726,.F.);
#2418=ORIENTED_EDGE('',*,*,#1728,.F.);
#2419=ORIENTED_EDGE('',*,*,#1421,.T.);
#2420=ORIENTED_EDGE('',*,*,#1729,.T.);
#2421=ORIENTED_EDGE('',*,*,#1471,.T.);
#2422=ORIENTED_EDGE('',*,*,#1477,.T.);
#2423=ORIENTED_EDGE('',*,*,#1511,.F.);
#2424=ORIENTED_EDGE('',*,*,#1724,.F.);
#2425=ORIENTED_EDGE('',*,*,#1730,.F.);
#2426=ORIENTED_EDGE('',*,*,#1731,.F.);
#2427=ORIENTED_EDGE('',*,*,#1732,.F.);
#2428=ORIENTED_EDGE('',*,*,#1733,.F.);
#2429=ORIENTED_EDGE('',*,*,#1522,.T.);
#2430=ORIENTED_EDGE('',*,*,#1734,.F.);
#2431=ORIENTED_EDGE('',*,*,#1735,.F.);
#2432=ORIENTED_EDGE('',*,*,#1736,.F.);
#2433=ORIENTED_EDGE('',*,*,#1521,.T.);
#2434=ORIENTED_EDGE('',*,*,#1737,.T.);
#2435=ORIENTED_EDGE('',*,*,#1738,.T.);
#2436=ORIENTED_EDGE('',*,*,#1734,.T.);
#2437=ORIENTED_EDGE('',*,*,#1739,.T.);
#2438=ORIENTED_EDGE('',*,*,#1735,.T.);
#2439=ORIENTED_EDGE('',*,*,#1738,.F.);
#2440=ORIENTED_EDGE('',*,*,#1740,.T.);
#2441=ORIENTED_EDGE('',*,*,#1739,.F.);
#2442=ORIENTED_EDGE('',*,*,#1741,.T.);
#2443=ORIENTED_EDGE('',*,*,#1742,.T.);
#2444=ORIENTED_EDGE('',*,*,#1743,.T.);
#2445=ORIENTED_EDGE('',*,*,#1744,.T.);
#2446=ORIENTED_EDGE('',*,*,#1745,.T.);
#2447=ORIENTED_EDGE('',*,*,#1742,.F.);
#2448=ORIENTED_EDGE('',*,*,#1746,.T.);
#2449=ORIENTED_EDGE('',*,*,#1744,.F.);
#2450=ORIENTED_EDGE('',*,*,#1747,.T.);
#2451=ORIENTED_EDGE('',*,*,#1748,.T.);
#2452=ORIENTED_EDGE('',*,*,#1749,.T.);
#2453=ORIENTED_EDGE('',*,*,#1750,.T.);
#2454=ORIENTED_EDGE('',*,*,#1748,.F.);
#2455=ORIENTED_EDGE('',*,*,#1751,.T.);
#2456=ORIENTED_EDGE('',*,*,#1555,.F.);
#2457=ORIENTED_EDGE('',*,*,#1523,.T.);
#2458=ORIENTED_EDGE('',*,*,#1736,.T.);
#2459=ORIENTED_EDGE('',*,*,#1743,.F.);
#2460=ORIENTED_EDGE('',*,*,#1745,.F.);
#2461=ORIENTED_EDGE('',*,*,#1749,.F.);
#2462=ORIENTED_EDGE('',*,*,#1750,.F.);
#2463=ORIENTED_EDGE('',*,*,#1562,.F.);
#2464=ORIENTED_EDGE('',*,*,#1547,.F.);
#2465=ORIENTED_EDGE('',*,*,#1752,.F.);
#2466=ORIENTED_EDGE('',*,*,#1727,.T.);
#2467=ORIENTED_EDGE('',*,*,#1753,.T.);
#2468=ORIENTED_EDGE('',*,*,#1754,.T.);
#2469=ORIENTED_EDGE('',*,*,#1755,.T.);
#2470=ORIENTED_EDGE('',*,*,#1756,.T.);
#2471=ORIENTED_EDGE('',*,*,#1755,.F.);
#2472=ORIENTED_EDGE('',*,*,#1757,.T.);
#2473=ORIENTED_EDGE('',*,*,#1758,.T.);
#2474=ORIENTED_EDGE('',*,*,#1759,.T.);
#2475=ORIENTED_EDGE('',*,*,#1758,.F.);
#2476=ORIENTED_EDGE('',*,*,#1760,.T.);
#2477=ORIENTED_EDGE('',*,*,#1761,.T.);
#2478=ORIENTED_EDGE('',*,*,#1721,.T.);
#2479=ORIENTED_EDGE('',*,*,#1518,.F.);
#2480=ORIENTED_EDGE('',*,*,#1722,.T.);
#2481=ORIENTED_EDGE('',*,*,#1761,.F.);
#2482=ORIENTED_EDGE('',*,*,#1762,.T.);
#2483=ORIENTED_EDGE('',*,*,#1763,.T.);
#2484=ORIENTED_EDGE('',*,*,#1764,.T.);
#2485=ORIENTED_EDGE('',*,*,#1753,.F.);
#2486=ORIENTED_EDGE('',*,*,#1765,.T.);
#2487=ORIENTED_EDGE('',*,*,#1766,.T.);
#2488=ORIENTED_EDGE('',*,*,#1763,.F.);
#2489=ORIENTED_EDGE('',*,*,#1767,.T.);
#2490=ORIENTED_EDGE('',*,*,#1559,.F.);
#2491=ORIENTED_EDGE('',*,*,#1746,.F.);
#2492=ORIENTED_EDGE('',*,*,#1768,.F.);
#2493=ORIENTED_EDGE('',*,*,#1769,.F.);
#2494=ORIENTED_EDGE('',*,*,#1754,.F.);
#2495=ORIENTED_EDGE('',*,*,#1770,.F.);
#2496=ORIENTED_EDGE('',*,*,#1771,.T.);
#2497=ORIENTED_EDGE('',*,*,#1772,.F.);
#2498=ORIENTED_EDGE('',*,*,#1764,.F.);
#2499=ORIENTED_EDGE('',*,*,#1773,.T.);
#2500=ORIENTED_EDGE('',*,*,#1774,.T.);
#2501=ORIENTED_EDGE('',*,*,#1770,.T.);
#2502=ORIENTED_EDGE('',*,*,#1766,.F.);
#2503=ORIENTED_EDGE('',*,*,#1558,.F.);
#2504=ORIENTED_EDGE('',*,*,#1775,.F.);
#2505=ORIENTED_EDGE('',*,*,#1773,.F.);
#2506=ORIENTED_EDGE('',*,*,#1767,.F.);
#2507=ORIENTED_EDGE('',*,*,#1765,.F.);
#2508=ORIENTED_EDGE('',*,*,#1756,.F.);
#2509=ORIENTED_EDGE('',*,*,#1759,.F.);
#2510=ORIENTED_EDGE('',*,*,#1720,.T.);
#2511=ORIENTED_EDGE('',*,*,#1776,.F.);
#2512=ORIENTED_EDGE('',*,*,#1554,.T.);
#2513=ORIENTED_EDGE('',*,*,#1560,.F.);
#2514=ORIENTED_EDGE('',*,*,#1740,.F.);
#2515=ORIENTED_EDGE('',*,*,#1777,.T.);
#2516=ORIENTED_EDGE('',*,*,#1778,.T.);
#2517=ORIENTED_EDGE('',*,*,#1768,.T.);
#2518=ORIENTED_EDGE('',*,*,#1741,.F.);
#2519=ORIENTED_EDGE('',*,*,#1757,.F.);
#2520=ORIENTED_EDGE('',*,*,#1769,.T.);
#2521=ORIENTED_EDGE('',*,*,#1778,.F.);
#2522=ORIENTED_EDGE('',*,*,#1779,.T.);
#2523=ORIENTED_EDGE('',*,*,#1760,.F.);
#2524=ORIENTED_EDGE('',*,*,#1737,.F.);
#2525=ORIENTED_EDGE('',*,*,#1520,.F.);
#2526=ORIENTED_EDGE('',*,*,#1780,.T.);
#2527=ORIENTED_EDGE('',*,*,#1777,.F.);
#2528=ORIENTED_EDGE('',*,*,#1747,.F.);
#2529=ORIENTED_EDGE('',*,*,#1772,.T.);
#2530=ORIENTED_EDGE('',*,*,#1781,.T.);
#2531=ORIENTED_EDGE('',*,*,#1782,.T.);
#2532=ORIENTED_EDGE('',*,*,#1781,.F.);
#2533=ORIENTED_EDGE('',*,*,#1771,.F.);
#2534=ORIENTED_EDGE('',*,*,#1774,.F.);
#2535=ORIENTED_EDGE('',*,*,#1775,.T.);
#2536=ORIENTED_EDGE('',*,*,#1557,.F.);
#2537=ORIENTED_EDGE('',*,*,#1783,.T.);
#2538=ORIENTED_EDGE('',*,*,#1751,.F.);
#2539=ORIENTED_EDGE('',*,*,#1782,.F.);
#2540=ORIENTED_EDGE('',*,*,#1783,.F.);
#2541=ORIENTED_EDGE('',*,*,#1556,.F.);
#2542=ORIENTED_EDGE('',*,*,#1723,.T.);
#2543=ORIENTED_EDGE('',*,*,#1752,.T.);
#2544=ORIENTED_EDGE('',*,*,#1546,.T.);
#2545=ORIENTED_EDGE('',*,*,#1543,.T.);
#2546=ORIENTED_EDGE('',*,*,#1784,.T.);
#2547=ORIENTED_EDGE('',*,*,#1730,.T.);
#2548=ORIENTED_EDGE('',*,*,#1776,.T.);
#2549=ORIENTED_EDGE('',*,*,#1719,.T.);
#2550=ORIENTED_EDGE('',*,*,#1785,.T.);
#2551=ORIENTED_EDGE('',*,*,#1549,.T.);
#2552=ORIENTED_EDGE('',*,*,#1552,.T.);
#2553=ORIENTED_EDGE('',*,*,#1786,.T.);
#2554=ORIENTED_EDGE('',*,*,#1787,.T.);
#2555=ORIENTED_EDGE('',*,*,#1788,.T.);
#2556=ORIENTED_EDGE('',*,*,#1789,.T.);
#2557=ORIENTED_EDGE('',*,*,#1620,.F.);
#2558=ORIENTED_EDGE('',*,*,#1437,.T.);
#2559=ORIENTED_EDGE('',*,*,#1790,.T.);
#2560=ORIENTED_EDGE('',*,*,#1789,.F.);
#2561=ORIENTED_EDGE('',*,*,#1791,.T.);
#2562=ORIENTED_EDGE('',*,*,#1792,.F.);
#2563=ORIENTED_EDGE('',*,*,#1686,.T.);
#2564=ORIENTED_EDGE('',*,*,#1793,.F.);
#2565=ORIENTED_EDGE('',*,*,#1794,.F.);
#2566=ORIENTED_EDGE('',*,*,#1795,.F.);
#2567=ORIENTED_EDGE('',*,*,#1796,.F.);
#2568=ORIENTED_EDGE('',*,*,#1797,.T.);
#2569=ORIENTED_EDGE('',*,*,#1798,.F.);
#2570=ORIENTED_EDGE('',*,*,#1795,.T.);
#2571=ORIENTED_EDGE('',*,*,#1799,.F.);
#2572=ORIENTED_EDGE('',*,*,#1429,.T.);
#2573=ORIENTED_EDGE('',*,*,#1800,.T.);
#2574=ORIENTED_EDGE('',*,*,#1801,.T.);
#2575=ORIENTED_EDGE('',*,*,#1690,.T.);
#2576=ORIENTED_EDGE('',*,*,#1802,.T.);
#2577=ORIENTED_EDGE('',*,*,#1803,.T.);
#2578=ORIENTED_EDGE('',*,*,#1728,.T.);
#2579=ORIENTED_EDGE('',*,*,#1725,.F.);
#2580=ORIENTED_EDGE('',*,*,#1804,.T.);
#2581=ORIENTED_EDGE('',*,*,#1715,.T.);
#2582=ORIENTED_EDGE('',*,*,#1713,.F.);
#2583=ORIENTED_EDGE('',*,*,#1423,.F.);
#2584=ORIENTED_EDGE('',*,*,#1422,.T.);
#2585=ORIENTED_EDGE('',*,*,#1803,.F.);
#2586=ORIENTED_EDGE('',*,*,#1805,.T.);
#2587=ORIENTED_EDGE('',*,*,#1805,.F.);
#2588=ORIENTED_EDGE('',*,*,#1804,.F.);
#2589=ORIENTED_EDGE('',*,*,#1733,.T.);
#2590=ORIENTED_EDGE('',*,*,#1806,.F.);
#2591=ORIENTED_EDGE('',*,*,#1716,.F.);
#2592=ORIENTED_EDGE('',*,*,#1762,.F.);
#2593=ORIENTED_EDGE('',*,*,#1779,.F.);
#2594=ORIENTED_EDGE('',*,*,#1780,.F.);
#2595=ORIENTED_EDGE('',*,*,#1519,.F.);
#2596=ORIENTED_EDGE('',*,*,#1732,.T.);
#2597=ORIENTED_EDGE('',*,*,#1807,.T.);
#2598=ORIENTED_EDGE('',*,*,#1717,.T.);
#2599=ORIENTED_EDGE('',*,*,#1806,.T.);
#2600=ORIENTED_EDGE('',*,*,#1561,.T.);
#2601=ORIENTED_EDGE('',*,*,#1785,.F.);
#2602=ORIENTED_EDGE('',*,*,#1718,.T.);
#2603=ORIENTED_EDGE('',*,*,#1807,.F.);
#2604=ORIENTED_EDGE('',*,*,#1731,.T.);
#2605=ORIENTED_EDGE('',*,*,#1784,.F.);
#2606=ORIENTED_EDGE('',*,*,#1379,.T.);
#2607=ORIENTED_EDGE('',*,*,#1377,.T.);
#2608=ORIENTED_EDGE('',*,*,#1808,.F.);
#2609=ORIENTED_EDGE('',*,*,#1434,.T.);
#2610=ORIENTED_EDGE('',*,*,#1537,.F.);
#2611=ORIENTED_EDGE('',*,*,#1809,.F.);
#2612=ORIENTED_EDGE('',*,*,#1810,.T.);
#2613=ORIENTED_EDGE('',*,*,#1809,.T.);
#2614=ORIENTED_EDGE('',*,*,#1536,.F.);
#2615=ORIENTED_EDGE('',*,*,#1811,.F.);
#2616=ORIENTED_EDGE('',*,*,#1812,.T.);
#2617=ORIENTED_EDGE('',*,*,#1813,.T.);
#2618=ORIENTED_EDGE('',*,*,#1532,.F.);
#2619=ORIENTED_EDGE('',*,*,#1814,.F.);
#2620=ORIENTED_EDGE('',*,*,#1815,.F.);
#2621=ORIENTED_EDGE('',*,*,#1814,.T.);
#2622=ORIENTED_EDGE('',*,*,#1531,.F.);
#2623=ORIENTED_EDGE('',*,*,#1432,.F.);
#2624=ORIENTED_EDGE('',*,*,#1816,.F.);
#2625=ORIENTED_EDGE('',*,*,#1426,.T.);
#2626=ORIENTED_EDGE('',*,*,#1515,.F.);
#2627=ORIENTED_EDGE('',*,*,#1817,.F.);
#2628=ORIENTED_EDGE('',*,*,#1818,.F.);
#2629=ORIENTED_EDGE('',*,*,#1817,.T.);
#2630=ORIENTED_EDGE('',*,*,#1514,.F.);
#2631=ORIENTED_EDGE('',*,*,#1819,.F.);
#2632=ORIENTED_EDGE('',*,*,#1623,.F.);
#2633=ORIENTED_EDGE('',*,*,#1819,.T.);
#2634=ORIENTED_EDGE('',*,*,#1513,.F.);
#2635=ORIENTED_EDGE('',*,*,#1693,.F.);
#2636=ORIENTED_EDGE('',*,*,#1491,.F.);
#2637=ORIENTED_EDGE('',*,*,#1707,.F.);
#2638=ORIENTED_EDGE('',*,*,#1820,.T.);
#2639=ORIENTED_EDGE('',*,*,#1472,.T.);
#2640=ORIENTED_EDGE('',*,*,#1729,.F.);
#2641=ORIENTED_EDGE('',*,*,#1420,.F.);
#2642=ORIENTED_EDGE('',*,*,#1711,.F.);
#2643=ORIENTED_EDGE('',*,*,#1473,.T.);
#2644=ORIENTED_EDGE('',*,*,#1820,.F.);
#2645=ORIENTED_EDGE('',*,*,#1706,.F.);
#2646=ORIENTED_EDGE('',*,*,#1821,.T.);
#2647=ORIENTED_EDGE('',*,*,#1815,.T.);
#2648=ORIENTED_EDGE('',*,*,#1431,.T.);
#2649=ORIENTED_EDGE('',*,*,#1430,.F.);
#2650=ORIENTED_EDGE('',*,*,#1799,.T.);
#2651=ORIENTED_EDGE('',*,*,#1794,.T.);
#2652=ORIENTED_EDGE('',*,*,#1821,.F.);
#2653=ORIENTED_EDGE('',*,*,#1797,.F.);
#2654=ORIENTED_EDGE('',*,*,#1822,.F.);
#2655=ORIENTED_EDGE('',*,*,#1812,.F.);
#2656=ORIENTED_EDGE('',*,*,#1435,.T.);
#2657=ORIENTED_EDGE('',*,*,#1808,.T.);
#2658=ORIENTED_EDGE('',*,*,#1823,.T.);
#2659=ORIENTED_EDGE('',*,*,#1786,.F.);
#2660=ORIENTED_EDGE('',*,*,#1790,.F.);
#2661=ORIENTED_EDGE('',*,*,#1436,.F.);
#2662=ORIENTED_EDGE('',*,*,#1622,.F.);
#2663=ORIENTED_EDGE('',*,*,#1621,.F.);
#2664=ORIENTED_EDGE('',*,*,#1793,.T.);
#2665=ORIENTED_EDGE('',*,*,#1685,.F.);
#2666=ORIENTED_EDGE('',*,*,#1692,.F.);
#2667=ORIENTED_EDGE('',*,*,#1691,.F.);
#2668=ORIENTED_EDGE('',*,*,#1801,.F.);
#2669=ORIENTED_EDGE('',*,*,#1824,.T.);
#2670=ORIENTED_EDGE('',*,*,#1825,.F.);
#2671=ORIENTED_EDGE('',*,*,#1818,.T.);
#2672=ORIENTED_EDGE('',*,*,#1427,.T.);
#2673=ORIENTED_EDGE('',*,*,#1816,.T.);
#2674=ORIENTED_EDGE('',*,*,#1825,.T.);
#2675=ORIENTED_EDGE('',*,*,#1824,.F.);
#2676=ORIENTED_EDGE('',*,*,#1800,.F.);
#2677=ORIENTED_EDGE('',*,*,#1428,.F.);
#2678=ORIENTED_EDGE('',*,*,#1826,.F.);
#2679=ORIENTED_EDGE('',*,*,#1827,.F.);
#2680=ORIENTED_EDGE('',*,*,#1791,.F.);
#2681=ORIENTED_EDGE('',*,*,#1788,.F.);
#2682=ORIENTED_EDGE('',*,*,#1828,.F.);
#2683=ORIENTED_EDGE('',*,*,#1811,.T.);
#2684=ORIENTED_EDGE('',*,*,#1535,.F.);
#2685=ORIENTED_EDGE('',*,*,#1823,.F.);
#2686=ORIENTED_EDGE('',*,*,#1810,.F.);
#2687=ORIENTED_EDGE('',*,*,#1828,.T.);
#2688=ORIENTED_EDGE('',*,*,#1787,.F.);
#2689=ORIENTED_EDGE('',*,*,#1822,.T.);
#2690=ORIENTED_EDGE('',*,*,#1796,.T.);
#2691=ORIENTED_EDGE('',*,*,#1798,.T.);
#2692=ORIENTED_EDGE('',*,*,#1829,.T.);
#2693=ORIENTED_EDGE('',*,*,#1830,.F.);
#2694=ORIENTED_EDGE('',*,*,#1533,.F.);
#2695=ORIENTED_EDGE('',*,*,#1813,.F.);
#2696=ORIENTED_EDGE('',*,*,#1830,.T.);
#2697=ORIENTED_EDGE('',*,*,#1829,.F.);
#2698=ORIENTED_EDGE('',*,*,#1802,.F.);
#2699=ORIENTED_EDGE('',*,*,#1689,.F.);
#2700=ORIENTED_EDGE('',*,*,#1688,.F.);
#2701=ORIENTED_EDGE('',*,*,#1687,.F.);
#2702=ORIENTED_EDGE('',*,*,#1792,.T.);
#2703=ORIENTED_EDGE('',*,*,#1827,.T.);
#2704=ORIENTED_EDGE('',*,*,#1826,.T.);
#2705=ORIENTED_EDGE('',*,*,#1534,.F.);
#2706=ORIENTED_EDGE('',*,*,#1630,.F.);
#2707=ORIENTED_EDGE('',*,*,#1601,.F.);
#2708=ORIENTED_EDGE('',*,*,#1626,.T.);
#2709=ORIENTED_EDGE('',*,*,#1636,.T.);
#2710=ORIENTED_EDGE('',*,*,#1831,.T.);
#2711=ORIENTED_EDGE('',*,*,#1584,.T.);
#2712=ORIENTED_EDGE('',*,*,#1832,.T.);
#2713=ORIENTED_EDGE('',*,*,#1634,.T.);
#2714=ORIENTED_EDGE('',*,*,#1833,.T.);
#2715=ORIENTED_EDGE('',*,*,#1670,.T.);
#2716=ORIENTED_EDGE('',*,*,#1834,.T.);
#2717=ORIENTED_EDGE('',*,*,#1627,.T.);
#2718=ORIENTED_EDGE('',*,*,#1832,.F.);
#2719=ORIENTED_EDGE('',*,*,#1587,.F.);
#2720=ORIENTED_EDGE('',*,*,#1835,.F.);
#2721=ORIENTED_EDGE('',*,*,#1633,.T.);
#2722=ORIENTED_EDGE('',*,*,#1836,.F.);
#2723=ORIENTED_EDGE('',*,*,#1671,.F.);
#2724=ORIENTED_EDGE('',*,*,#1833,.F.);
#2725=ORIENTED_EDGE('',*,*,#1631,.T.);
#2726=ORIENTED_EDGE('',*,*,#1628,.T.);
#2727=ORIENTED_EDGE('',*,*,#1835,.T.);
#2728=ORIENTED_EDGE('',*,*,#1589,.T.);
#2729=ORIENTED_EDGE('',*,*,#1596,.T.);
#2730=ORIENTED_EDGE('',*,*,#1632,.T.);
#2731=ORIENTED_EDGE('',*,*,#1594,.T.);
#2732=ORIENTED_EDGE('',*,*,#1672,.T.);
#2733=ORIENTED_EDGE('',*,*,#1836,.T.);
#2734=ORIENTED_EDGE('',*,*,#1578,.F.);
#2735=ORIENTED_EDGE('',*,*,#1837,.T.);
#2736=ORIENTED_EDGE('',*,*,#1604,.T.);
#2737=ORIENTED_EDGE('',*,*,#1838,.T.);
#2738=ORIENTED_EDGE('',*,*,#1606,.T.);
#2739=ORIENTED_EDGE('',*,*,#1839,.T.);
#2740=ORIENTED_EDGE('',*,*,#1668,.T.);
#2741=ORIENTED_EDGE('',*,*,#1840,.T.);
#2742=ORIENTED_EDGE('',*,*,#1581,.F.);
#2743=ORIENTED_EDGE('',*,*,#1838,.F.);
#2744=ORIENTED_EDGE('',*,*,#1603,.T.);
#2745=ORIENTED_EDGE('',*,*,#1841,.F.);
#2746=ORIENTED_EDGE('',*,*,#1582,.F.);
#2747=ORIENTED_EDGE('',*,*,#1841,.T.);
#2748=ORIENTED_EDGE('',*,*,#1602,.T.);
#2749=ORIENTED_EDGE('',*,*,#1590,.T.);
#2750=ORIENTED_EDGE('',*,*,#1608,.T.);
#2751=ORIENTED_EDGE('',*,*,#1842,.T.);
#2752=ORIENTED_EDGE('',*,*,#1666,.T.);
#2753=ORIENTED_EDGE('',*,*,#1592,.T.);
#2754=ORIENTED_EDGE('',*,*,#1607,.T.);
#2755=ORIENTED_EDGE('',*,*,#1840,.F.);
#2756=ORIENTED_EDGE('',*,*,#1667,.F.);
#2757=ORIENTED_EDGE('',*,*,#1842,.F.);
#2758=ORIENTED_EDGE('',*,*,#1576,.F.);
#2759=ORIENTED_EDGE('',*,*,#1585,.F.);
#2760=ORIENTED_EDGE('',*,*,#1831,.F.);
#2761=ORIENTED_EDGE('',*,*,#1635,.T.);
#2762=ORIENTED_EDGE('',*,*,#1834,.F.);
#2763=ORIENTED_EDGE('',*,*,#1669,.F.);
#2764=ORIENTED_EDGE('',*,*,#1839,.F.);
#2765=ORIENTED_EDGE('',*,*,#1605,.T.);
#2766=ORIENTED_EDGE('',*,*,#1837,.F.);
#2767=ORIENTED_EDGE('',*,*,#1456,.T.);
#2768=ORIENTED_EDGE('',*,*,#1487,.F.);
#2769=ORIENTED_EDGE('',*,*,#1684,.F.);
#2770=ORIENTED_EDGE('',*,*,#1695,.F.);
#2771=ORIENTED_EDGE('',*,*,#1697,.F.);
#2772=ORIENTED_EDGE('',*,*,#1699,.F.);
#2773=ORIENTED_EDGE('',*,*,#1710,.F.);
#2774=ORIENTED_EDGE('',*,*,#1398,.T.);
#2775=CYLINDRICAL_SURFACE('',#3008,0.91);
#2776=CYLINDRICAL_SURFACE('',#3018,1.5);
#2777=CYLINDRICAL_SURFACE('',#3026,4.10651126021913);
#2778=CYLINDRICAL_SURFACE('',#3029,4.10651126021913);
#2779=CYLINDRICAL_SURFACE('',#3032,0.750000000000001);
#2780=CYLINDRICAL_SURFACE('',#3034,3.);
#2781=CYLINDRICAL_SURFACE('',#3036,1.);
#2782=CYLINDRICAL_SURFACE('',#3038,3.);
#2783=CYLINDRICAL_SURFACE('',#3039,0.750000000000001);
#2784=CYLINDRICAL_SURFACE('',#3041,10.);
#2785=CYLINDRICAL_SURFACE('',#3077,1.85);
#2786=CYLINDRICAL_SURFACE('',#3091,0.94);
#2787=CYLINDRICAL_SURFACE('',#3115,2.55);
#2788=CYLINDRICAL_SURFACE('',#3121,1.065);
#2789=CYLINDRICAL_SURFACE('',#3129,1.065);
#2790=CYLINDRICAL_SURFACE('',#3131,0.5);
#2791=CYLINDRICAL_SURFACE('',#3134,0.5);
#2792=CYLINDRICAL_SURFACE('',#3139,0.5);
#2793=CYLINDRICAL_SURFACE('',#3142,0.5);
#2794=CYLINDRICAL_SURFACE('',#3147,0.6);
#2795=CYLINDRICAL_SURFACE('',#3153,0.6);
#2796=CYLINDRICAL_SURFACE('',#3158,10.);
#2797=CYLINDRICAL_SURFACE('',#3164,0.5);
#2798=CYLINDRICAL_SURFACE('',#3166,2.565);
#2799=CYLINDRICAL_SURFACE('',#3168,0.5);
#2800=CYLINDRICAL_SURFACE('',#3172,0.5);
#2801=CYLINDRICAL_SURFACE('',#3179,2.565);
#2802=CYLINDRICAL_SURFACE('',#3180,0.5);
#2803=CYLINDRICAL_SURFACE('',#3185,10.);
#2804=CYLINDRICAL_SURFACE('',#3186,1.);
#2805=CYLINDRICAL_SURFACE('',#3189,1.);
#2806=CYLINDRICAL_SURFACE('',#3198,0.5);
#2807=CYLINDRICAL_SURFACE('',#3209,0.5);
#2808=CYLINDRICAL_SURFACE('',#3210,2.);
#2809=CYLINDRICAL_SURFACE('',#3218,0.5);
#2810=CYLINDRICAL_SURFACE('',#3220,0.5);
#2811=CYLINDRICAL_SURFACE('',#3222,0.7);
#2812=CYLINDRICAL_SURFACE('',#3225,2.);
#2813=CYLINDRICAL_SURFACE('',#3226,1.5);
#2814=CYLINDRICAL_SURFACE('',#3229,0.7);
#2815=CYLINDRICAL_SURFACE('',#3233,1.);
#2816=CYLINDRICAL_SURFACE('',#3235,1.);
#2817=CYLINDRICAL_SURFACE('',#3237,1.);
#2818=CYLINDRICAL_SURFACE('',#3240,0.85);
#2819=CYLINDRICAL_SURFACE('',#3243,2.6);
#2820=CYLINDRICAL_SURFACE('',#3244,0.75);
#2821=CYLINDRICAL_SURFACE('',#3245,0.75);
#2822=CYLINDRICAL_SURFACE('',#3248,0.4);
#2823=CYLINDRICAL_SURFACE('',#3249,0.4);
#2824=CYLINDRICAL_SURFACE('',#3250,11.25);
#2825=CYLINDRICAL_SURFACE('',#3251,0.4);
#2826=CYLINDRICAL_SURFACE('',#3252,0.4);
#2827=CYLINDRICAL_SURFACE('',#3253,11.25);
#2828=CYLINDRICAL_SURFACE('',#3254,2.55);
#2829=ADVANCED_FACE('',(#329),#2775,.F.);
#2830=ADVANCED_FACE('',(#330),#279,.F.);
#2831=ADVANCED_FACE('',(#331),#280,.F.);
#2832=ADVANCED_FACE('',(#332),#281,.F.);
#2833=ADVANCED_FACE('',(#333),#92,.T.);
#2834=ADVANCED_FACE('',(#334),#282,.F.);
#2835=ADVANCED_FACE('',(#335),#2776,.F.);
#2836=ADVANCED_FACE('',(#336),#283,.F.);
#2837=ADVANCED_FACE('',(#337),#284,.F.);
#2838=ADVANCED_FACE('',(#338,#48),#57,.T.);
#2839=ADVANCED_FACE('',(#339),#38,.F.);
#2840=ADVANCED_FACE('',(#340),#2777,.T.);
#2841=ADVANCED_FACE('',(#341),#2778,.T.);
#2842=ADVANCED_FACE('',(#342),#2779,.T.);
#2843=ADVANCED_FACE('',(#343),#2780,.T.);
#2844=ADVANCED_FACE('',(#344),#58,.T.);
#2845=ADVANCED_FACE('',(#345),#2781,.T.);
#2846=ADVANCED_FACE('',(#346),#2782,.T.);
#2847=ADVANCED_FACE('',(#347),#2783,.T.);
#2848=ADVANCED_FACE('',(#348,#49),#2784,.F.);
#2849=ADVANCED_FACE('',(#349),#59,.F.);
#2850=ADVANCED_FACE('',(#350),#93,.F.);
#2851=ADVANCED_FACE('',(#351),#285,.T.);
#2852=ADVANCED_FACE('',(#352),#94,.F.);
#2853=ADVANCED_FACE('',(#353),#286,.T.);
#2854=ADVANCED_FACE('',(#354),#287,.F.);
#2855=ADVANCED_FACE('',(#355,#50,#51),#60,.F.);
#2856=ADVANCED_FACE('',(#356),#2785,.T.);
#2857=ADVANCED_FACE('',(#357),#61,.T.);
#2858=ADVANCED_FACE('',(#358),#62,.T.);
#2859=ADVANCED_FACE('',(#359),#63,.T.);
#2860=ADVANCED_FACE('',(#360),#64,.T.);
#2861=ADVANCED_FACE('',(#361),#65,.T.);
#2862=ADVANCED_FACE('',(#362),#2786,.T.);
#2863=ADVANCED_FACE('',(#363),#16,.T.);
#2864=ADVANCED_FACE('',(#364),#15,.T.);
#2865=ADVANCED_FACE('',(#365),#66,.F.);
#2866=ADVANCED_FACE('',(#366),#95,.T.);
#2867=ADVANCED_FACE('',(#367),#288,.F.);
#2868=ADVANCED_FACE('',(#368),#289,.F.);
#2869=ADVANCED_FACE('',(#369),#96,.T.);
#2870=ADVANCED_FACE('',(#370),#97,.T.);
#2871=ADVANCED_FACE('',(#371),#98,.T.);
#2872=ADVANCED_FACE('',(#372),#99,.T.);
#2873=ADVANCED_FACE('',(#373),#290,.T.);
#2874=ADVANCED_FACE('',(#374),#291,.T.);
#2875=ADVANCED_FACE('',(#375),#292,.T.);
#2876=ADVANCED_FACE('',(#376),#2787,.T.);
#2877=ADVANCED_FACE('',(#377),#100,.T.);
#2878=ADVANCED_FACE('',(#378,#52,#53),#2788,.F.);
#2879=ADVANCED_FACE('',(#379),#293,.F.);
#2880=ADVANCED_FACE('',(#380),#101,.T.);
#2881=ADVANCED_FACE('',(#381),#294,.F.);
#2882=ADVANCED_FACE('',(#382),#295,.F.);
#2883=ADVANCED_FACE('',(#383),#296,.T.);
#2884=ADVANCED_FACE('',(#384),#2789,.F.);
#2885=ADVANCED_FACE('',(#385),#2790,.T.);
#2886=ADVANCED_FACE('',(#386),#297,.F.);
#2887=ADVANCED_FACE('',(#387),#2791,.T.);
#2888=ADVANCED_FACE('',(#388),#298,.F.);
#2889=ADVANCED_FACE('',(#389),#299,.F.);
#2890=ADVANCED_FACE('',(#390),#300,.F.);
#2891=ADVANCED_FACE('',(#391),#2792,.T.);
#2892=ADVANCED_FACE('',(#392),#301,.F.);
#2893=ADVANCED_FACE('',(#393),#2793,.T.);
#2894=ADVANCED_FACE('',(#394),#67,.F.);
#2895=ADVANCED_FACE('',(#395),#2794,.F.);
#2896=ADVANCED_FACE('',(#396,#54),#68,.F.);
#2897=ADVANCED_FACE('',(#397),#2795,.F.);
#2898=ADVANCED_FACE('',(#398),#69,.F.);
#2899=ADVANCED_FACE('',(#399),#2796,.F.);
#2900=ADVANCED_FACE('',(#400),#70,.F.);
#2901=ADVANCED_FACE('',(#401),#71,.F.);
#2902=ADVANCED_FACE('',(#402),#72,.F.);
#2903=ADVANCED_FACE('',(#403),#39,.F.);
#2904=ADVANCED_FACE('',(#404),#2797,.T.);
#2905=ADVANCED_FACE('',(#405),#2798,.F.);
#2906=ADVANCED_FACE('',(#406),#2799,.T.);
#2907=ADVANCED_FACE('',(#407),#302,.F.);
#2908=ADVANCED_FACE('',(#408),#73,.T.);
#2909=ADVANCED_FACE('',(#409),#2800,.T.);
#2910=ADVANCED_FACE('',(#410),#74,.T.);
#2911=ADVANCED_FACE('',(#411),#2801,.F.);
#2912=ADVANCED_FACE('',(#412),#2802,.T.);
#2913=ADVANCED_FACE('',(#413),#75,.F.);
#2914=ADVANCED_FACE('',(#414),#76,.F.);
#2915=ADVANCED_FACE('',(#415),#303,.F.);
#2916=ADVANCED_FACE('',(#416),#17,.T.);
#2917=ADVANCED_FACE('',(#417),#2803,.F.);
#2918=ADVANCED_FACE('',(#418),#304,.F.);
#2919=ADVANCED_FACE('',(#419),#2804,.F.);
#2920=ADVANCED_FACE('',(#420),#77,.T.);
#2921=ADVANCED_FACE('',(#421),#2805,.F.);
#2922=ADVANCED_FACE('',(#422),#78,.T.);
#2923=ADVANCED_FACE('',(#423),#79,.T.);
#2924=ADVANCED_FACE('',(#424),#80,.T.);
#2925=ADVANCED_FACE('',(#425),#2806,.T.);
#2926=ADVANCED_FACE('',(#426),#102,.T.);
#2927=ADVANCED_FACE('',(#427),#305,.F.);
#2928=ADVANCED_FACE('',(#428),#103,.T.);
#2929=ADVANCED_FACE('',(#429),#306,.F.);
#2930=ADVANCED_FACE('',(#430),#2807,.T.);
#2931=ADVANCED_FACE('',(#431),#2808,.F.);
#2932=ADVANCED_FACE('',(#432),#104,.T.);
#2933=ADVANCED_FACE('',(#433),#307,.F.);
#2934=ADVANCED_FACE('',(#434),#308,.F.);
#2935=ADVANCED_FACE('',(#435),#2809,.T.);
#2936=ADVANCED_FACE('',(#436),#309,.F.);
#2937=ADVANCED_FACE('',(#437),#2810,.T.);
#2938=ADVANCED_FACE('',(#438),#81,.T.);
#2939=ADVANCED_FACE('',(#439),#2811,.T.);
#2940=ADVANCED_FACE('',(#440),#82,.F.);
#2941=ADVANCED_FACE('',(#441),#2812,.F.);
#2942=ADVANCED_FACE('',(#442),#2813,.T.);
#2943=ADVANCED_FACE('',(#443),#310,.F.);
#2944=ADVANCED_FACE('',(#444),#83,.F.);
#2945=ADVANCED_FACE('',(#445),#2814,.T.);
#2946=ADVANCED_FACE('',(#446),#84,.F.);
#2947=ADVANCED_FACE('',(#447),#85,.F.);
#2948=ADVANCED_FACE('',(#448),#2815,.F.);
#2949=ADVANCED_FACE('',(#449),#2816,.F.);
#2950=ADVANCED_FACE('',(#450),#40,.T.);
#2951=ADVANCED_FACE('',(#451),#311,.T.);
#2952=ADVANCED_FACE('',(#452),#41,.T.);
#2953=ADVANCED_FACE('',(#453),#312,.T.);
#2954=ADVANCED_FACE('',(#454),#2817,.F.);
#2955=ADVANCED_FACE('',(#455),#313,.T.);
#2956=ADVANCED_FACE('',(#456),#86,.T.);
#2957=ADVANCED_FACE('',(#457),#42,.T.);
#2958=ADVANCED_FACE('',(#458),#2818,.T.);
#2959=ADVANCED_FACE('',(#459,#55),#87,.T.);
#2960=ADVANCED_FACE('',(#460),#88,.T.);
#2961=ADVANCED_FACE('',(#461),#314,.T.);
#2962=ADVANCED_FACE('',(#462),#43,.T.);
#2963=ADVANCED_FACE('',(#463),#44,.T.);
#2964=ADVANCED_FACE('',(#464),#315,.T.);
#2965=ADVANCED_FACE('',(#465),#316,.T.);
#2966=ADVANCED_FACE('',(#466),#317,.T.);
#2967=ADVANCED_FACE('',(#467),#318,.T.);
#2968=ADVANCED_FACE('',(#468),#2819,.F.);
#2969=ADVANCED_FACE('',(#469),#319,.T.);
#2970=ADVANCED_FACE('',(#470),#45,.T.);
#2971=ADVANCED_FACE('',(#471),#320,.T.);
#2972=ADVANCED_FACE('',(#472),#321,.T.);
#2973=ADVANCED_FACE('',(#473),#322,.T.);
#2974=ADVANCED_FACE('',(#474),#2820,.F.);
#2975=ADVANCED_FACE('',(#475),#46,.T.);
#2976=ADVANCED_FACE('',(#476),#2821,.F.);
#2977=ADVANCED_FACE('',(#477),#47,.T.);
#2978=ADVANCED_FACE('',(#478),#89,.T.);
#2979=ADVANCED_FACE('',(#479),#90,.T.);
#2980=ADVANCED_FACE('',(#480),#323,.T.);
#2981=ADVANCED_FACE('',(#481),#324,.T.);
#2982=ADVANCED_FACE('',(#482),#325,.F.);
#2983=ADVANCED_FACE('',(#483),#326,.F.);
#2984=ADVANCED_FACE('',(#484),#327,.T.);
#2985=ADVANCED_FACE('',(#485),#328,.T.);
#2986=ADVANCED_FACE('',(#486),#2822,.F.);
#2987=ADVANCED_FACE('',(#487),#2823,.F.);
#2988=ADVANCED_FACE('',(#488),#2824,.T.);
#2989=ADVANCED_FACE('',(#489),#2825,.F.);
#2990=ADVANCED_FACE('',(#490),#2826,.F.);
#2991=ADVANCED_FACE('',(#491),#2827,.T.);
#2992=ADVANCED_FACE('',(#492),#2828,.T.);
#2993=ADVANCED_FACE('',(#493,#56),#91,.F.);
#2994=CLOSED_SHELL('',(#2829,#2830,#2831,#2832,#2833,#2834,#2835,#2836,
#2837,#2838,#2839,#2840,#2841,#2842,#2843,#2844,#2845,#2846,#2847,#2848,
#2849,#2850,#2851,#2852,#2853,#2854,#2855,#2856,#2857,#2858,#2859,#2860,
#2861,#2862,#2863,#2864,#2865,#2866,#2867,#2868,#2869,#2870,#2871,#2872,
#2873,#2874,#2875,#2876,#2877,#2878,#2879,#2880,#2881,#2882,#2883,#2884,
#2885,#2886,#2887,#2888,#2889,#2890,#2891,#2892,#2893,#2894,#2895,#2896,
#2897,#2898,#2899,#2900,#2901,#2902,#2903,#2904,#2905,#2906,#2907,#2908,
#2909,#2910,#2911,#2912,#2913,#2914,#2915,#2916,#2917,#2918,#2919,#2920,
#2921,#2922,#2923,#2924,#2925,#2926,#2927,#2928,#2929,#2930,#2931,#2932,
#2933,#2934,#2935,#2936,#2937,#2938,#2939,#2940,#2941,#2942,#2943,#2944,
#2945,#2946,#2947,#2948,#2949,#2950,#2951,#2952,#2953,#2954,#2955,#2956,
#2957,#2958,#2959,#2960,#2961,#2962,#2963,#2964,#2965,#2966,#2967,#2968,
#2969,#2970,#2971,#2972,#2973,#2974,#2975,#2976,#2977,#2978,#2979,#2980,
#2981,#2982,#2983,#2984,#2985,#2986,#2987,#2988,#2989,#2990,#2991,#2992,
#2993));
#2995=DERIVED_UNIT_ELEMENT(#2997,1.);
#2996=DERIVED_UNIT_ELEMENT(#7959,-3.);
#2997=(
MASS_UNIT()
NAMED_UNIT(*)
SI_UNIT(.KILO.,.GRAM.)
);
#2998=DERIVED_UNIT((#2995,#2996));
#2999=MEASURE_REPRESENTATION_ITEM('density measure',
POSITIVE_RATIO_MEASURE(7850.),#2998);
#3000=PROPERTY_DEFINITION_REPRESENTATION(#3005,#3002);
#3001=PROPERTY_DEFINITION_REPRESENTATION(#3006,#3003);
#3002=REPRESENTATION('material name',(#3004),#7956);
#3003=REPRESENTATION('density',(#2999),#7956);
#3004=DESCRIPTIVE_REPRESENTATION_ITEM('Steel','Steel');
#3005=PROPERTY_DEFINITION('material property','material name',#7966);
#3006=PROPERTY_DEFINITION('material property','density of part',#7966);
#3007=AXIS2_PLACEMENT_3D('',#3893,#3256,#3257);
#3008=AXIS2_PLACEMENT_3D('',#3894,#3258,#3259);
#3009=AXIS2_PLACEMENT_3D('',#3896,#3260,#3261);
#3010=AXIS2_PLACEMENT_3D('',#3899,#3263,#3264);
#3011=AXIS2_PLACEMENT_3D('',#3944,#3265,#3266);
#3012=AXIS2_PLACEMENT_3D('',#4002,#3267,#3268);
#3013=AXIS2_PLACEMENT_3D('',#4082,#3269,#3270);
#3014=AXIS2_PLACEMENT_3D('',#4084,#3271,#3272);
#3015=AXIS2_PLACEMENT_3D('',#4086,#3273,#3274);
#3016=AXIS2_PLACEMENT_3D('',#4088,#3275,#3276);
#3017=AXIS2_PLACEMENT_3D('',#4089,#3277,#3278);
#3018=AXIS2_PLACEMENT_3D('',#4140,#3279,#3280);
#3019=AXIS2_PLACEMENT_3D('',#4142,#3281,#3282);
#3020=AXIS2_PLACEMENT_3D('',#4173,#3284,#3285);
#3021=AXIS2_PLACEMENT_3D('',#4289,#3286,#3287);
#3022=AXIS2_PLACEMENT_3D('',#4293,#3289,#3290);
#3023=AXIS2_PLACEMENT_3D('',#4302,#3295,#3296);
#3024=AXIS2_PLACEMENT_3D('',#4391,#3301,#3302);
#3025=AXIS2_PLACEMENT_3D('',#4422,#3305,#3306);
#3026=AXIS2_PLACEMENT_3D('',#4517,#3308,#3309);
#3027=AXIS2_PLACEMENT_3D('',#4522,#3311,#3312);
#3028=AXIS2_PLACEMENT_3D('',#4594,#3314,#3315);
#3029=AXIS2_PLACEMENT_3D('',#4599,#3316,#3317);
#3030=AXIS2_PLACEMENT_3D('',#4661,#3319,#3320);
#3031=AXIS2_PLACEMENT_3D('',#4669,#3322,#3323);
#3032=AXIS2_PLACEMENT_3D('',#4670,#3324,#3325);
#3033=AXIS2_PLACEMENT_3D('',#4682,#3326,#3327);
#3034=AXIS2_PLACEMENT_3D('',#4684,#3329,#3330);
#3035=AXIS2_PLACEMENT_3D('',#4705,#3332,#3333);
#3036=AXIS2_PLACEMENT_3D('',#4713,#3335,#3336);
#3037=AXIS2_PLACEMENT_3D('',#4717,#3338,#3339);
#3038=AXIS2_PLACEMENT_3D('',#4719,#3341,#3342);
#3039=AXIS2_PLACEMENT_3D('',#4753,#3344,#3345);
#3040=AXIS2_PLACEMENT_3D('',#4757,#3347,#3348);
#3041=AXIS2_PLACEMENT_3D('',#4759,#3350,#3351);
#3042=AXIS2_PLACEMENT_3D('',#4760,#3352,#3353);
#3043=AXIS2_PLACEMENT_3D('',#4764,#3355,#3356);
#3044=AXIS2_PLACEMENT_3D('',#4779,#3358,#3359);
#3045=AXIS2_PLACEMENT_3D('',#4794,#3361,#3362);
#3046=AXIS2_PLACEMENT_3D('',#4839,#3364,#3365);
#3047=AXIS2_PLACEMENT_3D('',#4843,#3367,#3368);
#3048=AXIS2_PLACEMENT_3D('',#4845,#3369,#3370);
#3049=AXIS2_PLACEMENT_3D('',#4847,#3371,#3372);
#3050=AXIS2_PLACEMENT_3D('',#4849,#3374,#3375);
#3051=AXIS2_PLACEMENT_3D('',#4852,#3376,#3377);
#3052=AXIS2_PLACEMENT_3D('',#4854,#3378,#3379);
#3053=AXIS2_PLACEMENT_3D('',#4856,#3380,#3381);
#3054=AXIS2_PLACEMENT_3D('',#4857,#3382,#3383);
#3055=AXIS2_PLACEMENT_3D('',#4885,#3384,#3385);
#3056=AXIS2_PLACEMENT_3D('',#4896,#3386,#3387);
#3057=AXIS2_PLACEMENT_3D('',#4899,#3388,#3389);
#3058=AXIS2_PLACEMENT_3D('',#4901,#3390,#3391);
#3059=AXIS2_PLACEMENT_3D('',#4902,#3392,#3393);
#3060=AXIS2_PLACEMENT_3D('',#4903,#3394,#3395);
#3061=AXIS2_PLACEMENT_3D('',#4976,#3396,#3397);
#3062=AXIS2_PLACEMENT_3D('',#4984,#3398,#3399);
#3063=AXIS2_PLACEMENT_3D('',#4985,#3400,#3401);
#3064=AXIS2_PLACEMENT_3D('',#4989,#3403,#3404);
#3065=AXIS2_PLACEMENT_3D('',#5023,#3405,#3406);
#3066=AXIS2_PLACEMENT_3D('',#5027,#3408,#3409);
#3067=AXIS2_PLACEMENT_3D('',#5029,#3410,#3411);
#3068=AXIS2_PLACEMENT_3D('',#5033,#3413,#3414);
#3069=AXIS2_PLACEMENT_3D('',#5037,#3416,#3417);
#3070=AXIS2_PLACEMENT_3D('',#5038,#3418,#3419);
#3071=AXIS2_PLACEMENT_3D('',#5040,#3420,#3421);
#3072=AXIS2_PLACEMENT_3D('',#5042,#3422,#3423);
#3073=AXIS2_PLACEMENT_3D('',#5044,#3424,#3425);
#3074=AXIS2_PLACEMENT_3D('',#5046,#3426,#3427);
#3075=AXIS2_PLACEMENT_3D('',#5088,#3428,#3429);
#3076=AXIS2_PLACEMENT_3D('',#5106,#3430,#3431);
#3077=AXIS2_PLACEMENT_3D('',#5135,#3432,#3433);
#3078=AXIS2_PLACEMENT_3D('',#5168,#3434,#3435);
#3079=AXIS2_PLACEMENT_3D('',#5170,#3437,#3438);
#3080=AXIS2_PLACEMENT_3D('',#5171,#3439,#3440);
#3081=AXIS2_PLACEMENT_3D('',#5174,#3441,#3442);
#3082=AXIS2_PLACEMENT_3D('',#5178,#3445,#3446);
#3083=AXIS2_PLACEMENT_3D('',#5184,#3450,#3451);
#3084=AXIS2_PLACEMENT_3D('',#5187,#3452,#3453);
#3085=AXIS2_PLACEMENT_3D('',#5191,#3456,#3457);
#3086=AXIS2_PLACEMENT_3D('',#5197,#3461,#3462);
#3087=AXIS2_PLACEMENT_3D('',#5200,#3463,#3464);
#3088=AXIS2_PLACEMENT_3D('',#5208,#3468,#3469);
#3089=AXIS2_PLACEMENT_3D('',#5209,#3470,#3471);
#3090=AXIS2_PLACEMENT_3D('',#5211,#3473,#3474);
#3091=AXIS2_PLACEMENT_3D('',#5212,#3475,#3476);
#3092=AXIS2_PLACEMENT_3D('',#5234,#3478,#3479);
#3093=AXIS2_PLACEMENT_3D('',#5235,#3480,#3481);
#3094=AXIS2_PLACEMENT_3D('',#5236,#3482,#3483);
#3095=AXIS2_PLACEMENT_3D('',#5238,#3484,#3485);
#3096=AXIS2_PLACEMENT_3D('',#5239,#3486,#3487);
#3097=AXIS2_PLACEMENT_3D('',#5241,#3488,#3489);
#3098=AXIS2_PLACEMENT_3D('',#5243,#3491,#3492);
#3099=AXIS2_PLACEMENT_3D('',#5244,#3493,#3494);
#3100=AXIS2_PLACEMENT_3D('',#5246,#3495,#3496);
#3101=AXIS2_PLACEMENT_3D('',#5248,#3497,#3498);
#3102=AXIS2_PLACEMENT_3D('',#5249,#3499,#3500);
#3103=AXIS2_PLACEMENT_3D('',#5281,#3501,#3502);
#3104=AXIS2_PLACEMENT_3D('',#5312,#3503,#3504);
#3105=AXIS2_PLACEMENT_3D('',#5314,#3505,#3506);
#3106=AXIS2_PLACEMENT_3D('',#5315,#3507,#3508);
#3107=AXIS2_PLACEMENT_3D('',#5316,#3509,#3510);
#3108=AXIS2_PLACEMENT_3D('',#5318,#3511,#3512);
#3109=AXIS2_PLACEMENT_3D('',#5319,#3513,#3514);
#3110=AXIS2_PLACEMENT_3D('',#5320,#3515,#3516);
#3111=AXIS2_PLACEMENT_3D('',#5322,#3517,#3518);
#3112=AXIS2_PLACEMENT_3D('',#5323,#3519,#3520);
#3113=AXIS2_PLACEMENT_3D('',#5324,#3521,#3522);
#3114=AXIS2_PLACEMENT_3D('',#5325,#3523,#3524);
#3115=AXIS2_PLACEMENT_3D('',#5426,#3529,#3530);
#3116=AXIS2_PLACEMENT_3D('',#5447,#3533,#3534);
#3117=AXIS2_PLACEMENT_3D('',#5476,#3535,#3536);
#3118=AXIS2_PLACEMENT_3D('',#5478,#3537,#3538);
#3119=AXIS2_PLACEMENT_3D('',#5480,#3539,#3540);
#3120=AXIS2_PLACEMENT_3D('',#5481,#3541,#3542);
#3121=AXIS2_PLACEMENT_3D('',#5482,#3543,#3544);
#3122=AXIS2_PLACEMENT_3D('',#5485,#3546,#3547);
#3123=AXIS2_PLACEMENT_3D('',#5651,#3548,#3549);
#3124=AXIS2_PLACEMENT_3D('',#5662,#3550,#3551);
#3125=AXIS2_PLACEMENT_3D('',#5663,#3552,#3553);
#3126=AXIS2_PLACEMENT_3D('',#5665,#3554,#3555);
#3127=AXIS2_PLACEMENT_3D('',#5666,#3556,#3557);
#3128=AXIS2_PLACEMENT_3D('',#5738,#3558,#3559);
#3129=AXIS2_PLACEMENT_3D('',#5904,#3560,#3561);
#3130=AXIS2_PLACEMENT_3D('',#5945,#3564,#3565);
#3131=AXIS2_PLACEMENT_3D('',#6009,#3566,#3567);
#3132=AXIS2_PLACEMENT_3D('',#6012,#3569,#3570);
#3133=AXIS2_PLACEMENT_3D('',#6050,#3571,#3572);
#3134=AXIS2_PLACEMENT_3D('',#6063,#3573,#3574);
#3135=AXIS2_PLACEMENT_3D('',#6065,#3575,#3576);
#3136=AXIS2_PLACEMENT_3D('',#6103,#3578,#3579);
#3137=AXIS2_PLACEMENT_3D('',#6125,#3580,#3581);
#3138=AXIS2_PLACEMENT_3D('',#6166,#3582,#3583);
#3139=AXIS2_PLACEMENT_3D('',#6167,#3584,#3585);
#3140=AXIS2_PLACEMENT_3D('',#6169,#3586,#3587);
#3141=AXIS2_PLACEMENT_3D('',#6203,#3589,#3590);
#3142=AXIS2_PLACEMENT_3D('',#6214,#3591,#3592);
#3143=AXIS2_PLACEMENT_3D('',#6217,#3595,#3596);
#3144=AXIS2_PLACEMENT_3D('',#6222,#3599,#3600);
#3145=AXIS2_PLACEMENT_3D('',#6224,#3601,#3602);
#3146=AXIS2_PLACEMENT_3D('',#6226,#3603,#3604);
#3147=AXIS2_PLACEMENT_3D('',#6230,#3607,#3608);
#3148=AXIS2_PLACEMENT_3D('',#6232,#3610,#3611);
#3149=AXIS2_PLACEMENT_3D('',#6235,#3613,#3614);
#3150=AXIS2_PLACEMENT_3D('',#6237,#3615,#3616);
#3151=AXIS2_PLACEMENT_3D('',#6239,#3617,#3618);
#3152=AXIS2_PLACEMENT_3D('',#6241,#3619,#3620);
#3153=AXIS2_PLACEMENT_3D('',#6268,#3621,#3622);
#3154=AXIS2_PLACEMENT_3D('',#6270,#3624,#3625);
#3155=AXIS2_PLACEMENT_3D('',#6276,#3628,#3629);
#3156=AXIS2_PLACEMENT_3D('',#6278,#3630,#3631);
#3157=AXIS2_PLACEMENT_3D('',#6280,#3632,#3633);
#3158=AXIS2_PLACEMENT_3D('',#6282,#3635,#3636);
#3159=AXIS2_PLACEMENT_3D('',#6283,#3637,#3638);
#3160=AXIS2_PLACEMENT_3D('',#6284,#3639,#3640);
#3161=AXIS2_PLACEMENT_3D('',#6285,#3641,#3642);
#3162=AXIS2_PLACEMENT_3D('',#6287,#3644,#3645);
#3163=AXIS2_PLACEMENT_3D('',#6291,#3648,#3649);
#3164=AXIS2_PLACEMENT_3D('',#6363,#3651,#3652);
#3165=AXIS2_PLACEMENT_3D('',#6366,#3654,#3655);
#3166=AXIS2_PLACEMENT_3D('',#6367,#3656,#3657);
#3167=AXIS2_PLACEMENT_3D('',#6370,#3659,#3660);
#3168=AXIS2_PLACEMENT_3D('',#6371,#3661,#3662);
#3169=AXIS2_PLACEMENT_3D('',#6374,#3664,#3665);
#3170=AXIS2_PLACEMENT_3D('',#6399,#3666,#3667);
#3171=AXIS2_PLACEMENT_3D('',#6400,#3668,#3669);
#3172=AXIS2_PLACEMENT_3D('',#6401,#3670,#3671);
#3173=AXIS2_PLACEMENT_3D('',#6404,#3673,#3674);
#3174=AXIS2_PLACEMENT_3D('',#6405,#3675,#3676);
#3175=AXIS2_PLACEMENT_3D('',#6407,#3677,#3678);
#3176=AXIS2_PLACEMENT_3D('',#6408,#3679,#3680);
#3177=AXIS2_PLACEMENT_3D('',#6410,#3681,#3682);
#3178=AXIS2_PLACEMENT_3D('',#6411,#3683,#3684);
#3179=AXIS2_PLACEMENT_3D('',#6412,#3685,#3686);
#3180=AXIS2_PLACEMENT_3D('',#6414,#3688,#3689);
#3181=AXIS2_PLACEMENT_3D('',#6416,#3691,#3692);
#3182=AXIS2_PLACEMENT_3D('',#6417,#3693,#3694);
#3183=AXIS2_PLACEMENT_3D('',#6447,#3696,#3697);
#3184=AXIS2_PLACEMENT_3D('',#6448,#3698,#3699);
#3185=AXIS2_PLACEMENT_3D('',#6449,#3700,#3701);
#3186=AXIS2_PLACEMENT_3D('',#6480,#3702,#3703);
#3187=AXIS2_PLACEMENT_3D('',#6493,#3705,#3706);
#3188=AXIS2_PLACEMENT_3D('',#6504,#3708,#3709);
#3189=AXIS2_PLACEMENT_3D('',#6518,#3714,#3715);
#3190=AXIS2_PLACEMENT_3D('',#6521,#3716,#3717);
#3191=AXIS2_PLACEMENT_3D('',#6525,#3719,#3720);
#3192=AXIS2_PLACEMENT_3D('',#6528,#3723,#3724);
#3193=AXIS2_PLACEMENT_3D('',#6530,#3726,#3727);
#3194=AXIS2_PLACEMENT_3D('',#6531,#3728,#3729);
#3195=AXIS2_PLACEMENT_3D('',#6537,#3732,#3733);
#3196=AXIS2_PLACEMENT_3D('',#6539,#3735,#3736);
#3197=AXIS2_PLACEMENT_3D('',#6543,#3738,#3739);
#3198=AXIS2_PLACEMENT_3D('',#6545,#3741,#3742);
#3199=AXIS2_PLACEMENT_3D('',#6548,#3744,#3745);
#3200=AXIS2_PLACEMENT_3D('',#6549,#3746,#3747);
#3201=AXIS2_PLACEMENT_3D('',#6551,#3748,#3749);
#3202=AXIS2_PLACEMENT_3D('',#6552,#3750,#3751);
#3203=AXIS2_PLACEMENT_3D('',#6579,#3752,#3753);
#3204=AXIS2_PLACEMENT_3D('',#6584,#3754,#3755);
#3205=AXIS2_PLACEMENT_3D('',#6587,#3756,#3757);
#3206=AXIS2_PLACEMENT_3D('',#6588,#3758,#3759);
#3207=AXIS2_PLACEMENT_3D('',#6589,#3760,#3761);
#3208=AXIS2_PLACEMENT_3D('',#6628,#3762,#3763);
#3209=AXIS2_PLACEMENT_3D('',#6635,#3764,#3765);
#3210=AXIS2_PLACEMENT_3D('',#6638,#3768,#3769);
#3211=AXIS2_PLACEMENT_3D('',#6649,#3770,#3771);
#3212=AXIS2_PLACEMENT_3D('',#6652,#3772,#3773);
#3213=AXIS2_PLACEMENT_3D('',#6654,#3774,#3775);
#3214=AXIS2_PLACEMENT_3D('',#6656,#3776,#3777);
#3215=AXIS2_PLACEMENT_3D('',#6657,#3778,#3779);
#3216=AXIS2_PLACEMENT_3D('',#6687,#3780,#3781);
#3217=AXIS2_PLACEMENT_3D('',#6728,#3782,#3783);
#3218=AXIS2_PLACEMENT_3D('',#6729,#3784,#3785);
#3219=AXIS2_PLACEMENT_3D('',#6763,#3787,#3788);
#3220=AXIS2_PLACEMENT_3D('',#6776,#3789,#3790);
#3221=AXIS2_PLACEMENT_3D('',#6779,#3793,#3794);
#3222=AXIS2_PLACEMENT_3D('',#6791,#3799,#3800);
#3223=AXIS2_PLACEMENT_3D('',#6794,#3802,#3803);
#3224=AXIS2_PLACEMENT_3D('',#6795,#3804,#3805);
#3225=AXIS2_PLACEMENT_3D('',#6797,#3807,#3808);
#3226=AXIS2_PLACEMENT_3D('',#6808,#3809,#3810);
#3227=AXIS2_PLACEMENT_3D('',#6811,#3812,#3813);
#3228=AXIS2_PLACEMENT_3D('',#6836,#3814,#3815);
#3229=AXIS2_PLACEMENT_3D('',#6838,#3817,#3818);
#3230=AXIS2_PLACEMENT_3D('',#6840,#3819,#3820);
#3231=AXIS2_PLACEMENT_3D('',#6842,#3822,#3823);
#3232=AXIS2_PLACEMENT_3D('',#6844,#3825,#3826);
#3233=AXIS2_PLACEMENT_3D('',#6845,#3827,#3828);
#3234=AXIS2_PLACEMENT_3D('',#6846,#3829,#3830);
#3235=AXIS2_PLACEMENT_3D('',#6847,#3831,#3832);
#3236=AXIS2_PLACEMENT_3D('',#6848,#3833,#3834);
#3237=AXIS2_PLACEMENT_3D('',#7263,#3835,#3836);
#3238=AXIS2_PLACEMENT_3D('',#7265,#3837,#3838);
#3239=AXIS2_PLACEMENT_3D('',#7291,#3840,#3841);
#3240=AXIS2_PLACEMENT_3D('',#7299,#3843,#3844);
#3241=AXIS2_PLACEMENT_3D('',#7301,#3846,#3847);
#3242=AXIS2_PLACEMENT_3D('',#7302,#3848,#3849);
#3243=AXIS2_PLACEMENT_3D('',#7535,#3856,#3857);
#3244=AXIS2_PLACEMENT_3D('',#7699,#3860,#3861);
#3245=AXIS2_PLACEMENT_3D('',#7725,#3864,#3865);
#3246=AXIS2_PLACEMENT_3D('',#7802,#3867,#3868);
#3247=AXIS2_PLACEMENT_3D('',#7803,#3869,#3870);
#3248=AXIS2_PLACEMENT_3D('',#7940,#3871,#3872);
#3249=AXIS2_PLACEMENT_3D('',#7943,#3875,#3876);
#3250=AXIS2_PLACEMENT_3D('',#7946,#3879,#3880);
#3251=AXIS2_PLACEMENT_3D('',#7948,#3882,#3883);
#3252=AXIS2_PLACEMENT_3D('',#7949,#3884,#3885);
#3253=AXIS2_PLACEMENT_3D('',#7951,#3887,#3888);
#3254=AXIS2_PLACEMENT_3D('',#7952,#3889,#3890);
#3255=AXIS2_PLACEMENT_3D('',#7953,#3891,#3892);
#3256=DIRECTION('axis',(0.,0.,1.));
#3257=DIRECTION('refdir',(1.,0.,0.));
#3258=DIRECTION('center_axis',(1.,0.,0.));
#3259=DIRECTION('ref_axis',(0.,-1.,0.));
#3260=DIRECTION('center_axis',(-1.,0.,-5.29453024632542E-13));
#3261=DIRECTION('ref_axis',(0.,-1.,0.));
#3262=DIRECTION('',(-1.,0.,0.));
#3263=DIRECTION('center_axis',(1.,0.,0.));
#3264=DIRECTION('ref_axis',(0.,-1.,0.));
#3265=DIRECTION('center_axis',(0.154121480136483,-0.637891779625856,-0.754546649880773));
#3266=DIRECTION('ref_axis',(0.972030883586314,0.234853063327709,0.));
#3267=DIRECTION('center_axis',(-0.157327992585474,0.529144509264386,-0.833818919828747));
#3268=DIRECTION('ref_axis',(0.958529052507356,0.284994834162571,0.));
#3269=DIRECTION('center_axis',(-1.,0.,2.96059473233375E-15));
#3270=DIRECTION('ref_axis',(-2.67523620391604E-15,-0.497096310324716,-0.867695371810611));
#3271=DIRECTION('center_axis',(-1.65099550162139E-15,-0.681685207057063,
-0.731645596227825));
#3272=DIRECTION('ref_axis',(1.,0.,-2.25655086305923E-15));
#3273=DIRECTION('center_axis',(-1.,0.,2.96059473233375E-15));
#3274=DIRECTION('ref_axis',(-2.6599093298311E-15,-0.431150695350557,-0.902279933224014));
#3275=DIRECTION('center_axis',(-2.43230097343169E-15,-0.286368796035077,
-0.958119466798071));
#3276=DIRECTION('ref_axis',(0.,0.958119466798071,-0.286368796035077));
#3277=DIRECTION('center_axis',(1.,0.,-2.96059473233375E-15));
#3278=DIRECTION('ref_axis',(-2.67128521739346E-15,-0.431150695350558,-0.902279933224014));
#3279=DIRECTION('center_axis',(1.,0.,0.));
#3280=DIRECTION('ref_axis',(0.,-1.,0.));
#3281=DIRECTION('center_axis',(1.,0.,0.));
#3282=DIRECTION('ref_axis',(0.,-1.,0.));
#3283=DIRECTION('',(1.,0.,0.));
#3284=DIRECTION('center_axis',(-0.13741558617242,-0.548958284685725,0.824476657251008));
#3285=DIRECTION('ref_axis',(0.,-0.832372979065547,-0.554215863830644));
#3286=DIRECTION('center_axis',(1.,0.,-2.96059473233375E-15));
#3287=DIRECTION('ref_axis',(-2.96059473233375E-15,0.,-1.));
#3288=DIRECTION('',(0.,-1.,0.));
#3289=DIRECTION('center_axis',(1.,0.,-2.96059473233375E-15));
#3290=DIRECTION('ref_axis',(-2.77623076292052E-15,0.347372058876395,-0.937727387203751));
#3291=DIRECTION('',(0.,-1.,0.));
#3292=DIRECTION('',(2.96059473233375E-15,0.,1.));
#3293=DIRECTION('',(0.,1.,0.));
#3294=DIRECTION('',(0.,0.,1.));
#3295=DIRECTION('center_axis',(1.,0.,-2.96059473233375E-15));
#3296=DIRECTION('ref_axis',(2.46904821665419E-30,1.,8.33970347136268E-16));
#3297=DIRECTION('',(0.,1.,0.));
#3298=DIRECTION('',(0.,-1.,0.));
#3299=DIRECTION('',(0.,1.,0.));
#3300=DIRECTION('',(0.,1.,0.));
#3301=DIRECTION('center_axis',(0.,-1.,0.));
#3302=DIRECTION('ref_axis',(1.,0.,-4.35761492004973E-13));
#3303=DIRECTION('',(0.,-1.,0.));
#3304=DIRECTION('',(0.,-1.,0.));
#3305=DIRECTION('center_axis',(0.,-1.,0.));
#3306=DIRECTION('ref_axis',(1.,0.,-4.35761492004973E-13));
#3307=DIRECTION('',(0.,-1.,0.));
#3308=DIRECTION('center_axis',(-1.,0.,0.));
#3309=DIRECTION('ref_axis',(0.,1.,0.));
#3310=DIRECTION('',(1.,0.,0.));
#3311=DIRECTION('center_axis',(1.,0.,0.));
#3312=DIRECTION('ref_axis',(0.,1.,0.));
#3313=DIRECTION('',(-1.,0.,0.));
#3314=DIRECTION('center_axis',(1.,0.,0.));
#3315=DIRECTION('ref_axis',(0.,1.,0.));
#3316=DIRECTION('center_axis',(-1.,0.,0.));
#3317=DIRECTION('ref_axis',(0.,1.,0.));
#3318=DIRECTION('',(-1.,0.,0.));
#3319=DIRECTION('center_axis',(-1.,0.,0.));
#3320=DIRECTION('ref_axis',(0.,1.,0.));
#3321=DIRECTION('',(1.,0.,0.));
#3322=DIRECTION('center_axis',(-1.,0.,0.));
#3323=DIRECTION('ref_axis',(0.,1.,0.));
#3324=DIRECTION('center_axis',(0.,1.,0.));
#3325=DIRECTION('ref_axis',(1.,0.,0.));
#3326=DIRECTION('center_axis',(0.,-1.,0.));
#3327=DIRECTION('ref_axis',(1.,0.,0.));
#3328=DIRECTION('',(0.,-1.,0.));
#3329=DIRECTION('center_axis',(0.,0.,1.));
#3330=DIRECTION('ref_axis',(1.,0.,0.));
#3331=DIRECTION('',(0.,0.,-1.));
#3332=DIRECTION('center_axis',(0.,1.,0.));
#3333=DIRECTION('ref_axis',(1.,0.,0.));
#3334=DIRECTION('',(0.,0.,-1.));
#3335=DIRECTION('center_axis',(0.,0.,1.));
#3336=DIRECTION('ref_axis',(-0.128077450770152,0.9917641688447,0.));
#3337=DIRECTION('',(0.,0.,1.));
#3338=DIRECTION('center_axis',(0.,0.,-1.));
#3339=DIRECTION('ref_axis',(-0.254045253021615,0.967192333208439,0.));
#3340=DIRECTION('',(0.,0.,-1.));
#3341=DIRECTION('center_axis',(0.,0.,1.));
#3342=DIRECTION('ref_axis',(1.,0.,0.));
#3343=DIRECTION('',(0.,0.,-1.));
#3344=DIRECTION('center_axis',(0.,1.,0.));
#3345=DIRECTION('ref_axis',(1.,0.,0.));
#3346=DIRECTION('',(0.,1.,0.));
#3347=DIRECTION('center_axis',(0.,-1.,0.));
#3348=DIRECTION('ref_axis',(1.,0.,0.));
#3349=DIRECTION('',(0.,-1.,0.));
#3350=DIRECTION('center_axis',(0.,1.,0.));
#3351=DIRECTION('ref_axis',(1.,0.,0.));
#3352=DIRECTION('center_axis',(0.,1.,0.));
#3353=DIRECTION('ref_axis',(1.,0.,0.));
#3354=DIRECTION('',(0.,-1.,0.));
#3355=DIRECTION('center_axis',(0.,0.707106781186548,-0.707106781186548));
#3356=DIRECTION('ref_axis',(0.,-0.707106781186547,-0.707106781186547));
#3357=DIRECTION('',(0.,-1.,0.));
#3358=DIRECTION('center_axis',(0.,1.,0.));
#3359=DIRECTION('ref_axis',(1.,0.,0.));
#3360=DIRECTION('',(0.,1.,0.));
#3361=DIRECTION('center_axis',(0.,0.707106781186548,-0.707106781186548));
#3362=DIRECTION('ref_axis',(0.,-0.707106781186547,-0.707106781186547));
#3363=DIRECTION('',(0.,1.,0.));
#3364=DIRECTION('center_axis',(-1.,0.,0.));
#3365=DIRECTION('ref_axis',(0.,0.,1.));
#3366=DIRECTION('',(0.,0.73135370161917,-0.681998360062499));
#3367=DIRECTION('center_axis',(-1.,0.,0.));
#3368=DIRECTION('ref_axis',(0.,-0.993182105318855,-0.116573177336841));
#3369=DIRECTION('center_axis',(-1.,0.,0.));
#3370=DIRECTION('ref_axis',(0.,-1.,0.));
#3371=DIRECTION('center_axis',(-1.,0.,0.));
#3372=DIRECTION('ref_axis',(0.,0.996645430833244,-0.0818406084973515));
#3373=DIRECTION('',(0.,0.707106781186547,0.707106781186547));
#3374=DIRECTION('center_axis',(0.,-1.,0.));
#3375=DIRECTION('ref_axis',(0.9922980713775,0.,0.123873070279599));
#3376=DIRECTION('center_axis',(-0.659890668047463,-1.48960533349313E-16,
0.75136163478306));
#3377=DIRECTION('ref_axis',(0.75136163478306,0.,0.659890668047463));
#3378=DIRECTION('center_axis',(0.,-1.,0.));
#3379=DIRECTION('ref_axis',(1.,0.,0.));
#3380=DIRECTION('center_axis',(-0.454925979093843,-6.42061985366096E-16,
-0.890529254738725));
#3381=DIRECTION('ref_axis',(-1.88438510827028E-9,1.,9.62635526846611E-10));
#3382=DIRECTION('center_axis',(0.,1.,0.));
#3383=DIRECTION('ref_axis',(1.,0.,0.));
#3384=DIRECTION('center_axis',(-0.304156641548316,8.39678559664386E-16,
-0.95262203281367));
#3385=DIRECTION('ref_axis',(0.211693785069705,0.974996043043569,-0.067590364788514));
#3386=DIRECTION('center_axis',(0.,-1.,0.));
#3387=DIRECTION('ref_axis',(0.,0.,-1.));
#3388=DIRECTION('center_axis',(0.529013068224737,-1.81552121008516E-16,
-0.848613677504346));
#3389=DIRECTION('ref_axis',(0.188580817223189,0.974996043043569,0.117558459605497));
#3390=DIRECTION('center_axis',(0.,1.,0.));
#3391=DIRECTION('ref_axis',(-0.95262203281367,0.,0.304156641548316));
#3392=DIRECTION('center_axis',(0.,1.,0.));
#3393=DIRECTION('ref_axis',(-0.95262203281367,0.,0.304156641548316));
#3394=DIRECTION('center_axis',(0.,-1.,0.));
#3395=DIRECTION('ref_axis',(-0.95262203281367,0.,0.304156641548316));
#3396=DIRECTION('center_axis',(-0.999583463352275,1.20153900737422E-16,
0.0288600033380356));
#3397=DIRECTION('ref_axis',(-0.0288600033380355,0.,-0.999583463352275));
#3398=DIRECTION('center_axis',(0.304156641548316,3.96608592973109E-15,0.95262203281367));
#3399=DIRECTION('ref_axis',(-0.95262203281367,0.,0.304156641548316));
#3400=DIRECTION('center_axis',(0.,1.,0.));
#3401=DIRECTION('ref_axis',(1.,0.,0.));
#3402=DIRECTION('',(5.29453024632542E-13,0.,-1.));
#3403=DIRECTION('center_axis',(0.,-1.,0.));
#3404=DIRECTION('ref_axis',(1.,0.,-4.35761492004973E-13));
#3405=DIRECTION('center_axis',(0.,-1.,0.));
#3406=DIRECTION('ref_axis',(0.463056290564542,0.,-0.88632887336959));
#3407=DIRECTION('',(-1.,0.,-5.29437604868122E-13));
#3408=DIRECTION('center_axis',(0.,1.,0.));
#3409=DIRECTION('ref_axis',(0.798530859500741,0.,0.601953874001163));
#3410=DIRECTION('center_axis',(0.,-1.,0.));
#3411=DIRECTION('ref_axis',(1.,0.,-4.35761492004973E-13));
#3412=DIRECTION('',(1.69196710571436E-13,0.,-1.));
#3413=DIRECTION('center_axis',(0.,1.,0.));
#3414=DIRECTION('ref_axis',(0.707106781186795,0.,-0.7071067811863));
#3415=DIRECTION('',(1.,0.,5.29437604868122E-13));
#3416=DIRECTION('center_axis',(0.,1.,0.));
#3417=DIRECTION('ref_axis',(-0.707106781186735,0.,0.70710678118636));
#3418=DIRECTION('center_axis',(0.,-1.,0.));
#3419=DIRECTION('ref_axis',(0.707106781186173,0.,0.707106781186922));
#3420=DIRECTION('center_axis',(0.,-1.,0.));
#3421=DIRECTION('ref_axis',(0.863816960898218,0.,-0.503805774147704));
#3422=DIRECTION('center_axis',(0.,1.,0.));
#3423=DIRECTION('ref_axis',(-2.72021011101588E-10,0.,1.));
#3424=DIRECTION('center_axis',(0.,-1.,0.));
#3425=DIRECTION('ref_axis',(-0.863816962146193,0.,-0.503805772007946));
#3426=DIRECTION('center_axis',(0.,1.,0.));
#3427=DIRECTION('ref_axis',(0.992298070689539,0.,-0.123873075790582));
#3428=DIRECTION('center_axis',(0.,1.,0.));
#3429=DIRECTION('ref_axis',(1.,0.,0.));
#3430=DIRECTION('center_axis',(0.,1.,0.));
#3431=DIRECTION('ref_axis',(1.,0.,0.));
#3432=DIRECTION('center_axis',(0.,1.,0.));
#3433=DIRECTION('ref_axis',(1.,0.,0.));
#3434=DIRECTION('center_axis',(0.,-1.,0.));
#3435=DIRECTION('ref_axis',(1.,0.,0.));
#3436=DIRECTION('',(0.,1.,0.));
#3437=DIRECTION('center_axis',(0.,-1.,0.));
#3438=DIRECTION('ref_axis',(1.,0.,0.));
#3439=DIRECTION('center_axis',(1.,0.,5.29437604868122E-13));
#3440=DIRECTION('ref_axis',(5.29437604868122E-13,0.,-1.));
#3441=DIRECTION('center_axis',(-1.,0.,-5.29437604868122E-13));
#3442=DIRECTION('ref_axis',(-3.73682005166738E-13,-0.707106781186548,0.707106781186547));
#3443=DIRECTION('',(0.,1.,0.));
#3444=DIRECTION('',(5.29437604868122E-13,0.,-1.));
#3445=DIRECTION('center_axis',(-5.29437604868122E-13,0.,1.));
#3446=DIRECTION('ref_axis',(1.,0.,5.29437604868122E-13));
#3447=DIRECTION('',(-1.,0.,-5.29437604868122E-13));
#3448=DIRECTION('',(0.,1.,0.));
#3449=DIRECTION('',(1.,0.,5.29437604868122E-13));
#3450=DIRECTION('center_axis',(1.,0.,5.29437604868122E-13));
#3451=DIRECTION('ref_axis',(5.29437604868122E-13,0.,-1.));
#3452=DIRECTION('center_axis',(-1.,0.,-5.29437604868122E-13));
#3453=DIRECTION('ref_axis',(3.75252097625422E-13,-0.707106781186547,-0.707106781186548));
#3454=DIRECTION('',(5.29437604868122E-13,0.,-1.));
#3455=DIRECTION('',(0.,1.,0.));
#3456=DIRECTION('center_axis',(5.29437604868122E-13,0.,-1.));
#3457=DIRECTION('ref_axis',(-1.,0.,-5.29437604868122E-13));
#3458=DIRECTION('',(1.,0.,5.29437604868122E-13));
#3459=DIRECTION('',(-1.,0.,-5.29437604868122E-13));
#3460=DIRECTION('',(0.,1.,0.));
#3461=DIRECTION('center_axis',(0.,1.,0.));
#3462=DIRECTION('ref_axis',(0.,0.,1.));
#3463=DIRECTION('center_axis',(0.,1.,0.));
#3464=DIRECTION('ref_axis',(0.632455532033056,0.,-0.77459666924199));
#3465=DIRECTION('',(-1.,0.,0.));
#3466=DIRECTION('',(0.,0.,1.));
#3467=DIRECTION('',(1.,0.,0.));
#3468=DIRECTION('center_axis',(0.,1.,0.));
#3469=DIRECTION('ref_axis',(0.632455532034296,0.,0.774596669240977));
#3470=DIRECTION('center_axis',(0.,-1.,0.));
#3471=DIRECTION('ref_axis',(-0.70710678118636,0.,-0.707106781186735));
#3472=DIRECTION('',(-5.29437604868122E-13,0.,1.));
#3473=DIRECTION('center_axis',(0.,-1.,0.));
#3474=DIRECTION('ref_axis',(-0.707106781186735,0.,0.70710678118636));
#3475=DIRECTION('center_axis',(0.422618261740699,0.,-0.90630778703665));
#3476=DIRECTION('ref_axis',(0.90630778703665,0.,0.422618261740699));
#3477=DIRECTION('',(-0.422618261740699,0.,0.90630778703665));
#3478=DIRECTION('center_axis',(0.422618261740699,0.,-0.90630778703665));
#3479=DIRECTION('ref_axis',(0.90630778703665,0.,0.422618261740699));
#3480=DIRECTION('center_axis',(0.422618261740699,0.,-0.90630778703665));
#3481=DIRECTION('ref_axis',(0.90630778703665,0.,0.422618261740699));
#3482=DIRECTION('center_axis',(1.,0.,0.));
#3483=DIRECTION('ref_axis',(0.,-1.,0.));
#3484=DIRECTION('center_axis',(0.,0.,1.));
#3485=DIRECTION('ref_axis',(0.,1.,0.));
#3486=DIRECTION('center_axis',(0.,1.,0.));
#3487=DIRECTION('ref_axis',(1.,0.,0.));
#3488=DIRECTION('center_axis',(0.,1.,0.));
#3489=DIRECTION('ref_axis',(1.,0.,0.));
#3490=DIRECTION('',(-0.707106781186547,0.707106781186548,-8.65956056235493E-17));
#3491=DIRECTION('center_axis',(0.,1.,0.));
#3492=DIRECTION('ref_axis',(1.,0.,0.));
#3493=DIRECTION('center_axis',(0.,-1.,0.));
#3494=DIRECTION('ref_axis',(0.,0.,-1.));
#3495=DIRECTION('center_axis',(0.529013072890615,0.,0.848613674595707));
#3496=DIRECTION('ref_axis',(0.,-1.,0.));
#3497=DIRECTION('center_axis',(0.,-1.,0.));
#3498=DIRECTION('ref_axis',(0.992298070689539,0.,-0.123873075790582));
#3499=DIRECTION('center_axis',(0.304156637037649,0.,-0.952622034253852));
#3500=DIRECTION('ref_axis',(0.952622034253852,0.,0.304156637037649));
#3501=DIRECTION('center_axis',(-0.999583463340381,-8.01026016350375E-17,
-0.028860003749997));
#3502=DIRECTION('ref_axis',(0.028860003749997,0.,-0.999583463340381));
#3503=DIRECTION('center_axis',(0.,-1.,0.));
#3504=DIRECTION('ref_axis',(0.,0.,-1.));
#3505=DIRECTION('center_axis',(0.,-1.,0.));
#3506=DIRECTION('ref_axis',(-0.99229807132335,0.,-0.123873070713371));
#3507=DIRECTION('center_axis',(-0.529013068224737,0.,0.848613677504346));
#3508=DIRECTION('ref_axis',(-0.848613677504346,0.,-0.529013068224737));
#3509=DIRECTION('center_axis',(0.,1.,0.));
#3510=DIRECTION('ref_axis',(0.863816960898218,0.,-0.503805774147703));
#3511=DIRECTION('center_axis',(0.,1.,0.));
#3512=DIRECTION('ref_axis',(0.863816960898218,0.,-0.503805774147703));
#3513=DIRECTION('center_axis',(0.999091110900424,0.,-0.0426257213400183));
#3514=DIRECTION('ref_axis',(0.0426257213400183,0.,0.999091110900424));
#3515=DIRECTION('center_axis',(0.,-1.,0.));
#3516=DIRECTION('ref_axis',(-2.72020750709398E-10,0.,1.));
#3517=DIRECTION('center_axis',(0.999091110877234,0.,0.042625721883565));
#3518=DIRECTION('ref_axis',(-0.042625721883565,0.,0.999091110877234));
#3519=DIRECTION('center_axis',(0.,-1.,0.));
#3520=DIRECTION('ref_axis',(-2.72021011101588E-10,0.,1.));
#3521=DIRECTION('center_axis',(0.,1.,0.));
#3522=DIRECTION('ref_axis',(-0.863816962146193,0.,-0.503805772007946));
#3523=DIRECTION('center_axis',(0.,1.,0.));
#3524=DIRECTION('ref_axis',(-0.863816962146193,0.,-0.503805772007946));
#3525=DIRECTION('',(0.,-1.,0.));
#3526=DIRECTION('',(0.,-1.,0.));
#3527=DIRECTION('',(0.,-1.,0.));
#3528=DIRECTION('',(0.,-1.,0.));
#3529=DIRECTION('center_axis',(0.,1.,0.));
#3530=DIRECTION('ref_axis',(1.,0.,0.));
#3531=DIRECTION('',(0.,-1.,0.));
#3532=DIRECTION('',(0.,-1.,0.));
#3533=DIRECTION('center_axis',(0.,1.,0.));
#3534=DIRECTION('ref_axis',(1.,0.,0.));
#3535=DIRECTION('center_axis',(-1.,0.,2.96059473233375E-15));
#3536=DIRECTION('ref_axis',(3.20064295387432E-15,0.,1.));
#3537=DIRECTION('center_axis',(2.46765798680246E-31,-1.,8.33500769238105E-17));
#3538=DIRECTION('ref_axis',(-2.66720246156194E-15,-8.33500769238105E-17,
-1.));
#3539=DIRECTION('center_axis',(-1.,0.,2.96059473233375E-15));
#3540=DIRECTION('ref_axis',(0.,1.,8.33970347136268E-16));
#3541=DIRECTION('center_axis',(-1.,0.,2.96059473233375E-15));
#3542=DIRECTION('ref_axis',(0.,1.,8.33970347136268E-16));
#3543=DIRECTION('center_axis',(-1.,0.,0.));
#3544=DIRECTION('ref_axis',(0.,1.,0.));
#3545=DIRECTION('',(-1.,0.,0.));
#3546=DIRECTION('center_axis',(-1.,0.,0.));
#3547=DIRECTION('ref_axis',(0.,1.,0.));
#3548=DIRECTION('center_axis',(0.45264681208793,0.793165028357829,-0.407431100060805));
#3549=DIRECTION('ref_axis',(0.66900915488749,-2.31296463463574E-16,0.74325416290575));
#3550=DIRECTION('center_axis',(9.1078498993998E-9,0.937727387203751,0.347372058876395));
#3551=DIRECTION('ref_axis',(0.,-0.347372058876395,0.937727387203751));
#3552=DIRECTION('center_axis',(-1.,0.,2.96059473233375E-15));
#3553=DIRECTION('ref_axis',(-3.20064295387432E-15,-3.1182462684704E-9,-1.));
#3554=DIRECTION('center_axis',(-1.17553237661226E-7,0.937727385037362,-0.347372064724522));
#3555=DIRECTION('ref_axis',(3.70074341541719E-15,0.347372064724524,0.937727385037368));
#3556=DIRECTION('center_axis',(-1.,0.,2.96059473233375E-15));
#3557=DIRECTION('ref_axis',(-2.77623076292052E-15,0.347372058876395,-0.937727387203751));
#3558=DIRECTION('center_axis',(0.452646812087931,-0.793165028357829,-0.407431100060805));
#3559=DIRECTION('ref_axis',(0.,0.456920173384468,-0.889507703819539));
#3560=DIRECTION('center_axis',(-1.,0.,0.));
#3561=DIRECTION('ref_axis',(0.,1.,0.));
#3562=DIRECTION('',(-1.,0.,0.));
#3563=DIRECTION('',(-1.,0.,0.));
#3564=DIRECTION('center_axis',(-1.,0.,0.));
#3565=DIRECTION('ref_axis',(0.,1.,0.));
#3566=DIRECTION('center_axis',(0.,0.,1.));
#3567=DIRECTION('ref_axis',(-0.707106781186549,0.707106781186546,0.));
#3568=DIRECTION('',(0.,0.,1.));
#3569=DIRECTION('center_axis',(0.,0.,-1.));
#3570=DIRECTION('ref_axis',(-1.,0.,0.));
#3571=DIRECTION('center_axis',(0.,1.,0.));
#3572=DIRECTION('ref_axis',(-1.,0.,0.));
#3573=DIRECTION('center_axis',(0.,-1.,0.));
#3574=DIRECTION('ref_axis',(-0.61545211672807,0.,0.788174277691766));
#3575=DIRECTION('center_axis',(0.,1.,0.));
#3576=DIRECTION('ref_axis',(-1.,0.,0.));
#3577=DIRECTION('',(0.,-1.,0.));
#3578=DIRECTION('center_axis',(0.993330856816979,1.40609395509378E-14,-0.115298780979011));
#3579=DIRECTION('ref_axis',(-1.41553435639707E-14,1.,0.));
#3580=DIRECTION('center_axis',(0.993330856817035,-1.04767784889346E-14,
0.115298780978528));
#3581=DIRECTION('ref_axis',(1.0547118733939E-14,1.,0.));
#3582=DIRECTION('center_axis',(0.,-1.,0.));
#3583=DIRECTION('ref_axis',(1.,0.,0.));
#3584=DIRECTION('center_axis',(0.,1.,0.));
#3585=DIRECTION('ref_axis',(0.615452116728254,0.,0.788174277691623));
#3586=DIRECTION('center_axis',(0.,-1.,0.));
#3587=DIRECTION('ref_axis',(1.,0.,0.));
#3588=DIRECTION('',(0.,1.,0.));
#3589=DIRECTION('center_axis',(0.,2.22044604925031E-15,1.));
#3590=DIRECTION('ref_axis',(1.,0.,0.));
#3591=DIRECTION('center_axis',(0.,0.,-1.));
#3592=DIRECTION('ref_axis',(0.707106781186549,0.707106781186546,0.));
#3593=DIRECTION('',(0.,0.,1.));
#3594=DIRECTION('',(0.,0.,-1.));
#3595=DIRECTION('center_axis',(-1.,0.,0.));
#3596=DIRECTION('ref_axis',(0.,0.,1.));
#3597=DIRECTION('',(0.,0.,1.));
#3598=DIRECTION('',(0.,-0.707106781186547,-0.707106781186547));
#3599=DIRECTION('center_axis',(-1.,0.,0.));
#3600=DIRECTION('ref_axis',(0.,0.996645430833244,-0.0818406084973515));
#3601=DIRECTION('center_axis',(1.,0.,0.));
#3602=DIRECTION('ref_axis',(0.,1.,0.));
#3603=DIRECTION('center_axis',(-1.,0.,0.));
#3604=DIRECTION('ref_axis',(0.,-0.993182105318855,-0.116573177336841));
#3605=DIRECTION('',(0.,-0.73135370161917,0.681998360062499));
#3606=DIRECTION('',(0.,-1.,0.));
#3607=DIRECTION('center_axis',(0.,0.,1.));
#3608=DIRECTION('ref_axis',(-0.707106781186548,-0.707106781186547,0.));
#3609=DIRECTION('',(0.,0.,-1.));
#3610=DIRECTION('center_axis',(0.,-1.,0.));
#3611=DIRECTION('ref_axis',(0.,0.,-1.));
#3612=DIRECTION('',(0.,0.,1.));
#3613=DIRECTION('center_axis',(0.,1.,0.));
#3614=DIRECTION('ref_axis',(-0.863816962146192,0.,-0.503805772007948));
#3615=DIRECTION('center_axis',(0.,1.,0.));
#3616=DIRECTION('ref_axis',(1.,0.,0.));
#3617=DIRECTION('center_axis',(0.,1.,0.));
#3618=DIRECTION('ref_axis',(0.863816960898215,0.,-0.503805774147708));
#3619=DIRECTION('center_axis',(0.,1.,0.));
#3620=DIRECTION('ref_axis',(1.,0.,0.));
#3621=DIRECTION('center_axis',(0.,0.,1.));
#3622=DIRECTION('ref_axis',(0.707106781186547,-0.707106781186548,0.));
#3623=DIRECTION('',(0.,0.,-1.));
#3624=DIRECTION('center_axis',(1.,0.,0.));
#3625=DIRECTION('ref_axis',(0.,0.,-1.));
#3626=DIRECTION('',(0.,1.,0.));
#3627=DIRECTION('',(0.,0.73135370161917,-0.681998360062499));
#3628=DIRECTION('center_axis',(1.,0.,0.));
#3629=DIRECTION('ref_axis',(0.,-0.993182105318855,-0.116573177336841));
#3630=DIRECTION('center_axis',(-1.,0.,0.));
#3631=DIRECTION('ref_axis',(0.,1.,0.));
#3632=DIRECTION('center_axis',(1.,0.,0.));
#3633=DIRECTION('ref_axis',(0.,0.996645430833244,-0.0818406084973515));
#3634=DIRECTION('',(0.,0.707106781186548,0.707106781186548));
#3635=DIRECTION('center_axis',(0.,1.,0.));
#3636=DIRECTION('ref_axis',(1.,0.,0.));
#3637=DIRECTION('center_axis',(0.,-0.681998360062499,-0.73135370161917));
#3638=DIRECTION('ref_axis',(0.,0.73135370161917,-0.681998360062499));
#3639=DIRECTION('center_axis',(0.,0.681998360062499,0.73135370161917));
#3640=DIRECTION('ref_axis',(0.,-0.73135370161917,0.681998360062499));
#3641=DIRECTION('center_axis',(0.,-0.681998360062499,-0.73135370161917));
#3642=DIRECTION('ref_axis',(0.,0.73135370161917,-0.681998360062499));
#3643=DIRECTION('',(1.,0.,0.));
#3644=DIRECTION('center_axis',(0.,-0.707106781186548,0.707106781186548));
#3645=DIRECTION('ref_axis',(0.,-0.707106781186548,-0.707106781186548));
#3646=DIRECTION('',(-1.,0.,0.));
#3647=DIRECTION('',(0.,-0.707106781186548,-0.707106781186548));
#3648=DIRECTION('center_axis',(0.,-1.,0.));
#3649=DIRECTION('ref_axis',(1.,0.,0.));
#3650=DIRECTION('',(0.,-1.,0.));
#3651=DIRECTION('center_axis',(-1.,0.,0.));
#3652=DIRECTION('ref_axis',(0.,0.996645430833244,-0.0818406084973515));
#3653=DIRECTION('',(1.,0.,0.));
#3654=DIRECTION('center_axis',(1.,0.,0.));
#3655=DIRECTION('ref_axis',(0.,0.996645430833244,-0.0818406084973515));
#3656=DIRECTION('center_axis',(1.,0.,0.));
#3657=DIRECTION('ref_axis',(0.,-0.0174524064372833,0.999847695156391));
#3658=DIRECTION('',(-1.,0.,0.));
#3659=DIRECTION('center_axis',(1.,0.,0.));
#3660=DIRECTION('ref_axis',(0.,1.,0.));
#3661=DIRECTION('center_axis',(-1.,0.,0.));
#3662=DIRECTION('ref_axis',(0.,-0.993182105318855,-0.116573177336841));
#3663=DIRECTION('',(1.,0.,0.));
#3664=DIRECTION('center_axis',(1.,0.,0.));
#3665=DIRECTION('ref_axis',(0.,-0.993182105318855,-0.116573177336841));
#3666=DIRECTION('center_axis',(-0.820548093038308,0.,-0.571577489944449));
#3667=DIRECTION('ref_axis',(-0.571577489944449,0.,0.820548093038308));
#3668=DIRECTION('center_axis',(0.,1.,0.));
#3669=DIRECTION('ref_axis',(1.,0.,0.));
#3670=DIRECTION('center_axis',(1.,0.,0.));
#3671=DIRECTION('ref_axis',(0.,-0.993182105318855,-0.116573177336841));
#3672=DIRECTION('',(-1.,0.,0.));
#3673=DIRECTION('center_axis',(1.,0.,0.));
#3674=DIRECTION('ref_axis',(0.,-0.993182105318855,-0.116573177336841));
#3675=DIRECTION('center_axis',(-1.,0.,0.));
#3676=DIRECTION('ref_axis',(0.,-1.,0.));
#3677=DIRECTION('center_axis',(-1.,0.,0.));
#3678=DIRECTION('ref_axis',(0.,1.,0.));
#3679=DIRECTION('center_axis',(1.,0.,0.));
#3680=DIRECTION('ref_axis',(0.,0.996645430833244,-0.0818406084973515));
#3681=DIRECTION('center_axis',(-1.,0.,0.));
#3682=DIRECTION('ref_axis',(0.,-1.,0.));
#3683=DIRECTION('center_axis',(-1.,0.,0.));
#3684=DIRECTION('ref_axis',(0.,-1.,0.));
#3685=DIRECTION('center_axis',(1.,0.,0.));
#3686=DIRECTION('ref_axis',(0.,-0.0174524064372833,0.999847695156391));
#3687=DIRECTION('',(1.,0.,0.));
#3688=DIRECTION('center_axis',(1.,0.,0.));
#3689=DIRECTION('ref_axis',(0.,0.996645430833244,-0.0818406084973515));
#3690=DIRECTION('',(-1.,0.,0.));
#3691=DIRECTION('center_axis',(0.,-0.707106781186548,0.707106781186548));
#3692=DIRECTION('ref_axis',(0.,-0.707106781186548,-0.707106781186548));
#3693=DIRECTION('center_axis',(0.,0.681998360062499,0.73135370161917));
#3694=DIRECTION('ref_axis',(0.,-0.73135370161917,0.681998360062499));
#3695=DIRECTION('',(0.,-0.73135370161917,0.681998360062499));
#3696=DIRECTION('center_axis',(-0.802129301382291,-0.210689367904442,-0.558747325824459));
#3697=DIRECTION('ref_axis',(-0.571577489944893,-2.22044604925031E-15,0.820548093037998));
#3698=DIRECTION('center_axis',(0.,0.,1.));
#3699=DIRECTION('ref_axis',(1.,0.,0.));
#3700=DIRECTION('center_axis',(0.,1.,0.));
#3701=DIRECTION('ref_axis',(1.,0.,0.));
#3702=DIRECTION('center_axis',(0.,-1.,0.));
#3703=DIRECTION('ref_axis',(0.463056290564542,0.,-0.88632887336959));
#3704=DIRECTION('',(1.46948454756746E-28,-1.,-2.77555756156289E-16));
#3705=DIRECTION('center_axis',(-5.29437604868122E-13,-2.77555756156289E-16,
1.));
#3706=DIRECTION('ref_axis',(-1.46952734601119E-28,1.,2.77555756156289E-16));
#3707=DIRECTION('',(-1.,0.,-5.29437604868122E-13));
#3708=DIRECTION('center_axis',(5.29437604868122E-13,2.77555756156289E-16,
-1.));
#3709=DIRECTION('ref_axis',(-0.707106781186547,0.707106781186548,-3.74513230586042E-13));
#3710=DIRECTION('',(-1.46952734601119E-28,1.,2.77555756156289E-16));
#3711=DIRECTION('',(-1.,0.,-5.29437604868122E-13));
#3712=DIRECTION('',(-5.88166340407605E-32,1.,2.77555756156289E-16));
#3713=DIRECTION('',(1.46948454756746E-28,-1.,-2.77555756156289E-16));
#3714=DIRECTION('center_axis',(0.,1.,0.));
#3715=DIRECTION('ref_axis',(0.707106781186173,0.,0.707106781186922));
#3716=DIRECTION('center_axis',(0.707106781186547,0.707106781186548,3.7446705139608E-13));
#3717=DIRECTION('ref_axis',(0.707106781186548,-0.707106781186547,3.74319855228079E-13));
#3718=DIRECTION('',(0.,1.,0.));
#3719=DIRECTION('center_axis',(-3.7446705139608E-13,0.707106781186548,0.707106781186548));
#3720=DIRECTION('ref_axis',(-3.74417986006746E-13,-0.707106781186547,0.707106781186547));
#3721=DIRECTION('',(0.,-1.,0.));
#3722=DIRECTION('',(0.,-1.,0.));
#3723=DIRECTION('center_axis',(-1.,0.,-5.29453024632542E-13));
#3724=DIRECTION('ref_axis',(-5.29453024632542E-13,0.,1.));
#3725=DIRECTION('',(5.29453024632542E-13,-2.08166817117217E-16,-1.));
#3726=DIRECTION('center_axis',(1.,0.,5.29453024632542E-13));
#3727=DIRECTION('ref_axis',(0.,-1.,0.));
#3728=DIRECTION('center_axis',(5.29437604868122E-13,0.,-1.));
#3729=DIRECTION('ref_axis',(0.,-1.,0.));
#3730=DIRECTION('',(1.,0.,5.29437604868122E-13));
#3731=DIRECTION('',(0.,-1.,0.));
#3732=DIRECTION('center_axis',(-5.29437604868122E-13,0.,1.));
#3733=DIRECTION('ref_axis',(-0.707106781186547,0.707106781186548,-3.74513230586042E-13));
#3734=DIRECTION('',(-1.,0.,-5.29437604868122E-13));
#3735=DIRECTION('center_axis',(5.29437604868122E-13,0.,-1.));
#3736=DIRECTION('ref_axis',(0.,-1.,0.));
#3737=DIRECTION('',(0.,1.,0.));
#3738=DIRECTION('center_axis',(-5.29437604868122E-13,0.,1.));
#3739=DIRECTION('ref_axis',(0.856348838577147,-0.516397779495198,4.53383278027883E-13));
#3740=DIRECTION('',(0.,-1.,0.));
#3741=DIRECTION('center_axis',(0.,-1.,0.));
#3742=DIRECTION('ref_axis',(0.707106781186795,0.,-0.7071067811863));
#3743=DIRECTION('',(0.,-1.,0.));
#3744=DIRECTION('center_axis',(0.,1.,0.));
#3745=DIRECTION('ref_axis',(1.,0.,1.69309011255336E-13));
#3746=DIRECTION('center_axis',(-5.29437604868122E-13,0.,1.));
#3747=DIRECTION('ref_axis',(1.,0.,5.29354338141275E-13));
#3748=DIRECTION('center_axis',(0.714142842856961,0.69999999999727,3.77400325656314E-13));
#3749=DIRECTION('ref_axis',(0.69999999999727,-0.714142842856961,3.7025937871249E-13));
#3750=DIRECTION('center_axis',(5.29437604868122E-13,0.,-1.));
#3751=DIRECTION('ref_axis',(0.856348838577147,-0.516397779495198,4.53387327681345E-13));
#3752=DIRECTION('center_axis',(0.960000000000166,0.,0.279999999999432));
#3753=DIRECTION('ref_axis',(0.,-1.,0.));
#3754=DIRECTION('center_axis',(0.,-1.,0.));
#3755=DIRECTION('ref_axis',(0.,0.,-1.));
#3756=DIRECTION('center_axis',(0.280000000001567,4.44089209846075E-16,0.959999999999543));
#3757=DIRECTION('ref_axis',(-2.22044604925031E-15,-1.,1.11022302462516E-15));
#3758=DIRECTION('center_axis',(0.,1.,0.));
#3759=DIRECTION('ref_axis',(-0.707106781185523,0.,0.707106781187572));
#3760=DIRECTION('center_axis',(0.,-1.,0.));
#3761=DIRECTION('ref_axis',(-0.707106781185523,0.,0.707106781187572));
#3762=DIRECTION('center_axis',(0.,-1.,0.));
#3763=DIRECTION('ref_axis',(0.,0.,-1.));
#3764=DIRECTION('center_axis',(0.,1.,0.));
#3765=DIRECTION('ref_axis',(0.632455532033056,0.,-0.77459666924199));
#3766=DIRECTION('',(0.,-1.,0.));
#3767=DIRECTION('',(0.,1.,0.));
#3768=DIRECTION('center_axis',(0.,-1.,0.));
#3769=DIRECTION('ref_axis',(-0.707106781186735,0.,0.70710678118636));
#3770=DIRECTION('center_axis',(0.,-1.,0.));
#3771=DIRECTION('ref_axis',(0.,0.,-1.));
#3772=DIRECTION('center_axis',(0.279999999998431,1.06581410364066E-15,-0.960000000000458));
#3773=DIRECTION('ref_axis',(0.960000000000458,0.,0.279999999998431));
#3774=DIRECTION('center_axis',(0.,-1.,0.));
#3775=DIRECTION('ref_axis',(-0.656154598484138,0.,-0.754626492304716));
#3776=DIRECTION('center_axis',(-0.973255164227688,5.65753781422484E-16,
0.229726762272349));
#3777=DIRECTION('ref_axis',(2.34896990747303E-9,-1.,9.95159482597432E-9));
#3778=DIRECTION('center_axis',(0.,1.,0.));
#3779=DIRECTION('ref_axis',(-0.656154598484138,0.,-0.754626492304716));
#3780=DIRECTION('center_axis',(-0.827456422973974,-0.561529935158506,4.61418899568873E-11));
#3781=DIRECTION('ref_axis',(0.555857037462184,-0.819096983280295,-0.141785351446772));
#3782=DIRECTION('center_axis',(0.,-1.,0.));
#3783=DIRECTION('ref_axis',(0.961357486195493,0.,-0.275303076146786));
#3784=DIRECTION('center_axis',(0.,1.,0.));
#3785=DIRECTION('ref_axis',(0.798530859500741,0.,0.601953874001163));
#3786=DIRECTION('',(0.,1.,0.));
#3787=DIRECTION('center_axis',(0.,-1.,0.));
#3788=DIRECTION('ref_axis',(0.979795897113591,0.,0.199999999998431));
#3789=DIRECTION('center_axis',(5.88166340407605E-32,-1.,-2.77555756156289E-16));
#3790=DIRECTION('ref_axis',(0.632455532034296,0.,0.774596669240977));
#3791=DIRECTION('',(5.88166340407605E-32,-1.,0.));
#3792=DIRECTION('',(-5.88166340407605E-32,1.,2.77555756156289E-16));
#3793=DIRECTION('center_axis',(0.,-1.,0.));
#3794=DIRECTION('ref_axis',(0.,0.,-1.));
#3795=DIRECTION('',(1.69196710571436E-13,0.,-1.));
#3796=DIRECTION('',(1.,0.,0.));
#3797=DIRECTION('',(0.,0.,-1.));
#3798=DIRECTION('',(-1.,0.,0.));
#3799=DIRECTION('center_axis',(-1.,0.,0.));
#3800=DIRECTION('ref_axis',(0.,-0.707106781186548,0.707106781186548));
#3801=DIRECTION('',(-1.,0.,0.));
#3802=DIRECTION('center_axis',(1.,0.,0.));
#3803=DIRECTION('ref_axis',(0.,-0.707106781186548,0.707106781186548));
#3804=DIRECTION('center_axis',(0.,0.,-1.));
#3805=DIRECTION('ref_axis',(-1.,0.,0.));
#3806=DIRECTION('',(0.,1.,0.));
#3807=DIRECTION('center_axis',(5.88166340407605E-32,-1.,-2.77555756156289E-16));
#3808=DIRECTION('ref_axis',(-0.70710678118636,0.,-0.707106781186735));
#3809=DIRECTION('center_axis',(-1.69196710571436E-13,0.,1.));
#3810=DIRECTION('ref_axis',(0.707106781186548,-0.707106781186547,1.19654129455526E-13));
#3811=DIRECTION('',(-1.69196710571436E-13,0.,1.));
#3812=DIRECTION('center_axis',(1.69196325344872E-13,0.,-1.));
#3813=DIRECTION('ref_axis',(1.,0.,1.69196325344872E-13));
#3814=DIRECTION('center_axis',(-1.,0.,-1.69196710571436E-13));
#3815=DIRECTION('ref_axis',(1.69196710571436E-13,0.,-1.));
#3816=DIRECTION('',(0.,-1.,0.));
#3817=DIRECTION('center_axis',(1.,0.,0.));
#3818=DIRECTION('ref_axis',(0.,-0.707106781186548,-0.707106781186548));
#3819=DIRECTION('center_axis',(1.,0.,0.));
#3820=DIRECTION('ref_axis',(0.,-0.707106781186548,-0.707106781186548));
#3821=DIRECTION('',(1.,0.,0.));
#3822=DIRECTION('center_axis',(1.,0.,0.));
#3823=DIRECTION('ref_axis',(0.,0.,1.));
#3824=DIRECTION('',(0.,-1.,0.));
#3825=DIRECTION('center_axis',(0.,0.,1.));
#3826=DIRECTION('ref_axis',(1.,0.,0.));
#3827=DIRECTION('center_axis',(-1.,0.,-5.29437604868122E-13));
#3828=DIRECTION('ref_axis',(-3.73682005166738E-13,-0.707106781186548,0.707106781186547));
#3829=DIRECTION('center_axis',(-1.,0.,-5.29437604868122E-13));
#3830=DIRECTION('ref_axis',(-3.73682005166738E-13,-0.707106781186548,0.707106781186547));
#3831=DIRECTION('center_axis',(1.,0.,5.29437604868122E-13));
#3832=DIRECTION('ref_axis',(3.75252097625422E-13,-0.707106781186547,-0.707106781186548));
#3833=DIRECTION('center_axis',(-1.,0.,-5.29437604868122E-13));
#3834=DIRECTION('ref_axis',(3.75252097625422E-13,-0.707106781186547,-0.707106781186548));
#3835=DIRECTION('center_axis',(-5.29453024632542E-13,2.08166817117217E-16,
1.));
#3836=DIRECTION('ref_axis',(0.707106781186547,-0.707106781186548,3.74467051396081E-13));
#3837=DIRECTION('center_axis',(-5.29436212558542E-13,1.38777878078145E-16,
1.));
#3838=DIRECTION('ref_axis',(0.,-1.,1.38777878078145E-16));
#3839=DIRECTION('',(-5.29453024632542E-13,2.08166817117217E-16,1.));
#3840=DIRECTION('center_axis',(1.1021134106756E-28,1.,-2.08166817117217E-16));
#3841=DIRECTION('ref_axis',(5.29453024632542E-13,-2.08166817117217E-16,
-1.));
#3842=DIRECTION('',(5.29437604868122E-13,-2.08166817117217E-16,-1.));
#3843=DIRECTION('center_axis',(5.29437604868122E-13,-2.08166817117217E-16,
-1.));
#3844=DIRECTION('ref_axis',(-0.707106781186547,0.707106781186548,-3.74513230586042E-13));
#3845=DIRECTION('',(-5.29437604868122E-13,2.08166817117217E-16,1.));
#3846=DIRECTION('center_axis',(-1.,0.,-5.29437604868122E-13));
#3847=DIRECTION('ref_axis',(-5.29437604868122E-13,0.,1.));
#3848=DIRECTION('center_axis',(-1.,0.,-5.29453024632542E-13));
#3849=DIRECTION('ref_axis',(0.,-1.,0.));
#3850=DIRECTION('',(0.,-1.,0.));
#3851=DIRECTION('',(0.,-1.,0.));
#3852=DIRECTION('',(0.,-1.,0.));
#3853=DIRECTION('',(0.,-1.,0.));
#3854=DIRECTION('',(0.,-1.,0.));
#3855=DIRECTION('',(0.,-1.,0.));
#3856=DIRECTION('center_axis',(-1.,0.,0.));
#3857=DIRECTION('ref_axis',(0.,-1.,0.));
#3858=DIRECTION('',(-1.,0.,0.));
#3859=DIRECTION('',(0.,1.,0.));
#3860=DIRECTION('center_axis',(0.,1.,0.));
#3861=DIRECTION('ref_axis',(1.,0.,0.));
#3862=DIRECTION('',(0.,-1.,0.));
#3863=DIRECTION('',(0.,1.,0.));
#3864=DIRECTION('center_axis',(0.,1.,0.));
#3865=DIRECTION('ref_axis',(1.,0.,0.));
#3866=DIRECTION('',(0.,1.,0.));
#3867=DIRECTION('center_axis',(1.,0.,0.));
#3868=DIRECTION('ref_axis',(0.,1.,0.));
#3869=DIRECTION('center_axis',(1.,0.,0.));
#3870=DIRECTION('ref_axis',(0.,1.,0.));
#3871=DIRECTION('center_axis',(0.,1.,0.));
#3872=DIRECTION('ref_axis',(0.863816960898215,0.,-0.503805774147708));
#3873=DIRECTION('',(0.,1.,0.));
#3874=DIRECTION('',(0.,-1.,0.));
#3875=DIRECTION('center_axis',(0.,1.,0.));
#3876=DIRECTION('ref_axis',(0.863816960898215,0.,-0.503805774147708));
#3877=DIRECTION('',(0.,1.,0.));
#3878=DIRECTION('',(0.,-1.,0.));
#3879=DIRECTION('center_axis',(0.,1.,0.));
#3880=DIRECTION('ref_axis',(1.,0.,0.));
#3881=DIRECTION('',(0.,1.,0.));
#3882=DIRECTION('center_axis',(0.,1.,0.));
#3883=DIRECTION('ref_axis',(-0.863816962146192,0.,-0.503805772007948));
#3884=DIRECTION('center_axis',(0.,1.,0.));
#3885=DIRECTION('ref_axis',(-0.863816962146192,0.,-0.503805772007948));
#3886=DIRECTION('',(0.,1.,0.));
#3887=DIRECTION('center_axis',(0.,1.,0.));
#3888=DIRECTION('ref_axis',(1.,0.,0.));
#3889=DIRECTION('center_axis',(0.,1.,0.));
#3890=DIRECTION('ref_axis',(-0.99229807132335,0.,-0.123873070713372));
#3891=DIRECTION('center_axis',(1.,0.,0.));
#3892=DIRECTION('ref_axis',(0.,0.,-1.));
#3893=CARTESIAN_POINT('',(0.,0.,0.));
#3894=CARTESIAN_POINT('Origin',(-9.39999999999737,-1.62999992549419,-0.5));
#3895=CARTESIAN_POINT('',(-6.39999999999737,-0.719999925494195,-0.5));
#3896=CARTESIAN_POINT('Origin',(-6.39999999999737,-1.62999992549419,-0.5));
#3897=CARTESIAN_POINT('',(-9.39999999999737,-0.719999925494195,-0.5));
#3898=CARTESIAN_POINT('',(-9.39999999999737,-0.719999925494195,-0.5));
#3899=CARTESIAN_POINT('Origin',(-9.39999999999737,-1.62999992549419,-0.5));
#3900=CARTESIAN_POINT('Ctrl Pts',(6.59999999999997,6.27745321101378,-1.74189115978925));
#3901=CARTESIAN_POINT('Ctrl Pts',(6.59990977084738,6.27788632932598,-1.74127337706181));
#3902=CARTESIAN_POINT('Ctrl Pts',(6.5998200589075,6.27831733996247,-1.74065368704539));
#3903=CARTESIAN_POINT('Ctrl Pts',(6.59345700379502,6.30871120114219,-1.69752465027015));
#3904=CARTESIAN_POINT('Ctrl Pts',(6.58766375385597,6.33492133935533,-1.65224217108487));
#3905=CARTESIAN_POINT('Ctrl Pts',(6.57914620730082,6.37017452356626,-1.6136695480686));
#3906=CARTESIAN_POINT('Ctrl Pts',(6.59999999999997,6.27745321101378,-1.74189115978925));
#3907=CARTESIAN_POINT('Ctrl Pts',(6.59999931680483,6.27745273631277,-1.74085851663436));
#3908=CARTESIAN_POINT('Ctrl Pts',(6.60003229250836,6.27730331455479,-1.7400918029946));
#3909=CARTESIAN_POINT('Ctrl Pts',(6.60050791461186,6.27496772054086,-1.67227009850622));
#3910=CARTESIAN_POINT('Ctrl Pts',(6.60344754552447,6.26453339772171,-1.61570947917981));
#3911=CARTESIAN_POINT('Ctrl Pts',(6.60241962272165,6.27384842828338,-1.52748195769607));
#3912=CARTESIAN_POINT('Ctrl Pts',(6.59999999999997,6.27745321101378,-1.74189115978925));
#3913=CARTESIAN_POINT('Ctrl Pts',(6.59990834519075,6.27696377139655,-1.74047562237824));
#3914=CARTESIAN_POINT('Ctrl Pts',(6.60042634530646,6.27632736904867,-1.73948396287041));
#3915=CARTESIAN_POINT('Ctrl Pts',(6.60181404594235,6.24156731577677,-1.64900098513882));
#3916=CARTESIAN_POINT('Ctrl Pts',(6.60047021196318,6.17841206286627,-1.56806970329566));
#3917=CARTESIAN_POINT('Ctrl Pts',(6.49020425440495,6.1585745676038,-1.45295051622311));
#3918=CARTESIAN_POINT('Ctrl Pts',(6.59999999999997,6.27745321101378,-1.74189115978925));
#3919=CARTESIAN_POINT('Ctrl Pts',(6.60021122836741,6.27643927182274,-1.74029422811323));
#3920=CARTESIAN_POINT('Ctrl Pts',(6.60040546761742,6.2754031359964,-1.73868507881964));
#3921=CARTESIAN_POINT('Ctrl Pts',(6.61214684215798,6.2054261954193,-1.62875319833309));
#3922=CARTESIAN_POINT('Ctrl Pts',(6.53152513131688,6.1010794046383,-1.52096014416566));
#3923=CARTESIAN_POINT('Ctrl Pts',(6.3604392584939,6.14550659505871,-1.46840830266835));
#3924=CARTESIAN_POINT('',(6.59999999999997,6.26690892712071,-1.70143987381052));
#3925=CARTESIAN_POINT('',(6.59999999999997,6.27745321101378,-1.74189115978925));
#3926=CARTESIAN_POINT('Ctrl Pts',(6.59999999999997,6.26690892712071,-1.70143987381052));
#3927=CARTESIAN_POINT('Ctrl Pts',(6.59999999999997,6.26856850763152,-1.70342075294995));
#3928=CARTESIAN_POINT('Ctrl Pts',(6.59999999999997,6.26996496162651,-1.70561718473142));
#3929=CARTESIAN_POINT('Ctrl Pts',(6.59999999999997,6.27306885476085,-1.7117612520904));
#3930=CARTESIAN_POINT('Ctrl Pts',(6.59999999999997,6.27440842399841,-1.71593925378254));
#3931=CARTESIAN_POINT('Ctrl Pts',(6.59999999999997,6.27685151808542,-1.72686966187584));
#3932=CARTESIAN_POINT('Ctrl Pts',(6.59999999999997,6.27740997639994,-1.73413496693447));
#3933=CARTESIAN_POINT('Ctrl Pts',(6.59999999999997,6.27745240411022,-1.74133717940733));
#3934=CARTESIAN_POINT('Ctrl Pts',(6.59999999999997,6.27745321101378,-1.74161417684672));
#3935=CARTESIAN_POINT('Ctrl Pts',(6.59999999999997,6.27745321101378,-1.74189115978925));
#3936=CARTESIAN_POINT('',(6.57914620730082,6.37017452356626,-1.6136695480686));
#3937=CARTESIAN_POINT('Ctrl Pts',(6.59999999999997,6.27745321101378,-1.74189115978925));
#3938=CARTESIAN_POINT('Ctrl Pts',(6.59990977084738,6.27788632932598,-1.74127337706181));
#3939=CARTESIAN_POINT('Ctrl Pts',(6.5998200589075,6.27831733996247,-1.74065368704539));
#3940=CARTESIAN_POINT('Ctrl Pts',(6.59345700379502,6.30871120114219,-1.69752465027015));
#3941=CARTESIAN_POINT('Ctrl Pts',(6.58766375385597,6.33492133935533,-1.65224217108487));
#3942=CARTESIAN_POINT('Ctrl Pts',(6.57914620730082,6.37017452356626,-1.6136695480686));
#3943=CARTESIAN_POINT('',(6.36161094873647,6.14563320768084,-1.46827601464665));
#3944=CARTESIAN_POINT('Origin',(6.3604392584939,6.31733258431752,-1.6136695480686));
#3945=CARTESIAN_POINT('',(6.56058938080309,6.17973858549527,-1.59918018515092));
#3946=CARTESIAN_POINT('Ctrl Pts',(6.36401519346828,6.14589300990389,-1.46800456681198));
#3947=CARTESIAN_POINT('Ctrl Pts',(6.45817260224042,6.12217093177397,-1.49816215696825));
#3948=CARTESIAN_POINT('Ctrl Pts',(6.5242323027453,6.14352174473676,-1.54463199912647));
#3949=CARTESIAN_POINT('Ctrl Pts',(6.56239946638408,6.17884908925824,-1.59848077666102));
#3950=CARTESIAN_POINT('Ctrl Pts',(6.56058938080309,6.17973858549527,-1.59918018515091));
#3951=CARTESIAN_POINT('Ctrl Pts',(6.56093981466132,6.18008567851555,-1.59960284469833));
#3952=CARTESIAN_POINT('Ctrl Pts',(6.56128812750926,6.18043392348792,-1.60002631232617));
#3953=CARTESIAN_POINT('Ctrl Pts',(6.57369329687074,6.19295374449888,-1.61522975934287));
#3954=CARTESIAN_POINT('Ctrl Pts',(6.58310051629892,6.2064347350864,-1.63090574898662));
#3955=CARTESIAN_POINT('Ctrl Pts',(6.59638962199694,6.23547398197322,-1.66454796864557));
#3956=CARTESIAN_POINT('Ctrl Pts',(6.59989193226872,6.25093059403497,-1.6823872015911));
#3957=CARTESIAN_POINT('Ctrl Pts',(6.59999917938499,6.26643454907222,-1.70087380142788));
#3958=CARTESIAN_POINT('Ctrl Pts',(6.59999999999997,6.26667177921839,-1.70115681352533));
#3959=CARTESIAN_POINT('Ctrl Pts',(6.59999999999997,6.26690892712071,-1.70143987381052));
#3960=CARTESIAN_POINT('Ctrl Pts',(6.32297167724979,6.26650086816023,0.303726042224212));
#3961=CARTESIAN_POINT('Ctrl Pts',(6.27351515140656,6.41114274804648,0.0758012807702807));
#3962=CARTESIAN_POINT('Ctrl Pts',(6.172291736483,6.60428926698878,-0.557311631790457));
#3963=CARTESIAN_POINT('Ctrl Pts',(6.29584119309686,6.37799725259782,-1.19340076631538));
#3964=CARTESIAN_POINT('Ctrl Pts',(6.3604392584939,6.14550659505872,-1.46840830266835));
#3965=CARTESIAN_POINT('Ctrl Pts',(6.36135503893404,6.26977735387377,0.298562999367923));
#3966=CARTESIAN_POINT('Ctrl Pts',(6.31366153344139,6.41343351843371,0.0701005362752596));
#3967=CARTESIAN_POINT('Ctrl Pts',(6.21668298195697,6.60133806971857,-0.55616214164296));
#3968=CARTESIAN_POINT('Ctrl Pts',(6.33516175128031,6.38142357974556,-1.18715847717424));
#3969=CARTESIAN_POINT('Ctrl Pts',(6.39751497161134,6.14924030150017,-1.46399179225542));
#3970=CARTESIAN_POINT('Ctrl Pts',(6.42840551455564,6.29077193913097,0.299234911180379));
#3971=CARTESIAN_POINT('Ctrl Pts',(6.38374998789284,6.43591176091407,0.0679518511820605));
#3972=CARTESIAN_POINT('Ctrl Pts',(6.29407411535096,6.62115293481729,-0.55520454150664));
#3973=CARTESIAN_POINT('Ctrl Pts',(6.40381424248122,6.40463972874072,-1.18545233030492));
#3974=CARTESIAN_POINT('Ctrl Pts',(6.46229576431128,6.1686170151609,-1.46714088145407));
#3975=CARTESIAN_POINT('Ctrl Pts',(6.50989602413047,6.3578529767143,0.3264288544786));
#3976=CARTESIAN_POINT('Ctrl Pts',(6.46688956314005,6.51261327929426,0.0866068200561739));
#3977=CARTESIAN_POINT('Ctrl Pts',(6.38115029250337,6.71021321704557,-0.556774513186256));
#3978=CARTESIAN_POINT('Ctrl Pts',(6.48620032084312,6.47919481416309,-1.20823500383362));
#3979=CARTESIAN_POINT('Ctrl Pts',(6.54254529732595,6.22761952142356,-1.50062991346791));
#3980=CARTESIAN_POINT('Ctrl Pts',(6.54898332291284,6.43909627472792,0.370611011934306));
#3981=CARTESIAN_POINT('Ctrl Pts',(6.503173952269,6.60679365894448,0.120261852944073));
#3982=CARTESIAN_POINT('Ctrl Pts',(6.41085933898421,6.82595774299776,-0.560700038707376));
#3983=CARTESIAN_POINT('Ctrl Pts',(6.52383573144552,6.56941152055196,-1.24811070970504));
#3984=CARTESIAN_POINT('Ctrl Pts',(6.58372380687502,6.29842007313198,-1.55207351485741));
#3985=CARTESIAN_POINT('Ctrl Pts',(6.54556787842933,6.49730156010303,0.408192735550297));
#3986=CARTESIAN_POINT('Ctrl Pts',(6.49465100739063,6.67384337693799,0.149606390561274));
#3987=CARTESIAN_POINT('Ctrl Pts',(6.39080800027143,6.90840001457475,-0.564363745895599));
#3988=CARTESIAN_POINT('Ctrl Pts',(6.51763828988377,6.63364736284301,-1.28263304844157));
#3989=CARTESIAN_POINT('Ctrl Pts',(6.58413336774814,6.34953321743421,-1.59520077870306));
#3990=CARTESIAN_POINT('Ctrl Pts',(6.53864071406394,6.52059983607084,0.424284948557843));
#3991=CARTESIAN_POINT('Ctrl Pts',(6.48517419963883,6.70042487592942,0.162171472885823));
#3992=CARTESIAN_POINT('Ctrl Pts',(6.37574348080255,6.94055298056039,-0.565908376559027));
#3993=CARTESIAN_POINT('Ctrl Pts',(6.50931046092564,6.65921696266893,-1.29741088126269));
#3994=CARTESIAN_POINT('Ctrl Pts',(6.57914620730082,6.37017452356626,-1.6136695480686));
#3995=CARTESIAN_POINT('',(6.53864071406394,6.52059983607084,0.424284948557843));
#3996=CARTESIAN_POINT('Ctrl Pts',(6.57914620730082,6.37017452356626,-1.6136695480686));
#3997=CARTESIAN_POINT('Ctrl Pts',(6.50931046092564,6.65921696266893,-1.29741088126269));
#3998=CARTESIAN_POINT('Ctrl Pts',(6.37574348080255,6.94055298056039,-0.565908376559027));
#3999=CARTESIAN_POINT('Ctrl Pts',(6.48517419963883,6.70042487592942,0.162171472885823));
#4000=CARTESIAN_POINT('Ctrl Pts',(6.53864071406394,6.52059983607084,0.424284948557843));
#4001=CARTESIAN_POINT('',(6.32297167724981,6.26650086816022,0.303726042224217));
#4002=CARTESIAN_POINT('Origin',(6.32297167724979,6.45647599838426,0.424284948557843));
#4003=CARTESIAN_POINT('',(6.22798129373374,6.49997683838824,-0.499999533283214));
#4004=CARTESIAN_POINT('Ctrl Pts',(6.32297167724979,6.26650086816023,0.303726042224212));
#4005=CARTESIAN_POINT('Ctrl Pts',(6.27351515140656,6.41114274804648,0.0758012807702807));
#4006=CARTESIAN_POINT('Ctrl Pts',(6.22840055425501,6.49722685615414,-0.206372898229636));
#4007=CARTESIAN_POINT('Ctrl Pts',(6.2279354048565,6.49999264051756,-0.489138281435748));
#4008=CARTESIAN_POINT('Ctrl Pts',(6.22798129373373,6.49997683838824,-0.499999533283214));
#4009=CARTESIAN_POINT('Ctrl Pts',(6.22798129373373,6.49997683838824,-0.499999533283214));
#4010=CARTESIAN_POINT('Ctrl Pts',(6.22946690951741,6.49946525706081,-0.8516238951646));
#4011=CARTESIAN_POINT('Ctrl Pts',(6.29777676193204,6.3710310738363,-1.2016408895069));
#4012=CARTESIAN_POINT('Ctrl Pts',(6.3604392584939,6.14550659505872,-1.46840830266835));
#4013=CARTESIAN_POINT('Ctrl Pts',(6.53864071406396,6.52059983607078,0.424284948557928));
#4014=CARTESIAN_POINT('Ctrl Pts',(6.54557074304517,6.49729192548103,0.458258623526305));
#4015=CARTESIAN_POINT('Ctrl Pts',(6.54860419515548,6.4865020594282,0.498633792357012));
#4016=CARTESIAN_POINT('Ctrl Pts',(6.55291242157477,6.47104425049062,0.53657782493855));
#4017=CARTESIAN_POINT('Ctrl Pts',(6.5548040975832,6.46623719214591,0.386736451540312));
#4018=CARTESIAN_POINT('Ctrl Pts',(6.55664329668813,6.45350944702125,0.454397401916351));
#4019=CARTESIAN_POINT('Ctrl Pts',(6.55389051929709,6.46753486025844,0.49093116955634));
#4020=CARTESIAN_POINT('Ctrl Pts',(6.55291242157477,6.47104425049062,0.53657782493855));
#4021=CARTESIAN_POINT('Ctrl Pts',(6.52356095861097,6.33942433115662,0.312155619562056));
#4022=CARTESIAN_POINT('Ctrl Pts',(6.57581120793149,6.36282179223808,0.444052603151424));
#4023=CARTESIAN_POINT('Ctrl Pts',(6.56446316758032,6.42960046191891,0.475525923954996));
#4024=CARTESIAN_POINT('Ctrl Pts',(6.55291242157478,6.47104425049062,0.53657782493855));
#4025=CARTESIAN_POINT('Ctrl Pts',(6.39014256019721,6.27223471815888,0.294690717225769));
#4026=CARTESIAN_POINT('Ctrl Pts',(6.54397640343836,6.26605207032593,0.400460243546315));
#4027=CARTESIAN_POINT('Ctrl Pts',(6.57503581586354,6.39166606357938,0.460120678353652));
#4028=CARTESIAN_POINT('Ctrl Pts',(6.55291242157477,6.47104425049062,0.53657782493855));
#4029=CARTESIAN_POINT('Ctrl Pts',(6.32297167724978,6.26650086816018,0.303726042224278));
#4030=CARTESIAN_POINT('Ctrl Pts',(6.50319876320359,6.22226134743993,0.37343809391305));
#4031=CARTESIAN_POINT('Ctrl Pts',(6.58032214000515,6.37269886440962,0.45241805555298));
#4032=CARTESIAN_POINT('Ctrl Pts',(6.55291242157477,6.47104425049062,0.53657782493855));
#4033=CARTESIAN_POINT('',(6.55691274798993,6.45008783245872,0.513357574037335));
#4034=CARTESIAN_POINT('',(6.4680103021934,6.2821163434503,0.379145718533453));
#4035=CARTESIAN_POINT('Ctrl Pts',(6.55691272159769,6.45008813176972,0.513357402071916));
#4036=CARTESIAN_POINT('Ctrl Pts',(6.55787777963394,6.44223280845249,0.507628499887484));
#4037=CARTESIAN_POINT('Ctrl Pts',(6.55822824739575,6.43432385063408,0.501898967169012));
#4038=CARTESIAN_POINT('Ctrl Pts',(6.55798636764521,6.42641733791386,0.496173498536414));
#4039=CARTESIAN_POINT('Ctrl Pts',(6.55775063304626,6.41871169657322,0.490593490086279));
#4040=CARTESIAN_POINT('Ctrl Pts',(6.55695268684092,6.411023006878,0.48502789267345));
#4041=CARTESIAN_POINT('Ctrl Pts',(6.55561210003472,6.40340320373743,0.479481025197873));
#4042=CARTESIAN_POINT('Ctrl Pts',(6.55343076587099,6.39100465048103,0.470455446645075));
#4043=CARTESIAN_POINT('Ctrl Pts',(6.54982650168492,6.37885063509239,0.461523882951928));
#4044=CARTESIAN_POINT('Ctrl Pts',(6.54488386977857,6.36715821050179,0.452707718522198));
#4045=CARTESIAN_POINT('Ctrl Pts',(6.54218207181431,6.36076676368667,0.447888525921945));
#4046=CARTESIAN_POINT('Ctrl Pts',(6.53907943839448,6.35451331384386,0.443103943184735));
#4047=CARTESIAN_POINT('Ctrl Pts',(6.53558370521093,6.34843502006902,0.43835932487265));
#4048=CARTESIAN_POINT('Ctrl Pts',(6.52927069564146,6.33745811629753,0.429790930422925));
#4049=CARTESIAN_POINT('Ctrl Pts',(6.52171648024364,6.3271178884136,0.421404142607062));
#4050=CARTESIAN_POINT('Ctrl Pts',(6.51297705450886,6.31762262342917,0.413235447893932));
#4051=CARTESIAN_POINT('Ctrl Pts',(6.51163433315453,6.31616377527982,0.411980413391538));
#4052=CARTESIAN_POINT('Ctrl Pts',(6.5102635532215,6.31472491279566,0.410730563087185));
#4053=CARTESIAN_POINT('Ctrl Pts',(6.50886534009884,6.31330655944537,0.409485969218667));
#4054=CARTESIAN_POINT('Ctrl Pts',(6.49961966419791,6.30392770640981,0.401256099715865));
#4055=CARTESIAN_POINT('Ctrl Pts',(6.4892305962537,6.29549621512806,0.393302872591356));
#4056=CARTESIAN_POINT('Ctrl Pts',(6.47789472750641,6.28815236898031,0.38563870523055));
#4057=CARTESIAN_POINT('Ctrl Pts',(6.47521647595957,6.28641728649626,0.383827942549108));
#4058=CARTESIAN_POINT('Ctrl Pts',(6.47248520325106,6.28474303932546,0.382033410501876));
#4059=CARTESIAN_POINT('Ctrl Pts',(6.46970322173255,6.28313172378947,0.380255459605159));
#4060=CARTESIAN_POINT('Ctrl Pts',(6.46912956727383,6.28279946480951,0.379888839822639));
#4061=CARTESIAN_POINT('Ctrl Pts',(6.46855384659725,6.28246993770351,0.379522976330785));
#4062=CARTESIAN_POINT('Ctrl Pts',(6.46797608210422,6.28214316021917,0.37915787038));
#4063=CARTESIAN_POINT('Ctrl Pts',(6.47068496845625,6.27902617256814,0.377675879247143));
#4064=CARTESIAN_POINT('Ctrl Pts',(6.43333829146267,6.25888216359851,0.352066638653508));
#4065=CARTESIAN_POINT('Ctrl Pts',(6.38408195349577,6.25150040739205,0.327363569923456));
#4066=CARTESIAN_POINT('Ctrl Pts',(6.32297167724978,6.26650086816018,0.303726042224278));
#4067=CARTESIAN_POINT('',(6.55291242157477,6.47104425049062,0.53657782493855));
#4068=CARTESIAN_POINT('Ctrl Pts',(6.53864071406396,6.52059983607078,0.424284948557928));
#4069=CARTESIAN_POINT('Ctrl Pts',(6.54557074304517,6.49729192548103,0.458258623526305));
#4070=CARTESIAN_POINT('Ctrl Pts',(6.54860419515548,6.4865020594282,0.498633792357012));
#4071=CARTESIAN_POINT('Ctrl Pts',(6.55291242157477,6.47104425049062,0.53657782493855));
#4072=CARTESIAN_POINT('Ctrl Pts',(6.55291242157477,6.47104425049062,0.53657782493855));
#4073=CARTESIAN_POINT('Ctrl Pts',(6.5529516894413,6.47090335836493,0.536354891042641));
#4074=CARTESIAN_POINT('Ctrl Pts',(6.5529908487632,6.47076167549259,0.536132432436452));
#4075=CARTESIAN_POINT('Ctrl Pts',(6.55335136525133,6.46944622125643,0.534083101026954));
#4076=CARTESIAN_POINT('Ctrl Pts',(6.55366565320702,6.46821796489358,0.532287034985203));
#4077=CARTESIAN_POINT('Ctrl Pts',(6.55473466311729,6.46371563622284,0.526147859053029));
#4078=CARTESIAN_POINT('Ctrl Pts',(6.55544654644146,6.46011915457886,0.522003121144358));
#4079=CARTESIAN_POINT('Ctrl Pts',(6.55637496739831,6.45419012160839,0.516543789315916));
#4080=CARTESIAN_POINT('Ctrl Pts',(6.55665501903215,6.45218610235566,0.514887885406075));
#4081=CARTESIAN_POINT('Ctrl Pts',(6.55691274798994,6.45008783245867,0.513357574037298));
#4082=CARTESIAN_POINT('Origin',(6.35399999999997,5.,-0.500000000000001));
#4083=CARTESIAN_POINT('',(6.35399999999997,6.09746839434174,-1.52252781058559));
#4084=CARTESIAN_POINT('Origin',(6.35399999999997,6.27745321101378,-1.69022237152163));
#4085=CARTESIAN_POINT('',(6.35399999999997,3.56282079980289,-0.0704468059473862));
#4086=CARTESIAN_POINT('Origin',(6.35399999999997,5.,-0.500000000000001));
#4087=CARTESIAN_POINT('',(6.59999999999997,3.32712341097057,-8.21227578301498E-8));
#4088=CARTESIAN_POINT('Origin',(6.35399999999997,3.32712341097057,-8.21227572056493E-8));
#4089=CARTESIAN_POINT('Origin',(6.59999999999997,5.,-0.500000000000001));
#4090=CARTESIAN_POINT('Ctrl Pts',(6.56058938080309,6.17973858549527,-1.59918018515092));
#4091=CARTESIAN_POINT('Ctrl Pts',(6.56041645369101,6.17990867605826,-1.5986052292677));
#4092=CARTESIAN_POINT('Ctrl Pts',(6.56007280290713,6.18025112560173,-1.59745291439181));
#4093=CARTESIAN_POINT('Ctrl Pts',(6.55939443105684,6.18094489890679,-1.59513892662621));
#4094=CARTESIAN_POINT('Ctrl Pts',(6.55823095056522,6.18218190317244,-1.59106506974164));
#4095=CARTESIAN_POINT('Ctrl Pts',(6.55695663266222,6.18364569330437,-1.58635615064027));
#4096=CARTESIAN_POINT('Ctrl Pts',(6.55573963369268,6.18515565256219,-1.58159722258548));
#4097=CARTESIAN_POINT('Ctrl Pts',(6.5527947696542,6.18900288243927,-1.56962445263276));
#4098=CARTESIAN_POINT('Ctrl Pts',(6.55054194231214,6.19275205809449,-1.55852829169123));
#4099=CARTESIAN_POINT('Ctrl Pts',(6.54887819095674,6.19623649654789,-1.54847918720054));
#4100=CARTESIAN_POINT('Ctrl Pts',(6.51620900915144,6.12951116410407,-1.55238254114467));
#4101=CARTESIAN_POINT('Ctrl Pts',(6.51600237844257,6.12982037485212,-1.5518774623024));
#4102=CARTESIAN_POINT('Ctrl Pts',(6.51559418656536,6.13044024811215,-1.55086293171732));
#4103=CARTESIAN_POINT('Ctrl Pts',(6.51479054209455,6.13169080172263,-1.5488246670056));
#4104=CARTESIAN_POINT('Ctrl Pts',(6.51342853460367,6.13389973505303,-1.54522250960685));
#4105=CARTESIAN_POINT('Ctrl Pts',(6.51196325800123,6.13647567376042,-1.54103984131526));
#4106=CARTESIAN_POINT('Ctrl Pts',(6.51058074470917,6.13910499667612,-1.53680534452084));
#4107=CARTESIAN_POINT('Ctrl Pts',(6.50726808440623,6.14575803585463,-1.52613633965675));
#4108=CARTESIAN_POINT('Ctrl Pts',(6.50503805552395,6.15194692615381,-1.51600999937028));
#4109=CARTESIAN_POINT('Ctrl Pts',(6.50343850908828,6.15766869909554,-1.50690762699278));
#4110=CARTESIAN_POINT('Ctrl Pts',(6.4357461358847,6.09746839434174,-1.5225278105856));
#4111=CARTESIAN_POINT('Ctrl Pts',(6.43563810701917,6.09795350002422,-1.52201185120328));
#4112=CARTESIAN_POINT('Ctrl Pts',(6.43542788431368,6.09892325855374,-1.52097597530556));
#4113=CARTESIAN_POINT('Ctrl Pts',(6.43502502236804,6.10086706103534,-1.51889723052075));
#4114=CARTESIAN_POINT('Ctrl Pts',(6.43437418288363,6.10427073695973,-1.51522916561294));
#4115=CARTESIAN_POINT('Ctrl Pts',(6.43374555396512,6.10817189744729,-1.51098300324171));
#4116=CARTESIAN_POINT('Ctrl Pts',(6.43322386211598,6.1120890442197,-1.50669699077356));
#4117=CARTESIAN_POINT('Ctrl Pts',(6.43210040540843,6.12189850110284,-1.49591845779949));
#4118=CARTESIAN_POINT('Ctrl Pts',(6.43194432518818,6.13066033880721,-1.48575641860924));
#4119=CARTESIAN_POINT('Ctrl Pts',(6.43229458282115,6.13851594587244,-1.47667737132932));
#4120=CARTESIAN_POINT('Ctrl Pts',(6.35399999999997,6.09746839434174,-1.5225278105856));
#4121=CARTESIAN_POINT('Ctrl Pts',(6.35399999999997,6.09805771564432,-1.52189529820109));
#4122=CARTESIAN_POINT('Ctrl Pts',(6.35400573907668,6.09923534103428,-1.5206291707875));
#4123=CARTESIAN_POINT('Ctrl Pts',(6.35404004952834,6.10158632404187,-1.51809272706107));
#4124=CARTESIAN_POINT('Ctrl Pts',(6.35415972343005,6.1056892576204,-1.51364301949767));
#4125=CARTESIAN_POINT('Ctrl Pts',(6.35443133644183,6.11035054160122,-1.5085348645167));
#4126=CARTESIAN_POINT('Ctrl Pts',(6.35483499882263,6.1149822229033,-1.50340596086052));
#4127=CARTESIAN_POINT('Ctrl Pts',(6.35606175368676,6.12650587369147,-1.49055651640113));
#4128=CARTESIAN_POINT('Ctrl Pts',(6.35803834026828,6.13666968725419,-1.47886126568211));
#4129=CARTESIAN_POINT('Ctrl Pts',(6.3604392584939,6.14550659505872,-1.46840830266835));
#4130=CARTESIAN_POINT('Ctrl Pts',(6.3604392584939,6.14550659505872,-1.46840830266835));
#4131=CARTESIAN_POINT('Ctrl Pts',(6.35803834026828,6.13666968725419,-1.47886126568211));
#4132=CARTESIAN_POINT('Ctrl Pts',(6.35606175368676,6.12650587369147,-1.49055651640113));
#4133=CARTESIAN_POINT('Ctrl Pts',(6.35483499882263,6.1149822229033,-1.50340596086052));
#4134=CARTESIAN_POINT('Ctrl Pts',(6.35443133644183,6.11035054160122,-1.5085348645167));
#4135=CARTESIAN_POINT('Ctrl Pts',(6.35415972343005,6.1056892576204,-1.51364301949767));
#4136=CARTESIAN_POINT('Ctrl Pts',(6.35404004952834,6.10158632404187,-1.51809272706107));
#4137=CARTESIAN_POINT('Ctrl Pts',(6.35400573907668,6.09923534103428,-1.5206291707875));
#4138=CARTESIAN_POINT('Ctrl Pts',(6.35399999999997,6.09805771564432,-1.52189529820109));
#4139=CARTESIAN_POINT('Ctrl Pts',(6.35399999999997,6.09746839434174,-1.5225278105856));
#4140=CARTESIAN_POINT('Origin',(5.1,5.,-0.500000000000001));
#4141=CARTESIAN_POINT('',(5.1,6.5,-0.500000000000001));
#4142=CARTESIAN_POINT('Origin',(5.1,5.,-0.500000000000001));
#4143=CARTESIAN_POINT('',(5.1,6.5,-0.5));
#4144=CARTESIAN_POINT('',(6.31514020084531,6.24855946859832,0.331323795745965));
#4145=CARTESIAN_POINT('Ctrl Pts',(6.31514020084531,6.24855946859832,0.331323795745966));
#4146=CARTESIAN_POINT('Ctrl Pts',(6.31692579624393,6.25468767560029,0.322119883964547));
#4147=CARTESIAN_POINT('Ctrl Pts',(6.31955594630489,6.26068640349275,0.312888398751654));
#4148=CARTESIAN_POINT('Ctrl Pts',(6.32297167724983,6.26650086816022,0.303726042224223));
#4149=CARTESIAN_POINT('Ctrl Pts',(6.35399999999998,3.56282079980289,-0.0704468059473864));
#4150=CARTESIAN_POINT('Ctrl Pts',(6.35400000530146,3.60960481140835,0.0860809752570064));
#4151=CARTESIAN_POINT('Ctrl Pts',(6.31860380329613,3.75637299064285,0.382363060429994));
#4152=CARTESIAN_POINT('Ctrl Pts',(6.16581179834713,4.20811911792768,0.845889264780723));
#4153=CARTESIAN_POINT('Ctrl Pts',(6.02286188874078,4.94070623997695,1.08373656458222));
#4154=CARTESIAN_POINT('Ctrl Pts',(6.15070654998993,5.75356603473441,0.865934595701778));
#4155=CARTESIAN_POINT('Ctrl Pts',(6.27594011616109,6.11402382092285,0.533381956030538));
#4156=CARTESIAN_POINT('Ctrl Pts',(6.31514020084531,6.24855946859832,0.331323795745964));
#4157=CARTESIAN_POINT('Ctrl Pts',(6.46641192455222,6.28789000091684,0.36324003589496));
#4158=CARTESIAN_POINT('Ctrl Pts',(6.46655261458948,6.28581359574769,0.36887028031253));
#4159=CARTESIAN_POINT('Ctrl Pts',(6.46711148977693,6.28387371056272,0.374194309256249));
#4160=CARTESIAN_POINT('Ctrl Pts',(6.4680103021934,6.2821163434503,0.379145718533453));
#4161=CARTESIAN_POINT('Ctrl Pts',(6.42549813376661,6.26669538287723,0.336686176623359));
#4162=CARTESIAN_POINT('Ctrl Pts',(6.42485619295003,6.26314909650702,0.342985383868105));
#4163=CARTESIAN_POINT('Ctrl Pts',(6.42473761633057,6.25969871649379,0.349078224012701));
#4164=CARTESIAN_POINT('Ctrl Pts',(6.42511621086695,6.25637398050168,0.354856613517722));
#4165=CARTESIAN_POINT('Ctrl Pts',(6.37430909213053,6.25906231455903,0.315447616615032));
#4166=CARTESIAN_POINT('Ctrl Pts',(6.37228795566574,6.25416536249234,0.322962087639003));
#4167=CARTESIAN_POINT('Ctrl Pts',(6.3709186300132,6.24924306538436,0.330413127037152));
#4168=CARTESIAN_POINT('Ctrl Pts',(6.37022319740339,6.24432428623969,0.337684586886762));
#4169=CARTESIAN_POINT('Ctrl Pts',(6.32297167724983,6.26650086816022,0.303726042224223));
#4170=CARTESIAN_POINT('Ctrl Pts',(6.31955594630489,6.26068640349275,0.312888398751654));
#4171=CARTESIAN_POINT('Ctrl Pts',(6.31692579624393,6.25468767560029,0.322119883964547));
#4172=CARTESIAN_POINT('Ctrl Pts',(6.31514020084531,6.24855946859832,0.331323795745966));
#4173=CARTESIAN_POINT('Origin',(6.31514020084531,6.45332322144844,0.467660898248304));
#4174=CARTESIAN_POINT('Ctrl Pts',(6.35399999999998,3.5628207995362,-0.0704468068396737));
#4175=CARTESIAN_POINT('Ctrl Pts',(6.35400000536872,3.60960481112947,0.0860809746940207));
#4176=CARTESIAN_POINT('Ctrl Pts',(6.31860380336872,3.75637299042825,0.382363060209799));
#4177=CARTESIAN_POINT('Ctrl Pts',(6.16581179834713,4.20811911792768,0.845889264780723));
#4178=CARTESIAN_POINT('Ctrl Pts',(6.02286188874078,4.94070623997695,1.08373656458222));
#4179=CARTESIAN_POINT('Ctrl Pts',(6.15070654998993,5.75356603473441,0.865934595701778));
#4180=CARTESIAN_POINT('Ctrl Pts',(6.27594011616109,6.11402382092285,0.533381956030538));
#4181=CARTESIAN_POINT('Ctrl Pts',(6.31514020084531,6.24855946859832,0.331323795745964));
#4182=CARTESIAN_POINT('Ctrl Pts',(6.39080151374433,3.56282079923866,-0.0704468078351563));
#4183=CARTESIAN_POINT('Ctrl Pts',(6.39123542495034,3.61025723893016,0.0882583655329954));
#4184=CARTESIAN_POINT('Ctrl Pts',(6.35718546388524,3.75922939097722,0.387924850576104));
#4185=CARTESIAN_POINT('Ctrl Pts',(6.20882963856863,4.2177638015555,0.851223825893787));
#4186=CARTESIAN_POINT('Ctrl Pts',(6.07193952939341,4.94162292839161,1.08070889584403));
#4187=CARTESIAN_POINT('Ctrl Pts',(6.19430125633988,5.74328293467334,0.870385071044032));
#4188=CARTESIAN_POINT('Ctrl Pts',(6.31578790033217,6.10904800653798,0.539280302448759));
#4189=CARTESIAN_POINT('Ctrl Pts',(6.35370996126545,6.24559394422392,0.335777696327141));
#4190=CARTESIAN_POINT('Ctrl Pts',(6.46428681583736,3.54670169528221,-0.0656290304409804));
#4191=CARTESIAN_POINT('Ctrl Pts',(6.46558325026113,3.5955795127994,0.0993069703703418));
#4192=CARTESIAN_POINT('Ctrl Pts',(6.43420004517395,3.74918429259348,0.409813989743564));
#4193=CARTESIAN_POINT('Ctrl Pts',(6.29463439722377,4.22303265086902,0.883081214369951));
#4194=CARTESIAN_POINT('Ctrl Pts',(6.16975062905941,4.94228129991264,1.10596262721172));
#4195=CARTESIAN_POINT('Ctrl Pts',(6.28124376198924,5.73649245852856,0.901445793776325));
#4196=CARTESIAN_POINT('Ctrl Pts',(6.3953120946376,6.1144302297878,0.564941516925467));
#4197=CARTESIAN_POINT('Ctrl Pts',(6.43069949605304,6.25537908718433,0.355124753889829));
#4198=CARTESIAN_POINT('Ctrl Pts',(6.56777538484826,3.46785506189311,-0.0420628538996695));
#4199=CARTESIAN_POINT('Ctrl Pts',(6.56970126963863,3.51937219058043,0.13811552104626));
#4200=CARTESIAN_POINT('Ctrl Pts',(6.53965460074509,3.68116375483288,0.477627327390141));
#4201=CARTESIAN_POINT('Ctrl Pts',(6.40356088003807,4.1813361313851,0.99711801380087));
#4202=CARTESIAN_POINT('Ctrl Pts',(6.28389759928689,4.93918554824653,1.24381433600456));
#4203=CARTESIAN_POINT('Ctrl Pts',(6.39067923357191,5.77578350529327,1.01754004651722));
#4204=CARTESIAN_POINT('Ctrl Pts',(6.50178880620381,6.17486243266056,0.647764050968446));
#4205=CARTESIAN_POINT('Ctrl Pts',(6.53606623764091,6.32349116040601,0.418037049810354));
#4206=CARTESIAN_POINT('Ctrl Pts',(6.59999999953416,3.38001378075911,-0.0158082981521622));
#4207=CARTESIAN_POINT('Ctrl Pts',(6.6010346657592,3.43337295023828,0.176334365884845));
#4208=CARTESIAN_POINT('Ctrl Pts',(6.56676593735171,3.60084263974354,0.539519914726096));
#4209=CARTESIAN_POINT('Ctrl Pts',(6.4156814573276,4.11717175376546,1.10284623400631));
#4210=CARTESIAN_POINT('Ctrl Pts',(6.27791844546693,4.93410822225967,1.38409508983835));
#4211=CARTESIAN_POINT('Ctrl Pts',(6.40095818767774,5.83884059859524,1.12636938694749));
#4212=CARTESIAN_POINT('Ctrl Pts',(6.52465013531989,6.25087001308988,0.723409785083918));
#4213=CARTESIAN_POINT('Ctrl Pts',(6.56306435937009,6.40450229400152,0.476476176301402));
#4214=CARTESIAN_POINT('Ctrl Pts',(6.59999999999997,3.32712341066014,-9.04101409694522E-8));
#4215=CARTESIAN_POINT('Ctrl Pts',(6.6000000058367,3.3815800001547,0.198079857327002));
#4216=CARTESIAN_POINT('Ctrl Pts',(6.56146823584011,3.55241816085849,0.572954181867738));
#4217=CARTESIAN_POINT('Ctrl Pts',(6.39603933288685,4.07825065326783,1.15666143126632));
#4218=CARTESIAN_POINT('Ctrl Pts',(6.24261037868484,4.93098206333317,1.4534249413346));
#4219=CARTESIAN_POINT('Ctrl Pts',(6.37983067134725,5.87715086443086,1.1815595858451));
#4220=CARTESIAN_POINT('Ctrl Pts',(6.51525609845389,6.2967237275542,0.763319876110843));
#4221=CARTESIAN_POINT('Ctrl Pts',(6.55779297199792,6.45332322144845,0.508103853777783));
#4222=CARTESIAN_POINT('Ctrl Pts',(6.55691269416125,6.45008783245828,0.513357564970323));
#4223=CARTESIAN_POINT('Ctrl Pts',(6.54658081208704,6.41217571513757,0.574697312041962));
#4224=CARTESIAN_POINT('Ctrl Pts',(6.53479188333202,6.37106358053841,0.633409187438115));
#4225=CARTESIAN_POINT('Ctrl Pts',(6.52209538042674,6.32705395470405,0.68917199623932));
#4226=CARTESIAN_POINT('Ctrl Pts',(6.52081391813406,6.32261204842145,0.694800155217133));
#4227=CARTESIAN_POINT('Ctrl Pts',(6.51952321675911,6.31814064735577,0.700398309683115));
#4228=CARTESIAN_POINT('Ctrl Pts',(6.51822384417041,6.31364007664106,0.705966154959008));
#4229=CARTESIAN_POINT('Ctrl Pts',(6.5029198667799,6.26063246892233,0.77154409538746));
#4230=CARTESIAN_POINT('Ctrl Pts',(6.48640818208425,6.20358192209087,0.832936421863142));
#4231=CARTESIAN_POINT('Ctrl Pts',(6.4696027091053,6.14295111632648,0.889703949782279));
#4232=CARTESIAN_POINT('Ctrl Pts',(6.4532088891829,6.08380547295804,0.945080946984996));
#4233=CARTESIAN_POINT('Ctrl Pts',(6.43653637747389,6.02125399180662,0.996056994100048));
#4234=CARTESIAN_POINT('Ctrl Pts',(6.42041916262325,5.95573444162155,1.04226995382419));
#4235=CARTESIAN_POINT('Ctrl Pts',(6.41114617662108,5.91803798616293,1.06885842662248));
#4236=CARTESIAN_POINT('Ctrl Pts',(6.40205666050187,5.87935910429209,1.09387105134888));
#4237=CARTESIAN_POINT('Ctrl Pts',(6.3933057282216,5.83977992872284,1.11724574827683));
#4238=CARTESIAN_POINT('Ctrl Pts',(6.38786472373779,5.81517106822197,1.13177926616032));
#4239=CARTESIAN_POINT('Ctrl Pts',(6.3825545433321,5.79021414225711,1.14567968309157));
#4240=CARTESIAN_POINT('Ctrl Pts',(6.37739976594811,5.7649488845829,1.15893713184498));
#4241=CARTESIAN_POINT('Ctrl Pts',(6.36341252176345,5.69639280501766,1.19491059086492));
#4242=CARTESIAN_POINT('Ctrl Pts',(6.35061027208775,5.62541395785914,1.22604805941986));
#4243=CARTESIAN_POINT('Ctrl Pts',(6.33950255229204,5.55266741696316,1.25212377277295));
#4244=CARTESIAN_POINT('Ctrl Pts',(6.32887561407952,5.48306960485646,1.27707083659405));
#4245=CARTESIAN_POINT('Ctrl Pts',(6.31979910292212,5.41185291964301,1.29738488572774));
#4246=CARTESIAN_POINT('Ctrl Pts',(6.31273256058052,5.339580934018,1.31282538429586));
#4247=CARTESIAN_POINT('Ctrl Pts',(6.3066565834391,5.27743980312323,1.32610148338604));
#4248=CARTESIAN_POINT('Ctrl Pts',(6.3020665222692,5.21451802928088,1.33577405554281));
#4249=CARTESIAN_POINT('Ctrl Pts',(6.29926794921384,5.15117487235737,1.34166233393849));
#4250=CARTESIAN_POINT('Ctrl Pts',(6.29742054878166,5.10936064304794,1.34554931771121));
#4251=CARTESIAN_POINT('Ctrl Pts',(6.29633152276653,5.06739976390759,1.34783559288636));
#4252=CARTESIAN_POINT('Ctrl Pts',(6.29609421501785,5.02542213728866,1.34845834597103));
#4253=CARTESIAN_POINT('Ctrl Pts',(6.29571285491125,4.95796293188311,1.34945912737864));
#4254=CARTESIAN_POINT('Ctrl Pts',(6.29753228493952,4.89045917889196,1.346161493571));
#4255=CARTESIAN_POINT('Ctrl Pts',(6.30123369466488,4.82342141332063,1.33868976128404));
#4256=CARTESIAN_POINT('Ctrl Pts',(6.30493885014746,4.75631580678801,1.33121046774415));
#4257=CARTESIAN_POINT('Ctrl Pts',(6.31052989391096,4.68967802059331,1.31954819567182));
#4258=CARTESIAN_POINT('Ctrl Pts',(6.31766842418029,4.62404215325739,1.30387131836214));
#4259=CARTESIAN_POINT('Ctrl Pts',(6.32116606269921,4.59188279703771,1.29619017842635));
#4260=CARTESIAN_POINT('Ctrl Pts',(6.32503490759046,4.55996422102607,1.28754597042887));
#4261=CARTESIAN_POINT('Ctrl Pts',(6.32923351627854,4.52835005790497,1.27796268790141));
#4262=CARTESIAN_POINT('Ctrl Pts',(6.33900358001425,4.45478464336166,1.2556626146995));
#4263=CARTESIAN_POINT('Ctrl Pts',(6.3505352624306,4.38273392156947,1.22833290158261));
#4264=CARTESIAN_POINT('Ctrl Pts',(6.36333655915637,4.31274748729071,1.19621407232278));
#4265=CARTESIAN_POINT('Ctrl Pts',(6.37629280583913,4.24191392047423,1.16370646907239));
#4266=CARTESIAN_POINT('Ctrl Pts',(6.39055045969537,4.17319398915305,1.12629266995079));
#4267=CARTESIAN_POINT('Ctrl Pts',(6.40561115758699,4.10717973647633,1.08417585807361));
#4268=CARTESIAN_POINT('Ctrl Pts',(6.41667324432969,4.05869224973304,1.05324104816877));
#4269=CARTESIAN_POINT('Ctrl Pts',(6.428168853076,4.01166487061558,1.0197680240711));
#4270=CARTESIAN_POINT('Ctrl Pts',(6.43990045283948,3.96634396260854,0.983823725229002));
#4271=CARTESIAN_POINT('Ctrl Pts',(6.44070925528425,3.96321943893452,0.98134564573728));
#4272=CARTESIAN_POINT('Ctrl Pts',(6.44151917866731,3.96010303081736,0.978855816078063));
#4273=CARTESIAN_POINT('Ctrl Pts',(6.44233010529702,3.95699476729862,0.976354274682312));
#4274=CARTESIAN_POINT('Ctrl Pts',(6.45669828520546,3.90192185711958,0.932031403160435));
#4275=CARTESIAN_POINT('Ctrl Pts',(6.47133915712547,3.84933844425837,0.884163740104865));
#4276=CARTESIAN_POINT('Ctrl Pts',(6.48560089882095,3.79951579263896,0.832996539128919));
#4277=CARTESIAN_POINT('Ctrl Pts',(6.50020357281466,3.74850211179723,0.780606166972673));
#4278=CARTESIAN_POINT('Ctrl Pts',(6.5144079419995,3.70038406190283,0.72475639752684));
#4279=CARTESIAN_POINT('Ctrl Pts',(6.5274938762698,3.65545467025295,0.665760743760175));
#4280=CARTESIAN_POINT('Ctrl Pts',(6.5356274165146,3.62752888309782,0.629092095250438));
#4281=CARTESIAN_POINT('Ctrl Pts',(6.54332850159042,3.60083485309331,0.591209136944115));
#4282=CARTESIAN_POINT('Ctrl Pts',(6.55042293971018,3.5754406688447,0.552196953259274));
#4283=CARTESIAN_POINT('Ctrl Pts',(6.55186120252987,3.57029247945682,0.544287972680172));
#4284=CARTESIAN_POINT('Ctrl Pts',(6.55327453350736,3.56519770604065,0.536332605408414));
#4285=CARTESIAN_POINT('Ctrl Pts',(6.55466204510251,3.56015736004704,0.528332046582573));
#4286=CARTESIAN_POINT('Ctrl Pts',(6.58251230180813,3.45898708493184,0.367744115017853));
#4287=CARTESIAN_POINT('Ctrl Pts',(6.60000000508008,3.37900767404003,0.18872329653896));
#4288=CARTESIAN_POINT('Ctrl Pts',(6.59999999999997,3.32712341280023,-8.26257700176081E-8));
#4289=CARTESIAN_POINT('Origin',(6.59999999999997,0.,-8.21227580383166E-8));
#4290=CARTESIAN_POINT('',(6.6000000003536,-0.225837139531831,-8.09702942303655E-8));
#4291=CARTESIAN_POINT('',(6.59999999999997,0.,-8.2122757816509E-8));
#4292=CARTESIAN_POINT('',(6.59999999999997,-1.17416283527911,-8.21227577607608E-8));
#4293=CARTESIAN_POINT('Origin',(6.59999999999998,-0.7,1.27999781070366));
#4294=CARTESIAN_POINT('',(6.59999999999997,-2.8,-8.21227574832051E-8));
#4295=CARTESIAN_POINT('',(6.59999999999997,0.,-8.2122757816509E-8));
#4296=CARTESIAN_POINT('',(6.59999999999996,-2.8,-3.68113092017714));
#4297=CARTESIAN_POINT('',(6.59999999999996,-2.8,-4.49999999999998));
#4298=CARTESIAN_POINT('',(6.59999999999996,6.27745321101383,-3.68113092017714));
#4299=CARTESIAN_POINT('',(6.59999999999996,0.,-3.68113092017714));
#4300=CARTESIAN_POINT('',(6.59999999999997,6.27745321101378,0.));
#4301=CARTESIAN_POINT('',(6.59999999999997,-0.700000000000001,-3.04500218929634));
#4302=CARTESIAN_POINT('Origin',(6.59999999999997,-0.700000000000001,-1.68000218929634));
#4303=CARTESIAN_POINT('Ctrl Pts',(-6.59999999999919,-2.8,-2.18929634333398E-6));
#4304=CARTESIAN_POINT('Ctrl Pts',(-6.60000321097024,-2.8,4.49999894666145));
#4305=CARTESIAN_POINT('Ctrl Pts',(-1.54489401061909E-6,-2.8,4.499999999997));
#4306=CARTESIAN_POINT('Ctrl Pts',(6.60000012118221,-2.8,4.50000105333255));
#4307=CARTESIAN_POINT('Ctrl Pts',(6.59999999999997,-2.8,-8.26257705518909E-8));
#4308=CARTESIAN_POINT('Ctrl Pts',(-6.59999999999919,7.6,-2.18929634333398E-6));
#4309=CARTESIAN_POINT('Ctrl Pts',(-6.60000321097024,7.6,4.49999894666145));
#4310=CARTESIAN_POINT('Ctrl Pts',(-1.54489401061909E-6,7.6,4.499999999997));
#4311=CARTESIAN_POINT('Ctrl Pts',(6.60000012118221,7.6,4.50000105333255));
#4312=CARTESIAN_POINT('Ctrl Pts',(6.59999999999997,7.6,-8.26257705518909E-8));
#4313=CARTESIAN_POINT('',(5.95612049022072,7.6,1.93864646636977));
#4314=CARTESIAN_POINT('Ctrl Pts',(6.55291242157477,6.47104425049062,0.536577824938554));
#4315=CARTESIAN_POINT('Ctrl Pts',(6.54399851514011,6.5030271244495,0.587184391196139));
#4316=CARTESIAN_POINT('Ctrl Pts',(6.53394982251043,6.53702664532641,0.637027355748687));
#4317=CARTESIAN_POINT('Ctrl Pts',(6.47621101412532,6.71904121640927,0.891991562305722));
#4318=CARTESIAN_POINT('Ctrl Pts',(6.4099810818627,6.88724267536875,1.09319079504869));
#4319=CARTESIAN_POINT('Ctrl Pts',(6.22435786971143,7.24090906005106,1.5132566178951));
#4320=CARTESIAN_POINT('Ctrl Pts',(6.10288522955018,7.42602148547333,1.72903079862111));
#4321=CARTESIAN_POINT('Ctrl Pts',(5.95612049022072,7.6,1.93864646636977));
#4322=CARTESIAN_POINT('',(2.27121869201494,7.6,4.22515887322234));
#4323=CARTESIAN_POINT('Ctrl Pts',(2.27121869201494,7.6,4.22515887322234));
#4324=CARTESIAN_POINT('Ctrl Pts',(2.85190193520302,7.6,4.08005053782103));
#4325=CARTESIAN_POINT('Ctrl Pts',(3.8068637520302,7.6,3.73911766118791));
#4326=CARTESIAN_POINT('Ctrl Pts',(5.05504611347798,7.6,2.95670798186769));
#4327=CARTESIAN_POINT('Ctrl Pts',(5.68797138635894,7.6,2.321628466808));
#4328=CARTESIAN_POINT('Ctrl Pts',(5.95612049022072,7.6,1.93864646636977));
#4329=CARTESIAN_POINT('',(2.27121869201494,1.6,4.22515887322234));
#4330=CARTESIAN_POINT('',(2.27121869201494,0.,4.22515887322234));
#4331=CARTESIAN_POINT('',(1.10764939048952,0.5,4.43617510456097));
#4332=CARTESIAN_POINT('Ctrl Pts',(1.10764939048952,0.5,4.43617510456097));
#4333=CARTESIAN_POINT('Ctrl Pts',(1.36847965775717,0.500000000000003,4.40589978224314));
#4334=CARTESIAN_POINT('Ctrl Pts',(1.97396348532463,0.699243866716811,4.30474410862198));
#4335=CARTESIAN_POINT('Ctrl Pts',(2.27121869201494,1.26839219500949,4.22515887322234));
#4336=CARTESIAN_POINT('Ctrl Pts',(2.27121869201494,1.6,4.22515887322234));
#4337=CARTESIAN_POINT('',(-1.10764939048928,0.5,4.43617510456152));
#4338=CARTESIAN_POINT('Ctrl Pts',(-1.10764939048928,0.5,4.43617510456152));
#4339=CARTESIAN_POINT('Ctrl Pts',(-0.371892386676997,0.5,4.52157654462933));
#4340=CARTESIAN_POINT('Ctrl Pts',(0.37189238667728,0.5,4.52157654462915));
#4341=CARTESIAN_POINT('Ctrl Pts',(1.10764939048951,0.5,4.43617510456098));
#4342=CARTESIAN_POINT('',(-2.27121869201471,1.6,4.22515887322345));
#4343=CARTESIAN_POINT('Ctrl Pts',(-2.27121869201471,1.6,4.22515887322345));
#4344=CARTESIAN_POINT('Ctrl Pts',(-2.27121869201471,1.35129165573208,4.22515887322345));
#4345=CARTESIAN_POINT('Ctrl Pts',(-2.05349452803283,0.773495964720978,4.28429608222184));
#4346=CARTESIAN_POINT('Ctrl Pts',(-1.45542656276373,0.500000000000003,4.39580760390429));
#4347=CARTESIAN_POINT('Ctrl Pts',(-1.10764939048927,0.5,4.43617510456152));
#4348=CARTESIAN_POINT('',(-2.27121869201471,7.6,4.22515887322346));
#4349=CARTESIAN_POINT('',(-2.27121869201471,0.,4.22515887322345));
#4350=CARTESIAN_POINT('',(-4.71661443944623,7.6,3.14772262935622));
#4351=CARTESIAN_POINT('Ctrl Pts',(-4.71661443944623,7.6,3.14772262935622));
#4352=CARTESIAN_POINT('Ctrl Pts',(-3.95390308736277,7.6,3.67901219528804));
#4353=CARTESIAN_POINT('Ctrl Pts',(-3.11929884706918,7.6,4.01323007894492));
#4354=CARTESIAN_POINT('Ctrl Pts',(-2.27121869201471,7.6,4.22515887322346));
#4355=CARTESIAN_POINT('',(-6.24012448671477,6.70183206971722,1.46564686718698));
#4356=CARTESIAN_POINT('Ctrl Pts',(-6.24011761006726,6.70180548690942,1.46566555587134));
#4357=CARTESIAN_POINT('Ctrl Pts',(-5.90624885980622,7.10126779827745,2.12654719443821));
#4358=CARTESIAN_POINT('Ctrl Pts',(-5.36695601908587,7.45766514552635,2.69470761311182));
#4359=CARTESIAN_POINT('Ctrl Pts',(-4.71661443944434,7.60000000000042,3.14772262935754));
#4360=CARTESIAN_POINT('',(-6.59999999999919,2.44852940653992,-2.18929633644116E-6));
#4361=CARTESIAN_POINT('Ctrl Pts',(-6.24012448671477,6.70183206971722,1.46564686718698));
#4362=CARTESIAN_POINT('Ctrl Pts',(-6.15349513312677,6.50379114975829,1.63710817813178));
#4363=CARTESIAN_POINT('Ctrl Pts',(-6.06165873033626,6.27202880807235,1.78401948648645));
#4364=CARTESIAN_POINT('Ctrl Pts',(-5.89555866684556,5.69908589398795,2.02851332368402));
#4365=CARTESIAN_POINT('Ctrl Pts',(-5.8372596310255,5.34343147276726,2.1));
#4366=CARTESIAN_POINT('Ctrl Pts',(-5.8372596310255,5.,2.1));
#4367=CARTESIAN_POINT('Ctrl Pts',(-5.8372596310255,4.65656852723274,2.1));
#4368=CARTESIAN_POINT('Ctrl Pts',(-5.89555866684556,4.30091410601205,2.02851332368402));
#4369=CARTESIAN_POINT('Ctrl Pts',(-6.08190646917078,3.65812896400988,1.75421548004484));
#4370=CARTESIAN_POINT('Ctrl Pts',(-6.20564366209003,3.36968143996938,1.55157951603484));
#4371=CARTESIAN_POINT('Ctrl Pts',(-6.4116213948464,2.92128075384591,1.09303262852587));
#4372=CARTESIAN_POINT('Ctrl Pts',(-6.50980641125308,2.7264141811384,0.806937520300977));
#4373=CARTESIAN_POINT('Ctrl Pts',(-6.58609686507772,2.53092242068525,0.332363734027899));
#4374=CARTESIAN_POINT('Ctrl Pts',(-6.60000011904688,2.48122390919231,0.166836665393815));
#4375=CARTESIAN_POINT('Ctrl Pts',(-6.59999999999919,2.44852940653992,-2.18929633651055E-6));
#4376=CARTESIAN_POINT('',(-6.59999999999919,1.37000007450581,-2.18929633644255E-6));
#4377=CARTESIAN_POINT('',(-6.59999999999919,0.,-2.18929633644255E-6));
#4378=CARTESIAN_POINT('',(-6.22253967444356,1.37000007450581,1.4999999999967));
#4379=CARTESIAN_POINT('Ctrl Pts',(-6.22186449138598,1.37000007450581,1.49965173470235));
#4380=CARTESIAN_POINT('Ctrl Pts',(-6.46682505546139,1.37000007450581,1.02474589332204));
#4381=CARTESIAN_POINT('Ctrl Pts',(-6.60000036592266,1.37000007450581,0.512819625429975));
#4382=CARTESIAN_POINT('Ctrl Pts',(-6.59999999999919,1.37000007450581,-2.18929634400455E-6));
#4383=CARTESIAN_POINT('',(-5.96296372771296,1.37000007450581,1.92884225645876));
#4384=CARTESIAN_POINT('Ctrl Pts',(-6.2218215301391,1.37000007450581,1.49973502120987));
#4385=CARTESIAN_POINT('Ctrl Pts',(-6.14602560812053,1.37000007450581,1.64667164255747));
#4386=CARTESIAN_POINT('Ctrl Pts',(-6.05952848191064,1.37000007450581,1.79006405604861));
#4387=CARTESIAN_POINT('Ctrl Pts',(-5.96296372771295,1.37000007450581,1.92884225645877));
#4388=CARTESIAN_POINT('',(-5.96296372771296,-2.8,1.92884225645876));
#4389=CARTESIAN_POINT('',(-5.96296372771296,0.,1.92884225645876));
#4390=CARTESIAN_POINT('',(-5.23771580506152,-2.8,2.73801858657022));
#4391=CARTESIAN_POINT('Origin',(0.,-2.8,0.));
#4392=CARTESIAN_POINT('',(-5.23771580506152,-1.8,2.73801858657022));
#4393=CARTESIAN_POINT('',(-5.23771580506152,-1.8,2.73801858657022));
#4394=CARTESIAN_POINT('',(-5.23771580506152,0.999999999999999,2.73801858657022));
#4395=CARTESIAN_POINT('Ctrl Pts',(-5.23771580506152,0.999999999999999,2.73801858657022));
#4396=CARTESIAN_POINT('Ctrl Pts',(-5.23771580506152,0.0666666666666689,
2.73801858657022));
#4397=CARTESIAN_POINT('Ctrl Pts',(-5.23771580506152,-0.866666666666668,
2.73801858657022));
#4398=CARTESIAN_POINT('Ctrl Pts',(-5.23771580506152,-1.8,2.73801858657022));
#4399=CARTESIAN_POINT('',(-5.23771580506199,2.6,2.7380185865698));
#4400=CARTESIAN_POINT('Ctrl Pts',(-5.23771580506152,0.999999999999999,2.73801858657022));
#4401=CARTESIAN_POINT('Ctrl Pts',(-5.23771580506151,1.53333333333417,2.73801858657022));
#4402=CARTESIAN_POINT('Ctrl Pts',(-5.23771580506151,2.06666666666834,2.73801858657022));
#4403=CARTESIAN_POINT('Ctrl Pts',(-5.23771580506151,2.6000000000025,2.73801858657022));
#4404=CARTESIAN_POINT('',(-2.69753223431147,2.6,4.10697526114133));
#4405=CARTESIAN_POINT('Ctrl Pts',(-2.69732617517058,2.6,4.10630284326699));
#4406=CARTESIAN_POINT('Ctrl Pts',(-3.66330311585883,2.6,3.81028478419396));
#4407=CARTESIAN_POINT('Ctrl Pts',(-4.55151554942071,2.6,3.34824860865205));
#4408=CARTESIAN_POINT('Ctrl Pts',(-5.237715805062,2.6,2.73801858656979));
#4409=CARTESIAN_POINT('',(-2.69753223431187,0.999999999999999,4.10697526114121));
#4410=CARTESIAN_POINT('Ctrl Pts',(-2.69753223431187,2.60000000000369,4.10697526114121));
#4411=CARTESIAN_POINT('Ctrl Pts',(-2.69753223431187,2.06666666666912,4.10697526114121));
#4412=CARTESIAN_POINT('Ctrl Pts',(-2.69753223431187,1.53333333333456,4.10697526114121));
#4413=CARTESIAN_POINT('Ctrl Pts',(-2.69753223431187,0.999999999999999,4.10697526114121));
#4414=CARTESIAN_POINT('',(-2.69753223431187,-1.8,4.10697526114121));
#4415=CARTESIAN_POINT('Ctrl Pts',(-2.69753223431187,-1.8,4.10697526114121));
#4416=CARTESIAN_POINT('Ctrl Pts',(-2.69753223431187,-0.866666666666668,
4.10697526114121));
#4417=CARTESIAN_POINT('Ctrl Pts',(-2.69753223431187,0.0666666666666651,
4.10697526114121));
#4418=CARTESIAN_POINT('Ctrl Pts',(-2.69753223431187,1.,4.10697526114121));
#4419=CARTESIAN_POINT('',(-2.69753223431187,-2.8,4.10697526114121));
#4420=CARTESIAN_POINT('',(-2.69753223431187,-1.8,4.10697526114121));
#4421=CARTESIAN_POINT('',(2.76831621096588,-2.8,4.08501992901822));
#4422=CARTESIAN_POINT('Origin',(0.,-2.8,0.));
#4423=CARTESIAN_POINT('',(2.76831621096588,-1.8,4.08501992901822));
#4424=CARTESIAN_POINT('',(2.76831621096588,-1.8,4.08501992901822));
#4425=CARTESIAN_POINT('',(2.76831621096588,0.999999999999999,4.08501992901822));
#4426=CARTESIAN_POINT('Ctrl Pts',(2.76831621096588,0.999999999999997,4.08501992901822));
#4427=CARTESIAN_POINT('Ctrl Pts',(2.76831621096588,0.0666666666666655,4.08501992901822));
#4428=CARTESIAN_POINT('Ctrl Pts',(2.76831621096588,-0.866666666666669,4.08501992901822));
#4429=CARTESIAN_POINT('Ctrl Pts',(2.76831621096588,-1.8,4.08501992901822));
#4430=CARTESIAN_POINT('',(2.76831621096528,2.6,4.08501992901841));
#4431=CARTESIAN_POINT('Ctrl Pts',(2.76831621096588,0.999999999999998,4.08501992901822));
#4432=CARTESIAN_POINT('Ctrl Pts',(2.76831621096588,1.53333333333448,4.08501992901822));
#4433=CARTESIAN_POINT('Ctrl Pts',(2.76831621096588,2.06666666666897,4.08501992901822));
#4434=CARTESIAN_POINT('Ctrl Pts',(2.76831621096588,2.60000000000346,4.08501992901822));
#4435=CARTESIAN_POINT('',(5.26103874250161,2.6,2.71715207528874));
#4436=CARTESIAN_POINT('Ctrl Pts',(5.2610387425016,2.6,2.71715207528874));
#4437=CARTESIAN_POINT('Ctrl Pts',(4.58843601934005,2.6,3.32256729104513));
#4438=CARTESIAN_POINT('Ctrl Pts',(3.71783389819604,2.6,3.78382749067646));
#4439=CARTESIAN_POINT('Ctrl Pts',(2.76803022904643,2.6,4.08411537478826));
#4440=CARTESIAN_POINT('',(5.26103874250125,0.999999999999998,2.71715207528906));
#4441=CARTESIAN_POINT('Ctrl Pts',(5.26103874250125,2.60000000000244,2.71715207528906));
#4442=CARTESIAN_POINT('Ctrl Pts',(5.26103874250125,2.0666666666683,2.71715207528906));
#4443=CARTESIAN_POINT('Ctrl Pts',(5.26103874250125,1.53333333333415,2.71715207528906));
#4444=CARTESIAN_POINT('Ctrl Pts',(5.26103874250125,0.999999999999998,2.71715207528906));
#4445=CARTESIAN_POINT('',(5.26103874250125,-0.0763039633302019,2.71715207528906));
#4446=CARTESIAN_POINT('Ctrl Pts',(5.26103874250125,-0.076303963330202,2.71715207528906));
#4447=CARTESIAN_POINT('Ctrl Pts',(5.26103874250125,0.282464024446532,2.71715207528906));
#4448=CARTESIAN_POINT('Ctrl Pts',(5.26103874250125,0.641232012223265,2.71715207528906));
#4449=CARTESIAN_POINT('Ctrl Pts',(5.26103874250125,0.999999999999999,2.71715207528906));
#4450=CARTESIAN_POINT('Ctrl Pts',(6.59999999999997,-0.225837139633721,-8.07221379045542E-8));
#4451=CARTESIAN_POINT('Ctrl Pts',(6.60000000071842,-0.159327404600314,0.0273079247002685));
#4452=CARTESIAN_POINT('Ctrl Pts',(6.59957838157397,-0.0948284082506906,
0.0605522451825258));
#4453=CARTESIAN_POINT('Ctrl Pts',(6.59824969346752,-0.0330449799093886,
0.099083003680357));
#4454=CARTESIAN_POINT('Ctrl Pts',(6.59781137014869,-0.0126631331632677,
0.111793985181356));
#4455=CARTESIAN_POINT('Ctrl Pts',(6.59727436785284,0.00742333350352246,
0.125079883772723));
#4456=CARTESIAN_POINT('Ctrl Pts',(6.59662142983026,0.0271896476652237,0.138916274287114));
#4457=CARTESIAN_POINT('Ctrl Pts',(6.59464056216153,0.0871562161580254,0.180892783042703));
#4458=CARTESIAN_POINT('Ctrl Pts',(6.59159260473088,0.144152510770238,0.227944289492951));
#4459=CARTESIAN_POINT('Ctrl Pts',(6.5869915747014,0.197597300954614,0.279460758363432));
#4460=CARTESIAN_POINT('Ctrl Pts',(6.58224774584163,0.252700818309711,0.3325761064953));
#4461=CARTESIAN_POINT('Ctrl Pts',(6.57585380687366,0.304030212982984,0.390438336619482));
#4462=CARTESIAN_POINT('Ctrl Pts',(6.56671262079371,0.350462032815854,0.452352632135624));
#4463=CARTESIAN_POINT('Ctrl Pts',(6.56552658002104,0.356486418600044,0.460385821510671));
#4464=CARTESIAN_POINT('Ctrl Pts',(6.56429471563611,0.362429414648597,0.468484211454016));
#4465=CARTESIAN_POINT('Ctrl Pts',(6.56301466938295,0.368288303502196,0.476646403607773));
#4466=CARTESIAN_POINT('Ctrl Pts',(6.55426865530309,0.408319610401738,0.532415206745133));
#4467=CARTESIAN_POINT('Ctrl Pts',(6.54327339686995,0.44442622321021,0.591166800958226));
#4468=CARTESIAN_POINT('Ctrl Pts',(6.53002258618641,0.476493355584062,0.651973887254156));
#4469=CARTESIAN_POINT('Ctrl Pts',(6.51835475281739,0.504729662486017,0.705516796250457));
#4470=CARTESIAN_POINT('Ctrl Pts',(6.50493759273394,0.529833249023212,0.760652444510652));
#4471=CARTESIAN_POINT('Ctrl Pts',(6.48977124694166,0.551716369819627,0.816715927080919));
#4472=CARTESIAN_POINT('Ctrl Pts',(6.47451484050757,0.573729436743501,0.873112325258595));
#4473=CARTESIAN_POINT('Ctrl Pts',(6.45748678733214,0.592566191292794,0.930460418481057));
#4474=CARTESIAN_POINT('Ctrl Pts',(6.43864482785443,0.608220363435717,0.988193391484656));
#4475=CARTESIAN_POINT('Ctrl Pts',(6.42318863860159,0.621061588761766,1.03555214724084));
#4476=CARTESIAN_POINT('Ctrl Pts',(6.40651141712184,0.631760455194547,1.08317058050975));
#4477=CARTESIAN_POINT('Ctrl Pts',(6.38857717866418,0.640290684676245,1.13073295725573));
#4478=CARTESIAN_POINT('Ctrl Pts',(6.38035099355587,0.644203381995309,1.15254915626674));
#4479=CARTESIAN_POINT('Ctrl Pts',(6.37185656900898,0.647643661850542,1.1743628021359));
#4480=CARTESIAN_POINT('Ctrl Pts',(6.36309533552164,0.650607718344151,1.19612761797136));
#4481=CARTESIAN_POINT('Ctrl Pts',(6.34923964616855,0.655295305549737,1.23054817387585));
#4482=CARTESIAN_POINT('Ctrl Pts',(6.33471639518604,0.658791308159299,1.26484631615244));
#4483=CARTESIAN_POINT('Ctrl Pts',(6.31959458713941,0.661142034023522,1.29894218905996));
#4484=CARTESIAN_POINT('Ctrl Pts',(6.30052091178843,0.664107088323582,1.34194852855594));
#4485=CARTESIAN_POINT('Ctrl Pts',(6.28050417633279,0.665336702178755,1.38461192934217));
#4486=CARTESIAN_POINT('Ctrl Pts',(6.2596900082541,0.664921452814179,1.42679079342657));
#4487=CARTESIAN_POINT('Ctrl Pts',(6.2372211993126,0.664473192830862,1.47232270394536));
#4488=CARTESIAN_POINT('Ctrl Pts',(6.21382372642414,0.66210875548088,1.51729011527427));
#4489=CARTESIAN_POINT('Ctrl Pts',(6.18966758713432,0.657950100411521,1.56155947842485));
#4490=CARTESIAN_POINT('Ctrl Pts',(6.15222879780492,0.651504740531479,1.63017107818655));
#4491=CARTESIAN_POINT('Ctrl Pts',(6.11297332124382,0.640753480808863,1.69710034069835));
#4492=CARTESIAN_POINT('Ctrl Pts',(6.07244613555957,0.626133827312491,1.76200877685806));
#4493=CARTESIAN_POINT('Ctrl Pts',(6.03681243342373,0.613279434163218,1.81907979822722));
#4494=CARTESIAN_POINT('Ctrl Pts',(6.00018944161319,0.597398333281389,1.87460035546942));
#4495=CARTESIAN_POINT('Ctrl Pts',(5.96287983061597,0.578774588387673,1.92841119203085));
#4496=CARTESIAN_POINT('Ctrl Pts',(5.92425587407147,0.55949476492545,1.98411768045085));
#4497=CARTESIAN_POINT('Ctrl Pts',(5.88489514235498,0.537275087987168,2.03799281736343));
#4498=CARTESIAN_POINT('Ctrl Pts',(5.84512130267688,0.51238523789266,2.08983317103208));
#4499=CARTESIAN_POINT('Ctrl Pts',(5.84190807564812,0.510374450407398,2.09402122093968));
#4500=CARTESIAN_POINT('Ctrl Pts',(5.8386921507496,0.508346214856092,2.09819597188784));
#4501=CARTESIAN_POINT('Ctrl Pts',(5.83547369833074,0.506300662884509,2.10235730627901));
#4502=CARTESIAN_POINT('Ctrl Pts',(5.80665149889437,0.487982136086708,2.13962329444173));
#4503=CARTESIAN_POINT('Ctrl Pts',(5.77762642136986,0.468275811065943,2.17581402094345));
#4504=CARTESIAN_POINT('Ctrl Pts',(5.74850613157901,0.447140964216789,2.21097288609594));
#4505=CARTESIAN_POINT('Ctrl Pts',(5.67637464395493,0.394789564045792,2.29806203475611));
#4506=CARTESIAN_POINT('Ctrl Pts',(5.60415518792112,0.334143208611211,2.37822196908004));
#4507=CARTESIAN_POINT('Ctrl Pts',(5.53391161857811,0.26512428817963,2.45182394389817));
#4508=CARTESIAN_POINT('Ctrl Pts',(5.46295322534788,0.195403006329689,2.52617491894846));
#4509=CARTESIAN_POINT('Ctrl Pts',(5.39400994425111,0.117138407689367,2.5938332260762));
#4510=CARTESIAN_POINT('Ctrl Pts',(5.33131173119288,0.0299186301336112,2.65258835693769));
#4511=CARTESIAN_POINT('Ctrl Pts',(5.32577825347381,0.0222209833869705,2.65777383498635));
#4512=CARTESIAN_POINT('Ctrl Pts',(5.32029342707448,0.0144535555576308,2.66288994772351));
#4513=CARTESIAN_POINT('Ctrl Pts',(5.31486016649698,0.00661604665702165,
2.66793516426083));
#4514=CARTESIAN_POINT('Ctrl Pts',(5.29627495770639,-0.020193221412884,2.68519301549071));
#4515=CARTESIAN_POINT('Ctrl Pts',(5.27828507355991,-0.0478303668444553,
2.7016285115577));
#4516=CARTESIAN_POINT('Ctrl Pts',(5.26103874250125,-0.0763039633302019,
2.71715207528906));
#4517=CARTESIAN_POINT('Origin',(0.,4.5290446353574,-0.376176286477596));
#4518=CARTESIAN_POINT('',(-5.1,7.68490709237197,-3.00371636851487));
#4519=CARTESIAN_POINT('',(-2.44582986689454,7.68490709237196,-3.00371636851486));
#4520=CARTESIAN_POINT('',(0.,7.68490709237197,-3.00371636851487));
#4521=CARTESIAN_POINT('',(-5.1,6.26385223421692,-4.09825599078885));
#4522=CARTESIAN_POINT('Origin',(-5.1,4.5290446353574,-0.376176286477596));
#4523=CARTESIAN_POINT('',(-5.44186046511629,5.70619286335338,-4.31035431748133));
#4524=CARTESIAN_POINT('Ctrl Pts',(-5.4418604651163,5.70619286335338,-4.31035431748133));
#4525=CARTESIAN_POINT('Ctrl Pts',(-5.35425964814707,5.89609716143459,-4.25353291636184));
#4526=CARTESIAN_POINT('Ctrl Pts',(-5.24670432470008,6.07101872528456,-4.1858788626156));
#4527=CARTESIAN_POINT('Ctrl Pts',(-5.12077642156738,6.23718222669766,-4.11060006196347));
#4528=CARTESIAN_POINT('Ctrl Pts',(-5.1104354894439,6.25057734704368,-4.10444322399491));
#4529=CARTESIAN_POINT('Ctrl Pts',(-5.1,6.26385223421692,-4.09825599078885));
#4530=CARTESIAN_POINT('',(-6.52923249646873,6.46228427378992,-3.99916111825893));
#4531=CARTESIAN_POINT('Ctrl Pts',(-6.52923248309745,6.4622842843797,-3.99916113184399));
#4532=CARTESIAN_POINT('Ctrl Pts',(-6.47142932334809,6.23092739709832,-4.12261412065205));
#4533=CARTESIAN_POINT('Ctrl Pts',(-6.38368463440354,5.98879028940994,-4.22130745979373));
#4534=CARTESIAN_POINT('Ctrl Pts',(-6.21743178467447,5.61274389780705,-4.34056923551453));
#4535=CARTESIAN_POINT('Ctrl Pts',(-6.12901740945379,5.42178026879328,-4.38689939315065));
#4536=CARTESIAN_POINT('Ctrl Pts',(-5.99480023587779,5.25920020695222,-4.41733726069149));
#4537=CARTESIAN_POINT('Ctrl Pts',(-5.96989330125873,5.23267230410855,-4.42201101478512));
#4538=CARTESIAN_POINT('Ctrl Pts',(-5.92818958098499,5.20204114714566,-4.42717791752592));
#4539=CARTESIAN_POINT('Ctrl Pts',(-5.91352691908458,5.19341024079937,-4.42859421369153));
#4540=CARTESIAN_POINT('Ctrl Pts',(-5.8827988127027,5.18123505260231,-4.4305714914645));
#4541=CARTESIAN_POINT('Ctrl Pts',(-5.86672225608022,5.17771857748664,-4.43113089129242));
#4542=CARTESIAN_POINT('Ctrl Pts',(-5.85000000000002,5.17771857748664,-4.43113089129242));
#4543=CARTESIAN_POINT('Ctrl Pts',(-5.83327774391982,5.17771857748664,-4.43113089129242));
#4544=CARTESIAN_POINT('Ctrl Pts',(-5.81720118729733,5.18123505260231,-4.4305714914645));
#4545=CARTESIAN_POINT('Ctrl Pts',(-5.78647308091546,5.19341024079937,-4.42859421369153));
#4546=CARTESIAN_POINT('Ctrl Pts',(-5.77181041901504,5.20204114714565,-4.42717791752592));
#4547=CARTESIAN_POINT('Ctrl Pts',(-5.7301066987413,5.23267230410854,-4.42201101478512));
#4548=CARTESIAN_POINT('Ctrl Pts',(-5.70519976412225,5.25920020695222,-4.41733726069149));
#4549=CARTESIAN_POINT('Ctrl Pts',(-5.58601334091057,5.40357320736709,-4.39030807757187));
#4550=CARTESIAN_POINT('Ctrl Pts',(-5.50762683091557,5.563622097845,-4.35301301839919));
#4551=CARTESIAN_POINT('Ctrl Pts',(-5.4418604651163,5.70619286335338,-4.31035431748133));
#4552=CARTESIAN_POINT('',(-4.39908220252297,8.56719233320844,-1.12236520400908));
#4553=CARTESIAN_POINT('Ctrl Pts',(-4.39908220252297,8.56719233320844,-1.12236520400908));
#4554=CARTESIAN_POINT('Ctrl Pts',(-4.44425212375206,8.55532788425283,-1.18657199683424));
#4555=CARTESIAN_POINT('Ctrl Pts',(-4.49127125227712,8.5418502456536,-1.25093032412511));
#4556=CARTESIAN_POINT('Ctrl Pts',(-4.76452248518521,8.45560877989927,-1.61805522514003));
#4557=CARTESIAN_POINT('Ctrl Pts',(-5.01029757626683,8.34526208685,-1.92375729215231));
#4558=CARTESIAN_POINT('Ctrl Pts',(-5.46948908911296,8.05774365574344,-2.50376595006548));
#4559=CARTESIAN_POINT('Ctrl Pts',(-5.72064561349694,7.85049449172242,-2.82247181378956));
#4560=CARTESIAN_POINT('Ctrl Pts',(-6.15659285516676,7.32900974355281,-3.40546454109091));
#4561=CARTESIAN_POINT('Ctrl Pts',(-6.34087054107318,7.01408293534067,-3.66951639788236));
#4562=CARTESIAN_POINT('Ctrl Pts',(-6.48628811175739,6.60713708525787,-3.91896104660041));
#4563=CARTESIAN_POINT('Ctrl Pts',(-6.50891576218978,6.53604364516633,-3.95980283295109));
#4564=CARTESIAN_POINT('Ctrl Pts',(-6.52923249231283,6.46228428088835,-3.99916113370699));
#4565=CARTESIAN_POINT('',(-4.14503694950135,8.6,-0.915395304497258));
#4566=CARTESIAN_POINT('Ctrl Pts',(-4.14503694950135,8.6,-0.915395304497258));
#4567=CARTESIAN_POINT('Ctrl Pts',(-4.16060390353351,8.6,-0.915395304497258));
#4568=CARTESIAN_POINT('Ctrl Pts',(-4.17489438179916,8.59964624301154,-0.918076338595115));
#4569=CARTESIAN_POINT('Ctrl Pts',(-4.20192218681654,8.59847180053499,-0.926828550658462));
#4570=CARTESIAN_POINT('Ctrl Pts',(-4.21465921141089,8.59764968267639,-0.932900469435587));
#4571=CARTESIAN_POINT('Ctrl Pts',(-4.2515389753564,8.59461846517759,-0.954761332094585));
#4572=CARTESIAN_POINT('Ctrl Pts',(-4.27429427872182,8.59185971313434,-0.974056985113622));
#4573=CARTESIAN_POINT('Ctrl Pts',(-4.33370188836586,8.58277226362909,-1.03357368530029));
#4574=CARTESIAN_POINT('Ctrl Pts',(-4.36817720739282,8.5753099195849,-1.07843529300658));
#4575=CARTESIAN_POINT('Ctrl Pts',(-4.39908220252297,8.56719233320844,-1.12236520400908));
#4576=CARTESIAN_POINT('',(-2.15,8.6,-0.915395304497258));
#4577=CARTESIAN_POINT('',(0.,8.6,-0.915395304497258));
#4578=CARTESIAN_POINT('',(-1.65,8.1,-2.40391209620151));
#4579=CARTESIAN_POINT('Ctrl Pts',(-1.65,8.1,-2.40391209620151));
#4580=CARTESIAN_POINT('Ctrl Pts',(-1.65,8.24090402611652,-2.15577228156311));
#4581=CARTESIAN_POINT('Ctrl Pts',(-1.71585572826612,8.37296250945267,-1.84677566413929));
#4582=CARTESIAN_POINT('Ctrl Pts',(-1.85039007402458,8.50749685521113,-1.41006435709198));
#4583=CARTESIAN_POINT('Ctrl Pts',(-1.92153252021382,8.55592431402446,-1.1976325092079));
#4584=CARTESIAN_POINT('Ctrl Pts',(-2.03432528574251,8.58671850719116,-1.00820465298201));
#4585=CARTESIAN_POINT('Ctrl Pts',(-2.05317261388693,8.59101162432501,-0.979825813096268));
#4586=CARTESIAN_POINT('Ctrl Pts',(-2.0852687154161,8.59591054482444,-0.945535080330862));
#4587=CARTESIAN_POINT('Ctrl Pts',(-2.09652924373901,8.59727692020712,-0.93562808528069));
#4588=CARTESIAN_POINT('Ctrl Pts',(-2.1148848592317,8.5988070019445,-0.924336760330788));
#4589=CARTESIAN_POINT('Ctrl Pts',(-2.12127460967348,8.59922019650552,-0.921255325099051));
#4590=CARTESIAN_POINT('Ctrl Pts',(-2.13487741857744,8.59981802036511,-0.916771788951695));
#4591=CARTESIAN_POINT('Ctrl Pts',(-2.1420990232375,8.6,-0.91539530449725));
#4592=CARTESIAN_POINT('Ctrl Pts',(-2.15,8.6,-0.91539530449725));
#4593=CARTESIAN_POINT('',(-1.65,7.81651551126343,-2.83706433154915));
#4594=CARTESIAN_POINT('Origin',(-1.65,4.5290446353574,-0.376176286477596));
#4595=CARTESIAN_POINT('Ctrl Pts',(-2.44582986689454,7.68490709237197,-3.00371636851486));
#4596=CARTESIAN_POINT('Ctrl Pts',(-2.18571481888958,7.73953539334037,-2.93810389497155));
#4597=CARTESIAN_POINT('Ctrl Pts',(-1.91917771128372,7.78280644037381,-2.88209587576158));
#4598=CARTESIAN_POINT('Ctrl Pts',(-1.65,7.81651551126343,-2.83706433154915));
#4599=CARTESIAN_POINT('Origin',(0.,4.5290446353574,-0.376176286477596));
#4600=CARTESIAN_POINT('',(2.15,8.6,-0.915395304497258));
#4601=CARTESIAN_POINT('',(1.65,8.1,-2.40391209620151));
#4602=CARTESIAN_POINT('Ctrl Pts',(2.15,8.6,-0.91539530449725));
#4603=CARTESIAN_POINT('Ctrl Pts',(2.1420990232375,8.6,-0.91539530449725));
#4604=CARTESIAN_POINT('Ctrl Pts',(2.13487741857744,8.59981802036511,-0.916771788951695));
#4605=CARTESIAN_POINT('Ctrl Pts',(2.12127460967348,8.59922019650552,-0.921255325099051));
#4606=CARTESIAN_POINT('Ctrl Pts',(2.1148848592317,8.5988070019445,-0.924336760330788));
#4607=CARTESIAN_POINT('Ctrl Pts',(2.09652924373901,8.59727692020712,-0.93562808528069));
#4608=CARTESIAN_POINT('Ctrl Pts',(2.0852687154161,8.59591054482444,-0.945535080330862));
#4609=CARTESIAN_POINT('Ctrl Pts',(2.05317261388693,8.59101162432501,-0.979825813096268));
#4610=CARTESIAN_POINT('Ctrl Pts',(2.03432528574251,8.58671850719116,-1.00820465298201));
#4611=CARTESIAN_POINT('Ctrl Pts',(1.92153252021382,8.55592431402446,-1.1976325092079));
#4612=CARTESIAN_POINT('Ctrl Pts',(1.85039007402458,8.50749685521113,-1.41006435709198));
#4613=CARTESIAN_POINT('Ctrl Pts',(1.71585572826612,8.37296250945267,-1.84677566413929));
#4614=CARTESIAN_POINT('Ctrl Pts',(1.65,8.24090402611652,-2.15577228156311));
#4615=CARTESIAN_POINT('Ctrl Pts',(1.65,8.1,-2.40391209620151));
#4616=CARTESIAN_POINT('',(4.28706207370935,8.6,-0.915395304497258));
#4617=CARTESIAN_POINT('',(0.,8.6,-0.915395304497258));
#4618=CARTESIAN_POINT('',(6.54120351027724,6.5119325594325,-3.97222831351461));
#4619=CARTESIAN_POINT('Ctrl Pts',(6.54120350931398,6.51193256096182,-3.97222831680177));
#4620=CARTESIAN_POINT('Ctrl Pts',(6.52470122562557,6.5680534166905,-3.94128288935507));
#4621=CARTESIAN_POINT('Ctrl Pts',(6.50690006044222,6.6225151055146,-3.90953481738554));
#4622=CARTESIAN_POINT('Ctrl Pts',(6.36697765415694,7.01408293534067,-3.66951639788236));
#4623=CARTESIAN_POINT('Ctrl Pts',(6.18269996825052,7.32900974355281,-3.4054645410909));
#4624=CARTESIAN_POINT('Ctrl Pts',(5.7467527265807,7.85049449172242,-2.82247181378956));
#4625=CARTESIAN_POINT('Ctrl Pts',(5.49559620219672,8.05774365574344,-2.50376595006548));
#4626=CARTESIAN_POINT('Ctrl Pts',(5.0364046893506,8.34526208685,-1.92375729215231));
#4627=CARTESIAN_POINT('Ctrl Pts',(4.79062959826898,8.45560877989927,-1.61805522514004));
#4628=CARTESIAN_POINT('Ctrl Pts',(4.46558367284811,8.55819729065339,-1.18134190485439));
#4629=CARTESIAN_POINT('Ctrl Pts',(4.37026883758565,8.5823057522284,-1.04898201134905));
#4630=CARTESIAN_POINT('Ctrl Pts',(4.28706207370935,8.6,-0.915395304497258));
#4631=CARTESIAN_POINT('',(5.44186046511625,5.70619286335349,-4.31035431748129));
#4632=CARTESIAN_POINT('Ctrl Pts',(5.44186046511624,5.70619286335349,-4.31035431748129));
#4633=CARTESIAN_POINT('Ctrl Pts',(5.50762683091551,5.56362209784513,-4.35301301839916));
#4634=CARTESIAN_POINT('Ctrl Pts',(5.5860133409105,5.40357320736725,-4.39030807757183));
#4635=CARTESIAN_POINT('Ctrl Pts',(5.70519976412219,5.25920020695241,-4.41733726069145));
#4636=CARTESIAN_POINT('Ctrl Pts',(5.73010669874124,5.23267230410874,-4.42201101478509));
#4637=CARTESIAN_POINT('Ctrl Pts',(5.77181041901498,5.20204114714585,-4.42717791752589));
#4638=CARTESIAN_POINT('Ctrl Pts',(5.7864730809154,5.19341024079957,-4.4285942136915));
#4639=CARTESIAN_POINT('Ctrl Pts',(5.81720118729728,5.18123505260251,-4.43057149146447));
#4640=CARTESIAN_POINT('Ctrl Pts',(5.83327774391976,5.17771857748684,-4.43113089129239));
#4641=CARTESIAN_POINT('Ctrl Pts',(5.84999999999996,5.17771857748684,-4.43113089129239));
#4642=CARTESIAN_POINT('Ctrl Pts',(5.86672225608016,5.17771857748684,-4.43113089129239));
#4643=CARTESIAN_POINT('Ctrl Pts',(5.88279881270264,5.18123505260251,-4.43057149146447));
#4644=CARTESIAN_POINT('Ctrl Pts',(5.91352691908452,5.19341024079957,-4.4285942136915));
#4645=CARTESIAN_POINT('Ctrl Pts',(5.92818958098494,5.20204114714585,-4.42717791752589));
#4646=CARTESIAN_POINT('Ctrl Pts',(5.96989330125869,5.23267230410874,-4.42201101478509));
#4647=CARTESIAN_POINT('Ctrl Pts',(5.99480023587774,5.25920020695241,-4.41733726069145));
#4648=CARTESIAN_POINT('Ctrl Pts',(6.12901740945374,5.42178026879344,-4.38689939315061));
#4649=CARTESIAN_POINT('Ctrl Pts',(6.21743178467443,5.61274389780719,-4.34056923551449));
#4650=CARTESIAN_POINT('Ctrl Pts',(6.39060606215668,6.00444582816061,-4.2163423613565));
#4651=CARTESIAN_POINT('Ctrl Pts',(6.48401784412528,6.26567899297618,-4.10801423499606));
#4652=CARTESIAN_POINT('Ctrl Pts',(6.54120350771531,6.51193256163525,-3.97222831643044));
#4653=CARTESIAN_POINT('',(5.1,6.26385223421692,-4.09825599078884));
#4654=CARTESIAN_POINT('Ctrl Pts',(5.1,6.26385223421692,-4.09825599078884));
#4655=CARTESIAN_POINT('Ctrl Pts',(5.1104354894439,6.25057734704368,-4.10444322399491));
#4656=CARTESIAN_POINT('Ctrl Pts',(5.12077642156738,6.23718222669766,-4.11060006196347));
#4657=CARTESIAN_POINT('Ctrl Pts',(5.24670432699572,6.07101872225544,-4.18587886398791));
#4658=CARTESIAN_POINT('Ctrl Pts',(5.35425964606582,5.89609716594638,-4.25353291501186));
#4659=CARTESIAN_POINT('Ctrl Pts',(5.44186046511625,5.70619286335349,-4.31035431748129));
#4660=CARTESIAN_POINT('',(5.1,7.68490709237197,-3.00371636851487));
#4661=CARTESIAN_POINT('Origin',(5.1,4.5290446353574,-0.376176286477596));
#4662=CARTESIAN_POINT('',(2.44582986689454,7.68490709237196,-3.00371636851486));
#4663=CARTESIAN_POINT('',(0.,7.68490709237197,-3.00371636851487));
#4664=CARTESIAN_POINT('',(1.64999999999999,7.81651551126343,-2.83706433154915));
#4665=CARTESIAN_POINT('Ctrl Pts',(1.64999999999999,7.81651551126343,-2.83706433154915));
#4666=CARTESIAN_POINT('Ctrl Pts',(1.91917326190722,7.78280699756834,-2.88209513141208));
#4667=CARTESIAN_POINT('Ctrl Pts',(2.18568545011327,7.73954156125093,-2.93809648687243));
#4668=CARTESIAN_POINT('Ctrl Pts',(2.44582986689454,7.68490709237197,-3.00371636851486));
#4669=CARTESIAN_POINT('Origin',(1.65,4.5290446353574,-0.376176286477596));
#4670=CARTESIAN_POINT('Origin',(5.84999999999996,0.,-3.68113089129239));
#4671=CARTESIAN_POINT('Ctrl Pts',(6.54120351027724,6.51193255768598,-3.97222831034721));
#4672=CARTESIAN_POINT('Ctrl Pts',(6.55555605418056,6.4631225224003,-3.93814855533049));
#4673=CARTESIAN_POINT('Ctrl Pts',(6.56782353166376,6.4166162651976,-3.90213247230097));
#4674=CARTESIAN_POINT('Ctrl Pts',(6.58352638267419,6.35225206185222,-3.83937495751479));
#4675=CARTESIAN_POINT('Ctrl Pts',(6.58926980153287,6.32713820033666,-3.81137716403614));
#4676=CARTESIAN_POINT('Ctrl Pts',(6.59544599206881,6.29899869651444,-3.76507054217337));
#4677=CARTESIAN_POINT('Ctrl Pts',(6.59711767579893,6.29115253277215,-3.74891881967784));
#4678=CARTESIAN_POINT('Ctrl Pts',(6.59939274136427,6.28038660336776,-3.71560036597916));
#4679=CARTESIAN_POINT('Ctrl Pts',(6.5999999993334,6.27745321421345,-3.6984383331334));
#4680=CARTESIAN_POINT('Ctrl Pts',(6.59999999999996,6.27745321101382,-3.68113092017714));
#4681=CARTESIAN_POINT('',(5.44186046511625,-2.8,-4.31035431748129));
#4682=CARTESIAN_POINT('Origin',(5.84999999999996,-2.8,-3.68113089129239));
#4683=CARTESIAN_POINT('',(5.44186046511625,0.,-4.31035431748129));
#4684=CARTESIAN_POINT('Origin',(3.66305355654188,5.66561533358313,0.));
#4685=CARTESIAN_POINT('',(4.28706207336612,8.6,2.22443192334289));
#4686=CARTESIAN_POINT('',(4.28706207370935,8.6,0.));
#4687=CARTESIAN_POINT('Ctrl Pts',(5.95612049022072,7.6,1.93864646636977));
#4688=CARTESIAN_POINT('Ctrl Pts',(5.91264037807992,7.6515423892433,2.00074661918455));
#4689=CARTESIAN_POINT('Ctrl Pts',(5.86494686709005,7.70455587406526,2.05825376413889));
#4690=CARTESIAN_POINT('Ctrl Pts',(5.67640723517368,7.8982321829542,2.24875849300048));
#4691=CARTESIAN_POINT('Ctrl Pts',(5.51211586329523,8.03906728369705,2.35132809390647));
#4692=CARTESIAN_POINT('Ctrl Pts',(5.11454302858281,8.30282662117831,2.49190944631202));
#4693=CARTESIAN_POINT('Ctrl Pts',(4.90669904246672,8.40161117504602,2.51338607108275));
#4694=CARTESIAN_POINT('Ctrl Pts',(4.65236247031863,8.49931497523557,2.50183136747532));
#4695=CARTESIAN_POINT('Ctrl Pts',(4.57281933647829,8.52518385796987,2.48983292886576));
#4696=CARTESIAN_POINT('Ctrl Pts',(4.460505401747,8.55807908406793,2.45620576045182));
#4697=CARTESIAN_POINT('Ctrl Pts',(4.41275153218016,8.57070570498839,2.43635255855249));
#4698=CARTESIAN_POINT('Ctrl Pts',(4.35131704682728,8.585689806541,2.38957775978575));
#4699=CARTESIAN_POINT('Ctrl Pts',(4.33174438341182,8.59018037469719,2.36907604468236));
#4700=CARTESIAN_POINT('Ctrl Pts',(4.30690149627105,8.59572915288914,2.32735621132526));
#4701=CARTESIAN_POINT('Ctrl Pts',(4.29956919207726,8.59731667359734,2.30924355353156));
#4702=CARTESIAN_POINT('Ctrl Pts',(4.28926321167086,8.59953630975681,2.26859821551474));
#4703=CARTESIAN_POINT('Ctrl Pts',(4.28706207370935,8.6,2.24652383297686));
#4704=CARTESIAN_POINT('Ctrl Pts',(4.28706207370935,8.6,2.22443192282707));
#4705=CARTESIAN_POINT('Origin',(0.,8.6,0.03443455435235));
#4706=CARTESIAN_POINT('',(2.1499999999997,8.6,3.22365614992602));
#4707=CARTESIAN_POINT('',(2.15,8.6,0.155410462109338));
#4708=CARTESIAN_POINT('Ctrl Pts',(4.28709686420935,8.6,2.22447820605664));
#4709=CARTESIAN_POINT('Ctrl Pts',(4.04532629171917,8.6,2.40621781001832));
#4710=CARTESIAN_POINT('Ctrl Pts',(3.36824797738438,8.6,2.82082817487803));
#4711=CARTESIAN_POINT('Ctrl Pts',(2.62218655192323,8.6,3.0976049825752));
#4712=CARTESIAN_POINT('Ctrl Pts',(2.15000346845768,8.6,3.22366914130205));
#4713=CARTESIAN_POINT('Origin',(-4.14503694950135,7.6,0.));
#4714=CARTESIAN_POINT('',(-4.39908220252297,8.56719233320844,2.32717453632298));
#4715=CARTESIAN_POINT('',(-4.39908220252297,8.56719233320844,0.));
#4716=CARTESIAN_POINT('',(-4.14503694949792,8.6,2.32717453632298));
#4717=CARTESIAN_POINT('Origin',(-4.14503694950135,7.6,2.32717453632298));
#4718=CARTESIAN_POINT('',(-4.14503694950135,8.6,0.));
#4719=CARTESIAN_POINT('Origin',(-3.63694644345812,5.66561533358312,0.));
#4720=CARTESIAN_POINT('',(-6.59999999999857,6.13499111168952,-3.68113236320951));
#4721=CARTESIAN_POINT('Ctrl Pts',(-6.59999999999857,6.13499111168953,-3.68113236320759));
#4722=CARTESIAN_POINT('Ctrl Pts',(-6.59999996591487,6.13499132685154,-3.69849938167676));
#4723=CARTESIAN_POINT('Ctrl Pts',(-6.59939984526401,6.13880927264908,-3.71506245063231));
#4724=CARTESIAN_POINT('Ctrl Pts',(-6.59729800942175,6.15178645572589,-3.74667562501389));
#4725=CARTESIAN_POINT('Ctrl Pts',(-6.59580052763418,6.16088467893383,-3.76174946122796));
#4726=CARTESIAN_POINT('Ctrl Pts',(-6.59030103157684,6.19305135049675,-3.804698982326));
#4727=CARTESIAN_POINT('Ctrl Pts',(-6.5853061443517,6.22049670038903,-3.83059669328176));
#4728=CARTESIAN_POINT('Ctrl Pts',(-6.56760083289498,6.31015952909103,-3.90594542067098));
#4729=CARTESIAN_POINT('Ctrl Pts',(-6.5503683017595,6.38555126992821,-3.95402034348106));
#4730=CARTESIAN_POINT('Ctrl Pts',(-6.5292324932181,6.46228427760181,-3.99916111022885));
#4731=CARTESIAN_POINT('',(-6.59999999999444,6.13499111171558,-2.83918686220803));
#4732=CARTESIAN_POINT('',(-6.59999999999763,6.13499111169546,0.));
#4733=CARTESIAN_POINT('',(-5.93001337713696,7.6,-0.5));
#4734=CARTESIAN_POINT('Ctrl Pts',(-5.93001337713696,7.6,-0.5));
#4735=CARTESIAN_POINT('Ctrl Pts',(-5.93001337713696,7.6,-0.830309973154131));
#4736=CARTESIAN_POINT('Ctrl Pts',(-5.98929974427812,7.53400791146356,-1.17235652759429));
#4737=CARTESIAN_POINT('Ctrl Pts',(-6.1708097161367,7.27930368483221,-1.79539129085429));
#4738=CARTESIAN_POINT('Ctrl Pts',(-6.28781152452147,7.09050563381312,-2.07785383741932));
#4739=CARTESIAN_POINT('Ctrl Pts',(-6.46986311834585,6.67564171317232,-2.50785664862203));
#4740=CARTESIAN_POINT('Ctrl Pts',(-6.55694660672983,6.40677656801086,-2.70731450854));
#4741=CARTESIAN_POINT('Ctrl Pts',(-6.59999999999444,6.13499111171558,-2.83918686220803));
#4742=CARTESIAN_POINT('',(-6.243180506932,7.15139593864849,0.959964217084359));
#4743=CARTESIAN_POINT('Ctrl Pts',(-6.243180506932,7.1513959386485,0.959964217084362));
#4744=CARTESIAN_POINT('Ctrl Pts',(-6.18617352123601,7.25139290150449,0.812609194784435));
#4745=CARTESIAN_POINT('Ctrl Pts',(-6.12914229892793,7.33777357035539,0.652367471553879));
#4746=CARTESIAN_POINT('Ctrl Pts',(-5.98929974427812,7.53400791146356,0.172356527594287));
#4747=CARTESIAN_POINT('Ctrl Pts',(-5.93001337713696,7.6,-0.169690026845869));
#4748=CARTESIAN_POINT('Ctrl Pts',(-5.93001337713696,7.6,-0.5));
#4749=CARTESIAN_POINT('Ctrl Pts',(-4.39908220252058,8.56719233320906,2.32717453631932));
#4750=CARTESIAN_POINT('Ctrl Pts',(-5.24277754411102,8.3455851211091,1.9353736008912));
#4751=CARTESIAN_POINT('Ctrl Pts',(-5.88593714110205,7.77804285125585,1.45995745844457));
#4752=CARTESIAN_POINT('Ctrl Pts',(-6.243180506932,7.15139593864849,0.959964217084357));
#4753=CARTESIAN_POINT('Origin',(-5.85000000000002,0.,-3.68113089129242));
#4754=CARTESIAN_POINT('',(-5.44186046511629,-2.8,-4.31035431748133));
#4755=CARTESIAN_POINT('',(-5.44186046511629,0.,-4.31035431748133));
#4756=CARTESIAN_POINT('',(-6.59999999999857,-2.8,-3.68113236320951));
#4757=CARTESIAN_POINT('Origin',(-5.85000000000002,-2.8,-3.68113089129242));
#4758=CARTESIAN_POINT('',(-6.59999999999857,0.,-3.68113236320951));
#4759=CARTESIAN_POINT('Origin',(9.84439960450233E-16,0.,-12.7));
#4760=CARTESIAN_POINT('Origin',(9.84439960450233E-16,-2.8,-12.7));
#4761=CARTESIAN_POINT('',(-5.1,1.40174400921115,-4.09825599078885));
#4762=CARTESIAN_POINT('',(-5.1,0.,-4.09825599078885));
#4763=CARTESIAN_POINT('',(-1.65,2.66293566845085,-2.83706433154915));
#4764=CARTESIAN_POINT('Origin',(9.84439960450233E-16,-7.2,-12.7));
#4765=CARTESIAN_POINT('',(-1.65,1.6,-2.83706433154915));
#4766=CARTESIAN_POINT('',(-1.65,0.,-2.83706433154915));
#4767=CARTESIAN_POINT('',(-1.05,1.,-2.75527778165725));
#4768=CARTESIAN_POINT('Ctrl Pts',(-1.05,1.,-2.75527778165725));
#4769=CARTESIAN_POINT('Ctrl Pts',(-1.12556679314523,1.,-2.76325639896404));
#4770=CARTESIAN_POINT('Ctrl Pts',(-1.20607399091667,1.01513736739964,-2.7727166078307));
#4771=CARTESIAN_POINT('Ctrl Pts',(-1.35411111748994,1.0766073975571,-2.79182392658866));
#4772=CARTESIAN_POINT('Ctrl Pts',(-1.42164817474059,1.12293779431482,-2.80142306673302));
#4773=CARTESIAN_POINT('Ctrl Pts',(-1.52789201053332,1.22954709165448,-2.8172672471869));
#4774=CARTESIAN_POINT('Ctrl Pts',(-1.5738761599753,1.29680333884955,-2.82458251734352));
#4775=CARTESIAN_POINT('Ctrl Pts',(-1.63493355004118,1.44434916254861,-2.83450716309665));
#4776=CARTESIAN_POINT('Ctrl Pts',(-1.65,1.52464505610566,-2.83706433154915));
#4777=CARTESIAN_POINT('Ctrl Pts',(-1.65,1.6,-2.83706433154915));
#4778=CARTESIAN_POINT('',(1.05,1.,-2.75527778165725));
#4779=CARTESIAN_POINT('Origin',(9.84439960450233E-16,1.,-12.7));
#4780=CARTESIAN_POINT('',(1.64999999999999,1.6,-2.83706433154915));
#4781=CARTESIAN_POINT('Ctrl Pts',(1.65,1.6,-2.83706433154915));
#4782=CARTESIAN_POINT('Ctrl Pts',(1.65,1.52464505610566,-2.83706433154915));
#4783=CARTESIAN_POINT('Ctrl Pts',(1.63493355004118,1.44434916254861,-2.83450716309665));
#4784=CARTESIAN_POINT('Ctrl Pts',(1.5738761599753,1.29680333884955,-2.82458251734352));
#4785=CARTESIAN_POINT('Ctrl Pts',(1.52789201053332,1.22954709165448,-2.8172672471869));
#4786=CARTESIAN_POINT('Ctrl Pts',(1.42164817474059,1.12293779431482,-2.80142306673302));
#4787=CARTESIAN_POINT('Ctrl Pts',(1.35411111748994,1.0766073975571,-2.79182392658866));
#4788=CARTESIAN_POINT('Ctrl Pts',(1.20607399091667,1.01513736739964,-2.77271660783069));
#4789=CARTESIAN_POINT('Ctrl Pts',(1.12556679314523,1.,-2.76325639896404));
#4790=CARTESIAN_POINT('Ctrl Pts',(1.05,1.,-2.75527778165725));
#4791=CARTESIAN_POINT('',(1.64999999999999,2.66293566845085,-2.83706433154915));
#4792=CARTESIAN_POINT('',(1.64999999999999,0.,-2.83706433154915));
#4793=CARTESIAN_POINT('',(5.1,1.40174400921115,-4.09825599078884));
#4794=CARTESIAN_POINT('Origin',(9.84439960450233E-16,-7.2,-12.7));
#4795=CARTESIAN_POINT('',(5.1,0.,-4.09825599078884));
#4796=CARTESIAN_POINT('',(1.00613961606655E-15,-1.00631595805594,-2.7));
#4797=CARTESIAN_POINT('Ctrl Pts',(1.00613961606655E-15,-1.00631595805594,
-2.7));
#4798=CARTESIAN_POINT('Ctrl Pts',(0.147825814258706,-1.00631595805594,-2.7));
#4799=CARTESIAN_POINT('Ctrl Pts',(0.308712211109908,-0.995458341010222,
-2.7035812891979));
#4800=CARTESIAN_POINT('Ctrl Pts',(0.616132085871686,-0.940796690549942,
-2.71781357847737));
#4801=CARTESIAN_POINT('Ctrl Pts',(0.764553634776268,-0.908243336482656,
-2.72860577298894));
#4802=CARTESIAN_POINT('Ctrl Pts',(0.896647425645093,-0.80134388750127,-2.74026454448216));
#4803=CARTESIAN_POINT('Ctrl Pts',(0.914229137540024,-0.784035968065147,
-2.74187080212617));
#4804=CARTESIAN_POINT('Ctrl Pts',(0.933360025806229,-0.754477152776379,
-2.74365094824157));
#4805=CARTESIAN_POINT('Ctrl Pts',(0.938607958806568,-0.744048597667928,
-2.74414607597281));
#4806=CARTESIAN_POINT('Ctrl Pts',(0.945735590918383,-0.722432126219783,
-2.74482056532336));
#4807=CARTESIAN_POINT('Ctrl Pts',(0.94763842729452,-0.711251916494243,-2.74500218929634));
#4808=CARTESIAN_POINT('Ctrl Pts',(0.94763842729452,-0.688748083505759,-2.74500218929634));
#4809=CARTESIAN_POINT('Ctrl Pts',(0.945735590918376,-0.67756787378022,-2.74482056532336));
#4810=CARTESIAN_POINT('Ctrl Pts',(0.93860795880656,-0.655951402332073,-2.74414607597281));
#4811=CARTESIAN_POINT('Ctrl Pts',(0.933360025806237,-0.645522847223616,
-2.74365094824157));
#4812=CARTESIAN_POINT('Ctrl Pts',(0.914229137540032,-0.615964031934848,
-2.74187080212617));
#4813=CARTESIAN_POINT('Ctrl Pts',(0.896647425645093,-0.598656112498731,
-2.74026454448216));
#4814=CARTESIAN_POINT('Ctrl Pts',(0.764553634776268,-0.491756663517345,
-2.72860577298894));
#4815=CARTESIAN_POINT('Ctrl Pts',(0.616132085871685,-0.459203309450061,
-2.71781357847737));
#4816=CARTESIAN_POINT('Ctrl Pts',(0.308712211109908,-0.404541658989781,
-2.7035812891979));
#4817=CARTESIAN_POINT('Ctrl Pts',(0.147825814258706,-0.393684041944057,
-2.7));
#4818=CARTESIAN_POINT('Ctrl Pts',(-0.147825814258704,-0.393684041944057,
-2.7));
#4819=CARTESIAN_POINT('Ctrl Pts',(-0.308712211109906,-0.404541658989779,
-2.7035812891979));
#4820=CARTESIAN_POINT('Ctrl Pts',(-0.616132085871684,-0.459203309450059,
-2.71781357847737));
#4821=CARTESIAN_POINT('Ctrl Pts',(-0.764553634776266,-0.491756663517345,
-2.72860577298894));
#4822=CARTESIAN_POINT('Ctrl Pts',(-0.896647425645091,-0.598656112498731,
-2.74026454448216));
#4823=CARTESIAN_POINT('Ctrl Pts',(-0.914229137540022,-0.615964031934854,
-2.74187080212617));
#4824=CARTESIAN_POINT('Ctrl Pts',(-0.933360025806226,-0.645522847223622,
-2.74365094824157));
#4825=CARTESIAN_POINT('Ctrl Pts',(-0.938607958806565,-0.655951402332073,
-2.74414607597281));
#4826=CARTESIAN_POINT('Ctrl Pts',(-0.94573559091838,-0.677567873780219,
-2.74482056532336));
#4827=CARTESIAN_POINT('Ctrl Pts',(-0.947638427294518,-0.688748083505759,
-2.74500218929634));
#4828=CARTESIAN_POINT('Ctrl Pts',(-0.947638427294518,-0.711251916494243,
-2.74500218929634));
#4829=CARTESIAN_POINT('Ctrl Pts',(-0.94573559091838,-0.722432126219782,
-2.74482056532336));
#4830=CARTESIAN_POINT('Ctrl Pts',(-0.938607958806565,-0.744048597667928,
-2.74414607597281));
#4831=CARTESIAN_POINT('Ctrl Pts',(-0.933360025806226,-0.754477152776379,
-2.74365094824157));
#4832=CARTESIAN_POINT('Ctrl Pts',(-0.914229137540022,-0.784035968065147,
-2.74187080212617));
#4833=CARTESIAN_POINT('Ctrl Pts',(-0.896647425645091,-0.80134388750127,
-2.74026454448216));
#4834=CARTESIAN_POINT('Ctrl Pts',(-0.764553634776266,-0.908243336482656,
-2.72860577298894));
#4835=CARTESIAN_POINT('Ctrl Pts',(-0.616132085871684,-0.940796690549942,
-2.71781357847737));
#4836=CARTESIAN_POINT('Ctrl Pts',(-0.308712211109906,-0.995458341010222,
-2.7035812891979));
#4837=CARTESIAN_POINT('Ctrl Pts',(-0.147825814258704,-1.00631595805594,
-2.7));
#4838=CARTESIAN_POINT('Ctrl Pts',(9.54097911787244E-16,-1.00631595805594,
-2.7));
#4839=CARTESIAN_POINT('Origin',(-5.1,5.32925065675109,-3.00000004097819));
#4840=CARTESIAN_POINT('',(-5.1,7.2115711486546,-2.56232346018721));
#4841=CARTESIAN_POINT('',(-5.1,5.,-0.5));
#4842=CARTESIAN_POINT('',(-5.1,7.06707560974801,-2.0770854205099));
#4843=CARTESIAN_POINT('Origin',(-5.1,7.55257032868585,-2.19664660937763));
#4844=CARTESIAN_POINT('',(-5.1,2.98922308429558,-2.14826460110937));
#4845=CARTESIAN_POINT('Origin',(-5.1,5.,-0.5));
#4846=CARTESIAN_POINT('',(-5.1,2.8617501315328,-2.6382498684672));
#4847=CARTESIAN_POINT('Origin',(-5.1,2.50819674093953,-2.28469647787393));
#4848=CARTESIAN_POINT('',(-5.1,5.,-0.5));
#4849=CARTESIAN_POINT('Origin',(3.00000000224903,-3.5,0.499999993252914));
#4850=CARTESIAN_POINT('',(1.60998097790037,-3.5,-0.720797742634893));
#4851=CARTESIAN_POINT('',(1.08402783355223,-2.8,-1.18272121026812));
#4852=CARTESIAN_POINT('Origin',(1.08402783355223,-3.5,-1.18272121026812));
#4853=CARTESIAN_POINT('',(0.729150401346211,-2.8,1.66006124061606));
#4854=CARTESIAN_POINT('Origin',(3.00000000224903,-2.8,0.499999993252914));
#4855=CARTESIAN_POINT('',(1.35252088098239,-3.5,1.34161305457652));
#4856=CARTESIAN_POINT('Origin',(0.729150402665281,-3.5,1.66006123994221));
#4857=CARTESIAN_POINT('Origin',(3.00000000224903,-3.5,0.499999993252914));
#4858=CARTESIAN_POINT('Ctrl Pts',(1.35252088122042,-3.5,1.34161305504249));
#4859=CARTESIAN_POINT('Ctrl Pts',(1.32958289956329,-3.50000000014547,1.29671136853787));
#4860=CARTESIAN_POINT('Ctrl Pts',(1.28749471336966,-3.48879411747688,1.20527249463211));
#4861=CARTESIAN_POINT('Ctrl Pts',(1.25298522977366,-3.47749643873921,1.11072226827348));
#4862=CARTESIAN_POINT('Ctrl Pts',(1.23764924154374,-3.47749643873921,1.0626897801173));
#4863=CARTESIAN_POINT('Ctrl Pts',(1.352520881021,-3.29056048955066,1.3416130546521));
#4864=CARTESIAN_POINT('Ctrl Pts',(1.33414680427517,-3.29561459628716,1.30609342297467));
#4865=CARTESIAN_POINT('Ctrl Pts',(1.29617878148008,-3.2990530996697,1.22628023568725));
#4866=CARTESIAN_POINT('Ctrl Pts',(1.25548293623358,-3.29793600747341,1.11854511308498));
#4867=CARTESIAN_POINT('Ctrl Pts',(1.23764924154374,-3.29793600747341,1.0626897801173));
#4868=CARTESIAN_POINT('Ctrl Pts',(1.19621290440968,-2.92763864921457,1.42146282737064));
#4869=CARTESIAN_POINT('Ctrl Pts',(1.19179988822191,-2.94073803688379,1.39334552921218));
#4870=CARTESIAN_POINT('Ctrl Pts',(1.17752128961541,-2.96940937604901,1.31708622867177));
#4871=CARTESIAN_POINT('Ctrl Pts',(1.13997359125927,-2.9853635955616,1.17410325933672));
#4872=CARTESIAN_POINT('Ctrl Pts',(1.11672804359433,-2.9853635955616,1.10129794179467));
#4873=CARTESIAN_POINT('Ctrl Pts',(0.869034409689699,-2.79999999975257,1.58860163397769));
#4874=CARTESIAN_POINT('Ctrl Pts',(0.874944807964805,-2.80588296153851,1.55112110357264));
#4875=CARTESIAN_POINT('Ctrl Pts',(0.890416640857445,-2.81796070437862,1.45327527881067));
#4876=CARTESIAN_POINT('Ctrl Pts',(0.871940550265263,-2.82492594715301,1.27560393754928));
#4877=CARTESIAN_POINT('Ctrl Pts',(0.844081629837247,-2.82492594715301,1.18834948446538));
#4878=CARTESIAN_POINT('Ctrl Pts',(0.729150401344939,-2.8,1.66006123978133));
#4879=CARTESIAN_POINT('Ctrl Pts',(0.736360994424786,-2.80000000003233,1.61708739788891));
#4880=CARTESIAN_POINT('Ctrl Pts',(0.759489073448874,-2.79750980388375,1.50938496751242));
#4881=CARTESIAN_POINT('Ctrl Pts',(0.748358905049606,-2.79499920860871,1.32024026153552));
#4882=CARTESIAN_POINT('Ctrl Pts',(0.718999468122963,-2.79499920860871,1.22828617384916));
#4883=CARTESIAN_POINT('',(0.718999468122963,-2.79499920860871,1.22828617384916));
#4884=CARTESIAN_POINT('',(1.23764924154374,-3.47749643873921,1.0626897801173));
#4885=CARTESIAN_POINT('Origin',(0.57081381857417,-3.47749643873921,1.27559942920112));
#4886=CARTESIAN_POINT('Ctrl Pts',(1.23764924154374,-3.47749643873921,1.0626897801173));
#4887=CARTESIAN_POINT('Ctrl Pts',(1.25298522977366,-3.47749643873921,1.11072226827348));
#4888=CARTESIAN_POINT('Ctrl Pts',(1.28749471336966,-3.48879411747688,1.20527249463211));
#4889=CARTESIAN_POINT('Ctrl Pts',(1.32958289956329,-3.50000000014547,1.29671136853787));
#4890=CARTESIAN_POINT('Ctrl Pts',(1.35252088122042,-3.5,1.34161305504249));
#4891=CARTESIAN_POINT('Ctrl Pts',(0.729150401344939,-2.8,1.66006123978133));
#4892=CARTESIAN_POINT('Ctrl Pts',(0.736360994424786,-2.80000000003233,1.61708739788891));
#4893=CARTESIAN_POINT('Ctrl Pts',(0.759489073448874,-2.79750980388375,1.50938496751242));
#4894=CARTESIAN_POINT('Ctrl Pts',(0.748358905049606,-2.79499920860871,1.32024026153552));
#4895=CARTESIAN_POINT('Ctrl Pts',(0.718999468122963,-2.79499920860871,1.22828617384916));
#4896=CARTESIAN_POINT('Origin',(3.00000000224903,-3.47749643873921,0.499999993252914));
#4897=CARTESIAN_POINT('',(0.968041696669179,-2.79499920860871,-0.766692408996318));
#4898=CARTESIAN_POINT('',(1.43006469886599,-3.47749643873921,-0.47867418296285));
#4899=CARTESIAN_POINT('Origin',(0.836035124612947,-3.47749643873921,-0.848983330720166));
#4900=CARTESIAN_POINT('',(1.15000000224903,-3.47749643873921,0.499999993252914));
#4901=CARTESIAN_POINT('Origin',(3.00000000224903,-3.47749643873921,0.499999993252914));
#4902=CARTESIAN_POINT('Origin',(3.00000000224903,-3.47749643873921,0.499999993252914));
#4903=CARTESIAN_POINT('Origin',(3.00000000224903,-2.79499920860871,0.499999993252914));
#4904=CARTESIAN_POINT('Ctrl Pts',(1.43006469886599,-3.47749643873922,-0.478674182962852));
#4905=CARTESIAN_POINT('Ctrl Pts',(1.45673818315512,-3.47749643873922,-0.521462319880546));
#4906=CARTESIAN_POINT('Ctrl Pts',(1.51343324824389,-3.48879419000529,-0.604627998582976));
#4907=CARTESIAN_POINT('Ctrl Pts',(1.57670848535917,-3.5,-0.682913172357463));
#4908=CARTESIAN_POINT('Ctrl Pts',(1.60998097790037,-3.5,-0.720797742634891));
#4909=CARTESIAN_POINT('Ctrl Pts',(1.43006469886599,-3.29793600747341,-0.478674182962849));
#4910=CARTESIAN_POINT('Ctrl Pts',(1.461082378849,-3.29793600747341,-0.528431039757278));
#4911=CARTESIAN_POINT('Ctrl Pts',(1.52701546770902,-3.29905298133613,-0.622856081523118));
#4912=CARTESIAN_POINT('Ctrl Pts',(1.58343877667343,-3.29561458346233,-0.690885298759064));
#4913=CARTESIAN_POINT('Ctrl Pts',(1.60998097790037,-3.29056048976068,-0.720797742634893));
#4914=CARTESIAN_POINT('Ctrl Pts',(1.32235073158236,-2.9853582000084,-0.545821458376722));
#4915=CARTESIAN_POINT('Ctrl Pts',(1.36278110627824,-2.98535820000839,-0.610677642494598));
#4916=CARTESIAN_POINT('Ctrl Pts',(1.4343291842301,-2.96940315577451,-0.74004372555712));
#4917=CARTESIAN_POINT('Ctrl Pts',(1.46691706436166,-2.94072704521828,-0.81044796574275));
#4918=CARTESIAN_POINT('Ctrl Pts',(1.47810692150345,-2.92762769109578,-0.836617416072194));
#4919=CARTESIAN_POINT('Ctrl Pts',(1.07946724592824,-2.82492594715302,-0.697231388917638));
#4920=CARTESIAN_POINT('Ctrl Pts',(1.12792153953184,-2.82492594715302,-0.774959102570947));
#4921=CARTESIAN_POINT('Ctrl Pts',(1.18950965178914,-2.81796058117005,-0.942637513868246));
#4922=CARTESIAN_POINT('Ctrl Pts',(1.19856632630749,-2.80588294671388,-1.04128263482373));
#4923=CARTESIAN_POINT('Ctrl Pts',(1.20205144315341,-2.8,-1.0790658265226));
#4924=CARTESIAN_POINT('Ctrl Pts',(0.968041696669173,-2.79499920860872,-0.76669240899631));
#4925=CARTESIAN_POINT('Ctrl Pts',(1.01910579947801,-2.79499920860872,-0.848606635082414));
#4926=CARTESIAN_POINT('Ctrl Pts',(1.07639406478811,-2.79750982000117,-1.02921233913865));
#4927=CARTESIAN_POINT('Ctrl Pts',(1.0804525452102,-2.8,-1.13929366887681));
#4928=CARTESIAN_POINT('Ctrl Pts',(1.08402783355223,-2.8,-1.18272121026812));
#4929=CARTESIAN_POINT('Ctrl Pts',(1.60998097790037,-3.5,-0.720797742634891));
#4930=CARTESIAN_POINT('Ctrl Pts',(1.57670848535917,-3.5,-0.682913172357463));
#4931=CARTESIAN_POINT('Ctrl Pts',(1.51343324824389,-3.48879419000529,-0.604627998582976));
#4932=CARTESIAN_POINT('Ctrl Pts',(1.45673818315512,-3.47749643873922,-0.521462319880546));
#4933=CARTESIAN_POINT('Ctrl Pts',(1.43006469886599,-3.47749643873922,-0.478674182962852));
#4934=CARTESIAN_POINT('Ctrl Pts',(0.968041696669173,-2.79499920860872,-0.76669240899631));
#4935=CARTESIAN_POINT('Ctrl Pts',(1.01910579947801,-2.79499920860872,-0.848606635082414));
#4936=CARTESIAN_POINT('Ctrl Pts',(1.07639406478811,-2.79750982000117,-1.02921233913865));
#4937=CARTESIAN_POINT('Ctrl Pts',(1.0804525452102,-2.8,-1.13929366887681));
#4938=CARTESIAN_POINT('Ctrl Pts',(1.08402783355223,-2.8,-1.18272121026812));
#4939=CARTESIAN_POINT('Ctrl Pts',(0.201309007344747,-2.6,1.79709547114516));
#4940=CARTESIAN_POINT('Ctrl Pts',(0.307031263126048,-2.6,1.79404305489883));
#4941=CARTESIAN_POINT('Ctrl Pts',(0.479847023707626,-2.6,1.71503406545692));
#4942=CARTESIAN_POINT('Ctrl Pts',(0.598596000092901,-2.6,1.48828223552207));
#4943=CARTESIAN_POINT('Ctrl Pts',(0.592260169269631,-2.6,1.34276964153626));
#4944=CARTESIAN_POINT('Ctrl Pts',(0.57081381857417,-2.6,1.27559942920112));
#4945=CARTESIAN_POINT('Ctrl Pts',(0.201309007344747,-2.65235987755983,1.79709547114516));
#4946=CARTESIAN_POINT('Ctrl Pts',(0.306920848311353,-2.65235987755983,1.79404624279878));
#4947=CARTESIAN_POINT('Ctrl Pts',(0.479789124012391,-2.65235987755983,1.71480600579345));
#4948=CARTESIAN_POINT('Ctrl Pts',(0.598429900071922,-2.65235987755983,1.48826391697392));
#4949=CARTESIAN_POINT('Ctrl Pts',(0.592237771007123,-2.65235987755983,1.34269948992539));
#4950=CARTESIAN_POINT('Ctrl Pts',(0.57081381857417,-2.65235987755983,1.27559942920112));
#4951=CARTESIAN_POINT('Ctrl Pts',(0.202558273258439,-2.75671289991313,1.84036454056672));
#4952=CARTESIAN_POINT('Ctrl Pts',(0.319789146156679,-2.75671289991313,1.83697984717021));
#4953=CARTESIAN_POINT('Ctrl Pts',(0.51127449145954,-2.75671289991313,1.74956224506965));
#4954=CARTESIAN_POINT('Ctrl Pts',(0.642940451718309,-2.75671289991313,1.49814344538153));
#4955=CARTESIAN_POINT('Ctrl Pts',(0.635831001877705,-2.75671289991313,1.33691553640373));
#4956=CARTESIAN_POINT('Ctrl Pts',(0.612050063853534,-2.75671289991313,1.26243337021633));
#4957=CARTESIAN_POINT('Ctrl Pts',(0.205569901978201,-2.8,1.94467409605768));
#4958=CARTESIAN_POINT('Ctrl Pts',(0.350291677696615,-2.8,1.94049568446273));
#4959=CARTESIAN_POINT('Ctrl Pts',(0.586904535932169,-2.8,1.83227712667562));
#4960=CARTESIAN_POINT('Ctrl Pts',(0.749461652025,-2.8,1.52187405164093));
#4961=CARTESIAN_POINT('Ctrl Pts',(0.74081667350531,-2.8,1.32264210673603));
#4962=CARTESIAN_POINT('Ctrl Pts',(0.711459052137984,-2.8,1.23069370540193));
#4963=CARTESIAN_POINT('Ctrl Pts',(0.207081008292769,-2.8,1.99701216380752));
#4964=CARTESIAN_POINT('Ctrl Pts',(0.36566439196472,-2.8,1.99243353943801));
#4965=CARTESIAN_POINT('Ctrl Pts',(0.624888032837088,-2.8,1.87392005527516));
#4966=CARTESIAN_POINT('Ctrl Pts',(0.803011497415001,-2.8,1.53379231037288));
#4967=CARTESIAN_POINT('Ctrl Pts',(0.793507751180096,-2.8,1.31552341939417));
#4968=CARTESIAN_POINT('Ctrl Pts',(0.761338225136904,-2.8,1.21476810089146));
#4969=CARTESIAN_POINT('',(0.207081007747166,-2.8,1.99701216382328));
#4970=CARTESIAN_POINT('Ctrl Pts',(0.72891578105557,-2.8,1.65980176702312));
#4971=CARTESIAN_POINT('Ctrl Pts',(0.703043401509396,-2.8,1.71293125240819));
#4972=CARTESIAN_POINT('Ctrl Pts',(0.579090933130886,-2.8,1.8948578595297));
#4973=CARTESIAN_POINT('Ctrl Pts',(0.36566439196472,-2.8,1.99243353943801));
#4974=CARTESIAN_POINT('Ctrl Pts',(0.207081008292769,-2.8,1.99701216380752));
#4975=CARTESIAN_POINT('',(0.201309007079559,-2.6,1.79709547115282));
#4976=CARTESIAN_POINT('Origin',(0.207081007747166,-2.6,1.99701216382327));
#4977=CARTESIAN_POINT('',(0.57081381857417,-2.6,1.27559942920112));
#4978=CARTESIAN_POINT('Ctrl Pts',(0.201309007344747,-2.6,1.79709547114516));
#4979=CARTESIAN_POINT('Ctrl Pts',(0.307031263126048,-2.6,1.79404305489883));
#4980=CARTESIAN_POINT('Ctrl Pts',(0.479847023707626,-2.6,1.71503406545692));
#4981=CARTESIAN_POINT('Ctrl Pts',(0.598596000092901,-2.6,1.48828223552207));
#4982=CARTESIAN_POINT('Ctrl Pts',(0.592260169269631,-2.6,1.34276964153626));
#4983=CARTESIAN_POINT('Ctrl Pts',(0.57081381857417,-2.6,1.27559942920112));
#4984=CARTESIAN_POINT('Origin',(0.761338225136904,-2.6,1.21476810089146));
#4985=CARTESIAN_POINT('Origin',(0.,-2.8,-12.7));
#4986=CARTESIAN_POINT('',(-6.59999999999578,-2.8,-3.5000000000035));
#4987=CARTESIAN_POINT('',(-6.60000000000001,-2.8,4.50000000000002));
#4988=CARTESIAN_POINT('',(5.26103874250125,-2.8,2.71715207528906));
#4989=CARTESIAN_POINT('Origin',(0.,-2.8,0.));
#4990=CARTESIAN_POINT('',(3.6277387749359,-2.8,5.1500091794475));
#4991=CARTESIAN_POINT('Ctrl Pts',(5.26103874250125,-2.8,2.71715207528906));
#4992=CARTESIAN_POINT('Ctrl Pts',(4.89387789807979,-2.8,3.04763655622876));
#4993=CARTESIAN_POINT('Ctrl Pts',(4.56893243402673,-2.8,3.42220325714951));
#4994=CARTESIAN_POINT('Ctrl Pts',(4.29358703428814,-2.8,3.83233980594888));
#4995=CARTESIAN_POINT('Ctrl Pts',(4.01824163454956,-2.8,4.24247635474825));
#4996=CARTESIAN_POINT('Ctrl Pts',(3.79459804615405,-2.8,4.6850521261331));
#4997=CARTESIAN_POINT('Ctrl Pts',(3.6277387749359,-2.8,5.1500091794475));
#4998=CARTESIAN_POINT('',(-3.55235309106976,-2.8,5.26653606850538));
#4999=CARTESIAN_POINT('Ctrl Pts',(3.62773877436933,-2.8,5.15000918102627));
#5000=CARTESIAN_POINT('Ctrl Pts',(3.49779293912931,-2.8,5.51210612709695));
#5001=CARTESIAN_POINT('Ctrl Pts',(3.25587982914195,-2.8,5.87343275310431));
#5002=CARTESIAN_POINT('Ctrl Pts',(2.89783234369208,-2.8,6.09889980753004));
#5003=CARTESIAN_POINT('Ctrl Pts',(2.3691712403305,-2.8,6.4318044266328));
#5004=CARTESIAN_POINT('Ctrl Pts',(1.68654404734958,-2.8,6.51068559075469));
#5005=CARTESIAN_POINT('Ctrl Pts',(0.925404491655719,-2.8,6.54985038564134));
#5006=CARTESIAN_POINT('Ctrl Pts',(0.0088451586664641,-2.8,6.59701237848409));
#5007=CARTESIAN_POINT('Ctrl Pts',(-1.01519466602358,-2.8,6.59499072580827));
#5008=CARTESIAN_POINT('Ctrl Pts',(-1.84616291621589,-2.8,6.46194294924611));
#5009=CARTESIAN_POINT('Ctrl Pts',(-2.397926893231,-2.8,6.37359905606853));
#5010=CARTESIAN_POINT('Ctrl Pts',(-2.89926847855904,-2.8,6.20365246377207));
#5011=CARTESIAN_POINT('Ctrl Pts',(-3.23067476061439,-2.8,5.83204353098825));
#5012=CARTESIAN_POINT('Ctrl Pts',(-3.38234752340416,-2.8,5.66197145763127));
#5013=CARTESIAN_POINT('Ctrl Pts',(-3.48462635502082,-2.8,5.46304426425139));
#5014=CARTESIAN_POINT('Ctrl Pts',(-3.55235309106893,-2.8,5.26653606850777));
#5015=CARTESIAN_POINT('Ctrl Pts',(-3.55235309106977,-2.8,5.26653606850538));
#5016=CARTESIAN_POINT('Ctrl Pts',(-3.71942090159747,-2.8,4.78179110766107));
#5017=CARTESIAN_POINT('Ctrl Pts',(-3.94793724976443,-2.8,4.32045441510345));
#5018=CARTESIAN_POINT('Ctrl Pts',(-4.23231034032246,-2.8,3.89381490012043));
#5019=CARTESIAN_POINT('Ctrl Pts',(-4.51668343088049,-2.8,3.46717538513741));
#5020=CARTESIAN_POINT('Ctrl Pts',(-4.85457465195621,-2.8,3.07874162244481));
#5021=CARTESIAN_POINT('Ctrl Pts',(-5.23771580506152,-2.8,2.73801858657022));
#5022=CARTESIAN_POINT('',(-6.78380404835767,-2.8,1.49999999999641));
#5023=CARTESIAN_POINT('Origin',(-6.7838040483582,-2.8,2.49999999999641));
#5024=CARTESIAN_POINT('',(-6.95835867173735,-2.8,1.49999999999631));
#5025=CARTESIAN_POINT('',(-2.30000000000297,-2.8,1.49999999999878));
#5026=CARTESIAN_POINT('',(-6.47767992735121,-2.8,0.86234846642107));
#5027=CARTESIAN_POINT('Origin',(-6.95835867173709,-2.8,0.999999999996314));
#5028=CARTESIAN_POINT('',(-6.59999999999919,-2.8,-2.18809450870216E-6));
#5029=CARTESIAN_POINT('Origin',(0.,-2.8,0.));
#5030=CARTESIAN_POINT('',(-6.59999999999886,-2.8,-2.00000000000368));
#5031=CARTESIAN_POINT('',(-6.59999999999919,-2.8,-2.18809450870216E-6));
#5032=CARTESIAN_POINT('',(-7.09999999999859,-2.8,-2.50000000000376));
#5033=CARTESIAN_POINT('Origin',(-7.09999999999886,-2.8,-2.00000000000376));
#5034=CARTESIAN_POINT('',(-7.40000000000132,-2.8,-2.50000000000392));
#5035=CARTESIAN_POINT('',(-2.30000000000085,-2.8,-2.50000000000122));
#5036=CARTESIAN_POINT('',(-7.51717815423558,-2.8,-2.50343563085125));
#5037=CARTESIAN_POINT('Origin',(-7.40000000000026,-2.8,-4.50000000000392));
#5038=CARTESIAN_POINT('Origin',(-7.59999999999578,-2.8,-3.50000000000403));
#5039=CARTESIAN_POINT('',(0.471014220807199,-2.8,-1.66004322455031));
#5040=CARTESIAN_POINT('Origin',(0.49658965361121,-2.8,-1.06058855801006));
#5041=CARTESIAN_POINT('',(-0.471014226813396,-2.8,-1.66004322480657));
#5042=CARTESIAN_POINT('Origin',(9.84439960450233E-16,-2.8,-12.7));
#5043=CARTESIAN_POINT('',(-1.00575786470096,-2.8,-0.743180714545857));
#5044=CARTESIAN_POINT('Origin',(-0.496589659943535,-2.8,-1.06058855828023));
#5045=CARTESIAN_POINT('',(-0.76133821950432,-2.8,1.21476810378556));
#5046=CARTESIAN_POINT('Origin',(-3.00000000000087,-2.8,0.500000006747086));
#5047=CARTESIAN_POINT('',(-0.207081001202005,-2.8,1.99701216401238));
#5048=CARTESIAN_POINT('Ctrl Pts',(-0.207081001202005,-2.8,1.99701216401238));
#5049=CARTESIAN_POINT('Ctrl Pts',(-0.365664384557716,-2.8,1.99243353980921));
#5050=CARTESIAN_POINT('Ctrl Pts',(-0.624876018776658,-2.8,1.87392751858315));
#5051=CARTESIAN_POINT('Ctrl Pts',(-0.803011605899257,-2.8,1.53379950759343));
#5052=CARTESIAN_POINT('Ctrl Pts',(-0.793507745005363,-2.8,1.3155234222368));
#5053=CARTESIAN_POINT('Ctrl Pts',(-0.761338219504319,-2.8,1.21476810378556));
#5054=CARTESIAN_POINT('Ctrl Pts',(0.207081007747166,-2.8,1.99701216382328));
#5055=CARTESIAN_POINT('Ctrl Pts',(0.0690653554165526,-2.8,2.00099695600537));
#5056=CARTESIAN_POINT('Ctrl Pts',(-0.0690653488549705,-2.8,2.0009969560684));
#5057=CARTESIAN_POINT('Ctrl Pts',(-0.207081001189234,-2.8,1.99701216401275));
#5058=CARTESIAN_POINT('',(-3.20750938307088,-2.8,4.56316497736345));
#5059=CARTESIAN_POINT('Ctrl Pts',(-2.69753223431187,-2.8,4.10697526114121));
#5060=CARTESIAN_POINT('Ctrl Pts',(-2.7291077692673,-2.8,4.09733403144479));
#5061=CARTESIAN_POINT('Ctrl Pts',(-2.76175582540668,-2.8,4.0916389898209));
#5062=CARTESIAN_POINT('Ctrl Pts',(-2.79473077412604,-2.8,4.09002020177537));
#5063=CARTESIAN_POINT('Ctrl Pts',(-2.8277057228454,-2.8,4.08840141372983));
#5064=CARTESIAN_POINT('Ctrl Pts',(-2.86075460700128,-2.8,4.0908712972956));
#5065=CARTESIAN_POINT('Ctrl Pts',(-2.89312264372851,-2.8,4.09737344434144));
#5066=CARTESIAN_POINT('Ctrl Pts',(-2.94418842276234,-2.8,4.10763162611153));
#5067=CARTESIAN_POINT('Ctrl Pts',(-2.99276233410786,-2.8,4.12776601625213));
#5068=CARTESIAN_POINT('Ctrl Pts',(-3.03611029794782,-2.8,4.15664331031666));
#5069=CARTESIAN_POINT('Ctrl Pts',(-3.07945826178779,-2.8,4.18552060438118));
#5070=CARTESIAN_POINT('Ctrl Pts',(-3.11675141780064,-2.8,4.22258863702844));
#5071=CARTESIAN_POINT('Ctrl Pts',(-3.14589064606063,-2.8,4.26576095985189));
#5072=CARTESIAN_POINT('Ctrl Pts',(-3.17502987432062,-2.8,4.30893328267534));
#5073=CARTESIAN_POINT('Ctrl Pts',(-3.19545800101922,-2.8,4.35738439380112));
#5074=CARTESIAN_POINT('Ctrl Pts',(-3.20602518815976,-2.8,4.40838712546813));
#5075=CARTESIAN_POINT('Ctrl Pts',(-3.2165923753003,-2.8,4.45938985713514));
#5076=CARTESIAN_POINT('Ctrl Pts',(-3.21709656674554,-2.8,4.51196898151662));
#5077=CARTESIAN_POINT('Ctrl Pts',(-3.20750938307088,-2.8,4.56316497736345));
#5078=CARTESIAN_POINT('',(-2.92613319018652,-2.8,5.41286447108786));
#5079=CARTESIAN_POINT('Ctrl Pts',(-3.20750938307088,-2.8,4.56316497736345));
#5080=CARTESIAN_POINT('Ctrl Pts',(-3.20323286123155,-2.8,4.5860017980352));
#5081=CARTESIAN_POINT('Ctrl Pts',(-3.18044494679808,-2.8,4.70735545616485));
#5082=CARTESIAN_POINT('Ctrl Pts',(-3.14292179366463,-2.8,4.89987666112973));
#5083=CARTESIAN_POINT('Ctrl Pts',(-3.09886272265536,-2.8,5.07679145811681));
#5084=CARTESIAN_POINT('Ctrl Pts',(-3.03725210430913,-2.8,5.23521431917935));
#5085=CARTESIAN_POINT('Ctrl Pts',(-2.96330164974958,-2.8,5.3602293849789));
#5086=CARTESIAN_POINT('Ctrl Pts',(-2.92613319018652,-2.8,5.41286447108786));
#5087=CARTESIAN_POINT('',(-2.78986851850514,-2.8,5.56791606533989));
#5088=CARTESIAN_POINT('Origin',(-2.299999948591,-2.8,4.9999998882413));
#5089=CARTESIAN_POINT('',(2.65438060886356,-2.8,5.66099485616827));
#5090=CARTESIAN_POINT('Ctrl Pts',(-2.78986851850514,-2.8,5.56791606533989));
#5091=CARTESIAN_POINT('Ctrl Pts',(-2.74871195022128,-2.8,5.60578224905285));
#5092=CARTESIAN_POINT('Ctrl Pts',(-2.63890311904991,-2.8,5.69367495958586));
#5093=CARTESIAN_POINT('Ctrl Pts',(-2.43008082966685,-2.8,5.81250805363819));
#5094=CARTESIAN_POINT('Ctrl Pts',(-2.06749019313759,-2.8,5.93185012631464));
#5095=CARTESIAN_POINT('Ctrl Pts',(-1.48712923896171,-2.8,6.02122067797869));
#5096=CARTESIAN_POINT('Ctrl Pts',(-0.767430666495767,-2.8,6.06586693449878));
#5097=CARTESIAN_POINT('Ctrl Pts',(0.00144781622354224,-2.8,6.07788078474577));
#5098=CARTESIAN_POINT('Ctrl Pts',(0.764666004748426,-2.8,6.06557010860182));
#5099=CARTESIAN_POINT('Ctrl Pts',(1.47163866725283,-2.8,6.02071308997517));
#5100=CARTESIAN_POINT('Ctrl Pts',(1.99808725081997,-2.8,5.93813551299356));
#5101=CARTESIAN_POINT('Ctrl Pts',(2.33256165890342,-2.8,5.83479000928769));
#5102=CARTESIAN_POINT('Ctrl Pts',(2.52981123374648,-2.8,5.73922991277068));
#5103=CARTESIAN_POINT('Ctrl Pts',(2.63045749714493,-2.8,5.67676193275545));
#5104=CARTESIAN_POINT('Ctrl Pts',(2.65438060886356,-2.8,5.66099485616827));
#5105=CARTESIAN_POINT('',(2.92028690990483,-2.8,5.42159695372449));
#5106=CARTESIAN_POINT('Origin',(2.29999994859099,-2.8,4.9999998882413));
#5107=CARTESIAN_POINT('',(3.27744877108641,-2.8,4.55993933570833));
#5108=CARTESIAN_POINT('Ctrl Pts',(2.92028690990484,-2.8,5.42159695372449));
#5109=CARTESIAN_POINT('Ctrl Pts',(2.96396601092644,-2.8,5.36771200366057));
#5110=CARTESIAN_POINT('Ctrl Pts',(3.05128801582536,-2.8,5.24170712859897));
#5111=CARTESIAN_POINT('Ctrl Pts',(3.12949557836789,-2.8,5.08124972069114));
#5112=CARTESIAN_POINT('Ctrl Pts',(3.19017580256451,-2.8,4.90161345346527));
#5113=CARTESIAN_POINT('Ctrl Pts',(3.24201835671426,-2.8,4.70580596506181));
#5114=CARTESIAN_POINT('Ctrl Pts',(3.27176470529857,-2.8,4.58360830541398));
#5115=CARTESIAN_POINT('Ctrl Pts',(3.27744877108641,-2.8,4.55993933570833));
#5116=CARTESIAN_POINT('Ctrl Pts',(3.27744877108641,-2.8,4.55993933570833));
#5117=CARTESIAN_POINT('Ctrl Pts',(3.28608682806011,-2.8,4.52396967658451));
#5118=CARTESIAN_POINT('Ctrl Pts',(3.28969352265235,-2.8,4.48697499042827));
#5119=CARTESIAN_POINT('Ctrl Pts',(3.28816561531634,-2.8,4.45001422873513));
#5120=CARTESIAN_POINT('Ctrl Pts',(3.28663770798034,-2.8,4.41305346704199));
#5121=CARTESIAN_POINT('Ctrl Pts',(3.2799899176443,-2.8,4.3764826872673));
#5122=CARTESIAN_POINT('Ctrl Pts',(3.26841253346188,-2.8,4.34134870683159));
#5123=CARTESIAN_POINT('Ctrl Pts',(3.25211134789945,-2.8,4.2918793685419));
#5124=CARTESIAN_POINT('Ctrl Pts',(3.22630354875333,-2.8,4.24606696811395));
#5125=CARTESIAN_POINT('Ctrl Pts',(3.19244177965093,-2.8,4.20649014819603));
#5126=CARTESIAN_POINT('Ctrl Pts',(3.15858001054853,-2.8,4.16691332827811));
#5127=CARTESIAN_POINT('Ctrl Pts',(3.11731174542725,-2.8,4.13432884080912));
#5128=CARTESIAN_POINT('Ctrl Pts',(3.0709598511849,-2.8,4.11057076888174));
#5129=CARTESIAN_POINT('Ctrl Pts',(3.02460795694255,-2.8,4.08681269695437));
#5130=CARTESIAN_POINT('Ctrl Pts',(2.97405873232452,-2.8,4.07233532080217));
#5131=CARTESIAN_POINT('Ctrl Pts',(2.92215744160905,-2.8,4.06795352851728));
#5132=CARTESIAN_POINT('Ctrl Pts',(2.87025615089357,-2.8,4.0635717362324));
#5133=CARTESIAN_POINT('Ctrl Pts',(2.81799520333592,-2.8,4.06936931245984));
#5134=CARTESIAN_POINT('Ctrl Pts',(2.76831621096588,-2.8,4.08501992901822));
#5135=CARTESIAN_POINT('Origin',(3.00000000224903,-30.4,0.499999993252914));
#5136=CARTESIAN_POINT('',(1.53406569510494,-16.81,1.62851078502142));
#5137=CARTESIAN_POINT('',(1.47400944321395,-16.41,1.54587417963281));
#5138=CARTESIAN_POINT('Ctrl Pts',(1.53406569510494,-16.81,1.62851078502142));
#5139=CARTESIAN_POINT('Ctrl Pts',(1.53010472300948,-16.7977414203058,1.6233654865212));
#5140=CARTESIAN_POINT('Ctrl Pts',(1.5263362673647,-16.7853398389978,1.61841423200276));
#5141=CARTESIAN_POINT('Ctrl Pts',(1.48986755321892,-16.6574793853738,1.57004028630701));
#5142=CARTESIAN_POINT('Ctrl Pts',(1.47400944321395,-16.5307145995185,1.54587417963281));
#5143=CARTESIAN_POINT('Ctrl Pts',(1.47400944321395,-16.41,1.54587417963281));
#5144=CARTESIAN_POINT('',(3.07551862346812,-16.81,2.34845798245612));
#5145=CARTESIAN_POINT('Ctrl Pts',(1.47400944321395,-16.41,1.54587417963281));
#5146=CARTESIAN_POINT('Ctrl Pts',(1.47400944321395,-16.2892854004815,1.54587417963281));
#5147=CARTESIAN_POINT('Ctrl Pts',(1.48986755321892,-16.1625206146262,1.57004028630701));
#5148=CARTESIAN_POINT('Ctrl Pts',(1.5556587956698,-15.9318544586814,1.65730911560692));
#5149=CARTESIAN_POINT('Ctrl Pts',(1.60598014899639,-15.827691952343,1.71942552087427));
#5150=CARTESIAN_POINT('Ctrl Pts',(1.72822718372409,-15.663219988015,1.84641730848084));
#5151=CARTESIAN_POINT('Ctrl Pts',(1.80877899843853,-15.5911760847619,1.9203427907535));
#5152=CARTESIAN_POINT('Ctrl Pts',(1.99858264892017,-15.4945104166655,2.05998218387043));
#5153=CARTESIAN_POINT('Ctrl Pts',(2.10817415274237,-15.47,2.12531099056108));
#5154=CARTESIAN_POINT('Ctrl Pts',(2.32627907444487,-15.47,2.22716021712816));
#5155=CARTESIAN_POINT('Ctrl Pts',(2.44669466329926,-15.4944999844599,2.26924479495522));
#5156=CARTESIAN_POINT('Ctrl Pts',(2.67554523809036,-15.5911484272341,2.3251309650878));
#5157=CARTESIAN_POINT('Ctrl Pts',(2.78390268295539,-15.6631860465798,2.33944053009802));
#5158=CARTESIAN_POINT('Ctrl Pts',(2.95969420956879,-15.8276639566691,2.35166464527877));
#5159=CARTESIAN_POINT('Ctrl Pts',(3.03959177886766,-15.9318401727834,2.35038240321687));
#5160=CARTESIAN_POINT('Ctrl Pts',(3.14867903192685,-16.162524527578,2.34482449271972));
#5161=CARTESIAN_POINT('Ctrl Pts',(3.17736366491811,-16.2892926040992,2.34147823943575));
#5162=CARTESIAN_POINT('Ctrl Pts',(3.17736366491811,-16.5307073959008,2.34147823943575));
#5163=CARTESIAN_POINT('Ctrl Pts',(3.14867903192685,-16.657475472422,2.34482449271972));
#5164=CARTESIAN_POINT('Ctrl Pts',(3.08821226454401,-16.7853431822511,2.34790522737699));
#5165=CARTESIAN_POINT('Ctrl Pts',(3.08200155608719,-16.7977430348697,2.34819312269966));
#5166=CARTESIAN_POINT('Ctrl Pts',(3.07551862346812,-16.81,2.34845798245612));
#5167=CARTESIAN_POINT('',(1.15000000224903,-16.81,0.499999993252914));
#5168=CARTESIAN_POINT('Origin',(3.00000000224903,-16.81,0.499999993252914));
#5169=CARTESIAN_POINT('',(1.15000000224903,-30.4,0.499999993252914));
#5170=CARTESIAN_POINT('Origin',(3.00000000224903,-16.81,0.499999993252914));
#5171=CARTESIAN_POINT('Origin',(-9.39999999999895,-3.52999992549419,2.49999999999502));
#5172=CARTESIAN_POINT('',(-9.39999999999578,-3.52999992549419,-3.50000000000498));
#5173=CARTESIAN_POINT('',(-9.39999999999594,-3.47999992549419,-3.18775010008506));
#5174=CARTESIAN_POINT('Origin',(-9.39999999999578,-2.52999992549419,-3.50000000000498));
#5175=CARTESIAN_POINT('',(-9.39999999999578,-3.47999992549419,-3.50000000000498));
#5176=CARTESIAN_POINT('',(-9.39999999999578,-3.52999992549419,-3.50000000000498));
#5177=CARTESIAN_POINT('',(-9.39999999999737,-3.47999992549419,-0.500000000002222));
#5178=CARTESIAN_POINT('Origin',(-9.39999999999578,-3.52999992549419,-3.50000000000498));
#5179=CARTESIAN_POINT('',(-9.13205080756967,-3.52999992549419,-3.50000000000484));
#5180=CARTESIAN_POINT('',(-7.50538061031768,-3.52999992549419,-3.50000000000398));
#5181=CARTESIAN_POINT('',(-9.13205080756967,-3.47999992549419,-3.50000000000484));
#5182=CARTESIAN_POINT('',(-9.13205080756967,-3.52999992549419,-3.50000000000484));
#5183=CARTESIAN_POINT('',(-7.50538061031768,-3.47999992549419,-3.50000000000398));
#5184=CARTESIAN_POINT('Origin',(-9.39999999999895,-3.52999992549419,2.49999999999502));
#5185=CARTESIAN_POINT('',(-9.39999999999879,-3.47999992549419,2.1877501000751));
#5186=CARTESIAN_POINT('',(-9.39999999999895,-3.52999992549419,2.49999999999502));
#5187=CARTESIAN_POINT('Origin',(-9.39999999999895,-2.52999992549419,2.49999999999502));
#5188=CARTESIAN_POINT('',(-9.39999999999895,-3.47999992549419,2.49999999999502));
#5189=CARTESIAN_POINT('',(-9.39999999999737,-3.47999992549419,-0.500000000002222));
#5190=CARTESIAN_POINT('',(-9.39999999999895,-3.52999992549419,2.49999999999502));
#5191=CARTESIAN_POINT('Origin',(-9.13205080756861,-3.52999992549419,2.49999999999516));
#5192=CARTESIAN_POINT('',(-9.13205080756861,-3.5299999254942,2.49999999999516));
#5193=CARTESIAN_POINT('',(-7.50538061032086,-3.52999992549419,2.49999999999603));
#5194=CARTESIAN_POINT('',(-9.13205080756861,-3.4799999254942,2.49999999999516));
#5195=CARTESIAN_POINT('',(-7.50538061032086,-3.47999992549419,2.49999999999603));
#5196=CARTESIAN_POINT('',(-9.13205080756861,-3.5299999254942,2.49999999999516));
#5197=CARTESIAN_POINT('Origin',(-10.4107612206412,-3.47999992549419,-0.5));
#5198=CARTESIAN_POINT('',(-9.35959179422617,-3.47999992549419,-4.10000000000078));
#5199=CARTESIAN_POINT('',(-9.84948974278264,-3.47999992549419,-4.5));
#5200=CARTESIAN_POINT('Origin',(-9.84948974278264,-3.47999992549419,-4.));
#5201=CARTESIAN_POINT('',(-10.3999999999971,-3.47999992549419,-4.5));
#5202=CARTESIAN_POINT('',(-12.2971819030756,-3.47999992549419,-4.5));
#5203=CARTESIAN_POINT('',(-10.3999999999971,-3.47999992549419,3.5));
#5204=CARTESIAN_POINT('',(-10.3999999999971,-3.47999992549419,-4.91027174919752));
#5205=CARTESIAN_POINT('',(-9.84948974278424,-3.47999992549419,3.5));
#5206=CARTESIAN_POINT('',(-8.52434053820677,-3.47999992549419,3.5));
#5207=CARTESIAN_POINT('',(-9.35959179422745,-3.4799999254942,3.09999999999922));
#5208=CARTESIAN_POINT('Origin',(-9.84948974278424,-3.4799999254942,3.));
#5209=CARTESIAN_POINT('Origin',(-7.40000000000026,-3.4799999254942,3.49999999999608));
#5210=CARTESIAN_POINT('',(-9.39999999999737,-3.47999992549419,-0.500000000002222));
#5211=CARTESIAN_POINT('Origin',(-7.40000000000026,-3.47999992549419,-4.50000000000392));
#5212=CARTESIAN_POINT('Origin',(2.42097381750574,-16.41,1.73933201365139));
#5213=CARTESIAN_POINT('Ctrl Pts',(3.07551862346812,-16.81,2.34845798245612));
#5214=CARTESIAN_POINT('Ctrl Pts',(3.07194446983802,-16.8772365437156,2.28131137082384));
#5215=CARTESIAN_POINT('Ctrl Pts',(3.0564779816868,-16.9499466601101,2.20940559564322));
#5216=CARTESIAN_POINT('Ctrl Pts',(2.99079903131743,-17.0888285146646,2.07147882232445));
#5217=CARTESIAN_POINT('Ctrl Pts',(2.93863612898845,-17.1544068140748,2.00583316237948));
#5218=CARTESIAN_POINT('Ctrl Pts',(2.82244338752709,-17.2486916968367,1.90128191784255));
#5219=CARTESIAN_POINT('Ctrl Pts',(2.75399317790766,-17.287104698044,1.8532556469707));
#5220=CARTESIAN_POINT('Ctrl Pts',(2.60379801009602,-17.3377563954425,1.76425108478332));
#5221=CARTESIAN_POINT('Ctrl Pts',(2.52233923187286,-17.349961937753,1.72277193504682));
#5222=CARTESIAN_POINT('Ctrl Pts',(2.36933005810069,-17.3500378738832,1.65125501303322));
#5223=CARTESIAN_POINT('Ctrl Pts',(2.28524553369685,-17.337913679527,1.61535844417057));
#5224=CARTESIAN_POINT('Ctrl Pts',(2.12058793942199,-17.2874030188414,1.55718640178519));
#5225=CARTESIAN_POINT('Ctrl Pts',(2.03981450196711,-17.2490489008995,1.53545141877152));
#5226=CARTESIAN_POINT('Ctrl Pts',(1.88508712567749,-17.1548749177562,1.5133416648314));
#5227=CARTESIAN_POINT('Ctrl Pts',(1.80130305571928,-17.0893698157081,1.51540955627615));
#5228=CARTESIAN_POINT('Ctrl Pts',(1.6531789380018,-16.9503536770607,1.55354020472016));
#5229=CARTESIAN_POINT('Ctrl Pts',(1.58793357133532,-16.8774037500227,1.58798820423926));
#5230=CARTESIAN_POINT('Ctrl Pts',(1.53406569510494,-16.81,1.62851078502142));
#5231=CARTESIAN_POINT('',(1.33517460521741,-16.41,1.84360645052421));
#5232=CARTESIAN_POINT('',(1.56904449769129,-16.41,1.34207084761514));
#5233=CARTESIAN_POINT('',(2.18710392503186,-15.47,2.24086761656047));
#5234=CARTESIAN_POINT('Origin',(2.18710392503186,-16.41,2.24086761656047));
#5235=CARTESIAN_POINT('Origin',(2.18710392503186,-16.41,2.24086761656047));
#5236=CARTESIAN_POINT('Origin',(2.18710392503186,-16.41,2.24086761656047));
#5237=CARTESIAN_POINT('',(1.24710392503186,-16.41,2.24086761656047));
#5238=CARTESIAN_POINT('Origin',(2.18710392503186,-16.41,2.24086761656047));
#5239=CARTESIAN_POINT('Origin',(3.00000000224903,-17.11,0.499999993252914));
#5240=CARTESIAN_POINT('',(1.75000000224903,-17.41,0.499999993252914));
#5241=CARTESIAN_POINT('Origin',(3.00000000224903,-17.41,0.499999993252914));
#5242=CARTESIAN_POINT('',(1.45000000224903,-17.11,0.499999993252914));
#5243=CARTESIAN_POINT('Origin',(3.00000000224903,-17.41,0.499999993252914));
#5244=CARTESIAN_POINT('Origin',(-3.00000000000087,-2.6,0.500000006747086));
#5245=CARTESIAN_POINT('',(-0.836035129781819,-2.6,-0.848983329123981));
#5246=CARTESIAN_POINT('Origin',(-1.00575786470096,-2.6,-0.743180714545857));
#5247=CARTESIAN_POINT('',(-0.570813812653549,-2.6,1.27559943119309));
#5248=CARTESIAN_POINT('Origin',(-3.00000000000087,-2.6,0.500000006747086));
#5249=CARTESIAN_POINT('Origin',(-0.76133821950432,-2.6,1.21476810378556));
#5250=CARTESIAN_POINT('Ctrl Pts',(-0.570813812653549,-2.6,1.27559943119309));
#5251=CARTESIAN_POINT('Ctrl Pts',(-0.592260162987578,-2.6,1.34276964349391));
#5252=CARTESIAN_POINT('Ctrl Pts',(-0.598596070250174,-2.6,1.48828703373167));
#5253=CARTESIAN_POINT('Ctrl Pts',(-0.479839012168442,-2.6,1.71503904105815));
#5254=CARTESIAN_POINT('Ctrl Pts',(-0.30703125602248,-2.6,1.79404305520886));
#5255=CARTESIAN_POINT('Ctrl Pts',(-0.201309000452006,-2.6,1.7970954713443));
#5256=CARTESIAN_POINT('Ctrl Pts',(-0.570813812653549,-2.65235987755983,
1.27559943119309));
#5257=CARTESIAN_POINT('Ctrl Pts',(-0.592237764725448,-2.65235987755983,
1.34269949188308));
#5258=CARTESIAN_POINT('Ctrl Pts',(-0.598429970334064,-2.65235987755983,
1.48826871056078));
#5259=CARTESIAN_POINT('Ctrl Pts',(-0.479781120990519,-2.65235987755983,
1.71481097678769));
#5260=CARTESIAN_POINT('Ctrl Pts',(-0.306920841208005,-2.65235987755983,
1.79404624310869));
#5261=CARTESIAN_POINT('Ctrl Pts',(-0.201309000452006,-2.65235987755983,
1.7970954713443));
#5262=CARTESIAN_POINT('Ctrl Pts',(-0.612050057999576,-2.75671289990859,
1.26243337240217));
#5263=CARTESIAN_POINT('Ctrl Pts',(-0.635830995622971,-2.75671289990859,
1.33691553855151));
#5264=CARTESIAN_POINT('Ctrl Pts',(-0.642940530109537,-2.75671289990859,
1.49814876565299));
#5265=CARTESIAN_POINT('Ctrl Pts',(-0.511265608421301,-2.75671289990859,
1.74956776192032));
#5266=CARTESIAN_POINT('Ctrl Pts',(-0.319789138987433,-2.75671289990859,
1.83697984749809));
#5267=CARTESIAN_POINT('Ctrl Pts',(-0.20255826632297,-2.75671289990859,1.84036454077163));
#5268=CARTESIAN_POINT('Ctrl Pts',(-0.711459046429991,-2.8,1.23069370805986));
#5269=CARTESIAN_POINT('Ctrl Pts',(-0.740816667302558,-2.8,1.32264210934698));
#5270=CARTESIAN_POINT('Ctrl Pts',(-0.749461750496737,-2.8,1.5218806198558));
#5271=CARTESIAN_POINT('Ctrl Pts',(-0.586893571472468,-2.8,1.83228393776065));
#5272=CARTESIAN_POINT('Ctrl Pts',(-0.350291670369096,-2.8,1.94049568481789));
#5273=CARTESIAN_POINT('Ctrl Pts',(-0.205569894939279,-2.8,1.94467409626104));
#5274=CARTESIAN_POINT('Ctrl Pts',(-0.761338219504319,-2.8,1.21476810378556));
#5275=CARTESIAN_POINT('Ctrl Pts',(-0.793507745005363,-2.8,1.3155234222368));
#5276=CARTESIAN_POINT('Ctrl Pts',(-0.803011605899257,-2.8,1.53379950759343));
#5277=CARTESIAN_POINT('Ctrl Pts',(-0.624876018776658,-2.8,1.87392751858315));
#5278=CARTESIAN_POINT('Ctrl Pts',(-0.365664384557716,-2.8,1.99243353980921));
#5279=CARTESIAN_POINT('Ctrl Pts',(-0.207081001202005,-2.8,1.99701216401238));
#5280=CARTESIAN_POINT('',(-0.201309000452006,-2.6,1.7970954713443));
#5281=CARTESIAN_POINT('Origin',(-0.207081001202005,-2.6,1.99701216401238));
#5282=CARTESIAN_POINT('Ctrl Pts',(-0.570813812653549,-2.6,1.27559943119309));
#5283=CARTESIAN_POINT('Ctrl Pts',(-0.592260162987578,-2.6,1.34276964349391));
#5284=CARTESIAN_POINT('Ctrl Pts',(-0.598596070250174,-2.6,1.48828703373167));
#5285=CARTESIAN_POINT('Ctrl Pts',(-0.479839012168442,-2.6,1.71503904105815));
#5286=CARTESIAN_POINT('Ctrl Pts',(-0.30703125602248,-2.6,1.79404305520886));
#5287=CARTESIAN_POINT('Ctrl Pts',(-0.201309000452006,-2.6,1.7970954713443));
#5288=CARTESIAN_POINT('Ctrl Pts',(-0.201309000439592,-2.6,1.79709547134466));
#5289=CARTESIAN_POINT('Ctrl Pts',(-0.0671452547112799,-2.6,1.8009690510372));
#5290=CARTESIAN_POINT('Ctrl Pts',(0.0671452610900812,-2.6,1.80096905097591));
#5291=CARTESIAN_POINT('Ctrl Pts',(0.201309006814371,-2.6,1.79709547116048));
#5292=CARTESIAN_POINT('Ctrl Pts',(-0.201309000439592,-2.65235987755983,
1.79709547134466));
#5293=CARTESIAN_POINT('Ctrl Pts',(-0.0671533004638222,-2.65235987755983,
1.80096881873999));
#5294=CARTESIAN_POINT('Ctrl Pts',(0.0671533068426246,-2.65235987755983,
1.8009688186787));
#5295=CARTESIAN_POINT('Ctrl Pts',(0.201309006814371,-2.65235987755983,1.79709547116048));
#5296=CARTESIAN_POINT('Ctrl Pts',(-0.20255819897234,-2.75671523317712,1.84036220847535));
#5297=CARTESIAN_POINT('Ctrl Pts',(-0.0675558385555603,-2.75671523317712,
1.84426000067634));
#5298=CARTESIAN_POINT('Ctrl Pts',(0.0675558449739189,-2.75671523317712,
1.84426000061468));
#5299=CARTESIAN_POINT('Ctrl Pts',(0.202558205386758,-2.75671523317712,1.84036220829002));
#5300=CARTESIAN_POINT('Ctrl Pts',(-0.205569894926602,-2.8,1.94467409626141));
#5301=CARTESIAN_POINT('Ctrl Pts',(-0.0685643159936429,-2.8,1.94862972544751));
#5302=CARTESIAN_POINT('Ctrl Pts',(0.0685643225073737,-2.8,1.94862972538494));
#5303=CARTESIAN_POINT('Ctrl Pts',(0.205569901436584,-2.8,1.94467409607332));
#5304=CARTESIAN_POINT('Ctrl Pts',(-0.207081001189234,-2.8,1.99701216401275));
#5305=CARTESIAN_POINT('Ctrl Pts',(-0.0690653488549705,-2.8,2.0009969560684));
#5306=CARTESIAN_POINT('Ctrl Pts',(0.0690653554165526,-2.8,2.00099695600537));
#5307=CARTESIAN_POINT('Ctrl Pts',(0.207081007747166,-2.8,1.99701216382328));
#5308=CARTESIAN_POINT('Ctrl Pts',(-0.201309000439592,-2.6,1.79709547134466));
#5309=CARTESIAN_POINT('Ctrl Pts',(-0.0671452547112799,-2.6,1.8009690510372));
#5310=CARTESIAN_POINT('Ctrl Pts',(0.0671452610900812,-2.6,1.80096905097591));
#5311=CARTESIAN_POINT('Ctrl Pts',(0.201309006814371,-2.6,1.79709547116048));
#5312=CARTESIAN_POINT('Origin',(3.00000000224903,-2.6,0.499999993252914));
#5313=CARTESIAN_POINT('',(0.836035124612948,-2.6,-0.848983330720166));
#5314=CARTESIAN_POINT('Origin',(3.00000000224903,-2.6,0.499999993252914));
#5315=CARTESIAN_POINT('Origin',(1.00575786011382,-2.6,-0.743180717075218));
#5316=CARTESIAN_POINT('Origin',(0.49658965361121,-2.6,-1.06058855801006));
#5317=CARTESIAN_POINT('',(0.479539365075203,-2.6,-1.46022500237023));
#5318=CARTESIAN_POINT('Origin',(0.49658965361121,-2.6,-1.06058855801006));
#5319=CARTESIAN_POINT('Origin',(0.471014220807199,-2.6,-1.66004322455031));
#5320=CARTESIAN_POINT('Origin',(9.84439960450233E-16,-2.6,-12.7));
#5321=CARTESIAN_POINT('',(-0.479539371190109,-2.6,-1.46022500263112));
#5322=CARTESIAN_POINT('Origin',(-0.471014226813396,-2.6,-1.66004322480657));
#5323=CARTESIAN_POINT('Origin',(9.84439960450233E-16,-2.6,-12.7));
#5324=CARTESIAN_POINT('Origin',(-0.496589659943535,-2.6,-1.06058855828023));
#5325=CARTESIAN_POINT('Origin',(-0.496589659943535,-2.6,-1.06058855828023));
#5326=CARTESIAN_POINT('Ctrl Pts',(0.201309007344747,-1.8,1.79709547114516));
#5327=CARTESIAN_POINT('Ctrl Pts',(0.201309007344747,-2.8,1.79709547114516));
#5328=CARTESIAN_POINT('Ctrl Pts',(0.246915567523849,-1.8,1.79577871712586));
#5329=CARTESIAN_POINT('Ctrl Pts',(0.246915567523849,-2.8,1.79577871712586));
#5330=CARTESIAN_POINT('Ctrl Pts',(0.291962454330609,-1.8,1.78666852338221));
#5331=CARTESIAN_POINT('Ctrl Pts',(0.291962454330609,-2.8,1.78666852338221));
#5332=CARTESIAN_POINT('Ctrl Pts',(0.377030814046148,-1.8,1.75365121178091));
#5333=CARTESIAN_POINT('Ctrl Pts',(0.377030814046148,-2.8,1.75365121178091));
#5334=CARTESIAN_POINT('Ctrl Pts',(0.416428575252975,-1.8,1.72998617316024));
#5335=CARTESIAN_POINT('Ctrl Pts',(0.416428575252975,-2.8,1.72998617316024));
#5336=CARTESIAN_POINT('Ctrl Pts',(0.490427609834395,-1.8,1.66617646328207));
#5337=CARTESIAN_POINT('Ctrl Pts',(0.490427609834395,-2.8,1.66617646328207));
#5338=CARTESIAN_POINT('Ctrl Pts',(0.52285254186511,-1.8,1.62478271601825));
#5339=CARTESIAN_POINT('Ctrl Pts',(0.52285254186511,-2.8,1.62478271601825));
#5340=CARTESIAN_POINT('Ctrl Pts',(0.570010456544061,-1.8,1.53189618626624));
#5341=CARTESIAN_POINT('Ctrl Pts',(0.570010456544061,-2.8,1.53189618626624));
#5342=CARTESIAN_POINT('Ctrl Pts',(0.584292583824917,-1.8,1.48129144962953));
#5343=CARTESIAN_POINT('Ctrl Pts',(0.584292583824917,-2.8,1.48129144962953));
#5344=CARTESIAN_POINT('Ctrl Pts',(0.592655382032093,-1.8,1.37745581060137));
#5345=CARTESIAN_POINT('Ctrl Pts',(0.592655382032093,-2.8,1.37745581060137));
#5346=CARTESIAN_POINT('Ctrl Pts',(0.586656100049474,-1.8,1.32521763351382));
#5347=CARTESIAN_POINT('Ctrl Pts',(0.586656100049474,-2.8,1.32521763351382));
#5348=CARTESIAN_POINT('Ctrl Pts',(0.57081381857417,-1.8,1.27559942920112));
#5349=CARTESIAN_POINT('Ctrl Pts',(0.57081381857417,-2.8,1.27559942920112));
#5350=CARTESIAN_POINT('',(0.201309007344747,-1.8,1.79709547114516));
#5351=CARTESIAN_POINT('',(0.201309007344747,-1.8,1.79709547114516));
#5352=CARTESIAN_POINT('',(0.57081381857417,-1.8,1.27559942920112));
#5353=CARTESIAN_POINT('Ctrl Pts',(0.57081381857417,-1.8,1.27559942920112));
#5354=CARTESIAN_POINT('Ctrl Pts',(0.586656100049474,-1.8,1.32521763351382));
#5355=CARTESIAN_POINT('Ctrl Pts',(0.592655382032093,-1.8,1.37745581060137));
#5356=CARTESIAN_POINT('Ctrl Pts',(0.588473982928505,-1.8,1.42937363011545));
#5357=CARTESIAN_POINT('Ctrl Pts',(0.584292583824917,-1.8,1.48129144962953));
#5358=CARTESIAN_POINT('Ctrl Pts',(0.570010456544061,-1.8,1.53189618626624));
#5359=CARTESIAN_POINT('Ctrl Pts',(0.546431499204585,-1.8,1.57833945114225));
#5360=CARTESIAN_POINT('Ctrl Pts',(0.52285254186511,-1.8,1.62478271601825));
#5361=CARTESIAN_POINT('Ctrl Pts',(0.490427609834395,-1.8,1.66617646328207));
#5362=CARTESIAN_POINT('Ctrl Pts',(0.45098180530795,-1.8,1.70019076302235));
#5363=CARTESIAN_POINT('Ctrl Pts',(0.416428575252975,-1.8,1.72998617316024));
#5364=CARTESIAN_POINT('Ctrl Pts',(0.377030814046148,-1.8,1.75365121178091));
#5365=CARTESIAN_POINT('Ctrl Pts',(0.334496634188378,-1.8,1.77015986758156));
#5366=CARTESIAN_POINT('Ctrl Pts',(0.291962454330609,-1.8,1.78666852338221));
#5367=CARTESIAN_POINT('Ctrl Pts',(0.246915567523849,-1.8,1.79577871712586));
#5368=CARTESIAN_POINT('Ctrl Pts',(0.201309007344747,-1.8,1.79709547114516));
#5369=CARTESIAN_POINT('',(0.57081381857417,-1.8,1.27559942920112));
#5370=CARTESIAN_POINT('Ctrl Pts',(-0.201309000439592,-1.8,1.79709547134466));
#5371=CARTESIAN_POINT('Ctrl Pts',(-0.201309000439592,-2.8,1.79709547134466));
#5372=CARTESIAN_POINT('Ctrl Pts',(-0.0672134586406405,-1.8,1.8009670818513));
#5373=CARTESIAN_POINT('Ctrl Pts',(-0.0672134586406405,-2.8,1.8009670818513));
#5374=CARTESIAN_POINT('Ctrl Pts',(0.0672394873812126,-1.8,1.80096633047152));
#5375=CARTESIAN_POINT('Ctrl Pts',(0.0672394873812126,-2.8,1.80096633047152));
#5376=CARTESIAN_POINT('Ctrl Pts',(0.201309006814371,-1.8,1.79709547116048));
#5377=CARTESIAN_POINT('Ctrl Pts',(0.201309006814371,-2.8,1.79709547116048));
#5378=CARTESIAN_POINT('',(-0.201309000452005,-1.8,1.7970954713443));
#5379=CARTESIAN_POINT('',(-0.201309000452005,-1.8,1.7970954713443));
#5380=CARTESIAN_POINT('Ctrl Pts',(-0.201309000439592,-1.8,1.79709547134466));
#5381=CARTESIAN_POINT('Ctrl Pts',(-0.0672134586406405,-1.8,1.8009670818513));
#5382=CARTESIAN_POINT('Ctrl Pts',(0.0672394873812126,-1.8,1.80096633047152));
#5383=CARTESIAN_POINT('Ctrl Pts',(0.201309006814371,-1.8,1.79709547116048));
#5384=CARTESIAN_POINT('Ctrl Pts',(-0.570813812653549,-1.8,1.27559943119309));
#5385=CARTESIAN_POINT('Ctrl Pts',(-0.570813812653549,-2.8,1.27559943119309));
#5386=CARTESIAN_POINT('Ctrl Pts',(-0.584691130960243,-1.8,1.31906334940334));
#5387=CARTESIAN_POINT('Ctrl Pts',(-0.584691130960243,-2.8,1.31906334940334));
#5388=CARTESIAN_POINT('Ctrl Pts',(-0.591030205533544,-1.8,1.36458294684185));
#5389=CARTESIAN_POINT('Ctrl Pts',(-0.591030205533544,-2.8,1.36458294684185));
#5390=CARTESIAN_POINT('Ctrl Pts',(-0.588082198802096,-1.8,1.4557864437847));
#5391=CARTESIAN_POINT('Ctrl Pts',(-0.588082198802096,-2.8,1.4557864437847));
#5392=CARTESIAN_POINT('Ctrl Pts',(-0.578816731952846,-1.8,1.50080164945429));
#5393=CARTESIAN_POINT('Ctrl Pts',(-0.578816731952846,-2.8,1.50080164945429));
#5394=CARTESIAN_POINT('Ctrl Pts',(-0.543147989686494,-1.8,1.5917701987981));
#5395=CARTESIAN_POINT('Ctrl Pts',(-0.543147989686494,-2.8,1.5917701987981));
#5396=CARTESIAN_POINT('Ctrl Pts',(-0.514844770446007,-1.8,1.63608437610472));
#5397=CARTESIAN_POINT('Ctrl Pts',(-0.514844770446007,-2.8,1.63608437610472));
#5398=CARTESIAN_POINT('Ctrl Pts',(-0.442845143269558,-1.8,1.71136936805326));
#5399=CARTESIAN_POINT('Ctrl Pts',(-0.442845143269558,-2.8,1.71136936805326));
#5400=CARTESIAN_POINT('Ctrl Pts',(-0.399837091012232,-1.8,1.74162041713867));
#5401=CARTESIAN_POINT('Ctrl Pts',(-0.399837091012232,-2.8,1.74162041713867));
#5402=CARTESIAN_POINT('Ctrl Pts',(-0.304646097757005,-1.8,1.78393413984566));
#5403=CARTESIAN_POINT('Ctrl Pts',(-0.304646097757005,-2.8,1.78393413984566));
#5404=CARTESIAN_POINT('Ctrl Pts',(-0.253373234537724,-1.8,1.79559227121539));
#5405=CARTESIAN_POINT('Ctrl Pts',(-0.253373234537724,-2.8,1.79559227121539));
#5406=CARTESIAN_POINT('Ctrl Pts',(-0.201309000452006,-1.8,1.7970954713443));
#5407=CARTESIAN_POINT('Ctrl Pts',(-0.201309000452006,-2.8,1.7970954713443));
#5408=CARTESIAN_POINT('',(-0.570813812653549,-1.8,1.27559943119309));
#5409=CARTESIAN_POINT('',(-0.570813812653549,-1.8,1.27559943119309));
#5410=CARTESIAN_POINT('Ctrl Pts',(-0.201309000452006,-1.8,1.7970954713443));
#5411=CARTESIAN_POINT('Ctrl Pts',(-0.253373234537724,-1.8,1.79559227121539));
#5412=CARTESIAN_POINT('Ctrl Pts',(-0.304646097757005,-1.8,1.78393413984566));
#5413=CARTESIAN_POINT('Ctrl Pts',(-0.352241594384618,-1.8,1.76277727849216));
#5414=CARTESIAN_POINT('Ctrl Pts',(-0.399837091012232,-1.8,1.74162041713867));
#5415=CARTESIAN_POINT('Ctrl Pts',(-0.442845143269558,-1.8,1.71136936805326));
#5416=CARTESIAN_POINT('Ctrl Pts',(-0.478844956857782,-1.8,1.67372687207899));
#5417=CARTESIAN_POINT('Ctrl Pts',(-0.514844770446007,-1.8,1.63608437610472));
#5418=CARTESIAN_POINT('Ctrl Pts',(-0.543147989686494,-1.8,1.5917701987981));
#5419=CARTESIAN_POINT('Ctrl Pts',(-0.562161511237443,-1.8,1.54327865232048));
#5420=CARTESIAN_POINT('Ctrl Pts',(-0.578816731952846,-1.8,1.50080164945429));
#5421=CARTESIAN_POINT('Ctrl Pts',(-0.588082198802096,-1.8,1.4557864437847));
#5422=CARTESIAN_POINT('Ctrl Pts',(-0.58955620216782,-1.8,1.41018469531328));
#5423=CARTESIAN_POINT('Ctrl Pts',(-0.591030205533544,-1.8,1.36458294684185));
#5424=CARTESIAN_POINT('Ctrl Pts',(-0.584691130960243,-1.8,1.31906334940334));
#5425=CARTESIAN_POINT('Ctrl Pts',(-0.570813812653549,-1.8,1.27559943119309));
#5426=CARTESIAN_POINT('Origin',(-3.00000000000087,0.,0.500000006747086));
#5427=CARTESIAN_POINT('',(-0.836035129781819,-1.36605754559035,-0.848983329123981));
#5428=CARTESIAN_POINT('',(-0.836035129781819,0.,-0.848983329123981));
#5429=CARTESIAN_POINT('',(-0.836035129781819,-0.0339424544096525,-0.848983329123981));
#5430=CARTESIAN_POINT('Ctrl Pts',(-0.836035129781819,-1.36605754559035,
-0.848983329123981));
#5431=CARTESIAN_POINT('Ctrl Pts',(-0.808138218530825,-1.31022352919149,
-0.804232638489402));
#5432=CARTESIAN_POINT('Ctrl Pts',(-0.785442311709806,-1.24888686787945,
-0.764729274960042));
#5433=CARTESIAN_POINT('Ctrl Pts',(-0.748179014689993,-1.11785726392387,
-0.697278923079326));
#5434=CARTESIAN_POINT('Ctrl Pts',(-0.732062954925417,-1.03689210049286,
-0.665972589184644));
#5435=CARTESIAN_POINT('Ctrl Pts',(-0.711371315654181,-0.868323401056742,
-0.624815199247872));
#5436=CARTESIAN_POINT('Ctrl Pts',(-0.70669014243292,-0.780723556021901,
-0.615002189296336));
#5437=CARTESIAN_POINT('Ctrl Pts',(-0.70669014243292,-0.619276443978101,
-0.615002189296336));
#5438=CARTESIAN_POINT('Ctrl Pts',(-0.711371315654181,-0.531676598943259,
-0.624815199247872));
#5439=CARTESIAN_POINT('Ctrl Pts',(-0.732062954925417,-0.363107899507143,
-0.665972589184644));
#5440=CARTESIAN_POINT('Ctrl Pts',(-0.748179014689993,-0.282142736076136,
-0.697278923079326));
#5441=CARTESIAN_POINT('Ctrl Pts',(-0.785442311709806,-0.151113132120548,
-0.764729274960041));
#5442=CARTESIAN_POINT('Ctrl Pts',(-0.808138218530825,-0.0897764708085087,
-0.804232638489402));
#5443=CARTESIAN_POINT('Ctrl Pts',(-0.836035129781819,-0.0339424544096525,
-0.848983329123981));
#5444=CARTESIAN_POINT('',(-0.836035129781818,1.,-0.848983329123981));
#5445=CARTESIAN_POINT('',(-0.836035129781819,0.,-0.848983329123981));
#5446=CARTESIAN_POINT('',(-0.570813812653549,1.,1.27559943119309));
#5447=CARTESIAN_POINT('Origin',(-3.00000000000087,1.,0.500000006747086));
#5448=CARTESIAN_POINT('',(-0.570813812653549,0.36499091745314,1.27559943119309));
#5449=CARTESIAN_POINT('Ctrl Pts',(-0.570813812653549,0.36499091745314,1.27559943119309));
#5450=CARTESIAN_POINT('Ctrl Pts',(-0.570813812653549,0.576660611635427,
1.27559943119309));
#5451=CARTESIAN_POINT('Ctrl Pts',(-0.570813812653549,0.788330305817713,
1.27559943119309));
#5452=CARTESIAN_POINT('Ctrl Pts',(-0.570813812653549,1.,1.27559943119309));
#5453=CARTESIAN_POINT('',(-0.570813812653549,-1.76499091745314,1.27559943119309));
#5454=CARTESIAN_POINT('Ctrl Pts',(-0.570813812653549,0.36499091745314,1.27559943119309));
#5455=CARTESIAN_POINT('Ctrl Pts',(-0.530027676029652,0.364463344296775,
1.14785678905175));
#5456=CARTESIAN_POINT('Ctrl Pts',(-0.497774861533876,0.339331637079699,
1.00855170481862));
#5457=CARTESIAN_POINT('Ctrl Pts',(-0.458539624791331,0.233021633120719,
0.747251667043338));
#5458=CARTESIAN_POINT('Ctrl Pts',(-0.451282473853403,0.15107168199444,0.625594108046874));
#5459=CARTESIAN_POINT('Ctrl Pts',(-0.449067252166925,-0.0390853895054462,
0.434135371589036));
#5460=CARTESIAN_POINT('Ctrl Pts',(-0.453730943784426,-0.159118610829414,
0.351559645039814));
#5461=CARTESIAN_POINT('Ctrl Pts',(-0.462491279009682,-0.422356842846909,
0.241988019500703));
#5462=CARTESIAN_POINT('Ctrl Pts',(-0.46597676643524,-0.565584205558599,
0.214997810703664));
#5463=CARTESIAN_POINT('Ctrl Pts',(-0.46597676643524,-0.834415794441401,
0.214997810703664));
#5464=CARTESIAN_POINT('Ctrl Pts',(-0.462491279009682,-0.977643157153091,
0.241988019500702));
#5465=CARTESIAN_POINT('Ctrl Pts',(-0.453730943784426,-1.24088138917059,
0.351559645039813));
#5466=CARTESIAN_POINT('Ctrl Pts',(-0.449067252166925,-1.36091461049455,
0.434135371589036));
#5467=CARTESIAN_POINT('Ctrl Pts',(-0.451282473853403,-1.55107168199444,
0.625594108046874));
#5468=CARTESIAN_POINT('Ctrl Pts',(-0.458539624791331,-1.63302163312072,
0.747251667043338));
#5469=CARTESIAN_POINT('Ctrl Pts',(-0.497774861533876,-1.7393316370797,1.00855170481862));
#5470=CARTESIAN_POINT('Ctrl Pts',(-0.530027676029652,-1.76446334429677,
1.14785678905175));
#5471=CARTESIAN_POINT('Ctrl Pts',(-0.570813812653549,-1.76499091745314,
1.27559943119309));
#5472=CARTESIAN_POINT('Ctrl Pts',(-0.570813812653549,-1.8,1.27559943119309));
#5473=CARTESIAN_POINT('Ctrl Pts',(-0.570813812653549,-1.78833030581771,
1.27559943119309));
#5474=CARTESIAN_POINT('Ctrl Pts',(-0.570813812653549,-1.77666061163543,
1.27559943119309));
#5475=CARTESIAN_POINT('Ctrl Pts',(-0.570813812653549,-1.76499091745314,
1.27559943119309));
#5476=CARTESIAN_POINT('Origin',(6.29999999999997,-0.700000000000001,-1.68000218929634));
#5477=CARTESIAN_POINT('',(6.29999999999997,-0.700000000000001,-2.74500218929634));
#5478=CARTESIAN_POINT('Origin',(6.29999999999997,-0.700000000000001,-3.04500218929634));
#5479=CARTESIAN_POINT('',(6.29999999999997,-1.765,-1.68000218929634));
#5480=CARTESIAN_POINT('Origin',(6.29999999999997,-0.700000000000001,-1.68000218929634));
#5481=CARTESIAN_POINT('Origin',(6.29999999999997,-0.700000000000001,-1.68000218929634));
#5482=CARTESIAN_POINT('Origin',(0.,-0.700000000000001,-1.68000218929634));
#5483=CARTESIAN_POINT('',(-4.,-1.765,-1.68000218929634));
#5484=CARTESIAN_POINT('',(0.,-1.765,-1.68000218929634));
#5485=CARTESIAN_POINT('Origin',(-4.,-0.700000000000001,-1.68000218929634));
#5486=CARTESIAN_POINT('',(-0.479539371190109,-1.74207628714098,-1.46022500263112));
#5487=CARTESIAN_POINT('Ctrl Pts',(-0.479539371190109,-1.74207628714098,
-1.46022500263112));
#5488=CARTESIAN_POINT('Ctrl Pts',(-0.485257588048385,-1.74212774010167,
-1.4604689674896));
#5489=CARTESIAN_POINT('Ctrl Pts',(-0.490944823218488,-1.74215289594393,
-1.46058855828023));
#5490=CARTESIAN_POINT('Ctrl Pts',(-0.496589659943535,-1.74215289594393,
-1.46058855828023));
#5491=CARTESIAN_POINT('Ctrl Pts',(-0.546378523801708,-1.74215289594393,
-1.46058855828023));
#5492=CARTESIAN_POINT('Ctrl Pts',(-0.599439275929827,-1.74022328583847,
-1.45069884373281));
#5493=CARTESIAN_POINT('Ctrl Pts',(-0.696753640003209,-1.73063738954619,
-1.41087192529323));
#5494=CARTESIAN_POINT('Ctrl Pts',(-0.740987904433908,-1.7227693215216,-1.38093870458879));
#5495=CARTESIAN_POINT('Ctrl Pts',(-0.815254902020364,-1.69895339255002,
-1.30857250535748));
#5496=CARTESIAN_POINT('Ctrl Pts',(-0.847495591753867,-1.6803728506949,-1.26016212770441));
#5497=CARTESIAN_POINT('Ctrl Pts',(-0.888071934680432,-1.63062689801891,
-1.15910851575601));
#5498=CARTESIAN_POINT('Ctrl Pts',(-0.896589659943535,-1.59926587459866,
-1.10663493203026));
#5499=CARTESIAN_POINT('Ctrl Pts',(-0.896589659943535,-1.52103066466747,
-0.997211126152745));
#5500=CARTESIAN_POINT('Ctrl Pts',(-0.881106740832773,-1.46587678389129,
-0.935730324770033));
#5501=CARTESIAN_POINT('Ctrl Pts',(-0.849223026624558,-1.39323191807911,
-0.87131668583235));
#5502=CARTESIAN_POINT('Ctrl Pts',(-0.842850331532025,-1.37969776844008,
-0.859915900919896));
#5503=CARTESIAN_POINT('Ctrl Pts',(-0.836035129781818,-1.36605754559035,
-0.848983329123981));
#5504=CARTESIAN_POINT('',(0.479539365075203,-1.74207628708595,-1.46022500237023));
#5505=CARTESIAN_POINT('Ctrl Pts',(0.479539365075203,-1.74207628708595,-1.46022500237023));
#5506=CARTESIAN_POINT('Ctrl Pts',(0.31734625497271,-1.74061686086458,-1.45330511464521));
#5507=CARTESIAN_POINT('Ctrl Pts',(0.157195583790596,-1.73986729582139,-1.45));
#5508=CARTESIAN_POINT('Ctrl Pts',(-0.157195585765982,-1.73986729582139,
-1.45));
#5509=CARTESIAN_POINT('Ctrl Pts',(-0.317346258997889,-1.74061686088396,
-1.45330511472854));
#5510=CARTESIAN_POINT('Ctrl Pts',(-0.479539371190109,-1.74207628714098,
-1.46022500263112));
#5511=CARTESIAN_POINT('',(0.836035124612948,-1.36605754758186,-0.848983330720166));
#5512=CARTESIAN_POINT('Ctrl Pts',(0.836035124612948,-1.36605754758186,-0.848983330720166));
#5513=CARTESIAN_POINT('Ctrl Pts',(0.842850325917484,-1.37969776963967,-0.859915901935056));
#5514=CARTESIAN_POINT('Ctrl Pts',(0.849223020611408,-1.3932319184935,-0.871316686210192));
#5515=CARTESIAN_POINT('Ctrl Pts',(0.881106734490702,-1.46587678360058,-0.935730324465992));
#5516=CARTESIAN_POINT('Ctrl Pts',(0.89658965361121,-1.52103066442947,-0.997211125861628));
#5517=CARTESIAN_POINT('Ctrl Pts',(0.89658965361121,-1.59926587442496,-1.10663493175696));
#5518=CARTESIAN_POINT('Ctrl Pts',(0.888071928349296,-1.63062689786612,-1.15910851548199));
#5519=CARTESIAN_POINT('Ctrl Pts',(0.847495585422172,-1.68037285057947,-1.26016212743356));
#5520=CARTESIAN_POINT('Ctrl Pts',(0.815254895686712,-1.698953392451,-1.3085725050904));
#5521=CARTESIAN_POINT('Ctrl Pts',(0.740987898096184,-1.72276932144368,-1.38093870432231));
#5522=CARTESIAN_POINT('Ctrl Pts',(0.696753633666827,-1.7306373894762,-1.41087192502517));
#5523=CARTESIAN_POINT('Ctrl Pts',(0.599439269595743,-1.74022328577898,-1.45069884346292));
#5524=CARTESIAN_POINT('Ctrl Pts',(0.546378517468598,-1.74215289588705,-1.46058855801006));
#5525=CARTESIAN_POINT('Ctrl Pts',(0.49658965361121,-1.74215289588705,-1.46058855801006));
#5526=CARTESIAN_POINT('Ctrl Pts',(0.490944817008721,-1.74215289588705,-1.46058855801006));
#5527=CARTESIAN_POINT('Ctrl Pts',(0.485257581905183,-1.7421277400458,-1.46046896722438));
#5528=CARTESIAN_POINT('Ctrl Pts',(0.479539365075203,-1.74207628708595,-1.46022500237023));
#5529=CARTESIAN_POINT('',(0.836035124612948,-0.0339424524181431,-0.848983330720166));
#5530=CARTESIAN_POINT('Ctrl Pts',(0.836035124612948,-0.0339424524181432,
-0.848983330720166));
#5531=CARTESIAN_POINT('Ctrl Pts',(0.80813821375083,-0.0897764684483278,
-0.804232640161316));
#5532=CARTESIAN_POINT('Ctrl Pts',(0.785442307234173,-0.151113129298006,
-0.764729276679349));
#5533=CARTESIAN_POINT('Ctrl Pts',(0.748179010372896,-0.282142733232717,
-0.697278924241434));
#5534=CARTESIAN_POINT('Ctrl Pts',(0.732062950604164,-0.363107897177288,
-0.665972589905748));
#5535=CARTESIAN_POINT('Ctrl Pts',(0.711371311336512,-0.531676597745561,
-0.624815199388048));
#5536=CARTESIAN_POINT('Ctrl Pts',(0.70669013812024,-0.619276443398754,-0.615002189296336));
#5537=CARTESIAN_POINT('Ctrl Pts',(0.70669013812024,-0.780723556601247,-0.615002189296336));
#5538=CARTESIAN_POINT('Ctrl Pts',(0.711371311336512,-0.86832340225444,-0.624815199388048));
#5539=CARTESIAN_POINT('Ctrl Pts',(0.732062950604164,-1.03689210282271,-0.665972589905748));
#5540=CARTESIAN_POINT('Ctrl Pts',(0.748179010372896,-1.11785726676728,-0.697278924241434));
#5541=CARTESIAN_POINT('Ctrl Pts',(0.785442307234173,-1.24888687070199,-0.764729276679349));
#5542=CARTESIAN_POINT('Ctrl Pts',(0.80813821375083,-1.31022353155167,-0.804232640161316));
#5543=CARTESIAN_POINT('Ctrl Pts',(0.836035124612948,-1.36605754758186,-0.848983330720166));
#5544=CARTESIAN_POINT('',(0.479539365075203,0.342076287085954,-1.46022500237023));
#5545=CARTESIAN_POINT('Ctrl Pts',(0.479539365075203,0.342076287085953,-1.46022500237023));
#5546=CARTESIAN_POINT('Ctrl Pts',(0.485257581860216,0.342127740045393,-1.46046896722246));
#5547=CARTESIAN_POINT('Ctrl Pts',(0.490944816957702,0.342152895887052,-1.46058855801006));
#5548=CARTESIAN_POINT('Ctrl Pts',(0.49658965361121,0.342152895887052,-1.46058855801006));
#5549=CARTESIAN_POINT('Ctrl Pts',(0.546378517468598,0.342152895887052,-1.46058855801006));
#5550=CARTESIAN_POINT('Ctrl Pts',(0.599439269595743,0.340223285778978,-1.45069884346292));
#5551=CARTESIAN_POINT('Ctrl Pts',(0.696753633666827,0.330637389476199,-1.41087192502517));
#5552=CARTESIAN_POINT('Ctrl Pts',(0.740987898096184,0.322769321443679,-1.38093870432231));
#5553=CARTESIAN_POINT('Ctrl Pts',(0.815254895686712,0.298953392450999,-1.3085725050904));
#5554=CARTESIAN_POINT('Ctrl Pts',(0.847495585422172,0.280372850579465,-1.26016212743356));
#5555=CARTESIAN_POINT('Ctrl Pts',(0.888071928349296,0.230626897866119,-1.15910851548199));
#5556=CARTESIAN_POINT('Ctrl Pts',(0.89658965361121,0.199265874424959,-1.10663493175696));
#5557=CARTESIAN_POINT('Ctrl Pts',(0.89658965361121,0.121030664429465,-0.997211125861628));
#5558=CARTESIAN_POINT('Ctrl Pts',(0.881106734490702,0.0658767836005824,
-0.935730324465992));
#5559=CARTESIAN_POINT('Ctrl Pts',(0.849223020611408,-0.00676808150650418,
-0.871316686210193));
#5560=CARTESIAN_POINT('Ctrl Pts',(0.842850325917484,-0.0203022303603271,
-0.859915901935056));
#5561=CARTESIAN_POINT('Ctrl Pts',(0.836035124612948,-0.0339424524181433,
-0.848983330720166));
#5562=CARTESIAN_POINT('',(-0.479539371190109,0.342076287140976,-1.46022500263112));
#5563=CARTESIAN_POINT('Ctrl Pts',(-0.479539371190109,0.342076287140976,
-1.46022500263112));
#5564=CARTESIAN_POINT('Ctrl Pts',(-0.31734625900158,0.340616860883993,-1.4533051147287));
#5565=CARTESIAN_POINT('Ctrl Pts',(-0.157195585766367,0.33986729582139,-1.45));
#5566=CARTESIAN_POINT('Ctrl Pts',(9.84439960450234E-16,0.33986729582139,
-1.45));
#5567=CARTESIAN_POINT('Ctrl Pts',(0.157195583790596,0.33986729582139,-1.45));
#5568=CARTESIAN_POINT('Ctrl Pts',(0.317346254972709,0.340616860864575,-1.45330511464521));
#5569=CARTESIAN_POINT('Ctrl Pts',(0.479539365075203,0.342076287085954,-1.46022500237023));
#5570=CARTESIAN_POINT('Ctrl Pts',(-0.836035129781818,-0.0339424544096524,
-0.848983329123981));
#5571=CARTESIAN_POINT('Ctrl Pts',(-0.842850331532025,-0.0203022315599261,
-0.859915900919896));
#5572=CARTESIAN_POINT('Ctrl Pts',(-0.849223026624558,-0.00676808192089524,
-0.87131668583235));
#5573=CARTESIAN_POINT('Ctrl Pts',(-0.881106740832772,0.0658767838912918,
-0.935730324770033));
#5574=CARTESIAN_POINT('Ctrl Pts',(-0.896589659943535,0.121030664667474,
-0.997211126152745));
#5575=CARTESIAN_POINT('Ctrl Pts',(-0.896589659943535,0.199265874598664,
-1.10663493203026));
#5576=CARTESIAN_POINT('Ctrl Pts',(-0.888071934680432,0.230626898018909,
-1.15910851575601));
#5577=CARTESIAN_POINT('Ctrl Pts',(-0.847495591753867,0.280372850694897,
-1.26016212770441));
#5578=CARTESIAN_POINT('Ctrl Pts',(-0.815254902020364,0.29895339255002,-1.30857250535748));
#5579=CARTESIAN_POINT('Ctrl Pts',(-0.740987904433908,0.322769321521595,
-1.38093870458879));
#5580=CARTESIAN_POINT('Ctrl Pts',(-0.696753640003209,0.33063738954619,-1.41087192529323));
#5581=CARTESIAN_POINT('Ctrl Pts',(-0.599439275929827,0.340223285838465,
-1.45069884373281));
#5582=CARTESIAN_POINT('Ctrl Pts',(-0.546378523801708,0.342152895943933,
-1.46058855828023));
#5583=CARTESIAN_POINT('Ctrl Pts',(-0.496589659943535,0.342152895943933,
-1.46058855828023));
#5584=CARTESIAN_POINT('Ctrl Pts',(-0.490944823269507,0.342152895943933,
-1.46058855828023));
#5585=CARTESIAN_POINT('Ctrl Pts',(-0.485257588093351,0.342127740102073,
-1.46046896749152));
#5586=CARTESIAN_POINT('Ctrl Pts',(-0.479539371190109,0.342076287140976,
-1.46022500263112));
#5587=CARTESIAN_POINT('Ctrl Pts',(5.060335996035,-0.213380015345542,2.22732351527147));
#5588=CARTESIAN_POINT('Ctrl Pts',(5.13516978240468,-0.111069854482644,2.17476907842991));
#5589=CARTESIAN_POINT('Ctrl Pts',(5.31331911249001,0.0660731621178229,2.04208854232247));
#5590=CARTESIAN_POINT('Ctrl Pts',(5.69641697986566,0.316665109158349,1.7030038520519));
#5591=CARTESIAN_POINT('Ctrl Pts',(6.09638119002302,0.425778510810855,1.19286115637272));
#5592=CARTESIAN_POINT('Ctrl Pts',(6.25640652874881,0.228440387786361,0.7064895202246));
#5593=CARTESIAN_POINT('Ctrl Pts',(6.29694289605003,-0.0407644486740244,
0.4272328378733));
#5594=CARTESIAN_POINT('Ctrl Pts',(6.30000000151091,-0.209088483608573,0.32612670911172));
#5595=CARTESIAN_POINT('Ctrl Pts',(6.29999999999997,-0.33004875729664,0.281318143331668));
#5596=CARTESIAN_POINT('Ctrl Pts',(5.11875749532386,-0.239759604926697,2.24087411926678));
#5597=CARTESIAN_POINT('Ctrl Pts',(5.18992028126034,-0.138787260125919,2.19263324447693));
#5598=CARTESIAN_POINT('Ctrl Pts',(5.3619852798367,0.0416136439887214,2.06673988251293));
#5599=CARTESIAN_POINT('Ctrl Pts',(5.73824357659698,0.306088408099281,1.73181188930729));
#5600=CARTESIAN_POINT('Ctrl Pts',(6.13585906725468,0.430452371411969,1.21102374471993));
#5601=CARTESIAN_POINT('Ctrl Pts',(6.29748688873082,0.232670274134313,0.711751513747731));
#5602=CARTESIAN_POINT('Ctrl Pts',(6.34015684381275,-0.0393410810539714,
0.428055873051319));
#5603=CARTESIAN_POINT('Ctrl Pts',(6.34432465229401,-0.208789275581894,0.326235254801877));
#5604=CARTESIAN_POINT('Ctrl Pts',(6.34487989575613,-0.330048757681255,0.281318143189191));
#5605=CARTESIAN_POINT('Ctrl Pts',(5.23540939253273,-0.272116488148289,2.30748111415138));
#5606=CARTESIAN_POINT('Ctrl Pts',(5.29921746696738,-0.170717244441252,2.26324153093936));
#5607=CARTESIAN_POINT('Ctrl Pts',(5.45914179694815,0.0194430109622343,2.14128526443746));
#5608=CARTESIAN_POINT('Ctrl Pts',(5.82171540319863,0.310793961281219,1.79788444009105));
#5609=CARTESIAN_POINT('Ctrl Pts',(6.21471097163478,0.458665793049458,1.24468663650995));
#5610=CARTESIAN_POINT('Ctrl Pts',(6.3795812321306,0.256390860072822,0.713034713898697));
#5611=CARTESIAN_POINT('Ctrl Pts',(6.42652524294287,-0.0246611730348293,
0.414503558842286));
#5612=CARTESIAN_POINT('Ctrl Pts',(6.43293875566589,-0.198917314777619,0.308603550157826));
#5613=CARTESIAN_POINT('Ctrl Pts',(6.43460493146726,-0.322934272129668,0.262112658472994));
#5614=CARTESIAN_POINT('Ctrl Pts',(5.33810782403812,-0.239634023734407,2.48481188842102));
#5615=CARTESIAN_POINT('Ctrl Pts',(5.39944233404128,-0.129746346059776,2.43281965128794));
#5616=CARTESIAN_POINT('Ctrl Pts',(5.55570999217103,0.0767546180692215,2.29123255225965));
#5617=CARTESIAN_POINT('Ctrl Pts',(5.91611813173827,0.392011974108597,1.89990174079158));
#5618=CARTESIAN_POINT('Ctrl Pts',(6.31218770322088,0.550065566603721,1.28016850542408));
#5619=CARTESIAN_POINT('Ctrl Pts',(6.48199373759143,0.331733955656345,0.686939813581375));
#5620=CARTESIAN_POINT('Ctrl Pts',(6.53237150244939,0.0287488374161586,0.35260150856644));
#5621=CARTESIAN_POINT('Ctrl Pts',(6.54023126492762,-0.159212567785081,0.233671394732721));
#5622=CARTESIAN_POINT('Ctrl Pts',(6.54258404747544,-0.293033353185622,0.18139542498592));
#5623=CARTESIAN_POINT('Ctrl Pts',(5.3276907184112,-0.156175768401491,2.63571077609906));
#5624=CARTESIAN_POINT('Ctrl Pts',(5.39685916231248,-0.0349676056084147,
2.57175982857414));
#5625=CARTESIAN_POINT('Ctrl Pts',(5.56743385050888,0.183337650009507,2.40551737333144));
#5626=CARTESIAN_POINT('Ctrl Pts',(5.94893492315355,0.503923189130776,1.96725837699563));
#5627=CARTESIAN_POINT('Ctrl Pts',(6.36147738436801,0.653933817188127,1.29287070443352));
#5628=CARTESIAN_POINT('Ctrl Pts',(6.53549286292494,0.416996219974861,0.645229537197571));
#5629=CARTESIAN_POINT('Ctrl Pts',(6.58448717067811,0.09117543857148,0.275706180041124));
#5630=CARTESIAN_POINT('Ctrl Pts',(6.59091911447889,-0.111799306253575,0.14286439927319));
#5631=CARTESIAN_POINT('Ctrl Pts',(6.59248128248607,-0.257023013323823,0.0841858725649237));
#5632=CARTESIAN_POINT('Ctrl Pts',(5.28035085428792,-0.096254334255198,2.6997690854179));
#5633=CARTESIAN_POINT('Ctrl Pts',(5.35714448096342,0.032394479012503,2.62995125222483));
#5634=CARTESIAN_POINT('Ctrl Pts',(5.54174767294931,0.257247098174569,2.4522561573542));
#5635=CARTESIAN_POINT('Ctrl Pts',(5.94420532934399,0.578264036261073,1.99315256466311));
#5636=CARTESIAN_POINT('Ctrl Pts',(6.37288717714842,0.720654267851008,1.29247050262693));
#5637=CARTESIAN_POINT('Ctrl Pts',(6.54931109952584,0.471728367222109,0.61435020788375));
#5638=CARTESIAN_POINT('Ctrl Pts',(6.5953029051892,0.131495448915367,0.22453679305958));
#5639=CARTESIAN_POINT('Ctrl Pts',(6.59956499642327,-0.0810503955144585,
0.0834922223848444));
#5640=CARTESIAN_POINT('Ctrl Pts',(6.60000000055358,-0.233632150529208,0.0210424729705611));
#5641=CARTESIAN_POINT('Ctrl Pts',(5.26103874250125,-0.0763039633302019,
2.71715207528906));
#5642=CARTESIAN_POINT('Ctrl Pts',(5.34046355596025,0.0548259611560478,2.6456611506751));
#5643=CARTESIAN_POINT('Ctrl Pts',(5.52998738699919,0.281868419052421,2.46478722217321));
#5644=CARTESIAN_POINT('Ctrl Pts',(5.93990400192566,0.603049646949433,1.99988216141752));
#5645=CARTESIAN_POINT('Ctrl Pts',(6.37455286506904,0.74289921808152,1.29143655822166));
#5646=CARTESIAN_POINT('Ctrl Pts',(6.55178418228309,0.489972891388154,0.603611213819875));
#5647=CARTESIAN_POINT('Ctrl Pts',(6.59656576730195,0.144935706629067,0.207306204550656));
#5648=CARTESIAN_POINT('Ctrl Pts',(6.60000000167466,-0.0708035494138046,
0.0636546326856674));
#5649=CARTESIAN_POINT('Ctrl Pts',(6.59999999999997,-0.225837139633721,-8.0722137933026E-8));
#5650=CARTESIAN_POINT('',(5.060335996035,-0.213380015345542,2.22732351527147));
#5651=CARTESIAN_POINT('Origin',(5.060335996035,-0.0763039633302018,2.49417582641733));
#5652=CARTESIAN_POINT('',(6.29999999999997,-0.330048757296639,0.281318143331668));
#5653=CARTESIAN_POINT('Ctrl Pts',(5.060335996035,-0.213380015345542,2.22732351527147));
#5654=CARTESIAN_POINT('Ctrl Pts',(5.13516978240468,-0.111069854482644,2.17476907842991));
#5655=CARTESIAN_POINT('Ctrl Pts',(5.31331911249001,0.0660731621178229,2.04208854232247));
#5656=CARTESIAN_POINT('Ctrl Pts',(5.69641697986566,0.316665109158349,1.7030038520519));
#5657=CARTESIAN_POINT('Ctrl Pts',(6.09638119002302,0.425778510810855,1.19286115637272));
#5658=CARTESIAN_POINT('Ctrl Pts',(6.25640652874881,0.228440387786361,0.7064895202246));
#5659=CARTESIAN_POINT('Ctrl Pts',(6.29694289605003,-0.0407644486740244,
0.4272328378733));
#5660=CARTESIAN_POINT('Ctrl Pts',(6.30000000151091,-0.209088483608573,0.32612670911172));
#5661=CARTESIAN_POINT('Ctrl Pts',(6.29999999999997,-0.33004875729664,0.281318143331668));
#5662=CARTESIAN_POINT('Origin',(6.29999999999997,-0.22583713963372,-7.28294569096732E-8));
#5663=CARTESIAN_POINT('Origin',(6.29999999999997,-0.7,1.27999781070366));
#5664=CARTESIAN_POINT('',(6.29999999999997,-1.06995124893162,0.281318145638866));
#5665=CARTESIAN_POINT('Origin',(6.29999999999997,-1.17416286834898,-6.98723439523929E-8));
#5666=CARTESIAN_POINT('Origin',(6.29999999999997,-0.7,1.27999781070366));
#5667=CARTESIAN_POINT('Ctrl Pts',(6.29999999999997,-1.06995122456845,0.281318136613767));
#5668=CARTESIAN_POINT('Ctrl Pts',(6.30000000168958,-1.1909138594243,0.326127574567663));
#5669=CARTESIAN_POINT('Ctrl Pts',(6.29580149735727,-1.41555827634172,0.459080014475091));
#5670=CARTESIAN_POINT('Ctrl Pts',(6.22487452927521,-1.74249150819377,0.871747274402999));
#5671=CARTESIAN_POINT('Ctrl Pts',(5.96555073135527,-1.80286128214991,1.37857262891649));
#5672=CARTESIAN_POINT('Ctrl Pts',(5.50919638604254,-1.61696653587563,1.88804942057763));
#5673=CARTESIAN_POINT('Ctrl Pts',(5.20999266999172,-1.3912254059421,2.1222222956095));
#5674=CARTESIAN_POINT('Ctrl Pts',(5.060335996035,-1.18661998465446,2.22732351527147));
#5675=CARTESIAN_POINT('Ctrl Pts',(6.34487989583947,-1.06995122413836,0.281318136454445));
#5676=CARTESIAN_POINT('Ctrl Pts',(6.34432464174136,-1.19121307320458,0.326236122332083));
#5677=CARTESIAN_POINT('Ctrl Pts',(6.33863349000347,-1.41722357304475,0.45990202452228));
#5678=CARTESIAN_POINT('Ctrl Pts',(6.26497186026519,-1.74832241770442,0.880558655928737));
#5679=CARTESIAN_POINT('Ctrl Pts',(6.00551718558051,-1.80255506179993,1.40165478212076));
#5680=CARTESIAN_POINT('Ctrl Pts',(5.55358145189372,-1.59935783080627,1.91676565508504));
#5681=CARTESIAN_POINT('Ctrl Pts',(5.26107270305818,-1.36217037907606,2.14439939548164));
#5682=CARTESIAN_POINT('Ctrl Pts',(5.11875749532386,-1.1602403950733,2.24087411926678));
#5683=CARTESIAN_POINT('Ctrl Pts',(6.4346049552771,-1.07706624712694,0.262111199582675));
#5684=CARTESIAN_POINT('Ctrl Pts',(6.43293874720182,-1.20108562521432,0.308602996136031));
#5685=CARTESIAN_POINT('Ctrl Pts',(6.4242437923729,-1.43331878209876,0.44743524230449));
#5686=CARTESIAN_POINT('Ctrl Pts',(6.34511497343863,-1.77643870274093,0.891805501054127));
#5687=CARTESIAN_POINT('Ctrl Pts',(6.08532948748889,-1.8234084005358,1.44825816451098));
#5688=CARTESIAN_POINT('Ctrl Pts',(5.64222832085054,-1.59148831485058,1.9902391267574));
#5689=CARTESIAN_POINT('Ctrl Pts',(5.36301632944292,-1.33067060115011,2.21901504067522));
#5690=CARTESIAN_POINT('Ctrl Pts',(5.23540947357306,-1.12788688150833,2.30748776405227));
#5691=CARTESIAN_POINT('Ctrl Pts',(6.54258414427277,-1.10696673305717,0.181395130176559));
#5692=CARTESIAN_POINT('Ctrl Pts',(6.54023131608177,-1.24079013056208,0.233672117396421));
#5693=CARTESIAN_POINT('Ctrl Pts',(6.52961220792209,-1.49128350493485,0.389686976732672));
#5694=CARTESIAN_POINT('Ctrl Pts',(6.44565360487319,-1.86108868204363,0.886736223716017));
#5695=CARTESIAN_POINT('Ctrl Pts',(6.18141403702849,-1.91255050956914,1.50757563397947));
#5696=CARTESIAN_POINT('Ctrl Pts',(5.73684791810115,-1.66326540757052,2.11765606489361));
#5697=CARTESIAN_POINT('Ctrl Pts',(5.46076828299364,-1.3801259702488,2.3808366503439));
#5698=CARTESIAN_POINT('Ctrl Pts',(5.33810819573717,-1.16036661892623,2.4848135524676));
#5699=CARTESIAN_POINT('Ctrl Pts',(6.59248140372119,-1.14297705641374,0.08418561673697));
#5700=CARTESIAN_POINT('Ctrl Pts',(6.59091920547761,-1.28820359822618,0.142865285567022));
#5701=CARTESIAN_POINT('Ctrl Pts',(6.58226529250816,-1.55890698552646,0.31736007854017));
#5702=CARTESIAN_POINT('Ctrl Pts',(6.49918272328965,-1.95553471101154,0.864816798902768));
#5703=CARTESIAN_POINT('Ctrl Pts',(6.22549431598412,-2.0202325041373,1.53941399723834));
#5704=CARTESIAN_POINT('Ctrl Pts',(5.7603734284823,-1.7747168401872,2.20841969651052));
#5705=CARTESIAN_POINT('Ctrl Pts',(5.46601819317124,-1.48622329790926,2.50781969479033));
#5706=CARTESIAN_POINT('Ctrl Pts',(5.32769137905159,-1.24382462506374,2.63571227603273));
#5707=CARTESIAN_POINT('Ctrl Pts',(6.60000000061903,-1.16636782659509,0.0210424636077824));
#5708=CARTESIAN_POINT('Ctrl Pts',(6.59956498821215,-1.31895256002192,0.0834934285662577));
#5709=CARTESIAN_POINT('Ctrl Pts',(6.5938483099247,-1.60257059683763,0.268825466237148));
#5710=CARTESIAN_POINT('Ctrl Pts',(6.51385182464404,-2.01599825555323,0.845299079723106));
#5711=CARTESIAN_POINT('Ctrl Pts',(6.23182331343116,-2.09020040177167,1.54848547733608));
#5712=CARTESIAN_POINT('Ctrl Pts',(5.74635590307835,-1.85013669585,2.24483423102917));
#5713=CARTESIAN_POINT('Ctrl Pts',(5.4339269234254,-1.56102455588423,2.56014358729166));
#5714=CARTESIAN_POINT('Ctrl Pts',(5.28035085428792,-1.3037456657448,2.6997690854179));
#5715=CARTESIAN_POINT('Ctrl Pts',(6.59999999999997,-1.17416283712295,-9.0265538430126E-8));
#5716=CARTESIAN_POINT('Ctrl Pts',(6.60000000187269,-1.32919945362833,0.0636558621459055));
#5717=CARTESIAN_POINT('Ctrl Pts',(6.59541273109774,-1.61712398798726,0.252435067457538));
#5718=CARTESIAN_POINT('Ctrl Pts',(6.51670577130463,-2.03615108796667,0.838222366054136));
#5719=CARTESIAN_POINT('Ctrl Pts',(6.23160355915368,-2.11352643205129,1.55031380398222));
#5720=CARTESIAN_POINT('Ctrl Pts',(5.7387597947577,-1.87526696851665,2.25457742260186));
#5721=CARTESIAN_POINT('Ctrl Pts',(5.41987680200004,-1.58593678789762,2.57418063798985));
#5722=CARTESIAN_POINT('Ctrl Pts',(5.26103874250125,-1.3236960366698,2.71715207528906));
#5723=CARTESIAN_POINT('',(5.99661179736761,-1.76442162088946,1.27976136100492));
#5724=CARTESIAN_POINT('Ctrl Pts',(6.29999999999997,-1.06995124893162,0.281318145638866));
#5725=CARTESIAN_POINT('Ctrl Pts',(6.30000000140771,-1.19091387450623,0.326127583493676));
#5726=CARTESIAN_POINT('Ctrl Pts',(6.29580149616681,-1.41555828182904,0.459080021401391));
#5727=CARTESIAN_POINT('Ctrl Pts',(6.23486803694379,-1.69642708660664,0.813603051716188));
#5728=CARTESIAN_POINT('Ctrl Pts',(6.09847154021692,-1.76370090953789,1.11153671777199));
#5729=CARTESIAN_POINT('Ctrl Pts',(5.99586964053942,-1.76462806406865,1.27949311352338));
#5730=CARTESIAN_POINT('',(5.06110004676157,-1.18627643455332,2.2275035535649));
#5731=CARTESIAN_POINT('Ctrl Pts',(5.99727392946487,-1.76462209096288,1.27999904004429));
#5732=CARTESIAN_POINT('Ctrl Pts',(5.95699906003809,-1.76495611428191,1.3459933769619));
#5733=CARTESIAN_POINT('Ctrl Pts',(5.83583247188318,-1.74930255120812,1.52570704957393));
#5734=CARTESIAN_POINT('Ctrl Pts',(5.51064916101395,-1.61639505406393,1.88899221361001));
#5735=CARTESIAN_POINT('Ctrl Pts',(5.21166456339166,-1.39027913648089,2.12295358776161));
#5736=CARTESIAN_POINT('Ctrl Pts',(5.06224819000457,-1.18576017992056,2.22777409810191));
#5737=CARTESIAN_POINT('',(5.26103874250125,-1.3236960366698,2.71715207528906));
#5738=CARTESIAN_POINT('Origin',(5.060335996035,-1.3236960366698,2.49417582641733));
#5739=CARTESIAN_POINT('Ctrl Pts',(5.26103874250125,-1.3236960366698,2.71715207528906));
#5740=CARTESIAN_POINT('Ctrl Pts',(5.28639648499416,-1.3655615282388,2.69432736374124));
#5741=CARTESIAN_POINT('Ctrl Pts',(5.31327596391642,-1.40564143794434,2.66957843451971));
#5742=CARTESIAN_POINT('Ctrl Pts',(5.34131175699413,-1.44393723971629,2.64308716087263));
#5743=CARTESIAN_POINT('Ctrl Pts',(5.37156550632029,-1.48526268336759,2.61450012036952));
#5744=CARTESIAN_POINT('Ctrl Pts',(5.40316523452538,-1.52451178834429,2.58388415393667));
#5745=CARTESIAN_POINT('Ctrl Pts',(5.43567600419952,-1.56174468396845,2.55146509374151));
#5746=CARTESIAN_POINT('Ctrl Pts',(5.47131571431248,-1.60256099253362,2.51592591952108));
#5747=CARTESIAN_POINT('Ctrl Pts',(5.50804958063189,-1.64095573760041,2.47822026821463));
#5748=CARTESIAN_POINT('Ctrl Pts',(5.54534294524241,-1.67705345518206,2.43863967677654));
#5749=CARTESIAN_POINT('Ctrl Pts',(5.54796129268087,-1.67958785687391,2.43586074435017));
#5750=CARTESIAN_POINT('Ctrl Pts',(5.55058241481064,-1.68211094760818,2.43307256564493));
#5751=CARTESIAN_POINT('Ctrl Pts',(5.55320613416533,-1.68462277535826,2.43027523955858));
#5752=CARTESIAN_POINT('Ctrl Pts',(5.59612242794531,-1.72570885320216,2.3845192527736));
#5753=CARTESIAN_POINT('Ctrl Pts',(5.63982632536743,-1.76366415734275,2.33621891194344));
#5754=CARTESIAN_POINT('Ctrl Pts',(5.68377566143139,-1.79851856044507,2.28552059442018));
#5755=CARTESIAN_POINT('Ctrl Pts',(5.72982721664569,-1.83504014672323,2.23239723516633));
#5756=CARTESIAN_POINT('Ctrl Pts',(5.77614918694807,-1.86815592142361,2.17664046823784));
#5757=CARTESIAN_POINT('Ctrl Pts',(5.82208437938403,-1.89785850242408,2.11841795681169));
#5758=CARTESIAN_POINT('Ctrl Pts',(5.82636133054746,-1.90062406150046,2.11299695333317));
#5759=CARTESIAN_POINT('Ctrl Pts',(5.83063489932522,-1.90336000814102,2.10755457723991));
#5760=CARTESIAN_POINT('Ctrl Pts',(5.83490453642569,-1.90606632268992,2.10209096654717));
#5761=CARTESIAN_POINT('Ctrl Pts',(5.87858796011342,-1.93375511269473,2.04619178468725));
#5762=CARTESIAN_POINT('Ctrl Pts',(5.92186319602804,-1.95834499695525,1.98806932890416));
#5763=CARTESIAN_POINT('Ctrl Pts',(5.96423990144348,-1.97926431091926,1.92755236476998));
#5764=CARTESIAN_POINT('Ctrl Pts',(5.99776773135957,-1.99581536635574,1.87967222730677));
#5765=CARTESIAN_POINT('Ctrl Pts',(6.03068827700509,-2.01019972301374,1.8303511755562));
#5766=CARTESIAN_POINT('Ctrl Pts',(6.06266092819529,-2.02220468285906,1.7796713223763));
#5767=CARTESIAN_POINT('Ctrl Pts',(6.08354372351785,-2.03004566913868,1.74657000104271));
#5768=CARTESIAN_POINT('Ctrl Pts',(6.10402269736734,-2.0368723229886,1.71288915170464));
#5769=CARTESIAN_POINT('Ctrl Pts',(6.12401027839221,-2.04263506545667,1.678652519445));
#5770=CARTESIAN_POINT('Ctrl Pts',(6.13077517281709,-2.04458549379243,1.66706496403188));
#5771=CARTESIAN_POINT('Ctrl Pts',(6.13748383127618,-2.04641412089343,1.65541374914522));
#5772=CARTESIAN_POINT('Ctrl Pts',(6.14413409406608,-2.04812054379103,1.64370515520239));
#5773=CARTESIAN_POINT('Ctrl Pts',(6.16913695750382,-2.05453614871125,1.59968458268533));
#5774=CARTESIAN_POINT('Ctrl Pts',(6.19333104881575,-2.05919381226498,1.55482609029937));
#5775=CARTESIAN_POINT('Ctrl Pts',(6.21667130097442,-2.06186664096126,1.50932085557891));
#5776=CARTESIAN_POINT('Ctrl Pts',(6.22038889367665,-2.06229236423058,1.50207286496767));
#5777=CARTESIAN_POINT('Ctrl Pts',(6.2240847523529,-2.06266772452041,1.494808545681));
#5778=CARTESIAN_POINT('Ctrl Pts',(6.22775861449242,-2.06299179661191,1.48752876468266));
#5779=CARTESIAN_POINT('Ctrl Pts',(6.2488121988932,-2.06484893737312,1.44581095441993));
#5780=CARTESIAN_POINT('Ctrl Pts',(6.2691428233454,-2.06501916354531,1.40358762690763));
#5781=CARTESIAN_POINT('Ctrl Pts',(6.28869540638096,-2.06356188102844,1.36102417636951));
#5782=CARTESIAN_POINT('Ctrl Pts',(6.31318054597069,-2.06173696788104,1.3077231866255));
#5783=CARTESIAN_POINT('Ctrl Pts',(6.33644814037367,-2.0573590998654,1.25388403105082));
#5784=CARTESIAN_POINT('Ctrl Pts',(6.35837909076292,-2.05029807829502,1.19982755176899));
#5785=CARTESIAN_POINT('Ctrl Pts',(6.38619694225455,-2.04134167440289,1.13126075068955));
#5786=CARTESIAN_POINT('Ctrl Pts',(6.41186239725143,-2.02806604152041,1.06234486874952));
#5787=CARTESIAN_POINT('Ctrl Pts',(6.43506078833541,-2.01018614558518,0.99387355692259));
#5788=CARTESIAN_POINT('Ctrl Pts',(6.45408534777151,-1.99552318289525,0.937721535999977));
#5789=CARTESIAN_POINT('Ctrl Pts',(6.47144031591038,-1.97775510291323,0.88189325407508));
#5790=CARTESIAN_POINT('Ctrl Pts',(6.48692754529697,-1.95678505518619,0.826938611590626));
#5791=CARTESIAN_POINT('Ctrl Pts',(6.49880145115562,-1.94070752664011,0.784805429788486));
#5792=CARTESIAN_POINT('Ctrl Pts',(6.50957788093625,-1.92274860524298,0.743185920296669));
#5793=CARTESIAN_POINT('Ctrl Pts',(6.51917804659448,-1.90288177556522,0.702322031319225));
#5794=CARTESIAN_POINT('Ctrl Pts',(6.53154161449278,-1.87729629023199,0.649695495075159));
#5795=CARTESIAN_POINT('Ctrl Pts',(6.54195429647507,-1.84854594269463,0.598324167118664));
#5796=CARTESIAN_POINT('Ctrl Pts',(6.5507407402283,-1.81705724871577,0.548850805306924));
#5797=CARTESIAN_POINT('Ctrl Pts',(6.55289181066749,-1.80934828241622,0.536738887321744));
#5798=CARTESIAN_POINT('Ctrl Pts',(6.55494547948133,-1.8014753310931,0.524740535945825));
#5799=CARTESIAN_POINT('Ctrl Pts',(6.55690661986107,-1.79344489935735,0.512864780271193));
#5800=CARTESIAN_POINT('Ctrl Pts',(6.56679884636079,-1.75293844176701,0.452962049083558));
#5801=CARTESIAN_POINT('Ctrl Pts',(6.57437062971553,-1.70820380164808,0.395982972128672));
#5802=CARTESIAN_POINT('Ctrl Pts',(6.58022739710794,-1.65985018210706,0.342927685994953));
#5803=CARTESIAN_POINT('Ctrl Pts',(6.58267332178557,-1.63965656618144,0.320770542823918));
#5804=CARTESIAN_POINT('Ctrl Pts',(6.58481990468827,-1.61883117673519,0.299297812177479));
#5805=CARTESIAN_POINT('Ctrl Pts',(6.58671041851523,-1.59741596233183,0.278583147666893));
#5806=CARTESIAN_POINT('Ctrl Pts',(6.59121962721889,-1.54633690128457,0.229175021594439));
#5807=CARTESIAN_POINT('Ctrl Pts',(6.59427261717506,-1.49190516335972,0.184077616175811));
#5808=CARTESIAN_POINT('Ctrl Pts',(6.59630315237262,-1.43463581282668,0.143562602102889));
#5809=CARTESIAN_POINT('Ctrl Pts',(6.59818496604615,-1.38156101410497,0.106015009942101));
#5810=CARTESIAN_POINT('Ctrl Pts',(6.59918136687879,-1.32612075739198,0.0725286807254575));
#5811=CARTESIAN_POINT('Ctrl Pts',(6.59964861898863,-1.26885602352204,0.0434297445018297));
#5812=CARTESIAN_POINT('Ctrl Pts',(6.59990204034889,-1.23779761533696,0.0276474893875817));
#5813=CARTESIAN_POINT('Ctrl Pts',(6.60000000038438,-1.20620315015395,0.0131552319660668));
#5814=CARTESIAN_POINT('Ctrl Pts',(6.59999999999997,-1.17416283840611,-8.97386893128349E-8));
#5815=CARTESIAN_POINT('Ctrl Pts',(5.060335996035,-1.18661998465446,2.22732351527147));
#5816=CARTESIAN_POINT('Ctrl Pts',(4.97318540314063,-1.06747071250253,2.28852782621394));
#5817=CARTESIAN_POINT('Ctrl Pts',(4.83857780066127,-0.730170910055191,2.39117750194596));
#5818=CARTESIAN_POINT('Ctrl Pts',(4.94413520550917,-0.372245711548114,2.30892926319476));
#5819=CARTESIAN_POINT('Ctrl Pts',(5.060335996035,-0.213380015345542,2.22732351527147));
#5820=CARTESIAN_POINT('Ctrl Pts',(5.11875749532386,-1.1602403950733,2.24087411926678));
#5821=CARTESIAN_POINT('Ctrl Pts',(5.03605087210644,-1.0448372988998,2.29594492640074));
#5822=CARTESIAN_POINT('Ctrl Pts',(4.91057299307022,-0.72751169803743,2.38473952181243));
#5823=CARTESIAN_POINT('Ctrl Pts',(5.00848199770064,-0.393630399824704,2.31430186211206));
#5824=CARTESIAN_POINT('Ctrl Pts',(5.11875749532386,-0.239759604926697,2.24087411926678));
#5825=CARTESIAN_POINT('Ctrl Pts',(5.23538160576436,-1.12791429082542,2.30751016253142));
#5826=CARTESIAN_POINT('Ctrl Pts',(5.16156796878931,-1.01574893999703,2.35446684835615));
#5827=CARTESIAN_POINT('Ctrl Pts',(5.05429747918181,-0.723718333761092,2.42324446288006));
#5828=CARTESIAN_POINT('Ctrl Pts',(5.13696342313096,-0.421639510279109,2.3701190769644));
#5829=CARTESIAN_POINT('Ctrl Pts',(5.23538160576436,-0.272085709174579,2.30751016253142));
#5830=CARTESIAN_POINT('Ctrl Pts',(5.33814481019387,-1.16034560753096,2.48481332644945));
#5831=CARTESIAN_POINT('Ctrl Pts',(5.2695750972207,-1.03915862084854,2.53531532814838));
#5832=CARTESIAN_POINT('Ctrl Pts',(5.17238230161264,-0.725304903520147,2.60838896689855));
#5833=CARTESIAN_POINT('Ctrl Pts',(5.24671852622964,-0.401237041378942,2.55214932871469));
#5834=CARTESIAN_POINT('Ctrl Pts',(5.33814481019387,-0.239654392469044,2.48481332644945));
#5835=CARTESIAN_POINT('Ctrl Pts',(5.3276801520109,-1.2438319593924,2.63571408112032));
#5836=CARTESIAN_POINT('Ctrl Pts',(5.25367637278397,-1.10623237324477,2.69895212704396));
#5837=CARTESIAN_POINT('Ctrl Pts',(5.14429227544138,-0.732019279236283,2.79883878115712));
#5838=CARTESIAN_POINT('Ctrl Pts',(5.229008446375,-0.339634155471118,2.72003147568517));
#5839=CARTESIAN_POINT('Ctrl Pts',(5.3276801520109,-0.156168040607606,2.63571408112032));
#5840=CARTESIAN_POINT('Ctrl Pts',(5.28035085428792,-1.3037456657448,2.6997690854179));
#5841=CARTESIAN_POINT('Ctrl Pts',(5.19973323197645,-1.15480862210642,2.77166780015351));
#5842=CARTESIAN_POINT('Ctrl Pts',(5.07649081261761,-0.737007172304477,2.8907125281248));
#5843=CARTESIAN_POINT('Ctrl Pts',(5.17286069120596,-0.294837059106387,2.79563403839871));
#5844=CARTESIAN_POINT('Ctrl Pts',(5.28035085428792,-0.0962543342551979,
2.6997690854179));
#5845=CARTESIAN_POINT('Ctrl Pts',(5.26103874250125,-1.3236960366698,2.71715207528906));
#5846=CARTESIAN_POINT('Ctrl Pts',(5.17803817783994,-1.17098358926381,2.79186156282447));
#5847=CARTESIAN_POINT('Ctrl Pts',(5.04984046119294,-0.738669757958059,2.91716163648796));
#5848=CARTESIAN_POINT('Ctrl Pts',(5.15037132295284,-0.279920559871527,2.81676472533627));
#5849=CARTESIAN_POINT('Ctrl Pts',(5.26103874250125,-0.0763039633302017,
2.71715207528906));
#5850=CARTESIAN_POINT('Ctrl Pts',(5.26103874250125,-0.0763039633302017,
2.71715207528906));
#5851=CARTESIAN_POINT('Ctrl Pts',(5.15037132295284,-0.279920559871527,2.81676472533627));
#5852=CARTESIAN_POINT('Ctrl Pts',(5.04984046119294,-0.738669757958059,2.91716163648796));
#5853=CARTESIAN_POINT('Ctrl Pts',(5.17803817783994,-1.17098358926381,2.79186156282447));
#5854=CARTESIAN_POINT('Ctrl Pts',(5.26103874250125,-1.3236960366698,2.71715207528906));
#5855=CARTESIAN_POINT('Ctrl Pts',(5.060335996035,-1.18661998465446,2.22732351527147));
#5856=CARTESIAN_POINT('Ctrl Pts',(4.97318540314063,-1.06747071250253,2.28852782621394));
#5857=CARTESIAN_POINT('Ctrl Pts',(4.83857780066127,-0.730170910055191,2.39117750194596));
#5858=CARTESIAN_POINT('Ctrl Pts',(4.94413520550917,-0.372245711548114,2.30892926319476));
#5859=CARTESIAN_POINT('Ctrl Pts',(5.060335996035,-0.213380015345542,2.22732351527147));
#5860=CARTESIAN_POINT('Ctrl Pts',(5.26103874250125,2.60000000000244,2.71715207528906));
#5861=CARTESIAN_POINT('Ctrl Pts',(5.26103874250125,1.13333333333496,2.71715207528906));
#5862=CARTESIAN_POINT('Ctrl Pts',(5.26103874250125,-0.333333333332521,2.71715207528906));
#5863=CARTESIAN_POINT('Ctrl Pts',(5.26103874250125,-1.8,2.71715207528906));
#5864=CARTESIAN_POINT('Ctrl Pts',(4.52764557453114,2.60000000000244,3.37728526793174));
#5865=CARTESIAN_POINT('Ctrl Pts',(4.52764557453114,1.13333333333496,3.37728526793174));
#5866=CARTESIAN_POINT('Ctrl Pts',(4.52764557453114,-0.333333333332523,3.37728526793174));
#5867=CARTESIAN_POINT('Ctrl Pts',(4.52764557453114,-1.8,3.37728526793174));
#5868=CARTESIAN_POINT('Ctrl Pts',(3.96103534341038,2.60000000000244,4.22127091260534));
#5869=CARTESIAN_POINT('Ctrl Pts',(3.96103534341038,1.13333333333496,4.22127091260534));
#5870=CARTESIAN_POINT('Ctrl Pts',(3.96103534341038,-0.33333333333252,4.22127091260534));
#5871=CARTESIAN_POINT('Ctrl Pts',(3.96103534341038,-1.8,4.22127091260534));
#5872=CARTESIAN_POINT('Ctrl Pts',(3.6277387749359,2.60000000000244,5.1500091794475));
#5873=CARTESIAN_POINT('Ctrl Pts',(3.6277387749359,1.13333333333496,5.1500091794475));
#5874=CARTESIAN_POINT('Ctrl Pts',(3.6277387749359,-0.333333333332521,5.1500091794475));
#5875=CARTESIAN_POINT('Ctrl Pts',(3.6277387749359,-1.8,5.1500091794475));
#5876=CARTESIAN_POINT('',(3.62773877493588,1.03088115335139,5.15000917944758));
#5877=CARTESIAN_POINT('Ctrl Pts',(3.6277387749359,1.0308811533514,5.1500091794475));
#5878=CARTESIAN_POINT('Ctrl Pts',(3.73649162204649,1.07986225576639,4.84696696331568));
#5879=CARTESIAN_POINT('Ctrl Pts',(3.87867501317883,1.18825579000997,4.52665061362341));
#5880=CARTESIAN_POINT('Ctrl Pts',(4.39585049968346,1.67377874121702,3.62261985545704));
#5881=CARTESIAN_POINT('Ctrl Pts',(4.80253715063242,2.13186295386813,3.13087549222136));
#5882=CARTESIAN_POINT('Ctrl Pts',(5.25735957547279,2.59624580063223,2.72046578515222));
#5883=CARTESIAN_POINT('Ctrl Pts',(5.2591986958272,2.59812281466298,2.71880831635947));
#5884=CARTESIAN_POINT('Ctrl Pts',(5.26103874250125,2.60000000000244,2.71715207528906));
#5885=CARTESIAN_POINT('',(3.6277387749359,1.,5.1500091794475));
#5886=CARTESIAN_POINT('Ctrl Pts',(3.6277387749359,1.03088115335138,5.1500091794475));
#5887=CARTESIAN_POINT('Ctrl Pts',(3.6277387749359,1.02058743556759,5.1500091794475));
#5888=CARTESIAN_POINT('Ctrl Pts',(3.6277387749359,1.01029371778379,5.1500091794475));
#5889=CARTESIAN_POINT('Ctrl Pts',(3.6277387749359,0.999999999999999,5.1500091794475));
#5890=CARTESIAN_POINT('',(3.6277387749359,-1.8,5.1500091794475));
#5891=CARTESIAN_POINT('Ctrl Pts',(3.6277387749359,1.,5.1500091794475));
#5892=CARTESIAN_POINT('Ctrl Pts',(3.6277387749359,0.0666666666666659,5.1500091794475));
#5893=CARTESIAN_POINT('Ctrl Pts',(3.6277387749359,-0.866666666666669,5.1500091794475));
#5894=CARTESIAN_POINT('Ctrl Pts',(3.6277387749359,-1.8,5.1500091794475));
#5895=CARTESIAN_POINT('',(5.26103874250125,-1.8,2.71715207528906));
#5896=CARTESIAN_POINT('Ctrl Pts',(3.6277387749359,-1.8,5.1500091794475));
#5897=CARTESIAN_POINT('Ctrl Pts',(3.96103534341038,-1.8,4.22127091260534));
#5898=CARTESIAN_POINT('Ctrl Pts',(4.52764557453114,-1.8,3.37728526793174));
#5899=CARTESIAN_POINT('Ctrl Pts',(5.26103874250125,-1.8,2.71715207528906));
#5900=CARTESIAN_POINT('Ctrl Pts',(5.26103874250125,-1.8,2.71715207528906));
#5901=CARTESIAN_POINT('Ctrl Pts',(5.26103874250125,-1.64123201222327,2.71715207528906));
#5902=CARTESIAN_POINT('Ctrl Pts',(5.26103874250125,-1.48246402444653,2.71715207528906));
#5903=CARTESIAN_POINT('Ctrl Pts',(5.26103874250125,-1.3236960366698,2.71715207528906));
#5904=CARTESIAN_POINT('Origin',(0.,-0.7,1.27999781070366));
#5905=CARTESIAN_POINT('',(0.572190287537218,-1.765,1.27999782477262));
#5906=CARTESIAN_POINT('',(0.,-1.765,1.27999781070366));
#5907=CARTESIAN_POINT('',(0.201309007344747,-1.63103974650169,1.79709547114516));
#5908=CARTESIAN_POINT('Ctrl Pts',(0.201309007344747,-1.63103974650169,1.79709547114516));
#5909=CARTESIAN_POINT('Ctrl Pts',(0.225541228327222,-1.631428321548,1.79639583770975));
#5910=CARTESIAN_POINT('Ctrl Pts',(0.24955250439581,-1.63304419943129,1.7935016156002));
#5911=CARTESIAN_POINT('Ctrl Pts',(0.296871928528107,-1.63852221204479,1.78342034026709));
#5912=CARTESIAN_POINT('Ctrl Pts',(0.319955287350494,-1.64237577056148,1.77624219891126));
#5913=CARTESIAN_POINT('Ctrl Pts',(0.387218676322807,-1.65662859167851,1.74853061302861));
#5914=CARTESIAN_POINT('Ctrl Pts',(0.428062212598737,-1.66956108168633,1.72206962541785));
#5915=CARTESIAN_POINT('Ctrl Pts',(0.501031142989183,-1.69797777613829,1.65383096801976));
#5916=CARTESIAN_POINT('Ctrl Pts',(0.531965764318285,-1.71348713609322,1.61095846506641));
#5917=CARTESIAN_POINT('Ctrl Pts',(0.57395330274153,-1.73890099855521,1.51878860711532));
#5918=CARTESIAN_POINT('Ctrl Pts',(0.586089470427349,-1.74897319190938,1.47076141892801));
#5919=CARTESIAN_POINT('Ctrl Pts',(0.591891452764744,-1.76196453020625,1.3735695182364));
#5920=CARTESIAN_POINT('Ctrl Pts',(0.586251298259917,-1.76499999934216,1.32585397560514));
#5921=CARTESIAN_POINT('Ctrl Pts',(0.572190283594017,-1.765,1.27999782598191));
#5922=CARTESIAN_POINT('',(-0.20131081356993,-1.63103974639109,1.79709233651471));
#5923=CARTESIAN_POINT('Ctrl Pts',(-0.201468419858154,-1.63103974639109,
1.79681983970187));
#5924=CARTESIAN_POINT('Ctrl Pts',(-0.13424759392453,-1.6299629832745,1.79873684084802));
#5925=CARTESIAN_POINT('Ctrl Pts',(-0.0669617161910974,-1.62941776578933,
1.79969359665649));
#5926=CARTESIAN_POINT('Ctrl Pts',(0.000407144904537721,-1.62942064986185,
1.79968974999894));
#5927=CARTESIAN_POINT('Ctrl Pts',(0.0674442231925763,-1.6294235197307,1.79968592228567));
#5928=CARTESIAN_POINT('Ctrl Pts',(0.134384751620651,-1.62996430539534,1.79873077958394));
#5929=CARTESIAN_POINT('Ctrl Pts',(0.201230765803599,-1.63103974650169,1.79682676029004));
#5930=CARTESIAN_POINT('',(-0.572190281088669,-1.765,1.27999782494498));
#5931=CARTESIAN_POINT('Ctrl Pts',(-0.572190277097161,-1.765,1.27999782616909));
#5932=CARTESIAN_POINT('Ctrl Pts',(-0.586332419263722,-1.76499999933026,
1.32611855092391));
#5933=CARTESIAN_POINT('Ctrl Pts',(-0.591955396397259,-1.76192852099317,
1.37411610268345));
#5934=CARTESIAN_POINT('Ctrl Pts',(-0.585920151308254,-1.74878457721736,
1.47187783853748));
#5935=CARTESIAN_POINT('Ctrl Pts',(-0.573552091496895,-1.73859221625373,
1.52016837194321));
#5936=CARTESIAN_POINT('Ctrl Pts',(-0.530394249664424,-1.71261135262432,
1.61383752742955));
#5937=CARTESIAN_POINT('Ctrl Pts',(-0.498076197818411,-1.69654440461925,
1.6576917286757));
#5938=CARTESIAN_POINT('Ctrl Pts',(-0.422347945104705,-1.6676249569159,1.72628978516556));
#5939=CARTESIAN_POINT('Ctrl Pts',(-0.380373300818724,-1.65470726804821,
1.75240130960145));
#5940=CARTESIAN_POINT('Ctrl Pts',(-0.292057344734173,-1.63697828684655,
1.78658816565598));
#5941=CARTESIAN_POINT('Ctrl Pts',(-0.247251371253069,-1.63177645386296,
1.79576902183585));
#5942=CARTESIAN_POINT('Ctrl Pts',(-0.201309000452006,-1.63103974639109,
1.7970954713443));
#5943=CARTESIAN_POINT('',(-4.,-1.765,1.27999781070366));
#5944=CARTESIAN_POINT('',(0.,-1.765,1.27999781070366));
#5945=CARTESIAN_POINT('Origin',(-4.,-0.7,1.27999781070366));
#5946=CARTESIAN_POINT('Ctrl Pts',(-0.570813812653549,-1.76499091745314,
1.27559943119309));
#5947=CARTESIAN_POINT('Ctrl Pts',(-0.571281075389703,-1.76499091745314,
1.27706290337828));
#5948=CARTESIAN_POINT('Ctrl Pts',(-0.571739685783319,-1.76499091745314,
1.27852904811516));
#5949=CARTESIAN_POINT('Ctrl Pts',(-0.572189640330815,-1.76499091745314,
1.2799977660585));
#5950=CARTESIAN_POINT('',(-0.201312831900906,0.231039746391087,1.79708884687755));
#5951=CARTESIAN_POINT('Ctrl Pts',(-0.201309000452006,0.231039746391087,
1.7970954713443));
#5952=CARTESIAN_POINT('Ctrl Pts',(-0.225541221295653,0.23142832142203,1.79639583793692));
#5953=CARTESIAN_POINT('Ctrl Pts',(-0.249552497231271,0.23304419927656,1.79350161588039));
#5954=CARTESIAN_POINT('Ctrl Pts',(-0.296871921114295,0.238522211811835,
1.7834203407004));
#5955=CARTESIAN_POINT('Ctrl Pts',(-0.31995527982307,0.24237577027927,1.77624219944449));
#5956=CARTESIAN_POINT('Ctrl Pts',(-0.387218668501523,0.256628591234759,
1.74853061392285));
#5957=CARTESIAN_POINT('Ctrl Pts',(-0.428062204648209,0.269561081119353,
1.72206962663146));
#5958=CARTESIAN_POINT('Ctrl Pts',(-0.501031135227305,0.297977775483111,
1.65383096975428));
#5959=CARTESIAN_POINT('Ctrl Pts',(-0.531965756794791,0.313487135489613,
1.61095846690832));
#5960=CARTESIAN_POINT('Ctrl Pts',(-0.573953295679438,0.338900998096806,
1.51878860909914));
#5961=CARTESIAN_POINT('Ctrl Pts',(-0.586089463594818,0.348973191543968,
1.47076142094385));
#5962=CARTESIAN_POINT('Ctrl Pts',(-0.591982280827912,0.362167919310715,
1.37204790714604));
#5963=CARTESIAN_POINT('Ctrl Pts',(-0.58588353004869,0.365185845902603,1.32279795686199));
#5964=CARTESIAN_POINT('Ctrl Pts',(-0.570813812653549,0.36499091745314,1.27559943119309));
#5965=CARTESIAN_POINT('',(0.201309007344747,0.231039746501688,1.79709547114516));
#5966=CARTESIAN_POINT('Ctrl Pts',(0.201230765804001,0.231039746501688,1.79682676029003));
#5967=CARTESIAN_POINT('Ctrl Pts',(0.133998792455896,0.2299629833401,1.79874177311446));
#5968=CARTESIAN_POINT('Ctrl Pts',(0.0667073552035482,0.229417765817594,
1.79969605381146));
#5969=CARTESIAN_POINT('Ctrl Pts',(-0.000661476848972387,0.229420649861627,
1.79968973035511));
#5970=CARTESIAN_POINT('Ctrl Pts',(-0.067698525158343,0.229423519702075,
1.79968343804106));
#5971=CARTESIAN_POINT('Ctrl Pts',(-0.134633489098006,0.229964305329535,
1.79872583590305));
#5972=CARTESIAN_POINT('Ctrl Pts',(-0.201468419857752,0.231039746391087,
1.79681983970188));
#5973=CARTESIAN_POINT('',(0.57081381857417,0.364990917444913,1.27559942920112));
#5974=CARTESIAN_POINT('Ctrl Pts',(0.57081381857417,0.364990917444913,1.27559942920112));
#5975=CARTESIAN_POINT('Ctrl Pts',(0.585967868324037,0.365186936828219,1.32306208398515));
#5976=CARTESIAN_POINT('Ctrl Pts',(0.592049318367118,0.362133056413919,1.37259481314373));
#5977=CARTESIAN_POINT('Ctrl Pts',(0.585920158012333,0.348784577435307,1.47187783740992));
#5978=CARTESIAN_POINT('Ctrl Pts',(0.573552098241385,0.338592216465214,1.52016837107423));
#5979=CARTESIAN_POINT('Ctrl Pts',(0.530394256423173,0.312611352822804,1.61383752683175));
#5980=CARTESIAN_POINT('Ctrl Pts',(0.498076204625978,0.296544404831398,1.65769172812058));
#5981=CARTESIAN_POINT('Ctrl Pts',(0.422347951975689,0.267624957125038,1.7262897847164));
#5982=CARTESIAN_POINT('Ctrl Pts',(0.380373307701395,0.254707268243579,1.75240130920907));
#5983=CARTESIAN_POINT('Ctrl Pts',(0.292057351630986,0.236978287005493,1.78658816536375));
#5984=CARTESIAN_POINT('Ctrl Pts',(0.247251378152261,0.231776453998589,1.79576902159098));
#5985=CARTESIAN_POINT('Ctrl Pts',(0.201309007344747,0.231039746501688,1.79709547114516));
#5986=CARTESIAN_POINT('',(0.57081381857417,-1.76499091744491,1.27559942920112));
#5987=CARTESIAN_POINT('Ctrl Pts',(0.57081381857417,-1.76499091744491,1.27559942920112));
#5988=CARTESIAN_POINT('Ctrl Pts',(0.530027681494209,-1.76446334405233,1.14785678771894));
#5989=CARTESIAN_POINT('Ctrl Pts',(0.497774866445261,-1.73933163684576,1.00855170428695));
#5990=CARTESIAN_POINT('Ctrl Pts',(0.458539628353287,-1.63302163317293,0.747251667127847));
#5991=CARTESIAN_POINT('Ctrl Pts',(0.451282476763406,-1.55107168201168,0.625594108044893));
#5992=CARTESIAN_POINT('Ctrl Pts',(0.449067254068741,-1.36091461042845,0.434135371541665));
#5993=CARTESIAN_POINT('Ctrl Pts',(0.453730945248562,-1.24088138911119,0.351559645007395));
#5994=CARTESIAN_POINT('Ctrl Pts',(0.462491279887378,-0.977643157114482,
0.241988019492327));
#5995=CARTESIAN_POINT('Ctrl Pts',(0.465976767165703,-0.834415794418576,
0.214997810703664));
#5996=CARTESIAN_POINT('Ctrl Pts',(0.465976767165703,-0.565584205581424,
0.214997810703664));
#5997=CARTESIAN_POINT('Ctrl Pts',(0.462491279887378,-0.422356842885518,
0.241988019492327));
#5998=CARTESIAN_POINT('Ctrl Pts',(0.453730945248562,-0.159118610888811,
0.351559645007395));
#5999=CARTESIAN_POINT('Ctrl Pts',(0.449067254068741,-0.0390853895715527,
0.434135371541665));
#6000=CARTESIAN_POINT('Ctrl Pts',(0.451282476763406,0.151071682011675,0.625594108044893));
#6001=CARTESIAN_POINT('Ctrl Pts',(0.458539628353287,0.233021633172933,0.747251667127847));
#6002=CARTESIAN_POINT('Ctrl Pts',(0.497774866445261,0.339331636845758,1.00855170428695));
#6003=CARTESIAN_POINT('Ctrl Pts',(0.530027681494209,0.364463344052335,1.14785678771894));
#6004=CARTESIAN_POINT('Ctrl Pts',(0.57081381857417,0.364990917444913,1.27559942920112));
#6005=CARTESIAN_POINT('Ctrl Pts',(0.572189646827156,-1.765,1.27999776587128));
#6006=CARTESIAN_POINT('Ctrl Pts',(0.571739692094858,-1.765,1.2785290473242));
#6007=CARTESIAN_POINT('Ctrl Pts',(0.571281081509334,-1.765,1.2770629019857));
#6008=CARTESIAN_POINT('Ctrl Pts',(0.57081381857417,-1.765,1.27559942920112));
#6009=CARTESIAN_POINT('Origin',(2.15,8.1,0.155410462109338));
#6010=CARTESIAN_POINT('',(1.65,8.1,3.22365614992602));
#6011=CARTESIAN_POINT('',(1.65,8.1,0.155410462109338));
#6012=CARTESIAN_POINT('Origin',(2.15,8.1,3.22365614992602));
#6013=CARTESIAN_POINT('Ctrl Pts',(1.65,8.1,3.22365614992599));
#6014=CARTESIAN_POINT('Ctrl Pts',(1.65,8.09999999999997,3.33771775639088));
#6015=CARTESIAN_POINT('Ctrl Pts',(1.65,8.0372034705527,3.52774099673495));
#6016=CARTESIAN_POINT('Ctrl Pts',(1.65,7.82782932950716,3.70344032685736));
#6017=CARTESIAN_POINT('Ctrl Pts',(1.65,7.6760410709766,3.74007534566632));
#6018=CARTESIAN_POINT('Ctrl Pts',(1.65,7.6,3.74007534566632));
#6019=CARTESIAN_POINT('Ctrl Pts',(1.65,8.17479982508547,3.223656149926));
#6020=CARTESIAN_POINT('Ctrl Pts',(1.6499901984261,8.17751373270479,3.35365136288746));
#6021=CARTESIAN_POINT('Ctrl Pts',(1.6500065766063,8.11026709207913,3.57371105413448));
#6022=CARTESIAN_POINT('Ctrl Pts',(1.64998921183857,7.86839989010385,3.78246489050704));
#6023=CARTESIAN_POINT('Ctrl Pts',(1.65,7.68960347410324,3.82653599931831));
#6024=CARTESIAN_POINT('Ctrl Pts',(1.65,7.6,3.82653599931831));
#6025=CARTESIAN_POINT('Ctrl Pts',(1.68419592363335,8.32415844351891,3.22365614992604));
#6026=CARTESIAN_POINT('Ctrl Pts',(1.68670861635358,8.33226708918894,3.38547305203619));
#6027=CARTESIAN_POINT('Ctrl Pts',(1.6909680936095,8.25610154502882,3.66544074840821));
#6028=CARTESIAN_POINT('Ctrl Pts',(1.69504072007402,7.94935034896844,3.94012351829985));
#6029=CARTESIAN_POINT('Ctrl Pts',(1.69590129776033,7.7166673191953,3.99900131949402));
#6030=CARTESIAN_POINT('Ctrl Pts',(1.69590129776033,7.6,3.99900131949402));
#6031=CARTESIAN_POINT('Ctrl Pts',(1.85145880476798,8.53449772975478,3.22365614992608));
#6032=CARTESIAN_POINT('Ctrl Pts',(1.86545597500784,8.54654333533021,3.43021117109347));
#6033=CARTESIAN_POINT('Ctrl Pts',(1.88891011930087,8.45076297746615,3.79028300200188));
#6034=CARTESIAN_POINT('Ctrl Pts',(1.91088825303624,8.05422004765169,4.14605377349139));
#6035=CARTESIAN_POINT('Ctrl Pts',(1.9155201280964,7.75166974161233,4.2227095257322));
#6036=CARTESIAN_POINT('Ctrl Pts',(1.9155201280964,7.6,4.2227095257322));
#6037=CARTESIAN_POINT('Ctrl Pts',(2.03780026237182,8.60000000000001,3.2236561499261));
#6038=CARTESIAN_POINT('Ctrl Pts',(2.06218822562528,8.60647138829502,3.44429731804694));
#6039=CARTESIAN_POINT('Ctrl Pts',(2.10189921493709,8.49256271478439,3.82012304759581));
#6040=CARTESIAN_POINT('Ctrl Pts',(2.13795655989983,8.07061492775439,4.18051861419971));
#6041=CARTESIAN_POINT('Ctrl Pts',(2.14539677541002,7.75717255003388,4.25660081526169));
#6042=CARTESIAN_POINT('Ctrl Pts',(2.14539677541002,7.6,4.25660081526169));
#6043=CARTESIAN_POINT('Ctrl Pts',(2.15000000000003,8.6,3.2236561499261));
#6044=CARTESIAN_POINT('Ctrl Pts',(2.17844590664059,8.59999999999995,3.44417874182759));
#6045=CARTESIAN_POINT('Ctrl Pts',(2.2236166569824,8.4744069411054,3.81247947518118));
#6046=CARTESIAN_POINT('Ctrl Pts',(2.26315652348847,8.05565865901432,4.15389897059401));
#6047=CARTESIAN_POINT('Ctrl Pts',(2.27121869201494,7.7520821419532,4.22515887322234));
#6048=CARTESIAN_POINT('Ctrl Pts',(2.27121869201494,7.6,4.22515887322234));
#6049=CARTESIAN_POINT('',(1.65,7.6,3.74007534566632));
#6050=CARTESIAN_POINT('Origin',(2.15,7.6,3.74007534566632));
#6051=CARTESIAN_POINT('Ctrl Pts',(2.27121869201494,7.6,4.22515887322234));
#6052=CARTESIAN_POINT('Ctrl Pts',(2.27121869201494,7.7520821419532,4.22515887322234));
#6053=CARTESIAN_POINT('Ctrl Pts',(2.26315652348847,8.05565865901432,4.15389897059401));
#6054=CARTESIAN_POINT('Ctrl Pts',(2.2236166569824,8.4744069411054,3.81247947518118));
#6055=CARTESIAN_POINT('Ctrl Pts',(2.17844590664059,8.59999999999995,3.44417874182759));
#6056=CARTESIAN_POINT('Ctrl Pts',(2.15000000000003,8.6,3.2236561499261));
#6057=CARTESIAN_POINT('Ctrl Pts',(1.65,8.1,3.22365614992599));
#6058=CARTESIAN_POINT('Ctrl Pts',(1.65,8.09999999999997,3.33771775639088));
#6059=CARTESIAN_POINT('Ctrl Pts',(1.65,8.0372034705527,3.52774099673495));
#6060=CARTESIAN_POINT('Ctrl Pts',(1.65,7.82782932950716,3.70344032685736));
#6061=CARTESIAN_POINT('Ctrl Pts',(1.65,7.6760410709766,3.74007534566632));
#6062=CARTESIAN_POINT('Ctrl Pts',(1.65,7.6,3.74007534566632));
#6063=CARTESIAN_POINT('Origin',(2.15,0.,3.74007534566632));
#6064=CARTESIAN_POINT('',(1.65,1.6,3.74007534566632));
#6065=CARTESIAN_POINT('Origin',(2.15,1.6,3.74007534566632));
#6066=CARTESIAN_POINT('',(1.65,0.,3.74007534566632));
#6067=CARTESIAN_POINT('Ctrl Pts',(1.10764939048952,0.5,4.43617510456097));
#6068=CARTESIAN_POINT('Ctrl Pts',(1.36847965775717,0.500000000000003,4.40589978224314));
#6069=CARTESIAN_POINT('Ctrl Pts',(1.97396348532463,0.699243866716811,4.30474410862198));
#6070=CARTESIAN_POINT('Ctrl Pts',(2.27121869201494,1.26839219500949,4.22515887322234));
#6071=CARTESIAN_POINT('Ctrl Pts',(2.27121869201494,1.6,4.22515887322234));
#6072=CARTESIAN_POINT('Ctrl Pts',(1.10764939048952,0.574799825085472,4.43617510456097));
#6073=CARTESIAN_POINT('Ctrl Pts',(1.35189919849661,0.576035081872266,4.40782881524611));
#6074=CARTESIAN_POINT('Ctrl Pts',(1.91725891921256,0.768392457881796,4.31517929841896));
#6075=CARTESIAN_POINT('Ctrl Pts',(2.18733741427833,1.2952759845761,4.24612016791524));
#6076=CARTESIAN_POINT('Ctrl Pts',(2.18733741427833,1.6,4.24612016791524));
#6077=CARTESIAN_POINT('Ctrl Pts',(1.10370808547095,0.724171920020801,4.40221967278778));
#6078=CARTESIAN_POINT('Ctrl Pts',(1.31376280512263,0.727862635034188,4.37668666416861));
#6079=CARTESIAN_POINT('Ctrl Pts',(1.7958823800879,0.906404387067544,4.29642026804734));
#6080=CARTESIAN_POINT('Ctrl Pts',(2.00886904053504,1.34892272472417,4.24342345424864));
#6081=CARTESIAN_POINT('Ctrl Pts',(2.00886904053504,1.6,4.24342345424864));
#6082=CARTESIAN_POINT('Ctrl Pts',(1.08442329678086,0.93454316804967,4.236075889563));
#6083=CARTESIAN_POINT('Ctrl Pts',(1.24270112626277,0.940025821892452,4.21129042683944));
#6084=CARTESIAN_POINT('Ctrl Pts',(1.6004336934553,1.0899093333186,4.13385429584268));
#6085=CARTESIAN_POINT('Ctrl Pts',(1.73853218237618,1.4183055435207,4.08460068361815));
#6086=CARTESIAN_POINT('Ctrl Pts',(1.73853218237618,1.6,4.08460068361815));
#6087=CARTESIAN_POINT('Ctrl Pts',(1.0629364929747,1.,4.05096113766535));
#6088=CARTESIAN_POINT('Ctrl Pts',(1.20087587338688,1.00294550420747,4.0237752116401));
#6089=CARTESIAN_POINT('Ctrl Pts',(1.51557181714899,1.12724141840577,3.93499254171851));
#6090=CARTESIAN_POINT('Ctrl Pts',(1.65,1.42921337027153,3.86976632614431));
#6091=CARTESIAN_POINT('Ctrl Pts',(1.65,1.6,3.86976632614431));
#6092=CARTESIAN_POINT('Ctrl Pts',(1.05000000000001,1.,3.93950967615249));
#6093=CARTESIAN_POINT('Ctrl Pts',(1.18475301752391,1.,3.91083419439359));
#6094=CARTESIAN_POINT('Ctrl Pts',(1.49718922527193,1.10867847275464,3.81511263354089));
#6095=CARTESIAN_POINT('Ctrl Pts',(1.65,1.41912301545968,3.74007534566632));
#6096=CARTESIAN_POINT('Ctrl Pts',(1.65,1.6,3.74007534566632));
#6097=CARTESIAN_POINT('',(1.05,1.,3.93950967615249));
#6098=CARTESIAN_POINT('Ctrl Pts',(1.65,1.6,3.74007534566632));
#6099=CARTESIAN_POINT('Ctrl Pts',(1.65,1.41912301545968,3.74007534566632));
#6100=CARTESIAN_POINT('Ctrl Pts',(1.49718922527193,1.10867847275464,3.81511263354089));
#6101=CARTESIAN_POINT('Ctrl Pts',(1.18475301752391,1.,3.91083419439359));
#6102=CARTESIAN_POINT('Ctrl Pts',(1.05000000000001,1.,3.93950967615249));
#6103=CARTESIAN_POINT('Origin',(1.05000000000001,0.5,3.93950967615249));
#6104=CARTESIAN_POINT('Ctrl Pts',(1.05000000000001,1.,3.93950967615249));
#6105=CARTESIAN_POINT('Ctrl Pts',(0.35312264489527,1.,4.02039824312293));
#6106=CARTESIAN_POINT('Ctrl Pts',(-0.353122644895233,1.,4.02039824312311));
#6107=CARTESIAN_POINT('Ctrl Pts',(-1.05000000000001,1.,3.939509676153));
#6108=CARTESIAN_POINT('Ctrl Pts',(1.06509257513715,1.,4.06953638125083));
#6109=CARTESIAN_POINT('Ctrl Pts',(0.358017783247918,1.,4.15160859415586));
#6110=CARTESIAN_POINT('Ctrl Pts',(-0.358017783247813,1.,4.15160859415604));
#6111=CARTESIAN_POINT('Ctrl Pts',(-1.06509257513709,1.,4.06953638125135));
#6112=CARTESIAN_POINT('Ctrl Pts',(1.09518007626563,0.891852159077416,4.32874851707444));
#6113=CARTESIAN_POINT('Ctrl Pts',(0.367889245729892,0.891852159077416,4.41316726396275));
#6114=CARTESIAN_POINT('Ctrl Pts',(-0.367889245729667,0.891852159077416,
4.41316726396293));
#6115=CARTESIAN_POINT('Ctrl Pts',(-1.09518007626544,0.891852159077416,4.32874851707497));
#6116=CARTESIAN_POINT('Ctrl Pts',(1.10764939048951,0.630899693899575,4.43617510456098));
#6117=CARTESIAN_POINT('Ctrl Pts',(0.371810605748079,0.630899693899575,4.52158603717776));
#6118=CARTESIAN_POINT('Ctrl Pts',(-0.371810605747793,0.630899693899575,
4.52158603717794));
#6119=CARTESIAN_POINT('Ctrl Pts',(-1.10764939048928,0.630899693899575,4.43617510456152));
#6120=CARTESIAN_POINT('Ctrl Pts',(1.10764939048951,0.5,4.43617510456098));
#6121=CARTESIAN_POINT('Ctrl Pts',(0.37189238667728,0.5,4.52157654462915));
#6122=CARTESIAN_POINT('Ctrl Pts',(-0.371892386676997,0.5,4.52157654462933));
#6123=CARTESIAN_POINT('Ctrl Pts',(-1.10764939048928,0.5,4.43617510456152));
#6124=CARTESIAN_POINT('',(-1.05000000000001,1.,3.939509676153));
#6125=CARTESIAN_POINT('Origin',(-1.05000000000001,0.5,3.939509676153));
#6126=CARTESIAN_POINT('Ctrl Pts',(1.05000000000001,1.,3.93950967615249));
#6127=CARTESIAN_POINT('Ctrl Pts',(0.35312264489527,1.,4.02039824312293));
#6128=CARTESIAN_POINT('Ctrl Pts',(-0.353122644895233,1.,4.02039824312311));
#6129=CARTESIAN_POINT('Ctrl Pts',(-1.05000000000001,1.,3.939509676153));
#6130=CARTESIAN_POINT('Ctrl Pts',(-2.27121869201471,1.6,4.22515887322345));
#6131=CARTESIAN_POINT('Ctrl Pts',(-2.27121869201471,1.35129165573208,4.22515887322345));
#6132=CARTESIAN_POINT('Ctrl Pts',(-2.05349452803283,0.773495964720978,4.28429608222184));
#6133=CARTESIAN_POINT('Ctrl Pts',(-1.45542656276373,0.500000000000003,4.39580760390429));
#6134=CARTESIAN_POINT('Ctrl Pts',(-1.10764939048927,0.5,4.43617510456152));
#6135=CARTESIAN_POINT('Ctrl Pts',(-2.18733741427811,1.6,4.24612016791631));
#6136=CARTESIAN_POINT('Ctrl Pts',(-2.18733741427811,1.37145469981649,4.24612016791631));
#6137=CARTESIAN_POINT('Ctrl Pts',(-1.99027197909924,0.838426978821073,4.29712850148068));
#6138=CARTESIAN_POINT('Ctrl Pts',(-1.43331906236873,0.57644685062757,4.39837967366453));
#6139=CARTESIAN_POINT('Ctrl Pts',(-1.10764939048927,0.574799825085471,4.43617510456152));
#6140=CARTESIAN_POINT('Ctrl Pts',(-2.00886904053487,1.6,4.24342345424964));
#6141=CARTESIAN_POINT('Ctrl Pts',(-2.00886904053487,1.41169015783889,4.24342345424964));
#6142=CARTESIAN_POINT('Ctrl Pts',(-1.85523859183226,0.968010711542396,4.28197970606428));
#6143=CARTESIAN_POINT('Ctrl Pts',(-1.38378384963962,0.729092922650085,4.36817532038161));
#6144=CARTESIAN_POINT('Ctrl Pts',(-1.10370808547073,0.7241719200208,4.40221967278832));
#6145=CARTESIAN_POINT('Ctrl Pts',(-1.73853218237613,1.6,4.08460068361912));
#6146=CARTESIAN_POINT('Ctrl Pts',(-1.73853218237613,1.46372779303273,4.08460068361912));
#6147=CARTESIAN_POINT('Ctrl Pts',(-1.6409522068437,1.13837703941005,4.12023518569119));
#6148=CARTESIAN_POINT('Ctrl Pts',(-1.29546251606914,0.941853446377291,4.2030282749988));
#6149=CARTESIAN_POINT('Ctrl Pts',(-1.08442329678072,0.934543168049669,4.23607588956353));
#6150=CARTESIAN_POINT('Ctrl Pts',(-1.65,1.6,3.86976632614533));
#6151=CARTESIAN_POINT('Ctrl Pts',(-1.65,1.4719087450186,3.86976632614533));
#6152=CARTESIAN_POINT('Ctrl Pts',(-1.55356713170265,1.1696968229975,3.91782392133169));
#6153=CARTESIAN_POINT('Ctrl Pts',(-1.2468575086128,1.0039273782714,4.01471287331479));
#6154=CARTESIAN_POINT('Ctrl Pts',(-1.06293649297465,1.,4.05096113766588));
#6155=CARTESIAN_POINT('Ctrl Pts',(-1.65,1.6,3.74007534566738));
#6156=CARTESIAN_POINT('Ctrl Pts',(-1.65,1.46434090312659,3.74007534566738));
#6157=CARTESIAN_POINT('Ctrl Pts',(-1.53810792972984,1.14917961712054,3.79580972978966));
#6158=CARTESIAN_POINT('Ctrl Pts',(-1.22967248924307,1.,3.90127531760196));
#6159=CARTESIAN_POINT('Ctrl Pts',(-1.05000000000001,1.,3.939509676153));
#6160=CARTESIAN_POINT('',(-1.65,1.6,3.74007534566738));
#6161=CARTESIAN_POINT('Ctrl Pts',(-1.05000000000001,1.,3.939509676153));
#6162=CARTESIAN_POINT('Ctrl Pts',(-1.22967248924307,1.,3.90127531760196));
#6163=CARTESIAN_POINT('Ctrl Pts',(-1.53810792972984,1.14917961712054,3.79580972978966));
#6164=CARTESIAN_POINT('Ctrl Pts',(-1.65,1.46434090312659,3.74007534566738));
#6165=CARTESIAN_POINT('Ctrl Pts',(-1.65,1.6,3.74007534566738));
#6166=CARTESIAN_POINT('Origin',(-2.15,1.6,3.74007534566738));
#6167=CARTESIAN_POINT('Origin',(-2.15,0.,3.74007534566738));
#6168=CARTESIAN_POINT('',(-1.65,7.6,3.74007534566738));
#6169=CARTESIAN_POINT('Origin',(-2.15,7.6,3.74007534566738));
#6170=CARTESIAN_POINT('',(-1.65,0.,3.74007534566738));
#6171=CARTESIAN_POINT('Ctrl Pts',(-1.65,7.6,3.74007534566738));
#6172=CARTESIAN_POINT('Ctrl Pts',(-1.65,7.71406313662221,3.74007534566738));
#6173=CARTESIAN_POINT('Ctrl Pts',(-1.65,7.97949378006598,3.64125213066452));
#6174=CARTESIAN_POINT('Ctrl Pts',(-1.65,8.1,3.37574033208993));
#6175=CARTESIAN_POINT('Ctrl Pts',(-1.65,8.1,3.22365614992699));
#6176=CARTESIAN_POINT('Ctrl Pts',(-1.65,7.6,3.82653599931935));
#6177=CARTESIAN_POINT('Ctrl Pts',(-1.65,7.73440701422534,3.82653599931935));
#6178=CARTESIAN_POINT('Ctrl Pts',(-1.64999355827659,8.04650136647782,3.7069052161628));
#6179=CARTESIAN_POINT('Ctrl Pts',(-1.64998693105948,8.17841841712134,3.396985425755));
#6180=CARTESIAN_POINT('Ctrl Pts',(-1.65,8.17479982508547,3.22365614992699));
#6181=CARTESIAN_POINT('Ctrl Pts',(-1.69590129776127,7.6,3.99900131949337));
#6182=CARTESIAN_POINT('Ctrl Pts',(-1.69590129776127,7.77500332646305,3.99900131949337));
#6183=CARTESIAN_POINT('Ctrl Pts',(-1.69355773586314,8.18021193256295,3.83791081493855));
#6184=CARTESIAN_POINT('Ctrl Pts',(-1.68754622553868,8.33497011611671,3.43941491381165));
#6185=CARTESIAN_POINT('Ctrl Pts',(-1.68419592363406,8.32415844351802,3.22365614992699));
#6186=CARTESIAN_POINT('Ctrl Pts',(-1.91552012809703,7.6,4.22270952572849));
#6187=CARTESIAN_POINT('Ctrl Pts',(-1.91552012809703,7.82750766443444,4.22270952572849));
#6188=CARTESIAN_POINT('Ctrl Pts',(-1.90299584605643,8.35416274633138,4.01284472872927));
#6189=CARTESIAN_POINT('Ctrl Pts',(-1.87012194878816,8.55055875264485,3.49906653944804));
#6190=CARTESIAN_POINT('Ctrl Pts',(-1.85145880476891,8.53449772975223,3.22365614992699));
#6191=CARTESIAN_POINT('Ctrl Pts',(-2.14539677540981,7.6,4.25660081526274));
#6192=CARTESIAN_POINT('Ctrl Pts',(-2.14539677540981,7.83576198779855,4.25660081526274));
#6193=CARTESIAN_POINT('Ctrl Pts',(-2.12538139519691,8.38284290855182,4.04919455554736));
#6194=CARTESIAN_POINT('Ctrl Pts',(-2.070317982935,8.60862863347988,3.51784832067697));
#6195=CARTESIAN_POINT('Ctrl Pts',(-2.03780026237179,8.6,3.22365614992699));
#6196=CARTESIAN_POINT('Ctrl Pts',(-2.27121869201471,7.6,4.22515887322346));
#6197=CARTESIAN_POINT('Ctrl Pts',(-2.27121869201471,7.82812627324442,4.22515887322346));
#6198=CARTESIAN_POINT('Ctrl Pts',(-2.24977841977568,8.35898756013196,4.03281483124901));
#6199=CARTESIAN_POINT('Ctrl Pts',(-2.18792838433006,8.6,3.51769021693022));
#6200=CARTESIAN_POINT('Ctrl Pts',(-2.15,8.6,3.22365614992699));
#6201=CARTESIAN_POINT('',(-1.65,8.1,3.22365614992699));
#6202=CARTESIAN_POINT('',(-2.15,8.6,3.22365614992699));
#6203=CARTESIAN_POINT('Origin',(-2.15,8.1,3.22365614992699));
#6204=CARTESIAN_POINT('Ctrl Pts',(-2.15,8.6,3.22365614992699));
#6205=CARTESIAN_POINT('Ctrl Pts',(-2.18792838433006,8.6,3.51769021693022));
#6206=CARTESIAN_POINT('Ctrl Pts',(-2.24977841977568,8.35898756013196,4.03281483124901));
#6207=CARTESIAN_POINT('Ctrl Pts',(-2.27121869201471,7.82812627324442,4.22515887322346));
#6208=CARTESIAN_POINT('Ctrl Pts',(-2.27121869201471,7.6,4.22515887322346));
#6209=CARTESIAN_POINT('Ctrl Pts',(-1.65,7.6,3.74007534566738));
#6210=CARTESIAN_POINT('Ctrl Pts',(-1.65,7.71406313662221,3.74007534566738));
#6211=CARTESIAN_POINT('Ctrl Pts',(-1.65,7.97949378006598,3.64125213066452));
#6212=CARTESIAN_POINT('Ctrl Pts',(-1.65,8.1,3.37574033208993));
#6213=CARTESIAN_POINT('Ctrl Pts',(-1.65,8.1,3.22365614992699));
#6214=CARTESIAN_POINT('Origin',(-2.15,8.1,0.155410462109338));
#6215=CARTESIAN_POINT('',(-2.15,8.6,0.155410462109338));
#6216=CARTESIAN_POINT('',(-1.65,8.1,0.155410462109338));
#6217=CARTESIAN_POINT('Origin',(-1.65,10.0302042569643,0.276386369866326));
#6218=CARTESIAN_POINT('',(-1.65,1.6,4.39053403084819));
#6219=CARTESIAN_POINT('',(-1.65,2.8617501315328,-2.6382498684672));
#6220=CARTESIAN_POINT('',(-1.65,2.6810370358852,-2.8189629641148));
#6221=CARTESIAN_POINT('',(-1.65,2.91468993165086,-1.99355512748666));
#6222=CARTESIAN_POINT('Origin',(-1.65,2.50819674093953,-2.28469647787393));
#6223=CARTESIAN_POINT('',(-1.65,7.13616407604542,-1.91986902220346));
#6224=CARTESIAN_POINT('Origin',(-1.65,5.,-0.5));
#6225=CARTESIAN_POINT('',(-1.65,7.2115711486546,-2.56232346018721));
#6226=CARTESIAN_POINT('Origin',(-1.65,7.55257032868585,-2.19664660937763));
#6227=CARTESIAN_POINT('',(-1.65,7.50619466246806,-2.83706433154915));
#6228=CARTESIAN_POINT('',(-1.65,7.67301901132373,-2.99263055359215));
#6229=CARTESIAN_POINT('',(-1.65,0.,-2.83706433154915));
#6230=CARTESIAN_POINT('Origin',(-1.05,1.6,4.39053403084819));
#6231=CARTESIAN_POINT('',(-1.05,1.,4.39053403084819));
#6232=CARTESIAN_POINT('Origin',(0.,1.,8.50468169183005));
#6233=CARTESIAN_POINT('',(1.05,1.,4.39053403084819));
#6234=CARTESIAN_POINT('',(-0.479539371190109,1.,-1.46022500263112));
#6235=CARTESIAN_POINT('Origin',(-0.496589659943535,1.,-1.06058855828023));
#6236=CARTESIAN_POINT('',(0.479539365075203,1.,-1.46022500237023));
#6237=CARTESIAN_POINT('Origin',(9.84439960450233E-16,1.,-12.7));
#6238=CARTESIAN_POINT('',(0.836035124612948,1.,-0.848983330720166));
#6239=CARTESIAN_POINT('Origin',(0.49658965361121,1.,-1.06058855801006));
#6240=CARTESIAN_POINT('',(0.57081381857417,1.,1.27559942920112));
#6241=CARTESIAN_POINT('Origin',(3.00000000224903,1.,0.499999993252914));
#6242=CARTESIAN_POINT('',(0.201309007344747,1.,1.79709547114516));
#6243=CARTESIAN_POINT('Ctrl Pts',(0.201309007344747,1.,1.79709547114516));
#6244=CARTESIAN_POINT('Ctrl Pts',(0.307035539501459,1.,1.79404293143118));
#6245=CARTESIAN_POINT('Ctrl Pts',(0.410814162181623,1.,1.74684612026788));
#6246=CARTESIAN_POINT('Ctrl Pts',(0.482849525130775,1.,1.66959501253598));
#6247=CARTESIAN_POINT('Ctrl Pts',(0.53087310043021,1.,1.61809427404805));
#6248=CARTESIAN_POINT('Ctrl Pts',(0.564788560293639,1.,1.55323607041853));
#6249=CARTESIAN_POINT('Ctrl Pts',(0.58013554437516,1.,1.48440559153508));
#6250=CARTESIAN_POINT('Ctrl Pts',(0.595482528456681,1.,1.41557511265164));
#6251=CARTESIAN_POINT('Ctrl Pts',(0.592261036756293,1.,1.34277235851428));
#6252=CARTESIAN_POINT('Ctrl Pts',(0.57081381857417,1.,1.27559942920112));
#6253=CARTESIAN_POINT('',(-0.201309000452006,1.,1.7970954713443));
#6254=CARTESIAN_POINT('Ctrl Pts',(0.201230765803702,1.,1.79682676029004));
#6255=CARTESIAN_POINT('Ctrl Pts',(0.067120061406884,1.,1.80064672430452));
#6256=CARTESIAN_POINT('Ctrl Pts',(-0.0673799506364693,1.,1.80064376994393));
#6257=CARTESIAN_POINT('Ctrl Pts',(-0.201468419857855,1.,1.79681983970187));
#6258=CARTESIAN_POINT('Ctrl Pts',(-0.570813812653549,1.,1.27559943119309));
#6259=CARTESIAN_POINT('Ctrl Pts',(-0.592261030474221,1.,1.34277236047191));
#6260=CARTESIAN_POINT('Ctrl Pts',(-0.595482521861781,1.,1.41557511446624));
#6261=CARTESIAN_POINT('Ctrl Pts',(-0.580135537558976,1.,1.48440559315418));
#6262=CARTESIAN_POINT('Ctrl Pts',(-0.56478855325617,1.,1.55323607184212));
#6263=CARTESIAN_POINT('Ctrl Pts',(-0.530873093262999,1.,1.61809427522367));
#6264=CARTESIAN_POINT('Ctrl Pts',(-0.482849517927035,1.,1.66959501348383));
#6265=CARTESIAN_POINT('Ctrl Pts',(-0.410814154923089,1.,1.74684612087408));
#6266=CARTESIAN_POINT('Ctrl Pts',(-0.307035532397861,1.,1.79404293174122));
#6267=CARTESIAN_POINT('Ctrl Pts',(-0.201309000452006,1.,1.7970954713443));
#6268=CARTESIAN_POINT('Origin',(1.05,1.6,4.39053403084819));
#6269=CARTESIAN_POINT('',(1.65,1.6,4.39053403084819));
#6270=CARTESIAN_POINT('Origin',(1.65,10.0302042569643,0.276386369866326));
#6271=CARTESIAN_POINT('',(1.64999999999999,7.50619466246806,-2.83706433154915));
#6272=CARTESIAN_POINT('',(1.64999999999999,0.,-2.83706433154915));
#6273=CARTESIAN_POINT('',(1.65,7.2115711486546,-2.56232346018721));
#6274=CARTESIAN_POINT('',(1.64999999999999,4.00140350080315,0.43120630046532));
#6275=CARTESIAN_POINT('',(1.65,7.13616407604542,-1.91986902220346));
#6276=CARTESIAN_POINT('Origin',(1.65,7.55257032868585,-2.19664660937763));
#6277=CARTESIAN_POINT('',(1.65,2.91468993165086,-1.99355512748666));
#6278=CARTESIAN_POINT('Origin',(1.65,5.,-0.5));
#6279=CARTESIAN_POINT('',(1.65,2.8617501315328,-2.6382498684672));
#6280=CARTESIAN_POINT('Origin',(1.65,2.50819674093953,-2.28469647787393));
#6281=CARTESIAN_POINT('',(1.64999999999999,6.36161825727571,0.861618257275715));
#6282=CARTESIAN_POINT('Origin',(9.84439960450233E-16,0.,-12.7));
#6283=CARTESIAN_POINT('Origin',(9.84439960450233E-16,18.0828982623011,-12.7));
#6284=CARTESIAN_POINT('Origin',(-4.6,9.85405089688557,-5.02647569022584));
#6285=CARTESIAN_POINT('Origin',(9.84439960450233E-16,18.0828982623011,-12.7));
#6286=CARTESIAN_POINT('',(0.,7.2115711486546,-2.56232346018721));
#6287=CARTESIAN_POINT('Origin',(-4.6,5.,-0.5));
#6288=CARTESIAN_POINT('',(5.1,2.8617501315328,-2.6382498684672));
#6289=CARTESIAN_POINT('',(0.,2.8617501315328,-2.6382498684672));
#6290=CARTESIAN_POINT('',(5.1,5.,-0.5));
#6291=CARTESIAN_POINT('Origin',(0.0294827636098444,1.,5.069117880897));
#6292=CARTESIAN_POINT('',(1.64999999353235,1.,6.48721960423674));
#6293=CARTESIAN_POINT('',(3.4409507006146,1.,5.54847811181696));
#6294=CARTESIAN_POINT('Ctrl Pts',(1.64999999029385,1.,6.4872196038126));
#6295=CARTESIAN_POINT('Ctrl Pts',(2.11960487677789,1.,6.4255380629026));
#6296=CARTESIAN_POINT('Ctrl Pts',(2.54353162020347,1.,6.32200747830591));
#6297=CARTESIAN_POINT('Ctrl Pts',(2.89783234369208,1.,6.09889980753004));
#6298=CARTESIAN_POINT('Ctrl Pts',(3.12178931007892,1.,5.95787125801818));
#6299=CARTESIAN_POINT('Ctrl Pts',(3.3094537233484,1.,5.76436499700044));
#6300=CARTESIAN_POINT('Ctrl Pts',(3.44095070061456,1.,5.54847811181703));
#6301=CARTESIAN_POINT('',(1.97510381727627,1.,5.9243672247182));
#6302=CARTESIAN_POINT('Ctrl Pts',(1.97510381727627,1.,5.92436722471819));
#6303=CARTESIAN_POINT('Ctrl Pts',(2.47066627217615,1.,5.83482931212894));
#6304=CARTESIAN_POINT('Ctrl Pts',(2.96257364203629,1.,5.71077498904257));
#6305=CARTESIAN_POINT('Ctrl Pts',(3.4413878276545,0.999999999999999,5.54977141885477));
#6306=CARTESIAN_POINT('',(1.64999999999999,1.,5.98254934027016));
#6307=CARTESIAN_POINT('Ctrl Pts',(1.97510381727627,1.,5.9243672247182));
#6308=CARTESIAN_POINT('Ctrl Pts',(1.91360518992388,0.999999999999999,5.93796947688038));
#6309=CARTESIAN_POINT('Ctrl Pts',(1.85027768067031,1.,5.95053222875091));
#6310=CARTESIAN_POINT('Ctrl Pts',(1.78518272536557,1.,5.96211144639459));
#6311=CARTESIAN_POINT('Ctrl Pts',(1.71839493388071,1.,5.97276489446314));
#6312=CARTESIAN_POINT('Ctrl Pts',(1.64999999999999,1.,5.98254934027016));
#6313=CARTESIAN_POINT('',(-1.65,1.,5.98561129343044));
#6314=CARTESIAN_POINT('Ctrl Pts',(1.64999999999999,1.,5.98254934027016));
#6315=CARTESIAN_POINT('Ctrl Pts',(1.61047854369487,1.,5.98820320270545));
#6316=CARTESIAN_POINT('Ctrl Pts',(1.4441818810985,1.,6.01047001109973));
#6317=CARTESIAN_POINT('Ctrl Pts',(1.13587915850732,1.,6.04117526801118));
#6318=CARTESIAN_POINT('Ctrl Pts',(0.660459315176052,1.,6.06725095796659));
#6319=CARTESIAN_POINT('Ctrl Pts',(0.00144781622354224,1.,6.07788078474577));
#6320=CARTESIAN_POINT('Ctrl Pts',(-0.657984124397029,1.,6.06757705436346));
#6321=CARTESIAN_POINT('Ctrl Pts',(-1.13705191486433,1.,6.04203382474039));
#6322=CARTESIAN_POINT('Ctrl Pts',(-1.44741887472431,1.,6.01208863658033));
#6323=CARTESIAN_POINT('Ctrl Pts',(-1.61333210947798,1.,5.99064691193414));
#6324=CARTESIAN_POINT('Ctrl Pts',(-1.65,1.,5.98561129343044));
#6325=CARTESIAN_POINT('',(-2.09753767285262,1.,5.90151302091308));
#6326=CARTESIAN_POINT('Ctrl Pts',(-1.65,1.,5.98561129343044));
#6327=CARTESIAN_POINT('Ctrl Pts',(-1.74053125136095,1.,5.97317859446612));
#6328=CARTESIAN_POINT('Ctrl Pts',(-1.83393940005292,1.,5.95840028294343));
#6329=CARTESIAN_POINT('Ctrl Pts',(-1.92390713922483,1.,5.94183974263711));
#6330=CARTESIAN_POINT('Ctrl Pts',(-2.01017787691875,1.,5.92334399580935));
#6331=CARTESIAN_POINT('Ctrl Pts',(-2.09255355130601,1.,5.90276917580043));
#6332=CARTESIAN_POINT('Ctrl Pts',(-2.09753767285382,1.,5.90151302091278));
#6333=CARTESIAN_POINT('',(-3.42690777834458,1.,5.55320809231974));
#6334=CARTESIAN_POINT('Ctrl Pts',(-3.42725845384722,0.999999999999999,5.5542510412619));
#6335=CARTESIAN_POINT('Ctrl Pts',(-2.99225270419635,0.999999999999999,5.69984067915224));
#6336=CARTESIAN_POINT('Ctrl Pts',(-2.54663725153387,0.999999999999999,5.81498191423897));
#6337=CARTESIAN_POINT('Ctrl Pts',(-2.09753767285262,0.999999999999999,5.90151302091308));
#6338=CARTESIAN_POINT('',(-1.64999999981408,1.,6.48993340876613));
#6339=CARTESIAN_POINT('Ctrl Pts',(-3.42690777834458,1.,5.55320809231974));
#6340=CARTESIAN_POINT('Ctrl Pts',(-3.37345875863985,1.,5.65061683943762));
#6341=CARTESIAN_POINT('Ctrl Pts',(-3.30784516931759,1.,5.74551163713628));
#6342=CARTESIAN_POINT('Ctrl Pts',(-3.23067476061439,1.,5.83204353098825));
#6343=CARTESIAN_POINT('Ctrl Pts',(-2.89926847855904,1.,6.20365246377207));
#6344=CARTESIAN_POINT('Ctrl Pts',(-2.397926893231,1.,6.37359905606853));
#6345=CARTESIAN_POINT('Ctrl Pts',(-1.84616291621589,1.,6.46194294924611));
#6346=CARTESIAN_POINT('Ctrl Pts',(-1.78179220193693,1.,6.472249456635));
#6347=CARTESIAN_POINT('Ctrl Pts',(-1.71659250663652,1.,6.48150467394011));
#6348=CARTESIAN_POINT('Ctrl Pts',(-1.64999999158083,1.,6.4899334097847));
#6349=CARTESIAN_POINT('Ctrl Pts',(-1.64999999158083,1.,6.4899334097847));
#6350=CARTESIAN_POINT('Ctrl Pts',(-0.856942798977148,1.,6.59031210220259));
#6351=CARTESIAN_POINT('Ctrl Pts',(0.0798461613280157,1.,6.59335898839921));
#6352=CARTESIAN_POINT('Ctrl Pts',(0.925404491655719,1.,6.54985038564134));
#6353=CARTESIAN_POINT('Ctrl Pts',(1.17643976022995,1.,6.53693324747728));
#6354=CARTESIAN_POINT('Ctrl Pts',(1.41889550484057,1.,6.51757465586646));
#6355=CARTESIAN_POINT('Ctrl Pts',(1.64999999029385,1.,6.4872196038126));
#6356=CARTESIAN_POINT('Ctrl Pts',(5.26103874250125,-2.8,2.71715207528906));
#6357=CARTESIAN_POINT('Ctrl Pts',(6.60000004422075,-2.8,1.51194204943683));
#6358=CARTESIAN_POINT('Ctrl Pts',(6.59999999999997,-2.8,-8.97386903050802E-8));
#6359=CARTESIAN_POINT('Ctrl Pts',(5.26103874250125,-1.17416283527911,2.71715207528906));
#6360=CARTESIAN_POINT('Ctrl Pts',(6.60000004422075,-1.17416283527911,1.51194204943683));
#6361=CARTESIAN_POINT('Ctrl Pts',(6.59999999999997,-1.17416283527911,-8.97386903050802E-8));
#6362=CARTESIAN_POINT('',(5.26103874250125,-1.8,2.71715207528906));
#6363=CARTESIAN_POINT('Origin',(0.,2.50819674093953,-2.28469647787393));
#6364=CARTESIAN_POINT('',(5.1,2.91468993165086,-1.99355512748666));
#6365=CARTESIAN_POINT('',(0.,2.91468993165086,-1.99355512748666));
#6366=CARTESIAN_POINT('Origin',(5.1,2.50819674093953,-2.28469647787393));
#6367=CARTESIAN_POINT('Origin',(0.,5.,-0.5));
#6368=CARTESIAN_POINT('',(5.1,7.13616407604542,-1.91986902220346));
#6369=CARTESIAN_POINT('',(0.,7.13616407604542,-1.91986902220346));
#6370=CARTESIAN_POINT('Origin',(5.1,5.,-0.5));
#6371=CARTESIAN_POINT('Origin',(0.,7.55257032868585,-2.19664660937763));
#6372=CARTESIAN_POINT('',(5.1,7.2115711486546,-2.56232346018721));
#6373=CARTESIAN_POINT('',(0.,7.2115711486546,-2.56232346018721));
#6374=CARTESIAN_POINT('Origin',(5.1,7.55257032868585,-2.19664660937763));
#6375=CARTESIAN_POINT('Ctrl Pts',(-4.71661443944623,7.6,3.14772262935622));
#6376=CARTESIAN_POINT('Ctrl Pts',(-3.95390308736277,7.6,3.67901219528804));
#6377=CARTESIAN_POINT('Ctrl Pts',(-3.11929884706918,7.6,4.01323007894492));
#6378=CARTESIAN_POINT('Ctrl Pts',(-2.27121869201471,7.6,4.22515887322346));
#6379=CARTESIAN_POINT('Ctrl Pts',(-4.71661443944623,7.89919930034188,3.14772262935622));
#6380=CARTESIAN_POINT('Ctrl Pts',(-3.95349661541843,7.89919930034188,3.67929533556422));
#6381=CARTESIAN_POINT('Ctrl Pts',(-3.11960773073982,7.89919930034188,4.01315289125989));
#6382=CARTESIAN_POINT('Ctrl Pts',(-2.27121869201471,7.89919930034188,4.22515887322346));
#6383=CARTESIAN_POINT('Ctrl Pts',(-4.57316944862111,8.41739892493408,2.94179514664735));
#6384=CARTESIAN_POINT('Ctrl Pts',(-3.84251671987067,8.41739892493408,3.45075331285836));
#6385=CARTESIAN_POINT('Ctrl Pts',(-3.03409416089369,8.41739892493408,3.77584155023239));
#6386=CARTESIAN_POINT('Ctrl Pts',(-2.21037579854961,8.41739892493408,3.98168251740543));
#6387=CARTESIAN_POINT('Ctrl Pts',(-4.27329863831335,8.6,2.5113050978186));
#6388=CARTESIAN_POINT('Ctrl Pts',(-3.60929252296141,8.6,2.97383855800342));
#6389=CARTESIAN_POINT('Ctrl Pts',(-2.85625680579031,8.6,3.27951180164896));
#6390=CARTESIAN_POINT('Ctrl Pts',(-2.08318412974402,8.6,3.47269679618954));
#6391=CARTESIAN_POINT('Ctrl Pts',(-4.14503694950134,8.6,2.32717453631822));
#6392=CARTESIAN_POINT('Ctrl Pts',(-3.50951330718472,8.6,2.76986767198936));
#6393=CARTESIAN_POINT('Ctrl Pts',(-2.78020975755442,8.6,3.06721555149941));
#6394=CARTESIAN_POINT('Ctrl Pts',(-2.02878130798528,8.6,3.25499181811131));
#6395=CARTESIAN_POINT('Ctrl Pts',(-2.1500084282707,8.6,3.22368775675516));
#6396=CARTESIAN_POINT('Ctrl Pts',(-2.85850799588333,8.6,3.03475951610153));
#6397=CARTESIAN_POINT('Ctrl Pts',(-3.54374686904136,8.6,2.74602125332858));
#6398=CARTESIAN_POINT('Ctrl Pts',(-4.14503694950134,8.6,2.32717453631822));
#6399=CARTESIAN_POINT('Origin',(-4.14503694949911,7.6,2.32717453631977));
#6400=CARTESIAN_POINT('Origin',(0.,8.6,0.03443455435235));
#6401=CARTESIAN_POINT('Origin',(0.,7.55257032868585,-2.19664660937763));
#6402=CARTESIAN_POINT('',(-5.1,7.13616407604542,-1.91986902220346));
#6403=CARTESIAN_POINT('',(0.,7.13616407604542,-1.91986902220346));
#6404=CARTESIAN_POINT('Origin',(-5.1,7.55257032868585,-2.19664660937763));
#6405=CARTESIAN_POINT('Origin',(-5.1,5.,-0.5));
#6406=CARTESIAN_POINT('',(-5.1,2.91468993165086,-1.99355512748666));
#6407=CARTESIAN_POINT('Origin',(-5.1,5.,-0.5));
#6408=CARTESIAN_POINT('Origin',(-5.1,2.50819674093953,-2.28469647787393));
#6409=CARTESIAN_POINT('',(-5.1,7.6,-0.5));
#6410=CARTESIAN_POINT('Origin',(-5.1,5.,-0.5));
#6411=CARTESIAN_POINT('Origin',(-5.1,5.,-0.5));
#6412=CARTESIAN_POINT('Origin',(0.,5.,-0.5));
#6413=CARTESIAN_POINT('',(0.,2.91468993165086,-1.99355512748666));
#6414=CARTESIAN_POINT('Origin',(0.,2.50819674093953,-2.28469647787393));
#6415=CARTESIAN_POINT('',(0.,2.8617501315328,-2.6382498684672));
#6416=CARTESIAN_POINT('Origin',(-4.6,5.,-0.5));
#6417=CARTESIAN_POINT('Origin',(-4.6,9.85405089688557,-5.02647569022584));
#6418=CARTESIAN_POINT('',(5.1,5.,-0.5));
#6419=CARTESIAN_POINT('Ctrl Pts',(-4.39908220252058,8.56719233320906,2.32717453631932));
#6420=CARTESIAN_POINT('Ctrl Pts',(-5.24277754411102,8.3455851211091,1.9353736008912));
#6421=CARTESIAN_POINT('Ctrl Pts',(-5.88593714110205,7.77804285125585,1.45995745844457));
#6422=CARTESIAN_POINT('Ctrl Pts',(-6.243180506932,7.15139593864849,0.959964217084357));
#6423=CARTESIAN_POINT('Ctrl Pts',(-4.54577425932444,8.52866181615745,2.55229233377728));
#6424=CARTESIAN_POINT('Ctrl Pts',(-5.38044054502784,8.26251293864343,2.11458271677507));
#6425=CARTESIAN_POINT('Ctrl Pts',(-5.96851975919628,7.6781953069216,1.59419772784616));
#6426=CARTESIAN_POINT('Ctrl Pts',(-6.28868125001285,7.07158227966925,1.04832517360305));
#6427=CARTESIAN_POINT('Ctrl Pts',(-4.74878351470641,8.26407351577902,2.94349888431026));
#6428=CARTESIAN_POINT('Ctrl Pts',(-5.52574711018927,7.99526804342716,2.42910067057145));
#6429=CARTESIAN_POINT('Ctrl Pts',(-6.04567424721709,7.45331679522865,1.82884528416137));
#6430=CARTESIAN_POINT('Ctrl Pts',(-6.33075146872436,6.91056062026261,1.20290463944862));
#6431=CARTESIAN_POINT('Ctrl Pts',(-4.75180986487534,7.79901229094729,3.12320619565175));
#6432=CARTESIAN_POINT('Ctrl Pts',(-5.45518537752,7.61512728729805,2.62568383923633));
#6433=CARTESIAN_POINT('Ctrl Pts',(-5.99239072796062,7.18770217842752,2.01674617102003));
#6434=CARTESIAN_POINT('Ctrl Pts',(-6.30200534219739,6.73245766616984,1.33802420364877));
#6435=CARTESIAN_POINT('Ctrl Pts',(-4.71661443944434,7.60000000000042,3.14772262935754));
#6436=CARTESIAN_POINT('Ctrl Pts',(-5.39164415445218,7.45226185860052,2.6775103487908));
#6437=CARTESIAN_POINT('Ctrl Pts',(-5.94703387893144,7.07390034536494,2.08324447707379));
#6438=CARTESIAN_POINT('Ctrl Pts',(-6.27724711201292,6.65613573696004,1.39000115666306));
#6439=CARTESIAN_POINT('Ctrl Pts',(-6.243180506932,7.1513959386485,0.95996421708436));
#6440=CARTESIAN_POINT('Ctrl Pts',(-6.24964802173508,7.1400511564321,0.976681831187225));
#6441=CARTESIAN_POINT('Ctrl Pts',(-6.25552170787092,7.12840698178955,0.993420871492633));
#6442=CARTESIAN_POINT('Ctrl Pts',(-6.28624677803434,7.05891082441666,1.09081983438749));
#6443=CARTESIAN_POINT('Ctrl Pts',(-6.29769440942867,6.99484577344283,1.17064681750819));
#6444=CARTESIAN_POINT('Ctrl Pts',(-6.29200782104022,6.85439154359739,1.32554995417688));
#6445=CARTESIAN_POINT('Ctrl Pts',(-6.27365517729785,6.77848563499156,1.3992811848156));
#6446=CARTESIAN_POINT('Ctrl Pts',(-6.24012448671477,6.70183206971722,1.46564686718698));
#6447=CARTESIAN_POINT('Origin',(-4.14503694950134,7.6,2.32717453631822));
#6448=CARTESIAN_POINT('Origin',(-4.14503694949911,7.6,2.32717453631977));
#6449=CARTESIAN_POINT('Origin',(9.84439960450233E-16,0.,-12.7));
#6450=CARTESIAN_POINT('Ctrl Pts',(2.27121869201494,7.6,4.22515887322234));
#6451=CARTESIAN_POINT('Ctrl Pts',(2.85190193520302,7.6,4.08005053782103));
#6452=CARTESIAN_POINT('Ctrl Pts',(3.8068637520302,7.6,3.73911766118791));
#6453=CARTESIAN_POINT('Ctrl Pts',(5.05504611347798,7.6,2.95670798186769));
#6454=CARTESIAN_POINT('Ctrl Pts',(5.68797138635894,7.6,2.321628466808));
#6455=CARTESIAN_POINT('Ctrl Pts',(5.95612049022072,7.6,1.93864646636977));
#6456=CARTESIAN_POINT('Ctrl Pts',(2.27121869201494,7.89919930034188,4.22515887322234));
#6457=CARTESIAN_POINT('Ctrl Pts',(2.85211342885791,7.89919930034188,4.07999768716179));
#6458=CARTESIAN_POINT('Ctrl Pts',(3.80619637050999,7.89919930034188,3.73974010303612));
#6459=CARTESIAN_POINT('Ctrl Pts',(5.05503212345461,7.89919930034188,2.95693192194702));
#6460=CARTESIAN_POINT('Ctrl Pts',(5.68776248366285,7.89919930034188,2.32192683055896));
#6461=CARTESIAN_POINT('Ctrl Pts',(5.95612049022072,7.89919930034188,1.93864646636977));
#6462=CARTESIAN_POINT('Ctrl Pts',(2.21037538554088,8.41739688089137,3.98168086465769));
#6463=CARTESIAN_POINT('Ctrl Pts',(2.77437802994755,8.41739688089137,3.84074088429514));
#6464=CARTESIAN_POINT('Ctrl Pts',(3.70019430534177,8.41739688089137,3.50956980010066));
#6465=CARTESIAN_POINT('Ctrl Pts',(4.89894944443603,8.41739688089137,2.7574022435152));
#6466=CARTESIAN_POINT('Ctrl Pts',(5.49886462973961,8.41739688089137,2.15415515893184));
#6467=CARTESIAN_POINT('Ctrl Pts',(5.750537484895,8.41739688089137,1.79470524045256));
#6468=CARTESIAN_POINT('Ctrl Pts',(2.08318412974391,8.6,3.47269679618851));
#6469=CARTESIAN_POINT('Ctrl Pts',(2.61250950785964,8.6,3.34042240149039));
#6470=CARTESIAN_POINT('Ctrl Pts',(3.47659553456946,8.6,3.0302745286002));
#6471=CARTESIAN_POINT('Ctrl Pts',(4.57262088761217,8.6,2.34096351668284));
#6472=CARTESIAN_POINT('Ctrl Pts',(5.10335146473203,8.6,1.8043291899624));
#6473=CARTESIAN_POINT('Ctrl Pts',(5.32077187659357,8.6,1.49380007361763));
#6474=CARTESIAN_POINT('Ctrl Pts',(2.02878130798507,8.6,3.25499181811031));
#6475=CARTESIAN_POINT('Ctrl Pts',(2.54328681376663,8.6,3.12642079703369));
#6476=CARTESIAN_POINT('Ctrl Pts',(3.38091757983496,8.6,2.82530480581186));
#6477=CARTESIAN_POINT('Ctrl Pts',(4.43304133152211,8.6,2.16285563052665));
#6478=CARTESIAN_POINT('Ctrl Pts',(4.9341684839052,8.6,1.65471759475157));
#6479=CARTESIAN_POINT('Ctrl Pts',(5.13695057818747,8.6,1.36509554864804));
#6480=CARTESIAN_POINT('Origin',(-6.7838040483582,0.,2.49999999999641));
#6481=CARTESIAN_POINT('',(-6.78380404835771,0.500336443020177,1.49999999999641));
#6482=CARTESIAN_POINT('Ctrl Pts',(-5.96296372771343,1.37000007450581,1.92884225645808));
#6483=CARTESIAN_POINT('Ctrl Pts',(-5.96372628398749,1.36851071457356,1.9277463474144));
#6484=CARTESIAN_POINT('Ctrl Pts',(-5.96449102426588,1.36702133207213,1.92665198092924));
#6485=CARTESIAN_POINT('Ctrl Pts',(-6.02506454552423,1.24938490690465,1.84033809669008));
#6486=CARTESIAN_POINT('Ctrl Pts',(-6.09895008587619,1.13156551748827,1.76335959224248));
#6487=CARTESIAN_POINT('Ctrl Pts',(-6.26703347820901,0.91336056503141,1.63784797330135));
#6488=CARTESIAN_POINT('Ctrl Pts',(-6.36210436589087,0.809461881350811,1.5862269554637));
#6489=CARTESIAN_POINT('Ctrl Pts',(-6.56406498222619,0.63443179266872,1.51937540716045));
#6490=CARTESIAN_POINT('Ctrl Pts',(-6.66971188078786,0.559592601286856,1.49999999999646));
#6491=CARTESIAN_POINT('Ctrl Pts',(-6.78380404835771,0.5003364430202,1.49999999999641));
#6492=CARTESIAN_POINT('',(-6.78380404835767,2.77555756156289E-16,1.49999999999641));
#6493=CARTESIAN_POINT('Origin',(-4.59999999999843,-3.62999992549419,1.49999999999756));
#6494=CARTESIAN_POINT('',(-7.31765502271153,0.370000074505806,1.49999999993616));
#6495=CARTESIAN_POINT('Ctrl Pts',(-7.31765502266542,0.370000074505806,1.49999999999613));
#6496=CARTESIAN_POINT('Ctrl Pts',(-7.1679069778119,0.370000074505806,1.4999999999962));
#6497=CARTESIAN_POINT('Ctrl Pts',(-7.0188936702479,0.399319398667266,1.50000000032858));
#6498=CARTESIAN_POINT('Ctrl Pts',(-6.84741827402498,0.469147834578444,1.50000000032867));
#6499=CARTESIAN_POINT('Ctrl Pts',(-6.81522136522096,0.484019201091894,1.49999999999639));
#6500=CARTESIAN_POINT('Ctrl Pts',(-6.78380404835772,0.500336443020196,1.49999999999641));
#6501=CARTESIAN_POINT('',(-8.54999999999843,0.370000074505806,1.49999999999547));
#6502=CARTESIAN_POINT('',(-4.59999999999843,0.370000074505806,1.49999999999756));
#6503=CARTESIAN_POINT('',(-9.39999999999842,-0.479999925494194,1.49999999999502));
#6504=CARTESIAN_POINT('Origin',(-8.54999999999843,-0.479999925494194,1.49999999999547));
#6505=CARTESIAN_POINT('',(-9.39999999999842,-2.52999992549419,1.49999999999502));
#6506=CARTESIAN_POINT('',(-9.39999999999842,0.370000074505806,1.49999999999502));
#6507=CARTESIAN_POINT('',(-7.3999999999992,-2.52999992549419,1.49999999999608));
#6508=CARTESIAN_POINT('',(-7.50538061032033,-2.52999992549419,1.49999999999602));
#6509=CARTESIAN_POINT('',(-7.40000000001797,-3.94909690877449,1.49999999999608));
#6510=CARTESIAN_POINT('',(-7.3999999999992,-3.57999992549419,1.49999999999608));
#6511=CARTESIAN_POINT('',(-6.95835867173735,-3.12999992549419,1.49999999999631));
#6512=CARTESIAN_POINT('Ctrl Pts',(-6.95835867173735,-3.12999992549419,1.49999999999631));
#6513=CARTESIAN_POINT('Ctrl Pts',(-6.95835867173735,-3.2914166111642,1.49999999999631));
#6514=CARTESIAN_POINT('Ctrl Pts',(-7.04194639821476,-3.61361174197864,1.49999999999627));
#6515=CARTESIAN_POINT('Ctrl Pts',(-7.26643472670408,-3.85845660772957,1.49999999999615));
#6516=CARTESIAN_POINT('Ctrl Pts',(-7.40000000003648,-3.94909690876795,1.49999999999608));
#6517=CARTESIAN_POINT('',(-6.95835867173735,-2.8,1.49999999999631));
#6518=CARTESIAN_POINT('Origin',(-7.59999999999578,0.185000037252902,-3.50000000000403));
#6519=CARTESIAN_POINT('',(-7.59999999999631,-2.52999992549419,-2.50000000000403));
#6520=CARTESIAN_POINT('',(-7.51717815423444,-2.61282177125411,-2.50343563085126));
#6521=CARTESIAN_POINT('Origin',(-7.59999999999578,-2.52999992549419,-3.50000000000403));
#6522=CARTESIAN_POINT('',(-7.59999999999631,0.370000074505805,-2.50000000000403));
#6523=CARTESIAN_POINT('',(-7.59999999999631,0.185000037252902,-2.50000000000403));
#6524=CARTESIAN_POINT('',(-6.59999999999578,1.3700000745058,-3.5000000000035));
#6525=CARTESIAN_POINT('Origin',(-7.59999999999578,1.3700000745058,-3.50000000000403));
#6526=CARTESIAN_POINT('',(-6.59999999999578,0.185000037252902,-3.5000000000035));
#6527=CARTESIAN_POINT('',(-7.51717815423558,0.185000037252902,-2.50343563085125));
#6528=CARTESIAN_POINT('Origin',(-6.59999999999568,0.,-3.68113236320951));
#6529=CARTESIAN_POINT('',(-6.59999999999705,1.37000007450581,-1.0905661816065));
#6530=CARTESIAN_POINT('Origin',(-6.59999999999568,5.,-0.5));
#6531=CARTESIAN_POINT('Origin',(-4.59999999999631,0.370000074505805,-2.50000000000244));
#6532=CARTESIAN_POINT('',(-9.39999999999631,-2.52999992549419,-2.50000000000498));
#6533=CARTESIAN_POINT('',(-7.50538061031821,-2.52999992549419,-2.50000000000398));
#6534=CARTESIAN_POINT('',(-9.39999999999631,-0.479999925494195,-2.50000000000498));
#6535=CARTESIAN_POINT('',(-9.39999999999631,-3.62999992549419,-2.50000000000498));
#6536=CARTESIAN_POINT('',(-8.54999999999631,0.370000074505805,-2.50000000000453));
#6537=CARTESIAN_POINT('Origin',(-8.54999999999631,-0.479999925494195,-2.50000000000453));
#6538=CARTESIAN_POINT('',(-4.59999999999631,0.370000074505805,-2.50000000000244));
#6539=CARTESIAN_POINT('Origin',(-4.59999999999631,0.370000074505805,-2.50000000000244));
#6540=CARTESIAN_POINT('',(-7.09999999999859,-3.12999992549419,-2.50000000000376));
#6541=CARTESIAN_POINT('',(-7.09999999999859,-1.2149999627471,-2.50000000000376));
#6542=CARTESIAN_POINT('',(-7.40000000000132,-3.84414276835116,-2.50000000000392));
#6543=CARTESIAN_POINT('Origin',(-8.09999999999859,-3.12999992549419,-2.50000000000429));
#6544=CARTESIAN_POINT('',(-7.40000000000132,-1.57999992549419,-2.50000000000392));
#6545=CARTESIAN_POINT('Origin',(-7.09999999999886,-1.2149999627471,-2.00000000000376));
#6546=CARTESIAN_POINT('',(-6.59999999999886,-3.12999992549419,-2.00000000000368));
#6547=CARTESIAN_POINT('',(-6.59999999999886,-1.2149999627471,-2.00000000000368));
#6548=CARTESIAN_POINT('Origin',(-7.09999999999886,-3.12999992549419,-2.00000000000376));
#6549=CARTESIAN_POINT('Origin',(-8.09999999999886,-3.12999992549419,-2.00000000000303));
#6550=CARTESIAN_POINT('',(-7.05000000000295,-4.20121418977964,-2.00000000000247));
#6551=CARTESIAN_POINT('Origin',(-7.40000000000159,-3.84414276835116,-2.00000000000266));
#6552=CARTESIAN_POINT('Origin',(-8.09999999999886,-3.12999992549419,-2.00000000000303));
#6553=CARTESIAN_POINT('Ctrl Pts',(-7.95999999999912,-4.12999992549419,-2.58000000000359));
#6554=CARTESIAN_POINT('Ctrl Pts',(-7.75913656381596,-4.12999992549419,-2.52141483111696));
#6555=CARTESIAN_POINT('Ctrl Pts',(-7.54942206806573,-4.02722142112151,-2.500000000004));
#6556=CARTESIAN_POINT('Ctrl Pts',(-7.40000000000132,-3.84414276835116,-2.50000000000392));
#6557=CARTESIAN_POINT('Ctrl Pts',(-7.95999999999912,-4.26089961939377,-2.58000000000359));
#6558=CARTESIAN_POINT('Ctrl Pts',(-7.72895032715689,-4.25498357284845,-2.51241154967055));
#6559=CARTESIAN_POINT('Ctrl Pts',(-7.48528857597335,-4.14156872974005,-2.49299953341246));
#6560=CARTESIAN_POINT('Ctrl Pts',(-7.30837021427199,-3.93762384788169,-2.50000000000387));
#6561=CARTESIAN_POINT('Ctrl Pts',(-7.99031274593653,-4.52174011857467,-2.47607058536083));
#6562=CARTESIAN_POINT('Ctrl Pts',(-7.68513212801365,-4.50452419178119,-2.39776884773556));
#6563=CARTESIAN_POINT('Ctrl Pts',(-7.36535612771369,-4.36944024768988,-2.3789332858941));
#6564=CARTESIAN_POINT('Ctrl Pts',(-7.12578186484616,-4.12390122349894,-2.39174019308429));
#6565=CARTESIAN_POINT('Ctrl Pts',(-8.06334808570703,-4.6299999254942,-2.22566370614712));
#6566=CARTESIAN_POINT('Ctrl Pts',(-7.70129229312821,-4.62058941610511,-2.15059430096575));
#6567=CARTESIAN_POINT('Ctrl Pts',(-7.32546545748,-4.47102538311668,-2.12649875400943));
#6568=CARTESIAN_POINT('Ctrl Pts',(-7.05000000000291,-4.20121418977961,-2.13089969390341));
#6569=CARTESIAN_POINT('Ctrl Pts',(-8.09999999999884,-4.6299999254942,-2.1000000000035));
#6570=CARTESIAN_POINT('Ctrl Pts',(-7.72338105715541,-4.6299999254942,-2.0267685388952));
#6571=CARTESIAN_POINT('Ctrl Pts',(-7.33016637762371,-4.47583216893517,-2.00000000000398));
#6572=CARTESIAN_POINT('Ctrl Pts',(-7.05000000000295,-4.20121418977964,-2.00000000000386));
#6573=CARTESIAN_POINT('',(-8.09999999999884,-4.62999992549419,-2.1000000000035));
#6574=CARTESIAN_POINT('Ctrl Pts',(-7.05000000000295,-4.20121418977964,-2.00000000000386));
#6575=CARTESIAN_POINT('Ctrl Pts',(-7.33016637762371,-4.47583216893517,-2.00000000000398));
#6576=CARTESIAN_POINT('Ctrl Pts',(-7.72338105715541,-4.6299999254942,-2.0267685388952));
#6577=CARTESIAN_POINT('Ctrl Pts',(-8.09999999999884,-4.6299999254942,-2.1000000000035));
#6578=CARTESIAN_POINT('',(-7.95999999999912,-4.12999992549419,-2.58000000000359));
#6579=CARTESIAN_POINT('Origin',(-8.09999999999884,-4.12999992549419,-2.1000000000035));
#6580=CARTESIAN_POINT('Ctrl Pts',(-7.95999999999912,-4.12999992549419,-2.58000000000359));
#6581=CARTESIAN_POINT('Ctrl Pts',(-7.75913656381596,-4.12999992549419,-2.52141483111696));
#6582=CARTESIAN_POINT('Ctrl Pts',(-7.54942206806573,-4.02722142112151,-2.500000000004));
#6583=CARTESIAN_POINT('Ctrl Pts',(-7.40000000000132,-3.84414276835116,-2.50000000000392));
#6584=CARTESIAN_POINT('Origin',(-7.40000000000026,-4.12999992549419,-4.50000000000392));
#6585=CARTESIAN_POINT('',(-9.79999999999912,-4.62999992549419,-3.8));
#6586=CARTESIAN_POINT('',(-9.31999999999935,-4.12999992549419,-3.94000000000078));
#6587=CARTESIAN_POINT('Origin',(-9.79999999999912,-4.12999992549419,-3.8));
#6588=CARTESIAN_POINT('Origin',(-7.40000000000026,-4.12999992549419,-4.50000000000392));
#6589=CARTESIAN_POINT('Origin',(-7.40000000000026,-4.62999992549419,-4.50000000000392));
#6590=CARTESIAN_POINT('Ctrl Pts',(-9.35959179422617,-3.92999992549419,-4.10000000000078));
#6591=CARTESIAN_POINT('Ctrl Pts',(-9.35959179422617,-3.9603985052581,-4.10000000000078));
#6592=CARTESIAN_POINT('Ctrl Pts',(-9.35731295977259,-4.02108038539509,-4.08868290781685));
#6593=CARTESIAN_POINT('Ctrl Pts',(-9.34541616255883,-4.10507152747711,-4.03397258616666));
#6594=CARTESIAN_POINT('Ctrl Pts',(-9.33021392280008,-4.12999992549419,-3.97501916388879));
#6595=CARTESIAN_POINT('Ctrl Pts',(-9.31999999999935,-4.12999992549419,-3.94000000000078));
#6596=CARTESIAN_POINT('Ctrl Pts',(-9.38241576765973,-3.92999992549419,-4.21181417763));
#6597=CARTESIAN_POINT('Ctrl Pts',(-9.38241576765973,-3.97811969428629,-4.21181417763));
#6598=CARTESIAN_POINT('Ctrl Pts',(-9.37944259864487,-4.07414458635262,-4.19281058599577));
#6599=CARTESIAN_POINT('Ctrl Pts',(-9.36220731035467,-4.20960264478913,-4.10113483893543));
#6600=CARTESIAN_POINT('Ctrl Pts',(-9.33808370932532,-4.25574250848603,-4.00140664223414));
#6601=CARTESIAN_POINT('Ctrl Pts',(-9.31999999999935,-4.26089961939377,-3.94000000000078));
#6602=CARTESIAN_POINT('Ctrl Pts',(-9.50760403529768,-3.92999992549419,-4.41872276684497));
#6603=CARTESIAN_POINT('Ctrl Pts',(-9.50760403529768,-4.01338615704487,-4.41872276684497));
#6604=CARTESIAN_POINT('Ctrl Pts',(-9.50361622455244,-4.18022303564483,-4.38369513142704));
#6605=CARTESIAN_POINT('Ctrl Pts',(-9.4816481651458,-4.41801802474145,-4.2145736710786));
#6606=CARTESIAN_POINT('Ctrl Pts',(-9.4491355810736,-4.50670239494394,-4.02800731549705));
#6607=CARTESIAN_POINT('Ctrl Pts',(-9.42395853069395,-4.52170978935393,-3.90967876188134));
#6608=CARTESIAN_POINT('Ctrl Pts',(-9.73536987561573,-3.92999992549419,-4.5));
#6609=CARTESIAN_POINT('Ctrl Pts',(-9.73536987561573,-4.03294235056457,-4.5));
#6610=CARTESIAN_POINT('Ctrl Pts',(-9.73220457488389,-4.23814376118945,-4.45395415659909));
#6611=CARTESIAN_POINT('Ctrl Pts',(-9.7149072738666,-4.52674402697139,-4.23021381650124));
#6612=CARTESIAN_POINT('Ctrl Pts',(-9.69138479149016,-4.62179663631347,-3.98635072958632));
#6613=CARTESIAN_POINT('Ctrl Pts',(-9.67433629385559,-4.6299999254942,-3.83665191429209));
#6614=CARTESIAN_POINT('Ctrl Pts',(-9.84948974278264,-3.92999992549419,-4.5));
#6615=CARTESIAN_POINT('Ctrl Pts',(-9.84948974278264,-4.03639495466786,-4.5));
#6616=CARTESIAN_POINT('Ctrl Pts',(-9.84664119971568,-4.24878153514734,-4.4504877216953));
#6617=CARTESIAN_POINT('Ctrl Pts',(-9.83177020319847,-4.54275053243441,-4.21113006447571));
#6618=CARTESIAN_POINT('Ctrl Pts',(-9.81276740350003,-4.6299999254942,-3.95320884201001));
#6619=CARTESIAN_POINT('Ctrl Pts',(-9.79999999999912,-4.6299999254942,-3.8));
#6620=CARTESIAN_POINT('',(-9.84948974278264,-3.92999992549419,-4.5));
#6621=CARTESIAN_POINT('Ctrl Pts',(-9.79999999999912,-4.6299999254942,-3.8));
#6622=CARTESIAN_POINT('Ctrl Pts',(-9.81276740350003,-4.6299999254942,-3.95320884201001));
#6623=CARTESIAN_POINT('Ctrl Pts',(-9.83177020319847,-4.54275053243441,-4.21113006447571));
#6624=CARTESIAN_POINT('Ctrl Pts',(-9.84664119971568,-4.24878153514734,-4.4504877216953));
#6625=CARTESIAN_POINT('Ctrl Pts',(-9.84948974278264,-4.03639495466786,-4.5));
#6626=CARTESIAN_POINT('Ctrl Pts',(-9.84948974278264,-3.92999992549419,-4.5));
#6627=CARTESIAN_POINT('',(-9.35959179422617,-3.92999992549419,-4.10000000000078));
#6628=CARTESIAN_POINT('Origin',(-9.84948974278264,-3.92999992549419,-4.));
#6629=CARTESIAN_POINT('Ctrl Pts',(-9.35959179422617,-3.92999992549419,-4.10000000000078));
#6630=CARTESIAN_POINT('Ctrl Pts',(-9.35959179422617,-3.9603985052581,-4.10000000000078));
#6631=CARTESIAN_POINT('Ctrl Pts',(-9.35731295977259,-4.02108038539509,-4.08868290781685));
#6632=CARTESIAN_POINT('Ctrl Pts',(-9.34541616255883,-4.10507152747711,-4.03397258616666));
#6633=CARTESIAN_POINT('Ctrl Pts',(-9.33021392280008,-4.12999992549419,-3.97501916388879));
#6634=CARTESIAN_POINT('Ctrl Pts',(-9.31999999999935,-4.12999992549419,-3.94000000000078));
#6635=CARTESIAN_POINT('Origin',(-9.84948974278264,-1.57999992549419,-4.));
#6636=CARTESIAN_POINT('',(-9.35959179422617,-1.57999992549419,-4.10000000000078));
#6637=CARTESIAN_POINT('',(-9.84948974278264,-1.57999992549419,-4.5));
#6638=CARTESIAN_POINT('Origin',(-7.40000000000026,-1.57999992549419,-4.50000000000392));
#6639=CARTESIAN_POINT('Ctrl Pts',(-7.51717815423443,-2.61282177125411,-2.50343563085118));
#6640=CARTESIAN_POINT('Ctrl Pts',(-7.66449174184858,-2.71685368632005,-2.51208144991764));
#6641=CARTESIAN_POINT('Ctrl Pts',(-7.81897879411838,-2.82550134967448,-2.53799427391296));
#6642=CARTESIAN_POINT('Ctrl Pts',(-8.16292260808391,-3.06066952479463,-2.64036720204741));
#6643=CARTESIAN_POINT('Ctrl Pts',(-8.35065744915066,-3.18395175355521,-2.72914910017494));
#6644=CARTESIAN_POINT('Ctrl Pts',(-8.62856431622895,-3.34798572798193,-2.9160013560026));
#6645=CARTESIAN_POINT('Ctrl Pts',(-8.74659532635778,-3.41193113653135,-3.01307456282402));
#6646=CARTESIAN_POINT('Ctrl Pts',(-8.96058684613079,-3.5031617313382,-3.2395099578709));
#6647=CARTESIAN_POINT('Ctrl Pts',(-9.05648301900587,-3.52999992549419,-3.36911275079655));
#6648=CARTESIAN_POINT('Ctrl Pts',(-9.13205080756967,-3.52999992549419,-3.50000000000484));
#6649=CARTESIAN_POINT('Origin',(-7.40000000000026,-4.1299999254942,3.49999999999608));
#6650=CARTESIAN_POINT('',(-9.32000000000118,-4.1299999254942,2.93999999999922));
#6651=CARTESIAN_POINT('',(-9.80000000000141,-4.62999992549419,2.8));
#6652=CARTESIAN_POINT('Origin',(-9.80000000000141,-4.1299999254942,2.8));
#6653=CARTESIAN_POINT('',(-7.97431690450666,-4.62999992549419,1.06686209440266));
#6654=CARTESIAN_POINT('Origin',(-7.40000000000026,-4.62999992549419,3.49999999999608));
#6655=CARTESIAN_POINT('',(-7.85945352454497,-4.1299999254942,1.55348967154071));
#6656=CARTESIAN_POINT('Origin',(-7.97431690568114,-4.1299999254942,1.06686208942686));
#6657=CARTESIAN_POINT('Origin',(-7.40000000000026,-4.1299999254942,3.49999999999608));
#6658=CARTESIAN_POINT('Ctrl Pts',(-7.40000000003674,-3.94909690877449,1.49999999999608));
#6659=CARTESIAN_POINT('Ctrl Pts',(-7.53596097865316,-4.06442950724451,1.49999999999856));
#6660=CARTESIAN_POINT('Ctrl Pts',(-7.6995360704099,-4.12999992549142,1.51574281920459));
#6661=CARTESIAN_POINT('Ctrl Pts',(-7.85945352454707,-4.1299999254942,1.5534896715412));
#6662=CARTESIAN_POINT('Ctrl Pts',(-7.35419356774404,-4.01659611806202,1.49999999999525));
#6663=CARTESIAN_POINT('Ctrl Pts',(-7.50522593152165,-4.13726117664233,1.49686703617253));
#6664=CARTESIAN_POINT('Ctrl Pts',(-7.68458370012542,-4.20481529076909,1.51221352533097));
#6665=CARTESIAN_POINT('Ctrl Pts',(-7.85945352454609,-4.20479975057967,1.55348967154097));
#6666=CARTESIAN_POINT('Ctrl Pts',(-7.26277854977521,-4.15130299482821,1.4592211391869));
#6667=CARTESIAN_POINT('Ctrl Pts',(-7.44666164631789,-4.2826520407309,1.45400062467522));
#6668=CARTESIAN_POINT('Ctrl Pts',(-7.65983032919557,-4.35420606208804,1.47122134590479));
#6669=CARTESIAN_POINT('Ctrl Pts',(-7.8673090069269,-4.35415963091855,1.52020931395013));
#6670=CARTESIAN_POINT('Ctrl Pts',(-7.13978061235198,-4.33254966925284,1.26223209559216));
#6671=CARTESIAN_POINT('Ctrl Pts',(-7.37381349036596,-4.48356396353532,1.26698528811847));
#6672=CARTESIAN_POINT('Ctrl Pts',(-7.64289091607965,-4.56457027647188,1.29529651451684));
#6673=CARTESIAN_POINT('Ctrl Pts',(-7.90573369156043,-4.56450130175212,1.35742017094323));
#6674=CARTESIAN_POINT('Ctrl Pts',(-7.11232945966153,-4.37300099908043,1.05023266395092));
#6675=CARTESIAN_POINT('Ctrl Pts',(-7.36231246471931,-4.53856368005907,1.06820485339912));
#6676=CARTESIAN_POINT('Ctrl Pts',(-7.65760007514002,-4.63003698151159,1.10724384988034));
#6677=CARTESIAN_POINT('Ctrl Pts',(-7.94854162322394,-4.6299999254942,1.17606106349754));
#6678=CARTESIAN_POINT('Ctrl Pts',(-7.12207148131476,-4.35864540041464,0.929107324272694));
#6679=CARTESIAN_POINT('Ctrl Pts',(-7.37108994077352,-4.53164429811957,0.952270592122813));
#6680=CARTESIAN_POINT('Ctrl Pts',(-7.67450934965902,-4.62999992549003,0.995928271971466));
#6681=CARTESIAN_POINT('Ctrl Pts',(-7.9743169056772,-4.62999992549419,1.06686208942592));
#6682=CARTESIAN_POINT('',(-7.12207148131476,-4.35864540041464,0.929107324272694));
#6683=CARTESIAN_POINT('Ctrl Pts',(-7.9743169056772,-4.62999992549419,1.06686208942592));
#6684=CARTESIAN_POINT('Ctrl Pts',(-7.67450934965902,-4.62999992549003,0.995928271971466));
#6685=CARTESIAN_POINT('Ctrl Pts',(-7.37108994077352,-4.53164429811957,0.952270592122813));
#6686=CARTESIAN_POINT('Ctrl Pts',(-7.12207148131476,-4.35864540041464,0.929107324272694));
#6687=CARTESIAN_POINT('Origin',(-7.40000000004585,-3.94909690877449,0.99999999999608));
#6688=CARTESIAN_POINT('Ctrl Pts',(-7.40000000003674,-3.94909690877449,1.49999999999608));
#6689=CARTESIAN_POINT('Ctrl Pts',(-7.53596097865316,-4.06442950724451,1.49999999999856));
#6690=CARTESIAN_POINT('Ctrl Pts',(-7.6995360704099,-4.12999992549142,1.51574281920459));
#6691=CARTESIAN_POINT('Ctrl Pts',(-7.85945352454707,-4.1299999254942,1.5534896715412));
#6692=CARTESIAN_POINT('Ctrl Pts',(-6.95835867173735,-3.12999992549419,1.49999999999631));
#6693=CARTESIAN_POINT('Ctrl Pts',(-6.95835867173735,-3.2914166111642,1.49999999999631));
#6694=CARTESIAN_POINT('Ctrl Pts',(-7.04194639821476,-3.61361174197864,1.49999999999627));
#6695=CARTESIAN_POINT('Ctrl Pts',(-7.26643472670408,-3.85845660772957,1.49999999999615));
#6696=CARTESIAN_POINT('Ctrl Pts',(-7.40000000003648,-3.94909690876795,1.49999999999608));
#6697=CARTESIAN_POINT('Ctrl Pts',(-6.87027765871394,-3.12999992549419,1.49999999999636));
#6698=CARTESIAN_POINT('Ctrl Pts',(-6.87027765871394,-3.30621605059943,1.49999999999636));
#6699=CARTESIAN_POINT('Ctrl Pts',(-6.96322641874651,-3.65765669892924,1.5000074223875));
#6700=CARTESIAN_POINT('Ctrl Pts',(-7.20915409817143,-3.92029023725459,1.50000746682535));
#6701=CARTESIAN_POINT('Ctrl Pts',(-7.35419356774283,-4.01659611805558,1.4999999999961));
#6702=CARTESIAN_POINT('Ctrl Pts',(-6.69460328162668,-3.1299999254942,1.45233483465891));
#6703=CARTESIAN_POINT('Ctrl Pts',(-6.69460328162668,-3.33574467626727,1.45233483465891));
#6704=CARTESIAN_POINT('Ctrl Pts',(-6.80618466028928,-3.74552196336317,1.45392944484298));
#6705=CARTESIAN_POINT('Ctrl Pts',(-7.09484395633081,-4.04367250069839,1.45744185964262));
#6706=CARTESIAN_POINT('Ctrl Pts',(-7.26277709021639,-4.15130514558552,1.45922296209024));
#6707=CARTESIAN_POINT('Ctrl Pts',(-6.46964491671972,-3.12999992549419,1.22500215721615));
#6708=CARTESIAN_POINT('Ctrl Pts',(-6.46964491671972,-3.37343814767753,1.22500215721615));
#6709=CARTESIAN_POINT('Ctrl Pts',(-6.60222616653955,-3.85824766725542,1.23352382355153));
#6710=CARTESIAN_POINT('Ctrl Pts',(-6.94267630263471,-4.20741483167991,1.25252208396448));
#6711=CARTESIAN_POINT('Ctrl Pts',(-7.13977627853555,-4.33255605543509,1.26223397619306));
#6712=CARTESIAN_POINT('Ctrl Pts',(-6.44130646788613,-3.12999992549419,0.989364473815529));
#6713=CARTESIAN_POINT('Ctrl Pts',(-6.44130646788613,-3.37841901372923,0.989364473815529));
#6714=CARTESIAN_POINT('Ctrl Pts',(-6.57053138400047,-3.87335891746316,1.00287646426103));
#6715=CARTESIAN_POINT('Ctrl Pts',(-6.91153960617502,-4.23951234865495,1.03397547380704));
#6716=CARTESIAN_POINT('Ctrl Pts',(-7.11232945964859,-4.37300099907196,1.05023266395049));
#6717=CARTESIAN_POINT('Ctrl Pts',(-6.47767992863934,-3.12999992549419,0.862348461922922));
#6718=CARTESIAN_POINT('Ctrl Pts',(-6.47767992863934,-3.37212495399921,0.862348461922922));
#6719=CARTESIAN_POINT('Ctrl Pts',(-6.59887235831243,-3.85541765022087,0.876758360026819));
#6720=CARTESIAN_POINT('Ctrl Pts',(-6.92636698466726,-4.22268494884722,0.910903229344979));
#6721=CARTESIAN_POINT('Ctrl Pts',(-7.12207148130064,-4.35864540040483,0.929107324271381));
#6722=CARTESIAN_POINT('',(-6.47767992863934,-3.12999992549419,0.862348461922922));
#6723=CARTESIAN_POINT('Ctrl Pts',(-7.12207148130064,-4.35864540040483,0.929107324271381));
#6724=CARTESIAN_POINT('Ctrl Pts',(-6.92636698466726,-4.22268494884722,0.910903229344979));
#6725=CARTESIAN_POINT('Ctrl Pts',(-6.59887235831243,-3.85541765022087,0.876758360026819));
#6726=CARTESIAN_POINT('Ctrl Pts',(-6.47767992863934,-3.37212495399921,0.862348461922922));
#6727=CARTESIAN_POINT('Ctrl Pts',(-6.47767992863934,-3.12999992549419,0.862348461922922));
#6728=CARTESIAN_POINT('Origin',(-6.95835867173709,-3.12999992549419,0.999999999996315));
#6729=CARTESIAN_POINT('Origin',(-6.95835867173709,-2.8,0.999999999996314));
#6730=CARTESIAN_POINT('',(-6.47767992735121,-2.8,0.862348466421069));
#6731=CARTESIAN_POINT('Ctrl Pts',(-9.32000000000118,-4.12999992549419,2.93999999999922));
#6732=CARTESIAN_POINT('Ctrl Pts',(-9.33021392280179,-4.12999992549419,2.97501916388724));
#6733=CARTESIAN_POINT('Ctrl Pts',(-9.34541616672629,-4.1050715465946,3.033972586805));
#6734=CARTESIAN_POINT('Ctrl Pts',(-9.35731296185742,-4.02108039544393,3.08868290984023));
#6735=CARTESIAN_POINT('Ctrl Pts',(-9.35959179422745,-3.96039850525809,3.09999999999922));
#6736=CARTESIAN_POINT('Ctrl Pts',(-9.35959179422745,-3.92999992549419,3.09999999999922));
#6737=CARTESIAN_POINT('Ctrl Pts',(-9.32000000000118,-4.26089961939377,2.93999999999922));
#6738=CARTESIAN_POINT('Ctrl Pts',(-9.33808370932695,-4.25574250848609,3.00140664223265));
#6739=CARTESIAN_POINT('Ctrl Pts',(-9.3622072857164,-4.20960266437168,3.10113484213797));
#6740=CARTESIAN_POINT('Ctrl Pts',(-9.37944258123275,-4.07414459724944,3.19281059134752));
#6741=CARTESIAN_POINT('Ctrl Pts',(-9.3824157676607,-3.9781196942863,3.21181417762877));
#6742=CARTESIAN_POINT('Ctrl Pts',(-9.3824157676607,-3.92999992549419,3.21181417762877));
#6743=CARTESIAN_POINT('Ctrl Pts',(-9.42395110778413,-4.52171752155368,2.90968092689604));
#6744=CARTESIAN_POINT('Ctrl Pts',(-9.44912815816352,-4.50671012714384,3.0280094805119));
#6745=CARTESIAN_POINT('Ctrl Pts',(-9.48164273040723,-4.41802121964184,3.21457753262321));
#6746=CARTESIAN_POINT('Ctrl Pts',(-9.50361092445071,-4.18022588054588,3.3836991195282));
#6747=CARTESIAN_POINT('Ctrl Pts',(-9.50759993694934,-4.01338615704492,3.41872778627667));
#6748=CARTESIAN_POINT('Ctrl Pts',(-9.50759993694934,-3.92999992549419,3.41872778627667));
#6749=CARTESIAN_POINT('Ctrl Pts',(-9.67433629385776,-4.6299999254942,2.83665191429168));
#6750=CARTESIAN_POINT('Ctrl Pts',(-9.69138479149214,-4.62179663631356,2.98635072958601));
#6751=CARTESIAN_POINT('Ctrl Pts',(-9.71490727162533,-4.52674407031689,3.23021378337158));
#6752=CARTESIAN_POINT('Ctrl Pts',(-9.73220457236379,-4.23814378541763,3.45395414175001));
#6753=CARTESIAN_POINT('Ctrl Pts',(-9.73536987561706,-4.03294235056457,3.5));
#6754=CARTESIAN_POINT('Ctrl Pts',(-9.73536987561706,-3.92999992549419,3.5));
#6755=CARTESIAN_POINT('Ctrl Pts',(-9.80000000000141,-4.6299999254942,2.8));
#6756=CARTESIAN_POINT('Ctrl Pts',(-9.81276740350217,-4.6299999254942,2.95320884201009));
#6757=CARTESIAN_POINT('Ctrl Pts',(-9.83177020840779,-4.54275059934561,3.2111300672753));
#6758=CARTESIAN_POINT('Ctrl Pts',(-9.84664120232171,-4.24878157031826,3.45048773055445));
#6759=CARTESIAN_POINT('Ctrl Pts',(-9.84948974278424,-4.03639495466781,3.5));
#6760=CARTESIAN_POINT('Ctrl Pts',(-9.84948974278424,-3.92999992549419,3.5));
#6761=CARTESIAN_POINT('',(-9.35959179422745,-3.92999992549419,3.09999999999922));
#6762=CARTESIAN_POINT('',(-9.84948974278424,-3.92999992549419,3.5));
#6763=CARTESIAN_POINT('Origin',(-9.84948974278424,-3.92999992549419,3.));
#6764=CARTESIAN_POINT('Ctrl Pts',(-9.84948974278424,-3.92999992549419,3.5));
#6765=CARTESIAN_POINT('Ctrl Pts',(-9.84948974278424,-4.03639495466781,3.5));
#6766=CARTESIAN_POINT('Ctrl Pts',(-9.84664120232171,-4.24878157031826,3.45048773055445));
#6767=CARTESIAN_POINT('Ctrl Pts',(-9.83177020840779,-4.54275059934561,3.2111300672753));
#6768=CARTESIAN_POINT('Ctrl Pts',(-9.81276740350217,-4.6299999254942,2.95320884201009));
#6769=CARTESIAN_POINT('Ctrl Pts',(-9.80000000000141,-4.6299999254942,2.8));
#6770=CARTESIAN_POINT('Ctrl Pts',(-9.32000000000118,-4.12999992549419,2.93999999999922));
#6771=CARTESIAN_POINT('Ctrl Pts',(-9.33021392280179,-4.12999992549419,2.97501916388724));
#6772=CARTESIAN_POINT('Ctrl Pts',(-9.34541616672629,-4.1050715465946,3.033972586805));
#6773=CARTESIAN_POINT('Ctrl Pts',(-9.35731296185742,-4.02108039544393,3.08868290984023));
#6774=CARTESIAN_POINT('Ctrl Pts',(-9.35959179422745,-3.96039850525809,3.09999999999922));
#6775=CARTESIAN_POINT('Ctrl Pts',(-9.35959179422745,-3.92999992549419,3.09999999999922));
#6776=CARTESIAN_POINT('Origin',(-9.84948974278424,-3.57999992549419,3.));
#6777=CARTESIAN_POINT('',(-9.84948974278424,-3.57999992549419,3.5));
#6778=CARTESIAN_POINT('',(-9.35959179422745,-3.57999992549419,3.09999999999922));
#6779=CARTESIAN_POINT('Origin',(-10.4107612206412,-4.62999992549419,-0.5));
#6780=CARTESIAN_POINT('',(-8.09999999999919,-4.62999992549419,-2.18809476249665E-6));
#6781=CARTESIAN_POINT('',(-8.09999999999915,-4.62999992549419,-0.250001094047186));
#6782=CARTESIAN_POINT('Ctrl Pts',(-7.97427050662315,-4.62999992549419,1.06685108230764));
#6783=CARTESIAN_POINT('Ctrl Pts',(-8.0571498651943,-4.62999992549419,0.717650785373008));
#6784=CARTESIAN_POINT('Ctrl Pts',(-8.10000017076123,-4.6299999254942,0.358851791300909));
#6785=CARTESIAN_POINT('Ctrl Pts',(-8.09999999999945,-4.6299999254942,-2.18809476347308E-6));
#6786=CARTESIAN_POINT('',(-10.3999999999971,-4.62999992549419,2.8));
#6787=CARTESIAN_POINT('',(-8.52434053820677,-4.62999992549419,2.8));
#6788=CARTESIAN_POINT('',(-10.3999999999971,-4.62999992549419,-3.8));
#6789=CARTESIAN_POINT('',(-10.3999999999971,-4.62999992549419,-4.91027174919752));
#6790=CARTESIAN_POINT('',(-12.2971819030756,-4.62999992549419,-3.8));
#6791=CARTESIAN_POINT('Origin',(-8.52434053820677,-3.92999992549419,2.8));
#6792=CARTESIAN_POINT('',(-10.3999999999971,-3.92999992549419,3.5));
#6793=CARTESIAN_POINT('',(-8.52434053820677,-3.92999992549419,3.5));
#6794=CARTESIAN_POINT('Origin',(-10.3999999999971,-3.92999992549419,2.8));
#6795=CARTESIAN_POINT('Origin',(-6.63791985577237,-3.62999992549419,3.5));
#6796=CARTESIAN_POINT('',(-10.3999999999971,-3.57999992549419,3.5));
#6797=CARTESIAN_POINT('Origin',(-7.40000000000026,-3.57999992549419,3.49999999999608));
#6798=CARTESIAN_POINT('Ctrl Pts',(-9.13205080756861,-3.52999992549419,2.49999999999516));
#6799=CARTESIAN_POINT('Ctrl Pts',(-9.05648301900468,-3.52999992549419,2.36911275078696));
#6800=CARTESIAN_POINT('Ctrl Pts',(-8.96058684612945,-3.5031617313382,2.23950995786141));
#6801=CARTESIAN_POINT('Ctrl Pts',(-8.74659532635621,-3.41193113653135,2.01307456281476));
#6802=CARTESIAN_POINT('Ctrl Pts',(-8.62856431622727,-3.34798572798193,1.91600135599346));
#6803=CARTESIAN_POINT('Ctrl Pts',(-8.35065744914879,-3.18395175355521,1.72914910016609));
#6804=CARTESIAN_POINT('Ctrl Pts',(-8.16292260808195,-3.06066952479463,1.64036720203877));
#6805=CARTESIAN_POINT('Ctrl Pts',(-7.77818186113751,-2.79760685095243,1.52585129787677));
#6806=CARTESIAN_POINT('Ctrl Pts',(-7.5810684994187,-2.65803468929299,1.49999999999599));
#6807=CARTESIAN_POINT('Ctrl Pts',(-7.3999999999992,-2.52999992549419,1.49999999999608));
#6808=CARTESIAN_POINT('Origin',(-8.09999999999915,-3.12999992549419,-0.250001094047186));
#6809=CARTESIAN_POINT('',(-6.59999999999919,-3.12999992549419,-2.18809450870216E-6));
#6810=CARTESIAN_POINT('',(-6.59999999999915,-3.12999992549419,-0.250001094046932));
#6811=CARTESIAN_POINT('Origin',(-8.09999999999919,-3.12999992549419,-2.18809476249665E-6));
#6812=CARTESIAN_POINT('Ctrl Pts',(-6.59999999999919,-3.12999992549419,-2.18809450718005E-6));
#6813=CARTESIAN_POINT('Ctrl Pts',(-6.60000020628927,-3.12999992549419,0.289260910711019));
#6814=CARTESIAN_POINT('Ctrl Pts',(-6.55891858914035,-3.12999992549419,0.578663311962949));
#6815=CARTESIAN_POINT('Ctrl Pts',(-6.47767992863934,-3.12999992549419,0.862348461922922));
#6816=CARTESIAN_POINT('Ctrl Pts',(-6.59999999999919,-3.57879887600702,-2.18809450718005E-6));
#6817=CARTESIAN_POINT('Ctrl Pts',(-6.60000020596696,-3.57879887600702,0.288808962544166));
#6818=CARTESIAN_POINT('Ctrl Pts',(-6.55879930397477,-3.57879887600702,0.579079855390394));
#6819=CARTESIAN_POINT('Ctrl Pts',(-6.47767992863934,-3.57879887600702,0.862348461922922));
#6820=CARTESIAN_POINT('Ctrl Pts',(-6.97639890817364,-4.35615361246149,-2.45652610969351E-6));
#6821=CARTESIAN_POINT('Ctrl Pts',(-6.97639913988445,-4.35615361246149,0.324905995540994));
#6822=CARTESIAN_POINT('Ctrl Pts',(-6.93018057146045,-4.35615361246149,0.649434123550052));
#6823=CARTESIAN_POINT('Ctrl Pts',(-6.83953383680874,-4.35615361246149,0.965972239201663));
#6824=CARTESIAN_POINT('Ctrl Pts',(-7.76340078711428,-4.6299999254942,-3.01778218923356E-6));
#6825=CARTESIAN_POINT('Ctrl Pts',(-7.76340107167222,-4.6299999254942,0.39900849397027));
#6826=CARTESIAN_POINT('Ctrl Pts',(-7.70632914757075,-4.62999992549419,0.797800191481124));
#6827=CARTESIAN_POINT('Ctrl Pts',(-7.59612398477844,-4.62999992549419,1.18263627740738));
#6828=CARTESIAN_POINT('Ctrl Pts',(-8.09999999999881,-4.6299999254942,-3.25783035132199E-6));
#6829=CARTESIAN_POINT('Ctrl Pts',(-8.10000030714181,-4.6299999254942,0.430677355946887));
#6830=CARTESIAN_POINT('Ctrl Pts',(-8.03827992101562,-4.62999992549419,0.861278783982219));
#6831=CARTESIAN_POINT('Ctrl Pts',(-7.91971615793258,-4.62999992549419,1.2753030761431));
#6832=CARTESIAN_POINT('Ctrl Pts',(-6.59999999999919,-3.12999992549419,-2.18809450718005E-6));
#6833=CARTESIAN_POINT('Ctrl Pts',(-6.60000020628927,-3.12999992549419,0.289260910711019));
#6834=CARTESIAN_POINT('Ctrl Pts',(-6.55891858914035,-3.12999992549419,0.578663311962949));
#6835=CARTESIAN_POINT('Ctrl Pts',(-6.47767992863934,-3.12999992549419,0.862348461922922));
#6836=CARTESIAN_POINT('Origin',(-6.59999999999919,-2.8,-2.18809450870216E-6));
#6837=CARTESIAN_POINT('',(-6.59999999999919,-3.62999992549419,-2.18809450870216E-6));
#6838=CARTESIAN_POINT('Origin',(-12.2971819030756,-3.92999992549419,-3.8));
#6839=CARTESIAN_POINT('',(-10.3999999999971,-3.92999992549419,-4.5));
#6840=CARTESIAN_POINT('Origin',(-10.3999999999971,-3.92999992549419,-3.8));
#6841=CARTESIAN_POINT('',(-12.2971819030756,-3.92999992549419,-4.5));
#6842=CARTESIAN_POINT('Origin',(-10.3999999999971,-3.52999992549419,-9.32054349839503));
#6843=CARTESIAN_POINT('',(-10.3999999999971,-3.57999992549419,-4.5));
#6844=CARTESIAN_POINT('Origin',(-14.18360258551,-3.62999992549419,-4.5));
#6845=CARTESIAN_POINT('Origin',(-7.50538061031768,-2.52999992549419,-3.50000000000398));
#6846=CARTESIAN_POINT('Origin',(-9.39999999999578,-2.52999992549419,-3.50000000000498));
#6847=CARTESIAN_POINT('Origin',(-7.50538061032086,-2.52999992549419,2.49999999999603));
#6848=CARTESIAN_POINT('Origin',(-9.39999999999895,-2.52999992549419,2.49999999999502));
#6849=CARTESIAN_POINT('Ctrl Pts',(7.75629437946195,-2.84,-5.70674938698675));
#6850=CARTESIAN_POINT('Ctrl Pts',(7.75629437946195,6.76,-5.70674938698675));
#6851=CARTESIAN_POINT('Ctrl Pts',(6.95503550356956,-2.84,-3.96229892858853));
#6852=CARTESIAN_POINT('Ctrl Pts',(6.95503550356956,6.76,-3.96229892858853));
#6853=CARTESIAN_POINT('Ctrl Pts',(6.15377662767717,-2.84,-2.2178484701903));
#6854=CARTESIAN_POINT('Ctrl Pts',(6.15377662767717,6.76,-2.2178484701903));
#6855=CARTESIAN_POINT('Ctrl Pts',(5.35251775178478,-2.84,-0.473398011792073));
#6856=CARTESIAN_POINT('Ctrl Pts',(5.35251775178478,6.76,-0.473398011792073));
#6857=CARTESIAN_POINT('Ctrl Pts',(4.55125887589239,-2.84,1.27105244660615));
#6858=CARTESIAN_POINT('Ctrl Pts',(4.55125887589239,6.76,1.27105244660615));
#6859=CARTESIAN_POINT('Ctrl Pts',(3.75,-2.84,3.01550290500438));
#6860=CARTESIAN_POINT('Ctrl Pts',(3.75,6.76,3.01550290500438));
#6861=CARTESIAN_POINT('Ctrl Pts',(3.69495436915471,-2.84,3.13534479237685));
#6862=CARTESIAN_POINT('Ctrl Pts',(3.69495436915471,6.76,3.13534479237685));
#6863=CARTESIAN_POINT('Ctrl Pts',(3.59456925218278,-2.84,3.37304686553196));
#6864=CARTESIAN_POINT('Ctrl Pts',(3.59456925218278,6.76,3.37304686553196));
#6865=CARTESIAN_POINT('Ctrl Pts',(3.47310820772879,-2.84,3.72365378801319));
#6866=CARTESIAN_POINT('Ctrl Pts',(3.47310820772879,6.76,3.72365378801319));
#6867=CARTESIAN_POINT('Ctrl Pts',(3.36091798753913,-2.84,4.1755251664333));
#6868=CARTESIAN_POINT('Ctrl Pts',(3.36091798753913,6.76,4.1755251664333));
#6869=CARTESIAN_POINT('Ctrl Pts',(3.25512673769207,-2.84,4.69396617676239));
#6870=CARTESIAN_POINT('Ctrl Pts',(3.25512673769207,6.76,4.69396617676239));
#6871=CARTESIAN_POINT('Ctrl Pts',(3.12300885851736,-2.84,5.14206579895223));
#6872=CARTESIAN_POINT('Ctrl Pts',(3.12300885851736,6.76,5.14206579895223));
#6873=CARTESIAN_POINT('Ctrl Pts',(2.9057440410974,-2.84,5.49946534974282));
#6874=CARTESIAN_POINT('Ctrl Pts',(2.9057440410974,6.76,5.49946534974282));
#6875=CARTESIAN_POINT('Ctrl Pts',(2.56207063843799,-2.84,5.75756113981189));
#6876=CARTESIAN_POINT('Ctrl Pts',(2.56207063843799,6.76,5.75756113981189));
#6877=CARTESIAN_POINT('Ctrl Pts',(2.08041359390441,-2.84,5.92522198231672));
#6878=CARTESIAN_POINT('Ctrl Pts',(2.08041359390441,6.76,5.92522198231672));
#6879=CARTESIAN_POINT('Ctrl Pts',(1.47163866725283,-2.84,6.02071308997517));
#6880=CARTESIAN_POINT('Ctrl Pts',(1.47163866725283,6.76,6.02071308997517));
#6881=CARTESIAN_POINT('Ctrl Pts',(0.764666004748426,-2.84,6.06557010860182));
#6882=CARTESIAN_POINT('Ctrl Pts',(0.764666004748426,6.76,6.06557010860182));
#6883=CARTESIAN_POINT('Ctrl Pts',(0.00144781622354224,-2.84,6.07788078474577));
#6884=CARTESIAN_POINT('Ctrl Pts',(0.00144781622354224,6.76,6.07788078474577));
#6885=CARTESIAN_POINT('Ctrl Pts',(-0.767430666495767,-2.84,6.06586693449878));
#6886=CARTESIAN_POINT('Ctrl Pts',(-0.767430666495767,6.76,6.06586693449878));
#6887=CARTESIAN_POINT('Ctrl Pts',(-1.48712923896171,-2.84,6.02122067797869));
#6888=CARTESIAN_POINT('Ctrl Pts',(-1.48712923896171,6.76,6.02122067797869));
#6889=CARTESIAN_POINT('Ctrl Pts',(-2.10689489753822,-2.84,5.92578214371673));
#6890=CARTESIAN_POINT('Ctrl Pts',(-2.10689489753822,6.76,5.92578214371673));
#6891=CARTESIAN_POINT('Ctrl Pts',(-2.58826528625932,-2.84,5.75797344601568));
#6892=CARTESIAN_POINT('Ctrl Pts',(-2.58826528625932,6.76,5.75797344601568));
#6893=CARTESIAN_POINT('Ctrl Pts',(-2.91408683708711,-2.84,5.4995337263815));
#6894=CARTESIAN_POINT('Ctrl Pts',(-2.91408683708711,6.76,5.4995337263815));
#6895=CARTESIAN_POINT('Ctrl Pts',(-3.09649149828711,-2.84,5.14166027755483));
#6896=CARTESIAN_POINT('Ctrl Pts',(-3.09649149828711,6.76,5.14166027755483));
#6897=CARTESIAN_POINT('Ctrl Pts',(-3.1889935211842,-2.84,4.69310737066558));
#6898=CARTESIAN_POINT('Ctrl Pts',(-3.1889935211842,6.76,4.69310737066558));
#6899=CARTESIAN_POINT('Ctrl Pts',(-3.2700676684049,-2.84,4.17443135444279));
#6900=CARTESIAN_POINT('Ctrl Pts',(-3.2700676684049,6.76,4.17443135444279));
#6901=CARTESIAN_POINT('Ctrl Pts',(-3.3912823601381,-2.84,3.72270518099751));
#6902=CARTESIAN_POINT('Ctrl Pts',(-3.3912823601381,6.76,3.72270518099751));
#6903=CARTESIAN_POINT('Ctrl Pts',(-3.54345454081546,-2.84,3.37246459778593));
#6904=CARTESIAN_POINT('Ctrl Pts',(-3.54345454081546,6.76,3.37246459778593));
#6905=CARTESIAN_POINT('Ctrl Pts',(-3.67597285820896,-2.84,3.13513013801109));
#6906=CARTESIAN_POINT('Ctrl Pts',(-3.67597285820896,6.76,3.13513013801109));
#6907=CARTESIAN_POINT('Ctrl Pts',(-3.75,-2.84,3.01550290500438));
#6908=CARTESIAN_POINT('Ctrl Pts',(-3.75,6.76,3.01550290500438));
#6909=CARTESIAN_POINT('Ctrl Pts',(-4.92052992299572,-2.84,1.12393648150519));
#6910=CARTESIAN_POINT('Ctrl Pts',(-4.92052992299572,6.76,1.12393648150519));
#6911=CARTESIAN_POINT('Ctrl Pts',(-6.09105984599145,-2.84,-0.767629941994001));
#6912=CARTESIAN_POINT('Ctrl Pts',(-6.09105984599145,6.76,-0.767629941994001));
#6913=CARTESIAN_POINT('Ctrl Pts',(-7.26158976898717,-2.84,-2.65919636549319));
#6914=CARTESIAN_POINT('Ctrl Pts',(-7.26158976898717,6.76,-2.65919636549319));
#6915=CARTESIAN_POINT('Ctrl Pts',(-8.4321196919829,-2.84,-4.55076278899238));
#6916=CARTESIAN_POINT('Ctrl Pts',(-8.4321196919829,6.76,-4.55076278899238));
#6917=CARTESIAN_POINT('Ctrl Pts',(-9.60264961497862,-2.84,-6.44232921249158));
#6918=CARTESIAN_POINT('Ctrl Pts',(-9.60264961497862,6.76,-6.44232921249158));
#6919=CARTESIAN_POINT('',(3.27744877108613,1.34102101034417,4.55993933570951));
#6920=CARTESIAN_POINT('',(3.27744877108641,1.,4.55993933570833));
#6921=CARTESIAN_POINT('Ctrl Pts',(3.27744877108641,0.999999999999998,4.55993933570833));
#6922=CARTESIAN_POINT('Ctrl Pts',(3.27744877108641,1.11367367011472,4.55993933570833));
#6923=CARTESIAN_POINT('Ctrl Pts',(3.27744877108641,1.22734734022945,4.55993933570833));
#6924=CARTESIAN_POINT('Ctrl Pts',(3.27744877108641,1.34102101034417,4.55993933570833));
#6925=CARTESIAN_POINT('',(2.92028690990483,1.,5.42159695372449));
#6926=CARTESIAN_POINT('Ctrl Pts',(3.27744877108641,1.,4.55993933570833));
#6927=CARTESIAN_POINT('Ctrl Pts',(3.27176470529857,1.,4.58360830541398));
#6928=CARTESIAN_POINT('Ctrl Pts',(3.24201835671426,1.,4.70580596506181));
#6929=CARTESIAN_POINT('Ctrl Pts',(3.19017580256451,1.,4.90161345346527));
#6930=CARTESIAN_POINT('Ctrl Pts',(3.12949557836789,1.,5.08124972069114));
#6931=CARTESIAN_POINT('Ctrl Pts',(3.05128801582536,1.,5.24170712859897));
#6932=CARTESIAN_POINT('Ctrl Pts',(2.96396601092644,1.,5.36771200366057));
#6933=CARTESIAN_POINT('Ctrl Pts',(2.92028690990484,1.,5.42159695372449));
#6934=CARTESIAN_POINT('',(2.92028692688314,1.02400921964574,5.42159693087983));
#6935=CARTESIAN_POINT('Ctrl Pts',(2.92028690990483,1.,5.4215969537245));
#6936=CARTESIAN_POINT('Ctrl Pts',(2.92028690990483,1.00800307321525,5.4215969537245));
#6937=CARTESIAN_POINT('Ctrl Pts',(2.92028690990483,1.01600614643049,5.4215969537245));
#6938=CARTESIAN_POINT('Ctrl Pts',(2.92028690990483,1.02400921964574,5.4215969537245));
#6939=CARTESIAN_POINT('Ctrl Pts',(3.27744877108613,1.34102101034417,4.55993933570951));
#6940=CARTESIAN_POINT('Ctrl Pts',(3.26178709587956,1.29701494746683,4.62515598341207));
#6941=CARTESIAN_POINT('Ctrl Pts',(3.24512412844451,1.25818745145403,4.69171670823231));
#6942=CARTESIAN_POINT('Ctrl Pts',(3.18435520821263,1.14608743373935,4.91218923661069));
#6943=CARTESIAN_POINT('Ctrl Pts',(3.13353557887847,1.09521537901863,5.06479130506075));
#6944=CARTESIAN_POINT('Ctrl Pts',(3.02082148449496,1.04493095633348,5.28201265646455));
#6945=CARTESIAN_POINT('Ctrl Pts',(2.97482634814604,1.03271180783009,5.35431408878742));
#6946=CARTESIAN_POINT('Ctrl Pts',(2.92028692781295,1.02400921963571,5.42159693163206));
#6947=CARTESIAN_POINT('Ctrl Pts',(1.69062297722842,2.6,4.34986074596186));
#6948=CARTESIAN_POINT('Ctrl Pts',(3.04862914953876,2.6,4.1044970450807));
#6949=CARTESIAN_POINT('Ctrl Pts',(4.34033806491757,2.6,3.54588229027585));
#6950=CARTESIAN_POINT('Ctrl Pts',(5.2610387425016,2.6,2.71715207528874));
#6951=CARTESIAN_POINT('Ctrl Pts',(1.69062297722842,2.12128111945298,4.34986074596186));
#6952=CARTESIAN_POINT('Ctrl Pts',(3.04785900563555,2.12128111945298,4.10463619419663));
#6953=CARTESIAN_POINT('Ctrl Pts',(4.34126108567412,2.12128111945298,3.5450514717388));
#6954=CARTESIAN_POINT('Ctrl Pts',(5.2610387425016,2.12128111945298,2.71715207528874));
#6955=CARTESIAN_POINT('Ctrl Pts',(1.76187636934912,1.29169261403138,4.74422448416136));
#6956=CARTESIAN_POINT('Ctrl Pts',(3.17954223296752,1.29169261403138,4.48808150778703));
#6957=CARTESIAN_POINT('Ctrl Pts',(4.53694045575093,1.29169261403138,3.90810058330899));
#6958=CARTESIAN_POINT('Ctrl Pts',(5.52914352811752,1.29169261403138,3.01501047759634));
#6959=CARTESIAN_POINT('Ctrl Pts',(1.91126646604903,1.,5.57104879709745));
#6960=CARTESIAN_POINT('Ctrl Pts',(3.45308802217896,1.,5.29247344830741));
#6961=CARTESIAN_POINT('Ctrl Pts',(4.95024870505151,1.,4.66652860380682));
#6962=CARTESIAN_POINT('Ctrl Pts',(6.09125290504409,0.999999999999999,3.63950138531675));
#6963=CARTESIAN_POINT('Ctrl Pts',(1.97510381727627,1.,5.92436722471819));
#6964=CARTESIAN_POINT('Ctrl Pts',(3.56993701317061,1.,5.63621376620554));
#6965=CARTESIAN_POINT('Ctrl Pts',(5.12691451370914,1.,4.99057403682681));
#6966=CARTESIAN_POINT('Ctrl Pts',(6.3314533903217,0.999999999999999,3.90635873593784));
#6967=CARTESIAN_POINT('Ctrl Pts',(2.76831621096588,2.60000000000345,4.08501992901822));
#6968=CARTESIAN_POINT('Ctrl Pts',(2.76919418605313,2.59811537164087,4.08474333622149));
#6969=CARTESIAN_POINT('Ctrl Pts',(2.7700731020253,2.59623073929099,4.08446987486028));
#6970=CARTESIAN_POINT('Ctrl Pts',(2.77095294282433,2.59434611347438,4.0841995432829));
#6971=CARTESIAN_POINT('Ctrl Pts',(2.79167964292173,2.54994936108497,4.07783125309054));
#6972=CARTESIAN_POINT('Ctrl Pts',(2.81276066460176,2.505902717326,4.07324383192561));
#6973=CARTESIAN_POINT('Ctrl Pts',(2.83398259757135,2.46231140327277,4.07036145188834));
#6974=CARTESIAN_POINT('Ctrl Pts',(2.8556880812001,2.41772684281387,4.06741339561088));
#6975=CARTESIAN_POINT('Ctrl Pts',(2.87754227582717,2.37361859821399,4.06624884703412));
#6976=CARTESIAN_POINT('Ctrl Pts',(2.89933772354769,2.33009924819696,4.06683827912621));
#6977=CARTESIAN_POINT('Ctrl Pts',(2.92089750325001,2.28705046061585,4.06742133785562));
#6978=CARTESIAN_POINT('Ctrl Pts',(2.94240113709574,2.24457790136663,4.06972075470532));
#6979=CARTESIAN_POINT('Ctrl Pts',(2.96364806190199,2.20279053667139,4.07375755590904));
#6980=CARTESIAN_POINT('Ctrl Pts',(2.97784668259481,2.17486541590824,4.07645521731776));
#6981=CARTESIAN_POINT('Ctrl Pts',(2.99193064390974,2.14724628995162,4.07992977072293));
#6982=CARTESIAN_POINT('Ctrl Pts',(3.00583568928381,2.11996567817156,4.08419981586729));
#6983=CARTESIAN_POINT('Ctrl Pts',(3.02623739266465,2.07993913135978,4.09046489391015));
#6984=CARTESIAN_POINT('Ctrl Pts',(3.04625600470244,2.04064131161132,4.09844150743031));
#6985=CARTESIAN_POINT('Ctrl Pts',(3.06568157360126,2.00217493163425,4.10806724613517));
#6986=CARTESIAN_POINT('Ctrl Pts',(3.07497956008076,1.98376312177657,4.11267457520744));
#6987=CARTESIAN_POINT('Ctrl Pts',(3.08414113370377,1.96554179706819,4.11766020107247));
#6988=CARTESIAN_POINT('Ctrl Pts',(3.09313962367009,1.94752222091335,4.1230195812302));
#6989=CARTESIAN_POINT('Ctrl Pts',(3.11218428864414,1.9093850676657,4.13436232873058));
#6990=CARTESIAN_POINT('Ctrl Pts',(3.13022897183467,1.87270220076081,4.147214750924));
#6991=CARTESIAN_POINT('Ctrl Pts',(3.14707956150571,1.83747140760562,4.16143350441964));
#6992=CARTESIAN_POINT('Ctrl Pts',(3.16363132044373,1.80286540230348,4.17540010053607));
#6993=CARTESIAN_POINT('Ctrl Pts',(3.17903209114316,1.76966042486666,4.19068588457799));
#6994=CARTESIAN_POINT('Ctrl Pts',(3.19306661173583,1.7378543783422,4.20719293021309));
#6995=CARTESIAN_POINT('Ctrl Pts',(3.19617591579507,1.73080784840098,4.21085001444767));
#6996=CARTESIAN_POINT('Ctrl Pts',(3.19921799900601,1.72382998220536,4.2145671628442));
#6997=CARTESIAN_POINT('Ctrl Pts',(3.20219022188238,1.71692075695267,4.21834350317232));
#6998=CARTESIAN_POINT('Ctrl Pts',(3.21481702893595,1.68756849846321,4.2343864187528));
#6999=CARTESIAN_POINT('Ctrl Pts',(3.22618587075476,1.65945505819407,4.25149695614584));
#7000=CARTESIAN_POINT('Ctrl Pts',(3.23623129933304,1.63257868782075,4.26952068139552));
#7001=CARTESIAN_POINT('Ctrl Pts',(3.24685176200767,1.60416382367084,4.28857614525953));
#7002=CARTESIAN_POINT('Ctrl Pts',(3.25588393803468,1.57741941356551,4.30845442372441));
#7003=CARTESIAN_POINT('Ctrl Pts',(3.26330492733863,1.55225377593509,4.32894188603657));
#7004=CARTESIAN_POINT('Ctrl Pts',(3.27071767611888,1.52711608310083,4.34940659836056));
#7005=CARTESIAN_POINT('Ctrl Pts',(3.27652315183862,1.50355365844085,4.37048051640381));
#7006=CARTESIAN_POINT('Ctrl Pts',(3.28065050538413,1.48147512546562,4.39196683307172));
#7007=CARTESIAN_POINT('Ctrl Pts',(3.28267048287114,1.47066962042115,4.40248250018613));
#7008=CARTESIAN_POINT('Ctrl Pts',(3.28428774872753,1.46021954360442,4.41309706334066));
#7009=CARTESIAN_POINT('Ctrl Pts',(3.28548939564655,1.45011418329962,4.42378733647968));
#7010=CARTESIAN_POINT('Ctrl Pts',(3.28726585349275,1.43517489762595,4.43959132956221));
#7011=CARTESIAN_POINT('Ctrl Pts',(3.28816806600328,1.42072068351587,4.45584285480073));
#7012=CARTESIAN_POINT('Ctrl Pts',(3.28803517318252,1.40680683027166,4.47248429167687));
#7013=CARTESIAN_POINT('Ctrl Pts',(3.28791088457648,1.39379383668353,4.48804827007779));
#7014=CARTESIAN_POINT('Ctrl Pts',(3.28688112803923,1.38125349725452,4.50395362007041));
#7015=CARTESIAN_POINT('Ctrl Pts',(3.2847807860165,1.36923104239227,4.5201242750433));
#7016=CARTESIAN_POINT('Ctrl Pts',(3.28307706986873,1.35947889237906,4.53324128441572));
#7017=CARTESIAN_POINT('Ctrl Pts',(3.28066840028574,1.35006750142073,4.54653250531144));
#7018=CARTESIAN_POINT('Ctrl Pts',(3.27744877108641,1.34102101034497,4.55993933570833));
#7019=CARTESIAN_POINT('',(2.65438060886314,1.00407207925371,5.66099485616852));
#7020=CARTESIAN_POINT('Ctrl Pts',(2.92257616779299,1.02444939470229,5.4212821013917));
#7021=CARTESIAN_POINT('Ctrl Pts',(2.90067772081116,1.02004240909464,5.45345689171079));
#7022=CARTESIAN_POINT('Ctrl Pts',(2.87619841084819,1.01660903625433,5.48402505862326));
#7023=CARTESIAN_POINT('Ctrl Pts',(2.84929591342203,1.01388457539143,5.51266885838691));
#7024=CARTESIAN_POINT('Ctrl Pts',(2.84734366444314,1.01368686787553,5.51474746945243));
#7025=CARTESIAN_POINT('Ctrl Pts',(2.84537867102226,1.01349290543801,5.516815957559));
#7026=CARTESIAN_POINT('Ctrl Pts',(2.8434010009107,1.01330259293094,5.51887420626714));
#7027=CARTESIAN_POINT('Ctrl Pts',(2.81833173922293,1.01089016124454,5.54496489509409));
#7028=CARTESIAN_POINT('Ctrl Pts',(2.79143405655886,1.00908053537826,5.56919326776365));
#7029=CARTESIAN_POINT('Ctrl Pts',(2.76292555108398,1.00767941557375,5.59136842957952));
#7030=CARTESIAN_POINT('Ctrl Pts',(2.73498032960175,1.00630597973038,5.61310544448178));
#7031=CARTESIAN_POINT('Ctrl Pts',(2.70548767113297,1.00532470093932,5.63286989295902));
#7032=CARTESIAN_POINT('Ctrl Pts',(2.67467081102124,1.00459612703832,5.65049874574176));
#7033=CARTESIAN_POINT('Ctrl Pts',(2.66840781153731,1.0044480568602,5.6540815084074));
#7034=CARTESIAN_POINT('Ctrl Pts',(2.66209016919567,1.00431058088376,5.65757611130642));
#7035=CARTESIAN_POINT('Ctrl Pts',(2.65571983285521,1.0041827747768,5.66098125675207));
#7036=CARTESIAN_POINT('Ctrl Pts',(2.65571983285522,1.00418277477679,5.66098125675208));
#7037=CARTESIAN_POINT('Ctrl Pts',(2.61940817013843,1.00313805922029,5.68485128053785));
#7038=CARTESIAN_POINT('Ctrl Pts',(2.58182332426667,1.00241342850997,5.70695720101267));
#7039=CARTESIAN_POINT('Ctrl Pts',(2.54309603296831,1.00187456917317,5.72750713544465));
#7040=CARTESIAN_POINT('Ctrl Pts',(2.51986543262536,1.00155133391777,5.73983403200412));
#7041=CARTESIAN_POINT('Ctrl Pts',(2.49622365512232,1.00129606947634,5.75160130064349));
#7042=CARTESIAN_POINT('Ctrl Pts',(2.4721977367703,1.00108832260383,5.76285559076817));
#7043=CARTESIAN_POINT('Ctrl Pts',(2.42857760512096,1.00071114884524,5.78328825892535));
#7044=CARTESIAN_POINT('Ctrl Pts',(2.38391950793679,1.00049033847871,5.80191515736098));
#7045=CARTESIAN_POINT('Ctrl Pts',(2.33866126243303,1.00034243152012,5.81893832250674));
#7046=CARTESIAN_POINT('Ctrl Pts',(2.28813933360958,1.00017732249409,5.83794133794119));
#7047=CARTESIAN_POINT('Ctrl Pts',(2.23687020086973,1.00010361780989,5.85494549946464));
#7048=CARTESIAN_POINT('Ctrl Pts',(2.18544785719495,1.00006055071011,5.8702654176159));
#7049=CARTESIAN_POINT('Ctrl Pts',(2.14879521221738,1.00002985348775,5.88118509729123));
#7050=CARTESIAN_POINT('Ctrl Pts',(2.11184839787004,1.00001587568614,5.89131016238214));
#7051=CARTESIAN_POINT('Ctrl Pts',(2.07480631120939,1.00000828780275,5.90072136381279));
#7052=CARTESIAN_POINT('Ctrl Pts',(2.04170580667513,1.00000150733246,5.90913113614775));
#7053=CARTESIAN_POINT('Ctrl Pts',(2.0084273243648,1.,5.91699673913404));
#7054=CARTESIAN_POINT('Ctrl Pts',(1.97510381727635,1.,5.92436722471818));
#7055=CARTESIAN_POINT('Ctrl Pts',(3.4409507006146,0.999999999999999,5.54847811181696));
#7056=CARTESIAN_POINT('Ctrl Pts',(3.51852567327357,0.999999999999999,5.42111838413564));
#7057=CARTESIAN_POINT('Ctrl Pts',(3.57837044991724,1.008646195389,5.28757511006775));
#7058=CARTESIAN_POINT('Ctrl Pts',(3.62773877493588,1.03088115335139,5.15000917944758));
#7059=CARTESIAN_POINT('Ctrl Pts',(7.75629437946195,-2.84,-5.70674938698675));
#7060=CARTESIAN_POINT('Ctrl Pts',(7.75629437946195,6.76,-5.70674938698675));
#7061=CARTESIAN_POINT('Ctrl Pts',(6.95503550356956,-2.84,-3.96229892858853));
#7062=CARTESIAN_POINT('Ctrl Pts',(6.95503550356956,6.76,-3.96229892858853));
#7063=CARTESIAN_POINT('Ctrl Pts',(6.15377662767717,-2.84,-2.2178484701903));
#7064=CARTESIAN_POINT('Ctrl Pts',(6.15377662767717,6.76,-2.2178484701903));
#7065=CARTESIAN_POINT('Ctrl Pts',(5.35251775178478,-2.84,-0.473398011792073));
#7066=CARTESIAN_POINT('Ctrl Pts',(5.35251775178478,6.76,-0.473398011792073));
#7067=CARTESIAN_POINT('Ctrl Pts',(4.55125887589239,-2.84,1.27105244660615));
#7068=CARTESIAN_POINT('Ctrl Pts',(4.55125887589239,6.76,1.27105244660615));
#7069=CARTESIAN_POINT('Ctrl Pts',(3.75,-2.84,3.01550290500438));
#7070=CARTESIAN_POINT('Ctrl Pts',(3.75,6.76,3.01550290500438));
#7071=CARTESIAN_POINT('Ctrl Pts',(3.69495436915471,-2.84,3.13534479237685));
#7072=CARTESIAN_POINT('Ctrl Pts',(3.69495436915471,6.76,3.13534479237685));
#7073=CARTESIAN_POINT('Ctrl Pts',(3.59456925218278,-2.84,3.37304686553196));
#7074=CARTESIAN_POINT('Ctrl Pts',(3.59456925218278,6.76,3.37304686553196));
#7075=CARTESIAN_POINT('Ctrl Pts',(3.47310820772879,-2.84,3.72365378801319));
#7076=CARTESIAN_POINT('Ctrl Pts',(3.47310820772879,6.76,3.72365378801319));
#7077=CARTESIAN_POINT('Ctrl Pts',(3.36091798753913,-2.84,4.1755251664333));
#7078=CARTESIAN_POINT('Ctrl Pts',(3.36091798753913,6.76,4.1755251664333));
#7079=CARTESIAN_POINT('Ctrl Pts',(3.25512673769207,-2.84,4.69396617676239));
#7080=CARTESIAN_POINT('Ctrl Pts',(3.25512673769207,6.76,4.69396617676239));
#7081=CARTESIAN_POINT('Ctrl Pts',(3.12300885851736,-2.84,5.14206579895223));
#7082=CARTESIAN_POINT('Ctrl Pts',(3.12300885851736,6.76,5.14206579895223));
#7083=CARTESIAN_POINT('Ctrl Pts',(2.9057440410974,-2.84,5.49946534974282));
#7084=CARTESIAN_POINT('Ctrl Pts',(2.9057440410974,6.76,5.49946534974282));
#7085=CARTESIAN_POINT('Ctrl Pts',(2.56207063843799,-2.84,5.75756113981189));
#7086=CARTESIAN_POINT('Ctrl Pts',(2.56207063843799,6.76,5.75756113981189));
#7087=CARTESIAN_POINT('Ctrl Pts',(2.08041359390441,-2.84,5.92522198231672));
#7088=CARTESIAN_POINT('Ctrl Pts',(2.08041359390441,6.76,5.92522198231672));
#7089=CARTESIAN_POINT('Ctrl Pts',(1.47163866725283,-2.84,6.02071308997517));
#7090=CARTESIAN_POINT('Ctrl Pts',(1.47163866725283,6.76,6.02071308997517));
#7091=CARTESIAN_POINT('Ctrl Pts',(0.764666004748426,-2.84,6.06557010860182));
#7092=CARTESIAN_POINT('Ctrl Pts',(0.764666004748426,6.76,6.06557010860182));
#7093=CARTESIAN_POINT('Ctrl Pts',(0.00144781622354224,-2.84,6.07788078474577));
#7094=CARTESIAN_POINT('Ctrl Pts',(0.00144781622354224,6.76,6.07788078474577));
#7095=CARTESIAN_POINT('Ctrl Pts',(-0.767430666495767,-2.84,6.06586693449878));
#7096=CARTESIAN_POINT('Ctrl Pts',(-0.767430666495767,6.76,6.06586693449878));
#7097=CARTESIAN_POINT('Ctrl Pts',(-1.48712923896171,-2.84,6.02122067797869));
#7098=CARTESIAN_POINT('Ctrl Pts',(-1.48712923896171,6.76,6.02122067797869));
#7099=CARTESIAN_POINT('Ctrl Pts',(-2.10689489753822,-2.84,5.92578214371673));
#7100=CARTESIAN_POINT('Ctrl Pts',(-2.10689489753822,6.76,5.92578214371673));
#7101=CARTESIAN_POINT('Ctrl Pts',(-2.58826528625932,-2.84,5.75797344601568));
#7102=CARTESIAN_POINT('Ctrl Pts',(-2.58826528625932,6.76,5.75797344601568));
#7103=CARTESIAN_POINT('Ctrl Pts',(-2.91408683708711,-2.84,5.4995337263815));
#7104=CARTESIAN_POINT('Ctrl Pts',(-2.91408683708711,6.76,5.4995337263815));
#7105=CARTESIAN_POINT('Ctrl Pts',(-3.09649149828711,-2.84,5.14166027755483));
#7106=CARTESIAN_POINT('Ctrl Pts',(-3.09649149828711,6.76,5.14166027755483));
#7107=CARTESIAN_POINT('Ctrl Pts',(-3.1889935211842,-2.84,4.69310737066558));
#7108=CARTESIAN_POINT('Ctrl Pts',(-3.1889935211842,6.76,4.69310737066558));
#7109=CARTESIAN_POINT('Ctrl Pts',(-3.2700676684049,-2.84,4.17443135444279));
#7110=CARTESIAN_POINT('Ctrl Pts',(-3.2700676684049,6.76,4.17443135444279));
#7111=CARTESIAN_POINT('Ctrl Pts',(-3.3912823601381,-2.84,3.72270518099751));
#7112=CARTESIAN_POINT('Ctrl Pts',(-3.3912823601381,6.76,3.72270518099751));
#7113=CARTESIAN_POINT('Ctrl Pts',(-3.54345454081546,-2.84,3.37246459778593));
#7114=CARTESIAN_POINT('Ctrl Pts',(-3.54345454081546,6.76,3.37246459778593));
#7115=CARTESIAN_POINT('Ctrl Pts',(-3.67597285820896,-2.84,3.13513013801109));
#7116=CARTESIAN_POINT('Ctrl Pts',(-3.67597285820896,6.76,3.13513013801109));
#7117=CARTESIAN_POINT('Ctrl Pts',(-3.75,-2.84,3.01550290500438));
#7118=CARTESIAN_POINT('Ctrl Pts',(-3.75,6.76,3.01550290500438));
#7119=CARTESIAN_POINT('Ctrl Pts',(-4.82883682035817,-2.84,1.27211175734246));
#7120=CARTESIAN_POINT('Ctrl Pts',(-4.82883682035817,6.76,1.27211175734246));
#7121=CARTESIAN_POINT('Ctrl Pts',(-5.90767364071634,-2.84,-0.471279390319468));
#7122=CARTESIAN_POINT('Ctrl Pts',(-5.90767364071634,6.76,-0.471279390319468));
#7123=CARTESIAN_POINT('Ctrl Pts',(-6.9865104610745,-2.84,-2.21467053798139));
#7124=CARTESIAN_POINT('Ctrl Pts',(-6.9865104610745,6.76,-2.21467053798139));
#7125=CARTESIAN_POINT('Ctrl Pts',(-8.06534728143267,-2.84,-3.95806168564332));
#7126=CARTESIAN_POINT('Ctrl Pts',(-8.06534728143267,6.76,-3.95806168564332));
#7127=CARTESIAN_POINT('Ctrl Pts',(-9.14418410179084,-2.84,-5.70145283330524));
#7128=CARTESIAN_POINT('Ctrl Pts',(-9.14418410179084,6.76,-5.70145283330524));
#7129=CARTESIAN_POINT('',(-3.20750938307072,1.35721018228467,4.56316497736432));
#7130=CARTESIAN_POINT('',(-3.20750938307088,0.999999999999999,4.56316497736345));
#7131=CARTESIAN_POINT('Ctrl Pts',(-3.20750938307088,1.35721018228467,4.56316497736345));
#7132=CARTESIAN_POINT('Ctrl Pts',(-3.20750938307088,1.23814012152312,4.56316497736345));
#7133=CARTESIAN_POINT('Ctrl Pts',(-3.20750938307088,1.11907006076156,4.56316497736345));
#7134=CARTESIAN_POINT('Ctrl Pts',(-3.20750938307088,1.,4.56316497736345));
#7135=CARTESIAN_POINT('',(-2.92613319018676,1.02521262829954,5.41286447108752));
#7136=CARTESIAN_POINT('Ctrl Pts',(-2.92613319018664,1.02521262829952,5.41286447108769));
#7137=CARTESIAN_POINT('Ctrl Pts',(-2.92720986924009,1.02542250105331,5.41133976182193));
#7138=CARTESIAN_POINT('Ctrl Pts',(-2.92828287134492,1.02563451430207,5.40981114734554));
#7139=CARTESIAN_POINT('Ctrl Pts',(-2.99025662085963,1.03804790081774,5.32099255371816));
#7140=CARTESIAN_POINT('Ctrl Pts',(-3.03495007244453,1.0564972819582,5.22719999775385));
#7141=CARTESIAN_POINT('Ctrl Pts',(-3.11845123306999,1.12220072119309,4.99760072262372));
#7142=CARTESIAN_POINT('Ctrl Pts',(-3.15045580875102,1.17833176918101,4.85586109058851));
#7143=CARTESIAN_POINT('Ctrl Pts',(-3.18880729041837,1.28969881430034,4.66275802084497));
#7144=CARTESIAN_POINT('Ctrl Pts',(-3.19827593331614,1.32194227716,4.61247201802702));
#7145=CARTESIAN_POINT('Ctrl Pts',(-3.20750938307072,1.35721018228467,4.56316497736432));
#7146=CARTESIAN_POINT('',(-2.92613319018652,1.,5.41286447108786));
#7147=CARTESIAN_POINT('Ctrl Pts',(-2.92613319018671,1.02521262829954,5.4128644710876));
#7148=CARTESIAN_POINT('Ctrl Pts',(-2.92613319018671,1.01680841886636,5.4128644710876));
#7149=CARTESIAN_POINT('Ctrl Pts',(-2.92613319018671,1.00840420943318,5.4128644710876));
#7150=CARTESIAN_POINT('Ctrl Pts',(-2.92613319018671,0.999999999999999,5.4128644710876));
#7151=CARTESIAN_POINT('Ctrl Pts',(-2.92613319018652,1.,5.41286447108786));
#7152=CARTESIAN_POINT('Ctrl Pts',(-2.96330164974958,0.999999999999999,5.3602293849789));
#7153=CARTESIAN_POINT('Ctrl Pts',(-3.03725210430913,0.999999999999999,5.23521431917935));
#7154=CARTESIAN_POINT('Ctrl Pts',(-3.09886272265536,0.999999999999999,5.07679145811681));
#7155=CARTESIAN_POINT('Ctrl Pts',(-3.14292179366463,0.999999999999999,4.89987666112973));
#7156=CARTESIAN_POINT('Ctrl Pts',(-3.18044494679808,1.,4.70735545616485));
#7157=CARTESIAN_POINT('Ctrl Pts',(-3.20323286123155,1.,4.5860017980352));
#7158=CARTESIAN_POINT('Ctrl Pts',(-3.20750938307088,1.,4.56316497736345));
#7159=CARTESIAN_POINT('Ctrl Pts',(-5.237715805062,2.6,2.73801858656979));
#7160=CARTESIAN_POINT('Ctrl Pts',(-4.34211993711284,2.6,3.53446172657511));
#7161=CARTESIAN_POINT('Ctrl Pts',(-3.10241195471868,2.6,4.07846811546149));
#7162=CARTESIAN_POINT('Ctrl Pts',(-1.79482251274331,2.6,4.33041037250337));
#7163=CARTESIAN_POINT('Ctrl Pts',(-5.237715805062,2.12128111945298,2.73801858656979));
#7164=CARTESIAN_POINT('Ctrl Pts',(-4.34301168617749,2.12128111945298,3.53366870435319));
#7165=CARTESIAN_POINT('Ctrl Pts',(-3.10166522958734,2.12128111945298,4.07861199213175));
#7166=CARTESIAN_POINT('Ctrl Pts',(-1.79482251274331,2.12128111945298,4.33041037250337));
#7167=CARTESIAN_POINT('Ctrl Pts',(-5.5040257307067,1.29169248446212,3.03748261233772));
#7168=CARTESIAN_POINT('Ctrl Pts',(-4.53934994964077,1.29169248446212,3.89535772728057));
#7169=CARTESIAN_POINT('Ctrl Pts',(-3.23607797510531,1.29169248446212,4.46083365128517));
#7170=CARTESIAN_POINT('Ctrl Pts',(-1.87064299200163,1.29169248446212,4.72392140684811));
#7171=CARTESIAN_POINT('Ctrl Pts',(-6.06237231838312,0.999999999999999,3.66534023542326));
#7172=CARTESIAN_POINT('Ctrl Pts',(-4.95393675137799,0.999999999999999,4.65105928022044));
#7173=CARTESIAN_POINT('Ctrl Pts',(-3.51542386103389,0.999999999999999,5.26267614915016));
#7174=CARTESIAN_POINT('Ctrl Pts',(-2.02960854977193,0.999999999999999,5.54895841103598));
#7175=CARTESIAN_POINT('Ctrl Pts',(-6.3009648450156,0.999999999999999,3.93363620062445));
#7176=CARTESIAN_POINT('Ctrl Pts',(-5.13114713893447,0.999999999999999,4.97394167813695));
#7177=CARTESIAN_POINT('Ctrl Pts',(-3.63475262968827,0.999999999999999,5.60532723556547));
#7178=CARTESIAN_POINT('Ctrl Pts',(-2.09753767285262,0.999999999999999,5.90151302091308));
#7179=CARTESIAN_POINT('',(-2.78986851850463,1.00905782299634,5.56791606534034));
#7180=CARTESIAN_POINT('Ctrl Pts',(-2.79119400784156,1.0092747129065,5.56782054274409));
#7181=CARTESIAN_POINT('Ctrl Pts',(-2.81834004972714,1.01096474787417,5.54446208871493));
#7182=CARTESIAN_POINT('Ctrl Pts',(-2.84383166048167,1.01311690501246,5.51914818239043));
#7183=CARTESIAN_POINT('Ctrl Pts',(-2.86743907954949,1.01593757381136,5.49205825687204));
#7184=CARTESIAN_POINT('Ctrl Pts',(-2.88366191403673,1.01787591543762,5.47344227107987));
#7185=CARTESIAN_POINT('Ctrl Pts',(-2.89899539074443,1.02013088269338,5.45398799398584));
#7186=CARTESIAN_POINT('Ctrl Pts',(-2.91337182192761,1.02278007264181,5.43376025252932));
#7187=CARTESIAN_POINT('Ctrl Pts',(-2.91834188108109,1.02369592099003,5.42676734376782));
#7188=CARTESIAN_POINT('Ctrl Pts',(-2.92318588278792,1.0246570626233,5.41969694370859));
#7189=CARTESIAN_POINT('Ctrl Pts',(-2.92790447475576,1.02566640474462,5.41255187156848));
#7190=CARTESIAN_POINT('Ctrl Pts',(-3.20750938307088,1.3572101822853,4.56316497736345));
#7191=CARTESIAN_POINT('Ctrl Pts',(-3.21059955376315,1.3690133381686,4.54666332564843));
#7192=CARTESIAN_POINT('Ctrl Pts',(-3.21250097238937,1.38134853304364,4.53040367716012));
#7193=CARTESIAN_POINT('Ctrl Pts',(-3.21340843941954,1.39416755193406,4.51447939255446));
#7194=CARTESIAN_POINT('Ctrl Pts',(-3.21437748127669,1.40785638630424,4.49747458927785));
#7195=CARTESIAN_POINT('Ctrl Pts',(-3.2142131565882,1.42209693058301,4.48085183467155));
#7196=CARTESIAN_POINT('Ctrl Pts',(-3.21310684540492,1.43683047410507,4.46468295944629));
#7197=CARTESIAN_POINT('Ctrl Pts',(-3.2121317648058,1.44981632533901,4.450432035493));
#7198=CARTESIAN_POINT('Ctrl Pts',(-3.21042406098981,1.46318515356039,4.43653276373122));
#7199=CARTESIAN_POINT('Ctrl Pts',(-3.20808836954186,1.47689676056608,4.42301394028023));
#7200=CARTESIAN_POINT('Ctrl Pts',(-3.20425147821016,1.49942111673053,4.40080627386969));
#7201=CARTESIAN_POINT('Ctrl Pts',(-3.19861577930799,1.52349183066908,4.3790227640462));
#7202=CARTESIAN_POINT('Ctrl Pts',(-3.19128614817887,1.54918978184551,4.35788105672387));
#7203=CARTESIAN_POINT('Ctrl Pts',(-3.18395276322521,1.57490089406621,4.33672852180895));
#7204=CARTESIAN_POINT('Ctrl Pts',(-3.17492328492389,1.60224091071025,4.31621705606766));
#7205=CARTESIAN_POINT('Ctrl Pts',(-3.16425301247054,1.63129083557079,4.29657488720397));
#7206=CARTESIAN_POINT('Ctrl Pts',(-3.15868044083535,1.64646221830631,4.28631672429933));
#7207=CARTESIAN_POINT('Ctrl Pts',(-3.15265956522132,1.66209997372189,4.27629595632941));
#7208=CARTESIAN_POINT('Ctrl Pts',(-3.14619343564699,1.67821564022336,4.26654814619766));
#7209=CARTESIAN_POINT('Ctrl Pts',(-3.13858526543183,1.69717763788582,4.25507868864122));
#7210=CARTESIAN_POINT('Ctrl Pts',(-3.13041312103109,1.71667185461836,4.24406601433106));
#7211=CARTESIAN_POINT('Ctrl Pts',(-3.12170008017595,1.7366938643702,4.23355391893671));
#7212=CARTESIAN_POINT('Ctrl Pts',(-3.10792344917148,1.76835167992561,4.21693271151448));
#7213=CARTESIAN_POINT('Ctrl Pts',(-3.09279707174737,1.80132899790901,4.20156113828167));
#7214=CARTESIAN_POINT('Ctrl Pts',(-3.07655311024191,1.83560832242316,4.18751377030029));
#7215=CARTESIAN_POINT('Ctrl Pts',(-3.05987725661593,1.87079906070479,4.17309291291221));
#7216=CARTESIAN_POINT('Ctrl Pts',(-3.04202248368943,1.90736196105008,4.16006671587968));
#7217=CARTESIAN_POINT('Ctrl Pts',(-3.02319865281621,1.94527809459343,4.14855106213312));
#7218=CARTESIAN_POINT('Ctrl Pts',(-3.01002750858133,1.97180823434511,4.14049349205207));
#7219=CARTESIAN_POINT('Ctrl Pts',(-2.99638103378175,1.9990009011711,4.13317618718754));
#7220=CARTESIAN_POINT('Ctrl Pts',(-2.98232414951309,2.02684961065244,4.12665234916496));
#7221=CARTESIAN_POINT('Ctrl Pts',(-2.96479651252751,2.06157438045042,4.11851772541569));
#7222=CARTESIAN_POINT('Ctrl Pts',(-2.94683113987587,2.09691937522384,4.11170902071802));
#7223=CARTESIAN_POINT('Ctrl Pts',(-2.92857911081557,2.13280814160204,4.10626614702199));
#7224=CARTESIAN_POINT('Ctrl Pts',(-2.90761206750457,2.17403541099461,4.10001363842999));
#7225=CARTESIAN_POINT('Ctrl Pts',(-2.88626640805907,2.21598025754705,4.09556159425023));
#7226=CARTESIAN_POINT('Ctrl Pts',(-2.86475923240547,2.25852678357481,4.09285075184997));
#7227=CARTESIAN_POINT('Ctrl Pts',(-2.8429263455925,2.30171764703411,4.09009885563421));
#7228=CARTESIAN_POINT('Ctrl Pts',(-2.82092565033425,2.345528551995,4.08914120640366));
#7229=CARTESIAN_POINT('Ctrl Pts',(-2.79896885254114,2.38983825505848,4.08996768886399));
#7230=CARTESIAN_POINT('Ctrl Pts',(-2.77751040702893,2.43314226312964,4.09077541269553));
#7231=CARTESIAN_POINT('Ctrl Pts',(-2.75609260024148,2.4769226838715,4.09328736174475));
#7232=CARTESIAN_POINT('Ctrl Pts',(-2.73491816979159,2.52106634349168,4.09754224996494));
#7233=CARTESIAN_POINT('Ctrl Pts',(-2.723251314336,2.54538896682212,4.09988664198825));
#7234=CARTESIAN_POINT('Ctrl Pts',(-2.71165854471134,2.56982186500505,4.10276100804072));
#7235=CARTESIAN_POINT('Ctrl Pts',(-2.70017659988501,2.59434610710352,4.10617807521182));
#7236=CARTESIAN_POINT('Ctrl Pts',(-2.69929424055906,2.59623073501759,4.10644066845116));
#7237=CARTESIAN_POINT('Ctrl Pts',(-2.6984127800115,2.59811536948705,4.10670639654841));
#7238=CARTESIAN_POINT('Ctrl Pts',(-2.69753223431187,2.60000000000369,4.10697526114121));
#7239=CARTESIAN_POINT('',(-3.5523530910695,1.01654058739217,5.26653606850614));
#7240=CARTESIAN_POINT('Ctrl Pts',(-5.23771580506151,2.6000000000025,2.73801858657022));
#7241=CARTESIAN_POINT('Ctrl Pts',(-5.23586246235135,2.59812281913812,2.73966674299927));
#7242=CARTESIAN_POINT('Ctrl Pts',(-5.23401004284119,2.59624580898117,2.74131613638497));
#7243=CARTESIAN_POINT('Ctrl Pts',(-4.73702032275841,2.09245591055905,3.18438838925701));
#7244=CARTESIAN_POINT('Ctrl Pts',(-4.30206892677839,1.60320177248062,3.71853812451476));
#7245=CARTESIAN_POINT('Ctrl Pts',(-3.78560734529016,1.14277081001077,4.66278184085748));
#7246=CARTESIAN_POINT('Ctrl Pts',(-3.65345759646038,1.05155581763731,4.97318273280322));
#7247=CARTESIAN_POINT('Ctrl Pts',(-3.55235309106976,1.01654058739227,5.26653606850539));
#7248=CARTESIAN_POINT('Ctrl Pts',(-3.54893230582645,1.01654058739217,5.27341219863742));
#7249=CARTESIAN_POINT('Ctrl Pts',(-3.52860062318142,1.00962385225565,5.33147175493936));
#7250=CARTESIAN_POINT('Ctrl Pts',(-3.50605961588815,1.00512284702642,5.38820310136632));
#7251=CARTESIAN_POINT('Ctrl Pts',(-3.48083276836398,1.00258782362099,5.44348309803158));
#7252=CARTESIAN_POINT('Ctrl Pts',(-3.46315086066751,1.00081098448878,5.48222974671847));
#7253=CARTESIAN_POINT('Ctrl Pts',(-3.44414986871234,1.,5.52026512518464));
#7254=CARTESIAN_POINT('Ctrl Pts',(-3.42365513309834,1.,5.55755789087943));
#7255=CARTESIAN_POINT('Ctrl Pts',(-2.09753767285263,0.999999999999999,5.90151302091308));
#7256=CARTESIAN_POINT('Ctrl Pts',(-2.1820843258991,0.999999999999999,5.88020461371634));
#7257=CARTESIAN_POINT('Ctrl Pts',(-2.26682888318039,1.00000335109095,5.85493996068517));
#7258=CARTESIAN_POINT('Ctrl Pts',(-2.4769228695322,1.00048849312495,5.7770461686924));
#7259=CARTESIAN_POINT('Ctrl Pts',(-2.60212303953437,1.00087457055121,5.7155020288551));
#7260=CARTESIAN_POINT('Ctrl Pts',(-2.73904390885574,1.00609444357986,5.61236232947622));
#7261=CARTESIAN_POINT('Ctrl Pts',(-2.76510010840826,1.00739254819684,5.59070429103783));
#7262=CARTESIAN_POINT('Ctrl Pts',(-2.78986851850464,1.00905782299634,5.56791606534034));
#7263=CARTESIAN_POINT('Origin',(-7.59999999999705,1.37000007450581,-1.09056618160703));
#7264=CARTESIAN_POINT('',(-7.59999999999763,0.370000074505805,-2.18929686573999E-6));
#7265=CARTESIAN_POINT('Origin',(-7.59999999999763,1.37000007450581,-2.18929686587876E-6));
#7266=CARTESIAN_POINT('',(-7.59999999999705,0.370000074505805,-1.09056618160703));
#7267=CARTESIAN_POINT('Ctrl Pts',(-6.59999999999919,1.37000007450581,-2.18929634400455E-6));
#7268=CARTESIAN_POINT('Ctrl Pts',(-6.60000047916238,1.37000007450581,0.671518934101616));
#7269=CARTESIAN_POINT('Ctrl Pts',(-6.37164555850567,1.37000007450581,1.34150446961337));
#7270=CARTESIAN_POINT('Ctrl Pts',(-5.96296372771295,1.37000007450581,1.92884225645877));
#7271=CARTESIAN_POINT('Ctrl Pts',(-6.59999999999919,1.07080077416392,-2.18929634394227E-6));
#7272=CARTESIAN_POINT('Ctrl Pts',(-6.60000047866328,1.07080077416392,0.670819472280696));
#7273=CARTESIAN_POINT('Ctrl Pts',(-6.37132632312793,1.07080077416392,1.34196325927837));
#7274=CARTESIAN_POINT('Ctrl Pts',(-5.96296372771295,1.07080077416392,1.92884225645877));
#7275=CARTESIAN_POINT('Ctrl Pts',(-6.85084785125493,0.552462590114313,-2.3682885621306E-6));
#7276=CARTESIAN_POINT('Ctrl Pts',(-6.85084836978238,0.552462590114313,0.726685620533932));
#7277=CARTESIAN_POINT('Ctrl Pts',(-6.60272982562406,0.552462590114314,1.44859321703974));
#7278=CARTESIAN_POINT('Ctrl Pts',(-6.16886975837079,0.552462590114315,2.07211594915352));
#7279=CARTESIAN_POINT('Ctrl Pts',(-7.37560052474258,0.370000074505804,-2.74272527587843E-6));
#7280=CARTESIAN_POINT('Ctrl Pts',(-7.37560112510431,0.370000074505804,0.841371541705195));
#7281=CARTESIAN_POINT('Ctrl Pts',(-7.08581096810531,0.370000074505805,1.67308495342368));
#7282=CARTESIAN_POINT('Ctrl Pts',(-6.59960791113562,0.370000074505806,2.37183250205861));
#7283=CARTESIAN_POINT('Ctrl Pts',(-7.59999999999894,0.370000074505804,-2.9028452835228E-6));
#7284=CARTESIAN_POINT('Ctrl Pts',(-7.60000063533383,0.370000074505804,0.890384364475164));
#7285=CARTESIAN_POINT('Ctrl Pts',(-7.29237670097757,0.370000074505805,1.76910394900201));
#7286=CARTESIAN_POINT('Ctrl Pts',(-6.78380404835758,0.370000074505806,2.49999999999729));
#7287=CARTESIAN_POINT('Ctrl Pts',(-7.59999999999938,0.370000074505804,-2.18929686567055E-6));
#7288=CARTESIAN_POINT('Ctrl Pts',(-7.6000002709109,0.370000074505804,0.512152330229121));
#7289=CARTESIAN_POINT('Ctrl Pts',(-7.49821991473211,0.370000074505804,1.0204464692773));
#7290=CARTESIAN_POINT('Ctrl Pts',(-7.31496062804885,0.370000074505805,1.49896813309443));
#7291=CARTESIAN_POINT('Origin',(-4.59999999999843,0.370000074505806,1.49999999999756));
#7292=CARTESIAN_POINT('',(-8.5499999999979,0.370000074505805,0.499999999995472));
#7293=CARTESIAN_POINT('Ctrl Pts',(-6.47767992735121,-2.8,0.862348466421069));
#7294=CARTESIAN_POINT('Ctrl Pts',(-6.60000031037111,-2.8,0.435206071430118));
#7295=CARTESIAN_POINT('Ctrl Pts',(-6.59999999999919,-2.8,-2.18809450870216E-6));
#7296=CARTESIAN_POINT('Ctrl Pts',(-6.47767992735121,-3.12999992549419,0.862348466421069));
#7297=CARTESIAN_POINT('Ctrl Pts',(-6.60000031037111,-3.12999992549419,0.435206071430118));
#7298=CARTESIAN_POINT('Ctrl Pts',(-6.59999999999919,-3.12999992549419,-2.18809450870216E-6));
#7299=CARTESIAN_POINT('Origin',(-8.5499999999979,-0.479999925494195,0.499999999995473));
#7300=CARTESIAN_POINT('',(-9.3999999999979,-0.479999925494195,0.499999999995023));
#7301=CARTESIAN_POINT('Origin',(-9.39999999999737,-1.62999992549419,-0.500000000004978));
#7302=CARTESIAN_POINT('Origin',(-6.39999999999737,-1.62999992549419,-0.500000000003388));
#7303=CARTESIAN_POINT('Ctrl Pts',(3.27744877108641,-1.8,4.55993933570833));
#7304=CARTESIAN_POINT('Ctrl Pts',(3.27744877108641,-2.8,4.55993933570833));
#7305=CARTESIAN_POINT('Ctrl Pts',(3.28608682806011,-1.8,4.52396967658451));
#7306=CARTESIAN_POINT('Ctrl Pts',(3.28608682806011,-2.8,4.52396967658451));
#7307=CARTESIAN_POINT('Ctrl Pts',(3.28969352265235,-1.8,4.48697499042827));
#7308=CARTESIAN_POINT('Ctrl Pts',(3.28969352265235,-2.8,4.48697499042827));
#7309=CARTESIAN_POINT('Ctrl Pts',(3.28663770798034,-1.8,4.41305346704199));
#7310=CARTESIAN_POINT('Ctrl Pts',(3.28663770798034,-2.8,4.41305346704199));
#7311=CARTESIAN_POINT('Ctrl Pts',(3.2799899176443,-1.8,4.3764826872673));
#7312=CARTESIAN_POINT('Ctrl Pts',(3.2799899176443,-2.8,4.3764826872673));
#7313=CARTESIAN_POINT('Ctrl Pts',(3.25211134789945,-1.8,4.2918793685419));
#7314=CARTESIAN_POINT('Ctrl Pts',(3.25211134789945,-2.8,4.2918793685419));
#7315=CARTESIAN_POINT('Ctrl Pts',(3.22630354875333,-1.8,4.24606696811395));
#7316=CARTESIAN_POINT('Ctrl Pts',(3.22630354875333,-2.8,4.24606696811395));
#7317=CARTESIAN_POINT('Ctrl Pts',(3.15858001054853,-1.8,4.16691332827811));
#7318=CARTESIAN_POINT('Ctrl Pts',(3.15858001054853,-2.8,4.16691332827811));
#7319=CARTESIAN_POINT('Ctrl Pts',(3.11731174542725,-1.8,4.13432884080912));
#7320=CARTESIAN_POINT('Ctrl Pts',(3.11731174542725,-2.8,4.13432884080912));
#7321=CARTESIAN_POINT('Ctrl Pts',(3.02460795694255,-1.8,4.08681269695437));
#7322=CARTESIAN_POINT('Ctrl Pts',(3.02460795694255,-2.8,4.08681269695437));
#7323=CARTESIAN_POINT('Ctrl Pts',(2.97405873232452,-1.8,4.07233532080217));
#7324=CARTESIAN_POINT('Ctrl Pts',(2.97405873232452,-2.8,4.07233532080217));
#7325=CARTESIAN_POINT('Ctrl Pts',(2.87025615089357,-1.8,4.0635717362324));
#7326=CARTESIAN_POINT('Ctrl Pts',(2.87025615089357,-2.8,4.0635717362324));
#7327=CARTESIAN_POINT('Ctrl Pts',(2.81799520333592,-1.8,4.06936931245984));
#7328=CARTESIAN_POINT('Ctrl Pts',(2.81799520333592,-2.8,4.06936931245984));
#7329=CARTESIAN_POINT('Ctrl Pts',(2.76831621096588,-1.8,4.08501992901822));
#7330=CARTESIAN_POINT('Ctrl Pts',(2.76831621096588,-2.8,4.08501992901822));
#7331=CARTESIAN_POINT('',(3.27744877108641,-1.8,4.55993933570833));
#7332=CARTESIAN_POINT('Ctrl Pts',(2.76831621096588,-1.8,4.08501992901822));
#7333=CARTESIAN_POINT('Ctrl Pts',(2.81799520333592,-1.8,4.06936931245984));
#7334=CARTESIAN_POINT('Ctrl Pts',(2.87025615089357,-1.8,4.0635717362324));
#7335=CARTESIAN_POINT('Ctrl Pts',(2.92215744160905,-1.8,4.06795352851728));
#7336=CARTESIAN_POINT('Ctrl Pts',(2.97405873232452,-1.8,4.07233532080217));
#7337=CARTESIAN_POINT('Ctrl Pts',(3.02460795694255,-1.8,4.08681269695437));
#7338=CARTESIAN_POINT('Ctrl Pts',(3.0709598511849,-1.8,4.11057076888174));
#7339=CARTESIAN_POINT('Ctrl Pts',(3.11731174542725,-1.8,4.13432884080912));
#7340=CARTESIAN_POINT('Ctrl Pts',(3.15858001054853,-1.8,4.16691332827811));
#7341=CARTESIAN_POINT('Ctrl Pts',(3.19244177965093,-1.8,4.20649014819603));
#7342=CARTESIAN_POINT('Ctrl Pts',(3.22630354875333,-1.8,4.24606696811395));
#7343=CARTESIAN_POINT('Ctrl Pts',(3.25211134789945,-1.8,4.2918793685419));
#7344=CARTESIAN_POINT('Ctrl Pts',(3.26841253346188,-1.8,4.34134870683159));
#7345=CARTESIAN_POINT('Ctrl Pts',(3.2799899176443,-1.8,4.3764826872673));
#7346=CARTESIAN_POINT('Ctrl Pts',(3.28663770798034,-1.8,4.41305346704199));
#7347=CARTESIAN_POINT('Ctrl Pts',(3.28816561531634,-1.8,4.45001422873513));
#7348=CARTESIAN_POINT('Ctrl Pts',(3.28969352265235,-1.8,4.48697499042827));
#7349=CARTESIAN_POINT('Ctrl Pts',(3.28608682806011,-1.8,4.52396967658451));
#7350=CARTESIAN_POINT('Ctrl Pts',(3.27744877108641,-1.8,4.55993933570833));
#7351=CARTESIAN_POINT('',(3.27744877108641,-1.8,4.55993933570833));
#7352=CARTESIAN_POINT('Ctrl Pts',(2.92028690990483,-1.8,5.42159695372449));
#7353=CARTESIAN_POINT('Ctrl Pts',(2.92028690990483,-2.8,5.42159695372449));
#7354=CARTESIAN_POINT('Ctrl Pts',(2.96396601092644,-1.8,5.36771200366057));
#7355=CARTESIAN_POINT('Ctrl Pts',(2.96396601092644,-2.8,5.36771200366057));
#7356=CARTESIAN_POINT('Ctrl Pts',(3.05128801582536,-1.8,5.24170712859897));
#7357=CARTESIAN_POINT('Ctrl Pts',(3.05128801582536,-2.8,5.24170712859897));
#7358=CARTESIAN_POINT('Ctrl Pts',(3.12949557836789,-1.8,5.08124972069114));
#7359=CARTESIAN_POINT('Ctrl Pts',(3.12949557836789,-2.8,5.08124972069114));
#7360=CARTESIAN_POINT('Ctrl Pts',(3.19017580256451,-1.8,4.90161345346527));
#7361=CARTESIAN_POINT('Ctrl Pts',(3.19017580256451,-2.8,4.90161345346527));
#7362=CARTESIAN_POINT('Ctrl Pts',(3.24201835671426,-1.8,4.70580596506181));
#7363=CARTESIAN_POINT('Ctrl Pts',(3.24201835671426,-2.8,4.70580596506181));
#7364=CARTESIAN_POINT('Ctrl Pts',(3.27176470529857,-1.8,4.58360830541398));
#7365=CARTESIAN_POINT('Ctrl Pts',(3.27176470529857,-2.8,4.58360830541398));
#7366=CARTESIAN_POINT('Ctrl Pts',(3.27744877108641,-1.8,4.55993933570833));
#7367=CARTESIAN_POINT('Ctrl Pts',(3.27744877108641,-2.8,4.55993933570833));
#7368=CARTESIAN_POINT('',(2.92028690990483,-1.8,5.42159695372449));
#7369=CARTESIAN_POINT('Ctrl Pts',(2.92028690990484,-1.8,5.42159695372449));
#7370=CARTESIAN_POINT('Ctrl Pts',(2.96396601092644,-1.8,5.36771200366057));
#7371=CARTESIAN_POINT('Ctrl Pts',(3.05128801582536,-1.8,5.24170712859897));
#7372=CARTESIAN_POINT('Ctrl Pts',(3.12949557836789,-1.8,5.08124972069114));
#7373=CARTESIAN_POINT('Ctrl Pts',(3.19017580256451,-1.8,4.90161345346527));
#7374=CARTESIAN_POINT('Ctrl Pts',(3.24201835671426,-1.8,4.70580596506181));
#7375=CARTESIAN_POINT('Ctrl Pts',(3.27176470529857,-1.8,4.58360830541398));
#7376=CARTESIAN_POINT('Ctrl Pts',(3.27744877108641,-1.8,4.55993933570833));
#7377=CARTESIAN_POINT('',(2.92028690990483,-1.8,5.42159695372449));
#7378=CARTESIAN_POINT('Ctrl Pts',(-3.20750938307088,-1.8,4.56316497736345));
#7379=CARTESIAN_POINT('Ctrl Pts',(-3.20750938307088,-2.8,4.56316497736345));
#7380=CARTESIAN_POINT('Ctrl Pts',(-3.20323286123155,-1.8,4.5860017980352));
#7381=CARTESIAN_POINT('Ctrl Pts',(-3.20323286123155,-2.8,4.5860017980352));
#7382=CARTESIAN_POINT('Ctrl Pts',(-3.18044494679808,-1.8,4.70735545616485));
#7383=CARTESIAN_POINT('Ctrl Pts',(-3.18044494679808,-2.8,4.70735545616485));
#7384=CARTESIAN_POINT('Ctrl Pts',(-3.14292179366463,-1.8,4.89987666112973));
#7385=CARTESIAN_POINT('Ctrl Pts',(-3.14292179366463,-2.8,4.89987666112973));
#7386=CARTESIAN_POINT('Ctrl Pts',(-3.09886272265536,-1.8,5.07679145811681));
#7387=CARTESIAN_POINT('Ctrl Pts',(-3.09886272265536,-2.8,5.07679145811681));
#7388=CARTESIAN_POINT('Ctrl Pts',(-3.03725210430913,-1.8,5.23521431917935));
#7389=CARTESIAN_POINT('Ctrl Pts',(-3.03725210430913,-2.8,5.23521431917935));
#7390=CARTESIAN_POINT('Ctrl Pts',(-2.96330164974958,-1.8,5.3602293849789));
#7391=CARTESIAN_POINT('Ctrl Pts',(-2.96330164974958,-2.8,5.3602293849789));
#7392=CARTESIAN_POINT('Ctrl Pts',(-2.92613319018652,-1.8,5.41286447108786));
#7393=CARTESIAN_POINT('Ctrl Pts',(-2.92613319018652,-2.8,5.41286447108786));
#7394=CARTESIAN_POINT('',(-3.20750938307088,-1.8,4.56316497736345));
#7395=CARTESIAN_POINT('',(-2.92613319018652,-1.8,5.41286447108786));
#7396=CARTESIAN_POINT('Ctrl Pts',(-3.20750938307088,-1.8,4.56316497736345));
#7397=CARTESIAN_POINT('Ctrl Pts',(-3.20323286123155,-1.8,4.5860017980352));
#7398=CARTESIAN_POINT('Ctrl Pts',(-3.18044494679808,-1.8,4.70735545616485));
#7399=CARTESIAN_POINT('Ctrl Pts',(-3.14292179366463,-1.8,4.89987666112973));
#7400=CARTESIAN_POINT('Ctrl Pts',(-3.09886272265536,-1.8,5.07679145811681));
#7401=CARTESIAN_POINT('Ctrl Pts',(-3.03725210430913,-1.8,5.23521431917935));
#7402=CARTESIAN_POINT('Ctrl Pts',(-2.96330164974958,-1.8,5.3602293849789));
#7403=CARTESIAN_POINT('Ctrl Pts',(-2.92613319018652,-1.8,5.41286447108786));
#7404=CARTESIAN_POINT('',(-2.92613319018652,-1.8,5.41286447108786));
#7405=CARTESIAN_POINT('',(-3.20750938307088,-1.8,4.56316497736345));
#7406=CARTESIAN_POINT('Ctrl Pts',(-2.69753223431187,-1.8,4.10697526114121));
#7407=CARTESIAN_POINT('Ctrl Pts',(-2.69753223431187,-2.8,4.10697526114121));
#7408=CARTESIAN_POINT('Ctrl Pts',(-2.7291077692673,-1.8,4.09733403144479));
#7409=CARTESIAN_POINT('Ctrl Pts',(-2.7291077692673,-2.8,4.09733403144479));
#7410=CARTESIAN_POINT('Ctrl Pts',(-2.76175582540668,-1.8,4.0916389898209));
#7411=CARTESIAN_POINT('Ctrl Pts',(-2.76175582540668,-2.8,4.0916389898209));
#7412=CARTESIAN_POINT('Ctrl Pts',(-2.8277057228454,-1.8,4.08840141372983));
#7413=CARTESIAN_POINT('Ctrl Pts',(-2.8277057228454,-2.8,4.08840141372983));
#7414=CARTESIAN_POINT('Ctrl Pts',(-2.86075460700128,-1.8,4.0908712972956));
#7415=CARTESIAN_POINT('Ctrl Pts',(-2.86075460700128,-2.8,4.0908712972956));
#7416=CARTESIAN_POINT('Ctrl Pts',(-2.94418842276234,-1.8,4.10763162611153));
#7417=CARTESIAN_POINT('Ctrl Pts',(-2.94418842276234,-2.8,4.10763162611153));
#7418=CARTESIAN_POINT('Ctrl Pts',(-2.99276233410786,-1.8,4.12776601625213));
#7419=CARTESIAN_POINT('Ctrl Pts',(-2.99276233410786,-2.8,4.12776601625213));
#7420=CARTESIAN_POINT('Ctrl Pts',(-3.07945826178779,-1.8,4.18552060438118));
#7421=CARTESIAN_POINT('Ctrl Pts',(-3.07945826178779,-2.8,4.18552060438118));
#7422=CARTESIAN_POINT('Ctrl Pts',(-3.11675141780064,-1.8,4.22258863702844));
#7423=CARTESIAN_POINT('Ctrl Pts',(-3.11675141780064,-2.8,4.22258863702844));
#7424=CARTESIAN_POINT('Ctrl Pts',(-3.17502987432062,-1.8,4.30893328267534));
#7425=CARTESIAN_POINT('Ctrl Pts',(-3.17502987432062,-2.8,4.30893328267534));
#7426=CARTESIAN_POINT('Ctrl Pts',(-3.19545800101922,-1.8,4.35738439380112));
#7427=CARTESIAN_POINT('Ctrl Pts',(-3.19545800101922,-2.8,4.35738439380112));
#7428=CARTESIAN_POINT('Ctrl Pts',(-3.2165923753003,-1.8,4.45938985713514));
#7429=CARTESIAN_POINT('Ctrl Pts',(-3.2165923753003,-2.8,4.45938985713514));
#7430=CARTESIAN_POINT('Ctrl Pts',(-3.21709656674554,-1.8,4.51196898151662));
#7431=CARTESIAN_POINT('Ctrl Pts',(-3.21709656674554,-2.8,4.51196898151662));
#7432=CARTESIAN_POINT('Ctrl Pts',(-3.20750938307088,-1.8,4.56316497736345));
#7433=CARTESIAN_POINT('Ctrl Pts',(-3.20750938307088,-2.8,4.56316497736345));
#7434=CARTESIAN_POINT('Ctrl Pts',(-3.20750938307088,-1.8,4.56316497736345));
#7435=CARTESIAN_POINT('Ctrl Pts',(-3.21709656674554,-1.8,4.51196898151662));
#7436=CARTESIAN_POINT('Ctrl Pts',(-3.2165923753003,-1.8,4.45938985713514));
#7437=CARTESIAN_POINT('Ctrl Pts',(-3.20602518815976,-1.8,4.40838712546813));
#7438=CARTESIAN_POINT('Ctrl Pts',(-3.19545800101922,-1.8,4.35738439380112));
#7439=CARTESIAN_POINT('Ctrl Pts',(-3.17502987432062,-1.8,4.30893328267534));
#7440=CARTESIAN_POINT('Ctrl Pts',(-3.14589064606063,-1.8,4.26576095985189));
#7441=CARTESIAN_POINT('Ctrl Pts',(-3.11675141780064,-1.8,4.22258863702844));
#7442=CARTESIAN_POINT('Ctrl Pts',(-3.07945826178779,-1.8,4.18552060438118));
#7443=CARTESIAN_POINT('Ctrl Pts',(-3.03611029794782,-1.8,4.15664331031666));
#7444=CARTESIAN_POINT('Ctrl Pts',(-2.99276233410786,-1.8,4.12776601625213));
#7445=CARTESIAN_POINT('Ctrl Pts',(-2.94418842276234,-1.8,4.10763162611153));
#7446=CARTESIAN_POINT('Ctrl Pts',(-2.89312264372851,-1.8,4.09737344434144));
#7447=CARTESIAN_POINT('Ctrl Pts',(-2.86075460700128,-1.8,4.0908712972956));
#7448=CARTESIAN_POINT('Ctrl Pts',(-2.8277057228454,-1.8,4.08840141372983));
#7449=CARTESIAN_POINT('Ctrl Pts',(-2.79473077412604,-1.8,4.09002020177537));
#7450=CARTESIAN_POINT('Ctrl Pts',(-2.76175582540668,-1.8,4.0916389898209));
#7451=CARTESIAN_POINT('Ctrl Pts',(-2.7291077692673,-1.8,4.09733403144479));
#7452=CARTESIAN_POINT('Ctrl Pts',(-2.69753223431187,-1.8,4.10697526114121));
#7453=CARTESIAN_POINT('Ctrl Pts',(-3.55235309106977,-1.8,5.26653606850538));
#7454=CARTESIAN_POINT('Ctrl Pts',(-3.55235309106977,-2.8,5.26653606850538));
#7455=CARTESIAN_POINT('Ctrl Pts',(-3.71942090159747,-1.8,4.78179110766107));
#7456=CARTESIAN_POINT('Ctrl Pts',(-3.71942090159747,-2.8,4.78179110766107));
#7457=CARTESIAN_POINT('Ctrl Pts',(-3.94793724976443,-1.8,4.32045441510345));
#7458=CARTESIAN_POINT('Ctrl Pts',(-3.94793724976443,-2.8,4.32045441510345));
#7459=CARTESIAN_POINT('Ctrl Pts',(-4.51668343088049,-1.8,3.46717538513741));
#7460=CARTESIAN_POINT('Ctrl Pts',(-4.51668343088049,-2.8,3.46717538513741));
#7461=CARTESIAN_POINT('Ctrl Pts',(-4.85457465195621,-1.8,3.07874162244481));
#7462=CARTESIAN_POINT('Ctrl Pts',(-4.85457465195621,-2.8,3.07874162244481));
#7463=CARTESIAN_POINT('Ctrl Pts',(-5.23771580506152,-1.8,2.73801858657022));
#7464=CARTESIAN_POINT('Ctrl Pts',(-5.23771580506152,-2.8,2.73801858657022));
#7465=CARTESIAN_POINT('',(-3.55235309106976,-1.8,5.26653606850538));
#7466=CARTESIAN_POINT('Ctrl Pts',(-5.23771580506152,-1.8,2.73801858657022));
#7467=CARTESIAN_POINT('Ctrl Pts',(-4.85457465195621,-1.8,3.07874162244481));
#7468=CARTESIAN_POINT('Ctrl Pts',(-4.51668343088049,-1.8,3.46717538513741));
#7469=CARTESIAN_POINT('Ctrl Pts',(-4.23231034032246,-1.8,3.89381490012043));
#7470=CARTESIAN_POINT('Ctrl Pts',(-3.94793724976443,-1.8,4.32045441510345));
#7471=CARTESIAN_POINT('Ctrl Pts',(-3.71942090159747,-1.8,4.78179110766107));
#7472=CARTESIAN_POINT('Ctrl Pts',(-3.55235309106977,-1.8,5.26653606850538));
#7473=CARTESIAN_POINT('',(-3.55235309106976,-1.8,5.26653606850538));
#7474=CARTESIAN_POINT('Ctrl Pts',(3.62773877436933,-1.8,5.15000918102627));
#7475=CARTESIAN_POINT('Ctrl Pts',(3.62773877436933,-2.8,5.15000918102627));
#7476=CARTESIAN_POINT('Ctrl Pts',(3.49779293912931,-1.8,5.51210612709695));
#7477=CARTESIAN_POINT('Ctrl Pts',(3.49779293912931,-2.8,5.51210612709695));
#7478=CARTESIAN_POINT('Ctrl Pts',(3.25587982914195,-1.8,5.87343275310431));
#7479=CARTESIAN_POINT('Ctrl Pts',(3.25587982914195,-2.8,5.87343275310431));
#7480=CARTESIAN_POINT('Ctrl Pts',(2.89783234369208,-1.8,6.09889980753004));
#7481=CARTESIAN_POINT('Ctrl Pts',(2.89783234369208,-2.8,6.09889980753004));
#7482=CARTESIAN_POINT('Ctrl Pts',(2.3691712403305,-1.8,6.4318044266328));
#7483=CARTESIAN_POINT('Ctrl Pts',(2.3691712403305,-2.8,6.4318044266328));
#7484=CARTESIAN_POINT('Ctrl Pts',(1.68654404734958,-1.8,6.51068559075469));
#7485=CARTESIAN_POINT('Ctrl Pts',(1.68654404734958,-2.8,6.51068559075469));
#7486=CARTESIAN_POINT('Ctrl Pts',(0.925404491655719,-1.8,6.54985038564134));
#7487=CARTESIAN_POINT('Ctrl Pts',(0.925404491655719,-2.8,6.54985038564134));
#7488=CARTESIAN_POINT('Ctrl Pts',(0.00884515866646424,-1.8,6.59701237848409));
#7489=CARTESIAN_POINT('Ctrl Pts',(0.00884515866646424,-2.8,6.59701237848409));
#7490=CARTESIAN_POINT('Ctrl Pts',(-1.01519466602358,-1.8,6.59499072580827));
#7491=CARTESIAN_POINT('Ctrl Pts',(-1.01519466602358,-2.8,6.59499072580827));
#7492=CARTESIAN_POINT('Ctrl Pts',(-1.84616291621589,-1.8,6.46194294924611));
#7493=CARTESIAN_POINT('Ctrl Pts',(-1.84616291621589,-2.8,6.46194294924611));
#7494=CARTESIAN_POINT('Ctrl Pts',(-2.397926893231,-1.8,6.37359905606853));
#7495=CARTESIAN_POINT('Ctrl Pts',(-2.397926893231,-2.8,6.37359905606853));
#7496=CARTESIAN_POINT('Ctrl Pts',(-2.89926847855904,-1.8,6.20365246377207));
#7497=CARTESIAN_POINT('Ctrl Pts',(-2.89926847855904,-2.8,6.20365246377207));
#7498=CARTESIAN_POINT('Ctrl Pts',(-3.23067476061439,-1.8,5.83204353098825));
#7499=CARTESIAN_POINT('Ctrl Pts',(-3.23067476061439,-2.8,5.83204353098825));
#7500=CARTESIAN_POINT('Ctrl Pts',(-3.38234752340416,-1.8,5.66197145763127));
#7501=CARTESIAN_POINT('Ctrl Pts',(-3.38234752340416,-2.8,5.66197145763127));
#7502=CARTESIAN_POINT('Ctrl Pts',(-3.48462635502082,-1.8,5.46304426425139));
#7503=CARTESIAN_POINT('Ctrl Pts',(-3.48462635502082,-2.8,5.46304426425139));
#7504=CARTESIAN_POINT('Ctrl Pts',(-3.55235309106893,-1.8,5.26653606850777));
#7505=CARTESIAN_POINT('Ctrl Pts',(-3.55235309106893,-2.8,5.26653606850777));
#7506=CARTESIAN_POINT('Ctrl Pts',(-3.55235309106893,-1.8,5.26653606850777));
#7507=CARTESIAN_POINT('Ctrl Pts',(-3.48462635502082,-1.8,5.46304426425139));
#7508=CARTESIAN_POINT('Ctrl Pts',(-3.38234752340416,-1.8,5.66197145763127));
#7509=CARTESIAN_POINT('Ctrl Pts',(-3.23067476061439,-1.8,5.83204353098825));
#7510=CARTESIAN_POINT('Ctrl Pts',(-2.89926847855904,-1.8,6.20365246377207));
#7511=CARTESIAN_POINT('Ctrl Pts',(-2.397926893231,-1.8,6.37359905606853));
#7512=CARTESIAN_POINT('Ctrl Pts',(-1.84616291621589,-1.8,6.46194294924611));
#7513=CARTESIAN_POINT('Ctrl Pts',(-1.01519466602358,-1.8,6.59499072580827));
#7514=CARTESIAN_POINT('Ctrl Pts',(0.0088451586664641,-1.8,6.59701237848409));
#7515=CARTESIAN_POINT('Ctrl Pts',(0.925404491655719,-1.8,6.54985038564134));
#7516=CARTESIAN_POINT('Ctrl Pts',(1.68654404734958,-1.8,6.51068559075469));
#7517=CARTESIAN_POINT('Ctrl Pts',(2.3691712403305,-1.8,6.4318044266328));
#7518=CARTESIAN_POINT('Ctrl Pts',(2.89783234369208,-1.8,6.09889980753004));
#7519=CARTESIAN_POINT('Ctrl Pts',(3.25587982914195,-1.8,5.87343275310431));
#7520=CARTESIAN_POINT('Ctrl Pts',(3.49779293912931,-1.8,5.51210612709695));
#7521=CARTESIAN_POINT('Ctrl Pts',(3.62773877436933,-1.8,5.15000918102627));
#7522=CARTESIAN_POINT('',(3.6277387749359,-1.8,5.1500091794475));
#7523=CARTESIAN_POINT('Ctrl Pts',(5.26103874250125,-1.8,2.71715207528906));
#7524=CARTESIAN_POINT('Ctrl Pts',(5.26103874250125,-2.8,2.71715207528906));
#7525=CARTESIAN_POINT('Ctrl Pts',(4.89387789807979,-1.8,3.04763655622876));
#7526=CARTESIAN_POINT('Ctrl Pts',(4.89387789807979,-2.8,3.04763655622876));
#7527=CARTESIAN_POINT('Ctrl Pts',(4.56893243402673,-1.8,3.42220325714951));
#7528=CARTESIAN_POINT('Ctrl Pts',(4.56893243402673,-2.8,3.42220325714951));
#7529=CARTESIAN_POINT('Ctrl Pts',(4.01824163454956,-1.8,4.24247635474825));
#7530=CARTESIAN_POINT('Ctrl Pts',(4.01824163454956,-2.8,4.24247635474825));
#7531=CARTESIAN_POINT('Ctrl Pts',(3.79459804615405,-1.8,4.6850521261331));
#7532=CARTESIAN_POINT('Ctrl Pts',(3.79459804615405,-2.8,4.6850521261331));
#7533=CARTESIAN_POINT('Ctrl Pts',(3.6277387749359,-1.8,5.1500091794475));
#7534=CARTESIAN_POINT('Ctrl Pts',(3.6277387749359,-2.8,5.1500091794475));
#7535=CARTESIAN_POINT('Origin',(5.1,5.,-0.5));
#7536=CARTESIAN_POINT('',(5.1,7.6,-0.5));
#7537=CARTESIAN_POINT('Ctrl Pts',(-2.69753223431187,2.60000000000369,4.10697526114121));
#7538=CARTESIAN_POINT('Ctrl Pts',(-2.69753223431187,1.13333333333579,4.10697526114121));
#7539=CARTESIAN_POINT('Ctrl Pts',(-2.69753223431187,-0.333333333332106,
4.10697526114121));
#7540=CARTESIAN_POINT('Ctrl Pts',(-2.69753223431187,-1.8,4.10697526114121));
#7541=CARTESIAN_POINT('Ctrl Pts',(-2.77230575189005,2.60000000000369,4.08414401982738));
#7542=CARTESIAN_POINT('Ctrl Pts',(-2.77230575189005,1.13333333333579,4.08414401982738));
#7543=CARTESIAN_POINT('Ctrl Pts',(-2.77230575189005,-0.333333333332103,
4.08414401982738));
#7544=CARTESIAN_POINT('Ctrl Pts',(-2.77230575189005,-1.8,4.08414401982738));
#7545=CARTESIAN_POINT('Ctrl Pts',(-2.93504776379262,2.60000000000369,4.08371553723737));
#7546=CARTESIAN_POINT('Ctrl Pts',(-2.93504776379262,1.13333333333579,4.08371553723737));
#7547=CARTESIAN_POINT('Ctrl Pts',(-2.93504776379262,-0.333333333332108,
4.08371553723737));
#7548=CARTESIAN_POINT('Ctrl Pts',(-2.93504776379262,-1.8,4.08371553723737));
#7549=CARTESIAN_POINT('Ctrl Pts',(-3.1745657137828,2.60000000000369,4.24081996119721));
#7550=CARTESIAN_POINT('Ctrl Pts',(-3.1745657137828,1.13333333333579,4.24081996119721));
#7551=CARTESIAN_POINT('Ctrl Pts',(-3.1745657137828,-0.333333333332104,4.24081996119721));
#7552=CARTESIAN_POINT('Ctrl Pts',(-3.1745657137828,-1.8,4.24081996119721));
#7553=CARTESIAN_POINT('Ctrl Pts',(-3.22909506622418,2.60000000000369,4.44789644986167));
#7554=CARTESIAN_POINT('Ctrl Pts',(-3.22909506622418,1.13333333333579,4.44789644986167));
#7555=CARTESIAN_POINT('Ctrl Pts',(-3.22909506622418,-0.333333333332108,
4.44789644986167));
#7556=CARTESIAN_POINT('Ctrl Pts',(-3.22909506622418,-1.8,4.44789644986167));
#7557=CARTESIAN_POINT('Ctrl Pts',(-3.20750938307088,2.60000000000369,4.56316497736345));
#7558=CARTESIAN_POINT('Ctrl Pts',(-3.20750938307088,1.13333333333579,4.56316497736345));
#7559=CARTESIAN_POINT('Ctrl Pts',(-3.20750938307088,-0.333333333332106,
4.56316497736345));
#7560=CARTESIAN_POINT('Ctrl Pts',(-3.20750938307088,-1.8,4.56316497736345));
#7561=CARTESIAN_POINT('Ctrl Pts',(-3.20750938307088,1.,4.56316497736345));
#7562=CARTESIAN_POINT('Ctrl Pts',(-3.20750938307088,0.0666666666666659,
4.56316497736345));
#7563=CARTESIAN_POINT('Ctrl Pts',(-3.20750938307088,-0.866666666666668,
4.56316497736345));
#7564=CARTESIAN_POINT('Ctrl Pts',(-3.20750938307088,-1.8,4.56316497736345));
#7565=CARTESIAN_POINT('Ctrl Pts',(-2.92613319018652,-1.8,5.41286447108786));
#7566=CARTESIAN_POINT('Ctrl Pts',(-2.92613319018652,0.999999999999999,5.41286447108786));
#7567=CARTESIAN_POINT('Ctrl Pts',(-2.96330164974958,-1.8,5.3602293849789));
#7568=CARTESIAN_POINT('Ctrl Pts',(-2.96330164974958,1.,5.3602293849789));
#7569=CARTESIAN_POINT('Ctrl Pts',(-3.03725210430913,-1.8,5.23521431917935));
#7570=CARTESIAN_POINT('Ctrl Pts',(-3.03725210430913,1.,5.23521431917935));
#7571=CARTESIAN_POINT('Ctrl Pts',(-3.12218897426844,-1.8,5.01681135050548));
#7572=CARTESIAN_POINT('Ctrl Pts',(-3.12218897426844,0.999999999999999,5.01681135050548));
#7573=CARTESIAN_POINT('Ctrl Pts',(-3.18348080083222,-1.8,4.71551850491035));
#7574=CARTESIAN_POINT('Ctrl Pts',(-3.18348080083222,0.999999999999999,4.71551850491035));
#7575=CARTESIAN_POINT('Ctrl Pts',(-3.23842475923287,-1.8,4.37527421585855));
#7576=CARTESIAN_POINT('Ctrl Pts',(-3.23842475923287,0.999999999999999,4.37527421585855));
#7577=CARTESIAN_POINT('Ctrl Pts',(-3.29849827396143,-1.8,4.10128650369011));
#7578=CARTESIAN_POINT('Ctrl Pts',(-3.29849827396143,0.999999999999999,4.10128650369011));
#7579=CARTESIAN_POINT('Ctrl Pts',(-3.34566670889641,-1.8,3.93113224299763));
#7580=CARTESIAN_POINT('Ctrl Pts',(-3.34566670889641,1.,3.93113224299763));
#7581=CARTESIAN_POINT('Ctrl Pts',(-3.3634194553928,-1.8,3.87182745430698));
#7582=CARTESIAN_POINT('Ctrl Pts',(-3.3634194553928,0.999999999999999,3.87182745430698));
#7583=CARTESIAN_POINT('',(-2.92613319018652,-1.8,5.41286447108786));
#7584=CARTESIAN_POINT('Ctrl Pts',(2.76831621096588,-1.8,4.08501992901822));
#7585=CARTESIAN_POINT('Ctrl Pts',(2.76831621096588,-0.333333333332181,4.08501992901822));
#7586=CARTESIAN_POINT('Ctrl Pts',(2.76831621096588,1.13333333333564,4.08501992901822));
#7587=CARTESIAN_POINT('Ctrl Pts',(2.76831621096588,2.60000000000346,4.08501992901822));
#7588=CARTESIAN_POINT('Ctrl Pts',(2.84504352013808,-1.8,4.06084814859108));
#7589=CARTESIAN_POINT('Ctrl Pts',(2.84504352013808,-0.333333333332181,4.06084814859108));
#7590=CARTESIAN_POINT('Ctrl Pts',(2.84504352013808,1.13333333333564,4.06084814859108));
#7591=CARTESIAN_POINT('Ctrl Pts',(2.84504352013808,2.60000000000346,4.06084814859108));
#7592=CARTESIAN_POINT('Ctrl Pts',(3.01287167014656,-1.8,4.06033510609971));
#7593=CARTESIAN_POINT('Ctrl Pts',(3.01287167014656,-0.333333333332182,4.06033510609971));
#7594=CARTESIAN_POINT('Ctrl Pts',(3.01287167014656,1.13333333333564,4.06033510609971));
#7595=CARTESIAN_POINT('Ctrl Pts',(3.01287167014656,2.60000000000346,4.06033510609971));
#7596=CARTESIAN_POINT('Ctrl Pts',(3.25731906662215,-1.8,4.22649025011285));
#7597=CARTESIAN_POINT('Ctrl Pts',(3.25731906662215,-0.333333333332181,4.22649025011285));
#7598=CARTESIAN_POINT('Ctrl Pts',(3.25731906662215,1.13333333333564,4.22649025011285));
#7599=CARTESIAN_POINT('Ctrl Pts',(3.25731906662215,2.60000000000346,4.22649025011285));
#7600=CARTESIAN_POINT('Ctrl Pts',(3.3056256741915,-1.8,4.44260813461283));
#7601=CARTESIAN_POINT('Ctrl Pts',(3.3056256741915,-0.333333333332183,4.44260813461283));
#7602=CARTESIAN_POINT('Ctrl Pts',(3.3056256741915,1.13333333333564,4.44260813461283));
#7603=CARTESIAN_POINT('Ctrl Pts',(3.3056256741915,2.60000000000346,4.44260813461283));
#7604=CARTESIAN_POINT('Ctrl Pts',(3.27744877108641,-1.8,4.55993933570833));
#7605=CARTESIAN_POINT('Ctrl Pts',(3.27744877108641,-0.333333333332181,4.55993933570833));
#7606=CARTESIAN_POINT('Ctrl Pts',(3.27744877108641,1.13333333333564,4.55993933570833));
#7607=CARTESIAN_POINT('Ctrl Pts',(3.27744877108641,2.60000000000346,4.55993933570833));
#7608=CARTESIAN_POINT('Ctrl Pts',(3.27744877108641,-1.8,4.55993933570833));
#7609=CARTESIAN_POINT('Ctrl Pts',(3.27744877108641,-0.866666666666668,4.55993933570833));
#7610=CARTESIAN_POINT('Ctrl Pts',(3.27744877108641,0.0666666666666656,4.55993933570833));
#7611=CARTESIAN_POINT('Ctrl Pts',(3.27744877108641,0.999999999999998,4.55993933570833));
#7612=CARTESIAN_POINT('Ctrl Pts',(-10.1328964955784,-2.84000000000003,-6.34901572037935));
#7613=CARTESIAN_POINT('Ctrl Pts',(-10.1328964955784,6.76000000000005,-6.34901572037935));
#7614=CARTESIAN_POINT('Ctrl Pts',(-8.14698993245908,-2.84000000000003,-3.13980756499166));
#7615=CARTESIAN_POINT('Ctrl Pts',(-8.14698993245908,6.76000000000005,-3.13980756499166));
#7616=CARTESIAN_POINT('Ctrl Pts',(-6.16108336933975,-2.84000000000003,0.0694005903960393));
#7617=CARTESIAN_POINT('Ctrl Pts',(-6.16108336933975,6.76000000000005,0.0694005903960393));
#7618=CARTESIAN_POINT('Ctrl Pts',(-4.17517680622041,-2.84000000000003,3.27860874578373));
#7619=CARTESIAN_POINT('Ctrl Pts',(-4.17517680622041,6.76000000000005,3.27860874578373));
#7620=CARTESIAN_POINT('Ctrl Pts',(-3.85381775922073,-2.84000000000003,3.79792223897199));
#7621=CARTESIAN_POINT('Ctrl Pts',(-3.85381775922073,6.76000000000005,3.79792223897199));
#7622=CARTESIAN_POINT('Ctrl Pts',(-3.77620336817608,-2.84000000000003,4.2559627820695));
#7623=CARTESIAN_POINT('Ctrl Pts',(-3.77620336817608,6.76000000000005,4.2559627820695));
#7624=CARTESIAN_POINT('Ctrl Pts',(-3.679847463792,-2.84000000000003,4.75617044538929));
#7625=CARTESIAN_POINT('Ctrl Pts',(-3.679847463792,6.76000000000005,4.75617044538929));
#7626=CARTESIAN_POINT('Ctrl Pts',(-3.61143719756287,-2.84000000000003,5.11130529297636));
#7627=CARTESIAN_POINT('Ctrl Pts',(-3.61143719756287,6.76000000000005,5.11130529297636));
#7628=CARTESIAN_POINT('Ctrl Pts',(-3.51667551828028,-2.84000000000003,5.51134823314282));
#7629=CARTESIAN_POINT('Ctrl Pts',(-3.51667551828028,6.76000000000005,5.51134823314282));
#7630=CARTESIAN_POINT('Ctrl Pts',(-3.23067476061439,-2.84000000000003,5.83204353098825));
#7631=CARTESIAN_POINT('Ctrl Pts',(-3.23067476061439,6.76000000000005,5.83204353098825));
#7632=CARTESIAN_POINT('Ctrl Pts',(-2.89926847855904,-2.84000000000003,6.20365246377207));
#7633=CARTESIAN_POINT('Ctrl Pts',(-2.89926847855904,6.76000000000005,6.20365246377207));
#7634=CARTESIAN_POINT('Ctrl Pts',(-2.397926893231,-2.84000000000003,6.37359905606853));
#7635=CARTESIAN_POINT('Ctrl Pts',(-2.397926893231,6.76000000000005,6.37359905606853));
#7636=CARTESIAN_POINT('Ctrl Pts',(-1.84616291621589,-2.84000000000003,6.46194294924611));
#7637=CARTESIAN_POINT('Ctrl Pts',(-1.84616291621589,6.76000000000005,6.46194294924611));
#7638=CARTESIAN_POINT('Ctrl Pts',(-1.01519466602358,-2.84000000000003,6.59499072580827));
#7639=CARTESIAN_POINT('Ctrl Pts',(-1.01519466602358,6.76000000000005,6.59499072580827));
#7640=CARTESIAN_POINT('Ctrl Pts',(0.00884515866646424,-2.84000000000003,
6.59701237848409));
#7641=CARTESIAN_POINT('Ctrl Pts',(0.00884515866646424,6.76000000000005,
6.59701237848409));
#7642=CARTESIAN_POINT('Ctrl Pts',(0.925404491655719,-2.84000000000003,6.54985038564134));
#7643=CARTESIAN_POINT('Ctrl Pts',(0.925404491655719,6.76000000000005,6.54985038564134));
#7644=CARTESIAN_POINT('Ctrl Pts',(1.68654404734958,-2.84000000000003,6.51068559075469));
#7645=CARTESIAN_POINT('Ctrl Pts',(1.68654404734958,6.76000000000005,6.51068559075469));
#7646=CARTESIAN_POINT('Ctrl Pts',(2.3691712403305,-2.84000000000003,6.4318044266328));
#7647=CARTESIAN_POINT('Ctrl Pts',(2.3691712403305,6.76000000000005,6.4318044266328));
#7648=CARTESIAN_POINT('Ctrl Pts',(2.89783234369208,-2.84000000000003,6.09889980753004));
#7649=CARTESIAN_POINT('Ctrl Pts',(2.89783234369208,6.76000000000005,6.09889980753004));
#7650=CARTESIAN_POINT('Ctrl Pts',(3.27560995193128,-2.84000000000003,5.8610084439008));
#7651=CARTESIAN_POINT('Ctrl Pts',(3.27560995193128,6.76000000000005,5.8610084439008));
#7652=CARTESIAN_POINT('Ctrl Pts',(3.52085120825281,-2.84000000000003,5.47090898377653));
#7653=CARTESIAN_POINT('Ctrl Pts',(3.52085120825281,6.76000000000005,5.47090898377653));
#7654=CARTESIAN_POINT('Ctrl Pts',(3.64840131896751,-2.84000000000003,5.09043045239103));
#7655=CARTESIAN_POINT('Ctrl Pts',(3.64840131896751,6.76000000000005,5.09043045239103));
#7656=CARTESIAN_POINT('Ctrl Pts',(3.8425411262926,-2.84000000000003,4.51131665656116));
#7657=CARTESIAN_POINT('Ctrl Pts',(3.8425411262926,6.76000000000005,4.51131665656116));
#7658=CARTESIAN_POINT('Ctrl Pts',(3.89613941929838,-2.84000000000003,3.94337767438138));
#7659=CARTESIAN_POINT('Ctrl Pts',(3.89613941929838,6.76000000000005,3.94337767438138));
#7660=CARTESIAN_POINT('Ctrl Pts',(4.14968295242251,-2.84000000000003,3.34775996981849));
#7661=CARTESIAN_POINT('Ctrl Pts',(4.14968295242251,6.76000000000005,3.34775996981849));
#7662=CARTESIAN_POINT('Ctrl Pts',(4.16711081156498,-2.84000000000003,3.30681890802141));
#7663=CARTESIAN_POINT('Ctrl Pts',(4.16711081156498,6.76000000000005,3.30681890802141));
#7664=CARTESIAN_POINT('Ctrl Pts',(4.18532333653981,-2.84000000000003,3.2656514476188));
#7665=CARTESIAN_POINT('Ctrl Pts',(4.18532333653981,6.76000000000005,3.2656514476188));
#7666=CARTESIAN_POINT('Ctrl Pts',(4.20436266629647,-2.84000000000003,3.22420021566258));
#7667=CARTESIAN_POINT('Ctrl Pts',(4.20436266629647,6.76000000000005,3.22420021566258));
#7668=CARTESIAN_POINT('Ctrl Pts',(5.75820321713906,-2.84000000000003,-0.158723759034388));
#7669=CARTESIAN_POINT('Ctrl Pts',(5.75820321713906,6.76000000000005,-0.158723759034388));
#7670=CARTESIAN_POINT('Ctrl Pts',(7.31204376798164,-2.84000000000003,-3.54164773373136));
#7671=CARTESIAN_POINT('Ctrl Pts',(7.31204376798164,6.76000000000005,-3.54164773373136));
#7672=CARTESIAN_POINT('Ctrl Pts',(8.86588431882423,-2.84000000000003,-6.92457170842833));
#7673=CARTESIAN_POINT('Ctrl Pts',(8.86588431882423,6.76000000000005,-6.92457170842833));
#7674=CARTESIAN_POINT('',(-3.55235309106976,0.999999999999999,5.26653606850538));
#7675=CARTESIAN_POINT('Ctrl Pts',(-3.55235309106976,0.999999999999999,5.26653606850538));
#7676=CARTESIAN_POINT('Ctrl Pts',(-3.55235309106976,1.00551352913072,5.26653606850538));
#7677=CARTESIAN_POINT('Ctrl Pts',(-3.55235309106976,1.01102705826145,5.26653606850538));
#7678=CARTESIAN_POINT('Ctrl Pts',(-3.55235309106976,1.01654058739217,5.26653606850538));
#7679=CARTESIAN_POINT('Ctrl Pts',(-3.55235309106977,-1.8,5.26653606850538));
#7680=CARTESIAN_POINT('Ctrl Pts',(-3.55235309106977,-0.866666666666668,
5.26653606850538));
#7681=CARTESIAN_POINT('Ctrl Pts',(-3.55235309106977,0.0666666666666683,
5.26653606850538));
#7682=CARTESIAN_POINT('Ctrl Pts',(-3.55235309106976,0.999999999999999,5.26653606850538));
#7683=CARTESIAN_POINT('Ctrl Pts',(-5.23771580506152,-1.8,2.73801858657022));
#7684=CARTESIAN_POINT('Ctrl Pts',(-5.23771580506152,-0.333333333332496,
2.73801858657022));
#7685=CARTESIAN_POINT('Ctrl Pts',(-5.23771580506151,1.13333333333502,2.73801858657022));
#7686=CARTESIAN_POINT('Ctrl Pts',(-5.23771580506151,2.6000000000025,2.73801858657022));
#7687=CARTESIAN_POINT('Ctrl Pts',(-4.47247691343791,-1.8,3.41853676168684));
#7688=CARTESIAN_POINT('Ctrl Pts',(-4.47247691343791,-0.333333333332496,
3.41853676168684));
#7689=CARTESIAN_POINT('Ctrl Pts',(-4.4724769134379,1.13333333333502,3.41853676168685));
#7690=CARTESIAN_POINT('Ctrl Pts',(-4.4724769134379,2.6000000000025,3.41853676168685));
#7691=CARTESIAN_POINT('Ctrl Pts',(-3.88603373361631,-1.8,4.29836626072003));
#7692=CARTESIAN_POINT('Ctrl Pts',(-3.88603373361631,-0.333333333332496,
4.29836626072003));
#7693=CARTESIAN_POINT('Ctrl Pts',(-3.88603373361629,1.13333333333502,4.29836626072003));
#7694=CARTESIAN_POINT('Ctrl Pts',(-3.88603373361629,2.6000000000025,4.29836626072003));
#7695=CARTESIAN_POINT('Ctrl Pts',(-3.55235309106977,-1.8,5.26653606850538));
#7696=CARTESIAN_POINT('Ctrl Pts',(-3.55235309106977,-0.333333333332496,
5.26653606850538));
#7697=CARTESIAN_POINT('Ctrl Pts',(-3.55235309106976,1.13333333333502,5.26653606850539));
#7698=CARTESIAN_POINT('Ctrl Pts',(-3.55235309106976,2.6000000000025,5.26653606850539));
#7699=CARTESIAN_POINT('Origin',(2.29999994859099,-1.8,4.9999998882413));
#7700=CARTESIAN_POINT('',(2.65438060886356,1.,5.66099485616827));
#7701=CARTESIAN_POINT('',(2.65438060886356,-1.8,5.66099485616827));
#7702=CARTESIAN_POINT('Ctrl Pts',(2.65438060886353,1.0040720792537,5.66099485616828));
#7703=CARTESIAN_POINT('Ctrl Pts',(2.65438060886353,1.00271471950247,5.66099485616828));
#7704=CARTESIAN_POINT('Ctrl Pts',(2.65438060886353,1.00135735975123,5.66099485616829));
#7705=CARTESIAN_POINT('Ctrl Pts',(2.65438060886353,0.999999999999996,5.66099485616828));
#7706=CARTESIAN_POINT('',(2.92028690990483,-1.8,5.42159695372449));
#7707=CARTESIAN_POINT('Ctrl Pts',(3.45294728066959,-1.8,3.83501696858931));
#7708=CARTESIAN_POINT('Ctrl Pts',(3.45294728066959,1.,3.83501696858931));
#7709=CARTESIAN_POINT('Ctrl Pts',(3.4343732831524,-1.8,3.90216096975429));
#7710=CARTESIAN_POINT('Ctrl Pts',(3.4343732831524,1.,3.90216096975429));
#7711=CARTESIAN_POINT('Ctrl Pts',(3.387549105877,-1.8,4.08045813082133));
#7712=CARTESIAN_POINT('Ctrl Pts',(3.387549105877,1.,4.08045813082133));
#7713=CARTESIAN_POINT('Ctrl Pts',(3.32241636549729,-1.8,4.36257337702144));
#7714=CARTESIAN_POINT('Ctrl Pts',(3.32241636549729,0.999999999999999,4.36257337702144));
#7715=CARTESIAN_POINT('Ctrl Pts',(3.24808416953419,-1.8,4.71302024357957));
#7716=CARTESIAN_POINT('Ctrl Pts',(3.24808416953419,1.,4.71302024357957));
#7717=CARTESIAN_POINT('Ctrl Pts',(3.15829378918255,-1.8,5.02216481752477));
#7718=CARTESIAN_POINT('Ctrl Pts',(3.15829378918255,1.,5.02216481752477));
#7719=CARTESIAN_POINT('Ctrl Pts',(3.05128801582536,-1.8,5.24170712859897));
#7720=CARTESIAN_POINT('Ctrl Pts',(3.05128801582536,1.,5.24170712859897));
#7721=CARTESIAN_POINT('Ctrl Pts',(2.96396601092644,-1.8,5.36771200366057));
#7722=CARTESIAN_POINT('Ctrl Pts',(2.96396601092644,1.,5.36771200366057));
#7723=CARTESIAN_POINT('Ctrl Pts',(2.92028690990483,-1.8,5.42159695372449));
#7724=CARTESIAN_POINT('Ctrl Pts',(2.92028690990483,1.,5.42159695372449));
#7725=CARTESIAN_POINT('Origin',(-2.299999948591,-1.8,4.9999998882413));
#7726=CARTESIAN_POINT('',(-2.78986851850514,1.,5.56791606533989));
#7727=CARTESIAN_POINT('Ctrl Pts',(-2.78986851850522,1.,5.56791606533981));
#7728=CARTESIAN_POINT('Ctrl Pts',(-2.78986851850522,1.00301927433212,5.56791606533981));
#7729=CARTESIAN_POINT('Ctrl Pts',(-2.78986851850522,1.00603854866423,5.56791606533981));
#7730=CARTESIAN_POINT('Ctrl Pts',(-2.78986851850522,1.00905782299635,5.56791606533981));
#7731=CARTESIAN_POINT('',(-2.78986851850514,-1.8,5.56791606533989));
#7732=CARTESIAN_POINT('Ctrl Pts',(7.75629437946195,-2.84,-5.70674938698675));
#7733=CARTESIAN_POINT('Ctrl Pts',(7.75629437946195,6.76,-5.70674938698675));
#7734=CARTESIAN_POINT('Ctrl Pts',(6.95503550356956,-2.84,-3.96229892858853));
#7735=CARTESIAN_POINT('Ctrl Pts',(6.95503550356956,6.76,-3.96229892858853));
#7736=CARTESIAN_POINT('Ctrl Pts',(6.15377662767717,-2.84,-2.2178484701903));
#7737=CARTESIAN_POINT('Ctrl Pts',(6.15377662767717,6.76,-2.2178484701903));
#7738=CARTESIAN_POINT('Ctrl Pts',(5.35251775178478,-2.84,-0.473398011792073));
#7739=CARTESIAN_POINT('Ctrl Pts',(5.35251775178478,6.76,-0.473398011792073));
#7740=CARTESIAN_POINT('Ctrl Pts',(4.55125887589239,-2.84,1.27105244660615));
#7741=CARTESIAN_POINT('Ctrl Pts',(4.55125887589239,6.76,1.27105244660615));
#7742=CARTESIAN_POINT('Ctrl Pts',(3.75,-2.84,3.01550290500438));
#7743=CARTESIAN_POINT('Ctrl Pts',(3.75,6.76,3.01550290500438));
#7744=CARTESIAN_POINT('Ctrl Pts',(3.69495436915471,-2.84,3.13534479237685));
#7745=CARTESIAN_POINT('Ctrl Pts',(3.69495436915471,6.76,3.13534479237685));
#7746=CARTESIAN_POINT('Ctrl Pts',(3.59456925218278,-2.84,3.37304686553196));
#7747=CARTESIAN_POINT('Ctrl Pts',(3.59456925218278,6.76,3.37304686553196));
#7748=CARTESIAN_POINT('Ctrl Pts',(3.47310820772879,-2.84,3.72365378801319));
#7749=CARTESIAN_POINT('Ctrl Pts',(3.47310820772879,6.76,3.72365378801319));
#7750=CARTESIAN_POINT('Ctrl Pts',(3.36091798753913,-2.84,4.1755251664333));
#7751=CARTESIAN_POINT('Ctrl Pts',(3.36091798753913,6.76,4.1755251664333));
#7752=CARTESIAN_POINT('Ctrl Pts',(3.25512673769207,-2.84,4.69396617676239));
#7753=CARTESIAN_POINT('Ctrl Pts',(3.25512673769207,6.76,4.69396617676239));
#7754=CARTESIAN_POINT('Ctrl Pts',(3.12300885851736,-2.84,5.14206579895223));
#7755=CARTESIAN_POINT('Ctrl Pts',(3.12300885851736,6.76,5.14206579895223));
#7756=CARTESIAN_POINT('Ctrl Pts',(2.9057440410974,-2.84,5.49946534974282));
#7757=CARTESIAN_POINT('Ctrl Pts',(2.9057440410974,6.76,5.49946534974282));
#7758=CARTESIAN_POINT('Ctrl Pts',(2.56207063843799,-2.84,5.75756113981189));
#7759=CARTESIAN_POINT('Ctrl Pts',(2.56207063843799,6.76,5.75756113981189));
#7760=CARTESIAN_POINT('Ctrl Pts',(2.08041359390441,-2.84,5.92522198231672));
#7761=CARTESIAN_POINT('Ctrl Pts',(2.08041359390441,6.76,5.92522198231672));
#7762=CARTESIAN_POINT('Ctrl Pts',(1.47163866725283,-2.84,6.02071308997517));
#7763=CARTESIAN_POINT('Ctrl Pts',(1.47163866725283,6.76,6.02071308997517));
#7764=CARTESIAN_POINT('Ctrl Pts',(0.764666004748426,-2.84,6.06557010860182));
#7765=CARTESIAN_POINT('Ctrl Pts',(0.764666004748426,6.76,6.06557010860182));
#7766=CARTESIAN_POINT('Ctrl Pts',(0.00144781622354224,-2.84,6.07788078474577));
#7767=CARTESIAN_POINT('Ctrl Pts',(0.00144781622354224,6.76,6.07788078474577));
#7768=CARTESIAN_POINT('Ctrl Pts',(-0.767430666495767,-2.84,6.06586693449878));
#7769=CARTESIAN_POINT('Ctrl Pts',(-0.767430666495767,6.76,6.06586693449878));
#7770=CARTESIAN_POINT('Ctrl Pts',(-1.48712923896171,-2.84,6.02122067797869));
#7771=CARTESIAN_POINT('Ctrl Pts',(-1.48712923896171,6.76,6.02122067797869));
#7772=CARTESIAN_POINT('Ctrl Pts',(-2.10689489753822,-2.84,5.92578214371673));
#7773=CARTESIAN_POINT('Ctrl Pts',(-2.10689489753822,6.76,5.92578214371673));
#7774=CARTESIAN_POINT('Ctrl Pts',(-2.58826528625932,-2.84,5.75797344601568));
#7775=CARTESIAN_POINT('Ctrl Pts',(-2.58826528625932,6.76,5.75797344601568));
#7776=CARTESIAN_POINT('Ctrl Pts',(-2.91408683708711,-2.84,5.4995337263815));
#7777=CARTESIAN_POINT('Ctrl Pts',(-2.91408683708711,6.76,5.4995337263815));
#7778=CARTESIAN_POINT('Ctrl Pts',(-3.09649149828711,-2.84,5.14166027755483));
#7779=CARTESIAN_POINT('Ctrl Pts',(-3.09649149828711,6.76,5.14166027755483));
#7780=CARTESIAN_POINT('Ctrl Pts',(-3.1889935211842,-2.84,4.69310737066558));
#7781=CARTESIAN_POINT('Ctrl Pts',(-3.1889935211842,6.76,4.69310737066558));
#7782=CARTESIAN_POINT('Ctrl Pts',(-3.2700676684049,-2.84,4.17443135444279));
#7783=CARTESIAN_POINT('Ctrl Pts',(-3.2700676684049,6.76,4.17443135444279));
#7784=CARTESIAN_POINT('Ctrl Pts',(-3.3912823601381,-2.84,3.72270518099751));
#7785=CARTESIAN_POINT('Ctrl Pts',(-3.3912823601381,6.76,3.72270518099751));
#7786=CARTESIAN_POINT('Ctrl Pts',(-3.54345454081546,-2.84,3.37246459778593));
#7787=CARTESIAN_POINT('Ctrl Pts',(-3.54345454081546,6.76,3.37246459778593));
#7788=CARTESIAN_POINT('Ctrl Pts',(-3.67597285820896,-2.84,3.13513013801109));
#7789=CARTESIAN_POINT('Ctrl Pts',(-3.67597285820896,6.76,3.13513013801109));
#7790=CARTESIAN_POINT('Ctrl Pts',(-3.75,-2.84,3.01550290500438));
#7791=CARTESIAN_POINT('Ctrl Pts',(-3.75,6.76,3.01550290500438));
#7792=CARTESIAN_POINT('Ctrl Pts',(-4.92052992299572,-2.84,1.12393648150519));
#7793=CARTESIAN_POINT('Ctrl Pts',(-4.92052992299572,6.76,1.12393648150519));
#7794=CARTESIAN_POINT('Ctrl Pts',(-6.09105984599145,-2.84,-0.767629941994001));
#7795=CARTESIAN_POINT('Ctrl Pts',(-6.09105984599145,6.76,-0.767629941994001));
#7796=CARTESIAN_POINT('Ctrl Pts',(-7.26158976898717,-2.84,-2.65919636549319));
#7797=CARTESIAN_POINT('Ctrl Pts',(-7.26158976898717,6.76,-2.65919636549319));
#7798=CARTESIAN_POINT('Ctrl Pts',(-8.4321196919829,-2.84,-4.55076278899238));
#7799=CARTESIAN_POINT('Ctrl Pts',(-8.4321196919829,6.76,-4.55076278899238));
#7800=CARTESIAN_POINT('Ctrl Pts',(-9.60264961497862,-2.84,-6.44232921249158));
#7801=CARTESIAN_POINT('Ctrl Pts',(-9.60264961497862,6.76,-6.44232921249158));
#7802=CARTESIAN_POINT('Origin',(-4.,-0.7,1.27999781070366));
#7803=CARTESIAN_POINT('Origin',(-4.,-0.700000000000001,-1.68000218929634));
#7804=CARTESIAN_POINT('Ctrl Pts',(0.57081381857417,-1.8,1.27559942920112));
#7805=CARTESIAN_POINT('Ctrl Pts',(0.57081381857417,-1.74367991550056,1.27559942920112));
#7806=CARTESIAN_POINT('Ctrl Pts',(0.57081381857417,-1.68735983100113,1.27559942920112));
#7807=CARTESIAN_POINT('Ctrl Pts',(0.57081381857417,-1.63103974650169,1.27559942920112));
#7808=CARTESIAN_POINT('Ctrl Pts',(0.592261036756293,-1.8,1.34277235851428));
#7809=CARTESIAN_POINT('Ctrl Pts',(0.592261036756293,-1.74367991550056,1.34277235851428));
#7810=CARTESIAN_POINT('Ctrl Pts',(0.592261036756293,-1.68735983100113,1.34277235851428));
#7811=CARTESIAN_POINT('Ctrl Pts',(0.592261036756293,-1.63103974650169,1.34277235851428));
#7812=CARTESIAN_POINT('Ctrl Pts',(0.598698271430154,-1.8,1.48837918571476));
#7813=CARTESIAN_POINT('Ctrl Pts',(0.598698271430154,-1.74367991550056,1.48837918571476));
#7814=CARTESIAN_POINT('Ctrl Pts',(0.598698271430154,-1.68735983100112,1.48837918571476));
#7815=CARTESIAN_POINT('Ctrl Pts',(0.598698271430154,-1.63103974650169,1.48837918571476));
#7816=CARTESIAN_POINT('Ctrl Pts',(0.47999163582785,-1.8,1.71535728349734));
#7817=CARTESIAN_POINT('Ctrl Pts',(0.47999163582785,-1.74367991550056,1.71535728349734));
#7818=CARTESIAN_POINT('Ctrl Pts',(0.47999163582785,-1.68735983100113,1.71535728349734));
#7819=CARTESIAN_POINT('Ctrl Pts',(0.47999163582785,-1.63103974650169,1.71535728349734));
#7820=CARTESIAN_POINT('Ctrl Pts',(0.307035539501459,-1.8,1.79404293143118));
#7821=CARTESIAN_POINT('Ctrl Pts',(0.307035539501459,-1.74367991550056,1.79404293143118));
#7822=CARTESIAN_POINT('Ctrl Pts',(0.307035539501459,-1.68735983100113,1.79404293143118));
#7823=CARTESIAN_POINT('Ctrl Pts',(0.307035539501459,-1.63103974650169,1.79404293143118));
#7824=CARTESIAN_POINT('Ctrl Pts',(0.201309007344747,-1.8,1.79709547114516));
#7825=CARTESIAN_POINT('Ctrl Pts',(0.201309007344747,-1.74367991550056,1.79709547114516));
#7826=CARTESIAN_POINT('Ctrl Pts',(0.201309007344747,-1.68735983100113,1.79709547114516));
#7827=CARTESIAN_POINT('Ctrl Pts',(0.201309007344747,-1.63103974650169,1.79709547114516));
#7828=CARTESIAN_POINT('Ctrl Pts',(0.57081381857417,-1.76499091744491,1.27559942920112));
#7829=CARTESIAN_POINT('Ctrl Pts',(0.57081381857417,-1.77666061162994,1.27559942920112));
#7830=CARTESIAN_POINT('Ctrl Pts',(0.57081381857417,-1.78833030581497,1.27559942920112));
#7831=CARTESIAN_POINT('Ctrl Pts',(0.57081381857417,-1.8,1.27559942920112));
#7832=CARTESIAN_POINT('Ctrl Pts',(0.201309007344747,-1.8,1.79709547114516));
#7833=CARTESIAN_POINT('Ctrl Pts',(0.201309007344747,-1.74367991550056,1.79709547114516));
#7834=CARTESIAN_POINT('Ctrl Pts',(0.201309007344747,-1.68735983100113,1.79709547114516));
#7835=CARTESIAN_POINT('Ctrl Pts',(0.201309007344747,-1.63103974650169,1.79709547114516));
#7836=CARTESIAN_POINT('Ctrl Pts',(0.57081381857417,0.231039746501688,1.27559942920112));
#7837=CARTESIAN_POINT('Ctrl Pts',(0.57081381857417,0.487359831001126,1.27559942920112));
#7838=CARTESIAN_POINT('Ctrl Pts',(0.57081381857417,0.743679915500563,1.27559942920112));
#7839=CARTESIAN_POINT('Ctrl Pts',(0.57081381857417,1.,1.27559942920112));
#7840=CARTESIAN_POINT('Ctrl Pts',(0.592261036756293,0.231039746501688,1.34277235851428));
#7841=CARTESIAN_POINT('Ctrl Pts',(0.592261036756293,0.487359831001126,1.34277235851428));
#7842=CARTESIAN_POINT('Ctrl Pts',(0.592261036756293,0.743679915500562,1.34277235851428));
#7843=CARTESIAN_POINT('Ctrl Pts',(0.592261036756293,1.,1.34277235851428));
#7844=CARTESIAN_POINT('Ctrl Pts',(0.598704020157068,0.231039746501688,1.488377866789));
#7845=CARTESIAN_POINT('Ctrl Pts',(0.598704020157068,0.487359831001125,1.488377866789));
#7846=CARTESIAN_POINT('Ctrl Pts',(0.598704020157068,0.743679915500563,1.488377866789));
#7847=CARTESIAN_POINT('Ctrl Pts',(0.598704020157068,1.,1.488377866789));
#7848=CARTESIAN_POINT('Ctrl Pts',(0.479999910635066,0.231039746501688,1.71538157949234));
#7849=CARTESIAN_POINT('Ctrl Pts',(0.479999910635066,0.487359831001126,1.71538157949234));
#7850=CARTESIAN_POINT('Ctrl Pts',(0.479999910635066,0.743679915500563,1.71538157949234));
#7851=CARTESIAN_POINT('Ctrl Pts',(0.479999910635066,1.,1.71538157949234));
#7852=CARTESIAN_POINT('Ctrl Pts',(0.307035539501459,0.231039746501688,1.79404293143118));
#7853=CARTESIAN_POINT('Ctrl Pts',(0.307035539501459,0.487359831001125,1.79404293143118));
#7854=CARTESIAN_POINT('Ctrl Pts',(0.307035539501459,0.743679915500564,1.79404293143118));
#7855=CARTESIAN_POINT('Ctrl Pts',(0.307035539501459,1.,1.79404293143118));
#7856=CARTESIAN_POINT('Ctrl Pts',(0.201309007344747,0.231039746501688,1.79709547114516));
#7857=CARTESIAN_POINT('Ctrl Pts',(0.201309007344747,0.487359831001126,1.79709547114516));
#7858=CARTESIAN_POINT('Ctrl Pts',(0.201309007344747,0.743679915500563,1.79709547114516));
#7859=CARTESIAN_POINT('Ctrl Pts',(0.201309007344747,1.,1.79709547114516));
#7860=CARTESIAN_POINT('Ctrl Pts',(0.201309007344747,0.231039746501688,1.79709547114516));
#7861=CARTESIAN_POINT('Ctrl Pts',(0.201309007344747,0.487359831001126,1.79709547114516));
#7862=CARTESIAN_POINT('Ctrl Pts',(0.201309007344747,0.743679915500563,1.79709547114516));
#7863=CARTESIAN_POINT('Ctrl Pts',(0.201309007344747,1.,1.79709547114516));
#7864=CARTESIAN_POINT('Ctrl Pts',(0.57081381857417,1.,1.27559942920112));
#7865=CARTESIAN_POINT('Ctrl Pts',(0.57081381857417,0.788330305814971,1.27559942920112));
#7866=CARTESIAN_POINT('Ctrl Pts',(0.57081381857417,0.576660611629942,1.27559942920112));
#7867=CARTESIAN_POINT('Ctrl Pts',(0.57081381857417,0.364990917444913,1.27559942920112));
#7868=CARTESIAN_POINT('Ctrl Pts',(-0.780758381092186,-1.81921041985109,
1.75597239585514));
#7869=CARTESIAN_POINT('Ctrl Pts',(-0.780758381092186,1.,1.75597239585514));
#7870=CARTESIAN_POINT('Ctrl Pts',(-0.268372260627002,-1.81921041985109,
1.81424293255292));
#7871=CARTESIAN_POINT('Ctrl Pts',(-0.268372260627002,1.,1.81424293255292));
#7872=CARTESIAN_POINT('Ctrl Pts',(0.268033149484254,-1.81921041985109,1.81428149798491));
#7873=CARTESIAN_POINT('Ctrl Pts',(0.268033149484254,1.,1.81428149798491));
#7874=CARTESIAN_POINT('Ctrl Pts',(0.780758386246134,-1.81921041985109,1.7559723952685));
#7875=CARTESIAN_POINT('Ctrl Pts',(0.780758386246134,1.,1.7559723952685));
#7876=CARTESIAN_POINT('Ctrl Pts',(-0.201309000452006,-1.63103974639109,
1.7970954713443));
#7877=CARTESIAN_POINT('Ctrl Pts',(-0.201309000452006,-1.68735983092739,
1.7970954713443));
#7878=CARTESIAN_POINT('Ctrl Pts',(-0.201309000452006,-1.7436799154637,1.7970954713443));
#7879=CARTESIAN_POINT('Ctrl Pts',(-0.201309000452006,-1.8,1.7970954713443));
#7880=CARTESIAN_POINT('Ctrl Pts',(-0.780758381092186,-1.81921041985109,
1.75597239585514));
#7881=CARTESIAN_POINT('Ctrl Pts',(-0.780758381092186,1.,1.75597239585514));
#7882=CARTESIAN_POINT('Ctrl Pts',(-0.268372260627002,-1.81921041985109,
1.81424293255292));
#7883=CARTESIAN_POINT('Ctrl Pts',(-0.268372260627002,1.,1.81424293255292));
#7884=CARTESIAN_POINT('Ctrl Pts',(0.268033149484254,-1.81921041985109,1.81428149798491));
#7885=CARTESIAN_POINT('Ctrl Pts',(0.268033149484254,1.,1.81428149798491));
#7886=CARTESIAN_POINT('Ctrl Pts',(0.780758386246134,-1.81921041985109,1.7559723952685));
#7887=CARTESIAN_POINT('Ctrl Pts',(0.780758386246134,1.,1.7559723952685));
#7888=CARTESIAN_POINT('Ctrl Pts',(-0.201309000452006,1.,1.7970954713443));
#7889=CARTESIAN_POINT('Ctrl Pts',(-0.201309000452006,0.743679915463696,
1.7970954713443));
#7890=CARTESIAN_POINT('Ctrl Pts',(-0.201309000452006,0.487359830927392,
1.7970954713443));
#7891=CARTESIAN_POINT('Ctrl Pts',(-0.201309000452006,0.231039746391087,
1.7970954713443));
#7892=CARTESIAN_POINT('Ctrl Pts',(-0.570813812653549,-1.63103974639109,
1.27559943119309));
#7893=CARTESIAN_POINT('Ctrl Pts',(-0.570813812653549,-1.68735983092739,
1.27559943119309));
#7894=CARTESIAN_POINT('Ctrl Pts',(-0.570813812653549,-1.7436799154637,1.27559943119309));
#7895=CARTESIAN_POINT('Ctrl Pts',(-0.570813812653549,-1.8,1.27559943119309));
#7896=CARTESIAN_POINT('Ctrl Pts',(-0.592261030474221,-1.63103974639109,
1.34277236047191));
#7897=CARTESIAN_POINT('Ctrl Pts',(-0.592261030474221,-1.68735983092739,
1.34277236047191));
#7898=CARTESIAN_POINT('Ctrl Pts',(-0.592261030474221,-1.7436799154637,1.34277236047191));
#7899=CARTESIAN_POINT('Ctrl Pts',(-0.592261030474221,-1.8,1.34277236047191));
#7900=CARTESIAN_POINT('Ctrl Pts',(-0.598698264522463,-1.63103974639109,
1.48837918738631));
#7901=CARTESIAN_POINT('Ctrl Pts',(-0.598698264522463,-1.68735983092739,
1.48837918738631));
#7902=CARTESIAN_POINT('Ctrl Pts',(-0.598698264522463,-1.7436799154637,1.48837918738631));
#7903=CARTESIAN_POINT('Ctrl Pts',(-0.598698264522463,-1.8,1.48837918738631));
#7904=CARTESIAN_POINT('Ctrl Pts',(-0.479991628466126,-1.63103974639109,
1.71535728430114));
#7905=CARTESIAN_POINT('Ctrl Pts',(-0.479991628466126,-1.68735983092739,
1.71535728430114));
#7906=CARTESIAN_POINT('Ctrl Pts',(-0.479991628466126,-1.7436799154637,1.71535728430114));
#7907=CARTESIAN_POINT('Ctrl Pts',(-0.479991628466126,-1.8,1.71535728430114));
#7908=CARTESIAN_POINT('Ctrl Pts',(-0.307035532397861,-1.63103974639109,
1.79404293174122));
#7909=CARTESIAN_POINT('Ctrl Pts',(-0.307035532397861,-1.68735983092739,
1.79404293174122));
#7910=CARTESIAN_POINT('Ctrl Pts',(-0.307035532397861,-1.7436799154637,1.79404293174122));
#7911=CARTESIAN_POINT('Ctrl Pts',(-0.307035532397861,-1.8,1.79404293174122));
#7912=CARTESIAN_POINT('Ctrl Pts',(-0.201309000452006,-1.63103974639109,
1.7970954713443));
#7913=CARTESIAN_POINT('Ctrl Pts',(-0.201309000452006,-1.68735983092739,
1.7970954713443));
#7914=CARTESIAN_POINT('Ctrl Pts',(-0.201309000452006,-1.7436799154637,1.7970954713443));
#7915=CARTESIAN_POINT('Ctrl Pts',(-0.201309000452006,-1.8,1.7970954713443));
#7916=CARTESIAN_POINT('Ctrl Pts',(-0.570813812653549,1.,1.27559943119309));
#7917=CARTESIAN_POINT('Ctrl Pts',(-0.570813812653549,0.743679915463696,
1.27559943119309));
#7918=CARTESIAN_POINT('Ctrl Pts',(-0.570813812653549,0.487359830927392,
1.27559943119309));
#7919=CARTESIAN_POINT('Ctrl Pts',(-0.570813812653549,0.231039746391087,
1.27559943119309));
#7920=CARTESIAN_POINT('Ctrl Pts',(-0.592261030474221,1.,1.34277236047191));
#7921=CARTESIAN_POINT('Ctrl Pts',(-0.592261030474221,0.743679915463695,
1.34277236047191));
#7922=CARTESIAN_POINT('Ctrl Pts',(-0.592261030474221,0.487359830927393,
1.34277236047191));
#7923=CARTESIAN_POINT('Ctrl Pts',(-0.592261030474221,0.231039746391087,
1.34277236047191));
#7924=CARTESIAN_POINT('Ctrl Pts',(-0.598704013249341,0.999999999999999,
1.48837786846057));
#7925=CARTESIAN_POINT('Ctrl Pts',(-0.598704013249341,0.743679915463695,
1.48837786846057));
#7926=CARTESIAN_POINT('Ctrl Pts',(-0.598704013249341,0.487359830927391,
1.48837786846057));
#7927=CARTESIAN_POINT('Ctrl Pts',(-0.598704013249341,0.231039746391087,
1.48837786846057));
#7928=CARTESIAN_POINT('Ctrl Pts',(-0.479999903273241,1.,1.71538158029599));
#7929=CARTESIAN_POINT('Ctrl Pts',(-0.479999903273241,0.743679915463695,
1.71538158029599));
#7930=CARTESIAN_POINT('Ctrl Pts',(-0.479999903273241,0.487359830927393,
1.71538158029599));
#7931=CARTESIAN_POINT('Ctrl Pts',(-0.479999903273241,0.231039746391087,
1.71538158029599));
#7932=CARTESIAN_POINT('Ctrl Pts',(-0.307035532397861,1.,1.79404293174122));
#7933=CARTESIAN_POINT('Ctrl Pts',(-0.307035532397861,0.743679915463696,
1.79404293174122));
#7934=CARTESIAN_POINT('Ctrl Pts',(-0.307035532397861,0.487359830927391,
1.79404293174122));
#7935=CARTESIAN_POINT('Ctrl Pts',(-0.307035532397861,0.231039746391087,
1.79404293174122));
#7936=CARTESIAN_POINT('Ctrl Pts',(-0.201309000452006,1.,1.7970954713443));
#7937=CARTESIAN_POINT('Ctrl Pts',(-0.201309000452006,0.743679915463696,
1.7970954713443));
#7938=CARTESIAN_POINT('Ctrl Pts',(-0.201309000452006,0.487359830927392,
1.7970954713443));
#7939=CARTESIAN_POINT('Ctrl Pts',(-0.201309000452006,0.231039746391087,
1.7970954713443));
#7940=CARTESIAN_POINT('Origin',(0.49658965361121,0.,-1.06058855801006));
#7941=CARTESIAN_POINT('',(0.836035124612948,0.,-0.848983330720166));
#7942=CARTESIAN_POINT('',(0.479539365075203,0.,-1.46022500237023));
#7943=CARTESIAN_POINT('Origin',(0.49658965361121,0.,-1.06058855801006));
#7944=CARTESIAN_POINT('',(0.836035124612948,0.,-0.848983330720166));
#7945=CARTESIAN_POINT('',(0.479539365075203,0.,-1.46022500237023));
#7946=CARTESIAN_POINT('Origin',(9.84439960450233E-16,0.,-12.7));
#7947=CARTESIAN_POINT('',(-0.479539371190109,0.,-1.46022500263112));
#7948=CARTESIAN_POINT('Origin',(-0.496589659943535,0.,-1.06058855828023));
#7949=CARTESIAN_POINT('Origin',(-0.496589659943535,0.,-1.06058855828023));
#7950=CARTESIAN_POINT('',(-0.479539371190109,0.,-1.46022500263112));
#7951=CARTESIAN_POINT('Origin',(9.84439960450233E-16,0.,-12.7));
#7952=CARTESIAN_POINT('Origin',(3.00000000224903,0.,0.499999993252914));
#7953=CARTESIAN_POINT('Origin',(5.1,5.32925065675109,-3.00000004097819));
#7954=UNCERTAINTY_MEASURE_WITH_UNIT(LENGTH_MEASURE(0.01),#7958,
'DISTANCE_ACCURACY_VALUE',
'Maximum model space distance between geometric entities at asserted c
onnectivities');
#7955=UNCERTAINTY_MEASURE_WITH_UNIT(LENGTH_MEASURE(0.01),#7958,
'DISTANCE_ACCURACY_VALUE',
'Maximum model space distance between geometric entities at asserted c
onnectivities');
#7956=(
GEOMETRIC_REPRESENTATION_CONTEXT(3)
GLOBAL_UNCERTAINTY_ASSIGNED_CONTEXT((#7954))
GLOBAL_UNIT_ASSIGNED_CONTEXT((#7958,#7960,#7961))
REPRESENTATION_CONTEXT('','3D')
);
#7957=(
GEOMETRIC_REPRESENTATION_CONTEXT(3)
GLOBAL_UNCERTAINTY_ASSIGNED_CONTEXT((#7955))
GLOBAL_UNIT_ASSIGNED_CONTEXT((#7958,#7960,#7961))
REPRESENTATION_CONTEXT('','3D')
);
#7958=(
LENGTH_UNIT()
NAMED_UNIT(*)
SI_UNIT(.MILLI.,.METRE.)
);
#7959=(
LENGTH_UNIT()
NAMED_UNIT(*)
SI_UNIT($,.METRE.)
);
#7960=(
NAMED_UNIT(*)
PLANE_ANGLE_UNIT()
SI_UNIT($,.RADIAN.)
);
#7961=(
NAMED_UNIT(*)
SI_UNIT($,.STERADIAN.)
SOLID_ANGLE_UNIT()
);
#7962=SHAPE_DEFINITION_REPRESENTATION(#7963,#7964);
#7963=PRODUCT_DEFINITION_SHAPE('',$,#7966);
#7964=SHAPE_REPRESENTATION('',(#3007),#7956);
#7965=PRODUCT_DEFINITION_CONTEXT('part definition',#7970,'design');
#7966=PRODUCT_DEFINITION('2026-08-27-17-11-21-317','(Unsaved)',#7967,#7965);
#7967=PRODUCT_DEFINITION_FORMATION('',$,#7972);
#7968=PRODUCT_RELATED_PRODUCT_CATEGORY('(Unsaved)','(Unsaved)',(#7972));
#7969=APPLICATION_PROTOCOL_DEFINITION('international standard',
'automotive_design',2009,#7970);
#7970=APPLICATION_CONTEXT(
'Core Data for Automotive Mechanical Design Process');
#7971=PRODUCT_CONTEXT('part definition',#7970,'mechanical');
#7972=PRODUCT('2026-08-27-17-11-21-317','(Unsaved)',$,(#7971));
#7973=PRESENTATION_STYLE_ASSIGNMENT((#7974));
#7974=SURFACE_STYLE_USAGE(.BOTH.,#7975);
#7975=SURFACE_SIDE_STYLE('',(#7976));
#7976=SURFACE_STYLE_FILL_AREA(#7977);
#7977=FILL_AREA_STYLE('Steel - Satin',(#7978));
#7978=FILL_AREA_STYLE_COLOUR('Steel - Satin',#7979);
#7979=COLOUR_RGB('Steel - Satin',0.627450980392157,0.627450980392157,0.627450980392157);
ENDSEC;
END-ISO-10303-21;
