ISO-10303-21;
HEADER;
/* Generated by software containing ST-Developer
 * from STEP Tools, Inc. (www.steptools.com) 
 */

FILE_DESCRIPTION(
/* description */ (''),
/* implementation_level */ '2;1');

FILE_NAME(
/* name */ 'zero_palm_cap_v3.step',
/* time_stamp */ '2026-08-27T17:11:34+02:00',
/* author */ (''),
/* organization */ (''),
/* preprocessor_version */ 'ST-DEVELOPER v20.1',
/* originating_system */ 'Autodesk Translation Framework v15.8.0.0',
/* authorisation */ '');

FILE_SCHEMA (('AUTOMOTIVE_DESIGN { 1 0 10303 214 3 1 1 }'));
ENDSEC;

DATA;
#10=MECHANICAL_DESIGN_GEOMETRIC_PRESENTATION_REPRESENTATION('',(#13),#9526);
#11=SHAPE_REPRESENTATION_RELATIONSHIP('SRR','None',#9533,#12);
#12=ADVANCED_BREP_SHAPE_REPRESENTATION('',(#14),#9525);
#13=STYLED_ITEM('',(#9542),#14);
#14=MANIFOLD_SOLID_BREP('zero_palm_cap_v3',#3510);
#15=FACE_BOUND('',#956,.T.);
#16=FACE_BOUND('',#1017,.T.);
#17=FACE_BOUND('',#1027,.T.);
#18=FACE_BOUND('',#1030,.T.);
#19=CONICAL_SURFACE('',#3638,3.375,0.785398163397451);
#20=CONICAL_SURFACE('',#3648,3.375,0.785398163397448);
#21=CONICAL_SURFACE('',#3665,3.375,0.785398163397448);
#22=CONICAL_SURFACE('',#3668,3.375,0.785398163397451);
#23=TOROIDAL_SURFACE('',#3589,96.3208908912912,0.588);
#24=TOROIDAL_SURFACE('',#3601,96.2508908912912,0.518);
#25=TOROIDAL_SURFACE('',#3659,96.3208908912913,0.588);
#26=TOROIDAL_SURFACE('',#3712,2.21799999999999,0.518);
#27=TOROIDAL_SURFACE('',#3715,1.78199999999999,0.518);
#28=TOROIDAL_SURFACE('',#3718,40.2417712511659,0.518);
#29=TOROIDAL_SURFACE('',#3721,1.78199999999998,0.518);
#30=TOROIDAL_SURFACE('',#3726,1.78199999999997,0.518);
#31=TOROIDAL_SURFACE('',#3739,96.6178908912913,0.415);
#32=TOROIDAL_SURFACE('',#3740,96.6178908912913,0.415);
#33=TOROIDAL_SURFACE('',#3744,1.41499999999999,0.415);
#34=TOROIDAL_SURFACE('',#3756,1.71199999999999,0.588);
#35=TOROIDAL_SURFACE('',#3762,0.711999999999996,0.588);
#36=TOROIDAL_SURFACE('',#3766,1.71200000000012,0.588);
#37=TOROIDAL_SURFACE('',#3770,89.4885949866468,0.588);
#38=ELLIPSE('',#3573,2.81400688054897,2.5);
#39=ELLIPSE('',#3574,2.81400688054897,2.5);
#40=ELLIPSE('',#3617,2.77890536507169,2.5);
#41=ELLIPSE('',#3618,2.77890536507169,2.5);
#42=ELLIPSE('',#3678,510.060753148857,95.7106177441398);
#43=ELLIPSE('',#3683,170.808774325756,48.2901992128095);
#44=ELLIPSE('',#3684,3.06813282437776,2.818);
#45=ELLIPSE('',#3687,3.06813282437776,2.818);
#46=ELLIPSE('',#3707,3.26628760579605,3.);
#47=ELLIPSE('',#3709,1.95871454654122,0.533);
#48=ELLIPSE('',#3711,170.111231820677,46.2901992128095);
#49=ELLIPSE('',#3732,3.26628760579605,3.);
#50=ELLIPSE('',#3750,506.478495020323,93.1606177441398);
#51=ELLIPSE('',#3752,506.579949363938,93.7106177441398);
#52=ELLIPSE('',#3798,509.69697162892,93.7526177441398);
#53=ELLIPSE('',#3801,170.26557705699,46.3321992128095);
#54=CYLINDRICAL_SURFACE('',#3567,0.569);
#55=CYLINDRICAL_SURFACE('',#3568,0.569);
#56=CYLINDRICAL_SURFACE('',#3571,2.5);
#57=CYLINDRICAL_SURFACE('',#3584,0.569);
#58=CYLINDRICAL_SURFACE('',#3587,0.569);
#59=CYLINDRICAL_SURFACE('',#3592,95.7328908912912);
#60=CYLINDRICAL_SURFACE('',#3595,0.569);
#61=CYLINDRICAL_SURFACE('',#3599,0.569);
#62=CYLINDRICAL_SURFACE('',#3605,95.7328908912912);
#63=CYLINDRICAL_SURFACE('',#3606,0.342);
#64=CYLINDRICAL_SURFACE('',#3612,0.569);
#65=CYLINDRICAL_SURFACE('',#3613,0.569);
#66=CYLINDRICAL_SURFACE('',#3616,2.5);
#67=CYLINDRICAL_SURFACE('',#3627,0.342);
#68=CYLINDRICAL_SURFACE('',#3629,95.0328908912913);
#69=CYLINDRICAL_SURFACE('',#3632,3.5);
#70=CYLINDRICAL_SURFACE('',#3634,0.342);
#71=CYLINDRICAL_SURFACE('',#3637,0.342);
#72=CYLINDRICAL_SURFACE('',#3640,3.5);
#73=CYLINDRICAL_SURFACE('',#3642,95.0328908912913);
#74=CYLINDRICAL_SURFACE('',#3643,0.342);
#75=CYLINDRICAL_SURFACE('',#3647,0.342);
#76=CYLINDRICAL_SURFACE('',#3650,3.5);
#77=CYLINDRICAL_SURFACE('',#3653,0.342);
#78=CYLINDRICAL_SURFACE('',#3656,0.342);
#79=CYLINDRICAL_SURFACE('',#3663,3.5);
#80=CYLINDRICAL_SURFACE('',#3667,95.0328908912913);
#81=CYLINDRICAL_SURFACE('',#3669,95.7328908912912);
#82=CYLINDRICAL_SURFACE('',#3677,95.7106177441398);
#83=CYLINDRICAL_SURFACE('',#3682,48.2901992128095);
#84=CYLINDRICAL_SURFACE('',#3708,0.533);
#85=CYLINDRICAL_SURFACE('',#3710,46.2901992128095);
#86=CYLINDRICAL_SURFACE('',#3724,0.518);
#87=CYLINDRICAL_SURFACE('',#3737,97.0328908912913);
#88=CYLINDRICAL_SURFACE('',#3748,0.415);
#89=CYLINDRICAL_SURFACE('',#3754,0.999999999999985);
#90=CYLINDRICAL_SURFACE('',#3755,97.0328908912913);
#91=CYLINDRICAL_SURFACE('',#3760,0.588);
#92=CYLINDRICAL_SURFACE('',#3778,1.00000000000012);
#93=CYLINDRICAL_SURFACE('',#3779,88.7765949866468);
#94=CYLINDRICAL_SURFACE('',#3782,93.7106177441398);
#95=CYLINDRICAL_SURFACE('',#3784,0.93);
#96=CYLINDRICAL_SURFACE('',#3787,0.93);
#97=CYLINDRICAL_SURFACE('',#3789,2.5);
#98=CYLINDRICAL_SURFACE('',#3792,2.5);
#99=CYLINDRICAL_SURFACE('',#3808,2.99999999999999);
#100=CYLINDRICAL_SURFACE('',#3809,39.0237712511659);
#101=CYLINDRICAL_SURFACE('',#3810,2.99999999999999);
#102=CYLINDRICAL_SURFACE('',#3811,0.999999999999993);
#103=CYLINDRICAL_SURFACE('',#3812,90.7765949866468);
#104=CYLINDRICAL_SURFACE('',#3816,1.368);
#105=CYLINDRICAL_SURFACE('',#3817,90.0765949866468);
#106=CYLINDRICAL_SURFACE('',#3819,1.368);
#107=CYLINDRICAL_SURFACE('',#3820,2.27393780345333);
#108=CYLINDRICAL_SURFACE('',#3823,2.27393780345333);
#109=CYLINDRICAL_SURFACE('',#3825,2.44864010651162);
#110=CYLINDRICAL_SURFACE('',#3826,2.44864010651161);
#111=CYLINDRICAL_SURFACE('',#3827,90.0765949866468);
#112=CYLINDRICAL_SURFACE('',#3829,0.999999999999985);
#113=CYLINDRICAL_SURFACE('',#3830,41.0237712511659);
#114=CYLINDRICAL_SURFACE('',#3831,0.99999999999999);
#115=CYLINDRICAL_SURFACE('',#3832,2.99999999999997);
#116=CYLINDRICAL_SURFACE('',#3833,3.00000000000012);
#117=CYLINDRICAL_SURFACE('',#3834,1.99999999999999);
#118=CYLINDRICAL_SURFACE('',#3836,2.99999999999999);
#119=CYLINDRICAL_SURFACE('',#3837,39.7237712511659);
#120=CYLINDRICAL_SURFACE('',#3838,2.29999999999998);
#121=CYLINDRICAL_SURFACE('',#3840,2.29999999999997);
#122=CYLINDRICAL_SURFACE('',#3841,2.29999999999999);
#123=CYLINDRICAL_SURFACE('',#3843,1.3);
#124=CYLINDRICAL_SURFACE('',#3844,2.30000000000012);
#125=CYLINDRICAL_SURFACE('',#3845,1.69999999999999);
#126=CYLINDRICAL_SURFACE('',#3846,2.29999999999999);
#127=B_SPLINE_CURVE_WITH_KNOTS('',3,(#4729,#4730,#4731,#4732),
 .UNSPECIFIED.,.F.,.F.,(4,4),(-0.00638893149904993,0.),.UNSPECIFIED.);
#128=B_SPLINE_CURVE_WITH_KNOTS('',3,(#4735,#4736,#4737,#4738),
 .UNSPECIFIED.,.F.,.F.,(4,4),(0.,0.00638893149904993),.UNSPECIFIED.);
#129=B_SPLINE_CURVE_WITH_KNOTS('',3,(#4756,#4757,#4758,#4759),
 .UNSPECIFIED.,.F.,.F.,(4,4),(-0.00789465485755642,7.16841972942614E-5),
 .UNSPECIFIED.);
#130=B_SPLINE_CURVE_WITH_KNOTS('',3,(#4760,#4761,#4762,#4763),
 .UNSPECIFIED.,.F.,.F.,(4,4),(-7.16841972942614E-5,0.00789465485755642),
 .UNSPECIFIED.);
#131=B_SPLINE_CURVE_WITH_KNOTS('',3,(#4789,#4790,#4791,#4792),
 .UNSPECIFIED.,.F.,.F.,(4,4),(-0.864423261466221,-0.799133757133311),
 .UNSPECIFIED.);
#132=B_SPLINE_CURVE_WITH_KNOTS('',3,(#4795,#4796,#4797,#4798),
 .UNSPECIFIED.,.F.,.F.,(4,4),(0.799133757133311,0.855364516892295),
 .UNSPECIFIED.);
#133=B_SPLINE_CURVE_WITH_KNOTS('',3,(#4824,#4825,#4826,#4827,#4828,#4829,
#4830,#4831,#4832,#4833,#4834,#4835,#4836,#4837,#4838,#4839,#4840,#4841,
#4842,#4843,#4844,#4845,#4846,#4847,#4848,#4849,#4850,#4851),
 .UNSPECIFIED.,.F.,.F.,(4,3,3,3,3,3,3,3,3,4),(0.0280173991027372,0.032274618062282,
0.0417683846333329,0.0457704620405375,0.056231975679882,0.0668323166372415,
0.0728536441475814,0.0835365476092214,0.0894039372831182,0.0902243360477423),
 .UNSPECIFIED.);
#134=B_SPLINE_CURVE_WITH_KNOTS('',3,(#4853,#4854,#4855,#4856),
 .UNSPECIFIED.,.F.,.F.,(4,4),(-0.326327181637117,-0.261256922389685),
 .UNSPECIFIED.);
#135=B_SPLINE_CURVE_WITH_KNOTS('',3,(#4860,#4861,#4862,#4863,#4864,#4865,
#4866),.UNSPECIFIED.,.F.,.F.,(4,3,4),(-0.168824053280573,-0.149225135113855,
-0.141350764506483),.UNSPECIFIED.);
#136=B_SPLINE_CURVE_WITH_KNOTS('',3,(#4900,#4901,#4902,#4903),
 .UNSPECIFIED.,.F.,.F.,(4,4),(0.201787745163927,0.260999786876116),
 .UNSPECIFIED.);
#137=B_SPLINE_CURVE_WITH_KNOTS('',3,(#4906,#4907,#4908,#4909),
 .UNSPECIFIED.,.F.,.F.,(4,4),(-0.260999786876116,-0.201787745163927),
 .UNSPECIFIED.);
#138=B_SPLINE_CURVE_WITH_KNOTS('',3,(#4916,#4917,#4918,#4919),
 .UNSPECIFIED.,.F.,.F.,(4,4),(-0.00555242263018305,-8.69714300125528E-13),
 .UNSPECIFIED.);
#139=B_SPLINE_CURVE_WITH_KNOTS('',3,(#4921,#4922,#4923,#4924,#4925),
 .UNSPECIFIED.,.F.,.F.,(4,1,4),(0.,0.0639365481394771,0.127873096278954),
 .UNSPECIFIED.);
#140=B_SPLINE_CURVE_WITH_KNOTS('',3,(#4929,#4930,#4931,#4932),
 .UNSPECIFIED.,.F.,.F.,(4,4),(0.,0.173822963442946),.UNSPECIFIED.);
#141=B_SPLINE_CURVE_WITH_KNOTS('',3,(#4934,#4935,#4936,#4937,#4938,#4939,
#4940),.UNSPECIFIED.,.F.,.F.,(4,1,1,1,4),(3.08655205725346E-15,0.0476107635274465,
0.0714161452911682,0.119026908818612,0.166637672346055),.UNSPECIFIED.);
#142=B_SPLINE_CURVE_WITH_KNOTS('',3,(#4942,#4943,#4944,#4945,#4946,#4947,
#4948,#4949,#4950),.UNSPECIFIED.,.F.,.F.,(4,1,1,1,1,1,4),(8.17353790724855E-13,
0.0939476088548169,0.125263478472817,0.375790435416816,0.626317392360815,
0.688949131596814,0.876844349304813),.UNSPECIFIED.);
#143=B_SPLINE_CURVE_WITH_KNOTS('',3,(#4952,#4953,#4954,#4955,#4956,#4957),
 .UNSPECIFIED.,.F.,.F.,(4,1,1,4),(7.2408213027893E-16,0.0712914924470537,
0.118819154078422,0.166346815709791),.UNSPECIFIED.);
#144=B_SPLINE_CURVE_WITH_KNOTS('',3,(#4959,#4960,#4961,#4962),
 .UNSPECIFIED.,.F.,.F.,(4,4),(0.178298798851575,0.240078094293007),
 .UNSPECIFIED.);
#145=B_SPLINE_CURVE_WITH_KNOTS('',3,(#4972,#4973,#4974,#4975),
 .UNSPECIFIED.,.F.,.F.,(4,4),(6.80318185353333,6.91497921581711),
 .UNSPECIFIED.);
#146=B_SPLINE_CURVE_WITH_KNOTS('',3,(#4977,#4978,#4979,#4980),
 .UNSPECIFIED.,.F.,.F.,(4,4),(0.0215475928006418,0.0321208752610459),
 .UNSPECIFIED.);
#147=B_SPLINE_CURVE_WITH_KNOTS('',3,(#4982,#4983,#4984,#4985,#4986,#4987),
 .UNSPECIFIED.,.F.,.F.,(4,2,4),(-2.66756585554578E-15,0.0160222887338063,
0.0215475928006768),.UNSPECIFIED.);
#148=B_SPLINE_CURVE_WITH_KNOTS('',3,(#4989,#4990,#4991,#4992),
 .UNSPECIFIED.,.F.,.F.,(4,4),(0.216716861133449,0.227913671692344),
 .UNSPECIFIED.);
#149=B_SPLINE_CURVE_WITH_KNOTS('',3,(#4994,#4995,#4996,#4997,#4998,#4999,
#5000,#5001,#5002,#5003,#5004,#5005,#5006,#5007,#5008,#5009),
 .UNSPECIFIED.,.F.,.F.,(4,2,2,2,2,2,2,4),(0.0134532462877625,0.0770831419049712,
0.105365048189779,0.122934473337485,0.138565642715608,0.157657258709997,
0.192364705088875,0.216716861133451),.UNSPECIFIED.);
#150=B_SPLINE_CURVE_WITH_KNOTS('',3,(#5011,#5012,#5013,#5014),
 .UNSPECIFIED.,.F.,.F.,(4,4),(0.,0.0134532462877625),.UNSPECIFIED.);
#151=B_SPLINE_CURVE_WITH_KNOTS('',3,(#5016,#5017,#5018,#5019),
 .UNSPECIFIED.,.F.,.F.,(4,4),(6.03007970140821,6.1076777952878),
 .UNSPECIFIED.);
#152=B_SPLINE_CURVE_WITH_KNOTS('',3,(#5029,#5030,#5031,#5032,#5033),
 .UNSPECIFIED.,.F.,.F.,(4,1,4),(0.,0.182740755977827,0.229852870593484),
 .UNSPECIFIED.);
#153=B_SPLINE_CURVE_WITH_KNOTS('',3,(#5035,#5036,#5037,#5038),
 .UNSPECIFIED.,.F.,.F.,(4,4),(0.,0.00151576983027974),.UNSPECIFIED.);
#154=B_SPLINE_CURVE_WITH_KNOTS('',3,(#5064,#5065,#5066,#5067),
 .UNSPECIFIED.,.F.,.F.,(4,4),(8.69714300125528E-13,0.00555242263018305),
 .UNSPECIFIED.);
#155=B_SPLINE_CURVE_WITH_KNOTS('',3,(#5085,#5086,#5087,#5088),
 .UNSPECIFIED.,.F.,.F.,(4,4),(0.,0.00627058718279557),.UNSPECIFIED.);
#156=B_SPLINE_CURVE_WITH_KNOTS('',3,(#5089,#5090,#5091,#5092),
 .UNSPECIFIED.,.F.,.F.,(4,4),(-0.00627058718279557,0.),.UNSPECIFIED.);
#157=B_SPLINE_CURVE_WITH_KNOTS('',3,(#5116,#5117,#5118,#5119),
 .UNSPECIFIED.,.F.,.F.,(4,4),(0.200255576499505,0.24945867038888),
 .UNSPECIFIED.);
#158=B_SPLINE_CURVE_WITH_KNOTS('',3,(#5122,#5123,#5124,#5125),
 .UNSPECIFIED.,.F.,.F.,(4,4),(-0.24945867038888,-0.193799390125579),
 .UNSPECIFIED.);
#159=B_SPLINE_CURVE_WITH_KNOTS('',3,(#5147,#5148,#5149,#5150,#5151,#5152,
#5153,#5154,#5155,#5156,#5157,#5158,#5159),.UNSPECIFIED.,.F.,.F.,(4,3,3,
3,4),(-0.00123517096125759,2.37939008773669E-15,0.0109292026551948,0.0211613329075232,
0.0218584053103872),.UNSPECIFIED.);
#160=B_SPLINE_CURVE_WITH_KNOTS('',3,(#5162,#5163,#5164,#5165),
 .UNSPECIFIED.,.F.,.F.,(4,4),(-0.27264958171806,-0.249458505814301),
 .UNSPECIFIED.);
#161=B_SPLINE_CURVE_WITH_KNOTS('',3,(#5169,#5170,#5171,#5172),
 .UNSPECIFIED.,.F.,.F.,(4,4),(-0.0911728498984818,0.),.UNSPECIFIED.);
#162=B_SPLINE_CURVE_WITH_KNOTS('',3,(#5205,#5206,#5207,#5208,#5209),
 .UNSPECIFIED.,.F.,.F.,(4,1,4),(-0.127873096278954,-0.0639365481394771,
0.),.UNSPECIFIED.);
#163=B_SPLINE_CURVE_WITH_KNOTS('',3,(#5215,#5216,#5217,#5218),
 .UNSPECIFIED.,.F.,.F.,(4,4),(-0.0252583476653614,9.34637922611614E-11),
 .UNSPECIFIED.);
#164=B_SPLINE_CURVE_WITH_KNOTS('',3,(#5220,#5221,#5222,#5223),
 .UNSPECIFIED.,.F.,.F.,(4,4),(-0.846260133922036,-0.75598385471322),
 .UNSPECIFIED.);
#165=B_SPLINE_CURVE_WITH_KNOTS('',3,(#5225,#5226,#5227,#5228),
 .UNSPECIFIED.,.F.,.F.,(4,4),(-0.197835663526743,-0.132925899917887),
 .UNSPECIFIED.);
#166=B_SPLINE_CURVE_WITH_KNOTS('',3,(#5256,#5257,#5258,#5259),
 .UNSPECIFIED.,.F.,.F.,(4,4),(-0.0215245832339727,0.),.UNSPECIFIED.);
#167=B_SPLINE_CURVE_WITH_KNOTS('',3,(#5262,#5263,#5264,#5265),
 .UNSPECIFIED.,.F.,.F.,(4,4),(0.,0.0215245832339727),.UNSPECIFIED.);
#168=B_SPLINE_CURVE_WITH_KNOTS('',3,(#5291,#5292,#5293,#5294,#5295,#5296),
 .UNSPECIFIED.,.F.,.F.,(4,2,4),(0.,0.0285234995036349,0.0287687070146081),
 .UNSPECIFIED.);
#169=B_SPLINE_CURVE_WITH_KNOTS('',3,(#5297,#5298,#5299,#5300,#5301,#5302),
 .UNSPECIFIED.,.F.,.F.,(4,2,4),(-0.0287687070146081,-0.0285234995036349,
0.),.UNSPECIFIED.);
#170=B_SPLINE_CURVE_WITH_KNOTS('',3,(#5334,#5335,#5336,#5337),
 .UNSPECIFIED.,.F.,.F.,(4,4),(0.163331868427201,0.205905396456713),
 .UNSPECIFIED.);
#171=B_SPLINE_CURVE_WITH_KNOTS('',3,(#5340,#5341,#5342,#5343),
 .UNSPECIFIED.,.F.,.F.,(4,4),(-0.205905396456713,-0.129415155861506),
 .UNSPECIFIED.);
#172=B_SPLINE_CURVE_WITH_KNOTS('',3,(#5369,#5370,#5371,#5372,#5373,#5374,
#5375,#5376,#5377,#5378,#5379,#5380,#5381,#5382,#5383,#5384,#5385,#5386,
#5387,#5388,#5389,#5390,#5391,#5392,#5393),.UNSPECIFIED.,.F.,.F.,(4,3,3,
3,3,3,3,3,4),(-0.000840369982176736,1.03758147906863E-16,0.0103160338804361,
0.0110276926268551,0.0211826025321177,0.0312707989882842,0.0370019704828205,
0.0463451822230273,0.0481609986342266),.UNSPECIFIED.);
#173=B_SPLINE_CURVE_WITH_KNOTS('',3,(#5396,#5397,#5398,#5399),
 .UNSPECIFIED.,.F.,.F.,(4,4),(-0.257001982865261,-0.20590538012978),
 .UNSPECIFIED.);
#174=B_SPLINE_CURVE_WITH_KNOTS('',3,(#5403,#5404,#5405,#5406),
 .UNSPECIFIED.,.F.,.F.,(4,4),(-0.0613157667417784,0.),.UNSPECIFIED.);
#175=B_SPLINE_CURVE_WITH_KNOTS('',3,(#5429,#5430,#5431,#5432),
 .UNSPECIFIED.,.F.,.F.,(4,4),(-0.0411624322804745,0.),.UNSPECIFIED.);
#176=B_SPLINE_CURVE_WITH_KNOTS('',3,(#5435,#5436,#5437,#5438),
 .UNSPECIFIED.,.F.,.F.,(4,4),(0.,0.0411624322804745),.UNSPECIFIED.);
#177=B_SPLINE_CURVE_WITH_KNOTS('',3,(#5479,#5480,#5481,#5482,#5483),
 .UNSPECIFIED.,.F.,.F.,(4,1,4),(-0.0277005304124806,-0.0118716558910631,
0.),.UNSPECIFIED.);
#178=B_SPLINE_CURVE_WITH_KNOTS('',3,(#5486,#5487,#5488,#5489,#5490),
 .UNSPECIFIED.,.F.,.F.,(4,1,4),(0.,0.0118716558910631,0.0277005304124806),
 .UNSPECIFIED.);
#179=B_SPLINE_CURVE_WITH_KNOTS('',3,(#5516,#5517,#5518,#5519,#5520,#5521),
 .UNSPECIFIED.,.F.,.F.,(4,2,4),(-0.0207181987682491,0.,0.000199397183028713),
 .UNSPECIFIED.);
#180=B_SPLINE_CURVE_WITH_KNOTS('',3,(#5522,#5523,#5524,#5525,#5526,#5527),
 .UNSPECIFIED.,.F.,.F.,(4,2,4),(-0.000199397183028713,0.,0.0207181987682491),
 .UNSPECIFIED.);
#181=B_SPLINE_CURVE_WITH_KNOTS('',3,(#5550,#5551,#5552,#5553),
 .UNSPECIFIED.,.F.,.F.,(4,4),(0.75598385471322,0.810605279461503),
 .UNSPECIFIED.);
#182=B_SPLINE_CURVE_WITH_KNOTS('',3,(#5575,#5576,#5577,#5578,#5579,#5580,
#5581,#5582,#5583,#5584,#5585,#5586,#5587),.UNSPECIFIED.,.F.,.F.,(4,3,3,
3,4),(0.0598672983262808,0.0701184041809082,0.0805527501569917,0.083739356782548,
0.0849549183996373),.UNSPECIFIED.);
#183=B_SPLINE_CURVE_WITH_KNOTS('',3,(#5591,#5592,#5593,#5594),
 .UNSPECIFIED.,.F.,.F.,(4,4),(-0.105662963577296,-0.0329315805194007),
 .UNSPECIFIED.);
#184=B_SPLINE_CURVE_WITH_KNOTS('',3,(#5623,#5624,#5625,#5626),
 .UNSPECIFIED.,.F.,.F.,(4,4),(0.132925899917887,0.197835663526743),
 .UNSPECIFIED.);
#185=B_SPLINE_CURVE_WITH_KNOTS('',3,(#5632,#5633,#5634,#5635,#5636),
 .UNSPECIFIED.,.F.,.F.,(4,1,4),(0.,0.0134840919735369,0.0314628812715861),
 .UNSPECIFIED.);
#186=B_SPLINE_CURVE_WITH_KNOTS('',3,(#5638,#5639,#5640,#5641,#5642),
 .UNSPECIFIED.,.F.,.F.,(4,1,4),(1.25001350822719E-15,0.0520505387220149,
0.104101077444029),.UNSPECIFIED.);
#187=B_SPLINE_CURVE_WITH_KNOTS('',3,(#5644,#5645,#5646,#5647,#5648,#5649),
 .UNSPECIFIED.,.F.,.F.,(4,1,1,4),(0.,0.304301322405354,0.507168870675591,
0.710036418945827),.UNSPECIFIED.);
#188=B_SPLINE_CURVE_WITH_KNOTS('',3,(#5651,#5652,#5653,#5654,#5655,#5656,
#5657,#5658,#5659),.UNSPECIFIED.,.F.,.F.,(4,1,1,1,1,1,4),(0.,0.0762105352092477,
0.152421070418495,0.203228093891327,0.254035117364159,0.304842140836991,
0.355649164309823),.UNSPECIFIED.);
#189=B_SPLINE_CURVE_WITH_KNOTS('',3,(#5661,#5662,#5663,#5664),
 .UNSPECIFIED.,.F.,.F.,(4,4),(0.,0.0492838099086943),.UNSPECIFIED.);
#190=B_SPLINE_CURVE_WITH_KNOTS('',3,(#5666,#5667,#5668,#5669,#5670),
 .UNSPECIFIED.,.F.,.F.,(4,1,4),(5.8389192197302E-15,0.0080497746049489,
0.016099549209892),.UNSPECIFIED.);
#191=B_SPLINE_CURVE_WITH_KNOTS('',3,(#5681,#5682,#5683,#5684),
 .UNSPECIFIED.,.F.,.F.,(4,4),(3.14346737859212,3.2634152519752),
 .UNSPECIFIED.);
#192=B_SPLINE_CURVE_WITH_KNOTS('',3,(#5686,#5687,#5688,#5689,#5690,#5691,
#5692,#5693,#5694,#5695),.UNSPECIFIED.,.F.,.F.,(4,2,2,2,4),(0.00621909563215726,
0.0464424891807164,0.0887536410504188,0.112358582690275,0.136600237741483),
 .UNSPECIFIED.);
#193=B_SPLINE_CURVE_WITH_KNOTS('',3,(#5697,#5698,#5699,#5700),
 .UNSPECIFIED.,.F.,.F.,(4,4),(0.,0.00621909563215529),.UNSPECIFIED.);
#194=B_SPLINE_CURVE_WITH_KNOTS('',3,(#5702,#5703,#5704,#5705),
 .UNSPECIFIED.,.F.,.F.,(4,4),(2.60496899648059,2.75593358174644),
 .UNSPECIFIED.);
#195=B_SPLINE_CURVE_WITH_KNOTS('',3,(#5713,#5714,#5715,#5716),
 .UNSPECIFIED.,.F.,.F.,(4,4),(3.40333882344498E-14,0.0774865644619332),
 .UNSPECIFIED.);
#196=B_SPLINE_CURVE_WITH_KNOTS('',3,(#5743,#5744,#5745,#5746),
 .UNSPECIFIED.,.F.,.F.,(4,4),(0.112641044388324,0.234028458917997),
 .UNSPECIFIED.);
#197=B_SPLINE_CURVE_WITH_KNOTS('',3,(#5749,#5750,#5751,#5752),
 .UNSPECIFIED.,.F.,.F.,(4,4),(-0.234028458917997,0.),.UNSPECIFIED.);
#198=B_SPLINE_CURVE_WITH_KNOTS('',3,(#5755,#5756,#5757,#5758,#5759,#5760,
#5761,#5762,#5763,#5764,#5765,#5766),.UNSPECIFIED.,.F.,.F.,(4,2,2,2,2,4),
(0.1320218138925,0.135333950289297,0.153718557891647,0.168826061298248,
0.176379813001549,0.18393356470485),.UNSPECIFIED.);
#199=B_SPLINE_CURVE_WITH_KNOTS('',3,(#5796,#5797,#5798,#5799),
 .UNSPECIFIED.,.F.,.F.,(4,4),(-0.0159094766382554,0.),.UNSPECIFIED.);
#200=B_SPLINE_CURVE_WITH_KNOTS('',3,(#5800,#5801,#5802,#5803),
 .UNSPECIFIED.,.F.,.F.,(4,4),(0.,0.0159094766382554),.UNSPECIFIED.);
#201=B_SPLINE_CURVE_WITH_KNOTS('',3,(#5806,#5807,#5808,#5809),
 .UNSPECIFIED.,.F.,.F.,(4,4),(-1.1171143563642,-0.912621159129587),
 .UNSPECIFIED.);
#202=B_SPLINE_CURVE_WITH_KNOTS('',3,(#5811,#5812,#5813,#5814),
 .UNSPECIFIED.,.F.,.F.,(4,4),(-0.492886819889168,-0.245515165521982),
 .UNSPECIFIED.);
#203=B_SPLINE_CURVE_WITH_KNOTS('',3,(#5859,#5860,#5861,#5862,#5863),
 .UNSPECIFIED.,.F.,.F.,(4,1,4),(0.0151186669728569,0.191267783105308,0.446291493912359),
 .UNSPECIFIED.);
#204=B_SPLINE_CURVE_WITH_KNOTS('',3,(#5866,#5867,#5868,#5869,#5870),
 .UNSPECIFIED.,.F.,.F.,(4,1,4),(-0.446291493912359,-0.191267783105308,-1.88906691438112E-14),
 .UNSPECIFIED.);
#205=B_SPLINE_CURVE_WITH_KNOTS('',3,(#5875,#5876,#5877,#5878,#5879,#5880,
#5881),.UNSPECIFIED.,.F.,.F.,(4,1,1,1,4),(0.,0.394646198104936,0.789292396209871,
1.18393859431481,1.3046953511641),.UNSPECIFIED.);
#206=B_SPLINE_CURVE_WITH_KNOTS('',3,(#5882,#5883,#5884,#5885),
 .UNSPECIFIED.,.F.,.F.,(4,4),(0.,0.154342017558321),.UNSPECIFIED.);
#207=B_SPLINE_CURVE_WITH_KNOTS('',3,(#5891,#5892,#5893,#5894,#5895,#5896,
#5897,#5898,#5899,#5900,#5901,#5902),.UNSPECIFIED.,.F.,.F.,(4,2,2,2,2,4),
(0.0669842220179037,0.0745379737212045,0.0820917254245052,0.0971992288311068,
0.115583836433457,0.118895972830253),.UNSPECIFIED.);
#208=B_SPLINE_CURVE_WITH_KNOTS('',3,(#5933,#5934,#5935,#5936),
 .UNSPECIFIED.,.F.,.F.,(4,4),(-0.189439784792534,-3.40333882344498E-14),
 .UNSPECIFIED.);
#209=B_SPLINE_CURVE_WITH_KNOTS('',3,(#5945,#5946,#5947,#5948,#5949),
 .UNSPECIFIED.,.F.,.F.,(4,1,4),(2.26170071202226E-14,0.21191141580232,0.333076360092049),
 .UNSPECIFIED.);
#210=B_SPLINE_CURVE_WITH_KNOTS('',3,(#5950,#5951,#5952,#5953,#5954),
 .UNSPECIFIED.,.F.,.F.,(4,1,4),(0.261751225678419,0.376878555789092,0.527629978104728),
 .UNSPECIFIED.);
#211=B_SPLINE_CURVE_WITH_KNOTS('',3,(#5976,#5977,#5978,#5979,#5980),
 .UNSPECIFIED.,.F.,.F.,(4,1,4),(-0.494459970205383,-0.21191141580232,-2.26170071202226E-14),
 .UNSPECIFIED.);
#212=B_SPLINE_CURVE_WITH_KNOTS('',3,(#5986,#5987,#5988,#5989,#5990),
 .UNSPECIFIED.,.F.,.F.,(4,1,4),(-1.19466676892275,-0.902695399217974,-0.683716871939389),
 .UNSPECIFIED.);
#213=B_SPLINE_CURVE_WITH_KNOTS('',3,(#5992,#5993,#5994,#5995),
 .UNSPECIFIED.,.F.,.F.,(4,4),(-2.69266970937445,-0.881479211309843),
 .UNSPECIFIED.);
#214=B_SPLINE_CURVE_WITH_KNOTS('',3,(#5996,#5997,#5998,#5999),
 .UNSPECIFIED.,.F.,.F.,(4,4),(0.505596052767121,1.21743128714368),
 .UNSPECIFIED.);
#215=B_SPLINE_CURVE_WITH_KNOTS('',3,(#6005,#6006,#6007,#6008,#6009,#6010,
#6011,#6012,#6013,#6014,#6015,#6016),.UNSPECIFIED.,.F.,.F.,(4,2,2,2,2,4),
(0.0669842220179035,0.0745379737212043,0.0820917254245051,0.0971992288311067,
0.115583836433457,0.118895972830255),.UNSPECIFIED.);
#216=B_SPLINE_CURVE_WITH_KNOTS('',3,(#6050,#6051,#6052,#6053,#6054),
 .UNSPECIFIED.,.F.,.F.,(4,1,4),(-0.319796322961198,-0.182740755977827,0.),
 .UNSPECIFIED.);
#217=B_SPLINE_CURVE_WITH_KNOTS('',3,(#6082,#6083,#6084,#6085),
 .UNSPECIFIED.,.F.,.F.,(4,4),(-0.00151576983027974,0.),.UNSPECIFIED.);
#218=B_SPLINE_CURVE_WITH_KNOTS('',3,(#6092,#6093,#6094,#6095,#6096),
 .UNSPECIFIED.,.F.,.F.,(4,1,4),(0.,0.141013380496002,0.327573019941195),
 .UNSPECIFIED.);
#219=B_SPLINE_CURVE_WITH_KNOTS('',3,(#6098,#6099,#6100,#6101),
 .UNSPECIFIED.,.F.,.F.,(4,4),(9.10730424631698E-16,0.258217643590539),
 .UNSPECIFIED.);
#220=B_SPLINE_CURVE_WITH_KNOTS('',3,(#6103,#6104,#6105,#6106),
 .UNSPECIFIED.,.F.,.F.,(4,4),(0.,0.025219556308254),.UNSPECIFIED.);
#221=B_SPLINE_CURVE_WITH_KNOTS('',3,(#6107,#6108,#6109,#6110,#6111,#6112,
#6113,#6114,#6115),.UNSPECIFIED.,.F.,.F.,(4,1,1,1,1,1,4),(0.105883524908433,
0.24839508283636,0.66230279211278,0.869256646750989,1.0762105013892,1.28316435602741,
1.49011821066562),.UNSPECIFIED.);
#222=B_SPLINE_CURVE_WITH_KNOTS('',3,(#6144,#6145,#6146,#6147,#6148),
 .UNSPECIFIED.,.F.,.F.,(4,1,4),(-0.329031221157339,-0.141013380496002,0.),
 .UNSPECIFIED.);
#223=B_SPLINE_CURVE_WITH_KNOTS('',3,(#6166,#6167,#6168,#6169),
 .UNSPECIFIED.,.F.,.F.,(4,4),(-0.285433089272746,0.),.UNSPECIFIED.);
#224=B_SPLINE_CURVE_WITH_KNOTS('',3,(#6197,#6198,#6199,#6200),
 .UNSPECIFIED.,.F.,.F.,(4,4),(0.109691540714241,0.182599213887866),
 .UNSPECIFIED.);
#225=B_SPLINE_CURVE_WITH_KNOTS('',3,(#6203,#6204,#6205,#6206),
 .UNSPECIFIED.,.F.,.F.,(4,4),(-0.182599213887866,0.),.UNSPECIFIED.);
#226=B_SPLINE_CURVE_WITH_KNOTS('',3,(#6209,#6210,#6211,#6212,#6213,#6214,
#6215,#6216,#6217,#6218,#6219,#6220),.UNSPECIFIED.,.F.,.F.,(4,2,2,2,2,4),
(0.1320218138925,0.135333950289297,0.153718557891648,0.168826061298249,
0.176379813001549,0.18393356470485),.UNSPECIFIED.);
#227=B_SPLINE_CURVE_WITH_KNOTS('',3,(#6235,#6236,#6237,#6238),
 .UNSPECIFIED.,.F.,.F.,(4,4),(0.,0.230218541869859),.UNSPECIFIED.);
#228=B_SPLINE_CURVE_WITH_KNOTS('',3,(#6239,#6240,#6241,#6242,#6243),
 .UNSPECIFIED.,.F.,.F.,(4,1,4),(0.829997840071412,0.902695399217974,1.19466676892275),
 .UNSPECIFIED.);
#229=B_SPLINE_CURVE_WITH_KNOTS('',3,(#6270,#6271,#6272,#6273),
 .UNSPECIFIED.,.F.,.F.,(4,4),(-0.0923664694262999,0.),.UNSPECIFIED.);
#230=B_SPLINE_CURVE_WITH_KNOTS('',3,(#6322,#6323,#6324,#6325,#6326,#6327,
#6328,#6329,#6330,#6331),.UNSPECIFIED.,.F.,.F.,(4,2,2,2,4),(-0.136600237741483,
-0.112358582690275,-0.0887536410504188,-0.0464424891807164,-0.00621909563215726),
 .UNSPECIFIED.);
#231=B_SPLINE_CURVE_WITH_KNOTS('',3,(#6350,#6351,#6352,#6353),
 .UNSPECIFIED.,.F.,.F.,(4,4),(-0.00621909563215529,0.),.UNSPECIFIED.);
#232=B_SPLINE_CURVE_WITH_KNOTS('',3,(#6370,#6371,#6372,#6373),
 .UNSPECIFIED.,.F.,.F.,(4,4),(-2.75593358174644,-2.60496899648059),
 .UNSPECIFIED.);
#233=B_SPLINE_CURVE_WITH_KNOTS('',3,(#6390,#6391,#6392,#6393),
 .UNSPECIFIED.,.F.,.F.,(4,4),(-3.2634152519752,-3.14346737859212),
 .UNSPECIFIED.);
#234=B_SPLINE_CURVE_WITH_KNOTS('',3,(#6437,#6438,#6439,#6440,#6441,#6442,
#6443),.UNSPECIFIED.,.F.,.F.,(4,1,1,1,4),(-0.527629978104728,-0.376878555789092,
-0.226127133473456,-0.150751422315638,-1.68216178758789E-15),
 .UNSPECIFIED.);
#235=B_SPLINE_CURVE_WITH_KNOTS('',3,(#6513,#6514,#6515,#6516,#6517,#6518,
#6519,#6520,#6521,#6522,#6523,#6524,#6525,#6526,#6527,#6528),
 .UNSPECIFIED.,.F.,.F.,(4,2,2,2,2,2,2,4),(-0.216716861133451,-0.192364705088875,
-0.157657258709997,-0.138565642715608,-0.122934473337485,-0.105365048189779,
-0.0770831419049712,-0.0134532462877625),.UNSPECIFIED.);
#236=B_SPLINE_CURVE_WITH_KNOTS('',3,(#6547,#6548,#6549,#6550),
 .UNSPECIFIED.,.F.,.F.,(4,4),(-0.0134532462877625,0.),.UNSPECIFIED.);
#237=B_SPLINE_CURVE_WITH_KNOTS('',3,(#6567,#6568,#6569,#6570),
 .UNSPECIFIED.,.F.,.F.,(4,4),(-6.10767779545569,-6.03007970140821),
 .UNSPECIFIED.);
#238=B_SPLINE_CURVE_WITH_KNOTS('',3,(#6589,#6590,#6591,#6592),
 .UNSPECIFIED.,.F.,.F.,(4,4),(-6.91497921581711,-6.80318185353333),
 .UNSPECIFIED.);
#239=B_SPLINE_CURVE_WITH_KNOTS('',3,(#6620,#6621,#6622,#6623,#6624,#6625),
 .UNSPECIFIED.,.F.,.F.,(4,2,4),(-0.0215475928006768,-0.0160222887338063,
2.66756585554578E-15),.UNSPECIFIED.);
#240=B_SPLINE_CURVE_WITH_KNOTS('',3,(#6643,#6644,#6645,#6646),
 .UNSPECIFIED.,.F.,.F.,(4,4),(-0.0321208752610459,-0.0215475928006418),
 .UNSPECIFIED.);
#241=B_SPLINE_CURVE_WITH_KNOTS('',3,(#6663,#6664,#6665,#6666),
 .UNSPECIFIED.,.F.,.F.,(4,4),(-0.227913671692344,-0.216716861133449),
 .UNSPECIFIED.);
#242=B_SPLINE_CURVE_WITH_KNOTS('',3,(#6689,#6690,#6691,#6692),
 .UNSPECIFIED.,.F.,.F.,(4,4),(-0.278533154198217,0.),.UNSPECIFIED.);
#243=B_SPLINE_CURVE_WITH_KNOTS('',3,(#6725,#6726,#6727,#6728,#6729,#6730),
 .UNSPECIFIED.,.F.,.F.,(4,1,1,4),(-0.343840929782833,-0.245600664130595,
-0.147360398478357,0.),.UNSPECIFIED.);
#244=B_SPLINE_CURVE_WITH_KNOTS('',3,(#6753,#6754,#6755,#6756),
 .UNSPECIFIED.,.F.,.F.,(4,4),(-0.041440415758561,-3.69939619373036E-16),
 .UNSPECIFIED.);
#245=B_SPLINE_CURVE_WITH_KNOTS('',3,(#6804,#6805,#6806,#6807,#6808,#6809,
#6810,#6811,#6812),.UNSPECIFIED.,.F.,.F.,(4,1,1,1,1,1,4),(-1.49011821066562,
-1.28316435602741,-1.0762105013892,-0.869256646750989,-0.66230279211278,
-0.24839508283636,-0.0414412281981506),.UNSPECIFIED.);
#246=B_SPLINE_CURVE_WITH_KNOTS('',3,(#6835,#6836,#6837,#6838),
 .UNSPECIFIED.,.F.,.F.,(4,4),(-0.025219556308254,0.),.UNSPECIFIED.);
#247=B_SPLINE_CURVE_WITH_KNOTS('',3,(#6859,#6860,#6861,#6862),
 .UNSPECIFIED.,.F.,.F.,(4,4),(-0.258217643590539,-9.10730424631698E-16),
 .UNSPECIFIED.);
#248=B_SPLINE_CURVE_WITH_KNOTS('',3,(#6884,#6885,#6886,#6887),
 .UNSPECIFIED.,.F.,.F.,(4,4),(1.00905402396157,2.69266970937445),
 .UNSPECIFIED.);
#249=B_SPLINE_CURVE_WITH_KNOTS('',3,(#6891,#6892,#6893,#6894),
 .UNSPECIFIED.,.F.,.F.,(4,4),(0.,0.00475692012855275),.UNSPECIFIED.);
#250=B_SPLINE_CURVE_WITH_KNOTS('',3,(#6896,#6897,#6898,#6899,#6900),
 .UNSPECIFIED.,.F.,.F.,(4,1,4),(1.49355164733588E-15,0.0660345322546912,
0.154080575260944),.UNSPECIFIED.);
#251=B_SPLINE_CURVE_WITH_KNOTS('',3,(#6904,#6905,#6906,#6907,#6908),
 .UNSPECIFIED.,.F.,.F.,(4,1,4),(0.,0.00217441265028774,0.00507362951733805),
 .UNSPECIFIED.);
#252=B_SPLINE_CURVE_WITH_KNOTS('',3,(#6910,#6911,#6912,#6913),
 .UNSPECIFIED.,.F.,.F.,(4,4),(1.06446761922261E-16,0.0197249735023447),
 .UNSPECIFIED.);
#253=B_SPLINE_CURVE_WITH_KNOTS('',3,(#6915,#6916,#6917,#6918,#6919),
 .UNSPECIFIED.,.F.,.F.,(4,1,4),(3.79658040873536,4.20121007538764,5.5906817936473),
 .UNSPECIFIED.);
#254=B_SPLINE_CURVE_WITH_KNOTS('',3,(#6921,#6922,#6923,#6924,#6925,#6926,
#6927,#6928,#6929,#6930,#6931,#6932,#6933,#6934,#6935,#6936,#6937,#6938,
#6939,#6940,#6941,#6942,#6943,#6944,#6945,#6946),.UNSPECIFIED.,.F.,.F.,
(4,2,2,2,2,2,2,2,2,2,2,2,4),(-0.561498080058323,-0.526473514801231,-0.491448949544139,
-0.456298544506576,-0.421148139469012,-0.385975397385396,-0.350802655301779,
-0.315775852279586,-0.280749049257394,-0.245686294143793,-0.210623539030193,
-0.175486742871614,-0.171949365614535),.UNSPECIFIED.);
#255=B_SPLINE_CURVE_WITH_KNOTS('',3,(#6948,#6949,#6950,#6951,#6952,#6953,
#6954,#6955,#6956),.UNSPECIFIED.,.F.,.F.,(4,1,2,2,4),(-0.139108157507843,
-0.105227961425884,-0.070105976138733,-0.0350529880693665,0.),
 .UNSPECIFIED.);
#256=B_SPLINE_CURVE_WITH_KNOTS('',3,(#6958,#6959,#6960,#6961,#6962),
 .UNSPECIFIED.,.F.,.F.,(4,1,4),(0.73564994758424,2.81173835712799,3.72781897812092),
 .UNSPECIFIED.);
#257=B_SPLINE_CURVE_WITH_KNOTS('',3,(#6964,#6965,#6966,#6967),
 .UNSPECIFIED.,.F.,.F.,(4,4),(1.88657322730304,1.88934332336174),
 .UNSPECIFIED.);
#258=B_SPLINE_CURVE_WITH_KNOTS('',3,(#6969,#6970,#6971,#6972,#6973),
 .UNSPECIFIED.,.F.,.F.,(4,1,4),(1.1847349940617E-15,0.0848179974446085,
0.148431495528064),.UNSPECIFIED.);
#259=B_SPLINE_CURVE_WITH_KNOTS('',3,(#6975,#6976,#6977,#6978),
 .UNSPECIFIED.,.F.,.F.,(4,4),(0.,1.09241672867398),.UNSPECIFIED.);
#260=B_SPLINE_CURVE_WITH_KNOTS('',3,(#6979,#6980,#6981,#6982,#6983,#6984),
 .UNSPECIFIED.,.F.,.F.,(4,1,1,4),(-4.32401902940379,-3.82787318065426,-3.33172733190474,
-2.62845128194416),.UNSPECIFIED.);
#261=B_SPLINE_CURVE_WITH_KNOTS('',3,(#6986,#6987,#6988,#6989,#6990,#6991,
#6992,#6993,#6994,#6995,#6996,#6997,#6998,#6999,#7000,#7001,#7002,#7003,
#7004,#7005,#7006,#7007,#7008,#7009,#7010,#7011,#7012,#7013,#7014,#7015,
#7016,#7017,#7018,#7019),.UNSPECIFIED.,.T.,.F.,(4,2,2,2,2,2,2,2,2,2,2,2,
2,2,2,2,4),(-0.562425178353746,-0.527403894244454,-0.492382610135162,-0.457083487962298,
-0.421784365789433,-0.38651661217099,-0.351248858552546,-0.316230741006866,
-0.281212623461186,-0.246137319282633,-0.21106201510408,-0.17585143523866,
-0.14064085537324,-0.105409474055982,-0.0701780927387243,-0.0350890463693622,
0.),.UNSPECIFIED.);
#262=B_SPLINE_CURVE_WITH_KNOTS('',3,(#7073,#7074,#7075,#7076,#7077,#7078,
#7079),.UNSPECIFIED.,.F.,.F.,(4,1,1,1,4),(-1.38126169336727,-1.18393859431481,
-0.789292396209871,-0.394646198104936,0.),.UNSPECIFIED.);
#263=B_SPLINE_CURVE_WITH_KNOTS('',3,(#7101,#7102,#7103,#7104),
 .UNSPECIFIED.,.F.,.F.,(4,4),(-0.154342017558321,0.),.UNSPECIFIED.);
#264=B_SPLINE_CURVE_WITH_KNOTS('',3,(#7126,#7127,#7128,#7129),
 .UNSPECIFIED.,.F.,.F.,(4,4),(0.306744949743176,0.492886819889168),
 .UNSPECIFIED.);
#265=B_SPLINE_CURVE_WITH_KNOTS('',3,(#7133,#7134,#7135,#7136),
 .UNSPECIFIED.,.F.,.F.,(4,4),(2.84824379679849,3.1993118776895),
 .UNSPECIFIED.);
#266=B_SPLINE_CURVE_WITH_KNOTS('',3,(#7139,#7140,#7141,#7142,#7143,#7144),
 .UNSPECIFIED.,.F.,.F.,(4,1,1,4),(0.,0.0587895511768207,0.0979825852947012,
0.137175619412582),.UNSPECIFIED.);
#267=B_SPLINE_CURVE_WITH_KNOTS('',3,(#7169,#7170,#7171,#7172),
 .UNSPECIFIED.,.F.,.F.,(4,4),(-1.21743128714368,-0.637779730316837),
 .UNSPECIFIED.);
#268=B_SPLINE_CURVE_WITH_KNOTS('',3,(#7174,#7175,#7176,#7177),
 .UNSPECIFIED.,.F.,.F.,(4,4),(-0.46703922776087,0.),.UNSPECIFIED.);
#269=B_SPLINE_CURVE_WITH_KNOTS('',3,(#7179,#7180,#7181,#7182,#7183),
 .UNSPECIFIED.,.F.,.F.,(4,1,4),(-0.1071477645565,-0.0535738822782499,0.),
 .UNSPECIFIED.);
#270=B_SPLINE_CURVE_WITH_KNOTS('',3,(#7184,#7185,#7186,#7187),
 .UNSPECIFIED.,.F.,.F.,(4,4),(-0.363631659220745,0.),.UNSPECIFIED.);
#271=B_SPLINE_CURVE_WITH_KNOTS('',3,(#7261,#7262,#7263,#7264,#7265),
 .UNSPECIFIED.,.F.,.F.,(4,1,4),(-0.016099549209892,-0.0080497746049489,
-5.8389192197302E-15),.UNSPECIFIED.);
#272=B_SPLINE_CURVE_WITH_KNOTS('',3,(#7288,#7289,#7290,#7291),
 .UNSPECIFIED.,.F.,.F.,(4,4),(-0.0492838099086943,0.),.UNSPECIFIED.);
#273=B_SPLINE_CURVE_WITH_KNOTS('',3,(#7339,#7340,#7341,#7342,#7343,#7344,
#7345,#7346,#7347),.UNSPECIFIED.,.F.,.F.,(4,1,1,1,1,1,4),(-0.355649164309823,
-0.304842140836991,-0.254035117364159,-0.203228093891327,-0.152421070418495,
-0.0762105352092477,0.),.UNSPECIFIED.);
#274=B_SPLINE_CURVE_WITH_KNOTS('',3,(#7380,#7381,#7382,#7383,#7384,#7385),
 .UNSPECIFIED.,.F.,.F.,(4,1,1,4),(-0.710036418945827,-0.507168870675591,
-0.304301322405354,0.),.UNSPECIFIED.);
#275=B_SPLINE_CURVE_WITH_KNOTS('',3,(#7413,#7414,#7415,#7416,#7417),
 .UNSPECIFIED.,.F.,.F.,(4,1,4),(-0.104101077444029,-0.0520505387220149,
-1.25001350822719E-15),.UNSPECIFIED.);
#276=B_SPLINE_CURVE_WITH_KNOTS('',3,(#7443,#7444,#7445,#7446,#7447),
 .UNSPECIFIED.,.F.,.F.,(4,1,4),(-0.0314628812715861,-0.0134840919735369,
0.),.UNSPECIFIED.);
#277=B_SPLINE_CURVE_WITH_KNOTS('',3,(#7479,#7480,#7481,#7482,#7483,#7484),
 .UNSPECIFIED.,.F.,.F.,(4,1,1,4),(0.0107039991097119,0.14816478422095,0.18252998049876,
0.251260373054379),.UNSPECIFIED.);
#278=B_SPLINE_CURVE_WITH_KNOTS('',3,(#7487,#7488,#7489,#7490,#7491,#7492),
 .UNSPECIFIED.,.F.,.F.,(4,1,1,4),(-0.251260372795835,-0.18252998049876,
-0.14816478422095,-0.0246859573818674),.UNSPECIFIED.);
#279=B_SPLINE_CURVE_WITH_KNOTS('',3,(#7545,#7546,#7547,#7548),
 .UNSPECIFIED.,.F.,.F.,(4,4),(-1.19322310850451,-0.999228060658087),
 .UNSPECIFIED.);
#280=B_SPLINE_CURVE_WITH_KNOTS('',3,(#7553,#7554,#7555,#7556,#7557,#7558,
#7559,#7560,#7561,#7562),.UNSPECIFIED.,.F.,.F.,(4,2,2,2,4),(0.513833921268867,
0.524971218977608,0.568118955112951,0.605600081301412,0.61624157351312),
 .UNSPECIFIED.);
#281=B_SPLINE_CURVE_WITH_KNOTS('',3,(#7564,#7565,#7566,#7567),
 .UNSPECIFIED.,.F.,.F.,(4,4),(1.66102425469884,1.72325829981807),
 .UNSPECIFIED.);
#282=B_SPLINE_CURVE_WITH_KNOTS('',3,(#7569,#7570,#7571,#7572,#7573,#7574,
#7575,#7576),.UNSPECIFIED.,.F.,.F.,(4,2,2,4),(4.47819914790995,4.90278820873717,
5.7947758031171,5.82580954729795),.UNSPECIFIED.);
#283=B_SPLINE_CURVE_WITH_KNOTS('',3,(#7577,#7578,#7579,#7580),
 .UNSPECIFIED.,.F.,.F.,(4,4),(-3.12237922549499,-3.0076739751735),
 .UNSPECIFIED.);
#284=B_SPLINE_CURVE_WITH_KNOTS('',3,(#7583,#7584,#7585,#7586,#7587,#7588,
#7589,#7590,#7591,#7592,#7593,#7594,#7595,#7596),.UNSPECIFIED.,.F.,.F.,
(4,2,2,2,2,2,4),(0.0918227053772656,0.10131077904006,0.120240173960321,
0.132650940821404,0.13769764048613,0.139463804326243,0.140463513700114),
 .UNSPECIFIED.);
#285=B_SPLINE_CURVE_WITH_KNOTS('',3,(#7641,#7642,#7643,#7644),
 .UNSPECIFIED.,.F.,.F.,(4,4),(-0.00485485758466571,-1.29297980274359E-13),
 .UNSPECIFIED.);
#286=B_SPLINE_CURVE_WITH_KNOTS('',3,(#7647,#7648,#7649,#7650),
 .UNSPECIFIED.,.F.,.F.,(4,4),(1.29297980274359E-13,0.00485485758466571),
 .UNSPECIFIED.);
#287=B_SPLINE_CURVE_WITH_KNOTS('',3,(#7671,#7672,#7673,#7674,#7675),
 .UNSPECIFIED.,.F.,.F.,(4,1,4),(0.,0.00701255181662577,0.0122719656790951),
 .UNSPECIFIED.);
#288=B_SPLINE_CURVE_WITH_KNOTS('',3,(#7676,#7677,#7678,#7679,#7680),
 .UNSPECIFIED.,.F.,.F.,(4,1,4),(-0.0122719656790951,-0.00701255181662577,
0.),.UNSPECIFIED.);
#289=B_SPLINE_CURVE_WITH_KNOTS('',3,(#7705,#7706,#7707,#7708),
 .UNSPECIFIED.,.F.,.F.,(4,4),(-0.0053344154470421,-2.81698654873226E-12),
 .UNSPECIFIED.);
#290=B_SPLINE_CURVE_WITH_KNOTS('',3,(#7711,#7712,#7713,#7714),
 .UNSPECIFIED.,.F.,.F.,(4,4),(2.81698654873226E-12,0.0053344154470421),
 .UNSPECIFIED.);
#291=B_SPLINE_CURVE_WITH_KNOTS('',3,(#7735,#7736,#7737,#7738,#7739),
 .UNSPECIFIED.,.F.,.F.,(4,1,4),(-0.0124653315998032,-0.00528704629734081,
9.66676795059939E-5),.UNSPECIFIED.);
#292=B_SPLINE_CURVE_WITH_KNOTS('',3,(#7740,#7741,#7742,#7743,#7744),
 .UNSPECIFIED.,.F.,.F.,(4,1,4),(-9.66676795059939E-5,0.00528704629734081,
0.0124653315998032),.UNSPECIFIED.);
#293=B_SPLINE_CURVE_WITH_KNOTS('',3,(#7816,#7817,#7818,#7819),
 .UNSPECIFIED.,.F.,.F.,(4,4),(-0.240078094293007,-0.171019004520589),
 .UNSPECIFIED.);
#294=B_SPLINE_CURVE_WITH_KNOTS('',3,(#7852,#7853,#7854,#7855,#7856,#7857),
 .UNSPECIFIED.,.F.,.F.,(4,1,1,4),(-0.166346815709791,-0.118819154078422,
-0.0712914924470537,-7.2408213027893E-16),.UNSPECIFIED.);
#295=B_SPLINE_CURVE_WITH_KNOTS('',3,(#7905,#7906,#7907,#7908,#7909,#7910,
#7911,#7912,#7913),.UNSPECIFIED.,.F.,.F.,(4,1,1,1,1,1,4),(-0.876844349304813,
-0.688949131596814,-0.626317392360815,-0.375790435416816,-0.125263478472817,
-0.0939476088548169,-8.17353790724855E-13),.UNSPECIFIED.);
#296=B_SPLINE_CURVE_WITH_KNOTS('',3,(#7951,#7952,#7953,#7954,#7955,#7956,
#7957),.UNSPECIFIED.,.F.,.F.,(4,1,1,1,4),(-0.166637672346055,-0.119026908818612,
-0.0714161452911682,-0.0476107635274465,-3.08655205725346E-15),
 .UNSPECIFIED.);
#297=B_SPLINE_CURVE_WITH_KNOTS('',3,(#7978,#7979,#7980,#7981),
 .UNSPECIFIED.,.F.,.F.,(4,4),(-0.181222197651288,0.),.UNSPECIFIED.);
#298=B_SPLINE_CURVE_WITH_KNOTS('',3,(#7984,#7985,#7986,#7987),
 .UNSPECIFIED.,.F.,.F.,(4,4),(1.75239318126718,3.12499667788218),
 .UNSPECIFIED.);
#299=B_SPLINE_CURVE_WITH_KNOTS('',3,(#7988,#7989,#7990,#7991),
 .UNSPECIFIED.,.F.,.F.,(4,4),(1.13172149805089,2.57372087936612),
 .UNSPECIFIED.);
#300=B_SPLINE_CURVE_WITH_KNOTS('',3,(#8034,#8035,#8036,#8037,#8038,#8039,
#8040,#8041,#8042,#8043),.UNSPECIFIED.,.F.,.F.,(4,2,2,2,4),(0.,0.00795409702049526,
0.0290169562584357,0.0462648056661902,0.0625551710722327),.UNSPECIFIED.);
#301=B_SPLINE_CURVE_WITH_KNOTS('',3,(#8044,#8045,#8046,#8047),
 .UNSPECIFIED.,.F.,.F.,(4,4),(0.03177868701311,0.735950395020574),
 .UNSPECIFIED.);
#302=B_SPLINE_CURVE_WITH_KNOTS('',3,(#8048,#8049,#8050,#8051),
 .UNSPECIFIED.,.F.,.F.,(4,4),(-0.735950395020574,-0.00635403290768244),
 .UNSPECIFIED.);
#303=B_SPLINE_CURVE_WITH_KNOTS('',3,(#8079,#8080,#8081,#8082,#8083,#8084,
#8085,#8086,#8087,#8088,#8089,#8090,#8091),.UNSPECIFIED.,.F.,.F.,(4,3,3,
3,4),(0.000524891125589639,0.00910034564201417,0.0135869946700231,0.0222024157891924,
0.0272313186820798),.UNSPECIFIED.);
#304=B_SPLINE_CURVE_WITH_KNOTS('',3,(#8092,#8093,#8094,#8095,#8096,#8097,
#8098,#8099,#8100,#8101,#8102,#8103,#8104,#8105,#8106,#8107),
 .UNSPECIFIED.,.F.,.F.,(4,3,3,3,3,4),(0.0213727974526449,0.0298664864322712,
0.0329645310096311,0.0361097161190749,0.044690240413691,0.0456278813276469),
 .UNSPECIFIED.);
#305=B_SPLINE_CURVE_WITH_KNOTS('',3,(#8113,#8114,#8115,#8116,#8117),
 .UNSPECIFIED.,.F.,.F.,(4,1,4),(0.,0.0285136516714728,0.0665318539001033),
 .UNSPECIFIED.);
#306=B_SPLINE_CURVE_WITH_KNOTS('',3,(#8119,#8120,#8121,#8122),
 .UNSPECIFIED.,.F.,.F.,(4,4),(0.,0.188993902266713),.UNSPECIFIED.);
#307=B_SPLINE_CURVE_WITH_KNOTS('',3,(#8150,#8151,#8152,#8153,#8154,#8155,
#8156,#8157,#8158,#8159),.UNSPECIFIED.,.F.,.F.,(4,2,2,2,4),(0.132300435746477,
0.14920524838654,0.177791498617349,0.214821447230222,0.256873406261415),
 .UNSPECIFIED.);
#308=B_SPLINE_CURVE_WITH_KNOTS('',3,(#8164,#8165,#8166,#8167,#8168,#8169,
#8170,#8171,#8172,#8173,#8174,#8175,#8176,#8177,#8178,#8179),
 .UNSPECIFIED.,.F.,.F.,(4,2,2,2,2,2,2,4),(0.101794998144998,0.106186893490907,
0.121309434370318,0.136981511417948,0.155507379359379,0.177782222323471,
0.19158445374665,0.202555351665958),.UNSPECIFIED.);
#309=B_SPLINE_CURVE_WITH_KNOTS('',3,(#8214,#8215,#8216,#8217,#8218),
 .UNSPECIFIED.,.F.,.F.,(4,1,4),(-0.0665318539001033,-0.0285136516714728,
0.),.UNSPECIFIED.);
#310=B_SPLINE_CURVE_WITH_KNOTS('',3,(#8239,#8240,#8241,#8242),
 .UNSPECIFIED.,.F.,.F.,(4,4),(-0.192224949120957,0.),.UNSPECIFIED.);
#311=B_SPLINE_CURVE_WITH_KNOTS('',3,(#8247,#8248,#8249,#8250,#8251,#8252),
 .UNSPECIFIED.,.F.,.F.,(4,2,4),(9.32673531091405,10.1140711367002,10.8706621961675),
 .UNSPECIFIED.);
#312=B_SPLINE_CURVE_WITH_KNOTS('',3,(#8260,#8261,#8262,#8263,#8264,#8265,
#8266,#8267),.UNSPECIFIED.,.F.,.F.,(4,2,2,4),(11.1987908616009,11.5160024144465,
12.9179336921927,13.949239103535),.UNSPECIFIED.);
#313=B_SPLINE_CURVE_WITH_KNOTS('',3,(#8270,#8271,#8272,#8273,#8274,#8275,
#8276,#8277),.UNSPECIFIED.,.F.,.F.,(4,2,2,4),(0.047701479574843,0.051460237860246,
0.102920475720492,0.135629807892968),.UNSPECIFIED.);
#314=B_SPLINE_CURVE_WITH_KNOTS('',3,(#8279,#8280,#8281,#8282,#8283,#8284,
#8285,#8286,#8287,#8288),.UNSPECIFIED.,.F.,.F.,(4,2,2,2,4),(0.0792952955989688,
0.0856053516376031,0.171210703275206,0.258507472541729,0.345804241808253),
 .UNSPECIFIED.);
#315=B_SPLINE_CURVE_WITH_KNOTS('',3,(#8292,#8293,#8294,#8295,#8296,#8297,
#8298,#8299,#8300,#8301),.UNSPECIFIED.,.F.,.F.,(4,2,2,2,4),(0.344174552808021,
0.430915154203408,0.517655755598796,0.603282445491163,0.60965190828004),
 .UNSPECIFIED.);
#316=B_SPLINE_CURVE_WITH_KNOTS('',3,(#8302,#8303,#8304,#8305,#8306,#8307,
#8308,#8309),.UNSPECIFIED.,.F.,.F.,(4,2,2,4),(-0.135351526262885,-0.102960770869114,
-0.0514803854345569,-0.0476790163506947),.UNSPECIFIED.);
#317=B_SPLINE_CURVE_WITH_KNOTS('',3,(#8331,#8332,#8333,#8334,#8335,#8336,
#8337,#8338,#8339,#8340,#8341,#8342,#8343,#8344,#8345,#8346,#8347,#8348,
#8349,#8350,#8351,#8352,#8353,#8354,#8355,#8356,#8357,#8358,#8359,#8360,
#8361,#8362,#8363,#8364,#8365,#8366,#8367,#8368,#8369,#8370,#8371,#8372,
#8373),.UNSPECIFIED.,.F.,.F.,(4,3,3,3,3,3,3,3,3,3,3,3,3,3,4),(-0.00358026638292391,
0.,0.0856523809122006,0.164134274200816,0.238842884088391,0.310260251669939,
0.377690106773739,0.395771070086649,0.40685059642693,0.485391214299126,
0.56627067610086,0.639937645587847,0.711222459620988,0.779074462687602,
0.80890906150606),.UNSPECIFIED.);
#318=B_SPLINE_CURVE_WITH_KNOTS('',3,(#8374,#8375,#8376,#8377),
 .UNSPECIFIED.,.F.,.F.,(4,4),(-3.35587404748694,-1.14065754369069),
 .UNSPECIFIED.);
#319=B_SPLINE_CURVE_WITH_KNOTS('',3,(#8398,#8399,#8400,#8401,#8402,#8403),
 .UNSPECIFIED.,.F.,.F.,(4,2,4),(1.3876192230556,1.6547968865518,2.08805332773949),
 .UNSPECIFIED.);
#320=B_SPLINE_CURVE_WITH_KNOTS('',3,(#8406,#8407,#8408,#8409,#8410,#8411,
#8412,#8413),.UNSPECIFIED.,.F.,.F.,(4,2,2,4),(28.441550027637,28.6787269046265,
29.4504779086797,29.890126771336),.UNSPECIFIED.);
#321=B_SPLINE_CURVE_WITH_KNOTS('',3,(#8414,#8415,#8416,#8417,#8418,#8419,
#8420,#8421,#8422,#8423,#8424,#8425,#8426),.UNSPECIFIED.,.F.,.F.,(4,2,2,
2,3,4),(0.478442819069116,0.496999740028324,0.535802963705085,0.573423555004161,
0.611044146303237,0.61682643017222),.UNSPECIFIED.);
#322=B_SPLINE_CURVE_WITH_KNOTS('',3,(#8427,#8428,#8429,#8430,#8431,#8432,
#8433,#8434,#8435,#8436,#8437,#8438,#8439,#8440,#8441,#8442,#8443,#8444,
#8445,#8446,#8447,#8448,#8449,#8450,#8451,#8452,#8453,#8454,#8455),
 .UNSPECIFIED.,.F.,.F.,(4,2,2,2,2,2,2,2,2,2,2,3,2,4),(0.517815552301898,
0.566369510800109,0.660581576085296,0.754793641370483,0.848943758414241,
0.943093875457998,1.03754943528374,1.13200499510948,1.22662905604212,1.32125311697477,
1.41542016829001,1.50958721960524,1.6038730149151,1.66123332010233),
 .UNSPECIFIED.);
#323=B_SPLINE_CURVE_WITH_KNOTS('',3,(#8457,#8458,#8459,#8460,#8461,#8462,
#8463,#8464,#8465,#8466,#8467,#8468,#8469,#8470,#8471,#8472,#8473,#8474,
#8475,#8476,#8477,#8478,#8479,#8480,#8481,#8482,#8483,#8484,#8485,#8486,
#8487,#8488,#8489,#8490),.UNSPECIFIED.,.T.,.F.,(4,2,2,2,2,2,2,2,2,2,2,2,
2,2,2,2,4),(0.,0.0941299164415407,0.188259832883081,0.283023424351193,0.377787015819304,
0.472787347643185,0.567787679467065,0.661941578330749,0.756095477194433,
0.85046468058999,0.944833883985548,1.03961899988678,1.13440411578802,1.22903223713251,
1.32366035847701,1.41792576622696,1.5121911739769),.UNSPECIFIED.);
#324=B_SPLINE_CURVE_WITH_KNOTS('',3,(#8667,#8668,#8669,#8670,#8671,#8672,
#8673,#8674,#8675,#8676,#8677,#8678,#8679,#8680,#8681,#8682,#8683,#8684),
 .UNSPECIFIED.,.F.,.F.,(4,2,2,2,2,2,2,2,4),(0.,0.0350890463693622,0.0701780927387243,
0.105409474055982,0.14064085537324,0.17585143523866,0.21106201510408,0.246137319282633,
0.281212623937038),.UNSPECIFIED.);
#325=B_SPLINE_CURVE_WITH_KNOTS('',3,(#8685,#8686,#8687,#8688,#8689,#8690,
#8691,#8692,#8693,#8694,#8695,#8696,#8697,#8698,#8699,#8700,#8701,#8702),
 .UNSPECIFIED.,.F.,.F.,(4,2,2,2,2,2,2,2,4),(0.281212623937038,0.316230741006866,
0.351248858552546,0.38651661217099,0.421784365789433,0.457083487962298,
0.492382610135162,0.527403894244454,0.562425178353746),.UNSPECIFIED.);
#326=B_SPLINE_CURVE_WITH_KNOTS('',3,(#8839,#8840,#8841,#8842,#8843,#8844,
#8845,#8846,#8847,#8848,#8849,#8850,#8851,#8852,#8853,#8854,#8855,#8856,
#8857),.UNSPECIFIED.,.F.,.F.,(4,3,3,3,3,3,4),(0.,0.0209523023076124,0.0357596447868084,
0.0502838760703006,0.0652812398538073,0.0678748988000874,0.070457233316716),
 .UNSPECIFIED.);
#327=B_SPLINE_CURVE_WITH_KNOTS('',3,(#8861,#8862,#8863,#8864,#8865,#8866,
#8867,#8868,#8869,#8870,#8871,#8872,#8873,#8874,#8875,#8876,#8877),
 .UNSPECIFIED.,.F.,.F.,(4,2,2,1,2,2,2,2,4),(0.,0.0350529880693665,0.070105976138733,
0.105227961425884,0.140349946713035,0.175486742871614,0.210623539030193,
0.245686294143793,0.280749049639936),.UNSPECIFIED.);
#328=B_SPLINE_CURVE_WITH_KNOTS('',3,(#8878,#8879,#8880,#8881,#8882,#8883,
#8884,#8885,#8886,#8887,#8888,#8889,#8890,#8891,#8892,#8893,#8894,#8895),
 .UNSPECIFIED.,.F.,.F.,(4,2,2,2,2,2,2,2,4),(0.280749049639936,0.315775852279586,
0.350802655301779,0.385975397385396,0.421148139469012,0.456298544506576,
0.491448949544139,0.526473514801231,0.561498080058323),.UNSPECIFIED.);
#329=B_SPLINE_CURVE_WITH_KNOTS('',3,(#8929,#8930,#8931,#8932,#8933,#8934),
 .UNSPECIFIED.,.F.,.F.,(4,1,1,4),(-5.5906817936473,-4.20121007538764,-2.81173835712799,
-0.727530779738508),.UNSPECIFIED.);
#330=B_SPLINE_CURVE_WITH_KNOTS('',3,(#8936,#8937,#8938,#8939,#8940,#8941,
#8942),.UNSPECIFIED.,.F.,.F.,(4,3,4),(0.,0.00114200727703438,0.00484412304571349),
 .UNSPECIFIED.);
#331=B_SPLINE_CURVE_WITH_KNOTS('',3,(#8943,#8944,#8945,#8946,#8947,#8948,
#8949,#8950,#8951,#8952,#8953,#8954,#8955,#8956,#8957,#8958,#8959,#8960,
#8961,#8962,#8963,#8964,#8965,#8966,#8967,#8968,#8969,#8970,#8971,#8972,
#8973,#8974,#8975,#8976,#8977,#8978,#8979,#8980,#8981,#8982,#8983,#8984,
#8985,#8986,#8987,#8988,#8989,#8990,#8991,#8992,#8993,#8994,#8995,#8996,
#8997),.UNSPECIFIED.,.F.,.F.,(4,3,3,3,3,3,3,3,3,3,3,3,3,3,3,3,3,3,4),(-0.0010891355018731,
0.,0.0216537062264137,0.0437226113122761,0.0660067194102916,0.0713210408557915,
0.0935606273299164,0.115847297811267,0.137744042033171,0.142407152893455,
0.164620858525286,0.170926020303618,0.192914637774896,0.215087482179242,
0.219004679638405,0.241105792057998,0.26328180317122,0.285042065421547,
0.295255760723989),.UNSPECIFIED.);
#332=B_SPLINE_CURVE_WITH_KNOTS('',3,(#9032,#9033,#9034,#9035),
 .UNSPECIFIED.,.F.,.F.,(4,4),(-0.0197249735023447,-1.06446761922261E-16),
 .UNSPECIFIED.);
#333=B_SPLINE_CURVE_WITH_KNOTS('',3,(#9063,#9064,#9065,#9066,#9067),
 .UNSPECIFIED.,.F.,.F.,(4,1,4),(-0.00507362951733805,-0.00217441265028774,
0.),.UNSPECIFIED.);
#334=B_SPLINE_CURVE_WITH_KNOTS('',3,(#9116,#9117,#9118,#9119,#9120),
 .UNSPECIFIED.,.F.,.F.,(4,1,4),(-0.154080575260944,-0.0660345322546912,
-1.49355164733588E-15),.UNSPECIFIED.);
#335=B_SPLINE_CURVE_WITH_KNOTS('',3,(#9153,#9154,#9155,#9156,#9157,#9158),
 .UNSPECIFIED.,.F.,.F.,(4,1,1,4),(-0.137175619412582,-0.0979825852947012,
-0.0587895511768207,0.),.UNSPECIFIED.);
#336=B_SPLINE_CURVE_WITH_KNOTS('',3,(#9204,#9205,#9206,#9207),
 .UNSPECIFIED.,.F.,.F.,(4,4),(0.,0.363631659220745),.UNSPECIFIED.);
#337=B_SPLINE_CURVE_WITH_KNOTS('',3,(#9235,#9236,#9237,#9238,#9239),
 .UNSPECIFIED.,.F.,.F.,(4,1,4),(0.,0.0535738822782499,0.1071477645565),
 .UNSPECIFIED.);
#338=B_SPLINE_CURVE_WITH_KNOTS('',3,(#9262,#9263,#9264,#9265),
 .UNSPECIFIED.,.F.,.F.,(4,4),(0.,0.46703922776087),.UNSPECIFIED.);
#339=B_SPLINE_CURVE_WITH_KNOTS('',3,(#9288,#9289,#9290,#9291),
 .UNSPECIFIED.,.F.,.F.,(4,4),(-1.09241672867398,0.),.UNSPECIFIED.);
#340=B_SPLINE_CURVE_WITH_KNOTS('',3,(#9319,#9320,#9321,#9322,#9323),
 .UNSPECIFIED.,.F.,.F.,(4,1,4),(-0.148431495528064,-0.0848179974446085,
-1.1847349940617E-15),.UNSPECIFIED.);
#341=B_SPLINE_CURVE_WITH_KNOTS('',3,(#9344,#9345,#9346,#9347),
 .UNSPECIFIED.,.F.,.F.,(4,4),(-1.90187401721601,-1.88657322730304),
 .UNSPECIFIED.);
#342=B_SPLINE_CURVE_WITH_KNOTS('',3,(#9362,#9363,#9364,#9365,#9366,#9367,
#9368,#9369,#9370,#9371,#9372,#9373),.UNSPECIFIED.,.F.,.F.,(4,2,2,2,2,4),
(0.737596842609176,0.747132454816192,0.839282912348102,0.931433369880012,
1.02631864425167,1.12120391862332),.UNSPECIFIED.);
#343=B_SPLINE_CURVE_WITH_KNOTS('',3,(#9377,#9378,#9379,#9380,#9381,#9382,
#9383,#9384,#9385,#9386),.UNSPECIFIED.,.F.,.F.,(4,2,2,2,4),(0.0476768945493083,
0.0514826055479718,0.102965211095944,0.155326779235396,0.207688347374848),
 .UNSPECIFIED.);
#344=B_SPLINE_CURVE_WITH_KNOTS('',3,(#9388,#9389,#9390,#9391,#9392,#9393,
#9394,#9395,#9396,#9397),.UNSPECIFIED.,.F.,.F.,(4,2,2,2,4),(0.76801539546078,
0.774642225933893,0.860537552606649,0.946962789671567,1.03338802673648),
 .UNSPECIFIED.);
#345=B_SPLINE_CURVE_WITH_KNOTS('',3,(#9401,#9402,#9403,#9404,#9405,#9406,
#9407,#9408,#9409,#9410),.UNSPECIFIED.,.F.,.F.,(4,2,2,2,4),(-0.34566159798573,
-0.258438291308639,-0.171214984631548,-0.0856074923157739,-0.0792894643087125),
 .UNSPECIFIED.);
#346=B_SPLINE_CURVE_WITH_KNOTS('',3,(#9412,#9413,#9414,#9415,#9416,#9417,
#9418,#9419,#9420,#9421),.UNSPECIFIED.,.F.,.F.,(4,2,2,2,4),(0.625762582826437,
0.678491557319305,0.731220531812172,0.78268388891929,0.786448932044402),
 .UNSPECIFIED.);
#347=B_SPLINE_CURVE_WITH_KNOTS('',3,(#9424,#9425,#9426,#9427,#9428,#9429,
#9430,#9431,#9432,#9433,#9434,#9435,#9436),.UNSPECIFIED.,.F.,.F.,(4,2,2,
2,3,4),(-0.374147293252783,-0.279222604368342,-0.1842979154839,-0.0921489577419501,
0.,0.00953564295897406),.UNSPECIFIED.);
#348=B_SPLINE_CURVE_WITH_KNOTS('',3,(#9441,#9442,#9443,#9444,#9445,#9446,
#9447,#9448,#9449,#9450),.UNSPECIFIED.,.F.,.F.,(4,2,2,2,4),(0.509820576198792,
0.562984362823636,0.655133530578256,0.747282698332877,0.756818347453714),
 .UNSPECIFIED.);
#349=B_SPLINE_CURVE_WITH_KNOTS('',3,(#9456,#9457,#9458,#9459,#9460,#9461),
 .UNSPECIFIED.,.F.,.F.,(4,2,4),(0.135603481985854,0.155672908487482,0.208421238041525),
 .UNSPECIFIED.);
#350=B_SPLINE_CURVE_WITH_KNOTS('',3,(#9474,#9475,#9476,#9477,#9478,#9479,
#9480,#9481,#9482,#9483,#9484,#9485,#9486),.UNSPECIFIED.,.F.,.F.,(4,3,2,
2,2,4),(-0.00953568041738578,0.,0.0921476459435826,0.184295291887165,0.279263787188222,
0.374232282489279),.UNSPECIFIED.);
#351=B_SPLINE_SURFACE_WITH_KNOTS('',3,3,((#4705,#4706,#4707,#4708),(#4709,
#4710,#4711,#4712),(#4713,#4714,#4715,#4716),(#4717,#4718,#4719,#4720),
(#4721,#4722,#4723,#4724)),.UNSPECIFIED.,.F.,.F.,.F.,(4,1,4),(4,4),(0.,
0.5,1.),(0.,0.00638893149904993),.UNSPECIFIED.);
#352=B_SPLINE_SURFACE_WITH_KNOTS('',3,3,((#4739,#4740,#4741,#4742),(#4743,
#4744,#4745,#4746),(#4747,#4748,#4749,#4750),(#4751,#4752,#4753,#4754)),
 .UNSPECIFIED.,.F.,.F.,.F.,(4,4),(4,4),(0.,1.),(-7.16841972942614E-5,0.00789465485755642),
 .UNSPECIFIED.);
#353=B_SPLINE_SURFACE_WITH_KNOTS('',3,3,((#4764,#4765,#4766,#4767),(#4768,
#4769,#4770,#4771),(#4772,#4773,#4774,#4775),(#4776,#4777,#4778,#4779),
(#4780,#4781,#4782,#4783),(#4784,#4785,#4786,#4787)),.UNSPECIFIED.,.F.,
 .F.,.F.,(4,1,1,4),(4,4),(0.,0.285714285714286,0.571428571428571,1.),(0.799133757133311,
0.864423261466221),.UNSPECIFIED.);
#354=B_SPLINE_SURFACE_WITH_KNOTS('',3,3,((#4799,#4800,#4801,#4802),(#4803,
#4804,#4805,#4806),(#4807,#4808,#4809,#4810),(#4811,#4812,#4813,#4814),
(#4815,#4816,#4817,#4818),(#4819,#4820,#4821,#4822)),.UNSPECIFIED.,.F.,
 .F.,.F.,(4,1,1,4),(4,4),(0.,0.285714285714286,0.571428571428571,1.),(0.261256922389685,
0.326327181637117),.UNSPECIFIED.);
#355=B_SPLINE_SURFACE_WITH_KNOTS('',3,3,((#4875,#4876,#4877,#4878),(#4879,
#4880,#4881,#4882),(#4883,#4884,#4885,#4886),(#4887,#4888,#4889,#4890),
(#4891,#4892,#4893,#4894),(#4895,#4896,#4897,#4898)),.UNSPECIFIED.,.F.,
 .F.,.F.,(4,1,1,4),(4,4),(0.,0.285714285714286,0.571428571428571,1.),(0.201787745163927,
0.260999786876116),.UNSPECIFIED.);
#356=B_SPLINE_SURFACE_WITH_KNOTS('',3,3,((#5040,#5041,#5042,#5043),(#5044,
#5045,#5046,#5047),(#5048,#5049,#5050,#5051),(#5052,#5053,#5054,#5055),
(#5056,#5057,#5058,#5059)),.UNSPECIFIED.,.F.,.F.,.F.,(4,1,4),(4,4),(0.,
0.571428571428571,1.),(8.69714300125528E-13,0.00555242263018305),
 .UNSPECIFIED.);
#357=B_SPLINE_SURFACE_WITH_KNOTS('',3,3,((#5068,#5069,#5070,#5071),(#5072,
#5073,#5074,#5075),(#5076,#5077,#5078,#5079),(#5080,#5081,#5082,#5083)),
 .UNSPECIFIED.,.F.,.F.,.F.,(4,4),(4,4),(0.,1.),(-0.00627058718279557,0.),
 .UNSPECIFIED.);
#358=B_SPLINE_SURFACE_WITH_KNOTS('',3,3,((#5095,#5096,#5097,#5098),(#5099,
#5100,#5101,#5102),(#5103,#5104,#5105,#5106),(#5107,#5108,#5109,#5110),
(#5111,#5112,#5113,#5114)),.UNSPECIFIED.,.F.,.F.,.F.,(4,1,4),(4,4),(0.,
0.5,1.),(0.193799390125579,0.24945867038888),.UNSPECIFIED.);
#359=B_SPLINE_SURFACE_WITH_KNOTS('',3,3,((#5126,#5127,#5128,#5129),(#5130,
#5131,#5132,#5133),(#5134,#5135,#5136,#5137),(#5138,#5139,#5140,#5141),
(#5142,#5143,#5144,#5145)),.UNSPECIFIED.,.F.,.F.,.F.,(4,1,4),(4,4),(0.,
0.5,1.),(0.249458505814301,0.27264958171806),.UNSPECIFIED.);
#360=B_SPLINE_SURFACE_WITH_KNOTS('',3,3,((#5174,#5175,#5176,#5177,#5178),
(#5179,#5180,#5181,#5182,#5183),(#5184,#5185,#5186,#5187,#5188),(#5189,
#5190,#5191,#5192,#5193),(#5194,#5195,#5196,#5197,#5198),(#5199,#5200,#5201,
#5202,#5203)),.UNSPECIFIED.,.F.,.F.,.F.,(4,1,1,4),(4,1,4),(0.,0.285714285714286,
0.571428571428571,1.),(0.,0.0639365481394771,0.127873096278954),
 .UNSPECIFIED.);
#361=B_SPLINE_SURFACE_WITH_KNOTS('',3,3,((#5232,#5233,#5234,#5235),(#5236,
#5237,#5238,#5239),(#5240,#5241,#5242,#5243),(#5244,#5245,#5246,#5247),
(#5248,#5249,#5250,#5251)),.UNSPECIFIED.,.F.,.F.,.F.,(4,1,4),(4,4),(0.,
0.5,1.),(0.,0.0215245832339727),.UNSPECIFIED.);
#362=B_SPLINE_SURFACE_WITH_KNOTS('',3,3,((#5266,#5267,#5268,#5269,#5270,
#5271),(#5272,#5273,#5274,#5275,#5276,#5277),(#5278,#5279,#5280,#5281,#5282,
#5283),(#5284,#5285,#5286,#5287,#5288,#5289)),.UNSPECIFIED.,.F.,.F.,.F.,
(4,4),(4,2,4),(0.,1.),(-0.0287687070146081,-0.0285234995036349,0.),
 .UNSPECIFIED.);
#363=B_SPLINE_SURFACE_WITH_KNOTS('',3,3,((#5309,#5310,#5311,#5312),(#5313,
#5314,#5315,#5316),(#5317,#5318,#5319,#5320),(#5321,#5322,#5323,#5324),
(#5325,#5326,#5327,#5328),(#5329,#5330,#5331,#5332)),.UNSPECIFIED.,.F.,
 .F.,.F.,(4,1,1,4),(4,4),(0.,0.285714285714286,0.571428571428571,1.),(0.129415154759788,
0.205905396456713),.UNSPECIFIED.);
#364=B_SPLINE_SURFACE_WITH_KNOTS('',3,3,((#5344,#5345,#5346,#5347),(#5348,
#5349,#5350,#5351),(#5352,#5353,#5354,#5355),(#5356,#5357,#5358,#5359),
(#5360,#5361,#5362,#5363),(#5364,#5365,#5366,#5367)),.UNSPECIFIED.,.F.,
 .F.,.F.,(4,1,1,4),(4,4),(0.,0.285714285714286,0.571428571428571,1.),(0.205905379210195,
0.257001982865261),.UNSPECIFIED.);
#365=B_SPLINE_SURFACE_WITH_KNOTS('',3,3,((#5408,#5409,#5410,#5411),(#5412,
#5413,#5414,#5415),(#5416,#5417,#5418,#5419),(#5420,#5421,#5422,#5423),
(#5424,#5425,#5426,#5427)),.UNSPECIFIED.,.F.,.F.,.F.,(4,1,4),(4,4),(0.,
0.5,1.),(0.,0.0411624322804745),.UNSPECIFIED.);
#366=B_SPLINE_SURFACE_WITH_KNOTS('',3,3,((#5451,#5452,#5453,#5454,#5455),
(#5456,#5457,#5458,#5459,#5460),(#5461,#5462,#5463,#5464,#5465),(#5466,
#5467,#5468,#5469,#5470),(#5471,#5472,#5473,#5474,#5475)),.UNSPECIFIED.,
 .F.,.F.,.F.,(4,1,4),(4,1,4),(0.,0.5,1.),(0.,0.0118716558910631,0.0277005304124806),
 .UNSPECIFIED.);
#367=B_SPLINE_SURFACE_WITH_KNOTS('',3,3,((#5491,#5492,#5493,#5494,#5495,
#5496),(#5497,#5498,#5499,#5500,#5501,#5502),(#5503,#5504,#5505,#5506,#5507,
#5508),(#5509,#5510,#5511,#5512,#5513,#5514)),.UNSPECIFIED.,.F.,.F.,.F.,
(4,4),(4,2,4),(0.,1.),(-0.000199397183028713,0.,0.0207181987682491),
 .UNSPECIFIED.);
#368=B_SPLINE_SURFACE_WITH_KNOTS('',3,3,((#5528,#5529,#5530,#5531),(#5532,
#5533,#5534,#5535),(#5536,#5537,#5538,#5539),(#5540,#5541,#5542,#5543),
(#5544,#5545,#5546,#5547)),.UNSPECIFIED.,.F.,.F.,.F.,(4,1,4),(4,4),(0.,
0.5,1.),(0.75598385471322,0.846260133922036),.UNSPECIFIED.);
#369=B_SPLINE_SURFACE_WITH_KNOTS('',3,3,((#5554,#5555,#5556,#5557),(#5558,
#5559,#5560,#5561),(#5562,#5563,#5564,#5565),(#5566,#5567,#5568,#5569),
(#5570,#5571,#5572,#5573)),.UNSPECIFIED.,.F.,.F.,.F.,(4,1,4),(4,4),(0.,
0.5,1.),(-9.34637922611614E-11,0.0252583476653614),.UNSPECIFIED.);
#370=B_SPLINE_SURFACE_WITH_KNOTS('',3,3,((#5602,#5603,#5604,#5605),(#5606,
#5607,#5608,#5609),(#5610,#5611,#5612,#5613),(#5614,#5615,#5616,#5617),
(#5618,#5619,#5620,#5621)),.UNSPECIFIED.,.F.,.F.,.F.,(4,1,4),(4,4),(0.,
0.5,1.),(0.132925899917887,0.197835663526743),.UNSPECIFIED.);
#371=B_SPLINE_SURFACE_WITH_KNOTS('',3,3,((#5718,#5719,#5720,#5721),(#5722,
#5723,#5724,#5725),(#5726,#5727,#5728,#5729),(#5730,#5731,#5732,#5733),
(#5734,#5735,#5736,#5737),(#5738,#5739,#5740,#5741)),.UNSPECIFIED.,.F.,
 .F.,.F.,(4,1,1,4),(4,4),(0.,0.285714285714286,0.571428571428571,1.),(0.,
0.234028458917997),.UNSPECIFIED.);
#372=B_SPLINE_SURFACE_WITH_KNOTS('',3,3,((#5772,#5773,#5774,#5775),(#5776,
#5777,#5778,#5779),(#5780,#5781,#5782,#5783),(#5784,#5785,#5786,#5787),
(#5788,#5789,#5790,#5791),(#5792,#5793,#5794,#5795)),.UNSPECIFIED.,.F.,
 .F.,.F.,(4,1,1,4),(4,4),(0.,0.285714285714286,0.571428571428571,1.),(0.,
0.0159094766382554),.UNSPECIFIED.);
#373=B_SPLINE_SURFACE_WITH_KNOTS('',3,3,((#5816,#5817,#5818,#5819),(#5820,
#5821,#5822,#5823),(#5824,#5825,#5826,#5827),(#5828,#5829,#5830,#5831)),
 .UNSPECIFIED.,.F.,.F.,.F.,(4,4),(4,4),(0.,0.956266135609912),(0.912621159129587,
1.1171143563642),.UNSPECIFIED.);
#374=B_SPLINE_SURFACE_WITH_KNOTS('',3,3,((#5833,#5834,#5835,#5836,#5837),
(#5838,#5839,#5840,#5841,#5842),(#5843,#5844,#5845,#5846,#5847),(#5848,
#5849,#5850,#5851,#5852),(#5853,#5854,#5855,#5856,#5857)),.UNSPECIFIED.,
 .F.,.F.,.F.,(4,1,4),(4,1,4),(0.,0.5,1.),(1.88906691438112E-14,0.191267783105308,
0.446291493912359),.UNSPECIFIED.);
#375=B_SPLINE_SURFACE_WITH_KNOTS('',3,3,((#5903,#5904,#5905,#5906),(#5907,
#5908,#5909,#5910),(#5911,#5912,#5913,#5914),(#5915,#5916,#5917,#5918),
(#5919,#5920,#5921,#5922),(#5923,#5924,#5925,#5926),(#5927,#5928,#5929,
#5930)),.UNSPECIFIED.,.F.,.F.,.F.,(4,1,1,1,4),(4,4),(0.,0.285714285714286,
0.571428571428571,0.857142857142857,1.),(3.40333882344498E-14,0.189439784792534),
 .UNSPECIFIED.);
#376=B_SPLINE_SURFACE_WITH_KNOTS('',3,3,((#5955,#5956,#5957,#5958,#5959),
(#5960,#5961,#5962,#5963,#5964),(#5965,#5966,#5967,#5968,#5969),(#5970,
#5971,#5972,#5973,#5974)),.UNSPECIFIED.,.F.,.F.,.F.,(4,4),(4,1,4),(0.,1.),
(2.26170071202226E-14,0.21191141580232,0.494459970205383),.UNSPECIFIED.);
#377=B_SPLINE_SURFACE_WITH_KNOTS('',3,3,((#6017,#6018,#6019,#6020,#6021),
(#6022,#6023,#6024,#6025,#6026),(#6027,#6028,#6029,#6030,#6031),(#6032,
#6033,#6034,#6035,#6036),(#6037,#6038,#6039,#6040,#6041),(#6042,#6043,#6044,
#6045,#6046)),.UNSPECIFIED.,.F.,.F.,.F.,(4,1,1,4),(4,1,4),(0.,0.285714285714286,
0.571428571428571,1.),(0.,0.182740755977827,0.319796322961198),
 .UNSPECIFIED.);
#378=B_SPLINE_SURFACE_WITH_KNOTS('',3,3,((#6058,#6059,#6060,#6061),(#6062,
#6063,#6064,#6065),(#6066,#6067,#6068,#6069),(#6070,#6071,#6072,#6073),
(#6074,#6075,#6076,#6077),(#6078,#6079,#6080,#6081)),.UNSPECIFIED.,.F.,
 .F.,.F.,(4,1,1,4),(4,4),(0.,0.285714285714286,0.571428571428571,1.),(0.,
0.00151576983027974),.UNSPECIFIED.);
#379=B_SPLINE_SURFACE_WITH_KNOTS('',3,3,((#6116,#6117,#6118,#6119,#6120),
(#6121,#6122,#6123,#6124,#6125),(#6126,#6127,#6128,#6129,#6130),(#6131,
#6132,#6133,#6134,#6135),(#6136,#6137,#6138,#6139,#6140)),.UNSPECIFIED.,
 .F.,.F.,.F.,(4,1,4),(4,1,4),(0.,0.571428571428571,1.),(0.,0.141013380496002,
0.329031221157339),.UNSPECIFIED.);
#380=B_SPLINE_SURFACE_WITH_KNOTS('',3,3,((#6150,#6151,#6152,#6153),(#6154,
#6155,#6156,#6157),(#6158,#6159,#6160,#6161),(#6162,#6163,#6164,#6165)),
 .UNSPECIFIED.,.F.,.F.,.F.,(4,4),(4,4),(0.,0.99720707082744),(0.,0.285433089272746),
 .UNSPECIFIED.);
#381=B_SPLINE_SURFACE_WITH_KNOTS('',3,3,((#6172,#6173,#6174,#6175),(#6176,
#6177,#6178,#6179),(#6180,#6181,#6182,#6183),(#6184,#6185,#6186,#6187),
(#6188,#6189,#6190,#6191),(#6192,#6193,#6194,#6195)),.UNSPECIFIED.,.F.,
 .F.,.F.,(4,1,1,4),(4,4),(0.,0.285714285714286,0.571428571428571,1.),(0.,
0.182599213887866),.UNSPECIFIED.);
#382=B_SPLINE_SURFACE_WITH_KNOTS('',3,3,((#6246,#6247,#6248,#6249,#6250),
(#6251,#6252,#6253,#6254,#6255),(#6256,#6257,#6258,#6259,#6260),(#6261,
#6262,#6263,#6264,#6265)),.UNSPECIFIED.,.F.,.F.,.F.,(4,4),(4,1,4),(0.,1.),
(0.683716871939389,0.902695399217974,1.19466676892275),.UNSPECIFIED.);
#383=B_SPLINE_SURFACE_WITH_KNOTS('',3,3,((#6278,#6279,#6280,#6281,#6282,
#6283,#6284,#6285,#6286,#6287),(#6288,#6289,#6290,#6291,#6292,#6293,#6294,
#6295,#6296,#6297),(#6298,#6299,#6300,#6301,#6302,#6303,#6304,#6305,#6306,
#6307),(#6308,#6309,#6310,#6311,#6312,#6313,#6314,#6315,#6316,#6317)),
 .UNSPECIFIED.,.F.,.F.,.F.,(4,4),(4,2,2,2,4),(0.,1.),(0.00621909563215726,
0.0464424891807164,0.0887536410504188,0.112358582690275,0.136600237741483),
 .UNSPECIFIED.);
#384=B_SPLINE_SURFACE_WITH_KNOTS('',3,3,((#6332,#6333,#6334,#6335),(#6336,
#6337,#6338,#6339),(#6340,#6341,#6342,#6343),(#6344,#6345,#6346,#6347)),
 .UNSPECIFIED.,.F.,.F.,.F.,(4,4),(4,4),(0.,1.),(-0.00621909563215529,0.),
 .UNSPECIFIED.);
#385=B_SPLINE_SURFACE_WITH_KNOTS('',3,3,((#6354,#6355,#6356,#6357),(#6358,
#6359,#6360,#6361),(#6362,#6363,#6364,#6365),(#6366,#6367,#6368,#6369)),
 .UNSPECIFIED.,.F.,.F.,.F.,(4,4),(4,4),(0.,1.),(-2.75593358174644,-2.60496899648059),
 .UNSPECIFIED.);
#386=B_SPLINE_SURFACE_WITH_KNOTS('',3,3,((#6374,#6375,#6376,#6377),(#6378,
#6379,#6380,#6381),(#6382,#6383,#6384,#6385),(#6386,#6387,#6388,#6389)),
 .UNSPECIFIED.,.F.,.F.,.F.,(4,4),(4,4),(0.,1.),(-3.2634152519752,-3.14346737859212),
 .UNSPECIFIED.);
#387=B_SPLINE_SURFACE_WITH_KNOTS('',3,3,((#6394,#6395,#6396,#6397,#6398,
#6399,#6400),(#6401,#6402,#6403,#6404,#6405,#6406,#6407),(#6408,#6409,#6410,
#6411,#6412,#6413,#6414),(#6415,#6416,#6417,#6418,#6419,#6420,#6421),(#6422,
#6423,#6424,#6425,#6426,#6427,#6428),(#6429,#6430,#6431,#6432,#6433,#6434,
#6435)),.UNSPECIFIED.,.F.,.F.,.F.,(4,1,1,4),(4,1,1,1,4),(0.,0.285714285714286,
0.571428571428571,1.),(1.68216178758789E-15,0.150751422315638,0.226127133473456,
0.376878555789092,0.527629978104728),.UNSPECIFIED.);
#388=B_SPLINE_SURFACE_WITH_KNOTS('',3,3,((#6445,#6446,#6447,#6448,#6449,
#6450,#6451,#6452,#6453,#6454,#6455,#6456,#6457,#6458,#6459,#6460),(#6461,
#6462,#6463,#6464,#6465,#6466,#6467,#6468,#6469,#6470,#6471,#6472,#6473,
#6474,#6475,#6476),(#6477,#6478,#6479,#6480,#6481,#6482,#6483,#6484,#6485,
#6486,#6487,#6488,#6489,#6490,#6491,#6492),(#6493,#6494,#6495,#6496,#6497,
#6498,#6499,#6500,#6501,#6502,#6503,#6504,#6505,#6506,#6507,#6508)),
 .UNSPECIFIED.,.F.,.F.,.F.,(4,4),(4,2,2,2,2,2,2,4),(0.,1.),(0.0134532462877625,
0.0770831419049712,0.105365048189779,0.122934473337485,0.138565642715608,
0.157657258709997,0.192364705088875,0.216716861133451),.UNSPECIFIED.);
#389=B_SPLINE_SURFACE_WITH_KNOTS('',3,3,((#6529,#6530,#6531,#6532),(#6533,
#6534,#6535,#6536),(#6537,#6538,#6539,#6540),(#6541,#6542,#6543,#6544)),
 .UNSPECIFIED.,.F.,.F.,.F.,(4,4),(4,4),(0.,1.),(-0.0134532462877625,0.),
 .UNSPECIFIED.);
#390=B_SPLINE_SURFACE_WITH_KNOTS('',3,3,((#6551,#6552,#6553,#6554),(#6555,
#6556,#6557,#6558),(#6559,#6560,#6561,#6562),(#6563,#6564,#6565,#6566)),
 .UNSPECIFIED.,.F.,.F.,.F.,(4,4),(4,4),(0.,1.),(-6.10767779545569,-6.03007970140821),
 .UNSPECIFIED.);
#391=B_SPLINE_SURFACE_WITH_KNOTS('',3,3,((#6571,#6572,#6573,#6574),(#6575,
#6576,#6577,#6578),(#6579,#6580,#6581,#6582),(#6583,#6584,#6585,#6586)),
 .UNSPECIFIED.,.F.,.F.,.F.,(4,4),(4,4),(0.,1.),(-6.91497921581711,-6.80318185353333),
 .UNSPECIFIED.);
#392=B_SPLINE_SURFACE_WITH_KNOTS('',3,3,((#6593,#6594,#6595,#6596,#6597,
#6598),(#6599,#6600,#6601,#6602,#6603,#6604),(#6605,#6606,#6607,#6608,#6609,
#6610),(#6611,#6612,#6613,#6614,#6615,#6616)),.UNSPECIFIED.,.F.,.F.,.F.,
(4,4),(4,2,4),(0.,1.),(-2.66756585554578E-15,0.0160222887338063,0.0215475928006768),
 .UNSPECIFIED.);
#393=B_SPLINE_SURFACE_WITH_KNOTS('',3,3,((#6627,#6628,#6629,#6630),(#6631,
#6632,#6633,#6634),(#6635,#6636,#6637,#6638),(#6639,#6640,#6641,#6642)),
 .UNSPECIFIED.,.F.,.F.,.F.,(4,4),(4,4),(0.,1.),(-0.0321208752610459,-0.0215475928006418),
 .UNSPECIFIED.);
#394=B_SPLINE_SURFACE_WITH_KNOTS('',3,3,((#6647,#6648,#6649,#6650),(#6651,
#6652,#6653,#6654),(#6655,#6656,#6657,#6658),(#6659,#6660,#6661,#6662)),
 .UNSPECIFIED.,.F.,.F.,.F.,(4,4),(4,4),(0.,1.),(-0.227913671692344,-0.216716861133449),
 .UNSPECIFIED.);
#395=B_SPLINE_SURFACE_WITH_KNOTS('',3,3,((#6667,#6668,#6669,#6670),(#6671,
#6672,#6673,#6674),(#6675,#6676,#6677,#6678),(#6679,#6680,#6681,#6682),
(#6683,#6684,#6685,#6686)),.UNSPECIFIED.,.F.,.F.,.F.,(4,1,4),(4,4),(0.,
0.571428571428571,1.),(0.,0.278533154198217),.UNSPECIFIED.);
#396=B_SPLINE_SURFACE_WITH_KNOTS('',3,3,((#6693,#6694,#6695,#6696,#6697,
#6698),(#6699,#6700,#6701,#6702,#6703,#6704),(#6705,#6706,#6707,#6708,#6709,
#6710),(#6711,#6712,#6713,#6714,#6715,#6716),(#6717,#6718,#6719,#6720,#6721,
#6722)),.UNSPECIFIED.,.F.,.F.,.F.,(4,1,4),(4,1,1,4),(0.,0.383177253991379,
0.894080259313218),(0.,0.147360398478357,0.245600664130595,0.343840929782833),
 .UNSPECIFIED.);
#397=B_SPLINE_SURFACE_WITH_KNOTS('',3,3,((#6731,#6732,#6733,#6734),(#6735,
#6736,#6737,#6738),(#6739,#6740,#6741,#6742),(#6743,#6744,#6745,#6746),
(#6747,#6748,#6749,#6750)),.UNSPECIFIED.,.F.,.F.,.F.,(4,1,4),(4,4),(0.,
0.385866570039167,0.90035533009139),(3.69939619373036E-16,0.041440415758561),
 .UNSPECIFIED.);
#398=B_SPLINE_SURFACE_WITH_KNOTS('',3,3,((#6757,#6758,#6759,#6760,#6761,
#6762,#6763,#6764,#6765),(#6766,#6767,#6768,#6769,#6770,#6771,#6772,#6773,
#6774),(#6775,#6776,#6777,#6778,#6779,#6780,#6781,#6782,#6783),(#6784,#6785,
#6786,#6787,#6788,#6789,#6790,#6791,#6792),(#6793,#6794,#6795,#6796,#6797,
#6798,#6799,#6800,#6801)),.UNSPECIFIED.,.F.,.F.,.F.,(4,1,4),(4,1,1,1,1,
1,4),(0.,0.571428571428571,1.),(0.0414412281981506,0.24839508283636,0.66230279211278,
0.869256646750989,1.0762105013892,1.28316435602741,1.49011821066562),
 .UNSPECIFIED.);
#399=B_SPLINE_SURFACE_WITH_KNOTS('',3,3,((#6813,#6814,#6815,#6816),(#6817,
#6818,#6819,#6820),(#6821,#6822,#6823,#6824),(#6825,#6826,#6827,#6828),
(#6829,#6830,#6831,#6832)),.UNSPECIFIED.,.F.,.F.,.F.,(4,1,4),(4,4),(0.,
0.571428571428571,1.),(0.,0.025219556308254),.UNSPECIFIED.);
#400=B_SPLINE_SURFACE_WITH_KNOTS('',3,3,((#6839,#6840,#6841,#6842),(#6843,
#6844,#6845,#6846),(#6847,#6848,#6849,#6850),(#6851,#6852,#6853,#6854),
(#6855,#6856,#6857,#6858)),.UNSPECIFIED.,.F.,.F.,.F.,(4,1,4),(4,4),(0.,
0.571428571428571,1.),(9.10730424631698E-16,0.258217643590539),
 .UNSPECIFIED.);
#401=B_SPLINE_SURFACE_WITH_KNOTS('',3,3,((#6863,#6864,#6865,#6866),(#6867,
#6868,#6869,#6870),(#6871,#6872,#6873,#6874),(#6875,#6876,#6877,#6878),
(#6879,#6880,#6881,#6882)),.UNSPECIFIED.,.F.,.F.,.F.,(4,1,4),(4,4),(0.,
0.571428571428571,1.),(0.881479211309843,2.69266970937445),
 .UNSPECIFIED.);
#402=B_SPLINE_SURFACE_WITH_KNOTS('',3,3,((#7020,#7021,#7022,#7023),(#7024,
#7025,#7026,#7027),(#7028,#7029,#7030,#7031),(#7032,#7033,#7034,#7035)),
 .UNSPECIFIED.,.F.,.F.,.F.,(4,4),(4,4),(0.,0.0413509479794645),(0.,0.00475692012855275),
 .UNSPECIFIED.);
#403=B_SPLINE_SURFACE_WITH_KNOTS('',3,3,((#7037,#7038,#7039,#7040,#7041,
#7042,#7043),(#7044,#7045,#7046,#7047,#7048,#7049,#7050),(#7051,#7052,#7053,
#7054,#7055,#7056,#7057),(#7058,#7059,#7060,#7061,#7062,#7063,#7064),(#7065,
#7066,#7067,#7068,#7069,#7070,#7071)),.UNSPECIFIED.,.F.,.F.,.F.,(4,1,4),
(4,1,1,1,4),(0.,0.571428571428571,1.),(0.,0.394646198104936,0.789292396209871,
1.18393859431481,1.38126169336727),.UNSPECIFIED.);
#404=B_SPLINE_SURFACE_WITH_KNOTS('',3,3,((#7081,#7082,#7083,#7084),(#7085,
#7086,#7087,#7088),(#7089,#7090,#7091,#7092),(#7093,#7094,#7095,#7096),
(#7097,#7098,#7099,#7100)),.UNSPECIFIED.,.F.,.F.,.F.,(4,1,4),(4,4),(0.,
0.5,1.),(0.,0.154342017558321),.UNSPECIFIED.);
#405=B_SPLINE_SURFACE_WITH_KNOTS('',3,3,((#7105,#7106,#7107,#7108),(#7109,
#7110,#7111,#7112),(#7113,#7114,#7115,#7116),(#7117,#7118,#7119,#7120),
(#7121,#7122,#7123,#7124)),.UNSPECIFIED.,.F.,.F.,.F.,(4,1,4),(4,4),(0.,
0.571428571428571,1.),(0.245515165521982,0.492886819889168),
 .UNSPECIFIED.);
#406=B_SPLINE_SURFACE_WITH_KNOTS('',3,3,((#7145,#7146,#7147,#7148,#7149,
#7150),(#7151,#7152,#7153,#7154,#7155,#7156),(#7157,#7158,#7159,#7160,#7161,
#7162),(#7163,#7164,#7165,#7166,#7167,#7168)),.UNSPECIFIED.,.F.,.F.,.F.,
(4,4),(4,1,1,4),(0.,1.),(2.58750855878045,3.33172733190474,3.82787318065426,
4.32401902940379),.UNSPECIFIED.);
#407=B_SPLINE_SURFACE_WITH_KNOTS('',3,3,((#7188,#7189,#7190,#7191),(#7192,
#7193,#7194,#7195),(#7196,#7197,#7198,#7199),(#7200,#7201,#7202,#7203),
(#7204,#7205,#7206,#7207)),.UNSPECIFIED.,.F.,.F.,.F.,(4,1,4),(4,4),(0.,
0.5,1.),(-0.948100764750112,-0.842783677337874),.UNSPECIFIED.);
#408=B_SPLINE_SURFACE_WITH_KNOTS('',3,3,((#7211,#7212,#7213,#7214),(#7215,
#7216,#7217,#7218),(#7219,#7220,#7221,#7222),(#7223,#7224,#7225,#7226),
(#7227,#7228,#7229,#7230)),.UNSPECIFIED.,.F.,.F.,.F.,(4,1,4),(4,4),(0.,
0.5,1.),(1.17428898685407,1.28312445296746),.UNSPECIFIED.);
#409=B_SPLINE_SURFACE_WITH_KNOTS('',3,3,((#7234,#7235,#7236,#7237,#7238),
(#7239,#7240,#7241,#7242,#7243),(#7244,#7245,#7246,#7247,#7248),(#7249,
#7250,#7251,#7252,#7253),(#7254,#7255,#7256,#7257,#7258)),.UNSPECIFIED.,
 .F.,.F.,.F.,(4,1,4),(4,1,4),(0.,0.5,1.),(5.8389192197302E-15,0.0080497746049489,
0.016099549209892),.UNSPECIFIED.);
#410=B_SPLINE_SURFACE_WITH_KNOTS('',3,3,((#7266,#7267,#7268,#7269),(#7270,
#7271,#7272,#7273),(#7274,#7275,#7276,#7277),(#7278,#7279,#7280,#7281),
(#7282,#7283,#7284,#7285)),.UNSPECIFIED.,.F.,.F.,.F.,(4,1,4),(4,4),(0.,
0.571428571428571,1.),(0.,0.0492838099086943),.UNSPECIFIED.);
#411=B_SPLINE_SURFACE_WITH_KNOTS('',3,3,((#7292,#7293,#7294,#7295,#7296,
#7297,#7298,#7299,#7300),(#7301,#7302,#7303,#7304,#7305,#7306,#7307,#7308,
#7309),(#7310,#7311,#7312,#7313,#7314,#7315,#7316,#7317,#7318),(#7319,#7320,
#7321,#7322,#7323,#7324,#7325,#7326,#7327),(#7328,#7329,#7330,#7331,#7332,
#7333,#7334,#7335,#7336)),.UNSPECIFIED.,.F.,.F.,.F.,(4,1,4),(4,1,1,1,1,
1,4),(0.,0.5,1.),(0.,0.0762105352092477,0.152421070418495,0.203228093891327,
0.254035117364159,0.304842140836991,0.355649164309823),.UNSPECIFIED.);
#412=B_SPLINE_SURFACE_WITH_KNOTS('',3,3,((#7348,#7349,#7350,#7351,#7352,
#7353),(#7354,#7355,#7356,#7357,#7358,#7359),(#7360,#7361,#7362,#7363,#7364,
#7365),(#7366,#7367,#7368,#7369,#7370,#7371),(#7372,#7373,#7374,#7375,#7376,
#7377)),.UNSPECIFIED.,.F.,.F.,.F.,(4,1,4),(4,1,1,4),(0.,0.5,1.),(0.,0.304301322405354,
0.507168870675591,0.710036418945827),.UNSPECIFIED.);
#413=B_SPLINE_SURFACE_WITH_KNOTS('',3,3,((#7386,#7387,#7388,#7389,#7390),
(#7391,#7392,#7393,#7394,#7395),(#7396,#7397,#7398,#7399,#7400),(#7401,
#7402,#7403,#7404,#7405),(#7406,#7407,#7408,#7409,#7410)),.UNSPECIFIED.,
 .F.,.F.,.F.,(4,1,4),(4,1,4),(0.,0.571428571428571,1.),(1.25001350822719E-15,
0.0520505387220149,0.104101077444029),.UNSPECIFIED.);
#414=B_SPLINE_SURFACE_WITH_KNOTS('',3,3,((#7418,#7419,#7420,#7421,#7422),
(#7423,#7424,#7425,#7426,#7427),(#7428,#7429,#7430,#7431,#7432),(#7433,
#7434,#7435,#7436,#7437),(#7438,#7439,#7440,#7441,#7442)),.UNSPECIFIED.,
 .F.,.F.,.F.,(4,1,4),(4,1,4),(0.,0.5,1.),(0.,0.0134840919735369,0.0314628812715861),
 .UNSPECIFIED.);
#415=B_SPLINE_SURFACE_WITH_KNOTS('',3,3,((#7448,#7449,#7450,#7451,#7452,
#7453),(#7454,#7455,#7456,#7457,#7458,#7459),(#7460,#7461,#7462,#7463,#7464,
#7465),(#7466,#7467,#7468,#7469,#7470,#7471),(#7472,#7473,#7474,#7475,#7476,
#7477)),.UNSPECIFIED.,.F.,.F.,.F.,(4,1,4),(4,1,1,4),(0.,0.5,1.),(0.0107039991097119,
0.14816478422095,0.18252998049876,0.251260373054379),.UNSPECIFIED.);
#416=B_SPLINE_SURFACE_WITH_KNOTS('',3,3,((#7529,#7530,#7531,#7532),(#7533,
#7534,#7535,#7536),(#7537,#7538,#7539,#7540),(#7541,#7542,#7543,#7544)),
 .UNSPECIFIED.,.F.,.F.,.F.,(4,4),(4,4),(0.,0.784565475111071),(0.999228060658087,
1.1932231086696),.UNSPECIFIED.);
#417=B_SPLINE_SURFACE_WITH_KNOTS('',3,3,((#7618,#7619,#7620,#7621),(#7622,
#7623,#7624,#7625),(#7626,#7627,#7628,#7629),(#7630,#7631,#7632,#7633),
(#7634,#7635,#7636,#7637)),.UNSPECIFIED.,.F.,.F.,.F.,(4,1,4),(4,4),(0.,
0.5,1.),(1.29297980274359E-13,0.00485485758466571),.UNSPECIFIED.);
#418=B_SPLINE_SURFACE_WITH_KNOTS('',3,3,((#7651,#7652,#7653,#7654,#7655),
(#7656,#7657,#7658,#7659,#7660),(#7661,#7662,#7663,#7664,#7665),(#7666,
#7667,#7668,#7669,#7670)),.UNSPECIFIED.,.F.,.F.,.F.,(4,4),(4,1,4),(0.,1.),
(-0.0122719656790951,-0.00701255181662577,0.),.UNSPECIFIED.);
#419=B_SPLINE_SURFACE_WITH_KNOTS('',3,3,((#7681,#7682,#7683,#7684),(#7685,
#7686,#7687,#7688),(#7689,#7690,#7691,#7692),(#7693,#7694,#7695,#7696),
(#7697,#7698,#7699,#7700)),.UNSPECIFIED.,.F.,.F.,.F.,(4,1,4),(4,4),(0.,
0.5,1.),(2.81698654873226E-12,0.0053344154470421),.UNSPECIFIED.);
#420=B_SPLINE_SURFACE_WITH_KNOTS('',3,3,((#7715,#7716,#7717,#7718,#7719),
(#7720,#7721,#7722,#7723,#7724),(#7725,#7726,#7727,#7728,#7729),(#7730,
#7731,#7732,#7733,#7734)),.UNSPECIFIED.,.F.,.F.,.F.,(4,4),(4,1,4),(0.,1.),
(-9.66676795059939E-5,0.00528704629734081,0.0124653315998032),
 .UNSPECIFIED.);
#421=B_SPLINE_SURFACE_WITH_KNOTS('',3,3,((#7745,#7746,#7747,#7748),(#7749,
#7750,#7751,#7752),(#7753,#7754,#7755,#7756),(#7757,#7758,#7759,#7760),
(#7761,#7762,#7763,#7764),(#7765,#7766,#7767,#7768)),.UNSPECIFIED.,.F.,
 .F.,.F.,(4,1,1,4),(4,4),(0.,0.285714285714286,0.571428571428571,1.),(-1.29866621475018,
-1.19711093794886),.UNSPECIFIED.);
#422=B_SPLINE_SURFACE_WITH_KNOTS('',3,3,((#7769,#7770,#7771,#7772),(#7773,
#7774,#7775,#7776),(#7777,#7778,#7779,#7780),(#7781,#7782,#7783,#7784),
(#7785,#7786,#7787,#7788),(#7789,#7790,#7791,#7792)),.UNSPECIFIED.,.F.,
 .F.,.F.,(4,1,1,4),(4,4),(0.,0.285714285714286,0.571428571428571,1.),(0.87735237828928,
0.979055829438207),.UNSPECIFIED.);
#423=B_SPLINE_SURFACE_WITH_KNOTS('',3,3,((#7794,#7795,#7796,#7797),(#7798,
#7799,#7800,#7801),(#7802,#7803,#7804,#7805),(#7806,#7807,#7808,#7809),
(#7810,#7811,#7812,#7813)),.UNSPECIFIED.,.F.,.F.,.F.,(4,1,4),(4,4),(0.,
0.5,1.),(0.171019004520589,0.240078094293007),.UNSPECIFIED.);
#424=B_SPLINE_SURFACE_WITH_KNOTS('',3,3,((#7820,#7821,#7822,#7823,#7824,
#7825),(#7826,#7827,#7828,#7829,#7830,#7831),(#7832,#7833,#7834,#7835,#7836,
#7837),(#7838,#7839,#7840,#7841,#7842,#7843),(#7844,#7845,#7846,#7847,#7848,
#7849)),.UNSPECIFIED.,.F.,.F.,.F.,(4,1,4),(4,1,1,4),(0.,0.5,1.),(7.2408213027893E-16,
0.0712914924470537,0.118819154078422,0.166346815709791),.UNSPECIFIED.);
#425=B_SPLINE_SURFACE_WITH_KNOTS('',3,3,((#7858,#7859,#7860,#7861,#7862,
#7863,#7864,#7865,#7866),(#7867,#7868,#7869,#7870,#7871,#7872,#7873,#7874,
#7875),(#7876,#7877,#7878,#7879,#7880,#7881,#7882,#7883,#7884),(#7885,#7886,
#7887,#7888,#7889,#7890,#7891,#7892,#7893),(#7894,#7895,#7896,#7897,#7898,
#7899,#7900,#7901,#7902)),.UNSPECIFIED.,.F.,.F.,.F.,(4,1,4),(4,1,1,1,1,
1,4),(0.,0.5,1.),(8.17353790724855E-13,0.0939476088548169,0.125263478472817,
0.375790435416816,0.626317392360815,0.688949131596814,0.876844349304813),
 .UNSPECIFIED.);
#426=B_SPLINE_SURFACE_WITH_KNOTS('',3,3,((#7914,#7915,#7916,#7917,#7918,
#7919,#7920),(#7921,#7922,#7923,#7924,#7925,#7926,#7927),(#7928,#7929,#7930,
#7931,#7932,#7933,#7934),(#7935,#7936,#7937,#7938,#7939,#7940,#7941),(#7942,
#7943,#7944,#7945,#7946,#7947,#7948)),.UNSPECIFIED.,.F.,.F.,.F.,(4,1,4),
(4,1,1,1,4),(0.,0.571428571428571,1.),(3.08655205725346E-15,0.0476107635274465,
0.0714161452911682,0.119026908818612,0.166637672346055),.UNSPECIFIED.);
#427=B_SPLINE_SURFACE_WITH_KNOTS('',3,3,((#7958,#7959,#7960,#7961),(#7962,
#7963,#7964,#7965),(#7966,#7967,#7968,#7969),(#7970,#7971,#7972,#7973),
(#7974,#7975,#7976,#7977)),.UNSPECIFIED.,.F.,.F.,.F.,(4,1,4),(4,4),(0.,
0.5,1.),(0.,0.181222197651288),.UNSPECIFIED.);
#428=B_SPLINE_SURFACE_WITH_KNOTS('',3,3,((#8012,#8013,#8014,#8015),(#8016,
#8017,#8018,#8019),(#8020,#8021,#8022,#8023),(#8024,#8025,#8026,#8027),
(#8028,#8029,#8030,#8031)),.UNSPECIFIED.,.F.,.F.,.F.,(4,1,4),(4,4),(0.,
0.5,1.),(0.00635403290768244,0.735950395020574),.UNSPECIFIED.);
#429=B_SPLINE_SURFACE_WITH_KNOTS('',3,3,((#8052,#8053,#8054,#8055),(#8056,
#8057,#8058,#8059),(#8060,#8061,#8062,#8063),(#8064,#8065,#8066,#8067),
(#8068,#8069,#8070,#8071)),.UNSPECIFIED.,.F.,.F.,.F.,(4,1,4),(4,4),(0.,
0.5,1.),(1.29852014763094,1.318815122585),.UNSPECIFIED.);
#430=B_SPLINE_SURFACE_WITH_KNOTS('',3,3,((#8187,#8188,#8189,#8190,#8191),
(#8192,#8193,#8194,#8195,#8196),(#8197,#8198,#8199,#8200,#8201),(#8202,
#8203,#8204,#8205,#8206),(#8207,#8208,#8209,#8210,#8211)),.UNSPECIFIED.,
 .F.,.F.,.F.,(4,1,4),(4,1,4),(0.,0.5,1.),(0.,0.0285136516714728,0.0665318539001033),
 .UNSPECIFIED.);
#431=B_SPLINE_SURFACE_WITH_KNOTS('',3,3,((#8219,#8220,#8221,#8222),(#8223,
#8224,#8225,#8226),(#8227,#8228,#8229,#8230),(#8231,#8232,#8233,#8234),
(#8235,#8236,#8237,#8238)),.UNSPECIFIED.,.F.,.F.,.F.,(4,1,4),(4,4),(0.,
0.5,1.),(0.,0.192224949120957),.UNSPECIFIED.);
#432=B_SPLINE_SURFACE_WITH_KNOTS('',3,3,((#8310,#8311,#8312,#8313),(#8314,
#8315,#8316,#8317),(#8318,#8319,#8320,#8321),(#8322,#8323,#8324,#8325),
(#8326,#8327,#8328,#8329)),.UNSPECIFIED.,.F.,.F.,.F.,(4,1,4),(4,4),(0.,
0.5,1.),(1.13172149805089,3.35587404748694),.UNSPECIFIED.);
#433=B_SPLINE_SURFACE_WITH_KNOTS('',3,3,((#8378,#8379,#8380,#8381),(#8382,
#8383,#8384,#8385),(#8386,#8387,#8388,#8389),(#8390,#8391,#8392,#8393),
(#8394,#8395,#8396,#8397)),.UNSPECIFIED.,.F.,.F.,.F.,(4,1,4),(4,4),(0.,
0.571428571428571,1.),(1.75239318126718,3.12499667788218),.UNSPECIFIED.);
#434=B_SPLINE_SURFACE_WITH_KNOTS('',3,3,((#8491,#8492,#8493,#8494),(#8495,
#8496,#8497,#8498),(#8499,#8500,#8501,#8502),(#8503,#8504,#8505,#8506)),
 .UNSPECIFIED.,.F.,.F.,.F.,(4,4),(4,4),(0.470417364269617,1.),(0.,0.0923664694262999),
 .UNSPECIFIED.);
#435=B_SPLINE_SURFACE_WITH_KNOTS('',3,3,((#8508,#8509,#8510,#8511),(#8512,
#8513,#8514,#8515),(#8516,#8517,#8518,#8519),(#8520,#8521,#8522,#8523),
(#8524,#8525,#8526,#8527)),.UNSPECIFIED.,.F.,.F.,.F.,(4,1,4),(4,4),(0.,
0.571428571428571,1.),(0.505596052767121,1.21743128714368),
 .UNSPECIFIED.);
#436=B_SPLINE_SURFACE_WITH_KNOTS('',3,3,((#8528,#8529,#8530,#8531,#8532,
#8533,#8534,#8535,#8536,#8537,#8538,#8539,#8540,#8541,#8542,#8543,#8544,
#8545,#8546,#8547,#8548,#8549,#8550,#8551,#8552,#8553,#8554,#8555,#8556,
#8557,#8558,#8559,#8560,#8561),(#8562,#8563,#8564,#8565,#8566,#8567,#8568,
#8569,#8570,#8571,#8572,#8573,#8574,#8575,#8576,#8577,#8578,#8579,#8580,
#8581,#8582,#8583,#8584,#8585,#8586,#8587,#8588,#8589,#8590,#8591,#8592,
#8593,#8594,#8595),(#8596,#8597,#8598,#8599,#8600,#8601,#8602,#8603,#8604,
#8605,#8606,#8607,#8608,#8609,#8610,#8611,#8612,#8613,#8614,#8615,#8616,
#8617,#8618,#8619,#8620,#8621,#8622,#8623,#8624,#8625,#8626,#8627,#8628,
#8629),(#8630,#8631,#8632,#8633,#8634,#8635,#8636,#8637,#8638,#8639,#8640,
#8641,#8642,#8643,#8644,#8645,#8646,#8647,#8648,#8649,#8650,#8651,#8652,
#8653,#8654,#8655,#8656,#8657,#8658,#8659,#8660,#8661,#8662,#8663)),
 .UNSPECIFIED.,.F.,.T.,.F.,(4,4),(4,2,2,2,2,2,2,2,2,2,2,2,2,2,2,2,4),(0.,
1.),(0.,0.0350890463693622,0.0701780927387243,0.105409474055982,0.14064085537324,
0.17585143523866,0.21106201510408,0.246137319282633,0.281212623461186,0.316230741006866,
0.351248858552546,0.38651661217099,0.421784365789433,0.457083487962298,
0.492382610135162,0.527403894244454,0.562425178353746),.UNSPECIFIED.);
#437=B_SPLINE_SURFACE_WITH_KNOTS('',3,3,((#8707,#8708,#8709,#8710,#8711,
#8712,#8713,#8714,#8715,#8716,#8717,#8718,#8719,#8720,#8721,#8722,#8723,
#8724,#8725,#8726,#8727,#8728,#8729,#8730,#8731,#8732,#8733,#8734,#8735,
#8736,#8737,#8738,#8739),(#8740,#8741,#8742,#8743,#8744,#8745,#8746,#8747,
#8748,#8749,#8750,#8751,#8752,#8753,#8754,#8755,#8756,#8757,#8758,#8759,
#8760,#8761,#8762,#8763,#8764,#8765,#8766,#8767,#8768,#8769,#8770,#8771,
#8772),(#8773,#8774,#8775,#8776,#8777,#8778,#8779,#8780,#8781,#8782,#8783,
#8784,#8785,#8786,#8787,#8788,#8789,#8790,#8791,#8792,#8793,#8794,#8795,
#8796,#8797,#8798,#8799,#8800,#8801,#8802,#8803,#8804,#8805),(#8806,#8807,
#8808,#8809,#8810,#8811,#8812,#8813,#8814,#8815,#8816,#8817,#8818,#8819,
#8820,#8821,#8822,#8823,#8824,#8825,#8826,#8827,#8828,#8829,#8830,#8831,
#8832,#8833,#8834,#8835,#8836,#8837,#8838)),.UNSPECIFIED.,.F.,.T.,.F.,(4,
4),(4,2,2,1,2,2,2,2,2,2,2,2,2,2,2,2,4),(0.,1.),(0.,0.0350529880693665,0.070105976138733,
0.105227961425884,0.140349946713035,0.175486742871614,0.210623539030193,
0.245686294143793,0.280749049257394,0.315775852279586,0.350802655301779,
0.385975397385396,0.421148139469012,0.456298544506576,0.491448949544139,
0.526473514801231,0.561498080058323),.UNSPECIFIED.);
#438=B_SPLINE_SURFACE_WITH_KNOTS('',3,3,((#8896,#8897,#8898,#8899,#8900,
#8901),(#8902,#8903,#8904,#8905,#8906,#8907),(#8908,#8909,#8910,#8911,#8912,
#8913),(#8914,#8915,#8916,#8917,#8918,#8919),(#8920,#8921,#8922,#8923,#8924,
#8925)),.UNSPECIFIED.,.F.,.F.,.F.,(4,1,4),(4,1,1,4),(0.,0.571428571428571,
1.),(0.727530779738508,2.81173835712799,4.20121007538764,5.5906817936473),
 .UNSPECIFIED.);
#439=B_SPLINE_SURFACE_WITH_KNOTS('',3,3,((#9010,#9011,#9012,#9013),(#9014,
#9015,#9016,#9017),(#9018,#9019,#9020,#9021),(#9022,#9023,#9024,#9025),
(#9026,#9027,#9028,#9029)),.UNSPECIFIED.,.F.,.F.,.F.,(4,1,4),(4,4),(0.,
0.571428571428571,1.),(1.06446761922261E-16,0.0197249735023447),
 .UNSPECIFIED.);
#440=B_SPLINE_SURFACE_WITH_KNOTS('',3,3,((#9036,#9037,#9038,#9039,#9040),
(#9041,#9042,#9043,#9044,#9045),(#9046,#9047,#9048,#9049,#9050),(#9051,
#9052,#9053,#9054,#9055),(#9056,#9057,#9058,#9059,#9060)),.UNSPECIFIED.,
 .F.,.F.,.F.,(4,1,4),(4,1,4),(0.,0.571428571428571,1.),(0.,0.00217441265028774,
0.00507362951733805),.UNSPECIFIED.);
#441=B_SPLINE_SURFACE_WITH_KNOTS('',3,3,((#9068,#9069,#9070,#9071),(#9072,
#9073,#9074,#9075),(#9076,#9077,#9078,#9079),(#9080,#9081,#9082,#9083),
(#9084,#9085,#9086,#9087)),.UNSPECIFIED.,.F.,.F.,.F.,(4,1,4),(4,4),(0.,
0.571428571428571,1.),(1.29397391402103,1.31402869176774),.UNSPECIFIED.);
#442=B_SPLINE_SURFACE_WITH_KNOTS('',3,3,((#9091,#9092,#9093,#9094,#9095),
(#9096,#9097,#9098,#9099,#9100),(#9101,#9102,#9103,#9104,#9105),(#9106,
#9107,#9108,#9109,#9110),(#9111,#9112,#9113,#9114,#9115)),.UNSPECIFIED.,
 .F.,.F.,.F.,(4,1,4),(4,1,4),(0.,0.571428571428571,1.),(1.49355164733588E-15,
0.0660345322546912,0.154080575260944),.UNSPECIFIED.);
#443=B_SPLINE_SURFACE_WITH_KNOTS('',3,3,((#9121,#9122,#9123,#9124,#9125,
#9126),(#9127,#9128,#9129,#9130,#9131,#9132),(#9133,#9134,#9135,#9136,#9137,
#9138),(#9139,#9140,#9141,#9142,#9143,#9144),(#9145,#9146,#9147,#9148,#9149,
#9150)),.UNSPECIFIED.,.F.,.F.,.F.,(4,1,4),(4,1,1,4),(0.,0.571428571428571,
1.),(0.,0.0587895511768207,0.0979825852947012,0.137175619412582),
 .UNSPECIFIED.);
#444=B_SPLINE_SURFACE_WITH_KNOTS('',3,3,((#9159,#9160,#9161,#9162),(#9163,
#9164,#9165,#9166),(#9167,#9168,#9169,#9170),(#9171,#9172,#9173,#9174),
(#9175,#9176,#9177,#9178)),.UNSPECIFIED.,.F.,.F.,.F.,(4,1,4),(4,4),(0.,
0.5,1.),(1.01880722613359,1.03508618408121),.UNSPECIFIED.);
#445=B_SPLINE_SURFACE_WITH_KNOTS('',3,3,((#9182,#9183,#9184,#9185),(#9186,
#9187,#9188,#9189),(#9190,#9191,#9192,#9193),(#9194,#9195,#9196,#9197),
(#9198,#9199,#9200,#9201)),.UNSPECIFIED.,.F.,.F.,.F.,(4,1,4),(4,4),(0.,
0.5,1.),(0.,0.363631659220745),.UNSPECIFIED.);
#446=B_SPLINE_SURFACE_WITH_KNOTS('',3,3,((#9208,#9209,#9210,#9211,#9212),
(#9213,#9214,#9215,#9216,#9217),(#9218,#9219,#9220,#9221,#9222),(#9223,
#9224,#9225,#9226,#9227),(#9228,#9229,#9230,#9231,#9232)),.UNSPECIFIED.,
 .F.,.F.,.F.,(4,1,4),(4,1,4),(0.,0.571428571428571,1.),(0.,0.0535738822782499,
0.1071477645565),.UNSPECIFIED.);
#447=B_SPLINE_SURFACE_WITH_KNOTS('',3,3,((#9240,#9241,#9242,#9243),(#9244,
#9245,#9246,#9247),(#9248,#9249,#9250,#9251),(#9252,#9253,#9254,#9255),
(#9256,#9257,#9258,#9259)),.UNSPECIFIED.,.F.,.F.,.F.,(4,1,4),(4,4),(0.,
0.571428571428571,1.),(0.,0.46703922776087),.UNSPECIFIED.);
#448=B_SPLINE_SURFACE_WITH_KNOTS('',3,3,((#9266,#9267,#9268,#9269),(#9270,
#9271,#9272,#9273),(#9274,#9275,#9276,#9277),(#9278,#9279,#9280,#9281),
(#9282,#9283,#9284,#9285)),.UNSPECIFIED.,.F.,.F.,.F.,(4,1,4),(4,4),(0.,
0.571428571428571,1.),(0.,1.09241672867398),.UNSPECIFIED.);
#449=B_SPLINE_SURFACE_WITH_KNOTS('',3,3,((#9292,#9293,#9294,#9295,#9296),
(#9297,#9298,#9299,#9300,#9301),(#9302,#9303,#9304,#9305,#9306),(#9307,
#9308,#9309,#9310,#9311),(#9312,#9313,#9314,#9315,#9316)),.UNSPECIFIED.,
 .F.,.F.,.F.,(4,1,4),(4,1,4),(0.,0.571428571428571,1.),(1.1847349940617E-15,
0.0848179974446085,0.148431495528064),.UNSPECIFIED.);
#450=B_SPLINE_SURFACE_WITH_KNOTS('',3,3,((#9324,#9325,#9326,#9327),(#9328,
#9329,#9330,#9331),(#9332,#9333,#9334,#9335),(#9336,#9337,#9338,#9339),
(#9340,#9341,#9342,#9343)),.UNSPECIFIED.,.F.,.F.,.F.,(4,1,4),(4,4),(0.,
0.571428571428571,1.),(1.88657322730304,1.90187401721601),.UNSPECIFIED.);
#451=CIRCLE('',#3526,0.569);
#452=CIRCLE('',#3527,0.342);
#453=CIRCLE('',#3528,95.0328908912913);
#454=CIRCLE('',#3529,2.99999999999997);
#455=CIRCLE('',#3530,2.99999999999999);
#456=CIRCLE('',#3531,39.0237712511659);
#457=CIRCLE('',#3532,2.99999999999999);
#458=CIRCLE('',#3533,0.999999999999993);
#459=CIRCLE('',#3534,90.7765949866468);
#460=CIRCLE('',#3535,90.0765949866468);
#461=CIRCLE('',#3536,1.69999999999999);
#462=CIRCLE('',#3537,2.29999999999999);
#463=CIRCLE('',#3538,39.7237712511659);
#464=CIRCLE('',#3539,2.29999999999998);
#465=CIRCLE('',#3540,2.29999999999997);
#466=CIRCLE('',#3541,95.7328908912912);
#467=CIRCLE('',#3543,0.569);
#468=CIRCLE('',#3544,0.342);
#469=CIRCLE('',#3545,95.0328908912913);
#470=CIRCLE('',#3546,0.342);
#471=CIRCLE('',#3547,0.569);
#472=CIRCLE('',#3548,95.7328908912912);
#473=CIRCLE('',#3551,0.569);
#474=CIRCLE('',#3552,95.7328908912912);
#475=CIRCLE('',#3553,2.29999999999999);
#476=CIRCLE('',#3554,1.3);
#477=CIRCLE('',#3555,2.30000000000012);
#478=CIRCLE('',#3556,90.0765949866468);
#479=CIRCLE('',#3557,90.7765949866468);
#480=CIRCLE('',#3558,3.00000000000012);
#481=CIRCLE('',#3559,1.99999999999999);
#482=CIRCLE('',#3560,2.99999999999999);
#483=CIRCLE('',#3561,95.0328908912913);
#484=CIRCLE('',#3562,0.342);
#485=CIRCLE('',#3563,0.500000000000003);
#486=CIRCLE('',#3564,0.499999999999998);
#487=CIRCLE('',#3565,0.568999999999993);
#488=CIRCLE('',#3566,0.568999999999996);
#489=CIRCLE('',#3569,0.569);
#490=CIRCLE('',#3570,0.499999999999996);
#491=CIRCLE('',#3572,2.5);
#492=CIRCLE('',#3576,0.342);
#493=CIRCLE('',#3577,3.25);
#494=CIRCLE('',#3578,3.25);
#495=CIRCLE('',#3579,0.342);
#496=CIRCLE('',#3580,0.569);
#497=CIRCLE('',#3582,0.500000000000001);
#498=CIRCLE('',#3583,0.500000000000004);
#499=CIRCLE('',#3585,0.569000000000001);
#500=CIRCLE('',#3586,0.568999999999997);
#501=CIRCLE('',#3588,0.499999999999998);
#502=CIRCLE('',#3590,95.7328908912912);
#503=CIRCLE('',#3591,96.3208908912913);
#504=CIRCLE('',#3593,0.318000000000001);
#505=CIRCLE('',#3594,0.318000000000001);
#506=CIRCLE('',#3596,0.569);
#507=CIRCLE('',#3597,0.569);
#508=CIRCLE('',#3598,0.568999999999999);
#509=CIRCLE('',#3600,0.317999999999998);
#510=CIRCLE('',#3602,95.7328908912912);
#511=CIRCLE('',#3603,0.518000000000001);
#512=CIRCLE('',#3604,96.2508908912912);
#513=CIRCLE('',#3607,0.341999999999995);
#514=CIRCLE('',#3608,0.318000000000004);
#515=CIRCLE('',#3609,0.318);
#516=CIRCLE('',#3610,0.568999999999998);
#517=CIRCLE('',#3611,0.569000000000001);
#518=CIRCLE('',#3614,0.569);
#519=CIRCLE('',#3615,0.318000000000001);
#520=CIRCLE('',#3619,2.5);
#521=CIRCLE('',#3621,0.342);
#522=CIRCLE('',#3622,3.25);
#523=CIRCLE('',#3623,3.25);
#524=CIRCLE('',#3624,0.342);
#525=CIRCLE('',#3626,0.342);
#526=CIRCLE('',#3628,0.341999999999993);
#527=CIRCLE('',#3630,1.452);
#528=CIRCLE('',#3631,1.452);
#529=CIRCLE('',#3633,3.5);
#530=CIRCLE('',#3635,0.341999999999998);
#531=CIRCLE('',#3636,0.341999999999999);
#532=CIRCLE('',#3639,3.5);
#533=CIRCLE('',#3641,1.452);
#534=CIRCLE('',#3644,0.341999999999999);
#535=CIRCLE('',#3645,0.342000000000003);
#536=CIRCLE('',#3646,0.341999999999999);
#537=CIRCLE('',#3649,3.5);
#538=CIRCLE('',#3651,1.81300000000001);
#539=CIRCLE('',#3652,1.813);
#540=CIRCLE('',#3654,0.341999999999999);
#541=CIRCLE('',#3655,0.341999999999999);
#542=CIRCLE('',#3660,96.3208908912912);
#543=CIRCLE('',#3661,0.588);
#544=CIRCLE('',#3662,95.7328908912912);
#545=CIRCLE('',#3664,3.5);
#546=CIRCLE('',#3666,1.813);
#547=CIRCLE('',#3670,1.452);
#548=CIRCLE('',#3671,1.813);
#549=CIRCLE('',#3672,1.813);
#550=CIRCLE('',#3673,1.813);
#551=CIRCLE('',#3674,1.813);
#552=CIRCLE('',#3675,1.813);
#553=CIRCLE('',#3676,1.958);
#554=CIRCLE('',#3679,1.958);
#555=CIRCLE('',#3680,1.452);
#556=CIRCLE('',#3681,1.958);
#557=CIRCLE('',#3685,0.318000000000001);
#558=CIRCLE('',#3686,0.318);
#559=CIRCLE('',#3688,0.317999999999998);
#560=CIRCLE('',#3689,0.318);
#561=CIRCLE('',#3690,0.317999999999993);
#562=CIRCLE('',#3691,0.317999999999999);
#563=CIRCLE('',#3692,0.317999999999999);
#564=CIRCLE('',#3693,0.53300000000001);
#565=CIRCLE('',#3695,1.78199999999997);
#566=CIRCLE('',#3696,1.78199999999998);
#567=CIRCLE('',#3697,40.2417712511659);
#568=CIRCLE('',#3698,1.78199999999999);
#569=CIRCLE('',#3699,2.21799999999999);
#570=CIRCLE('',#3700,90.0765949866468);
#571=CIRCLE('',#3701,88.7765949866468);
#572=CIRCLE('',#3702,0.99999999999999);
#573=CIRCLE('',#3703,41.0237712511659);
#574=CIRCLE('',#3704,0.999999999999985);
#575=CIRCLE('',#3706,96.6178908912913);
#576=CIRCLE('',#3713,0.518000000000001);
#577=CIRCLE('',#3714,1.69999999999999);
#578=CIRCLE('',#3716,0.518000000000001);
#579=CIRCLE('',#3717,2.29999999999999);
#580=CIRCLE('',#3719,0.518000000000001);
#581=CIRCLE('',#3720,39.7237712511659);
#582=CIRCLE('',#3722,0.518000000000001);
#583=CIRCLE('',#3723,2.29999999999998);
#584=CIRCLE('',#3725,0.518000000000001);
#585=CIRCLE('',#3727,2.29999999999997);
#586=CIRCLE('',#3728,0.415000000000001);
#587=CIRCLE('',#3729,0.414999999999999);
#588=CIRCLE('',#3730,0.415000000000017);
#589=CIRCLE('',#3731,0.414999999999994);
#590=CIRCLE('',#3733,0.499999999999997);
#591=CIRCLE('',#3734,0.500000000000005);
#592=CIRCLE('',#3735,0.500000000000001);
#593=CIRCLE('',#3736,0.500000000000002);
#594=CIRCLE('',#3738,97.0328908912913);
#595=CIRCLE('',#3741,97.0328908912913);
#596=CIRCLE('',#3742,0.415000000000008);
#597=CIRCLE('',#3743,96.6178908912913);
#598=CIRCLE('',#3745,0.415);
#599=CIRCLE('',#3746,1.41499999999999);
#600=CIRCLE('',#3747,0.999999999999985);
#601=CIRCLE('',#3749,0.414999999999995);
#602=CIRCLE('',#3751,0.549999999999981);
#603=CIRCLE('',#3757,0.588);
#604=CIRCLE('',#3758,2.29999999999999);
#605=CIRCLE('',#3759,1.71199999999999);
#606=CIRCLE('',#3761,0.588);
#607=CIRCLE('',#3763,0.588);
#608=CIRCLE('',#3764,1.3);
#609=CIRCLE('',#3765,0.711999999999996);
#610=CIRCLE('',#3767,0.588);
#611=CIRCLE('',#3768,2.30000000000012);
#612=CIRCLE('',#3769,1.71200000000012);
#613=CIRCLE('',#3771,90.0765949866468);
#614=CIRCLE('',#3772,89.4885949866468);
#615=CIRCLE('',#3773,89.9297021689823);
#616=CIRCLE('',#3775,1.00000000000012);
#617=CIRCLE('',#3776,88.7765949866468);
#618=CIRCLE('',#3777,0.549999999999997);
#619=CIRCLE('',#3780,88.7765949866468);
#620=CIRCLE('',#3781,88.7765949866468);
#621=CIRCLE('',#3783,1.958);
#622=CIRCLE('',#3785,0.93);
#623=CIRCLE('',#3786,1.958);
#624=CIRCLE('',#3788,0.93);
#625=CIRCLE('',#3790,2.5);
#626=CIRCLE('',#3793,2.5);
#627=CIRCLE('',#3795,1.958);
#628=CIRCLE('',#3796,1.958);
#629=CIRCLE('',#3797,1.958);
#630=CIRCLE('',#3799,1.958);
#631=CIRCLE('',#3800,1.95799999998979);
#632=CIRCLE('',#3802,1.958);
#633=CIRCLE('',#3803,1.958);
#634=CIRCLE('',#3804,1.958);
#635=CIRCLE('',#3805,1.958);
#636=CIRCLE('',#3806,1.958);
#637=CIRCLE('',#3813,90.7765949866468);
#638=CIRCLE('',#3814,90.7765949866468);
#639=CIRCLE('',#3815,90.7765949866468);
#640=CIRCLE('',#3822,90.0765949866468);
#641=FACE_OUTER_BOUND('',#858,.T.);
#642=FACE_OUTER_BOUND('',#859,.T.);
#643=FACE_OUTER_BOUND('',#860,.T.);
#644=FACE_OUTER_BOUND('',#861,.T.);
#645=FACE_OUTER_BOUND('',#862,.T.);
#646=FACE_OUTER_BOUND('',#863,.T.);
#647=FACE_OUTER_BOUND('',#864,.T.);
#648=FACE_OUTER_BOUND('',#865,.T.);
#649=FACE_OUTER_BOUND('',#866,.T.);
#650=FACE_OUTER_BOUND('',#867,.T.);
#651=FACE_OUTER_BOUND('',#868,.T.);
#652=FACE_OUTER_BOUND('',#869,.T.);
#653=FACE_OUTER_BOUND('',#870,.T.);
#654=FACE_OUTER_BOUND('',#871,.T.);
#655=FACE_OUTER_BOUND('',#872,.T.);
#656=FACE_OUTER_BOUND('',#873,.T.);
#657=FACE_OUTER_BOUND('',#874,.T.);
#658=FACE_OUTER_BOUND('',#875,.T.);
#659=FACE_OUTER_BOUND('',#876,.T.);
#660=FACE_OUTER_BOUND('',#877,.T.);
#661=FACE_OUTER_BOUND('',#878,.T.);
#662=FACE_OUTER_BOUND('',#879,.T.);
#663=FACE_OUTER_BOUND('',#880,.T.);
#664=FACE_OUTER_BOUND('',#881,.T.);
#665=FACE_OUTER_BOUND('',#882,.T.);
#666=FACE_OUTER_BOUND('',#883,.T.);
#667=FACE_OUTER_BOUND('',#884,.T.);
#668=FACE_OUTER_BOUND('',#885,.T.);
#669=FACE_OUTER_BOUND('',#886,.T.);
#670=FACE_OUTER_BOUND('',#887,.T.);
#671=FACE_OUTER_BOUND('',#888,.T.);
#672=FACE_OUTER_BOUND('',#889,.T.);
#673=FACE_OUTER_BOUND('',#890,.T.);
#674=FACE_OUTER_BOUND('',#891,.T.);
#675=FACE_OUTER_BOUND('',#892,.T.);
#676=FACE_OUTER_BOUND('',#893,.T.);
#677=FACE_OUTER_BOUND('',#894,.T.);
#678=FACE_OUTER_BOUND('',#895,.T.);
#679=FACE_OUTER_BOUND('',#896,.T.);
#680=FACE_OUTER_BOUND('',#897,.T.);
#681=FACE_OUTER_BOUND('',#898,.T.);
#682=FACE_OUTER_BOUND('',#899,.T.);
#683=FACE_OUTER_BOUND('',#900,.T.);
#684=FACE_OUTER_BOUND('',#901,.T.);
#685=FACE_OUTER_BOUND('',#902,.T.);
#686=FACE_OUTER_BOUND('',#903,.T.);
#687=FACE_OUTER_BOUND('',#904,.T.);
#688=FACE_OUTER_BOUND('',#905,.T.);
#689=FACE_OUTER_BOUND('',#906,.T.);
#690=FACE_OUTER_BOUND('',#907,.T.);
#691=FACE_OUTER_BOUND('',#908,.T.);
#692=FACE_OUTER_BOUND('',#909,.T.);
#693=FACE_OUTER_BOUND('',#910,.T.);
#694=FACE_OUTER_BOUND('',#911,.T.);
#695=FACE_OUTER_BOUND('',#912,.T.);
#696=FACE_OUTER_BOUND('',#913,.T.);
#697=FACE_OUTER_BOUND('',#914,.T.);
#698=FACE_OUTER_BOUND('',#915,.T.);
#699=FACE_OUTER_BOUND('',#916,.T.);
#700=FACE_OUTER_BOUND('',#917,.T.);
#701=FACE_OUTER_BOUND('',#918,.T.);
#702=FACE_OUTER_BOUND('',#919,.T.);
#703=FACE_OUTER_BOUND('',#920,.T.);
#704=FACE_OUTER_BOUND('',#921,.T.);
#705=FACE_OUTER_BOUND('',#922,.T.);
#706=FACE_OUTER_BOUND('',#923,.T.);
#707=FACE_OUTER_BOUND('',#924,.T.);
#708=FACE_OUTER_BOUND('',#925,.T.);
#709=FACE_OUTER_BOUND('',#926,.T.);
#710=FACE_OUTER_BOUND('',#927,.T.);
#711=FACE_OUTER_BOUND('',#928,.T.);
#712=FACE_OUTER_BOUND('',#929,.T.);
#713=FACE_OUTER_BOUND('',#930,.T.);
#714=FACE_OUTER_BOUND('',#931,.T.);
#715=FACE_OUTER_BOUND('',#932,.T.);
#716=FACE_OUTER_BOUND('',#933,.T.);
#717=FACE_OUTER_BOUND('',#934,.T.);
#718=FACE_OUTER_BOUND('',#935,.T.);
#719=FACE_OUTER_BOUND('',#936,.T.);
#720=FACE_OUTER_BOUND('',#937,.T.);
#721=FACE_OUTER_BOUND('',#938,.T.);
#722=FACE_OUTER_BOUND('',#939,.T.);
#723=FACE_OUTER_BOUND('',#940,.T.);
#724=FACE_OUTER_BOUND('',#941,.T.);
#725=FACE_OUTER_BOUND('',#942,.T.);
#726=FACE_OUTER_BOUND('',#943,.T.);
#727=FACE_OUTER_BOUND('',#944,.T.);
#728=FACE_OUTER_BOUND('',#945,.T.);
#729=FACE_OUTER_BOUND('',#946,.T.);
#730=FACE_OUTER_BOUND('',#947,.T.);
#731=FACE_OUTER_BOUND('',#948,.T.);
#732=FACE_OUTER_BOUND('',#949,.T.);
#733=FACE_OUTER_BOUND('',#950,.T.);
#734=FACE_OUTER_BOUND('',#951,.T.);
#735=FACE_OUTER_BOUND('',#952,.T.);
#736=FACE_OUTER_BOUND('',#953,.T.);
#737=FACE_OUTER_BOUND('',#954,.T.);
#738=FACE_OUTER_BOUND('',#955,.T.);
#739=FACE_OUTER_BOUND('',#957,.T.);
#740=FACE_OUTER_BOUND('',#958,.T.);
#741=FACE_OUTER_BOUND('',#959,.T.);
#742=FACE_OUTER_BOUND('',#960,.T.);
#743=FACE_OUTER_BOUND('',#961,.T.);
#744=FACE_OUTER_BOUND('',#962,.T.);
#745=FACE_OUTER_BOUND('',#963,.T.);
#746=FACE_OUTER_BOUND('',#964,.T.);
#747=FACE_OUTER_BOUND('',#965,.T.);
#748=FACE_OUTER_BOUND('',#966,.T.);
#749=FACE_OUTER_BOUND('',#967,.T.);
#750=FACE_OUTER_BOUND('',#968,.T.);
#751=FACE_OUTER_BOUND('',#969,.T.);
#752=FACE_OUTER_BOUND('',#970,.T.);
#753=FACE_OUTER_BOUND('',#971,.T.);
#754=FACE_OUTER_BOUND('',#972,.T.);
#755=FACE_OUTER_BOUND('',#973,.T.);
#756=FACE_OUTER_BOUND('',#974,.T.);
#757=FACE_OUTER_BOUND('',#975,.T.);
#758=FACE_OUTER_BOUND('',#976,.T.);
#759=FACE_OUTER_BOUND('',#977,.T.);
#760=FACE_OUTER_BOUND('',#978,.T.);
#761=FACE_OUTER_BOUND('',#979,.T.);
#762=FACE_OUTER_BOUND('',#980,.T.);
#763=FACE_OUTER_BOUND('',#981,.T.);
#764=FACE_OUTER_BOUND('',#982,.T.);
#765=FACE_OUTER_BOUND('',#983,.T.);
#766=FACE_OUTER_BOUND('',#984,.T.);
#767=FACE_OUTER_BOUND('',#985,.T.);
#768=FACE_OUTER_BOUND('',#986,.T.);
#769=FACE_OUTER_BOUND('',#987,.T.);
#770=FACE_OUTER_BOUND('',#988,.T.);
#771=FACE_OUTER_BOUND('',#989,.T.);
#772=FACE_OUTER_BOUND('',#990,.T.);
#773=FACE_OUTER_BOUND('',#991,.T.);
#774=FACE_OUTER_BOUND('',#992,.T.);
#775=FACE_OUTER_BOUND('',#993,.T.);
#776=FACE_OUTER_BOUND('',#994,.T.);
#777=FACE_OUTER_BOUND('',#995,.T.);
#778=FACE_OUTER_BOUND('',#996,.T.);
#779=FACE_OUTER_BOUND('',#997,.T.);
#780=FACE_OUTER_BOUND('',#998,.T.);
#781=FACE_OUTER_BOUND('',#999,.T.);
#782=FACE_OUTER_BOUND('',#1000,.T.);
#783=FACE_OUTER_BOUND('',#1001,.T.);
#784=FACE_OUTER_BOUND('',#1002,.T.);
#785=FACE_OUTER_BOUND('',#1003,.T.);
#786=FACE_OUTER_BOUND('',#1004,.T.);
#787=FACE_OUTER_BOUND('',#1005,.T.);
#788=FACE_OUTER_BOUND('',#1006,.T.);
#789=FACE_OUTER_BOUND('',#1007,.T.);
#790=FACE_OUTER_BOUND('',#1008,.T.);
#791=FACE_OUTER_BOUND('',#1009,.T.);
#792=FACE_OUTER_BOUND('',#1010,.T.);
#793=FACE_OUTER_BOUND('',#1011,.T.);
#794=FACE_OUTER_BOUND('',#1012,.T.);
#795=FACE_OUTER_BOUND('',#1013,.T.);
#796=FACE_OUTER_BOUND('',#1014,.T.);
#797=FACE_OUTER_BOUND('',#1015,.T.);
#798=FACE_OUTER_BOUND('',#1016,.T.);
#799=FACE_OUTER_BOUND('',#1018,.T.);
#800=FACE_OUTER_BOUND('',#1019,.T.);
#801=FACE_OUTER_BOUND('',#1020,.T.);
#802=FACE_OUTER_BOUND('',#1021,.T.);
#803=FACE_OUTER_BOUND('',#1022,.T.);
#804=FACE_OUTER_BOUND('',#1023,.T.);
#805=FACE_OUTER_BOUND('',#1024,.T.);
#806=FACE_OUTER_BOUND('',#1025,.T.);
#807=FACE_OUTER_BOUND('',#1026,.T.);
#808=FACE_OUTER_BOUND('',#1028,.T.);
#809=FACE_OUTER_BOUND('',#1029,.T.);
#810=FACE_OUTER_BOUND('',#1031,.T.);
#811=FACE_OUTER_BOUND('',#1032,.T.);
#812=FACE_OUTER_BOUND('',#1033,.T.);
#813=FACE_OUTER_BOUND('',#1034,.T.);
#814=FACE_OUTER_BOUND('',#1035,.T.);
#815=FACE_OUTER_BOUND('',#1036,.T.);
#816=FACE_OUTER_BOUND('',#1037,.T.);
#817=FACE_OUTER_BOUND('',#1038,.T.);
#818=FACE_OUTER_BOUND('',#1039,.T.);
#819=FACE_OUTER_BOUND('',#1040,.T.);
#820=FACE_OUTER_BOUND('',#1041,.T.);
#821=FACE_OUTER_BOUND('',#1042,.T.);
#822=FACE_OUTER_BOUND('',#1043,.T.);
#823=FACE_OUTER_BOUND('',#1044,.T.);
#824=FACE_OUTER_BOUND('',#1045,.T.);
#825=FACE_OUTER_BOUND('',#1046,.T.);
#826=FACE_OUTER_BOUND('',#1047,.T.);
#827=FACE_OUTER_BOUND('',#1048,.T.);
#828=FACE_OUTER_BOUND('',#1049,.T.);
#829=FACE_OUTER_BOUND('',#1050,.T.);
#830=FACE_OUTER_BOUND('',#1051,.T.);
#831=FACE_OUTER_BOUND('',#1052,.T.);
#832=FACE_OUTER_BOUND('',#1053,.T.);
#833=FACE_OUTER_BOUND('',#1054,.T.);
#834=FACE_OUTER_BOUND('',#1055,.T.);
#835=FACE_OUTER_BOUND('',#1056,.T.);
#836=FACE_OUTER_BOUND('',#1057,.T.);
#837=FACE_OUTER_BOUND('',#1058,.T.);
#838=FACE_OUTER_BOUND('',#1059,.T.);
#839=FACE_OUTER_BOUND('',#1060,.T.);
#840=FACE_OUTER_BOUND('',#1061,.T.);
#841=FACE_OUTER_BOUND('',#1062,.T.);
#842=FACE_OUTER_BOUND('',#1063,.T.);
#843=FACE_OUTER_BOUND('',#1064,.T.);
#844=FACE_OUTER_BOUND('',#1065,.T.);
#845=FACE_OUTER_BOUND('',#1066,.T.);
#846=FACE_OUTER_BOUND('',#1067,.T.);
#847=FACE_OUTER_BOUND('',#1068,.T.);
#848=FACE_OUTER_BOUND('',#1069,.T.);
#849=FACE_OUTER_BOUND('',#1070,.T.);
#850=FACE_OUTER_BOUND('',#1071,.T.);
#851=FACE_OUTER_BOUND('',#1072,.T.);
#852=FACE_OUTER_BOUND('',#1073,.T.);
#853=FACE_OUTER_BOUND('',#1074,.T.);
#854=FACE_OUTER_BOUND('',#1075,.T.);
#855=FACE_OUTER_BOUND('',#1076,.T.);
#856=FACE_OUTER_BOUND('',#1077,.T.);
#857=FACE_OUTER_BOUND('',#1078,.T.);
#858=EDGE_LOOP('',(#2180,#2181,#2182,#2183));
#859=EDGE_LOOP('',(#2184,#2185,#2186,#2187,#2188,#2189,#2190,#2191,#2192,
#2193,#2194,#2195,#2196,#2197,#2198,#2199,#2200,#2201,#2202));
#860=EDGE_LOOP('',(#2203,#2204,#2205,#2206,#2207,#2208));
#861=EDGE_LOOP('',(#2209,#2210,#2211,#2212));
#862=EDGE_LOOP('',(#2213,#2214,#2215,#2216,#2217,#2218,#2219,#2220,#2221,
#2222,#2223,#2224,#2225,#2226,#2227));
#863=EDGE_LOOP('',(#2228,#2229,#2230,#2231));
#864=EDGE_LOOP('',(#2232,#2233,#2234));
#865=EDGE_LOOP('',(#2235,#2236,#2237,#2238,#2239));
#866=EDGE_LOOP('',(#2240,#2241,#2242,#2243));
#867=EDGE_LOOP('',(#2244,#2245,#2246,#2247,#2248));
#868=EDGE_LOOP('',(#2249,#2250,#2251,#2252));
#869=EDGE_LOOP('',(#2253,#2254,#2255,#2256));
#870=EDGE_LOOP('',(#2257,#2258,#2259,#2260,#2261,#2262,#2263,#2264,#2265,
#2266,#2267,#2268,#2269,#2270));
#871=EDGE_LOOP('',(#2271,#2272,#2273,#2274,#2275,#2276,#2277,#2278,#2279,
#2280,#2281,#2282,#2283,#2284,#2285,#2286));
#872=EDGE_LOOP('',(#2287,#2288,#2289,#2290,#2291,#2292));
#873=EDGE_LOOP('',(#2293,#2294,#2295,#2296));
#874=EDGE_LOOP('',(#2297,#2298,#2299));
#875=EDGE_LOOP('',(#2300,#2301,#2302,#2303));
#876=EDGE_LOOP('',(#2304,#2305,#2306,#2307,#2308));
#877=EDGE_LOOP('',(#2309,#2310,#2311,#2312));
#878=EDGE_LOOP('',(#2313,#2314,#2315,#2316,#2317));
#879=EDGE_LOOP('',(#2318,#2319,#2320,#2321));
#880=EDGE_LOOP('',(#2322,#2323,#2324,#2325,#2326,#2327,#2328,#2329));
#881=EDGE_LOOP('',(#2330,#2331,#2332,#2333));
#882=EDGE_LOOP('',(#2334,#2335,#2336,#2337));
#883=EDGE_LOOP('',(#2338,#2339,#2340));
#884=EDGE_LOOP('',(#2341,#2342,#2343,#2344));
#885=EDGE_LOOP('',(#2345,#2346,#2347,#2348,#2349));
#886=EDGE_LOOP('',(#2350,#2351,#2352,#2353));
#887=EDGE_LOOP('',(#2354,#2355,#2356,#2357,#2358));
#888=EDGE_LOOP('',(#2359,#2360,#2361,#2362));
#889=EDGE_LOOP('',(#2363,#2364,#2365,#2366,#2367,#2368));
#890=EDGE_LOOP('',(#2369,#2370,#2371,#2372));
#891=EDGE_LOOP('',(#2373,#2374,#2375,#2376));
#892=EDGE_LOOP('',(#2377,#2378,#2379,#2380));
#893=EDGE_LOOP('',(#2381,#2382,#2383));
#894=EDGE_LOOP('',(#2384,#2385,#2386,#2387,#2388));
#895=EDGE_LOOP('',(#2389,#2390,#2391,#2392));
#896=EDGE_LOOP('',(#2393,#2394,#2395,#2396,#2397));
#897=EDGE_LOOP('',(#2398,#2399,#2400,#2401));
#898=EDGE_LOOP('',(#2402,#2403,#2404,#2405));
#899=EDGE_LOOP('',(#2406,#2407,#2408,#2409,#2410,#2411,#2412,#2413,#2414,
#2415,#2416,#2417,#2418,#2419,#2420));
#900=EDGE_LOOP('',(#2421,#2422,#2423,#2424,#2425,#2426,#2427,#2428,#2429,
#2430,#2431,#2432,#2433));
#901=EDGE_LOOP('',(#2434,#2435,#2436,#2437,#2438));
#902=EDGE_LOOP('',(#2439,#2440,#2441,#2442,#2443,#2444));
#903=EDGE_LOOP('',(#2445,#2446,#2447,#2448,#2449));
#904=EDGE_LOOP('',(#2450,#2451,#2452,#2453));
#905=EDGE_LOOP('',(#2454,#2455,#2456,#2457,#2458));
#906=EDGE_LOOP('',(#2459,#2460,#2461));
#907=EDGE_LOOP('',(#2462,#2463,#2464,#2465,#2466));
#908=EDGE_LOOP('',(#2467,#2468,#2469,#2470,#2471));
#909=EDGE_LOOP('',(#2472,#2473,#2474,#2475,#2476));
#910=EDGE_LOOP('',(#2477,#2478,#2479,#2480,#2481,#2482));
#911=EDGE_LOOP('',(#2483,#2484,#2485,#2486));
#912=EDGE_LOOP('',(#2487,#2488,#2489,#2490));
#913=EDGE_LOOP('',(#2491,#2492,#2493,#2494));
#914=EDGE_LOOP('',(#2495,#2496,#2497,#2498));
#915=EDGE_LOOP('',(#2499,#2500,#2501,#2502,#2503,#2504,#2505));
#916=EDGE_LOOP('',(#2506,#2507,#2508,#2509,#2510));
#917=EDGE_LOOP('',(#2511,#2512,#2513,#2514,#2515,#2516));
#918=EDGE_LOOP('',(#2517,#2518,#2519,#2520));
#919=EDGE_LOOP('',(#2521,#2522,#2523,#2524));
#920=EDGE_LOOP('',(#2525,#2526,#2527,#2528));
#921=EDGE_LOOP('',(#2529,#2530,#2531,#2532,#2533,#2534));
#922=EDGE_LOOP('',(#2535,#2536,#2537,#2538,#2539));
#923=EDGE_LOOP('',(#2540,#2541,#2542));
#924=EDGE_LOOP('',(#2543,#2544,#2545,#2546));
#925=EDGE_LOOP('',(#2547,#2548,#2549,#2550,#2551,#2552));
#926=EDGE_LOOP('',(#2553,#2554,#2555,#2556,#2557));
#927=EDGE_LOOP('',(#2558,#2559,#2560,#2561,#2562));
#928=EDGE_LOOP('',(#2563,#2564,#2565,#2566,#2567,#2568));
#929=EDGE_LOOP('',(#2569,#2570,#2571,#2572,#2573,#2574));
#930=EDGE_LOOP('',(#2575,#2576,#2577,#2578));
#931=EDGE_LOOP('',(#2579,#2580,#2581,#2582));
#932=EDGE_LOOP('',(#2583,#2584,#2585,#2586));
#933=EDGE_LOOP('',(#2587,#2588,#2589,#2590,#2591));
#934=EDGE_LOOP('',(#2592,#2593,#2594,#2595));
#935=EDGE_LOOP('',(#2596,#2597,#2598,#2599));
#936=EDGE_LOOP('',(#2600,#2601,#2602,#2603));
#937=EDGE_LOOP('',(#2604,#2605,#2606,#2607));
#938=EDGE_LOOP('',(#2608,#2609,#2610,#2611));
#939=EDGE_LOOP('',(#2612,#2613,#2614,#2615));
#940=EDGE_LOOP('',(#2616,#2617,#2618,#2619,#2620,#2621));
#941=EDGE_LOOP('',(#2622,#2623,#2624,#2625));
#942=EDGE_LOOP('',(#2626,#2627,#2628,#2629));
#943=EDGE_LOOP('',(#2630,#2631,#2632,#2633));
#944=EDGE_LOOP('',(#2634,#2635,#2636,#2637));
#945=EDGE_LOOP('',(#2638,#2639,#2640,#2641));
#946=EDGE_LOOP('',(#2642,#2643,#2644,#2645));
#947=EDGE_LOOP('',(#2646,#2647,#2648,#2649));
#948=EDGE_LOOP('',(#2650,#2651,#2652,#2653,#2654,#2655));
#949=EDGE_LOOP('',(#2656,#2657,#2658,#2659));
#950=EDGE_LOOP('',(#2660,#2661,#2662,#2663,#2664));
#951=EDGE_LOOP('',(#2665,#2666,#2667,#2668,#2669,#2670));
#952=EDGE_LOOP('',(#2671,#2672,#2673,#2674));
#953=EDGE_LOOP('',(#2675,#2676,#2677,#2678));
#954=EDGE_LOOP('',(#2679,#2680,#2681,#2682,#2683));
#955=EDGE_LOOP('',(#2684,#2685,#2686,#2687,#2688,#2689,#2690,#2691,#2692,
#2693,#2694,#2695,#2696,#2697,#2698,#2699));
#956=EDGE_LOOP('',(#2700));
#957=EDGE_LOOP('',(#2701,#2702,#2703));
#958=EDGE_LOOP('',(#2704,#2705,#2706,#2707,#2708,#2709));
#959=EDGE_LOOP('',(#2710,#2711,#2712,#2713));
#960=EDGE_LOOP('',(#2714,#2715,#2716,#2717));
#961=EDGE_LOOP('',(#2718,#2719,#2720,#2721,#2722));
#962=EDGE_LOOP('',(#2723,#2724,#2725,#2726,#2727,#2728,#2729));
#963=EDGE_LOOP('',(#2730,#2731,#2732,#2733));
#964=EDGE_LOOP('',(#2734,#2735,#2736,#2737));
#965=EDGE_LOOP('',(#2738,#2739,#2740,#2741));
#966=EDGE_LOOP('',(#2742,#2743,#2744,#2745));
#967=EDGE_LOOP('',(#2746,#2747,#2748,#2749));
#968=EDGE_LOOP('',(#2750,#2751,#2752,#2753));
#969=EDGE_LOOP('',(#2754,#2755,#2756,#2757));
#970=EDGE_LOOP('',(#2758,#2759,#2760,#2761));
#971=EDGE_LOOP('',(#2762,#2763,#2764,#2765));
#972=EDGE_LOOP('',(#2766,#2767,#2768,#2769,#2770,#2771,#2772,#2773,#2774,
#2775,#2776,#2777,#2778,#2779,#2780,#2781,#2782));
#973=EDGE_LOOP('',(#2783,#2784,#2785,#2786));
#974=EDGE_LOOP('',(#2787,#2788,#2789,#2790));
#975=EDGE_LOOP('',(#2791,#2792,#2793));
#976=EDGE_LOOP('',(#2794,#2795,#2796,#2797,#2798,#2799,#2800,#2801));
#977=EDGE_LOOP('',(#2802,#2803,#2804,#2805));
#978=EDGE_LOOP('',(#2806,#2807,#2808,#2809));
#979=EDGE_LOOP('',(#2810,#2811,#2812,#2813));
#980=EDGE_LOOP('',(#2814,#2815,#2816,#2817));
#981=EDGE_LOOP('',(#2818,#2819,#2820,#2821));
#982=EDGE_LOOP('',(#2822,#2823,#2824,#2825));
#983=EDGE_LOOP('',(#2826,#2827,#2828,#2829));
#984=EDGE_LOOP('',(#2830,#2831,#2832));
#985=EDGE_LOOP('',(#2833,#2834,#2835,#2836));
#986=EDGE_LOOP('',(#2837,#2838,#2839));
#987=EDGE_LOOP('',(#2840,#2841,#2842,#2843,#2844));
#988=EDGE_LOOP('',(#2845,#2846,#2847,#2848,#2849));
#989=EDGE_LOOP('',(#2850,#2851,#2852,#2853));
#990=EDGE_LOOP('',(#2854,#2855,#2856,#2857));
#991=EDGE_LOOP('',(#2858,#2859,#2860,#2861));
#992=EDGE_LOOP('',(#2862,#2863,#2864,#2865));
#993=EDGE_LOOP('',(#2866,#2867,#2868,#2869));
#994=EDGE_LOOP('',(#2870,#2871,#2872,#2873,#2874,#2875));
#995=EDGE_LOOP('',(#2876,#2877,#2878,#2879));
#996=EDGE_LOOP('',(#2880,#2881,#2882,#2883));
#997=EDGE_LOOP('',(#2884,#2885,#2886,#2887));
#998=EDGE_LOOP('',(#2888,#2889,#2890,#2891));
#999=EDGE_LOOP('',(#2892,#2893,#2894,#2895));
#1000=EDGE_LOOP('',(#2896,#2897,#2898,#2899,#2900,#2901));
#1001=EDGE_LOOP('',(#2902,#2903,#2904));
#1002=EDGE_LOOP('',(#2905,#2906,#2907,#2908));
#1003=EDGE_LOOP('',(#2909,#2910,#2911,#2912,#2913));
#1004=EDGE_LOOP('',(#2914,#2915,#2916,#2917));
#1005=EDGE_LOOP('',(#2918,#2919,#2920,#2921));
#1006=EDGE_LOOP('',(#2922,#2923,#2924,#2925));
#1007=EDGE_LOOP('',(#2926,#2927,#2928,#2929));
#1008=EDGE_LOOP('',(#2930,#2931,#2932,#2933,#2934,#2935));
#1009=EDGE_LOOP('',(#2936,#2937,#2938,#2939,#2940,#2941,#2942,#2943,#2944,
#2945,#2946,#2947,#2948,#2949));
#1010=EDGE_LOOP('',(#2950,#2951,#2952,#2953));
#1011=EDGE_LOOP('',(#2954,#2955,#2956,#2957));
#1012=EDGE_LOOP('',(#2958,#2959,#2960,#2961));
#1013=EDGE_LOOP('',(#2962,#2963,#2964,#2965,#2966,#2967,#2968,#2969,#2970,
#2971,#2972,#2973,#2974,#2975,#2976));
#1014=EDGE_LOOP('',(#2977,#2978,#2979,#2980));
#1015=EDGE_LOOP('',(#2981,#2982,#2983,#2984,#2985));
#1016=EDGE_LOOP('',(#2986,#2987,#2988,#2989,#2990,#2991,#2992,#2993,#2994,
#2995,#2996,#2997));
#1017=EDGE_LOOP('',(#2998));
#1018=EDGE_LOOP('',(#2999,#3000,#3001));
#1019=EDGE_LOOP('',(#3002,#3003,#3004,#3005));
#1020=EDGE_LOOP('',(#3006,#3007,#3008,#3009,#3010));
#1021=EDGE_LOOP('',(#3011,#3012,#3013,#3014,#3015));
#1022=EDGE_LOOP('',(#3016,#3017,#3018,#3019,#3020,#3021,#3022));
#1023=EDGE_LOOP('',(#3023,#3024,#3025,#3026,#3027,#3028,#3029));
#1024=EDGE_LOOP('',(#3030,#3031,#3032,#3033,#3034));
#1025=EDGE_LOOP('',(#3035,#3036,#3037,#3038));
#1026=EDGE_LOOP('',(#3039));
#1027=EDGE_LOOP('',(#3040));
#1028=EDGE_LOOP('',(#3041,#3042,#3043,#3044));
#1029=EDGE_LOOP('',(#3045,#3046));
#1030=EDGE_LOOP('',(#3047));
#1031=EDGE_LOOP('',(#3048,#3049,#3050,#3051));
#1032=EDGE_LOOP('',(#3052,#3053,#3054,#3055));
#1033=EDGE_LOOP('',(#3056,#3057,#3058,#3059));
#1034=EDGE_LOOP('',(#3060,#3061,#3062,#3063,#3064,#3065));
#1035=EDGE_LOOP('',(#3066,#3067,#3068,#3069));
#1036=EDGE_LOOP('',(#3070,#3071,#3072,#3073));
#1037=EDGE_LOOP('',(#3074,#3075,#3076,#3077));
#1038=EDGE_LOOP('',(#3078,#3079,#3080,#3081));
#1039=EDGE_LOOP('',(#3082,#3083,#3084,#3085));
#1040=EDGE_LOOP('',(#3086,#3087,#3088,#3089));
#1041=EDGE_LOOP('',(#3090,#3091,#3092,#3093));
#1042=EDGE_LOOP('',(#3094,#3095,#3096,#3097));
#1043=EDGE_LOOP('',(#3098,#3099,#3100,#3101,#3102));
#1044=EDGE_LOOP('',(#3103,#3104,#3105,#3106));
#1045=EDGE_LOOP('',(#3107,#3108,#3109,#3110,#3111));
#1046=EDGE_LOOP('',(#3112,#3113,#3114,#3115));
#1047=EDGE_LOOP('',(#3116,#3117,#3118,#3119,#3120));
#1048=EDGE_LOOP('',(#3121,#3122,#3123,#3124,#3125,#3126,#3127,#3128,#3129,
#3130,#3131,#3132,#3133,#3134,#3135,#3136));
#1049=EDGE_LOOP('',(#3137,#3138,#3139,#3140,#3141,#3142));
#1050=EDGE_LOOP('',(#3143,#3144,#3145,#3146,#3147));
#1051=EDGE_LOOP('',(#3148,#3149,#3150,#3151));
#1052=EDGE_LOOP('',(#3152,#3153,#3154,#3155,#3156,#3157));
#1053=EDGE_LOOP('',(#3158,#3159,#3160,#3161));
#1054=EDGE_LOOP('',(#3162,#3163,#3164,#3165));
#1055=EDGE_LOOP('',(#3166,#3167,#3168,#3169));
#1056=EDGE_LOOP('',(#3170,#3171,#3172,#3173));
#1057=EDGE_LOOP('',(#3174,#3175,#3176,#3177));
#1058=EDGE_LOOP('',(#3178,#3179,#3180,#3181,#3182));
#1059=EDGE_LOOP('',(#3183,#3184,#3185,#3186,#3187,#3188,#3189,#3190));
#1060=EDGE_LOOP('',(#3191,#3192,#3193,#3194));
#1061=EDGE_LOOP('',(#3195,#3196,#3197,#3198));
#1062=EDGE_LOOP('',(#3199,#3200,#3201,#3202,#3203));
#1063=EDGE_LOOP('',(#3204,#3205,#3206,#3207));
#1064=EDGE_LOOP('',(#3208,#3209,#3210,#3211));
#1065=EDGE_LOOP('',(#3212,#3213,#3214,#3215));
#1066=EDGE_LOOP('',(#3216,#3217,#3218,#3219));
#1067=EDGE_LOOP('',(#3220,#3221,#3222,#3223));
#1068=EDGE_LOOP('',(#3224,#3225,#3226,#3227));
#1069=EDGE_LOOP('',(#3228,#3229,#3230,#3231));
#1070=EDGE_LOOP('',(#3232,#3233,#3234,#3235));
#1071=EDGE_LOOP('',(#3236,#3237,#3238,#3239));
#1072=EDGE_LOOP('',(#3240,#3241,#3242,#3243));
#1073=EDGE_LOOP('',(#3244,#3245,#3246,#3247));
#1074=EDGE_LOOP('',(#3248,#3249,#3250,#3251));
#1075=EDGE_LOOP('',(#3252,#3253,#3254,#3255));
#1076=EDGE_LOOP('',(#3256,#3257,#3258,#3259));
#1077=EDGE_LOOP('',(#3260,#3261,#3262,#3263));
#1078=EDGE_LOOP('',(#3264,#3265,#3266,#3267));
#1079=LINE('',#4613,#1193);
#1080=LINE('',#4615,#1194);
#1081=LINE('',#4617,#1195);
#1082=LINE('',#4618,#1196);
#1083=LINE('',#4630,#1197);
#1084=LINE('',#4651,#1198);
#1085=LINE('',#4671,#1199);
#1086=LINE('',#4673,#1200);
#1087=LINE('',#4675,#1201);
#1088=LINE('',#4676,#1202);
#1089=LINE('',#4686,#1203);
#1090=LINE('',#4699,#1204);
#1091=LINE('',#4867,#1205);
#1092=LINE('',#4868,#1206);
#1093=LINE('',#4871,#1207);
#1094=LINE('',#4874,#1208);
#1095=LINE('',#4914,#1209);
#1096=LINE('',#4966,#1210);
#1097=LINE('',#5025,#1211);
#1098=LINE('',#5039,#1212);
#1099=LINE('',#5094,#1213);
#1100=LINE('',#5167,#1214);
#1101=LINE('',#5173,#1215);
#1102=LINE('',#5231,#1216);
#1103=LINE('',#5305,#1217);
#1104=LINE('',#5308,#1218);
#1105=LINE('',#5401,#1219);
#1106=LINE('',#5407,#1220);
#1107=LINE('',#5446,#1221);
#1108=LINE('',#5450,#1222);
#1109=LINE('',#5595,#1223);
#1110=LINE('',#5598,#1224);
#1111=LINE('',#5601,#1225);
#1112=LINE('',#5675,#1226);
#1113=LINE('',#5710,#1227);
#1114=LINE('',#5717,#1228);
#1115=LINE('',#5768,#1229);
#1116=LINE('',#5771,#1230);
#1117=LINE('',#5815,#1231);
#1118=LINE('',#5890,#1232);
#1119=LINE('',#5938,#1233);
#1120=LINE('',#5942,#1234);
#1121=LINE('',#5984,#1235);
#1122=LINE('',#6004,#1236);
#1123=LINE('',#6057,#1237);
#1124=LINE('',#6089,#1238);
#1125=LINE('',#6221,#1239);
#1126=LINE('',#6222,#1240);
#1127=LINE('',#6245,#1241);
#1128=LINE('',#6269,#1242);
#1129=LINE('',#6275,#1243);
#1130=LINE('',#6277,#1244);
#1131=LINE('',#6319,#1245);
#1132=LINE('',#6321,#1246);
#1133=LINE('',#6349,#1247);
#1134=LINE('',#6510,#1248);
#1135=LINE('',#6512,#1249);
#1136=LINE('',#6546,#1250);
#1137=LINE('',#6588,#1251);
#1138=LINE('',#6618,#1252);
#1139=LINE('',#6626,#1253);
#1140=LINE('',#7497,#1254);
#1141=LINE('',#7509,#1255);
#1142=LINE('',#7519,#1256);
#1143=LINE('',#7520,#1257);
#1144=LINE('',#7528,#1258);
#1145=LINE('',#7615,#1259);
#1146=LINE('',#8010,#1260);
#1147=LINE('',#8011,#1261);
#1148=LINE('',#8109,#1262);
#1149=LINE('',#8112,#1263);
#1150=LINE('',#8133,#1264);
#1151=LINE('',#8134,#1265);
#1152=LINE('',#8186,#1266);
#1153=LINE('',#8244,#1267);
#1154=LINE('',#8254,#1268);
#1155=LINE('',#8258,#1269);
#1156=LINE('',#8268,#1270);
#1157=LINE('',#8665,#1271);
#1158=LINE('',#8706,#1272);
#1159=LINE('',#8859,#1273);
#1160=LINE('',#9001,#1274);
#1161=LINE('',#9005,#1275);
#1162=LINE('',#9349,#1276);
#1163=LINE('',#9350,#1277);
#1164=LINE('',#9352,#1278);
#1165=LINE('',#9354,#1279);
#1166=LINE('',#9356,#1280);
#1167=LINE('',#9358,#1281);
#1168=LINE('',#9360,#1282);
#1169=LINE('',#9438,#1283);
#1170=LINE('',#9439,#1284);
#1171=LINE('',#9451,#1285);
#1172=LINE('',#9453,#1286);
#1173=LINE('',#9462,#1287);
#1174=LINE('',#9463,#1288);
#1175=LINE('',#9465,#1289);
#1176=LINE('',#9469,#1290);
#1177=LINE('',#9471,#1291);
#1178=LINE('',#9489,#1292);
#1179=LINE('',#9491,#1293);
#1180=LINE('',#9493,#1294);
#1181=LINE('',#9495,#1295);
#1182=LINE('',#9499,#1296);
#1183=LINE('',#9501,#1297);
#1184=LINE('',#9503,#1298);
#1185=LINE('',#9506,#1299);
#1186=LINE('',#9507,#1300);
#1187=LINE('',#9509,#1301);
#1188=LINE('',#9511,#1302);
#1189=LINE('',#9514,#1303);
#1190=LINE('',#9516,#1304);
#1191=LINE('',#9518,#1305);
#1192=LINE('',#9521,#1306);
#1193=VECTOR('',#3851,10.);
#1194=VECTOR('',#3852,10.);
#1195=VECTOR('',#3853,10.);
#1196=VECTOR('',#3854,10.);
#1197=VECTOR('',#3865,10.);
#1198=VECTOR('',#3886,10.);
#1199=VECTOR('',#3907,10.);
#1200=VECTOR('',#3908,10.);
#1201=VECTOR('',#3909,10.);
#1202=VECTOR('',#3910,10.);
#1203=VECTOR('',#3919,10.);
#1204=VECTOR('',#3932,10.);
#1205=VECTOR('',#3949,10.);
#1206=VECTOR('',#3950,10.);
#1207=VECTOR('',#3953,10.);
#1208=VECTOR('',#3956,10.);
#1209=VECTOR('',#3963,10.);
#1210=VECTOR('',#3970,10.);
#1211=VECTOR('',#3979,10.);
#1212=VECTOR('',#3984,10.);
#1213=VECTOR('',#3991,10.);
#1214=VECTOR('',#3998,10.);
#1215=VECTOR('',#3999,10.);
#1216=VECTOR('',#4010,10.);
#1217=VECTOR('',#4017,10.);
#1218=VECTOR('',#4020,10.);
#1219=VECTOR('',#4027,10.);
#1220=VECTOR('',#4028,10.);
#1221=VECTOR('',#4041,10.);
#1222=VECTOR('',#4046,10.);
#1223=VECTOR('',#4057,10.);
#1224=VECTOR('',#4060,10.);
#1225=VECTOR('',#4063,10.);
#1226=VECTOR('',#4076,10.);
#1227=VECTOR('',#4085,10.);
#1228=VECTOR('',#4088,10.);
#1229=VECTOR('',#4093,10.);
#1230=VECTOR('',#4096,10.);
#1231=VECTOR('',#4099,10.);
#1232=VECTOR('',#4112,10.);
#1233=VECTOR('',#4117,10.);
#1234=VECTOR('',#4122,10.);
#1235=VECTOR('',#4129,10.);
#1236=VECTOR('',#4134,10.);
#1237=VECTOR('',#4141,10.);
#1238=VECTOR('',#4146,10.);
#1239=VECTOR('',#4161,10.);
#1240=VECTOR('',#4162,10.);
#1241=VECTOR('',#4181,10.);
#1242=VECTOR('',#4186,10.);
#1243=VECTOR('',#4189,10.);
#1244=VECTOR('',#4192,10.);
#1245=VECTOR('',#4193,10.);
#1246=VECTOR('',#4194,10.);
#1247=VECTOR('',#4195,10.);
#1248=VECTOR('',#4198,10.);
#1249=VECTOR('',#4199,10.);
#1250=VECTOR('',#4200,10.);
#1251=VECTOR('',#4201,10.);
#1252=VECTOR('',#4202,10.);
#1253=VECTOR('',#4203,10.);
#1254=VECTOR('',#4254,10.);
#1255=VECTOR('',#4265,10.);
#1256=VECTOR('',#4274,10.);
#1257=VECTOR('',#4275,10.);
#1258=VECTOR('',#4286,10.);
#1259=VECTOR('',#4319,10.);
#1260=VECTOR('',#4368,10.);
#1261=VECTOR('',#4369,10.);
#1262=VECTOR('',#4378,10.);
#1263=VECTOR('',#4381,10.);
#1264=VECTOR('',#4396,10.);
#1265=VECTOR('',#4397,10.);
#1266=VECTOR('',#4428,10.);
#1267=VECTOR('',#4433,10.);
#1268=VECTOR('',#4436,10.);
#1269=VECTOR('',#4439,10.);
#1270=VECTOR('',#4440,10.);
#1271=VECTOR('',#4447,10.);
#1272=VECTOR('',#4452,0.93);
#1273=VECTOR('',#4453,10.);
#1274=VECTOR('',#4460,0.93);
#1275=VECTOR('',#4465,2.5);
#1276=VECTOR('',#4500,10.);
#1277=VECTOR('',#4501,10.);
#1278=VECTOR('',#4504,10.);
#1279=VECTOR('',#4507,10.);
#1280=VECTOR('',#4510,10.);
#1281=VECTOR('',#4513,10.);
#1282=VECTOR('',#4516,10.);
#1283=VECTOR('',#4525,10.);
#1284=VECTOR('',#4526,10.);
#1285=VECTOR('',#4529,10.);
#1286=VECTOR('',#4532,10.);
#1287=VECTOR('',#4535,10.);
#1288=VECTOR('',#4536,10.);
#1289=VECTOR('',#4539,10.);
#1290=VECTOR('',#4544,10.);
#1291=VECTOR('',#4547,10.);
#1292=VECTOR('',#4556,10.);
#1293=VECTOR('',#4559,10.);
#1294=VECTOR('',#4562,10.);
#1295=VECTOR('',#4565,10.);
#1296=VECTOR('',#4572,10.);
#1297=VECTOR('',#4575,10.);
#1298=VECTOR('',#4578,10.);
#1299=VECTOR('',#4583,10.);
#1300=VECTOR('',#4584,10.);
#1301=VECTOR('',#4587,10.);
#1302=VECTOR('',#4590,10.);
#1303=VECTOR('',#4595,10.);
#1304=VECTOR('',#4598,10.);
#1305=VECTOR('',#4601,10.);
#1306=VECTOR('',#4606,10.);
#1307=VERTEX_POINT('',#4611);
#1308=VERTEX_POINT('',#4612);
#1309=VERTEX_POINT('',#4614);
#1310=VERTEX_POINT('',#4616);
#1311=VERTEX_POINT('',#4620);
#1312=VERTEX_POINT('',#4621);
#1313=VERTEX_POINT('',#4623);
#1314=VERTEX_POINT('',#4625);
#1315=VERTEX_POINT('',#4627);
#1316=VERTEX_POINT('',#4629);
#1317=VERTEX_POINT('',#4631);
#1318=VERTEX_POINT('',#4633);
#1319=VERTEX_POINT('',#4635);
#1320=VERTEX_POINT('',#4637);
#1321=VERTEX_POINT('',#4640);
#1322=VERTEX_POINT('',#4642);
#1323=VERTEX_POINT('',#4644);
#1324=VERTEX_POINT('',#4646);
#1325=VERTEX_POINT('',#4648);
#1326=VERTEX_POINT('',#4650);
#1327=VERTEX_POINT('',#4652);
#1328=VERTEX_POINT('',#4656);
#1329=VERTEX_POINT('',#4657);
#1330=VERTEX_POINT('',#4659);
#1331=VERTEX_POINT('',#4661);
#1332=VERTEX_POINT('',#4663);
#1333=VERTEX_POINT('',#4665);
#1334=VERTEX_POINT('',#4669);
#1335=VERTEX_POINT('',#4670);
#1336=VERTEX_POINT('',#4672);
#1337=VERTEX_POINT('',#4674);
#1338=VERTEX_POINT('',#4678);
#1339=VERTEX_POINT('',#4679);
#1340=VERTEX_POINT('',#4681);
#1341=VERTEX_POINT('',#4683);
#1342=VERTEX_POINT('',#4685);
#1343=VERTEX_POINT('',#4687);
#1344=VERTEX_POINT('',#4689);
#1345=VERTEX_POINT('',#4692);
#1346=VERTEX_POINT('',#4694);
#1347=VERTEX_POINT('',#4696);
#1348=VERTEX_POINT('',#4698);
#1349=VERTEX_POINT('',#4700);
#1350=VERTEX_POINT('',#4702);
#1351=VERTEX_POINT('',#4725);
#1352=VERTEX_POINT('',#4726);
#1353=VERTEX_POINT('',#4728);
#1354=VERTEX_POINT('',#4733);
#1355=VERTEX_POINT('',#4755);
#1356=VERTEX_POINT('',#4788);
#1357=VERTEX_POINT('',#4793);
#1358=VERTEX_POINT('',#4823);
#1359=VERTEX_POINT('',#4852);
#1360=VERTEX_POINT('',#4859);
#1361=VERTEX_POINT('',#4870);
#1362=VERTEX_POINT('',#4872);
#1363=VERTEX_POINT('',#4899);
#1364=VERTEX_POINT('',#4904);
#1365=VERTEX_POINT('',#4911);
#1366=VERTEX_POINT('',#4913);
#1367=VERTEX_POINT('',#4915);
#1368=VERTEX_POINT('',#4920);
#1369=VERTEX_POINT('',#4926);
#1370=VERTEX_POINT('',#4928);
#1371=VERTEX_POINT('',#4933);
#1372=VERTEX_POINT('',#4941);
#1373=VERTEX_POINT('',#4951);
#1374=VERTEX_POINT('',#4958);
#1375=VERTEX_POINT('',#4965);
#1376=VERTEX_POINT('',#4967);
#1377=VERTEX_POINT('',#4969);
#1378=VERTEX_POINT('',#4971);
#1379=VERTEX_POINT('',#4976);
#1380=VERTEX_POINT('',#4981);
#1381=VERTEX_POINT('',#4988);
#1382=VERTEX_POINT('',#4993);
#1383=VERTEX_POINT('',#5010);
#1384=VERTEX_POINT('',#5015);
#1385=VERTEX_POINT('',#5020);
#1386=VERTEX_POINT('',#5022);
#1387=VERTEX_POINT('',#5024);
#1388=VERTEX_POINT('',#5028);
#1389=VERTEX_POINT('',#5034);
#1390=VERTEX_POINT('',#5060);
#1391=VERTEX_POINT('',#5062);
#1392=VERTEX_POINT('',#5084);
#1393=VERTEX_POINT('',#5115);
#1394=VERTEX_POINT('',#5120);
#1395=VERTEX_POINT('',#5146);
#1396=VERTEX_POINT('',#5160);
#1397=VERTEX_POINT('',#5168);
#1398=VERTEX_POINT('',#5204);
#1399=VERTEX_POINT('',#5212);
#1400=VERTEX_POINT('',#5214);
#1401=VERTEX_POINT('',#5219);
#1402=VERTEX_POINT('',#5224);
#1403=VERTEX_POINT('',#5252);
#1404=VERTEX_POINT('',#5253);
#1405=VERTEX_POINT('',#5255);
#1406=VERTEX_POINT('',#5260);
#1407=VERTEX_POINT('',#5290);
#1408=VERTEX_POINT('',#5304);
#1409=VERTEX_POINT('',#5306);
#1410=VERTEX_POINT('',#5333);
#1411=VERTEX_POINT('',#5338);
#1412=VERTEX_POINT('',#5368);
#1413=VERTEX_POINT('',#5394);
#1414=VERTEX_POINT('',#5402);
#1415=VERTEX_POINT('',#5428);
#1416=VERTEX_POINT('',#5433);
#1417=VERTEX_POINT('',#5440);
#1418=VERTEX_POINT('',#5442);
#1419=VERTEX_POINT('',#5448);
#1420=VERTEX_POINT('',#5476);
#1421=VERTEX_POINT('',#5478);
#1422=VERTEX_POINT('',#5484);
#1423=VERTEX_POINT('',#5515);
#1424=VERTEX_POINT('',#5548);
#1425=VERTEX_POINT('',#5574);
#1426=VERTEX_POINT('',#5590);
#1427=VERTEX_POINT('',#5597);
#1428=VERTEX_POINT('',#5599);
#1429=VERTEX_POINT('',#5622);
#1430=VERTEX_POINT('',#5629);
#1431=VERTEX_POINT('',#5631);
#1432=VERTEX_POINT('',#5637);
#1433=VERTEX_POINT('',#5643);
#1434=VERTEX_POINT('',#5650);
#1435=VERTEX_POINT('',#5660);
#1436=VERTEX_POINT('',#5665);
#1437=VERTEX_POINT('',#5674);
#1438=VERTEX_POINT('',#5676);
#1439=VERTEX_POINT('',#5678);
#1440=VERTEX_POINT('',#5680);
#1441=VERTEX_POINT('',#5685);
#1442=VERTEX_POINT('',#5696);
#1443=VERTEX_POINT('',#5701);
#1444=VERTEX_POINT('',#5706);
#1445=VERTEX_POINT('',#5708);
#1446=VERTEX_POINT('',#5712);
#1447=VERTEX_POINT('',#5742);
#1448=VERTEX_POINT('',#5747);
#1449=VERTEX_POINT('',#5754);
#1450=VERTEX_POINT('',#5767);
#1451=VERTEX_POINT('',#5769);
#1452=VERTEX_POINT('',#5805);
#1453=VERTEX_POINT('',#5810);
#1454=VERTEX_POINT('',#5858);
#1455=VERTEX_POINT('',#5864);
#1456=VERTEX_POINT('',#5872);
#1457=VERTEX_POINT('',#5874);
#1458=VERTEX_POINT('',#5887);
#1459=VERTEX_POINT('',#5889);
#1460=VERTEX_POINT('',#5931);
#1461=VERTEX_POINT('',#5940);
#1462=VERTEX_POINT('',#5944);
#1463=VERTEX_POINT('',#5975);
#1464=VERTEX_POINT('',#5983);
#1465=VERTEX_POINT('',#5985);
#1466=VERTEX_POINT('',#5991);
#1467=VERTEX_POINT('',#6001);
#1468=VERTEX_POINT('',#6003);
#1469=VERTEX_POINT('',#6047);
#1470=VERTEX_POINT('',#6049);
#1471=VERTEX_POINT('',#6087);
#1472=VERTEX_POINT('',#6091);
#1473=VERTEX_POINT('',#6097);
#1474=VERTEX_POINT('',#6102);
#1475=VERTEX_POINT('',#6141);
#1476=VERTEX_POINT('',#6143);
#1477=VERTEX_POINT('',#6196);
#1478=VERTEX_POINT('',#6201);
#1479=VERTEX_POINT('',#6208);
#1480=VERTEX_POINT('',#6226);
#1481=VERTEX_POINT('',#6228);
#1482=VERTEX_POINT('',#6232);
#1483=VERTEX_POINT('',#6234);
#1484=VERTEX_POINT('',#6268);
#1485=VERTEX_POINT('',#6318);
#1486=VERTEX_POINT('',#6320);
#1487=VERTEX_POINT('',#6348);
#1488=VERTEX_POINT('',#6436);
#1489=VERTEX_POINT('',#6509);
#1490=VERTEX_POINT('',#6511);
#1491=VERTEX_POINT('',#6545);
#1492=VERTEX_POINT('',#6587);
#1493=VERTEX_POINT('',#6617);
#1494=VERTEX_POINT('',#6619);
#1495=VERTEX_POINT('',#6687);
#1496=VERTEX_POINT('',#6723);
#1497=VERTEX_POINT('',#6751);
#1498=VERTEX_POINT('',#6802);
#1499=VERTEX_POINT('',#6833);
#1500=VERTEX_POINT('',#6883);
#1501=VERTEX_POINT('',#6890);
#1502=VERTEX_POINT('',#6895);
#1503=VERTEX_POINT('',#6901);
#1504=VERTEX_POINT('',#6903);
#1505=VERTEX_POINT('',#6909);
#1506=VERTEX_POINT('',#6914);
#1507=VERTEX_POINT('',#6920);
#1508=VERTEX_POINT('',#6947);
#1509=VERTEX_POINT('',#6957);
#1510=VERTEX_POINT('',#6963);
#1511=VERTEX_POINT('',#6968);
#1512=VERTEX_POINT('',#6974);
#1513=VERTEX_POINT('',#6985);
#1514=VERTEX_POINT('',#7072);
#1515=VERTEX_POINT('',#7125);
#1516=VERTEX_POINT('',#7132);
#1517=VERTEX_POINT('',#7137);
#1518=VERTEX_POINT('',#7173);
#1519=VERTEX_POINT('',#7178);
#1520=VERTEX_POINT('',#7208);
#1521=VERTEX_POINT('',#7231);
#1522=VERTEX_POINT('',#7259);
#1523=VERTEX_POINT('',#7286);
#1524=VERTEX_POINT('',#7337);
#1525=VERTEX_POINT('',#7378);
#1526=VERTEX_POINT('',#7411);
#1527=VERTEX_POINT('',#7478);
#1528=VERTEX_POINT('',#7485);
#1529=VERTEX_POINT('',#7494);
#1530=VERTEX_POINT('',#7496);
#1531=VERTEX_POINT('',#7498);
#1532=VERTEX_POINT('',#7500);
#1533=VERTEX_POINT('',#7502);
#1534=VERTEX_POINT('',#7504);
#1535=VERTEX_POINT('',#7506);
#1536=VERTEX_POINT('',#7508);
#1537=VERTEX_POINT('',#7510);
#1538=VERTEX_POINT('',#7512);
#1539=VERTEX_POINT('',#7514);
#1540=VERTEX_POINT('',#7516);
#1541=VERTEX_POINT('',#7518);
#1542=VERTEX_POINT('',#7522);
#1543=VERTEX_POINT('',#7526);
#1544=VERTEX_POINT('',#7550);
#1545=VERTEX_POINT('',#7552);
#1546=VERTEX_POINT('',#7563);
#1547=VERTEX_POINT('',#7568);
#1548=VERTEX_POINT('',#7582);
#1549=VERTEX_POINT('',#7597);
#1550=VERTEX_POINT('',#7601);
#1551=VERTEX_POINT('',#7605);
#1552=VERTEX_POINT('',#7609);
#1553=VERTEX_POINT('',#7613);
#1554=VERTEX_POINT('',#7638);
#1555=VERTEX_POINT('',#7640);
#1556=VERTEX_POINT('',#7645);
#1557=VERTEX_POINT('',#7701);
#1558=VERTEX_POINT('',#7702);
#1559=VERTEX_POINT('',#7704);
#1560=VERTEX_POINT('',#7709);
#1561=VERTEX_POINT('',#7814);
#1562=VERTEX_POINT('',#7850);
#1563=VERTEX_POINT('',#7903);
#1564=VERTEX_POINT('',#7949);
#1565=VERTEX_POINT('',#7983);
#1566=VERTEX_POINT('',#7995);
#1567=VERTEX_POINT('',#7997);
#1568=VERTEX_POINT('',#8001);
#1569=VERTEX_POINT('',#8002);
#1570=VERTEX_POINT('',#8007);
#1571=VERTEX_POINT('',#8008);
#1572=VERTEX_POINT('',#8032);
#1573=VERTEX_POINT('',#8033);
#1574=VERTEX_POINT('',#8072);
#1575=VERTEX_POINT('',#8074);
#1576=VERTEX_POINT('',#8076);
#1577=VERTEX_POINT('',#8078);
#1578=VERTEX_POINT('',#8111);
#1579=VERTEX_POINT('',#8124);
#1580=VERTEX_POINT('',#8125);
#1581=VERTEX_POINT('',#8130);
#1582=VERTEX_POINT('',#8131);
#1583=VERTEX_POINT('',#8136);
#1584=VERTEX_POINT('',#8137);
#1585=VERTEX_POINT('',#8142);
#1586=VERTEX_POINT('',#8143);
#1587=VERTEX_POINT('',#8148);
#1588=VERTEX_POINT('',#8149);
#1589=VERTEX_POINT('',#8161);
#1590=VERTEX_POINT('',#8163);
#1591=VERTEX_POINT('',#8182);
#1592=VERTEX_POINT('',#8184);
#1593=VERTEX_POINT('',#8212);
#1594=VERTEX_POINT('',#8246);
#1595=VERTEX_POINT('',#8253);
#1596=VERTEX_POINT('',#8255);
#1597=VERTEX_POINT('',#8257);
#1598=VERTEX_POINT('',#8259);
#1599=VERTEX_POINT('',#8269);
#1600=VERTEX_POINT('',#8278);
#1601=VERTEX_POINT('',#8289);
#1602=VERTEX_POINT('',#8291);
#1603=VERTEX_POINT('',#8330);
#1604=VERTEX_POINT('',#8405);
#1605=VERTEX_POINT('',#8456);
#1606=VERTEX_POINT('',#8664);
#1607=VERTEX_POINT('',#8666);
#1608=VERTEX_POINT('',#8704);
#1609=VERTEX_POINT('',#8858);
#1610=VERTEX_POINT('',#8860);
#1611=VERTEX_POINT('',#8926);
#1612=VERTEX_POINT('',#8928);
#1613=VERTEX_POINT('',#8935);
#1614=VERTEX_POINT('',#8999);
#1615=VERTEX_POINT('',#9003);
#1616=VERTEX_POINT('',#9030);
#1617=VERTEX_POINT('',#9061);
#1618=VERTEX_POINT('',#9088);
#1619=VERTEX_POINT('',#9151);
#1620=VERTEX_POINT('',#9179);
#1621=VERTEX_POINT('',#9202);
#1622=VERTEX_POINT('',#9233);
#1623=VERTEX_POINT('',#9260);
#1624=VERTEX_POINT('',#9286);
#1625=VERTEX_POINT('',#9317);
#1626=VERTEX_POINT('',#9361);
#1627=VERTEX_POINT('',#9374);
#1628=VERTEX_POINT('',#9376);
#1629=VERTEX_POINT('',#9387);
#1630=VERTEX_POINT('',#9398);
#1631=VERTEX_POINT('',#9400);
#1632=VERTEX_POINT('',#9411);
#1633=VERTEX_POINT('',#9422);
#1634=VERTEX_POINT('',#9455);
#1635=VERTEX_POINT('',#9467);
#1636=EDGE_CURVE('',#1307,#1308,#1079,.T.);
#1637=EDGE_CURVE('',#1308,#1309,#1080,.T.);
#1638=EDGE_CURVE('',#1310,#1309,#1081,.T.);
#1639=EDGE_CURVE('',#1307,#1310,#1082,.T.);
#1640=EDGE_CURVE('',#1311,#1312,#451,.T.);
#1641=EDGE_CURVE('',#1312,#1313,#452,.T.);
#1642=EDGE_CURVE('',#1313,#1314,#453,.T.);
#1643=EDGE_CURVE('',#1314,#1315,#454,.T.);
#1644=EDGE_CURVE('',#1315,#1316,#1083,.T.);
#1645=EDGE_CURVE('',#1316,#1317,#455,.T.);
#1646=EDGE_CURVE('',#1317,#1318,#456,.T.);
#1647=EDGE_CURVE('',#1318,#1319,#457,.T.);
#1648=EDGE_CURVE('',#1319,#1320,#458,.T.);
#1649=EDGE_CURVE('',#1320,#1310,#459,.T.);
#1650=EDGE_CURVE('',#1309,#1321,#460,.T.);
#1651=EDGE_CURVE('',#1321,#1322,#461,.T.);
#1652=EDGE_CURVE('',#1322,#1323,#462,.T.);
#1653=EDGE_CURVE('',#1323,#1324,#463,.T.);
#1654=EDGE_CURVE('',#1324,#1325,#464,.T.);
#1655=EDGE_CURVE('',#1325,#1326,#1084,.T.);
#1656=EDGE_CURVE('',#1326,#1327,#465,.T.);
#1657=EDGE_CURVE('',#1327,#1311,#466,.T.);
#1658=EDGE_CURVE('',#1328,#1329,#467,.T.);
#1659=EDGE_CURVE('',#1329,#1330,#468,.T.);
#1660=EDGE_CURVE('',#1330,#1331,#469,.T.);
#1661=EDGE_CURVE('',#1331,#1332,#470,.T.);
#1662=EDGE_CURVE('',#1332,#1333,#471,.T.);
#1663=EDGE_CURVE('',#1333,#1328,#472,.T.);
#1664=EDGE_CURVE('',#1334,#1335,#1085,.T.);
#1665=EDGE_CURVE('',#1335,#1336,#1086,.T.);
#1666=EDGE_CURVE('',#1337,#1336,#1087,.T.);
#1667=EDGE_CURVE('',#1334,#1337,#1088,.T.);
#1668=EDGE_CURVE('',#1338,#1339,#473,.T.);
#1669=EDGE_CURVE('',#1339,#1340,#474,.T.);
#1670=EDGE_CURVE('',#1340,#1341,#475,.T.);
#1671=EDGE_CURVE('',#1341,#1342,#1089,.T.);
#1672=EDGE_CURVE('',#1342,#1343,#476,.T.);
#1673=EDGE_CURVE('',#1343,#1344,#477,.T.);
#1674=EDGE_CURVE('',#1344,#1337,#478,.T.);
#1675=EDGE_CURVE('',#1336,#1345,#479,.T.);
#1676=EDGE_CURVE('',#1345,#1346,#480,.T.);
#1677=EDGE_CURVE('',#1346,#1347,#481,.T.);
#1678=EDGE_CURVE('',#1347,#1348,#1090,.T.);
#1679=EDGE_CURVE('',#1348,#1349,#482,.T.);
#1680=EDGE_CURVE('',#1349,#1350,#483,.T.);
#1681=EDGE_CURVE('',#1350,#1338,#484,.T.);
#1682=EDGE_CURVE('',#1351,#1352,#485,.T.);
#1683=EDGE_CURVE('',#1352,#1353,#127,.T.);
#1684=EDGE_CURVE('',#1354,#1353,#486,.T.);
#1685=EDGE_CURVE('',#1354,#1351,#128,.T.);
#1686=EDGE_CURVE('',#1353,#1355,#129,.T.);
#1687=EDGE_CURVE('',#1355,#1354,#130,.T.);
#1688=EDGE_CURVE('',#1352,#1356,#131,.T.);
#1689=EDGE_CURVE('',#1356,#1357,#487,.T.);
#1690=EDGE_CURVE('',#1357,#1355,#132,.T.);
#1691=EDGE_CURVE('',#1358,#1357,#133,.T.);
#1692=EDGE_CURVE('',#1356,#1359,#134,.T.);
#1693=EDGE_CURVE('',#1359,#1358,#488,.T.);
#1694=EDGE_CURVE('',#1360,#1358,#135,.T.);
#1695=EDGE_CURVE('',#1359,#1339,#1091,.T.);
#1696=EDGE_CURVE('',#1360,#1338,#1092,.T.);
#1697=EDGE_CURVE('',#1355,#1361,#1093,.T.);
#1698=EDGE_CURVE('',#1361,#1362,#489,.T.);
#1699=EDGE_CURVE('',#1362,#1354,#1094,.T.);
#1700=EDGE_CURVE('',#1351,#1363,#136,.T.);
#1701=EDGE_CURVE('',#1363,#1364,#490,.T.);
#1702=EDGE_CURVE('',#1364,#1352,#137,.T.);
#1703=EDGE_CURVE('',#1365,#1362,#491,.T.);
#1704=EDGE_CURVE('',#1366,#1365,#1095,.T.);
#1705=EDGE_CURVE('',#1367,#1366,#138,.T.);
#1706=EDGE_CURVE('',#1368,#1367,#139,.T.);
#1707=EDGE_CURVE('',#1369,#1368,#38,.T.);
#1708=EDGE_CURVE('',#1370,#1369,#140,.T.);
#1709=EDGE_CURVE('',#1371,#1370,#141,.T.);
#1710=EDGE_CURVE('',#1372,#1371,#142,.T.);
#1711=EDGE_CURVE('',#1373,#1372,#143,.T.);
#1712=EDGE_CURVE('',#1374,#1373,#144,.T.);
#1713=EDGE_CURVE('',#1363,#1374,#39,.T.);
#1714=EDGE_CURVE('',#1361,#1375,#1096,.T.);
#1715=EDGE_CURVE('',#1376,#1375,#492,.T.);
#1716=EDGE_CURVE('',#1377,#1376,#493,.T.);
#1717=EDGE_CURVE('',#1378,#1377,#145,.T.);
#1718=EDGE_CURVE('',#1379,#1378,#146,.T.);
#1719=EDGE_CURVE('',#1380,#1379,#147,.T.);
#1720=EDGE_CURVE('',#1381,#1380,#148,.T.);
#1721=EDGE_CURVE('',#1382,#1381,#149,.T.);
#1722=EDGE_CURVE('',#1383,#1382,#150,.T.);
#1723=EDGE_CURVE('',#1384,#1383,#151,.T.);
#1724=EDGE_CURVE('',#1385,#1384,#494,.T.);
#1725=EDGE_CURVE('',#1386,#1385,#495,.T.);
#1726=EDGE_CURVE('',#1386,#1387,#1097,.T.);
#1727=EDGE_CURVE('',#1365,#1387,#496,.T.);
#1728=EDGE_CURVE('',#1388,#1357,#152,.T.);
#1729=EDGE_CURVE('',#1389,#1388,#153,.T.);
#1730=EDGE_CURVE('',#1375,#1389,#1098,.T.);
#1731=EDGE_CURVE('',#1390,#1367,#497,.T.);
#1732=EDGE_CURVE('',#1391,#1366,#498,.T.);
#1733=EDGE_CURVE('',#1391,#1390,#154,.T.);
#1734=EDGE_CURVE('',#1366,#1392,#155,.T.);
#1735=EDGE_CURVE('',#1392,#1391,#156,.T.);
#1736=EDGE_CURVE('',#1387,#1392,#1099,.T.);
#1737=EDGE_CURVE('',#1392,#1393,#157,.T.);
#1738=EDGE_CURVE('',#1393,#1394,#499,.T.);
#1739=EDGE_CURVE('',#1394,#1390,#158,.T.);
#1740=EDGE_CURVE('',#1393,#1395,#159,.T.);
#1741=EDGE_CURVE('',#1395,#1396,#500,.T.);
#1742=EDGE_CURVE('',#1396,#1394,#160,.T.);
#1743=EDGE_CURVE('',#1396,#1328,#1100,.T.);
#1744=EDGE_CURVE('',#1395,#1397,#161,.T.);
#1745=EDGE_CURVE('',#1397,#1329,#1101,.T.);
#1746=EDGE_CURVE('',#1390,#1398,#162,.T.);
#1747=EDGE_CURVE('',#1368,#1398,#501,.T.);
#1748=EDGE_CURVE('',#1396,#1399,#502,.T.);
#1749=EDGE_CURVE('',#1400,#1399,#163,.T.);
#1750=EDGE_CURVE('',#1401,#1400,#164,.T.);
#1751=EDGE_CURVE('',#1402,#1401,#165,.T.);
#1752=EDGE_CURVE('',#1402,#1398,#503,.T.);
#1753=EDGE_CURVE('',#1399,#1333,#1102,.T.);
#1754=EDGE_CURVE('',#1403,#1404,#504,.T.);
#1755=EDGE_CURVE('',#1404,#1405,#166,.T.);
#1756=EDGE_CURVE('',#1406,#1405,#505,.T.);
#1757=EDGE_CURVE('',#1406,#1403,#167,.T.);
#1758=EDGE_CURVE('',#1405,#1407,#168,.T.);
#1759=EDGE_CURVE('',#1407,#1406,#169,.T.);
#1760=EDGE_CURVE('',#1405,#1408,#1103,.T.);
#1761=EDGE_CURVE('',#1408,#1409,#506,.T.);
#1762=EDGE_CURVE('',#1409,#1407,#1104,.T.);
#1763=EDGE_CURVE('',#1407,#1410,#170,.T.);
#1764=EDGE_CURVE('',#1410,#1411,#507,.T.);
#1765=EDGE_CURVE('',#1411,#1403,#171,.T.);
#1766=EDGE_CURVE('',#1410,#1412,#172,.T.);
#1767=EDGE_CURVE('',#1412,#1413,#508,.T.);
#1768=EDGE_CURVE('',#1413,#1411,#173,.T.);
#1769=EDGE_CURVE('',#1413,#1311,#1105,.T.);
#1770=EDGE_CURVE('',#1412,#1414,#174,.T.);
#1771=EDGE_CURVE('',#1414,#1312,#1106,.T.);
#1772=EDGE_CURVE('',#1403,#1415,#175,.T.);
#1773=EDGE_CURVE('',#1416,#1415,#509,.T.);
#1774=EDGE_CURVE('',#1416,#1404,#176,.T.);
#1775=EDGE_CURVE('',#1413,#1417,#510,.T.);
#1776=EDGE_CURVE('',#1418,#1417,#511,.T.);
#1777=EDGE_CURVE('',#1418,#1415,#512,.T.);
#1778=EDGE_CURVE('',#1327,#1417,#1107,.T.);
#1779=EDGE_CURVE('',#1414,#1419,#513,.T.);
#1780=EDGE_CURVE('',#1419,#1313,#1108,.T.);
#1781=EDGE_CURVE('',#1420,#1401,#514,.T.);
#1782=EDGE_CURVE('',#1401,#1421,#177,.T.);
#1783=EDGE_CURVE('',#1422,#1421,#515,.T.);
#1784=EDGE_CURVE('',#1422,#1420,#178,.T.);
#1785=EDGE_CURVE('',#1421,#1423,#179,.T.);
#1786=EDGE_CURVE('',#1423,#1422,#180,.T.);
#1787=EDGE_CURVE('',#1400,#1424,#516,.T.);
#1788=EDGE_CURVE('',#1424,#1423,#181,.T.);
#1789=EDGE_CURVE('',#1425,#1424,#182,.T.);
#1790=EDGE_CURVE('',#1399,#1425,#517,.T.);
#1791=EDGE_CURVE('',#1426,#1425,#183,.T.);
#1792=EDGE_CURVE('',#1426,#1332,#1109,.T.);
#1793=EDGE_CURVE('',#1423,#1427,#1110,.T.);
#1794=EDGE_CURVE('',#1427,#1428,#518,.T.);
#1795=EDGE_CURVE('',#1428,#1422,#1111,.T.);
#1796=EDGE_CURVE('',#1420,#1429,#184,.T.);
#1797=EDGE_CURVE('',#1402,#1429,#519,.T.);
#1798=EDGE_CURVE('',#1430,#1416,#40,.T.);
#1799=EDGE_CURVE('',#1431,#1430,#185,.T.);
#1800=EDGE_CURVE('',#1432,#1431,#186,.T.);
#1801=EDGE_CURVE('',#1433,#1432,#187,.T.);
#1802=EDGE_CURVE('',#1434,#1433,#188,.T.);
#1803=EDGE_CURVE('',#1435,#1434,#189,.T.);
#1804=EDGE_CURVE('',#1436,#1435,#190,.T.);
#1805=EDGE_CURVE('',#1429,#1436,#41,.T.);
#1806=EDGE_CURVE('',#1408,#1428,#520,.T.);
#1807=EDGE_CURVE('',#1427,#1437,#1112,.T.);
#1808=EDGE_CURVE('',#1438,#1437,#521,.T.);
#1809=EDGE_CURVE('',#1439,#1438,#522,.T.);
#1810=EDGE_CURVE('',#1440,#1439,#191,.T.);
#1811=EDGE_CURVE('',#1441,#1440,#192,.T.);
#1812=EDGE_CURVE('',#1442,#1441,#193,.T.);
#1813=EDGE_CURVE('',#1443,#1442,#194,.T.);
#1814=EDGE_CURVE('',#1444,#1443,#523,.T.);
#1815=EDGE_CURVE('',#1445,#1444,#524,.T.);
#1816=EDGE_CURVE('',#1445,#1409,#1113,.T.);
#1817=EDGE_CURVE('',#1446,#1424,#195,.T.);
#1818=EDGE_CURVE('',#1437,#1446,#1114,.T.);
#1819=EDGE_CURVE('',#1410,#1447,#196,.T.);
#1820=EDGE_CURVE('',#1447,#1448,#525,.T.);
#1821=EDGE_CURVE('',#1448,#1419,#197,.T.);
#1822=EDGE_CURVE('',#1444,#1449,#198,.T.);
#1823=EDGE_CURVE('',#1449,#1450,#1115,.T.);
#1824=EDGE_CURVE('',#1450,#1451,#526,.T.);
#1825=EDGE_CURVE('',#1451,#1445,#1116,.T.);
#1826=EDGE_CURVE('',#1450,#1448,#199,.T.);
#1827=EDGE_CURVE('',#1447,#1451,#200,.T.);
#1828=EDGE_CURVE('',#1452,#1419,#201,.T.);
#1829=EDGE_CURVE('',#1453,#1452,#202,.T.);
#1830=EDGE_CURVE('',#1314,#1453,#1117,.T.);
#1831=EDGE_CURVE('',#1448,#1452,#527,.T.);
#1832=EDGE_CURVE('',#1450,#1454,#203,.T.);
#1833=EDGE_CURVE('',#1454,#1455,#528,.T.);
#1834=EDGE_CURVE('',#1455,#1452,#204,.T.);
#1835=EDGE_CURVE('',#1456,#1449,#529,.T.);
#1836=EDGE_CURVE('',#1457,#1456,#205,.T.);
#1837=EDGE_CURVE('',#1454,#1457,#206,.T.);
#1838=EDGE_CURVE('',#1446,#1458,#530,.T.);
#1839=EDGE_CURVE('',#1458,#1459,#1118,.T.);
#1840=EDGE_CURVE('',#1459,#1438,#207,.T.);
#1841=EDGE_CURVE('',#1426,#1460,#531,.T.);
#1842=EDGE_CURVE('',#1460,#1458,#208,.T.);
#1843=EDGE_CURVE('',#1331,#1460,#1119,.T.);
#1844=EDGE_CURVE('',#1459,#1461,#532,.T.);
#1845=EDGE_CURVE('',#1461,#1439,#1120,.T.);
#1846=EDGE_CURVE('',#1462,#1458,#209,.T.);
#1847=EDGE_CURVE('',#1461,#1462,#210,.T.);
#1848=EDGE_CURVE('',#1460,#1463,#211,.T.);
#1849=EDGE_CURVE('',#1462,#1463,#533,.T.);
#1850=EDGE_CURVE('',#1464,#1330,#1121,.T.);
#1851=EDGE_CURVE('',#1465,#1464,#212,.T.);
#1852=EDGE_CURVE('',#1466,#1465,#213,.T.);
#1853=EDGE_CURVE('',#1463,#1466,#214,.T.);
#1854=EDGE_CURVE('',#1389,#1467,#534,.T.);
#1855=EDGE_CURVE('',#1467,#1468,#1122,.T.);
#1856=EDGE_CURVE('',#1468,#1376,#215,.T.);
#1857=EDGE_CURVE('',#1360,#1469,#535,.T.);
#1858=EDGE_CURVE('',#1469,#1470,#216,.T.);
#1859=EDGE_CURVE('',#1470,#1388,#536,.T.);
#1860=EDGE_CURVE('',#1350,#1469,#1123,.T.);
#1861=EDGE_CURVE('',#1470,#1467,#217,.T.);
#1862=EDGE_CURVE('',#1468,#1471,#537,.T.);
#1863=EDGE_CURVE('',#1471,#1377,#1124,.T.);
#1864=EDGE_CURVE('',#1472,#1467,#218,.T.);
#1865=EDGE_CURVE('',#1473,#1472,#219,.T.);
#1866=EDGE_CURVE('',#1474,#1473,#220,.T.);
#1867=EDGE_CURVE('',#1471,#1474,#221,.T.);
#1868=EDGE_CURVE('',#1475,#1470,#538,.T.);
#1869=EDGE_CURVE('',#1475,#1476,#222,.T.);
#1870=EDGE_CURVE('',#1472,#1476,#539,.T.);
#1871=EDGE_CURVE('',#1469,#1475,#223,.T.);
#1872=EDGE_CURVE('',#1397,#1464,#540,.T.);
#1873=EDGE_CURVE('',#1393,#1477,#224,.T.);
#1874=EDGE_CURVE('',#1477,#1478,#541,.T.);
#1875=EDGE_CURVE('',#1478,#1464,#225,.T.);
#1876=EDGE_CURVE('',#1385,#1479,#226,.T.);
#1877=EDGE_CURVE('',#1479,#1478,#1125,.T.);
#1878=EDGE_CURVE('',#1477,#1386,#1126,.T.);
#1879=EDGE_CURVE('',#1364,#1480,#542,.T.);
#1880=EDGE_CURVE('',#1480,#1481,#543,.T.);
#1881=EDGE_CURVE('',#1481,#1359,#544,.T.);
#1882=EDGE_CURVE('',#1482,#1479,#545,.T.);
#1883=EDGE_CURVE('',#1483,#1482,#227,.T.);
#1884=EDGE_CURVE('',#1478,#1483,#228,.T.);
#1885=EDGE_CURVE('',#1384,#1482,#1127,.T.);
#1886=EDGE_CURVE('',#1465,#1483,#546,.T.);
#1887=EDGE_CURVE('',#1484,#1349,#1128,.T.);
#1888=EDGE_CURVE('',#1475,#1484,#229,.T.);
#1889=EDGE_CURVE('',#1443,#1456,#1129,.T.);
#1890=EDGE_CURVE('',#1340,#1481,#1130,.T.);
#1891=EDGE_CURVE('',#1485,#1441,#1131,.T.);
#1892=EDGE_CURVE('',#1440,#1486,#1132,.T.);
#1893=EDGE_CURVE('',#1486,#1485,#230,.T.);
#1894=EDGE_CURVE('',#1487,#1442,#1133,.T.);
#1895=EDGE_CURVE('',#1485,#1487,#231,.T.);
#1896=EDGE_CURVE('',#1487,#1456,#232,.T.);
#1897=EDGE_CURVE('',#1461,#1486,#233,.T.);
#1898=EDGE_CURVE('',#1463,#1488,#234,.T.);
#1899=EDGE_CURVE('',#1485,#1488,#547,.T.);
#1900=EDGE_CURVE('',#1489,#1382,#1134,.T.);
#1901=EDGE_CURVE('',#1381,#1490,#1135,.T.);
#1902=EDGE_CURVE('',#1490,#1489,#235,.T.);
#1903=EDGE_CURVE('',#1491,#1383,#1136,.T.);
#1904=EDGE_CURVE('',#1489,#1491,#236,.T.);
#1905=EDGE_CURVE('',#1491,#1482,#237,.T.);
#1906=EDGE_CURVE('',#1492,#1378,#1137,.T.);
#1907=EDGE_CURVE('',#1471,#1492,#238,.T.);
#1908=EDGE_CURVE('',#1379,#1493,#1138,.T.);
#1909=EDGE_CURVE('',#1493,#1494,#239,.T.);
#1910=EDGE_CURVE('',#1494,#1380,#1139,.T.);
#1911=EDGE_CURVE('',#1492,#1493,#240,.T.);
#1912=EDGE_CURVE('',#1494,#1490,#241,.T.);
#1913=EDGE_CURVE('',#1489,#1495,#548,.T.);
#1914=EDGE_CURVE('',#1495,#1465,#242,.T.);
#1915=EDGE_CURVE('',#1490,#1496,#549,.T.);
#1916=EDGE_CURVE('',#1496,#1495,#243,.T.);
#1917=EDGE_CURVE('',#1497,#1493,#550,.T.);
#1918=EDGE_CURVE('',#1497,#1496,#244,.T.);
#1919=EDGE_CURVE('',#1474,#1498,#551,.T.);
#1920=EDGE_CURVE('',#1498,#1497,#245,.T.);
#1921=EDGE_CURVE('',#1473,#1499,#552,.T.);
#1922=EDGE_CURVE('',#1499,#1498,#246,.T.);
#1923=EDGE_CURVE('',#1476,#1499,#247,.T.);
#1924=EDGE_CURVE('',#1496,#1500,#248,.T.);
#1925=EDGE_CURVE('',#1500,#1466,#553,.T.);
#1926=EDGE_CURVE('',#1501,#1498,#249,.T.);
#1927=EDGE_CURVE('',#1502,#1501,#250,.T.);
#1928=EDGE_CURVE('',#1503,#1502,#42,.T.);
#1929=EDGE_CURVE('',#1504,#1503,#251,.T.);
#1930=EDGE_CURVE('',#1505,#1504,#252,.T.);
#1931=EDGE_CURVE('',#1506,#1505,#253,.T.);
#1932=EDGE_CURVE('',#1507,#1506,#254,.T.);
#1933=EDGE_CURVE('',#1508,#1507,#255,.T.);
#1934=EDGE_CURVE('',#1509,#1508,#256,.T.);
#1935=EDGE_CURVE('',#1510,#1509,#257,.T.);
#1936=EDGE_CURVE('',#1511,#1510,#258,.T.);
#1937=EDGE_CURVE('',#1512,#1511,#259,.T.);
#1938=EDGE_CURVE('',#1500,#1512,#260,.T.);
#1939=EDGE_CURVE('',#1513,#1513,#261,.T.);
#1940=EDGE_CURVE('',#1501,#1499,#554,.T.);
#1941=EDGE_CURVE('',#1488,#1514,#262,.T.);
#1942=EDGE_CURVE('',#1514,#1457,#555,.T.);
#1943=EDGE_CURVE('',#1514,#1455,#263,.T.);
#1944=EDGE_CURVE('',#1455,#1515,#264,.T.);
#1945=EDGE_CURVE('',#1515,#1453,#556,.T.);
#1946=EDGE_CURVE('',#1516,#1514,#265,.T.);
#1947=EDGE_CURVE('',#1517,#1516,#43,.T.);
#1948=EDGE_CURVE('',#1515,#1517,#266,.T.);
#1949=EDGE_CURVE('',#1500,#1488,#267,.T.);
#1950=EDGE_CURVE('',#1518,#1512,#268,.T.);
#1951=EDGE_CURVE('',#1519,#1518,#269,.T.);
#1952=EDGE_CURVE('',#1516,#1519,#270,.T.);
#1953=EDGE_CURVE('',#1415,#1520,#44,.T.);
#1954=EDGE_CURVE('',#1520,#1430,#557,.T.);
#1955=EDGE_CURVE('',#1436,#1521,#558,.T.);
#1956=EDGE_CURVE('',#1521,#1402,#45,.T.);
#1957=EDGE_CURVE('',#1435,#1522,#559,.T.);
#1958=EDGE_CURVE('',#1522,#1521,#271,.T.);
#1959=EDGE_CURVE('',#1434,#1523,#560,.T.);
#1960=EDGE_CURVE('',#1523,#1522,#272,.T.);
#1961=EDGE_CURVE('',#1433,#1524,#561,.T.);
#1962=EDGE_CURVE('',#1524,#1523,#273,.T.);
#1963=EDGE_CURVE('',#1432,#1525,#562,.T.);
#1964=EDGE_CURVE('',#1525,#1524,#274,.T.);
#1965=EDGE_CURVE('',#1431,#1526,#563,.T.);
#1966=EDGE_CURVE('',#1526,#1525,#275,.T.);
#1967=EDGE_CURVE('',#1520,#1526,#276,.T.);
#1968=EDGE_CURVE('',#1520,#1527,#277,.T.);
#1969=EDGE_CURVE('',#1528,#1527,#564,.T.);
#1970=EDGE_CURVE('',#1528,#1526,#278,.T.);
#1971=EDGE_CURVE('',#1529,#1418,#565,.T.);
#1972=EDGE_CURVE('',#1530,#1529,#1140,.T.);
#1973=EDGE_CURVE('',#1531,#1530,#566,.T.);
#1974=EDGE_CURVE('',#1532,#1531,#567,.T.);
#1975=EDGE_CURVE('',#1533,#1532,#568,.T.);
#1976=EDGE_CURVE('',#1534,#1533,#569,.T.);
#1977=EDGE_CURVE('',#1535,#1534,#570,.T.);
#1978=EDGE_CURVE('',#1536,#1535,#1141,.T.);
#1979=EDGE_CURVE('',#1536,#1537,#571,.T.);
#1980=EDGE_CURVE('',#1537,#1538,#572,.T.);
#1981=EDGE_CURVE('',#1538,#1539,#573,.T.);
#1982=EDGE_CURVE('',#1539,#1540,#574,.T.);
#1983=EDGE_CURVE('',#1540,#1541,#1142,.T.);
#1984=EDGE_CURVE('',#1527,#1541,#1143,.T.);
#1985=EDGE_CURVE('',#1542,#1521,#575,.T.);
#1986=EDGE_CURVE('',#1398,#1542,#46,.T.);
#1987=EDGE_CURVE('',#1541,#1543,#47,.F.);
#1988=EDGE_CURVE('',#1543,#1528,#1144,.T.);
#1989=EDGE_CURVE('',#1528,#1525,#279,.T.);
#1990=EDGE_CURVE('',#1543,#1544,#48,.T.);
#1991=EDGE_CURVE('',#1544,#1545,#280,.F.);
#1992=EDGE_CURVE('',#1545,#1546,#281,.T.);
#1993=EDGE_CURVE('',#1546,#1547,#282,.F.);
#1994=EDGE_CURVE('',#1524,#1547,#283,.T.);
#1995=EDGE_CURVE('',#1534,#1548,#284,.T.);
#1996=EDGE_CURVE('',#1533,#1549,#576,.T.);
#1997=EDGE_CURVE('',#1549,#1548,#577,.T.);
#1998=EDGE_CURVE('',#1532,#1550,#578,.T.);
#1999=EDGE_CURVE('',#1550,#1549,#579,.T.);
#2000=EDGE_CURVE('',#1531,#1551,#580,.T.);
#2001=EDGE_CURVE('',#1551,#1550,#581,.T.);
#2002=EDGE_CURVE('',#1530,#1552,#582,.T.);
#2003=EDGE_CURVE('',#1552,#1551,#583,.T.);
#2004=EDGE_CURVE('',#1529,#1553,#584,.T.);
#2005=EDGE_CURVE('',#1553,#1552,#1145,.T.);
#2006=EDGE_CURVE('',#1417,#1553,#585,.T.);
#2007=EDGE_CURVE('',#1542,#1554,#586,.T.);
#2008=EDGE_CURVE('',#1554,#1555,#285,.T.);
#2009=EDGE_CURVE('',#1556,#1555,#587,.T.);
#2010=EDGE_CURVE('',#1556,#1542,#286,.T.);
#2011=EDGE_CURVE('',#1555,#1369,#287,.T.);
#2012=EDGE_CURVE('',#1369,#1556,#288,.T.);
#2013=EDGE_CURVE('',#1557,#1558,#588,.T.);
#2014=EDGE_CURVE('',#1558,#1559,#289,.T.);
#2015=EDGE_CURVE('',#1560,#1559,#589,.T.);
#2016=EDGE_CURVE('',#1560,#1557,#290,.T.);
#2017=EDGE_CURVE('',#1559,#1374,#291,.T.);
#2018=EDGE_CURVE('',#1374,#1560,#292,.T.);
#2019=EDGE_CURVE('',#1558,#1364,#49,.T.);
#2020=EDGE_CURVE('',#1373,#1561,#590,.T.);
#2021=EDGE_CURVE('',#1561,#1560,#293,.T.);
#2022=EDGE_CURVE('',#1372,#1562,#591,.T.);
#2023=EDGE_CURVE('',#1562,#1561,#294,.T.);
#2024=EDGE_CURVE('',#1371,#1563,#592,.T.);
#2025=EDGE_CURVE('',#1563,#1562,#295,.T.);
#2026=EDGE_CURVE('',#1370,#1564,#593,.T.);
#2027=EDGE_CURVE('',#1564,#1563,#296,.T.);
#2028=EDGE_CURVE('',#1555,#1564,#297,.T.);
#2029=EDGE_CURVE('',#1565,#1523,#298,.T.);
#2030=EDGE_CURVE('',#1564,#1565,#299,.T.);
#2031=EDGE_CURVE('',#1522,#1554,#594,.T.);
#2032=EDGE_CURVE('',#1557,#1566,#595,.T.);
#2033=EDGE_CURVE('',#1566,#1567,#596,.T.);
#2034=EDGE_CURVE('',#1567,#1558,#597,.T.);
#2035=EDGE_CURVE('',#1568,#1569,#598,.T.);
#2036=EDGE_CURVE('',#1569,#1567,#599,.T.);
#2037=EDGE_CURVE('',#1566,#1568,#600,.T.);
#2038=EDGE_CURVE('',#1570,#1571,#601,.T.);
#2039=EDGE_CURVE('',#1571,#1569,#1146,.T.);
#2040=EDGE_CURVE('',#1568,#1570,#1147,.T.);
#2041=EDGE_CURVE('',#1572,#1573,#300,.T.);
#2042=EDGE_CURVE('',#1572,#1571,#301,.T.);
#2043=EDGE_CURVE('',#1570,#1573,#302,.T.);
#2044=EDGE_CURVE('',#1570,#1574,#50,.T.);
#2045=EDGE_CURVE('',#1574,#1575,#602,.T.);
#2046=EDGE_CURVE('',#1575,#1576,#51,.T.);
#2047=EDGE_CURVE('',#1577,#1576,#303,.T.);
#2048=EDGE_CURVE('',#1573,#1577,#304,.T.);
#2049=EDGE_CURVE('',#1568,#1574,#1148,.T.);
#2050=EDGE_CURVE('',#1566,#1578,#1149,.T.);
#2051=EDGE_CURVE('',#1574,#1578,#305,.T.);
#2052=EDGE_CURVE('',#1578,#1561,#306,.T.);
#2053=EDGE_CURVE('',#1579,#1580,#603,.T.);
#2054=EDGE_CURVE('',#1580,#1481,#604,.T.);
#2055=EDGE_CURVE('',#1480,#1579,#605,.T.);
#2056=EDGE_CURVE('',#1581,#1582,#606,.T.);
#2057=EDGE_CURVE('',#1582,#1580,#1150,.T.);
#2058=EDGE_CURVE('',#1579,#1581,#1151,.T.);
#2059=EDGE_CURVE('',#1583,#1584,#607,.T.);
#2060=EDGE_CURVE('',#1584,#1582,#608,.T.);
#2061=EDGE_CURVE('',#1581,#1583,#609,.T.);
#2062=EDGE_CURVE('',#1585,#1586,#610,.T.);
#2063=EDGE_CURVE('',#1586,#1584,#611,.T.);
#2064=EDGE_CURVE('',#1583,#1585,#612,.T.);
#2065=EDGE_CURVE('',#1587,#1588,#307,.F.);
#2066=EDGE_CURVE('',#1587,#1586,#613,.T.);
#2067=EDGE_CURVE('',#1585,#1589,#614,.T.);
#2068=EDGE_CURVE('',#1589,#1590,#308,.T.);
#2069=EDGE_CURVE('',#1588,#1590,#615,.F.);
#2070=EDGE_CURVE('',#1572,#1591,#616,.T.);
#2071=EDGE_CURVE('',#1591,#1592,#617,.T.);
#2072=EDGE_CURVE('',#1589,#1592,#1152,.T.);
#2073=EDGE_CURVE('',#1578,#1593,#618,.T.);
#2074=EDGE_CURVE('',#1593,#1575,#309,.T.);
#2075=EDGE_CURVE('',#1562,#1593,#310,.T.);
#2076=EDGE_CURVE('',#1591,#1577,#1153,.T.);
#2077=EDGE_CURVE('',#1594,#1576,#311,.F.);
#2078=EDGE_CURVE('',#1594,#1595,#1154,.T.);
#2079=EDGE_CURVE('',#1595,#1596,#619,.T.);
#2080=EDGE_CURVE('',#1596,#1597,#1155,.T.);
#2081=EDGE_CURVE('',#1598,#1597,#312,.F.);
#2082=EDGE_CURVE('',#1537,#1598,#1156,.T.);
#2083=EDGE_CURVE('',#1599,#1536,#313,.T.);
#2084=EDGE_CURVE('',#1599,#1600,#314,.T.);
#2085=EDGE_CURVE('',#1600,#1601,#620,.T.);
#2086=EDGE_CURVE('',#1601,#1602,#315,.T.);
#2087=EDGE_CURVE('',#1592,#1602,#316,.T.);
#2088=EDGE_CURVE('',#1565,#1603,#317,.T.);
#2089=EDGE_CURVE('',#1603,#1563,#318,.T.);
#2090=EDGE_CURVE('',#1603,#1547,#319,.T.);
#2091=EDGE_CURVE('',#1546,#1604,#320,.F.);
#2092=EDGE_CURVE('',#1604,#1598,#321,.F.);
#2093=EDGE_CURVE('',#1597,#1594,#322,.T.);
#2094=EDGE_CURVE('',#1605,#1605,#323,.T.);
#2095=EDGE_CURVE('',#1476,#1484,#621,.T.);
#2096=EDGE_CURVE('',#1513,#1606,#1157,.T.);
#2097=EDGE_CURVE('',#1606,#1607,#324,.T.);
#2098=EDGE_CURVE('',#1607,#1606,#325,.T.);
#2099=EDGE_CURVE('',#1608,#1608,#622,.T.);
#2100=EDGE_CURVE('',#1608,#1607,#1158,.T.);
#2101=EDGE_CURVE('',#1506,#1508,#326,.T.);
#2102=EDGE_CURVE('',#1507,#1609,#1159,.T.);
#2103=EDGE_CURVE('',#1609,#1610,#327,.T.);
#2104=EDGE_CURVE('',#1610,#1609,#328,.T.);
#2105=EDGE_CURVE('',#1505,#1611,#623,.T.);
#2106=EDGE_CURVE('',#1611,#1612,#329,.T.);
#2107=EDGE_CURVE('',#1612,#1613,#330,.T.);
#2108=EDGE_CURVE('',#1509,#1613,#331,.T.);
#2109=EDGE_CURVE('',#1614,#1614,#624,.T.);
#2110=EDGE_CURVE('',#1614,#1610,#1160,.T.);
#2111=EDGE_CURVE('',#1615,#1615,#625,.T.);
#2112=EDGE_CURVE('',#1615,#1605,#1161,.T.);
#2113=EDGE_CURVE('',#1595,#1596,#626,.T.);
#2114=EDGE_CURVE('',#1504,#1616,#627,.T.);
#2115=EDGE_CURVE('',#1616,#1611,#332,.T.);
#2116=EDGE_CURVE('',#1503,#1617,#628,.T.);
#2117=EDGE_CURVE('',#1617,#1616,#333,.T.);
#2118=EDGE_CURVE('',#1502,#1618,#629,.T.);
#2119=EDGE_CURVE('',#1618,#1617,#52,.T.);
#2120=EDGE_CURVE('',#1484,#1618,#334,.T.);
#2121=EDGE_CURVE('',#1517,#1619,#630,.T.);
#2122=EDGE_CURVE('',#1619,#1453,#335,.T.);
#2123=EDGE_CURVE('',#1516,#1620,#631,.T.);
#2124=EDGE_CURVE('',#1620,#1619,#53,.T.);
#2125=EDGE_CURVE('',#1519,#1621,#632,.T.);
#2126=EDGE_CURVE('',#1621,#1620,#336,.T.);
#2127=EDGE_CURVE('',#1518,#1622,#633,.T.);
#2128=EDGE_CURVE('',#1622,#1621,#337,.T.);
#2129=EDGE_CURVE('',#1512,#1623,#634,.T.);
#2130=EDGE_CURVE('',#1623,#1622,#338,.T.);
#2131=EDGE_CURVE('',#1511,#1624,#635,.T.);
#2132=EDGE_CURVE('',#1624,#1623,#339,.T.);
#2133=EDGE_CURVE('',#1510,#1625,#636,.T.);
#2134=EDGE_CURVE('',#1625,#1624,#340,.T.);
#2135=EDGE_CURVE('',#1613,#1625,#341,.T.);
#2136=EDGE_CURVE('',#1316,#1621,#1162,.T.);
#2137=EDGE_CURVE('',#1315,#1619,#1163,.T.);
#2138=EDGE_CURVE('',#1317,#1622,#1164,.T.);
#2139=EDGE_CURVE('',#1318,#1624,#1165,.T.);
#2140=EDGE_CURVE('',#1319,#1625,#1166,.T.);
#2141=EDGE_CURVE('',#1320,#1612,#1167,.T.);
#2142=EDGE_CURVE('',#1345,#1611,#1168,.T.);
#2143=EDGE_CURVE('',#1335,#1626,#342,.T.);
#2144=EDGE_CURVE('',#1626,#1627,#637,.T.);
#2145=EDGE_CURVE('',#1628,#1627,#343,.T.);
#2146=EDGE_CURVE('',#1628,#1629,#344,.T.);
#2147=EDGE_CURVE('',#1629,#1630,#638,.T.);
#2148=EDGE_CURVE('',#1630,#1631,#345,.T.);
#2149=EDGE_CURVE('',#1632,#1631,#346,.T.);
#2150=EDGE_CURVE('',#1632,#1633,#639,.T.);
#2151=EDGE_CURVE('',#1633,#1307,#347,.T.);
#2152=EDGE_CURVE('',#1627,#1590,#1169,.T.);
#2153=EDGE_CURVE('',#1602,#1628,#1170,.T.);
#2154=EDGE_CURVE('',#1587,#1334,#348,.T.);
#2155=EDGE_CURVE('',#1344,#1586,#1171,.T.);
#2156=EDGE_CURVE('',#1626,#1588,#1172,.T.);
#2157=EDGE_CURVE('',#1535,#1634,#349,.T.);
#2158=EDGE_CURVE('',#1634,#1632,#1173,.T.);
#2159=EDGE_CURVE('',#1631,#1599,#1174,.T.);
#2160=EDGE_CURVE('',#1630,#1600,#1175,.T.);
#2161=EDGE_CURVE('',#1635,#1634,#640,.T.);
#2162=EDGE_CURVE('',#1635,#1633,#1176,.T.);
#2163=EDGE_CURVE('',#1629,#1601,#1177,.T.);
#2164=EDGE_CURVE('',#1308,#1635,#350,.T.);
#2165=EDGE_CURVE('',#1321,#1548,#1178,.T.);
#2166=EDGE_CURVE('',#1540,#1544,#1179,.T.);
#2167=EDGE_CURVE('',#1539,#1545,#1180,.T.);
#2168=EDGE_CURVE('',#1538,#1604,#1181,.T.);
#2169=EDGE_CURVE('',#1346,#1616,#1182,.T.);
#2170=EDGE_CURVE('',#1347,#1617,#1183,.T.);
#2171=EDGE_CURVE('',#1348,#1618,#1184,.T.);
#2172=EDGE_CURVE('',#1324,#1551,#1185,.T.);
#2173=EDGE_CURVE('',#1323,#1550,#1186,.T.);
#2174=EDGE_CURVE('',#1325,#1552,#1187,.T.);
#2175=EDGE_CURVE('',#1326,#1553,#1188,.T.);
#2176=EDGE_CURVE('',#1580,#1341,#1189,.T.);
#2177=EDGE_CURVE('',#1342,#1582,#1190,.T.);
#2178=EDGE_CURVE('',#1343,#1584,#1191,.T.);
#2179=EDGE_CURVE('',#1322,#1549,#1192,.T.);
#2180=ORIENTED_EDGE('',*,*,#1636,.T.);
#2181=ORIENTED_EDGE('',*,*,#1637,.T.);
#2182=ORIENTED_EDGE('',*,*,#1638,.F.);
#2183=ORIENTED_EDGE('',*,*,#1639,.F.);
#2184=ORIENTED_EDGE('',*,*,#1640,.T.);
#2185=ORIENTED_EDGE('',*,*,#1641,.T.);
#2186=ORIENTED_EDGE('',*,*,#1642,.T.);
#2187=ORIENTED_EDGE('',*,*,#1643,.T.);
#2188=ORIENTED_EDGE('',*,*,#1644,.T.);
#2189=ORIENTED_EDGE('',*,*,#1645,.T.);
#2190=ORIENTED_EDGE('',*,*,#1646,.T.);
#2191=ORIENTED_EDGE('',*,*,#1647,.T.);
#2192=ORIENTED_EDGE('',*,*,#1648,.T.);
#2193=ORIENTED_EDGE('',*,*,#1649,.T.);
#2194=ORIENTED_EDGE('',*,*,#1638,.T.);
#2195=ORIENTED_EDGE('',*,*,#1650,.T.);
#2196=ORIENTED_EDGE('',*,*,#1651,.T.);
#2197=ORIENTED_EDGE('',*,*,#1652,.T.);
#2198=ORIENTED_EDGE('',*,*,#1653,.T.);
#2199=ORIENTED_EDGE('',*,*,#1654,.T.);
#2200=ORIENTED_EDGE('',*,*,#1655,.T.);
#2201=ORIENTED_EDGE('',*,*,#1656,.T.);
#2202=ORIENTED_EDGE('',*,*,#1657,.T.);
#2203=ORIENTED_EDGE('',*,*,#1658,.T.);
#2204=ORIENTED_EDGE('',*,*,#1659,.T.);
#2205=ORIENTED_EDGE('',*,*,#1660,.T.);
#2206=ORIENTED_EDGE('',*,*,#1661,.T.);
#2207=ORIENTED_EDGE('',*,*,#1662,.T.);
#2208=ORIENTED_EDGE('',*,*,#1663,.T.);
#2209=ORIENTED_EDGE('',*,*,#1664,.T.);
#2210=ORIENTED_EDGE('',*,*,#1665,.T.);
#2211=ORIENTED_EDGE('',*,*,#1666,.F.);
#2212=ORIENTED_EDGE('',*,*,#1667,.F.);
#2213=ORIENTED_EDGE('',*,*,#1668,.T.);
#2214=ORIENTED_EDGE('',*,*,#1669,.T.);
#2215=ORIENTED_EDGE('',*,*,#1670,.T.);
#2216=ORIENTED_EDGE('',*,*,#1671,.T.);
#2217=ORIENTED_EDGE('',*,*,#1672,.T.);
#2218=ORIENTED_EDGE('',*,*,#1673,.T.);
#2219=ORIENTED_EDGE('',*,*,#1674,.T.);
#2220=ORIENTED_EDGE('',*,*,#1666,.T.);
#2221=ORIENTED_EDGE('',*,*,#1675,.T.);
#2222=ORIENTED_EDGE('',*,*,#1676,.T.);
#2223=ORIENTED_EDGE('',*,*,#1677,.T.);
#2224=ORIENTED_EDGE('',*,*,#1678,.T.);
#2225=ORIENTED_EDGE('',*,*,#1679,.T.);
#2226=ORIENTED_EDGE('',*,*,#1680,.T.);
#2227=ORIENTED_EDGE('',*,*,#1681,.T.);
#2228=ORIENTED_EDGE('',*,*,#1682,.T.);
#2229=ORIENTED_EDGE('',*,*,#1683,.T.);
#2230=ORIENTED_EDGE('',*,*,#1684,.F.);
#2231=ORIENTED_EDGE('',*,*,#1685,.T.);
#2232=ORIENTED_EDGE('',*,*,#1684,.T.);
#2233=ORIENTED_EDGE('',*,*,#1686,.T.);
#2234=ORIENTED_EDGE('',*,*,#1687,.T.);
#2235=ORIENTED_EDGE('',*,*,#1686,.F.);
#2236=ORIENTED_EDGE('',*,*,#1683,.F.);
#2237=ORIENTED_EDGE('',*,*,#1688,.T.);
#2238=ORIENTED_EDGE('',*,*,#1689,.T.);
#2239=ORIENTED_EDGE('',*,*,#1690,.T.);
#2240=ORIENTED_EDGE('',*,*,#1691,.T.);
#2241=ORIENTED_EDGE('',*,*,#1689,.F.);
#2242=ORIENTED_EDGE('',*,*,#1692,.T.);
#2243=ORIENTED_EDGE('',*,*,#1693,.T.);
#2244=ORIENTED_EDGE('',*,*,#1694,.T.);
#2245=ORIENTED_EDGE('',*,*,#1693,.F.);
#2246=ORIENTED_EDGE('',*,*,#1695,.T.);
#2247=ORIENTED_EDGE('',*,*,#1668,.F.);
#2248=ORIENTED_EDGE('',*,*,#1696,.F.);
#2249=ORIENTED_EDGE('',*,*,#1687,.F.);
#2250=ORIENTED_EDGE('',*,*,#1697,.T.);
#2251=ORIENTED_EDGE('',*,*,#1698,.T.);
#2252=ORIENTED_EDGE('',*,*,#1699,.T.);
#2253=ORIENTED_EDGE('',*,*,#1682,.F.);
#2254=ORIENTED_EDGE('',*,*,#1700,.T.);
#2255=ORIENTED_EDGE('',*,*,#1701,.T.);
#2256=ORIENTED_EDGE('',*,*,#1702,.T.);
#2257=ORIENTED_EDGE('',*,*,#1685,.F.);
#2258=ORIENTED_EDGE('',*,*,#1699,.F.);
#2259=ORIENTED_EDGE('',*,*,#1703,.F.);
#2260=ORIENTED_EDGE('',*,*,#1704,.F.);
#2261=ORIENTED_EDGE('',*,*,#1705,.F.);
#2262=ORIENTED_EDGE('',*,*,#1706,.F.);
#2263=ORIENTED_EDGE('',*,*,#1707,.F.);
#2264=ORIENTED_EDGE('',*,*,#1708,.F.);
#2265=ORIENTED_EDGE('',*,*,#1709,.F.);
#2266=ORIENTED_EDGE('',*,*,#1710,.F.);
#2267=ORIENTED_EDGE('',*,*,#1711,.F.);
#2268=ORIENTED_EDGE('',*,*,#1712,.F.);
#2269=ORIENTED_EDGE('',*,*,#1713,.F.);
#2270=ORIENTED_EDGE('',*,*,#1700,.F.);
#2271=ORIENTED_EDGE('',*,*,#1698,.F.);
#2272=ORIENTED_EDGE('',*,*,#1714,.T.);
#2273=ORIENTED_EDGE('',*,*,#1715,.F.);
#2274=ORIENTED_EDGE('',*,*,#1716,.F.);
#2275=ORIENTED_EDGE('',*,*,#1717,.F.);
#2276=ORIENTED_EDGE('',*,*,#1718,.F.);
#2277=ORIENTED_EDGE('',*,*,#1719,.F.);
#2278=ORIENTED_EDGE('',*,*,#1720,.F.);
#2279=ORIENTED_EDGE('',*,*,#1721,.F.);
#2280=ORIENTED_EDGE('',*,*,#1722,.F.);
#2281=ORIENTED_EDGE('',*,*,#1723,.F.);
#2282=ORIENTED_EDGE('',*,*,#1724,.F.);
#2283=ORIENTED_EDGE('',*,*,#1725,.F.);
#2284=ORIENTED_EDGE('',*,*,#1726,.T.);
#2285=ORIENTED_EDGE('',*,*,#1727,.F.);
#2286=ORIENTED_EDGE('',*,*,#1703,.T.);
#2287=ORIENTED_EDGE('',*,*,#1697,.F.);
#2288=ORIENTED_EDGE('',*,*,#1690,.F.);
#2289=ORIENTED_EDGE('',*,*,#1728,.F.);
#2290=ORIENTED_EDGE('',*,*,#1729,.F.);
#2291=ORIENTED_EDGE('',*,*,#1730,.F.);
#2292=ORIENTED_EDGE('',*,*,#1714,.F.);
#2293=ORIENTED_EDGE('',*,*,#1731,.T.);
#2294=ORIENTED_EDGE('',*,*,#1705,.T.);
#2295=ORIENTED_EDGE('',*,*,#1732,.F.);
#2296=ORIENTED_EDGE('',*,*,#1733,.T.);
#2297=ORIENTED_EDGE('',*,*,#1732,.T.);
#2298=ORIENTED_EDGE('',*,*,#1734,.T.);
#2299=ORIENTED_EDGE('',*,*,#1735,.T.);
#2300=ORIENTED_EDGE('',*,*,#1734,.F.);
#2301=ORIENTED_EDGE('',*,*,#1704,.T.);
#2302=ORIENTED_EDGE('',*,*,#1727,.T.);
#2303=ORIENTED_EDGE('',*,*,#1736,.T.);
#2304=ORIENTED_EDGE('',*,*,#1733,.F.);
#2305=ORIENTED_EDGE('',*,*,#1735,.F.);
#2306=ORIENTED_EDGE('',*,*,#1737,.T.);
#2307=ORIENTED_EDGE('',*,*,#1738,.T.);
#2308=ORIENTED_EDGE('',*,*,#1739,.T.);
#2309=ORIENTED_EDGE('',*,*,#1740,.T.);
#2310=ORIENTED_EDGE('',*,*,#1741,.T.);
#2311=ORIENTED_EDGE('',*,*,#1742,.T.);
#2312=ORIENTED_EDGE('',*,*,#1738,.F.);
#2313=ORIENTED_EDGE('',*,*,#1743,.F.);
#2314=ORIENTED_EDGE('',*,*,#1741,.F.);
#2315=ORIENTED_EDGE('',*,*,#1744,.T.);
#2316=ORIENTED_EDGE('',*,*,#1745,.T.);
#2317=ORIENTED_EDGE('',*,*,#1658,.F.);
#2318=ORIENTED_EDGE('',*,*,#1731,.F.);
#2319=ORIENTED_EDGE('',*,*,#1746,.T.);
#2320=ORIENTED_EDGE('',*,*,#1747,.F.);
#2321=ORIENTED_EDGE('',*,*,#1706,.T.);
#2322=ORIENTED_EDGE('',*,*,#1739,.F.);
#2323=ORIENTED_EDGE('',*,*,#1742,.F.);
#2324=ORIENTED_EDGE('',*,*,#1748,.T.);
#2325=ORIENTED_EDGE('',*,*,#1749,.F.);
#2326=ORIENTED_EDGE('',*,*,#1750,.F.);
#2327=ORIENTED_EDGE('',*,*,#1751,.F.);
#2328=ORIENTED_EDGE('',*,*,#1752,.T.);
#2329=ORIENTED_EDGE('',*,*,#1746,.F.);
#2330=ORIENTED_EDGE('',*,*,#1743,.T.);
#2331=ORIENTED_EDGE('',*,*,#1663,.F.);
#2332=ORIENTED_EDGE('',*,*,#1753,.F.);
#2333=ORIENTED_EDGE('',*,*,#1748,.F.);
#2334=ORIENTED_EDGE('',*,*,#1754,.T.);
#2335=ORIENTED_EDGE('',*,*,#1755,.T.);
#2336=ORIENTED_EDGE('',*,*,#1756,.F.);
#2337=ORIENTED_EDGE('',*,*,#1757,.T.);
#2338=ORIENTED_EDGE('',*,*,#1756,.T.);
#2339=ORIENTED_EDGE('',*,*,#1758,.T.);
#2340=ORIENTED_EDGE('',*,*,#1759,.T.);
#2341=ORIENTED_EDGE('',*,*,#1758,.F.);
#2342=ORIENTED_EDGE('',*,*,#1760,.T.);
#2343=ORIENTED_EDGE('',*,*,#1761,.T.);
#2344=ORIENTED_EDGE('',*,*,#1762,.T.);
#2345=ORIENTED_EDGE('',*,*,#1757,.F.);
#2346=ORIENTED_EDGE('',*,*,#1759,.F.);
#2347=ORIENTED_EDGE('',*,*,#1763,.T.);
#2348=ORIENTED_EDGE('',*,*,#1764,.T.);
#2349=ORIENTED_EDGE('',*,*,#1765,.T.);
#2350=ORIENTED_EDGE('',*,*,#1766,.T.);
#2351=ORIENTED_EDGE('',*,*,#1767,.T.);
#2352=ORIENTED_EDGE('',*,*,#1768,.T.);
#2353=ORIENTED_EDGE('',*,*,#1764,.F.);
#2354=ORIENTED_EDGE('',*,*,#1769,.F.);
#2355=ORIENTED_EDGE('',*,*,#1767,.F.);
#2356=ORIENTED_EDGE('',*,*,#1770,.T.);
#2357=ORIENTED_EDGE('',*,*,#1771,.T.);
#2358=ORIENTED_EDGE('',*,*,#1640,.F.);
#2359=ORIENTED_EDGE('',*,*,#1754,.F.);
#2360=ORIENTED_EDGE('',*,*,#1772,.T.);
#2361=ORIENTED_EDGE('',*,*,#1773,.F.);
#2362=ORIENTED_EDGE('',*,*,#1774,.T.);
#2363=ORIENTED_EDGE('',*,*,#1765,.F.);
#2364=ORIENTED_EDGE('',*,*,#1768,.F.);
#2365=ORIENTED_EDGE('',*,*,#1775,.T.);
#2366=ORIENTED_EDGE('',*,*,#1776,.F.);
#2367=ORIENTED_EDGE('',*,*,#1777,.T.);
#2368=ORIENTED_EDGE('',*,*,#1772,.F.);
#2369=ORIENTED_EDGE('',*,*,#1769,.T.);
#2370=ORIENTED_EDGE('',*,*,#1657,.F.);
#2371=ORIENTED_EDGE('',*,*,#1778,.T.);
#2372=ORIENTED_EDGE('',*,*,#1775,.F.);
#2373=ORIENTED_EDGE('',*,*,#1771,.F.);
#2374=ORIENTED_EDGE('',*,*,#1779,.T.);
#2375=ORIENTED_EDGE('',*,*,#1780,.T.);
#2376=ORIENTED_EDGE('',*,*,#1641,.F.);
#2377=ORIENTED_EDGE('',*,*,#1781,.T.);
#2378=ORIENTED_EDGE('',*,*,#1782,.T.);
#2379=ORIENTED_EDGE('',*,*,#1783,.F.);
#2380=ORIENTED_EDGE('',*,*,#1784,.T.);
#2381=ORIENTED_EDGE('',*,*,#1783,.T.);
#2382=ORIENTED_EDGE('',*,*,#1785,.T.);
#2383=ORIENTED_EDGE('',*,*,#1786,.T.);
#2384=ORIENTED_EDGE('',*,*,#1785,.F.);
#2385=ORIENTED_EDGE('',*,*,#1782,.F.);
#2386=ORIENTED_EDGE('',*,*,#1750,.T.);
#2387=ORIENTED_EDGE('',*,*,#1787,.T.);
#2388=ORIENTED_EDGE('',*,*,#1788,.T.);
#2389=ORIENTED_EDGE('',*,*,#1789,.T.);
#2390=ORIENTED_EDGE('',*,*,#1787,.F.);
#2391=ORIENTED_EDGE('',*,*,#1749,.T.);
#2392=ORIENTED_EDGE('',*,*,#1790,.T.);
#2393=ORIENTED_EDGE('',*,*,#1791,.T.);
#2394=ORIENTED_EDGE('',*,*,#1790,.F.);
#2395=ORIENTED_EDGE('',*,*,#1753,.T.);
#2396=ORIENTED_EDGE('',*,*,#1662,.F.);
#2397=ORIENTED_EDGE('',*,*,#1792,.F.);
#2398=ORIENTED_EDGE('',*,*,#1786,.F.);
#2399=ORIENTED_EDGE('',*,*,#1793,.T.);
#2400=ORIENTED_EDGE('',*,*,#1794,.T.);
#2401=ORIENTED_EDGE('',*,*,#1795,.T.);
#2402=ORIENTED_EDGE('',*,*,#1781,.F.);
#2403=ORIENTED_EDGE('',*,*,#1796,.T.);
#2404=ORIENTED_EDGE('',*,*,#1797,.F.);
#2405=ORIENTED_EDGE('',*,*,#1751,.T.);
#2406=ORIENTED_EDGE('',*,*,#1755,.F.);
#2407=ORIENTED_EDGE('',*,*,#1774,.F.);
#2408=ORIENTED_EDGE('',*,*,#1798,.F.);
#2409=ORIENTED_EDGE('',*,*,#1799,.F.);
#2410=ORIENTED_EDGE('',*,*,#1800,.F.);
#2411=ORIENTED_EDGE('',*,*,#1801,.F.);
#2412=ORIENTED_EDGE('',*,*,#1802,.F.);
#2413=ORIENTED_EDGE('',*,*,#1803,.F.);
#2414=ORIENTED_EDGE('',*,*,#1804,.F.);
#2415=ORIENTED_EDGE('',*,*,#1805,.F.);
#2416=ORIENTED_EDGE('',*,*,#1796,.F.);
#2417=ORIENTED_EDGE('',*,*,#1784,.F.);
#2418=ORIENTED_EDGE('',*,*,#1795,.F.);
#2419=ORIENTED_EDGE('',*,*,#1806,.F.);
#2420=ORIENTED_EDGE('',*,*,#1760,.F.);
#2421=ORIENTED_EDGE('',*,*,#1761,.F.);
#2422=ORIENTED_EDGE('',*,*,#1806,.T.);
#2423=ORIENTED_EDGE('',*,*,#1794,.F.);
#2424=ORIENTED_EDGE('',*,*,#1807,.T.);
#2425=ORIENTED_EDGE('',*,*,#1808,.F.);
#2426=ORIENTED_EDGE('',*,*,#1809,.F.);
#2427=ORIENTED_EDGE('',*,*,#1810,.F.);
#2428=ORIENTED_EDGE('',*,*,#1811,.F.);
#2429=ORIENTED_EDGE('',*,*,#1812,.F.);
#2430=ORIENTED_EDGE('',*,*,#1813,.F.);
#2431=ORIENTED_EDGE('',*,*,#1814,.F.);
#2432=ORIENTED_EDGE('',*,*,#1815,.F.);
#2433=ORIENTED_EDGE('',*,*,#1816,.T.);
#2434=ORIENTED_EDGE('',*,*,#1793,.F.);
#2435=ORIENTED_EDGE('',*,*,#1788,.F.);
#2436=ORIENTED_EDGE('',*,*,#1817,.F.);
#2437=ORIENTED_EDGE('',*,*,#1818,.F.);
#2438=ORIENTED_EDGE('',*,*,#1807,.F.);
#2439=ORIENTED_EDGE('',*,*,#1766,.F.);
#2440=ORIENTED_EDGE('',*,*,#1819,.T.);
#2441=ORIENTED_EDGE('',*,*,#1820,.T.);
#2442=ORIENTED_EDGE('',*,*,#1821,.T.);
#2443=ORIENTED_EDGE('',*,*,#1779,.F.);
#2444=ORIENTED_EDGE('',*,*,#1770,.F.);
#2445=ORIENTED_EDGE('',*,*,#1822,.T.);
#2446=ORIENTED_EDGE('',*,*,#1823,.T.);
#2447=ORIENTED_EDGE('',*,*,#1824,.T.);
#2448=ORIENTED_EDGE('',*,*,#1825,.T.);
#2449=ORIENTED_EDGE('',*,*,#1815,.T.);
#2450=ORIENTED_EDGE('',*,*,#1824,.F.);
#2451=ORIENTED_EDGE('',*,*,#1826,.T.);
#2452=ORIENTED_EDGE('',*,*,#1820,.F.);
#2453=ORIENTED_EDGE('',*,*,#1827,.T.);
#2454=ORIENTED_EDGE('',*,*,#1780,.F.);
#2455=ORIENTED_EDGE('',*,*,#1828,.F.);
#2456=ORIENTED_EDGE('',*,*,#1829,.F.);
#2457=ORIENTED_EDGE('',*,*,#1830,.F.);
#2458=ORIENTED_EDGE('',*,*,#1642,.F.);
#2459=ORIENTED_EDGE('',*,*,#1821,.F.);
#2460=ORIENTED_EDGE('',*,*,#1831,.T.);
#2461=ORIENTED_EDGE('',*,*,#1828,.T.);
#2462=ORIENTED_EDGE('',*,*,#1826,.F.);
#2463=ORIENTED_EDGE('',*,*,#1832,.T.);
#2464=ORIENTED_EDGE('',*,*,#1833,.T.);
#2465=ORIENTED_EDGE('',*,*,#1834,.T.);
#2466=ORIENTED_EDGE('',*,*,#1831,.F.);
#2467=ORIENTED_EDGE('',*,*,#1823,.F.);
#2468=ORIENTED_EDGE('',*,*,#1835,.F.);
#2469=ORIENTED_EDGE('',*,*,#1836,.F.);
#2470=ORIENTED_EDGE('',*,*,#1837,.F.);
#2471=ORIENTED_EDGE('',*,*,#1832,.F.);
#2472=ORIENTED_EDGE('',*,*,#1808,.T.);
#2473=ORIENTED_EDGE('',*,*,#1818,.T.);
#2474=ORIENTED_EDGE('',*,*,#1838,.T.);
#2475=ORIENTED_EDGE('',*,*,#1839,.T.);
#2476=ORIENTED_EDGE('',*,*,#1840,.T.);
#2477=ORIENTED_EDGE('',*,*,#1791,.F.);
#2478=ORIENTED_EDGE('',*,*,#1841,.T.);
#2479=ORIENTED_EDGE('',*,*,#1842,.T.);
#2480=ORIENTED_EDGE('',*,*,#1838,.F.);
#2481=ORIENTED_EDGE('',*,*,#1817,.T.);
#2482=ORIENTED_EDGE('',*,*,#1789,.F.);
#2483=ORIENTED_EDGE('',*,*,#1792,.T.);
#2484=ORIENTED_EDGE('',*,*,#1661,.F.);
#2485=ORIENTED_EDGE('',*,*,#1843,.T.);
#2486=ORIENTED_EDGE('',*,*,#1841,.F.);
#2487=ORIENTED_EDGE('',*,*,#1840,.F.);
#2488=ORIENTED_EDGE('',*,*,#1844,.T.);
#2489=ORIENTED_EDGE('',*,*,#1845,.T.);
#2490=ORIENTED_EDGE('',*,*,#1809,.T.);
#2491=ORIENTED_EDGE('',*,*,#1839,.F.);
#2492=ORIENTED_EDGE('',*,*,#1846,.F.);
#2493=ORIENTED_EDGE('',*,*,#1847,.F.);
#2494=ORIENTED_EDGE('',*,*,#1844,.F.);
#2495=ORIENTED_EDGE('',*,*,#1842,.F.);
#2496=ORIENTED_EDGE('',*,*,#1848,.T.);
#2497=ORIENTED_EDGE('',*,*,#1849,.F.);
#2498=ORIENTED_EDGE('',*,*,#1846,.T.);
#2499=ORIENTED_EDGE('',*,*,#1843,.F.);
#2500=ORIENTED_EDGE('',*,*,#1660,.F.);
#2501=ORIENTED_EDGE('',*,*,#1850,.F.);
#2502=ORIENTED_EDGE('',*,*,#1851,.F.);
#2503=ORIENTED_EDGE('',*,*,#1852,.F.);
#2504=ORIENTED_EDGE('',*,*,#1853,.F.);
#2505=ORIENTED_EDGE('',*,*,#1848,.F.);
#2506=ORIENTED_EDGE('',*,*,#1715,.T.);
#2507=ORIENTED_EDGE('',*,*,#1730,.T.);
#2508=ORIENTED_EDGE('',*,*,#1854,.T.);
#2509=ORIENTED_EDGE('',*,*,#1855,.T.);
#2510=ORIENTED_EDGE('',*,*,#1856,.T.);
#2511=ORIENTED_EDGE('',*,*,#1694,.F.);
#2512=ORIENTED_EDGE('',*,*,#1857,.T.);
#2513=ORIENTED_EDGE('',*,*,#1858,.T.);
#2514=ORIENTED_EDGE('',*,*,#1859,.T.);
#2515=ORIENTED_EDGE('',*,*,#1728,.T.);
#2516=ORIENTED_EDGE('',*,*,#1691,.F.);
#2517=ORIENTED_EDGE('',*,*,#1696,.T.);
#2518=ORIENTED_EDGE('',*,*,#1681,.F.);
#2519=ORIENTED_EDGE('',*,*,#1860,.T.);
#2520=ORIENTED_EDGE('',*,*,#1857,.F.);
#2521=ORIENTED_EDGE('',*,*,#1859,.F.);
#2522=ORIENTED_EDGE('',*,*,#1861,.T.);
#2523=ORIENTED_EDGE('',*,*,#1854,.F.);
#2524=ORIENTED_EDGE('',*,*,#1729,.T.);
#2525=ORIENTED_EDGE('',*,*,#1856,.F.);
#2526=ORIENTED_EDGE('',*,*,#1862,.T.);
#2527=ORIENTED_EDGE('',*,*,#1863,.T.);
#2528=ORIENTED_EDGE('',*,*,#1716,.T.);
#2529=ORIENTED_EDGE('',*,*,#1855,.F.);
#2530=ORIENTED_EDGE('',*,*,#1864,.F.);
#2531=ORIENTED_EDGE('',*,*,#1865,.F.);
#2532=ORIENTED_EDGE('',*,*,#1866,.F.);
#2533=ORIENTED_EDGE('',*,*,#1867,.F.);
#2534=ORIENTED_EDGE('',*,*,#1862,.F.);
#2535=ORIENTED_EDGE('',*,*,#1861,.F.);
#2536=ORIENTED_EDGE('',*,*,#1868,.F.);
#2537=ORIENTED_EDGE('',*,*,#1869,.T.);
#2538=ORIENTED_EDGE('',*,*,#1870,.F.);
#2539=ORIENTED_EDGE('',*,*,#1864,.T.);
#2540=ORIENTED_EDGE('',*,*,#1858,.F.);
#2541=ORIENTED_EDGE('',*,*,#1871,.T.);
#2542=ORIENTED_EDGE('',*,*,#1868,.T.);
#2543=ORIENTED_EDGE('',*,*,#1745,.F.);
#2544=ORIENTED_EDGE('',*,*,#1872,.T.);
#2545=ORIENTED_EDGE('',*,*,#1850,.T.);
#2546=ORIENTED_EDGE('',*,*,#1659,.F.);
#2547=ORIENTED_EDGE('',*,*,#1740,.F.);
#2548=ORIENTED_EDGE('',*,*,#1873,.T.);
#2549=ORIENTED_EDGE('',*,*,#1874,.T.);
#2550=ORIENTED_EDGE('',*,*,#1875,.T.);
#2551=ORIENTED_EDGE('',*,*,#1872,.F.);
#2552=ORIENTED_EDGE('',*,*,#1744,.F.);
#2553=ORIENTED_EDGE('',*,*,#1876,.T.);
#2554=ORIENTED_EDGE('',*,*,#1877,.T.);
#2555=ORIENTED_EDGE('',*,*,#1874,.F.);
#2556=ORIENTED_EDGE('',*,*,#1878,.T.);
#2557=ORIENTED_EDGE('',*,*,#1725,.T.);
#2558=ORIENTED_EDGE('',*,*,#1736,.F.);
#2559=ORIENTED_EDGE('',*,*,#1726,.F.);
#2560=ORIENTED_EDGE('',*,*,#1878,.F.);
#2561=ORIENTED_EDGE('',*,*,#1873,.F.);
#2562=ORIENTED_EDGE('',*,*,#1737,.F.);
#2563=ORIENTED_EDGE('',*,*,#1762,.F.);
#2564=ORIENTED_EDGE('',*,*,#1816,.F.);
#2565=ORIENTED_EDGE('',*,*,#1825,.F.);
#2566=ORIENTED_EDGE('',*,*,#1827,.F.);
#2567=ORIENTED_EDGE('',*,*,#1819,.F.);
#2568=ORIENTED_EDGE('',*,*,#1763,.F.);
#2569=ORIENTED_EDGE('',*,*,#1688,.F.);
#2570=ORIENTED_EDGE('',*,*,#1702,.F.);
#2571=ORIENTED_EDGE('',*,*,#1879,.T.);
#2572=ORIENTED_EDGE('',*,*,#1880,.T.);
#2573=ORIENTED_EDGE('',*,*,#1881,.T.);
#2574=ORIENTED_EDGE('',*,*,#1692,.F.);
#2575=ORIENTED_EDGE('',*,*,#1877,.F.);
#2576=ORIENTED_EDGE('',*,*,#1882,.F.);
#2577=ORIENTED_EDGE('',*,*,#1883,.F.);
#2578=ORIENTED_EDGE('',*,*,#1884,.F.);
#2579=ORIENTED_EDGE('',*,*,#1876,.F.);
#2580=ORIENTED_EDGE('',*,*,#1724,.T.);
#2581=ORIENTED_EDGE('',*,*,#1885,.T.);
#2582=ORIENTED_EDGE('',*,*,#1882,.T.);
#2583=ORIENTED_EDGE('',*,*,#1875,.F.);
#2584=ORIENTED_EDGE('',*,*,#1884,.T.);
#2585=ORIENTED_EDGE('',*,*,#1886,.F.);
#2586=ORIENTED_EDGE('',*,*,#1851,.T.);
#2587=ORIENTED_EDGE('',*,*,#1860,.F.);
#2588=ORIENTED_EDGE('',*,*,#1680,.F.);
#2589=ORIENTED_EDGE('',*,*,#1887,.F.);
#2590=ORIENTED_EDGE('',*,*,#1888,.F.);
#2591=ORIENTED_EDGE('',*,*,#1871,.F.);
#2592=ORIENTED_EDGE('',*,*,#1822,.F.);
#2593=ORIENTED_EDGE('',*,*,#1814,.T.);
#2594=ORIENTED_EDGE('',*,*,#1889,.T.);
#2595=ORIENTED_EDGE('',*,*,#1835,.T.);
#2596=ORIENTED_EDGE('',*,*,#1695,.F.);
#2597=ORIENTED_EDGE('',*,*,#1881,.F.);
#2598=ORIENTED_EDGE('',*,*,#1890,.F.);
#2599=ORIENTED_EDGE('',*,*,#1669,.F.);
#2600=ORIENTED_EDGE('',*,*,#1891,.T.);
#2601=ORIENTED_EDGE('',*,*,#1811,.T.);
#2602=ORIENTED_EDGE('',*,*,#1892,.T.);
#2603=ORIENTED_EDGE('',*,*,#1893,.T.);
#2604=ORIENTED_EDGE('',*,*,#1894,.T.);
#2605=ORIENTED_EDGE('',*,*,#1812,.T.);
#2606=ORIENTED_EDGE('',*,*,#1891,.F.);
#2607=ORIENTED_EDGE('',*,*,#1895,.T.);
#2608=ORIENTED_EDGE('',*,*,#1889,.F.);
#2609=ORIENTED_EDGE('',*,*,#1813,.T.);
#2610=ORIENTED_EDGE('',*,*,#1894,.F.);
#2611=ORIENTED_EDGE('',*,*,#1896,.T.);
#2612=ORIENTED_EDGE('',*,*,#1892,.F.);
#2613=ORIENTED_EDGE('',*,*,#1810,.T.);
#2614=ORIENTED_EDGE('',*,*,#1845,.F.);
#2615=ORIENTED_EDGE('',*,*,#1897,.T.);
#2616=ORIENTED_EDGE('',*,*,#1893,.F.);
#2617=ORIENTED_EDGE('',*,*,#1897,.F.);
#2618=ORIENTED_EDGE('',*,*,#1847,.T.);
#2619=ORIENTED_EDGE('',*,*,#1849,.T.);
#2620=ORIENTED_EDGE('',*,*,#1898,.T.);
#2621=ORIENTED_EDGE('',*,*,#1899,.F.);
#2622=ORIENTED_EDGE('',*,*,#1900,.T.);
#2623=ORIENTED_EDGE('',*,*,#1721,.T.);
#2624=ORIENTED_EDGE('',*,*,#1901,.T.);
#2625=ORIENTED_EDGE('',*,*,#1902,.T.);
#2626=ORIENTED_EDGE('',*,*,#1903,.T.);
#2627=ORIENTED_EDGE('',*,*,#1722,.T.);
#2628=ORIENTED_EDGE('',*,*,#1900,.F.);
#2629=ORIENTED_EDGE('',*,*,#1904,.T.);
#2630=ORIENTED_EDGE('',*,*,#1885,.F.);
#2631=ORIENTED_EDGE('',*,*,#1723,.T.);
#2632=ORIENTED_EDGE('',*,*,#1903,.F.);
#2633=ORIENTED_EDGE('',*,*,#1905,.T.);
#2634=ORIENTED_EDGE('',*,*,#1906,.T.);
#2635=ORIENTED_EDGE('',*,*,#1717,.T.);
#2636=ORIENTED_EDGE('',*,*,#1863,.F.);
#2637=ORIENTED_EDGE('',*,*,#1907,.T.);
#2638=ORIENTED_EDGE('',*,*,#1908,.T.);
#2639=ORIENTED_EDGE('',*,*,#1909,.T.);
#2640=ORIENTED_EDGE('',*,*,#1910,.T.);
#2641=ORIENTED_EDGE('',*,*,#1719,.T.);
#2642=ORIENTED_EDGE('',*,*,#1908,.F.);
#2643=ORIENTED_EDGE('',*,*,#1718,.T.);
#2644=ORIENTED_EDGE('',*,*,#1906,.F.);
#2645=ORIENTED_EDGE('',*,*,#1911,.T.);
#2646=ORIENTED_EDGE('',*,*,#1901,.F.);
#2647=ORIENTED_EDGE('',*,*,#1720,.T.);
#2648=ORIENTED_EDGE('',*,*,#1910,.F.);
#2649=ORIENTED_EDGE('',*,*,#1912,.T.);
#2650=ORIENTED_EDGE('',*,*,#1905,.F.);
#2651=ORIENTED_EDGE('',*,*,#1904,.F.);
#2652=ORIENTED_EDGE('',*,*,#1913,.T.);
#2653=ORIENTED_EDGE('',*,*,#1914,.T.);
#2654=ORIENTED_EDGE('',*,*,#1886,.T.);
#2655=ORIENTED_EDGE('',*,*,#1883,.T.);
#2656=ORIENTED_EDGE('',*,*,#1902,.F.);
#2657=ORIENTED_EDGE('',*,*,#1915,.T.);
#2658=ORIENTED_EDGE('',*,*,#1916,.T.);
#2659=ORIENTED_EDGE('',*,*,#1913,.F.);
#2660=ORIENTED_EDGE('',*,*,#1912,.F.);
#2661=ORIENTED_EDGE('',*,*,#1909,.F.);
#2662=ORIENTED_EDGE('',*,*,#1917,.F.);
#2663=ORIENTED_EDGE('',*,*,#1918,.T.);
#2664=ORIENTED_EDGE('',*,*,#1915,.F.);
#2665=ORIENTED_EDGE('',*,*,#1907,.F.);
#2666=ORIENTED_EDGE('',*,*,#1867,.T.);
#2667=ORIENTED_EDGE('',*,*,#1919,.T.);
#2668=ORIENTED_EDGE('',*,*,#1920,.T.);
#2669=ORIENTED_EDGE('',*,*,#1917,.T.);
#2670=ORIENTED_EDGE('',*,*,#1911,.F.);
#2671=ORIENTED_EDGE('',*,*,#1921,.T.);
#2672=ORIENTED_EDGE('',*,*,#1922,.T.);
#2673=ORIENTED_EDGE('',*,*,#1919,.F.);
#2674=ORIENTED_EDGE('',*,*,#1866,.T.);
#2675=ORIENTED_EDGE('',*,*,#1870,.T.);
#2676=ORIENTED_EDGE('',*,*,#1923,.T.);
#2677=ORIENTED_EDGE('',*,*,#1921,.F.);
#2678=ORIENTED_EDGE('',*,*,#1865,.T.);
#2679=ORIENTED_EDGE('',*,*,#1914,.F.);
#2680=ORIENTED_EDGE('',*,*,#1916,.F.);
#2681=ORIENTED_EDGE('',*,*,#1924,.T.);
#2682=ORIENTED_EDGE('',*,*,#1925,.T.);
#2683=ORIENTED_EDGE('',*,*,#1852,.T.);
#2684=ORIENTED_EDGE('',*,*,#1918,.F.);
#2685=ORIENTED_EDGE('',*,*,#1920,.F.);
#2686=ORIENTED_EDGE('',*,*,#1926,.F.);
#2687=ORIENTED_EDGE('',*,*,#1927,.F.);
#2688=ORIENTED_EDGE('',*,*,#1928,.F.);
#2689=ORIENTED_EDGE('',*,*,#1929,.F.);
#2690=ORIENTED_EDGE('',*,*,#1930,.F.);
#2691=ORIENTED_EDGE('',*,*,#1931,.F.);
#2692=ORIENTED_EDGE('',*,*,#1932,.F.);
#2693=ORIENTED_EDGE('',*,*,#1933,.F.);
#2694=ORIENTED_EDGE('',*,*,#1934,.F.);
#2695=ORIENTED_EDGE('',*,*,#1935,.F.);
#2696=ORIENTED_EDGE('',*,*,#1936,.F.);
#2697=ORIENTED_EDGE('',*,*,#1937,.F.);
#2698=ORIENTED_EDGE('',*,*,#1938,.F.);
#2699=ORIENTED_EDGE('',*,*,#1924,.F.);
#2700=ORIENTED_EDGE('',*,*,#1939,.F.);
#2701=ORIENTED_EDGE('',*,*,#1922,.F.);
#2702=ORIENTED_EDGE('',*,*,#1940,.F.);
#2703=ORIENTED_EDGE('',*,*,#1926,.T.);
#2704=ORIENTED_EDGE('',*,*,#1895,.F.);
#2705=ORIENTED_EDGE('',*,*,#1899,.T.);
#2706=ORIENTED_EDGE('',*,*,#1941,.T.);
#2707=ORIENTED_EDGE('',*,*,#1942,.T.);
#2708=ORIENTED_EDGE('',*,*,#1836,.T.);
#2709=ORIENTED_EDGE('',*,*,#1896,.F.);
#2710=ORIENTED_EDGE('',*,*,#1942,.F.);
#2711=ORIENTED_EDGE('',*,*,#1943,.T.);
#2712=ORIENTED_EDGE('',*,*,#1833,.F.);
#2713=ORIENTED_EDGE('',*,*,#1837,.T.);
#2714=ORIENTED_EDGE('',*,*,#1834,.F.);
#2715=ORIENTED_EDGE('',*,*,#1944,.T.);
#2716=ORIENTED_EDGE('',*,*,#1945,.T.);
#2717=ORIENTED_EDGE('',*,*,#1829,.T.);
#2718=ORIENTED_EDGE('',*,*,#1943,.F.);
#2719=ORIENTED_EDGE('',*,*,#1946,.F.);
#2720=ORIENTED_EDGE('',*,*,#1947,.F.);
#2721=ORIENTED_EDGE('',*,*,#1948,.F.);
#2722=ORIENTED_EDGE('',*,*,#1944,.F.);
#2723=ORIENTED_EDGE('',*,*,#1941,.F.);
#2724=ORIENTED_EDGE('',*,*,#1949,.F.);
#2725=ORIENTED_EDGE('',*,*,#1938,.T.);
#2726=ORIENTED_EDGE('',*,*,#1950,.F.);
#2727=ORIENTED_EDGE('',*,*,#1951,.F.);
#2728=ORIENTED_EDGE('',*,*,#1952,.F.);
#2729=ORIENTED_EDGE('',*,*,#1946,.T.);
#2730=ORIENTED_EDGE('',*,*,#1773,.T.);
#2731=ORIENTED_EDGE('',*,*,#1953,.T.);
#2732=ORIENTED_EDGE('',*,*,#1954,.T.);
#2733=ORIENTED_EDGE('',*,*,#1798,.T.);
#2734=ORIENTED_EDGE('',*,*,#1797,.T.);
#2735=ORIENTED_EDGE('',*,*,#1805,.T.);
#2736=ORIENTED_EDGE('',*,*,#1955,.T.);
#2737=ORIENTED_EDGE('',*,*,#1956,.T.);
#2738=ORIENTED_EDGE('',*,*,#1957,.T.);
#2739=ORIENTED_EDGE('',*,*,#1958,.T.);
#2740=ORIENTED_EDGE('',*,*,#1955,.F.);
#2741=ORIENTED_EDGE('',*,*,#1804,.T.);
#2742=ORIENTED_EDGE('',*,*,#1959,.T.);
#2743=ORIENTED_EDGE('',*,*,#1960,.T.);
#2744=ORIENTED_EDGE('',*,*,#1957,.F.);
#2745=ORIENTED_EDGE('',*,*,#1803,.T.);
#2746=ORIENTED_EDGE('',*,*,#1961,.T.);
#2747=ORIENTED_EDGE('',*,*,#1962,.T.);
#2748=ORIENTED_EDGE('',*,*,#1959,.F.);
#2749=ORIENTED_EDGE('',*,*,#1802,.T.);
#2750=ORIENTED_EDGE('',*,*,#1963,.T.);
#2751=ORIENTED_EDGE('',*,*,#1964,.T.);
#2752=ORIENTED_EDGE('',*,*,#1961,.F.);
#2753=ORIENTED_EDGE('',*,*,#1801,.T.);
#2754=ORIENTED_EDGE('',*,*,#1965,.T.);
#2755=ORIENTED_EDGE('',*,*,#1966,.T.);
#2756=ORIENTED_EDGE('',*,*,#1963,.F.);
#2757=ORIENTED_EDGE('',*,*,#1800,.T.);
#2758=ORIENTED_EDGE('',*,*,#1954,.F.);
#2759=ORIENTED_EDGE('',*,*,#1967,.T.);
#2760=ORIENTED_EDGE('',*,*,#1965,.F.);
#2761=ORIENTED_EDGE('',*,*,#1799,.T.);
#2762=ORIENTED_EDGE('',*,*,#1967,.F.);
#2763=ORIENTED_EDGE('',*,*,#1968,.T.);
#2764=ORIENTED_EDGE('',*,*,#1969,.F.);
#2765=ORIENTED_EDGE('',*,*,#1970,.T.);
#2766=ORIENTED_EDGE('',*,*,#1953,.F.);
#2767=ORIENTED_EDGE('',*,*,#1777,.F.);
#2768=ORIENTED_EDGE('',*,*,#1971,.F.);
#2769=ORIENTED_EDGE('',*,*,#1972,.F.);
#2770=ORIENTED_EDGE('',*,*,#1973,.F.);
#2771=ORIENTED_EDGE('',*,*,#1974,.F.);
#2772=ORIENTED_EDGE('',*,*,#1975,.F.);
#2773=ORIENTED_EDGE('',*,*,#1976,.F.);
#2774=ORIENTED_EDGE('',*,*,#1977,.F.);
#2775=ORIENTED_EDGE('',*,*,#1978,.F.);
#2776=ORIENTED_EDGE('',*,*,#1979,.T.);
#2777=ORIENTED_EDGE('',*,*,#1980,.T.);
#2778=ORIENTED_EDGE('',*,*,#1981,.T.);
#2779=ORIENTED_EDGE('',*,*,#1982,.T.);
#2780=ORIENTED_EDGE('',*,*,#1983,.T.);
#2781=ORIENTED_EDGE('',*,*,#1984,.F.);
#2782=ORIENTED_EDGE('',*,*,#1968,.F.);
#2783=ORIENTED_EDGE('',*,*,#1956,.F.);
#2784=ORIENTED_EDGE('',*,*,#1985,.F.);
#2785=ORIENTED_EDGE('',*,*,#1986,.F.);
#2786=ORIENTED_EDGE('',*,*,#1752,.F.);
#2787=ORIENTED_EDGE('',*,*,#1969,.T.);
#2788=ORIENTED_EDGE('',*,*,#1984,.T.);
#2789=ORIENTED_EDGE('',*,*,#1987,.T.);
#2790=ORIENTED_EDGE('',*,*,#1988,.T.);
#2791=ORIENTED_EDGE('',*,*,#1966,.F.);
#2792=ORIENTED_EDGE('',*,*,#1970,.F.);
#2793=ORIENTED_EDGE('',*,*,#1989,.T.);
#2794=ORIENTED_EDGE('',*,*,#1964,.F.);
#2795=ORIENTED_EDGE('',*,*,#1989,.F.);
#2796=ORIENTED_EDGE('',*,*,#1988,.F.);
#2797=ORIENTED_EDGE('',*,*,#1990,.T.);
#2798=ORIENTED_EDGE('',*,*,#1991,.T.);
#2799=ORIENTED_EDGE('',*,*,#1992,.T.);
#2800=ORIENTED_EDGE('',*,*,#1993,.T.);
#2801=ORIENTED_EDGE('',*,*,#1994,.F.);
#2802=ORIENTED_EDGE('',*,*,#1995,.F.);
#2803=ORIENTED_EDGE('',*,*,#1976,.T.);
#2804=ORIENTED_EDGE('',*,*,#1996,.T.);
#2805=ORIENTED_EDGE('',*,*,#1997,.T.);
#2806=ORIENTED_EDGE('',*,*,#1998,.T.);
#2807=ORIENTED_EDGE('',*,*,#1999,.T.);
#2808=ORIENTED_EDGE('',*,*,#1996,.F.);
#2809=ORIENTED_EDGE('',*,*,#1975,.T.);
#2810=ORIENTED_EDGE('',*,*,#2000,.T.);
#2811=ORIENTED_EDGE('',*,*,#2001,.T.);
#2812=ORIENTED_EDGE('',*,*,#1998,.F.);
#2813=ORIENTED_EDGE('',*,*,#1974,.T.);
#2814=ORIENTED_EDGE('',*,*,#2002,.T.);
#2815=ORIENTED_EDGE('',*,*,#2003,.T.);
#2816=ORIENTED_EDGE('',*,*,#2000,.F.);
#2817=ORIENTED_EDGE('',*,*,#1973,.T.);
#2818=ORIENTED_EDGE('',*,*,#2004,.T.);
#2819=ORIENTED_EDGE('',*,*,#2005,.T.);
#2820=ORIENTED_EDGE('',*,*,#2002,.F.);
#2821=ORIENTED_EDGE('',*,*,#1972,.T.);
#2822=ORIENTED_EDGE('',*,*,#1776,.T.);
#2823=ORIENTED_EDGE('',*,*,#2006,.T.);
#2824=ORIENTED_EDGE('',*,*,#2004,.F.);
#2825=ORIENTED_EDGE('',*,*,#1971,.T.);
#2826=ORIENTED_EDGE('',*,*,#2007,.T.);
#2827=ORIENTED_EDGE('',*,*,#2008,.T.);
#2828=ORIENTED_EDGE('',*,*,#2009,.F.);
#2829=ORIENTED_EDGE('',*,*,#2010,.T.);
#2830=ORIENTED_EDGE('',*,*,#2009,.T.);
#2831=ORIENTED_EDGE('',*,*,#2011,.T.);
#2832=ORIENTED_EDGE('',*,*,#2012,.T.);
#2833=ORIENTED_EDGE('',*,*,#2013,.T.);
#2834=ORIENTED_EDGE('',*,*,#2014,.T.);
#2835=ORIENTED_EDGE('',*,*,#2015,.F.);
#2836=ORIENTED_EDGE('',*,*,#2016,.T.);
#2837=ORIENTED_EDGE('',*,*,#2015,.T.);
#2838=ORIENTED_EDGE('',*,*,#2017,.T.);
#2839=ORIENTED_EDGE('',*,*,#2018,.T.);
#2840=ORIENTED_EDGE('',*,*,#2010,.F.);
#2841=ORIENTED_EDGE('',*,*,#2012,.F.);
#2842=ORIENTED_EDGE('',*,*,#1707,.T.);
#2843=ORIENTED_EDGE('',*,*,#1747,.T.);
#2844=ORIENTED_EDGE('',*,*,#1986,.T.);
#2845=ORIENTED_EDGE('',*,*,#2017,.F.);
#2846=ORIENTED_EDGE('',*,*,#2014,.F.);
#2847=ORIENTED_EDGE('',*,*,#2019,.T.);
#2848=ORIENTED_EDGE('',*,*,#1701,.F.);
#2849=ORIENTED_EDGE('',*,*,#1713,.T.);
#2850=ORIENTED_EDGE('',*,*,#2018,.F.);
#2851=ORIENTED_EDGE('',*,*,#1712,.T.);
#2852=ORIENTED_EDGE('',*,*,#2020,.T.);
#2853=ORIENTED_EDGE('',*,*,#2021,.T.);
#2854=ORIENTED_EDGE('',*,*,#2022,.T.);
#2855=ORIENTED_EDGE('',*,*,#2023,.T.);
#2856=ORIENTED_EDGE('',*,*,#2020,.F.);
#2857=ORIENTED_EDGE('',*,*,#1711,.T.);
#2858=ORIENTED_EDGE('',*,*,#2024,.T.);
#2859=ORIENTED_EDGE('',*,*,#2025,.T.);
#2860=ORIENTED_EDGE('',*,*,#2022,.F.);
#2861=ORIENTED_EDGE('',*,*,#1710,.T.);
#2862=ORIENTED_EDGE('',*,*,#2026,.T.);
#2863=ORIENTED_EDGE('',*,*,#2027,.T.);
#2864=ORIENTED_EDGE('',*,*,#2024,.F.);
#2865=ORIENTED_EDGE('',*,*,#1709,.T.);
#2866=ORIENTED_EDGE('',*,*,#2011,.F.);
#2867=ORIENTED_EDGE('',*,*,#2028,.T.);
#2868=ORIENTED_EDGE('',*,*,#2026,.F.);
#2869=ORIENTED_EDGE('',*,*,#1708,.T.);
#2870=ORIENTED_EDGE('',*,*,#1960,.F.);
#2871=ORIENTED_EDGE('',*,*,#2029,.F.);
#2872=ORIENTED_EDGE('',*,*,#2030,.F.);
#2873=ORIENTED_EDGE('',*,*,#2028,.F.);
#2874=ORIENTED_EDGE('',*,*,#2008,.F.);
#2875=ORIENTED_EDGE('',*,*,#2031,.F.);
#2876=ORIENTED_EDGE('',*,*,#1958,.F.);
#2877=ORIENTED_EDGE('',*,*,#2031,.T.);
#2878=ORIENTED_EDGE('',*,*,#2007,.F.);
#2879=ORIENTED_EDGE('',*,*,#1985,.T.);
#2880=ORIENTED_EDGE('',*,*,#2013,.F.);
#2881=ORIENTED_EDGE('',*,*,#2032,.T.);
#2882=ORIENTED_EDGE('',*,*,#2033,.T.);
#2883=ORIENTED_EDGE('',*,*,#2034,.T.);
#2884=ORIENTED_EDGE('',*,*,#2035,.T.);
#2885=ORIENTED_EDGE('',*,*,#2036,.T.);
#2886=ORIENTED_EDGE('',*,*,#2033,.F.);
#2887=ORIENTED_EDGE('',*,*,#2037,.T.);
#2888=ORIENTED_EDGE('',*,*,#2038,.T.);
#2889=ORIENTED_EDGE('',*,*,#2039,.T.);
#2890=ORIENTED_EDGE('',*,*,#2035,.F.);
#2891=ORIENTED_EDGE('',*,*,#2040,.T.);
#2892=ORIENTED_EDGE('',*,*,#2041,.F.);
#2893=ORIENTED_EDGE('',*,*,#2042,.T.);
#2894=ORIENTED_EDGE('',*,*,#2038,.F.);
#2895=ORIENTED_EDGE('',*,*,#2043,.T.);
#2896=ORIENTED_EDGE('',*,*,#2043,.F.);
#2897=ORIENTED_EDGE('',*,*,#2044,.T.);
#2898=ORIENTED_EDGE('',*,*,#2045,.T.);
#2899=ORIENTED_EDGE('',*,*,#2046,.T.);
#2900=ORIENTED_EDGE('',*,*,#2047,.F.);
#2901=ORIENTED_EDGE('',*,*,#2048,.F.);
#2902=ORIENTED_EDGE('',*,*,#2040,.F.);
#2903=ORIENTED_EDGE('',*,*,#2049,.T.);
#2904=ORIENTED_EDGE('',*,*,#2044,.F.);
#2905=ORIENTED_EDGE('',*,*,#2037,.F.);
#2906=ORIENTED_EDGE('',*,*,#2050,.T.);
#2907=ORIENTED_EDGE('',*,*,#2051,.F.);
#2908=ORIENTED_EDGE('',*,*,#2049,.F.);
#2909=ORIENTED_EDGE('',*,*,#2021,.F.);
#2910=ORIENTED_EDGE('',*,*,#2052,.F.);
#2911=ORIENTED_EDGE('',*,*,#2050,.F.);
#2912=ORIENTED_EDGE('',*,*,#2032,.F.);
#2913=ORIENTED_EDGE('',*,*,#2016,.F.);
#2914=ORIENTED_EDGE('',*,*,#2053,.T.);
#2915=ORIENTED_EDGE('',*,*,#2054,.T.);
#2916=ORIENTED_EDGE('',*,*,#1880,.F.);
#2917=ORIENTED_EDGE('',*,*,#2055,.T.);
#2918=ORIENTED_EDGE('',*,*,#2056,.T.);
#2919=ORIENTED_EDGE('',*,*,#2057,.T.);
#2920=ORIENTED_EDGE('',*,*,#2053,.F.);
#2921=ORIENTED_EDGE('',*,*,#2058,.T.);
#2922=ORIENTED_EDGE('',*,*,#2059,.T.);
#2923=ORIENTED_EDGE('',*,*,#2060,.T.);
#2924=ORIENTED_EDGE('',*,*,#2056,.F.);
#2925=ORIENTED_EDGE('',*,*,#2061,.T.);
#2926=ORIENTED_EDGE('',*,*,#2062,.T.);
#2927=ORIENTED_EDGE('',*,*,#2063,.T.);
#2928=ORIENTED_EDGE('',*,*,#2059,.F.);
#2929=ORIENTED_EDGE('',*,*,#2064,.T.);
#2930=ORIENTED_EDGE('',*,*,#2065,.F.);
#2931=ORIENTED_EDGE('',*,*,#2066,.T.);
#2932=ORIENTED_EDGE('',*,*,#2062,.F.);
#2933=ORIENTED_EDGE('',*,*,#2067,.T.);
#2934=ORIENTED_EDGE('',*,*,#2068,.T.);
#2935=ORIENTED_EDGE('',*,*,#2069,.F.);
#2936=ORIENTED_EDGE('',*,*,#2019,.F.);
#2937=ORIENTED_EDGE('',*,*,#2034,.F.);
#2938=ORIENTED_EDGE('',*,*,#2036,.F.);
#2939=ORIENTED_EDGE('',*,*,#2039,.F.);
#2940=ORIENTED_EDGE('',*,*,#2042,.F.);
#2941=ORIENTED_EDGE('',*,*,#2070,.T.);
#2942=ORIENTED_EDGE('',*,*,#2071,.T.);
#2943=ORIENTED_EDGE('',*,*,#2072,.F.);
#2944=ORIENTED_EDGE('',*,*,#2067,.F.);
#2945=ORIENTED_EDGE('',*,*,#2064,.F.);
#2946=ORIENTED_EDGE('',*,*,#2061,.F.);
#2947=ORIENTED_EDGE('',*,*,#2058,.F.);
#2948=ORIENTED_EDGE('',*,*,#2055,.F.);
#2949=ORIENTED_EDGE('',*,*,#1879,.F.);
#2950=ORIENTED_EDGE('',*,*,#2073,.T.);
#2951=ORIENTED_EDGE('',*,*,#2074,.T.);
#2952=ORIENTED_EDGE('',*,*,#2045,.F.);
#2953=ORIENTED_EDGE('',*,*,#2051,.T.);
#2954=ORIENTED_EDGE('',*,*,#2023,.F.);
#2955=ORIENTED_EDGE('',*,*,#2075,.T.);
#2956=ORIENTED_EDGE('',*,*,#2073,.F.);
#2957=ORIENTED_EDGE('',*,*,#2052,.T.);
#2958=ORIENTED_EDGE('',*,*,#2048,.T.);
#2959=ORIENTED_EDGE('',*,*,#2076,.F.);
#2960=ORIENTED_EDGE('',*,*,#2070,.F.);
#2961=ORIENTED_EDGE('',*,*,#2041,.T.);
#2962=ORIENTED_EDGE('',*,*,#2047,.T.);
#2963=ORIENTED_EDGE('',*,*,#2077,.F.);
#2964=ORIENTED_EDGE('',*,*,#2078,.T.);
#2965=ORIENTED_EDGE('',*,*,#2079,.T.);
#2966=ORIENTED_EDGE('',*,*,#2080,.T.);
#2967=ORIENTED_EDGE('',*,*,#2081,.F.);
#2968=ORIENTED_EDGE('',*,*,#2082,.F.);
#2969=ORIENTED_EDGE('',*,*,#1979,.F.);
#2970=ORIENTED_EDGE('',*,*,#2083,.F.);
#2971=ORIENTED_EDGE('',*,*,#2084,.T.);
#2972=ORIENTED_EDGE('',*,*,#2085,.T.);
#2973=ORIENTED_EDGE('',*,*,#2086,.T.);
#2974=ORIENTED_EDGE('',*,*,#2087,.F.);
#2975=ORIENTED_EDGE('',*,*,#2071,.F.);
#2976=ORIENTED_EDGE('',*,*,#2076,.T.);
#2977=ORIENTED_EDGE('',*,*,#2027,.F.);
#2978=ORIENTED_EDGE('',*,*,#2030,.T.);
#2979=ORIENTED_EDGE('',*,*,#2088,.T.);
#2980=ORIENTED_EDGE('',*,*,#2089,.T.);
#2981=ORIENTED_EDGE('',*,*,#1962,.F.);
#2982=ORIENTED_EDGE('',*,*,#1994,.T.);
#2983=ORIENTED_EDGE('',*,*,#2090,.F.);
#2984=ORIENTED_EDGE('',*,*,#2088,.F.);
#2985=ORIENTED_EDGE('',*,*,#2029,.T.);
#2986=ORIENTED_EDGE('',*,*,#2025,.F.);
#2987=ORIENTED_EDGE('',*,*,#2089,.F.);
#2988=ORIENTED_EDGE('',*,*,#2090,.T.);
#2989=ORIENTED_EDGE('',*,*,#1993,.F.);
#2990=ORIENTED_EDGE('',*,*,#2091,.T.);
#2991=ORIENTED_EDGE('',*,*,#2092,.T.);
#2992=ORIENTED_EDGE('',*,*,#2081,.T.);
#2993=ORIENTED_EDGE('',*,*,#2093,.T.);
#2994=ORIENTED_EDGE('',*,*,#2077,.T.);
#2995=ORIENTED_EDGE('',*,*,#2046,.F.);
#2996=ORIENTED_EDGE('',*,*,#2074,.F.);
#2997=ORIENTED_EDGE('',*,*,#2075,.F.);
#2998=ORIENTED_EDGE('',*,*,#2094,.T.);
#2999=ORIENTED_EDGE('',*,*,#1869,.F.);
#3000=ORIENTED_EDGE('',*,*,#1888,.T.);
#3001=ORIENTED_EDGE('',*,*,#2095,.F.);
#3002=ORIENTED_EDGE('',*,*,#1898,.F.);
#3003=ORIENTED_EDGE('',*,*,#1853,.T.);
#3004=ORIENTED_EDGE('',*,*,#1925,.F.);
#3005=ORIENTED_EDGE('',*,*,#1949,.T.);
#3006=ORIENTED_EDGE('',*,*,#2096,.T.);
#3007=ORIENTED_EDGE('',*,*,#2097,.T.);
#3008=ORIENTED_EDGE('',*,*,#2098,.T.);
#3009=ORIENTED_EDGE('',*,*,#2096,.F.);
#3010=ORIENTED_EDGE('',*,*,#1939,.T.);
#3011=ORIENTED_EDGE('',*,*,#2099,.F.);
#3012=ORIENTED_EDGE('',*,*,#2100,.T.);
#3013=ORIENTED_EDGE('',*,*,#2097,.F.);
#3014=ORIENTED_EDGE('',*,*,#2098,.F.);
#3015=ORIENTED_EDGE('',*,*,#2100,.F.);
#3016=ORIENTED_EDGE('',*,*,#2101,.T.);
#3017=ORIENTED_EDGE('',*,*,#1933,.T.);
#3018=ORIENTED_EDGE('',*,*,#2102,.T.);
#3019=ORIENTED_EDGE('',*,*,#2103,.T.);
#3020=ORIENTED_EDGE('',*,*,#2104,.T.);
#3021=ORIENTED_EDGE('',*,*,#2102,.F.);
#3022=ORIENTED_EDGE('',*,*,#1932,.T.);
#3023=ORIENTED_EDGE('',*,*,#2101,.F.);
#3024=ORIENTED_EDGE('',*,*,#1931,.T.);
#3025=ORIENTED_EDGE('',*,*,#2105,.T.);
#3026=ORIENTED_EDGE('',*,*,#2106,.T.);
#3027=ORIENTED_EDGE('',*,*,#2107,.T.);
#3028=ORIENTED_EDGE('',*,*,#2108,.F.);
#3029=ORIENTED_EDGE('',*,*,#1934,.T.);
#3030=ORIENTED_EDGE('',*,*,#2109,.F.);
#3031=ORIENTED_EDGE('',*,*,#2110,.T.);
#3032=ORIENTED_EDGE('',*,*,#2103,.F.);
#3033=ORIENTED_EDGE('',*,*,#2104,.F.);
#3034=ORIENTED_EDGE('',*,*,#2110,.F.);
#3035=ORIENTED_EDGE('',*,*,#2111,.F.);
#3036=ORIENTED_EDGE('',*,*,#2112,.T.);
#3037=ORIENTED_EDGE('',*,*,#2094,.F.);
#3038=ORIENTED_EDGE('',*,*,#2112,.F.);
#3039=ORIENTED_EDGE('',*,*,#2111,.T.);
#3040=ORIENTED_EDGE('',*,*,#2099,.T.);
#3041=ORIENTED_EDGE('',*,*,#2078,.F.);
#3042=ORIENTED_EDGE('',*,*,#2093,.F.);
#3043=ORIENTED_EDGE('',*,*,#2080,.F.);
#3044=ORIENTED_EDGE('',*,*,#2113,.F.);
#3045=ORIENTED_EDGE('',*,*,#2079,.F.);
#3046=ORIENTED_EDGE('',*,*,#2113,.T.);
#3047=ORIENTED_EDGE('',*,*,#2109,.T.);
#3048=ORIENTED_EDGE('',*,*,#2114,.T.);
#3049=ORIENTED_EDGE('',*,*,#2115,.T.);
#3050=ORIENTED_EDGE('',*,*,#2105,.F.);
#3051=ORIENTED_EDGE('',*,*,#1930,.T.);
#3052=ORIENTED_EDGE('',*,*,#2116,.T.);
#3053=ORIENTED_EDGE('',*,*,#2117,.T.);
#3054=ORIENTED_EDGE('',*,*,#2114,.F.);
#3055=ORIENTED_EDGE('',*,*,#1929,.T.);
#3056=ORIENTED_EDGE('',*,*,#2118,.T.);
#3057=ORIENTED_EDGE('',*,*,#2119,.T.);
#3058=ORIENTED_EDGE('',*,*,#2116,.F.);
#3059=ORIENTED_EDGE('',*,*,#1928,.T.);
#3060=ORIENTED_EDGE('',*,*,#1923,.F.);
#3061=ORIENTED_EDGE('',*,*,#2095,.T.);
#3062=ORIENTED_EDGE('',*,*,#2120,.T.);
#3063=ORIENTED_EDGE('',*,*,#2118,.F.);
#3064=ORIENTED_EDGE('',*,*,#1927,.T.);
#3065=ORIENTED_EDGE('',*,*,#1940,.T.);
#3066=ORIENTED_EDGE('',*,*,#2121,.T.);
#3067=ORIENTED_EDGE('',*,*,#2122,.T.);
#3068=ORIENTED_EDGE('',*,*,#1945,.F.);
#3069=ORIENTED_EDGE('',*,*,#1948,.T.);
#3070=ORIENTED_EDGE('',*,*,#2123,.T.);
#3071=ORIENTED_EDGE('',*,*,#2124,.T.);
#3072=ORIENTED_EDGE('',*,*,#2121,.F.);
#3073=ORIENTED_EDGE('',*,*,#1947,.T.);
#3074=ORIENTED_EDGE('',*,*,#2123,.F.);
#3075=ORIENTED_EDGE('',*,*,#1952,.T.);
#3076=ORIENTED_EDGE('',*,*,#2125,.T.);
#3077=ORIENTED_EDGE('',*,*,#2126,.T.);
#3078=ORIENTED_EDGE('',*,*,#2125,.F.);
#3079=ORIENTED_EDGE('',*,*,#1951,.T.);
#3080=ORIENTED_EDGE('',*,*,#2127,.T.);
#3081=ORIENTED_EDGE('',*,*,#2128,.T.);
#3082=ORIENTED_EDGE('',*,*,#2127,.F.);
#3083=ORIENTED_EDGE('',*,*,#1950,.T.);
#3084=ORIENTED_EDGE('',*,*,#2129,.T.);
#3085=ORIENTED_EDGE('',*,*,#2130,.T.);
#3086=ORIENTED_EDGE('',*,*,#2131,.T.);
#3087=ORIENTED_EDGE('',*,*,#2132,.T.);
#3088=ORIENTED_EDGE('',*,*,#2129,.F.);
#3089=ORIENTED_EDGE('',*,*,#1937,.T.);
#3090=ORIENTED_EDGE('',*,*,#2133,.T.);
#3091=ORIENTED_EDGE('',*,*,#2134,.T.);
#3092=ORIENTED_EDGE('',*,*,#2131,.F.);
#3093=ORIENTED_EDGE('',*,*,#1936,.T.);
#3094=ORIENTED_EDGE('',*,*,#2135,.T.);
#3095=ORIENTED_EDGE('',*,*,#2133,.F.);
#3096=ORIENTED_EDGE('',*,*,#1935,.T.);
#3097=ORIENTED_EDGE('',*,*,#2108,.T.);
#3098=ORIENTED_EDGE('',*,*,#2124,.F.);
#3099=ORIENTED_EDGE('',*,*,#2126,.F.);
#3100=ORIENTED_EDGE('',*,*,#2136,.F.);
#3101=ORIENTED_EDGE('',*,*,#1644,.F.);
#3102=ORIENTED_EDGE('',*,*,#2137,.T.);
#3103=ORIENTED_EDGE('',*,*,#2128,.F.);
#3104=ORIENTED_EDGE('',*,*,#2138,.F.);
#3105=ORIENTED_EDGE('',*,*,#1645,.F.);
#3106=ORIENTED_EDGE('',*,*,#2136,.T.);
#3107=ORIENTED_EDGE('',*,*,#2130,.F.);
#3108=ORIENTED_EDGE('',*,*,#2132,.F.);
#3109=ORIENTED_EDGE('',*,*,#2139,.F.);
#3110=ORIENTED_EDGE('',*,*,#1646,.F.);
#3111=ORIENTED_EDGE('',*,*,#2138,.T.);
#3112=ORIENTED_EDGE('',*,*,#2134,.F.);
#3113=ORIENTED_EDGE('',*,*,#2140,.F.);
#3114=ORIENTED_EDGE('',*,*,#1647,.F.);
#3115=ORIENTED_EDGE('',*,*,#2139,.T.);
#3116=ORIENTED_EDGE('',*,*,#2135,.F.);
#3117=ORIENTED_EDGE('',*,*,#2107,.F.);
#3118=ORIENTED_EDGE('',*,*,#2141,.F.);
#3119=ORIENTED_EDGE('',*,*,#1648,.F.);
#3120=ORIENTED_EDGE('',*,*,#2140,.T.);
#3121=ORIENTED_EDGE('',*,*,#2106,.F.);
#3122=ORIENTED_EDGE('',*,*,#2142,.F.);
#3123=ORIENTED_EDGE('',*,*,#1675,.F.);
#3124=ORIENTED_EDGE('',*,*,#1665,.F.);
#3125=ORIENTED_EDGE('',*,*,#2143,.T.);
#3126=ORIENTED_EDGE('',*,*,#2144,.T.);
#3127=ORIENTED_EDGE('',*,*,#2145,.F.);
#3128=ORIENTED_EDGE('',*,*,#2146,.T.);
#3129=ORIENTED_EDGE('',*,*,#2147,.T.);
#3130=ORIENTED_EDGE('',*,*,#2148,.T.);
#3131=ORIENTED_EDGE('',*,*,#2149,.F.);
#3132=ORIENTED_EDGE('',*,*,#2150,.T.);
#3133=ORIENTED_EDGE('',*,*,#2151,.T.);
#3134=ORIENTED_EDGE('',*,*,#1639,.T.);
#3135=ORIENTED_EDGE('',*,*,#1649,.F.);
#3136=ORIENTED_EDGE('',*,*,#2141,.T.);
#3137=ORIENTED_EDGE('',*,*,#2145,.T.);
#3138=ORIENTED_EDGE('',*,*,#2152,.T.);
#3139=ORIENTED_EDGE('',*,*,#2068,.F.);
#3140=ORIENTED_EDGE('',*,*,#2072,.T.);
#3141=ORIENTED_EDGE('',*,*,#2087,.T.);
#3142=ORIENTED_EDGE('',*,*,#2153,.T.);
#3143=ORIENTED_EDGE('',*,*,#2066,.F.);
#3144=ORIENTED_EDGE('',*,*,#2154,.T.);
#3145=ORIENTED_EDGE('',*,*,#1667,.T.);
#3146=ORIENTED_EDGE('',*,*,#1674,.F.);
#3147=ORIENTED_EDGE('',*,*,#2155,.T.);
#3148=ORIENTED_EDGE('',*,*,#2152,.F.);
#3149=ORIENTED_EDGE('',*,*,#2144,.F.);
#3150=ORIENTED_EDGE('',*,*,#2156,.T.);
#3151=ORIENTED_EDGE('',*,*,#2069,.T.);
#3152=ORIENTED_EDGE('',*,*,#2157,.T.);
#3153=ORIENTED_EDGE('',*,*,#2158,.T.);
#3154=ORIENTED_EDGE('',*,*,#2149,.T.);
#3155=ORIENTED_EDGE('',*,*,#2159,.T.);
#3156=ORIENTED_EDGE('',*,*,#2083,.T.);
#3157=ORIENTED_EDGE('',*,*,#1978,.T.);
#3158=ORIENTED_EDGE('',*,*,#2159,.F.);
#3159=ORIENTED_EDGE('',*,*,#2148,.F.);
#3160=ORIENTED_EDGE('',*,*,#2160,.T.);
#3161=ORIENTED_EDGE('',*,*,#2084,.F.);
#3162=ORIENTED_EDGE('',*,*,#2158,.F.);
#3163=ORIENTED_EDGE('',*,*,#2161,.F.);
#3164=ORIENTED_EDGE('',*,*,#2162,.T.);
#3165=ORIENTED_EDGE('',*,*,#2150,.F.);
#3166=ORIENTED_EDGE('',*,*,#2153,.F.);
#3167=ORIENTED_EDGE('',*,*,#2086,.F.);
#3168=ORIENTED_EDGE('',*,*,#2163,.F.);
#3169=ORIENTED_EDGE('',*,*,#2146,.F.);
#3170=ORIENTED_EDGE('',*,*,#2085,.F.);
#3171=ORIENTED_EDGE('',*,*,#2160,.F.);
#3172=ORIENTED_EDGE('',*,*,#2147,.F.);
#3173=ORIENTED_EDGE('',*,*,#2163,.T.);
#3174=ORIENTED_EDGE('',*,*,#2151,.F.);
#3175=ORIENTED_EDGE('',*,*,#2162,.F.);
#3176=ORIENTED_EDGE('',*,*,#2164,.F.);
#3177=ORIENTED_EDGE('',*,*,#1636,.F.);
#3178=ORIENTED_EDGE('',*,*,#2143,.F.);
#3179=ORIENTED_EDGE('',*,*,#1664,.F.);
#3180=ORIENTED_EDGE('',*,*,#2154,.F.);
#3181=ORIENTED_EDGE('',*,*,#2065,.T.);
#3182=ORIENTED_EDGE('',*,*,#2156,.F.);
#3183=ORIENTED_EDGE('',*,*,#1995,.T.);
#3184=ORIENTED_EDGE('',*,*,#2165,.F.);
#3185=ORIENTED_EDGE('',*,*,#1650,.F.);
#3186=ORIENTED_EDGE('',*,*,#1637,.F.);
#3187=ORIENTED_EDGE('',*,*,#2164,.T.);
#3188=ORIENTED_EDGE('',*,*,#2161,.T.);
#3189=ORIENTED_EDGE('',*,*,#2157,.F.);
#3190=ORIENTED_EDGE('',*,*,#1977,.T.);
#3191=ORIENTED_EDGE('',*,*,#1983,.F.);
#3192=ORIENTED_EDGE('',*,*,#2166,.T.);
#3193=ORIENTED_EDGE('',*,*,#1990,.F.);
#3194=ORIENTED_EDGE('',*,*,#1987,.F.);
#3195=ORIENTED_EDGE('',*,*,#1982,.F.);
#3196=ORIENTED_EDGE('',*,*,#2167,.T.);
#3197=ORIENTED_EDGE('',*,*,#1991,.F.);
#3198=ORIENTED_EDGE('',*,*,#2166,.F.);
#3199=ORIENTED_EDGE('',*,*,#1992,.F.);
#3200=ORIENTED_EDGE('',*,*,#2167,.F.);
#3201=ORIENTED_EDGE('',*,*,#1981,.F.);
#3202=ORIENTED_EDGE('',*,*,#2168,.T.);
#3203=ORIENTED_EDGE('',*,*,#2091,.F.);
#3204=ORIENTED_EDGE('',*,*,#1980,.F.);
#3205=ORIENTED_EDGE('',*,*,#2082,.T.);
#3206=ORIENTED_EDGE('',*,*,#2092,.F.);
#3207=ORIENTED_EDGE('',*,*,#2168,.F.);
#3208=ORIENTED_EDGE('',*,*,#2122,.F.);
#3209=ORIENTED_EDGE('',*,*,#2137,.F.);
#3210=ORIENTED_EDGE('',*,*,#1643,.F.);
#3211=ORIENTED_EDGE('',*,*,#1830,.T.);
#3212=ORIENTED_EDGE('',*,*,#2115,.F.);
#3213=ORIENTED_EDGE('',*,*,#2169,.F.);
#3214=ORIENTED_EDGE('',*,*,#1676,.F.);
#3215=ORIENTED_EDGE('',*,*,#2142,.T.);
#3216=ORIENTED_EDGE('',*,*,#2117,.F.);
#3217=ORIENTED_EDGE('',*,*,#2170,.F.);
#3218=ORIENTED_EDGE('',*,*,#1677,.F.);
#3219=ORIENTED_EDGE('',*,*,#2169,.T.);
#3220=ORIENTED_EDGE('',*,*,#2119,.F.);
#3221=ORIENTED_EDGE('',*,*,#2171,.F.);
#3222=ORIENTED_EDGE('',*,*,#1678,.F.);
#3223=ORIENTED_EDGE('',*,*,#2170,.T.);
#3224=ORIENTED_EDGE('',*,*,#2120,.F.);
#3225=ORIENTED_EDGE('',*,*,#1887,.T.);
#3226=ORIENTED_EDGE('',*,*,#1679,.F.);
#3227=ORIENTED_EDGE('',*,*,#2171,.T.);
#3228=ORIENTED_EDGE('',*,*,#2001,.F.);
#3229=ORIENTED_EDGE('',*,*,#2172,.F.);
#3230=ORIENTED_EDGE('',*,*,#1653,.F.);
#3231=ORIENTED_EDGE('',*,*,#2173,.T.);
#3232=ORIENTED_EDGE('',*,*,#2003,.F.);
#3233=ORIENTED_EDGE('',*,*,#2174,.F.);
#3234=ORIENTED_EDGE('',*,*,#1654,.F.);
#3235=ORIENTED_EDGE('',*,*,#2172,.T.);
#3236=ORIENTED_EDGE('',*,*,#2005,.F.);
#3237=ORIENTED_EDGE('',*,*,#2175,.F.);
#3238=ORIENTED_EDGE('',*,*,#1655,.F.);
#3239=ORIENTED_EDGE('',*,*,#2174,.T.);
#3240=ORIENTED_EDGE('',*,*,#2006,.F.);
#3241=ORIENTED_EDGE('',*,*,#1778,.F.);
#3242=ORIENTED_EDGE('',*,*,#1656,.F.);
#3243=ORIENTED_EDGE('',*,*,#2175,.T.);
#3244=ORIENTED_EDGE('',*,*,#2054,.F.);
#3245=ORIENTED_EDGE('',*,*,#2176,.T.);
#3246=ORIENTED_EDGE('',*,*,#1670,.F.);
#3247=ORIENTED_EDGE('',*,*,#1890,.T.);
#3248=ORIENTED_EDGE('',*,*,#2057,.F.);
#3249=ORIENTED_EDGE('',*,*,#2177,.F.);
#3250=ORIENTED_EDGE('',*,*,#1671,.F.);
#3251=ORIENTED_EDGE('',*,*,#2176,.F.);
#3252=ORIENTED_EDGE('',*,*,#2060,.F.);
#3253=ORIENTED_EDGE('',*,*,#2178,.F.);
#3254=ORIENTED_EDGE('',*,*,#1672,.F.);
#3255=ORIENTED_EDGE('',*,*,#2177,.T.);
#3256=ORIENTED_EDGE('',*,*,#2063,.F.);
#3257=ORIENTED_EDGE('',*,*,#2155,.F.);
#3258=ORIENTED_EDGE('',*,*,#1673,.F.);
#3259=ORIENTED_EDGE('',*,*,#2178,.T.);
#3260=ORIENTED_EDGE('',*,*,#1997,.F.);
#3261=ORIENTED_EDGE('',*,*,#2179,.F.);
#3262=ORIENTED_EDGE('',*,*,#1651,.F.);
#3263=ORIENTED_EDGE('',*,*,#2165,.T.);
#3264=ORIENTED_EDGE('',*,*,#1999,.F.);
#3265=ORIENTED_EDGE('',*,*,#2173,.F.);
#3266=ORIENTED_EDGE('',*,*,#1652,.F.);
#3267=ORIENTED_EDGE('',*,*,#2179,.T.);
#3268=PLANE('',#3524);
#3269=PLANE('',#3525);
#3270=PLANE('',#3542);
#3271=PLANE('',#3549);
#3272=PLANE('',#3550);
#3273=PLANE('',#3575);
#3274=PLANE('',#3581);
#3275=PLANE('',#3620);
#3276=PLANE('',#3625);
#3277=PLANE('',#3657);
#3278=PLANE('',#3658);
#3279=PLANE('',#3694);
#3280=PLANE('',#3705);
#3281=PLANE('',#3753);
#3282=PLANE('',#3774);
#3283=PLANE('',#3791);
#3284=PLANE('',#3794);
#3285=PLANE('',#3807);
#3286=PLANE('',#3818);
#3287=PLANE('',#3821);
#3288=PLANE('',#3824);
#3289=PLANE('',#3828);
#3290=PLANE('',#3835);
#3291=PLANE('',#3839);
#3292=PLANE('',#3842);
#3293=ADVANCED_FACE('',(#641),#3268,.T.);
#3294=ADVANCED_FACE('',(#642),#3269,.F.);
#3295=ADVANCED_FACE('',(#643),#3270,.F.);
#3296=ADVANCED_FACE('',(#644),#3271,.T.);
#3297=ADVANCED_FACE('',(#645),#3272,.F.);
#3298=ADVANCED_FACE('',(#646),#351,.F.);
#3299=ADVANCED_FACE('',(#647),#352,.F.);
#3300=ADVANCED_FACE('',(#648),#353,.F.);
#3301=ADVANCED_FACE('',(#649),#354,.F.);
#3302=ADVANCED_FACE('',(#650),#54,.T.);
#3303=ADVANCED_FACE('',(#651),#55,.T.);
#3304=ADVANCED_FACE('',(#652),#355,.F.);
#3305=ADVANCED_FACE('',(#653),#56,.F.);
#3306=ADVANCED_FACE('',(#654),#3273,.F.);
#3307=ADVANCED_FACE('',(#655),#3274,.F.);
#3308=ADVANCED_FACE('',(#656),#356,.F.);
#3309=ADVANCED_FACE('',(#657),#357,.F.);
#3310=ADVANCED_FACE('',(#658),#57,.T.);
#3311=ADVANCED_FACE('',(#659),#358,.F.);
#3312=ADVANCED_FACE('',(#660),#359,.F.);
#3313=ADVANCED_FACE('',(#661),#58,.T.);
#3314=ADVANCED_FACE('',(#662),#360,.F.);
#3315=ADVANCED_FACE('',(#663),#23,.F.);
#3316=ADVANCED_FACE('',(#664),#59,.T.);
#3317=ADVANCED_FACE('',(#665),#361,.F.);
#3318=ADVANCED_FACE('',(#666),#362,.F.);
#3319=ADVANCED_FACE('',(#667),#60,.T.);
#3320=ADVANCED_FACE('',(#668),#363,.F.);
#3321=ADVANCED_FACE('',(#669),#364,.F.);
#3322=ADVANCED_FACE('',(#670),#61,.T.);
#3323=ADVANCED_FACE('',(#671),#365,.F.);
#3324=ADVANCED_FACE('',(#672),#24,.F.);
#3325=ADVANCED_FACE('',(#673),#62,.T.);
#3326=ADVANCED_FACE('',(#674),#63,.T.);
#3327=ADVANCED_FACE('',(#675),#366,.F.);
#3328=ADVANCED_FACE('',(#676),#367,.F.);
#3329=ADVANCED_FACE('',(#677),#368,.F.);
#3330=ADVANCED_FACE('',(#678),#369,.F.);
#3331=ADVANCED_FACE('',(#679),#64,.T.);
#3332=ADVANCED_FACE('',(#680),#65,.T.);
#3333=ADVANCED_FACE('',(#681),#370,.F.);
#3334=ADVANCED_FACE('',(#682),#66,.F.);
#3335=ADVANCED_FACE('',(#683),#3275,.F.);
#3336=ADVANCED_FACE('',(#684),#3276,.F.);
#3337=ADVANCED_FACE('',(#685),#371,.F.);
#3338=ADVANCED_FACE('',(#686),#67,.T.);
#3339=ADVANCED_FACE('',(#687),#372,.F.);
#3340=ADVANCED_FACE('',(#688),#68,.F.);
#3341=ADVANCED_FACE('',(#689),#373,.T.);
#3342=ADVANCED_FACE('',(#690),#374,.T.);
#3343=ADVANCED_FACE('',(#691),#69,.T.);
#3344=ADVANCED_FACE('',(#692),#70,.T.);
#3345=ADVANCED_FACE('',(#693),#375,.F.);
#3346=ADVANCED_FACE('',(#694),#71,.T.);
#3347=ADVANCED_FACE('',(#695),#19,.T.);
#3348=ADVANCED_FACE('',(#696),#72,.T.);
#3349=ADVANCED_FACE('',(#697),#376,.T.);
#3350=ADVANCED_FACE('',(#698),#73,.F.);
#3351=ADVANCED_FACE('',(#699),#74,.T.);
#3352=ADVANCED_FACE('',(#700),#377,.F.);
#3353=ADVANCED_FACE('',(#701),#75,.T.);
#3354=ADVANCED_FACE('',(#702),#378,.F.);
#3355=ADVANCED_FACE('',(#703),#20,.T.);
#3356=ADVANCED_FACE('',(#704),#76,.T.);
#3357=ADVANCED_FACE('',(#705),#379,.T.);
#3358=ADVANCED_FACE('',(#706),#380,.T.);
#3359=ADVANCED_FACE('',(#707),#77,.T.);
#3360=ADVANCED_FACE('',(#708),#381,.F.);
#3361=ADVANCED_FACE('',(#709),#78,.T.);
#3362=ADVANCED_FACE('',(#710),#3277,.F.);
#3363=ADVANCED_FACE('',(#711),#3278,.F.);
#3364=ADVANCED_FACE('',(#712),#25,.F.);
#3365=ADVANCED_FACE('',(#713),#79,.T.);
#3366=ADVANCED_FACE('',(#714),#21,.T.);
#3367=ADVANCED_FACE('',(#715),#382,.T.);
#3368=ADVANCED_FACE('',(#716),#80,.F.);
#3369=ADVANCED_FACE('',(#717),#22,.T.);
#3370=ADVANCED_FACE('',(#718),#81,.T.);
#3371=ADVANCED_FACE('',(#719),#383,.T.);
#3372=ADVANCED_FACE('',(#720),#384,.T.);
#3373=ADVANCED_FACE('',(#721),#385,.T.);
#3374=ADVANCED_FACE('',(#722),#386,.T.);
#3375=ADVANCED_FACE('',(#723),#387,.T.);
#3376=ADVANCED_FACE('',(#724),#388,.T.);
#3377=ADVANCED_FACE('',(#725),#389,.T.);
#3378=ADVANCED_FACE('',(#726),#390,.T.);
#3379=ADVANCED_FACE('',(#727),#391,.T.);
#3380=ADVANCED_FACE('',(#728),#392,.T.);
#3381=ADVANCED_FACE('',(#729),#393,.T.);
#3382=ADVANCED_FACE('',(#730),#394,.T.);
#3383=ADVANCED_FACE('',(#731),#395,.T.);
#3384=ADVANCED_FACE('',(#732),#396,.T.);
#3385=ADVANCED_FACE('',(#733),#397,.T.);
#3386=ADVANCED_FACE('',(#734),#398,.T.);
#3387=ADVANCED_FACE('',(#735),#399,.T.);
#3388=ADVANCED_FACE('',(#736),#400,.T.);
#3389=ADVANCED_FACE('',(#737),#401,.F.);
#3390=ADVANCED_FACE('',(#738,#15),#82,.T.);
#3391=ADVANCED_FACE('',(#739),#402,.F.);
#3392=ADVANCED_FACE('',(#740),#403,.T.);
#3393=ADVANCED_FACE('',(#741),#404,.T.);
#3394=ADVANCED_FACE('',(#742),#405,.F.);
#3395=ADVANCED_FACE('',(#743),#83,.T.);
#3396=ADVANCED_FACE('',(#744),#406,.F.);
#3397=ADVANCED_FACE('',(#745),#407,.F.);
#3398=ADVANCED_FACE('',(#746),#408,.F.);
#3399=ADVANCED_FACE('',(#747),#409,.F.);
#3400=ADVANCED_FACE('',(#748),#410,.F.);
#3401=ADVANCED_FACE('',(#749),#411,.F.);
#3402=ADVANCED_FACE('',(#750),#412,.F.);
#3403=ADVANCED_FACE('',(#751),#413,.F.);
#3404=ADVANCED_FACE('',(#752),#414,.F.);
#3405=ADVANCED_FACE('',(#753),#415,.F.);
#3406=ADVANCED_FACE('',(#754),#3279,.F.);
#3407=ADVANCED_FACE('',(#755),#3280,.F.);
#3408=ADVANCED_FACE('',(#756),#84,.T.);
#3409=ADVANCED_FACE('',(#757),#416,.T.);
#3410=ADVANCED_FACE('',(#758),#85,.F.);
#3411=ADVANCED_FACE('',(#759),#26,.F.);
#3412=ADVANCED_FACE('',(#760),#27,.F.);
#3413=ADVANCED_FACE('',(#761),#28,.F.);
#3414=ADVANCED_FACE('',(#762),#29,.F.);
#3415=ADVANCED_FACE('',(#763),#86,.F.);
#3416=ADVANCED_FACE('',(#764),#30,.F.);
#3417=ADVANCED_FACE('',(#765),#417,.F.);
#3418=ADVANCED_FACE('',(#766),#418,.F.);
#3419=ADVANCED_FACE('',(#767),#419,.F.);
#3420=ADVANCED_FACE('',(#768),#420,.F.);
#3421=ADVANCED_FACE('',(#769),#421,.F.);
#3422=ADVANCED_FACE('',(#770),#422,.F.);
#3423=ADVANCED_FACE('',(#771),#423,.F.);
#3424=ADVANCED_FACE('',(#772),#424,.F.);
#3425=ADVANCED_FACE('',(#773),#425,.F.);
#3426=ADVANCED_FACE('',(#774),#426,.F.);
#3427=ADVANCED_FACE('',(#775),#427,.F.);
#3428=ADVANCED_FACE('',(#776),#87,.T.);
#3429=ADVANCED_FACE('',(#777),#31,.T.);
#3430=ADVANCED_FACE('',(#778),#32,.T.);
#3431=ADVANCED_FACE('',(#779),#33,.T.);
#3432=ADVANCED_FACE('',(#780),#88,.T.);
#3433=ADVANCED_FACE('',(#781),#428,.F.);
#3434=ADVANCED_FACE('',(#782),#429,.T.);
#3435=ADVANCED_FACE('',(#783),#3281,.F.);
#3436=ADVANCED_FACE('',(#784),#89,.F.);
#3437=ADVANCED_FACE('',(#785),#90,.T.);
#3438=ADVANCED_FACE('',(#786),#34,.F.);
#3439=ADVANCED_FACE('',(#787),#91,.F.);
#3440=ADVANCED_FACE('',(#788),#35,.F.);
#3441=ADVANCED_FACE('',(#789),#36,.F.);
#3442=ADVANCED_FACE('',(#790),#37,.F.);
#3443=ADVANCED_FACE('',(#791),#3282,.F.);
#3444=ADVANCED_FACE('',(#792),#430,.T.);
#3445=ADVANCED_FACE('',(#793),#431,.T.);
#3446=ADVANCED_FACE('',(#794),#92,.F.);
#3447=ADVANCED_FACE('',(#795),#93,.F.);
#3448=ADVANCED_FACE('',(#796),#432,.T.);
#3449=ADVANCED_FACE('',(#797),#433,.T.);
#3450=ADVANCED_FACE('',(#798,#16),#94,.F.);
#3451=ADVANCED_FACE('',(#799),#434,.F.);
#3452=ADVANCED_FACE('',(#800),#435,.F.);
#3453=ADVANCED_FACE('',(#801),#436,.T.);
#3454=ADVANCED_FACE('',(#802),#95,.F.);
#3455=ADVANCED_FACE('',(#803),#437,.T.);
#3456=ADVANCED_FACE('',(#804),#438,.F.);
#3457=ADVANCED_FACE('',(#805),#96,.F.);
#3458=ADVANCED_FACE('',(#806),#97,.T.);
#3459=ADVANCED_FACE('',(#807,#17),#3283,.F.);
#3460=ADVANCED_FACE('',(#808),#98,.T.);
#3461=ADVANCED_FACE('',(#809,#18),#3284,.F.);
#3462=ADVANCED_FACE('',(#810),#439,.F.);
#3463=ADVANCED_FACE('',(#811),#440,.F.);
#3464=ADVANCED_FACE('',(#812),#441,.F.);
#3465=ADVANCED_FACE('',(#813),#442,.F.);
#3466=ADVANCED_FACE('',(#814),#443,.F.);
#3467=ADVANCED_FACE('',(#815),#444,.F.);
#3468=ADVANCED_FACE('',(#816),#445,.F.);
#3469=ADVANCED_FACE('',(#817),#446,.F.);
#3470=ADVANCED_FACE('',(#818),#447,.F.);
#3471=ADVANCED_FACE('',(#819),#448,.F.);
#3472=ADVANCED_FACE('',(#820),#449,.F.);
#3473=ADVANCED_FACE('',(#821),#450,.F.);
#3474=ADVANCED_FACE('',(#822),#3285,.T.);
#3475=ADVANCED_FACE('',(#823),#99,.T.);
#3476=ADVANCED_FACE('',(#824),#100,.F.);
#3477=ADVANCED_FACE('',(#825),#101,.T.);
#3478=ADVANCED_FACE('',(#826),#102,.F.);
#3479=ADVANCED_FACE('',(#827),#103,.T.);
#3480=ADVANCED_FACE('',(#828),#104,.T.);
#3481=ADVANCED_FACE('',(#829),#105,.F.);
#3482=ADVANCED_FACE('',(#830),#3286,.F.);
#3483=ADVANCED_FACE('',(#831),#106,.T.);
#3484=ADVANCED_FACE('',(#832),#107,.F.);
#3485=ADVANCED_FACE('',(#833),#3287,.F.);
#3486=ADVANCED_FACE('',(#834),#108,.F.);
#3487=ADVANCED_FACE('',(#835),#3288,.F.);
#3488=ADVANCED_FACE('',(#836),#109,.F.);
#3489=ADVANCED_FACE('',(#837),#110,.F.);
#3490=ADVANCED_FACE('',(#838),#111,.F.);
#3491=ADVANCED_FACE('',(#839),#3289,.F.);
#3492=ADVANCED_FACE('',(#840),#112,.F.);
#3493=ADVANCED_FACE('',(#841),#113,.T.);
#3494=ADVANCED_FACE('',(#842),#114,.F.);
#3495=ADVANCED_FACE('',(#843),#115,.T.);
#3496=ADVANCED_FACE('',(#844),#116,.T.);
#3497=ADVANCED_FACE('',(#845),#117,.T.);
#3498=ADVANCED_FACE('',(#846),#3290,.T.);
#3499=ADVANCED_FACE('',(#847),#118,.T.);
#3500=ADVANCED_FACE('',(#848),#119,.T.);
#3501=ADVANCED_FACE('',(#849),#120,.F.);
#3502=ADVANCED_FACE('',(#850),#3291,.T.);
#3503=ADVANCED_FACE('',(#851),#121,.F.);
#3504=ADVANCED_FACE('',(#852),#122,.F.);
#3505=ADVANCED_FACE('',(#853),#3292,.T.);
#3506=ADVANCED_FACE('',(#854),#123,.F.);
#3507=ADVANCED_FACE('',(#855),#124,.F.);
#3508=ADVANCED_FACE('',(#856),#125,.T.);
#3509=ADVANCED_FACE('',(#857),#126,.F.);
#3510=CLOSED_SHELL('',(#3293,#3294,#3295,#3296,#3297,#3298,#3299,#3300,
#3301,#3302,#3303,#3304,#3305,#3306,#3307,#3308,#3309,#3310,#3311,#3312,
#3313,#3314,#3315,#3316,#3317,#3318,#3319,#3320,#3321,#3322,#3323,#3324,
#3325,#3326,#3327,#3328,#3329,#3330,#3331,#3332,#3333,#3334,#3335,#3336,
#3337,#3338,#3339,#3340,#3341,#3342,#3343,#3344,#3345,#3346,#3347,#3348,
#3349,#3350,#3351,#3352,#3353,#3354,#3355,#3356,#3357,#3358,#3359,#3360,
#3361,#3362,#3363,#3364,#3365,#3366,#3367,#3368,#3369,#3370,#3371,#3372,
#3373,#3374,#3375,#3376,#3377,#3378,#3379,#3380,#3381,#3382,#3383,#3384,
#3385,#3386,#3387,#3388,#3389,#3390,#3391,#3392,#3393,#3394,#3395,#3396,
#3397,#3398,#3399,#3400,#3401,#3402,#3403,#3404,#3405,#3406,#3407,#3408,
#3409,#3410,#3411,#3412,#3413,#3414,#3415,#3416,#3417,#3418,#3419,#3420,
#3421,#3422,#3423,#3424,#3425,#3426,#3427,#3428,#3429,#3430,#3431,#3432,
#3433,#3434,#3435,#3436,#3437,#3438,#3439,#3440,#3441,#3442,#3443,#3444,
#3445,#3446,#3447,#3448,#3449,#3450,#3451,#3452,#3453,#3454,#3455,#3456,
#3457,#3458,#3459,#3460,#3461,#3462,#3463,#3464,#3465,#3466,#3467,#3468,
#3469,#3470,#3471,#3472,#3473,#3474,#3475,#3476,#3477,#3478,#3479,#3480,
#3481,#3482,#3483,#3484,#3485,#3486,#3487,#3488,#3489,#3490,#3491,#3492,
#3493,#3494,#3495,#3496,#3497,#3498,#3499,#3500,#3501,#3502,#3503,#3504,
#3505,#3506,#3507,#3508,#3509));
#3511=DERIVED_UNIT_ELEMENT(#3513,1.);
#3512=DERIVED_UNIT_ELEMENT(#9528,-3.);
#3513=(
MASS_UNIT()
NAMED_UNIT(*)
SI_UNIT(.KILO.,.GRAM.)
);
#3514=DERIVED_UNIT((#3511,#3512));
#3515=MEASURE_REPRESENTATION_ITEM('density measure',
POSITIVE_RATIO_MEASURE(7850.),#3514);
#3516=PROPERTY_DEFINITION_REPRESENTATION(#3521,#3518);
#3517=PROPERTY_DEFINITION_REPRESENTATION(#3522,#3519);
#3518=REPRESENTATION('material name',(#3520),#9525);
#3519=REPRESENTATION('density',(#3515),#9525);
#3520=DESCRIPTIVE_REPRESENTATION_ITEM('Steel','Steel');
#3521=PROPERTY_DEFINITION('material property','material name',#9535);
#3522=PROPERTY_DEFINITION('material property','density of part',#9535);
#3523=AXIS2_PLACEMENT_3D('',#4609,#3847,#3848);
#3524=AXIS2_PLACEMENT_3D('',#4610,#3849,#3850);
#3525=AXIS2_PLACEMENT_3D('',#4619,#3855,#3856);
#3526=AXIS2_PLACEMENT_3D('',#4622,#3857,#3858);
#3527=AXIS2_PLACEMENT_3D('',#4624,#3859,#3860);
#3528=AXIS2_PLACEMENT_3D('',#4626,#3861,#3862);
#3529=AXIS2_PLACEMENT_3D('',#4628,#3863,#3864);
#3530=AXIS2_PLACEMENT_3D('',#4632,#3866,#3867);
#3531=AXIS2_PLACEMENT_3D('',#4634,#3868,#3869);
#3532=AXIS2_PLACEMENT_3D('',#4636,#3870,#3871);
#3533=AXIS2_PLACEMENT_3D('',#4638,#3872,#3873);
#3534=AXIS2_PLACEMENT_3D('',#4639,#3874,#3875);
#3535=AXIS2_PLACEMENT_3D('',#4641,#3876,#3877);
#3536=AXIS2_PLACEMENT_3D('',#4643,#3878,#3879);
#3537=AXIS2_PLACEMENT_3D('',#4645,#3880,#3881);
#3538=AXIS2_PLACEMENT_3D('',#4647,#3882,#3883);
#3539=AXIS2_PLACEMENT_3D('',#4649,#3884,#3885);
#3540=AXIS2_PLACEMENT_3D('',#4653,#3887,#3888);
#3541=AXIS2_PLACEMENT_3D('',#4654,#3889,#3890);
#3542=AXIS2_PLACEMENT_3D('',#4655,#3891,#3892);
#3543=AXIS2_PLACEMENT_3D('',#4658,#3893,#3894);
#3544=AXIS2_PLACEMENT_3D('',#4660,#3895,#3896);
#3545=AXIS2_PLACEMENT_3D('',#4662,#3897,#3898);
#3546=AXIS2_PLACEMENT_3D('',#4664,#3899,#3900);
#3547=AXIS2_PLACEMENT_3D('',#4666,#3901,#3902);
#3548=AXIS2_PLACEMENT_3D('',#4667,#3903,#3904);
#3549=AXIS2_PLACEMENT_3D('',#4668,#3905,#3906);
#3550=AXIS2_PLACEMENT_3D('',#4677,#3911,#3912);
#3551=AXIS2_PLACEMENT_3D('',#4680,#3913,#3914);
#3552=AXIS2_PLACEMENT_3D('',#4682,#3915,#3916);
#3553=AXIS2_PLACEMENT_3D('',#4684,#3917,#3918);
#3554=AXIS2_PLACEMENT_3D('',#4688,#3920,#3921);
#3555=AXIS2_PLACEMENT_3D('',#4690,#3922,#3923);
#3556=AXIS2_PLACEMENT_3D('',#4691,#3924,#3925);
#3557=AXIS2_PLACEMENT_3D('',#4693,#3926,#3927);
#3558=AXIS2_PLACEMENT_3D('',#4695,#3928,#3929);
#3559=AXIS2_PLACEMENT_3D('',#4697,#3930,#3931);
#3560=AXIS2_PLACEMENT_3D('',#4701,#3933,#3934);
#3561=AXIS2_PLACEMENT_3D('',#4703,#3935,#3936);
#3562=AXIS2_PLACEMENT_3D('',#4704,#3937,#3938);
#3563=AXIS2_PLACEMENT_3D('',#4727,#3939,#3940);
#3564=AXIS2_PLACEMENT_3D('',#4734,#3941,#3942);
#3565=AXIS2_PLACEMENT_3D('',#4794,#3943,#3944);
#3566=AXIS2_PLACEMENT_3D('',#4857,#3945,#3946);
#3567=AXIS2_PLACEMENT_3D('',#4858,#3947,#3948);
#3568=AXIS2_PLACEMENT_3D('',#4869,#3951,#3952);
#3569=AXIS2_PLACEMENT_3D('',#4873,#3954,#3955);
#3570=AXIS2_PLACEMENT_3D('',#4905,#3957,#3958);
#3571=AXIS2_PLACEMENT_3D('',#4910,#3959,#3960);
#3572=AXIS2_PLACEMENT_3D('',#4912,#3961,#3962);
#3573=AXIS2_PLACEMENT_3D('',#4927,#3964,#3965);
#3574=AXIS2_PLACEMENT_3D('',#4963,#3966,#3967);
#3575=AXIS2_PLACEMENT_3D('',#4964,#3968,#3969);
#3576=AXIS2_PLACEMENT_3D('',#4968,#3971,#3972);
#3577=AXIS2_PLACEMENT_3D('',#4970,#3973,#3974);
#3578=AXIS2_PLACEMENT_3D('',#5021,#3975,#3976);
#3579=AXIS2_PLACEMENT_3D('',#5023,#3977,#3978);
#3580=AXIS2_PLACEMENT_3D('',#5026,#3980,#3981);
#3581=AXIS2_PLACEMENT_3D('',#5027,#3982,#3983);
#3582=AXIS2_PLACEMENT_3D('',#5061,#3985,#3986);
#3583=AXIS2_PLACEMENT_3D('',#5063,#3987,#3988);
#3584=AXIS2_PLACEMENT_3D('',#5093,#3989,#3990);
#3585=AXIS2_PLACEMENT_3D('',#5121,#3992,#3993);
#3586=AXIS2_PLACEMENT_3D('',#5161,#3994,#3995);
#3587=AXIS2_PLACEMENT_3D('',#5166,#3996,#3997);
#3588=AXIS2_PLACEMENT_3D('',#5210,#4000,#4001);
#3589=AXIS2_PLACEMENT_3D('',#5211,#4002,#4003);
#3590=AXIS2_PLACEMENT_3D('',#5213,#4004,#4005);
#3591=AXIS2_PLACEMENT_3D('',#5229,#4006,#4007);
#3592=AXIS2_PLACEMENT_3D('',#5230,#4008,#4009);
#3593=AXIS2_PLACEMENT_3D('',#5254,#4011,#4012);
#3594=AXIS2_PLACEMENT_3D('',#5261,#4013,#4014);
#3595=AXIS2_PLACEMENT_3D('',#5303,#4015,#4016);
#3596=AXIS2_PLACEMENT_3D('',#5307,#4018,#4019);
#3597=AXIS2_PLACEMENT_3D('',#5339,#4021,#4022);
#3598=AXIS2_PLACEMENT_3D('',#5395,#4023,#4024);
#3599=AXIS2_PLACEMENT_3D('',#5400,#4025,#4026);
#3600=AXIS2_PLACEMENT_3D('',#5434,#4029,#4030);
#3601=AXIS2_PLACEMENT_3D('',#5439,#4031,#4032);
#3602=AXIS2_PLACEMENT_3D('',#5441,#4033,#4034);
#3603=AXIS2_PLACEMENT_3D('',#5443,#4035,#4036);
#3604=AXIS2_PLACEMENT_3D('',#5444,#4037,#4038);
#3605=AXIS2_PLACEMENT_3D('',#5445,#4039,#4040);
#3606=AXIS2_PLACEMENT_3D('',#5447,#4042,#4043);
#3607=AXIS2_PLACEMENT_3D('',#5449,#4044,#4045);
#3608=AXIS2_PLACEMENT_3D('',#5477,#4047,#4048);
#3609=AXIS2_PLACEMENT_3D('',#5485,#4049,#4050);
#3610=AXIS2_PLACEMENT_3D('',#5549,#4051,#4052);
#3611=AXIS2_PLACEMENT_3D('',#5588,#4053,#4054);
#3612=AXIS2_PLACEMENT_3D('',#5589,#4055,#4056);
#3613=AXIS2_PLACEMENT_3D('',#5596,#4058,#4059);
#3614=AXIS2_PLACEMENT_3D('',#5600,#4061,#4062);
#3615=AXIS2_PLACEMENT_3D('',#5627,#4064,#4065);
#3616=AXIS2_PLACEMENT_3D('',#5628,#4066,#4067);
#3617=AXIS2_PLACEMENT_3D('',#5630,#4068,#4069);
#3618=AXIS2_PLACEMENT_3D('',#5671,#4070,#4071);
#3619=AXIS2_PLACEMENT_3D('',#5672,#4072,#4073);
#3620=AXIS2_PLACEMENT_3D('',#5673,#4074,#4075);
#3621=AXIS2_PLACEMENT_3D('',#5677,#4077,#4078);
#3622=AXIS2_PLACEMENT_3D('',#5679,#4079,#4080);
#3623=AXIS2_PLACEMENT_3D('',#5707,#4081,#4082);
#3624=AXIS2_PLACEMENT_3D('',#5709,#4083,#4084);
#3625=AXIS2_PLACEMENT_3D('',#5711,#4086,#4087);
#3626=AXIS2_PLACEMENT_3D('',#5748,#4089,#4090);
#3627=AXIS2_PLACEMENT_3D('',#5753,#4091,#4092);
#3628=AXIS2_PLACEMENT_3D('',#5770,#4094,#4095);
#3629=AXIS2_PLACEMENT_3D('',#5804,#4097,#4098);
#3630=AXIS2_PLACEMENT_3D('',#5832,#4100,#4101);
#3631=AXIS2_PLACEMENT_3D('',#5865,#4102,#4103);
#3632=AXIS2_PLACEMENT_3D('',#5871,#4104,#4105);
#3633=AXIS2_PLACEMENT_3D('',#5873,#4106,#4107);
#3634=AXIS2_PLACEMENT_3D('',#5886,#4108,#4109);
#3635=AXIS2_PLACEMENT_3D('',#5888,#4110,#4111);
#3636=AXIS2_PLACEMENT_3D('',#5932,#4113,#4114);
#3637=AXIS2_PLACEMENT_3D('',#5937,#4115,#4116);
#3638=AXIS2_PLACEMENT_3D('',#5939,#4118,#4119);
#3639=AXIS2_PLACEMENT_3D('',#5941,#4120,#4121);
#3640=AXIS2_PLACEMENT_3D('',#5943,#4123,#4124);
#3641=AXIS2_PLACEMENT_3D('',#5981,#4125,#4126);
#3642=AXIS2_PLACEMENT_3D('',#5982,#4127,#4128);
#3643=AXIS2_PLACEMENT_3D('',#6000,#4130,#4131);
#3644=AXIS2_PLACEMENT_3D('',#6002,#4132,#4133);
#3645=AXIS2_PLACEMENT_3D('',#6048,#4135,#4136);
#3646=AXIS2_PLACEMENT_3D('',#6055,#4137,#4138);
#3647=AXIS2_PLACEMENT_3D('',#6056,#4139,#4140);
#3648=AXIS2_PLACEMENT_3D('',#6086,#4142,#4143);
#3649=AXIS2_PLACEMENT_3D('',#6088,#4144,#4145);
#3650=AXIS2_PLACEMENT_3D('',#6090,#4147,#4148);
#3651=AXIS2_PLACEMENT_3D('',#6142,#4149,#4150);
#3652=AXIS2_PLACEMENT_3D('',#6149,#4151,#4152);
#3653=AXIS2_PLACEMENT_3D('',#6170,#4153,#4154);
#3654=AXIS2_PLACEMENT_3D('',#6171,#4155,#4156);
#3655=AXIS2_PLACEMENT_3D('',#6202,#4157,#4158);
#3656=AXIS2_PLACEMENT_3D('',#6207,#4159,#4160);
#3657=AXIS2_PLACEMENT_3D('',#6223,#4163,#4164);
#3658=AXIS2_PLACEMENT_3D('',#6224,#4165,#4166);
#3659=AXIS2_PLACEMENT_3D('',#6225,#4167,#4168);
#3660=AXIS2_PLACEMENT_3D('',#6227,#4169,#4170);
#3661=AXIS2_PLACEMENT_3D('',#6229,#4171,#4172);
#3662=AXIS2_PLACEMENT_3D('',#6230,#4173,#4174);
#3663=AXIS2_PLACEMENT_3D('',#6231,#4175,#4176);
#3664=AXIS2_PLACEMENT_3D('',#6233,#4177,#4178);
#3665=AXIS2_PLACEMENT_3D('',#6244,#4179,#4180);
#3666=AXIS2_PLACEMENT_3D('',#6266,#4182,#4183);
#3667=AXIS2_PLACEMENT_3D('',#6267,#4184,#4185);
#3668=AXIS2_PLACEMENT_3D('',#6274,#4187,#4188);
#3669=AXIS2_PLACEMENT_3D('',#6276,#4190,#4191);
#3670=AXIS2_PLACEMENT_3D('',#6444,#4196,#4197);
#3671=AXIS2_PLACEMENT_3D('',#6688,#4204,#4205);
#3672=AXIS2_PLACEMENT_3D('',#6724,#4206,#4207);
#3673=AXIS2_PLACEMENT_3D('',#6752,#4208,#4209);
#3674=AXIS2_PLACEMENT_3D('',#6803,#4210,#4211);
#3675=AXIS2_PLACEMENT_3D('',#6834,#4212,#4213);
#3676=AXIS2_PLACEMENT_3D('',#6888,#4214,#4215);
#3677=AXIS2_PLACEMENT_3D('',#6889,#4216,#4217);
#3678=AXIS2_PLACEMENT_3D('',#6902,#4218,#4219);
#3679=AXIS2_PLACEMENT_3D('',#7036,#4220,#4221);
#3680=AXIS2_PLACEMENT_3D('',#7080,#4222,#4223);
#3681=AXIS2_PLACEMENT_3D('',#7130,#4224,#4225);
#3682=AXIS2_PLACEMENT_3D('',#7131,#4226,#4227);
#3683=AXIS2_PLACEMENT_3D('',#7138,#4228,#4229);
#3684=AXIS2_PLACEMENT_3D('',#7209,#4230,#4231);
#3685=AXIS2_PLACEMENT_3D('',#7210,#4232,#4233);
#3686=AXIS2_PLACEMENT_3D('',#7232,#4234,#4235);
#3687=AXIS2_PLACEMENT_3D('',#7233,#4236,#4237);
#3688=AXIS2_PLACEMENT_3D('',#7260,#4238,#4239);
#3689=AXIS2_PLACEMENT_3D('',#7287,#4240,#4241);
#3690=AXIS2_PLACEMENT_3D('',#7338,#4242,#4243);
#3691=AXIS2_PLACEMENT_3D('',#7379,#4244,#4245);
#3692=AXIS2_PLACEMENT_3D('',#7412,#4246,#4247);
#3693=AXIS2_PLACEMENT_3D('',#7486,#4248,#4249);
#3694=AXIS2_PLACEMENT_3D('',#7493,#4250,#4251);
#3695=AXIS2_PLACEMENT_3D('',#7495,#4252,#4253);
#3696=AXIS2_PLACEMENT_3D('',#7499,#4255,#4256);
#3697=AXIS2_PLACEMENT_3D('',#7501,#4257,#4258);
#3698=AXIS2_PLACEMENT_3D('',#7503,#4259,#4260);
#3699=AXIS2_PLACEMENT_3D('',#7505,#4261,#4262);
#3700=AXIS2_PLACEMENT_3D('',#7507,#4263,#4264);
#3701=AXIS2_PLACEMENT_3D('',#7511,#4266,#4267);
#3702=AXIS2_PLACEMENT_3D('',#7513,#4268,#4269);
#3703=AXIS2_PLACEMENT_3D('',#7515,#4270,#4271);
#3704=AXIS2_PLACEMENT_3D('',#7517,#4272,#4273);
#3705=AXIS2_PLACEMENT_3D('',#7521,#4276,#4277);
#3706=AXIS2_PLACEMENT_3D('',#7523,#4278,#4279);
#3707=AXIS2_PLACEMENT_3D('',#7524,#4280,#4281);
#3708=AXIS2_PLACEMENT_3D('',#7525,#4282,#4283);
#3709=AXIS2_PLACEMENT_3D('',#7527,#4284,#4285);
#3710=AXIS2_PLACEMENT_3D('',#7549,#4287,#4288);
#3711=AXIS2_PLACEMENT_3D('',#7551,#4289,#4290);
#3712=AXIS2_PLACEMENT_3D('',#7581,#4291,#4292);
#3713=AXIS2_PLACEMENT_3D('',#7598,#4293,#4294);
#3714=AXIS2_PLACEMENT_3D('',#7599,#4295,#4296);
#3715=AXIS2_PLACEMENT_3D('',#7600,#4297,#4298);
#3716=AXIS2_PLACEMENT_3D('',#7602,#4299,#4300);
#3717=AXIS2_PLACEMENT_3D('',#7603,#4301,#4302);
#3718=AXIS2_PLACEMENT_3D('',#7604,#4303,#4304);
#3719=AXIS2_PLACEMENT_3D('',#7606,#4305,#4306);
#3720=AXIS2_PLACEMENT_3D('',#7607,#4307,#4308);
#3721=AXIS2_PLACEMENT_3D('',#7608,#4309,#4310);
#3722=AXIS2_PLACEMENT_3D('',#7610,#4311,#4312);
#3723=AXIS2_PLACEMENT_3D('',#7611,#4313,#4314);
#3724=AXIS2_PLACEMENT_3D('',#7612,#4315,#4316);
#3725=AXIS2_PLACEMENT_3D('',#7614,#4317,#4318);
#3726=AXIS2_PLACEMENT_3D('',#7616,#4320,#4321);
#3727=AXIS2_PLACEMENT_3D('',#7617,#4322,#4323);
#3728=AXIS2_PLACEMENT_3D('',#7639,#4324,#4325);
#3729=AXIS2_PLACEMENT_3D('',#7646,#4326,#4327);
#3730=AXIS2_PLACEMENT_3D('',#7703,#4328,#4329);
#3731=AXIS2_PLACEMENT_3D('',#7710,#4330,#4331);
#3732=AXIS2_PLACEMENT_3D('',#7793,#4332,#4333);
#3733=AXIS2_PLACEMENT_3D('',#7815,#4334,#4335);
#3734=AXIS2_PLACEMENT_3D('',#7851,#4336,#4337);
#3735=AXIS2_PLACEMENT_3D('',#7904,#4338,#4339);
#3736=AXIS2_PLACEMENT_3D('',#7950,#4340,#4341);
#3737=AXIS2_PLACEMENT_3D('',#7982,#4342,#4343);
#3738=AXIS2_PLACEMENT_3D('',#7992,#4344,#4345);
#3739=AXIS2_PLACEMENT_3D('',#7993,#4346,#4347);
#3740=AXIS2_PLACEMENT_3D('',#7994,#4348,#4349);
#3741=AXIS2_PLACEMENT_3D('',#7996,#4350,#4351);
#3742=AXIS2_PLACEMENT_3D('',#7998,#4352,#4353);
#3743=AXIS2_PLACEMENT_3D('',#7999,#4354,#4355);
#3744=AXIS2_PLACEMENT_3D('',#8000,#4356,#4357);
#3745=AXIS2_PLACEMENT_3D('',#8003,#4358,#4359);
#3746=AXIS2_PLACEMENT_3D('',#8004,#4360,#4361);
#3747=AXIS2_PLACEMENT_3D('',#8005,#4362,#4363);
#3748=AXIS2_PLACEMENT_3D('',#8006,#4364,#4365);
#3749=AXIS2_PLACEMENT_3D('',#8009,#4366,#4367);
#3750=AXIS2_PLACEMENT_3D('',#8073,#4370,#4371);
#3751=AXIS2_PLACEMENT_3D('',#8075,#4372,#4373);
#3752=AXIS2_PLACEMENT_3D('',#8077,#4374,#4375);
#3753=AXIS2_PLACEMENT_3D('',#8108,#4376,#4377);
#3754=AXIS2_PLACEMENT_3D('',#8110,#4379,#4380);
#3755=AXIS2_PLACEMENT_3D('',#8118,#4382,#4383);
#3756=AXIS2_PLACEMENT_3D('',#8123,#4384,#4385);
#3757=AXIS2_PLACEMENT_3D('',#8126,#4386,#4387);
#3758=AXIS2_PLACEMENT_3D('',#8127,#4388,#4389);
#3759=AXIS2_PLACEMENT_3D('',#8128,#4390,#4391);
#3760=AXIS2_PLACEMENT_3D('',#8129,#4392,#4393);
#3761=AXIS2_PLACEMENT_3D('',#8132,#4394,#4395);
#3762=AXIS2_PLACEMENT_3D('',#8135,#4398,#4399);
#3763=AXIS2_PLACEMENT_3D('',#8138,#4400,#4401);
#3764=AXIS2_PLACEMENT_3D('',#8139,#4402,#4403);
#3765=AXIS2_PLACEMENT_3D('',#8140,#4404,#4405);
#3766=AXIS2_PLACEMENT_3D('',#8141,#4406,#4407);
#3767=AXIS2_PLACEMENT_3D('',#8144,#4408,#4409);
#3768=AXIS2_PLACEMENT_3D('',#8145,#4410,#4411);
#3769=AXIS2_PLACEMENT_3D('',#8146,#4412,#4413);
#3770=AXIS2_PLACEMENT_3D('',#8147,#4414,#4415);
#3771=AXIS2_PLACEMENT_3D('',#8160,#4416,#4417);
#3772=AXIS2_PLACEMENT_3D('',#8162,#4418,#4419);
#3773=AXIS2_PLACEMENT_3D('',#8180,#4420,#4421);
#3774=AXIS2_PLACEMENT_3D('',#8181,#4422,#4423);
#3775=AXIS2_PLACEMENT_3D('',#8183,#4424,#4425);
#3776=AXIS2_PLACEMENT_3D('',#8185,#4426,#4427);
#3777=AXIS2_PLACEMENT_3D('',#8213,#4429,#4430);
#3778=AXIS2_PLACEMENT_3D('',#8243,#4431,#4432);
#3779=AXIS2_PLACEMENT_3D('',#8245,#4434,#4435);
#3780=AXIS2_PLACEMENT_3D('',#8256,#4437,#4438);
#3781=AXIS2_PLACEMENT_3D('',#8290,#4441,#4442);
#3782=AXIS2_PLACEMENT_3D('',#8404,#4443,#4444);
#3783=AXIS2_PLACEMENT_3D('',#8507,#4445,#4446);
#3784=AXIS2_PLACEMENT_3D('',#8703,#4448,#4449);
#3785=AXIS2_PLACEMENT_3D('',#8705,#4450,#4451);
#3786=AXIS2_PLACEMENT_3D('',#8927,#4454,#4455);
#3787=AXIS2_PLACEMENT_3D('',#8998,#4456,#4457);
#3788=AXIS2_PLACEMENT_3D('',#9000,#4458,#4459);
#3789=AXIS2_PLACEMENT_3D('',#9002,#4461,#4462);
#3790=AXIS2_PLACEMENT_3D('',#9004,#4463,#4464);
#3791=AXIS2_PLACEMENT_3D('',#9006,#4466,#4467);
#3792=AXIS2_PLACEMENT_3D('',#9007,#4468,#4469);
#3793=AXIS2_PLACEMENT_3D('',#9008,#4470,#4471);
#3794=AXIS2_PLACEMENT_3D('',#9009,#4472,#4473);
#3795=AXIS2_PLACEMENT_3D('',#9031,#4474,#4475);
#3796=AXIS2_PLACEMENT_3D('',#9062,#4476,#4477);
#3797=AXIS2_PLACEMENT_3D('',#9089,#4478,#4479);
#3798=AXIS2_PLACEMENT_3D('',#9090,#4480,#4481);
#3799=AXIS2_PLACEMENT_3D('',#9152,#4482,#4483);
#3800=AXIS2_PLACEMENT_3D('',#9180,#4484,#4485);
#3801=AXIS2_PLACEMENT_3D('',#9181,#4486,#4487);
#3802=AXIS2_PLACEMENT_3D('',#9203,#4488,#4489);
#3803=AXIS2_PLACEMENT_3D('',#9234,#4490,#4491);
#3804=AXIS2_PLACEMENT_3D('',#9261,#4492,#4493);
#3805=AXIS2_PLACEMENT_3D('',#9287,#4494,#4495);
#3806=AXIS2_PLACEMENT_3D('',#9318,#4496,#4497);
#3807=AXIS2_PLACEMENT_3D('',#9348,#4498,#4499);
#3808=AXIS2_PLACEMENT_3D('',#9351,#4502,#4503);
#3809=AXIS2_PLACEMENT_3D('',#9353,#4505,#4506);
#3810=AXIS2_PLACEMENT_3D('',#9355,#4508,#4509);
#3811=AXIS2_PLACEMENT_3D('',#9357,#4511,#4512);
#3812=AXIS2_PLACEMENT_3D('',#9359,#4514,#4515);
#3813=AXIS2_PLACEMENT_3D('',#9375,#4517,#4518);
#3814=AXIS2_PLACEMENT_3D('',#9399,#4519,#4520);
#3815=AXIS2_PLACEMENT_3D('',#9423,#4521,#4522);
#3816=AXIS2_PLACEMENT_3D('',#9437,#4523,#4524);
#3817=AXIS2_PLACEMENT_3D('',#9440,#4527,#4528);
#3818=AXIS2_PLACEMENT_3D('',#9452,#4530,#4531);
#3819=AXIS2_PLACEMENT_3D('',#9454,#4533,#4534);
#3820=AXIS2_PLACEMENT_3D('',#9464,#4537,#4538);
#3821=AXIS2_PLACEMENT_3D('',#9466,#4540,#4541);
#3822=AXIS2_PLACEMENT_3D('',#9468,#4542,#4543);
#3823=AXIS2_PLACEMENT_3D('',#9470,#4545,#4546);
#3824=AXIS2_PLACEMENT_3D('',#9472,#4548,#4549);
#3825=AXIS2_PLACEMENT_3D('',#9473,#4550,#4551);
#3826=AXIS2_PLACEMENT_3D('',#9487,#4552,#4553);
#3827=AXIS2_PLACEMENT_3D('',#9488,#4554,#4555);
#3828=AXIS2_PLACEMENT_3D('',#9490,#4557,#4558);
#3829=AXIS2_PLACEMENT_3D('',#9492,#4560,#4561);
#3830=AXIS2_PLACEMENT_3D('',#9494,#4563,#4564);
#3831=AXIS2_PLACEMENT_3D('',#9496,#4566,#4567);
#3832=AXIS2_PLACEMENT_3D('',#9497,#4568,#4569);
#3833=AXIS2_PLACEMENT_3D('',#9498,#4570,#4571);
#3834=AXIS2_PLACEMENT_3D('',#9500,#4573,#4574);
#3835=AXIS2_PLACEMENT_3D('',#9502,#4576,#4577);
#3836=AXIS2_PLACEMENT_3D('',#9504,#4579,#4580);
#3837=AXIS2_PLACEMENT_3D('',#9505,#4581,#4582);
#3838=AXIS2_PLACEMENT_3D('',#9508,#4585,#4586);
#3839=AXIS2_PLACEMENT_3D('',#9510,#4588,#4589);
#3840=AXIS2_PLACEMENT_3D('',#9512,#4591,#4592);
#3841=AXIS2_PLACEMENT_3D('',#9513,#4593,#4594);
#3842=AXIS2_PLACEMENT_3D('',#9515,#4596,#4597);
#3843=AXIS2_PLACEMENT_3D('',#9517,#4599,#4600);
#3844=AXIS2_PLACEMENT_3D('',#9519,#4602,#4603);
#3845=AXIS2_PLACEMENT_3D('',#9520,#4604,#4605);
#3846=AXIS2_PLACEMENT_3D('',#9522,#4607,#4608);
#3847=DIRECTION('axis',(0.,0.,1.));
#3848=DIRECTION('refdir',(1.,0.,0.));
#3849=DIRECTION('center_axis',(0.994534523164423,-0.104408247921865,0.));
#3850=DIRECTION('ref_axis',(-0.104408247921865,-0.994534523164423,0.));
#3851=DIRECTION('',(-0.104408247921865,-0.994534523164423,0.));
#3852=DIRECTION('',(0.,0.,-1.));
#3853=DIRECTION('',(-0.104408247921865,-0.994534523164423,0.));
#3854=DIRECTION('',(0.,0.,-1.));
#3855=DIRECTION('center_axis',(0.,0.,1.));
#3856=DIRECTION('ref_axis',(-1.,0.,0.));
#3857=DIRECTION('center_axis',(0.,0.,-1.));
#3858=DIRECTION('ref_axis',(0.50937786352282,0.860542963571795,0.));
#3859=DIRECTION('center_axis',(0.,0.,-1.));
#3860=DIRECTION('ref_axis',(0.859817176899552,-0.510602019491193,0.));
#3861=DIRECTION('center_axis',(0.,0.,1.));
#3862=DIRECTION('ref_axis',(0.0655720279735122,0.997847838674535,0.));
#3863=DIRECTION('center_axis',(0.,0.,-1.));
#3864=DIRECTION('ref_axis',(-0.776755748719506,-0.629801958421216,0.));
#3865=DIRECTION('',(-0.62980195842122,0.776755748719503,0.));
#3866=DIRECTION('center_axis',(0.,0.,-1.));
#3867=DIRECTION('ref_axis',(-0.949385886041877,0.314112144598835,0.));
#3868=DIRECTION('center_axis',(0.,0.,1.));
#3869=DIRECTION('ref_axis',(0.949385886041876,-0.314112144598839,0.));
#3870=DIRECTION('center_axis',(0.,0.,-1.));
#3871=DIRECTION('ref_axis',(-0.219420669491315,0.975630344854025,0.));
#3872=DIRECTION('center_axis',(0.,0.,1.));
#3873=DIRECTION('ref_axis',(0.219420669491316,-0.975630344854024,0.));
#3874=DIRECTION('center_axis',(0.,0.,-1.));
#3875=DIRECTION('ref_axis',(0.366740050582968,0.930323457351475,0.));
#3876=DIRECTION('center_axis',(0.,0.,1.));
#3877=DIRECTION('ref_axis',(0.384250727972262,0.92322877882613,0.));
#3878=DIRECTION('center_axis',(0.,0.,-1.));
#3879=DIRECTION('ref_axis',(0.219420669491316,-0.975630344854025,0.));
#3880=DIRECTION('center_axis',(0.,0.,1.));
#3881=DIRECTION('ref_axis',(-0.219420669491316,0.975630344854024,0.));
#3882=DIRECTION('center_axis',(0.,0.,-1.));
#3883=DIRECTION('ref_axis',(0.949385886041876,-0.314112144598839,0.));
#3884=DIRECTION('center_axis',(0.,0.,1.));
#3885=DIRECTION('ref_axis',(-0.949385886041878,0.314112144598834,0.));
#3886=DIRECTION('',(0.62980195842122,-0.776755748719503,0.));
#3887=DIRECTION('center_axis',(0.,0.,1.));
#3888=DIRECTION('ref_axis',(-0.776755748719505,-0.629801958421218,0.));
#3889=DIRECTION('center_axis',(0.,0.,-1.));
#3890=DIRECTION('ref_axis',(0.0655720279735123,0.997847838674535,0.));
#3891=DIRECTION('center_axis',(0.,0.,1.));
#3892=DIRECTION('ref_axis',(-1.,0.,0.));
#3893=DIRECTION('center_axis',(0.,0.,-1.));
#3894=DIRECTION('ref_axis',(0.649588206232046,0.760286237100365,0.));
#3895=DIRECTION('center_axis',(0.,0.,-1.));
#3896=DIRECTION('ref_axis',(0.75961615469716,-0.650371661070115,0.));
#3897=DIRECTION('center_axis',(0.,0.,1.));
#3898=DIRECTION('ref_axis',(0.0655720279735122,0.997847838674535,0.));
#3899=DIRECTION('center_axis',(0.,0.,-1.));
#3900=DIRECTION('ref_axis',(-0.527182013048768,-0.849752390474924,0.));
#3901=DIRECTION('center_axis',(0.,0.,-1.));
#3902=DIRECTION('ref_axis',(-0.849203235837798,0.528066155176237,0.));
#3903=DIRECTION('center_axis',(0.,0.,-1.));
#3904=DIRECTION('ref_axis',(0.0655720279735123,0.997847838674535,0.));
#3905=DIRECTION('center_axis',(-0.994534523164423,0.104408247921865,0.));
#3906=DIRECTION('ref_axis',(0.104408247921865,0.994534523164423,0.));
#3907=DIRECTION('',(0.104408247921865,0.994534523164423,0.));
#3908=DIRECTION('',(0.,0.,-1.));
#3909=DIRECTION('',(0.104408247921865,0.994534523164423,0.));
#3910=DIRECTION('',(0.,0.,-1.));
#3911=DIRECTION('center_axis',(0.,0.,1.));
#3912=DIRECTION('ref_axis',(-1.,0.,0.));
#3913=DIRECTION('center_axis',(0.,0.,-1.));
#3914=DIRECTION('ref_axis',(-0.746243319693917,0.665673274070848,0.));
#3915=DIRECTION('center_axis',(0.,0.,-1.));
#3916=DIRECTION('ref_axis',(0.0655720279735123,0.997847838674535,0.));
#3917=DIRECTION('center_axis',(0.,0.,1.));
#3918=DIRECTION('ref_axis',(-0.0655720279735217,-0.997847838674534,0.));
#3919=DIRECTION('',(0.183937953259796,0.982937856301505,0.));
#3920=DIRECTION('center_axis',(0.,0.,1.));
#3921=DIRECTION('ref_axis',(0.982937856301505,-0.183937953259793,0.));
#3922=DIRECTION('center_axis',(0.,0.,1.));
#3923=DIRECTION('ref_axis',(0.530382658551968,0.847758359149202,0.));
#3924=DIRECTION('center_axis',(0.,0.,1.));
#3925=DIRECTION('ref_axis',(0.384250727972262,0.92322877882613,0.));
#3926=DIRECTION('center_axis',(0.,0.,-1.));
#3927=DIRECTION('ref_axis',(0.366740050582968,0.930323457351475,0.));
#3928=DIRECTION('center_axis',(0.,0.,-1.));
#3929=DIRECTION('ref_axis',(0.530382658551967,0.847758359149202,0.));
#3930=DIRECTION('center_axis',(0.,0.,-1.));
#3931=DIRECTION('ref_axis',(0.982937856301505,-0.183937953259794,0.));
#3932=DIRECTION('',(-0.183937953259796,-0.982937856301505,0.));
#3933=DIRECTION('center_axis',(0.,0.,-1.));
#3934=DIRECTION('ref_axis',(-0.065572027973522,-0.997847838674534,0.));
#3935=DIRECTION('center_axis',(0.,0.,1.));
#3936=DIRECTION('ref_axis',(0.0655720279735122,0.997847838674535,0.));
#3937=DIRECTION('center_axis',(0.,0.,-1.));
#3938=DIRECTION('ref_axis',(-0.664600864760958,-0.747198561668173,0.));
#3939=DIRECTION('center_axis',(-0.679271066569291,-0.655139258778677,-0.33073156748146));
#3940=DIRECTION('ref_axis',(-0.733887160967072,0.60596975466591,0.306936950199595));
#3941=DIRECTION('center_axis',(-0.569422572668135,-0.784524678903146,0.245517742592908));
#3942=DIRECTION('ref_axis',(-0.719815487917812,0.620096892681821,0.312002415118845));
#3943=DIRECTION('center_axis',(-0.0840477585695769,0.53327497958546,0.841756360491299));
#3944=DIRECTION('ref_axis',(0.0354951050340875,0.845811424186282,-0.532299851807788));
#3945=DIRECTION('center_axis',(-1.23945198188837E-15,7.86420413331464E-15,
1.));
#3946=DIRECTION('ref_axis',(0.042303315416603,0.99910481407346,-7.8047312803175E-15));
#3947=DIRECTION('center_axis',(1.20594521995173E-30,-5.10611902736843E-32,
1.));
#3948=DIRECTION('ref_axis',(-0.746243319693917,0.665673274070848,0.));
#3949=DIRECTION('',(0.,0.,-1.));
#3950=DIRECTION('',(0.,0.,-1.));
#3951=DIRECTION('center_axis',(0.0615705638545443,-0.390659331568202,0.918473925773247));
#3952=DIRECTION('ref_axis',(-0.950293902122513,0.25844576869927,0.173629733139835));
#3953=DIRECTION('',(0.0615705638545436,-0.390659331568202,0.918473925773247));
#3954=DIRECTION('center_axis',(-0.0615705638545444,0.390659331568202,-0.918473925773247));
#3955=DIRECTION('ref_axis',(-0.950293902122513,0.25844576869927,0.173629733139835));
#3956=DIRECTION('',(-0.0615705638545443,0.390659331568202,-0.918473925773247));
#3957=DIRECTION('center_axis',(-0.475638951191951,-0.879640601671513,-6.10669217698167E-13));
#3958=DIRECTION('ref_axis',(-0.851071442483453,0.460191045664424,0.252787660457188));
#3959=DIRECTION('center_axis',(0.0615705638545443,-0.390659331568202,0.918473925773247));
#3960=DIRECTION('ref_axis',(-0.0943433673761639,0.913821846815934,0.395005014289745));
#3961=DIRECTION('center_axis',(-0.0615705638545444,0.390659331568202,-0.918473925773247));
#3962=DIRECTION('ref_axis',(-0.987806744595212,-0.155685051730119,6.85428619831016E-18));
#3963=DIRECTION('',(0.0615705638545443,-0.390659331568202,0.918473925773247));
#3964=DIRECTION('center_axis',(-0.0109400165792297,0.0694133575629329,0.997527995511448));
#3965=DIRECTION('ref_axis',(0.155300197583442,-0.98536488188875,0.07027017981273));
#3966=DIRECTION('center_axis',(-0.0109400165792297,0.0694133575629329,0.997527995511448));
#3967=DIRECTION('ref_axis',(0.155300197583442,-0.98536488188875,0.07027017981273));
#3968=DIRECTION('center_axis',(-0.0615705638545444,0.390659331568202,-0.918473925773247));
#3969=DIRECTION('ref_axis',(-0.987806744595212,-0.155685051730119,6.85428619831016E-18));
#3970=DIRECTION('',(0.142992660646772,-0.907274738613655,-0.395481538980874));
#3971=DIRECTION('center_axis',(-0.0615705638545444,0.390659331568202,-0.918473925773247));
#3972=DIRECTION('ref_axis',(-0.356370274734801,-0.868169036688891,-0.34537335018806));
#3973=DIRECTION('center_axis',(-0.0615705638545444,0.390659331568202,-0.918473925773247));
#3974=DIRECTION('ref_axis',(0.987806744595212,0.155685051730119,-1.80226986587589E-17));
#3975=DIRECTION('center_axis',(-0.0615705638545444,0.390659331568202,-0.918473925773247));
#3976=DIRECTION('ref_axis',(0.987806744595212,0.155685051730119,-1.80226986587589E-17));
#3977=DIRECTION('center_axis',(-0.0615705638545444,0.390659331568202,-0.918473925773247));
#3978=DIRECTION('ref_axis',(0.570893010011407,-0.741043620639961,-0.353462195190564));
#3979=DIRECTION('',(-0.142992660646772,0.907274738613655,0.395481538980874));
#3980=DIRECTION('center_axis',(-0.0615705638545444,0.390659331568202,-0.918473925773247));
#3981=DIRECTION('ref_axis',(0.851330939936119,0.5009042298125,0.155982637698656));
#3982=DIRECTION('center_axis',(0.987806744595212,0.155685051730117,-1.18329135783152E-30));
#3983=DIRECTION('ref_axis',(1.30548807235079E-15,-8.283196803584E-15,-1.));
#3984=DIRECTION('',(-0.0615705638545437,0.390659331568202,-0.918473925773246));
#3985=DIRECTION('center_axis',(0.760996679037774,-0.407742523205745,-0.504608847785383));
#3986=DIRECTION('ref_axis',(-0.000633103787190946,0.777343066559302,-0.629076589972775));
#3987=DIRECTION('center_axis',(0.778109600272743,-0.621327819793033,0.0921802056551662));
#3988=DIRECTION('ref_axis',(0.591060885188859,0.674596095489188,-0.442229734358178));
#3989=DIRECTION('center_axis',(-0.0615705638545443,0.390659331568202,-0.918473925773247));
#3990=DIRECTION('ref_axis',(0.851330939936119,0.5009042298125,0.155982637698656));
#3991=DIRECTION('',(-0.0615705638545436,0.390659331568202,-0.918473925773247));
#3992=DIRECTION('center_axis',(-0.0313588515088307,0.198968909853226,0.97950395371528));
#3993=DIRECTION('ref_axis',(0.987806744595214,0.155685051730109,0.));
#3994=DIRECTION('center_axis',(1.23000313785543E-15,-7.80425212276102E-15,
1.));
#3995=DIRECTION('ref_axis',(0.987806744595213,0.15568505173011,0.));
#3996=DIRECTION('center_axis',(-1.19782399567586E-30,-4.67200056177854E-34,
-1.));
#3997=DIRECTION('ref_axis',(0.649588206232046,0.760286237100365,0.));
#3998=DIRECTION('',(0.,0.,-1.));
#3999=DIRECTION('',(0.,0.,-1.));
#4000=DIRECTION('center_axis',(-0.481181637924089,0.876620916545282,-2.20052896308896E-14));
#4001=DIRECTION('ref_axis',(0.867437223601119,0.476140662595237,0.144370123413924));
#4002=DIRECTION('center_axis',(0.,0.,-1.));
#4003=DIRECTION('ref_axis',(-1.,0.,0.));
#4004=DIRECTION('center_axis',(0.,0.,1.));
#4005=DIRECTION('ref_axis',(-0.150650716471394,0.988587053135259,0.));
#4006=DIRECTION('center_axis',(0.,0.,-1.));
#4007=DIRECTION('ref_axis',(-0.150650716471394,0.988587053135259,0.));
#4008=DIRECTION('center_axis',(0.,0.,1.));
#4009=DIRECTION('ref_axis',(0.0655720279735123,0.997847838674535,0.));
#4010=DIRECTION('',(0.,0.,-1.));
#4011=DIRECTION('center_axis',(0.844190380748682,-0.44380837955611,-0.300627216477774));
#4012=DIRECTION('ref_axis',(-0.132746012972194,0.370273411448775,-0.919388980146093));
#4013=DIRECTION('center_axis',(0.8160742615269,-0.537526442952238,0.212339640200412));
#4014=DIRECTION('ref_axis',(0.51242041043868,0.503023090974093,-0.69598354356459));
#4015=DIRECTION('center_axis',(-0.0615705638545444,0.390659331568202,-0.918473925773247));
#4016=DIRECTION('ref_axis',(0.814050601693587,0.552111593509809,0.18026204868016));
#4017=DIRECTION('',(0.0615705638545444,-0.390659331568202,0.918473925773247));
#4018=DIRECTION('center_axis',(-0.0615705638545444,0.390659331568202,-0.918473925773247));
#4019=DIRECTION('ref_axis',(0.814050601693587,0.552111593509809,0.18026204868016));
#4020=DIRECTION('',(-0.0615705638545436,0.390659331568202,-0.918473925773247));
#4021=DIRECTION('center_axis',(-0.0714462964893949,0.453319909421494,0.888479873964536));
#4022=DIRECTION('ref_axis',(0.987806744595214,0.155685051730109,0.));
#4023=DIRECTION('center_axis',(6.18582212582313E-16,-3.92484490248078E-15,
1.));
#4024=DIRECTION('ref_axis',(0.987806744595211,0.155685051730125,0.));
#4025=DIRECTION('center_axis',(-1.13358073425465E-30,-4.08084541743364E-31,
-1.));
#4026=DIRECTION('ref_axis',(0.50937786352282,0.860542963571795,0.));
#4027=DIRECTION('',(0.,0.,-1.));
#4028=DIRECTION('',(-1.13358073425465E-30,-4.08084541743364E-31,-1.));
#4029=DIRECTION('center_axis',(-0.746207611451335,0.665713302114427,-1.45504956088501E-13));
#4030=DIRECTION('ref_axis',(0.642250475867395,0.719907792180715,0.2631484315089));
#4031=DIRECTION('center_axis',(0.,0.,-1.));
#4032=DIRECTION('ref_axis',(-1.,0.,0.));
#4033=DIRECTION('center_axis',(0.,0.,1.));
#4034=DIRECTION('ref_axis',(-0.349545901972063,0.936919240070636,0.));
#4035=DIRECTION('center_axis',(0.929308278097417,0.369304920437859,0.));
#4036=DIRECTION('ref_axis',(0.,0.,1.));
#4037=DIRECTION('center_axis',(0.,0.,-1.));
#4038=DIRECTION('ref_axis',(-0.349545901972063,0.936919240070636,0.));
#4039=DIRECTION('center_axis',(0.,0.,1.));
#4040=DIRECTION('ref_axis',(0.0655720279735123,0.997847838674535,0.));
#4041=DIRECTION('',(0.,0.,1.));
#4042=DIRECTION('center_axis',(0.,0.,1.));
#4043=DIRECTION('ref_axis',(0.859817176899552,-0.510602019491193,0.));
#4044=DIRECTION('center_axis',(0.,0.,-1.));
#4045=DIRECTION('ref_axis',(0.987806744595211,0.155685051730127,0.));
#4046=DIRECTION('',(0.,0.,-1.));
#4047=DIRECTION('center_axis',(-0.463823453461436,-0.79042592907393,-0.400118300839541));
#4048=DIRECTION('ref_axis',(-0.8856745819353,0.402911427457096,0.230744266533789));
#4049=DIRECTION('center_axis',(-0.454929389783902,-0.876746991355082,0.156057564573648));
#4050=DIRECTION('ref_axis',(-0.837201709648027,0.480799993720721,0.260623604841495));
#4051=DIRECTION('center_axis',(-0.0340571086255728,0.216089092869813,0.975779492147056));
#4052=DIRECTION('ref_axis',(-0.29017640565512,0.932148940630395,-0.216554856982492));
#4053=DIRECTION('center_axis',(-4.37977913161338E-15,2.72350955454188E-15,
1.));
#4054=DIRECTION('ref_axis',(-0.297269884680497,0.954793493726284,-3.90236564015872E-15));
#4055=DIRECTION('center_axis',(1.14186621149656E-30,3.55513982073141E-31,
1.));
#4056=DIRECTION('ref_axis',(-0.849203235837798,0.528066155176237,0.));
#4057=DIRECTION('',(0.,0.,-1.));
#4058=DIRECTION('center_axis',(0.0615705638545444,-0.390659331568202,0.918473925773247));
#4059=DIRECTION('ref_axis',(-0.974912110591373,0.173675082733959,0.139224072127014));
#4060=DIRECTION('',(0.0615705638545436,-0.390659331568202,0.918473925773247));
#4061=DIRECTION('center_axis',(-0.0615705638545444,0.390659331568202,-0.918473925773247));
#4062=DIRECTION('ref_axis',(-0.974912110591373,0.173675082733959,0.139224072127014));
#4063=DIRECTION('',(-0.0615705638545444,0.390659331568202,-0.918473925773247));
#4064=DIRECTION('center_axis',(0.209237243317481,0.97786490682962,-1.15039870199091E-13));
#4065=DIRECTION('ref_axis',(1.79974833079958E-12,-5.02742501717051E-13,
-1.));
#4066=DIRECTION('center_axis',(0.0615705638545444,-0.390659331568202,0.918473925773247));
#4067=DIRECTION('ref_axis',(-0.253975994990145,0.883797365097283,0.392935632662482));
#4068=DIRECTION('center_axis',(-0.00704573806357025,0.0447045333029836,
0.998975406242467));
#4069=DIRECTION('ref_axis',(0.155525537797975,-0.986794643971051,0.0452563556055723));
#4070=DIRECTION('center_axis',(-0.00704573806357025,0.0447045333029836,
0.998975406242467));
#4071=DIRECTION('ref_axis',(0.155525537797975,-0.986794643971051,0.0452563556055723));
#4072=DIRECTION('center_axis',(-0.0615705638545444,0.390659331568202,-0.918473925773247));
#4073=DIRECTION('ref_axis',(-0.987806744595212,-0.155685051730119,1.78797025272667E-18));
#4074=DIRECTION('center_axis',(-0.0615705638545444,0.390659331568202,-0.918473925773247));
#4075=DIRECTION('ref_axis',(-0.987806744595212,-0.155685051730119,1.78797025272667E-18));
#4076=DIRECTION('',(0.142992660646772,-0.907274738613655,-0.395481538980874));
#4077=DIRECTION('center_axis',(-0.0615705638545444,0.390659331568202,-0.918473925773247));
#4078=DIRECTION('ref_axis',(-0.277608827149845,-0.890612148890039,-0.360199027397291));
#4079=DIRECTION('center_axis',(-0.0615705638545444,0.390659331568202,-0.918473925773247));
#4080=DIRECTION('ref_axis',(-0.987806744595212,-0.155685051730119,-1.58712633953557E-18));
#4081=DIRECTION('center_axis',(-0.0615705638545444,0.390659331568202,-0.918473925773247));
#4082=DIRECTION('ref_axis',(-0.987806744595212,-0.155685051730119,-1.58712633953557E-18));
#4083=DIRECTION('center_axis',(-0.0615705638545444,0.390659331568202,-0.918473925773247));
#4084=DIRECTION('ref_axis',(0.619485449603718,-0.706566345899341,-0.342055224447358));
#4085=DIRECTION('',(-0.142992660646772,0.907274738613655,0.395481538980874));
#4086=DIRECTION('center_axis',(0.987806744595212,0.155685051730117,-1.18329135783152E-30));
#4087=DIRECTION('ref_axis',(1.30548807235079E-15,-8.283196803584E-15,-1.));
#4088=DIRECTION('',(-0.0615705638545438,0.390659331568202,-0.918473925773246));
#4089=DIRECTION('center_axis',(-0.0585181027054902,0.371291757885663,-0.926670417236853));
#4090=DIRECTION('ref_axis',(0.987806744595211,0.155685051730125,0.));
#4091=DIRECTION('center_axis',(0.0615705638545436,-0.390659331568201,0.918473925773247));
#4092=DIRECTION('ref_axis',(0.619485449603718,-0.706566345899341,-0.342055224447358));
#4093=DIRECTION('',(-0.0615705638545444,0.390659331568202,-0.918473925773247));
#4094=DIRECTION('center_axis',(0.0615705638545474,-0.390659331568206,0.918473925773244));
#4095=DIRECTION('ref_axis',(-0.36592997313857,-0.8649788669279,-0.343375617257445));
#4096=DIRECTION('',(0.0615705638545436,-0.390659331568201,0.918473925773247));
#4097=DIRECTION('center_axis',(0.,0.,1.));
#4098=DIRECTION('ref_axis',(0.0655720279735122,0.997847838674535,0.));
#4099=DIRECTION('',(0.,0.,1.));
#4100=DIRECTION('center_axis',(-0.451563908844237,-0.167505843602278,0.876374251440789));
#4101=DIRECTION('ref_axis',(0.35000746253096,0.870234882230674,0.34667856282384));
#4102=DIRECTION('center_axis',(-0.41777526713134,0.870262997349836,0.26097153411247));
#4103=DIRECTION('ref_axis',(0.908505809053193,0.40299581112301,0.110505977819806));
#4104=DIRECTION('center_axis',(0.0615705638545444,-0.390659331568202,0.918473925773247));
#4105=DIRECTION('ref_axis',(-0.987806744595212,-0.155685051730119,-7.28364928508082E-17));
#4106=DIRECTION('center_axis',(0.0615705638545444,-0.390659331568202,0.918473925773247));
#4107=DIRECTION('ref_axis',(-0.987806744595212,-0.155685051730119,-7.28364928508082E-17));
#4108=DIRECTION('center_axis',(-0.0615705638545438,0.390659331568202,-0.918473925773246));
#4109=DIRECTION('ref_axis',(-0.277608827149845,-0.890612148890039,-0.360199027397291));
#4110=DIRECTION('center_axis',(0.0615705638545459,-0.390659331568194,0.91847392577325));
#4111=DIRECTION('ref_axis',(-0.987806744595211,-0.155685051730126,0.));
#4112=DIRECTION('',(0.0615705638545444,-0.390659331568202,0.918473925773247));
#4113=DIRECTION('center_axis',(0.,0.,1.));
#4114=DIRECTION('ref_axis',(-0.987806744595215,-0.1556850517301,0.));
#4115=DIRECTION('center_axis',(0.,0.,-1.));
#4116=DIRECTION('ref_axis',(-0.527182013048768,-0.849752390474924,0.));
#4117=DIRECTION('',(0.,0.,1.));
#4118=DIRECTION('center_axis',(-0.0615705638545448,0.390659331568201,-0.918473925773247));
#4119=DIRECTION('ref_axis',(-0.987806744595212,-0.155685051730119,-3.85312423083436E-17));
#4120=DIRECTION('center_axis',(0.0615705638545444,-0.390659331568202,0.918473925773247));
#4121=DIRECTION('ref_axis',(-0.987806744595212,-0.155685051730119,-7.28364928508082E-17));
#4122=DIRECTION('',(-0.662058443254134,-0.307547032255356,0.683442346263996));
#4123=DIRECTION('center_axis',(0.0615705638545444,-0.390659331568202,0.918473925773247));
#4124=DIRECTION('ref_axis',(-0.987806744595212,-0.155685051730119,-7.28364928508082E-17));
#4125=DIRECTION('center_axis',(-0.214635964303983,-0.0622290585716279,-0.974709673234337));
#4126=DIRECTION('ref_axis',(-0.937356183871841,0.2935003528262,0.187672393942519));
#4127=DIRECTION('center_axis',(0.,0.,1.));
#4128=DIRECTION('ref_axis',(0.0655720279735122,0.997847838674535,0.));
#4129=DIRECTION('',(0.,0.,-1.));
#4130=DIRECTION('center_axis',(-0.0615705638545437,0.390659331568202,-0.918473925773246));
#4131=DIRECTION('ref_axis',(-0.356370274734801,-0.868169036688891,-0.34537335018806));
#4132=DIRECTION('center_axis',(0.0615705638545458,-0.390659331568194,0.91847392577325));
#4133=DIRECTION('ref_axis',(-0.987806744595211,-0.155685051730125,0.));
#4134=DIRECTION('',(0.0615705638545444,-0.390659331568202,0.918473925773247));
#4135=DIRECTION('center_axis',(-2.32886908877685E-13,1.47764513523167E-12,
1.));
#4136=DIRECTION('ref_axis',(-0.987806744595211,-0.155685051730123,0.));
#4137=DIRECTION('center_axis',(-0.0613651746846126,0.389356156953405,-0.919040857839521));
#4138=DIRECTION('ref_axis',(0.637986735054853,-0.692819836920321,-0.336115455556196));
#4139=DIRECTION('center_axis',(0.,0.,-1.));
#4140=DIRECTION('ref_axis',(-0.664600864760958,-0.747198561668173,0.));
#4141=DIRECTION('',(0.,0.,1.));
#4142=DIRECTION('center_axis',(-0.0615705638545448,0.390659331568201,-0.918473925773247));
#4143=DIRECTION('ref_axis',(0.987806744595212,0.155685051730119,2.90894747165722E-17));
#4144=DIRECTION('center_axis',(0.0615705638545444,-0.390659331568202,0.918473925773247));
#4145=DIRECTION('ref_axis',(0.987806744595212,0.155685051730119,7.28364928508082E-17));
#4146=DIRECTION('',(0.666908347615792,-0.566291191888497,0.484301085968098));
#4147=DIRECTION('center_axis',(0.0615705638545444,-0.390659331568202,0.918473925773247));
#4148=DIRECTION('ref_axis',(0.628377595515207,0.730129476053954,0.268426052483183));
#4149=DIRECTION('center_axis',(0.444505569234149,-0.0250822464504221,0.895424859959129));
#4150=DIRECTION('ref_axis',(0.0563376746141472,0.998411771975406,0.));
#4151=DIRECTION('center_axis',(-0.383756742617367,-0.708573336580737,-0.592160948714578));
#4152=DIRECTION('ref_axis',(-0.92195514129449,0.330274189870384,0.202281182876998));
#4153=DIRECTION('center_axis',(0.,0.,1.));
#4154=DIRECTION('ref_axis',(0.75961615469716,-0.650371661070115,0.));
#4155=DIRECTION('center_axis',(0.,0.,-1.));
#4156=DIRECTION('ref_axis',(0.987806744595211,0.155685051730125,0.));
#4157=DIRECTION('center_axis',(-0.0615705638545438,0.390659331568181,-0.918473925773256));
#4158=DIRECTION('ref_axis',(0.987806744595211,0.155685051730125,0.));
#4159=DIRECTION('center_axis',(0.0615705638545436,-0.390659331568202,0.918473925773247));
#4160=DIRECTION('ref_axis',(0.570893010011407,-0.741043620639961,-0.353462195190564));
#4161=DIRECTION('',(-0.0615705638545444,0.390659331568202,-0.918473925773247));
#4162=DIRECTION('',(0.0615705638545436,-0.390659331568202,0.918473925773247));
#4163=DIRECTION('center_axis',(-0.987806744595212,-0.155685051730117,1.18329135783152E-30));
#4164=DIRECTION('ref_axis',(-1.30548807235079E-15,8.283196803584E-15,1.));
#4165=DIRECTION('center_axis',(-0.987806744595212,-0.155685051730117,1.18329135783152E-30));
#4166=DIRECTION('ref_axis',(-1.30548807235079E-15,8.283196803584E-15,1.));
#4167=DIRECTION('center_axis',(0.,0.,-1.));
#4168=DIRECTION('ref_axis',(-1.,0.,0.));
#4169=DIRECTION('center_axis',(0.,0.,-1.));
#4170=DIRECTION('ref_axis',(0.0472956860263944,0.998880932886044,0.));
#4171=DIRECTION('center_axis',(0.997847838674535,-0.065572027973516,0.));
#4172=DIRECTION('ref_axis',(0.,0.,1.));
#4173=DIRECTION('center_axis',(0.,0.,1.));
#4174=DIRECTION('ref_axis',(0.0472956860263944,0.998880932886044,0.));
#4175=DIRECTION('center_axis',(0.0615705638545444,-0.390659331568202,0.918473925773247));
#4176=DIRECTION('ref_axis',(-0.987806744595212,-0.155685051730119,-7.28364928508082E-17));
#4177=DIRECTION('center_axis',(0.0615705638545444,-0.390659331568202,0.918473925773247));
#4178=DIRECTION('ref_axis',(0.987806744595212,0.155685051730119,7.28364928508082E-17));
#4179=DIRECTION('center_axis',(-0.0615705638545448,0.390659331568201,-0.918473925773247));
#4180=DIRECTION('ref_axis',(0.987806744595212,0.155685051730119,2.90894747165722E-17));
#4181=DIRECTION('',(-0.694448262688265,0.00901008010227984,-0.719486225653974));
#4182=DIRECTION('center_axis',(0.252534353447197,0.00592617635830569,-0.967569780823469));
#4183=DIRECTION('ref_axis',(-0.023460353831711,0.999724768022725,-1.51377347869465E-12));
#4184=DIRECTION('center_axis',(0.,0.,1.));
#4185=DIRECTION('ref_axis',(0.0655720279735122,0.997847838674535,0.));
#4186=DIRECTION('',(0.,0.,-1.));
#4187=DIRECTION('center_axis',(-0.0615705638545448,0.390659331568201,-0.918473925773247));
#4188=DIRECTION('ref_axis',(-0.987806744595212,-0.155685051730119,-3.85312423083436E-17));
#4189=DIRECTION('',(0.505076896561031,0.698829243419215,-0.506492859873074));
#4190=DIRECTION('center_axis',(0.,0.,1.));
#4191=DIRECTION('ref_axis',(0.0655720279735123,0.997847838674535,0.));
#4192=DIRECTION('',(0.,0.,1.));
#4193=DIRECTION('',(-0.599230624660746,-0.615584165760322,0.511838639938272));
#4194=DIRECTION('',(0.682326586483993,0.378620240911143,-0.625361609430488));
#4195=DIRECTION('',(-0.589737431853072,-0.621649722510476,0.515520498112336));
#4196=DIRECTION('center_axis',(0.502267189075292,-0.862217616495589,-0.0656388039430212));
#4197=DIRECTION('ref_axis',(-0.859187982818873,-0.489051593349193,-0.150414591121511));
#4198=DIRECTION('',(0.742884584663405,-0.0379735445715297,0.668341607100856));
#4199=DIRECTION('',(-0.764171984845594,0.459100114028792,-0.453065406840883));
#4200=DIRECTION('',(0.728095225382838,-0.0441946037593786,0.684049837199942));
#4201=DIRECTION('',(0.716301506830862,-0.497848169124652,0.488936960978682));
#4202=DIRECTION('',(-0.727920885654476,0.489763493493927,-0.479857171113058));
#4203=DIRECTION('',(0.750975710049739,-0.472647343594298,0.461129018289398));
#4204=DIRECTION('center_axis',(-0.246895186036689,0.578365868371193,0.777518931869279));
#4205=DIRECTION('ref_axis',(0.947664462705124,0.31171073878868,0.0690541921220079));
#4206=DIRECTION('center_axis',(0.250740048771485,0.967435578765953,-0.0346096645441673));
#4207=DIRECTION('ref_axis',(0.952182863371502,-0.252918821418478,-0.171405555551551));
#4208=DIRECTION('center_axis',(-0.313375263059215,-0.948626026407619,0.0436417979081936));
#4209=DIRECTION('ref_axis',(-0.137932562765571,0.,-0.990441622776891));
#4210=DIRECTION('center_axis',(0.142914332001395,-0.989094057818106,-0.0356151442157404));
#4211=DIRECTION('ref_axis',(-0.989679589771787,-0.143194750311762,0.00543811293555162));
#4212=DIRECTION('center_axis',(0.0999149556344312,-0.990788767220191,-0.0914036125700892));
#4213=DIRECTION('ref_axis',(-0.994473136694048,-0.102417859225459,0.0231033007506657));
#4214=DIRECTION('center_axis',(0.977325327450738,0.20794246948812,0.0399391250090701));
#4215=DIRECTION('ref_axis',(-0.0408316619383123,-1.99590656112388E-13,0.999166039946993));
#4216=DIRECTION('center_axis',(0.,-1.,0.));
#4217=DIRECTION('ref_axis',(1.,0.,0.));
#4218=DIRECTION('center_axis',(0.982236813092121,-0.187645524877715,2.40777938977563E-17));
#4219=DIRECTION('ref_axis',(0.187645524877715,0.982236813092121,0.));
#4220=DIRECTION('center_axis',(0.968235069876571,-0.0636260706554466,-0.24181102661802));
#4221=DIRECTION('ref_axis',(0.24230197674106,0.,0.970200882326632));
#4222=DIRECTION('center_axis',(0.117979308914867,-0.924319803827696,-0.362923935446396));
#4223=DIRECTION('ref_axis',(0.268903083951964,0.381559166705487,-0.884366289353081));
#4224=DIRECTION('center_axis',(0.83018306236486,0.329912793226338,0.449392514210125));
#4225=DIRECTION('ref_axis',(-0.296696109127158,-0.420995990449639,0.857166141920067));
#4226=DIRECTION('center_axis',(0.817404449432802,-0.576064203060265,0.));
#4227=DIRECTION('ref_axis',(0.576064203060265,0.817404449432802,4.03011508694527E-32));
#4228=DIRECTION('center_axis',(-0.783655548307894,-0.62119560655743,-7.85492961389998E-17));
#4229=DIRECTION('ref_axis',(0.62119560655743,-0.783655548307894,0.));
#4230=DIRECTION('center_axis',(0.,0.,-1.));
#4231=DIRECTION('ref_axis',(0.155685051730119,-0.987806744595212,0.));
#4232=DIRECTION('center_axis',(0.673779593597678,-0.738932377996355,5.91634840398876E-14));
#4233=DIRECTION('ref_axis',(-4.3291715425635E-13,-4.74812362732771E-13,
-1.));
#4234=DIRECTION('center_axis',(-0.108812145934819,-0.994062330488918,2.23201838185876E-14));
#4235=DIRECTION('ref_axis',(-0.987784767582043,0.108124990743254,0.112206235609528));
#4236=DIRECTION('center_axis',(0.,0.,-1.));
#4237=DIRECTION('ref_axis',(0.155685051730119,-0.987806744595212,0.));
#4238=DIRECTION('center_axis',(-0.095535178778205,-0.0290293681348746,-0.99500267607756));
#4239=DIRECTION('ref_axis',(-0.993596840730129,0.0633510565897659,0.093551919916524));
#4240=DIRECTION('center_axis',(-0.0654850596154432,-0.0198677190621198,
-0.997655742581794));
#4241=DIRECTION('ref_axis',(-0.997843736170358,-0.00313032741826933,0.0655597379176803));
#4242=DIRECTION('center_axis',(0.827190399721593,-0.561882438245784,0.00664591599439991));
#4243=DIRECTION('ref_axis',(-0.534314968879866,-0.790157709162968,-0.300263731877891));
#4244=DIRECTION('center_axis',(-0.331127126016689,0.900424841950585,0.282116873678609));
#4245=DIRECTION('ref_axis',(0.943273230181336,0.323575336574516,0.0743949916590925));
#4246=DIRECTION('center_axis',(-0.3534451664583,0.164982797213441,0.920791611023305));
#4247=DIRECTION('ref_axis',(0.785935333543815,0.586204217397797,0.196647570522518));
#4248=DIRECTION('center_axis',(-0.817404449432812,0.576064203060251,0.));
#4249=DIRECTION('ref_axis',(0.283186333710175,0.40182633804283,-0.870827821360158));
#4250=DIRECTION('center_axis',(0.,0.,1.));
#4251=DIRECTION('ref_axis',(-1.,0.,0.));
#4252=DIRECTION('center_axis',(0.,0.,1.));
#4253=DIRECTION('ref_axis',(-0.252843930614018,-0.967507078398734,0.));
#4254=DIRECTION('',(0.62980195842122,-0.776755748719503,0.));
#4255=DIRECTION('center_axis',(0.,0.,1.));
#4256=DIRECTION('ref_axis',(-0.983684245215004,-0.179903601175154,0.));
#4257=DIRECTION('center_axis',(0.,0.,-1.));
#4258=DIRECTION('ref_axis',(0.991486724377559,-0.13020781613658,0.));
#4259=DIRECTION('center_axis',(0.,0.,1.));
#4260=DIRECTION('ref_axis',(-0.798735434805983,0.601682395608595,0.));
#4261=DIRECTION('center_axis',(0.,0.,-1.));
#4262=DIRECTION('ref_axis',(0.233916353635571,-0.972256725099826,0.));
#4263=DIRECTION('center_axis',(0.,0.,1.));
#4264=DIRECTION('ref_axis',(0.384250727972262,0.92322877882613,0.));
#4265=DIRECTION('',(0.104408247921865,0.994534523164423,0.));
#4266=DIRECTION('center_axis',(0.,0.,1.));
#4267=DIRECTION('ref_axis',(0.366740050582968,0.930323457351475,0.));
#4268=DIRECTION('center_axis',(0.,0.,1.));
#4269=DIRECTION('ref_axis',(-0.219420669491316,0.975630344854025,0.));
#4270=DIRECTION('center_axis',(0.,0.,-1.));
#4271=DIRECTION('ref_axis',(0.949385886041876,-0.314112144598839,0.));
#4272=DIRECTION('center_axis',(0.,0.,1.));
#4273=DIRECTION('ref_axis',(-0.949385886041877,0.314112144598835,0.));
#4274=DIRECTION('',(0.62980195842122,-0.776755748719503,0.));
#4275=DIRECTION('',(-0.817404449432802,0.576064203060265,0.));
#4276=DIRECTION('center_axis',(0.,0.,1.));
#4277=DIRECTION('ref_axis',(-1.,0.,0.));
#4278=DIRECTION('center_axis',(0.,0.,1.));
#4279=DIRECTION('ref_axis',(-0.151491935553685,0.988458493545479,0.));
#4280=DIRECTION('center_axis',(0.,0.,-1.));
#4281=DIRECTION('ref_axis',(0.155685051730119,-0.987806744595212,0.));
#4282=DIRECTION('center_axis',(0.817404449432802,-0.576064203060265,0.));
#4283=DIRECTION('ref_axis',(0.146399764305072,0.20773347502442,-0.967167985598002));
#4284=DIRECTION('center_axis',(-0.776755748719503,-0.62980195842122,0.));
#4285=DIRECTION('ref_axis',(-0.62980195842122,0.776755748719503,1.77128768358825E-17));
#4286=DIRECTION('',(0.817404449432802,-0.576064203060265,0.));
#4287=DIRECTION('center_axis',(0.817404449432802,-0.576064203060265,0.));
#4288=DIRECTION('ref_axis',(0.576064203060265,0.817404449432802,4.03011508694527E-32));
#4289=DIRECTION('center_axis',(-0.776755748719503,-0.62980195842122,0.));
#4290=DIRECTION('ref_axis',(-0.62980195842122,0.776755748719503,1.09666380184644E-32));
#4291=DIRECTION('center_axis',(0.,0.,-1.));
#4292=DIRECTION('ref_axis',(-1.,0.,0.));
#4293=DIRECTION('center_axis',(-0.975630344854024,-0.219420669491317,0.));
#4294=DIRECTION('ref_axis',(0.,0.,1.));
#4295=DIRECTION('center_axis',(0.,0.,1.));
#4296=DIRECTION('ref_axis',(0.233916353635571,-0.972256725099826,0.));
#4297=DIRECTION('center_axis',(0.,0.,1.));
#4298=DIRECTION('ref_axis',(-0.798735434805982,0.601682395608596,0.));
#4299=DIRECTION('center_axis',(0.0583310359242155,-0.998297295522735,0.));
#4300=DIRECTION('ref_axis',(0.,0.,1.));
#4301=DIRECTION('center_axis',(0.,0.,-1.));
#4302=DIRECTION('ref_axis',(-0.798735434805983,0.601682395608595,0.));
#4303=DIRECTION('center_axis',(0.,0.,-1.));
#4304=DIRECTION('ref_axis',(0.99148672437756,-0.13020781613658,0.));
#4305=DIRECTION('center_axis',(-0.31411214459884,-0.949385886041876,0.));
#4306=DIRECTION('ref_axis',(0.,0.,1.));
#4307=DIRECTION('center_axis',(0.,0.,1.));
#4308=DIRECTION('ref_axis',(0.99148672437756,-0.13020781613658,0.));
#4309=DIRECTION('center_axis',(0.,0.,1.));
#4310=DIRECTION('ref_axis',(-0.983684245215004,-0.179903601175151,0.));
#4311=DIRECTION('center_axis',(0.629801958421218,-0.776755748719505,0.));
#4312=DIRECTION('ref_axis',(0.,0.,1.));
#4313=DIRECTION('center_axis',(0.,0.,-1.));
#4314=DIRECTION('ref_axis',(-0.983684245215003,-0.179903601175154,0.));
#4315=DIRECTION('center_axis',(0.62980195842122,-0.776755748719503,0.));
#4316=DIRECTION('ref_axis',(-0.549249257245194,-0.445337235604212,0.707106781186548));
#4317=DIRECTION('center_axis',(0.629801958421224,-0.7767557487195,0.));
#4318=DIRECTION('ref_axis',(0.,0.,1.));
#4319=DIRECTION('',(-0.62980195842122,0.776755748719503,0.));
#4320=DIRECTION('center_axis',(0.,0.,1.));
#4321=DIRECTION('ref_axis',(1.,0.,0.));
#4322=DIRECTION('center_axis',(0.,0.,-1.));
#4323=DIRECTION('ref_axis',(-0.252843930614018,-0.967507078398734,0.));
#4324=DIRECTION('center_axis',(0.999940903125319,0.0108715342487067,0.));
#4325=DIRECTION('ref_axis',(0.,0.,-1.));
#4326=DIRECTION('center_axis',(0.880231584027395,0.00914522454398769,0.474456239656159));
#4327=DIRECTION('ref_axis',(0.463006278673869,0.202581519666676,-0.862893918044458));
#4328=DIRECTION('center_axis',(-0.998957542088482,0.0456489770371607,6.64777828184221E-13));
#4329=DIRECTION('ref_axis',(0.0456489770371607,0.998957542088482,-1.60514172234956E-14));
#4330=DIRECTION('center_axis',(-0.844891756147484,0.0381651893668325,0.53357411735823));
#4331=DIRECTION('ref_axis',(0.0451256763343552,0.998981317810982,1.41928236231878E-9));
#4332=DIRECTION('center_axis',(0.,0.,-1.));
#4333=DIRECTION('ref_axis',(0.155685051730119,-0.987806744595212,0.));
#4334=DIRECTION('center_axis',(-0.210550185571631,0.00985884980682164,-0.977533335716096));
#4335=DIRECTION('ref_axis',(-0.922297803309663,0.329503209646058,0.201976228410962));
#4336=DIRECTION('center_axis',(0.0918899813410066,-0.995544681697734,-0.0211428019076862));
#4337=DIRECTION('ref_axis',(-0.995339989414043,-0.0924529895420881,0.0273998211304824));
#4338=DIRECTION('center_axis',(0.208003962016379,0.977530008308709,-0.0341969975504336));
#4339=DIRECTION('ref_axis',(0.965265253588973,-0.210794382990755,-0.154365534732861));
#4340=DIRECTION('center_axis',(-0.0250445366431949,-0.000296491373219512,
0.999686292432378));
#4341=DIRECTION('ref_axis',(0.977030532457471,0.211681694887495,0.02453973706928));
#4342=DIRECTION('center_axis',(0.,0.,1.));
#4343=DIRECTION('ref_axis',(0.0655720279735122,0.997847838674535,0.));
#4344=DIRECTION('center_axis',(0.,0.,-1.));
#4345=DIRECTION('ref_axis',(-0.151491935553685,0.988458493545479,0.));
#4346=DIRECTION('center_axis',(0.,0.,-1.));
#4347=DIRECTION('ref_axis',(-1.,0.,0.));
#4348=DIRECTION('center_axis',(0.,0.,-1.));
#4349=DIRECTION('ref_axis',(-1.,0.,0.));
#4350=DIRECTION('center_axis',(0.,0.,-1.));
#4351=DIRECTION('ref_axis',(0.0529639217567248,0.99859642648677,0.));
#4352=DIRECTION('center_axis',(-0.997847838674535,0.0655720279735074,0.));
#4353=DIRECTION('ref_axis',(0.0655720279735074,0.997847838674535,0.));
#4354=DIRECTION('center_axis',(0.,0.,1.));
#4355=DIRECTION('ref_axis',(0.0529639217567248,0.99859642648677,0.));
#4356=DIRECTION('center_axis',(0.,0.,1.));
#4357=DIRECTION('ref_axis',(1.,0.,0.));
#4358=DIRECTION('center_axis',(-0.183937953259793,-0.982937856301505,0.));
#4359=DIRECTION('ref_axis',(-0.982937856301505,0.183937953259793,0.));
#4360=DIRECTION('center_axis',(0.,0.,-1.));
#4361=DIRECTION('ref_axis',(0.613190297656383,-0.789935224471017,0.));
#4362=DIRECTION('center_axis',(0.,0.,1.));
#4363=DIRECTION('ref_axis',(0.613190297656383,-0.789935224471017,0.));
#4364=DIRECTION('center_axis',(0.183937953259796,0.982937856301505,0.));
#4365=DIRECTION('ref_axis',(-0.695042023675763,0.130063774067559,-0.70710678118655));
#4366=DIRECTION('center_axis',(-0.183937953259795,-0.982937856301505,0.));
#4367=DIRECTION('ref_axis',(-0.982937856301505,0.183937953259795,3.21028344469929E-14));
#4368=DIRECTION('',(-0.183937953259796,-0.982937856301505,0.));
#4369=DIRECTION('',(0.183937953259796,0.982937856301505,0.));
#4370=DIRECTION('center_axis',(0.982937856301505,-0.183937953259796,0.));
#4371=DIRECTION('ref_axis',(0.183937953259796,0.982937856301505,0.));
#4372=DIRECTION('center_axis',(-0.183732055546661,-0.981837568660149,0.0473024368518708));
#4373=DIRECTION('ref_axis',(0.982937856301508,-0.183937953259778,0.));
#4374=DIRECTION('center_axis',(-0.982741000276803,0.184986827571448,1.16702880990193E-16));
#4375=DIRECTION('ref_axis',(0.184986827571448,0.982741000276803,0.));
#4376=DIRECTION('center_axis',(0.982937856301505,-0.183937953259796,0.));
#4377=DIRECTION('ref_axis',(0.183937953259796,0.982937856301505,0.));
#4378=DIRECTION('',(0.,0.,1.));
#4379=DIRECTION('center_axis',(0.,0.,1.));
#4380=DIRECTION('ref_axis',(-0.065572027973522,-0.997847838674535,0.));
#4381=DIRECTION('',(0.,0.,1.));
#4382=DIRECTION('center_axis',(0.,0.,1.));
#4383=DIRECTION('ref_axis',(0.0655720279735122,0.997847838674535,0.));
#4384=DIRECTION('center_axis',(0.,0.,1.));
#4385=DIRECTION('ref_axis',(1.,0.,0.));
#4386=DIRECTION('center_axis',(0.183937953259801,0.982937856301504,0.));
#4387=DIRECTION('ref_axis',(0.,0.,1.));
#4388=DIRECTION('center_axis',(0.,0.,-1.));
#4389=DIRECTION('ref_axis',(0.613190297656387,-0.789935224471014,0.));
#4390=DIRECTION('center_axis',(0.,0.,1.));
#4391=DIRECTION('ref_axis',(0.613190297656387,-0.789935224471014,0.));
#4392=DIRECTION('center_axis',(0.183937953259796,0.982937856301505,0.));
#4393=DIRECTION('ref_axis',(0.695042023675756,-0.130063774067581,0.707106781186553));
#4394=DIRECTION('center_axis',(0.183937953259803,0.982937856301503,0.));
#4395=DIRECTION('ref_axis',(0.,0.,1.));
#4396=DIRECTION('',(-0.183937953259796,-0.982937856301505,0.));
#4397=DIRECTION('',(0.183937953259796,0.982937856301505,0.));
#4398=DIRECTION('center_axis',(0.,0.,1.));
#4399=DIRECTION('ref_axis',(1.,0.,0.));
#4400=DIRECTION('center_axis',(-0.847758359149199,0.530382658551972,0.));
#4401=DIRECTION('ref_axis',(0.,0.,1.));
#4402=DIRECTION('center_axis',(0.,0.,-1.));
#4403=DIRECTION('ref_axis',(0.915769657407731,0.401703789590449,0.));
#4404=DIRECTION('center_axis',(0.,0.,1.));
#4405=DIRECTION('ref_axis',(0.915769657407731,0.401703789590449,0.));
#4406=DIRECTION('center_axis',(0.,0.,1.));
#4407=DIRECTION('ref_axis',(1.,0.,0.));
#4408=DIRECTION('center_axis',(-0.930323457351474,0.36674005058297,0.));
#4409=DIRECTION('ref_axis',(0.,0.,1.));
#4410=DIRECTION('center_axis',(0.,0.,-1.));
#4411=DIRECTION('ref_axis',(0.450457031992721,0.892798108380786,0.));
#4412=DIRECTION('center_axis',(0.,0.,1.));
#4413=DIRECTION('ref_axis',(0.450457031992721,0.892798108380786,0.));
#4414=DIRECTION('center_axis',(0.,0.,1.));
#4415=DIRECTION('ref_axis',(1.,0.,0.));
#4416=DIRECTION('center_axis',(0.,0.,-1.));
#4417=DIRECTION('ref_axis',(0.32072755883001,0.947171490811956,0.));
#4418=DIRECTION('center_axis',(0.,0.,1.));
#4419=DIRECTION('ref_axis',(0.32072755883001,0.947171490811956,0.));
#4420=DIRECTION('center_axis',(0.,0.,-1.));
#4421=DIRECTION('ref_axis',(1.,0.,0.));
#4422=DIRECTION('center_axis',(0.,0.,1.));
#4423=DIRECTION('ref_axis',(-1.,0.,0.));
#4424=DIRECTION('center_axis',(0.,0.,1.));
#4425=DIRECTION('ref_axis',(0.530382658551967,0.847758359149202,0.));
#4426=DIRECTION('center_axis',(0.,0.,1.));
#4427=DIRECTION('ref_axis',(0.366740050582968,0.930323457351475,0.));
#4428=DIRECTION('',(-0.104408247921865,-0.994534523164423,0.));
#4429=DIRECTION('center_axis',(-0.967747343716934,0.0635940204849451,0.243763982752537));
#4430=DIRECTION('ref_axis',(-0.0655720279735407,-0.997847838674533,0.));
#4431=DIRECTION('center_axis',(0.,0.,1.));
#4432=DIRECTION('ref_axis',(0.530382658551967,0.847758359149202,0.));
#4433=DIRECTION('',(0.,0.,1.));
#4434=DIRECTION('center_axis',(0.,0.,1.));
#4435=DIRECTION('ref_axis',(0.366740050582968,0.930323457351475,0.));
#4436=DIRECTION('',(0.,0.,-1.));
#4437=DIRECTION('center_axis',(-1.3021507013263E-16,-2.14965559592078E-16,
1.));
#4438=DIRECTION('ref_axis',(0.366740050582968,0.930323457351475,0.));
#4439=DIRECTION('',(0.,0.,1.));
#4440=DIRECTION('',(0.,0.,1.));
#4441=DIRECTION('center_axis',(0.,0.,-1.));
#4442=DIRECTION('ref_axis',(0.366740050582968,0.930323457351475,0.));
#4443=DIRECTION('center_axis',(0.,-1.,0.));
#4444=DIRECTION('ref_axis',(1.,0.,0.));
#4445=DIRECTION('center_axis',(0.968235069876571,-0.0636260706554466,-0.24181102661802));
#4446=DIRECTION('ref_axis',(0.24230197674106,0.,0.970200882326632));
#4447=DIRECTION('',(0.75201082438693,0.,-0.659150756659575));
#4448=DIRECTION('center_axis',(-1.61041924082558E-16,0.,1.));
#4449=DIRECTION('ref_axis',(-1.,4.5277966931323E-9,-1.61041924082558E-16));
#4450=DIRECTION('center_axis',(-1.3021507013263E-16,-2.14965559592078E-16,
1.));
#4451=DIRECTION('ref_axis',(-1.,4.5277966931323E-9,-1.30215069159309E-16));
#4452=DIRECTION('',(-1.61041924082558E-16,0.,1.));
#4453=DIRECTION('',(0.682405288678703,0.,-0.730974022782846));
#4454=DIRECTION('center_axis',(-0.899901758932069,0.354747603086355,0.253635491158974));
#4455=DIRECTION('ref_axis',(0.271278899707678,0.,0.96250078367417));
#4456=DIRECTION('center_axis',(0.,0.,1.));
#4457=DIRECTION('ref_axis',(-1.,4.5277966931323E-9,0.));
#4458=DIRECTION('center_axis',(-1.3021507013263E-16,-2.14965559592078E-16,
1.));
#4459=DIRECTION('ref_axis',(-1.,4.5277966931323E-9,-1.30215069159309E-16));
#4460=DIRECTION('',(0.,0.,1.));
#4461=DIRECTION('center_axis',(0.,0.,-1.));
#4462=DIRECTION('ref_axis',(-1.,4.5277966931323E-9,0.));
#4463=DIRECTION('center_axis',(1.3021507013263E-16,2.14965559592078E-16,
-1.));
#4464=DIRECTION('ref_axis',(-1.,4.5277966931323E-9,-1.30215069159309E-16));
#4465=DIRECTION('',(0.,0.,1.));
#4466=DIRECTION('center_axis',(-1.3021507013263E-16,-2.14965559592078E-16,
1.));
#4467=DIRECTION('ref_axis',(-1.,4.5277966931323E-9,-1.30215069159309E-16));
#4468=DIRECTION('center_axis',(0.,0.,-1.));
#4469=DIRECTION('ref_axis',(-0.174113733321764,-0.984725549515578,0.));
#4470=DIRECTION('center_axis',(1.3021507013263E-16,2.14965559592078E-16,
-1.));
#4471=DIRECTION('ref_axis',(-1.,4.5277966931323E-9,-1.30215069159309E-16));
#4472=DIRECTION('center_axis',(-1.3021507013263E-16,-2.14965559592078E-16,
1.));
#4473=DIRECTION('ref_axis',(-1.,4.5277966931323E-9,-1.30215069159309E-16));
#4474=DIRECTION('center_axis',(-0.824224059594437,0.515658905927998,0.233988444848899));
#4475=DIRECTION('ref_axis',(0.273097681962582,0.,0.961986307650304));
#4476=DIRECTION('center_axis',(0.18368729016405,0.98159834892077,-0.052188704028814));
#4477=DIRECTION('ref_axis',(0.27330042103017,0.,0.961928729098332));
#4478=DIRECTION('center_axis',(0.183723815385339,0.981793534427937,-0.0482391481657029));
#4479=DIRECTION('ref_axis',(0.253955489205066,-9.07230255056309E-15,0.967215906353186));
#4480=DIRECTION('center_axis',(-0.982937856301505,0.183937953259796,0.));
#4481=DIRECTION('ref_axis',(0.183937953259796,0.982937856301505,0.));
#4482=DIRECTION('center_axis',(0.621140367127561,-0.76607311945731,-0.165277403082169));
#4483=DIRECTION('ref_axis',(-0.302077670639658,-0.428632139861196,0.851483158717147));
#4484=DIRECTION('center_axis',(0.621742713037562,-0.766816012746325,-0.159465361067912));
#4485=DIRECTION('ref_axis',(-0.294053023387872,-0.41724559242718,0.859906352480631));
#4486=DIRECTION('center_axis',(0.776755748719503,0.62980195842122,0.));
#4487=DIRECTION('ref_axis',(0.62980195842122,-0.776755748719503,-1.09666380184644E-32));
#4488=DIRECTION('center_axis',(0.629211438989752,-0.776027441317009,-0.0432940569526676));
#4489=DIRECTION('ref_axis',(-0.29788407587288,-0.292227467315634,0.908772900502458));
#4490=DIRECTION('center_axis',(-0.296625563493788,-0.896533700662492,-0.328999390057809));
#4491=DIRECTION('ref_axis',(-0.294186378807921,-0.241968867316529,0.924610967798586));
#4492=DIRECTION('center_axis',(-0.206310822664263,-0.977038153750355,-0.0532192687632286));
#4493=DIRECTION('ref_axis',(-0.249780180671818,4.53615127528154E-15,0.968302567043769));
#4494=DIRECTION('center_axis',(0.0583249127256364,-0.998192501008426,0.0144891506338663));
#4495=DIRECTION('ref_axis',(-0.241093350970881,0.,0.970501929991709));
#4496=DIRECTION('center_axis',(-0.950145870135277,-0.213689174428748,-0.227067748033131));
#4497=DIRECTION('ref_axis',(-0.232436638616034,0.,0.972611540661984));
#4498=DIRECTION('center_axis',(-0.776755748719503,-0.62980195842122,0.));
#4499=DIRECTION('ref_axis',(0.62980195842122,-0.776755748719503,0.));
#4500=DIRECTION('',(0.,0.,1.));
#4501=DIRECTION('',(0.,0.,1.));
#4502=DIRECTION('center_axis',(0.,0.,1.));
#4503=DIRECTION('ref_axis',(-0.949385886041877,0.314112144598835,0.));
#4504=DIRECTION('',(0.,0.,1.));
#4505=DIRECTION('center_axis',(0.,0.,1.));
#4506=DIRECTION('ref_axis',(0.949385886041876,-0.314112144598839,0.));
#4507=DIRECTION('',(0.,0.,1.));
#4508=DIRECTION('center_axis',(0.,0.,1.));
#4509=DIRECTION('ref_axis',(-0.219420669491315,0.975630344854025,0.));
#4510=DIRECTION('',(0.,0.,1.));
#4511=DIRECTION('center_axis',(0.,0.,1.));
#4512=DIRECTION('ref_axis',(0.219420669491316,-0.975630344854024,0.));
#4513=DIRECTION('',(0.,0.,1.));
#4514=DIRECTION('center_axis',(0.,0.,1.));
#4515=DIRECTION('ref_axis',(0.366740050582968,0.930323457351475,0.));
#4516=DIRECTION('',(0.,0.,1.));
#4517=DIRECTION('center_axis',(0.,0.,1.));
#4518=DIRECTION('ref_axis',(0.366740050582968,0.930323457351475,0.));
#4519=DIRECTION('center_axis',(0.,0.,1.));
#4520=DIRECTION('ref_axis',(0.366740050582968,0.930323457351475,0.));
#4521=DIRECTION('center_axis',(0.,0.,1.));
#4522=DIRECTION('ref_axis',(0.366740050582968,0.930323457351475,0.));
#4523=DIRECTION('center_axis',(0.104408247921865,0.994534523164423,0.));
#4524=DIRECTION('ref_axis',(-0.564983776624601,0.0593131408188477,-0.822967364770442));
#4525=DIRECTION('',(-0.104408247921865,-0.994534523164423,0.));
#4526=DIRECTION('',(0.104408247921865,0.994534523164423,0.));
#4527=DIRECTION('center_axis',(0.,0.,1.));
#4528=DIRECTION('ref_axis',(0.384250727972262,0.92322877882613,0.));
#4529=DIRECTION('',(0.,0.,1.));
#4530=DIRECTION('center_axis',(0.,0.,1.));
#4531=DIRECTION('ref_axis',(0.994534523164423,-0.104408247921865,0.));
#4532=DIRECTION('',(-0.104408247921865,-0.994534523164423,0.));
#4533=DIRECTION('center_axis',(-0.104408247921865,-0.994534523164423,0.));
#4534=DIRECTION('ref_axis',(0.5649837766246,-0.0593131408188478,-0.822967364770443));
#4535=DIRECTION('',(0.104408247921865,0.994534523164423,0.));
#4536=DIRECTION('',(-0.104408247921865,-0.994534523164423,0.));
#4537=DIRECTION('center_axis',(0.104408247921865,0.994534523164423,0.));
#4538=DIRECTION('ref_axis',(-1.2139240623962E-16,1.27440205958568E-17,1.));
#4539=DIRECTION('',(-0.104408247921865,-0.994534523164423,0.));
#4540=DIRECTION('center_axis',(0.,0.,1.));
#4541=DIRECTION('ref_axis',(0.994534523164423,-0.104408247921865,0.));
#4542=DIRECTION('center_axis',(0.,0.,-1.));
#4543=DIRECTION('ref_axis',(0.384250727972262,0.92322877882613,0.));
#4544=DIRECTION('',(0.104408247921865,0.994534523164423,0.));
#4545=DIRECTION('center_axis',(0.104408247921865,0.994534523164423,0.));
#4546=DIRECTION('ref_axis',(3.88455699966785E-15,-4.07808659067417E-16,
-1.));
#4547=DIRECTION('',(-0.104408247921865,-0.994534523164423,0.));
#4548=DIRECTION('center_axis',(0.,0.,1.));
#4549=DIRECTION('ref_axis',(0.994534523164423,-0.104408247921865,0.));
#4550=DIRECTION('center_axis',(0.104408247921865,0.994534523164423,0.));
#4551=DIRECTION('ref_axis',(1.96632606325614E-33,6.29224340241966E-33,1.));
#4552=DIRECTION('center_axis',(0.104408247921865,0.994534523164423,0.));
#4553=DIRECTION('ref_axis',(-5.41111022464504E-15,5.68069307508467E-16,
-1.));
#4554=DIRECTION('center_axis',(0.,0.,1.));
#4555=DIRECTION('ref_axis',(0.384250727972262,0.92322877882613,0.));
#4556=DIRECTION('',(0.,0.,1.));
#4557=DIRECTION('center_axis',(-0.776755748719503,-0.62980195842122,0.));
#4558=DIRECTION('ref_axis',(0.62980195842122,-0.776755748719503,0.));
#4559=DIRECTION('',(0.,0.,1.));
#4560=DIRECTION('center_axis',(0.,0.,1.));
#4561=DIRECTION('ref_axis',(-0.949385886041877,0.314112144598835,0.));
#4562=DIRECTION('',(0.,0.,1.));
#4563=DIRECTION('center_axis',(0.,0.,1.));
#4564=DIRECTION('ref_axis',(0.949385886041876,-0.314112144598839,0.));
#4565=DIRECTION('',(0.,0.,1.));
#4566=DIRECTION('center_axis',(0.,0.,1.));
#4567=DIRECTION('ref_axis',(-0.219420669491316,0.975630344854025,0.));
#4568=DIRECTION('center_axis',(0.,0.,1.));
#4569=DIRECTION('ref_axis',(-0.776755748719506,-0.629801958421216,0.));
#4570=DIRECTION('center_axis',(0.,0.,1.));
#4571=DIRECTION('ref_axis',(0.530382658551967,0.847758359149202,0.));
#4572=DIRECTION('',(0.,0.,1.));
#4573=DIRECTION('center_axis',(0.,0.,1.));
#4574=DIRECTION('ref_axis',(0.982937856301505,-0.183937953259794,0.));
#4575=DIRECTION('',(0.,0.,1.));
#4576=DIRECTION('center_axis',(0.982937856301505,-0.183937953259796,0.));
#4577=DIRECTION('ref_axis',(0.183937953259796,0.982937856301505,0.));
#4578=DIRECTION('',(0.,0.,1.));
#4579=DIRECTION('center_axis',(0.,0.,1.));
#4580=DIRECTION('ref_axis',(-0.065572027973522,-0.997847838674534,0.));
#4581=DIRECTION('center_axis',(0.,0.,1.));
#4582=DIRECTION('ref_axis',(0.949385886041876,-0.314112144598839,0.));
#4583=DIRECTION('',(0.,0.,1.));
#4584=DIRECTION('',(0.,0.,1.));
#4585=DIRECTION('center_axis',(0.,0.,1.));
#4586=DIRECTION('ref_axis',(-0.949385886041878,0.314112144598834,0.));
#4587=DIRECTION('',(0.,0.,1.));
#4588=DIRECTION('center_axis',(0.776755748719503,0.62980195842122,0.));
#4589=DIRECTION('ref_axis',(-0.62980195842122,0.776755748719503,0.));
#4590=DIRECTION('',(0.,0.,1.));
#4591=DIRECTION('center_axis',(0.,0.,1.));
#4592=DIRECTION('ref_axis',(-0.776755748719505,-0.629801958421218,0.));
#4593=DIRECTION('center_axis',(0.,0.,1.));
#4594=DIRECTION('ref_axis',(-0.0655720279735217,-0.997847838674534,0.));
#4595=DIRECTION('',(0.,0.,-1.));
#4596=DIRECTION('center_axis',(-0.982937856301505,0.183937953259796,0.));
#4597=DIRECTION('ref_axis',(-0.183937953259796,-0.982937856301505,0.));
#4598=DIRECTION('',(0.,0.,1.));
#4599=DIRECTION('center_axis',(0.,0.,1.));
#4600=DIRECTION('ref_axis',(0.982937856301505,-0.183937953259793,0.));
#4601=DIRECTION('',(0.,0.,1.));
#4602=DIRECTION('center_axis',(0.,0.,1.));
#4603=DIRECTION('ref_axis',(0.530382658551968,0.847758359149202,0.));
#4604=DIRECTION('center_axis',(0.,0.,1.));
#4605=DIRECTION('ref_axis',(0.219420669491316,-0.975630344854025,0.));
#4606=DIRECTION('',(0.,0.,1.));
#4607=DIRECTION('center_axis',(0.,0.,1.));
#4608=DIRECTION('ref_axis',(-0.219420669491316,0.975630344854024,0.));
#4609=CARTESIAN_POINT('',(0.,0.,0.));
#4610=CARTESIAN_POINT('Origin',(-13.1463789148451,-40.1803867810765,15.));
#4611=CARTESIAN_POINT('',(-13.1463789148451,-40.1803867810765,15.));
#4612=CARTESIAN_POINT('',(-13.2218274297794,-40.8990670991289,15.));
#4613=CARTESIAN_POINT('',(-13.197558820398,-40.6678979114503,15.));
#4614=CARTESIAN_POINT('',(-13.2218274297794,-40.8990670991289,12.));
#4615=CARTESIAN_POINT('',(-13.2218274297794,-40.8990670991289,15.));
#4616=CARTESIAN_POINT('',(-13.1463789148451,-40.1803867810765,12.));
#4617=CARTESIAN_POINT('',(-13.197558820398,-40.6678979114503,12.));
#4618=CARTESIAN_POINT('',(-13.1463789148451,-40.1803867810765,15.));
#4619=CARTESIAN_POINT('Origin',(7.62172784991711,-52.97101708291,12.));
#4620=CARTESIAN_POINT('',(-8.92949154016317,-64.7474197146769,12.));
#4621=CARTESIAN_POINT('',(-8.21609800016706,-65.0532860005344,12.));
#4622=CARTESIAN_POINT('Origin',(-8.73676205358162,-65.282785332738,12.));
#4623=CARTESIAN_POINT('',(-8.43775921955795,-65.3147847182466,12.));
#4624=CARTESIAN_POINT('Origin',(-8.55268378678566,-64.9926724026678,12.));
#4625=CARTESIAN_POINT('',(-11.5993299844636,-66.506553986759,12.));
#4626=CARTESIAN_POINT('Origin',(23.4967842251209,-154.821406183566,12.));
#4627=CARTESIAN_POINT('',(-15.0375119919356,-65.6080350277304,12.));
#4628=CARTESIAN_POINT('Origin',(-12.7072447457771,-63.7186291524668,12.));
#4629=CARTESIAN_POINT('',(-18.8083870902798,-60.9572890731058,12.));
#4630=CARTESIAN_POINT('',(-18.8083870902798,-60.9572890731059,12.));
#4631=CARTESIAN_POINT('',(-19.3262775022469,-58.1255467640457,12.));
#4632=CARTESIAN_POINT('Origin',(-16.4781198441213,-59.0678831978422,12.));
#4633=CARTESIAN_POINT('',(-17.4175698470938,-43.5914092832577,12.));
#4634=CARTESIAN_POINT('Origin',(-56.3748951482305,-45.8677062860075,12.));
#4635=CARTESIAN_POINT('',(-15.0809399689995,-40.4895251409231,12.));
#4636=CARTESIAN_POINT('Origin',(-14.4226779605256,-43.4164161754851,12.));
#4637=CARTESIAN_POINT('',(-15.0270849558536,-40.4758305534239,12.));
#4638=CARTESIAN_POINT('Origin',(-15.3003606384908,-39.513894796069,12.));
#4639=CARTESIAN_POINT('Origin',(-5.55111512312578E-16,-130.,12.));
#4640=CARTESIAN_POINT('',(-14.8781482579213,-41.1606299616903,12.));
#4641=CARTESIAN_POINT('Origin',(-5.55111512312578E-16,-130.,12.));
#4642=CARTESIAN_POINT('',(-14.9273455003556,-41.1724663823209,12.));
#4643=CARTESIAN_POINT('Origin',(-15.3003606384908,-39.513894796069,12.));
#4644=CARTESIAN_POINT('',(-16.7187617402279,-43.5505775581108,12.));
#4645=CARTESIAN_POINT('Origin',(-14.4226779605256,-43.4164161754851,12.));
#4646=CARTESIAN_POINT('',(-18.6617073820176,-58.3454252652649,12.));
#4647=CARTESIAN_POINT('Origin',(-56.3748951482305,-45.8677062860075,12.));
#4648=CARTESIAN_POINT('',(-18.2646580661762,-60.516427702211,12.));
#4649=CARTESIAN_POINT('Origin',(-16.4781198441213,-59.0678831978422,12.));
#4650=CARTESIAN_POINT('',(-14.493782967832,-65.1671736568356,12.));
#4651=CARTESIAN_POINT('',(-18.2646580661762,-60.516427702211,12.));
#4652=CARTESIAN_POINT('',(-11.8578434287701,-65.8560381920908,12.));
#4653=CARTESIAN_POINT('Origin',(-12.7072447457771,-63.7186291524668,12.));
#4654=CARTESIAN_POINT('Origin',(23.4967842251209,-154.821406183566,12.));
#4655=CARTESIAN_POINT('Origin',(7.62172784991711,-52.97101708291,12.));
#4656=CARTESIAN_POINT('',(23.4594445084665,-59.0885225742783,12.));
#4657=CARTESIAN_POINT('',(23.9973413546185,-59.471332606748,12.));
#4658=CARTESIAN_POINT('Origin',(23.4596664415825,-59.6575225309968,12.));
#4659=CARTESIAN_POINT('',(23.6556615487529,-59.7886480990397,12.));
#4660=CARTESIAN_POINT('Origin',(23.6562333091631,-59.4466485769786,12.));
#4661=CARTESIAN_POINT('',(-4.94244982547876,-64.1436232498657,12.));
#4662=CARTESIAN_POINT('Origin',(23.4967842251209,-154.821406183566,12.));
#4663=CARTESIAN_POINT('',(-5.36142650336169,-63.9465590936173,12.));
#4664=CARTESIAN_POINT('Origin',(-5.04479563390451,-63.8172962122214,12.));
#4665=CARTESIAN_POINT('',(-4.96172121026545,-63.4162648249534,12.));
#4666=CARTESIAN_POINT('Origin',(-4.79257464588224,-63.9595423228836,12.));
#4667=CARTESIAN_POINT('Origin',(23.4967842251209,-154.821406183566,12.));
#4668=CARTESIAN_POINT('Origin',(31.2948663529705,-45.5344786061312,15.));
#4669=CARTESIAN_POINT('',(31.2948663529706,-45.5344786061312,15.));
#4670=CARTESIAN_POINT('',(31.3702824285613,-44.816107287105,15.));
#4671=CARTESIAN_POINT('',(31.3151848612673,-45.3409358701632,15.));
#4672=CARTESIAN_POINT('',(31.3702824285613,-44.816107287105,12.));
#4673=CARTESIAN_POINT('',(31.3702824285613,-44.816107287105,15.));
#4674=CARTESIAN_POINT('',(31.2948663529706,-45.5344786061312,12.));
#4675=CARTESIAN_POINT('',(31.3151848612673,-45.3409358701632,12.));
#4676=CARTESIAN_POINT('',(31.2948663529706,-45.5344786061312,15.));
#4677=CARTESIAN_POINT('Origin',(7.62172784991711,-52.97101708291,12.));
#4678=CARTESIAN_POINT('',(26.9566786486065,-59.6829499603622,12.));
#4679=CARTESIAN_POINT('',(27.5466029042381,-59.1742140289076,12.));
#4680=CARTESIAN_POINT('Origin',(27.5225323177661,-59.7427046681155,12.));
#4681=CARTESIAN_POINT('',(29.7741840246298,-59.294547917626,12.));
#4682=CARTESIAN_POINT('Origin',(23.4967842251209,-154.821406183566,12.));
#4683=CARTESIAN_POINT('',(32.1857567584624,-57.4225551811721,12.));
#4684=CARTESIAN_POINT('Origin',(29.9249996889689,-56.9994978886746,12.));
#4685=CARTESIAN_POINT('',(33.9993947571475,-47.7307356575712,12.));
#4686=CARTESIAN_POINT('',(32.1857567584624,-57.4225551811721,12.));
#4687=CARTESIAN_POINT('',(33.4110730000731,-46.3895304514395,12.));
#4688=CARTESIAN_POINT('Origin',(32.7215755439555,-47.4916163183334,12.));
#4689=CARTESIAN_POINT('',(33.0346950017444,-46.1996307255742,12.));
#4690=CARTESIAN_POINT('Origin',(32.1911928854035,-48.3393746774827,12.));
#4691=CARTESIAN_POINT('Origin',(-5.55111512312578E-16,-130.,12.));
#4692=CARTESIAN_POINT('',(33.2914130371525,-45.5484043054282,12.));
#4693=CARTESIAN_POINT('Origin',(-5.55111512312578E-16,-130.,12.));
#4694=CARTESIAN_POINT('',(33.7823408610595,-45.796099600035,12.));
#4695=CARTESIAN_POINT('Origin',(32.1911928854035,-48.3393746774827,12.));
#4696=CARTESIAN_POINT('',(34.6874512565585,-47.859492224853,12.));
#4697=CARTESIAN_POINT('Origin',(32.7215755439555,-47.4916163183334,12.));
#4698=CARTESIAN_POINT('',(32.8738132578734,-57.5513117484539,12.));
#4699=CARTESIAN_POINT('',(32.8738132578734,-57.551311748454,12.));
#4700=CARTESIAN_POINT('',(29.7282836050484,-59.9930414046981,12.));
#4701=CARTESIAN_POINT('Origin',(29.9249996889689,-56.9994978886746,12.));
#4702=CARTESIAN_POINT('',(27.2442542679888,-59.8624317818073,12.));
#4703=CARTESIAN_POINT('Origin',(23.4967842251209,-154.821406183566,12.));
#4704=CARTESIAN_POINT('Origin',(27.2577404909443,-59.5206977890726,12.));
#4705=CARTESIAN_POINT('Ctrl Pts',(27.0188063497617,-58.7924907403352,18.2869156078347));
#4706=CARTESIAN_POINT('Ctrl Pts',(27.0288033131267,-58.7778787168348,18.280938406327));
#4707=CARTESIAN_POINT('Ctrl Pts',(27.0411559080705,-58.7638850430759,18.2821550466334));
#4708=CARTESIAN_POINT('Ctrl Pts',(27.0532305465305,-58.7523825823497,18.2883168294803));
#4709=CARTESIAN_POINT('Ctrl Pts',(26.9812304081588,-58.7924023657921,18.2000491471758));
#4710=CARTESIAN_POINT('Ctrl Pts',(27.0005474712523,-58.7589507748637,18.177642015191));
#4711=CARTESIAN_POINT('Ctrl Pts',(27.0253557020811,-58.7258641552116,18.1675426715891));
#4712=CARTESIAN_POINT('Ctrl Pts',(27.0531410192901,-58.6923696513979,18.1696223421784));
#4713=CARTESIAN_POINT('Ctrl Pts',(26.9459553070557,-58.8265040794039,18.0092683333419));
#4714=CARTESIAN_POINT('Ctrl Pts',(26.994360133404,-58.7639817089788,17.9499514445029));
#4715=CARTESIAN_POINT('Ctrl Pts',(27.057210071134,-58.7026914907749,17.9115949400795));
#4716=CARTESIAN_POINT('Ctrl Pts',(27.1352945405568,-58.6409024940236,17.8989416024211));
#4717=CARTESIAN_POINT('Ctrl Pts',(27.0010661852967,-58.9182584722284,17.8438945111901));
#4718=CARTESIAN_POINT('Ctrl Pts',(27.0918023167027,-58.8494084770002,17.7647183380363));
#4719=CARTESIAN_POINT('Ctrl Pts',(27.2072151334192,-58.7959312171455,17.7248835320743));
#4720=CARTESIAN_POINT('Ctrl Pts',(27.3315198529506,-58.7553958450173,17.7227228986055));
#4721=CARTESIAN_POINT('Ctrl Pts',(27.0470105182369,-58.9714434884364,17.7805051311138));
#4722=CARTESIAN_POINT('Ctrl Pts',(27.1581264271588,-58.9041887946899,17.7004822957788));
#4723=CARTESIAN_POINT('Ctrl Pts',(27.2952774305592,-58.8603402977359,17.6711838596918));
#4724=CARTESIAN_POINT('Ctrl Pts',(27.4291005971566,-58.8374812167358,17.6849084658785));
#4725=CARTESIAN_POINT('',(27.0532305465305,-58.7523825823497,18.2883168294804));
#4726=CARTESIAN_POINT('',(27.4291005971566,-58.8374812167358,17.6849084658785));
#4727=CARTESIAN_POINT('Origin',(27.420174127014,-59.0553674596827,18.1348483543806));
#4728=CARTESIAN_POINT('',(27.0470105182369,-58.9714434884364,17.7805051311138));
#4729=CARTESIAN_POINT('Ctrl Pts',(27.4291005971566,-58.8374812167358,17.6849084658785));
#4730=CARTESIAN_POINT('Ctrl Pts',(27.2952774305592,-58.8603402977359,17.6711838596918));
#4731=CARTESIAN_POINT('Ctrl Pts',(27.1581264271588,-58.9041887946899,17.7004822957788));
#4732=CARTESIAN_POINT('Ctrl Pts',(27.0470105182369,-58.9714434884364,17.7805051311138));
#4733=CARTESIAN_POINT('',(27.0188063497618,-58.7924907403351,18.2869156078347));
#4734=CARTESIAN_POINT('Origin',(27.3787140937207,-59.102539186676,18.1309144002753));
#4735=CARTESIAN_POINT('Ctrl Pts',(27.0188063497617,-58.7924907403352,18.2869156078347));
#4736=CARTESIAN_POINT('Ctrl Pts',(27.0288033131267,-58.7778787168348,18.280938406327));
#4737=CARTESIAN_POINT('Ctrl Pts',(27.0411559080705,-58.7638850430759,18.2821550466334));
#4738=CARTESIAN_POINT('Ctrl Pts',(27.0532305465305,-58.7523825823497,18.2883168294803));
#4739=CARTESIAN_POINT('Ctrl Pts',(26.8693754675229,-59.2533016001776,18.1549759977855));
#4740=CARTESIAN_POINT('Ctrl Pts',(26.8449274729055,-59.0981814155065,18.2033400807704));
#4741=CARTESIAN_POINT('Ctrl Pts',(26.8882278984349,-58.9269296661839,18.2528542321399));
#4742=CARTESIAN_POINT('Ctrl Pts',(27.0188063497618,-58.7924907403351,18.2869156078347));
#4743=CARTESIAN_POINT('Ctrl Pts',(26.8693754675229,-59.2533016001776,18.1549759977855));
#4744=CARTESIAN_POINT('Ctrl Pts',(26.852428011484,-59.118377525583,18.1426208490999));
#4745=CARTESIAN_POINT('Ctrl Pts',(26.8449434639236,-58.9748643958187,18.1303534038753));
#4746=CARTESIAN_POINT('Ctrl Pts',(26.9436544665558,-58.7923139912491,18.1131826865169));
#4747=CARTESIAN_POINT('Ctrl Pts',(26.8693754675229,-59.2533016001776,18.1549759977855));
#4748=CARTESIAN_POINT('Ctrl Pts',(26.8555478640881,-59.1381726915947,18.0831300615412));
#4749=CARTESIAN_POINT('Ctrl Pts',(26.8519062630009,-59.0190426891964,18.0021090048954));
#4750=CARTESIAN_POINT('Ctrl Pts',(26.9551218523565,-58.8650734560204,17.9072838912664));
#4751=CARTESIAN_POINT('Ctrl Pts',(26.8693754675229,-59.2533016001776,18.1549759977855));
#4752=CARTESIAN_POINT('Ctrl Pts',(26.8543512373661,-59.1579742985753,18.0219871308597));
#4753=CARTESIAN_POINT('Ctrl Pts',(26.9084604328288,-59.0553031594149,17.8802853586061));
#4754=CARTESIAN_POINT('Ctrl Pts',(27.0470105182369,-58.9714434884364,17.7805051311138));
#4755=CARTESIAN_POINT('',(26.8693754675229,-59.2533016001776,18.1549759977855));
#4756=CARTESIAN_POINT('Ctrl Pts',(27.0470105182369,-58.9714434884364,17.7805051311138));
#4757=CARTESIAN_POINT('Ctrl Pts',(26.9084604328288,-59.0553031594149,17.8802853586061));
#4758=CARTESIAN_POINT('Ctrl Pts',(26.8543512373661,-59.1579742985753,18.0219871308597));
#4759=CARTESIAN_POINT('Ctrl Pts',(26.8693754675229,-59.2533016001776,18.1549759977855));
#4760=CARTESIAN_POINT('Ctrl Pts',(26.8693754675229,-59.2533016001776,18.1549759977855));
#4761=CARTESIAN_POINT('Ctrl Pts',(26.8449274729055,-59.0981814155065,18.2033400807704));
#4762=CARTESIAN_POINT('Ctrl Pts',(26.8882278984349,-58.9269296661839,18.2528542321399));
#4763=CARTESIAN_POINT('Ctrl Pts',(27.0188063497618,-58.7924907403351,18.2869156078347));
#4764=CARTESIAN_POINT('Ctrl Pts',(26.9322774312796,-59.6524085366287,17.7716500855416));
#4765=CARTESIAN_POINT('Ctrl Pts',(26.9139844270865,-59.5363411767887,17.9548584529522));
#4766=CARTESIAN_POINT('Ctrl Pts',(26.88748218715,-59.3681870022854,18.1035208462499));
#4767=CARTESIAN_POINT('Ctrl Pts',(26.8568802364597,-59.1740205556437,18.1969400589939));
#4768=CARTESIAN_POINT('Ctrl Pts',(26.9199325662849,-59.5740815504,17.7207952512641));
#4769=CARTESIAN_POINT('Ctrl Pts',(26.903281426883,-59.4684010487818,17.8896284828646));
#4770=CARTESIAN_POINT('Ctrl Pts',(26.8790481554906,-59.3147198214686,18.0278839732663));
#4771=CARTESIAN_POINT('Ctrl Pts',(26.8508817649712,-59.1359608284719,18.1158701517299));
#4772=CARTESIAN_POINT('Ctrl Pts',(26.9425750896904,-59.4103985728548,17.619358556306));
#4773=CARTESIAN_POINT('Ctrl Pts',(26.9280742957244,-59.3256172240542,17.759491057198));
#4774=CARTESIAN_POINT('Ctrl Pts',(26.9068174335887,-59.200990059421,17.8769788552186));
#4775=CARTESIAN_POINT('Ctrl Pts',(26.8817612180587,-59.0532616345723,17.9541000331964));
#4776=CARTESIAN_POINT('Ctrl Pts',(27.137338107746,-59.1661381293054,17.4840598009024));
#4777=CARTESIAN_POINT('Ctrl Pts',(27.1220263388072,-59.108224528726,17.5850445791936));
#4778=CARTESIAN_POINT('Ctrl Pts',(27.0996082252214,-59.0219152501292,17.6724425297291));
#4779=CARTESIAN_POINT('Ctrl Pts',(27.0732196701087,-58.9163689397595,17.7322937750885));
#4780=CARTESIAN_POINT('Ctrl Pts',(27.3738248112884,-59.0846568236353,17.4560519765958));
#4781=CARTESIAN_POINT('Ctrl Pts',(27.3549493452489,-59.0300747362155,17.5469485566966));
#4782=CARTESIAN_POINT('Ctrl Pts',(27.3275196217749,-58.9492905875928,17.6237434861812));
#4783=CARTESIAN_POINT('Ctrl Pts',(27.295819985008,-58.8534859957886,17.6745138627293));
#4784=CARTESIAN_POINT('Ctrl Pts',(27.5145361837187,-59.0825570418323,17.468771469863));
#4785=CARTESIAN_POINT('Ctrl Pts',(27.4937509497955,-59.023088220862,17.5618799573629));
#4786=CARTESIAN_POINT('Ctrl Pts',(27.4636825069676,-58.9369383360663,17.6374318046049));
#4787=CARTESIAN_POINT('Ctrl Pts',(27.4291005971566,-58.8374812167358,17.6849084658785));
#4788=CARTESIAN_POINT('',(27.5145361837187,-59.0825570418323,17.468771469863));
#4789=CARTESIAN_POINT('Ctrl Pts',(27.4291005971566,-58.8374812167358,17.6849084658785));
#4790=CARTESIAN_POINT('Ctrl Pts',(27.4636825069676,-58.9369383360663,17.6374318046049));
#4791=CARTESIAN_POINT('Ctrl Pts',(27.4937509497955,-59.023088220862,17.5618799573629));
#4792=CARTESIAN_POINT('Ctrl Pts',(27.5145361837187,-59.0825570418323,17.468771469863));
#4793=CARTESIAN_POINT('',(26.9322774312796,-59.6524085366287,17.7716500855416));
#4794=CARTESIAN_POINT('Origin',(27.4943394689543,-59.5638237421942,17.7716500855416));
#4795=CARTESIAN_POINT('Ctrl Pts',(26.9322774312796,-59.6524085366287,17.7716500855416));
#4796=CARTESIAN_POINT('Ctrl Pts',(26.9165225326238,-59.5524452133701,17.9294387806613));
#4797=CARTESIAN_POINT('Ctrl Pts',(26.8946783828104,-59.4138461746325,18.0616027867805));
#4798=CARTESIAN_POINT('Ctrl Pts',(26.869370308601,-59.2532688673124,18.1549199115301));
#4799=CARTESIAN_POINT('Ctrl Pts',(26.9604702800914,-59.8312894625499,17.155779157));
#4800=CARTESIAN_POINT('Ctrl Pts',(26.9604702800914,-59.8312894625499,17.3726800211581));
#4801=CARTESIAN_POINT('Ctrl Pts',(26.9505090261369,-59.7680862601132,17.5890567458279));
#4802=CARTESIAN_POINT('Ctrl Pts',(26.9322774312788,-59.652408536623,17.7716500855505));
#4803=CARTESIAN_POINT('Ctrl Pts',(26.9455421966928,-59.7365722029216,17.155779157));
#4804=CARTESIAN_POINT('Ctrl Pts',(26.9455421966928,-59.7365722029216,17.3543324550259));
#4805=CARTESIAN_POINT('Ctrl Pts',(26.936527808066,-59.6794072841872,17.5525287902488));
#4806=CARTESIAN_POINT('Ctrl Pts',(26.9199325662841,-59.5740815503948,17.7207952512724));
#4807=CARTESIAN_POINT('Ctrl Pts',(26.9647724670903,-59.5399540680197,17.155779157));
#4808=CARTESIAN_POINT('Ctrl Pts',(26.9647724670903,-59.5399540680197,17.3177136572388));
#4809=CARTESIAN_POINT('Ctrl Pts',(26.9570272023573,-59.4948953088939,17.4796964759048));
#4810=CARTESIAN_POINT('Ctrl Pts',(26.9425750873346,-59.4103985697831,17.6193585541342));
#4811=CARTESIAN_POINT('Ctrl Pts',(27.1607814336059,-59.2536746742718,17.155779157));
#4812=CARTESIAN_POINT('Ctrl Pts',(27.1607814336059,-59.2536746742718,17.2695332366271));
#4813=CARTESIAN_POINT('Ctrl Pts',(27.1525984720267,-59.22385730841,17.3834140225891));
#4814=CARTESIAN_POINT('Ctrl Pts',(27.1373381044618,-59.166138122901,17.4840597965239));
#4815=CARTESIAN_POINT('Ctrl Pts',(27.4029020175188,-59.1681295582386,17.155779157));
#4816=CARTESIAN_POINT('Ctrl Pts',(27.4029020175188,-59.1681295582386,17.2603814042698));
#4817=CARTESIAN_POINT('Ctrl Pts',(27.3926369126766,-59.1390556798206,17.3654605349289));
#4818=CARTESIAN_POINT('Ctrl Pts',(27.3738248112875,-59.0846568236326,17.4560519766002));
#4819=CARTESIAN_POINT('Ctrl Pts',(27.5466029042381,-59.1742140289076,17.155779157));
#4820=CARTESIAN_POINT('Ctrl Pts',(27.5466029042381,-59.1742140289076,17.2660105382663));
#4821=CARTESIAN_POINT('Ctrl Pts',(27.5352516419289,-59.1418262268781,17.3759755461364));
#4822=CARTESIAN_POINT('Ctrl Pts',(27.5145361837177,-59.0825570418294,17.4687714698675));
#4823=CARTESIAN_POINT('',(26.9561662862636,-59.6880190359974,17.155779157));
#4824=CARTESIAN_POINT('Ctrl Pts',(26.9563059712544,-59.6881131085735,17.155779157));
#4825=CARTESIAN_POINT('Ctrl Pts',(26.9562572931729,-59.6886143907057,17.1699532272032));
#4826=CARTESIAN_POINT('Ctrl Pts',(26.9561399980799,-59.6890205640773,17.1841306836857));
#4827=CARTESIAN_POINT('Ctrl Pts',(26.9559571035757,-59.6893336581669,17.1983246022371));
#4828=CARTESIAN_POINT('Ctrl Pts',(26.9555492250606,-59.6900318986796,17.2299788853977));
#4829=CARTESIAN_POINT('Ctrl Pts',(26.9548160639786,-59.6902638292497,17.2615308521224));
#4830=CARTESIAN_POINT('Ctrl Pts',(26.9538192946977,-59.6900537684365,17.2930972258129));
#4831=CARTESIAN_POINT('Ctrl Pts',(26.9533991086957,-59.6899652177407,17.306403964506));
#4832=CARTESIAN_POINT('Ctrl Pts',(26.9529323791153,-59.6897975756371,17.3197130861228));
#4833=CARTESIAN_POINT('Ctrl Pts',(26.9524249877583,-59.6895503958068,17.3330324504655));
#4834=CARTESIAN_POINT('Ctrl Pts',(26.9510986561906,-59.6889042625858,17.3678495460788));
#4835=CARTESIAN_POINT('Ctrl Pts',(26.949499768101,-59.6877225068106,17.4025450549007));
#4836=CARTESIAN_POINT('Ctrl Pts',(26.9477653937714,-59.6860130128105,17.4371548045821));
#4837=CARTESIAN_POINT('Ctrl Pts',(26.9460080037917,-59.6842808333296,17.4722238356725));
#4838=CARTESIAN_POINT('Ctrl Pts',(26.9441119717308,-59.6820057398932,17.5072052083554));
#4839=CARTESIAN_POINT('Ctrl Pts',(26.9422442672548,-59.6791842702126,17.542090581981));
#4840=CARTESIAN_POINT('Ctrl Pts',(26.9411833522912,-59.6775815865747,17.5619065728784));
#4841=CARTESIAN_POINT('Ctrl Pts',(26.9401319779086,-59.6758024848181,17.5816907205711));
#4842=CARTESIAN_POINT('Ctrl Pts',(26.9391233495162,-59.6738467726762,17.6014344732807));
#4843=CARTESIAN_POINT('Ctrl Pts',(26.9373338637715,-59.670376992304,17.6364633940304));
#4844=CARTESIAN_POINT('Ctrl Pts',(26.9356759489883,-59.666345742259,17.6713973689539));
#4845=CARTESIAN_POINT('Ctrl Pts',(26.9343438038867,-59.6617405660374,17.7062611199523));
#4846=CARTESIAN_POINT('Ctrl Pts',(26.9336121475124,-59.6592112570807,17.7254093986329));
#4847=CARTESIAN_POINT('Ctrl Pts',(26.9329790934632,-59.6565083659142,17.7445357641791));
#4848=CARTESIAN_POINT('Ctrl Pts',(26.9324791947797,-59.6536273927659,17.7636385437087));
#4849=CARTESIAN_POINT('Ctrl Pts',(26.9324092972127,-59.6532245651129,17.7663095605658));
#4850=CARTESIAN_POINT('Ctrl Pts',(26.932342009794,-59.6528182811184,17.7689800835341));
#4851=CARTESIAN_POINT('Ctrl Pts',(26.9322774312796,-59.6524085366287,17.7716500855416));
#4852=CARTESIAN_POINT('',(27.5466029042381,-59.1742140289076,17.155779157));
#4853=CARTESIAN_POINT('Ctrl Pts',(27.5145361837177,-59.0825570418294,17.4687714698675));
#4854=CARTESIAN_POINT('Ctrl Pts',(27.5352516419289,-59.1418262268781,17.3759755461364));
#4855=CARTESIAN_POINT('Ctrl Pts',(27.5466029042381,-59.1742140289076,17.2660105382663));
#4856=CARTESIAN_POINT('Ctrl Pts',(27.5466029042381,-59.1742140289076,17.155779157));
#4857=CARTESIAN_POINT('Origin',(27.522532317766,-59.7427046681154,17.155779157));
#4858=CARTESIAN_POINT('Origin',(27.5225323177661,-59.7427046681155,15.));
#4859=CARTESIAN_POINT('',(26.9566786486065,-59.6829499603622,16.8767564676059));
#4860=CARTESIAN_POINT('Ctrl Pts',(26.9567029580341,-59.6829055523644,16.8767564676057));
#4861=CARTESIAN_POINT('Ctrl Pts',(26.9567030968287,-59.682905841517,16.9429825194995));
#4862=CARTESIAN_POINT('Ctrl Pts',(26.9565951928266,-59.6837443480535,17.0091747428114));
#4863=CARTESIAN_POINT('Ctrl Pts',(26.9564109389324,-59.6853842236191,17.075509847531));
#4864=CARTESIAN_POINT('Ctrl Pts',(26.9563369101806,-59.6860430859014,17.1021616858824));
#4865=CARTESIAN_POINT('Ctrl Pts',(26.9562509193741,-59.686831670146,17.1288362621952));
#4866=CARTESIAN_POINT('Ctrl Pts',(26.9561563383799,-59.6877490280305,17.1555437797602));
#4867=CARTESIAN_POINT('',(27.5466029042381,-59.1742140289076,15.));
#4868=CARTESIAN_POINT('',(26.9566786486065,-59.6829499603622,15.));
#4869=CARTESIAN_POINT('Origin',(27.2816515714865,-58.2143394000704,15.920556399384));
#4870=CARTESIAN_POINT('',(27.1709633374294,-61.1668477542313,22.6538887492277));
#4871=CARTESIAN_POINT('',(26.7195895338118,-58.3029241945049,15.920556399384));
#4872=CARTESIAN_POINT('',(27.3234503624789,-60.725427827861,22.8314181234303));
#4873=CARTESIAN_POINT('Origin',(27.7330253751041,-61.0782629597969,22.6538887492277));
#4874=CARTESIAN_POINT('',(26.8720765588612,-57.8615042681345,16.0980857735866));
#4875=CARTESIAN_POINT('Ctrl Pts',(27.0532305465305,-58.7523825823497,18.2883168294803));
#4876=CARTESIAN_POINT('Ctrl Pts',(27.1651342566313,-58.6457816240842,18.3454221716975));
#4877=CARTESIAN_POINT('Ctrl Pts',(27.2650082955251,-58.5138943065602,18.3796708081569));
#4878=CARTESIAN_POINT('Ctrl Pts',(27.3426036950579,-58.3651731152481,18.3701729872286));
#4879=CARTESIAN_POINT('Ctrl Pts',(27.0531793881074,-58.7180894789487,18.2204914081649));
#4880=CARTESIAN_POINT('Ctrl Pts',(27.1592808257113,-58.6144063336468,18.2709948902533));
#4881=CARTESIAN_POINT('Ctrl Pts',(27.2517029927809,-58.490137043314,18.2983388098505));
#4882=CARTESIAN_POINT('Ctrl Pts',(27.3232649871232,-58.3547162960176,18.2860282287573));
#4883=CARTESIAN_POINT('Ctrl Pts',(27.0790209626194,-58.6710626123809,18.0742623053467));
#4884=CARTESIAN_POINT('Ctrl Pts',(27.1783122772495,-58.5742568883995,18.1108632479358));
#4885=CARTESIAN_POINT('Ctrl Pts',(27.2609150102176,-58.4652236413579,18.1242052937761));
#4886=CARTESIAN_POINT('Ctrl Pts',(27.3242756922811,-58.3552628041487,18.1065184567342));
#4887=CARTESIAN_POINT('Ctrl Pts',(27.2054025278641,-58.6798747934133,17.8321501432739));
#4888=CARTESIAN_POINT('Ctrl Pts',(27.3106219649812,-58.5981662331636,17.8528637215532));
#4889=CARTESIAN_POINT('Ctrl Pts',(27.3974048138517,-58.5114440073771,17.852993615174));
#4890=CARTESIAN_POINT('Ctrl Pts',(27.4634254304355,-58.4305038007426,17.8336615644102));
#4891=CARTESIAN_POINT('Ctrl Pts',(27.3454599592657,-58.7671223266914,17.7173208367874));
#4892=CARTESIAN_POINT('Ctrl Pts',(27.4671384897817,-58.6960202511439,17.7425768371478));
#4893=CARTESIAN_POINT('Ctrl Pts',(27.5726116922226,-58.6154400352074,17.7532023246813));
#4894=CARTESIAN_POINT('Ctrl Pts',(27.6533867347427,-58.5332196091944,17.743779157));
#4895=CARTESIAN_POINT('Ctrl Pts',(27.4291005971566,-58.8374812167358,17.6849084658785));
#4896=CARTESIAN_POINT('Ctrl Pts',(27.5609260201604,-58.7700324861093,17.7201862587922));
#4897=CARTESIAN_POINT('Ctrl Pts',(27.6778804472356,-58.6873444205805,17.743779157));
#4898=CARTESIAN_POINT('Ctrl Pts',(27.7681394162996,-58.5952686380801,17.743779157));
#4899=CARTESIAN_POINT('',(27.3426036950579,-58.3651731152481,18.3701729872286));
#4900=CARTESIAN_POINT('Ctrl Pts',(27.0532305465305,-58.7523825823497,18.2883168294803));
#4901=CARTESIAN_POINT('Ctrl Pts',(27.1651342566313,-58.6457816240842,18.3454221716975));
#4902=CARTESIAN_POINT('Ctrl Pts',(27.2650082955251,-58.5138943065602,18.3796708081569));
#4903=CARTESIAN_POINT('Ctrl Pts',(27.3426036950579,-58.3651731152481,18.3701729872286));
#4904=CARTESIAN_POINT('',(27.7681394162996,-58.59526863808,17.743779157));
#4905=CARTESIAN_POINT('Origin',(27.7681394162996,-58.5952686380803,18.243779157));
#4906=CARTESIAN_POINT('Ctrl Pts',(27.7681394162996,-58.5952686380801,17.743779157));
#4907=CARTESIAN_POINT('Ctrl Pts',(27.6778804472356,-58.6873444205805,17.743779157));
#4908=CARTESIAN_POINT('Ctrl Pts',(27.5609260201604,-58.7700324861093,17.7201862587922));
#4909=CARTESIAN_POINT('Ctrl Pts',(27.4291005971566,-58.8374812167358,17.6849084658785));
#4910=CARTESIAN_POINT('Origin',(25.0725378390664,-56.3112620364302,16.8780918113836));
#4911=CARTESIAN_POINT('',(24.0818448586238,-61.0874619664765,22.8947356139306));
#4912=CARTESIAN_POINT('Origin',(25.5239116426841,-59.1751855961567,23.6114241612273));
#4913=CARTESIAN_POINT('',(23.7516496135125,-58.99240475461,17.9690746433368));
#4914=CARTESIAN_POINT('',(23.6304710550061,-58.22353840675,16.1614032640869));
#4915=CARTESIAN_POINT('',(23.7148008488215,-58.9685638196279,17.9810499534267));
#4916=CARTESIAN_POINT('Ctrl Pts',(23.7148008488215,-58.9685638196279,17.9810499534267));
#4917=CARTESIAN_POINT('Ctrl Pts',(23.7264891292256,-58.9745425003781,17.9725381140274));
#4918=CARTESIAN_POINT('Ctrl Pts',(23.7395772413424,-58.9823695092445,17.966589608968));
#4919=CARTESIAN_POINT('Ctrl Pts',(23.7516496132515,-58.9924047544447,17.969074643421));
#4920=CARTESIAN_POINT('',(23.0245284858367,-58.266705758773,18.315964218707));
#4921=CARTESIAN_POINT('Ctrl Pts',(23.0245284858367,-58.266705758773,18.315964218707));
#4922=CARTESIAN_POINT('Ctrl Pts',(23.1108008330678,-58.427558170191,18.3281033535605));
#4923=CARTESIAN_POINT('Ctrl Pts',(23.3223265746724,-58.7162486449578,18.2554512750263));
#4924=CARTESIAN_POINT('Ctrl Pts',(23.5802076564535,-58.8997179586039,18.0790657092153));
#4925=CARTESIAN_POINT('Ctrl Pts',(23.7148008488215,-58.9685638196279,17.9810499534267));
#4926=CARTESIAN_POINT('',(22.9347988477389,-58.0851209767811,18.3023444975663));
#4927=CARTESIAN_POINT('Origin',(25.1640876779449,-56.8921369971651,18.243779157));
#4928=CARTESIAN_POINT('',(22.8425686695133,-58.1894383543627,19.9882926727158));
#4929=CARTESIAN_POINT('Ctrl Pts',(22.8425686695133,-58.1894383543627,19.9882926727158));
#4930=CARTESIAN_POINT('Ctrl Pts',(22.8492103751118,-58.1547101529554,19.4242901468321));
#4931=CARTESIAN_POINT('Ctrl Pts',(22.8781968198414,-58.1198485978156,18.861231513293));
#4932=CARTESIAN_POINT('Ctrl Pts',(22.9347961217294,-58.0851208950101,18.3023442265805));
#4933=CARTESIAN_POINT('',(22.9064324047348,-57.3518335245609,20.9494689780249));
#4934=CARTESIAN_POINT('Ctrl Pts',(22.9064324047348,-57.351833524561,20.9494689780249));
#4935=CARTESIAN_POINT('Ctrl Pts',(22.8795756537794,-57.4852521779208,20.963720955947));
#4936=CARTESIAN_POINT('Ctrl Pts',(22.845719474536,-57.6856319114885,20.9318155932409));
#4937=CARTESIAN_POINT('Ctrl Pts',(22.8213527282557,-57.9638889403033,20.7459552876911));
#4938=CARTESIAN_POINT('Ctrl Pts',(22.8271248256482,-58.1583568198083,20.4470017932287));
#4939=CARTESIAN_POINT('Ctrl Pts',(22.8407494813669,-58.1989505393594,20.1427750860682));
#4940=CARTESIAN_POINT('Ctrl Pts',(22.8425686695133,-58.1894383543627,19.9882926727158));
#4941=CARTESIAN_POINT('',(27.7673439741321,-57.390074136937,19.8893854147326));
#4942=CARTESIAN_POINT('Ctrl Pts',(27.7673439741327,-57.3900741369435,19.8893854147329));
#4943=CARTESIAN_POINT('Ctrl Pts',(27.7421582611028,-57.1226218837219,19.8769186555706));
#4944=CARTESIAN_POINT('Ctrl Pts',(27.6596439533626,-56.7717697857139,19.8732914680625));
#4945=CARTESIAN_POINT('Ctrl Pts',(27.2427882163744,-55.7936736119453,19.909878210936));
#4946=CARTESIAN_POINT('Ctrl Pts',(25.9883156126431,-54.7628942427236,20.1483511254886));
#4947=CARTESIAN_POINT('Ctrl Pts',(24.3496777326622,-55.1911932732467,20.5238631031404));
#4948=CARTESIAN_POINT('Ctrl Pts',(23.3370377928328,-56.1638858667509,20.7875670525455));
#4949=CARTESIAN_POINT('Ctrl Pts',(23.0124221997688,-56.8252986601307,20.8932237448877));
#4950=CARTESIAN_POINT('Ctrl Pts',(22.9064324047348,-57.3518335245609,20.9494689780249));
#4951=CARTESIAN_POINT('',(27.5507663547982,-58.2294145705387,18.9461675251671));
#4952=CARTESIAN_POINT('Ctrl Pts',(27.5507663547983,-58.2294145705387,18.9461675251671));
#4953=CARTESIAN_POINT('Ctrl Pts',(27.5946924768498,-58.2455190168561,19.1730230961801));
#4954=CARTESIAN_POINT('Ctrl Pts',(27.6997709988787,-58.1534315519568,19.5340224623797));
#4955=CARTESIAN_POINT('Ctrl Pts',(27.784164365099,-57.7925972489351,19.8418563074112));
#4956=CARTESIAN_POINT('Ctrl Pts',(27.7800853100903,-57.5253769972092,19.8956922906466));
#4957=CARTESIAN_POINT('Ctrl Pts',(27.7673439741321,-57.390074136937,19.8893854147326));
#4958=CARTESIAN_POINT('',(27.4275336315288,-58.1873060931531,18.358727481597));
#4959=CARTESIAN_POINT('Ctrl Pts',(27.4275339587669,-58.1873060925977,18.35872740751));
#4960=CARTESIAN_POINT('Ctrl Pts',(27.471701053276,-58.2014182669219,18.5537052096566));
#4961=CARTESIAN_POINT('Ctrl Pts',(27.5127011554502,-58.2154588892531,18.749580571197));
#4962=CARTESIAN_POINT('Ctrl Pts',(27.5507663547982,-58.2294145705387,18.9461675251671));
#4963=CARTESIAN_POINT('Origin',(25.1640876779449,-56.8921369971651,18.243779157));
#4964=CARTESIAN_POINT('Origin',(25.5239116426841,-59.1751855961567,23.6114241612273));
#4965=CARTESIAN_POINT('',(27.209000522932,-61.4081900537476,22.5486875130732));
#4966=CARTESIAN_POINT('',(26.9209738265073,-59.5806882467985,23.3452965184192));
#4967=CARTESIAN_POINT('',(27.3393239579785,-61.609844692495,22.4541803623265));
#4968=CARTESIAN_POINT('Origin',(27.5468304295836,-61.3549457660559,22.5486875130732));
#4969=CARTESIAN_POINT('',(22.6587757775341,-57.8420442013349,24.3705226368178));
#4970=CARTESIAN_POINT('Origin',(25.5239116426841,-59.1751855961566,23.6114241612273));
#4971=CARTESIAN_POINT('',(22.5069720083493,-58.1491692512017,24.2500678041652));
#4972=CARTESIAN_POINT('Ctrl Pts',(22.5069720083493,-58.1491692512017,24.2500678041652));
#4973=CARTESIAN_POINT('Ctrl Pts',(22.5513876603943,-58.0444411328093,24.2916349286266));
#4974=CARTESIAN_POINT('Ctrl Pts',(22.6020943466541,-57.9418528134959,24.3318701970958));
#4975=CARTESIAN_POINT('Ctrl Pts',(22.6587757775341,-57.8420442013349,24.3705226368178));
#4976=CARTESIAN_POINT('',(22.4697436570595,-58.2383791963796,24.2146192997944));
#4977=CARTESIAN_POINT('Ctrl Pts',(22.4697436570595,-58.2383791963796,24.2146192997945));
#4978=CARTESIAN_POINT('Ctrl Pts',(22.4819793893017,-58.2085782017841,24.2264744819503));
#4979=CARTESIAN_POINT('Ctrl Pts',(22.4943875219727,-58.1788423398196,24.2382904039152));
#4980=CARTESIAN_POINT('Ctrl Pts',(22.5069720083493,-58.1491692512017,24.2500678041652));
#4981=CARTESIAN_POINT('',(22.3970703250671,-58.4213589904318,24.1416632537635));
#4982=CARTESIAN_POINT('Ctrl Pts',(22.3970703250671,-58.4213589904318,24.1416632537635));
#4983=CARTESIAN_POINT('Ctrl Pts',(22.4145599687883,-58.375814443375,24.1598625238954));
#4984=CARTESIAN_POINT('Ctrl Pts',(22.4324320852979,-58.3304156832011,24.1779741463879));
#4985=CARTESIAN_POINT('Ctrl Pts',(22.457002628278,-58.2695433289185,24.2022181999475));
#4986=CARTESIAN_POINT('Ctrl Pts',(22.4633496028601,-58.253952369351,24.2084241105121));
#4987=CARTESIAN_POINT('Ctrl Pts',(22.4697436570596,-58.2383791963793,24.2146192997946));
#4988=CARTESIAN_POINT('',(22.3635488270958,-58.5109882253085,24.1057879191133));
#4989=CARTESIAN_POINT('Ctrl Pts',(22.3635488270958,-58.5109882253085,24.1057879191133));
#4990=CARTESIAN_POINT('Ctrl Pts',(22.3742986765322,-58.4813771916314,24.117661911424));
#4991=CARTESIAN_POINT('Ctrl Pts',(22.385493582218,-58.4515058314915,24.1296167950868));
#4992=CARTESIAN_POINT('Ctrl Pts',(22.397070325067,-58.4213589904319,24.1416632537635));
#4993=CARTESIAN_POINT('',(22.4031360407363,-60.0740634079235,23.438303197018));
#4994=CARTESIAN_POINT('Ctrl Pts',(22.4031360407363,-60.0740634079236,23.438303197018));
#4995=CARTESIAN_POINT('Ctrl Pts',(22.3404053387574,-59.8962642689205,23.5181326352097));
#4996=CARTESIAN_POINT('Ctrl Pts',(22.2868757447794,-59.7287784355329,23.592958658109));
#4997=CARTESIAN_POINT('Ctrl Pts',(22.2391947000089,-59.4959242645468,23.6951960771222));
#4998=CARTESIAN_POINT('Ctrl Pts',(22.228441279095,-59.4253055866085,23.7259535531005));
#4999=CARTESIAN_POINT('Ctrl Pts',(22.2185619957671,-59.3105798638056,23.7754127113347));
#5000=CARTESIAN_POINT('Ctrl Pts',(22.2166014414535,-59.2669820003923,23.7940878463952));
#5001=CARTESIAN_POINT('Ctrl Pts',(22.216479073416,-59.1842355711166,23.829291022133));
#5002=CARTESIAN_POINT('Ctrl Pts',(22.217921906232,-59.145478286885,23.8456791397473));
#5003=CARTESIAN_POINT('Ctrl Pts',(22.2244711359738,-59.058866356059,23.8820792141492));
#5004=CARTESIAN_POINT('Ctrl Pts',(22.2302801407003,-59.0114164378176,23.9018719258818));
#5005=CARTESIAN_POINT('Ctrl Pts',(22.2526260794857,-58.8764074368442,23.9577980361215));
#5006=CARTESIAN_POINT('Ctrl Pts',(22.2738635317337,-58.7892034236928,23.9934653083857));
#5007=CARTESIAN_POINT('Ctrl Pts',(22.3189022719546,-58.6385524330149,24.0545232797815));
#5008=CARTESIAN_POINT('Ctrl Pts',(22.3401687752896,-58.5753898251171,24.0799629476091));
#5009=CARTESIAN_POINT('Ctrl Pts',(22.3635488270958,-58.5109882253085,24.1057879191133));
#5010=CARTESIAN_POINT('',(22.4440021404828,-60.1882455026094,23.3869980393335));
#5011=CARTESIAN_POINT('Ctrl Pts',(22.4440021404828,-60.1882455026094,23.3869980393335));
#5012=CARTESIAN_POINT('Ctrl Pts',(22.4300621236209,-60.1497036505099,23.4043257265223));
#5013=CARTESIAN_POINT('Ctrl Pts',(22.4163991708317,-60.1116554168929,23.4214248871829));
#5014=CARTESIAN_POINT('Ctrl Pts',(22.4031360407363,-60.0740634079236,23.438303197018));
#5015=CARTESIAN_POINT('',(22.5321969829607,-60.4034163469521,23.2895660906486));
#5016=CARTESIAN_POINT('Ctrl Pts',(22.5321969829607,-60.4034163469521,23.2895660906486));
#5017=CARTESIAN_POINT('Ctrl Pts',(22.4997652533526,-60.3328539448434,23.3217528516342));
#5018=CARTESIAN_POINT('Ctrl Pts',(22.4703374661162,-60.2610583426416,23.3542627646333));
#5019=CARTESIAN_POINT('Ctrl Pts',(22.4440021404828,-60.1882455026094,23.3869980393335));
#5020=CARTESIAN_POINT('',(24.2790669779073,-61.9669694044461,22.5074291755732));
#5021=CARTESIAN_POINT('Origin',(25.5239116426841,-59.1751855961566,23.6114241612273));
#5022=CARTESIAN_POINT('',(24.3596568676373,-61.7130610003089,22.6100229671268));
#5023=CARTESIAN_POINT('Origin',(24.0218269609858,-61.7663052880006,22.6100229671268));
#5024=CARTESIAN_POINT('',(24.3156924962464,-61.4341112739269,22.7316173005659));
#5025=CARTESIAN_POINT('',(24.3508774633445,-61.6573565207994,22.6343045792415));
#5026=CARTESIAN_POINT('Origin',(23.7536304585717,-61.5226960683613,22.7316173005659));
#5027=CARTESIAN_POINT('Origin',(27.0524313882319,-60.414773887369,23.6047821531784));
#5028=CARTESIAN_POINT('',(27.0358847850278,-60.3097872745664,19.9662197842103));
#5029=CARTESIAN_POINT('Ctrl Pts',(27.0358847850278,-60.3097872745664,19.9662197842103));
#5030=CARTESIAN_POINT('Ctrl Pts',(26.9985050569856,-60.0726164796769,19.4063990470908));
#5031=CARTESIAN_POINT('Ctrl Pts',(26.9599587311164,-59.8280437332904,18.6782445124895));
#5032=CARTESIAN_POINT('Ctrl Pts',(26.9362208039392,-59.6774288585302,17.9260087208471));
#5033=CARTESIAN_POINT('Ctrl Pts',(26.9321981618062,-59.6519055794109,17.7710523363418));
#5034=CARTESIAN_POINT('',(27.036816488762,-60.3156988455387,19.9801460556135));
#5035=CARTESIAN_POINT('Ctrl Pts',(27.036816488762,-60.3156988455387,19.9801460556135));
#5036=CARTESIAN_POINT('Ctrl Pts',(27.0365053994183,-60.313725013443,19.9755054053916));
#5037=CARTESIAN_POINT('Ctrl Pts',(27.0361948366293,-60.3117545222868,19.9708632988954));
#5038=CARTESIAN_POINT('Ctrl Pts',(27.0358847850279,-60.309787274567,19.9662197842117));
#5039=CARTESIAN_POINT('',(26.7576267193144,-58.5442664940211,15.8153551632295));
#5040=CARTESIAN_POINT('Ctrl Pts',(23.7587666989917,-59.0375619807427,17.6046220667556));
#5041=CARTESIAN_POINT('Ctrl Pts',(23.645004464952,-58.9744338014292,17.5488718954298));
#5042=CARTESIAN_POINT('Ctrl Pts',(23.524721302803,-58.9555581416843,17.5281234466837));
#5043=CARTESIAN_POINT('Ctrl Pts',(23.4187083721852,-58.957624961276,17.525676191904));
#5044=CARTESIAN_POINT('Ctrl Pts',(23.7739964484255,-59.0090069161546,17.6685364579868));
#5045=CARTESIAN_POINT('Ctrl Pts',(23.6803687146485,-58.9487298511992,17.6194454569133));
#5046=CARTESIAN_POINT('Ctrl Pts',(23.5818155967599,-58.9193660232028,17.5979567174382));
#5047=CARTESIAN_POINT('Ctrl Pts',(23.4896812068625,-58.9052182230261,17.5903631983796));
#5048=CARTESIAN_POINT('Ctrl Pts',(23.7844418455888,-58.9775440972854,17.792435734097));
#5049=CARTESIAN_POINT('Ctrl Pts',(23.7272471080146,-58.9299845428476,17.7611017680562));
#5050=CARTESIAN_POINT('Ctrl Pts',(23.6695755603786,-58.8942082008187,17.748434354097));
#5051=CARTESIAN_POINT('Ctrl Pts',(23.613532906621,-58.8644992191441,17.744240529633));
#5052=CARTESIAN_POINT('Ctrl Pts',(23.7650085767299,-58.983276323378,17.9178381604793));
#5053=CARTESIAN_POINT('Ctrl Pts',(23.7403348476825,-58.9608032706624,17.9071443805237));
#5054=CARTESIAN_POINT('Ctrl Pts',(23.7156400371648,-58.9423457076901,17.9083346236423));
#5055=CARTESIAN_POINT('Ctrl Pts',(23.6929458893753,-58.9264848364775,17.9140892917755));
#5056=CARTESIAN_POINT('Ctrl Pts',(23.7516496132515,-58.9924047544447,17.969074643421));
#5057=CARTESIAN_POINT('Ctrl Pts',(23.7395772413424,-58.9823695092445,17.966589608968));
#5058=CARTESIAN_POINT('Ctrl Pts',(23.7264891292256,-58.9745425003781,17.9725381140274));
#5059=CARTESIAN_POINT('Ctrl Pts',(23.7148008488215,-58.9685638196279,17.9810499534267));
#5060=CARTESIAN_POINT('',(23.4187083721852,-58.957624961276,17.525676191904));
#5061=CARTESIAN_POINT('Origin',(23.4190249240788,-59.3462964945557,17.8402144868904));
#5062=CARTESIAN_POINT('',(23.7587666990453,-59.0375619807724,17.6046220667818));
#5063=CARTESIAN_POINT('Origin',(23.4632362564508,-59.374860028517,17.8257369339609));
#5064=CARTESIAN_POINT('Ctrl Pts',(23.7587666989917,-59.0375619807427,17.6046220667556));
#5065=CARTESIAN_POINT('Ctrl Pts',(23.645004464952,-58.9744338014292,17.5488718954298));
#5066=CARTESIAN_POINT('Ctrl Pts',(23.524721302803,-58.9555581416843,17.5281234466837));
#5067=CARTESIAN_POINT('Ctrl Pts',(23.4187083721852,-58.957624961276,17.525676191904));
#5068=CARTESIAN_POINT('Ctrl Pts',(23.9872806235415,-59.3503693908242,17.8325596484966));
#5069=CARTESIAN_POINT('Ctrl Pts',(23.9675055161849,-59.2248982283404,17.7526603127686));
#5070=CARTESIAN_POINT('Ctrl Pts',(23.8872432315452,-59.108855320364,17.6675831079315));
#5071=CARTESIAN_POINT('Ctrl Pts',(23.7587666990453,-59.0375619807724,17.6046220667818));
#5072=CARTESIAN_POINT('Ctrl Pts',(23.9872806235415,-59.3503693908242,17.8325596484966));
#5073=CARTESIAN_POINT('Ctrl Pts',(23.9655057153889,-59.2211918144365,17.7962165143493));
#5074=CARTESIAN_POINT('Ctrl Pts',(23.9072634684668,-59.0924557896435,17.7548890504344));
#5075=CARTESIAN_POINT('Ctrl Pts',(23.7854187606124,-58.9875906178227,17.7164722514058));
#5076=CARTESIAN_POINT('Ctrl Pts',(23.9872806235415,-59.3503693908242,17.8325596484966));
#5077=CARTESIAN_POINT('Ctrl Pts',(23.9647506991873,-59.2164013089386,17.8388677579387));
#5078=CARTESIAN_POINT('Ctrl Pts',(23.9055694103557,-59.0817071531544,17.845009877636));
#5079=CARTESIAN_POINT('Ctrl Pts',(23.7828205282219,-58.9711050821154,17.8495228498368));
#5080=CARTESIAN_POINT('Ctrl Pts',(23.9872806235415,-59.3503693908242,17.8325596484966));
#5081=CARTESIAN_POINT('Ctrl Pts',(23.9652364818843,-59.2105014229897,17.8822484677997));
#5082=CARTESIAN_POINT('Ctrl Pts',(23.882268854767,-59.0772933760607,17.9327531971435));
#5083=CARTESIAN_POINT('Ctrl Pts',(23.7516496135125,-58.99240475461,17.9690746433368));
#5084=CARTESIAN_POINT('',(23.9872806235415,-59.3503693908242,17.8325596484966));
#5085=CARTESIAN_POINT('Ctrl Pts',(23.7516496135125,-58.99240475461,17.9690746433368));
#5086=CARTESIAN_POINT('Ctrl Pts',(23.882268854767,-59.0772933760607,17.9327531971435));
#5087=CARTESIAN_POINT('Ctrl Pts',(23.9652364818843,-59.2105014229897,17.8822484677997));
#5088=CARTESIAN_POINT('Ctrl Pts',(23.9872806235415,-59.3503693908242,17.8325596484966));
#5089=CARTESIAN_POINT('Ctrl Pts',(23.9872806235415,-59.3503693908242,17.8325596484966));
#5090=CARTESIAN_POINT('Ctrl Pts',(23.9675055161849,-59.2248982283404,17.7526603127686));
#5091=CARTESIAN_POINT('Ctrl Pts',(23.8872432315452,-59.108855320364,17.6675831079315));
#5092=CARTESIAN_POINT('Ctrl Pts',(23.7587666990453,-59.0375619807724,17.6046220667818));
#5093=CARTESIAN_POINT('Origin',(23.302256654954,-58.6587725086348,15.9982849507222));
#5094=CARTESIAN_POINT('',(23.8643186926287,-58.5701877142004,15.9982849507222));
#5095=CARTESIAN_POINT('Ctrl Pts',(23.9811306459148,-59.3113483717138,17.8836207715985));
#5096=CARTESIAN_POINT('Ctrl Pts',(23.9994351574265,-59.4274887443888,17.7400889607804));
#5097=CARTESIAN_POINT('Ctrl Pts',(24.0122601244619,-59.5088619320906,17.5678578608847));
#5098=CARTESIAN_POINT('Ctrl Pts',(24.0180786483414,-59.5457799089149,17.3861143699579));
#5099=CARTESIAN_POINT('Ctrl Pts',(23.9645683933103,-59.2062624649644,17.7964771604022));
#5100=CARTESIAN_POINT('Ctrl Pts',(23.9808438258779,-59.3097743367194,17.6709420812698));
#5101=CARTESIAN_POINT('Ctrl Pts',(23.9923748707438,-59.3826182584627,17.5192959521874));
#5102=CARTESIAN_POINT('Ctrl Pts',(23.9975714971705,-59.415663998531,17.3590270861839));
#5103=CARTESIAN_POINT('Ctrl Pts',(23.8284433620032,-59.0130122229734,17.6227466320627));
#5104=CARTESIAN_POINT('Ctrl Pts',(23.843152714728,-59.0909759018631,17.5329289673675));
#5105=CARTESIAN_POINT('Ctrl Pts',(23.8535461674854,-59.1464952097521,17.4225804254848));
#5106=CARTESIAN_POINT('Ctrl Pts',(23.8582749789487,-59.171697026009,17.3050099265871));
#5107=CARTESIAN_POINT('Ctrl Pts',(23.5555560797362,-58.9490229543222,17.5361678741051));
#5108=CARTESIAN_POINT('Ctrl Pts',(23.5726591978112,-59.0114290746776,17.4625576982594));
#5109=CARTESIAN_POINT('Ctrl Pts',(23.584724573511,-59.0557793139614,17.3723285475813));
#5110=CARTESIAN_POINT('Ctrl Pts',(23.5901899466511,-59.0758594334427,17.2769594629506));
#5111=CARTESIAN_POINT('Ctrl Pts',(23.4187083721852,-58.957624961276,17.525676191904));
#5112=CARTESIAN_POINT('Ctrl Pts',(23.4370507679999,-59.0166414010025,17.4527317625514));
#5113=CARTESIAN_POINT('Ctrl Pts',(23.4499330519791,-59.0579933743178,17.3652020419474));
#5114=CARTESIAN_POINT('Ctrl Pts',(23.455777791943,-59.0767542554124,17.2728380206294));
#5115=CARTESIAN_POINT('',(24.0180786483414,-59.5457799089149,17.3861143699579));
#5116=CARTESIAN_POINT('Ctrl Pts',(23.9872767682911,-59.3503449296298,17.8325454619441));
#5117=CARTESIAN_POINT('Ctrl Pts',(24.0023161458466,-59.4457683400265,17.7000051539618));
#5118=CARTESIAN_POINT('Ctrl Pts',(24.0129350429016,-59.5131442249589,17.5467765633163));
#5119=CARTESIAN_POINT('Ctrl Pts',(24.0180786483414,-59.5457799089149,17.3861143699579));
#5120=CARTESIAN_POINT('',(23.455777791943,-59.0767542554124,17.2728380206294));
#5121=CARTESIAN_POINT('Origin',(23.4560166106667,-59.6343647033493,17.3861143699579));
#5122=CARTESIAN_POINT('Ctrl Pts',(23.455777791943,-59.0767542554124,17.2728380206294));
#5123=CARTESIAN_POINT('Ctrl Pts',(23.4499330519791,-59.0579933743178,17.3652020419474));
#5124=CARTESIAN_POINT('Ctrl Pts',(23.4370507679999,-59.0166414010025,17.4527317625514));
#5125=CARTESIAN_POINT('Ctrl Pts',(23.4187083721852,-58.957624961276,17.525676191904));
#5126=CARTESIAN_POINT('Ctrl Pts',(24.0180786483414,-59.5457799089149,17.3861143699579));
#5127=CARTESIAN_POINT('Ctrl Pts',(24.0205030247205,-59.5611623448783,17.3103881831127));
#5128=CARTESIAN_POINT('Ctrl Pts',(24.0217284792572,-59.5689377365624,17.2330827433459));
#5129=CARTESIAN_POINT('Ctrl Pts',(24.0217284792572,-59.5689377365624,17.155779157));
#5130=CARTESIAN_POINT('Ctrl Pts',(23.9975714971705,-59.415663998531,17.3590270861839));
#5131=CARTESIAN_POINT('Ctrl Pts',(23.999736750527,-59.4294330082166,17.2922486280913));
#5132=CARTESIAN_POINT('Ctrl Pts',(24.0008392185045,-59.4363973774733,17.2239971323932));
#5133=CARTESIAN_POINT('Ctrl Pts',(24.0008392185045,-59.4363973774733,17.155779157));
#5134=CARTESIAN_POINT('Ctrl Pts',(23.8582750868982,-59.1716969018481,17.305009904822));
#5135=CARTESIAN_POINT('Ctrl Pts',(23.8602454180424,-59.1821976214997,17.256022370129));
#5136=CARTESIAN_POINT('Ctrl Pts',(23.8612401376201,-59.1875156076108,17.2059291407901));
#5137=CARTESIAN_POINT('Ctrl Pts',(23.8612401376201,-59.1875156076108,17.155779157));
#5138=CARTESIAN_POINT('Ctrl Pts',(23.5901899466511,-59.0758594334427,17.2769594629507));
#5139=CARTESIAN_POINT('Ctrl Pts',(23.592467177409,-59.0842261203153,17.2372224848329));
#5140=CARTESIAN_POINT('Ctrl Pts',(23.5936209045404,-59.0884702400289,17.1964243498146));
#5141=CARTESIAN_POINT('Ctrl Pts',(23.5936209045404,-59.0884702400289,17.155779157));
#5142=CARTESIAN_POINT('Ctrl Pts',(23.455777791943,-59.0767542554124,17.2728380206294));
#5143=CARTESIAN_POINT('Ctrl Pts',(23.458213091652,-59.0845712615671,17.2343531477988));
#5144=CARTESIAN_POINT('Ctrl Pts',(23.4594445084665,-59.0885225742783,17.1950656814351));
#5145=CARTESIAN_POINT('Ctrl Pts',(23.4594445084665,-59.0885225742783,17.155779157));
#5146=CARTESIAN_POINT('',(24.0130293803349,-59.5250443893458,17.155779157));
#5147=CARTESIAN_POINT('Ctrl Pts',(24.0180786483414,-59.5457799089149,17.3861143699579));
#5148=CARTESIAN_POINT('Ctrl Pts',(24.0180390502346,-59.5455286627197,17.3820049972509));
#5149=CARTESIAN_POINT('Ctrl Pts',(24.0179952827264,-59.5452715113935,17.3778960294501));
#5150=CARTESIAN_POINT('Ctrl Pts',(24.0179476027637,-59.5450083953679,17.3737875040722));
#5151=CARTESIAN_POINT('Ctrl Pts',(24.0175257171499,-59.5426802713577,17.3374341251514));
#5152=CARTESIAN_POINT('Ctrl Pts',(24.0168006369827,-59.5398825370522,17.3011518248408));
#5153=CARTESIAN_POINT('Ctrl Pts',(24.0159273443563,-59.5365771220129,17.2648511476279));
#5154=CARTESIAN_POINT('Ctrl Pts',(24.0151097509615,-59.5334825287213,17.230865753706));
#5155=CARTESIAN_POINT('Ctrl Pts',(24.0141619430034,-59.5299430324466,17.1968638071364));
#5156=CARTESIAN_POINT('Ctrl Pts',(24.0131721882451,-59.5258992162467,17.1627523481211));
#5157=CARTESIAN_POINT('Ctrl Pts',(24.0131047603771,-59.5256237278972,17.1604284765406));
#5158=CARTESIAN_POINT('Ctrl Pts',(24.0130371228277,-59.5253458871186,17.1581040902182));
#5159=CARTESIAN_POINT('Ctrl Pts',(24.012969296866,-59.5250656698199,17.155779157));
#5160=CARTESIAN_POINT('',(23.4594445084665,-59.0885225742783,17.155779157));
#5161=CARTESIAN_POINT('Origin',(23.4596664415825,-59.6575225309968,17.155779157));
#5162=CARTESIAN_POINT('Ctrl Pts',(23.4594445084665,-59.0885225742783,17.155779157));
#5163=CARTESIAN_POINT('Ctrl Pts',(23.4594445084665,-59.0885225742783,17.1950656814351));
#5164=CARTESIAN_POINT('Ctrl Pts',(23.458213091652,-59.0845712615671,17.2343531477988));
#5165=CARTESIAN_POINT('Ctrl Pts',(23.455777791943,-59.0767542554124,17.2728380206294));
#5166=CARTESIAN_POINT('Origin',(23.4596664415825,-59.6575225309968,15.));
#5167=CARTESIAN_POINT('',(23.4594445084665,-59.0885225742783,15.));
#5168=CARTESIAN_POINT('',(23.9973413546185,-59.4713326067481,16.3033528792327));
#5169=CARTESIAN_POINT('Ctrl Pts',(24.0130293803349,-59.5250443893458,17.155779157));
#5170=CARTESIAN_POINT('Ctrl Pts',(24.0055346474733,-59.4937387916845,16.896347987646));
#5171=CARTESIAN_POINT('Ctrl Pts',(23.997341354618,-59.4713326067468,16.6072623796241));
#5172=CARTESIAN_POINT('Ctrl Pts',(23.9973413546185,-59.4713326067481,16.3033528799624));
#5173=CARTESIAN_POINT('',(23.9973413546185,-59.471332606748,15.));
#5174=CARTESIAN_POINT('Ctrl Pts',(23.0245284858367,-58.266705758773,18.315964218707));
#5175=CARTESIAN_POINT('Ctrl Pts',(23.1108008330678,-58.427558170191,18.3281033535605));
#5176=CARTESIAN_POINT('Ctrl Pts',(23.3223265746724,-58.7162486449578,18.2554512750263));
#5177=CARTESIAN_POINT('Ctrl Pts',(23.5802076564535,-58.8997179586039,18.0790657092153));
#5178=CARTESIAN_POINT('Ctrl Pts',(23.7148008488215,-58.9685638196279,17.9810499534267));
#5179=CARTESIAN_POINT('Ctrl Pts',(23.0348680994307,-58.2610302927754,18.2351214129119));
#5180=CARTESIAN_POINT('Ctrl Pts',(23.1161255022547,-58.4094639658693,18.2502466777464));
#5181=CARTESIAN_POINT('Ctrl Pts',(23.3157192685446,-58.6837911819065,18.191488492028));
#5182=CARTESIAN_POINT('Ctrl Pts',(23.5672349345071,-58.8694414852636,18.0285726152655));
#5183=CARTESIAN_POINT('Ctrl Pts',(23.7002308758573,-58.9405111641943,17.9364095123259));
#5184=CARTESIAN_POINT('Ctrl Pts',(23.0199807507649,-58.2692020334676,18.0679397903103));
#5185=CARTESIAN_POINT('Ctrl Pts',(23.0950043781603,-58.3936477173908,18.0883992400396));
#5186=CARTESIAN_POINT('Ctrl Pts',(23.2804420563591,-58.6387744306346,18.0568101508312));
#5187=CARTESIAN_POINT('Ctrl Pts',(23.5273746471584,-58.8247920947536,17.9218519202769));
#5188=CARTESIAN_POINT('Ctrl Pts',(23.6603658439611,-58.8981598348738,17.8420679347457));
#5189=CARTESIAN_POINT('Ctrl Pts',(22.8763389207498,-58.3480477576986,17.8226223119534));
#5190=CARTESIAN_POINT('Ctrl Pts',(22.9556498346183,-58.4433395420261,17.8437234455585));
#5191=CARTESIAN_POINT('Ctrl Pts',(23.1531628227071,-58.6434772872066,17.8359887042447));
#5192=CARTESIAN_POINT('Ctrl Pts',(23.4180028668815,-58.8116304462689,17.738124256491));
#5193=CARTESIAN_POINT('Ctrl Pts',(23.5605799287824,-58.879649565333,17.6766245929574));
#5194=CARTESIAN_POINT('Ctrl Pts',(22.6982380594826,-58.4458082178049,17.743779157));
#5195=CARTESIAN_POINT('Ctrl Pts',(22.7914034823597,-58.5391406154082,17.7539041249264));
#5196=CARTESIAN_POINT('Ctrl Pts',(23.0229176843087,-58.722376295024,17.7264243302715));
#5197=CARTESIAN_POINT('Ctrl Pts',(23.316723052956,-58.8624113719347,17.6305994116642));
#5198=CARTESIAN_POINT('Ctrl Pts',(23.4719379981932,-58.9183199075886,17.5741914467607));
#5199=CARTESIAN_POINT('Ctrl Pts',(22.5908098740362,-58.5047760900707,17.743779157));
#5200=CARTESIAN_POINT('Ctrl Pts',(22.6925484875065,-58.6053094616576,17.743779157));
#5201=CARTESIAN_POINT('Ctrl Pts',(22.9447625466568,-58.7891037008495,17.6907974690036));
#5202=CARTESIAN_POINT('Ctrl Pts',(23.2558938150677,-58.9107218423881,17.5837977201297));
#5203=CARTESIAN_POINT('Ctrl Pts',(23.4187083721852,-58.957624961276,17.525676191904));
#5204=CARTESIAN_POINT('',(22.590809874036,-58.5047760900707,17.743779157));
#5205=CARTESIAN_POINT('Ctrl Pts',(23.4187083721852,-58.957624961276,17.525676191904));
#5206=CARTESIAN_POINT('Ctrl Pts',(23.2558938150677,-58.9107218423881,17.5837977201297));
#5207=CARTESIAN_POINT('Ctrl Pts',(22.9447625466568,-58.7891037008495,17.6907974690036));
#5208=CARTESIAN_POINT('Ctrl Pts',(22.6925484875065,-58.6053094616576,17.743779157));
#5209=CARTESIAN_POINT('Ctrl Pts',(22.5908098740362,-58.5047760900707,17.743779157));
#5210=CARTESIAN_POINT('Origin',(22.5908098740362,-58.5047760900706,18.243779157));
#5211=CARTESIAN_POINT('Origin',(23.4967842251209,-154.821406183566,17.155779157));
#5212=CARTESIAN_POINT('',(-4.96172121026544,-63.4162648249534,17.155779157));
#5213=CARTESIAN_POINT('Origin',(23.4967842251209,-154.821406183566,17.155779157));
#5214=CARTESIAN_POINT('',(-4.96200500817823,-63.401739668804,17.2831134129057));
#5215=CARTESIAN_POINT('Ctrl Pts',(-4.96200500817823,-63.401739668804,17.2831134129057));
#5216=CARTESIAN_POINT('Ctrl Pts',(-4.96181626139852,-63.4113815349424,17.2413575950279));
#5217=CARTESIAN_POINT('Ctrl Pts',(-4.96172121026545,-63.4162648249534,17.1985677150012));
#5218=CARTESIAN_POINT('Ctrl Pts',(-4.96172121026545,-63.4162648249534,17.155779157));
#5219=CARTESIAN_POINT('',(-4.96736377131891,-63.1371536574189,17.6492093879627));
#5220=CARTESIAN_POINT('Ctrl Pts',(-4.96736377131891,-63.1371536574189,17.6492093879627));
#5221=CARTESIAN_POINT('Ctrl Pts',(-4.96459010835323,-63.2696875549281,17.566642141823));
#5222=CARTESIAN_POINT('Ctrl Pts',(-4.96267961117081,-63.367278515291,17.4323535733993));
#5223=CARTESIAN_POINT('Ctrl Pts',(-4.96200500817823,-63.401739668804,17.2831134129057));
#5224=CARTESIAN_POINT('',(-4.69359104614521,-62.7181121916722,17.743779157));
#5225=CARTESIAN_POINT('Ctrl Pts',(-4.69359104614577,-62.7181121916722,17.743779157));
#5226=CARTESIAN_POINT('Ctrl Pts',(-4.75828443642684,-62.8662347784867,17.743779157));
#5227=CARTESIAN_POINT('Ctrl Pts',(-4.85285846977704,-63.0108343603346,17.7053932185377));
#5228=CARTESIAN_POINT('Ctrl Pts',(-4.96736377131891,-63.1371536574189,17.6492093879627));
#5229=CARTESIAN_POINT('Origin',(23.4967842251209,-154.821406183566,17.743779157));
#5230=CARTESIAN_POINT('Origin',(23.4967842251209,-154.821406183566,15.));
#5231=CARTESIAN_POINT('',(-4.96172121026545,-63.4162648249534,15.));
#5232=CARTESIAN_POINT('Ctrl Pts',(-8.52775314952125,-64.4727406262347,17.7577047468257));
#5233=CARTESIAN_POINT('Ctrl Pts',(-8.6537196398336,-64.4282506668351,17.6971166421746));
#5234=CARTESIAN_POINT('Ctrl Pts',(-8.79029408999965,-64.4126762849351,17.6822572152408));
#5235=CARTESIAN_POINT('Ctrl Pts',(-8.91681051602846,-64.408955870368,17.7020226487157));
#5236=CARTESIAN_POINT('Ctrl Pts',(-8.51178356895455,-64.4323066429341,17.7986861271363));
#5237=CARTESIAN_POINT('Ctrl Pts',(-8.62549762396814,-64.3827495842885,17.7384774686127));
#5238=CARTESIAN_POINT('Ctrl Pts',(-8.74969918256891,-64.3555518974808,17.7168002775411));
#5239=CARTESIAN_POINT('Ctrl Pts',(-8.87208935142433,-64.3386857822924,17.7238660570788));
#5240=CARTESIAN_POINT('Ctrl Pts',(-8.49761817853307,-64.368941014651,17.9046516935646));
#5241=CARTESIAN_POINT('Ctrl Pts',(-8.58384831116422,-64.3143339183839,17.8561127805656));
#5242=CARTESIAN_POINT('Ctrl Pts',(-8.67701212719017,-64.2683670732038,17.8360605977758));
#5243=CARTESIAN_POINT('Ctrl Pts',(-8.77327423496617,-64.2262988682827,17.8354345204719));
#5244=CARTESIAN_POINT('Ctrl Pts',(-8.52319985724778,-64.3598713869544,18.0259277504331));
#5245=CARTESIAN_POINT('Ctrl Pts',(-8.58516816539212,-64.3156195528913,17.9992837656658));
#5246=CARTESIAN_POINT('Ctrl Pts',(-8.65225532868598,-64.2758855635137,17.9985756092149));
#5247=CARTESIAN_POINT('Ctrl Pts',(-8.7164133363038,-64.2382983870566,18.0128200256792));
#5248=CARTESIAN_POINT('Ctrl Pts',(-8.54399866145891,-64.3696644086846,18.0810722380086));
#5249=CARTESIAN_POINT('Ctrl Pts',(-8.59617042887253,-64.33400974266,18.0641708244511));
#5250=CARTESIAN_POINT('Ctrl Pts',(-8.65370055314825,-64.3020128996954,18.0711834414273));
#5251=CARTESIAN_POINT('Ctrl Pts',(-8.70740971062014,-64.2739241418197,18.0906964833075));
#5252=CARTESIAN_POINT('',(-8.91681051602846,-64.408955870368,17.7020226487157));
#5253=CARTESIAN_POINT('',(-8.70740971062015,-64.2739241418197,18.0906964833075));
#5254=CARTESIAN_POINT('Origin',(-8.87459728390331,-64.5267028152087,17.9943883444021));
#5255=CARTESIAN_POINT('',(-8.54399866145891,-64.3696644086846,18.0810722380086));
#5256=CARTESIAN_POINT('Ctrl Pts',(-8.70740971062014,-64.2739241418197,18.0906964833075));
#5257=CARTESIAN_POINT('Ctrl Pts',(-8.65370055314825,-64.3020128996954,18.0711834414273));
#5258=CARTESIAN_POINT('Ctrl Pts',(-8.59617042887253,-64.33400974266,18.0641708244511));
#5259=CARTESIAN_POINT('Ctrl Pts',(-8.54399866145891,-64.3696644086846,18.0810722380086));
#5260=CARTESIAN_POINT('',(-8.52775314952125,-64.4727406262347,17.7577047468257));
#5261=CARTESIAN_POINT('Origin',(-8.69070284004075,-64.6327019691644,17.9790275136792));
#5262=CARTESIAN_POINT('Ctrl Pts',(-8.52775314952125,-64.4727406262347,17.7577047468257));
#5263=CARTESIAN_POINT('Ctrl Pts',(-8.6537196398336,-64.4282506668351,17.6971166421746));
#5264=CARTESIAN_POINT('Ctrl Pts',(-8.79029408999965,-64.4126762849351,17.6822572152408));
#5265=CARTESIAN_POINT('Ctrl Pts',(-8.91681051602846,-64.408955870368,17.7020226487157));
#5266=CARTESIAN_POINT('Ctrl Pts',(-8.23438170364708,-64.8155259447997,18.048461116283));
#5267=CARTESIAN_POINT('Ctrl Pts',(-8.2345894334111,-64.8142079193395,18.0476396697117));
#5268=CARTESIAN_POINT('Ctrl Pts',(-8.23480200804779,-64.8128920109408,18.0468146405614));
#5269=CARTESIAN_POINT('Ctrl Pts',(-8.26062401961844,-64.6586763995922,17.9507029076357));
#5270=CARTESIAN_POINT('Ctrl Pts',(-8.36082749596303,-64.5316969052508,17.8379936311286));
#5271=CARTESIAN_POINT('Ctrl Pts',(-8.52775314952125,-64.4727406262347,17.7577047468257));
#5272=CARTESIAN_POINT('Ctrl Pts',(-8.23438170364708,-64.8155259447997,18.048461116283));
#5273=CARTESIAN_POINT('Ctrl Pts',(-8.23468331426201,-64.8141854894702,18.0479630583238));
#5274=CARTESIAN_POINT('Ctrl Pts',(-8.23474139329822,-64.8126908399572,18.047455547905));
#5275=CARTESIAN_POINT('Ctrl Pts',(-8.26436923081982,-64.6511845149561,17.9891186084609));
#5276=CARTESIAN_POINT('Ctrl Pts',(-8.33403056399968,-64.5023621539785,17.9164402981518));
#5277=CARTESIAN_POINT('Ctrl Pts',(-8.49581398838786,-64.3918726596335,17.839667507447));
#5278=CARTESIAN_POINT('Ctrl Pts',(-8.23438170364708,-64.8155259447997,18.048461116283));
#5279=CARTESIAN_POINT('Ctrl Pts',(-8.23469756964219,-64.814095040448,18.0482866571064));
#5280=CARTESIAN_POINT('Ctrl Pts',(-8.23476272871719,-64.812555468767,18.0480988182197));
#5281=CARTESIAN_POINT('Ctrl Pts',(-8.26579986379545,-64.6421072857231,18.0270604173739));
#5282=CARTESIAN_POINT('Ctrl Pts',(-8.33771085453624,-64.4790110629541,17.9985297285749));
#5283=CARTESIAN_POINT('Ctrl Pts',(-8.50240105303665,-64.3500783652241,17.9707832628576));
#5284=CARTESIAN_POINT('Ctrl Pts',(-8.23438170364708,-64.8155259447997,18.048461116283));
#5285=CARTESIAN_POINT('Ctrl Pts',(-8.23462463108133,-64.8139845934925,18.0486037334088));
#5286=CARTESIAN_POINT('Ctrl Pts',(-8.23487288509253,-64.8124423028793,18.0487455373591));
#5287=CARTESIAN_POINT('Ctrl Pts',(-8.26479361863113,-64.6322206931414,18.0654753772732));
#5288=CARTESIAN_POINT('Ctrl Pts',(-8.37148170477901,-64.4640969705764,18.0764698667015));
#5289=CARTESIAN_POINT('Ctrl Pts',(-8.54399866145891,-64.3696644086846,18.0810722380086));
#5290=CARTESIAN_POINT('',(-8.23438170364708,-64.8155259447997,18.048461116283));
#5291=CARTESIAN_POINT('Ctrl Pts',(-8.54399866145891,-64.3696644086846,18.0810722380086));
#5292=CARTESIAN_POINT('Ctrl Pts',(-8.37148170477901,-64.4640969705764,18.0764698667015));
#5293=CARTESIAN_POINT('Ctrl Pts',(-8.26479361863113,-64.6322206931414,18.0654753772732));
#5294=CARTESIAN_POINT('Ctrl Pts',(-8.23487288509253,-64.8124423028793,18.0487455373591));
#5295=CARTESIAN_POINT('Ctrl Pts',(-8.23462463108133,-64.8139845934925,18.0486037334088));
#5296=CARTESIAN_POINT('Ctrl Pts',(-8.23438170364708,-64.8155259447997,18.048461116283));
#5297=CARTESIAN_POINT('Ctrl Pts',(-8.23438170364708,-64.8155259447997,18.048461116283));
#5298=CARTESIAN_POINT('Ctrl Pts',(-8.2345894334111,-64.8142079193395,18.0476396697117));
#5299=CARTESIAN_POINT('Ctrl Pts',(-8.23480200804779,-64.8128920109408,18.0468146405614));
#5300=CARTESIAN_POINT('Ctrl Pts',(-8.26062401961844,-64.6586763995922,17.9507029076357));
#5301=CARTESIAN_POINT('Ctrl Pts',(-8.36082749596303,-64.5316969052508,17.8379936311286));
#5302=CARTESIAN_POINT('Ctrl Pts',(-8.52775314952125,-64.4727406262347,17.7577047468257));
#5303=CARTESIAN_POINT('Origin',(-8.9409189418012,-63.9874294273524,15.8932639529971));
#5304=CARTESIAN_POINT('',(-8.22704615197892,-66.3806977294908,22.8091857624113));
#5305=CARTESIAN_POINT('',(-8.67841995559658,-63.5167741697644,16.0758534125676));
#5306=CARTESIAN_POINT('',(-7.92748310050886,-66.7627681926445,22.6265963028408));
#5307=CARTESIAN_POINT('Origin',(-8.48954513818353,-66.8513529870789,22.6265963028408));
#5308=CARTESIAN_POINT('',(-8.37885690412652,-63.898844632918,15.8932639529971));
#5309=CARTESIAN_POINT('Ctrl Pts',(-8.27921599697261,-64.5310566470479,18.2251549784188));
#5310=CARTESIAN_POINT('Ctrl Pts',(-8.24262224125212,-64.7632405228219,18.1263619833979));
#5311=CARTESIAN_POINT('Ctrl Pts',(-8.21156018263086,-64.9603263102248,17.9441120374711));
#5312=CARTESIAN_POINT('Ctrl Pts',(-8.193342937476,-65.0759129862219,17.7175690747917));
#5313=CARTESIAN_POINT('Ctrl Pts',(-8.28459130801244,-64.4969508132479,18.1430081875904));
#5314=CARTESIAN_POINT('Ctrl Pts',(-8.25103981869026,-64.7097768197384,18.0500972444859));
#5315=CARTESIAN_POINT('Ctrl Pts',(-8.22285722992098,-64.888678665422,17.8815836937549));
#5316=CARTESIAN_POINT('Ctrl Pts',(-8.20637912473317,-64.9931996264398,17.6743187984599));
#5317=CARTESIAN_POINT('Ctrl Pts',(-8.33753589584042,-64.4355437006733,17.9790777114676));
#5318=CARTESIAN_POINT('Ctrl Pts',(-8.31216584467535,-64.6100591301597,17.8979324765472));
#5319=CARTESIAN_POINT('Ctrl Pts',(-8.29155958201749,-64.7530464492614,17.7568280321077));
#5320=CARTESIAN_POINT('Ctrl Pts',(-8.27969134834511,-64.8356711097064,17.5880493149889));
#5321=CARTESIAN_POINT('Ctrl Pts',(-8.55733258078361,-64.3741753483901,17.7534349108291));
#5322=CARTESIAN_POINT('Ctrl Pts',(-8.54953173514624,-64.4983115775765,17.6913872440438));
#5323=CARTESIAN_POINT('Ctrl Pts',(-8.54467166753561,-64.5959437405597,17.5897730325463));
#5324=CARTESIAN_POINT('Ctrl Pts',(-8.54216990167902,-64.6515772709723,17.4730140442544));
#5325=CARTESIAN_POINT('Ctrl Pts',(-8.78572802570566,-64.3844437859255,17.6929682604074));
#5326=CARTESIAN_POINT('Ctrl Pts',(-8.78790857040703,-64.4980757337894,17.6416198460189));
#5327=CARTESIAN_POINT('Ctrl Pts',(-8.79078838537924,-64.5911091464198,17.5535006137577));
#5328=CARTESIAN_POINT('Ctrl Pts',(-8.7927754396277,-64.6445329897438,17.4492676982619));
#5329=CARTESIAN_POINT('Ctrl Pts',(-8.91681051602846,-64.408955870368,17.7020226487157));
#5330=CARTESIAN_POINT('Ctrl Pts',(-8.92110504459484,-64.5273924312145,17.6549437421649));
#5331=CARTESIAN_POINT('Ctrl Pts',(-8.92491131023304,-64.6280011569984,17.5680941819163));
#5332=CARTESIAN_POINT('Ctrl Pts',(-8.92716837615381,-64.6870177741028,17.4601371859017));
#5333=CARTESIAN_POINT('',(-8.193342937476,-65.0759129862219,17.7175690747918));
#5334=CARTESIAN_POINT('Ctrl Pts',(-8.23443803503699,-64.8151685275251,18.0479247228161));
#5335=CARTESIAN_POINT('Ctrl Pts',(-8.21760111992324,-64.9219971415938,17.9560296018328));
#5336=CARTESIAN_POINT('Ctrl Pts',(-8.20348243213591,-65.0115788635779,17.8436601023209));
#5337=CARTESIAN_POINT('Ctrl Pts',(-8.193342937476,-65.0759129862219,17.7175690747917));
#5338=CARTESIAN_POINT('',(-8.92716837615381,-64.6870177741028,17.4601371859017));
#5339=CARTESIAN_POINT('Origin',(-8.75540497515068,-65.1644977806563,17.7175690747918));
#5340=CARTESIAN_POINT('Ctrl Pts',(-8.92716837615381,-64.6870177741028,17.4601371859017));
#5341=CARTESIAN_POINT('Ctrl Pts',(-8.92491131026555,-64.6280011578484,17.5680941803614));
#5342=CARTESIAN_POINT('Ctrl Pts',(-8.92110504470449,-64.5273924341128,17.654943739663));
#5343=CARTESIAN_POINT('Ctrl Pts',(-8.91681051621403,-64.4089558754856,17.7020226466814));
#5344=CARTESIAN_POINT('Ctrl Pts',(-8.193342937476,-65.0759129862219,17.7175690747917));
#5345=CARTESIAN_POINT('Ctrl Pts',(-8.18117357224959,-65.1531264432269,17.5662353232348));
#5346=CARTESIAN_POINT('Ctrl Pts',(-8.17470001590694,-65.1942005383036,17.3961011691835));
#5347=CARTESIAN_POINT('Ctrl Pts',(-8.17470001590694,-65.1942005383036,17.225779157));
#5348=CARTESIAN_POINT('Ctrl Pts',(-8.20637912473317,-64.9931996264398,17.6743187984599));
#5349=CARTESIAN_POINT('Ctrl Pts',(-8.19537152843829,-65.0630210367369,17.5358630556725));
#5350=CARTESIAN_POINT('Ctrl Pts',(-8.18954874638732,-65.0999867653422,17.3808756849153));
#5351=CARTESIAN_POINT('Ctrl Pts',(-8.18954874638732,-65.0999867653422,17.225779157));
#5352=CARTESIAN_POINT('Ctrl Pts',(-8.27969134617736,-64.8356711032118,17.5880493118495));
#5353=CARTESIAN_POINT('Ctrl Pts',(-8.27176320616915,-64.890865489691,17.4753028546545));
#5354=CARTESIAN_POINT('Ctrl Pts',(-8.26763558722227,-64.9197225095805,17.3504870451465));
#5355=CARTESIAN_POINT('Ctrl Pts',(-8.26763558722227,-64.9197225095805,17.225779157));
#5356=CARTESIAN_POINT('Ctrl Pts',(-8.54216989983329,-64.6515772582109,17.4730140378918));
#5357=CARTESIAN_POINT('Ctrl Pts',(-8.54049868653178,-64.6887412061443,17.3950174604778));
#5358=CARTESIAN_POINT('Ctrl Pts',(-8.53978804960486,-64.7077157574335,17.3103673228385));
#5359=CARTESIAN_POINT('Ctrl Pts',(-8.53978804960486,-64.7077157574335,17.225779157));
#5360=CARTESIAN_POINT('Ctrl Pts',(-8.7927754396277,-64.6445329897438,17.4492676982619));
#5361=CARTESIAN_POINT('Ctrl Pts',(-8.79410281863966,-64.6802208369283,17.3796387062547));
#5362=CARTESIAN_POINT('Ctrl Pts',(-8.79488322806281,-64.6989612593606,17.3024867275099));
#5363=CARTESIAN_POINT('Ctrl Pts',(-8.79488322806281,-64.6989612593606,17.225779157));
#5364=CARTESIAN_POINT('Ctrl Pts',(-8.92716837615381,-64.6870177741028,17.4601371859017));
#5365=CARTESIAN_POINT('Ctrl Pts',(-8.92867612660107,-64.7264416695307,17.3880204579288));
#5366=CARTESIAN_POINT('Ctrl Pts',(-8.92949154016317,-64.7474197146769,17.3069445685097));
#5367=CARTESIAN_POINT('Ctrl Pts',(-8.92949154016317,-64.7474197146769,17.225779157));
#5368=CARTESIAN_POINT('',(-8.20561008149516,-65.0787299908607,17.225779157));
#5369=CARTESIAN_POINT('Ctrl Pts',(-8.193342937476,-65.0759129862219,17.7175690747917));
#5370=CARTESIAN_POINT('Ctrl Pts',(-8.19330838851439,-65.0761321960748,17.7147766455152));
#5371=CARTESIAN_POINT('Ctrl Pts',(-8.19327750911071,-65.0763484728705,17.7119838861828));
#5372=CARTESIAN_POINT('Ctrl Pts',(-8.19325019030039,-65.0765617860705,17.7091908339953));
#5373=CARTESIAN_POINT('Ctrl Pts',(-8.1929148358984,-65.0791803305741,17.6749044820226));
#5374=CARTESIAN_POINT('Ctrl Pts',(-8.1931142997629,-65.0813516452238,17.6405784714049));
#5375=CARTESIAN_POINT('Ctrl Pts',(-8.19365774058105,-65.0830266736566,17.6062149096801));
#5376=CARTESIAN_POINT('Ctrl Pts',(-8.1936952302225,-65.0831422266539,17.60384431556));
#5377=CARTESIAN_POINT('Ctrl Pts',(-8.19373436654151,-65.0832554134802,17.6014735251048));
#5378=CARTESIAN_POINT('Ctrl Pts',(-8.19377509131065,-65.0833662158111,17.599102531318));
#5379=CARTESIAN_POINT('Ctrl Pts',(-8.1943562074195,-65.0849472933895,17.5652699838899));
#5380=CARTESIAN_POINT('Ctrl Pts',(-8.19525988218698,-65.0860477750645,17.5313421417553));
#5381=CARTESIAN_POINT('Ctrl Pts',(-8.19632492294054,-65.0866129403526,17.4973639611727));
#5382=CARTESIAN_POINT('Ctrl Pts',(-8.19738296682826,-65.0871743927446,17.4636090028188));
#5383=CARTESIAN_POINT('Ctrl Pts',(-8.19859954095977,-65.0872085479355,17.4298040844234));
#5384=CARTESIAN_POINT('Ctrl Pts',(-8.19983632968119,-65.0866650636451,17.3959467400019));
#5385=CARTESIAN_POINT('Ctrl Pts',(-8.20053895757863,-65.0863563066055,17.3767121574804));
#5386=CARTESIAN_POINT('Ctrl Pts',(-8.20124852719172,-65.0858610951634,17.3574598224956));
#5387=CARTESIAN_POINT('Ctrl Pts',(-8.20194392891827,-65.0851688481261,17.3381831903778));
#5388=CARTESIAN_POINT('Ctrl Pts',(-8.20307758659871,-65.0840403332825,17.3067580425549));
#5389=CARTESIAN_POINT('Ctrl Pts',(-8.20416712139184,-65.0823928182344,17.2754153583012));
#5390=CARTESIAN_POINT('Ctrl Pts',(-8.2051462965524,-65.0801847564827,17.2440616903112));
#5391=CARTESIAN_POINT('Ctrl Pts',(-8.20533659538919,-65.0797556283759,17.2379682283979));
#5392=CARTESIAN_POINT('Ctrl Pts',(-8.20552283820596,-65.0793052296854,17.2318743015403));
#5393=CARTESIAN_POINT('Ctrl Pts',(-8.20570470525595,-65.0788331073608,17.225779157));
#5394=CARTESIAN_POINT('',(-8.92949154016317,-64.7474197146769,17.225779157));
#5395=CARTESIAN_POINT('Origin',(-8.73676205358161,-65.282785332738,17.225779157));
#5396=CARTESIAN_POINT('Ctrl Pts',(-8.92949154016317,-64.7474197146769,17.225779157));
#5397=CARTESIAN_POINT('Ctrl Pts',(-8.92949154016317,-64.7474197146769,17.3069445670489));
#5398=CARTESIAN_POINT('Ctrl Pts',(-8.92867612663042,-64.7264416702858,17.3880204550106));
#5399=CARTESIAN_POINT('Ctrl Pts',(-8.92716837623522,-64.6870177762313,17.460137182008));
#5400=CARTESIAN_POINT('Origin',(-8.73676205358162,-65.282785332738,15.));
#5401=CARTESIAN_POINT('',(-8.92949154016317,-64.7474197146769,15.));
#5402=CARTESIAN_POINT('',(-8.21609800016707,-65.0532860005344,16.6044327077217));
#5403=CARTESIAN_POINT('Ctrl Pts',(-8.20561008149516,-65.0787299908607,17.225779157));
#5404=CARTESIAN_POINT('Ctrl Pts',(-8.21180593075371,-65.0626023192097,17.0178918638856));
#5405=CARTESIAN_POINT('Ctrl Pts',(-8.2160980001714,-65.0532860005245,16.8088185978653));
#5406=CARTESIAN_POINT('Ctrl Pts',(-8.21609800016706,-65.0532860005344,16.604432708726));
#5407=CARTESIAN_POINT('',(-8.21609800016706,-65.0532860005344,15.));
#5408=CARTESIAN_POINT('Ctrl Pts',(-9.00165157735044,-64.0675105669557,18.1454603582198));
#5409=CARTESIAN_POINT('Ctrl Pts',(-8.91052793551299,-64.1503953149335,18.1498121743516));
#5410=CARTESIAN_POINT('Ctrl Pts',(-8.81012927759942,-64.2202039722661,18.1280154677549));
#5411=CARTESIAN_POINT('Ctrl Pts',(-8.70740971062014,-64.2739241418198,18.0906964833075));
#5412=CARTESIAN_POINT('Ctrl Pts',(-8.98459499223013,-64.048391595468,18.0515266937821));
#5413=CARTESIAN_POINT('Ctrl Pts',(-8.90371562233463,-64.1215858515892,18.0590612502276));
#5414=CARTESIAN_POINT('Ctrl Pts',(-8.812205262649,-64.1862124396075,18.043634740717));
#5415=CARTESIAN_POINT('Ctrl Pts',(-8.71641333630381,-64.2382983870566,18.0128200256792));
#5416=CARTESIAN_POINT('Ctrl Pts',(-9.01256893874089,-64.0797479942998,17.8399858061045));
#5417=CARTESIAN_POINT('Ctrl Pts',(-8.94397074001659,-64.1317284632297,17.8537449689092));
#5418=CARTESIAN_POINT('Ctrl Pts',(-8.86298594153183,-64.1826941145502,17.8520593215787));
#5419=CARTESIAN_POINT('Ctrl Pts',(-8.77327427574919,-64.2262989891967,17.8354345844516));
#5420=CARTESIAN_POINT('Ctrl Pts',(-9.14106987436981,-64.2237865405334,17.743779157));
#5421=CARTESIAN_POINT('Ctrl Pts',(-9.06216629416704,-64.2687454115686,17.7506411242812));
#5422=CARTESIAN_POINT('Ctrl Pts',(-8.97033411379159,-64.3081818655197,17.74254261007));
#5423=CARTESIAN_POINT('Ctrl Pts',(-8.87208935142432,-64.3386857822924,17.7238660570788));
#5424=CARTESIAN_POINT('Ctrl Pts',(-9.20588722867625,-64.2964412448693,17.743779157));
#5425=CARTESIAN_POINT('Ctrl Pts',(-9.11910013453017,-64.3446035776686,17.743779157));
#5426=CARTESIAN_POINT('Ctrl Pts',(-9.02038175203399,-64.3826201553503,17.7275831940217));
#5427=CARTESIAN_POINT('Ctrl Pts',(-8.91681051602846,-64.408955870368,17.7020226487157));
#5428=CARTESIAN_POINT('',(-9.2058872286767,-64.2964412448696,17.743779157));
#5429=CARTESIAN_POINT('Ctrl Pts',(-8.91681051602846,-64.408955870368,17.7020226487157));
#5430=CARTESIAN_POINT('Ctrl Pts',(-9.02038175203399,-64.3826201553503,17.7275831940217));
#5431=CARTESIAN_POINT('Ctrl Pts',(-9.11910013453017,-64.3446035776686,17.743779157));
#5432=CARTESIAN_POINT('Ctrl Pts',(-9.20588722867625,-64.2964412448693,17.743779157));
#5433=CARTESIAN_POINT('',(-9.00165157735054,-64.0675105669556,18.1454603582198));
#5434=CARTESIAN_POINT('Origin',(-9.20588722867637,-64.2964412448691,18.061779157));
#5435=CARTESIAN_POINT('Ctrl Pts',(-9.00165157735044,-64.0675105669557,18.1454603582198));
#5436=CARTESIAN_POINT('Ctrl Pts',(-8.91052793551299,-64.1503953149335,18.1498121743516));
#5437=CARTESIAN_POINT('Ctrl Pts',(-8.81012927759942,-64.2202039722661,18.1280154677549));
#5438=CARTESIAN_POINT('Ctrl Pts',(-8.70740971062014,-64.2739241418198,18.0906964833075));
#5439=CARTESIAN_POINT('Origin',(23.4967842251209,-154.821406183566,17.225779157));
#5440=CARTESIAN_POINT('',(-11.8578434287701,-65.8560381920908,17.225779157));
#5441=CARTESIAN_POINT('Origin',(23.4967842251209,-154.821406183566,17.225779157));
#5442=CARTESIAN_POINT('',(-12.0491433775569,-65.3746565040364,17.743779157));
#5443=CARTESIAN_POINT('Origin',(-12.0491433775569,-65.3746565040364,17.225779157));
#5444=CARTESIAN_POINT('Origin',(23.4967842251209,-154.821406183566,17.743779157));
#5445=CARTESIAN_POINT('Origin',(23.4967842251209,-154.821406183566,15.));
#5446=CARTESIAN_POINT('',(-11.8578434287701,-65.8560381920908,15.));
#5447=CARTESIAN_POINT('Origin',(-8.55268378678566,-64.9926724026678,15.));
#5448=CARTESIAN_POINT('',(-8.43775921896342,-65.3147847180344,16.6044327077217));
#5449=CARTESIAN_POINT('Origin',(-8.55268378678566,-64.9926724026678,16.6044327077217));
#5450=CARTESIAN_POINT('',(-8.43775921955794,-65.3147847182466,15.));
#5451=CARTESIAN_POINT('Ctrl Pts',(-5.31710750352607,-63.3803642754174,17.941639837491));
#5452=CARTESIAN_POINT('Ctrl Pts',(-5.30126234876219,-63.3487859510902,17.9342833761243));
#5453=CARTESIAN_POINT('Ctrl Pts',(-5.25955112023962,-63.2765693149183,17.9408349711436));
#5454=CARTESIAN_POINT('Ctrl Pts',(-5.21947140861962,-63.2109985457757,17.970234874953));
#5455=CARTESIAN_POINT('Ctrl Pts',(-5.19772838222781,-63.174202620402,17.9894411896288));
#5456=CARTESIAN_POINT('Ctrl Pts',(-5.32938175038532,-63.3808530205961,17.9031128906227));
#5457=CARTESIAN_POINT('Ctrl Pts',(-5.31108090551149,-63.3429003692139,17.8910480487811));
#5458=CARTESIAN_POINT('Ctrl Pts',(-5.26455198643071,-63.2575551777271,17.88800455913));
#5459=CARTESIAN_POINT('Ctrl Pts',(-5.22194865690045,-63.1819374476382,17.9087629329303));
#5460=CARTESIAN_POINT('Ctrl Pts',(-5.19931257643099,-63.1396817258804,17.9230822561765));
#5461=CARTESIAN_POINT('Ctrl Pts',(-5.34083522130734,-63.3893467911152,17.822005586918));
#5462=CARTESIAN_POINT('Ctrl Pts',(-5.31507758889549,-63.3398958955557,17.799840031946));
#5463=CARTESIAN_POINT('Ctrl Pts',(-5.24997764008449,-63.2325717934632,17.7751596540331));
#5464=CARTESIAN_POINT('Ctrl Pts',(-5.18817352181478,-63.1425577569266,17.7753940991432));
#5465=CARTESIAN_POINT('Ctrl Pts',(-5.15354130056786,-63.0931325805952,17.7780665382548));
#5466=CARTESIAN_POINT('Ctrl Pts',(-5.32453327545126,-63.4116161297555,17.7444166446268));
#5467=CARTESIAN_POINT('Ctrl Pts',(-5.28712787034608,-63.3545230858088,17.714301872734));
#5468=CARTESIAN_POINT('Ctrl Pts',(-5.18828174804386,-63.2388333771274,17.6757435040594));
#5469=CARTESIAN_POINT('Ctrl Pts',(-5.08877214619754,-63.15575695315,17.6725168864171));
#5470=CARTESIAN_POINT('Ctrl Pts',(-5.03253968249008,-63.11286005935,17.6767708025608));
#5471=CARTESIAN_POINT('Ctrl Pts',(-5.31000867228344,-63.4254056798572,17.7092868018487));
#5472=CARTESIAN_POINT('Ctrl Pts',(-5.26622677743639,-63.3656077458414,17.6765329463808));
#5473=CARTESIAN_POINT('Ctrl Pts',(-5.14889498016924,-63.2492665615929,17.6355533111268));
#5474=CARTESIAN_POINT('Ctrl Pts',(-5.03189362250103,-63.1742627185724,17.6386403688051));
#5475=CARTESIAN_POINT('Ctrl Pts',(-4.96736377131891,-63.1371536574189,17.6492093879627));
#5476=CARTESIAN_POINT('',(-5.19772838222781,-63.174202620402,17.9894411896288));
#5477=CARTESIAN_POINT('Origin',(-4.91608386517238,-63.3023284543334,17.916064512871));
#5478=CARTESIAN_POINT('',(-5.31000867228344,-63.4254056798572,17.7092868018487));
#5479=CARTESIAN_POINT('Ctrl Pts',(-4.96736377131891,-63.1371536574189,17.6492093879627));
#5480=CARTESIAN_POINT('Ctrl Pts',(-5.03189362250103,-63.1742627185724,17.6386403688051));
#5481=CARTESIAN_POINT('Ctrl Pts',(-5.14889498016924,-63.2492665615929,17.6355533111268));
#5482=CARTESIAN_POINT('Ctrl Pts',(-5.26622677743639,-63.3656077458414,17.6765329463808));
#5483=CARTESIAN_POINT('Ctrl Pts',(-5.31000867228344,-63.4254056798572,17.7092868018487));
#5484=CARTESIAN_POINT('',(-5.31710750352608,-63.3803642754174,17.941639837491));
#5485=CARTESIAN_POINT('Origin',(-5.05087735985801,-63.5332586734206,17.8587615311514));
#5486=CARTESIAN_POINT('Ctrl Pts',(-5.31710750352607,-63.3803642754174,17.941639837491));
#5487=CARTESIAN_POINT('Ctrl Pts',(-5.30126234876219,-63.3487859510902,17.9342833761243));
#5488=CARTESIAN_POINT('Ctrl Pts',(-5.25955112023962,-63.2765693149183,17.9408349711436));
#5489=CARTESIAN_POINT('Ctrl Pts',(-5.21947140861962,-63.2109985457757,17.970234874953));
#5490=CARTESIAN_POINT('Ctrl Pts',(-5.19772838222781,-63.174202620402,17.9894411896288));
#5491=CARTESIAN_POINT('Ctrl Pts',(-5.39620856028227,-63.7843575404805,17.891698657405));
#5492=CARTESIAN_POINT('Ctrl Pts',(-5.39641358194997,-63.7830566976321,17.8918870946188));
#5493=CARTESIAN_POINT('Ctrl Pts',(-5.39661403873195,-63.7817553429484,17.8920751575356));
#5494=CARTESIAN_POINT('Ctrl Pts',(-5.41725473679943,-63.6451641818726,17.9118316284069));
#5495=CARTESIAN_POINT('Ctrl Pts',(-5.39079576827083,-63.5019750065982,17.9292790905082));
#5496=CARTESIAN_POINT('Ctrl Pts',(-5.31710750352608,-63.3803642754174,17.941639837491));
#5497=CARTESIAN_POINT('Ctrl Pts',(-5.39620856028227,-63.7843575404805,17.891698657405));
#5498=CARTESIAN_POINT('Ctrl Pts',(-5.39638621926756,-63.783094676277,17.8916388303047));
#5499=CARTESIAN_POINT('Ctrl Pts',(-5.39662587772952,-63.781824138977,17.8915803538185));
#5500=CARTESIAN_POINT('Ctrl Pts',(-5.41610683276561,-63.6490563379982,17.8852407602281));
#5501=CARTESIAN_POINT('Ctrl Pts',(-5.40179486778041,-63.512436387254,17.8754121925159));
#5502=CARTESIAN_POINT('Ctrl Pts',(-5.34165599724457,-63.3813417657748,17.8645859437544));
#5503=CARTESIAN_POINT('Ctrl Pts',(-5.39620856028227,-63.7843575404805,17.891698657405));
#5504=CARTESIAN_POINT('Ctrl Pts',(-5.39638010536397,-63.7831334684098,17.8913917835317));
#5505=CARTESIAN_POINT('Ctrl Pts',(-5.39661512446244,-63.7818923674269,17.8910834382986));
#5506=CARTESIAN_POINT('Ctrl Pts',(-5.41550033070331,-63.6529045355019,17.858909851665));
#5507=CARTESIAN_POINT('Ctrl Pts',(-5.40031511537757,-63.5218252745466,17.8205213805901));
#5508=CARTESIAN_POINT('Ctrl Pts',(-5.33905787861908,-63.3978265796539,17.7795464874049));
#5509=CARTESIAN_POINT('Ctrl Pts',(-5.39620856028227,-63.7843575404805,17.891698657405));
#5510=CARTESIAN_POINT('Ctrl Pts',(-5.39639680712448,-63.7831631322935,17.8911439621799));
#5511=CARTESIAN_POINT('Ctrl Pts',(-5.39658035214337,-63.781969081127,17.8905880980237));
#5512=CARTESIAN_POINT('Ctrl Pts',(-5.41545938478786,-63.6565555184584,17.8323635784456));
#5513=CARTESIAN_POINT('Ctrl Pts',(-5.38641604192212,-63.5297639508716,17.766448236971));
#5514=CARTESIAN_POINT('Ctrl Pts',(-5.31000867228344,-63.4254056798572,17.7092868018487));
#5515=CARTESIAN_POINT('',(-5.39620856028227,-63.7843575404805,17.891698657405));
#5516=CARTESIAN_POINT('Ctrl Pts',(-5.31000867228344,-63.4254056798572,17.7092868018487));
#5517=CARTESIAN_POINT('Ctrl Pts',(-5.38641604192212,-63.5297639508716,17.766448236971));
#5518=CARTESIAN_POINT('Ctrl Pts',(-5.41545938478786,-63.6565555184584,17.8323635784456));
#5519=CARTESIAN_POINT('Ctrl Pts',(-5.39658035214337,-63.781969081127,17.8905880980237));
#5520=CARTESIAN_POINT('Ctrl Pts',(-5.39639680712448,-63.7831631322935,17.8911439621799));
#5521=CARTESIAN_POINT('Ctrl Pts',(-5.39620856028227,-63.7843575404805,17.891698657405));
#5522=CARTESIAN_POINT('Ctrl Pts',(-5.39620856028227,-63.7843575404805,17.891698657405));
#5523=CARTESIAN_POINT('Ctrl Pts',(-5.39641358194997,-63.7830566976321,17.8918870946188));
#5524=CARTESIAN_POINT('Ctrl Pts',(-5.39661403873195,-63.7817553429484,17.8920751575356));
#5525=CARTESIAN_POINT('Ctrl Pts',(-5.41725473679943,-63.6451641818726,17.9118316284069));
#5526=CARTESIAN_POINT('Ctrl Pts',(-5.39079576827083,-63.5019750065982,17.9292790905082));
#5527=CARTESIAN_POINT('Ctrl Pts',(-5.31710750352608,-63.3803642754174,17.941639837491));
#5528=CARTESIAN_POINT('Ctrl Pts',(-5.35895667103514,-64.0207172104571,17.4063331265287));
#5529=CARTESIAN_POINT('Ctrl Pts',(-5.36920605654324,-63.9556858409047,17.6999910613775));
#5530=CARTESIAN_POINT('Ctrl Pts',(-5.39823143720099,-63.771522580145,17.9642289417624));
#5531=CARTESIAN_POINT('Ctrl Pts',(-5.43767025365593,-63.5212870664582,18.1266954447956));
#5532=CARTESIAN_POINT('Ctrl Pts',(-5.37954077674427,-63.8901130308973,17.3766920303149));
#5533=CARTESIAN_POINT('Ctrl Pts',(-5.3887174012007,-63.832012169163,17.6354281881489));
#5534=CARTESIAN_POINT('Ctrl Pts',(-5.41456407844002,-63.6673580728338,17.8673089003525));
#5535=CARTESIAN_POINT('Ctrl Pts',(-5.4495644789049,-63.4458193462622,18.0075705942254));
#5536=CARTESIAN_POINT('Ctrl Pts',(-5.32062977568441,-63.6139267923547,17.3175859557852));
#5537=CARTESIAN_POINT('Ctrl Pts',(-5.32638546774906,-63.5694402810448,17.5069002750457));
#5538=CARTESIAN_POINT('Ctrl Pts',(-5.3427439803063,-63.4434344253533,17.6738571252016));
#5539=CARTESIAN_POINT('Ctrl Pts',(-5.36379241276314,-63.2781691615773,17.7701722346208));
#5540=CARTESIAN_POINT('Ctrl Pts',(-5.09159097310826,-63.4411050577569,17.287308118716));
#5541=CARTESIAN_POINT('Ctrl Pts',(-5.0935189447982,-63.4047571557199,17.4410342079501));
#5542=CARTESIAN_POINT('Ctrl Pts',(-5.09902467096521,-63.3015167104943,17.5782013545361));
#5543=CARTESIAN_POINT('Ctrl Pts',(-5.10579364382326,-63.1650367762411,17.6585518444059));
#5544=CARTESIAN_POINT('Ctrl Pts',(-4.96200500817823,-63.401739668804,17.2831134129057));
#5545=CARTESIAN_POINT('Ctrl Pts',(-4.96267961117081,-63.367278515291,17.4323535733993));
#5546=CARTESIAN_POINT('Ctrl Pts',(-4.96459010835323,-63.2696875549281,17.566642141823));
#5547=CARTESIAN_POINT('Ctrl Pts',(-4.96736377131891,-63.1371536574189,17.6492093879627));
#5548=CARTESIAN_POINT('',(-5.35895667103514,-64.0207172104571,17.4063331265287));
#5549=CARTESIAN_POINT('Origin',(-4.79689463336047,-63.9321324160227,17.4063331265287));
#5550=CARTESIAN_POINT('Ctrl Pts',(-5.35895667103514,-64.0207172104571,17.4063331265287));
#5551=CARTESIAN_POINT('Ctrl Pts',(-5.36515803471731,-63.9813701517456,17.5840100858657));
#5552=CARTESIAN_POINT('Ctrl Pts',(-5.37823295812207,-63.8984110148165,17.7509168836327));
#5553=CARTESIAN_POINT('Ctrl Pts',(-5.39632915828594,-63.7835923576959,17.8910279088745));
#5554=CARTESIAN_POINT('Ctrl Pts',(-5.35463668355692,-64.0481271173181,17.155779157));
#5555=CARTESIAN_POINT('Ctrl Pts',(-5.35463668355692,-64.0481271173181,17.2399736495294));
#5556=CARTESIAN_POINT('Ctrl Pts',(-5.35608900141311,-64.0389122995967,17.3241707433916));
#5557=CARTESIAN_POINT('Ctrl Pts',(-5.35895667103514,-64.0207172104571,17.4063331265287));
#5558=CARTESIAN_POINT('Ctrl Pts',(-5.37567978372975,-63.9146106618401,17.155779157));
#5559=CARTESIAN_POINT('Ctrl Pts',(-5.37567978372975,-63.9146106618401,17.230020653211));
#5560=CARTESIAN_POINT('Ctrl Pts',(-5.3769732543142,-63.9063690372772,17.3043003908984));
#5561=CARTESIAN_POINT('Ctrl Pts',(-5.37954077674427,-63.8901130308973,17.3766920303149));
#5562=CARTESIAN_POINT('Ctrl Pts',(-5.31819882798847,-63.6326896577043,17.155779157));
#5563=CARTESIAN_POINT('Ctrl Pts',(-5.31819882798847,-63.6326896577043,17.2102312355076));
#5564=CARTESIAN_POINT('Ctrl Pts',(-5.31901965062374,-63.6263734915802,17.2646177687923));
#5565=CARTESIAN_POINT('Ctrl Pts',(-5.3206300323656,-63.613926636403,17.3175859122904));
#5566=CARTESIAN_POINT('Ctrl Pts',(-5.09077544450034,-63.4564451755534,17.155779157));
#5567=CARTESIAN_POINT('Ctrl Pts',(-5.09077544450034,-63.4564451755534,17.1999521703879));
#5568=CARTESIAN_POINT('Ctrl Pts',(-5.09105154702823,-63.4512748161696,17.2442971854398));
#5569=CARTESIAN_POINT('Ctrl Pts',(-5.09159097310826,-63.4411050577569,17.287308118716));
#5570=CARTESIAN_POINT('Ctrl Pts',(-4.96172121026545,-63.4162648249534,17.155779157));
#5571=CARTESIAN_POINT('Ctrl Pts',(-4.96172121026545,-63.4162648249534,17.1985677150012));
#5572=CARTESIAN_POINT('Ctrl Pts',(-4.96181626139852,-63.4113815349424,17.2413575950279));
#5573=CARTESIAN_POINT('Ctrl Pts',(-4.96200500817823,-63.401739668804,17.2831134129057));
#5574=CARTESIAN_POINT('',(-5.36013334291117,-64.0000160850862,17.155779157));
#5575=CARTESIAN_POINT('Ctrl Pts',(-5.36005910085054,-64.0000181571724,17.155779157));
#5576=CARTESIAN_POINT('Ctrl Pts',(-5.3597829477037,-64.0040414220825,17.1900541505803));
#5577=CARTESIAN_POINT('Ctrl Pts',(-5.35964257274632,-64.0075481683264,17.2241945848589));
#5578=CARTESIAN_POINT('Ctrl Pts',(-5.35954043145682,-64.0105769303647,17.2582948713496));
#5579=CARTESIAN_POINT('Ctrl Pts',(-5.35943646437578,-64.0136598319984,17.293004705798));
#5580=CARTESIAN_POINT('Ctrl Pts',(-5.35937217543023,-64.0162472024175,17.3276732647202));
#5581=CARTESIAN_POINT('Ctrl Pts',(-5.35921597715192,-64.0183384400069,17.3623809293059));
#5582=CARTESIAN_POINT('Ctrl Pts',(-5.35916827483597,-64.0189770954217,17.3729805082522));
#5583=CARTESIAN_POINT('Ctrl Pts',(-5.35911179663337,-64.0195692094492,17.3835835833483));
#5584=CARTESIAN_POINT('Ctrl Pts',(-5.35904225431022,-64.0201140837007,17.3941920329412));
#5585=CARTESIAN_POINT('Ctrl Pts',(-5.35901572672471,-64.0203219312049,17.3982387276872));
#5586=CARTESIAN_POINT('Ctrl Pts',(-5.35898728313467,-64.0205229796171,17.4022857706855));
#5587=CARTESIAN_POINT('Ctrl Pts',(-5.35895667103514,-64.0207172104571,17.4063331265287));
#5588=CARTESIAN_POINT('Origin',(-4.79257464588224,-63.9595423228836,17.155779157));
#5589=CARTESIAN_POINT('Origin',(-4.79257464588224,-63.9595423228836,15.));
#5590=CARTESIAN_POINT('',(-5.36142650336169,-63.9465590936173,16.3011035698865));
#5591=CARTESIAN_POINT('Ctrl Pts',(-5.36142650336169,-63.9465590936173,16.3011035698865));
#5592=CARTESIAN_POINT('Ctrl Pts',(-5.36142650336169,-63.9465590936173,16.5993769370512));
#5593=CARTESIAN_POINT('Ctrl Pts',(-5.36235784369355,-63.9688221782962,16.8900506742293));
#5594=CARTESIAN_POINT('Ctrl Pts',(-5.36013334291117,-64.0000160850861,17.155779157));
#5595=CARTESIAN_POINT('',(-5.36142650336169,-63.9465590936173,15.));
#5596=CARTESIAN_POINT('Origin',(-4.95571317140823,-62.9244440008093,16.078237968125));
#5597=CARTESIAN_POINT('',(-5.06640140546525,-65.8769523549703,22.8115703179687));
#5598=CARTESIAN_POINT('',(-5.51777520908291,-63.0130287952438,16.078237968125));
#5599=CARTESIAN_POINT('',(-4.98070714058028,-65.5147923641087,22.9598651491235));
#5600=CARTESIAN_POINT('Origin',(-4.50433936779056,-65.7883675605358,22.8115703179687));
#5601=CARTESIAN_POINT('',(-5.43208094419795,-62.6508688043822,16.2265327992798));
#5602=CARTESIAN_POINT('Ctrl Pts',(-5.19772838222782,-63.174202620402,17.9894411896288));
#5603=CARTESIAN_POINT('Ctrl Pts',(-5.10856941834688,-63.0233180782856,18.0681981706307));
#5604=CARTESIAN_POINT('Ctrl Pts',(-5.04051180070786,-62.8435773270315,18.1186266535882));
#5605=CARTESIAN_POINT('Ctrl Pts',(-5.00090365675288,-62.6523554158322,18.1103487544144));
#5606=CARTESIAN_POINT('Ctrl Pts',(-5.199312576431,-63.1396817258804,17.9230822561765));
#5607=CARTESIAN_POINT('Ctrl Pts',(-5.11499685138224,-62.9924452100935,17.9924677875687));
#5608=CARTESIAN_POINT('Ctrl Pts',(-5.05197030815151,-62.822809264934,18.032681247041));
#5609=CARTESIAN_POINT('Ctrl Pts',(-5.01455144858377,-62.6494351491163,18.0200419350479));
#5610=CARTESIAN_POINT('Ctrl Pts',(-5.15363117217123,-63.0930534052745,17.7780143095292));
#5611=CARTESIAN_POINT('Ctrl Pts',(-5.06736717185244,-62.9539894336104,17.8279345756265));
#5612=CARTESIAN_POINT('Ctrl Pts',(-5.00325269846247,-62.802992830396,17.8476185913917));
#5613=CARTESIAN_POINT('Ctrl Pts',(-4.96047534843506,-62.6610060052187,17.8277934937773));
#5614=CARTESIAN_POINT('Ctrl Pts',(-5.03253968249008,-63.11286005935,17.6767708025608));
#5615=CARTESIAN_POINT('Ctrl Pts',(-4.92731496774231,-62.9830258204042,17.7260498115864));
#5616=CARTESIAN_POINT('Ctrl Pts',(-4.84192172898743,-62.839227702729,17.7532498938828));
#5617=CARTESIAN_POINT('Ctrl Pts',(-4.78294731083116,-62.6989923128778,17.743779157));
#5618=CARTESIAN_POINT('Ctrl Pts',(-4.96736377131891,-63.1371536574189,17.6492093879627));
#5619=CARTESIAN_POINT('Ctrl Pts',(-4.85285846977704,-63.0108343603346,17.7053932185377));
#5620=CARTESIAN_POINT('Ctrl Pts',(-4.75828443642684,-62.8662347784867,17.743779157));
#5621=CARTESIAN_POINT('Ctrl Pts',(-4.69359104614577,-62.7181121916722,17.743779157));
#5622=CARTESIAN_POINT('',(-5.00090365675286,-62.6523554158321,18.1103487544144));
#5623=CARTESIAN_POINT('Ctrl Pts',(-5.19772838222782,-63.174202620402,17.9894411896288));
#5624=CARTESIAN_POINT('Ctrl Pts',(-5.10856941834688,-63.0233180782856,18.0681981706307));
#5625=CARTESIAN_POINT('Ctrl Pts',(-5.04051180070786,-62.8435773270315,18.1186266535882));
#5626=CARTESIAN_POINT('Ctrl Pts',(-5.00090365675288,-62.6523554158322,18.1103487544144));
#5627=CARTESIAN_POINT('Origin',(-4.69359104614578,-62.7181121916721,18.061779157));
#5628=CARTESIAN_POINT('Origin',(-7.52508521831798,-61.4488688200804,16.8780918113836));
#5629=CARTESIAN_POINT('',(-9.19968208298259,-63.8678238315182,18.1351275979524));
#5630=CARTESIAN_POINT('Origin',(-7.44573588106191,-61.9523327663595,18.061779157));
#5631=CARTESIAN_POINT('',(-9.36268957740147,-63.721666749414,18.2844754529987));
#5632=CARTESIAN_POINT('Ctrl Pts',(-9.36268957740147,-63.721666749414,18.2844754529987));
#5633=CARTESIAN_POINT('Ctrl Pts',(-9.34883317915515,-63.7267404846212,18.2442207578607));
#5634=CARTESIAN_POINT('Ctrl Pts',(-9.30130598996999,-63.7615946654506,18.1633592288183));
#5635=CARTESIAN_POINT('Ctrl Pts',(-9.23564207001753,-63.8276651178692,18.1330768555734));
#5636=CARTESIAN_POINT('Ctrl Pts',(-9.19968208298244,-63.8678238315183,18.1351275979524));
#5637=CARTESIAN_POINT('',(-9.73384797376421,-63.2058647832494,18.9210699176647));
#5638=CARTESIAN_POINT('Ctrl Pts',(-9.7338479737642,-63.2058647832495,18.9210699176647));
#5639=CARTESIAN_POINT('Ctrl Pts',(-9.68274369830798,-63.3453252429193,18.8796782898079));
#5640=CARTESIAN_POINT('Ctrl Pts',(-9.55402906071718,-63.5887775044755,18.7194266265397));
#5641=CARTESIAN_POINT('Ctrl Pts',(-9.41617727200362,-63.7020814001457,18.4398643788629));
#5642=CARTESIAN_POINT('Ctrl Pts',(-9.36268957740147,-63.721666749414,18.2844754529987));
#5643=CARTESIAN_POINT('',(-5.97056443790595,-60.8613167587985,20.8916883896234));
#5644=CARTESIAN_POINT('Ctrl Pts',(-5.97056443790595,-60.8613167587985,20.8916883896234));
#5645=CARTESIAN_POINT('Ctrl Pts',(-6.71688034286436,-60.343327632627,20.8566347329301));
#5646=CARTESIAN_POINT('Ctrl Pts',(-8.36980650463672,-60.1134294601103,20.5133009881204));
#5647=CARTESIAN_POINT('Ctrl Pts',(-9.89805422379621,-61.4821013986086,19.5807035212464));
#5648=CARTESIAN_POINT('Ctrl Pts',(-9.93302745052805,-62.6623161048208,19.0823942433757));
#5649=CARTESIAN_POINT('Ctrl Pts',(-9.73384797376421,-63.2058647832494,18.9210699176647));
#5650=CARTESIAN_POINT('',(-4.89931970463182,-62.2732163611606,18.6707041144011));
#5651=CARTESIAN_POINT('Ctrl Pts',(-4.89931970463182,-62.2732163611606,18.6707041144011));
#5652=CARTESIAN_POINT('Ctrl Pts',(-4.88295069550058,-62.2789588896412,18.9195723642263));
#5653=CARTESIAN_POINT('Ctrl Pts',(-4.86027570496717,-62.2307714238292,19.4136760301518));
#5654=CARTESIAN_POINT('Ctrl Pts',(-4.91487123121109,-62.0169748035833,20.0216111458114));
#5655=CARTESIAN_POINT('Ctrl Pts',(-5.07331488602935,-61.7309835376712,20.4601023574189));
#5656=CARTESIAN_POINT('Ctrl Pts',(-5.29946545367151,-61.4382415478594,20.7329122414122));
#5657=CARTESIAN_POINT('Ctrl Pts',(-5.60619888457117,-61.1345790362081,20.8789666546345));
#5658=CARTESIAN_POINT('Ctrl Pts',(-5.84595738920289,-60.9478017122126,20.8975410489032));
#5659=CARTESIAN_POINT('Ctrl Pts',(-5.97056443790595,-60.8613167587985,20.8916883896234));
#5660=CARTESIAN_POINT('',(-4.93756873261185,-62.2640987636294,18.1885286675335));
#5661=CARTESIAN_POINT('Ctrl Pts',(-4.93756873261185,-62.2640987636294,18.1885286675335));
#5662=CARTESIAN_POINT('Ctrl Pts',(-4.92260844321254,-62.2664469434395,18.3490091362294));
#5663=CARTESIAN_POINT('Ctrl Pts',(-4.90990521137577,-62.2695027842745,18.5097660566507));
#5664=CARTESIAN_POINT('Ctrl Pts',(-4.89931970463182,-62.2732163611606,18.6707041144011));
#5665=CARTESIAN_POINT('',(-4.95507745601149,-62.3571350445832,18.0974607399238));
#5666=CARTESIAN_POINT('Ctrl Pts',(-4.95507745601149,-62.3571350445832,18.0974607399238));
#5667=CARTESIAN_POINT('Ctrl Pts',(-4.95255837297572,-62.3330203150988,18.0963993635161));
#5668=CARTESIAN_POINT('Ctrl Pts',(-4.94618448186906,-62.2855304482807,18.113056192276));
#5669=CARTESIAN_POINT('Ctrl Pts',(-4.94001227254743,-62.2637152235127,18.1623165787381));
#5670=CARTESIAN_POINT('Ctrl Pts',(-4.93756873261185,-62.2640987636294,18.1885286675335));
#5671=CARTESIAN_POINT('Origin',(-7.44573588106191,-61.9523327663595,18.061779157));
#5672=CARTESIAN_POINT('Origin',(-7.07371141470032,-64.3127923798069,23.6114241612273));
#5673=CARTESIAN_POINT('Origin',(-7.07371141470032,-64.3127923798069,23.6114241612273));
#5674=CARTESIAN_POINT('',(-5.01598008231959,-66.1968708219085,22.6721176888274));
#5675=CARTESIAN_POINT('',(-5.25308044104731,-64.6924917508645,23.3278773224927));
#5676=CARTESIAN_POINT('',(-4.83786630038237,-66.4256232628794,22.5628812272872));
#5677=CARTESIAN_POINT('Origin',(-4.67815017566803,-66.1436265342168,22.6721176888274));
#5678=CARTESIAN_POINT('',(-3.8306579861057,-64.1688893591605,23.4552307557021));
#5679=CARTESIAN_POINT('Origin',(-7.07371141470031,-64.3127923798069,23.6114241612273));
#5680=CARTESIAN_POINT('',(-3.86247390312404,-63.812344742165,23.6090145504692));
#5681=CARTESIAN_POINT('Ctrl Pts',(-3.86247390312403,-63.812344742165,23.6090145504692));
#5682=CARTESIAN_POINT('Ctrl Pts',(-3.84413360262295,-63.9302769429111,23.5576243737505));
#5683=CARTESIAN_POINT('Ctrl Pts',(-3.83350286022436,-64.0494102048787,23.5062401591669));
#5684=CARTESIAN_POINT('Ctrl Pts',(-3.8306579861057,-64.1688893591605,23.4552307557021));
#5685=CARTESIAN_POINT('',(-4.2443515367109,-62.7813014051604,24.0731530634015));
#5686=CARTESIAN_POINT('Ctrl Pts',(-4.2443515367109,-62.7813014051604,24.0731530634015));
#5687=CARTESIAN_POINT('Ctrl Pts',(-4.18150747053104,-62.8813673702245,24.0263786842833));
#5688=CARTESIAN_POINT('Ctrl Pts',(-4.12510946511631,-62.9802151132894,23.9805545742619));
#5689=CARTESIAN_POINT('Ctrl Pts',(-4.02427584282632,-63.1908248027451,23.88421539576));
#5690=CARTESIAN_POINT('Ctrl Pts',(-3.98329935519919,-63.2970133772262,23.8363027640128));
#5691=CARTESIAN_POINT('Ctrl Pts',(-3.93053362500661,-63.4747064000094,23.7571864698798));
#5692=CARTESIAN_POINT('Ctrl Pts',(-3.9144188089934,-63.5390256202071,23.7287489703005));
#5693=CARTESIAN_POINT('Ctrl Pts',(-3.885714296242,-63.6730084073509,23.6698371410322));
#5694=CARTESIAN_POINT('Ctrl Pts',(-3.87341809227537,-63.7419711781155,23.6396805591585));
#5695=CARTESIAN_POINT('Ctrl Pts',(-3.86247390312404,-63.812344742165,23.6090145504692));
#5696=CARTESIAN_POINT('',(-4.27395500973923,-62.7347889182632,24.0949209536009));
#5697=CARTESIAN_POINT('Ctrl Pts',(-4.27395500973923,-62.7347889182632,24.0949209536009));
#5698=CARTESIAN_POINT('Ctrl Pts',(-4.26393743866046,-62.7503312317663,24.0876387247686));
#5699=CARTESIAN_POINT('Ctrl Pts',(-4.25406810269419,-62.7658298163322,24.0803850324425));
#5700=CARTESIAN_POINT('Ctrl Pts',(-4.24435153671091,-62.7813014051604,24.0731530634015));
#5701=CARTESIAN_POINT('',(-4.55217564140793,-62.3704803774673,24.2685249370405));
#5702=CARTESIAN_POINT('Ctrl Pts',(-4.55217564140793,-62.3704803774673,24.2685249370406));
#5703=CARTESIAN_POINT('Ctrl Pts',(-4.44948623547063,-62.4849873573462,24.2129372241919));
#5704=CARTESIAN_POINT('Ctrl Pts',(-4.35639362807583,-62.6068849741961,24.1548493412927));
#5705=CARTESIAN_POINT('Ctrl Pts',(-4.27395500973924,-62.7347889182632,24.0949209536009));
#5706=CARTESIAN_POINT('',(-7.94680869515594,-67.2142199137453,22.4358734799867));
#5707=CARTESIAN_POINT('Origin',(-7.07371141470031,-64.3127923798069,23.6114241612273));
#5708=CARTESIAN_POINT('',(-7.89148836321318,-66.9911513538759,22.5270439619268));
#5709=CARTESIAN_POINT('Origin',(-8.22931826986475,-67.0443956415676,22.5270439619268));
#5710=CARTESIAN_POINT('',(-7.92707099964423,-66.7653829331672,22.6254565360624));
#5711=CARTESIAN_POINT('Origin',(-5.12792106754733,-65.4866159902739,23.3820383304912));
#5712=CARTESIAN_POINT('',(-5.31983205181201,-64.2689591727961,18.1394304142242));
#5713=CARTESIAN_POINT('Ctrl Pts',(-5.31983205181201,-64.2689591727961,18.1394304142242));
#5714=CARTESIAN_POINT('Ctrl Pts',(-5.33573502336225,-64.1680563412021,17.9021991173708));
#5715=CARTESIAN_POINT('Ctrl Pts',(-5.34913410956458,-64.0830404223647,17.6571227152437));
#5716=CARTESIAN_POINT('Ctrl Pts',(-5.35941698321727,-64.0177965737417,17.4070959797604));
#5717=CARTESIAN_POINT('',(-5.46735388593725,-63.332947262182,15.9387853389838));
#5718=CARTESIAN_POINT('Ctrl Pts',(-8.2148538801341,-64.9394281149761,16.604432708716));
#5719=CARTESIAN_POINT('Ctrl Pts',(-8.214853880145,-64.9394281149069,17.3845275717759));
#5720=CARTESIAN_POINT('Ctrl Pts',(-8.18163827792646,-65.1501779302081,18.1523153920709));
#5721=CARTESIAN_POINT('Ctrl Pts',(-8.13598860660989,-65.4398207232312,18.8752062243071));
#5722=CARTESIAN_POINT('Ctrl Pts',(-8.20783368936392,-64.983970553149,16.60443270872));
#5723=CARTESIAN_POINT('Ctrl Pts',(-8.20672280526079,-64.9908938211545,17.3751268655846));
#5724=CARTESIAN_POINT('Ctrl Pts',(-8.1727211588003,-65.2070174700274,18.1360015037432));
#5725=CARTESIAN_POINT('Ctrl Pts',(-8.12638780575386,-65.5007368852757,18.8501924879143));
#5726=CARTESIAN_POINT('Ctrl Pts',(-8.21170949405677,-65.0757688123357,16.6044327087281));
#5727=CARTESIAN_POINT('Ctrl Pts',(-8.21406108168995,-65.0973754995518,17.3563430076316));
#5728=CARTESIAN_POINT('Ctrl Pts',(-8.18569199714689,-65.325125659077,18.1035005245334));
#5729=CARTESIAN_POINT('Ctrl Pts',(-8.14673647024197,-65.6282427566422,18.8003893291822));
#5730=CARTESIAN_POINT('Ctrl Pts',(-8.27972852218062,-65.2217206273844,16.6044327087401));
#5731=CARTESIAN_POINT('Ctrl Pts',(-8.30648521306197,-65.2606375899481,17.3285160465361));
#5732=CARTESIAN_POINT('Ctrl Pts',(-8.31106060187094,-65.4967552727468,18.0591102618035));
#5733=CARTESIAN_POINT('Ctrl Pts',(-8.30860471641477,-65.8005230975701,18.7415830405986));
#5734=CARTESIAN_POINT('Ctrl Pts',(-8.37405407848632,-65.2920557339268,16.604432708745));
#5735=CARTESIAN_POINT('Ctrl Pts',(-8.42848553878834,-65.3270791137055,17.3170512583068));
#5736=CARTESIAN_POINT('Ctrl Pts',(-8.46542588789434,-65.5449148497661,18.0490981515646));
#5737=CARTESIAN_POINT('Ctrl Pts',(-8.48922537503968,-65.8238022302622,18.7436616956598));
#5738=CARTESIAN_POINT('Ctrl Pts',(-8.43775921952814,-65.3147847182359,16.6044327087461));
#5739=CARTESIAN_POINT('Ctrl Pts',(-8.50701353967818,-65.3394935616048,17.3144842526263));
#5740=CARTESIAN_POINT('Ctrl Pts',(-8.55718008645182,-65.5381412354121,18.0526983881675));
#5741=CARTESIAN_POINT('Ctrl Pts',(-8.58358560716627,-65.7960682941591,18.7607326664704));
#5742=CARTESIAN_POINT('',(-8.13598860660989,-65.4398207232312,18.8752062243071));
#5743=CARTESIAN_POINT('Ctrl Pts',(-8.19337879325214,-65.0759181136764,17.7175691933551));
#5744=CARTESIAN_POINT('Ctrl Pts',(-8.17925722950792,-65.1655537075463,18.1117671493758));
#5745=CARTESIAN_POINT('Ctrl Pts',(-8.15889619266046,-65.2947804959647,18.4984442142389));
#5746=CARTESIAN_POINT('Ctrl Pts',(-8.1351929090405,-65.4452016502863,18.8729999851314));
#5747=CARTESIAN_POINT('',(-8.58358560716627,-65.7960682941591,18.7607326664704));
#5748=CARTESIAN_POINT('Origin',(-8.47381851326145,-65.4930650109229,18.8752062243071));
#5749=CARTESIAN_POINT('Ctrl Pts',(-8.58358560716627,-65.7960682941591,18.7607326664704));
#5750=CARTESIAN_POINT('Ctrl Pts',(-8.55718008645182,-65.5381412354121,18.0526983881675));
#5751=CARTESIAN_POINT('Ctrl Pts',(-8.50701353967818,-65.3394935616048,17.3144842526263));
#5752=CARTESIAN_POINT('Ctrl Pts',(-8.43775921952814,-65.3147847182359,16.6044327087461));
#5753=CARTESIAN_POINT('Origin',(-8.6806920734824,-64.1804720818411,15.7937116120831));
#5754=CARTESIAN_POINT('',(-8.36985896164099,-67.2425535811652,22.1799910193812));
#5755=CARTESIAN_POINT('Ctrl Pts',(-7.94680869515594,-67.2142199137453,22.4358734799867));
#5756=CARTESIAN_POINT('Ctrl Pts',(-7.95212324613918,-67.2176969271632,22.4258819756576));
#5757=CARTESIAN_POINT('Ctrl Pts',(-7.95773687895094,-67.2210764650424,22.415997824733));
#5758=CARTESIAN_POINT('Ctrl Pts',(-7.99639568532961,-67.2424523721453,22.3522347427634));
#5759=CARTESIAN_POINT('Ctrl Pts',(-8.0383392612332,-67.2568817899242,22.3029711688742));
#5760=CARTESIAN_POINT('Ctrl Pts',(-8.12417150104642,-67.2718586252121,22.2331707875442));
#5761=CARTESIAN_POINT('Ctrl Pts',(-8.17142708029111,-67.275105115083,22.2053908478874));
#5762=CARTESIAN_POINT('Ctrl Pts',(-8.24601756504949,-67.270098617343,22.1817160538181));
#5763=CARTESIAN_POINT('Ctrl Pts',(-8.27150833692719,-67.2668316152395,22.1767113780584));
#5764=CARTESIAN_POINT('Ctrl Pts',(-8.32173830678143,-67.2570237941874,22.173380063193));
#5765=CARTESIAN_POINT('Ctrl Pts',(-8.34647749597009,-67.2504838951616,22.1750505838798));
#5766=CARTESIAN_POINT('Ctrl Pts',(-8.369858961641,-67.2425535811652,22.1799910193812));
#5767=CARTESIAN_POINT('',(-8.58942771082501,-65.8494108938276,18.9045918933335));
#5768=CARTESIAN_POINT('',(-8.80584012429502,-64.4762948543307,15.6762771509809));
#5769=CARTESIAN_POINT('',(-8.12644975336006,-65.5003438336466,19.0220263544355));
#5770=CARTESIAN_POINT('Origin',(-8.46427966001162,-65.5535881213383,19.0220263544355));
#5771=CARTESIAN_POINT('',(-8.34286216683084,-64.1272277941494,15.7937116120831));
#5772=CARTESIAN_POINT('Ctrl Pts',(-8.13598860660989,-65.4398207232312,18.8752062243071));
#5773=CARTESIAN_POINT('Ctrl Pts',(-8.1328852986502,-65.459510915058,18.9243490288217));
#5774=CARTESIAN_POINT('Ctrl Pts',(-8.12971493818434,-65.4796265486155,18.9733182228839));
#5775=CARTESIAN_POINT('Ctrl Pts',(-8.12644975336018,-65.5003438336458,19.0220263544337));
#5776=CARTESIAN_POINT('Ctrl Pts',(-8.12638780575386,-65.5007368852757,18.8501924879143));
#5777=CARTESIAN_POINT('Ctrl Pts',(-8.12323284157742,-65.5207365462076,18.8987867877747));
#5778=CARTESIAN_POINT('Ctrl Pts',(-8.12002347403217,-65.5411378059449,18.9471253885686));
#5779=CARTESIAN_POINT('Ctrl Pts',(-8.11671593341027,-65.5621039891029,18.9951050699668));
#5780=CARTESIAN_POINT('Ctrl Pts',(-8.1467364915466,-65.6282427035464,18.8003893518017));
#5781=CARTESIAN_POINT('Ctrl Pts',(-8.14409025279564,-65.6489482410604,18.8478930898738));
#5782=CARTESIAN_POINT('Ctrl Pts',(-8.141404029346,-65.6699866516225,18.8949900835182));
#5783=CARTESIAN_POINT('Ctrl Pts',(-8.13866833418876,-65.6915444210665,18.9415210872821));
#5784=CARTESIAN_POINT('Ctrl Pts',(-8.30860473682679,-65.8005229866969,18.7415830863115));
#5785=CARTESIAN_POINT('Ctrl Pts',(-8.30850392045226,-65.8213307223165,18.7882193564098));
#5786=CARTESIAN_POINT('Ctrl Pts',(-8.30848044426811,-65.8424080950184,18.8342735959514));
#5787=CARTESIAN_POINT('Ctrl Pts',(-8.308479834257,-65.8638534394686,18.879615425566));
#5788=CARTESIAN_POINT('Ctrl Pts',(-8.48922537503969,-65.8238022302622,18.7436616956598));
#5789=CARTESIAN_POINT('Ctrl Pts',(-8.4909622383935,-65.8428671626773,18.7911401281396));
#5790=CARTESIAN_POINT('Ctrl Pts',(-8.49274620880603,-65.8620200911288,18.8381818633984));
#5791=CARTESIAN_POINT('Ctrl Pts',(-8.49460964288651,-65.8815704283004,18.8845571121242));
#5792=CARTESIAN_POINT('Ctrl Pts',(-8.58358560716628,-65.7960682941591,18.7607326664704));
#5793=CARTESIAN_POINT('Ctrl Pts',(-8.58550751097823,-65.8136494679138,18.8091116569701));
#5794=CARTESIAN_POINT('Ctrl Pts',(-8.58748138941587,-65.8313785579468,18.8570934514538));
#5795=CARTESIAN_POINT('Ctrl Pts',(-8.58942771082447,-65.849410893827,18.9045918933315));
#5796=CARTESIAN_POINT('Ctrl Pts',(-8.58942771082447,-65.849410893827,18.9045918933315));
#5797=CARTESIAN_POINT('Ctrl Pts',(-8.58748138941587,-65.8313785579468,18.8570934514538));
#5798=CARTESIAN_POINT('Ctrl Pts',(-8.58550751097823,-65.8136494679138,18.8091116569701));
#5799=CARTESIAN_POINT('Ctrl Pts',(-8.58358560716628,-65.7960682941591,18.7607326664704));
#5800=CARTESIAN_POINT('Ctrl Pts',(-8.13598860660989,-65.4398207232312,18.8752062243071));
#5801=CARTESIAN_POINT('Ctrl Pts',(-8.1328852986502,-65.459510915058,18.9243490288217));
#5802=CARTESIAN_POINT('Ctrl Pts',(-8.12971493818434,-65.4796265486155,18.9733182228839));
#5803=CARTESIAN_POINT('Ctrl Pts',(-8.12644975336018,-65.5003438336458,19.0220263544337));
#5804=CARTESIAN_POINT('Origin',(23.4967842251209,-154.821406183566,15.));
#5805=CARTESIAN_POINT('',(-9.55460385785555,-65.7211475029957,18.2747221226726));
#5806=CARTESIAN_POINT('Ctrl Pts',(-9.55460385785558,-65.7211475029957,18.2747221226726));
#5807=CARTESIAN_POINT('Ctrl Pts',(-9.2420221213867,-65.605196545808,17.6773468805019));
#5808=CARTESIAN_POINT('Ctrl Pts',(-8.88296302388152,-65.4736263770836,17.102441128016));
#5809=CARTESIAN_POINT('Ctrl Pts',(-8.43775921865067,-65.3147847179228,16.6044327080369));
#5810=CARTESIAN_POINT('',(-11.5993299844636,-66.506553986759,17.21622688546));
#5811=CARTESIAN_POINT('Ctrl Pts',(-11.5993299844636,-66.506553986759,17.21622688546));
#5812=CARTESIAN_POINT('Ctrl Pts',(-10.9286033699558,-66.2400088102612,17.5867834511279));
#5813=CARTESIAN_POINT('Ctrl Pts',(-10.2466821042063,-65.9778711875579,17.9395261547921));
#5814=CARTESIAN_POINT('Ctrl Pts',(-9.55460385785549,-65.7211475029956,18.2747221226725));
#5815=CARTESIAN_POINT('',(-11.5993299844636,-66.506553986759,15.));
#5816=CARTESIAN_POINT('Ctrl Pts',(-8.43775921865067,-65.3147847179228,16.6044327080369));
#5817=CARTESIAN_POINT('Ctrl Pts',(-8.88296302388152,-65.4736263770836,17.102441128016));
#5818=CARTESIAN_POINT('Ctrl Pts',(-9.2420221213867,-65.605196545808,17.6773468805019));
#5819=CARTESIAN_POINT('Ctrl Pts',(-9.55460385785558,-65.7211475029957,18.2747221226726));
#5820=CARTESIAN_POINT('Ctrl Pts',(-8.24812182957386,-65.2471251041326,16.7926228788744));
#5821=CARTESIAN_POINT('Ctrl Pts',(-8.6488501412604,-65.3888115839571,17.288816952966));
#5822=CARTESIAN_POINT('Ctrl Pts',(-8.97057580589531,-65.5062036415294,17.8603951555098));
#5823=CARTESIAN_POINT('Ctrl Pts',(-9.24903187665772,-65.6077967867642,18.453837592291));
#5824=CARTESIAN_POINT('Ctrl Pts',(-8.03175437721917,-65.2554187053243,16.9804883566722));
#5825=CARTESIAN_POINT('Ctrl Pts',(-8.3810807287324,-65.399016145264,17.474692249994));
#5826=CARTESIAN_POINT('Ctrl Pts',(-8.65750165139604,-65.5236063261198,18.0427796843434));
#5827=CARTESIAN_POINT('Ctrl Pts',(-8.89319180429133,-65.6352523157724,18.6319413786545));
#5828=CARTESIAN_POINT('Ctrl Pts',(-7.82210807662534,-65.3383832998241,17.1389844379511));
#5829=CARTESIAN_POINT('Ctrl Pts',(-8.12887334233695,-65.5023626570085,17.6245586092652));
#5830=CARTESIAN_POINT('Ctrl Pts',(-8.37304876410428,-65.653824193927,18.1823419178524));
#5831=CARTESIAN_POINT('Ctrl Pts',(-8.58358560716627,-65.7960682941591,18.7607326664704));
#5832=CARTESIAN_POINT('Origin',(-9.04961432163935,-67.0825032861443,18.2747221226726));
#5833=CARTESIAN_POINT('Ctrl Pts',(-9.55460385785554,-65.7211475029957,18.2747221226726));
#5834=CARTESIAN_POINT('Ctrl Pts',(-9.73998714929847,-65.7899147007604,18.586021266208));
#5835=CARTESIAN_POINT('Ctrl Pts',(-10.4688148723367,-65.8113237393672,19.1843806673936));
#5836=CARTESIAN_POINT('Ctrl Pts',(-11.110787568194,-65.2854262900166,19.6028968739253));
#5837=CARTESIAN_POINT('Ctrl Pts',(-11.305088962939,-64.8570111479924,19.7349975280753));
#5838=CARTESIAN_POINT('Ctrl Pts',(-9.39483035452901,-65.6618801547071,18.3683756898901));
#5839=CARTESIAN_POINT('Ctrl Pts',(-9.57765294619462,-65.7262807863981,18.7099947366111));
#5840=CARTESIAN_POINT('Ctrl Pts',(-10.2820981042195,-65.686228738151,19.3557719805898));
#5841=CARTESIAN_POINT('Ctrl Pts',(-10.8548940060691,-65.1687805168797,19.7346701381907));
#5842=CARTESIAN_POINT('Ctrl Pts',(-11.0439036999774,-64.7686520433789,19.858463422124));
#5843=CARTESIAN_POINT('Ctrl Pts',(-9.04781667720514,-65.6176586592939,18.5556315468251));
#5844=CARTESIAN_POINT('Ctrl Pts',(-9.22595794878672,-65.6896693996744,18.9714410677415));
#5845=CARTESIAN_POINT('Ctrl Pts',(-9.88402376781913,-65.5950001953139,19.7704988125347));
#5846=CARTESIAN_POINT('Ctrl Pts',(-10.379296535593,-65.0599837481719,20.1645604945376));
#5847=CARTESIAN_POINT('Ctrl Pts',(-10.5769101002751,-64.6695547431633,20.2755880817905));
#5848=CARTESIAN_POINT('Ctrl Pts',(-8.70099370397344,-65.7288360066183,18.7130869739894));
#5849=CARTESIAN_POINT('Ctrl Pts',(-8.8860862760833,-65.8403151163683,19.212785929698));
#5850=CARTESIAN_POINT('Ctrl Pts',(-9.55843230772141,-65.8405669322208,20.2079548364502));
#5851=CARTESIAN_POINT('Ctrl Pts',(-10.1614915346803,-65.2378706522457,20.7579137196872));
#5852=CARTESIAN_POINT('Ctrl Pts',(-10.3942494269192,-64.7617988976976,20.8756067257827));
#5853=CARTESIAN_POINT('Ctrl Pts',(-8.54140348604438,-65.8189222371453,18.7780993958928));
#5854=CARTESIAN_POINT('Ctrl Pts',(-8.73518806910624,-65.95593604935,19.3176777517027));
#5855=CARTESIAN_POINT('Ctrl Pts',(-9.44055512716368,-66.0298323574213,20.4016556708112));
#5856=CARTESIAN_POINT('Ctrl Pts',(-10.1385872687757,-65.3825177949862,21.037376794845));
#5857=CARTESIAN_POINT('Ctrl Pts',(-10.3915301060938,-64.8473740961111,21.1653279550022));
#5858=CARTESIAN_POINT('',(-10.3915301060938,-64.8473740961111,21.1653279550022));
#5859=CARTESIAN_POINT('Ctrl Pts',(-8.5893360733686,-65.8494248300913,18.9046417775911));
#5860=CARTESIAN_POINT('Ctrl Pts',(-8.78296998497328,-65.9601150437611,19.3906054729964));
#5861=CARTESIAN_POINT('Ctrl Pts',(-9.46420181465229,-66.0079037895915,20.4231914968194));
#5862=CARTESIAN_POINT('Ctrl Pts',(-10.1385872687757,-65.3825177949862,21.037376794845));
#5863=CARTESIAN_POINT('Ctrl Pts',(-10.3915301060938,-64.8473740961111,21.1653279550022));
#5864=CARTESIAN_POINT('',(-11.305088962939,-64.8570111479924,19.7349975280753));
#5865=CARTESIAN_POINT('Origin',(-11.710680540839,-65.4325240138617,21.0048732752078));
#5866=CARTESIAN_POINT('Ctrl Pts',(-11.305088962939,-64.8570111479924,19.7349975280753));
#5867=CARTESIAN_POINT('Ctrl Pts',(-11.110787568194,-65.2854262900166,19.6028968739253));
#5868=CARTESIAN_POINT('Ctrl Pts',(-10.4688148723367,-65.8113237393672,19.1843806673936));
#5869=CARTESIAN_POINT('Ctrl Pts',(-9.73998714929847,-65.7899147007604,18.586021266208));
#5870=CARTESIAN_POINT('Ctrl Pts',(-9.55460385785554,-65.7211475029957,18.2747221226726));
#5871=CARTESIAN_POINT('Origin',(-7.52508521831798,-61.4488688200804,16.8780918113836));
#5872=CARTESIAN_POINT('',(-4.37360399211832,-62.1234069290105,24.089452669121));
#5873=CARTESIAN_POINT('Origin',(-7.08910405566395,-64.2151275469148,23.381805679784));
#5874=CARTESIAN_POINT('',(-10.6891022798382,-63.8463408790947,21.4764365928454));
#5875=CARTESIAN_POINT('Ctrl Pts',(-10.6891022798382,-63.8463408790947,21.4764365928454));
#5876=CARTESIAN_POINT('Ctrl Pts',(-10.7996272743339,-62.9816616229365,21.8014638489589));
#5877=CARTESIAN_POINT('Ctrl Pts',(-10.2390387221106,-61.183094605285,22.5281818687423));
#5878=CARTESIAN_POINT('Ctrl Pts',(-7.55848341670792,-60.0162928111837,23.3643402885341));
#5879=CARTESIAN_POINT('Ctrl Pts',(-5.40062524213205,-60.9356908205746,23.8896889006045));
#5880=CARTESIAN_POINT('Ctrl Pts',(-4.54899300034675,-61.8833524338389,24.0596962961956));
#5881=CARTESIAN_POINT('Ctrl Pts',(-4.37289681951726,-62.1229369816613,24.0890458986723));
#5882=CARTESIAN_POINT('Ctrl Pts',(-10.3915301060938,-64.8473740961111,21.1653279550022));
#5883=CARTESIAN_POINT('Ctrl Pts',(-10.5446127654083,-64.5235016298741,21.2427648338912));
#5884=CARTESIAN_POINT('Ctrl Pts',(-10.6458771056873,-64.1845079299292,21.3493218183693));
#5885=CARTESIAN_POINT('Ctrl Pts',(-10.6891022798382,-63.8463408790947,21.4764365928454));
#5886=CARTESIAN_POINT('Origin',(-5.12952397928569,-63.2797029744903,15.9387853389838));
#5887=CARTESIAN_POINT('',(-4.72257151066114,-64.4139876149361,18.0377069140466));
#5888=CARTESIAN_POINT('Origin',(-4.98200214516045,-64.2157148851044,18.1394304142242));
#5889=CARTESIAN_POINT('',(-4.43411218213228,-66.2442344311563,22.3407757072065));
#5890=CARTESIAN_POINT('',(-4.87009334478631,-63.4779757043219,15.8370618388062));
#5891=CARTESIAN_POINT('Ctrl Pts',(-4.43411218213229,-66.2442344311563,22.3407757072065));
#5892=CARTESIAN_POINT('Ctrl Pts',(-4.45044533454997,-66.2622385293656,22.3342128343814));
#5893=CARTESIAN_POINT('Ctrl Pts',(-4.4688803803709,-66.2797297593615,22.330778542729));
#5894=CARTESIAN_POINT('Ctrl Pts',(-4.50847750699062,-66.3123226109615,22.3304402054358));
#5895=CARTESIAN_POINT('Ctrl Pts',(-4.52964023556568,-66.3274234747248,22.3335389738985));
#5896=CARTESIAN_POINT('Ctrl Pts',(-4.59442513536555,-66.3677831400438,22.3515199495003));
#5897=CARTESIAN_POINT('Ctrl Pts',(-4.63950259025449,-66.3879573226191,22.3755278634398));
#5898=CARTESIAN_POINT('Ctrl Pts',(-4.7271823082134,-66.416992543976,22.4382398654793));
#5899=CARTESIAN_POINT('Ctrl Pts',(-4.77457414288545,-66.4252234384956,22.4838538737572));
#5900=CARTESIAN_POINT('Ctrl Pts',(-4.82350512858897,-66.4260650600295,22.5440387028143));
#5901=CARTESIAN_POINT('Ctrl Pts',(-4.83078942751674,-66.4259571381796,22.5533959423179));
#5902=CARTESIAN_POINT('Ctrl Pts',(-4.83786630038237,-66.4256232628794,22.5628812272872));
#5903=CARTESIAN_POINT('Ctrl Pts',(-5.31983205181201,-64.2689591727961,18.1394304142242));
#5904=CARTESIAN_POINT('Ctrl Pts',(-5.35871176636587,-64.0222711071313,17.5594454047708));
#5905=CARTESIAN_POINT('Ctrl Pts',(-5.38262554055607,-63.8705404999131,16.9325695191948));
#5906=CARTESIAN_POINT('Ctrl Pts',(-5.38262554055607,-63.8705404999131,16.3011035698865));
#5907=CARTESIAN_POINT('Ctrl Pts',(-5.30916472277428,-64.3366423540213,18.1099272796887));
#5908=CARTESIAN_POINT('Ctrl Pts',(-5.34826030258833,-64.0879688943102,17.5415962577699));
#5909=CARTESIAN_POINT('Ctrl Pts',(-5.37305993622285,-63.9314332632986,16.9225518512648));
#5910=CARTESIAN_POINT('Ctrl Pts',(-5.37391178826326,-63.925828423769,16.3011035698865));
#5911=CARTESIAN_POINT('Ctrl Pts',(-5.2377574268413,-64.4638646542441,18.051028311823));
#5912=CARTESIAN_POINT('Ctrl Pts',(-5.28657430743489,-64.2126670039441,17.506017711683));
#5913=CARTESIAN_POINT('Ctrl Pts',(-5.32036753191543,-64.0478642899143,16.9025159266535));
#5914=CARTESIAN_POINT('Ctrl Pts',(-5.32875242436022,-64.0319651274384,16.3011035698865));
#5915=CARTESIAN_POINT('Ctrl Pts',(-5.0251679179096,-64.5525805172003,17.9990432371066));
#5916=CARTESIAN_POINT('Ctrl Pts',(-5.10194636337857,-64.316602422919,17.4684445757192));
#5917=CARTESIAN_POINT('Ctrl Pts',(-5.16305263136948,-64.1581035305355,16.8795602175925));
#5918=CARTESIAN_POINT('Ctrl Pts',(-5.19402596892653,-64.1405895467809,16.3011035698865));
#5919=CARTESIAN_POINT('Ctrl Pts',(-4.83314951209108,-64.5102496470692,18.0041759553919));
#5920=CARTESIAN_POINT('Ctrl Pts',(-4.92276344842406,-64.3026632848249,17.4605115284497));
#5921=CARTESIAN_POINT('Ctrl Pts',(-5.00277754163602,-64.1701086963814,16.8708670290195));
#5922=CARTESIAN_POINT('Ctrl Pts',(-5.05234377354594,-64.1673509549507,16.3011035698865));
#5923=CARTESIAN_POINT('Ctrl Pts',(-4.74676734001401,-64.4406587728843,18.0279847154851));
#5924=CARTESIAN_POINT('Ctrl Pts',(-4.83091038547627,-64.2506432071635,17.4677277761519));
#5925=CARTESIAN_POINT('Ctrl Pts',(-4.91352518588906,-64.1396424173565,16.871276605867));
#5926=CARTESIAN_POINT('Ctrl Pts',(-4.96915253008571,-64.1519980076236,16.3011035698865));
#5927=CARTESIAN_POINT('Ctrl Pts',(-4.7225715106611,-64.4139876149361,18.0377069140467));
#5928=CARTESIAN_POINT('Ctrl Pts',(-4.80345127391474,-64.229287551753,17.4714299581231));
#5929=CARTESIAN_POINT('Ctrl Pts',(-4.88556208129974,-64.1257815711327,16.8720050655352));
#5930=CARTESIAN_POINT('Ctrl Pts',(-4.94244982547876,-64.1436232498656,16.3011035698865));
#5931=CARTESIAN_POINT('',(-4.94244982547876,-64.1436232498656,16.3011035698865));
#5932=CARTESIAN_POINT('Origin',(-5.04479563390451,-63.8172962122214,16.3011035698865));
#5933=CARTESIAN_POINT('Ctrl Pts',(-4.94244982547876,-64.1436232498656,16.3011035698865));
#5934=CARTESIAN_POINT('Ctrl Pts',(-4.88556208129974,-64.1257815711327,16.8720050655352));
#5935=CARTESIAN_POINT('Ctrl Pts',(-4.80345127391474,-64.229287551753,17.4714299581231));
#5936=CARTESIAN_POINT('Ctrl Pts',(-4.7225715106611,-64.4139876149361,18.0377069140467));
#5937=CARTESIAN_POINT('Origin',(-5.04479563390451,-63.8172962122214,15.));
#5938=CARTESIAN_POINT('',(-4.94244982547876,-64.1436232498657,15.));
#5939=CARTESIAN_POINT('Origin',(-7.08140773518213,-64.2639599633608,23.4966149205056));
#5940=CARTESIAN_POINT('',(-3.59658497871665,-64.0601550631371,23.2135973968996));
#5941=CARTESIAN_POINT('Origin',(-7.08910405566395,-64.2151275469148,23.381805679784));
#5942=CARTESIAN_POINT('',(-3.59658497871665,-64.0601550631371,23.2135973968996));
#5943=CARTESIAN_POINT('Origin',(-7.52508521831798,-61.4488688200804,16.8780918113836));
#5944=CARTESIAN_POINT('',(-3.92288572742993,-64.5157075885195,21.0164853843869));
#5945=CARTESIAN_POINT('Ctrl Pts',(-3.92288572742998,-64.5157075885195,21.0164853843867));
#5946=CARTESIAN_POINT('Ctrl Pts',(-4.04131837877871,-64.4752365340506,20.361664266063));
#5947=CARTESIAN_POINT('Ctrl Pts',(-4.26838538628775,-64.4268133331363,19.353608270024));
#5948=CARTESIAN_POINT('Ctrl Pts',(-4.58431379166267,-64.4099379972988,18.3746702565713));
#5949=CARTESIAN_POINT('Ctrl Pts',(-4.71811654863924,-64.4121943468286,18.0359352270697));
#5950=CARTESIAN_POINT('Ctrl Pts',(-3.5971192568547,-64.0601042647219,23.2135797217082));
#5951=CARTESIAN_POINT('Ctrl Pts',(-3.60286080413295,-64.2103222896521,22.9554068789812));
#5952=CARTESIAN_POINT('Ctrl Pts',(-3.68062520307589,-64.474004858203,22.2713801833628));
#5953=CARTESIAN_POINT('Ctrl Pts',(-3.83863405759023,-64.5444982461661,21.482317838839));
#5954=CARTESIAN_POINT('Ctrl Pts',(-3.92288572742993,-64.5157075885195,21.0164853843869));
#5955=CARTESIAN_POINT('Ctrl Pts',(-2.96616992533698,-63.5473002784035,20.7439850683821));
#5956=CARTESIAN_POINT('Ctrl Pts',(-3.12013504985124,-63.591939138356,20.0554780455445));
#5957=CARTESIAN_POINT('Ctrl Pts',(-3.56754442082215,-63.7229067072877,18.4805022729596));
#5958=CARTESIAN_POINT('Ctrl Pts',(-4.29825046276597,-63.9415832808819,16.9681059876701));
#5959=CARTESIAN_POINT('Ctrl Pts',(-4.94244982547876,-64.1436232498656,16.3011035698865));
#5960=CARTESIAN_POINT('Ctrl Pts',(-3.41786523980848,-63.6782595716038,20.8518115687301));
#5961=CARTESIAN_POINT('Ctrl Pts',(-3.53953690694984,-63.7153282959388,20.1742506800851));
#5962=CARTESIAN_POINT('Ctrl Pts',(-3.90786836463928,-63.8256821036084,18.6234401503473));
#5963=CARTESIAN_POINT('Ctrl Pts',(-4.54147352540605,-64.0163058019591,17.1331468227856));
#5964=CARTESIAN_POINT('Ctrl Pts',(-5.11122968164682,-64.1965576035441,16.4774118970992));
#5965=CARTESIAN_POINT('Ctrl Pts',(-3.79048843054985,-64.0554363894668,20.9579454247879));
#5966=CARTESIAN_POINT('Ctrl Pts',(-3.89154274462559,-64.0524702115469,20.2915964529696));
#5967=CARTESIAN_POINT('Ctrl Pts',(-4.20389235324945,-64.0729463927365,18.7656045821613));
#5968=CARTESIAN_POINT('Ctrl Pts',(-4.75735678502982,-64.1781442516204,17.2978208721314));
#5969=CARTESIAN_POINT('Ctrl Pts',(-5.26011339381526,-64.3122407018996,16.6535145278131));
#5970=CARTESIAN_POINT('Ctrl Pts',(-3.92288572742998,-64.5157075885195,21.0164853843867));
#5971=CARTESIAN_POINT('Ctrl Pts',(-4.04131837877871,-64.4752365340506,20.361664266063));
#5972=CARTESIAN_POINT('Ctrl Pts',(-4.37840488271588,-64.4033511127175,18.8651805839757));
#5973=CARTESIAN_POINT('Ctrl Pts',(-4.91132525266808,-64.4009912731428,17.4328674780594));
#5974=CARTESIAN_POINT('Ctrl Pts',(-5.37004105129097,-64.4758629362031,16.8068670186813));
#5975=CARTESIAN_POINT('',(-2.96616992533651,-63.5473002784033,20.7439850683818));
#5976=CARTESIAN_POINT('Ctrl Pts',(-4.94244982547876,-64.1436232498656,16.3011035698865));
#5977=CARTESIAN_POINT('Ctrl Pts',(-4.29825046276597,-63.9415832808819,16.9681059876701));
#5978=CARTESIAN_POINT('Ctrl Pts',(-3.56754442082215,-63.7229067072877,18.4805022729596));
#5979=CARTESIAN_POINT('Ctrl Pts',(-3.12013504985124,-63.591939138356,20.0554780455445));
#5980=CARTESIAN_POINT('Ctrl Pts',(-2.96616992533698,-63.5473002784035,20.7439850683821));
#5981=CARTESIAN_POINT('Origin',(-2.56184454844802,-64.9418701008231,20.7439850683823));
#5982=CARTESIAN_POINT('Origin',(23.4967842251209,-154.821406183566,15.));
#5983=CARTESIAN_POINT('',(23.6556615492427,-59.7886480990405,16.3033528792327));
#5984=CARTESIAN_POINT('',(23.6556615487529,-59.7886480990397,15.));
#5985=CARTESIAN_POINT('',(21.2672789792464,-59.814671382739,20.7531428371728));
#5986=CARTESIAN_POINT('Ctrl Pts',(21.2672789792484,-59.8146713827389,20.7531428371745));
#5987=CARTESIAN_POINT('Ctrl Pts',(21.5178349915796,-59.8087916317397,19.8114672565344));
#5988=CARTESIAN_POINT('Ctrl Pts',(22.0777881624759,-59.7967397770221,18.1920570725343));
#5989=CARTESIAN_POINT('Ctrl Pts',(23.0709282181993,-59.7876705322631,16.7547305237645));
#5990=CARTESIAN_POINT('Ctrl Pts',(23.6556615494255,-59.7886480990408,16.3033528794695));
#5991=CARTESIAN_POINT('',(3.71963031290566,-61.8691897802515,21.7384407266261));
#5992=CARTESIAN_POINT('Ctrl Pts',(3.71963031290566,-61.8691897802515,21.7384407266261));
#5993=CARTESIAN_POINT('Ctrl Pts',(9.50092387159323,-60.6391219352228,21.9795652723501));
#5994=CARTESIAN_POINT('Ctrl Pts',(15.4204349819747,-59.9518781754053,21.6596823167721));
#5995=CARTESIAN_POINT('Ctrl Pts',(21.2672789792475,-59.8146713827389,20.7531428371716));
#5996=CARTESIAN_POINT('Ctrl Pts',(-2.96616992533672,-63.5473002784034,20.7439850683814));
#5997=CARTESIAN_POINT('Ctrl Pts',(-0.796473724532907,-62.9182437621779,
21.304682676722));
#5998=CARTESIAN_POINT('Ctrl Pts',(1.44746266419735,-62.352631822213,21.6436738052542));
#5999=CARTESIAN_POINT('Ctrl Pts',(3.71963031290442,-61.8691897802517,21.7384407266261));
#6000=CARTESIAN_POINT('Origin',(27.0954566259659,-58.4910222063294,15.8153551632295));
#6001=CARTESIAN_POINT('',(27.5937211975414,-60.4985147155752,19.8650555129699));
#6002=CARTESIAN_POINT('Origin',(27.3746463954136,-60.262454557847,19.9801460556135));
#6003=CARTESIAN_POINT('',(27.7505125907477,-61.493341090892,22.2039784889862));
#6004=CARTESIAN_POINT('',(27.3145314280937,-58.7270823640576,15.7002646205858));
#6005=CARTESIAN_POINT('Ctrl Pts',(27.7505125907477,-61.493341090892,22.2039784889862));
#6006=CARTESIAN_POINT('Ctrl Pts',(27.7312397532376,-61.5086768768586,22.1987476073168));
#6007=CARTESIAN_POINT('Ctrl Pts',(27.7101768908502,-61.5231687475221,22.1967652064826));
#6008=CARTESIAN_POINT('Ctrl Pts',(27.666152576926,-61.5493406257626,22.1994547151643));
#6009=CARTESIAN_POINT('Ctrl Pts',(27.6431907860496,-61.5610197708058,22.2041294626371));
#6010=CARTESIAN_POINT('Ctrl Pts',(27.5743464403652,-61.5909288583708,22.2268275651712));
#6011=CARTESIAN_POINT('Ctrl Pts',(27.5283989497591,-61.6038639180701,22.253972856681));
#6012=CARTESIAN_POINT('Ctrl Pts',(27.4416264355801,-61.6188540397425,22.322597919564));
#6013=CARTESIAN_POINT('Ctrl Pts',(27.3966263351348,-61.6195194403093,22.3712694674267));
#6014=CARTESIAN_POINT('Ctrl Pts',(27.3521854511607,-61.6125709738569,22.4344666982436));
#6015=CARTESIAN_POINT('Ctrl Pts',(27.3456310649953,-61.6113039994649,22.4442679934135));
#6016=CARTESIAN_POINT('Ctrl Pts',(27.3393239579785,-61.609844692495,22.4541803623265));
#6017=CARTESIAN_POINT('Ctrl Pts',(27.0358847850278,-60.3097872745664,19.9662197842103));
#6018=CARTESIAN_POINT('Ctrl Pts',(26.9985050569856,-60.0726164796769,19.4063990470908));
#6019=CARTESIAN_POINT('Ctrl Pts',(26.9448752143615,-59.7323402639003,18.3933112309076));
#6020=CARTESIAN_POINT('Ctrl Pts',(26.9199105842926,-59.5739420767638,17.3336083575502));
#6021=CARTESIAN_POINT('Ctrl Pts',(26.9199105842927,-59.5739420767643,16.8767564676056));
#6022=CARTESIAN_POINT('Ctrl Pts',(27.0457665727445,-60.3724862713342,19.9389972316517));
#6023=CARTESIAN_POINT('Ctrl Pts',(27.0080095855644,-60.132744897987,19.3846054636667));
#6024=CARTESIAN_POINT('Ctrl Pts',(26.9534557732304,-59.7867904841265,18.3792333210096));
#6025=CARTESIAN_POINT('Ctrl Pts',(26.9274057183335,-59.6215580659285,17.3289337435215));
#6026=CARTESIAN_POINT('Ctrl Pts',(26.9268832116708,-59.6181827297687,16.8767564676057));
#6027=CARTESIAN_POINT('Ctrl Pts',(27.107993648241,-60.4905432057159,19.8848268765404));
#6028=CARTESIAN_POINT('Ctrl Pts',(27.0636996715305,-60.2466605103723,19.3412259634959));
#6029=CARTESIAN_POINT('Ctrl Pts',(26.9984678388991,-59.8910103247852,18.3511503526402));
#6030=CARTESIAN_POINT('Ctrl Pts',(26.9627747880105,-59.7134424281493,17.3195930417989));
#6031=CARTESIAN_POINT('Ctrl Pts',(26.9584669059151,-59.7037764398777,16.8767564676058));
#6032=CARTESIAN_POINT('Ctrl Pts',(27.3276787160823,-60.6014855616296,19.8231570373568));
#6033=CARTESIAN_POINT('Ctrl Pts',(27.2607412838465,-60.3653441088722,19.2875289980726));
#6034=CARTESIAN_POINT('Ctrl Pts',(27.1568826899604,-60.0163449052204,18.31208241418));
#6035=CARTESIAN_POINT('Ctrl Pts',(27.0849887187018,-59.8354502449333,17.3057221486646));
#6036=CARTESIAN_POINT('Ctrl Pts',(27.0668370651683,-59.8213347038666,16.8767564676059));
#6037=CARTESIAN_POINT('Ctrl Pts',(27.5123856586949,-60.5563664691216,19.82993891502));
#6038=CARTESIAN_POINT('Ctrl Pts',(27.435584072011,-60.3414220586533,19.2849959930465));
#6039=CARTESIAN_POINT('Ctrl Pts',(27.3090125354603,-60.0264553794693,18.3010809858687));
#6040=CARTESIAN_POINT('Ctrl Pts',(27.2075280397901,-59.8680970311429,17.2999457937288));
#6041=CARTESIAN_POINT('Ctrl Pts',(27.1771263967074,-59.8597826410782,16.876756467606));
#6042=CARTESIAN_POINT('Ctrl Pts',(27.5919061550676,-60.4934873711014,19.8512682984091));
#6043=CARTESIAN_POINT('Ctrl Pts',(27.5191387479729,-60.2916241781093,19.2970555663294));
#6044=CARTESIAN_POINT('Ctrl Pts',(27.392274575156,-60.0010480443693,18.302219108619));
#6045=CARTESIAN_POINT('Ctrl Pts',(27.2800446567939,-59.8638442171319,17.2986042240228));
#6046=CARTESIAN_POINT('Ctrl Pts',(27.2442542679885,-59.8624317818073,16.876756467606));
#6047=CARTESIAN_POINT('',(27.2442542679867,-59.8624317818072,16.8767564676061));
#6048=CARTESIAN_POINT('Origin',(27.2577404909443,-59.5206977890726,16.8767564676056));
#6049=CARTESIAN_POINT('',(27.5919061550681,-60.4934873711014,19.8512682984101));
#6050=CARTESIAN_POINT('Ctrl Pts',(27.2442542679885,-59.8624317818073,16.876756467606));
#6051=CARTESIAN_POINT('Ctrl Pts',(27.2800446567939,-59.8638442171319,17.2986042240228));
#6052=CARTESIAN_POINT('Ctrl Pts',(27.392274575156,-60.0010480443693,18.302219108619));
#6053=CARTESIAN_POINT('Ctrl Pts',(27.5191387479729,-60.2916241781093,19.2970555663294));
#6054=CARTESIAN_POINT('Ctrl Pts',(27.5919061550676,-60.4934873711014,19.8512682984091));
#6055=CARTESIAN_POINT('Origin',(27.3737146916794,-60.2565429868747,19.9662197842103));
#6056=CARTESIAN_POINT('Origin',(27.2577404909443,-59.5206977890726,15.));
#6057=CARTESIAN_POINT('',(27.2442542679888,-59.8624317818073,15.));
#6058=CARTESIAN_POINT('Ctrl Pts',(27.036816488762,-60.3156988455387,19.9801460556135));
#6059=CARTESIAN_POINT('Ctrl Pts',(27.0365053994183,-60.313725013443,19.9755054053916));
#6060=CARTESIAN_POINT('Ctrl Pts',(27.0361948366293,-60.3117545222868,19.9708632988954));
#6061=CARTESIAN_POINT('Ctrl Pts',(27.0358847850279,-60.309787274567,19.9662197842117));
#6062=CARTESIAN_POINT('Ctrl Pts',(27.0467083314314,-60.3784616400181,19.9527877202659));
#6063=CARTESIAN_POINT('Ctrl Pts',(27.046394132109,-60.3764665933603,19.9481929305843));
#6064=CARTESIAN_POINT('Ctrl Pts',(27.0460797822395,-60.3744750257967,19.9435959661643));
#6065=CARTESIAN_POINT('Ctrl Pts',(27.0457665727446,-60.3724862713348,19.9389972316531));
#6066=CARTESIAN_POINT('Ctrl Pts',(27.1090968197016,-60.4966200811896,19.8983485133979));
#6067=CARTESIAN_POINT('Ctrl Pts',(27.1087279977832,-60.4945909722575,19.8938448785111));
#6068=CARTESIAN_POINT('Ctrl Pts',(27.1083612298732,-60.4925666582668,19.8893366080419));
#6069=CARTESIAN_POINT('Ctrl Pts',(27.1079936482591,-60.4905432006505,19.8848268786868));
#6070=CARTESIAN_POINT('Ctrl Pts',(27.3293500160436,-60.6073699121232,19.8364778747017));
#6071=CARTESIAN_POINT('Ctrl Pts',(27.3287919540056,-60.6054063938733,19.832041573332));
#6072=CARTESIAN_POINT('Ctrl Pts',(27.3282345301128,-60.6034449978272,19.8276012747817));
#6073=CARTESIAN_POINT('Ctrl Pts',(27.3276787141095,-60.601485551791,19.8231570416583));
#6074=CARTESIAN_POINT('Ctrl Pts',(27.5142958869851,-60.5617150389512,19.8434985211227));
#6075=CARTESIAN_POINT('Ctrl Pts',(27.5136558610139,-60.5599288727774,19.8389835768297));
#6076=CARTESIAN_POINT('Ctrl Pts',(27.5130234477009,-60.5581497195099,19.8344604835911));
#6077=CARTESIAN_POINT('Ctrl Pts',(27.5123856586951,-60.5563664691221,19.8299389150213));
#6078=CARTESIAN_POINT('Ctrl Pts',(27.5937211975414,-60.4985147155752,19.8650555129699));
#6079=CARTESIAN_POINT('Ctrl Pts',(27.5931154171804,-60.4968375419357,19.8604623893783));
#6080=CARTESIAN_POINT('Ctrl Pts',(27.5925103990304,-60.495161792246,19.8558666344623));
#6081=CARTESIAN_POINT('Ctrl Pts',(27.5919061550678,-60.4934873711019,19.8512682984104));
#6082=CARTESIAN_POINT('Ctrl Pts',(27.5919061550678,-60.4934873711019,19.8512682984104));
#6083=CARTESIAN_POINT('Ctrl Pts',(27.5925103990304,-60.495161792246,19.8558666344623));
#6084=CARTESIAN_POINT('Ctrl Pts',(27.5931154171804,-60.4968375419357,19.8604623893783));
#6085=CARTESIAN_POINT('Ctrl Pts',(27.5937211975414,-60.4985147155752,19.8650555129699));
#6086=CARTESIAN_POINT('Origin',(25.5162153222023,-59.1263531797106,23.4966149205056));
#6087=CARTESIAN_POINT('',(22.4229880700206,-57.6418300303805,24.1992963458065));
#6088=CARTESIAN_POINT('Origin',(25.5085190017205,-59.0775207632646,23.381805679784));
#6089=CARTESIAN_POINT('',(22.4229880700206,-57.6418300303805,24.1992963458065));
#6090=CARTESIAN_POINT('Origin',(25.0725378390664,-56.3112620364302,16.8780918113836));
#6091=CARTESIAN_POINT('',(28.6979022607216,-59.9958019930757,22.1150189529529));
#6092=CARTESIAN_POINT('Ctrl Pts',(28.6979022607216,-59.9958019930757,22.1150189529528));
#6093=CARTESIAN_POINT('Ctrl Pts',(28.5762021232294,-60.1969942394346,21.8888315210224));
#6094=CARTESIAN_POINT('Ctrl Pts',(28.2158495386098,-60.5382185778943,21.2412426536254));
#6095=CARTESIAN_POINT('Ctrl Pts',(27.7878284762956,-60.5784421060503,20.3985765156055));
#6096=CARTESIAN_POINT('Ctrl Pts',(27.5937201643295,-60.4985149620912,19.8650552221296));
#6097=CARTESIAN_POINT('',(28.9501863811616,-58.4716793290026,22.7193348429287));
#6098=CARTESIAN_POINT('Ctrl Pts',(28.9501863811616,-58.4716793290026,22.7193348429287));
#6099=CARTESIAN_POINT('Ctrl Pts',(29.0124321330128,-59.0689543555752,22.7509363230299));
#6100=CARTESIAN_POINT('Ctrl Pts',(28.9207543235356,-59.6273873959588,22.5292036599465));
#6101=CARTESIAN_POINT('Ctrl Pts',(28.6979022607216,-59.9958019930757,22.1150189529529));
#6102=CARTESIAN_POINT('',(28.9281908173723,-58.2958515509314,22.703321674608));
#6103=CARTESIAN_POINT('Ctrl Pts',(28.9281908173723,-58.2958515509315,22.703321674608));
#6104=CARTESIAN_POINT('Ctrl Pts',(28.9367454922254,-58.3546887311462,22.7108999963274));
#6105=CARTESIAN_POINT('Ctrl Pts',(28.9441069737984,-58.4133447746527,22.7162483950169));
#6106=CARTESIAN_POINT('Ctrl Pts',(28.9501863811616,-58.4716793290026,22.7193348429287));
#6107=CARTESIAN_POINT('Ctrl Pts',(22.4224644341449,-57.6415862319165,24.1994607829501));
#6108=CARTESIAN_POINT('Ctrl Pts',(22.5457879774162,-57.331887888345,24.1243882946233));
#6109=CARTESIAN_POINT('Ctrl Pts',(23.1522562129793,-56.1824887179898,23.8181909768222));
#6110=CARTESIAN_POINT('Ctrl Pts',(24.6313983012924,-55.1205744077823,23.3397012749542));
#6111=CARTESIAN_POINT('Ctrl Pts',(26.4526015896889,-55.141585141263,22.8869383952674));
#6112=CARTESIAN_POINT('Ctrl Pts',(27.6789924695876,-55.7604159050273,22.6491674189911));
#6113=CARTESIAN_POINT('Ctrl Pts',(28.5655970553337,-56.8764929058057,22.5713398462783));
#6114=CARTESIAN_POINT('Ctrl Pts',(28.8579904175559,-57.813028574482,22.6411333128325));
#6115=CARTESIAN_POINT('Ctrl Pts',(28.9281908173723,-58.2958515509314,22.703321674608));
#6116=CARTESIAN_POINT('Ctrl Pts',(30.1228979247892,-59.3660502205405,20.4379799467078));
#6117=CARTESIAN_POINT('Ctrl Pts',(29.9893318357195,-59.5363616703395,20.3034240739443));
#6118=CARTESIAN_POINT('Ctrl Pts',(29.5735657496101,-59.8485475108546,19.9452340964903));
#6119=CARTESIAN_POINT('Ctrl Pts',(29.0636903035481,-59.9514667390114,19.5169212813636));
#6120=CARTESIAN_POINT('Ctrl Pts',(28.8507163097959,-59.9394491928465,19.2418909774825));
#6121=CARTESIAN_POINT('Ctrl Pts',(29.6919086601368,-59.2731694561746,20.6061474076175));
#6122=CARTESIAN_POINT('Ctrl Pts',(29.5854052751885,-59.4345249389972,20.490149989565));
#6123=CARTESIAN_POINT('Ctrl Pts',(29.2446740222888,-59.7680229419374,20.1615003065219));
#6124=CARTESIAN_POINT('Ctrl Pts',(28.78427742255,-59.9242498210954,19.6878762113368));
#6125=CARTESIAN_POINT('Ctrl Pts',(28.5858325842107,-59.9245025209807,19.3738028693801));
#6126=CARTESIAN_POINT('Ctrl Pts',(28.9886101499879,-59.3417377778755,21.1439762369671));
#6127=CARTESIAN_POINT('Ctrl Pts',(28.9153311932076,-59.5012474088677,21.0141628146037));
#6128=CARTESIAN_POINT('Ctrl Pts',(28.6747915726274,-59.8546742546667,20.6193065288033));
#6129=CARTESIAN_POINT('Ctrl Pts',(28.2919693981447,-60.0349281930456,20.0072977593905));
#6130=CARTESIAN_POINT('Ctrl Pts',(28.1154278462769,-60.0280132124367,19.6044210422348));
#6131=CARTESIAN_POINT('Ctrl Pts',(28.7163915928657,-59.7751192903056,21.8389702110371));
#6132=CARTESIAN_POINT('Ctrl Pts',(28.6166291656091,-59.9601015485083,21.6426901182889));
#6133=CARTESIAN_POINT('Ctrl Pts',(28.3129159912448,-60.3036328399616,21.0683030442828));
#6134=CARTESIAN_POINT('Ctrl Pts',(27.9126352686728,-60.3925398613993,20.2873985698238));
#6135=CARTESIAN_POINT('Ctrl Pts',(27.7285674445606,-60.3361071994943,19.7878355542836));
#6136=CARTESIAN_POINT('Ctrl Pts',(28.6979022607216,-59.9958019930757,22.1150189529528));
#6137=CARTESIAN_POINT('Ctrl Pts',(28.5762021232294,-60.1969942394346,21.8888315210224));
#6138=CARTESIAN_POINT('Ctrl Pts',(28.2142454181691,-60.5397375483682,21.2383598921753));
#6139=CARTESIAN_POINT('Ctrl Pts',(27.7840164379327,-60.5787942538884,20.3910703422772));
#6140=CARTESIAN_POINT('Ctrl Pts',(27.5891776889455,-60.4966219143923,19.8525349563415));
#6141=CARTESIAN_POINT('',(28.8507163097959,-59.9394491928465,19.2418909774825));
#6142=CARTESIAN_POINT('Origin',(28.7485761057204,-61.7495697354379,19.2418909774825));
#6143=CARTESIAN_POINT('',(30.1228979247893,-59.3660502205405,20.4379799467078));
#6144=CARTESIAN_POINT('Ctrl Pts',(28.8507163097959,-59.9394491928465,19.2418909774825));
#6145=CARTESIAN_POINT('Ctrl Pts',(29.0636903035481,-59.9514667390114,19.5169212813636));
#6146=CARTESIAN_POINT('Ctrl Pts',(29.5735657496101,-59.8485475108546,19.9452340964903));
#6147=CARTESIAN_POINT('Ctrl Pts',(29.9893318357195,-59.5363616703395,20.3034240739443));
#6148=CARTESIAN_POINT('Ctrl Pts',(30.1228979247892,-59.3660502205405,20.4379799467078));
#6149=CARTESIAN_POINT('Origin',(30.3694069318885,-60.5945890993107,21.7482831683969));
#6150=CARTESIAN_POINT('Ctrl Pts',(28.8507163097959,-59.9394491928465,19.2418909774825));
#6151=CARTESIAN_POINT('Ctrl Pts',(28.4195690599075,-59.9151207202094,18.3899446975166));
#6152=CARTESIAN_POINT('Ctrl Pts',(27.9137510763884,-59.8888528678508,17.5648247827532));
#6153=CARTESIAN_POINT('Ctrl Pts',(27.2442542679857,-59.8624317818071,16.876756467607));
#6154=CARTESIAN_POINT('Ctrl Pts',(28.3884644426198,-59.9133655708242,19.472092052304));
#6155=CARTESIAN_POINT('Ctrl Pts',(28.0167657597654,-59.8954979469127,18.6272185122695));
#6156=CARTESIAN_POINT('Ctrl Pts',(27.5752755771785,-59.8732842568256,17.8080129275695));
#6157=CARTESIAN_POINT('Ctrl Pts',(26.9871310942851,-59.852284648302,17.122548992942));
#6158=CARTESIAN_POINT('Ctrl Pts',(27.9170319480598,-60.1208564299307,19.700307776061));
#6159=CARTESIAN_POINT('Ctrl Pts',(27.6062585605607,-60.0610460598314,18.8633010544689));
#6160=CARTESIAN_POINT('Ctrl Pts',(27.231436553776,-60.0011340634651,18.0503699870996));
#6161=CARTESIAN_POINT('Ctrl Pts',(26.7262680272619,-59.949764699032,17.3678571212377));
#6162=CARTESIAN_POINT('Ctrl Pts',(27.5919061550684,-60.4934873711017,19.8512682984112));
#6163=CARTESIAN_POINT('Ctrl Pts',(27.2959896758547,-60.3692737830142,19.033548012961));
#6164=CARTESIAN_POINT('Ctrl Pts',(26.9521037953863,-60.2463984012072,18.2395743662892));
#6165=CARTESIAN_POINT('Ctrl Pts',(26.5046533741815,-60.1388079414173,17.5722558842753));
#6166=CARTESIAN_POINT('Ctrl Pts',(27.2442542679857,-59.8624317818071,16.876756467607));
#6167=CARTESIAN_POINT('Ctrl Pts',(27.9137510763884,-59.8888528678508,17.5648247827532));
#6168=CARTESIAN_POINT('Ctrl Pts',(28.4195690599075,-59.9151207202094,18.3899446975166));
#6169=CARTESIAN_POINT('Ctrl Pts',(28.8507163097959,-59.9394491928465,19.2418909774825));
#6170=CARTESIAN_POINT('Origin',(23.6562333091631,-59.4466485769786,15.));
#6171=CARTESIAN_POINT('Origin',(23.6562333091631,-59.4466485769786,16.3033528792327));
#6172=CARTESIAN_POINT('Ctrl Pts',(23.9940632158147,-59.3934042892869,16.3033528799618));
#6173=CARTESIAN_POINT('Ctrl Pts',(23.994063215814,-59.3934042892822,16.9120169262547));
#6174=CARTESIAN_POINT('Ctrl Pts',(24.0180809044761,-59.5457942238736,17.5145910562601));
#6175=CARTESIAN_POINT('Ctrl Pts',(24.0555566930043,-59.7835745133479,18.0736331123358));
#6176=CARTESIAN_POINT('Ctrl Pts',(24.0028297055608,-59.4490268272339,16.3033528799623));
#6177=CARTESIAN_POINT('Ctrl Pts',(24.0035362831699,-59.4533872751559,16.9019788681239));
#6178=CARTESIAN_POINT('Ctrl Pts',(24.0280606201774,-59.6093508832423,17.4961520241015));
#6179=CARTESIAN_POINT('Ctrl Pts',(24.0658556745541,-59.8489205650353,18.0451487338033));
#6180=CARTESIAN_POINT('Ctrl Pts',(23.992222958499,-59.5644068176735,16.3033528799632));
#6181=CARTESIAN_POINT('Ctrl Pts',(23.9898038435927,-59.5781328516494,16.8819416521713));
#6182=CARTESIAN_POINT('Ctrl Pts',(24.0091257825841,-59.7419349988515,17.4594842314055));
#6183=CARTESIAN_POINT('Ctrl Pts',(24.0399745383966,-59.9861760277514,17.9885041087221));
#6184=CARTESIAN_POINT('Ctrl Pts',(23.8802226924136,-59.7342285669652,16.3033528799644));
#6185=CARTESIAN_POINT('Ctrl Pts',(23.8586652550139,-59.755595378493,16.8551923303578));
#6186=CARTESIAN_POINT('Ctrl Pts',(23.849794481821,-59.9214459163731,17.413752048398));
#6187=CARTESIAN_POINT('Ctrl Pts',(23.8494480902412,-60.1609422595494,17.9269419490721));
#6188=CARTESIAN_POINT('Ctrl Pts',(23.7401251250363,-59.7887893066314,16.3033528799646));
#6189=CARTESIAN_POINT('Ctrl Pts',(23.7004214853877,-59.8003475420846,16.8493739277341));
#6190=CARTESIAN_POINT('Ctrl Pts',(23.668508210224,-59.945817223549,17.4116032445121));
#6191=CARTESIAN_POINT('Ctrl Pts',(23.6498566122763,-60.1625161063395,17.9396522956331));
#6192=CARTESIAN_POINT('Ctrl Pts',(23.655661548755,-59.7886480990397,16.3033528799645));
#6193=CARTESIAN_POINT('Ctrl Pts',(23.6093784961736,-59.7885707222693,16.8518440007394));
#6194=CARTESIAN_POINT('Ctrl Pts',(23.5714645366375,-59.9169698253445,17.4218895138268));
#6195=CARTESIAN_POINT('Ctrl Pts',(23.5550564376698,-60.117427710036,17.9651849779525));
#6196=CARTESIAN_POINT('',(24.0555566930043,-59.7835745133479,18.0736331123358));
#6197=CARTESIAN_POINT('Ctrl Pts',(24.0177757411858,-59.5438579920196,17.3855585418446));
#6198=CARTESIAN_POINT('Ctrl Pts',(24.0277757686119,-59.6073072084207,17.6202678234072));
#6199=CARTESIAN_POINT('Ctrl Pts',(24.0405934711822,-59.6886343037873,17.8504204563399));
#6200=CARTESIAN_POINT('Ctrl Pts',(24.0555566930043,-59.7835745133479,18.0736331123358));
#6201=CARTESIAN_POINT('',(23.5550564376698,-60.1174277100361,17.9651849779525));
#6202=CARTESIAN_POINT('Origin',(23.7177267863527,-59.8368188010396,18.0736331123358));
#6203=CARTESIAN_POINT('Ctrl Pts',(23.5550564376698,-60.117427710036,17.9651849779525));
#6204=CARTESIAN_POINT('Ctrl Pts',(23.5714645366375,-59.9169698253445,17.4218895138268));
#6205=CARTESIAN_POINT('Ctrl Pts',(23.6093784961736,-59.7885707222693,16.8518440007394));
#6206=CARTESIAN_POINT('Ctrl Pts',(23.655661548755,-59.7886480990397,16.3033528799645));
#6207=CARTESIAN_POINT('Origin',(23.5704531573681,-58.9023817282741,15.8766906172831));
#6208=CARTESIAN_POINT('',(23.8437639713392,-61.9492493641049,22.2719563513002));
#6209=CARTESIAN_POINT('Ctrl Pts',(24.2790669779073,-61.9669694044461,22.5074291755732));
#6210=CARTESIAN_POINT('Ctrl Pts',(24.2729287660582,-61.9698810505313,22.4977333565985));
#6211=CARTESIAN_POINT('Ctrl Pts',(24.2665096044692,-61.9726620070939,22.4881578026085));
#6212=CARTESIAN_POINT('Ctrl Pts',(24.2227194547091,-61.9899068253601,22.4264958016329));
#6213=CARTESIAN_POINT('Ctrl Pts',(24.1771313594253,-61.9998128518063,22.3794004984934));
#6214=CARTESIAN_POINT('Ctrl Pts',(24.0869356468039,-62.0054745013518,22.313854702522));
#6215=CARTESIAN_POINT('Ctrl Pts',(24.0383406479187,-62.0035723253438,22.2883544608886));
#6216=CARTESIAN_POINT('Ctrl Pts',(23.9637229141998,-61.9904049212768,22.2681526145591));
#6217=CARTESIAN_POINT('Ctrl Pts',(23.9385427727608,-61.9843438252481,22.2643155420855));
#6218=CARTESIAN_POINT('Ctrl Pts',(23.889610528861,-61.9690197562448,22.263243487892));
#6219=CARTESIAN_POINT('Ctrl Pts',(23.8658581975206,-61.959757712114,22.2660056781023));
#6220=CARTESIAN_POINT('Ctrl Pts',(23.8437639713392,-61.9492493641049,22.2719563513002));
#6221=CARTESIAN_POINT('',(23.4077828086851,-59.1829906372705,15.7682424828998));
#6222=CARTESIAN_POINT('',(23.9082830640197,-58.8491374405824,15.8766906172831));
#6223=CARTESIAN_POINT('Origin',(24.2252645450072,-60.8603545828294,14.5131419247325));
#6224=CARTESIAN_POINT('Origin',(-8.05588306917065,-65.9480826872577,14.3999996781355));
#6225=CARTESIAN_POINT('Origin',(23.4967842251209,-154.821406183566,17.155779157));
#6226=CARTESIAN_POINT('',(29.8127403770783,-58.7078133884854,17.743779157));
#6227=CARTESIAN_POINT('Origin',(23.4967842251209,-154.821406183566,17.743779157));
#6228=CARTESIAN_POINT('',(29.7741840246298,-59.294547917626,17.155779157));
#6229=CARTESIAN_POINT('Origin',(29.8127403770783,-58.7078133884854,17.155779157));
#6230=CARTESIAN_POINT('Origin',(23.4967842251209,-154.821406183566,17.155779157));
#6231=CARTESIAN_POINT('Origin',(25.0725378390664,-56.3112620364302,16.8780918113836));
#6232=CARTESIAN_POINT('',(22.2866724450952,-60.4002308025824,23.035189296083));
#6233=CARTESIAN_POINT('Origin',(25.5085190017205,-59.0775207632646,23.381805679784));
#6234=CARTESIAN_POINT('',(22.7073421508695,-60.5335983477965,21.1245940142439));
#6235=CARTESIAN_POINT('Ctrl Pts',(22.7073421508695,-60.5335983477965,21.1245940142439));
#6236=CARTESIAN_POINT('Ctrl Pts',(22.5937934451071,-60.6261530770264,21.824290601126));
#6237=CARTESIAN_POINT('Ctrl Pts',(22.4230434114966,-60.5846676426157,22.4822652798444));
#6238=CARTESIAN_POINT('Ctrl Pts',(22.2871709032196,-60.4008139768043,23.0356941181196));
#6239=CARTESIAN_POINT('Ctrl Pts',(23.5524702472973,-60.1171697665253,17.9640801996122));
#6240=CARTESIAN_POINT('Ctrl Pts',(23.4687796430643,-60.1418206770977,18.1542371612768));
#6241=CARTESIAN_POINT('Ctrl Pts',(23.0877297729495,-60.2719228232475,19.1496461605957));
#6242=CARTESIAN_POINT('Ctrl Pts',(22.851348671284,-60.4162171375491,20.2372138354333));
#6243=CARTESIAN_POINT('Ctrl Pts',(22.7073421508696,-60.5335983477964,21.1245940142429));
#6244=CARTESIAN_POINT('Origin',(25.5162153222023,-59.1263531797106,23.4966149205056));
#6245=CARTESIAN_POINT('',(22.5321969829607,-60.4034163469521,23.2895660906486));
#6246=CARTESIAN_POINT('Ctrl Pts',(23.6556615494255,-59.7886480990408,16.3033528794695));
#6247=CARTESIAN_POINT('Ctrl Pts',(23.0709282181993,-59.7876705322631,16.7547305237645));
#6248=CARTESIAN_POINT('Ctrl Pts',(22.0777881624759,-59.7967397770221,18.1920570725343));
#6249=CARTESIAN_POINT('Ctrl Pts',(21.5178349915796,-59.8087916317397,19.8114672565344));
#6250=CARTESIAN_POINT('Ctrl Pts',(21.2672789792484,-59.8146713827389,20.7531428371745));
#6251=CARTESIAN_POINT('Ctrl Pts',(23.8330192605097,-59.7889446085724,16.5287268435255));
#6252=CARTESIAN_POINT('Ctrl Pts',(23.3241418236507,-59.7868515187694,16.9702585361899));
#6253=CARTESIAN_POINT('Ctrl Pts',(22.4723730085102,-59.7920687858302,18.3818318168376));
#6254=CARTESIAN_POINT('Ctrl Pts',(22.0157148935284,-59.7998987832421,19.9730133109704));
#6255=CARTESIAN_POINT('Ctrl Pts',(21.8202838874372,-59.801694120165,20.897555824494));
#6256=CARTESIAN_POINT('Ctrl Pts',(24.0101127992336,-59.858538888001,16.7539123342697));
#6257=CARTESIAN_POINT('Ctrl Pts',(23.5773219631182,-59.8747324105877,17.1854901835328));
#6258=CARTESIAN_POINT('Ctrl Pts',(22.8679645016154,-59.9408890162734,18.570920665862));
#6259=CARTESIAN_POINT('Ctrl Pts',(22.5147880885543,-60.026649105666,20.1331660315886));
#6260=CARTESIAN_POINT('Ctrl Pts',(22.3729920277718,-60.077624227763,21.0401218544768));
#6261=CARTESIAN_POINT('Ctrl Pts',(24.1676524536729,-59.9898504597359,16.9543812786997));
#6262=CARTESIAN_POINT('Ctrl Pts',(23.7977618605017,-60.0397276229416,17.3704822124161));
#6263=CARTESIAN_POINT('Ctrl Pts',(23.1825501803494,-60.2140415223687,18.7133862004025));
#6264=CARTESIAN_POINT('Ctrl Pts',(22.851348671284,-60.4162171375491,20.2372138354333));
#6265=CARTESIAN_POINT('Ctrl Pts',(22.7073421508696,-60.5335983477964,21.1245940142429));
#6266=CARTESIAN_POINT('Origin',(21.3098126007433,-61.6271723871642,20.7531428371756));
#6267=CARTESIAN_POINT('Origin',(23.4967842251209,-154.821406183566,15.));
#6268=CARTESIAN_POINT('',(29.7282836050484,-59.9930414046982,19.0228813763453));
#6269=CARTESIAN_POINT('',(29.7282836050484,-59.9930414046981,15.));
#6270=CARTESIAN_POINT('Ctrl Pts',(28.8507163097959,-59.9394491928465,19.2418909774825));
#6271=CARTESIAN_POINT('Ctrl Pts',(29.1436630402309,-59.9559793841381,19.1703381564017));
#6272=CARTESIAN_POINT('Ctrl Pts',(29.4361934696387,-59.9738471530422,19.0973321456688));
#6273=CARTESIAN_POINT('Ctrl Pts',(29.7282836050484,-59.9930414046981,19.0228813763453));
#6274=CARTESIAN_POINT('Origin',(-7.08140773518213,-64.2639599633608,23.4966149205056));
#6275=CARTESIAN_POINT('',(-4.55217564140793,-62.3704803774673,24.2685249370405));
#6276=CARTESIAN_POINT('Origin',(23.4967842251209,-154.821406183566,15.));
#6277=CARTESIAN_POINT('',(29.7741840246298,-59.294547917626,15.));
#6278=CARTESIAN_POINT('Ctrl Pts',(-4.02293411405144,-62.5538413024833,23.8840272280241));
#6279=CARTESIAN_POINT('Ctrl Pts',(-3.94854475591294,-62.6553118424104,23.8368173193049));
#6280=CARTESIAN_POINT('Ctrl Pts',(-3.880464353872,-62.759803686197,23.7891369223033));
#6281=CARTESIAN_POINT('Ctrl Pts',(-3.76113943620379,-62.9901141174895,23.6848171427611));
#6282=CARTESIAN_POINT('Ctrl Pts',(-3.71468805283577,-63.1099458712265,23.630782161878));
#6283=CARTESIAN_POINT('Ctrl Pts',(-3.66227550266236,-63.3080016439091,23.5418027789038));
#6284=CARTESIAN_POINT('Ctrl Pts',(-3.64797617195599,-63.3791672300734,23.5099373612312));
#6285=CARTESIAN_POINT('Ctrl Pts',(-3.62566890434482,-63.5251928088889,23.4449989564251));
#6286=CARTESIAN_POINT('Ctrl Pts',(-3.61795882670244,-63.5992271234696,23.4123179915768));
#6287=CARTESIAN_POINT('Ctrl Pts',(-3.61241703780531,-63.673589207112,23.3798340277658));
#6288=CARTESIAN_POINT('Ctrl Pts',(-4.0967399216046,-62.629661336709,23.9470691731499));
#6289=CARTESIAN_POINT('Ctrl Pts',(-4.0261862891757,-62.7306854206626,23.8999929606207));
#6290=CARTESIAN_POINT('Ctrl Pts',(-3.96200464123474,-62.83327795677,23.8529431946882));
#6291=CARTESIAN_POINT('Ctrl Pts',(-3.84885726571454,-63.0570181499318,23.7512802569027));
#6292=CARTESIAN_POINT('Ctrl Pts',(-3.80423267719133,-63.1723075315983,23.699281650524));
#6293=CARTESIAN_POINT('Ctrl Pts',(-3.75168970039943,-63.3635676615104,23.6136007571405));
#6294=CARTESIAN_POINT('Ctrl Pts',(-3.73679255428072,-63.4324538600181,23.5828729575808));
#6295=CARTESIAN_POINT('Ctrl Pts',(-3.71234788315884,-63.5744643626342,23.5199463754033));
#6296=CARTESIAN_POINT('Ctrl Pts',(-3.70311260641928,-63.6468053021331,23.488106513566));
#6297=CARTESIAN_POINT('Ctrl Pts',(-3.69576932624489,-63.7198410521296,23.4562275353336));
#6298=CARTESIAN_POINT('Ctrl Pts',(-4.17054572915775,-62.7054813709347,24.0101111182757));
#6299=CARTESIAN_POINT('Ctrl Pts',(-4.10386593726828,-62.8059937919723,23.9632030429674));
#6300=CARTESIAN_POINT('Ctrl Pts',(-4.04356917775357,-62.9067408427164,23.916748301877));
#6301=CARTESIAN_POINT('Ctrl Pts',(-3.93655801331558,-63.1239207703028,23.8177522816184));
#6302=CARTESIAN_POINT('Ctrl Pts',(-3.89375473084363,-63.2346517168543,23.7678032753668));
#6303=CARTESIAN_POINT('Ctrl Pts',(-3.84111942726953,-63.4191403824081,23.6853884916431));
#6304=CARTESIAN_POINT('Ctrl Pts',(-3.82560242666867,-63.4857389902624,23.6558133739509));
#6305=CARTESIAN_POINT('Ctrl Pts',(-3.79903531742798,-63.6237368536057,23.5948897220541));
#6306=CARTESIAN_POINT('Ctrl Pts',(-3.78826431255852,-63.694392999452,23.5638920371693));
#6307=CARTESIAN_POINT('Ctrl Pts',(-3.77912161468446,-63.7660928971473,23.5326210429014));
#6308=CARTESIAN_POINT('Ctrl Pts',(-4.2443515367109,-62.7813014051604,24.0731530634015));
#6309=CARTESIAN_POINT('Ctrl Pts',(-4.18150747053104,-62.8813673702245,24.0263786842833));
#6310=CARTESIAN_POINT('Ctrl Pts',(-4.12510946511631,-62.9802151132894,23.9805545742619));
#6311=CARTESIAN_POINT('Ctrl Pts',(-4.02427584282632,-63.1908248027451,23.88421539576));
#6312=CARTESIAN_POINT('Ctrl Pts',(-3.98329935519919,-63.2970133772262,23.8363027640128));
#6313=CARTESIAN_POINT('Ctrl Pts',(-3.93053362500661,-63.4747064000094,23.7571864698798));
#6314=CARTESIAN_POINT('Ctrl Pts',(-3.9144188089934,-63.5390256202071,23.7287489703005));
#6315=CARTESIAN_POINT('Ctrl Pts',(-3.885714296242,-63.6730084073509,23.6698371410322));
#6316=CARTESIAN_POINT('Ctrl Pts',(-3.87341809227537,-63.7419711781155,23.6396805591585));
#6317=CARTESIAN_POINT('Ctrl Pts',(-3.86247390312404,-63.812344742165,23.6090145504692));
#6318=CARTESIAN_POINT('',(-4.02293411405144,-62.5538413024833,23.8840272280241));
#6319=CARTESIAN_POINT('',(-4.02293411405144,-62.5538413024833,23.8840272280241));
#6320=CARTESIAN_POINT('',(-3.61241703780531,-63.673589207112,23.3798340277658));
#6321=CARTESIAN_POINT('',(-3.86247390312404,-63.812344742165,23.6090145504692));
#6322=CARTESIAN_POINT('Ctrl Pts',(-3.61241703780531,-63.673589207112,23.3798340277658));
#6323=CARTESIAN_POINT('Ctrl Pts',(-3.61795882670244,-63.5992271234696,23.4123179915768));
#6324=CARTESIAN_POINT('Ctrl Pts',(-3.62566890434482,-63.5251928088889,23.4449989564251));
#6325=CARTESIAN_POINT('Ctrl Pts',(-3.64797617195599,-63.3791672300734,23.5099373612312));
#6326=CARTESIAN_POINT('Ctrl Pts',(-3.66227550266236,-63.3080016439091,23.5418027789038));
#6327=CARTESIAN_POINT('Ctrl Pts',(-3.71468805283577,-63.1099458712265,23.630782161878));
#6328=CARTESIAN_POINT('Ctrl Pts',(-3.76113943620379,-62.9901141174895,23.6848171427611));
#6329=CARTESIAN_POINT('Ctrl Pts',(-3.880464353872,-62.759803686197,23.7891369223033));
#6330=CARTESIAN_POINT('Ctrl Pts',(-3.94854475591294,-62.6553118424104,23.8368173193049));
#6331=CARTESIAN_POINT('Ctrl Pts',(-4.02293411405144,-62.5538413024833,23.8840272280241));
#6332=CARTESIAN_POINT('Ctrl Pts',(-4.24435153671091,-62.7813014051604,24.0731530634015));
#6333=CARTESIAN_POINT('Ctrl Pts',(-4.25406810269419,-62.7658298163322,24.0803850324425));
#6334=CARTESIAN_POINT('Ctrl Pts',(-4.26393743866046,-62.7503312317663,24.0876387247686));
#6335=CARTESIAN_POINT('Ctrl Pts',(-4.27395500973923,-62.7347889182632,24.0949209536009));
#6336=CARTESIAN_POINT('Ctrl Pts',(-4.17054572915776,-62.7054813709347,24.0101111182757));
#6337=CARTESIAN_POINT('Ctrl Pts',(-4.1808573160021,-62.6899373931754,24.0173655336264));
#6338=CARTESIAN_POINT('Ctrl Pts',(-4.19130593665104,-62.6743905767877,24.0246351809461));
#6339=CARTESIAN_POINT('Ctrl Pts',(-4.20189108982213,-62.6588254243423,24.031926092015));
#6340=CARTESIAN_POINT('Ctrl Pts',(-4.09673992160461,-62.629661336709,23.9470691731499));
#6341=CARTESIAN_POINT('Ctrl Pts',(-4.10764652931001,-62.6140449700185,23.9543460348103));
#6342=CARTESIAN_POINT('Ctrl Pts',(-4.11867443464163,-62.5984499218092,23.9616316371235));
#6343=CARTESIAN_POINT('Ctrl Pts',(-4.12982716990503,-62.5828619304214,23.9689312304291));
#6344=CARTESIAN_POINT('Ctrl Pts',(-4.02293411405146,-62.5538413024832,23.8840272280241));
#6345=CARTESIAN_POINT('Ctrl Pts',(-4.03443574261792,-62.5381525468617,23.8913265359941));
#6346=CARTESIAN_POINT('Ctrl Pts',(-4.04604293263221,-62.5225092668307,23.8986280933009));
#6347=CARTESIAN_POINT('Ctrl Pts',(-4.05776324998793,-62.5068984365005,23.9059363688433));
#6348=CARTESIAN_POINT('',(-4.05776324998793,-62.5068984365005,23.9059363688433));
#6349=CARTESIAN_POINT('',(-4.05776324998793,-62.5068984365005,23.9059363688433));
#6350=CARTESIAN_POINT('Ctrl Pts',(-4.02293411405146,-62.5538413024832,23.8840272280241));
#6351=CARTESIAN_POINT('Ctrl Pts',(-4.03443574261792,-62.5381525468617,23.8913265359941));
#6352=CARTESIAN_POINT('Ctrl Pts',(-4.04604293263221,-62.5225092668307,23.8986280933009));
#6353=CARTESIAN_POINT('Ctrl Pts',(-4.05776324998793,-62.5068984365005,23.9059363688433));
#6354=CARTESIAN_POINT('Ctrl Pts',(-4.27395500973924,-62.7347889182632,24.0949209536009));
#6355=CARTESIAN_POINT('Ctrl Pts',(-4.35639362807583,-62.6068849741961,24.1548493412927));
#6356=CARTESIAN_POINT('Ctrl Pts',(-4.44948623547063,-62.4849873573462,24.2129372241919));
#6357=CARTESIAN_POINT('Ctrl Pts',(-4.55217564140793,-62.3704803774673,24.2685249370406));
#6358=CARTESIAN_POINT('Ctrl Pts',(-4.20189108982213,-62.6588254243423,24.031926092015));
#6359=CARTESIAN_POINT('Ctrl Pts',(-4.29011697927905,-62.5292465315856,24.0926220735897));
#6360=CARTESIAN_POINT('Ctrl Pts',(-4.3873292906834,-62.4055656176012,24.1518211422484));
#6361=CARTESIAN_POINT('Ctrl Pts',(-4.49265175831139,-62.2881225613151,24.2088341810675));
#6362=CARTESIAN_POINT('Ctrl Pts',(-4.12982716990503,-62.5828619304214,23.9689312304291));
#6363=CARTESIAN_POINT('Ctrl Pts',(-4.22384033048227,-62.4516080889751,24.0303948058867));
#6364=CARTESIAN_POINT('Ctrl Pts',(-4.32517234589617,-62.3261438778561,24.0907050603048));
#6365=CARTESIAN_POINT('Ctrl Pts',(-4.43312787521484,-62.2057647451629,24.1491434250944));
#6366=CARTESIAN_POINT('Ctrl Pts',(-4.05776324998793,-62.5068984365005,23.9059363688433));
#6367=CARTESIAN_POINT('Ctrl Pts',(-4.15756368168549,-62.3739696463646,23.9681675381838));
#6368=CARTESIAN_POINT('Ctrl Pts',(-4.26301540110893,-62.2467221381111,24.0295889783613));
#6369=CARTESIAN_POINT('Ctrl Pts',(-4.3736039921183,-62.1234069290107,24.0894526691213));
#6370=CARTESIAN_POINT('Ctrl Pts',(-4.05776324998793,-62.5068984365005,23.9059363688433));
#6371=CARTESIAN_POINT('Ctrl Pts',(-4.15756368168549,-62.3739696463646,23.9681675381838));
#6372=CARTESIAN_POINT('Ctrl Pts',(-4.26301540110893,-62.2467221381111,24.0295889783613));
#6373=CARTESIAN_POINT('Ctrl Pts',(-4.3736039921183,-62.1234069290107,24.0894526691213));
#6374=CARTESIAN_POINT('Ctrl Pts',(-3.8306579861057,-64.1688893591605,23.4552307557021));
#6375=CARTESIAN_POINT('Ctrl Pts',(-3.83350286022436,-64.0494102048787,23.5062401591669));
#6376=CARTESIAN_POINT('Ctrl Pts',(-3.84413360262295,-63.9302769429111,23.5576243737505));
#6377=CARTESIAN_POINT('Ctrl Pts',(-3.86247390312403,-63.812344742165,23.6090145504692));
#6378=CARTESIAN_POINT('Ctrl Pts',(-3.7526336503091,-64.1326445938209,23.3746863027716));
#6379=CARTESIAN_POINT('Ctrl Pts',(-3.7555514699184,-64.0101018714806,23.4270036396586));
#6380=CARTESIAN_POINT('Ctrl Pts',(-3.7636910074866,-63.8877035147339,23.479581757828));
#6381=CARTESIAN_POINT('Ctrl Pts',(-3.77912161468446,-63.7660928971473,23.5326210429014));
#6382=CARTESIAN_POINT('Ctrl Pts',(-3.6746093145125,-64.0963998284814,23.2941418498411));
#6383=CARTESIAN_POINT('Ctrl Pts',(-3.67760007961244,-63.9707935380825,23.3477671201503));
#6384=CARTESIAN_POINT('Ctrl Pts',(-3.68324841235025,-63.8451300865567,23.4015391419055));
#6385=CARTESIAN_POINT('Ctrl Pts',(-3.69576932624489,-63.7198410521296,23.4562275353336));
#6386=CARTESIAN_POINT('Ctrl Pts',(-3.5965849787159,-64.0601550631418,23.2135973969107));
#6387=CARTESIAN_POINT('Ctrl Pts',(-3.59964868930648,-63.9314852046845,23.268530600642));
#6388=CARTESIAN_POINT('Ctrl Pts',(-3.6028058172139,-63.8025566583795,23.323496525983));
#6389=CARTESIAN_POINT('Ctrl Pts',(-3.61241703780532,-63.673589207112,23.3798340277658));
#6390=CARTESIAN_POINT('Ctrl Pts',(-3.5965849787159,-64.0601550631418,23.2135973969107));
#6391=CARTESIAN_POINT('Ctrl Pts',(-3.59964868930648,-63.9314852046845,23.268530600642));
#6392=CARTESIAN_POINT('Ctrl Pts',(-3.6028058172139,-63.8025566583795,23.323496525983));
#6393=CARTESIAN_POINT('Ctrl Pts',(-3.61241703780532,-63.673589207112,23.3798340277658));
#6394=CARTESIAN_POINT('Ctrl Pts',(-2.58559520324202,-61.6444979996048,22.9375803555725));
#6395=CARTESIAN_POINT('Ctrl Pts',(-2.39672667964954,-61.8811676460011,22.9280090636698));
#6396=CARTESIAN_POINT('Ctrl Pts',(-2.20443450991084,-62.2674684049903,22.7935290834034));
#6397=CARTESIAN_POINT('Ctrl Pts',(-2.20730721866935,-62.8489097654998,22.3077191598674));
#6398=CARTESIAN_POINT('Ctrl Pts',(-2.47494969639854,-63.3049535059498,21.6492778054419));
#6399=CARTESIAN_POINT('Ctrl Pts',(-2.81181763674513,-63.502549168595,21.0486247208892));
#6400=CARTESIAN_POINT('Ctrl Pts',(-2.96616992533684,-63.5473002784034,20.7439850683819));
#6401=CARTESIAN_POINT('Ctrl Pts',(-2.77886347743895,-61.7532174746736,22.8868105980865));
#6402=CARTESIAN_POINT('Ctrl Pts',(-2.60773941609529,-61.9725600123769,22.8699681396705));
#6403=CARTESIAN_POINT('Ctrl Pts',(-2.43895852487628,-62.3122657349337,22.747060911465));
#6404=CARTESIAN_POINT('Ctrl Pts',(-2.42944347624903,-62.8533607286342,22.319588285972));
#6405=CARTESIAN_POINT('Ctrl Pts',(-2.65297764980332,-63.3197177537751,21.6996343959175));
#6406=CARTESIAN_POINT('Ctrl Pts',(-2.95509192101118,-63.5353138773168,21.0892142378912));
#6407=CARTESIAN_POINT('Ctrl Pts',(-3.09522572947157,-63.5847172193178,20.7747926399099));
#6408=CARTESIAN_POINT('Ctrl Pts',(-3.18219383758929,-61.9885417950317,22.8917035626424));
#6409=CARTESIAN_POINT('Ctrl Pts',(-3.04296780387349,-62.1895084853755,22.8666679960731));
#6410=CARTESIAN_POINT('Ctrl Pts',(-2.91204607661747,-62.4648278388879,22.7612856914346));
#6411=CARTESIAN_POINT('Ctrl Pts',(-2.86485585341117,-62.9431482982795,22.4084361366141));
#6412=CARTESIAN_POINT('Ctrl Pts',(-2.99497602853566,-63.4161957267392,21.8213528457827));
#6413=CARTESIAN_POINT('Ctrl Pts',(-3.22945433721079,-63.647189348742,21.1754238042919));
#6414=CARTESIAN_POINT('Ctrl Pts',(-3.34221884050628,-63.6975813741796,20.836387426866));
#6415=CARTESIAN_POINT('Ctrl Pts',(-3.79832357176577,-62.3760812683673,23.2677252117925));
#6416=CARTESIAN_POINT('Ctrl Pts',(-3.67987738469683,-62.6016609408715,23.2529979889619));
#6417=CARTESIAN_POINT('Ctrl Pts',(-3.5603913529129,-62.8884803231667,23.1504886658726));
#6418=CARTESIAN_POINT('Ctrl Pts',(-3.44756219008086,-63.3505333375776,22.7567262951852));
#6419=CARTESIAN_POINT('Ctrl Pts',(-3.46826755450932,-63.7933851667934,22.0783376307921));
#6420=CARTESIAN_POINT('Ctrl Pts',(-3.62205641799294,-63.9854641354917,21.3300512307141));
#6421=CARTESIAN_POINT('Ctrl Pts',(-3.7014306425657,-64.0118635984302,20.9355526050924));
#6422=CARTESIAN_POINT('Ctrl Pts',(-4.0336909469515,-62.5533102400263,23.7947401710112));
#6423=CARTESIAN_POINT('Ctrl Pts',(-3.88556425359565,-62.8372020715597,23.8022949328972));
#6424=CARTESIAN_POINT('Ctrl Pts',(-3.71841856781528,-63.239134971962,23.6728324077102));
#6425=CARTESIAN_POINT('Ctrl Pts',(-3.59513990339322,-63.7919127996826,23.1164519234423));
#6426=CARTESIAN_POINT('Ctrl Pts',(-3.63628270076772,-64.2032472151481,22.2723326407414));
#6427=CARTESIAN_POINT('Ctrl Pts',(-3.78980280385259,-64.3258966632756,21.4311182776367));
#6428=CARTESIAN_POINT('Ctrl Pts',(-3.86614402876703,-64.3184485032112,20.9913968302731));
#6429=CARTESIAN_POINT('Ctrl Pts',(-4.06699133940403,-62.5983335943201,24.1313434207103));
#6430=CARTESIAN_POINT('Ctrl Pts',(-3.88581532677903,-62.922259446984,24.1496408580089));
#6431=CARTESIAN_POINT('Ctrl Pts',(-3.67470272413828,-63.412264776349,23.9955142197788));
#6432=CARTESIAN_POINT('Ctrl Pts',(-3.56446477687683,-64.0541031087049,23.326751038411));
#6433=CARTESIAN_POINT('Ctrl Pts',(-3.65945419203777,-64.4645597147694,22.3771036737142));
#6434=CARTESIAN_POINT('Ctrl Pts',(-3.83863405759023,-64.5444982461661,21.482317838839));
#6435=CARTESIAN_POINT('Ctrl Pts',(-3.92288572742993,-64.5157075885195,21.0164853843869));
#6436=CARTESIAN_POINT('',(-2.58559520324202,-61.6444979996048,22.9375803555725));
#6437=CARTESIAN_POINT('Ctrl Pts',(-2.96616992533684,-63.5473002784034,20.7439850683819));
#6438=CARTESIAN_POINT('Ctrl Pts',(-2.81181763674513,-63.502549168595,21.0486247208892));
#6439=CARTESIAN_POINT('Ctrl Pts',(-2.47494969639854,-63.3049535059498,21.6492778054419));
#6440=CARTESIAN_POINT('Ctrl Pts',(-2.20730721866935,-62.8489097654998,22.3077191598674));
#6441=CARTESIAN_POINT('Ctrl Pts',(-2.20443450991084,-62.2674684049903,22.7935290834034));
#6442=CARTESIAN_POINT('Ctrl Pts',(-2.39672667964954,-61.8811676460011,22.9280090636698));
#6443=CARTESIAN_POINT('Ctrl Pts',(-2.58559520324202,-61.6444979996048,22.9375803555725));
#6444=CARTESIAN_POINT('Origin',(-2.81945038835102,-61.8882306807771,24.3497454070188));
#6445=CARTESIAN_POINT('Ctrl Pts',(22.12888540713,-60.0600447179762,23.1915715875635));
#6446=CARTESIAN_POINT('Ctrl Pts',(22.0487957026311,-59.8841294682789,23.273434584174));
#6447=CARTESIAN_POINT('Ctrl Pts',(21.9762548510806,-59.7122631536387,23.3550732862993));
#6448=CARTESIAN_POINT('Ctrl Pts',(21.9066708305005,-59.4560557633465,23.4737674237224));
#6449=CARTESIAN_POINT('Ctrl Pts',(21.8901693509388,-59.375932731827,23.5104033097671));
#6450=CARTESIAN_POINT('Ctrl Pts',(21.8743359085683,-59.2426161161901,23.569756493333));
#6451=CARTESIAN_POINT('Ctrl Pts',(21.8709444326744,-59.1912492398325,23.5922438841268));
#6452=CARTESIAN_POINT('Ctrl Pts',(21.8700191657507,-59.0932286142322,23.6343001959764));
#6453=CARTESIAN_POINT('Ctrl Pts',(21.8718856270635,-59.0471138894175,23.6537305904563));
#6454=CARTESIAN_POINT('Ctrl Pts',(21.8810903018232,-58.9444438085296,23.6962217001093));
#6455=CARTESIAN_POINT('Ctrl Pts',(21.8894886850122,-58.8884837001497,23.7188677040361));
#6456=CARTESIAN_POINT('Ctrl Pts',(21.9215154507313,-58.7315657195282,23.7812485556416));
#6457=CARTESIAN_POINT('Ctrl Pts',(21.9515606767689,-58.6331130951396,23.8191045292418));
#6458=CARTESIAN_POINT('Ctrl Pts',(22.0124472373356,-58.4691422804664,23.8815276866539));
#6459=CARTESIAN_POINT('Ctrl Pts',(22.0405744802661,-58.4020427206001,23.9068797189253));
#6460=CARTESIAN_POINT('Ctrl Pts',(22.0707717346957,-58.3350932708068,23.9322050410277));
#6461=CARTESIAN_POINT('Ctrl Pts',(22.2203022849988,-60.0647176146253,23.2738154573817));
#6462=CARTESIAN_POINT('Ctrl Pts',(22.1459302235941,-59.8881591879512,23.3550322208683));
#6463=CARTESIAN_POINT('Ctrl Pts',(22.0797579404391,-59.7177497133029,23.4343898226242));
#6464=CARTESIAN_POINT('Ctrl Pts',(22.0175202480486,-59.4693520749115,23.547571156279));
#6465=CARTESIAN_POINT('Ctrl Pts',(22.0029126535925,-59.3923811922204,23.5822623892309));
#6466=CARTESIAN_POINT('Ctrl Pts',(21.9890793266199,-59.2652763364571,23.6383056960866));
#6467=CARTESIAN_POINT('Ctrl Pts',(21.9861576720809,-59.2164904441998,23.6595286224128));
#6468=CARTESIAN_POINT('Ctrl Pts',(21.9855038660125,-59.1235677491482,23.6992963796796));
#6469=CARTESIAN_POINT('Ctrl Pts',(21.9872278538105,-59.0798999046727,23.7177155567048));
#6470=CARTESIAN_POINT('Ctrl Pts',(21.9955472361794,-58.9825890436497,23.7581735298259));
#6471=CARTESIAN_POINT('Ctrl Pts',(22.0030845686877,-58.9294578255541,23.7798711009632));
#6472=CARTESIAN_POINT('Ctrl Pts',(22.0318801909226,-58.7798555472288,23.8400963554181));
#6473=CARTESIAN_POINT('Ctrl Pts',(22.0589904701327,-58.6851500337365,23.8772234345852));
#6474=CARTESIAN_POINT('Ctrl Pts',(22.1145999023251,-58.5256091801963,23.9391939158008));
#6475=CARTESIAN_POINT('Ctrl Pts',(22.14043536431,-58.4598303235057,23.9645732459831));
#6476=CARTESIAN_POINT('Ctrl Pts',(22.1683640988291,-58.3937249223074,23.9900660003896));
#6477=CARTESIAN_POINT('Ctrl Pts',(22.3117191628676,-60.0693905112744,23.3560593271998));
#6478=CARTESIAN_POINT('Ctrl Pts',(22.2432708177944,-59.8922345492481,23.4365349985154));
#6479=CARTESIAN_POINT('Ctrl Pts',(22.1833726554209,-59.7232918758687,23.5136421217842));
#6480=CARTESIAN_POINT('Ctrl Pts',(22.1283452824609,-59.4826279529818,23.6213923445657));
#6481=CARTESIAN_POINT('Ctrl Pts',(22.1156979764412,-59.4088571262151,23.6540944736366));
#6482=CARTESIAN_POINT('Ctrl Pts',(22.1038185777156,-59.2879196435387,23.7068635085811));
#6483=CARTESIAN_POINT('Ctrl Pts',(22.101388202047,-59.241740796025,23.7268031081092));
#6484=CARTESIAN_POINT('Ctrl Pts',(22.1009943731542,-59.1538964362006,23.7642948384298));
#6485=CARTESIAN_POINT('Ctrl Pts',(22.102579679485,-59.1126922716298,23.7816941734988));
#6486=CARTESIAN_POINT('Ctrl Pts',(22.1100142016176,-59.0207211209389,23.8201273844327));
#6487=CARTESIAN_POINT('Ctrl Pts',(22.1166842570248,-58.9704423124131,23.8408685289547));
#6488=CARTESIAN_POINT('Ctrl Pts',(22.1422613392944,-58.8281176091435,23.898950236345));
#6489=CARTESIAN_POINT('Ctrl Pts',(22.1664337383699,-58.7371664850959,23.9353464030423));
#6490=CARTESIAN_POINT('Ctrl Pts',(22.2167496069651,-58.582085533285,23.9968570506346));
#6491=CARTESIAN_POINT('Ctrl Pts',(22.2403078912457,-58.5176022222115,24.0222694205513));
#6492=CARTESIAN_POINT('Ctrl Pts',(22.2659564629624,-58.4523565738079,24.0479269597514));
#6493=CARTESIAN_POINT('Ctrl Pts',(22.4031360407363,-60.0740634079236,23.438303197018));
#6494=CARTESIAN_POINT('Ctrl Pts',(22.3404053387574,-59.8962642689205,23.5181326352097));
#6495=CARTESIAN_POINT('Ctrl Pts',(22.2868757447794,-59.7287784355329,23.592958658109));
#6496=CARTESIAN_POINT('Ctrl Pts',(22.2391947000089,-59.4959242645468,23.6951960771222));
#6497=CARTESIAN_POINT('Ctrl Pts',(22.228441279095,-59.4253055866085,23.7259535531005));
#6498=CARTESIAN_POINT('Ctrl Pts',(22.2185619957671,-59.3105798638056,23.7754127113347));
#6499=CARTESIAN_POINT('Ctrl Pts',(22.2166014414535,-59.2669820003923,23.7940878463952));
#6500=CARTESIAN_POINT('Ctrl Pts',(22.216479073416,-59.1842355711166,23.829291022133));
#6501=CARTESIAN_POINT('Ctrl Pts',(22.217921906232,-59.145478286885,23.8456791397473));
#6502=CARTESIAN_POINT('Ctrl Pts',(22.2244711359738,-59.058866356059,23.8820792141492));
#6503=CARTESIAN_POINT('Ctrl Pts',(22.2302801407003,-59.0114164378176,23.9018719258818));
#6504=CARTESIAN_POINT('Ctrl Pts',(22.2526260794857,-58.8764074368442,23.9577980361215));
#6505=CARTESIAN_POINT('Ctrl Pts',(22.2738635317337,-58.7892034236928,23.9934653083857));
#6506=CARTESIAN_POINT('Ctrl Pts',(22.3189022719546,-58.6385524330149,24.0545232797815));
#6507=CARTESIAN_POINT('Ctrl Pts',(22.3401687752896,-58.5753898251171,24.0799629476091));
#6508=CARTESIAN_POINT('Ctrl Pts',(22.3635488270958,-58.5109882253085,24.1057879191133));
#6509=CARTESIAN_POINT('',(22.12888540713,-60.0600447179763,23.1915715875637));
#6510=CARTESIAN_POINT('',(22.12888540713,-60.0600447179763,23.1915715875637));
#6511=CARTESIAN_POINT('',(22.0707717346957,-58.3350932708068,23.9322050410277));
#6512=CARTESIAN_POINT('',(22.3635488270958,-58.5109882253085,24.1057879191133));
#6513=CARTESIAN_POINT('Ctrl Pts',(22.0707717346957,-58.3350932708068,23.9322050410277));
#6514=CARTESIAN_POINT('Ctrl Pts',(22.0405744802661,-58.4020427206001,23.9068797189253));
#6515=CARTESIAN_POINT('Ctrl Pts',(22.0124472373356,-58.4691422804664,23.8815276866539));
#6516=CARTESIAN_POINT('Ctrl Pts',(21.9515606767689,-58.6331130951396,23.8191045292418));
#6517=CARTESIAN_POINT('Ctrl Pts',(21.9215154507313,-58.7315657195282,23.7812485556416));
#6518=CARTESIAN_POINT('Ctrl Pts',(21.8894886850122,-58.8884837001497,23.7188677040361));
#6519=CARTESIAN_POINT('Ctrl Pts',(21.8810903018232,-58.9444438085296,23.6962217001093));
#6520=CARTESIAN_POINT('Ctrl Pts',(21.8718856270635,-59.0471138894175,23.6537305904563));
#6521=CARTESIAN_POINT('Ctrl Pts',(21.8700191657507,-59.0932286142322,23.6343001959764));
#6522=CARTESIAN_POINT('Ctrl Pts',(21.8709444326744,-59.1912492398325,23.5922438841268));
#6523=CARTESIAN_POINT('Ctrl Pts',(21.8743359085683,-59.2426161161901,23.569756493333));
#6524=CARTESIAN_POINT('Ctrl Pts',(21.8901693509388,-59.375932731827,23.5104033097671));
#6525=CARTESIAN_POINT('Ctrl Pts',(21.9066708305005,-59.4560557633465,23.4737674237224));
#6526=CARTESIAN_POINT('Ctrl Pts',(21.9762548510806,-59.7122631536387,23.3550732862993));
#6527=CARTESIAN_POINT('Ctrl Pts',(22.0487957026311,-59.8841294682789,23.273434584174));
#6528=CARTESIAN_POINT('Ctrl Pts',(22.12888540713,-60.0600447179762,23.1915715875635));
#6529=CARTESIAN_POINT('Ctrl Pts',(22.4031360407363,-60.0740634079236,23.438303197018));
#6530=CARTESIAN_POINT('Ctrl Pts',(22.4163991708317,-60.1116554168929,23.4214248871829));
#6531=CARTESIAN_POINT('Ctrl Pts',(22.4300621236209,-60.1497036505099,23.4043257265223));
#6532=CARTESIAN_POINT('Ctrl Pts',(22.4440021404828,-60.1882455026094,23.3869980393335));
#6533=CARTESIAN_POINT('Ctrl Pts',(22.3117191628676,-60.0693905112744,23.3560593271998));
#6534=CARTESIAN_POINT('Ctrl Pts',(22.3262056955472,-60.1068497502276,23.339037699186));
#6535=CARTESIAN_POINT('Ctrl Pts',(22.3410784466593,-60.1446738389278,23.3218615513765));
#6536=CARTESIAN_POINT('Ctrl Pts',(22.3562119924384,-60.1829167342402,23.3045186679765));
#6537=CARTESIAN_POINT('Ctrl Pts',(22.2203022849988,-60.0647176146253,23.2738154573816));
#6538=CARTESIAN_POINT('Ctrl Pts',(22.2360122202628,-60.1020440835623,23.2566505111891));
#6539=CARTESIAN_POINT('Ctrl Pts',(22.2520947696976,-60.1396440273456,23.2393973762306));
#6540=CARTESIAN_POINT('Ctrl Pts',(22.2684218443939,-60.1775879658709,23.2220392966196));
#6541=CARTESIAN_POINT('Ctrl Pts',(22.12888540713,-60.0600447179762,23.1915715875635));
#6542=CARTESIAN_POINT('Ctrl Pts',(22.1458187449783,-60.097238416897,23.1742633231922));
#6543=CARTESIAN_POINT('Ctrl Pts',(22.163111092736,-60.1346142157634,23.1569332010848));
#6544=CARTESIAN_POINT('Ctrl Pts',(22.1806316963495,-60.1722591975017,23.1395599252627));
#6545=CARTESIAN_POINT('',(22.1806316963495,-60.1722591975017,23.1395599252627));
#6546=CARTESIAN_POINT('',(22.1806316963495,-60.1722591975017,23.1395599252627));
#6547=CARTESIAN_POINT('Ctrl Pts',(22.12888540713,-60.0600447179762,23.1915715875635));
#6548=CARTESIAN_POINT('Ctrl Pts',(22.1458187449783,-60.097238416897,23.1742633231922));
#6549=CARTESIAN_POINT('Ctrl Pts',(22.163111092736,-60.1346142157634,23.1569332010848));
#6550=CARTESIAN_POINT('Ctrl Pts',(22.1806316963495,-60.1722591975017,23.1395599252627));
#6551=CARTESIAN_POINT('Ctrl Pts',(22.4440021403119,-60.1882455021367,23.386998039546));
#6552=CARTESIAN_POINT('Ctrl Pts',(22.4703374659888,-60.2610583423309,23.354262764774));
#6553=CARTESIAN_POINT('Ctrl Pts',(22.4997652532824,-60.3328539446908,23.3217528517039));
#6554=CARTESIAN_POINT('Ctrl Pts',(22.5321969829607,-60.4034163469521,23.2895660906486));
#6555=CARTESIAN_POINT('Ctrl Pts',(22.3562119923244,-60.1829167339251,23.3045186681182));
#6556=CARTESIAN_POINT('Ctrl Pts',(22.3855941477691,-60.2568665497127,23.2709693166552));
#6557=CARTESIAN_POINT('Ctrl Pts',(22.4170921578484,-60.329982804202,23.2377858884145));
#6558=CARTESIAN_POINT('Ctrl Pts',(22.4503554703389,-60.402354498829,23.2047738257937));
#6559=CARTESIAN_POINT('Ctrl Pts',(22.2684218443369,-60.1775879657134,23.2220392966904));
#6560=CARTESIAN_POINT('Ctrl Pts',(22.3008508295494,-60.2526747570945,23.1876758685364));
#6561=CARTESIAN_POINT('Ctrl Pts',(22.3344190624143,-60.3271116637132,23.1538189251251));
#6562=CARTESIAN_POINT('Ctrl Pts',(22.3685139577171,-60.4012926507059,23.1199815609388));
#6563=CARTESIAN_POINT('Ctrl Pts',(22.1806316963495,-60.1722591975017,23.1395599252627));
#6564=CARTESIAN_POINT('Ctrl Pts',(22.2161075113297,-60.2484829644763,23.1043824204176));
#6565=CARTESIAN_POINT('Ctrl Pts',(22.2517459669802,-60.3242405232244,23.0698519618357));
#6566=CARTESIAN_POINT('Ctrl Pts',(22.2866724450953,-60.4002308025828,23.0351892960839));
#6567=CARTESIAN_POINT('Ctrl Pts',(22.1806316963495,-60.1722591975017,23.1395599252627));
#6568=CARTESIAN_POINT('Ctrl Pts',(22.2161075113297,-60.2484829644763,23.1043824204176));
#6569=CARTESIAN_POINT('Ctrl Pts',(22.2517459669802,-60.3242405232244,23.0698519618357));
#6570=CARTESIAN_POINT('Ctrl Pts',(22.2866724450953,-60.4002308025828,23.0351892960839));
#6571=CARTESIAN_POINT('Ctrl Pts',(22.6587757775341,-57.8420442013349,24.3705226368178));
#6572=CARTESIAN_POINT('Ctrl Pts',(22.6020943466541,-57.9418528134959,24.3318701970958));
#6573=CARTESIAN_POINT('Ctrl Pts',(22.5513876603943,-58.0444411328093,24.2916349286266));
#6574=CARTESIAN_POINT('Ctrl Pts',(22.5069720083493,-58.1491692512017,24.2500678041652));
#6575=CARTESIAN_POINT('Ctrl Pts',(22.5801798750296,-57.7753061443498,24.3134472064801));
#6576=CARTESIAN_POINT('Ctrl Pts',(22.5220450741269,-57.8776739516944,24.27380367856));
#6577=CARTESIAN_POINT('Ctrl Pts',(22.4687190716554,-57.9822619173045,24.2328475796529));
#6578=CARTESIAN_POINT('Ctrl Pts',(22.4202965034878,-58.0889275219972,24.1909043687484));
#6579=CARTESIAN_POINT('Ctrl Pts',(22.501583972525,-57.7085680873647,24.2563717761423));
#6580=CARTESIAN_POINT('Ctrl Pts',(22.4419958015998,-57.8134950898929,24.2157371600243));
#6581=CARTESIAN_POINT('Ctrl Pts',(22.3860504829164,-57.9200827017996,24.1740602306793));
#6582=CARTESIAN_POINT('Ctrl Pts',(22.3336209986263,-58.0286857927927,24.1317409333317));
#6583=CARTESIAN_POINT('Ctrl Pts',(22.4229880700205,-57.6418300303796,24.1992963458046));
#6584=CARTESIAN_POINT('Ctrl Pts',(22.3619465290726,-57.7493162280914,24.1576706414886));
#6585=CARTESIAN_POINT('Ctrl Pts',(22.3033818941775,-57.8579034862948,24.1152728817056));
#6586=CARTESIAN_POINT('Ctrl Pts',(22.2469454937648,-57.9684440635883,24.072577497915));
#6587=CARTESIAN_POINT('',(22.2469454937648,-57.9684440635883,24.072577497915));
#6588=CARTESIAN_POINT('',(22.2469454937648,-57.9684440635883,24.072577497915));
#6589=CARTESIAN_POINT('Ctrl Pts',(22.4229880700205,-57.6418300303796,24.1992963458046));
#6590=CARTESIAN_POINT('Ctrl Pts',(22.3619465290726,-57.7493162280914,24.1576706414886));
#6591=CARTESIAN_POINT('Ctrl Pts',(22.3033818941775,-57.8579034862948,24.1152728817056));
#6592=CARTESIAN_POINT('Ctrl Pts',(22.2469454937648,-57.9684440635883,24.072577497915));
#6593=CARTESIAN_POINT('Ctrl Pts',(22.1131512735589,-58.2426666789558,23.9673256397187));
#6594=CARTESIAN_POINT('Ctrl Pts',(22.1345974887832,-58.1966374114803,23.9848820389178));
#6595=CARTESIAN_POINT('Ctrl Pts',(22.1564368077231,-58.1508249701425,24.0024109359009));
#6596=CARTESIAN_POINT('Ctrl Pts',(22.1863524469406,-58.0894961732297,24.0259501168531));
#6597=CARTESIAN_POINT('Ctrl Pts',(22.19407071931,-58.0737970127682,24.0319822807204));
#6598=CARTESIAN_POINT('Ctrl Pts',(22.2018366175751,-58.05812459705,24.0380106646865));
#6599=CARTESIAN_POINT('Ctrl Pts',(22.2077909573949,-58.3022307827811,24.0254381777336));
#6600=CARTESIAN_POINT('Ctrl Pts',(22.2279183150543,-58.2563630919998,24.0432088641376));
#6601=CARTESIAN_POINT('Ctrl Pts',(22.2484352334289,-58.2106885425153,24.0609320047224));
#6602=CARTESIAN_POINT('Ctrl Pts',(22.2765691740924,-58.1495118914387,24.0847061449038));
#6603=CARTESIAN_POINT('Ctrl Pts',(22.2838303470995,-58.1338487988241,24.0907962234659));
#6604=CARTESIAN_POINT('Ctrl Pts',(22.29113896407,-58.1182094634931,24.0968802097225));
#6605=CARTESIAN_POINT('Ctrl Pts',(22.302430641231,-58.3617948866065,24.0835507157485));
#6606=CARTESIAN_POINT('Ctrl Pts',(22.3212391425173,-58.3160887628556,24.1015356986755));
#6607=CARTESIAN_POINT('Ctrl Pts',(22.3404336595921,-58.2705521108283,24.1194530775664));
#6608=CARTESIAN_POINT('Ctrl Pts',(22.3667859011261,-58.2095276107095,24.1434621718968));
#6609=CARTESIAN_POINT('Ctrl Pts',(22.3735899750705,-58.1939005832951,24.1496101677666));
#6610=CARTESIAN_POINT('Ctrl Pts',(22.3804413105648,-58.1782943299362,24.1557497547585));
#6611=CARTESIAN_POINT('Ctrl Pts',(22.3970703250671,-58.4213589904318,24.1416632537635));
#6612=CARTESIAN_POINT('Ctrl Pts',(22.4145599687883,-58.375814443375,24.1598625238954));
#6613=CARTESIAN_POINT('Ctrl Pts',(22.4324320852979,-58.3304156832011,24.1779741463879));
#6614=CARTESIAN_POINT('Ctrl Pts',(22.457002628278,-58.2695433289185,24.2022181999475));
#6615=CARTESIAN_POINT('Ctrl Pts',(22.4633496028601,-58.253952369351,24.2084241105121));
#6616=CARTESIAN_POINT('Ctrl Pts',(22.4697436570596,-58.2383791963793,24.2146192997946));
#6617=CARTESIAN_POINT('',(22.2018366175729,-58.0581245970455,24.0380106646764));
#6618=CARTESIAN_POINT('',(22.4697436570595,-58.2383791963796,24.2146192997944));
#6619=CARTESIAN_POINT('',(22.1131512735589,-58.2426666789558,23.9673256397187));
#6620=CARTESIAN_POINT('Ctrl Pts',(22.2018366175751,-58.05812459705,24.0380106646865));
#6621=CARTESIAN_POINT('Ctrl Pts',(22.19407071931,-58.0737970127682,24.0319822807204));
#6622=CARTESIAN_POINT('Ctrl Pts',(22.1863524469406,-58.0894961732297,24.0259501168531));
#6623=CARTESIAN_POINT('Ctrl Pts',(22.1564368077231,-58.1508249701425,24.0024109359009));
#6624=CARTESIAN_POINT('Ctrl Pts',(22.1345974887832,-58.1966374114803,23.9848820389178));
#6625=CARTESIAN_POINT('Ctrl Pts',(22.1131512735589,-58.2426666789558,23.9673256397187));
#6626=CARTESIAN_POINT('',(22.1131512735589,-58.2426666789558,23.9673256397187));
#6627=CARTESIAN_POINT('Ctrl Pts',(22.5069720083493,-58.1491692512017,24.2500678041652));
#6628=CARTESIAN_POINT('Ctrl Pts',(22.4943875219727,-58.1788423398196,24.2382904039152));
#6629=CARTESIAN_POINT('Ctrl Pts',(22.4819793893017,-58.2085782017841,24.2264744819503));
#6630=CARTESIAN_POINT('Ctrl Pts',(22.4697436570595,-58.2383791963796,24.2146192997945));
#6631=CARTESIAN_POINT('Ctrl Pts',(22.4202965034878,-58.0889275219972,24.1909043687484));
#6632=CARTESIAN_POINT('Ctrl Pts',(22.406835959547,-58.1186418003727,24.1792165310195));
#6633=CARTESIAN_POINT('Ctrl Pts',(22.3935521014233,-58.1484300313384,24.1674985367533));
#6634=CARTESIAN_POINT('Ctrl Pts',(22.3804413105647,-58.1782943299365,24.1557497547584));
#6635=CARTESIAN_POINT('Ctrl Pts',(22.3336209986263,-58.0286857927927,24.1317409333317));
#6636=CARTESIAN_POINT('Ctrl Pts',(22.3192843971213,-58.0584412609258,24.1201426581238));
#6637=CARTESIAN_POINT('Ctrl Pts',(22.305124813545,-58.0882818608926,24.1085225915563));
#6638=CARTESIAN_POINT('Ctrl Pts',(22.2911389640698,-58.1182094634934,24.0968802097224));
#6639=CARTESIAN_POINT('Ctrl Pts',(22.2469454937648,-57.9684440635883,24.072577497915));
#6640=CARTESIAN_POINT('Ctrl Pts',(22.2317328346956,-57.9982407214789,24.0610687852281));
#6641=CARTESIAN_POINT('Ctrl Pts',(22.2166975256667,-58.0281336904469,24.0495466463594));
#6642=CARTESIAN_POINT('Ctrl Pts',(22.201836617575,-58.0581245970504,24.0380106646864));
#6643=CARTESIAN_POINT('Ctrl Pts',(22.2469454937648,-57.9684440635883,24.072577497915));
#6644=CARTESIAN_POINT('Ctrl Pts',(22.2317328346956,-57.9982407214789,24.0610687852281));
#6645=CARTESIAN_POINT('Ctrl Pts',(22.2166975256667,-58.0281336904469,24.0495466463594));
#6646=CARTESIAN_POINT('Ctrl Pts',(22.201836617575,-58.0581245970504,24.0380106646864));
#6647=CARTESIAN_POINT('Ctrl Pts',(22.397070325067,-58.4213589904319,24.1416632537635));
#6648=CARTESIAN_POINT('Ctrl Pts',(22.385493582218,-58.4515058314915,24.1296167950868));
#6649=CARTESIAN_POINT('Ctrl Pts',(22.3742986765322,-58.4813771916314,24.117661911424));
#6650=CARTESIAN_POINT('Ctrl Pts',(22.3635488270958,-58.5109882253085,24.1057879191133));
#6651=CARTESIAN_POINT('Ctrl Pts',(22.302430641231,-58.3617948866065,24.0835507157485));
#6652=CARTESIAN_POINT('Ctrl Pts',(22.2899221383415,-58.3921748386931,24.0715979794815));
#6653=CARTESIAN_POINT('Ctrl Pts',(22.2777511333198,-58.4223550504954,24.0597243745894));
#6654=CARTESIAN_POINT('Ctrl Pts',(22.2659564629624,-58.452356573808,24.0479269597514));
#6655=CARTESIAN_POINT('Ctrl Pts',(22.2077909573949,-58.3022307827811,24.0254381777336));
#6656=CARTESIAN_POINT('Ctrl Pts',(22.194350694465,-58.3328438458948,24.0135791638762));
#6657=CARTESIAN_POINT('Ctrl Pts',(22.1812035901074,-58.3633329093593,24.0017868377547));
#6658=CARTESIAN_POINT('Ctrl Pts',(22.1683640988291,-58.3937249223074,23.9900660003895));
#6659=CARTESIAN_POINT('Ctrl Pts',(22.1131512735589,-58.2426666789558,23.9673256397187));
#6660=CARTESIAN_POINT('Ctrl Pts',(22.0987792505884,-58.2735128530964,23.9555603482709));
#6661=CARTESIAN_POINT('Ctrl Pts',(22.084656046895,-58.3043107682233,23.9438493009201));
#6662=CARTESIAN_POINT('Ctrl Pts',(22.0707717346957,-58.3350932708068,23.9322050410277));
#6663=CARTESIAN_POINT('Ctrl Pts',(22.1131512735589,-58.2426666789558,23.9673256397187));
#6664=CARTESIAN_POINT('Ctrl Pts',(22.0987792505884,-58.2735128530964,23.9555603482709));
#6665=CARTESIAN_POINT('Ctrl Pts',(22.084656046895,-58.3043107682233,23.9438493009201));
#6666=CARTESIAN_POINT('Ctrl Pts',(22.0707717346957,-58.3350932708068,23.9322050410277));
#6667=CARTESIAN_POINT('Ctrl Pts',(21.2672789792478,-59.8146713827389,20.7531428371737));
#6668=CARTESIAN_POINT('Ctrl Pts',(20.9643736046878,-59.8217796064133,21.2471032791831));
#6669=CARTESIAN_POINT('Ctrl Pts',(20.5495305899047,-59.6914405523681,21.7326342623687));
#6670=CARTESIAN_POINT('Ctrl Pts',(20.2834931732616,-59.417858626855,22.127884336695));
#6671=CARTESIAN_POINT('Ctrl Pts',(21.5832817839272,-59.8072558041251,20.8356645442136));
#6672=CARTESIAN_POINT('Ctrl Pts',(21.3273820793522,-59.7823275755471,21.3751700342666));
#6673=CARTESIAN_POINT('Ctrl Pts',(20.9799894341613,-59.5788806289307,21.8631394826511));
#6674=CARTESIAN_POINT('Ctrl Pts',(20.7745615082527,-59.2953012003103,22.1926536607658));
#6675=CARTESIAN_POINT('Ctrl Pts',(22.1392284084196,-59.9527425296224,20.9798747543086));
#6676=CARTESIAN_POINT('Ctrl Pts',(21.9718863379243,-59.9307346176318,21.6345372692605));
#6677=CARTESIAN_POINT('Ctrl Pts',(21.7593177308057,-59.6829996400424,22.2051892226933));
#6678=CARTESIAN_POINT('Ctrl Pts',(21.6720925412345,-59.3943728250005,22.5513532711251));
#6679=CARTESIAN_POINT('Ctrl Pts',(22.5640492409704,-60.3381808677821,21.0883916600581));
#6680=CARTESIAN_POINT('Ctrl Pts',(22.4293960085012,-60.4044676937073,21.8789943629173));
#6681=CARTESIAN_POINT('Ctrl Pts',(22.2327325737428,-60.2648013912629,22.601149080016));
#6682=CARTESIAN_POINT('Ctrl Pts',(22.129620241696,-59.9776695098069,23.1305292397323));
#6683=CARTESIAN_POINT('Ctrl Pts',(22.7073421508695,-60.5335983477965,21.1245940142439));
#6684=CARTESIAN_POINT('Ctrl Pts',(22.5699636455838,-60.6455769940818,21.9711318115173));
#6685=CARTESIAN_POINT('Ctrl Pts',(22.34885548425,-60.5613515097902,22.7565982813994));
#6686=CARTESIAN_POINT('Ctrl Pts',(22.2070860243405,-60.2661731846195,23.3697344855696));
#6687=CARTESIAN_POINT('',(20.2834931732616,-59.417858626855,22.127884336695));
#6688=CARTESIAN_POINT('Origin',(20.4889703542519,-60.8313047567971,23.2445392367621));
#6689=CARTESIAN_POINT('Ctrl Pts',(20.2834931732616,-59.417858626855,22.127884336695));
#6690=CARTESIAN_POINT('Ctrl Pts',(20.5495305899047,-59.6914405523681,21.7326342623687));
#6691=CARTESIAN_POINT('Ctrl Pts',(20.9643736046878,-59.8217796064133,21.2471032791831));
#6692=CARTESIAN_POINT('Ctrl Pts',(21.2672789792478,-59.8146713827389,20.7531428371737));
#6693=CARTESIAN_POINT('Ctrl Pts',(20.2834931732616,-59.417858626855,22.127884336695));
#6694=CARTESIAN_POINT('Ctrl Pts',(20.1427329423661,-59.273106601031,22.337010904024));
#6695=CARTESIAN_POINT('Ctrl Pts',(19.9763432642285,-58.9599560661453,22.6404411643995));
#6696=CARTESIAN_POINT('Ctrl Pts',(20.0088743379753,-58.3993833144682,22.8642829311546));
#6697=CARTESIAN_POINT('Ctrl Pts',(20.1413198904723,-58.0611114891382,22.8875370268735));
#6698=CARTESIAN_POINT('Ctrl Pts',(20.2270923578214,-57.8950444379165,22.8756978478647));
#6699=CARTESIAN_POINT('Ctrl Pts',(20.6127840514786,-59.3356764950756,22.1713160672406));
#6700=CARTESIAN_POINT('Ctrl Pts',(20.4931929773834,-59.1876579109259,22.3577192152502));
#6701=CARTESIAN_POINT('Ctrl Pts',(20.3582026459112,-58.897393412599,22.6043787067451));
#6702=CARTESIAN_POINT('Ctrl Pts',(20.3852566260154,-58.4316535868133,22.7932997906535));
#6703=CARTESIAN_POINT('Ctrl Pts',(20.494343475737,-58.136679141784,22.830471454384));
#6704=CARTESIAN_POINT('Ctrl Pts',(20.5668959474658,-57.9847927079523,22.8287947372284));
#6705=CARTESIAN_POINT('Ctrl Pts',(21.4080658744149,-59.3244343525317,22.4154891343923));
#6706=CARTESIAN_POINT('Ctrl Pts',(21.3436681040461,-59.1711787171717,22.5873057747973));
#6707=CARTESIAN_POINT('Ctrl Pts',(21.2910239945067,-58.9128118398317,22.7714028603499));
#6708=CARTESIAN_POINT('Ctrl Pts',(21.3059855796982,-58.5787328484168,22.9107374475603));
#6709=CARTESIAN_POINT('Ctrl Pts',(21.3557788778847,-58.3341645833322,22.9596369453269));
#6710=CARTESIAN_POINT('Ctrl Pts',(21.3946409953894,-58.1944078796856,22.9663187139987));
#6711=CARTESIAN_POINT('Ctrl Pts',(21.9702797082726,-59.7424861616518,22.9049881951611));
#6712=CARTESIAN_POINT('Ctrl Pts',(21.9228336321685,-59.5911917472508,23.1464873909527));
#6713=CARTESIAN_POINT('Ctrl Pts',(21.8864718777663,-59.2976155054575,23.4470412488519));
#6714=CARTESIAN_POINT('Ctrl Pts',(21.9020626557293,-58.8244971293905,23.6362989846683));
#6715=CARTESIAN_POINT('Ctrl Pts',(21.942243686843,-58.4967251964212,23.6504738898979));
#6716=CARTESIAN_POINT('Ctrl Pts',(21.973398033091,-58.3206505861351,23.6304650553148));
#6717=CARTESIAN_POINT('Ctrl Pts',(22.1288854070163,-60.0600447176982,23.1915715880916));
#6718=CARTESIAN_POINT('Ctrl Pts',(22.0659782342427,-59.9062204012777,23.4837523649806));
#6719=CARTESIAN_POINT('Ctrl Pts',(21.9994498552874,-59.5702069689653,23.8769536476308));
#6720=CARTESIAN_POINT('Ctrl Pts',(22.0213388089923,-58.9527640805046,24.1203214691246));
#6721=CARTESIAN_POINT('Ctrl Pts',(22.0848610580457,-58.5508817055101,24.1140721195219));
#6722=CARTESIAN_POINT('Ctrl Pts',(22.1275364749104,-58.3446345132682,24.0767501088009));
#6723=CARTESIAN_POINT('',(20.2270923578214,-57.8950444379165,22.8756978478647));
#6724=CARTESIAN_POINT('Origin',(20.4749904883461,-57.8950444379165,24.671669873505));
#6725=CARTESIAN_POINT('Ctrl Pts',(20.2270923578214,-57.8950444379165,22.8756978478647));
#6726=CARTESIAN_POINT('Ctrl Pts',(20.1413198904723,-58.0611114891382,22.8875370268735));
#6727=CARTESIAN_POINT('Ctrl Pts',(20.0088743379753,-58.3993833144682,22.8642829311546));
#6728=CARTESIAN_POINT('Ctrl Pts',(19.9763432642285,-58.9599560661453,22.6404411643995));
#6729=CARTESIAN_POINT('Ctrl Pts',(20.1427329423661,-59.273106601031,22.337010904024));
#6730=CARTESIAN_POINT('Ctrl Pts',(20.2834931732616,-59.417858626855,22.127884336695));
#6731=CARTESIAN_POINT('Ctrl Pts',(20.2270923578214,-57.8950444379165,22.8756978478647));
#6732=CARTESIAN_POINT('Ctrl Pts',(20.2610843697862,-57.7614079959042,22.8710059283367));
#6733=CARTESIAN_POINT('Ctrl Pts',(20.2993565570752,-57.628923834937,22.8657048524722));
#6734=CARTESIAN_POINT('Ctrl Pts',(20.3418398210914,-57.4978856451579,22.859788476034));
#6735=CARTESIAN_POINT('Ctrl Pts',(20.5692808469795,-57.9854226030214,22.8284655494));
#6736=CARTESIAN_POINT('Ctrl Pts',(20.5992783670088,-57.858833223312,22.8242228147006));
#6737=CARTESIAN_POINT('Ctrl Pts',(20.6333016005435,-57.7332295788704,22.8193280062172));
#6738=CARTESIAN_POINT('Ctrl Pts',(20.671397857652,-57.6088654141403,22.8138930052486));
#6739=CARTESIAN_POINT('Ctrl Pts',(21.4031083719715,-58.1965134238883,22.9688073842571));
#6740=CARTESIAN_POINT('Ctrl Pts',(21.4233958036189,-58.0863917185557,22.9624590856963));
#6741=CARTESIAN_POINT('Ctrl Pts',(21.4472302319426,-57.9768330158573,22.9556386373789));
#6742=CARTESIAN_POINT('Ctrl Pts',(21.4747322534498,-57.8680614438268,22.9482831584187));
#6743=CARTESIAN_POINT('Ctrl Pts',(21.9820959670944,-58.3224806676067,23.6423240107246));
#6744=CARTESIAN_POINT('Ctrl Pts',(21.9995995507307,-58.2232380354554,23.6282093998246));
#6745=CARTESIAN_POINT('Ctrl Pts',(22.0205779710411,-58.1243578979415,23.613611072138));
#6746=CARTESIAN_POINT('Ctrl Pts',(22.0444364722967,-58.0263356508621,23.5987645479361));
#6747=CARTESIAN_POINT('Ctrl Pts',(22.1331396369795,-58.3454974812076,24.0932215554367));
#6748=CARTESIAN_POINT('Ctrl Pts',(22.1530649207249,-58.2489718835435,24.0751712705304));
#6749=CARTESIAN_POINT('Ctrl Pts',(22.1759748025784,-58.1531064145415,24.0567602936996));
#6750=CARTESIAN_POINT('Ctrl Pts',(22.2018366175837,-58.0581245970185,24.0380106646801));
#6751=CARTESIAN_POINT('',(20.3418398210914,-57.497885645158,22.859788476034));
#6752=CARTESIAN_POINT('Origin',(20.5919115573854,-57.497885645158,24.6554591381285));
#6753=CARTESIAN_POINT('Ctrl Pts',(20.3418398210914,-57.4978856451579,22.859788476034));
#6754=CARTESIAN_POINT('Ctrl Pts',(20.2993565570752,-57.628923834937,22.8657048524722));
#6755=CARTESIAN_POINT('Ctrl Pts',(20.2610843697862,-57.7614079959042,22.8710059283367));
#6756=CARTESIAN_POINT('Ctrl Pts',(20.2270923578214,-57.8950444379165,22.8756978478647));
#6757=CARTESIAN_POINT('Ctrl Pts',(20.3418398210914,-57.497885645158,22.859788476034));
#6758=CARTESIAN_POINT('Ctrl Pts',(20.5539992558695,-56.8434870502838,22.8302423686402));
#6759=CARTESIAN_POINT('Ctrl Pts',(21.4960889595938,-54.9830185744168,22.6986932668822));
#6760=CARTESIAN_POINT('Ctrl Pts',(23.9116149305034,-53.4024444824945,22.312140130659));
#6761=CARTESIAN_POINT('Ctrl Pts',(26.6340565013022,-53.4941387029957,21.7756042279078));
#6762=CARTESIAN_POINT('Ctrl Pts',(28.4580140308508,-54.4135152756911,21.375210570249));
#6763=CARTESIAN_POINT('Ctrl Pts',(29.7657411766009,-56.0229080070129,21.0635708314135));
#6764=CARTESIAN_POINT('Ctrl Pts',(30.1873210753801,-57.3539167090655,20.9583781817741));
#6765=CARTESIAN_POINT('Ctrl Pts',(30.2840771775756,-58.0362394686162,20.9342659567425));
#6766=CARTESIAN_POINT('Ctrl Pts',(20.8298812650949,-57.6622352306652,22.7918220199005));
#6767=CARTESIAN_POINT('Ctrl Pts',(21.0092033347447,-57.0573473068624,22.7663088469569));
#6768=CARTESIAN_POINT('Ctrl Pts',(21.8331668704232,-55.3244601337115,22.6471184391674));
#6769=CARTESIAN_POINT('Ctrl Pts',(24.034395634833,-53.8228646878089,22.2885926754653));
#6770=CARTESIAN_POINT('Ctrl Pts',(26.5391168104833,-53.8877849076679,21.7954550824675));
#6771=CARTESIAN_POINT('Ctrl Pts',(28.2149351729533,-54.7371549868463,21.4311431750949));
#6772=CARTESIAN_POINT('Ctrl Pts',(29.4021697544399,-56.2355002306524,21.1524192583721));
#6773=CARTESIAN_POINT('Ctrl Pts',(29.7670051219052,-57.4725772886827,21.0630370493196));
#6774=CARTESIAN_POINT('Ctrl Pts',(29.8417608184856,-58.1041188907613,21.0444939562537));
#6775=CARTESIAN_POINT('Ctrl Pts',(21.7335815924058,-57.9472723806418,23.0852028944443));
#6776=CARTESIAN_POINT('Ctrl Pts',(21.8550392684432,-57.4282057123035,23.0388203259239));
#6777=CARTESIAN_POINT('Ctrl Pts',(22.4698721841281,-55.9177847956627,22.8690673642167));
#6778=CARTESIAN_POINT('Ctrl Pts',(24.2941544643663,-54.5555508839392,22.4964064549423));
#6779=CARTESIAN_POINT('Ctrl Pts',(26.4205249041825,-54.5743926065348,22.0542084287088));
#6780=CARTESIAN_POINT('Ctrl Pts',(27.842553968706,-55.301497788086,21.756029026944));
#6781=CARTESIAN_POINT('Ctrl Pts',(28.83034039476,-56.6058004320944,21.5631665585126));
#6782=CARTESIAN_POINT('Ctrl Pts',(29.1066433275935,-57.6788581217518,21.5367112189829));
#6783=CARTESIAN_POINT('Ctrl Pts',(29.1500957741048,-58.2222480246196,21.5496716542306));
#6784=CARTESIAN_POINT('Ctrl Pts',(22.1969109340925,-58.0620373607244,23.9175908584786));
#6785=CARTESIAN_POINT('Ctrl Pts',(22.319666538916,-57.5870725802241,23.8278051729384));
#6786=CARTESIAN_POINT('Ctrl Pts',(22.9056074912767,-56.2186984652485,23.5363709050774));
#6787=CARTESIAN_POINT('Ctrl Pts',(24.5407408539478,-55.004909028921,23.0631735782863));
#6788=CARTESIAN_POINT('Ctrl Pts',(26.4271684479556,-55.0181643769185,22.6183432837777));
#6789=CARTESIAN_POINT('Ctrl Pts',(27.6943536622061,-55.6619023210074,22.3668781981281));
#6790=CARTESIAN_POINT('Ctrl Pts',(28.5930385270371,-56.8238394101946,22.2603563246736));
#6791=CARTESIAN_POINT('Ctrl Pts',(28.8682435460149,-57.7901632316673,22.3069403687256));
#6792=CARTESIAN_POINT('Ctrl Pts',(28.9245688224575,-58.2839367598895,22.3578932262802));
#6793=CARTESIAN_POINT('Ctrl Pts',(22.2748997287851,-58.0702449169744,24.2991942382373));
#6794=CARTESIAN_POINT('Ctrl Pts',(22.4116371396107,-57.6031607295557,24.1947424092978));
#6795=CARTESIAN_POINT('Ctrl Pts',(23.0273902586977,-56.272133211752,23.8585840355484));
#6796=CARTESIAN_POINT('Ctrl Pts',(24.6313983012924,-55.1205744077823,23.3397012749542));
#6797=CARTESIAN_POINT('Ctrl Pts',(26.4526015896889,-55.141585141263,22.8869383952674));
#6798=CARTESIAN_POINT('Ctrl Pts',(27.6789924695876,-55.7604159050273,22.6491674189911));
#6799=CARTESIAN_POINT('Ctrl Pts',(28.5655970553337,-56.8764929058057,22.5713398462783));
#6800=CARTESIAN_POINT('Ctrl Pts',(28.8579904175559,-57.813028574482,22.6411333128325));
#6801=CARTESIAN_POINT('Ctrl Pts',(28.9281908173723,-58.2958515509314,22.703321674608));
#6802=CARTESIAN_POINT('',(30.2840771775756,-58.0362394686162,20.9342659567425));
#6803=CARTESIAN_POINT('Origin',(30.7224799136285,-58.0362394686162,22.6934623758559));
#6804=CARTESIAN_POINT('Ctrl Pts',(30.2840771775756,-58.0362394686162,20.9342659567425));
#6805=CARTESIAN_POINT('Ctrl Pts',(30.1873210753801,-57.3539167090655,20.9583781817741));
#6806=CARTESIAN_POINT('Ctrl Pts',(29.7657411766009,-56.0229080070129,21.0635708314135));
#6807=CARTESIAN_POINT('Ctrl Pts',(28.4580140308508,-54.4135152756911,21.375210570249));
#6808=CARTESIAN_POINT('Ctrl Pts',(26.6340565013022,-53.4941387029957,21.7756042279078));
#6809=CARTESIAN_POINT('Ctrl Pts',(23.9116149305034,-53.4024444824945,22.312140130659));
#6810=CARTESIAN_POINT('Ctrl Pts',(21.4960889595938,-54.9830185744168,22.6986932668822));
#6811=CARTESIAN_POINT('Ctrl Pts',(20.5539992558695,-56.8434870502838,22.8302423686402));
#6812=CARTESIAN_POINT('Ctrl Pts',(20.3418398210914,-57.497885645158,22.859788476034));
#6813=CARTESIAN_POINT('Ctrl Pts',(30.2840771775756,-58.0362394686163,20.9342659567425));
#6814=CARTESIAN_POINT('Ctrl Pts',(30.2981979873148,-58.0799264770252,20.9307469627532));
#6815=CARTESIAN_POINT('Ctrl Pts',(30.3109348618509,-58.1236717845119,20.926129258346));
#6816=CARTESIAN_POINT('Ctrl Pts',(30.3221555763041,-58.167369293066,20.9204264686251));
#6817=CARTESIAN_POINT('Ctrl Pts',(29.8417608184856,-58.1041188907614,21.0444939562537));
#6818=CARTESIAN_POINT('Ctrl Pts',(29.8515166582463,-58.1441295729505,21.0398825184972));
#6819=CARTESIAN_POINT('Ctrl Pts',(29.8603021771825,-58.1839743970131,21.0345543959782));
#6820=CARTESIAN_POINT('Ctrl Pts',(29.867735143509,-58.223131218984,21.0281343827788));
#6821=CARTESIAN_POINT('Ctrl Pts',(29.1503073453355,-58.2222246455931,21.5498713587386));
#6822=CARTESIAN_POINT('Ctrl Pts',(29.1535856074153,-58.26306470664,21.5484487365282));
#6823=CARTESIAN_POINT('Ctrl Pts',(29.1559820647532,-58.3030166801762,21.5458426519387));
#6824=CARTESIAN_POINT('Ctrl Pts',(29.1576282046221,-58.3421708185671,21.5422584256405));
#6825=CARTESIAN_POINT('Ctrl Pts',(28.9245688224575,-58.2839367598896,22.3578932262802));
#6826=CARTESIAN_POINT('Ctrl Pts',(28.9303259187958,-58.3365764561553,22.363208372743));
#6827=CARTESIAN_POINT('Ctrl Pts',(28.9351240181894,-58.3887706526292,22.3665964471987));
#6828=CARTESIAN_POINT('Ctrl Pts',(28.938809671801,-58.4404295432734,22.3681601006287));
#6829=CARTESIAN_POINT('Ctrl Pts',(28.9281908173723,-58.2958515509315,22.703321674608));
#6830=CARTESIAN_POINT('Ctrl Pts',(28.9367454922254,-58.3546887311462,22.7108999963274));
#6831=CARTESIAN_POINT('Ctrl Pts',(28.9441069737984,-58.4133447746527,22.7162483950169));
#6832=CARTESIAN_POINT('Ctrl Pts',(28.9501863811616,-58.4716793290026,22.7193348429287));
#6833=CARTESIAN_POINT('',(30.3221555763041,-58.167369293066,20.9204264686251));
#6834=CARTESIAN_POINT('Origin',(30.7531661779879,-58.2859957502269,22.6774485586677));
#6835=CARTESIAN_POINT('Ctrl Pts',(30.3221555763041,-58.167369293066,20.9204264686251));
#6836=CARTESIAN_POINT('Ctrl Pts',(30.3109348618509,-58.1236717845119,20.926129258346));
#6837=CARTESIAN_POINT('Ctrl Pts',(30.2981979873148,-58.0799264770252,20.9307469627532));
#6838=CARTESIAN_POINT('Ctrl Pts',(30.2840771775756,-58.0362394686163,20.9342659567425));
#6839=CARTESIAN_POINT('Ctrl Pts',(30.3221555763041,-58.167369293066,20.9204264686252));
#6840=CARTESIAN_POINT('Ctrl Pts',(30.4244884383794,-58.6139537953896,20.8651720205799));
#6841=CARTESIAN_POINT('Ctrl Pts',(30.3163660949306,-59.0508244446119,20.697137879903));
#6842=CARTESIAN_POINT('Ctrl Pts',(30.1228979247893,-59.3660502205405,20.4379799467078));
#6843=CARTESIAN_POINT('Ctrl Pts',(29.867735143509,-58.223131218984,21.0281343827788));
#6844=CARTESIAN_POINT('Ctrl Pts',(29.9344551488663,-58.6232817439432,20.9682454865159));
#6845=CARTESIAN_POINT('Ctrl Pts',(29.8469453699881,-58.9852980493568,20.8380738925532));
#6846=CARTESIAN_POINT('Ctrl Pts',(29.6919086601368,-59.2731694561746,20.6061474076175));
#6847=CARTESIAN_POINT('Ctrl Pts',(29.1576289635487,-58.3421707877071,21.5422589207238));
#6848=CARTESIAN_POINT('Ctrl Pts',(29.1719041203037,-58.7423199683041,21.5118066987541));
#6849=CARTESIAN_POINT('Ctrl Pts',(29.1091182311222,-59.0660579995033,21.3993232650983));
#6850=CARTESIAN_POINT('Ctrl Pts',(28.9886102445426,-59.341737859214,21.1439762730186));
#6851=CARTESIAN_POINT('Ctrl Pts',(28.938809671801,-58.4404295432734,22.3681601006287));
#6852=CARTESIAN_POINT('Ctrl Pts',(28.9765762070886,-58.9690483238957,22.3860153604676));
#6853=CARTESIAN_POINT('Ctrl Pts',(28.8980178950653,-59.442374297192,22.2029834528051));
#6854=CARTESIAN_POINT('Ctrl Pts',(28.7163915928657,-59.7751192903056,21.8389702110371));
#6855=CARTESIAN_POINT('Ctrl Pts',(28.9501863811616,-58.4716793290026,22.7193348429287));
#6856=CARTESIAN_POINT('Ctrl Pts',(29.0124321330128,-59.0689543555752,22.7509363230299));
#6857=CARTESIAN_POINT('Ctrl Pts',(28.9207543235356,-59.6273873959588,22.5292036599465));
#6858=CARTESIAN_POINT('Ctrl Pts',(28.6979022607216,-59.9958019930757,22.1150189529529));
#6859=CARTESIAN_POINT('Ctrl Pts',(30.1228979247893,-59.3660502205405,20.4379799467078));
#6860=CARTESIAN_POINT('Ctrl Pts',(30.3163660949306,-59.0508244446119,20.697137879903));
#6861=CARTESIAN_POINT('Ctrl Pts',(30.4244884383794,-58.6139537953896,20.8651720205799));
#6862=CARTESIAN_POINT('Ctrl Pts',(30.3221555763041,-58.167369293066,20.9204264686252));
#6863=CARTESIAN_POINT('Ctrl Pts',(21.5154241665488,-57.8572102869504,22.6889322431169));
#6864=CARTESIAN_POINT('Ctrl Pts',(15.4234895905512,-57.9972440050898,23.6144045732742));
#6865=CARTESIAN_POINT('Ctrl Pts',(9.25584180943111,-58.6986473181852,23.9409682044653));
#6866=CARTESIAN_POINT('Ctrl Pts',(3.2322054441392,-59.9540587344551,23.6948078328423));
#6867=CARTESIAN_POINT('Ctrl Pts',(21.5288279082842,-58.4415711241017,22.6868959782914));
#6868=CARTESIAN_POINT('Ctrl Pts',(15.471976111225,-58.577820775594,23.607803836323));
#6869=CARTESIAN_POINT('Ctrl Pts',(9.34208257721144,-59.2765422478141,23.9364891076288));
#6870=CARTESIAN_POINT('Ctrl Pts',(3.35458170768,-60.5301851869813,23.6998088296961));
#6871=CARTESIAN_POINT('Ctrl Pts',(21.478568302092,-59.4534316469758,22.1997586912609));
#6872=CARTESIAN_POINT('Ctrl Pts',(15.5151524825616,-59.5835503266529,23.1133321658964));
#6873=CARTESIAN_POINT('Ctrl Pts',(9.47936757672883,-60.2776015526418,23.441941641435));
#6874=CARTESIAN_POINT('Ctrl Pts',(3.58671422651216,-61.5274589960313,23.2117307517323));
#6875=CARTESIAN_POINT('Ctrl Pts',(21.3330866390686,-59.8131270867151,21.1865612280559));
#6876=CARTESIAN_POINT('Ctrl Pts',(15.4580043784672,-59.9469163527625,22.0952213216118));
#6877=CARTESIAN_POINT('Ctrl Pts',(9.50980310993032,-60.6360328110577,22.4177311261277));
#6878=CARTESIAN_POINT('Ctrl Pts',(3.70237344615852,-61.8728614701036,22.1798393099831));
#6879=CARTESIAN_POINT('Ctrl Pts',(21.2672789792475,-59.8146713827389,20.7531428371716));
#6880=CARTESIAN_POINT('Ctrl Pts',(15.4204349819747,-59.9518781754053,21.6596823167721));
#6881=CARTESIAN_POINT('Ctrl Pts',(9.50092387159323,-60.6391219352228,21.9795652723501));
#6882=CARTESIAN_POINT('Ctrl Pts',(3.71963031290566,-61.8691897802515,21.7384407266261));
#6883=CARTESIAN_POINT('',(3.23220544413903,-59.9540587344555,23.6948078328423));
#6884=CARTESIAN_POINT('Ctrl Pts',(20.2270813672603,-57.8951538632994,22.8755896352271));
#6885=CARTESIAN_POINT('Ctrl Pts',(14.555342955815,-58.0988021249507,23.6575673980756));
#6886=CARTESIAN_POINT('Ctrl Pts',(8.83155497620987,-58.7870747234761,23.9236294080628));
#6887=CARTESIAN_POINT('Ctrl Pts',(3.2322054441392,-59.9540587344551,23.6948078328423));
#6888=CARTESIAN_POINT('Origin',(3.31215383821424,-59.9540587344551,21.7384407266261));
#6889=CARTESIAN_POINT('Origin',(7.14022903176634,0.,-71.9359910794505));
#6890=CARTESIAN_POINT('',(30.3311009062795,-58.0392553365734,20.9225347039408));
#6891=CARTESIAN_POINT('Ctrl Pts',(30.3311009062795,-58.0392553365734,20.9225347039408));
#6892=CARTESIAN_POINT('Ctrl Pts',(30.3154275455187,-58.0382464561194,20.9264490338118));
#6893=CARTESIAN_POINT('Ctrl Pts',(30.2997529681603,-58.0372411662738,20.9303594518136));
#6894=CARTESIAN_POINT('Ctrl Pts',(30.2840771775756,-58.0362394686163,20.9342659567425));
#6895=CARTESIAN_POINT('',(31.4464657830986,-57.1911612359713,20.6368408095709));
#6896=CARTESIAN_POINT('Ctrl Pts',(31.4464657830986,-57.1911612359713,20.6368408095709));
#6897=CARTESIAN_POINT('Ctrl Pts',(31.4051808083344,-57.4072688253601,20.6476807325852));
#6898=CARTESIAN_POINT('Ctrl Pts',(31.1401279725552,-57.8766383796086,20.7174228190647));
#6899=CARTESIAN_POINT('Ctrl Pts',(30.6211998270737,-58.0579287490843,20.8500842009168));
#6900=CARTESIAN_POINT('Ctrl Pts',(30.3311009062795,-58.0392553365734,20.9225347039408));
#6901=CARTESIAN_POINT('',(33.2979811582973,-47.4993417123703,20.1308018083861));
#6902=CARTESIAN_POINT('Origin',(7.14022903176634,-184.42297526644,-71.9359910794505));
#6903=CARTESIAN_POINT('',(33.2785768768975,-47.4560104672492,20.1363126871642));
#6904=CARTESIAN_POINT('Ctrl Pts',(33.2785768768975,-47.4560104672492,20.1363126871642));
#6905=CARTESIAN_POINT('Ctrl Pts',(33.2846756533588,-47.4597479847434,20.1345813093876));
#6906=CARTESIAN_POINT('Ctrl Pts',(33.2968004832563,-47.4721399825468,20.1311375361715));
#6907=CARTESIAN_POINT('Ctrl Pts',(33.2997933964599,-47.4898554907375,20.130286920497));
#6908=CARTESIAN_POINT('Ctrl Pts',(33.2979811582973,-47.4993417123703,20.1308018083861));
#6909=CARTESIAN_POINT('',(33.1045001037387,-47.3699776349224,20.185553505223));
#6910=CARTESIAN_POINT('Ctrl Pts',(33.1045001037387,-47.3699776349224,20.1855535052229));
#6911=CARTESIAN_POINT('Ctrl Pts',(33.1649042834339,-47.393302258492,20.1685287093127));
#6912=CARTESIAN_POINT('Ctrl Pts',(33.223252417632,-47.4221059397302,20.1520187127709));
#6913=CARTESIAN_POINT('Ctrl Pts',(33.2785768768975,-47.4560104672492,20.1363126871642));
#6914=CARTESIAN_POINT('',(15.8025776835292,-42.5666499544607,23.3818250138704));
#6915=CARTESIAN_POINT('Ctrl Pts',(15.8024980426366,-42.5669411622437,23.3815220039775));
#6916=CARTESIAN_POINT('Ctrl Pts',(17.1528487527794,-42.8033619980548,23.2587528194681));
#6917=CARTESIAN_POINT('Ctrl Pts',(23.1049973779584,-43.9823275611486,22.5898038212208));
#6918=CARTESIAN_POINT('Ctrl Pts',(28.8494931532206,-45.7269384295594,21.3848186106276));
#6919=CARTESIAN_POINT('Ctrl Pts',(33.1045001037387,-47.3699776349224,20.185553505223));
#6920=CARTESIAN_POINT('',(13.2114741127418,-44.3785315435203,23.5818728630161));
#6921=CARTESIAN_POINT('Ctrl Pts',(13.2114741127418,-44.3785315435203,23.5818728630161));
#6922=CARTESIAN_POINT('Ctrl Pts',(13.2114741127418,-44.6211582494009,23.5818728630161));
#6923=CARTESIAN_POINT('Ctrl Pts',(13.259976540697,-44.8799072707693,23.5788258566264));
#6924=CARTESIAN_POINT('Ctrl Pts',(13.4570817207477,-45.3556715996231,23.5660030681356));
#6925=CARTESIAN_POINT('Ctrl Pts',(13.6055200320725,-45.572488100218,23.5561676885511));
#6926=CARTESIAN_POINT('Ctrl Pts',(13.9481436281844,-45.9153459796395,23.5323597330697));
#6927=CARTESIAN_POINT('Ctrl Pts',(14.1651509127512,-46.0638008288843,23.5167750509837));
#6928=CARTESIAN_POINT('Ctrl Pts',(14.640113971728,-46.2605338734881,23.4806416876101));
#6929=CARTESIAN_POINT('Ctrl Pts',(14.8977910619391,-46.3087532254818,23.46004591056));
#6930=CARTESIAN_POINT('Ctrl Pts',(15.3809521734055,-46.3087499212047,23.4195249387604));
#6931=CARTESIAN_POINT('Ctrl Pts',(15.638480201044,-46.260482813014,23.3969117105696));
#6932=CARTESIAN_POINT('Ctrl Pts',(16.1127920050595,-46.063809135522,23.3534325214303));
#6933=CARTESIAN_POINT('Ctrl Pts',(16.3293522507809,-45.915461865215,23.3326559530682));
#6934=CARTESIAN_POINT('Ctrl Pts',(16.6712244795654,-45.5728343019,23.2990566189818));
#6935=CARTESIAN_POINT('Ctrl Pts',(16.8193749212607,-45.3561503190903,23.2840162216924));
#6936=CARTESIAN_POINT('Ctrl Pts',(17.0161949810592,-44.8803041898425,23.2637955593146));
#6937=CARTESIAN_POINT('Ctrl Pts',(17.0646926825181,-44.6214190072687,23.2587048781277));
#6938=CARTESIAN_POINT('Ctrl Pts',(17.0646998554704,-44.135300125786,23.2587052586871));
#6939=CARTESIAN_POINT('Ctrl Pts',(17.0161151139699,-43.8761657524655,23.2638071371776));
#6940=CARTESIAN_POINT('Ctrl Pts',(16.8189381911047,-43.399940123232,23.2840661762543));
#6941=CARTESIAN_POINT('Ctrl Pts',(16.6705284847673,-43.183123656747,23.299134135584));
#6942=CARTESIAN_POINT('Ctrl Pts',(16.3284102807855,-42.8407615959289,23.3327561336154));
#6943=CARTESIAN_POINT('Ctrl Pts',(16.1119930898121,-42.6926718283269,23.3535188020223));
#6944=CARTESIAN_POINT('Ctrl Pts',(15.8511799821484,-42.5846522809885,23.3774261266142));
#6945=CARTESIAN_POINT('Ctrl Pts',(15.8271184243888,-42.5752772886201,23.3796216993607));
#6946=CARTESIAN_POINT('Ctrl Pts',(15.8028878371466,-42.566406033553,23.3818228408666));
#6947=CARTESIAN_POINT('',(15.1134682015884,-42.4487025733092,23.4419403622916));
#6948=CARTESIAN_POINT('Ctrl Pts',(15.1137627360394,-42.4484586187743,23.4419439190405));
#6949=CARTESIAN_POINT('Ctrl Pts',(14.879959287991,-42.4519306666748,23.4614790257118));
#6950=CARTESIAN_POINT('Ctrl Pts',(14.3757252414174,-42.5510509696221,23.5016516743492));
#6951=CARTESIAN_POINT('Ctrl Pts',(13.9489822110911,-42.8412809805725,23.5322862363872));
#6952=CARTESIAN_POINT('Ctrl Pts',(13.605973861437,-43.1836768597453,23.556134790764));
#6953=CARTESIAN_POINT('Ctrl Pts',(13.4574155987583,-43.4006980893378,23.5659768247798));
#6954=CARTESIAN_POINT('Ctrl Pts',(13.2600204155306,-43.8767461115833,23.5788213789706));
#6955=CARTESIAN_POINT('Ctrl Pts',(13.2114741127418,-44.1357079434516,23.5818728630161));
#6956=CARTESIAN_POINT('Ctrl Pts',(13.2114741127418,-44.3785315435203,23.5818728630161));
#6957=CARTESIAN_POINT('',(-15.0795813891645,-42.3937695318135,21.1596714071698));
#6958=CARTESIAN_POINT('Ctrl Pts',(-15.0795810912355,-42.3937702526062,21.159670662967));
#6959=CARTESIAN_POINT('Ctrl Pts',(-8.29651378393685,-41.2846983524099,22.7784955944526));
#6960=CARTESIAN_POINT('Ctrl Pts',(1.91972251136975,-40.7578482174806,24.0621537239086));
#6961=CARTESIAN_POINT('Ctrl Pts',(12.0502689912192,-41.936438612196,23.6979438084751));
#6962=CARTESIAN_POINT('Ctrl Pts',(15.1134003371475,-42.4489684810431,23.4416723218915));
#6963=CARTESIAN_POINT('',(-15.1064252365457,-42.3998093561472,21.1532603023875));
#6964=CARTESIAN_POINT('Ctrl Pts',(-15.1064252365457,-42.3998093561472,21.1532603023875));
#6965=CARTESIAN_POINT('Ctrl Pts',(-15.0974686902291,-42.3978362243477,21.1554007556234));
#6966=CARTESIAN_POINT('Ctrl Pts',(-15.0885206223479,-42.3958229236309,21.1575378151954));
#6967=CARTESIAN_POINT('Ctrl Pts',(-15.0795813806878,-42.3937695174033,21.159671407144));
#6968=CARTESIAN_POINT('',(-15.9349645236612,-43.4771971149181,20.9513481619358));
#6969=CARTESIAN_POINT('Ctrl Pts',(-15.9349645236612,-43.4771971149181,20.9513481619358));
#6970=CARTESIAN_POINT('Ctrl Pts',(-15.9517989210134,-43.1949814849189,20.9471661390632));
#6971=CARTESIAN_POINT('Ctrl Pts',(-15.7624317941828,-42.6941269545265,20.9945533925192));
#6972=CARTESIAN_POINT('Ctrl Pts',(-15.3121066388773,-42.4451210757738,21.1041061521589));
#6973=CARTESIAN_POINT('Ctrl Pts',(-15.1064252365457,-42.3998093561472,21.1532603023875));
#6974=CARTESIAN_POINT('',(-16.7663863605743,-54.334688205761,20.7408457755455));
#6975=CARTESIAN_POINT('Ctrl Pts',(-16.7663863605743,-54.334688205761,20.7408457755455));
#6976=CARTESIAN_POINT('Ctrl Pts',(-15.999438545395,-50.7769121267289,20.9386851393573));
#6977=CARTESIAN_POINT('Ctrl Pts',(-15.7181452419203,-47.1120044033799,21.0052106897419));
#6978=CARTESIAN_POINT('Ctrl Pts',(-15.9349645236612,-43.4771971149181,20.9513481619358));
#6979=CARTESIAN_POINT('Ctrl Pts',(3.23220544413885,-59.9540587344559,23.6948078328423));
#6980=CARTESIAN_POINT('Ctrl Pts',(1.41414674726165,-59.1211913457295,23.6205115145861));
#6981=CARTESIAN_POINT('Ctrl Pts',(-2.35293383820192,-57.636402977349,23.3620426245562));
#6982=CARTESIAN_POINT('Ctrl Pts',(-9.08406171051531,-55.7342376642093,22.4849584334137));
#6983=CARTESIAN_POINT('Ctrl Pts',(-13.937715112148,-54.8076223890669,21.4703704107399));
#6984=CARTESIAN_POINT('Ctrl Pts',(-16.7663792219443,-54.3346678485981,20.7408348959796));
#6985=CARTESIAN_POINT('',(-5.89726127556013,-48.4637492632628,22.8824997092728));
#6986=CARTESIAN_POINT('Ctrl Pts',(-5.89726127556013,-48.4637492632628,22.8824997092728));
#6987=CARTESIAN_POINT('Ctrl Pts',(-5.89726127556013,-48.7070156306931,22.8824997092728));
#6988=CARTESIAN_POINT('Ctrl Pts',(-5.84871313408606,-48.9663387956234,22.8892109251561));
#6989=CARTESIAN_POINT('Ctrl Pts',(-5.65200666627851,-49.4423161129904,22.9159576051988));
#6990=CARTESIAN_POINT('Ctrl Pts',(-5.50410196863658,-49.6587677686861,22.9358858327567));
#6991=CARTESIAN_POINT('Ctrl Pts',(-5.16290367670058,-50.0012737083216,22.9807436441436));
#6992=CARTESIAN_POINT('Ctrl Pts',(-4.94660617590319,-50.1495123007794,23.0086676469535));
#6993=CARTESIAN_POINT('Ctrl Pts',(-4.47337484196259,-50.3458731230367,23.067723851188));
#6994=CARTESIAN_POINT('Ctrl Pts',(-4.2166464086454,-50.3939832260246,23.0987627921245));
#6995=CARTESIAN_POINT('Ctrl Pts',(-3.73504474963696,-50.3939885967256,23.1550783834173));
#6996=CARTESIAN_POINT('Ctrl Pts',(-3.47810437620613,-50.3459468117372,23.1841058455953));
#6997=CARTESIAN_POINT('Ctrl Pts',(-3.00395390438479,-50.1495049643172,23.2358312242368));
#6998=CARTESIAN_POINT('Ctrl Pts',(-2.78701526418386,-50.0011185360792,23.2585668242249));
#6999=CARTESIAN_POINT('Ctrl Pts',(-2.44474272951323,-49.6582887401549,23.2936317413799));
#7000=CARTESIAN_POINT('Ctrl Pts',(-2.29640512437845,-49.4416654519739,23.308347396525));
#7001=CARTESIAN_POINT('Ctrl Pts',(-2.09926346318547,-48.9657674235748,23.3276643983649));
#7002=CARTESIAN_POINT('Ctrl Pts',(-2.050649032583,-48.7067885278174,23.3323188430686));
#7003=CARTESIAN_POINT('Ctrl Pts',(-2.05064858882926,-48.2203132729325,23.3323188657177));
#7004=CARTESIAN_POINT('Ctrl Pts',(-2.09942101387621,-47.9609390254317,23.327649402451));
#7005=CARTESIAN_POINT('Ctrl Pts',(-2.29715350043009,-47.4844398186594,23.3082735819588));
#7006=CARTESIAN_POINT('Ctrl Pts',(-2.44592323351091,-47.2676111557308,23.2935138061673));
#7007=CARTESIAN_POINT('Ctrl Pts',(-2.78860826201021,-46.9252063969678,23.2584005583378));
#7008=CARTESIAN_POINT('Ctrl Pts',(-3.00533662563207,-46.7772523501738,23.2356830994389));
#7009=CARTESIAN_POINT('Ctrl Pts',(-3.47888539247905,-46.5813975914677,23.1840178705453));
#7010=CARTESIAN_POINT('Ctrl Pts',(-3.73543510138821,-46.5335101224098,23.1550327290532));
#7011=CARTESIAN_POINT('Ctrl Pts',(-4.21618388190073,-46.5335155261186,23.0988168638648));
#7012=CARTESIAN_POINT('Ctrl Pts',(-4.47245116386074,-46.5814427640488,23.0678358326296));
#7013=CARTESIAN_POINT('Ctrl Pts',(-4.94497323578224,-46.7771094299802,23.008874647716));
#7014=CARTESIAN_POINT('Ctrl Pts',(-5.1610230605825,-46.9248369553056,22.980987242119));
#7015=CARTESIAN_POINT('Ctrl Pts',(-5.50270758358741,-47.2668386928246,22.9360727270275));
#7016=CARTESIAN_POINT('Ctrl Pts',(-5.65112206059383,-47.4835321978647,22.916077313773));
#7017=CARTESIAN_POINT('Ctrl Pts',(-5.84852656238891,-47.9602202973939,22.8892368255692));
#7018=CARTESIAN_POINT('Ctrl Pts',(-5.89726127556014,-48.2200122026726,22.8824997092728));
#7019=CARTESIAN_POINT('Ctrl Pts',(-5.89726127556014,-48.4637492632628,22.8824997092728));
#7020=CARTESIAN_POINT('Ctrl Pts',(30.3311009062795,-58.0392553365734,20.9225347039408));
#7021=CARTESIAN_POINT('Ctrl Pts',(30.3154275455187,-58.0382464561194,20.9264490338118));
#7022=CARTESIAN_POINT('Ctrl Pts',(30.2997529681603,-58.0372411662738,20.9303594518136));
#7023=CARTESIAN_POINT('Ctrl Pts',(30.2840771775756,-58.0362394686163,20.9342659567425));
#7024=CARTESIAN_POINT('Ctrl Pts',(30.3284574967578,-58.0819906432628,20.923194879956));
#7025=CARTESIAN_POINT('Ctrl Pts',(30.3127903781471,-58.080980852554,20.9271071768694));
#7026=CARTESIAN_POINT('Ctrl Pts',(30.2971220445958,-58.0799746530287,20.9310155649524));
#7027=CARTESIAN_POINT('Ctrl Pts',(30.2814524993491,-58.0789720462636,20.934920042951));
#7028=CARTESIAN_POINT('Ctrl Pts',(30.3254735806229,-58.1247259367559,20.922491630619));
#7029=CARTESIAN_POINT('Ctrl Pts',(30.3098129553907,-58.1237152357945,20.9264019215203));
#7030=CARTESIAN_POINT('Ctrl Pts',(30.2941511167555,-58.1227081265908,20.9303083065408));
#7031=CARTESIAN_POINT('Ctrl Pts',(30.2784880679603,-58.1217046107203,20.9342107844284));
#7032=CARTESIAN_POINT('Ctrl Pts',(30.3221555763041,-58.167369293066,20.9204264686251));
#7033=CARTESIAN_POINT('Ctrl Pts',(30.3065016813144,-58.1663576894979,20.9243347846813));
#7034=CARTESIAN_POINT('Ctrl Pts',(30.2908465743408,-58.165349678249,20.9282391977099));
#7035=CARTESIAN_POINT('Ctrl Pts',(30.2751902587455,-58.1643452608982,20.9321397065132));
#7036=CARTESIAN_POINT('Origin',(29.8566736358205,-58.0392553365734,19.0228813763453));
#7037=CARTESIAN_POINT('Ctrl Pts',(-11.7380972566477,-63.482219087063,20.2080587294975));
#7038=CARTESIAN_POINT('Ctrl Pts',(-11.9054115787762,-62.3403569465413,20.6498401885196));
#7039=CARTESIAN_POINT('Ctrl Pts',(-11.1484953996328,-59.9684057616196,21.6135256840318));
#7040=CARTESIAN_POINT('Ctrl Pts',(-7.45123858200044,-58.4042015592551,22.5770562418188));
#7041=CARTESIAN_POINT('Ctrl Pts',(-4.20765183687758,-59.6276353680096,22.9758440788712));
#7042=CARTESIAN_POINT('Ctrl Pts',(-2.92219318885728,-61.1019122553218,22.9754871809339));
#7043=CARTESIAN_POINT('Ctrl Pts',(-2.58559520324202,-61.6444979996048,22.9375803555725));
#7044=CARTESIAN_POINT('Ctrl Pts',(-11.4106200587067,-63.479908193033,20.3086294684792));
#7045=CARTESIAN_POINT('Ctrl Pts',(-11.5642528124994,-62.4190831878696,20.7135414146172));
#7046=CARTESIAN_POINT('Ctrl Pts',(-10.868427126947,-60.2214127207617,21.6122545361135));
#7047=CARTESIAN_POINT('Ctrl Pts',(-7.42981052801738,-58.7790844328981,22.5402844922319));
#7048=CARTESIAN_POINT('Ctrl Pts',(-4.42225362779267,-59.9766715261467,22.9041932278671));
#7049=CARTESIAN_POINT('Ctrl Pts',(-3.26946347130052,-61.361481422332,22.8797670702929));
#7050=CARTESIAN_POINT('Ctrl Pts',(-2.9721317516359,-61.8619369497424,22.8360408406004));
#7051=CARTESIAN_POINT('Ctrl Pts',(-10.8994191632262,-63.5603459305557,20.6796750485045));
#7052=CARTESIAN_POINT('Ctrl Pts',(-11.0281230494462,-62.6296566029328,21.0282244275167));
#7053=CARTESIAN_POINT('Ctrl Pts',(-10.4322128620482,-60.7069339618457,21.8157877480942));
#7054=CARTESIAN_POINT('Ctrl Pts',(-7.43341933672107,-59.4538258347926,22.6839759972102));
#7055=CARTESIAN_POINT('Ctrl Pts',(-4.84307018874118,-60.6123280905466,23.0670391576155));
#7056=CARTESIAN_POINT('Ctrl Pts',(-3.93027853391821,-61.8658677826566,23.0783807103639));
#7057=CARTESIAN_POINT('Ctrl Pts',(-3.70469248130949,-62.3050871943882,23.0516256519896));
#7058=CARTESIAN_POINT('Ctrl Pts',(-10.7038693527225,-63.7542276750539,21.2370358279561));
#7059=CARTESIAN_POINT('Ctrl Pts',(-10.8178222858583,-62.8815902032033,21.5639539111481));
#7060=CARTESIAN_POINT('Ctrl Pts',(-10.2565420467289,-61.070797377003,22.298860192898));
#7061=CARTESIAN_POINT('Ctrl Pts',(-7.51322599393145,-59.8954885478597,23.139341071733));
#7062=CARTESIAN_POINT('Ctrl Pts',(-5.13700884246155,-60.9502956307877,23.6516129749621));
#7063=CARTESIAN_POINT('Ctrl Pts',(-4.25651983682424,-62.1306097093774,23.7826527502619));
#7064=CARTESIAN_POINT('Ctrl Pts',(-4.0336909469515,-62.5533102400263,23.7947401710112));
#7065=CARTESIAN_POINT('Ctrl Pts',(-10.6891022798382,-63.8463408790947,21.4764365928454));
#7066=CARTESIAN_POINT('Ctrl Pts',(-10.7996272743339,-62.9816616229365,21.8014638489589));
#7067=CARTESIAN_POINT('Ctrl Pts',(-10.2390387221106,-61.183094605285,22.5281818687423));
#7068=CARTESIAN_POINT('Ctrl Pts',(-7.55848341670792,-60.0162928111837,23.3643402885341));
#7069=CARTESIAN_POINT('Ctrl Pts',(-5.21907536994647,-61.0130437221968,23.9338887347261));
#7070=CARTESIAN_POINT('Ctrl Pts',(-4.30413810549033,-62.1743372423858,24.1073933512713));
#7071=CARTESIAN_POINT('Ctrl Pts',(-4.06699133940403,-62.5983335943201,24.1313434207103));
#7072=CARTESIAN_POINT('',(-11.7380972566477,-63.482219087063,20.2080587294975));
#7073=CARTESIAN_POINT('Ctrl Pts',(-2.58559520324202,-61.6444979996048,22.9375803555725));
#7074=CARTESIAN_POINT('Ctrl Pts',(-2.92219318885728,-61.1019122553218,22.9754871809339));
#7075=CARTESIAN_POINT('Ctrl Pts',(-4.20765183687758,-59.6276353680096,22.9758440788712));
#7076=CARTESIAN_POINT('Ctrl Pts',(-7.45123858200044,-58.4042015592551,22.5770562418188));
#7077=CARTESIAN_POINT('Ctrl Pts',(-11.1484953996328,-59.9684057616196,21.6135256840318));
#7078=CARTESIAN_POINT('Ctrl Pts',(-11.9054115787762,-62.3403569465413,20.6498401885196));
#7079=CARTESIAN_POINT('Ctrl Pts',(-11.7380972566477,-63.482219087063,20.2080587294975));
#7080=CARTESIAN_POINT('Origin',(-12.128544534546,-64.0362429971194,21.4921585816382));
#7081=CARTESIAN_POINT('Ctrl Pts',(-11.305088962939,-64.8570111479924,19.7349975280753));
#7082=CARTESIAN_POINT('Ctrl Pts',(-11.524095259156,-64.415061996458,19.865341236024));
#7083=CARTESIAN_POINT('Ctrl Pts',(-11.6714516664449,-63.9493166041488,20.0267943183796));
#7084=CARTESIAN_POINT('Ctrl Pts',(-11.7380972566477,-63.482219087063,20.2080587294975));
#7085=CARTESIAN_POINT('Ctrl Pts',(-11.0439036999774,-64.7686520433789,19.858463422124));
#7086=CARTESIAN_POINT('Ctrl Pts',(-11.2507795708125,-64.3548450770144,19.978342655378));
#7087=CARTESIAN_POINT('Ctrl Pts',(-11.3894516476376,-63.9180362839776,20.1277573933976));
#7088=CARTESIAN_POINT('Ctrl Pts',(-11.4515547084493,-63.4801970547868,20.2960581261065));
#7089=CARTESIAN_POINT('Ctrl Pts',(-10.5769100822748,-64.66955473105,20.275588070212));
#7090=CARTESIAN_POINT('Ctrl Pts',(-10.758220779897,-64.3099263952335,20.3727299216498));
#7091=CARTESIAN_POINT('Ctrl Pts',(-10.8786453593744,-63.9298753968129,20.4979178331972));
#7092=CARTESIAN_POINT('Ctrl Pts',(-10.9310264754773,-63.5494022139113,20.6415279286102));
#7093=CARTESIAN_POINT('Ctrl Pts',(-10.3942494269192,-64.7617988976976,20.8756067257827));
#7094=CARTESIAN_POINT('Ctrl Pts',(-10.5547739752925,-64.4320395051225,20.9569367310601));
#7095=CARTESIAN_POINT('Ctrl Pts',(-10.6609911386406,-64.0850031059438,21.0672024513948));
#7096=CARTESIAN_POINT('Ctrl Pts',(-10.7063305315365,-63.7388754743805,21.1971357004746));
#7097=CARTESIAN_POINT('Ctrl Pts',(-10.3915301060938,-64.8473740961111,21.1653279550022));
#7098=CARTESIAN_POINT('Ctrl Pts',(-10.5446127654083,-64.5235016298741,21.2427648338912));
#7099=CARTESIAN_POINT('Ctrl Pts',(-10.6458771056873,-64.1845079299292,21.3493218183693));
#7100=CARTESIAN_POINT('Ctrl Pts',(-10.6891022798382,-63.8463408790947,21.4764365928454));
#7101=CARTESIAN_POINT('Ctrl Pts',(-11.7380972566477,-63.482219087063,20.2080587294975));
#7102=CARTESIAN_POINT('Ctrl Pts',(-11.6714516664449,-63.9493166041488,20.0267943183796));
#7103=CARTESIAN_POINT('Ctrl Pts',(-11.524095259156,-64.415061996458,19.865341236024));
#7104=CARTESIAN_POINT('Ctrl Pts',(-11.305088962939,-64.8570111479924,19.7349975280753));
#7105=CARTESIAN_POINT('Ctrl Pts',(-10.7712885098186,-64.6455293921011,19.9977854660912));
#7106=CARTESIAN_POINT('Ctrl Pts',(-11.4927454588732,-64.9289962820087,19.6484241074834));
#7107=CARTESIAN_POINT('Ctrl Pts',(-12.2038007361283,-65.2179383922928,19.2807744875599));
#7108=CARTESIAN_POINT('Ctrl Pts',(-12.9033600003518,-65.5112785275446,18.8945581913395));
#7109=CARTESIAN_POINT('Ctrl Pts',(-10.5594238200926,-65.0644905714748,19.8788262387337));
#7110=CARTESIAN_POINT('Ctrl Pts',(-11.2760484452203,-65.3432540975851,19.5286498614474));
#7111=CARTESIAN_POINT('Ctrl Pts',(-11.9822919190405,-65.6275508067443,19.1605592838393));
#7112=CARTESIAN_POINT('Ctrl Pts',(-12.677117994276,-65.9162944314972,18.7739456943538));
#7113=CARTESIAN_POINT('Ctrl Pts',(-10.1003764387694,-65.6659213043556,19.3816256638163));
#7114=CARTESIAN_POINT('Ctrl Pts',(-10.8066758457326,-65.9339279699242,19.0347719165052));
#7115=CARTESIAN_POINT('Ctrl Pts',(-11.5027204921153,-66.2075462928332,18.6700908204818));
#7116=CARTESIAN_POINT('Ctrl Pts',(-12.1874309568769,-66.4857517805362,18.2873808034189));
#7117=CARTESIAN_POINT('Ctrl Pts',(-9.69304627433675,-65.7725021690991,18.6065955980501));
#7118=CARTESIAN_POINT('Ctrl Pts',(-10.3890474268402,-66.0318912807412,18.2679105772699));
#7119=CARTESIAN_POINT('Ctrl Pts',(-11.0748773002922,-66.2968288098713,17.9115827469756));
#7120=CARTESIAN_POINT('Ctrl Pts',(-11.7494692298601,-66.5662189691793,17.5373877748134));
#7121=CARTESIAN_POINT('Ctrl Pts',(-9.55460385785549,-65.7211475029956,18.2747221226725));
#7122=CARTESIAN_POINT('Ctrl Pts',(-10.2466821042063,-65.9778711875579,17.9395261547921));
#7123=CARTESIAN_POINT('Ctrl Pts',(-10.9286033699558,-66.2400088102612,17.5867834511279));
#7124=CARTESIAN_POINT('Ctrl Pts',(-11.5993299844636,-66.506553986759,17.21622688546));
#7125=CARTESIAN_POINT('',(-12.9033600003518,-65.5112785275446,18.8945581913395));
#7126=CARTESIAN_POINT('Ctrl Pts',(-11.305088235929,-64.8570117901891,19.7349965879404));
#7127=CARTESIAN_POINT('Ctrl Pts',(-11.844043964273,-65.0723044605262,19.4652842704738));
#7128=CARTESIAN_POINT('Ctrl Pts',(-12.3769566415934,-65.2905463603756,19.1851776798303));
#7129=CARTESIAN_POINT('Ctrl Pts',(-12.9033600003518,-65.5112785275446,18.8945581913395));
#7130=CARTESIAN_POINT('Origin',(-12.3224290186809,-64.6869683782442,17.21622688546));
#7131=CARTESIAN_POINT('Origin',(-6.34509281746456,-39.7059364777596,-22.4981655604559));
#7132=CARTESIAN_POINT('',(-15.5861575913509,-63.3495240358481,19.0268835055279));
#7133=CARTESIAN_POINT('Ctrl Pts',(-15.5860373298383,-63.3488672464863,19.0265366219716));
#7134=CARTESIAN_POINT('Ctrl Pts',(-14.2927228094966,-63.3534405642747,19.466262956296));
#7135=CARTESIAN_POINT('Ctrl Pts',(-13.0070044665058,-63.3926089407956,19.8600979936236));
#7136=CARTESIAN_POINT('Ctrl Pts',(-11.7380161184978,-63.4817087750433,20.2078934167613));
#7137=CARTESIAN_POINT('',(-14.1080923150552,-65.2141445229899,18.6201258003475));
#7138=CARTESIAN_POINT('Origin',(-69.7479853970334,4.97712930553668,-22.4981655604559));
#7139=CARTESIAN_POINT('Ctrl Pts',(-12.9033600003519,-65.5112785275447,18.8945581913394));
#7140=CARTESIAN_POINT('Ctrl Pts',(-13.0696150034584,-65.5809927999326,18.8027712694705));
#7141=CARTESIAN_POINT('Ctrl Pts',(-13.3841961540546,-65.6309172680758,18.6673026358976));
#7142=CARTESIAN_POINT('Ctrl Pts',(-13.824624142953,-65.4894218622481,18.5820366186353));
#7143=CARTESIAN_POINT('Ctrl Pts',(-14.0277979486134,-65.3154381012055,18.5976208948678));
#7144=CARTESIAN_POINT('Ctrl Pts',(-14.1080923150552,-65.2141445229899,18.6201258003475));
#7145=CARTESIAN_POINT('Ctrl Pts',(-18.4764661376182,-63.3896417391337,17.9709148968247));
#7146=CARTESIAN_POINT('Ctrl Pts',(-15.7215683788801,-63.3083358667981,19.0474076087355));
#7147=CARTESIAN_POINT('Ctrl Pts',(-11.1361580580528,-63.3466245770366,20.4986728281909));
#7148=CARTESIAN_POINT('Ctrl Pts',(-5.06916493308738,-64.3739265870594,21.7248743901142));
#7149=CARTESIAN_POINT('Ctrl Pts',(-1.8996336872895,-65.5624390661221,22.0777052801466));
#7150=CARTESIAN_POINT('Ctrl Pts',(-0.410309262991365,-66.3095681646706,
22.1791257493313));
#7151=CARTESIAN_POINT('Ctrl Pts',(-18.2996277546324,-60.5740200203611,19.5356433589004));
#7152=CARTESIAN_POINT('Ctrl Pts',(-15.4179054645134,-60.6395841563861,20.4408098757899));
#7153=CARTESIAN_POINT('Ctrl Pts',(-10.6309431944509,-60.9279143956988,21.6582413596101));
#7154=CARTESIAN_POINT('Ctrl Pts',(-4.24903349991261,-62.2279691428879,22.7022904585553));
#7155=CARTESIAN_POINT('Ctrl Pts',(-0.87134400848801,-63.5105834825418,23.0235850089335));
#7156=CARTESIAN_POINT('Ctrl Pts',(0.729784133769192,-64.2871449915165,23.1266737644557));
#7157=CARTESIAN_POINT('Ctrl Pts',(-17.8790783819146,-57.4146916766831,20.4488897595116));
#7158=CARTESIAN_POINT('Ctrl Pts',(-14.9176290411481,-57.6930409548446,21.250306806573));
#7159=CARTESIAN_POINT('Ctrl Pts',(-9.98391789663221,-58.3086236491281,22.3302642438299));
#7160=CARTESIAN_POINT('Ctrl Pts',(-3.32337053348546,-59.9324826828559,23.2600578329991));
#7161=CARTESIAN_POINT('Ctrl Pts',(0.257517643174409,-61.3162019948081,23.5491839339029));
#7162=CARTESIAN_POINT('Ctrl Pts',(1.97130178575586,-62.1209280289511,23.6432800688297));
#7163=CARTESIAN_POINT('Ctrl Pts',(-17.2602243571626,-54.2527665491249,20.6120517057945));
#7164=CARTESIAN_POINT('Ctrl Pts',(-14.2691850938465,-54.7448498304787,21.4006444402552));
#7165=CARTESIAN_POINT('Ctrl Pts',(-9.24659765487294,-55.6883062480543,22.4637795596807));
#7166=CARTESIAN_POINT('Ctrl Pts',(-2.35293383820192,-57.636402977349,23.3620426245562));
#7167=CARTESIAN_POINT('Ctrl Pts',(1.41414674726165,-59.1211913457295,23.6205115145861));
#7168=CARTESIAN_POINT('Ctrl Pts',(3.23220544413885,-59.9540587344559,23.6948078328423));
#7169=CARTESIAN_POINT('Ctrl Pts',(3.23220544413792,-59.9540587344554,23.6948078328423));
#7170=CARTESIAN_POINT('Ctrl Pts',(1.25457346958972,-60.4625730756013,23.6139904341372));
#7171=CARTESIAN_POINT('Ctrl Pts',(-0.693967221841296,-61.0304465292144,
23.356724404702));
#7172=CARTESIAN_POINT('Ctrl Pts',(-2.5855555839221,-61.6445943433418,22.9375427247783));
#7173=CARTESIAN_POINT('',(-18.0433968670829,-59.214353385376,19.7500098196299));
#7174=CARTESIAN_POINT('Ctrl Pts',(-18.0433968670829,-59.214353385376,19.7500098196299));
#7175=CARTESIAN_POINT('Ctrl Pts',(-17.5570682381424,-57.6660613976891,20.309931489202));
#7176=CARTESIAN_POINT('Ctrl Pts',(-17.1200644991142,-56.0167792470572,20.6496121133092));
#7177=CARTESIAN_POINT('Ctrl Pts',(-16.7663863605743,-54.334688205761,20.7408457755455));
#7178=CARTESIAN_POINT('',(-17.8707563550074,-60.2963182193223,19.4904958560729));
#7179=CARTESIAN_POINT('Ctrl Pts',(-17.8707563550073,-60.2963182193223,19.4904958560729));
#7180=CARTESIAN_POINT('Ctrl Pts',(-17.9837214487063,-60.1454781981901,19.5019718747758));
#7181=CARTESIAN_POINT('Ctrl Pts',(-18.1320412380282,-59.7796166185069,19.5674192823485));
#7182=CARTESIAN_POINT('Ctrl Pts',(-18.0991834288249,-59.3919573375717,19.6857814297481));
#7183=CARTESIAN_POINT('Ctrl Pts',(-18.0433968670829,-59.214353385376,19.7500098196299));
#7184=CARTESIAN_POINT('Ctrl Pts',(-15.5861575913323,-63.3495240358366,19.0268835055517));
#7185=CARTESIAN_POINT('Ctrl Pts',(-16.340285495268,-62.3404736051711,19.2586160122152));
#7186=CARTESIAN_POINT('Ctrl Pts',(-17.1040080306042,-61.3201418590801,19.4126026077781));
#7187=CARTESIAN_POINT('Ctrl Pts',(-17.8707563550074,-60.2963182193223,19.4904958560729));
#7188=CARTESIAN_POINT('Ctrl Pts',(-9.19968208298259,-63.8678238315182,18.1351275979524));
#7189=CARTESIAN_POINT('Ctrl Pts',(-9.13679510018304,-63.9380535658071,18.1387139452052));
#7190=CARTESIAN_POINT('Ctrl Pts',(-9.07066288169926,-64.0047388816584,18.1421645669029));
#7191=CARTESIAN_POINT('Ctrl Pts',(-9.0016515773505,-64.0675105669557,18.1454603582198));
#7192=CARTESIAN_POINT('Ctrl Pts',(-9.18339017527929,-63.8529684059364,18.0421170602371));
#7193=CARTESIAN_POINT('Ctrl Pts',(-9.12011146420979,-63.9217688573977,18.0453715062188));
#7194=CARTESIAN_POINT('Ctrl Pts',(-9.05370283663068,-63.9871296714479,18.0484938038856));
#7195=CARTESIAN_POINT('Ctrl Pts',(-8.98459499223021,-64.0483915954679,18.0515266937821));
#7196=CARTESIAN_POINT('Ctrl Pts',(-9.21756803622879,-63.8841327532385,17.8362657316593));
#7197=CARTESIAN_POINT('Ctrl Pts',(-9.15217390095117,-63.9532143608849,17.8375430906222));
#7198=CARTESIAN_POINT('Ctrl Pts',(-9.08370889786459,-64.0184814697216,17.8387741361383));
#7199=CARTESIAN_POINT('Ctrl Pts',(-9.01256894347057,-64.0797479996011,17.8399858115307));
#7200=CARTESIAN_POINT('Ctrl Pts',(-9.35769335890073,-64.0119030144613,17.743779157));
#7201=CARTESIAN_POINT('Ctrl Pts',(-9.28881673495643,-64.086511602192,17.7437486297857));
#7202=CARTESIAN_POINT('Ctrl Pts',(-9.21647074205179,-64.1572972851853,17.743809079047));
#7203=CARTESIAN_POINT('Ctrl Pts',(-9.1410698743699,-64.2237865405332,17.743779157));
#7204=CARTESIAN_POINT('Ctrl Pts',(-9.42832644369957,-64.0763082734369,17.743779157));
#7205=CARTESIAN_POINT('Ctrl Pts',(-9.35771123065181,-64.1537517991773,17.743779157));
#7206=CARTESIAN_POINT('Ctrl Pts',(-9.28342773215584,-64.2272651284281,17.743779157));
#7207=CARTESIAN_POINT('Ctrl Pts',(-9.20588722867633,-64.2964412448691,17.743779157));
#7208=CARTESIAN_POINT('',(-9.4283264436997,-64.0763082734371,17.743779157));
#7209=CARTESIAN_POINT('Origin',(-7.44573588106191,-61.9523327663595,17.743779157));
#7210=CARTESIAN_POINT('Origin',(-9.42832644369956,-64.0763082734369,18.061779157));
#7211=CARTESIAN_POINT('Ctrl Pts',(-5.00090365675287,-62.6523554158322,18.1103487544144));
#7212=CARTESIAN_POINT('Ctrl Pts',(-4.98076671730532,-62.5551374282577,18.1061402372315));
#7213=CARTESIAN_POINT('Ctrl Pts',(-4.96546115451304,-62.4565363254691,18.1018357495834));
#7214=CARTESIAN_POINT('Ctrl Pts',(-4.95507745601149,-62.3571350445832,18.0974607399238));
#7215=CARTESIAN_POINT('Ctrl Pts',(-5.01455144858376,-62.6494351491163,18.0200419350479));
#7216=CARTESIAN_POINT('Ctrl Pts',(-4.99320011750389,-62.5529989460882,18.0163402075134));
#7217=CARTESIAN_POINT('Ctrl Pts',(-4.97670562360735,-62.4549349495869,18.0126029890219));
#7218=CARTESIAN_POINT('Ctrl Pts',(-4.96502812675137,-62.3560458233106,18.0088124311194));
#7219=CARTESIAN_POINT('Ctrl Pts',(-4.96047584947894,-62.6610058980085,17.8277930544968));
#7220=CARTESIAN_POINT('Ctrl Pts',(-4.93738540531822,-62.5629634553873,17.8263976575267));
#7221=CARTESIAN_POINT('Ctrl Pts',(-4.91913446712795,-62.4632973406579,17.8250174719218));
#7222=CARTESIAN_POINT('Ctrl Pts',(-4.90594812963919,-62.3625128436074,17.8236168263847));
#7223=CARTESIAN_POINT('Ctrl Pts',(-4.78294731083117,-62.6989923128777,17.743779157));
#7224=CARTESIAN_POINT('Ctrl Pts',(-4.75988072673923,-62.5946335959217,17.7438099113902));
#7225=CARTESIAN_POINT('Ctrl Pts',(-4.74208974232724,-62.4886780582006,17.7437496046069));
#7226=CARTESIAN_POINT('Ctrl Pts',(-4.72964387633483,-62.381811476652,17.743779157));
#7227=CARTESIAN_POINT('Ctrl Pts',(-4.69359104614579,-62.7181121916721,17.743779157));
#7228=CARTESIAN_POINT('Ctrl Pts',(-4.67057468121725,-62.6105457986651,17.743779157));
#7229=CARTESIAN_POINT('Ctrl Pts',(-4.65299699227021,-62.5014663700659,17.743779157));
#7230=CARTESIAN_POINT('Ctrl Pts',(-4.6409618999204,-62.3915187916396,17.743779157));
#7231=CARTESIAN_POINT('',(-4.64096189992022,-62.3915187916396,17.743779157));
#7232=CARTESIAN_POINT('Origin',(-4.6409618999204,-62.3915187916396,18.061779157));
#7233=CARTESIAN_POINT('Origin',(-7.44573588106191,-61.9523327663595,17.743779157));
#7234=CARTESIAN_POINT('Ctrl Pts',(-4.95507745601149,-62.3571350445832,18.0974607399238));
#7235=CARTESIAN_POINT('Ctrl Pts',(-4.95255837297572,-62.3330203150988,18.0963993635161));
#7236=CARTESIAN_POINT('Ctrl Pts',(-4.94618448186906,-62.2855304482807,18.113056192276));
#7237=CARTESIAN_POINT('Ctrl Pts',(-4.94001227254743,-62.2637152235127,18.1623165787381));
#7238=CARTESIAN_POINT('Ctrl Pts',(-4.93756873261185,-62.2640987636294,18.1885286675335));
#7239=CARTESIAN_POINT('Ctrl Pts',(-4.96502812675136,-62.3560458233105,18.0088124311194));
#7240=CARTESIAN_POINT('Ctrl Pts',(-4.95909516589369,-62.311229110748,18.0132103856136));
#7241=CARTESIAN_POINT('Ctrl Pts',(-4.94703551366868,-62.2318318656504,18.0546465029169));
#7242=CARTESIAN_POINT('Ctrl Pts',(-4.93764407395018,-62.1988373286162,18.1412468455029));
#7243=CARTESIAN_POINT('Ctrl Pts',(-4.93368843455212,-62.1999252324374,18.1862838273094));
#7244=CARTESIAN_POINT('Ctrl Pts',(-4.90594840292386,-62.3625128136929,17.823616580764));
#7245=CARTESIAN_POINT('Ctrl Pts',(-4.90420978849157,-62.2749011797403,17.8397960567387));
#7246=CARTESIAN_POINT('Ctrl Pts',(-4.89902826525254,-62.1287524005998,17.9327289595904));
#7247=CARTESIAN_POINT('Ctrl Pts',(-4.89118770226261,-62.0721202654654,18.0952358874954));
#7248=CARTESIAN_POINT('Ctrl Pts',(-4.88588655679316,-62.0743234395918,18.1780296770261));
#7249=CARTESIAN_POINT('Ctrl Pts',(-4.72964387633489,-62.3818114766517,17.743779157));
#7250=CARTESIAN_POINT('Ctrl Pts',(-4.74464013469822,-62.276547256845,17.7529513450638));
#7251=CARTESIAN_POINT('Ctrl Pts',(-4.77127410523892,-62.0827588655074,17.8493896203131));
#7252=CARTESIAN_POINT('Ctrl Pts',(-4.77896081296538,-61.9978354687931,18.0576953113158));
#7253=CARTESIAN_POINT('Ctrl Pts',(-4.77530212780039,-61.9985903188529,18.1652023870673));
#7254=CARTESIAN_POINT('Ctrl Pts',(-4.64096189992048,-62.3915187916393,17.743779157));
#7255=CARTESIAN_POINT('Ctrl Pts',(-4.66159266010768,-62.287484418681,17.7437791570001));
#7256=CARTESIAN_POINT('Ctrl Pts',(-4.70108763833618,-62.0804655910426,17.825537724401));
#7257=CARTESIAN_POINT('Ctrl Pts',(-4.71663050332007,-61.9807623291229,18.0445536546425));
#7258=CARTESIAN_POINT('Ctrl Pts',(-4.71405861912016,-61.9799808350786,18.158779157));
#7259=CARTESIAN_POINT('',(-4.71405861912016,-61.9799808350786,18.158779157));
#7260=CARTESIAN_POINT('Origin',(-4.62160493725967,-62.2842443996249,18.158779157));
#7261=CARTESIAN_POINT('Ctrl Pts',(-4.71405861912016,-61.9799808350786,18.158779157));
#7262=CARTESIAN_POINT('Ctrl Pts',(-4.71663050332007,-61.9807623291229,18.0445536546425));
#7263=CARTESIAN_POINT('Ctrl Pts',(-4.70108763833618,-62.0804655910426,17.825537724401));
#7264=CARTESIAN_POINT('Ctrl Pts',(-4.66159266010768,-62.287484418681,17.7437791570001));
#7265=CARTESIAN_POINT('Ctrl Pts',(-4.64096189992048,-62.3915187916393,17.743779157));
#7266=CARTESIAN_POINT('Ctrl Pts',(-4.93756873261185,-62.2640987636294,18.1885286675335));
#7267=CARTESIAN_POINT('Ctrl Pts',(-4.92260844321254,-62.2664469434395,18.3490091362294));
#7268=CARTESIAN_POINT('Ctrl Pts',(-4.90990521137577,-62.2695027842745,18.5097660566507));
#7269=CARTESIAN_POINT('Ctrl Pts',(-4.89931970463182,-62.2732163611606,18.6707041144011));
#7270=CARTESIAN_POINT('Ctrl Pts',(-4.93313410625788,-62.1907575851243,18.1859631358488));
#7271=CARTESIAN_POINT('Ctrl Pts',(-4.91971207693034,-62.1916426345939,18.3468273673325));
#7272=CARTESIAN_POINT('Ctrl Pts',(-4.90854037862148,-62.193312371092,18.5079359222588));
#7273=CARTESIAN_POINT('Ctrl Pts',(-4.89966282403507,-62.1956999001084,18.6691829423058));
#7274=CARTESIAN_POINT('Ctrl Pts',(-4.87919436081276,-62.0658599677629,18.1771402026558));
#7275=CARTESIAN_POINT('Ctrl Pts',(-4.86649536327772,-62.0633155449517,18.3389460349019));
#7276=CARTESIAN_POINT('Ctrl Pts',(-4.85630528792527,-62.0615553796645,18.5009749990896));
#7277=CARTESIAN_POINT('Ctrl Pts',(-4.84842422228018,-62.0605408776593,18.6631280837816));
#7278=CARTESIAN_POINT('Ctrl Pts',(-4.76655305513181,-61.9959318211709,18.164284782772));
#7279=CARTESIAN_POINT('Ctrl Pts',(-4.75182987602821,-61.9914415603725,18.3272475630253));
#7280=CARTESIAN_POINT('Ctrl Pts',(-4.73964918555655,-61.9877507727304,18.4904631830793));
#7281=CARTESIAN_POINT('Ctrl Pts',(-4.72984293832293,-61.9847604062589,18.653835411801));
#7282=CARTESIAN_POINT('Ctrl Pts',(-4.71405861912018,-61.9799808350786,18.158779157));
#7283=CARTESIAN_POINT('Ctrl Pts',(-4.69831255687172,-61.9751962285752,18.3222375661548));
#7284=CARTESIAN_POINT('Ctrl Pts',(-4.68512209056241,-61.9711924070123,18.4859618645042));
#7285=CARTESIAN_POINT('Ctrl Pts',(-4.67432887451115,-61.9679178191057,18.6498561177433));
#7286=CARTESIAN_POINT('',(-4.67432887451115,-61.9679178191057,18.6498561177433));
#7287=CARTESIAN_POINT('Origin',(-4.58200539652965,-62.2722209170416,18.6498561177433));
#7288=CARTESIAN_POINT('Ctrl Pts',(-4.67432887451115,-61.9679178191057,18.6498561177433));
#7289=CARTESIAN_POINT('Ctrl Pts',(-4.68512209056241,-61.9711924070123,18.4859618645042));
#7290=CARTESIAN_POINT('Ctrl Pts',(-4.69831255687172,-61.9751962285752,18.3222375661548));
#7291=CARTESIAN_POINT('Ctrl Pts',(-4.71405861912018,-61.9799808350786,18.158779157));
#7292=CARTESIAN_POINT('Ctrl Pts',(-4.89931970463182,-62.2732163611606,18.6707041144011));
#7293=CARTESIAN_POINT('Ctrl Pts',(-4.88295069550058,-62.2789588896412,18.9195723642263));
#7294=CARTESIAN_POINT('Ctrl Pts',(-4.86027570496717,-62.2307714238292,19.4136760301518));
#7295=CARTESIAN_POINT('Ctrl Pts',(-4.91487123121109,-62.0169748035833,20.0216111458114));
#7296=CARTESIAN_POINT('Ctrl Pts',(-5.07331488602935,-61.7309835376712,20.4601023574189));
#7297=CARTESIAN_POINT('Ctrl Pts',(-5.29946545367151,-61.4382415478594,20.7329122414122));
#7298=CARTESIAN_POINT('Ctrl Pts',(-5.60619888457117,-61.1345790362081,20.8789666546345));
#7299=CARTESIAN_POINT('Ctrl Pts',(-5.84595738920289,-60.9478017122126,20.8975410489032));
#7300=CARTESIAN_POINT('Ctrl Pts',(-5.97056443790595,-60.8613167587985,20.8916883896234));
#7301=CARTESIAN_POINT('Ctrl Pts',(-4.89961993410966,-62.2053894577399,18.6693730888178));
#7302=CARTESIAN_POINT('Ctrl Pts',(-4.88599971074775,-62.2076343738596,18.9123662423898));
#7303=CARTESIAN_POINT('Ctrl Pts',(-4.87049184748297,-62.1529485034516,19.393773216375));
#7304=CARTESIAN_POINT('Ctrl Pts',(-4.93650249376677,-61.9398475627982,19.9767541944546));
#7305=CARTESIAN_POINT('Ctrl Pts',(-5.09692146589575,-61.6673912673932,20.3899141852894));
#7306=CARTESIAN_POINT('Ctrl Pts',(-5.31396181637225,-61.3932675259911,20.6464998562177));
#7307=CARTESIAN_POINT('Ctrl Pts',(-5.60450276535937,-61.1060488162517,20.7889560824044));
#7308=CARTESIAN_POINT('Ctrl Pts',(-5.83469609996902,-60.9248032096146,20.8120559048756));
#7309=CARTESIAN_POINT('Ctrl Pts',(-5.95549966234728,-60.8401157200211,20.8090893385792));
#7310=CARTESIAN_POINT('Ctrl Pts',(-4.85532350631881,-62.0698482906822,18.6637662970114));
#7311=CARTESIAN_POINT('Ctrl Pts',(-4.84196716960293,-62.0636593767806,18.8953769194207));
#7312=CARTESIAN_POINT('Ctrl Pts',(-4.82819919454527,-61.9920841895605,19.352189947778));
#7313=CARTESIAN_POINT('Ctrl Pts',(-4.89876263514826,-61.7650538018757,19.8917069601472));
#7314=CARTESIAN_POINT('Ctrl Pts',(-5.05725618548579,-61.5004908667836,20.2630879875837));
#7315=CARTESIAN_POINT('Ctrl Pts',(-5.26393485026613,-61.2481682941043,20.494660192111));
#7316=CARTESIAN_POINT('Ctrl Pts',(-5.54080791531733,-60.986441565709,20.6335954160071));
#7317=CARTESIAN_POINT('Ctrl Pts',(-5.76583890246013,-60.8181284531149,20.6650500966614));
#7318=CARTESIAN_POINT('Ctrl Pts',(-5.88547440612524,-60.738703579587,20.6672700692924));
#7319=CARTESIAN_POINT('Ctrl Pts',(-4.73909528229156,-61.9875675041178,18.6544986274772));
#7320=CARTESIAN_POINT('Ctrl Pts',(-4.71789682070604,-61.9786112968,18.880049908069));
#7321=CARTESIAN_POINT('Ctrl Pts',(-4.68578740297523,-61.9019560922411,19.3280140163403));
#7322=CARTESIAN_POINT('Ctrl Pts',(-4.73121474774548,-61.6637294891675,19.8704349449927));
#7323=CARTESIAN_POINT('Ctrl Pts',(-4.8824869100309,-61.3791597717111,20.2556624274861));
#7324=CARTESIAN_POINT('Ctrl Pts',(-5.10204694662265,-61.105390943253,20.4971487862323));
#7325=CARTESIAN_POINT('Ctrl Pts',(-5.4063866576314,-60.829761232942,20.6349110151338));
#7326=CARTESIAN_POINT('Ctrl Pts',(-5.65116538235235,-60.6612597337476,20.6603782304517));
#7327=CARTESIAN_POINT('Ctrl Pts',(-5.77995381275574,-60.5834526272942,20.6593195935465));
#7328=CARTESIAN_POINT('Ctrl Pts',(-4.67432887451114,-61.9679178191057,18.6498561177433));
#7329=CARTESIAN_POINT('Ctrl Pts',(-4.6490153290317,-61.9602378625934,18.8744562038423));
#7330=CARTESIAN_POINT('Ctrl Pts',(-4.60742009878622,-61.8871927995858,19.3230096399583));
#7331=CARTESIAN_POINT('Ctrl Pts',(-4.6418292974995,-61.6497173932159,19.8799034934398));
#7332=CARTESIAN_POINT('Ctrl Pts',(-4.7930895521364,-61.3542669799103,20.2845505924721));
#7333=CARTESIAN_POINT('Ctrl Pts',(-5.02332321838394,-61.0630769030426,20.5382989123029));
#7334=CARTESIAN_POINT('Ctrl Pts',(-5.34513191936083,-60.770539108665,20.6760797794627));
#7335=CARTESIAN_POINT('Ctrl Pts',(-5.60098661007591,-60.5960577196632,20.6951124367403));
#7336=CARTESIAN_POINT('Ctrl Pts',(-5.73472595410998,-60.5165006621722,20.6904790208505));
#7337=CARTESIAN_POINT('',(-5.73472595410998,-60.5165006621722,20.6904790208505));
#7338=CARTESIAN_POINT('Origin',(-5.80065227780215,-60.6100466072847,20.9871722563605));
#7339=CARTESIAN_POINT('Ctrl Pts',(-5.73472595410998,-60.5165006621722,20.6904790208505));
#7340=CARTESIAN_POINT('Ctrl Pts',(-5.60098661007591,-60.5960577196632,20.6951124367403));
#7341=CARTESIAN_POINT('Ctrl Pts',(-5.34513191936083,-60.770539108665,20.6760797794627));
#7342=CARTESIAN_POINT('Ctrl Pts',(-5.02332321838394,-61.0630769030426,20.5382989123029));
#7343=CARTESIAN_POINT('Ctrl Pts',(-4.7930895521364,-61.3542669799103,20.2845505924721));
#7344=CARTESIAN_POINT('Ctrl Pts',(-4.6418292974995,-61.6497173932159,19.8799034934398));
#7345=CARTESIAN_POINT('Ctrl Pts',(-4.60742009878622,-61.8871927995858,19.3230096399583));
#7346=CARTESIAN_POINT('Ctrl Pts',(-4.6490153290317,-61.9602378625934,18.8744562038423));
#7347=CARTESIAN_POINT('Ctrl Pts',(-4.67432887451114,-61.9679178191057,18.6498561177433));
#7348=CARTESIAN_POINT('Ctrl Pts',(-5.97056443790595,-60.8613167587985,20.8916883896234));
#7349=CARTESIAN_POINT('Ctrl Pts',(-6.71688034286436,-60.343327632627,20.8566347329301));
#7350=CARTESIAN_POINT('Ctrl Pts',(-8.36980650463672,-60.1134294601103,20.5133009881204));
#7351=CARTESIAN_POINT('Ctrl Pts',(-9.89805422379621,-61.4821013986086,19.5807035212464));
#7352=CARTESIAN_POINT('Ctrl Pts',(-9.93302745052805,-62.6623161048208,19.0823942433757));
#7353=CARTESIAN_POINT('Ctrl Pts',(-9.73384797376421,-63.2058647832494,18.9210699176647));
#7354=CARTESIAN_POINT('Ctrl Pts',(-5.95549966234728,-60.8401157200211,20.8090893385792));
#7355=CARTESIAN_POINT('Ctrl Pts',(-6.69643165312678,-60.3178235223504,20.7813982061107));
#7356=CARTESIAN_POINT('Ctrl Pts',(-8.35574376488348,-60.0750321767259,20.4509083901541));
#7357=CARTESIAN_POINT('Ctrl Pts',(-9.90229050790383,-61.4489772233234,19.5225621603087));
#7358=CARTESIAN_POINT('Ctrl Pts',(-9.93787391603831,-62.6396177979284,19.0206619360079));
#7359=CARTESIAN_POINT('Ctrl Pts',(-9.73547153137671,-63.1864382219804,18.857161077008));
#7360=CARTESIAN_POINT('Ctrl Pts',(-5.88547355659917,-60.7387022910381,20.6672732732351));
#7361=CARTESIAN_POINT('Ctrl Pts',(-6.64356219406981,-60.2028892348946,20.657691458932));
#7362=CARTESIAN_POINT('Ctrl Pts',(-8.35375516515353,-59.9490510671091,20.3490810387118));
#7363=CARTESIAN_POINT('Ctrl Pts',(-9.95520806035461,-61.3689604262503,19.4151353906636));
#7364=CARTESIAN_POINT('Ctrl Pts',(-9.99072901067795,-62.5987775254217,18.8983697724213));
#7365=CARTESIAN_POINT('Ctrl Pts',(-9.77983808667476,-63.1617607791314,18.7263246897945));
#7366=CARTESIAN_POINT('Ctrl Pts',(-5.77995381275574,-60.5834526272941,20.6593195935465));
#7367=CARTESIAN_POINT('Ctrl Pts',(-6.59238718347416,-60.0257543423091,20.6547951226672));
#7368=CARTESIAN_POINT('Ctrl Pts',(-8.4001985939503,-59.782717945016,20.3388776919277));
#7369=CARTESIAN_POINT('Ctrl Pts',(-10.0746681534205,-61.2902385200477,19.3671858739909));
#7370=CARTESIAN_POINT('Ctrl Pts',(-10.1098509904863,-62.5827555451992,18.8232398543874));
#7371=CARTESIAN_POINT('Ctrl Pts',(-9.88911315026654,-63.1746530650542,18.639213972461));
#7372=CARTESIAN_POINT('Ctrl Pts',(-5.73472595410997,-60.5165006621722,20.6904790208505));
#7373=CARTESIAN_POINT('Ctrl Pts',(-6.57370770594546,-59.9464646315648,20.6837838115425));
#7374=CARTESIAN_POINT('Ctrl Pts',(-8.4294580197459,-59.7076069330087,20.3582385842273));
#7375=CARTESIAN_POINT('Ctrl Pts',(-10.139925171069,-61.2583935185316,19.3624540175712));
#7376=CARTESIAN_POINT('Ctrl Pts',(-10.1749934970888,-62.58247970273,18.8044500651215));
#7377=CARTESIAN_POINT('Ctrl Pts',(-9.94962779316627,-63.1893132846938,18.6149771597377));
#7378=CARTESIAN_POINT('',(-9.94962779316627,-63.1893132846938,18.6149771597377));
#7379=CARTESIAN_POINT('Origin',(-10.0338088609619,-63.3087617402801,18.8974123103171));
#7380=CARTESIAN_POINT('Ctrl Pts',(-9.94962779316627,-63.1893132846938,18.6149771597377));
#7381=CARTESIAN_POINT('Ctrl Pts',(-10.1749934970888,-62.58247970273,18.8044500651215));
#7382=CARTESIAN_POINT('Ctrl Pts',(-10.139925171069,-61.2583935185316,19.3624540175712));
#7383=CARTESIAN_POINT('Ctrl Pts',(-8.4294580197459,-59.7076069330087,20.3582385842273));
#7384=CARTESIAN_POINT('Ctrl Pts',(-6.57370770594546,-59.9464646315648,20.6837838115425));
#7385=CARTESIAN_POINT('Ctrl Pts',(-5.73472595410997,-60.5165006621722,20.6904790208505));
#7386=CARTESIAN_POINT('Ctrl Pts',(-9.7338479737642,-63.2058647832495,18.9210699176647));
#7387=CARTESIAN_POINT('Ctrl Pts',(-9.68274369830798,-63.3453252429193,18.8796782898079));
#7388=CARTESIAN_POINT('Ctrl Pts',(-9.55402906071718,-63.5887775044755,18.7194266265397));
#7389=CARTESIAN_POINT('Ctrl Pts',(-9.41617727200362,-63.7020814001457,18.4398643788629));
#7390=CARTESIAN_POINT('Ctrl Pts',(-9.36268957740147,-63.721666749414,18.2844754529987));
#7391=CARTESIAN_POINT('Ctrl Pts',(-9.73570346817849,-63.1836629989419,18.8480312426285));
#7392=CARTESIAN_POINT('Ctrl Pts',(-9.68812664826445,-63.3115704883077,18.8086705365664));
#7393=CARTESIAN_POINT('Ctrl Pts',(-9.57142140449997,-63.5347585813346,18.6605100823744));
#7394=CARTESIAN_POINT('Ctrl Pts',(-9.44834460936058,-63.6426364053233,18.4029493499975));
#7395=CARTESIAN_POINT('Ctrl Pts',(-9.40082919377093,-63.6620370568266,18.2591514423787));
#7396=CARTESIAN_POINT('Ctrl Pts',(-9.78640758535922,-63.1612718061648,18.7170532747569));
#7397=CARTESIAN_POINT('Ctrl Pts',(-9.74594962132675,-63.2725568330287,18.679909679232));
#7398=CARTESIAN_POINT('Ctrl Pts',(-9.64823892989954,-63.4667470415321,18.5501137565155));
#7399=CARTESIAN_POINT('Ctrl Pts',(-9.54474047990294,-63.5668282772308,18.3295999332093));
#7400=CARTESIAN_POINT('Ctrl Pts',(-9.50557444376035,-63.5866901990739,18.2054447870622));
#7401=CARTESIAN_POINT('Ctrl Pts',(-9.89775809925221,-63.1767473821456,18.6357515706434));
#7402=CARTESIAN_POINT('Ctrl Pts',(-9.86215312368953,-63.2845725546553,18.5996115820409));
#7403=CARTESIAN_POINT('Ctrl Pts',(-9.77054992117787,-63.4743327441612,18.4756822587092));
#7404=CARTESIAN_POINT('Ctrl Pts',(-9.67004761954146,-63.5713340073402,18.2713614522421));
#7405=CARTESIAN_POINT('Ctrl Pts',(-9.6331659896435,-63.5922879167427,18.1574718390841));
#7406=CARTESIAN_POINT('Ctrl Pts',(-9.94962779316627,-63.1893132846938,18.6149771597377));
#7407=CARTESIAN_POINT('Ctrl Pts',(-9.91511499236863,-63.2982713597487,18.5791829275238));
#7408=CARTESIAN_POINT('Ctrl Pts',(-9.82324526504551,-63.4909161682291,18.4552170089054));
#7409=CARTESIAN_POINT('Ctrl Pts',(-9.72136544844752,-63.587607131005,18.2527345633731));
#7410=CARTESIAN_POINT('Ctrl Pts',(-9.68435319560145,-63.6090825304371,18.1408328428101));
#7411=CARTESIAN_POINT('',(-9.68435319560145,-63.6090825304371,18.1408328428101));
#7412=CARTESIAN_POINT('Origin',(-9.6126170134684,-63.9080796905465,18.2219415255726));
#7413=CARTESIAN_POINT('Ctrl Pts',(-9.68435319560145,-63.6090825304371,18.1408328428101));
#7414=CARTESIAN_POINT('Ctrl Pts',(-9.72136544844752,-63.587607131005,18.2527345633731));
#7415=CARTESIAN_POINT('Ctrl Pts',(-9.82324526504551,-63.4909161682291,18.4552170089054));
#7416=CARTESIAN_POINT('Ctrl Pts',(-9.91511499236863,-63.2982713597487,18.5791829275238));
#7417=CARTESIAN_POINT('Ctrl Pts',(-9.94962779316627,-63.1893132846938,18.6149771597377));
#7418=CARTESIAN_POINT('Ctrl Pts',(-9.36268957740147,-63.721666749414,18.2844754529987));
#7419=CARTESIAN_POINT('Ctrl Pts',(-9.34883317915515,-63.7267404846212,18.2442207578607));
#7420=CARTESIAN_POINT('Ctrl Pts',(-9.30130598996999,-63.7615946654506,18.1633592288183));
#7421=CARTESIAN_POINT('Ctrl Pts',(-9.23564207001753,-63.8276651178692,18.1330768555734));
#7422=CARTESIAN_POINT('Ctrl Pts',(-9.19968208298244,-63.8678238315183,18.1351275979524));
#7423=CARTESIAN_POINT('Ctrl Pts',(-9.39606174172475,-63.6694907684,18.2623169437062));
#7424=CARTESIAN_POINT('Ctrl Pts',(-9.3793515111588,-63.674729125348,18.2087427428569));
#7425=CARTESIAN_POINT('Ctrl Pts',(-9.32132216470263,-63.7160557439147,18.0984828484204));
#7426=CARTESIAN_POINT('Ctrl Pts',(-9.23533342047585,-63.7989058878021,18.0462250881998));
#7427=CARTESIAN_POINT('Ctrl Pts',(-9.18339017527914,-63.8529684059366,18.0421170602371));
#7428=CARTESIAN_POINT('Ctrl Pts',(-9.4958721915708,-63.5900555756379,18.2097719804593));
#7429=CARTESIAN_POINT('Ctrl Pts',(-9.47629950822483,-63.5983452346368,18.1287339885658));
#7430=CARTESIAN_POINT('Ctrl Pts',(-9.40556177640938,-63.6608814158736,17.9566998991971));
#7431=CARTESIAN_POINT('Ctrl Pts',(-9.29185054685822,-63.7919029533152,17.855608146961));
#7432=CARTESIAN_POINT('Ctrl Pts',(-9.21756816314362,-63.8841328689633,17.8362658674595));
#7433=CARTESIAN_POINT('Ctrl Pts',(-9.6246347886505,-63.5894888144603,18.1602450051297));
#7434=CARTESIAN_POINT('Ctrl Pts',(-9.60552251072139,-63.6071978768496,18.061743079733));
#7435=CARTESIAN_POINT('Ctrl Pts',(-9.53482584254005,-63.707541778876,17.8567072164775));
#7436=CARTESIAN_POINT('Ctrl Pts',(-9.42477915872412,-63.8935897929346,17.7551304415839));
#7437=CARTESIAN_POINT('Ctrl Pts',(-9.35769335890057,-64.0119030144615,17.743779157));
#7438=CARTESIAN_POINT('Ctrl Pts',(-9.68435319560144,-63.6090825304371,18.1408328428101));
#7439=CARTESIAN_POINT('Ctrl Pts',(-9.6652726739197,-63.6323370933459,18.0382320883107));
#7440=CARTESIAN_POINT('Ctrl Pts',(-9.59428692152406,-63.7520968556004,17.8289914156374));
#7441=CARTESIAN_POINT('Ctrl Pts',(-9.48840710980176,-63.9561357581366,17.743779157));
#7442=CARTESIAN_POINT('Ctrl Pts',(-9.4283264436994,-64.0763082734371,17.743779157));
#7443=CARTESIAN_POINT('Ctrl Pts',(-9.4283264436994,-64.0763082734371,17.743779157));
#7444=CARTESIAN_POINT('Ctrl Pts',(-9.48840710980176,-63.9561357581366,17.743779157));
#7445=CARTESIAN_POINT('Ctrl Pts',(-9.59428692152406,-63.7520968556004,17.8289914156374));
#7446=CARTESIAN_POINT('Ctrl Pts',(-9.6652726739197,-63.6323370933459,18.0382320883107));
#7447=CARTESIAN_POINT('Ctrl Pts',(-9.68435319560144,-63.6090825304371,18.1408328428101));
#7448=CARTESIAN_POINT('Ctrl Pts',(-9.4283264436994,-64.0763082734371,17.743779157));
#7449=CARTESIAN_POINT('Ctrl Pts',(-9.87176700674958,-64.1914300681102,17.743779157));
#7450=CARTESIAN_POINT('Ctrl Pts',(-10.4439550486867,-64.2952809751124,17.743779157));
#7451=CARTESIAN_POINT('Ctrl Pts',(-11.2443424280335,-64.2572474971935,17.743779157));
#7452=CARTESIAN_POINT('Ctrl Pts',(-11.5863582538928,-64.1717000778304,17.743779157));
#7453=CARTESIAN_POINT('Ctrl Pts',(-11.7736266836023,-64.0397230161903,17.743779157));
#7454=CARTESIAN_POINT('Ctrl Pts',(-9.45857382284313,-63.9597976259409,17.743779157));
#7455=CARTESIAN_POINT('Ctrl Pts',(-9.89203125534285,-64.0849842754692,17.7440318693686));
#7456=CARTESIAN_POINT('Ctrl Pts',(-10.4520706770294,-64.2025735788428,17.7437737016071));
#7457=CARTESIAN_POINT('Ctrl Pts',(-11.2335553262375,-64.1917801609174,17.7439191722462));
#7458=CARTESIAN_POINT('Ctrl Pts',(-11.5666033548647,-64.1211084408872,17.7437714579882));
#7459=CARTESIAN_POINT('Ctrl Pts',(-11.7473278763923,-64.0024064077719,17.743779157));
#7460=CARTESIAN_POINT('Ctrl Pts',(-9.51892425008921,-63.7273322833504,17.8286583633953));
#7461=CARTESIAN_POINT('Ctrl Pts',(-9.93263066415022,-63.872089315353,17.8106941073892));
#7462=CARTESIAN_POINT('Ctrl Pts',(-10.4683316008922,-64.0172342193855,17.7909181899161));
#7463=CARTESIAN_POINT('Ctrl Pts',(-11.2120332160246,-64.0607213226199,17.7677144817997));
#7464=CARTESIAN_POINT('Ctrl Pts',(-11.5270977163935,-64.0199352329421,17.7592625152773));
#7465=CARTESIAN_POINT('Ctrl Pts',(-11.6947326002939,-63.9277765088889,17.7555772796469));
#7466=CARTESIAN_POINT('Ctrl Pts',(-9.5526783334388,-63.5973140729126,18.0450901449446));
#7467=CARTESIAN_POINT('Ctrl Pts',(-9.96032771282644,-63.733565535227,17.989136127786));
#7468=CARTESIAN_POINT('Ctrl Pts',(-10.4822923283763,-63.8764372054851,17.9212315279039));
#7469=CARTESIAN_POINT('Ctrl Pts',(-11.1939342596596,-63.946280595676,17.8369508677574));
#7470=CARTESIAN_POINT('Ctrl Pts',(-11.4912483427639,-63.9269070275818,17.8044142391862));
#7471=CARTESIAN_POINT('Ctrl Pts',(-11.6455901034207,-63.8580459200495,17.7901856681433));
#7472=CARTESIAN_POINT('Ctrl Pts',(-9.55915382264909,-63.5723709716555,18.1626722212326));
#7473=CARTESIAN_POINT('Ctrl Pts',(-9.96882463875344,-63.6948999908342,18.0912411188465));
#7474=CARTESIAN_POINT('Ctrl Pts',(-10.4882664859358,-63.8258116691113,17.9998476140049));
#7475=CARTESIAN_POINT('Ctrl Pts',(-11.1865774968269,-63.8965681333596,17.8807435591867));
#7476=CARTESIAN_POINT('Ctrl Pts',(-11.4750769834999,-63.8843174356648,17.8335127145949));
#7477=CARTESIAN_POINT('Ctrl Pts',(-11.6226883703657,-63.8255495791435,17.8126279268381));
#7478=CARTESIAN_POINT('',(-11.7736266839246,-64.0397230159632,17.743779157));
#7479=CARTESIAN_POINT('Ctrl Pts',(-9.4283264436994,-64.0763082734371,17.743779157));
#7480=CARTESIAN_POINT('Ctrl Pts',(-9.87176700674958,-64.1914300681102,17.743779157));
#7481=CARTESIAN_POINT('Ctrl Pts',(-10.4439550486867,-64.2952809751124,17.743779157));
#7482=CARTESIAN_POINT('Ctrl Pts',(-11.2443424280335,-64.2572474971935,17.743779157));
#7483=CARTESIAN_POINT('Ctrl Pts',(-11.5863582538928,-64.1717000778304,17.743779157));
#7484=CARTESIAN_POINT('Ctrl Pts',(-11.7736266836023,-64.0397230161903,17.743779157));
#7485=CARTESIAN_POINT('',(-11.622688368057,-63.8255495777864,17.812627928215));
#7486=CARTESIAN_POINT('Origin',(-11.7736266839246,-64.0397230159632,18.276779157));
#7487=CARTESIAN_POINT('Ctrl Pts',(-11.6226883686999,-63.8255495798067,17.8126279270737));
#7488=CARTESIAN_POINT('Ctrl Pts',(-11.4750769820529,-63.8843174357262,17.8335127148318));
#7489=CARTESIAN_POINT('Ctrl Pts',(-11.1865774960764,-63.8965681332835,17.8807435593147));
#7490=CARTESIAN_POINT('Ctrl Pts',(-10.5288547075454,-63.8299242765404,17.9929248794408));
#7491=CARTESIAN_POINT('Ctrl Pts',(-10.0532247729035,-63.7156731047069,18.0764090738375));
#7492=CARTESIAN_POINT('Ctrl Pts',(-9.68432651737835,-63.6091725755366,18.1408289362974));
#7493=CARTESIAN_POINT('Origin',(7.62172784991711,-52.97101708291,17.743779157));
#7494=CARTESIAN_POINT('',(-14.0914234899953,-64.8409362423734,17.743779157));
#7495=CARTESIAN_POINT('Origin',(-12.7072447457771,-63.7186291524668,17.743779157));
#7496=CARTESIAN_POINT('',(-17.8622985883395,-60.1901902877488,17.743779157));
#7497=CARTESIAN_POINT('',(-12.6885530759545,-66.5711430863569,17.743779157));
#7498=CARTESIAN_POINT('',(-18.1699254930479,-58.5081353561671,17.743779157));
#7499=CARTESIAN_POINT('Origin',(-16.4781198441213,-59.0678831978422,17.743779157));
#7500=CARTESIAN_POINT('',(-16.2016437411471,-43.5203620815021,17.743779157));
#7501=CARTESIAN_POINT('Origin',(-56.3748951482305,-45.8677062860075,17.743779157));
#7502=CARTESIAN_POINT('',(-14.8136855935591,-41.6778429009553,17.743779157));
#7503=CARTESIAN_POINT('Origin',(-14.4226779605256,-43.4164161754851,17.743779157));
#7504=CARTESIAN_POINT('',(-13.6174659227145,-40.958674840094,17.743779157));
#7505=CARTESIAN_POINT('Origin',(-15.3003606384908,-39.513894796069,17.743779157));
#7506=CARTESIAN_POINT('',(-9.24961974809881,-40.3995675294813,17.743779157));
#7507=CARTESIAN_POINT('Origin',(-5.55111512312578E-16,-130.,17.743779157));
#7508=CARTESIAN_POINT('',(-9.38836989898457,-41.7212237960734,17.743779157));
#7509=CARTESIAN_POINT('',(-9.32051934134719,-41.0749173659823,17.743779157));
#7510=CARTESIAN_POINT('',(-14.6244231711219,-42.4348771294697,17.743779157));
#7511=CARTESIAN_POINT('Origin',(-5.55111512312578E-16,-130.,17.743779157));
#7512=CARTESIAN_POINT('',(-15.4209752560483,-43.4747472114093,17.743779157));
#7513=CARTESIAN_POINT('Origin',(-14.4226779605256,-43.4164161754851,17.743779157));
#7514=CARTESIAN_POINT('',(-17.4275057301632,-58.7537710532434,17.743779157));
#7515=CARTESIAN_POINT('Origin',(-56.3748951482305,-45.8677062860075,17.743779157));
#7516=CARTESIAN_POINT('',(-17.2548755928408,-59.6976851562634,17.743779157));
#7517=CARTESIAN_POINT('Origin',(-16.4781198441213,-59.0678831978422,17.743779157));
#7518=CARTESIAN_POINT('',(-16.3484214563784,-60.8156452579004,17.743779157));
#7519=CARTESIAN_POINT('',(-13.966567629628,-63.7532649775592,17.743779157));
#7520=CARTESIAN_POINT('',(-19.6047827740374,-58.5207309243227,17.743779157));
#7521=CARTESIAN_POINT('Origin',(7.62172784991711,-52.97101708291,17.743779157));
#7522=CARTESIAN_POINT('',(22.4463995153208,-58.209225107664,17.743779157));
#7523=CARTESIAN_POINT('Origin',(23.4967842251209,-154.821406183566,17.743779157));
#7524=CARTESIAN_POINT('Origin',(25.1640876779449,-56.8921369971651,17.743779157));
#7525=CARTESIAN_POINT('Origin',(-19.6047827740374,-58.5207309243227,18.276779157));
#7526=CARTESIAN_POINT('',(-16.9548456959509,-60.0677220290943,17.8126279264181));
#7527=CARTESIAN_POINT('Origin',(-16.3484214563784,-60.8156452579004,18.276779157));
#7528=CARTESIAN_POINT('',(-19.4538444600035,-58.3065574887477,17.8126279264182));
#7529=CARTESIAN_POINT('Ctrl Pts',(-9.94962779316627,-63.1893132846938,18.6149771597377));
#7530=CARTESIAN_POINT('Ctrl Pts',(-10.5136739479183,-63.3980101802257,18.358597848234));
#7531=CARTESIAN_POINT('Ctrl Pts',(-11.0715332314826,-63.6102495383223,18.0912051842414));
#7532=CARTESIAN_POINT('Ctrl Pts',(-11.6226883702996,-63.8255495767768,17.8126279279516));
#7533=CARTESIAN_POINT('Ctrl Pts',(-9.84885946766106,-63.3961242047513,18.5575464195306));
#7534=CARTESIAN_POINT('Ctrl Pts',(-10.4110512275799,-63.602978076139,18.3007703230303));
#7535=CARTESIAN_POINT('Ctrl Pts',(-10.9670565226036,-63.8134080862009,18.0331352896042));
#7536=CARTESIAN_POINT('Ctrl Pts',(-11.5163829278241,-64.026893157151,17.7542915920948));
#7537=CARTESIAN_POINT('Ctrl Pts',(-9.71520223232932,-63.5501818315925,18.3848875888375));
#7538=CARTESIAN_POINT('Ctrl Pts',(-10.2749638623033,-63.754443176769,18.1292228550525));
#7539=CARTESIAN_POINT('Ctrl Pts',(-10.8285601991036,-63.9623142096293,17.862732055361));
#7540=CARTESIAN_POINT('Ctrl Pts',(-11.3754932446761,-64.1732428686148,17.5850901743779));
#7541=CARTESIAN_POINT('Ctrl Pts',(-9.60916457260576,-63.5817421394135,18.1751657166078));
#7542=CARTESIAN_POINT('Ctrl Pts',(-10.1667049599447,-63.7842174052635,17.9211951131853));
#7543=CARTESIAN_POINT('Ctrl Pts',(-10.7180997226787,-63.9902423570088,17.6563520381719));
#7544=CARTESIAN_POINT('Ctrl Pts',(-11.2628386468032,-64.199344889729,17.3804665232258));
#7545=CARTESIAN_POINT('Ctrl Pts',(-11.6226883688925,-63.8255495762272,17.8126279286628));
#7546=CARTESIAN_POINT('Ctrl Pts',(-11.0715332305331,-63.6102495379611,18.0912051846965));
#7547=CARTESIAN_POINT('Ctrl Pts',(-10.5136739474382,-63.3980101800481,18.3585978484522));
#7548=CARTESIAN_POINT('Ctrl Pts',(-9.94962779316627,-63.1893132846938,18.6149771597377));
#7549=CARTESIAN_POINT('Origin',(-6.34509281746456,-39.7059364777596,-22.4981655604559));
#7550=CARTESIAN_POINT('',(-17.2548755928408,-59.6976851562634,17.8855324277683));
#7551=CARTESIAN_POINT('Origin',(-69.6218229141226,4.88821653998398,-22.4981655604559));
#7552=CARTESIAN_POINT('',(-17.4275057301632,-58.7537710532434,18.2548210269217));
#7553=CARTESIAN_POINT('Ctrl Pts',(-17.4275057301632,-58.7537710532433,18.2548210269217));
#7554=CARTESIAN_POINT('Ctrl Pts',(-17.4385256302025,-58.7870780671326,18.2367347242469));
#7555=CARTESIAN_POINT('Ctrl Pts',(-17.44785385137,-58.8211667963405,18.2187753407228));
#7556=CARTESIAN_POINT('Ctrl Pts',(-17.4844529168593,-58.9897766705489,18.1326703317279));
#7557=CARTESIAN_POINT('Ctrl Pts',(-17.485086667129,-59.1318033309435,18.0687643262971));
#7558=CARTESIAN_POINT('Ctrl Pts',(-17.4359211712291,-59.3781257923542,17.973153230288));
#7559=CARTESIAN_POINT('Ctrl Pts',(-17.3894548076049,-59.4993810253056,17.9328364923338));
#7560=CARTESIAN_POINT('Ctrl Pts',(-17.2997489094648,-59.6390868314897,17.8978809739878));
#7561=CARTESIAN_POINT('Ctrl Pts',(-17.2781053943505,-59.6690350677348,17.8911558511024));
#7562=CARTESIAN_POINT('Ctrl Pts',(-17.2548755928408,-59.6976851562634,17.8855324277683));
#7563=CARTESIAN_POINT('',(-17.2515491574376,-58.2092461474952,18.5445097743628));
#7564=CARTESIAN_POINT('Ctrl Pts',(-17.4275057301431,-58.7537710531827,18.2548210269546));
#7565=CARTESIAN_POINT('Ctrl Pts',(-17.3677967385394,-58.5733040611437,18.3528178228147));
#7566=CARTESIAN_POINT('Ctrl Pts',(-17.3091298497484,-58.3917800430183,18.4493849620999));
#7567=CARTESIAN_POINT('Ctrl Pts',(-17.2515491574241,-58.2092461474524,18.5445097743847));
#7568=CARTESIAN_POINT('',(-4.65523786607022,-60.1682368992561,21.0293080307569));
#7569=CARTESIAN_POINT('Ctrl Pts',(-4.65523786607022,-60.1682368992562,21.0293080307569));
#7570=CARTESIAN_POINT('Ctrl Pts',(-5.94679665487633,-59.8119819206114,20.8654346383644));
#7571=CARTESIAN_POINT('Ctrl Pts',(-7.25350686828298,-59.5171104715861,20.6722242426248));
#7572=CARTESIAN_POINT('Ctrl Pts',(-11.3333759022854,-58.7520253181623,19.9784636190715));
#7573=CARTESIAN_POINT('Ctrl Pts',(-14.1420463917284,-58.4419515161602,19.372461874047));
#7574=CARTESIAN_POINT('Ctrl Pts',(-17.0556050871133,-58.223563292492,18.5971617696618));
#7575=CARTESIAN_POINT('Ctrl Pts',(-17.153573407996,-58.2163446061328,18.5709221253751));
#7576=CARTESIAN_POINT('Ctrl Pts',(-17.2515491574375,-58.2092461474938,18.5445097743631));
#7577=CARTESIAN_POINT('Ctrl Pts',(-5.73472592957532,-60.5165007218696,20.6904790057696));
#7578=CARTESIAN_POINT('Ctrl Pts',(-5.37644524174049,-60.3987440453051,20.8072183487227));
#7579=CARTESIAN_POINT('Ctrl Pts',(-5.01657246199831,-60.2826747600591,20.9201237555855));
#7580=CARTESIAN_POINT('Ctrl Pts',(-4.65519779422072,-60.168338294035,21.0292815751816));
#7581=CARTESIAN_POINT('Origin',(-15.3003606384908,-39.513894796069,17.225779157));
#7582=CARTESIAN_POINT('',(-14.8781482579213,-41.1606299616903,17.225779157));
#7583=CARTESIAN_POINT('Ctrl Pts',(-13.6174659227145,-40.958674840094,17.743779157));
#7584=CARTESIAN_POINT('Ctrl Pts',(-13.7113487787862,-40.9730327417873,17.743779157));
#7585=CARTESIAN_POINT('Ctrl Pts',(-13.8044296254844,-40.9874226024751,17.7327349194397));
#7586=CARTESIAN_POINT('Ctrl Pts',(-14.0731797651361,-41.0293789798586,17.6788280418958));
#7587=CARTESIAN_POINT('Ctrl Pts',(-14.2649808687654,-41.0598699142706,17.609972818615));
#7588=CARTESIAN_POINT('Ctrl Pts',(-14.605627380966,-41.1153146352397,17.4423176243956));
#7589=CARTESIAN_POINT('Ctrl Pts',(-14.7463437150387,-41.1386279607921,17.3618816398331));
#7590=CARTESIAN_POINT('Ctrl Pts',(-14.8457133300728,-41.1551993177999,17.2846894325948));
#7591=CARTESIAN_POINT('Ctrl Pts',(-14.861983060627,-41.1579238282567,17.2673660743345));
#7592=CARTESIAN_POINT('Ctrl Pts',(-14.8734837879608,-41.1598488658655,17.2469507203763));
#7593=CARTESIAN_POINT('Ctrl Pts',(-14.8757994415414,-41.1602366223365,17.2413941136194));
#7594=CARTESIAN_POINT('Ctrl Pts',(-14.8777748656363,-41.160567426621,17.2323960294142));
#7595=CARTESIAN_POINT('Ctrl Pts',(-14.8781482579214,-41.1606299616903,17.2291115215796));
#7596=CARTESIAN_POINT('Ctrl Pts',(-14.8781482579214,-41.1606299616903,17.225779157));
#7597=CARTESIAN_POINT('',(-14.9273455003556,-41.1724663823209,17.225779157));
#7598=CARTESIAN_POINT('Origin',(-14.8136855935591,-41.6778429009553,17.225779157));
#7599=CARTESIAN_POINT('Origin',(-15.3003606384908,-39.513894796069,17.225779157));
#7600=CARTESIAN_POINT('Origin',(-14.4226779605256,-43.4164161754851,17.225779157));
#7601=CARTESIAN_POINT('',(-16.7187617402279,-43.5505775581108,17.225779157));
#7602=CARTESIAN_POINT('Origin',(-16.2016437411471,-43.5203620815021,17.225779157));
#7603=CARTESIAN_POINT('Origin',(-14.4226779605256,-43.4164161754851,17.225779157));
#7604=CARTESIAN_POINT('Origin',(-56.3748951482305,-45.8677062860075,17.225779157));
#7605=CARTESIAN_POINT('',(-18.6617073820176,-58.3454252652649,17.225779157));
#7606=CARTESIAN_POINT('Origin',(-18.1699254930479,-58.5081353561671,17.225779157));
#7607=CARTESIAN_POINT('Origin',(-56.3748951482305,-45.8677062860075,17.225779157));
#7608=CARTESIAN_POINT('Origin',(-16.4781198441213,-59.0678831978422,17.225779157));
#7609=CARTESIAN_POINT('',(-18.2646580661762,-60.516427702211,17.225779157));
#7610=CARTESIAN_POINT('Origin',(-17.8622985883395,-60.1901902877488,17.225779157));
#7611=CARTESIAN_POINT('Origin',(-16.4781198441213,-59.0678831978422,17.225779157));
#7612=CARTESIAN_POINT('Origin',(-12.6885530759545,-66.5711430863569,17.225779157));
#7613=CARTESIAN_POINT('',(-14.493782967832,-65.1671736568356,17.225779157));
#7614=CARTESIAN_POINT('Origin',(-14.0914234899953,-64.8409362423734,17.225779157));
#7615=CARTESIAN_POINT('',(-13.0909125537912,-66.8973805008191,17.225779157));
#7616=CARTESIAN_POINT('Origin',(-12.7072447457771,-63.7186291524668,17.225779157));
#7617=CARTESIAN_POINT('Origin',(-12.7072447457771,-63.7186291524668,17.225779157));
#7618=CARTESIAN_POINT('Ctrl Pts',(22.6851679838927,-58.12465815662,17.8123321979741));
#7619=CARTESIAN_POINT('Ctrl Pts',(22.61242101337,-58.1507727872451,17.7671671494696));
#7620=CARTESIAN_POINT('Ctrl Pts',(22.5295063953387,-58.1801822103993,17.743779157));
#7621=CARTESIAN_POINT('Ctrl Pts',(22.4463995153208,-58.209225107664,17.743779157));
#7622=CARTESIAN_POINT('Ctrl Pts',(22.675300014021,-58.0317519040364,17.8288488954825));
#7623=CARTESIAN_POINT('Ctrl Pts',(22.6076289805732,-58.0524011964741,17.7807220965232));
#7624=CARTESIAN_POINT('Ctrl Pts',(22.5285357250905,-58.0762163520388,17.7513120622893));
#7625=CARTESIAN_POINT('Ctrl Pts',(22.4452183585014,-58.1005847824105,17.743779157));
#7626=CARTESIAN_POINT('Ctrl Pts',(22.6242247517271,-57.8601416546007,17.9202980979713));
#7627=CARTESIAN_POINT('Ctrl Pts',(22.5733569117425,-57.8671035515738,17.8783337639529));
#7628=CARTESIAN_POINT('Ctrl Pts',(22.5116045637069,-57.8753002871228,17.8475935568257));
#7629=CARTESIAN_POINT('Ctrl Pts',(22.4428666301255,-57.8842777421656,17.8338125869929));
#7630=CARTESIAN_POINT('Ctrl Pts',(22.5337217580233,-57.7932842199924,18.0869144487112));
#7631=CARTESIAN_POINT('Ctrl Pts',(22.5071893573277,-57.7934603146777,18.0677168534188));
#7632=CARTESIAN_POINT('Ctrl Pts',(22.4757745021706,-57.7940341144284,18.0548680758898));
#7633=CARTESIAN_POINT('Ctrl Pts',(22.4418878286078,-57.794249632867,18.0501324110634));
#7634=CARTESIAN_POINT('Ctrl Pts',(22.4887089407633,-57.7937518836588,18.1704331739656));
#7635=CARTESIAN_POINT('Ctrl Pts',(22.4744030928053,-57.7939005152201,18.1627551157198));
#7636=CARTESIAN_POINT('Ctrl Pts',(22.4581392365179,-57.7940729446876,18.158779157));
#7637=CARTESIAN_POINT('Ctrl Pts',(22.4418878286078,-57.794249632867,18.158779157));
#7638=CARTESIAN_POINT('',(22.4418878286076,-57.794249632867,18.158779157));
#7639=CARTESIAN_POINT('Origin',(22.4463995153208,-58.209225107664,18.158779157));
#7640=CARTESIAN_POINT('',(22.4887089408497,-57.7937518836579,18.1704331739777));
#7641=CARTESIAN_POINT('Ctrl Pts',(22.4418878286078,-57.794249632867,18.158779157));
#7642=CARTESIAN_POINT('Ctrl Pts',(22.4581392365179,-57.7940729446876,18.158779157));
#7643=CARTESIAN_POINT('Ctrl Pts',(22.4744030928053,-57.7939005152201,18.1627551157198));
#7644=CARTESIAN_POINT('Ctrl Pts',(22.4887089407633,-57.7937518836588,18.1704331739656));
#7645=CARTESIAN_POINT('',(22.6851679838985,-58.1246581566179,17.8123321979778));
#7646=CARTESIAN_POINT('Origin',(22.4930203782489,-58.2087294872796,18.1704331739662));
#7647=CARTESIAN_POINT('Ctrl Pts',(22.6851679838927,-58.12465815662,17.8123321979741));
#7648=CARTESIAN_POINT('Ctrl Pts',(22.61242101337,-58.1507727872451,17.7671671494696));
#7649=CARTESIAN_POINT('Ctrl Pts',(22.5295063953387,-58.1801822103993,17.743779157));
#7650=CARTESIAN_POINT('Ctrl Pts',(22.4463995153208,-58.209225107664,17.743779157));
#7651=CARTESIAN_POINT('Ctrl Pts',(22.9347988477389,-58.0851209767811,18.3023444975663));
#7652=CARTESIAN_POINT('Ctrl Pts',(22.9383504130934,-58.0718478766075,18.2277203912203));
#7653=CARTESIAN_POINT('Ctrl Pts',(22.9124415500553,-58.0570062907084,18.0490033631926));
#7654=CARTESIAN_POINT('Ctrl Pts',(22.7902466378813,-58.0869371324258,17.8775704129839));
#7655=CARTESIAN_POINT('Ctrl Pts',(22.6851679838985,-58.1246581566179,17.8123321979778));
#7656=CARTESIAN_POINT('Ctrl Pts',(22.9347988477389,-58.0851209767811,18.3023444975663));
#7657=CARTESIAN_POINT('Ctrl Pts',(22.9276216513268,-58.0528156243671,18.2465729172265));
#7658=CARTESIAN_POINT('Ctrl Pts',(22.8958087005969,-57.9886702981787,18.1197757293105));
#7659=CARTESIAN_POINT('Ctrl Pts',(22.797212733647,-57.9325318886166,17.9429062884161));
#7660=CARTESIAN_POINT('Ctrl Pts',(22.6654320441885,-57.9388456514611,17.8453655930109));
#7661=CARTESIAN_POINT('Ctrl Pts',(22.9347988477389,-58.0851209767811,18.3023444975663));
#7662=CARTESIAN_POINT('Ctrl Pts',(22.916606911321,-58.0345726750438,18.2663413111015));
#7663=CARTESIAN_POINT('Ctrl Pts',(22.8599995588164,-57.9290635186418,18.184223990042));
#7664=CARTESIAN_POINT('Ctrl Pts',(22.7262843565976,-57.8132716499688,18.0717582200335));
#7665=CARTESIAN_POINT('Ctrl Pts',(22.5787345753604,-57.792816556339,18.0033957234761));
#7666=CARTESIAN_POINT('Ctrl Pts',(22.9347988477389,-58.0851209767811,18.3023444975663));
#7667=CARTESIAN_POINT('Ctrl Pts',(22.9054662394658,-58.0174136909597,18.2867297810242));
#7668=CARTESIAN_POINT('Ctrl Pts',(22.8032219424589,-57.875017313081,18.2457371109897));
#7669=CARTESIAN_POINT('Ctrl Pts',(22.6151082942579,-57.7924386491738,18.1957526270862));
#7670=CARTESIAN_POINT('Ctrl Pts',(22.4887089408497,-57.7937518836579,18.1704331739777));
#7671=CARTESIAN_POINT('Ctrl Pts',(22.4887089408497,-57.7937518836579,18.1704331739777));
#7672=CARTESIAN_POINT('Ctrl Pts',(22.6151082942579,-57.7924386491738,18.1957526270862));
#7673=CARTESIAN_POINT('Ctrl Pts',(22.8032219424589,-57.875017313081,18.2457371109897));
#7674=CARTESIAN_POINT('Ctrl Pts',(22.9054662394658,-58.0174136909597,18.2867297810242));
#7675=CARTESIAN_POINT('Ctrl Pts',(22.9347988477389,-58.0851209767811,18.3023444975663));
#7676=CARTESIAN_POINT('Ctrl Pts',(22.9347988477389,-58.0851209767811,18.3023444975663));
#7677=CARTESIAN_POINT('Ctrl Pts',(22.9383504130934,-58.0718478766075,18.2277203912203));
#7678=CARTESIAN_POINT('Ctrl Pts',(22.9124415500553,-58.0570062907084,18.0490033631926));
#7679=CARTESIAN_POINT('Ctrl Pts',(22.7902466378813,-58.0869371324258,17.8775704129839));
#7680=CARTESIAN_POINT('Ctrl Pts',(22.6851679838985,-58.1246581566179,17.8123321979778));
#7681=CARTESIAN_POINT('Ctrl Pts',(27.8754595838011,-57.8873609939397,18.1732722476127));
#7682=CARTESIAN_POINT('Ctrl Pts',(27.8905474585679,-57.8880425388533,18.1637845608937));
#7683=CARTESIAN_POINT('Ctrl Pts',(27.9083972885686,-57.8888528085555,18.158779157));
#7684=CARTESIAN_POINT('Ctrl Pts',(27.9262364332807,-57.8896679970625,18.158779157));
#7685=CARTESIAN_POINT('Ctrl Pts',(27.8247886388279,-57.8850721013456,18.0928732585405));
#7686=CARTESIAN_POINT('Ctrl Pts',(27.8532841006382,-57.8862614109491,18.0699871266359));
#7687=CARTESIAN_POINT('Ctrl Pts',(27.8883337512344,-57.8880884596571,18.0548505272185));
#7688=CARTESIAN_POINT('Ctrl Pts',(27.9262364332806,-57.8896679970625,18.0501324110634));
#7689=CARTESIAN_POINT('Ctrl Pts',(27.7206334548951,-57.9485073173031,17.9324853462716));
#7690=CARTESIAN_POINT('Ctrl Pts',(27.7755976583738,-57.9571915912829,17.8830837316674));
#7691=CARTESIAN_POINT('Ctrl Pts',(27.8448605793675,-57.9678720658573,17.8475454699699));
#7692=CARTESIAN_POINT('Ctrl Pts',(27.922126363247,-57.9796105483509,17.8338155674568));
#7693=CARTESIAN_POINT('Ctrl Pts',(27.6575276411968,-58.1185422872915,17.8447221613696));
#7694=CARTESIAN_POINT('Ctrl Pts',(27.7303941942182,-58.1410490201903,17.7866592969821));
#7695=CARTESIAN_POINT('Ctrl Pts',(27.8189061329016,-58.1680376574763,17.7512841480505));
#7696=CARTESIAN_POINT('Ctrl Pts',(27.9122517206204,-58.1957018907524,17.743779157));
#7697=CARTESIAN_POINT('Ctrl Pts',(27.6434321524376,-58.211234989146,17.8290326311926));
#7698=CARTESIAN_POINT('Ctrl Pts',(27.7216188277755,-58.2391804798321,17.7732227093157));
#7699=CARTESIAN_POINT('Ctrl Pts',(27.8143400642155,-58.2719251157423,17.7437791570001));
#7700=CARTESIAN_POINT('Ctrl Pts',(27.90729210781,-58.3042353770291,17.743779157));
#7701=CARTESIAN_POINT('',(27.9262364332806,-57.8896679970625,18.158779157));
#7702=CARTESIAN_POINT('',(27.90729210781,-58.3042353770291,17.743779157));
#7703=CARTESIAN_POINT('Origin',(27.9072921078102,-58.3042353770293,18.158779157));
#7704=CARTESIAN_POINT('',(27.6434321523137,-58.2112349891017,17.829032631281));
#7705=CARTESIAN_POINT('Ctrl Pts',(27.90729210781,-58.3042353770291,17.743779157));
#7706=CARTESIAN_POINT('Ctrl Pts',(27.8143400642155,-58.2719251157423,17.7437791570001));
#7707=CARTESIAN_POINT('Ctrl Pts',(27.7216188277755,-58.2391804798321,17.7732227093157));
#7708=CARTESIAN_POINT('Ctrl Pts',(27.6434321524376,-58.211234989146,17.8290326311926));
#7709=CARTESIAN_POINT('',(27.8754595815082,-57.8873609938361,18.1732722482168));
#7710=CARTESIAN_POINT('Origin',(27.8567324258295,-58.3019382407277,18.1732722476278));
#7711=CARTESIAN_POINT('Ctrl Pts',(27.8754595838011,-57.8873609939397,18.1732722476127));
#7712=CARTESIAN_POINT('Ctrl Pts',(27.8905474585679,-57.8880425388533,18.1637845608937));
#7713=CARTESIAN_POINT('Ctrl Pts',(27.9083972885686,-57.8888528085555,18.158779157));
#7714=CARTESIAN_POINT('Ctrl Pts',(27.9262364332807,-57.8896679970625,18.158779157));
#7715=CARTESIAN_POINT('Ctrl Pts',(27.4275336315288,-58.1873060931531,18.358727481597));
#7716=CARTESIAN_POINT('Ctrl Pts',(27.4549629948245,-58.1160485089046,18.3403356824774));
#7717=CARTESIAN_POINT('Ctrl Pts',(27.5553200942628,-57.965475985207,18.2877385507302));
#7718=CARTESIAN_POINT('Ctrl Pts',(27.7476310842296,-57.8815867643947,18.2139523735363));
#7719=CARTESIAN_POINT('Ctrl Pts',(27.8754595815082,-57.8873609938361,18.1732722482168));
#7720=CARTESIAN_POINT('Ctrl Pts',(27.4275336315288,-58.1873060931531,18.358727481597));
#7721=CARTESIAN_POINT('Ctrl Pts',(27.4417212256226,-58.132978044389,18.3201169501198));
#7722=CARTESIAN_POINT('Ctrl Pts',(27.4898753145855,-58.019830643856,18.2307012515091));
#7723=CARTESIAN_POINT('Ctrl Pts',(27.6232970393534,-57.8968635503012,18.0975187863794));
#7724=CARTESIAN_POINT('Ctrl Pts',(27.7741176918037,-57.8827832089861,18.0124742702072));
#7725=CARTESIAN_POINT('Ctrl Pts',(27.4275336315288,-58.1873060931531,18.358727481597));
#7726=CARTESIAN_POINT('Ctrl Pts',(27.4284908222119,-58.1511644527528,18.3007502472368));
#7727=CARTESIAN_POINT('Ctrl Pts',(27.4467769731872,-58.0793703262946,18.1674717961595));
#7728=CARTESIAN_POINT('Ctrl Pts',(27.5377122755067,-58.0162117654443,17.9709003800434));
#7729=CARTESIAN_POINT('Ctrl Pts',(27.6716231289316,-58.0258495856021,17.8604116921595));
#7730=CARTESIAN_POINT('Ctrl Pts',(27.4275336315288,-58.1873060931531,18.358727481597));
#7731=CARTESIAN_POINT('Ctrl Pts',(27.4154568918723,-58.170312724874,18.2825176131337));
#7732=CARTESIAN_POINT('Ctrl Pts',(27.4236529614732,-58.1475616913445,18.0944129982951));
#7733=CARTESIAN_POINT('Ctrl Pts',(27.5382198253968,-58.1736299869875,17.9041335576419));
#7734=CARTESIAN_POINT('Ctrl Pts',(27.6434321523137,-58.2112349891017,17.829032631281));
#7735=CARTESIAN_POINT('Ctrl Pts',(27.6434321523137,-58.2112349891017,17.829032631281));
#7736=CARTESIAN_POINT('Ctrl Pts',(27.5382198253968,-58.1736299869875,17.9041335576419));
#7737=CARTESIAN_POINT('Ctrl Pts',(27.4236529614732,-58.1475616913445,18.0944129982951));
#7738=CARTESIAN_POINT('Ctrl Pts',(27.4154568918723,-58.170312724874,18.2825176131337));
#7739=CARTESIAN_POINT('Ctrl Pts',(27.4275336315288,-58.1873060931531,18.358727481597));
#7740=CARTESIAN_POINT('Ctrl Pts',(27.4275336315288,-58.1873060931531,18.358727481597));
#7741=CARTESIAN_POINT('Ctrl Pts',(27.4549629948245,-58.1160485089046,18.3403356824774));
#7742=CARTESIAN_POINT('Ctrl Pts',(27.5553200942628,-57.965475985207,18.2877385507302));
#7743=CARTESIAN_POINT('Ctrl Pts',(27.7476310842296,-57.8815867643947,18.2139523735363));
#7744=CARTESIAN_POINT('Ctrl Pts',(27.8754595815082,-57.8873609938361,18.1732722482168));
#7745=CARTESIAN_POINT('Ctrl Pts',(22.9029104582323,-58.0123167821892,18.2969286665065));
#7746=CARTESIAN_POINT('Ctrl Pts',(22.9396294588248,-58.0991861882199,18.3033762084765));
#7747=CARTESIAN_POINT('Ctrl Pts',(22.9802384969181,-58.1841282962617,18.309732301234));
#7748=CARTESIAN_POINT('Ctrl Pts',(23.0245284858367,-58.266705758773,18.315964218707));
#7749=CARTESIAN_POINT('Ctrl Pts',(22.9107064006861,-58.0089541333898,18.2175099357618));
#7750=CARTESIAN_POINT('Ctrl Pts',(22.9483271621191,-58.0951402163285,18.2234539221171));
#7751=CARTESIAN_POINT('Ctrl Pts',(22.9897887973796,-58.1793174656522,18.2293338843493));
#7752=CARTESIAN_POINT('Ctrl Pts',(23.0348680994307,-58.2610302927754,18.2351214129119));
#7753=CARTESIAN_POINT('Ctrl Pts',(22.8905607513123,-58.0176436207841,18.0548931955502));
#7754=CARTESIAN_POINT('Ctrl Pts',(22.9299504248101,-58.103818244887,18.059265467139));
#7755=CARTESIAN_POINT('Ctrl Pts',(22.9731750396473,-58.1878216185483,18.0636348896022));
#7756=CARTESIAN_POINT('Ctrl Pts',(23.0199808586948,-58.2692019742243,18.0679396069739));
#7757=CARTESIAN_POINT('Ctrl Pts',(22.7388723792927,-58.0830718515684,17.8189827073055));
#7758=CARTESIAN_POINT('Ctrl Pts',(22.7806843402988,-58.1738611997811,17.8201971232263));
#7759=CARTESIAN_POINT('Ctrl Pts',(22.8265998230654,-58.2623398144674,17.8214108813978));
#7760=CARTESIAN_POINT('Ctrl Pts',(22.8763390746257,-58.3480476732354,17.8226219316507));
#7761=CARTESIAN_POINT('Ctrl Pts',(22.5564091258446,-58.1617743104141,17.743779157));
#7762=CARTESIAN_POINT('Ctrl Pts',(22.5993162775827,-58.2588916155616,17.7437570088169));
#7763=CARTESIAN_POINT('Ctrl Pts',(22.6466713126848,-58.3537503364326,17.7438021472924));
#7764=CARTESIAN_POINT('Ctrl Pts',(22.6982380594826,-58.4458082178049,17.743779157));
#7765=CARTESIAN_POINT('Ctrl Pts',(22.4463995153207,-58.2092251076639,17.743779157));
#7766=CARTESIAN_POINT('Ctrl Pts',(22.4899436572652,-58.3101775546943,17.743779157));
#7767=CARTESIAN_POINT('Ctrl Pts',(22.5381632006475,-58.4088639200258,17.743779157));
#7768=CARTESIAN_POINT('Ctrl Pts',(22.5908098740362,-58.5047760900707,17.743779157));
#7769=CARTESIAN_POINT('Ctrl Pts',(27.3426036950579,-58.3651731152481,18.3701729872286));
#7770=CARTESIAN_POINT('Ctrl Pts',(27.3847225738389,-58.2844470687717,18.3650175582886));
#7771=CARTESIAN_POINT('Ctrl Pts',(27.4230825302227,-58.2011795654519,18.3596440565456));
#7772=CARTESIAN_POINT('Ctrl Pts',(27.4574854816711,-58.1158005807102,18.3540802296035));
#7773=CARTESIAN_POINT('Ctrl Pts',(27.3232649871232,-58.3547162960177,18.2860282287573));
#7774=CARTESIAN_POINT('Ctrl Pts',(27.3659379589072,-58.2751265934484,18.2811284886992));
#7775=CARTESIAN_POINT('Ctrl Pts',(27.4049581105488,-58.192913584277,18.2760418865017));
#7776=CARTESIAN_POINT('Ctrl Pts',(27.4401108682163,-58.1085219379397,18.2707921381127));
#7777=CARTESIAN_POINT('Ctrl Pts',(27.3242756882206,-58.3552628019532,18.1065184502957));
#7778=CARTESIAN_POINT('Ctrl Pts',(27.3684037714991,-58.2764168064424,18.1027465328012));
#7779=CARTESIAN_POINT('Ctrl Pts',(27.4089795898569,-58.1948154119998,18.0988290633376));
#7780=CARTESIAN_POINT('Ctrl Pts',(27.4457594432493,-58.110888261653,18.0948306302516));
#7781=CARTESIAN_POINT('Ctrl Pts',(27.4634254245611,-58.4305037975664,17.8336615507777));
#7782=CARTESIAN_POINT('Ctrl Pts',(27.510650711081,-58.3473473885525,17.8325585859176));
#7783=CARTESIAN_POINT('Ctrl Pts',(27.5540968259375,-58.261295184682,17.8314281485989));
#7784=CARTESIAN_POINT('Ctrl Pts',(27.5934911672979,-58.1727766281493,17.8302727069164));
#7785=CARTESIAN_POINT('Ctrl Pts',(27.6533867347426,-58.5332196091946,17.743779157));
#7786=CARTESIAN_POINT('Ctrl Pts',(27.7029528735179,-58.443171925337,17.7438025197499));
#7787=CARTESIAN_POINT('Ctrl Pts',(27.7482845886825,-58.3501653041418,17.7437554506833));
#7788=CARTESIAN_POINT('Ctrl Pts',(27.7891521860168,-58.2547437270476,17.743779157));
#7789=CARTESIAN_POINT('Ctrl Pts',(27.7681394162996,-58.5952686380803,17.743779157));
#7790=CARTESIAN_POINT('Ctrl Pts',(27.8190967883257,-58.5010287250616,17.743779157));
#7791=CARTESIAN_POINT('Ctrl Pts',(27.8655609958769,-58.4038503686895,17.743779157));
#7792=CARTESIAN_POINT('Ctrl Pts',(27.9072921078103,-58.3042353770293,17.743779157));
#7793=CARTESIAN_POINT('Origin',(25.1640876779449,-56.8921369971651,17.743779157));
#7794=CARTESIAN_POINT('Ctrl Pts',(27.4117883006644,-58.1823143884977,18.2898391782162));
#7795=CARTESIAN_POINT('Ctrl Pts',(27.4619977662507,-58.1981081199185,18.5075529469007));
#7796=CARTESIAN_POINT('Ctrl Pts',(27.5082157235519,-58.2138144145342,18.7264156486638));
#7797=CARTESIAN_POINT('Ctrl Pts',(27.5507663547982,-58.2294145705387,18.9461675251671));
#7798=CARTESIAN_POINT('Ctrl Pts',(27.4514203631352,-58.0916014412994,18.2806415379562));
#7799=CARTESIAN_POINT('Ctrl Pts',(27.5001666615923,-58.1039526664692,18.499329879944));
#7800=CARTESIAN_POINT('Ctrl Pts',(27.5447749929714,-58.1163264838695,18.7191092439023));
#7801=CARTESIAN_POINT('Ctrl Pts',(27.5853561767258,-58.1286518495532,18.9397334848499));
#7802=CARTESIAN_POINT('Ctrl Pts',(27.5845966517688,-57.9355489621468,18.2479950926415));
#7803=CARTESIAN_POINT('Ctrl Pts',(27.6342021061942,-57.9407688902339,18.4685114231073));
#7804=CARTESIAN_POINT('Ctrl Pts',(27.679144897436,-57.9458960120289,18.6901304737576));
#7805=CARTESIAN_POINT('Ctrl Pts',(27.7198133044085,-57.9509682438585,18.9125648797159));
#7806=CARTESIAN_POINT('Ctrl Pts',(27.7793166622134,-57.8830180549765,18.1982084295685));
#7807=CARTESIAN_POINT('Ctrl Pts',(27.8345398029307,-57.8854205242476,18.4202656200297));
#7808=CARTESIAN_POINT('Ctrl Pts',(27.8850134300231,-57.8877705216129,18.6435111721791));
#7809=CARTESIAN_POINT('Ctrl Pts',(27.9310852384037,-57.8898335452432,18.8676757434646));
#7810=CARTESIAN_POINT('Ctrl Pts',(27.8754595842434,-57.8873609939597,18.1732722475037));
#7811=CARTESIAN_POINT('Ctrl Pts',(27.933433244692,-57.8899797626079,18.3960950790681));
#7812=CARTESIAN_POINT('Ctrl Pts',(27.9865826888146,-57.8924321704915,18.6201542030058));
#7813=CARTESIAN_POINT('Ctrl Pts',(28.0353017467449,-57.8947134027477,18.8451794109616));
#7814=CARTESIAN_POINT('',(28.0353017467449,-57.8947134027477,18.8451794109616));
#7815=CARTESIAN_POINT('Origin',(28.0119152564531,-58.3941661753617,18.8451794109616));
#7816=CARTESIAN_POINT('Ctrl Pts',(28.0353017467449,-57.8947134027477,18.8451794109616));
#7817=CARTESIAN_POINT('Ctrl Pts',(27.9865826888146,-57.8924321704915,18.6201542030058));
#7818=CARTESIAN_POINT('Ctrl Pts',(27.933433244692,-57.8899797626079,18.3960950790681));
#7819=CARTESIAN_POINT('Ctrl Pts',(27.8754595842434,-57.8873609939597,18.1732722475037));
#7820=CARTESIAN_POINT('Ctrl Pts',(27.5507663547983,-58.2294145705387,18.9461675251671));
#7821=CARTESIAN_POINT('Ctrl Pts',(27.5946924768498,-58.2455190168561,19.1730230961801));
#7822=CARTESIAN_POINT('Ctrl Pts',(27.6997709988787,-58.1534315519568,19.5340224623797));
#7823=CARTESIAN_POINT('Ctrl Pts',(27.784164365099,-57.7925972489351,19.8418563074112));
#7824=CARTESIAN_POINT('Ctrl Pts',(27.7800853100903,-57.5253769972092,19.8956922906466));
#7825=CARTESIAN_POINT('Ctrl Pts',(27.7673439741321,-57.390074136937,19.8893854147326));
#7826=CARTESIAN_POINT('Ctrl Pts',(27.5853561767258,-58.1286518495532,18.9397334848499));
#7827=CARTESIAN_POINT('Ctrl Pts',(27.6218408710089,-58.1414183113423,19.142839401665));
#7828=CARTESIAN_POINT('Ctrl Pts',(27.7071555937385,-58.0514706511103,19.4626777828962));
#7829=CARTESIAN_POINT('Ctrl Pts',(27.7734358137116,-57.7380641384799,19.7283750357536));
#7830=CARTESIAN_POINT('Ctrl Pts',(27.7729868109516,-57.5071971531274,19.7784959162264));
#7831=CARTESIAN_POINT('Ctrl Pts',(27.7639992267636,-57.3879543535501,19.7750350149932));
#7832=CARTESIAN_POINT('Ctrl Pts',(27.7197344170465,-57.9508485503221,18.9125830783682));
#7833=CARTESIAN_POINT('Ctrl Pts',(27.7451322077437,-57.9560627856579,19.0685309399983));
#7834=CARTESIAN_POINT('Ctrl Pts',(27.8061903404136,-57.868989304901,19.3060044630593));
#7835=CARTESIAN_POINT('Ctrl Pts',(27.8466865644078,-57.6343834502108,19.4941417337037));
#7836=CARTESIAN_POINT('Ctrl Pts',(27.8456588157189,-57.4667394574324,19.5408455320994));
#7837=CARTESIAN_POINT('Ctrl Pts',(27.8387895600699,-57.3761588193692,19.5446729745503));
#7838=CARTESIAN_POINT('Ctrl Pts',(27.9310852384037,-57.8898335452432,18.8676757434646));
#7839=CARTESIAN_POINT('Ctrl Pts',(27.954792831038,-57.891245085608,18.9957129164976));
#7840=CARTESIAN_POINT('Ctrl Pts',(28.0241554352636,-57.8139119192101,19.193886536365));
#7841=CARTESIAN_POINT('Ctrl Pts',(28.0685530709804,-57.5927885749472,19.3633700127656));
#7842=CARTESIAN_POINT('Ctrl Pts',(28.0557497349723,-57.4360429315678,19.4082800832429));
#7843=CARTESIAN_POINT('Ctrl Pts',(28.0418906632813,-57.3546363152208,19.4139590810683));
#7844=CARTESIAN_POINT('Ctrl Pts',(28.0353017467449,-57.8947134027477,18.8451794109616));
#7845=CARTESIAN_POINT('Ctrl Pts',(28.059965140729,-57.8958682471205,18.9672161526941));
#7846=CARTESIAN_POINT('Ctrl Pts',(28.1372525743881,-57.8262413546549,19.1620245922315));
#7847=CARTESIAN_POINT('Ctrl Pts',(28.1890738869914,-57.5934031720147,19.3414426862385));
#7848=CARTESIAN_POINT('Ctrl Pts',(28.1706390825034,-57.4269330485857,19.3843355868887));
#7849=CARTESIAN_POINT('Ctrl Pts',(28.1528992972501,-57.3438476421782,19.3884173024401));
#7850=CARTESIAN_POINT('',(28.1528992972252,-57.3438476421838,19.3884173024458));
#7851=CARTESIAN_POINT('Origin',(28.2650139688392,-57.343847642166,19.8756855041673));
#7852=CARTESIAN_POINT('Ctrl Pts',(28.1528992972501,-57.3438476421782,19.3884173024401));
#7853=CARTESIAN_POINT('Ctrl Pts',(28.1706390825034,-57.4269330485857,19.3843355868887));
#7854=CARTESIAN_POINT('Ctrl Pts',(28.1890738869914,-57.5934031720147,19.3414426862385));
#7855=CARTESIAN_POINT('Ctrl Pts',(28.1372525743881,-57.8262413546549,19.1620245922315));
#7856=CARTESIAN_POINT('Ctrl Pts',(28.059965140729,-57.8958682471205,18.9672161526941));
#7857=CARTESIAN_POINT('Ctrl Pts',(28.0353017467449,-57.8947134027477,18.8451794109616));
#7858=CARTESIAN_POINT('Ctrl Pts',(27.7673439741327,-57.3900741369435,19.8893854147329));
#7859=CARTESIAN_POINT('Ctrl Pts',(27.7421582611028,-57.1226218837219,19.8769186555706));
#7860=CARTESIAN_POINT('Ctrl Pts',(27.6596439533626,-56.7717697857139,19.8732914680625));
#7861=CARTESIAN_POINT('Ctrl Pts',(27.2427882163744,-55.7936736119453,19.909878210936));
#7862=CARTESIAN_POINT('Ctrl Pts',(25.9883156126431,-54.7628942427236,20.1483511254886));
#7863=CARTESIAN_POINT('Ctrl Pts',(24.3496777326622,-55.1911932732467,20.5238631031404));
#7864=CARTESIAN_POINT('Ctrl Pts',(23.3370377928328,-56.1638858667509,20.7875670525455));
#7865=CARTESIAN_POINT('Ctrl Pts',(23.0124221997688,-56.8252986601307,20.8932237448877));
#7866=CARTESIAN_POINT('Ctrl Pts',(22.9064324047348,-57.3518335245609,20.9494689780249));
#7867=CARTESIAN_POINT('Ctrl Pts',(27.7639992267639,-57.3879543535538,19.7750350149932));
#7868=CARTESIAN_POINT('Ctrl Pts',(27.7429200712603,-57.118175519532,19.7654863682735));
#7869=CARTESIAN_POINT('Ctrl Pts',(27.6643554487197,-56.7629725866981,19.7659300826745));
#7870=CARTESIAN_POINT('Ctrl Pts',(27.2538760746504,-55.7695020657289,19.8144016442143));
#7871=CARTESIAN_POINT('Ctrl Pts',(25.9808395964372,-54.7157317155355,20.0666774479227));
#7872=CARTESIAN_POINT('Ctrl Pts',(24.3140589823096,-55.1599396198927,20.4314857027619));
#7873=CARTESIAN_POINT('Ctrl Pts',(23.3000765871028,-56.153154593293,20.676817137867));
#7874=CARTESIAN_POINT('Ctrl Pts',(22.9826673737057,-56.8235605672335,20.7713894568605));
#7875=CARTESIAN_POINT('Ctrl Pts',(22.8856801598575,-57.3519517243456,20.8198642375755));
#7876=CARTESIAN_POINT('Ctrl Pts',(27.8387894156705,-57.3761588303142,19.5446728624067));
#7877=CARTESIAN_POINT('Ctrl Pts',(27.8206153998012,-57.0947430682155,19.5441388684722));
#7878=CARTESIAN_POINT('Ctrl Pts',(27.7426610972042,-56.7232162829548,19.5563047177962));
#7879=CARTESIAN_POINT('Ctrl Pts',(27.3215033313178,-55.681391954878,19.6372657818564));
#7880=CARTESIAN_POINT('Ctrl Pts',(25.9830740751204,-54.5699227702082,19.9239004590031));
#7881=CARTESIAN_POINT('Ctrl Pts',(24.2237707112874,-55.0371297212081,20.2734899958548));
#7882=CARTESIAN_POINT('Ctrl Pts',(23.1617665494087,-56.0791591116619,20.4823763957846));
#7883=CARTESIAN_POINT('Ctrl Pts',(22.8348439786442,-56.7802611036857,20.5511949311622));
#7884=CARTESIAN_POINT('Ctrl Pts',(22.7390533348396,-57.3291892227172,20.578675457083));
#7885=CARTESIAN_POINT('Ctrl Pts',(28.0418906632821,-57.3546363152165,19.4139590810678));
#7886=CARTESIAN_POINT('Ctrl Pts',(28.0171622034095,-57.0530187671001,19.4196785772053));
#7887=CARTESIAN_POINT('Ctrl Pts',(27.927162263589,-56.6560897098298,19.4403351745469));
#7888=CARTESIAN_POINT('Ctrl Pts',(27.459318611466,-55.5458601851316,19.5462962485048));
#7889=CARTESIAN_POINT('Ctrl Pts',(26.0178104398962,-54.3643150928518,19.8657732249034));
#7890=CARTESIAN_POINT('Ctrl Pts',(24.1235591939793,-54.841330812845,20.2267165686873));
#7891=CARTESIAN_POINT('Ctrl Pts',(22.9585434831953,-55.9377099742093,20.4311068661296));
#7892=CARTESIAN_POINT('Ctrl Pts',(22.5879776460468,-56.6830585470307,20.4929740982054));
#7893=CARTESIAN_POINT('Ctrl Pts',(22.469292688194,-57.2741045495208,20.5124602214429));
#7894=CARTESIAN_POINT('Ctrl Pts',(28.1528992972513,-57.3438476421736,19.3884173024398));
#7895=CARTESIAN_POINT('Ctrl Pts',(28.1242758729219,-57.0320841676643,19.3950032150996));
#7896=CARTESIAN_POINT('Ctrl Pts',(28.0275661084496,-56.6224279282865,19.4172549688177));
#7897=CARTESIAN_POINT('Ctrl Pts',(27.5345771071892,-55.4779466881813,19.5292933332929));
#7898=CARTESIAN_POINT('Ctrl Pts',(26.0403949445665,-54.2613953467018,19.8616120376859));
#7899=CARTESIAN_POINT('Ctrl Pts',(24.0794272742026,-54.7432165844297,20.2346776129917));
#7900=CARTESIAN_POINT('Ctrl Pts',(22.8638511145076,-55.8667057409835,20.4471475764398));
#7901=CARTESIAN_POINT('Ctrl Pts',(22.4722710218785,-56.634192287308,20.5119705669732));
#7902=CARTESIAN_POINT('Ctrl Pts',(22.3426859337042,-57.2464363330656,20.5332750695409));
#7903=CARTESIAN_POINT('',(22.3426859337042,-57.2464363330656,20.5332750695409));
#7904=CARTESIAN_POINT('Origin',(22.4237997779403,-57.2464363330656,21.0266517453913));
#7905=CARTESIAN_POINT('Ctrl Pts',(22.3426859337042,-57.2464363330656,20.5332750695409));
#7906=CARTESIAN_POINT('Ctrl Pts',(22.4722710218785,-56.634192287308,20.5119705669732));
#7907=CARTESIAN_POINT('Ctrl Pts',(22.8638511145076,-55.8667057409835,20.4471475764398));
#7908=CARTESIAN_POINT('Ctrl Pts',(24.0794272742026,-54.7432165844297,20.2346776129917));
#7909=CARTESIAN_POINT('Ctrl Pts',(26.0403949445665,-54.2613953467018,19.8616120376859));
#7910=CARTESIAN_POINT('Ctrl Pts',(27.5345771071892,-55.4779466881813,19.5292933332929));
#7911=CARTESIAN_POINT('Ctrl Pts',(28.0275661084496,-56.6224279282865,19.4172549688177));
#7912=CARTESIAN_POINT('Ctrl Pts',(28.1242758729219,-57.0320841676643,19.3950032150996));
#7913=CARTESIAN_POINT('Ctrl Pts',(28.1528992972513,-57.3438476421736,19.3884173024398));
#7914=CARTESIAN_POINT('Ctrl Pts',(22.9064324047348,-57.351833524561,20.9494689780249));
#7915=CARTESIAN_POINT('Ctrl Pts',(22.8795756537794,-57.4852521779208,20.963720955947));
#7916=CARTESIAN_POINT('Ctrl Pts',(22.845719474536,-57.6856319114885,20.9318155932409));
#7917=CARTESIAN_POINT('Ctrl Pts',(22.8213527282557,-57.9638889403033,20.7459552876911));
#7918=CARTESIAN_POINT('Ctrl Pts',(22.8271248256482,-58.1583568198083,20.4470017932287));
#7919=CARTESIAN_POINT('Ctrl Pts',(22.8407494813669,-58.1989505393594,20.1427750860682));
#7920=CARTESIAN_POINT('Ctrl Pts',(22.8425686695133,-58.1894383543627,19.9882926727158));
#7921=CARTESIAN_POINT('Ctrl Pts',(22.8827155534464,-57.3519686100291,20.8013492746542));
#7922=CARTESIAN_POINT('Ctrl Pts',(22.862610806484,-57.4647882734613,20.8094163166463));
#7923=CARTESIAN_POINT('Ctrl Pts',(22.8380237000717,-57.6273215310364,20.7789444494617));
#7924=CARTESIAN_POINT('Ctrl Pts',(22.8147977606922,-57.8518729154912,20.6294618462469));
#7925=CARTESIAN_POINT('Ctrl Pts',(22.8096767474725,-58.0202895229595,20.3860754964897));
#7926=CARTESIAN_POINT('Ctrl Pts',(22.815264853242,-58.0664607095928,20.1229378690003));
#7927=CARTESIAN_POINT('Ctrl Pts',(22.8149703604331,-58.0619808061453,19.9876390708764));
#7928=CARTESIAN_POINT('Ctrl Pts',(22.7197048676606,-57.3255671666665,20.564525403409));
#7929=CARTESIAN_POINT('Ctrl Pts',(22.7005676412046,-57.4067162513259,20.561748376019));
#7930=CARTESIAN_POINT('Ctrl Pts',(22.6791994331452,-57.513613340879,20.5321242493532));
#7931=CARTESIAN_POINT('Ctrl Pts',(22.6610295079999,-57.6646760782879,20.4365362903212));
#7932=CARTESIAN_POINT('Ctrl Pts',(22.6600856342854,-57.8000383728836,20.2806168840175));
#7933=CARTESIAN_POINT('Ctrl Pts',(22.6716299631522,-57.8560541323276,20.0869132312581));
#7934=CARTESIAN_POINT('Ctrl Pts',(22.675082226919,-57.8602599876446,19.9841943652429));
#7935=CARTESIAN_POINT('Ctrl Pts',(22.4512060089812,-57.27015194717,20.5154337711711));
#7936=CARTESIAN_POINT('Ctrl Pts',(22.4214602594755,-57.3473955382196,20.5165576899578));
#7937=CARTESIAN_POINT('Ctrl Pts',(22.3878894095321,-57.4587461231032,20.4918040749084));
#7938=CARTESIAN_POINT('Ctrl Pts',(22.3735517491664,-57.6183834091828,20.3928213714323));
#7939=CARTESIAN_POINT('Ctrl Pts',(22.3977744750535,-57.7467229364071,20.2366348368735));
#7940=CARTESIAN_POINT('Ctrl Pts',(22.4329592721235,-57.7915221891462,20.0660369766704));
#7941=CARTESIAN_POINT('Ctrl Pts',(22.4459066641349,-57.7941567543364,19.9784725735321));
#7942=CARTESIAN_POINT('Ctrl Pts',(22.3426859337042,-57.2464363330656,20.5332750695409));
#7943=CARTESIAN_POINT('Ctrl Pts',(22.308946605527,-57.3279078934365,20.538822001012));
#7944=CARTESIAN_POINT('Ctrl Pts',(22.2704883952235,-57.4521688738878,20.5170163993971));
#7945=CARTESIAN_POINT('Ctrl Pts',(22.2562760434879,-57.6296629030784,20.4061868287799));
#7946=CARTESIAN_POINT('Ctrl Pts',(22.2884776971765,-57.7596479614531,20.2328816400439));
#7947=CARTESIAN_POINT('Ctrl Pts',(22.331901333711,-57.7955064138431,20.0614671161088));
#7948=CARTESIAN_POINT('Ctrl Pts',(22.3481345355739,-57.7953142360289,19.9760228041812));
#7949=CARTESIAN_POINT('',(22.3481345355739,-57.7953142360289,19.9760228041812));
#7950=CARTESIAN_POINT('Origin',(22.3540534032846,-58.2952792018065,19.9760228041812));
#7951=CARTESIAN_POINT('Ctrl Pts',(22.3481345355739,-57.7953142360289,19.9760228041812));
#7952=CARTESIAN_POINT('Ctrl Pts',(22.331901333711,-57.7955064138431,20.0614671161088));
#7953=CARTESIAN_POINT('Ctrl Pts',(22.2884776971765,-57.7596479614531,20.2328816400439));
#7954=CARTESIAN_POINT('Ctrl Pts',(22.2562760434879,-57.6296629030784,20.4061868287799));
#7955=CARTESIAN_POINT('Ctrl Pts',(22.2704883952235,-57.4521688738878,20.5170163993971));
#7956=CARTESIAN_POINT('Ctrl Pts',(22.308946605527,-57.3279078934365,20.538822001012));
#7957=CARTESIAN_POINT('Ctrl Pts',(22.3426859337042,-57.2464363330656,20.5332750695409));
#7958=CARTESIAN_POINT('Ctrl Pts',(22.8425686695133,-58.1894383543627,19.9882926727158));
#7959=CARTESIAN_POINT('Ctrl Pts',(22.8494930968782,-58.1532318552049,19.4002818875064));
#7960=CARTESIAN_POINT('Ctrl Pts',(22.8807050779878,-58.1168804075683,18.8132970635271));
#7961=CARTESIAN_POINT('Ctrl Pts',(22.9421745289078,-58.0806868136648,18.2309956040983));
#7962=CARTESIAN_POINT('Ctrl Pts',(22.8184201490681,-58.0779129996724,19.9877207711063));
#7963=CARTESIAN_POINT('Ctrl Pts',(22.8183056029449,-58.0495242166369,19.3988005101501));
#7964=CARTESIAN_POINT('Ctrl Pts',(22.8442860093267,-58.0217080235072,18.8101761085677));
#7965=CARTESIAN_POINT('Ctrl Pts',(22.9020091655157,-57.9946706543846,18.2257159787874));
#7966=CARTESIAN_POINT('Ctrl Pts',(22.6907286138264,-57.8726490281457,19.9845826703238));
#7967=CARTESIAN_POINT('Ctrl Pts',(22.6872831638264,-57.8635553831472,19.391437144656));
#7968=CARTESIAN_POINT('Ctrl Pts',(22.7120156192036,-57.8549848852393,18.7980413758439));
#7969=CARTESIAN_POINT('Ctrl Pts',(22.7717454120559,-57.8466139124724,18.2084103216433));
#7970=CARTESIAN_POINT('Ctrl Pts',(22.4622020188951,-57.793963840721,19.9788808684239));
#7971=CARTESIAN_POINT('Ctrl Pts',(22.4711287353962,-57.7940079202678,19.3785857955416));
#7972=CARTESIAN_POINT('Ctrl Pts',(22.509104006092,-57.7933807113476,18.7787229824416));
#7973=CARTESIAN_POINT('Ctrl Pts',(22.5829344738249,-57.7927729211999,18.1831020754887));
#7974=CARTESIAN_POINT('Ctrl Pts',(22.3481345355739,-57.7953142360289,19.9760228041812));
#7975=CARTESIAN_POINT('Ctrl Pts',(22.3633416494202,-57.7951342056242,19.3721383145929));
#7976=CARTESIAN_POINT('Ctrl Pts',(22.4078153141038,-57.7945923333872,18.7690475843818));
#7977=CARTESIAN_POINT('Ctrl Pts',(22.488708940747,-57.793751883659,18.1704331739638));
#7978=CARTESIAN_POINT('Ctrl Pts',(22.488708940747,-57.793751883659,18.1704331739638));
#7979=CARTESIAN_POINT('Ctrl Pts',(22.4078153141038,-57.7945923333872,18.7690475843818));
#7980=CARTESIAN_POINT('Ctrl Pts',(22.3633416494202,-57.7951342056242,19.3721383145929));
#7981=CARTESIAN_POINT('Ctrl Pts',(22.3481345355739,-57.7953142360289,19.9760228041812));
#7982=CARTESIAN_POINT('Origin',(23.4967842251209,-154.821406183566,15.));
#7983=CARTESIAN_POINT('',(8.14229890344301,-59.0110638648601,21.2201327351976));
#7984=CARTESIAN_POINT('Ctrl Pts',(8.14229890344301,-59.0110638648601,21.2201327351976));
#7985=CARTESIAN_POINT('Ctrl Pts',(3.74316454975775,-59.7160654568288,20.7927989916928));
#7986=CARTESIAN_POINT('Ctrl Pts',(-0.578085096320827,-60.7251454818282,
19.9830382296032));
#7987=CARTESIAN_POINT('Ctrl Pts',(-4.67432887451115,-61.9679178191057,18.6498561177433));
#7988=CARTESIAN_POINT('Ctrl Pts',(22.3481345355739,-57.7953142360289,19.9760228041811));
#7989=CARTESIAN_POINT('Ctrl Pts',(17.632941100372,-57.8511353596749,20.7602923988624));
#7990=CARTESIAN_POINT('Ctrl Pts',(12.8621511526966,-58.2593493727276,21.1689344304339));
#7991=CARTESIAN_POINT('Ctrl Pts',(8.14273841129237,-59.0139896495606,21.2172126131155));
#7992=CARTESIAN_POINT('Origin',(23.4967842251209,-154.821406183566,18.158779157));
#7993=CARTESIAN_POINT('Origin',(23.4967842251209,-154.821406183566,18.158779157));
#7994=CARTESIAN_POINT('Origin',(23.4967842251209,-154.821406183566,18.158779157));
#7995=CARTESIAN_POINT('',(29.8594276609954,-57.9973457273491,18.158779157));
#7996=CARTESIAN_POINT('Origin',(23.4967842251209,-154.821406183566,18.158779157));
#7997=CARTESIAN_POINT('',(29.8322152693864,-58.411452580399,17.743779157));
#7998=CARTESIAN_POINT('Origin',(29.8322152693864,-58.411452580399,18.158779157));
#7999=CARTESIAN_POINT('Origin',(23.4967842251209,-154.821406183566,17.743779157));
#8000=CARTESIAN_POINT('Origin',(29.9249996889689,-56.9994978886746,18.158779157));
#8001=CARTESIAN_POINT('',(30.9079375452704,-57.1834358419344,18.158779157));
#8002=CARTESIAN_POINT('',(31.3158567556355,-57.2597700925372,17.743779157));
#8003=CARTESIAN_POINT('Origin',(31.3158567556355,-57.2597700925372,18.158779157));
#8004=CARTESIAN_POINT('Origin',(29.9249996889689,-56.9994978886746,17.743779157));
#8005=CARTESIAN_POINT('Origin',(29.9249996889689,-56.9994978886746,18.158779157));
#8006=CARTESIAN_POINT('Origin',(31.3027353683137,-57.3298888912804,18.158779157));
#8007=CARTESIAN_POINT('',(31.3838631101382,-54.6401583605903,18.158779157));
#8008=CARTESIAN_POINT('',(31.7917823205033,-54.7164926111931,17.743779157));
#8009=CARTESIAN_POINT('Origin',(31.7917823205033,-54.7164926111931,18.158779157));
#8010=CARTESIAN_POINT('',(31.3027353683137,-57.3298888912804,17.743779157));
#8011=CARTESIAN_POINT('',(30.8948161579486,-57.2535546406776,18.158779157));
#8012=CARTESIAN_POINT('Ctrl Pts',(33.0639200883075,-47.5323872175967,17.743779157));
#8013=CARTESIAN_POINT('Ctrl Pts',(32.6664705608692,-49.9316794855824,17.743779157));
#8014=CARTESIAN_POINT('Ctrl Pts',(32.2391171923461,-52.3259996640577,17.743779157));
#8015=CARTESIAN_POINT('Ctrl Pts',(31.7917823205033,-54.7164926111931,17.743779157));
#8016=CARTESIAN_POINT('Ctrl Pts',(32.9830360046373,-47.5189885411366,17.743779157));
#8017=CARTESIAN_POINT('Ctrl Pts',(32.5761779829232,-49.9159969569734,17.7436466511152));
#8018=CARTESIAN_POINT('Ctrl Pts',(32.1405596541523,-52.3082085308384,17.7440535323653));
#8019=CARTESIAN_POINT('Ctrl Pts',(31.6849893209582,-54.6965083511172,17.743779157));
#8020=CARTESIAN_POINT('Ctrl Pts',(32.8214895753701,-47.4922279197532,17.7938812680191));
#8021=CARTESIAN_POINT('Ctrl Pts',(32.3960798334983,-49.8847165454356,17.8060621110028));
#8022=CARTESIAN_POINT('Ctrl Pts',(31.943655299955,-52.2726542624093,17.8190472901848));
#8023=CARTESIAN_POINT('Ctrl Pts',(31.4723634511687,-54.6567195007352,17.8338157147164));
#8024=CARTESIAN_POINT('Ctrl Pts',(32.7149498310734,-47.4745793107908,17.9267775083018));
#8025=CARTESIAN_POINT('Ctrl Pts',(32.2895864568925,-49.8661178649869,17.967050053426));
#8026=CARTESIAN_POINT('Ctrl Pts',(31.8440350407093,-52.2545587943605,18.0080303145317));
#8027=CARTESIAN_POINT('Ctrl Pts',(31.3838631101381,-54.6401583605903,18.0501324110634));
#8028=CARTESIAN_POINT('Ctrl Pts',(32.6845392174221,-47.4695417069165,18.002748401719));
#8029=CARTESIAN_POINT('Ctrl Pts',(32.2662117315654,-49.8619753604678,18.0562745873656));
#8030=CARTESIAN_POINT('Ctrl Pts',(31.8307485245851,-52.2520672488634,18.1082849259594));
#8031=CARTESIAN_POINT('Ctrl Pts',(31.3838631101381,-54.6401583605903,18.158779157));
#8032=CARTESIAN_POINT('',(33.0222561463052,-47.783196777543,17.743779157));
#8033=CARTESIAN_POINT('',(32.6845392174221,-47.4695417069166,18.002748401719));
#8034=CARTESIAN_POINT('Ctrl Pts',(33.0222561463055,-47.783196777545,17.743779157));
#8035=CARTESIAN_POINT('Ctrl Pts',(33.007509836383,-47.7611622515204,17.743779157));
#8036=CARTESIAN_POINT('Ctrl Pts',(32.9919003588184,-47.739739150821,17.7449693995324));
#8037=CARTESIAN_POINT('Ctrl Pts',(32.9322330604173,-47.664293582617,17.7547790499561));
#8038=CARTESIAN_POINT('Ctrl Pts',(32.8879725371961,-47.6199742827253,17.7717401568929));
#8039=CARTESIAN_POINT('Ctrl Pts',(32.8122199073362,-47.5542867003235,17.8206983275768));
#8040=CARTESIAN_POINT('Ctrl Pts',(32.7794831842698,-47.5299802405377,17.8496456597282));
#8041=CARTESIAN_POINT('Ctrl Pts',(32.7235427345754,-47.4922156527021,17.9198999654256));
#8042=CARTESIAN_POINT('Ctrl Pts',(32.7008572914824,-47.4787968883774,17.9593440629953));
#8043=CARTESIAN_POINT('Ctrl Pts',(32.6845392174221,-47.4695417069165,18.002748401719));
#8044=CARTESIAN_POINT('Ctrl Pts',(33.0222611262146,-47.783197607095,17.743779157));
#8045=CARTESIAN_POINT('Ctrl Pts',(32.6366618506885,-50.0985472773573,17.743779157));
#8046=CARTESIAN_POINT('Ctrl Pts',(32.2235286628844,-52.4093025140697,17.743779157));
#8047=CARTESIAN_POINT('Ctrl Pts',(31.7917823205033,-54.7164926111931,17.743779157));
#8048=CARTESIAN_POINT('Ctrl Pts',(31.3838631101381,-54.6401583605903,18.158779157));
#8049=CARTESIAN_POINT('Ctrl Pts',(31.8307485245851,-52.2520672488634,18.1082849259594));
#8050=CARTESIAN_POINT('Ctrl Pts',(32.2662117315654,-49.8619753604678,18.0562745873656));
#8051=CARTESIAN_POINT('Ctrl Pts',(32.6845392174221,-47.4695417069165,18.002748401719));
#8052=CARTESIAN_POINT('Ctrl Pts',(32.3413062169124,-47.3239833470007,18.3224466795568));
#8053=CARTESIAN_POINT('Ctrl Pts',(31.7307086390084,-50.5677779585073,18.4929317563194));
#8054=CARTESIAN_POINT('Ctrl Pts',(31.1183810082718,-53.8207634614607,18.657220588662));
#8055=CARTESIAN_POINT('Ctrl Pts',(30.5044494215037,-57.0822699676415,18.815279344539));
#8056=CARTESIAN_POINT('Ctrl Pts',(32.4542604633826,-47.3467683887048,18.2909087008995));
#8057=CARTESIAN_POINT('Ctrl Pts',(31.8444614286216,-50.5906380447304,18.4620066730714));
#8058=CARTESIAN_POINT('Ctrl Pts',(31.2329222591294,-53.84369842137,18.6268869456808));
#8059=CARTESIAN_POINT('Ctrl Pts',(30.6197794102392,-57.105282250967,18.7855872502931));
#8060=CARTESIAN_POINT('Ctrl Pts',(32.6578476537928,-47.3922256456888,18.1500477135647));
#8061=CARTESIAN_POINT('Ctrl Pts',(32.0499198966077,-50.6362411055735,18.3213634585602));
#8062=CARTESIAN_POINT('Ctrl Pts',(31.440268560867,-53.889451593515,18.4865234231029));
#8063=CARTESIAN_POINT('Ctrl Pts',(30.8290096029469,-57.1511855037424,18.645483586484));
#8064=CARTESIAN_POINT('Ctrl Pts',(32.7351406569286,-47.4191263137966,17.9120181570257));
#8065=CARTESIAN_POINT('Ctrl Pts',(32.128114085269,-50.6630491703237,18.0821211143788));
#8066=CARTESIAN_POINT('Ctrl Pts',(31.5193339621105,-53.9161582356786,18.2460568253563));
#8067=CARTESIAN_POINT('Ctrl Pts',(30.9089928880799,-57.1777962423824,18.4038061952019));
#8068=CARTESIAN_POINT('Ctrl Pts',(32.7340135853945,-47.4251492212936,17.7927079801173));
#8069=CARTESIAN_POINT('Ctrl Pts',(32.1269996853696,-50.6689438328002,17.9621924574337));
#8070=CARTESIAN_POINT('Ctrl Pts',(31.5182658864208,-53.9219293357536,18.1255170569074));
#8071=CARTESIAN_POINT('Ctrl Pts',(30.9079375452704,-57.1834358419343,18.2826481450577));
#8072=CARTESIAN_POINT('',(30.9079375452704,-57.1834358419343,18.2826481450577));
#8073=CARTESIAN_POINT('Origin',(7.68084485273217,-181.305664532136,-71.9359910794505));
#8074=CARTESIAN_POINT('',(30.5044494215037,-57.0822699676414,18.815279344539));
#8075=CARTESIAN_POINT('Origin',(30.3673217243046,-57.0822699676415,18.2826481450577));
#8076=CARTESIAN_POINT('',(32.3413062169124,-47.3239833470007,18.3224466795568));
#8077=CARTESIAN_POINT('Origin',(7.14022903176634,-181.204498657843,-71.9359910794505));
#8078=CARTESIAN_POINT('',(32.5579329359865,-47.4090512201311,18.197391245549));
#8079=CARTESIAN_POINT('Ctrl Pts',(32.5577973854602,-47.4090391348455,18.1971370561889));
#8080=CARTESIAN_POINT('Ctrl Pts',(32.5380359817746,-47.401255603616,18.216229958254));
#8081=CARTESIAN_POINT('Ctrl Pts',(32.5169333299072,-47.3929488021922,18.233647006623));
#8082=CARTESIAN_POINT('Ctrl Pts',(32.4947070073672,-47.3842038450587,18.2492688792988));
#8083=CARTESIAN_POINT('Ctrl Pts',(32.4830782699949,-47.3796285128302,18.2574421906636));
#8084=CARTESIAN_POINT('Ctrl Pts',(32.4711412622946,-47.3749331441568,18.2651235354397));
#8085=CARTESIAN_POINT('Ctrl Pts',(32.4589235274361,-47.3701294795486,18.2722914967899));
#8086=CARTESIAN_POINT('Ctrl Pts',(32.4354626065855,-47.3609053151293,18.2860556663226));
#8087=CARTESIAN_POINT('Ctrl Pts',(32.4110783301513,-47.3513254515071,18.2978648430012));
#8088=CARTESIAN_POINT('Ctrl Pts',(32.3859725465379,-47.3414795158384,18.3075880199837));
#8089=CARTESIAN_POINT('Ctrl Pts',(32.3713180628981,-47.3357323499502,18.3132635304642));
#8090=CARTESIAN_POINT('Ctrl Pts',(32.3564171277143,-47.3298944517351,18.3182275590079));
#8091=CARTESIAN_POINT('Ctrl Pts',(32.3413062169124,-47.3239833470007,18.3224466795568));
#8092=CARTESIAN_POINT('Ctrl Pts',(32.6842028402929,-47.4694825527046,18.0026758096142));
#8093=CARTESIAN_POINT('Ctrl Pts',(32.6744668563811,-47.4639542554758,18.0286068741583));
#8094=CARTESIAN_POINT('Ctrl Pts',(32.6629255701248,-47.4575992714752,18.0536223008639));
#8095=CARTESIAN_POINT('Ctrl Pts',(32.649617771595,-47.450713445306,18.0775108255276));
#8096=CARTESIAN_POINT('Ctrl Pts',(32.6447637967002,-47.4482018632979,18.0862240848043));
#8097=CARTESIAN_POINT('Ctrl Pts',(32.6396743400552,-47.4456195801301,18.0947872535776));
#8098=CARTESIAN_POINT('Ctrl Pts',(32.634349747484,-47.4429807054315,18.1031893179139));
#8099=CARTESIAN_POINT('Ctrl Pts',(32.6289441366261,-47.4403016779693,18.1117192269347));
#8100=CARTESIAN_POINT('Ctrl Pts',(32.6233017157256,-47.4375678857632,18.1200741671651));
#8101=CARTESIAN_POINT('Ctrl Pts',(32.6174234656837,-47.4347954592882,18.1282430371883));
#8102=CARTESIAN_POINT('Ctrl Pts',(32.6013867411223,-47.4272318749851,18.1505289075758));
#8103=CARTESIAN_POINT('Ctrl Pts',(32.5835975169668,-47.4193811141329,18.1714325457253));
#8104=CARTESIAN_POINT('Ctrl Pts',(32.5642102272848,-47.4115905095595,18.1908316965276));
#8105=CARTESIAN_POINT('Ctrl Pts',(32.5620916718921,-47.4107391875026,18.1929515480499));
#8106=CARTESIAN_POINT('Ctrl Pts',(32.5599539988245,-47.4098885791941,18.1950533972646));
#8107=CARTESIAN_POINT('Ctrl Pts',(32.5577973854602,-47.4090391348455,18.1971370561889));
#8108=CARTESIAN_POINT('Origin',(30.9079375452704,-57.1834358419344,15.));
#8109=CARTESIAN_POINT('',(30.9079375452704,-57.1834358419344,15.));
#8110=CARTESIAN_POINT('Origin',(29.9249996889689,-56.9994978886746,15.));
#8111=CARTESIAN_POINT('',(29.8594276609954,-57.9973457273491,18.4028084096839));
#8112=CARTESIAN_POINT('',(29.8594276609954,-57.9973457273491,15.));
#8113=CARTESIAN_POINT('Ctrl Pts',(30.9079375452704,-57.1834358419343,18.2826481450577));
#8114=CARTESIAN_POINT('Ctrl Pts',(30.8691310872501,-57.3908119488288,18.287144029083));
#8115=CARTESIAN_POINT('Ctrl Pts',(30.6199192232241,-57.8413952783535,18.3160437018878));
#8116=CARTESIAN_POINT('Ctrl Pts',(30.1319610996595,-58.0152548409145,18.3719168483761));
#8117=CARTESIAN_POINT('Ctrl Pts',(29.8594276609954,-57.9973457273491,18.4028084096839));
#8118=CARTESIAN_POINT('Origin',(23.4967842251209,-154.821406183566,15.));
#8119=CARTESIAN_POINT('Ctrl Pts',(29.8594276609954,-57.9973457273491,18.4028084096839));
#8120=CARTESIAN_POINT('Ctrl Pts',(29.2532026975622,-57.9575085911447,18.5563747641255));
#8121=CARTESIAN_POINT('Ctrl Pts',(28.6450916801363,-57.9232663726025,18.7038548924336));
#8122=CARTESIAN_POINT('Ctrl Pts',(28.0353017456949,-57.8947134033912,18.8451794104654));
#8123=CARTESIAN_POINT('Origin',(29.9249996889689,-56.9994978886746,17.155779157));
#8124=CARTESIAN_POINT('',(31.6077892989571,-57.3143996646553,17.743779157));
#8125=CARTESIAN_POINT('',(32.1857567584624,-57.4225551811721,17.155779157));
#8126=CARTESIAN_POINT('Origin',(31.6077892989571,-57.3143996646553,17.155779157));
#8127=CARTESIAN_POINT('Origin',(29.9249996889689,-56.9994978886746,17.155779157));
#8128=CARTESIAN_POINT('Origin',(29.9249996889689,-56.9994978886746,17.743779157));
#8129=CARTESIAN_POINT('Origin',(32.5014869109778,-52.5386087015981,17.155779157));
#8130=CARTESIAN_POINT('',(33.4214272976422,-47.6225801410544,17.743779157));
#8131=CARTESIAN_POINT('',(33.9993947571475,-47.7307356575712,17.155779157));
#8132=CARTESIAN_POINT('Origin',(33.4214272976422,-47.6225801410544,17.155779157));
#8133=CARTESIAN_POINT('',(33.0794543704831,-52.6467642181149,17.155779157));
#8134=CARTESIAN_POINT('',(32.5014869109778,-52.5386087015981,17.743779157));
#8135=CARTESIAN_POINT('Origin',(32.7215755439555,-47.4916163183334,17.155779157));
#8136=CARTESIAN_POINT('',(33.0992079968445,-46.8880123666192,17.743779157));
#8137=CARTESIAN_POINT('',(33.4110730000731,-46.3895304514395,17.155779157));
#8138=CARTESIAN_POINT('Origin',(33.0992079968445,-46.8880123666192,17.155779157));
#8139=CARTESIAN_POINT('Origin',(32.7215755439555,-47.4916163183334,17.155779157));
#8140=CARTESIAN_POINT('Origin',(32.7215755439555,-47.4916163183334,17.743779157));
#8141=CARTESIAN_POINT('Origin',(32.1911928854035,-48.3393746774827,17.155779157));
#8142=CARTESIAN_POINT('',(32.8190518520016,-46.7466609184969,17.743779157));
#8143=CARTESIAN_POINT('',(33.0346950017444,-46.1996307255742,17.155779157));
#8144=CARTESIAN_POINT('Origin',(32.8190518520016,-46.7466609184969,17.155779157));
#8145=CARTESIAN_POINT('Origin',(32.1911928854035,-48.3393746774827,17.155779157));
#8146=CARTESIAN_POINT('Origin',(32.1911928854035,-48.3393746774827,17.743779157));
#8147=CARTESIAN_POINT('Origin',(-5.55111512312578E-16,-130.,17.155779157));
#8148=CARTESIAN_POINT('',(30.2073798841858,-45.139484064019,17.155779157));
#8149=CARTESIAN_POINT('',(28.9072576228947,-44.8429580778815,17.5445830326135));
#8150=CARTESIAN_POINT('Ctrl Pts',(28.9072576228947,-44.8429580778815,17.5445830326135));
#8151=CARTESIAN_POINT('Ctrl Pts',(28.9685996681922,-44.8637811391147,17.5445830325107));
#8152=CARTESIAN_POINT('Ctrl Pts',(29.0303386719538,-44.882514011053,17.5421556931284));
#8153=CARTESIAN_POINT('Ctrl Pts',(29.1989316081019,-44.9280259375456,17.5286927091361));
#8154=CARTESIAN_POINT('Ctrl Pts',(29.3047883015293,-44.9506069050486,17.5130720597838));
#8155=CARTESIAN_POINT('Ctrl Pts',(29.5471991317231,-44.9958819131965,17.4603305500175));
#8156=CARTESIAN_POINT('Ctrl Pts',(29.6818763277049,-45.0164961312051,17.41851893893));
#8157=CARTESIAN_POINT('Ctrl Pts',(29.9597124197208,-45.0678807753768,17.3042604883882));
#8158=CARTESIAN_POINT('Ctrl Pts',(30.0914262052061,-45.098208604033,17.2326719347168));
#8159=CARTESIAN_POINT('Ctrl Pts',(30.2073798841858,-45.139484064019,17.155779157));
#8160=CARTESIAN_POINT('Origin',(-5.55111512312578E-16,-130.,17.155779157));
#8161=CARTESIAN_POINT('',(24.6137052327284,-43.9629489847515,17.743779157));
#8162=CARTESIAN_POINT('Origin',(-5.55111512312578E-16,-130.,17.743779157));
#8163=CARTESIAN_POINT('',(25.3541471763035,-43.7183765036599,17.5445830326135));
#8164=CARTESIAN_POINT('Ctrl Pts',(24.6137052327284,-43.9629489847515,17.743779157));
#8165=CARTESIAN_POINT('Ctrl Pts',(24.614865803234,-43.9518940397893,17.743779157));
#8166=CARTESIAN_POINT('Ctrl Pts',(24.6165292052864,-43.9408590260632,17.7434732582386));
#8167=CARTESIAN_POINT('Ctrl Pts',(24.6262996625821,-43.8920652163271,17.7406701787058));
#8168=CARTESIAN_POINT('Ctrl Pts',(24.6399121623221,-43.8563050591802,17.7346775702236));
#8169=CARTESIAN_POINT('Ctrl Pts',(24.6803725293553,-43.7905252245544,17.7155775208234));
#8170=CARTESIAN_POINT('Ctrl Pts',(24.7067012107928,-43.762378691409,17.7027412257829));
#8171=CARTESIAN_POINT('Ctrl Pts',(24.7744492473897,-43.7126961584426,17.6717079118237));
#8172=CARTESIAN_POINT('Ctrl Pts',(24.8187206875725,-43.6925630073713,17.6524646838859));
#8173=CARTESIAN_POINT('Ctrl Pts',(24.9333281798532,-43.6646043859487,17.6103774665981));
#8174=CARTESIAN_POINT('Ctrl Pts',(25.0052885743088,-43.660527518568,17.5883882277052));
#8175=CARTESIAN_POINT('Ctrl Pts',(25.134576767098,-43.6705361993922,17.5619930512698));
#8176=CARTESIAN_POINT('Ctrl Pts',(25.1848492009038,-43.6781142102903,17.5545523559302));
#8177=CARTESIAN_POINT('Ctrl Pts',(25.2746612567125,-43.6966964775859,17.5463991829857));
#8178=CARTESIAN_POINT('Ctrl Pts',(25.3145641308951,-43.7067448917557,17.5445830326135));
#8179=CARTESIAN_POINT('Ctrl Pts',(25.3541471763035,-43.7183765036599,17.5445830326135));
#8180=CARTESIAN_POINT('Origin',(-5.55111512312578E-16,-130.,17.5445830326135));
#8181=CARTESIAN_POINT('Origin',(7.62172784991711,-52.97101708291,17.743779157));
#8182=CARTESIAN_POINT('',(32.5579329359865,-47.4090512201311,17.743779157));
#8183=CARTESIAN_POINT('Origin',(32.1911928854035,-48.3393746774827,17.743779157));
#8184=CARTESIAN_POINT('',(24.5382169416081,-44.6820081884853,17.743779157));
#8185=CARTESIAN_POINT('Origin',(-5.55111512312578E-16,-130.,17.743779157));
#8186=CARTESIAN_POINT('',(24.5436717525062,-44.6300487134095,17.743779157));
#8187=CARTESIAN_POINT('Ctrl Pts',(30.5044494215037,-57.0822699676415,18.815279344539));
#8188=CARTESIAN_POINT('Ctrl Pts',(30.4868834181997,-57.1755892157439,18.8198017712845));
#8189=CARTESIAN_POINT('Ctrl Pts',(30.374075997729,-57.3783517140301,18.8488720614642));
#8190=CARTESIAN_POINT('Ctrl Pts',(30.1531984827994,-57.4565885171825,18.9050750708421));
#8191=CARTESIAN_POINT('Ctrl Pts',(30.0298343952675,-57.4485294160781,18.9361490092008));
#8192=CARTESIAN_POINT('Ctrl Pts',(30.6197794102392,-57.105282250967,18.7855872502931));
#8193=CARTESIAN_POINT('Ctrl Pts',(30.5982657910938,-57.2246875016627,18.791168385711));
#8194=CARTESIAN_POINT('Ctrl Pts',(30.4604722507146,-57.4857418839617,18.8267285608235));
#8195=CARTESIAN_POINT('Ctrl Pts',(30.1819290000506,-57.598062347814,18.897639791846));
#8196=CARTESIAN_POINT('Ctrl Pts',(30.0208643306474,-57.5936928946333,18.938408461207));
#8197=CARTESIAN_POINT('Ctrl Pts',(30.829151095007,-57.1512066240742,18.6455947835426));
#8198=CARTESIAN_POINT('Ctrl Pts',(30.7994139974827,-57.3225528863611,18.6519415465431));
#8199=CARTESIAN_POINT('Ctrl Pts',(30.6095054718197,-57.7000250815469,18.69262938457));
#8200=CARTESIAN_POINT('Ctrl Pts',(30.2116075767949,-57.8801771217863,18.775852947052));
#8201=CARTESIAN_POINT('Ctrl Pts',(29.9732319352125,-57.8826551445458,18.8246925110336));
#8202=CARTESIAN_POINT('Ctrl Pts',(30.9089928880799,-57.1777962423823,18.4038061952019));
#8203=CARTESIAN_POINT('Ctrl Pts',(30.8725680835106,-57.3791295277452,18.4089318931856));
#8204=CARTESIAN_POINT('Ctrl Pts',(30.6395093464067,-57.8191797533696,18.4417535673957));
#8205=CARTESIAN_POINT('Ctrl Pts',(30.1676121721148,-58.0076684223639,18.5068162511606));
#8206=CARTESIAN_POINT('Ctrl Pts',(29.8948087496696,-57.9996707408896,18.5438785183716));
#8207=CARTESIAN_POINT('Ctrl Pts',(30.9079375452704,-57.1834358419343,18.2826481450577));
#8208=CARTESIAN_POINT('Ctrl Pts',(30.8691310872501,-57.3908119488288,18.287144029083));
#8209=CARTESIAN_POINT('Ctrl Pts',(30.6199192232241,-57.8413952783535,18.3160437018878));
#8210=CARTESIAN_POINT('Ctrl Pts',(30.1319610996595,-58.0152548409145,18.3719168483761));
#8211=CARTESIAN_POINT('Ctrl Pts',(29.8594276609954,-57.9973457273491,18.4028084096839));
#8212=CARTESIAN_POINT('',(30.0298343952675,-57.4485294160781,18.9361490092008));
#8213=CARTESIAN_POINT('Origin',(29.8954922763808,-57.4485294160781,18.4028084096839));
#8214=CARTESIAN_POINT('Ctrl Pts',(30.0298343952675,-57.4485294160781,18.9361490092008));
#8215=CARTESIAN_POINT('Ctrl Pts',(30.1531984827994,-57.4565885171825,18.9050750708421));
#8216=CARTESIAN_POINT('Ctrl Pts',(30.374075997729,-57.3783517140301,18.8488720614642));
#8217=CARTESIAN_POINT('Ctrl Pts',(30.4868834181997,-57.1755892157439,18.8198017712845));
#8218=CARTESIAN_POINT('Ctrl Pts',(30.5044494215037,-57.0822699676415,18.815279344539));
#8219=CARTESIAN_POINT('Ctrl Pts',(30.0298343952675,-57.4485294160781,18.9361490092008));
#8220=CARTESIAN_POINT('Ctrl Pts',(29.4060896083213,-57.4077815582377,19.0932628617722));
#8221=CARTESIAN_POINT('Ctrl Pts',(28.7803710847656,-57.3728543617655,19.2440434378233));
#8222=CARTESIAN_POINT('Ctrl Pts',(28.1528992972249,-57.3438476421905,19.3884173024459));
#8223=CARTESIAN_POINT('Ctrl Pts',(30.0208643306474,-57.5936928946333,18.938408461207));
#8224=CARTESIAN_POINT('Ctrl Pts',(29.3979615320303,-57.5528174583483,19.095238301303));
#8225=CARTESIAN_POINT('Ctrl Pts',(28.7731169779407,-57.5177710339536,19.2457643311317));
#8226=CARTESIAN_POINT('Ctrl Pts',(28.1465047016792,-57.4886434852101,19.3898886235315));
#8227=CARTESIAN_POINT('Ctrl Pts',(29.9732319653161,-57.8826553126552,18.8246926744027));
#8228=CARTESIAN_POINT('Ctrl Pts',(29.352918794881,-57.8415409418942,18.9810805170276));
#8229=CARTESIAN_POINT('Ctrl Pts',(28.7306482275154,-57.8062494924285,19.1311698835366));
#8230=CARTESIAN_POINT('Ctrl Pts',(28.1066428479961,-57.7768944771043,19.2748982120544));
#8231=CARTESIAN_POINT('Ctrl Pts',(29.8948087496696,-57.9996707408896,18.5438785183716));
#8232=CARTESIAN_POINT('Ctrl Pts',(29.2772455464053,-57.9588556648035,18.7001314941649));
#8233=CARTESIAN_POINT('Ctrl Pts',(28.6577108552514,-57.9238646101212,18.8500933174289));
#8234=CARTESIAN_POINT('Ctrl Pts',(28.0364577306455,-57.8947620999008,18.9936835800781));
#8235=CARTESIAN_POINT('Ctrl Pts',(29.8594276609954,-57.9973457273491,18.4028084096839));
#8236=CARTESIAN_POINT('Ctrl Pts',(29.2428386528096,-57.9568275339674,18.559000140291));
#8237=CARTESIAN_POINT('Ctrl Pts',(28.6242985512857,-57.9220971953447,18.7088957652146));
#8238=CARTESIAN_POINT('Ctrl Pts',(28.0040252997232,-57.8932539644266,18.8524222805458));
#8239=CARTESIAN_POINT('Ctrl Pts',(28.1528992972249,-57.3438476421905,19.3884173024459));
#8240=CARTESIAN_POINT('Ctrl Pts',(28.7803710847656,-57.3728543617655,19.2440434378233));
#8241=CARTESIAN_POINT('Ctrl Pts',(29.4060896083213,-57.4077815582377,19.0932628617722));
#8242=CARTESIAN_POINT('Ctrl Pts',(30.0298343952675,-57.4485294160781,18.9361490092008));
#8243=CARTESIAN_POINT('Origin',(32.1911928854035,-48.3393746774827,15.));
#8244=CARTESIAN_POINT('',(32.5579329359865,-47.4090512201311,15.));
#8245=CARTESIAN_POINT('Origin',(-5.55111512312578E-16,-130.,15.));
#8246=CARTESIAN_POINT('',(17.1521844761472,-42.8961172787382,21.2382576493051));
#8247=CARTESIAN_POINT('Ctrl Pts',(32.3413062169124,-47.3239833470007,18.3224466795568));
#8248=CARTESIAN_POINT('Ctrl Pts',(29.9132922147419,-46.374189833451,19.0003729742561));
#8249=CARTESIAN_POINT('Ctrl Pts',(27.3895585450443,-45.5110042657617,19.5987973063299));
#8250=CARTESIAN_POINT('Ctrl Pts',(22.3041412636665,-44.0317207592486,20.5744118700373));
#8251=CARTESIAN_POINT('Ctrl Pts',(19.7473244117957,-43.4071429359996,20.9593992118919));
#8252=CARTESIAN_POINT('Ctrl Pts',(17.1521844761462,-42.896117278738,21.2382576493052));
#8253=CARTESIAN_POINT('',(17.1521844761472,-42.8961172787382,20.74664044588));
#8254=CARTESIAN_POINT('',(17.1521844761472,-42.8961172787382,21.48789298028));
#8255=CARTESIAN_POINT('',(13.7564331076205,-42.2956992754707,20.74664044588));
#8256=CARTESIAN_POINT('Origin',(-5.55111512312578E-16,-130.,20.74664044588));
#8257=CARTESIAN_POINT('',(13.7564330495288,-42.2956992846385,21.5407746035943));
#8258=CARTESIAN_POINT('',(13.7564331076205,-42.2956992754707,21.48789298028));
#8259=CARTESIAN_POINT('',(-14.6244231711219,-42.4348771294697,19.2121289915394));
#8260=CARTESIAN_POINT('Ctrl Pts',(13.7564330522523,-42.2956992667861,21.5407746024428));
#8261=CARTESIAN_POINT('Ctrl Pts',(12.6567023295934,-42.1232063338822,21.6186125847011));
#8262=CARTESIAN_POINT('Ctrl Pts',(11.5523764526471,-41.9712053760956,21.6772527948067));
#8263=CARTESIAN_POINT('Ctrl Pts',(5.55386673352907,-41.2604775305308,21.8889612678532));
#8264=CARTESIAN_POINT('Ctrl Pts',(0.598896630721447,-41.0937732642498,21.6726546565848));
#8265=CARTESIAN_POINT('Ctrl Pts',(-7.78599342429573,-41.4939504179869,20.6475196939313));
#8266=CARTESIAN_POINT('Ctrl Pts',(-11.2735127757551,-41.8766088369266,20.0122623343258));
#8267=CARTESIAN_POINT('Ctrl Pts',(-14.6242116105507,-42.4362160925366,19.2121795084189));
#8268=CARTESIAN_POINT('',(-14.6244231711219,-42.4348771294697,15.));
#8269=CARTESIAN_POINT('',(-8.81072753053539,-41.6617019758373,18.4275578570199));
#8270=CARTESIAN_POINT('Ctrl Pts',(-8.81072753053539,-41.6617019758373,18.4275578570199));
#8271=CARTESIAN_POINT('Ctrl Pts',(-8.81550392296428,-41.6621783659559,18.4151613582742));
#8272=CARTESIAN_POINT('Ctrl Pts',(-8.82046390846374,-41.6626734582395,18.4028322026215));
#8273=CARTESIAN_POINT('Ctrl Pts',(-8.89597440909043,-41.6702176037053,18.2228250488278));
#8274=CARTESIAN_POINT('Ctrl Pts',(-9.00189194137693,-41.6808930026284,18.0700258674218));
#8275=CARTESIAN_POINT('Ctrl Pts',(-9.20050090367436,-41.7014121224286,17.8729210830193));
#8276=CARTESIAN_POINT('Ctrl Pts',(-9.29012739497537,-41.7107757925203,17.8025396558006));
#8277=CARTESIAN_POINT('Ctrl Pts',(-9.3883698989846,-41.7212237960734,17.7437791570001));
#8278=CARTESIAN_POINT('',(-6.65302205612807,-41.4730486521546,19.8952697230397));
#8279=CARTESIAN_POINT('Ctrl Pts',(-8.81072753053539,-41.6617019758373,18.4275578570199));
#8280=CARTESIAN_POINT('Ctrl Pts',(-8.80270813411625,-41.6609021334316,18.4483711463656));
#8281=CARTESIAN_POINT('Ctrl Pts',(-8.79437788141232,-41.6600723885308,18.469069425112));
#8282=CARTESIAN_POINT('Ctrl Pts',(-8.66859982833908,-41.6475634025626,18.7686748628493));
#8283=CARTESIAN_POINT('Ctrl Pts',(-8.49232171236418,-41.6302907718485,19.0228561998495));
#8284=CARTESIAN_POINT('Ctrl Pts',(-8.08404934729941,-41.5919979400011,19.4278445886949));
#8285=CARTESIAN_POINT('Ctrl Pts',(-7.82329522701176,-41.5683212479673,19.6042390262647));
#8286=CARTESIAN_POINT('Ctrl Pts',(-7.25286755808861,-41.5197102892697,19.8379445242181));
#8287=CARTESIAN_POINT('Ctrl Pts',(-6.94319301266769,-41.4948557260966,19.8952697230397));
#8288=CARTESIAN_POINT('Ctrl Pts',(-6.65302205612807,-41.4730486521546,19.8952697230397));
#8289=CARTESIAN_POINT('',(21.9038803330709,-43.968006859206,19.8952697230397));
#8290=CARTESIAN_POINT('Origin',(-5.55111512312578E-16,-130.,19.8952697230397));
#8291=CARTESIAN_POINT('',(23.9833714794069,-44.5243794412472,18.4275578570199));
#8292=CARTESIAN_POINT('Ctrl Pts',(21.9038803330709,-43.968006859206,19.8952697230397));
#8293=CARTESIAN_POINT('Ctrl Pts',(22.1840768129877,-44.0393453222799,19.8952697230397));
#8294=CARTESIAN_POINT('Ctrl Pts',(22.482733792961,-44.116990908036,19.8380077429944));
#8295=CARTESIAN_POINT('Ctrl Pts',(23.032081206164,-44.2626813761369,19.6048317835342));
#8296=CARTESIAN_POINT('Ctrl Pts',(23.2827888015881,-44.3306489025288,19.4289099112271));
#8297=CARTESIAN_POINT('Ctrl Pts',(23.6762533341732,-44.4385605300732,19.0243642139413));
#8298=CARTESIAN_POINT('Ctrl Pts',(23.8462413036169,-44.4859407523932,18.7696863373768));
#8299=CARTESIAN_POINT('Ctrl Pts',(23.9674873279001,-44.5199236978785,18.4695046585902));
#8300=CARTESIAN_POINT('Ctrl Pts',(23.9755822908641,-44.522193894057,18.4485893774088));
#8301=CARTESIAN_POINT('Ctrl Pts',(23.9833714794069,-44.5243794412472,18.4275578570199));
#8302=CARTESIAN_POINT('Ctrl Pts',(24.5382169416081,-44.6820081884853,17.7437791569999));
#8303=CARTESIAN_POINT('Ctrl Pts',(24.4443702594236,-44.6550170439705,17.8022581587843));
#8304=CARTESIAN_POINT('Ctrl Pts',(24.358751933902,-44.6305622486221,17.872201945395));
#8305=CARTESIAN_POINT('Ctrl Pts',(24.1677651324213,-44.5762456927577,18.0690099757069));
#8306=CARTESIAN_POINT('Ctrl Pts',(24.0656597617918,-44.5474822050669,18.2221288324947));
#8307=CARTESIAN_POINT('Ctrl Pts',(23.9928487833726,-44.5270390607377,18.4025254674863));
#8308=CARTESIAN_POINT('Ctrl Pts',(23.988019597952,-44.5256836441651,18.4150075124731));
#8309=CARTESIAN_POINT('Ctrl Pts',(23.9833714794069,-44.5243794412472,18.4275578570199));
#8310=CARTESIAN_POINT('Ctrl Pts',(22.431369505354,-57.2453527736735,20.5186513188915));
#8311=CARTESIAN_POINT('Ctrl Pts',(15.074210173033,-57.3319397912427,21.7354572457629));
#8312=CARTESIAN_POINT('Ctrl Pts',(7.58325035366463,-58.2616302081299,22.0533600519549));
#8313=CARTESIAN_POINT('Ctrl Pts',(0.355578022190317,-60.0124058153294,21.5286995190131));
#8314=CARTESIAN_POINT('Ctrl Pts',(22.4330265958193,-57.3891555640444,20.5183772514955));
#8315=CARTESIAN_POINT('Ctrl Pts',(15.0863143084147,-57.4745719338078,21.7335569504081));
#8316=CARTESIAN_POINT('Ctrl Pts',(7.60680593590336,-58.403510635481,22.0523265679781));
#8317=CARTESIAN_POINT('Ctrl Pts',(0.389861934356928,-60.1538497592117,21.5311882062147));
#8318=CARTESIAN_POINT('Ctrl Pts',(22.4169060055935,-57.6754778189332,20.4004127486136));
#8319=CARTESIAN_POINT('Ctrl Pts',(15.1008667549041,-57.758648681309,21.6126624281651));
#8320=CARTESIAN_POINT('Ctrl Pts',(7.65264628150187,-58.6860952827577,21.9318863019109));
#8321=CARTESIAN_POINT('Ctrl Pts',(0.466946449253957,-60.4354085450476,21.4143791266558));
#8322=CARTESIAN_POINT('Ctrl Pts',(22.3715977742855,-57.7950364649539,20.1179081905061));
#8323=CARTESIAN_POINT('Ctrl Pts',(15.0874061180185,-57.8794749923651,21.3284144153224));
#8324=CARTESIAN_POINT('Ctrl Pts',(7.67070635219026,-58.8049032616127,21.6455025651071));
#8325=CARTESIAN_POINT('Ctrl Pts',(0.515653404792159,-60.5491958254285,21.1253431069429));
#8326=CARTESIAN_POINT('Ctrl Pts',(22.3481345355739,-57.7953142360289,19.9760228041811));
#8327=CARTESIAN_POINT('Ctrl Pts',(15.0753786413078,-57.8814132289123,21.1856871362591));
#8328=CARTESIAN_POINT('Ctrl Pts',(7.67035725748573,-58.8058636931334,21.5017241288686));
#8329=CARTESIAN_POINT('Ctrl Pts',(0.5256028521232,-60.5467715194631,20.980142897932));
#8330=CARTESIAN_POINT('',(0.355578022190325,-60.0124058153294,21.5286995190131));
#8331=CARTESIAN_POINT('Ctrl Pts',(8.14307868527096,-59.0139352399204,21.2172091315908));
#8332=CARTESIAN_POINT('Ctrl Pts',(8.13137177197169,-59.0158069168242,21.2185825278795));
#8333=CARTESIAN_POINT('Ctrl Pts',(8.11966427920549,-59.0176762934235,21.2199540487721));
#8334=CARTESIAN_POINT('Ctrl Pts',(8.10795618914114,-59.0195433761836,21.2213236683324));
#8335=CARTESIAN_POINT('Ctrl Pts',(7.82785809511966,-59.0642104670242,21.2540897152503));
#8336=CARTESIAN_POINT('Ctrl Pts',(7.55070270038746,-59.1070440840055,21.2853774972076));
#8337=CARTESIAN_POINT('Ctrl Pts',(7.27535844935291,-59.1483560994289,21.3150101893914));
#8338=CARTESIAN_POINT('Ctrl Pts',(7.02306495911732,-59.1862096319456,21.3421621466523));
#8339=CARTESIAN_POINT('Ctrl Pts',(6.77229216471005,-59.2227848062355,21.3679251908319));
#8340=CARTESIAN_POINT('Ctrl Pts',(6.52217225513904,-59.2582981297103,21.3921285366403));
#8341=CARTESIAN_POINT('Ctrl Pts',(6.28407770917112,-59.2921040296207,21.4151682244486));
#8342=CARTESIAN_POINT('Ctrl Pts',(6.04657476219581,-59.324947271351,21.4367951636784));
#8343=CARTESIAN_POINT('Ctrl Pts',(5.80891690823825,-59.3570011634737,21.4568203858157));
#8344=CARTESIAN_POINT('Ctrl Pts',(5.58172892628716,-59.3876429409018,21.4759634089884));
#8345=CARTESIAN_POINT('Ctrl Pts',(5.35439931840543,-59.4175630643504,21.4936431861917));
#8346=CARTESIAN_POINT('Ctrl Pts',(5.12627850949523,-59.4469057604576,21.5096483441928));
#8347=CARTESIAN_POINT('Ctrl Pts',(4.91089458242158,-59.4746101384523,21.524759871283));
#8348=CARTESIAN_POINT('Ctrl Pts',(4.6948052575907,-59.5017995361226,21.5383787939552));
#8349=CARTESIAN_POINT('Ctrl Pts',(4.47746719056716,-59.5285926659998,21.5502803826485));
#8350=CARTESIAN_POINT('Ctrl Pts',(4.41918912352546,-59.5357771037774,21.5534717314686));
#8351=CARTESIAN_POINT('Ctrl Pts',(4.36082129371437,-59.5429330439773,21.5565393168339));
#8352=CARTESIAN_POINT('Ctrl Pts',(4.30235328357653,-59.5500627716587,21.5594781525145));
#8353=CARTESIAN_POINT('Ctrl Pts',(4.26652566492728,-59.5544316763612,21.5612789917049));
#8354=CARTESIAN_POINT('Ctrl Pts',(4.23073072868597,-59.5587823049153,21.5630278034439));
#8355=CARTESIAN_POINT('Ctrl Pts',(4.19496692361184,-59.5631152056869,21.5647240093706));
#8356=CARTESIAN_POINT('Ctrl Pts',(3.94144423124092,-59.5938303006581,21.5767480848972));
#8357=CARTESIAN_POINT('Ctrl Pts',(3.689485594445,-59.6236562128597,21.5861325659041));
#8358=CARTESIAN_POINT('Ctrl Pts',(3.43857024553632,-59.6529514915819,21.5928242148414));
#8359=CARTESIAN_POINT('Ctrl Pts',(3.18018294317831,-59.6831191480197,21.599715132933));
#8360=CARTESIAN_POINT('Ctrl Pts',(2.92290164384689,-59.7127230902523,21.6037511866445));
#8361=CARTESIAN_POINT('Ctrl Pts',(2.66616469137403,-59.7421421818302,21.60481729323));
#8362=CARTESIAN_POINT('Ctrl Pts',(2.43232246712229,-59.7689378017976,21.6057883288867));
#8363=CARTESIAN_POINT('Ctrl Pts',(2.19893167395204,-59.7955793045719,21.6042951167203));
#8364=CARTESIAN_POINT('Ctrl Pts',(1.9655769723812,-59.8223552711288,21.6002036773262));
#8365=CARTESIAN_POINT('Ctrl Pts',(1.73976821954287,-59.8482653881034,21.596244542067));
#8366=CARTESIAN_POINT('Ctrl Pts',(1.51399302709986,-59.8743008387466,21.5898525922263));
#8367=CARTESIAN_POINT('Ctrl Pts',(1.2878868526569,-59.9007346631684,21.5808615633443));
#8368=CARTESIAN_POINT('Ctrl Pts',(1.07266910888119,-59.9258955331245,21.5723035089038));
#8369=CARTESIAN_POINT('Ctrl Pts',(0.857151311039826,-59.9514169365139,21.561390635616));
#8370=CARTESIAN_POINT('Ctrl Pts',(0.641032857463011,-59.9775517569314,21.5479380413802));
#8371=CARTESIAN_POINT('Ctrl Pts',(0.546005340686541,-59.9890432656136,21.5420229212076));
#8372=CARTESIAN_POINT('Ctrl Pts',(0.450861895359856,-60.0006536382228,21.5356162254416));
#8373=CARTESIAN_POINT('Ctrl Pts',(0.355578022190318,-60.0124058153294,21.5286995190131));
#8374=CARTESIAN_POINT('Ctrl Pts',(0.355578022190317,-60.0124058153294,21.5286995190131));
#8375=CARTESIAN_POINT('Ctrl Pts',(7.55421151375235,-58.2686643527684,22.0512521073047));
#8376=CARTESIAN_POINT('Ctrl Pts',(15.0140211068712,-57.3394235365052,21.7379981406028));
#8377=CARTESIAN_POINT('Ctrl Pts',(22.3426858002477,-57.2464372506887,20.5332741868624));
#8378=CARTESIAN_POINT('Ctrl Pts',(7.63033061361245,-57.0967136343901,23.3797242603939));
#8379=CARTESIAN_POINT('Ctrl Pts',(3.04190809278099,-57.9459614598084,22.931281133247));
#8380=CARTESIAN_POINT('Ctrl Pts',(-1.47280711103576,-59.1145254322527,22.0815199011616));
#8381=CARTESIAN_POINT('Ctrl Pts',(-5.75925019955577,-60.5245646053361,20.6824814110216));
#8382=CARTESIAN_POINT('Ctrl Pts',(7.73216725462835,-57.6977041594737,23.3215979409073));
#8383=CARTESIAN_POINT('Ctrl Pts',(3.17336319610202,-58.5191041925777,22.8456575370513));
#8384=CARTESIAN_POINT('Ctrl Pts',(-1.31041714308724,-59.6570400605213,21.9764517553428));
#8385=CARTESIAN_POINT('Ctrl Pts',(-5.56637939532959,-61.0359093817768,20.5639443041323));
#8386=CARTESIAN_POINT('Ctrl Pts',(7.94565879766801,-58.6886141921287,22.7459647729573));
#8387=CARTESIAN_POINT('Ctrl Pts',(3.45620132664007,-59.4384910561713,22.2615418916203));
#8388=CARTESIAN_POINT('Ctrl Pts',(-0.959285002363822,-60.5022666866839,
21.3900338038127));
#8389=CARTESIAN_POINT('Ctrl Pts',(-5.14861386651288,-61.8090100935552,19.9883782973582));
#8390=CARTESIAN_POINT('Ctrl Pts',(8.09994621256682,-59.017851271675,21.6773672022892));
#8391=CARTESIAN_POINT('Ctrl Pts',(3.67743367982739,-59.7283863317551,21.2330408919394));
#8392=CARTESIAN_POINT('Ctrl Pts',(-0.669401159043795,-60.747334156366,20.4047017838572));
#8393=CARTESIAN_POINT('Ctrl Pts',(-4.79127659849599,-62.0033989584484,19.0510685113644));
#8394=CARTESIAN_POINT('Ctrl Pts',(8.14229890344301,-59.0110638648601,21.2201327351976));
#8395=CARTESIAN_POINT('Ctrl Pts',(3.74316454975775,-59.7160654568288,20.7927989916928));
#8396=CARTESIAN_POINT('Ctrl Pts',(-0.578085096320827,-60.7251454818282,
19.9830382296032));
#8397=CARTESIAN_POINT('Ctrl Pts',(-4.67432887451115,-61.9679178191057,18.6498561177433));
#8398=CARTESIAN_POINT('Ctrl Pts',(0.355578022190328,-60.0124058153294,21.5286995190131));
#8399=CARTESIAN_POINT('Ctrl Pts',(-0.347486356779791,-60.0991207737388,
21.4776637062582));
#8400=CARTESIAN_POINT('Ctrl Pts',(-1.00093754357013,-60.1707311036551,21.4222735485768));
#8401=CARTESIAN_POINT('Ctrl Pts',(-2.57634345639247,-60.3037757047422,21.2746629955719));
#8402=CARTESIAN_POINT('Ctrl Pts',(-3.90188099973135,-60.3760378423146,21.1248941910146));
#8403=CARTESIAN_POINT('Ctrl Pts',(-4.65523786607017,-60.1682368992561,21.0293080307569));
#8404=CARTESIAN_POINT('Origin',(7.14022903176634,0.,-71.9359910794505));
#8405=CARTESIAN_POINT('',(-15.4209752560483,-43.4747472114093,19.0182388335765));
#8406=CARTESIAN_POINT('Ctrl Pts',(-15.4209752560483,-43.4747472114093,19.0182388335765));
#8407=CARTESIAN_POINT('Ctrl Pts',(-15.3740153024366,-44.2784359158117,19.029887253972));
#8408=CARTESIAN_POINT('Ctrl Pts',(-15.3511238970647,-45.0771166960426,19.0355370016972));
#8409=CARTESIAN_POINT('Ctrl Pts',(-15.3511238970647,-48.4402096328517,19.0355370016972));
#8410=CARTESIAN_POINT('Ctrl Pts',(-15.5971946396212,-51.0980140473723,18.9759046277833));
#8411=CARTESIAN_POINT('Ctrl Pts',(-16.4065953496855,-55.2394866211183,18.7685782212804));
#8412=CARTESIAN_POINT('Ctrl Pts',(-16.7869739129174,-56.7365176035604,18.6697501986489));
#8413=CARTESIAN_POINT('Ctrl Pts',(-17.2515491574376,-58.2092461474953,18.544509774363));
#8414=CARTESIAN_POINT('Ctrl Pts',(-14.6240303005031,-42.436897296042,19.2122228016015));
#8415=CARTESIAN_POINT('Ctrl Pts',(-14.6860051618636,-42.4496370028681,19.1974245197998));
#8416=CARTESIAN_POINT('Ctrl Pts',(-14.7476127641417,-42.4685051076195,19.1826457268096));
#8417=CARTESIAN_POINT('Ctrl Pts',(-14.9307477397198,-42.5447104419904,19.1385284155991));
#8418=CARTESIAN_POINT('Ctrl Pts',(-15.0441002660794,-42.6226383907908,19.1109414671316));
#8419=CARTESIAN_POINT('Ctrl Pts',(-15.2206282712707,-42.8011529850886,19.0677447895344));
#8420=CARTESIAN_POINT('Ctrl Pts',(-15.2965909543006,-42.9126054964044,19.0490169985148));
#8421=CARTESIAN_POINT('Ctrl Pts',(-15.3976277521095,-43.1575300596894,19.0240418890284));
#8422=CARTESIAN_POINT('Ctrl Pts',(-15.4226779605256,-43.2910142044882,19.017816460671));
#8423=CARTESIAN_POINT('Ctrl Pts',(-15.4226779605256,-43.4164161754851,19.017816460671));
#8424=CARTESIAN_POINT('Ctrl Pts',(-15.4226779605256,-43.4356904550484,19.017816460671));
#8425=CARTESIAN_POINT('Ctrl Pts',(-15.422119871115,-43.4551578777484,19.0179549117141));
#8426=CARTESIAN_POINT('Ctrl Pts',(-15.4209752560483,-43.4747472114093,19.0182388335765));
#8427=CARTESIAN_POINT('Ctrl Pts',(13.7564330629802,-42.295699305105,21.5407746016835));
#8428=CARTESIAN_POINT('Ctrl Pts',(13.6152348065462,-42.3894333572534,21.5507684912518));
#8429=CARTESIAN_POINT('Ctrl Pts',(13.4856641671868,-42.4964486612101,21.5596155397778));
#8430=CARTESIAN_POINT('Ctrl Pts',(13.1495344016163,-42.8325784267806,21.5820154585447));
#8431=CARTESIAN_POINT('Ctrl Pts',(12.957118860345,-43.1136102290688,21.5940041847029));
#8432=CARTESIAN_POINT('Ctrl Pts',(12.701907915613,-43.7295672685354,21.6095269819239));
#8433=CARTESIAN_POINT('Ctrl Pts',(12.6391151908093,-44.064491325903,21.6131517760464));
#8434=CARTESIAN_POINT('Ctrl Pts',(12.6391151908093,-44.6923652669995,21.6131517760464));
#8435=CARTESIAN_POINT('Ctrl Pts',(12.7018260312507,-45.0270832672357,21.6095316393466));
#8436=CARTESIAN_POINT('Ctrl Pts',(12.9567287319138,-45.6427257988258,21.5940282361053));
#8437=CARTESIAN_POINT('Ctrl Pts',(13.1489179086971,-45.9236491587587,21.5820544641193));
#8438=CARTESIAN_POINT('Ctrl Pts',(13.5927546512915,-46.3679237682155,21.5524810327699));
#8439=CARTESIAN_POINT('Ctrl Pts',(13.8742259866657,-46.560575697592,21.5328736265229));
#8440=CARTESIAN_POINT('Ctrl Pts',(14.4905605670424,-46.8158740064607,21.4864259880551));
#8441=CARTESIAN_POINT('Ctrl Pts',(14.8254124064803,-46.8785315435203,21.4594957825113));
#8442=CARTESIAN_POINT('Ctrl Pts',(15.4533775956255,-46.8785315435203,21.405698023771));
#8443=CARTESIAN_POINT('Ctrl Pts',(15.7884881259097,-46.8156738388456,21.375226783318));
#8444=CARTESIAN_POINT('Ctrl Pts',(16.4049635993351,-46.5600391813376,21.316035481833));
#8445=CARTESIAN_POINT('Ctrl Pts',(16.6863369821171,-46.3672617912965,21.2874052419692));
#8446=CARTESIAN_POINT('Ctrl Pts',(17.1296882495326,-45.9230731374063,21.2409375144518));
#8447=CARTESIAN_POINT('Ctrl Pts',(17.3216591870331,-45.6424054413765,21.2199790846007));
#8448=CARTESIAN_POINT('Ctrl Pts',(17.576378942497,-45.0270844736335,21.1917871195139));
#8449=CARTESIAN_POINT('Ctrl Pts',(17.6391151908093,-44.6924217145711,21.1846471669003));
#8450=CARTESIAN_POINT('Ctrl Pts',(17.6391151908093,-44.3785315435203,21.1846471669003));
#8451=CARTESIAN_POINT('Ctrl Pts',(17.6391151908093,-44.0642455591541,21.1846471669003));
#8452=CARTESIAN_POINT('Ctrl Pts',(17.5762219371518,-43.7291883079593,21.1918051225662));
#8453=CARTESIAN_POINT('Ctrl Pts',(17.3709061420233,-43.2338736733007,21.2145281297338));
#8454=CARTESIAN_POINT('Ctrl Pts',(17.2699545610547,-43.0560451385082,21.2256027703137));
#8455=CARTESIAN_POINT('Ctrl Pts',(17.1521844761472,-42.8961172787382,21.2382576493051));
#8456=CARTESIAN_POINT('',(-1.47588426773846,-48.4637492632628,21.3776867475346));
#8457=CARTESIAN_POINT('Ctrl Pts',(-1.47588426773846,-48.4637492632628,21.3776867475346));
#8458=CARTESIAN_POINT('Ctrl Pts',(-1.47588426773846,-48.1499828751243,21.3776867475346));
#8459=CARTESIAN_POINT('Ctrl Pts',(-1.53857421554673,-47.8153903238264,21.3719646689396));
#8460=CARTESIAN_POINT('Ctrl Pts',(-1.79320615768553,-47.2001172558799,21.3479301904253));
#8461=CARTESIAN_POINT('Ctrl Pts',(-1.98514096573265,-46.9194373145811,21.3295270133583));
#8462=CARTESIAN_POINT('Ctrl Pts',(-2.42877700274767,-46.4748448578348,21.285058223261));
#8463=CARTESIAN_POINT('Ctrl Pts',(-2.7105615402527,-46.2819209298981,21.2559507691972));
#8464=CARTESIAN_POINT('Ctrl Pts',(-3.32729990981053,-46.0263828975048,21.1886938235058));
#8465=CARTESIAN_POINT('Ctrl Pts',(-3.66223588422228,-45.9637492632628,21.1504548138223));
#8466=CARTESIAN_POINT('Ctrl Pts',(-4.29031621410562,-45.9637492632628,21.0754210797499));
#8467=CARTESIAN_POINT('Ctrl Pts',(-4.62561496349817,-46.0266633924828,21.0335821782271));
#8468=CARTESIAN_POINT('Ctrl Pts',(-5.24255032518986,-46.2826727847655,20.9534238828278));
#8469=CARTESIAN_POINT('Ctrl Pts',(-5.52419686618085,-46.4757722592262,20.9151943806798));
#8470=CARTESIAN_POINT('Ctrl Pts',(-5.96715371947471,-46.9202440296459,20.8536955627325));
#8471=CARTESIAN_POINT('Ctrl Pts',(-6.1587827164191,-47.2005656946229,20.8262462818895));
#8472=CARTESIAN_POINT('Ctrl Pts',(-6.41315853644312,-47.8153878908855,20.7894211828596));
#8473=CARTESIAN_POINT('Ctrl Pts',(-6.47588426773846,-48.1499029337172,20.7801420183191));
#8474=CARTESIAN_POINT('Ctrl Pts',(-6.47588426773846,-48.7783132745813,20.7801420183191));
#8475=CARTESIAN_POINT('Ctrl Pts',(-6.41287375482104,-49.1135427998851,20.7894635571658));
#8476=CARTESIAN_POINT('Ctrl Pts',(-6.15743001644082,-49.7294536451497,20.8264409526973));
#8477=CARTESIAN_POINT('Ctrl Pts',(-5.96501787988841,-50.0101495570456,20.8539993758366));
#8478=CARTESIAN_POINT('Ctrl Pts',(-5.52130893431894,-50.453858502615,20.915587920995));
#8479=CARTESIAN_POINT('Ctrl Pts',(-5.24003907001739,-50.646174225462,20.9537567775342));
#8480=CARTESIAN_POINT('Ctrl Pts',(-4.62419146275102,-50.9011174900403,21.0337604832629));
#8481=CARTESIAN_POINT('Ctrl Pts',(-4.28960389278897,-50.9637492632628,21.0755061773492));
#8482=CARTESIAN_POINT('Ctrl Pts',(-3.66268426302081,-50.9637492632628,21.1504012481653));
#8483=CARTESIAN_POINT('Ctrl Pts',(-3.32819732561354,-50.9012932173481,21.1885917975258));
#8484=CARTESIAN_POINT('Ctrl Pts',(-2.71214607233913,-50.6464275921029,21.2557821154866));
#8485=CARTESIAN_POINT('Ctrl Pts',(-2.43059956035283,-50.4539984618099,21.2848709308107));
#8486=CARTESIAN_POINT('Ctrl Pts',(-1.98648785305593,-50.009886754513,21.3293965530578));
#8487=CARTESIAN_POINT('Ctrl Pts',(-1.79405873083505,-49.7289702774974,21.3478490032671));
#8488=CARTESIAN_POINT('Ctrl Pts',(-1.53875335397588,-49.1130102434201,21.3719484708976));
#8489=CARTESIAN_POINT('Ctrl Pts',(-1.47588426773846,-48.7779672890959,21.3776867475346));
#8490=CARTESIAN_POINT('Ctrl Pts',(-1.47588426773846,-48.4637492632628,21.3776867475346));
#8491=CARTESIAN_POINT('Ctrl Pts',(30.1228979247893,-59.3660502205404,20.4379799467078));
#8492=CARTESIAN_POINT('Ctrl Pts',(29.8241170919816,-59.3460656128149,20.5129275102778));
#8493=CARTESIAN_POINT('Ctrl Pts',(29.5248902554845,-59.3274367160278,20.5864269966544));
#8494=CARTESIAN_POINT('Ctrl Pts',(29.2252419106517,-59.3101747893053,20.658470062777));
#8495=CARTESIAN_POINT('Ctrl Pts',(30.0078156249614,-59.767851290111,20.0829022789341));
#8496=CARTESIAN_POINT('Ctrl Pts',(29.711449213157,-59.7478606629535,20.1575750233225));
#8497=CARTESIAN_POINT('Ctrl Pts',(29.4146298863042,-59.7292417111964,20.2308130357765));
#8498=CARTESIAN_POINT('Ctrl Pts',(29.1174006218843,-59.7119677704065,20.3025918015239));
#8499=CARTESIAN_POINT('Ctrl Pts',(29.8606130130656,-60.0017372271552,19.5550293781633));
#8500=CARTESIAN_POINT('Ctrl Pts',(29.5667633058887,-59.9820109821637,19.6295858219815));
#8501=CARTESIAN_POINT('Ctrl Pts',(29.272455814089,-59.9636468282961,19.7027047198525));
#8502=CARTESIAN_POINT('Ctrl Pts',(28.9777442853851,-59.9466170377743,19.7743655735663));
#8503=CARTESIAN_POINT('Ctrl Pts',(29.7282836050484,-59.9930414046981,19.0228813763453));
#8504=CARTESIAN_POINT('Ctrl Pts',(29.4361934696387,-59.9738471530422,19.0973321456688));
#8505=CARTESIAN_POINT('Ctrl Pts',(29.1436630402309,-59.9559793841381,19.1703381564017));
#8506=CARTESIAN_POINT('Ctrl Pts',(28.8507163097959,-59.9394491928465,19.2418909774825));
#8507=CARTESIAN_POINT('Origin',(29.8566736358205,-58.0392553365734,19.0228813763453));
#8508=CARTESIAN_POINT('Ctrl Pts',(-2.96616992533672,-63.5473002784034,20.7439850683814));
#8509=CARTESIAN_POINT('Ctrl Pts',(-0.796473724532907,-62.9182437621779,
21.304682676722));
#8510=CARTESIAN_POINT('Ctrl Pts',(1.44746266419735,-62.352631822213,21.6436738052542));
#8511=CARTESIAN_POINT('Ctrl Pts',(3.71963031290442,-61.8691897802517,21.7384407266261));
#8512=CARTESIAN_POINT('Ctrl Pts',(-3.08658612448713,-63.5822123525945,21.2595280205314));
#8513=CARTESIAN_POINT('Ctrl Pts',(-0.890279760573316,-62.9429657148163,
21.8472952638201));
#8514=CARTESIAN_POINT('Ctrl Pts',(1.38571515176227,-62.3655044035111,22.210442536849));
#8515=CARTESIAN_POINT('Ctrl Pts',(3.69662115724157,-61.8740853667212,22.326972171102));
#8516=CARTESIAN_POINT('Ctrl Pts',(-3.40683669061188,-63.2599284556253,22.1552886113493));
#8517=CARTESIAN_POINT('Ctrl Pts',(-1.16375249974596,-62.5692257559246,22.7882007305799));
#8518=CARTESIAN_POINT('Ctrl Pts',(1.17133269184373,-61.9410467081829,23.1944540400281));
#8519=CARTESIAN_POINT('Ctrl Pts',(3.55333802633963,-61.3963325695868,23.3457510346047));
#8520=CARTESIAN_POINT('Ctrl Pts',(-3.74748690210569,-62.4459428184561,22.5686001650306));
#8521=CARTESIAN_POINT('Ctrl Pts',(-1.4699317238515,-61.6883030296896,23.1901002664027));
#8522=CARTESIAN_POINT('Ctrl Pts',(0.903498642080865,-60.9942456421577,23.5756374749527));
#8523=CARTESIAN_POINT('Ctrl Pts',(3.32398764179353,-60.38615357385,23.6985585804826));
#8524=CARTESIAN_POINT('Ctrl Pts',(-3.87041306270881,-62.0718088821968,22.625684725958));
#8525=CARTESIAN_POINT('Ctrl Pts',(-1.58114442319702,-61.2925289335228,23.2302148548224));
#8526=CARTESIAN_POINT('Ctrl Pts',(0.803594490655005,-60.5785346302763,23.5955608433856));
#8527=CARTESIAN_POINT('Ctrl Pts',(3.23220544413792,-59.9540587344554,23.6948078328423));
#8528=CARTESIAN_POINT('Ctrl Pts',(-5.89726127556014,-48.4637492632628,22.8824997092728));
#8529=CARTESIAN_POINT('Ctrl Pts',(-5.89726127556014,-48.2200122026726,22.8824997092728));
#8530=CARTESIAN_POINT('Ctrl Pts',(-5.84852656238891,-47.9602202973939,22.8892368255692));
#8531=CARTESIAN_POINT('Ctrl Pts',(-5.65112206059383,-47.4835321978647,22.916077313773));
#8532=CARTESIAN_POINT('Ctrl Pts',(-5.50270758358741,-47.2668386928246,22.9360727270275));
#8533=CARTESIAN_POINT('Ctrl Pts',(-5.1610230605825,-46.9248369553056,22.980987242119));
#8534=CARTESIAN_POINT('Ctrl Pts',(-4.94497323578224,-46.7771094299802,23.008874647716));
#8535=CARTESIAN_POINT('Ctrl Pts',(-4.47245116386074,-46.5814427640488,23.0678358326296));
#8536=CARTESIAN_POINT('Ctrl Pts',(-4.21618388190073,-46.5335155261186,23.0988168638648));
#8537=CARTESIAN_POINT('Ctrl Pts',(-3.73543510138821,-46.5335101224098,23.1550327290532));
#8538=CARTESIAN_POINT('Ctrl Pts',(-3.47888539247905,-46.5813975914677,23.1840178705453));
#8539=CARTESIAN_POINT('Ctrl Pts',(-3.00533662563207,-46.7772523501738,23.2356830994389));
#8540=CARTESIAN_POINT('Ctrl Pts',(-2.78860826201021,-46.9252063969678,23.2584005583378));
#8541=CARTESIAN_POINT('Ctrl Pts',(-2.44592323351091,-47.2676111557308,23.2935138061673));
#8542=CARTESIAN_POINT('Ctrl Pts',(-2.29715350043009,-47.4844398186594,23.3082735819588));
#8543=CARTESIAN_POINT('Ctrl Pts',(-2.09942101387621,-47.9609390254317,23.327649402451));
#8544=CARTESIAN_POINT('Ctrl Pts',(-2.05064858882926,-48.2203132729325,23.3323188657177));
#8545=CARTESIAN_POINT('Ctrl Pts',(-2.050649032583,-48.7067885278174,23.3323188430686));
#8546=CARTESIAN_POINT('Ctrl Pts',(-2.09926346318547,-48.9657674235748,23.3276643983649));
#8547=CARTESIAN_POINT('Ctrl Pts',(-2.29640512437845,-49.4416654519739,23.308347396525));
#8548=CARTESIAN_POINT('Ctrl Pts',(-2.44474272951323,-49.6582887401549,23.2936317413799));
#8549=CARTESIAN_POINT('Ctrl Pts',(-2.78701526418386,-50.0011185360792,23.2585668242249));
#8550=CARTESIAN_POINT('Ctrl Pts',(-3.00395390438479,-50.1495049643172,23.2358312242368));
#8551=CARTESIAN_POINT('Ctrl Pts',(-3.47810437620613,-50.3459468117372,23.1841058455953));
#8552=CARTESIAN_POINT('Ctrl Pts',(-3.73504474963696,-50.3939885967256,23.1550783834173));
#8553=CARTESIAN_POINT('Ctrl Pts',(-4.2166464086454,-50.3939832260246,23.0987627921245));
#8554=CARTESIAN_POINT('Ctrl Pts',(-4.47337484196259,-50.3458731230367,23.067723851188));
#8555=CARTESIAN_POINT('Ctrl Pts',(-4.94660617590319,-50.1495123007794,23.0086676469535));
#8556=CARTESIAN_POINT('Ctrl Pts',(-5.16290367670058,-50.0012737083216,22.9807436441436));
#8557=CARTESIAN_POINT('Ctrl Pts',(-5.50410196863658,-49.6587677686861,22.9358858327567));
#8558=CARTESIAN_POINT('Ctrl Pts',(-5.65200666627851,-49.4423161129904,22.9159576051988));
#8559=CARTESIAN_POINT('Ctrl Pts',(-5.84871313408606,-48.9663387956234,22.8892109251561));
#8560=CARTESIAN_POINT('Ctrl Pts',(-5.89726127556013,-48.7070156306931,22.8824997092728));
#8561=CARTESIAN_POINT('Ctrl Pts',(-5.89726127556013,-48.4637492632628,22.8824997092728));
#8562=CARTESIAN_POINT('Ctrl Pts',(-5.56680227295291,-48.4637492632628,22.5928465626029));
#8563=CARTESIAN_POINT('Ctrl Pts',(-5.56669191133593,-48.2569652283808,22.5928703638892));
#8564=CARTESIAN_POINT('Ctrl Pts',(-5.52415944710034,-48.0365488074199,22.5984714800286));
#8565=CARTESIAN_POINT('Ctrl Pts',(-5.35245159757933,-47.634887351816,22.620863353094));
#8566=CARTESIAN_POINT('Ctrl Pts',(-5.2239706887211,-47.4538882670161,22.6375256849059));
#8567=CARTESIAN_POINT('Ctrl Pts',(-4.93087641185851,-47.1719145768578,22.6748930605232));
#8568=CARTESIAN_POINT('Ctrl Pts',(-4.74685629744901,-47.0523030350909,22.6980730699861));
#8569=CARTESIAN_POINT('Ctrl Pts',(-4.34903803542553,-46.8987717191314,22.7469669132938));
#8570=CARTESIAN_POINT('Ctrl Pts',(-4.13545486949889,-46.8644938318848,22.7726228663154));
#8571=CARTESIAN_POINT('Ctrl Pts',(-3.73868421875785,-46.874142807725,22.8190901379709));
#8572=CARTESIAN_POINT('Ctrl Pts',(-3.52881757976226,-46.9185415764725,22.8430227359771));
#8573=CARTESIAN_POINT('Ctrl Pts',(-3.14482758641406,-47.0868869574989,22.885628776252));
#8574=CARTESIAN_POINT('Ctrl Pts',(-2.97051890904453,-47.2107319057396,22.9043500648076));
#8575=CARTESIAN_POINT('Ctrl Pts',(-2.69629790400066,-47.4931656447664,22.9332747762844));
#8576=CARTESIAN_POINT('Ctrl Pts',(-2.57787416456994,-47.6703751679919,22.945432052485));
#8577=CARTESIAN_POINT('Ctrl Pts',(-2.42092783401494,-48.0572383990881,22.9613916829533));
#8578=CARTESIAN_POINT('Ctrl Pts',(-2.38232772613723,-48.2670088886085,22.9652379375176));
#8579=CARTESIAN_POINT('Ctrl Pts',(-2.38232744057346,-48.6601690508359,22.9652379567276));
#8580=CARTESIAN_POINT('Ctrl Pts',(-2.42080331195112,-48.8696198269355,22.961404035852));
#8581=CARTESIAN_POINT('Ctrl Pts',(-2.57727925186444,-49.2559890272011,22.9454928544873));
#8582=CARTESIAN_POINT('Ctrl Pts',(-2.69535710414055,-49.4330249896454,22.9333719544637));
#8583=CARTESIAN_POINT('Ctrl Pts',(-2.96923948706069,-49.7157873530553,22.9044870223514));
#8584=CARTESIAN_POINT('Ctrl Pts',(-3.14371076602909,-49.8399840999856,22.8857508921568));
#8585=CARTESIAN_POINT('Ctrl Pts',(-3.52817929749786,-50.0088147896139,22.8430953403445));
#8586=CARTESIAN_POINT('Ctrl Pts',(-3.73836203190832,-50.0533479491038,22.8191278743009));
#8587=CARTESIAN_POINT('Ctrl Pts',(-4.13583651805619,-50.0630140956793,22.7725781672744));
#8588=CARTESIAN_POINT('Ctrl Pts',(-4.3498082265148,-50.028594989702,22.7468741869721));
#8589=CARTESIAN_POINT('Ctrl Pts',(-4.74823854540238,-49.8744953761682,22.697901228414));
#8590=CARTESIAN_POINT('Ctrl Pts',(-4.93248001035875,-49.7544550892228,22.6746906094312));
#8591=CARTESIAN_POINT('Ctrl Pts',(-5.22517614413013,-49.4720341511556,22.6373699282952));
#8592=CARTESIAN_POINT('Ctrl Pts',(-5.35321916061176,-49.2912256832269,22.6207635520336));
#8593=CARTESIAN_POINT('Ctrl Pts',(-5.52432310710667,-48.8901530436764,22.5984498317067));
#8594=CARTESIAN_POINT('Ctrl Pts',(-5.56669208441709,-48.6701338834285,22.5928702951716));
#8595=CARTESIAN_POINT('Ctrl Pts',(-5.56680227295291,-48.4637492632628,22.5928465626029));
#8596=CARTESIAN_POINT('Ctrl Pts',(-5.23634327034569,-48.4637492632628,22.3031934159329));
#8597=CARTESIAN_POINT('Ctrl Pts',(-5.23645363196266,-48.2938768432494,22.3031696146467));
#8598=CARTESIAN_POINT('Ctrl Pts',(-5.19971956429808,-48.1129031689535,22.3077064698448));
#8599=CARTESIAN_POINT('Ctrl Pts',(-5.05395922744116,-47.7862130366268,22.3256261051749));
#8600=CARTESIAN_POINT('Ctrl Pts',(-4.94527104082583,-47.6410081159194,22.3389609473338));
#8601=CARTESIAN_POINT('Ctrl Pts',(-4.70081366652401,-47.418920227317,22.3687920519136));
#8602=CARTESIAN_POINT('Ctrl Pts',(-4.54882808672207,-47.3275925027624,22.3872485479375));
#8603=CARTESIAN_POINT('Ctrl Pts',(-4.22565460554508,-47.2159994784724,22.4260986392258));
#8604=CARTESIAN_POINT('Ctrl Pts',(-4.0548767432835,-47.1955188171512,22.4464085589241));
#8605=CARTESIAN_POINT('Ctrl Pts',(-3.74189027534944,-47.2147174836522,22.4831482299263));
#8606=CARTESIAN_POINT('Ctrl Pts',(-3.57893709465934,-47.2556841081726,22.5020122176555));
#8607=CARTESIAN_POINT('Ctrl Pts',(-3.28422383470698,-47.3965065197276,22.5355721936055));
#8608=CARTESIAN_POINT('Ctrl Pts',(-3.15258124009248,-47.4961796446147,22.5502877541856));
#8609=CARTESIAN_POINT('Ctrl Pts',(-2.9465986307733,-47.7187818930445,22.5730309978702));
#8610=CARTESIAN_POINT('Ctrl Pts',(-2.85870576069852,-47.8561730238108,22.5825827841747));
#8611=CARTESIAN_POINT('Ctrl Pts',(-2.74238928921553,-48.1536652337574,22.5951256514805));
#8612=CARTESIAN_POINT('Ctrl Pts',(-2.7140369210976,-48.3135670002383,22.5981490563073));
#8613=CARTESIAN_POINT('Ctrl Pts',(-2.71403773092844,-48.6136866291357,22.5981490039747));
#8614=CARTESIAN_POINT('Ctrl Pts',(-2.74229792073866,-48.7733443290494,22.5951353591011));
#8615=CARTESIAN_POINT('Ctrl Pts',(-2.85826445270659,-49.0704501838472,22.582630563495));
#8616=CARTESIAN_POINT('Ctrl Pts',(-2.94589884228969,-49.2076977876127,22.5731072851155));
#8617=CARTESIAN_POINT('Ctrl Pts',(-3.15161474044185,-49.4305357896706,22.5503955212991));
#8618=CARTESIAN_POINT('Ctrl Pts',(-3.2833729142979,-49.5304777751285,22.5356682713656));
#8619=CARTESIAN_POINT('Ctrl Pts',(-3.57844181107986,-49.6716849256872,22.502069487741));
#8620=CARTESIAN_POINT('Ctrl Pts',(-3.74163616370944,-49.7127654913829,22.4831780665112));
#8621=CARTESIAN_POINT('Ctrl Pts',(-4.05517783994403,-49.7319984197854,22.4463732283988));
#8622=CARTESIAN_POINT('Ctrl Pts',(-4.22627182901889,-49.7114187448935,22.4260251777442));
#8623=CARTESIAN_POINT('Ctrl Pts',(-4.54995927283217,-49.5993822416681,22.3871118813061));
#8624=CARTESIAN_POINT('Ctrl Pts',(-4.70214167246892,-49.5077092470492,22.3686306415105));
#8625=CARTESIAN_POINT('Ctrl Pts',(-4.94628625829382,-49.2852299872889,22.3388364919201));
#8626=CARTESIAN_POINT('Ctrl Pts',(-5.05460974698642,-49.1401649574748,22.3255462169054));
#8627=CARTESIAN_POINT('Ctrl Pts',(-5.19986019687634,-48.8139413511289,22.3076891257861));
#8628=CARTESIAN_POINT('Ctrl Pts',(-5.23645345888151,-48.6332937173616,22.3031696833642));
#8629=CARTESIAN_POINT('Ctrl Pts',(-5.23634327034569,-48.4637492632628,22.3031934159329));
#8630=CARTESIAN_POINT('Ctrl Pts',(-4.90588426773846,-48.4637492632628,22.013540269263));
#8631=CARTESIAN_POINT('Ctrl Pts',(-4.90588426773846,-48.3308298689576,22.013540269263));
#8632=CARTESIAN_POINT('Ctrl Pts',(-4.8753524490095,-48.1892316789796,22.0169411243042));
#8633=CARTESIAN_POINT('Ctrl Pts',(-4.75528876442666,-47.9375681905781,22.0304121444959));
#8634=CARTESIAN_POINT('Ctrl Pts',(-4.66653414595952,-47.8280576901109,22.0404139052122));
#8635=CARTESIAN_POINT('Ctrl Pts',(-4.47066701780002,-47.6659978488691,22.0626978703178));
#8636=CARTESIAN_POINT('Ctrl Pts',(-4.35071114838885,-47.6027861078731,22.0764469702076));
#8637=CARTESIAN_POINT('Ctrl Pts',(-4.10224147710986,-47.533328433555,22.1052297198899));
#8638=CARTESIAN_POINT('Ctrl Pts',(-3.97414773088166,-47.5264971229174,22.1202145613747));
#8639=CARTESIAN_POINT('Ctrl Pts',(-3.74513939271908,-47.5553501689675,22.147205638844));
#8640=CARTESIAN_POINT('Ctrl Pts',(-3.62886928194254,-47.5928280931775,22.1610170830873));
#8641=CARTESIAN_POINT('Ctrl Pts',(-3.42371479548896,-47.7061411270527,22.1855178704186));
#8642=CARTESIAN_POINT('Ctrl Pts',(-3.33449188712679,-47.7817051533865,22.1962372606554));
#8643=CARTESIAN_POINT('Ctrl Pts',(-3.19697330126304,-47.9443363820801,22.2127919679872));
#8644=CARTESIAN_POINT('Ctrl Pts',(-3.13942642483837,-48.0421083731433,22.2197412547009));
#8645=CARTESIAN_POINT('Ctrl Pts',(-3.06389610935427,-48.2499646074138,22.2288679319828));
#8646=CARTESIAN_POINT('Ctrl Pts',(-3.04571605840556,-48.3602626159143,22.2310681281071));
#8647=CARTESIAN_POINT('Ctrl Pts',(-3.0457161389189,-48.5670671521542,22.2310681176337));
#8648=CARTESIAN_POINT('Ctrl Pts',(-3.06383776950431,-48.67719673241,22.2288749965881));
#8649=CARTESIAN_POINT('Ctrl Pts',(-3.13913858019258,-48.8847737590745,22.2197760214572));
#8650=CARTESIAN_POINT('Ctrl Pts',(-3.19651321691701,-48.9824340371031,22.2128474981992));
#8651=CARTESIAN_POINT('Ctrl Pts',(-3.33383896331868,-49.1452046066468,22.1963157194257));
#8652=CARTESIAN_POINT('Ctrl Pts',(-3.4231297759422,-49.2209569107969,22.1855879392857));
#8653=CARTESIAN_POINT('Ctrl Pts',(-3.62851673237159,-49.3345529035639,22.1610589824903));
#8654=CARTESIAN_POINT('Ctrl Pts',(-3.7449534459808,-49.3721248437611,22.1472275573948));
#8655=CARTESIAN_POINT('Ctrl Pts',(-3.97436794935482,-49.4010292894401,22.1201886035487));
#8656=CARTESIAN_POINT('Ctrl Pts',(-4.10270521357111,-49.3941406115588,22.1051755135283));
#8657=CARTESIAN_POINT('Ctrl Pts',(-4.35159164233137,-49.3243653170569,22.0763454627666));
#8658=CARTESIAN_POINT('Ctrl Pts',(-4.4717180061271,-49.2608906279505,22.0625776067981));
#8659=CARTESIAN_POINT('Ctrl Pts',(-4.66736043378738,-49.0984963697585,22.0403205874585));
#8660=CARTESIAN_POINT('Ctrl Pts',(-4.75582224131967,-48.9890745277113,22.0303521637401));
#8661=CARTESIAN_POINT('Ctrl Pts',(-4.87547016989695,-48.737755599182,22.0169280323366));
#8662=CARTESIAN_POINT('Ctrl Pts',(-4.90588426773846,-48.5964119700971,22.013540269263));
#8663=CARTESIAN_POINT('Ctrl Pts',(-4.90588426773846,-48.4637492632628,22.013540269263));
#8664=CARTESIAN_POINT('',(-4.90588426773846,-48.4637492632628,22.013540269263));
#8665=CARTESIAN_POINT('',(-5.89726127556014,-48.4637492632628,22.8824997092728));
#8666=CARTESIAN_POINT('',(-3.04571609869508,-48.4637492503361,22.2310681228661));
#8667=CARTESIAN_POINT('Ctrl Pts',(-4.90588426773846,-48.4637492632628,22.013540269263));
#8668=CARTESIAN_POINT('Ctrl Pts',(-4.90588426773846,-48.3308298689576,22.013540269263));
#8669=CARTESIAN_POINT('Ctrl Pts',(-4.8753524490095,-48.1892316789796,22.0169411243042));
#8670=CARTESIAN_POINT('Ctrl Pts',(-4.75528876442666,-47.9375681905781,22.0304121444959));
#8671=CARTESIAN_POINT('Ctrl Pts',(-4.66653414595952,-47.8280576901109,22.0404139052122));
#8672=CARTESIAN_POINT('Ctrl Pts',(-4.47066701780002,-47.6659978488691,22.0626978703178));
#8673=CARTESIAN_POINT('Ctrl Pts',(-4.35071114838885,-47.6027861078731,22.0764469702076));
#8674=CARTESIAN_POINT('Ctrl Pts',(-4.10224147710986,-47.533328433555,22.1052297198899));
#8675=CARTESIAN_POINT('Ctrl Pts',(-3.97414773088166,-47.5264971229174,22.1202145613747));
#8676=CARTESIAN_POINT('Ctrl Pts',(-3.74513939271908,-47.5553501689675,22.147205638844));
#8677=CARTESIAN_POINT('Ctrl Pts',(-3.62886928194254,-47.5928280931775,22.1610170830873));
#8678=CARTESIAN_POINT('Ctrl Pts',(-3.42371479548896,-47.7061411270526,22.1855178704186));
#8679=CARTESIAN_POINT('Ctrl Pts',(-3.33449188712679,-47.7817051533865,22.1962372606554));
#8680=CARTESIAN_POINT('Ctrl Pts',(-3.19697330126305,-47.9443363820801,22.2127919679872));
#8681=CARTESIAN_POINT('Ctrl Pts',(-3.13942642483837,-48.0421083731433,22.2197412547009));
#8682=CARTESIAN_POINT('Ctrl Pts',(-3.06389610884192,-48.2499646088238,22.2288679320447));
#8683=CARTESIAN_POINT('Ctrl Pts',(-3.04571605791228,-48.3602626189071,22.2310681281668));
#8684=CARTESIAN_POINT('Ctrl Pts',(-3.04571609869508,-48.4637492503361,22.2310681228661));
#8685=CARTESIAN_POINT('Ctrl Pts',(-3.04571609869508,-48.4637492503361,22.2310681228661));
#8686=CARTESIAN_POINT('Ctrl Pts',(-3.0457161394114,-48.5670671551473,22.2310681175741));
#8687=CARTESIAN_POINT('Ctrl Pts',(-3.06383777001593,-48.6771967338204,22.2288749965263));
#8688=CARTESIAN_POINT('Ctrl Pts',(-3.13913858019258,-48.8847737590745,22.2197760214572));
#8689=CARTESIAN_POINT('Ctrl Pts',(-3.19651321691701,-48.9824340371031,22.2128474981992));
#8690=CARTESIAN_POINT('Ctrl Pts',(-3.33383896331868,-49.1452046066468,22.1963157194257));
#8691=CARTESIAN_POINT('Ctrl Pts',(-3.4231297759422,-49.2209569107969,22.1855879392857));
#8692=CARTESIAN_POINT('Ctrl Pts',(-3.62851673237159,-49.3345529035639,22.1610589824903));
#8693=CARTESIAN_POINT('Ctrl Pts',(-3.7449534459808,-49.3721248437611,22.1472275573948));
#8694=CARTESIAN_POINT('Ctrl Pts',(-3.97436794935482,-49.4010292894401,22.1201886035487));
#8695=CARTESIAN_POINT('Ctrl Pts',(-4.10270521357111,-49.3941406115588,22.1051755135283));
#8696=CARTESIAN_POINT('Ctrl Pts',(-4.35159164233137,-49.3243653170569,22.0763454627666));
#8697=CARTESIAN_POINT('Ctrl Pts',(-4.4717180061271,-49.2608906279505,22.0625776067981));
#8698=CARTESIAN_POINT('Ctrl Pts',(-4.66736043378738,-49.0984963697585,22.0403205874585));
#8699=CARTESIAN_POINT('Ctrl Pts',(-4.75582224131967,-48.9890745277113,22.0303521637401));
#8700=CARTESIAN_POINT('Ctrl Pts',(-4.87547016989695,-48.737755599182,22.0169280323366));
#8701=CARTESIAN_POINT('Ctrl Pts',(-4.90588426773846,-48.5964119700971,22.013540269263));
#8702=CARTESIAN_POINT('Ctrl Pts',(-4.90588426773846,-48.4637492632628,22.013540269263));
#8703=CARTESIAN_POINT('Origin',(-3.97588426773846,-48.4637492632628,21.48789298028));
#8704=CARTESIAN_POINT('',(-3.04588426773846,-48.4637492674736,20.74664044588));
#8705=CARTESIAN_POINT('Origin',(-3.97588426773846,-48.4637492632628,20.74664044588));
#8706=CARTESIAN_POINT('',(-3.04588426773846,-48.4637492674737,21.48789298028));
#8707=CARTESIAN_POINT('Ctrl Pts',(13.2114741127418,-44.3785315435203,23.5818728630161));
#8708=CARTESIAN_POINT('Ctrl Pts',(13.2114741127418,-44.1357079434516,23.5818728630161));
#8709=CARTESIAN_POINT('Ctrl Pts',(13.2600204155306,-43.8767461115833,23.5788213789706));
#8710=CARTESIAN_POINT('Ctrl Pts',(13.4574155987583,-43.4006980893378,23.5659768247798));
#8711=CARTESIAN_POINT('Ctrl Pts',(13.605973861437,-43.1836768597453,23.556134790764));
#8712=CARTESIAN_POINT('Ctrl Pts',(13.9489822110911,-42.8412809805725,23.5322862363872));
#8713=CARTESIAN_POINT('Ctrl Pts',(14.3834050694741,-42.5458278811998,23.5011003632502));
#8714=CARTESIAN_POINT('Ctrl Pts',(14.898133156025,-42.4484249487953,23.4600300124312));
#8715=CARTESIAN_POINT('Ctrl Pts',(15.3807965159414,-42.4480928781137,23.4195550210281));
#8716=CARTESIAN_POINT('Ctrl Pts',(15.6380780095351,-42.4963929951542,23.3969600299371));
#8717=CARTESIAN_POINT('Ctrl Pts',(16.1119930898121,-42.6926718283269,23.3535188020223));
#8718=CARTESIAN_POINT('Ctrl Pts',(16.3284102807855,-42.8407615959289,23.3327561336154));
#8719=CARTESIAN_POINT('Ctrl Pts',(16.6705284847673,-43.183123656747,23.299134135584));
#8720=CARTESIAN_POINT('Ctrl Pts',(16.8189381911047,-43.399940123232,23.2840661762543));
#8721=CARTESIAN_POINT('Ctrl Pts',(17.0161151139699,-43.8761657524655,23.2638071371776));
#8722=CARTESIAN_POINT('Ctrl Pts',(17.0646998554704,-44.135300125786,23.2587052586871));
#8723=CARTESIAN_POINT('Ctrl Pts',(17.0646926825181,-44.6214190072687,23.2587048781277));
#8724=CARTESIAN_POINT('Ctrl Pts',(17.0161949810592,-44.8803041898425,23.2637955593146));
#8725=CARTESIAN_POINT('Ctrl Pts',(16.8193749212607,-45.3561503190903,23.2840162216924));
#8726=CARTESIAN_POINT('Ctrl Pts',(16.6712244795654,-45.5728343019,23.2990566189818));
#8727=CARTESIAN_POINT('Ctrl Pts',(16.3293522507809,-45.915461865215,23.3326559530682));
#8728=CARTESIAN_POINT('Ctrl Pts',(16.1127920050595,-46.063809135522,23.3534325214303));
#8729=CARTESIAN_POINT('Ctrl Pts',(15.638480201044,-46.260482813014,23.3969117105696));
#8730=CARTESIAN_POINT('Ctrl Pts',(15.3809521734055,-46.3087499212047,23.4195249387604));
#8731=CARTESIAN_POINT('Ctrl Pts',(14.8977910619391,-46.3087532254818,23.46004591056));
#8732=CARTESIAN_POINT('Ctrl Pts',(14.640113971728,-46.2605338734881,23.4806416876101));
#8733=CARTESIAN_POINT('Ctrl Pts',(14.1651509127512,-46.0638008288843,23.5167750509837));
#8734=CARTESIAN_POINT('Ctrl Pts',(13.9481436281844,-45.9153459796395,23.5323597330697));
#8735=CARTESIAN_POINT('Ctrl Pts',(13.6055200320725,-45.572488100218,23.5561676885511));
#8736=CARTESIAN_POINT('Ctrl Pts',(13.4570817207477,-45.3556715996231,23.5660030681356));
#8737=CARTESIAN_POINT('Ctrl Pts',(13.259976540697,-44.8799072707693,23.5788258566264));
#8738=CARTESIAN_POINT('Ctrl Pts',(13.2114741127418,-44.6211582494009,23.5818728630161));
#8739=CARTESIAN_POINT('Ctrl Pts',(13.2114741127418,-44.3785315435203,23.5818728630161));
#8740=CARTESIAN_POINT('Ctrl Pts',(13.5440211387643,-44.3785315435203,23.2256575150273));
#8741=CARTESIAN_POINT('Ctrl Pts',(13.5442351399956,-44.180863883219,23.2256487020153));
#8742=CARTESIAN_POINT('Ctrl Pts',(13.5829232727153,-43.9698895082059,23.2230985730836));
#8743=CARTESIAN_POINT('Ctrl Pts',(13.7416851435491,-43.5811559992112,23.2123401895612));
#8744=CARTESIAN_POINT('Ctrl Pts',(13.8611552189918,-43.4030722418499,23.20411983378));
#8745=CARTESIAN_POINT('Ctrl Pts',(14.1384103810496,-43.1204899737529,23.1842448778539));
#8746=CARTESIAN_POINT('Ctrl Pts',(14.4904108816503,-42.8741150941118,23.1583144491395));
#8747=CARTESIAN_POINT('Ctrl Pts',(14.9123532745507,-42.7865483984044,23.124340557723));
#8748=CARTESIAN_POINT('Ctrl Pts',(15.3108064341078,-42.7792422544161,23.0909121826184));
#8749=CARTESIAN_POINT('Ctrl Pts',(15.5246553067041,-42.8153491623113,23.0722563356775));
#8750=CARTESIAN_POINT('Ctrl Pts',(15.9215663509465,-42.9716639752795,23.0364294865824));
#8751=CARTESIAN_POINT('Ctrl Pts',(16.1043955727054,-43.0923103562731,23.019298208517));
#8752=CARTESIAN_POINT('Ctrl Pts',(16.3949286176471,-43.3748812149967,22.9915717645622));
#8753=CARTESIAN_POINT('Ctrl Pts',(16.5218750890761,-43.5555748782998,22.9791339840279));
#8754=CARTESIAN_POINT('Ctrl Pts',(16.6910558670707,-43.9549957769228,22.9624211846095));
#8755=CARTESIAN_POINT('Ctrl Pts',(16.7329541176129,-44.1734702204949,22.9582071935634));
#8756=CARTESIAN_POINT('Ctrl Pts',(16.7329478002518,-44.5832880785354,22.9582067999917));
#8757=CARTESIAN_POINT('Ctrl Pts',(16.6911213036888,-44.8015522506251,22.962411381637));
#8758=CARTESIAN_POINT('Ctrl Pts',(16.5222459434647,-45.2006590854148,22.9790924717902));
#8759=CARTESIAN_POINT('Ctrl Pts',(16.3955138665564,-45.3812453829603,22.9915071839685));
#8760=CARTESIAN_POINT('Ctrl Pts',(16.1051871455035,-45.6640492504973,23.019215150878));
#8761=CARTESIAN_POINT('Ctrl Pts',(15.9222174783057,-45.7849052168265,23.0363570997112));
#8762=CARTESIAN_POINT('Ctrl Pts',(15.5249891025211,-45.9415545743774,23.072216247666));
#8763=CARTESIAN_POINT('Ctrl Pts',(15.3108892811968,-45.9775962161472,23.0908842762956));
#8764=CARTESIAN_POINT('Ctrl Pts',(14.9120900563809,-45.9706404504278,23.1243563507934));
#8765=CARTESIAN_POINT('Ctrl Pts',(14.7007355341747,-45.9273236918812,23.1413973650497));
#8766=CARTESIAN_POINT('Ctrl Pts',(14.3135655024842,-45.7600941745068,23.1713524200116));
#8767=CARTESIAN_POINT('Ctrl Pts',(14.1376671562439,-45.6362620461891,23.1843088609516));
#8768=CARTESIAN_POINT('Ctrl Pts',(13.8608512196641,-45.3532205940104,23.2041462088347));
#8769=CARTESIAN_POINT('Ctrl Pts',(13.7414057841802,-45.1753465675004,23.2123624699852));
#8770=CARTESIAN_POINT('Ctrl Pts',(13.5829072326868,-44.7868322383828,23.2231022493624));
#8771=CARTESIAN_POINT('Ctrl Pts',(13.5442263955825,-44.5760421407545,23.2256487239419));
#8772=CARTESIAN_POINT('Ctrl Pts',(13.5440211387643,-44.3785315435203,23.2256575150273));
#8773=CARTESIAN_POINT('Ctrl Pts',(13.8765681647868,-44.3785315435203,22.8694421670384));
#8774=CARTESIAN_POINT('Ctrl Pts',(13.8763541635556,-44.2258369476264,22.8694509800503));
#8775=CARTESIAN_POINT('Ctrl Pts',(13.9058964850067,-44.0631638657275,22.8673692010832));
#8776=CARTESIAN_POINT('Ctrl Pts',(14.0257284151264,-43.7614614377043,22.8587191041773));
#8777=CARTESIAN_POINT('Ctrl Pts',(14.1163723457108,-43.6226380041356,22.8521034127324));
#8778=CARTESIAN_POINT('Ctrl Pts',(14.32763180582,-43.3994484648109,22.836219881193));
#8779=CARTESIAN_POINT('Ctrl Pts',(14.5971535667073,-43.2018202704708,22.8155577416332));
#8780=CARTESIAN_POINT('Ctrl Pts',(14.9263476196832,-43.1244508658873,22.7886709251874));
#8781=CARTESIAN_POINT('Ctrl Pts',(15.2405740545346,-43.1105157512409,22.7622552834223));
#8782=CARTESIAN_POINT('Ctrl Pts',(15.4109979635465,-43.1342004351817,22.7475669677123));
#8783=CARTESIAN_POINT('Ctrl Pts',(15.7309485614429,-43.2507552096419,22.7193266332831));
#8784=CARTESIAN_POINT('Ctrl Pts',(15.8801760326666,-43.3437895214422,22.7058510220999));
#8785=CARTESIAN_POINT('Ctrl Pts',(16.1191518399451,-43.5667172728073,22.6839987730399));
#8786=CARTESIAN_POINT('Ctrl Pts',(16.2246556941843,-43.7111731521059,22.674209504987));
#8787=CARTESIAN_POINT('Ctrl Pts',(16.3658107232449,-44.0338737233554,22.6610275036227));
#8788=CARTESIAN_POINT('Ctrl Pts',(16.4010507124324,-44.2116025482581,22.6577092786532));
#8789=CARTESIAN_POINT('Ctrl Pts',(16.4010512240452,-44.5452054973608,22.6577091327222));
#8790=CARTESIAN_POINT('Ctrl Pts',(16.3658878793579,-44.7227637295752,22.6610202730696));
#8791=CARTESIAN_POINT('Ctrl Pts',(16.2249968528686,-45.0452143744057,22.6741774164792));
#8792=CARTESIAN_POINT('Ctrl Pts',(16.1196897811686,-45.189591432989,22.683949164792));
#8793=CARTESIAN_POINT('Ctrl Pts',(15.8808782103073,-45.4127139470205,22.7057865625941));
#8794=CARTESIAN_POINT('Ctrl Pts',(15.7315694021573,-45.5059262909089,22.7192720556495));
#8795=CARTESIAN_POINT('Ctrl Pts',(15.4113288004986,-45.6227207910447,22.7475359877134));
#8796=CARTESIAN_POINT('Ctrl Pts',(15.240800982826,-45.6464179353848,22.7622393084646));
#8797=CARTESIAN_POINT('Ctrl Pts',(14.9261755565578,-45.6325803969168,22.7886784733699));
#8798=CARTESIAN_POINT('Ctrl Pts',(14.7613474748067,-45.5941395947209,22.8021556577649));
#8799=CARTESIAN_POINT('Ctrl Pts',(14.4617463002767,-45.456397844442,22.8259358051291));
#8800=CARTESIAN_POINT('Ctrl Pts',(14.3271143325847,-45.3572687589661,22.8362649433737));
#8801=CARTESIAN_POINT('Ctrl Pts',(14.1160137398571,-45.1339028524493,22.8521269119193));
#8802=CARTESIAN_POINT('Ctrl Pts',(14.0255133686353,-44.9951616888431,22.8587362973417));
#8803=CARTESIAN_POINT('Ctrl Pts',(13.9058403591559,-44.6936552320982,22.8673723456443));
#8804=CARTESIAN_POINT('Ctrl Pts',(13.8763629079687,-44.5310991102766,22.8694509581237));
#8805=CARTESIAN_POINT('Ctrl Pts',(13.8765681647868,-44.3785315435203,22.8694421670384));
#8806=CARTESIAN_POINT('Ctrl Pts',(14.2091151908093,-44.3785315435203,22.5132268190495));
#8807=CARTESIAN_POINT('Ctrl Pts',(14.2091151908093,-44.2709928873938,22.5132268190495));
#8808=CARTESIAN_POINT('Ctrl Pts',(14.2287993421914,-44.1563072623501,22.5116463951962));
#8809=CARTESIAN_POINT('Ctrl Pts',(14.3099979599172,-43.9419193475778,22.5050824689588));
#8810=CARTESIAN_POINT('Ctrl Pts',(14.3715537032656,-43.8420333862401,22.5000884557483));
#8811=CARTESIAN_POINT('Ctrl Pts',(14.5170599757785,-43.6786574579913,22.4881785226597));
#8812=CARTESIAN_POINT('Ctrl Pts',(14.7041593788836,-43.5301074833827,22.4727718275226));
#8813=CARTESIAN_POINT('Ctrl Pts',(14.9405677382089,-43.4625743154964,22.4529814704792));
#8814=CARTESIAN_POINT('Ctrl Pts',(15.170583972701,-43.4416651275432,22.4336124450126));
#8815=CARTESIAN_POINT('Ctrl Pts',(15.2975752607155,-43.4531566023388,22.4228632734527));
#8816=CARTESIAN_POINT('Ctrl Pts',(15.5405218225774,-43.5297473565945,22.4022373178432));
#8817=CARTESIAN_POINT('Ctrl Pts',(15.6561613245865,-43.5953382817863,22.3923930970015));
#8818=CARTESIAN_POINT('Ctrl Pts',(15.8435519728249,-43.758474831057,22.3764364020181));
#8819=CARTESIAN_POINT('Ctrl Pts',(15.9275925921557,-43.8668079071737,22.3692773127605));
#8820=CARTESIAN_POINT('Ctrl Pts',(16.0407514763457,-44.1127037478127,22.3596415510546));
#8821=CARTESIAN_POINT('Ctrl Pts',(16.0693049745748,-44.2497726429671,22.3572112135295));
#8822=CARTESIAN_POINT('Ctrl Pts',(16.0693063417789,-44.5070745686276,22.3572110545862));
#8823=CARTESIAN_POINT('Ctrl Pts',(16.0408142019875,-44.6440117903578,22.3596360953921));
#8824=CARTESIAN_POINT('Ctrl Pts',(15.9278678750726,-44.8897231407302,22.3692536665769));
#8825=CARTESIAN_POINT('Ctrl Pts',(15.8439791681596,-44.9980025140492,22.3763997297787));
#8826=CARTESIAN_POINT('Ctrl Pts',(15.6567131050299,-45.1613013323029,22.3923457604038));
#8827=CARTESIAN_POINT('Ctrl Pts',(15.5409948754034,-45.2270223722134,22.4021966339304));
#8828=CARTESIAN_POINT('Ctrl Pts',(15.2978377019757,-45.3037925524082,22.4228405248098));
#8829=CARTESIAN_POINT('Ctrl Pts',(15.1707380906173,-45.3152642303274,22.4335986459999));
#8830=CARTESIAN_POINT('Ctrl Pts',(14.9404745509995,-45.2944676218628,22.4529889136032));
#8831=CARTESIAN_POINT('Ctrl Pts',(14.8219690372533,-45.260929413114,22.4629113352045));
#8832=CARTESIAN_POINT('Ctrl Pts',(14.6101608900098,-45.1526911900645,22.4805131741569));
#8833=CARTESIAN_POINT('Ctrl Pts',(14.5166378606443,-45.0781848255157,22.4882140712556));
#8834=CARTESIAN_POINT('Ctrl Pts',(14.3713449274486,-44.9146353462417,22.500105432203));
#8835=CARTESIAN_POINT('Ctrl Pts',(14.3098374320678,-44.8148366567204,22.5050956991913));
#8836=CARTESIAN_POINT('Ctrl Pts',(14.2287710511456,-44.6005801997117,22.5116487383804));
#8837=CARTESIAN_POINT('Ctrl Pts',(14.2091151908093,-44.4859830016302,22.5132268190495));
#8838=CARTESIAN_POINT('Ctrl Pts',(14.2091151908093,-44.3785315435203,22.5132268190495));
#8839=CARTESIAN_POINT('Ctrl Pts',(15.8028878371465,-42.5664060335529,23.3818228408666));
#8840=CARTESIAN_POINT('Ctrl Pts',(15.7375311067398,-42.5424777556291,23.3877599405558));
#8841=CARTESIAN_POINT('Ctrl Pts',(15.670699368018,-42.5222126608629,23.3936728279294));
#8842=CARTESIAN_POINT('Ctrl Pts',(15.6030017913105,-42.5055401528445,23.399608505616));
#8843=CARTESIAN_POINT('Ctrl Pts',(15.5551587815733,-42.4937574125714,23.4038033483145));
#8844=CARTESIAN_POINT('Ctrl Pts',(15.5068825986155,-42.4837698396474,23.4080096242289));
#8845=CARTESIAN_POINT('Ctrl Pts',(15.4583865873767,-42.4755682538988,23.4122437277906));
#8846=CARTESIAN_POINT('Ctrl Pts',(15.4108178028666,-42.4675234795936,23.4163968767769));
#8847=CARTESIAN_POINT('Ctrl Pts',(15.362725207542,-42.4611497365233,23.4206031306369));
#8848=CARTESIAN_POINT('Ctrl Pts',(15.3144967555491,-42.456596428688,23.4247907778428));
#8849=CARTESIAN_POINT('Ctrl Pts',(15.2646972429184,-42.4518947950737,23.4291148392902));
#8850=CARTESIAN_POINT('Ctrl Pts',(15.2147536625477,-42.4491345842577,23.4334189799272));
#8851=CARTESIAN_POINT('Ctrl Pts',(15.1651288608979,-42.4484385379675,23.4376219050456));
#8852=CARTESIAN_POINT('Ctrl Pts',(15.1565466985516,-42.4483181630327,23.4383487630783));
#8853=CARTESIAN_POINT('Ctrl Pts',(15.1479741361468,-42.4482594167624,23.439072590275));
#8854=CARTESIAN_POINT('Ctrl Pts',(15.1394136415445,-42.4482627973245,23.439792962429));
#8855=CARTESIAN_POINT('Ctrl Pts',(15.1308905237604,-42.4482661631264,23.4405101892953));
#8856=CARTESIAN_POINT('Ctrl Pts',(15.1223394732913,-42.4483312517794,23.4412273022476));
#8857=CARTESIAN_POINT('Ctrl Pts',(15.1137627360394,-42.4484586187743,23.4419439190405));
#8858=CARTESIAN_POINT('',(14.2091151908093,-44.3785315435203,22.5132268190495));
#8859=CARTESIAN_POINT('',(13.2114741127418,-44.3785315435203,23.5818728630161));
#8860=CARTESIAN_POINT('',(16.0693056585275,-44.378489600884,22.3572111340171));
#8861=CARTESIAN_POINT('Ctrl Pts',(14.2091151908093,-44.3785315435203,22.5132268190495));
#8862=CARTESIAN_POINT('Ctrl Pts',(14.2091151908093,-44.2709928873938,22.5132268190495));
#8863=CARTESIAN_POINT('Ctrl Pts',(14.2287993421914,-44.1563072623501,22.5116463951962));
#8864=CARTESIAN_POINT('Ctrl Pts',(14.3099979599172,-43.9419193475778,22.5050824689588));
#8865=CARTESIAN_POINT('Ctrl Pts',(14.3715537032656,-43.8420333862401,22.5000884557483));
#8866=CARTESIAN_POINT('Ctrl Pts',(14.5170599757785,-43.6786574579914,22.4881785226597));
#8867=CARTESIAN_POINT('Ctrl Pts',(14.7041593788835,-43.5301074833827,22.4727718275226));
#8868=CARTESIAN_POINT('Ctrl Pts',(14.9405677382089,-43.4625743154964,22.4529814704792));
#8869=CARTESIAN_POINT('Ctrl Pts',(15.170583972701,-43.4416651275432,22.4336124450126));
#8870=CARTESIAN_POINT('Ctrl Pts',(15.2975752607155,-43.4531566023388,22.4228632734527));
#8871=CARTESIAN_POINT('Ctrl Pts',(15.5405218225774,-43.5297473565945,22.4022373178432));
#8872=CARTESIAN_POINT('Ctrl Pts',(15.6561613245865,-43.5953382817863,22.3923930970015));
#8873=CARTESIAN_POINT('Ctrl Pts',(15.8435519728249,-43.758474831057,22.3764364020181));
#8874=CARTESIAN_POINT('Ctrl Pts',(15.9275925921557,-43.8668079071737,22.3692773127605));
#8875=CARTESIAN_POINT('Ctrl Pts',(16.040751476963,-44.1127037491541,22.3596415510021));
#8876=CARTESIAN_POINT('Ctrl Pts',(16.0693049751979,-44.249772645958,22.3572112134765));
#8877=CARTESIAN_POINT('Ctrl Pts',(16.0693056585275,-44.378489600884,22.3572111340171));
#8878=CARTESIAN_POINT('Ctrl Pts',(16.0693056585275,-44.378489600884,22.3572111340171));
#8879=CARTESIAN_POINT('Ctrl Pts',(16.0693063411565,-44.5070745716187,22.3572110546392));
#8880=CARTESIAN_POINT('Ctrl Pts',(16.0408142013708,-44.6440117916995,22.3596360954446));
#8881=CARTESIAN_POINT('Ctrl Pts',(15.9278678750726,-44.8897231407302,22.3692536665769));
#8882=CARTESIAN_POINT('Ctrl Pts',(15.8439791681596,-44.9980025140492,22.3763997297787));
#8883=CARTESIAN_POINT('Ctrl Pts',(15.6567131050299,-45.1613013323029,22.3923457604038));
#8884=CARTESIAN_POINT('Ctrl Pts',(15.5409948754034,-45.2270223722134,22.4021966339304));
#8885=CARTESIAN_POINT('Ctrl Pts',(15.2978377019757,-45.3037925524082,22.4228405248098));
#8886=CARTESIAN_POINT('Ctrl Pts',(15.1707380906173,-45.3152642303274,22.4335986459999));
#8887=CARTESIAN_POINT('Ctrl Pts',(14.9404745509995,-45.2944676218628,22.4529889136032));
#8888=CARTESIAN_POINT('Ctrl Pts',(14.8219690372533,-45.260929413114,22.4629113352045));
#8889=CARTESIAN_POINT('Ctrl Pts',(14.6101608900098,-45.1526911900645,22.4805131741569));
#8890=CARTESIAN_POINT('Ctrl Pts',(14.5166378606443,-45.0781848255157,22.4882140712556));
#8891=CARTESIAN_POINT('Ctrl Pts',(14.3713449274486,-44.9146353462417,22.500105432203));
#8892=CARTESIAN_POINT('Ctrl Pts',(14.3098374320678,-44.8148366567204,22.5050956991913));
#8893=CARTESIAN_POINT('Ctrl Pts',(14.2287710511456,-44.6005801997117,22.5116487383804));
#8894=CARTESIAN_POINT('Ctrl Pts',(14.2091151908093,-44.4859830016302,22.5132268190495));
#8895=CARTESIAN_POINT('Ctrl Pts',(14.2091151908093,-44.3785315435203,22.5132268190495));
#8896=CARTESIAN_POINT('Ctrl Pts',(-15.1591487306317,-42.4068164402829,21.1406445514891));
#8897=CARTESIAN_POINT('Ctrl Pts',(-8.35195736370039,-41.2875700959701,22.771517119703));
#8898=CARTESIAN_POINT('Ctrl Pts',(3.50858120399858,-40.6705650360257,24.266936992346));
#8899=CARTESIAN_POINT('Ctrl Pts',(19.9516521699691,-43.0246525036788,23.2512603681792));
#8900=CARTESIAN_POINT('Ctrl Pts',(28.8494931532206,-45.7269384295594,21.3848186106276));
#8901=CARTESIAN_POINT('Ctrl Pts',(33.1045001037387,-47.3699776349224,20.185553505223));
#8902=CARTESIAN_POINT('Ctrl Pts',(-15.2486768004915,-41.8428364892378,21.119195342065));
#8903=CARTESIAN_POINT('Ctrl Pts',(-8.40520163317412,-40.7059973370804,22.7661510006342));
#8904=CARTESIAN_POINT('Ctrl Pts',(3.53235707917811,-40.0758398311218,24.2756378760765));
#8905=CARTESIAN_POINT('Ctrl Pts',(20.080929689321,-42.4594875428796,23.2379157783593));
#8906=CARTESIAN_POINT('Ctrl Pts',(29.0207874852072,-45.1948735547477,21.3463064853788));
#8907=CARTESIAN_POINT('Ctrl Pts',(33.2918393316675,-46.8569955794339,20.13275232263));
#8908=CARTESIAN_POINT('Ctrl Pts',(-15.2952064532312,-40.8653668620848,20.6285735725982));
#8909=CARTESIAN_POINT('Ctrl Pts',(-8.41880916664168,-39.6995185409287,22.2754390717268));
#8910=CARTESIAN_POINT('Ctrl Pts',(3.59351485124621,-39.0468497206889,23.7865279242607));
#8911=CARTESIAN_POINT('Ctrl Pts',(20.2378954361944,-41.4803583931818,22.7409591580125));
#8912=CARTESIAN_POINT('Ctrl Pts',(29.2163439641397,-44.2725945800166,20.843697888676));
#8913=CARTESIAN_POINT('Ctrl Pts',(33.5009200194741,-45.9666205764436,19.6292489727662));
#8914=CARTESIAN_POINT('Ctrl Pts',(-15.1242754894451,-40.4921444764038,19.6536281701449));
#8915=CARTESIAN_POINT('Ctrl Pts',(-8.28387736175181,-39.3362269770625,21.2658514736039));
#8916=CARTESIAN_POINT('Ctrl Pts',(3.64583428661024,-38.6948919562092,22.7445469833492));
#8917=CARTESIAN_POINT('Ctrl Pts',(20.1813788890629,-41.1172962284038,21.734514495643));
#8918=CARTESIAN_POINT('Ctrl Pts',(29.1182583794142,-43.8975520800672,19.8855897029328));
#8919=CARTESIAN_POINT('Ctrl Pts',(33.3885117389781,-45.5866812966593,18.6990204898335));
#8920=CARTESIAN_POINT('Ctrl Pts',(-15.0270849558489,-40.4758305534232,19.2365292416019));
#8921=CARTESIAN_POINT('Ctrl Pts',(-8.21215756546855,-39.3319104981324,20.8340382336126));
#8922=CARTESIAN_POINT('Ctrl Pts',(3.66185989529093,-38.7013036028117,22.2988655536251));
#8923=CARTESIAN_POINT('Ctrl Pts',(20.1236175670861,-41.107286771611,21.3039671343951));
#8924=CARTESIAN_POINT('Ctrl Pts',(29.0315704897236,-43.8691444104159,19.4757081098299));
#8925=CARTESIAN_POINT('Ctrl Pts',(33.2914130371525,-45.5484043054282,18.3009769707889));
#8926=CARTESIAN_POINT('',(33.2914130371525,-45.5484043054282,18.3009769707889));
#8927=CARTESIAN_POINT('Origin',(32.573336018111,-47.3699776349224,18.3009769707889));
#8928=CARTESIAN_POINT('',(-15.0270849558491,-40.4758305534232,19.2365292416029));
#8929=CARTESIAN_POINT('Ctrl Pts',(33.2914130371525,-45.5484043054282,18.3009769707889));
#8930=CARTESIAN_POINT('Ctrl Pts',(29.0315704897236,-43.8691444104159,19.4757081098299));
#8931=CARTESIAN_POINT('Ctrl Pts',(20.1236175670861,-41.107286771611,21.3039671343951));
#8932=CARTESIAN_POINT('Ctrl Pts',(3.66185989529093,-38.7013036028117,22.2988655536251));
#8933=CARTESIAN_POINT('Ctrl Pts',(-8.21215756546855,-39.3319104981324,20.8340382336126));
#8934=CARTESIAN_POINT('Ctrl Pts',(-15.0270849558489,-40.4758305534232,19.2365292416019));
#8935=CARTESIAN_POINT('',(-15.0320683447195,-40.4772323511882,19.2833135914256));
#8936=CARTESIAN_POINT('Ctrl Pts',(-15.0270849558489,-40.4758305534232,19.2365292416019));
#8937=CARTESIAN_POINT('Ctrl Pts',(-15.0270849558487,-40.4758305534231,19.2403359325254));
#8938=CARTESIAN_POINT('Ctrl Pts',(-15.0271767319275,-40.4758570192084,19.2441445670009));
#8939=CARTESIAN_POINT('Ctrl Pts',(-15.0273637520472,-40.4759108383375,19.2479463227894));
#8940=CARTESIAN_POINT('Ctrl Pts',(-15.0279700236573,-40.476085306251,19.2602706470793));
#8941=CARTESIAN_POINT('Ctrl Pts',(-15.0295547970912,-40.4765422527734,19.2721307381814));
#8942=CARTESIAN_POINT('Ctrl Pts',(-15.0320660357505,-40.477250252588,19.2833165052122));
#8943=CARTESIAN_POINT('Ctrl Pts',(-15.0795809397174,-42.3937702278321,21.1596706991278));
#8944=CARTESIAN_POINT('Ctrl Pts',(-15.0802569059507,-42.3902068984486,21.1595093978948));
#8945=CARTESIAN_POINT('Ctrl Pts',(-15.0809304397807,-42.3866438145579,21.1593376310975));
#8946=CARTESIAN_POINT('Ctrl Pts',(-15.0816015404843,-42.3830810114313,21.1591554242272));
#8947=CARTESIAN_POINT('Ctrl Pts',(-15.0949440653224,-42.3122469488998,21.1555328685088));
#8948=CARTESIAN_POINT('Ctrl Pts',(-15.1072930136002,-42.2417028076733,21.1477969767271));
#8949=CARTESIAN_POINT('Ctrl Pts',(-15.118650017379,-42.1717208221816,21.1361823481238));
#8950=CARTESIAN_POINT('Ctrl Pts',(-15.1302247859582,-42.1003969675311,21.1243450148944));
#8951=CARTESIAN_POINT('Ctrl Pts',(-15.140769276294,-42.0296562028761,21.1084784885191));
#8952=CARTESIAN_POINT('Ctrl Pts',(-15.1502722046255,-41.9597882419453,21.0887781766026));
#8953=CARTESIAN_POINT('Ctrl Pts',(-15.1598677999377,-41.8892389696587,21.0688857588046));
#8954=CARTESIAN_POINT('Ctrl Pts',(-15.1684014829956,-41.8195787009227,21.0450840472748));
#8955=CARTESIAN_POINT('Ctrl Pts',(-15.1758475125117,-41.7511204413352,21.0175258813372));
#8956=CARTESIAN_POINT('Ctrl Pts',(-15.1776232440854,-41.7347944930205,21.0109538008394));
#8957=CARTESIAN_POINT('Ctrl Pts',(-15.1793370526633,-41.7185370067132,21.0041678801533));
#8958=CARTESIAN_POINT('Ctrl Pts',(-15.1809884657738,-41.7023524392527,20.9971698279811));
#8959=CARTESIAN_POINT('Ctrl Pts',(-15.1878993658862,-41.6346226093438,20.9678840973324));
#8960=CARTESIAN_POINT('Ctrl Pts',(-15.19368427914,-41.5685133364539,20.9350359761643));
#8961=CARTESIAN_POINT('Ctrl Pts',(-15.1983280047532,-41.5043146564184,20.8988326998063));
#8962=CARTESIAN_POINT('Ctrl Pts',(-15.2029815617187,-41.4399800596869,20.8625527765498));
#8963=CARTESIAN_POINT('Ctrl Pts',(-15.2064891303578,-41.3775632630213,20.8229030120953));
#8964=CARTESIAN_POINT('Ctrl Pts',(-15.2088210976532,-41.3173753073419,20.780045632066));
#8965=CARTESIAN_POINT('Ctrl Pts',(-15.2111122649876,-41.2582403965506,20.7379380822054));
#8966=CARTESIAN_POINT('Ctrl Pts',(-15.2122686029978,-41.2012562619788,20.6927336340791));
#8967=CARTESIAN_POINT('Ctrl Pts',(-15.2122480581957,-41.1467484452323,20.6445491334178));
#8968=CARTESIAN_POINT('Ctrl Pts',(-15.2122436829932,-41.1351405098394,20.6342878057037));
#8969=CARTESIAN_POINT('Ctrl Pts',(-15.2121858831737,-41.1236450146999,20.6238912086895));
#8970=CARTESIAN_POINT('Ctrl Pts',(-15.212074168901,-41.112265337481,20.613360284061));
#8971=CARTESIAN_POINT('Ctrl Pts',(-15.2115419945556,-41.0580558606963,20.5631940180774));
#8972=CARTESIAN_POINT('Ctrl Pts',(-15.2097905934667,-41.0067576152969,20.510246507646));
#8973=CARTESIAN_POINT('Ctrl Pts',(-15.2067876313671,-40.9586650318708,20.4546895877198));
#8974=CARTESIAN_POINT('Ctrl Pts',(-15.2059352674182,-40.9450143819583,20.4389202526144));
#8975=CARTESIAN_POINT('Ctrl Pts',(-15.2049819814602,-40.9316221783055,20.4229404382399));
#8976=CARTESIAN_POINT('Ctrl Pts',(-15.2039268209718,-40.9184956249715,20.4067535032225));
#8977=CARTESIAN_POINT('Ctrl Pts',(-15.2002470549064,-40.8727180906076,20.3503031955791));
#8978=CARTESIAN_POINT('Ctrl Pts',(-15.195329348122,-40.8301682158495,20.2913361827901));
#8979=CARTESIAN_POINT('Ctrl Pts',(-15.1892198515266,-40.7909387745578,20.2302068058779));
#8980=CARTESIAN_POINT('Ctrl Pts',(-15.1830591678194,-40.7513806577746,20.1685652695431));
#8981=CARTESIAN_POINT('Ctrl Pts',(-15.1756864901903,-40.7151984226683,20.1047240734177));
#8982=CARTESIAN_POINT('Ctrl Pts',(-15.1671364665328,-40.682532557592,20.039023868992));
#8983=CARTESIAN_POINT('Ctrl Pts',(-15.1656259643015,-40.6767615955384,20.0274168478471));
#8984=CARTESIAN_POINT('Ctrl Pts',(-15.1640786875381,-40.6711005059741,20.0157517687521));
#8985=CARTESIAN_POINT('Ctrl Pts',(-15.1624947921577,-40.6655502250124,20.0040304710152));
#8986=CARTESIAN_POINT('Ctrl Pts',(-15.1535583394443,-40.6342351369237,19.9378980583179));
#8987=CARTESIAN_POINT('Ctrl Pts',(-15.1435013649283,-40.606613575415,19.870339361542));
#8988=CARTESIAN_POINT('Ctrl Pts',(-15.1323797337207,-40.5827610688789,19.8017211580989));
#8989=CARTESIAN_POINT('Ctrl Pts',(-15.1212204122994,-40.5588277283311,19.7328704137004));
#8990=CARTESIAN_POINT('Ctrl Pts',(-15.108989035698,-40.5386886719247,19.6629520131386));
#8991=CARTESIAN_POINT('Ctrl Pts',(-15.095729653559,-40.5224664392614,19.5923151515179));
#8992=CARTESIAN_POINT('Ctrl Pts',(-15.0827188541349,-40.5065483359002,19.5230025675026));
#8993=CARTESIAN_POINT('Ctrl Pts',(-15.0687180430353,-40.4944013859807,19.4529972865253));
#8994=CARTESIAN_POINT('Ctrl Pts',(-15.0537596651074,-40.4861895674821,19.3826227211848));
#8995=CARTESIAN_POINT('Ctrl Pts',(-15.0467385955718,-40.4823351556621,19.3495907494576));
#8996=CARTESIAN_POINT('Ctrl Pts',(-15.0395064475513,-40.4793484136348,19.3164774103372));
#8997=CARTESIAN_POINT('Ctrl Pts',(-15.0320660357505,-40.477250252588,19.2833165052122));
#8998=CARTESIAN_POINT('Origin',(15.1391151908093,-44.3785315435203,21.48789298028));
#8999=CARTESIAN_POINT('',(16.0691151908093,-44.3785315477311,20.74664044588));
#9000=CARTESIAN_POINT('Origin',(15.1391151908093,-44.3785315435203,20.74664044588));
#9001=CARTESIAN_POINT('',(16.0691151908093,-44.3785315477311,21.48789298028));
#9002=CARTESIAN_POINT('Origin',(-3.97588426773846,-48.4637492632628,21.48789298028));
#9003=CARTESIAN_POINT('',(-1.47588426773846,-48.4637492745823,20.74664044588));
#9004=CARTESIAN_POINT('Origin',(-3.97588426773846,-48.4637492632628,20.74664044588));
#9005=CARTESIAN_POINT('',(-1.47588426773846,-48.4637492745823,21.48789298028));
#9006=CARTESIAN_POINT('Origin',(-3.97588426773846,-48.4637492632628,20.74664044588));
#9007=CARTESIAN_POINT('Origin',(15.1391151908093,-44.3785315435203,21.48789298028));
#9008=CARTESIAN_POINT('Origin',(15.1391151908093,-44.3785315435203,20.74664044588));
#9009=CARTESIAN_POINT('Origin',(15.1391151908093,-44.3785315435203,20.74664044588));
#9010=CARTESIAN_POINT('Ctrl Pts',(33.1045001037387,-47.3699776349224,20.1855535052229));
#9011=CARTESIAN_POINT('Ctrl Pts',(33.1649042834339,-47.393302258492,20.1685287093127));
#9012=CARTESIAN_POINT('Ctrl Pts',(33.223252417632,-47.4221059397302,20.1520187127709));
#9013=CARTESIAN_POINT('Ctrl Pts',(33.2785768768975,-47.4560104672492,20.1363126871642));
#9014=CARTESIAN_POINT('Ctrl Pts',(33.2918393316675,-46.8569955794339,20.13275232263));
#9015=CARTESIAN_POINT('Ctrl Pts',(33.37948770274,-46.8974700149199,20.1077033934566));
#9016=CARTESIAN_POINT('Ctrl Pts',(33.4633505206914,-46.9453052405386,20.0842106719221));
#9017=CARTESIAN_POINT('Ctrl Pts',(33.5422909758213,-47.0005210063441,20.0614470590942));
#9018=CARTESIAN_POINT('Ctrl Pts',(33.5009198005329,-45.9666208699429,19.6292486064634));
#9019=CARTESIAN_POINT('Ctrl Pts',(33.6382628398692,-46.0361325832099,19.6002411678704));
#9020=CARTESIAN_POINT('Ctrl Pts',(33.7688589740686,-46.1175359837579,19.5723219820804));
#9021=CARTESIAN_POINT('Ctrl Pts',(33.8911132286399,-46.2091639929956,19.5461968360135));
#9022=CARTESIAN_POINT('Ctrl Pts',(33.3885117389781,-45.5866812966593,18.6990204898335));
#9023=CARTESIAN_POINT('Ctrl Pts',(33.5535880637104,-45.6586527945123,18.6786804688924));
#9024=CARTESIAN_POINT('Ctrl Pts',(33.7119165062547,-45.745244081988,18.6589667666193));
#9025=CARTESIAN_POINT('Ctrl Pts',(33.8614323389482,-45.845581563685,18.6403904777384));
#9026=CARTESIAN_POINT('Ctrl Pts',(33.2914130371525,-45.5484043054282,18.3009769707889));
#9027=CARTESIAN_POINT('Ctrl Pts',(33.4617636930992,-45.6155577322123,18.2843004596477));
#9028=CARTESIAN_POINT('Ctrl Pts',(33.6263159307764,-45.6984857971974,18.2681282163665));
#9029=CARTESIAN_POINT('Ctrl Pts',(33.7823408610595,-45.796099600035,18.2527434967849));
#9030=CARTESIAN_POINT('',(33.7823408610595,-45.796099600035,18.2527434967849));
#9031=CARTESIAN_POINT('Origin',(32.7438516156147,-47.4560104672492,18.2527434967849));
#9032=CARTESIAN_POINT('Ctrl Pts',(33.7823408610595,-45.796099600035,18.2527434967849));
#9033=CARTESIAN_POINT('Ctrl Pts',(33.6263159307764,-45.6984857971974,18.2681282163665));
#9034=CARTESIAN_POINT('Ctrl Pts',(33.4617636930992,-45.6155577322123,18.2843004596477));
#9035=CARTESIAN_POINT('Ctrl Pts',(33.2914130371525,-45.5484043054282,18.3009769707889));
#9036=CARTESIAN_POINT('Ctrl Pts',(33.2785768768975,-47.4560104672492,20.1363126871642));
#9037=CARTESIAN_POINT('Ctrl Pts',(33.2846756533588,-47.4597479847434,20.1345813093876));
#9038=CARTESIAN_POINT('Ctrl Pts',(33.2968004832563,-47.4721399825468,20.1311375361715));
#9039=CARTESIAN_POINT('Ctrl Pts',(33.2997933964599,-47.4898554907375,20.130286920497));
#9040=CARTESIAN_POINT('Ctrl Pts',(33.2979811582973,-47.4993417123703,20.1308018083861));
#9041=CARTESIAN_POINT('Ctrl Pts',(33.5422909758213,-47.0005210063441,20.0614470590942));
#9042=CARTESIAN_POINT('Ctrl Pts',(33.6133302012401,-47.0623240017857,20.0407823863016));
#9043=CARTESIAN_POINT('Ctrl Pts',(33.7444480823473,-47.2426901089555,20.0031363702457));
#9044=CARTESIAN_POINT('Ctrl Pts',(33.7741097192428,-47.4679889284489,19.9954034557656));
#9045=CARTESIAN_POINT('Ctrl Pts',(33.7553625378384,-47.5918409124172,20.0008519276739));
#9046=CARTESIAN_POINT('Ctrl Pts',(33.890902853733,-46.2093669324422,19.5459030243815));
#9047=CARTESIAN_POINT('Ctrl Pts',(34.0814910837374,-46.3704098252275,19.5160165970482));
#9048=CARTESIAN_POINT('Ctrl Pts',(34.4327738843621,-46.8418439553967,19.4618496872226));
#9049=CARTESIAN_POINT('Ctrl Pts',(34.5117357682254,-47.4306747651934,19.4497635858894));
#9050=CARTESIAN_POINT('Ctrl Pts',(34.4615311694269,-47.752880246205,19.4574059396994));
#9051=CARTESIAN_POINT('Ctrl Pts',(33.8614323389482,-45.8455815636851,18.6403904777384));
#9052=CARTESIAN_POINT('Ctrl Pts',(34.1277050306622,-46.0307640235045,18.6302976184192));
#9053=CARTESIAN_POINT('Ctrl Pts',(34.6435592133261,-46.6156041000811,18.611761303837));
#9054=CARTESIAN_POINT('Ctrl Pts',(34.7668934259066,-47.411151941565,18.6075170263094));
#9055=CARTESIAN_POINT('Ctrl Pts',(34.6909387298529,-47.8408556712591,18.6101482872297));
#9056=CARTESIAN_POINT('Ctrl Pts',(33.7823408610595,-45.7960996000351,18.2527434967849));
#9057=CARTESIAN_POINT('Ctrl Pts',(34.0668175629409,-45.974076623572,18.2510475386699));
#9058=CARTESIAN_POINT('Ctrl Pts',(34.6323788098489,-46.5641717570682,18.2476742164457));
#9059=CARTESIAN_POINT('Ctrl Pts',(34.771982889877,-47.4077673851926,18.2468410022416));
#9060=CARTESIAN_POINT('Ctrl Pts',(34.6874512565585,-47.859492224853,18.2473453568116));
#9061=CARTESIAN_POINT('',(34.6874512565585,-47.859492224853,18.2473453568116));
#9062=CARTESIAN_POINT('Origin',(32.7628589339202,-47.4993417123703,18.2473453568116));
#9063=CARTESIAN_POINT('Ctrl Pts',(34.6874512565585,-47.859492224853,18.2473453568116));
#9064=CARTESIAN_POINT('Ctrl Pts',(34.771982889877,-47.4077673851926,18.2468410022416));
#9065=CARTESIAN_POINT('Ctrl Pts',(34.6323788098489,-46.5641717570682,18.2476742164457));
#9066=CARTESIAN_POINT('Ctrl Pts',(34.0668175629409,-45.974076623572,18.2510475386699));
#9067=CARTESIAN_POINT('Ctrl Pts',(33.7823408610595,-45.7960996000351,18.2527434967849));
#9068=CARTESIAN_POINT('Ctrl Pts',(33.2979811582973,-47.4993417123703,20.1308018083861));
#9069=CARTESIAN_POINT('Ctrl Pts',(32.682521468558,-50.72098616475,20.3056644434698));
#9070=CARTESIAN_POINT('Ctrl Pts',(32.0653083060712,-53.9518092292203,20.474355417602));
#9071=CARTESIAN_POINT('Ctrl Pts',(31.4464657830986,-57.1911612359713,20.6368408095709));
#9072=CARTESIAN_POINT('Ctrl Pts',(33.7553625378384,-47.5918409124172,20.0008519276739));
#9073=CARTESIAN_POINT('Ctrl Pts',(33.1431361562579,-50.8137878038891,20.1781683518456));
#9074=CARTESIAN_POINT('Ctrl Pts',(32.5290720787007,-54.0449042326557,20.3491803476803));
#9075=CARTESIAN_POINT('Ctrl Pts',(31.9134251400701,-57.2845678243735,20.5142343768607));
#9076=CARTESIAN_POINT('Ctrl Pts',(34.4615232538396,-47.7528790408424,19.4574007506281));
#9077=CARTESIAN_POINT('Ctrl Pts',(33.8559452747671,-50.9753223294898,19.6348790071421));
#9078=CARTESIAN_POINT('Ctrl Pts',(33.2486450070582,-54.2069595544501,19.8063570393436));
#9079=CARTESIAN_POINT('Ctrl Pts',(32.639705054698,-57.4471335279172,19.9717073899446));
#9080=CARTESIAN_POINT('Ctrl Pts',(34.6909387298529,-47.840855671259,18.6101482872297));
#9081=CARTESIAN_POINT('Ctrl Pts',(34.0880140656465,-51.0628813372974,18.7832828387317));
#9082=CARTESIAN_POINT('Ctrl Pts',(33.4833247567434,-54.2940817838202,18.9503986646063));
#9083=CARTESIAN_POINT('Ctrl Pts',(32.8770856679977,-57.53382446138,19.1114076630326));
#9084=CARTESIAN_POINT('Ctrl Pts',(34.6874512565586,-47.859492224853,18.2473453568116));
#9085=CARTESIAN_POINT('Ctrl Pts',(34.0845823336633,-51.0811366772326,18.4186307394695));
#9086=CARTESIAN_POINT('Ctrl Pts',(33.4799958096898,-54.311959741703,18.5838707179323));
#9087=CARTESIAN_POINT('Ctrl Pts',(32.8738132578734,-57.551311748454,18.7430320649314));
#9088=CARTESIAN_POINT('',(32.8738132578734,-57.551311748454,18.7430320649314));
#9089=CARTESIAN_POINT('Origin',(30.9492209352351,-57.1911612359713,18.7430320649314));
#9090=CARTESIAN_POINT('Origin',(9.06482135440469,-184.783125778923,-71.9359910794505));
#9091=CARTESIAN_POINT('Ctrl Pts',(31.4464657830986,-57.1911612359713,20.6368408095709));
#9092=CARTESIAN_POINT('Ctrl Pts',(31.4051808083344,-57.4072688253601,20.6476807325852));
#9093=CARTESIAN_POINT('Ctrl Pts',(31.1401279725552,-57.8766383796086,20.7174228190647));
#9094=CARTESIAN_POINT('Ctrl Pts',(30.6211998270737,-58.0579287490843,20.8500842009168));
#9095=CARTESIAN_POINT('Ctrl Pts',(30.3311009062795,-58.0392553365734,20.9225347039408));
#9096=CARTESIAN_POINT('Ctrl Pts',(31.9134251400701,-57.2845678243735,20.5142343768607));
#9097=CARTESIAN_POINT('Ctrl Pts',(31.8563165117936,-57.6067326599444,20.5295569551726));
#9098=CARTESIAN_POINT('Ctrl Pts',(31.4914692689334,-58.3129183897412,20.6265192277474));
#9099=CARTESIAN_POINT('Ctrl Pts',(30.7387113477219,-58.6334299666668,20.8197686142597));
#9100=CARTESIAN_POINT('Ctrl Pts',(30.2945716415233,-58.629814355032,20.9316576734419));
#9101=CARTESIAN_POINT('Ctrl Pts',(32.6399218271556,-57.4471640824839,19.9719111246157));
#9102=CARTESIAN_POINT('Ctrl Pts',(32.5537560789477,-57.9531631731738,19.9892020215112));
#9103=CARTESIAN_POINT('Ctrl Pts',(32.0048488834042,-59.0720442815871,20.1001101540689));
#9104=CARTESIAN_POINT('Ctrl Pts',(30.8278961068021,-59.6329107341706,20.3271369125436));
#9105=CARTESIAN_POINT('Ctrl Pts',(30.1096897839585,-59.6518453100127,20.4602925495323));
#9106=CARTESIAN_POINT('Ctrl Pts',(32.8770856679976,-57.5338244613801,19.1114076630326));
#9107=CARTESIAN_POINT('Ctrl Pts',(32.7680366496315,-58.1370830925465,19.1240098260138));
#9108=CARTESIAN_POINT('Ctrl Pts',(32.0703499479922,-59.4563445404151,19.2050980621223));
#9109=CARTESIAN_POINT('Ctrl Pts',(30.654621427163,-60.0242542822213,19.364089666276));
#9110=CARTESIAN_POINT('Ctrl Pts',(29.8353728478022,-60.000078608718,19.4535288597849));
#9111=CARTESIAN_POINT('Ctrl Pts',(32.8738132578734,-57.5513117484541,18.7430320649314));
#9112=CARTESIAN_POINT('Ctrl Pts',(32.7573822001672,-58.1735025048499,18.7536502302163));
#9113=CARTESIAN_POINT('Ctrl Pts',(32.0098855093206,-59.5248543884842,18.8219655679342));
#9114=CARTESIAN_POINT('Ctrl Pts',(30.546414762461,-60.0468036288176,18.9519130295156));
#9115=CARTESIAN_POINT('Ctrl Pts',(29.7282836050484,-59.9930414046982,19.0228813763453));
#9116=CARTESIAN_POINT('Ctrl Pts',(29.7282836050484,-59.9930414046982,19.0228813763453));
#9117=CARTESIAN_POINT('Ctrl Pts',(30.546414762461,-60.0468036288176,18.9519130295156));
#9118=CARTESIAN_POINT('Ctrl Pts',(32.0098855093206,-59.5248543884842,18.8219655679342));
#9119=CARTESIAN_POINT('Ctrl Pts',(32.7573822001672,-58.1735025048499,18.7536502302163));
#9120=CARTESIAN_POINT('Ctrl Pts',(32.8738132578734,-57.5513117484541,18.7430320649314));
#9121=CARTESIAN_POINT('Ctrl Pts',(-12.9033600003519,-65.5112785275447,18.8945581913394));
#9122=CARTESIAN_POINT('Ctrl Pts',(-13.0696150034584,-65.5809927999326,18.8027712694705));
#9123=CARTESIAN_POINT('Ctrl Pts',(-13.3841961540546,-65.6309172680758,18.6673026358976));
#9124=CARTESIAN_POINT('Ctrl Pts',(-13.824624142953,-65.4894218622481,18.5820366186353));
#9125=CARTESIAN_POINT('Ctrl Pts',(-14.0277979486134,-65.3154381012055,18.5976208948678));
#9126=CARTESIAN_POINT('Ctrl Pts',(-14.1080923150552,-65.2141445229899,18.6201258003475));
#9127=CARTESIAN_POINT('Ctrl Pts',(-12.677117994276,-65.9162944314972,18.7739456943538));
#9128=CARTESIAN_POINT('Ctrl Pts',(-12.918650405635,-65.9854053573733,18.6546013460259));
#9129=CARTESIAN_POINT('Ctrl Pts',(-13.3614353184385,-66.010853292117,18.4847287912488));
#9130=CARTESIAN_POINT('Ctrl Pts',(-13.9763841327163,-65.7826365980766,18.3791628513645));
#9131=CARTESIAN_POINT('Ctrl Pts',(-14.2688171474114,-65.5395845592102,18.398777006978));
#9132=CARTESIAN_POINT('Ctrl Pts',(-14.3890858954135,-65.4002571751852,18.4267505716077));
#9133=CARTESIAN_POINT('Ctrl Pts',(-12.1874310563014,-66.4857507674668,18.2873802433648));
#9134=CARTESIAN_POINT('Ctrl Pts',(-12.5708210794842,-66.5722664030183,18.1568528044173));
#9135=CARTESIAN_POINT('Ctrl Pts',(-13.2535552650666,-66.5772913120971,17.9732320802051));
#9136=CARTESIAN_POINT('Ctrl Pts',(-14.1830084487919,-66.2126205945021,17.8612203890765));
#9137=CARTESIAN_POINT('Ctrl Pts',(-14.6295231398261,-65.8452639224896,17.8815010969407));
#9138=CARTESIAN_POINT('Ctrl Pts',(-14.816698380963,-65.6357576090942,17.9112728194435));
#9139=CARTESIAN_POINT('Ctrl Pts',(-11.7494692298601,-66.5662189691793,17.5373877748134));
#9140=CARTESIAN_POINT('Ctrl Pts',(-12.2069049452666,-66.7186388815528,17.4366654366688));
#9141=CARTESIAN_POINT('Ctrl Pts',(-13.0529838113321,-66.7953218186819,17.290617262031));
#9142=CARTESIAN_POINT('Ctrl Pts',(-14.2288708024678,-66.378148949249,17.1997944161016));
#9143=CARTESIAN_POINT('Ctrl Pts',(-14.7823435333185,-65.9132573395249,17.2163100279981));
#9144=CARTESIAN_POINT('Ctrl Pts',(-15.0071764454604,-65.6454488683831,17.2403438260732));
#9145=CARTESIAN_POINT('Ctrl Pts',(-11.5993299844636,-66.506553986759,17.2162268854599));
#9146=CARTESIAN_POINT('Ctrl Pts',(-12.0677185605766,-66.6926905034697,17.1281616047514));
#9147=CARTESIAN_POINT('Ctrl Pts',(-12.9584915921992,-66.8152408847118,16.9981857541623));
#9148=CARTESIAN_POINT('Ctrl Pts',(-14.2172344804622,-66.3946910436968,16.9163769780074));
#9149=CARTESIAN_POINT('Ctrl Pts',(-14.8038807481656,-65.89618022838,16.9313293659196));
#9150=CARTESIAN_POINT('Ctrl Pts',(-15.0375119919355,-65.6080350277305,16.9529217755793));
#9151=CARTESIAN_POINT('',(-15.0375119919356,-65.6080350277305,16.9529217755793));
#9152=CARTESIAN_POINT('Origin',(-13.5166242359428,-64.3748827931417,16.9529217755793));
#9153=CARTESIAN_POINT('Ctrl Pts',(-15.0375119919355,-65.6080350277305,16.9529217755793));
#9154=CARTESIAN_POINT('Ctrl Pts',(-14.8038807481656,-65.89618022838,16.9313293659196));
#9155=CARTESIAN_POINT('Ctrl Pts',(-14.2172344804622,-66.3946910436968,16.9163769780074));
#9156=CARTESIAN_POINT('Ctrl Pts',(-12.9584915921992,-66.8152408847118,16.9981857541623));
#9157=CARTESIAN_POINT('Ctrl Pts',(-12.0677185605766,-66.6926905034697,17.1281616047514));
#9158=CARTESIAN_POINT('Ctrl Pts',(-11.5993299844636,-66.506553986759,17.2162268854599));
#9159=CARTESIAN_POINT('Ctrl Pts',(-14.1080923150552,-65.2141445229899,18.6201258003475));
#9160=CARTESIAN_POINT('Ctrl Pts',(-14.5983449775749,-64.5956771433099,18.7575338193669));
#9161=CARTESIAN_POINT('Ctrl Pts',(-15.0910551638696,-63.9741095289841,18.8931257096063));
#9162=CARTESIAN_POINT('Ctrl Pts',(-15.5861575913327,-63.3495240358374,19.0268835055512));
#9163=CARTESIAN_POINT('Ctrl Pts',(-14.3539616978687,-65.3769930936608,18.4509224752002));
#9164=CARTESIAN_POINT('Ctrl Pts',(-14.8457521978452,-64.7603468934369,18.588943442632));
#9165=CARTESIAN_POINT('Ctrl Pts',(-15.3399890244594,-64.1405843823263,18.7251350819021));
#9166=CARTESIAN_POINT('Ctrl Pts',(-15.8366353645662,-63.51781985739,18.8595694301786));
#9167=CARTESIAN_POINT('Ctrl Pts',(-14.7905239254513,-65.6246947149564,17.9583634981354));
#9168=CARTESIAN_POINT('Ctrl Pts',(-15.2852884600252,-65.0115599500243,18.0954871411157));
#9169=CARTESIAN_POINT('Ctrl Pts',(-15.782547800389,-64.3953571762864,18.2308828368218));
#9170=CARTESIAN_POINT('Ctrl Pts',(-16.2822042603842,-63.7761383876408,18.3644999792515));
#9171=CARTESIAN_POINT('Ctrl Pts',(-15.0021205210479,-65.6516845084918,17.2882475011555));
#9172=CARTESIAN_POINT('Ctrl Pts',(-15.497840095888,-65.0403217896194,17.4218556459029));
#9173=CARTESIAN_POINT('Ctrl Pts',(-15.9960094344125,-64.4258622613296,17.5537122013887));
#9174=CARTESIAN_POINT('Ctrl Pts',(-16.4966360277748,-63.808448716862,17.6838172888648));
#9175=CARTESIAN_POINT('Ctrl Pts',(-15.0375119919356,-65.6080350277305,16.9529217755793));
#9176=CARTESIAN_POINT('Ctrl Pts',(-15.5329761813745,-64.9969625274224,17.0847583762649));
#9177=CARTESIAN_POINT('Ctrl Pts',(-16.0309240187735,-64.382826861297,17.2148524858901));
#9178=CARTESIAN_POINT('Ctrl Pts',(-16.5312895275532,-63.7657094004687,17.3431868673796));
#9179=CARTESIAN_POINT('',(-16.5312895275532,-63.7657094004687,17.3431868673796));
#9180=CARTESIAN_POINT('Origin',(-15.0104017715604,-62.5325571658799,17.3431868673796));
#9181=CARTESIAN_POINT('Origin',(-71.2688731530262,3.74397707094792,-22.4981655604559));
#9182=CARTESIAN_POINT('Ctrl Pts',(-18.808387090441,-60.957289072907,17.7111185168891));
#9183=CARTESIAN_POINT('Ctrl Pts',(-18.0457164253018,-61.8979162265788,17.6586415509726));
#9184=CARTESIAN_POINT('Ctrl Pts',(-17.2849073087202,-62.8362474703627,17.5364757134892));
#9185=CARTESIAN_POINT('Ctrl Pts',(-16.5312895275526,-63.7657094004695,17.3431868673795));
#9186=CARTESIAN_POINT('Ctrl Pts',(-18.7982221408596,-60.9698258440575,18.0835664258072));
#9187=CARTESIAN_POINT('Ctrl Pts',(-18.0267217255763,-61.9211669540222,18.0214368921149));
#9188=CARTESIAN_POINT('Ctrl Pts',(-17.2578588006438,-62.8697539160633,17.8886938112436));
#9189=CARTESIAN_POINT('Ctrl Pts',(-16.4966360277744,-63.8084487168626,17.6838172888649));
#9190=CARTESIAN_POINT('Ctrl Pts',(-18.6077468262866,-60.8568950042387,18.8275903943334));
#9191=CARTESIAN_POINT('Ctrl Pts',(-17.8273871557508,-61.8367249582962,18.7463751603231));
#9192=CARTESIAN_POINT('Ctrl Pts',(-17.0501748686867,-62.8121420434926,18.5923804077534));
#9193=CARTESIAN_POINT('Ctrl Pts',(-16.2822042585322,-63.7761383858302,18.3644999777649));
#9194=CARTESIAN_POINT('Ctrl Pts',(-18.1383818395419,-60.5046798215246,19.3357703428448));
#9195=CARTESIAN_POINT('Ctrl Pts',(-17.3657704539667,-61.5158463331417,19.2524026711789));
#9196=CARTESIAN_POINT('Ctrl Pts',(-16.5964990551883,-62.522766291867,19.0943600761141));
#9197=CARTESIAN_POINT('Ctrl Pts',(-15.8366353645659,-63.5178198573894,18.8595694301792));
#9198=CARTESIAN_POINT('Ctrl Pts',(-17.8707563550074,-60.2963182193223,19.4904958560729));
#9199=CARTESIAN_POINT('Ctrl Pts',(-17.1040080306042,-61.3201418590801,19.4126026077781));
#9200=CARTESIAN_POINT('Ctrl Pts',(-16.340285495268,-62.3404736051711,19.2586160122152));
#9201=CARTESIAN_POINT('Ctrl Pts',(-15.5861575913323,-63.3495240358366,19.0268835055517));
#9202=CARTESIAN_POINT('',(-18.8083870903604,-60.9572890730065,17.7111185168891));
#9203=CARTESIAN_POINT('Origin',(-17.2874993344483,-59.7241368383183,17.7111185168891));
#9204=CARTESIAN_POINT('Ctrl Pts',(-18.808387090441,-60.957289072907,17.7111185168891));
#9205=CARTESIAN_POINT('Ctrl Pts',(-18.0457164253018,-61.8979162265788,17.6586415509726));
#9206=CARTESIAN_POINT('Ctrl Pts',(-17.2849073087202,-62.8362474703627,17.5364757134892));
#9207=CARTESIAN_POINT('Ctrl Pts',(-16.5312895275526,-63.7657094004695,17.3431868673795));
#9208=CARTESIAN_POINT('Ctrl Pts',(-19.326277502247,-58.1255467640457,17.9396215446803));
#9209=CARTESIAN_POINT('Ctrl Pts',(-19.4787859765208,-58.5864948536597,17.880868962705));
#9210=CARTESIAN_POINT('Ctrl Pts',(-19.5609290916962,-59.5966390158337,17.7741339163637));
#9211=CARTESIAN_POINT('Ctrl Pts',(-19.131892844558,-60.558298642629,17.7188499526162));
#9212=CARTESIAN_POINT('Ctrl Pts',(-18.8083870907439,-60.9572890725334,17.7111185168891));
#9213=CARTESIAN_POINT('Ctrl Pts',(-19.378928767571,-58.2846821844375,18.4207409126156));
#9214=CARTESIAN_POINT('Ctrl Pts',(-19.4999142261427,-58.7386424721605,18.3472543079888));
#9215=CARTESIAN_POINT('Ctrl Pts',(-19.5285427409373,-59.7057401941212,18.2159013169034));
#9216=CARTESIAN_POINT('Ctrl Pts',(-19.1034110796456,-60.5985603645396,18.1474714954258));
#9217=CARTESIAN_POINT('Ctrl Pts',(-18.7967700054813,-60.9716168110312,18.1367732699402));
#9218=CARTESIAN_POINT('Ctrl Pts',(-19.1225413372392,-58.6765359794041,19.2573961625744));
#9219=CARTESIAN_POINT('Ctrl Pts',(-19.1990727597277,-59.051212098071,19.1597468761977));
#9220=CARTESIAN_POINT('Ctrl Pts',(-19.1813899676442,-59.8335490003999,18.9866293151428));
#9221=CARTESIAN_POINT('Ctrl Pts',(-18.8255669071672,-60.540516622275,18.8950777146173));
#9222=CARTESIAN_POINT('Ctrl Pts',(-18.5803470944697,-60.8375677557583,18.8793700135252));
#9223=CARTESIAN_POINT('Ctrl Pts',(-18.3905653440587,-59.0725707168711,19.6766543785453));
#9224=CARTESIAN_POINT('Ctrl Pts',(-18.4508421077621,-59.3083641386602,19.5962170967522));
#9225=CARTESIAN_POINT('Ctrl Pts',(-18.4654352329447,-59.8128177785582,19.4507704353405));
#9226=CARTESIAN_POINT('Ctrl Pts',(-18.2531194790185,-60.2802264139903,19.3717853376712));
#9227=CARTESIAN_POINT('Ctrl Pts',(-18.1001496275219,-60.4749138782876,19.3578739875942));
#9228=CARTESIAN_POINT('Ctrl Pts',(-18.0433968670829,-59.214353385376,19.7500098196299));
#9229=CARTESIAN_POINT('Ctrl Pts',(-18.0991834288249,-59.3919573375717,19.6857814297481));
#9230=CARTESIAN_POINT('Ctrl Pts',(-18.1320412380282,-59.7796166185069,19.5674192823485));
#9231=CARTESIAN_POINT('Ctrl Pts',(-17.9837214487063,-60.1454781981901,19.5019718747758));
#9232=CARTESIAN_POINT('Ctrl Pts',(-17.8707563550073,-60.2963182193223,19.4904958560729));
#9233=CARTESIAN_POINT('',(-19.326277502247,-58.1255467640457,17.9396215446803));
#9234=CARTESIAN_POINT('Origin',(-17.467379937377,-58.7405783431702,17.9396215446803));
#9235=CARTESIAN_POINT('Ctrl Pts',(-19.326277502247,-58.1255467640457,17.9396215446803));
#9236=CARTESIAN_POINT('Ctrl Pts',(-19.4787859765208,-58.5864948536597,17.880868962705));
#9237=CARTESIAN_POINT('Ctrl Pts',(-19.5609290916962,-59.5966390158337,17.7741339163637));
#9238=CARTESIAN_POINT('Ctrl Pts',(-19.131892844558,-60.558298642629,17.7188499526162));
#9239=CARTESIAN_POINT('Ctrl Pts',(-18.8083870907439,-60.9572890725334,17.7111185168891));
#9240=CARTESIAN_POINT('Ctrl Pts',(-18.1930723838622,-53.9301583357056,18.8449093492738));
#9241=CARTESIAN_POINT('Ctrl Pts',(-18.49891121696,-55.37853707307,18.7620577286565));
#9242=CARTESIAN_POINT('Ctrl Pts',(-18.8865544909459,-56.796509259844,18.4518069482349));
#9243=CARTESIAN_POINT('Ctrl Pts',(-19.3262775022469,-58.1255467640457,17.9396215446803));
#9244=CARTESIAN_POINT('Ctrl Pts',(-18.1985013469923,-53.9558685919342,19.3379630070452));
#9245=CARTESIAN_POINT('Ctrl Pts',(-18.5151493784074,-55.4504732373949,19.2536316856383));
#9246=CARTESIAN_POINT('Ctrl Pts',(-18.9186279069331,-56.9134544189862,18.9393241821416));
#9247=CARTESIAN_POINT('Ctrl Pts',(-19.378928767571,-58.2846821844375,18.4207409126156));
#9248=CARTESIAN_POINT('Ctrl Pts',(-17.8721481696968,-54.0715190442768,20.1960114735408));
#9249=CARTESIAN_POINT('Ctrl Pts',(-18.2087384050462,-55.6596841336284,20.1090468596069));
#9250=CARTESIAN_POINT('Ctrl Pts',(-18.6363132874078,-57.2150245908795,19.7877001202656));
#9251=CARTESIAN_POINT('Ctrl Pts',(-19.1225425732476,-58.676535959543,19.2573972228365));
#9252=CARTESIAN_POINT('Ctrl Pts',(-17.1167297697291,-54.2557872484248,20.6504723292548));
#9253=CARTESIAN_POINT('Ctrl Pts',(-17.4666325914292,-55.9159989192034,20.5605173230355));
#9254=CARTESIAN_POINT('Ctrl Pts',(-17.9023705126899,-57.5431906784764,20.2268430183124));
#9255=CARTESIAN_POINT('Ctrl Pts',(-18.3905653440587,-59.0725707168711,19.6766543785453));
#9256=CARTESIAN_POINT('Ctrl Pts',(-16.7663863605743,-54.334688205761,20.7408457755455));
#9257=CARTESIAN_POINT('Ctrl Pts',(-17.1200644991142,-56.0167792470572,20.6496121133092));
#9258=CARTESIAN_POINT('Ctrl Pts',(-17.5570682381424,-57.6660613976891,20.309931489202));
#9259=CARTESIAN_POINT('Ctrl Pts',(-18.0433968670829,-59.214353385376,19.7500098196299));
#9260=CARTESIAN_POINT('',(-18.1930723838622,-53.9301583357056,18.8449093492738));
#9261=CARTESIAN_POINT('Origin',(-16.2773167668189,-54.334688205761,18.8449093492738));
#9262=CARTESIAN_POINT('Ctrl Pts',(-18.1930723838622,-53.9301583357056,18.8449093492738));
#9263=CARTESIAN_POINT('Ctrl Pts',(-18.49891121696,-55.37853707307,18.7620577286565));
#9264=CARTESIAN_POINT('Ctrl Pts',(-18.8865544909459,-56.796509259844,18.4518069482349));
#9265=CARTESIAN_POINT('Ctrl Pts',(-19.3262775022469,-58.1255467640457,17.9396215446803));
#9266=CARTESIAN_POINT('Ctrl Pts',(-16.7663863605743,-54.334688205761,20.7408457755455));
#9267=CARTESIAN_POINT('Ctrl Pts',(-15.999438545395,-50.7769121267289,20.9386851393573));
#9268=CARTESIAN_POINT('Ctrl Pts',(-15.7181452419203,-47.1120044033799,21.0052106897419));
#9269=CARTESIAN_POINT('Ctrl Pts',(-15.9349645236612,-43.4771971149181,20.9513481619358));
#9270=CARTESIAN_POINT('Ctrl Pts',(-17.233510906114,-54.2294869293127,20.6203478471579));
#9271=CARTESIAN_POINT('Ctrl Pts',(-16.4781179105898,-50.7158315771621,20.8193714970645));
#9272=CARTESIAN_POINT('Ctrl Pts',(-16.2011536706929,-47.0964302170457,20.8864228615895));
#9273=CARTESIAN_POINT('Ctrl Pts',(-16.4146680184981,-43.5069562202413,20.8321795961983));
#9274=CARTESIAN_POINT('Ctrl Pts',(-17.9607158111434,-54.0464067985668,20.0783255420684));
#9275=CARTESIAN_POINT('Ctrl Pts',(-17.227625202446,-50.6092579397034,20.27683509286));
#9276=CARTESIAN_POINT('Ctrl Pts',(-16.9590408796839,-47.0696320196667,20.3438452073582));
#9277=CARTESIAN_POINT('Ctrl Pts',(-17.1661908770938,-43.5587421808158,20.2897149229625));
#9278=CARTESIAN_POINT('Ctrl Pts',(-18.1971441062098,-53.949441027877,19.2146995926023));
#9279=CARTESIAN_POINT('Ctrl Pts',(-17.4782585544507,-50.5533858988267,19.4099016612121));
#9280=CARTESIAN_POINT('Ctrl Pts',(-17.2146972112701,-47.0553001605941,19.4756205359661));
#9281=CARTESIAN_POINT('Ctrl Pts',(-17.4178837288374,-43.5860374037635,19.4224506115005));
#9282=CARTESIAN_POINT('Ctrl Pts',(-18.1930723838622,-53.9301583357056,18.8449093492738));
#9283=CARTESIAN_POINT('Ctrl Pts',(-17.4777075115023,-50.5423633324072,19.0387014142229));
#9284=CARTESIAN_POINT('Ctrl Pts',(-17.2153332740989,-47.0525551497377,19.1038660181344));
#9285=CARTESIAN_POINT('Ctrl Pts',(-17.4175698470938,-43.5914092832577,19.0511053830121));
#9286=CARTESIAN_POINT('',(-17.4175698470938,-43.5914092832577,19.0511053830121));
#9287=CARTESIAN_POINT('Origin',(-15.4629037424602,-43.4771971149181,19.0511053830121));
#9288=CARTESIAN_POINT('Ctrl Pts',(-17.4175698470938,-43.5914092832577,19.0511053830121));
#9289=CARTESIAN_POINT('Ctrl Pts',(-17.2153332740989,-47.0525551497377,19.1038660181344));
#9290=CARTESIAN_POINT('Ctrl Pts',(-17.4777075115023,-50.5423633324072,19.0387014142229));
#9291=CARTESIAN_POINT('Ctrl Pts',(-18.1930723838622,-53.9301583357056,18.8449093492738));
#9292=CARTESIAN_POINT('Ctrl Pts',(-15.9349645236612,-43.4771971149181,20.9513481619358));
#9293=CARTESIAN_POINT('Ctrl Pts',(-15.9517989210134,-43.1949814849189,20.9471661390632));
#9294=CARTESIAN_POINT('Ctrl Pts',(-15.7624317941828,-42.6941269545265,20.9945533925192));
#9295=CARTESIAN_POINT('Ctrl Pts',(-15.3121066388773,-42.4451210757738,21.1041061521589));
#9296=CARTESIAN_POINT('Ctrl Pts',(-15.1064252365457,-42.3998093561472,21.1532603023875));
#9297=CARTESIAN_POINT('Ctrl Pts',(-16.4146680184982,-43.5069562202413,20.8321795961982));
#9298=CARTESIAN_POINT('Ctrl Pts',(-16.438059518529,-43.086186366133,20.8262348561174));
#9299=CARTESIAN_POINT('Ctrl Pts',(-16.1784388275961,-42.3406486553148,20.8913363097372));
#9300=CARTESIAN_POINT('Ctrl Pts',(-15.5305398776001,-41.9317869677493,21.05096247541));
#9301=CARTESIAN_POINT('Ctrl Pts',(-15.2242275956481,-41.8460986578985,21.1251076605299));
#9302=CARTESIAN_POINT('Ctrl Pts',(-17.1664351494895,-43.5587530470599,20.2899496201452));
#9303=CARTESIAN_POINT('Ctrl Pts',(-17.2017961022755,-42.8978260748138,20.2832251773823));
#9304=CARTESIAN_POINT('Ctrl Pts',(-16.8130151068408,-41.7235491091777,20.3585238675661));
#9305=CARTESIAN_POINT('Ctrl Pts',(-15.8080716696224,-41.0394096322518,20.5436443637565));
#9306=CARTESIAN_POINT('Ctrl Pts',(-15.3219553832553,-40.8860882449399,20.6305936673789));
#9307=CARTESIAN_POINT('Ctrl Pts',(-17.4178837288374,-43.5860374037635,19.4224506115005));
#9308=CARTESIAN_POINT('Ctrl Pts',(-17.462448664038,-42.7981738603629,19.4175728161621));
#9309=CARTESIAN_POINT('Ctrl Pts',(-16.9658762919313,-41.4002734866212,19.4727073693593));
#9310=CARTESIAN_POINT('Ctrl Pts',(-15.7452955059556,-40.6587046147908,19.6032104759695));
#9311=CARTESIAN_POINT('Ctrl Pts',(-15.1751146296385,-40.5107051577148,19.6628849569892));
#9312=CARTESIAN_POINT('Ctrl Pts',(-17.4175698470938,-43.5914092832577,19.0511053830121));
#9313=CARTESIAN_POINT('Ctrl Pts',(-17.4650458768303,-42.7788882755775,19.0470089138739));
#9314=CARTESIAN_POINT('Ctrl Pts',(-16.9309965042023,-41.336888667928,19.0934267425739));
#9315=CARTESIAN_POINT('Ctrl Pts',(-15.6609985341517,-40.6199811475255,19.2007383265903));
#9316=CARTESIAN_POINT('Ctrl Pts',(-15.0809399689995,-40.4895251409231,19.2488869057713));
#9317=CARTESIAN_POINT('',(-15.0809399689995,-40.4895251409231,19.2488869057713));
#9318=CARTESIAN_POINT('Origin',(-14.6513142981355,-42.3998093561472,19.2488869057713));
#9319=CARTESIAN_POINT('Ctrl Pts',(-15.0809399689995,-40.4895251409231,19.2488869057713));
#9320=CARTESIAN_POINT('Ctrl Pts',(-15.6609985341517,-40.6199811475255,19.2007383265903));
#9321=CARTESIAN_POINT('Ctrl Pts',(-16.9309965042023,-41.336888667928,19.0934267425739));
#9322=CARTESIAN_POINT('Ctrl Pts',(-17.4650458768303,-42.7788882755775,19.0470089138739));
#9323=CARTESIAN_POINT('Ctrl Pts',(-17.4175698470938,-43.5914092832577,19.0511053830121));
#9324=CARTESIAN_POINT('Ctrl Pts',(-15.1064252365457,-42.3998093561472,21.1532603023875));
#9325=CARTESIAN_POINT('Ctrl Pts',(-15.0569532216291,-42.3889106455985,21.1650832228157));
#9326=CARTESIAN_POINT('Ctrl Pts',(-15.0077398813,-42.3767863931328,21.1768026035518));
#9327=CARTESIAN_POINT('Ctrl Pts',(-14.9588438251438,-42.3634472841114,21.1884059807711));
#9328=CARTESIAN_POINT('Ctrl Pts',(-15.2242275956482,-41.8460986578985,21.1251076605299));
#9329=CARTESIAN_POINT('Ctrl Pts',(-15.1833303956532,-41.8385683469416,21.1348936272747));
#9330=CARTESIAN_POINT('Ctrl Pts',(-15.1425583301389,-41.8299060939383,21.144781280939));
#9331=CARTESIAN_POINT('Ctrl Pts',(-15.1020420264458,-41.8203205924212,21.1544240428102));
#9332=CARTESIAN_POINT('Ctrl Pts',(-15.3219582172506,-40.8860827058573,20.6306003132671));
#9333=CARTESIAN_POINT('Ctrl Pts',(-15.2966855412865,-40.8841985441258,20.6392594206909));
#9334=CARTESIAN_POINT('Ctrl Pts',(-15.2714281977527,-40.8816678756105,20.6478293834363));
#9335=CARTESIAN_POINT('Ctrl Pts',(-15.2461825081444,-40.8784043770717,20.6563944917963));
#9336=CARTESIAN_POINT('Ctrl Pts',(-15.1751146296385,-40.5107051577148,19.6628849569892));
#9337=CARTESIAN_POINT('Ctrl Pts',(-15.1576212929277,-40.5084448756318,19.6735985594851));
#9338=CARTESIAN_POINT('Ctrl Pts',(-15.140090967836,-40.5056638435652,19.6842008932219));
#9339=CARTESIAN_POINT('Ctrl Pts',(-15.1226739019424,-40.5024662607836,19.6947353660849));
#9340=CARTESIAN_POINT('Ctrl Pts',(-15.0809399689995,-40.4895251409231,19.2488869057713));
#9341=CARTESIAN_POINT('Ctrl Pts',(-15.0645572978866,-40.4858406545983,19.2604679588002));
#9342=CARTESIAN_POINT('Ctrl Pts',(-15.0482602869332,-40.4817418538999,19.2719475903003));
#9343=CARTESIAN_POINT('Ctrl Pts',(-15.0320683447195,-40.4772323511882,19.2833135914256));
#9344=CARTESIAN_POINT('Ctrl Pts',(-15.0320683447195,-40.4772323511882,19.2833135914256));
#9345=CARTESIAN_POINT('Ctrl Pts',(-15.0482602869332,-40.4817418538999,19.2719475903003));
#9346=CARTESIAN_POINT('Ctrl Pts',(-15.0645572978866,-40.4858406545983,19.2604679588002));
#9347=CARTESIAN_POINT('Ctrl Pts',(-15.0809399689995,-40.4895251409231,19.2488869057713));
#9348=CARTESIAN_POINT('Origin',(-18.8083870902798,-60.9572890731059,15.));
#9349=CARTESIAN_POINT('',(-18.8083870902798,-60.9572890731058,15.));
#9350=CARTESIAN_POINT('',(-15.0375119919356,-65.6080350277304,15.));
#9351=CARTESIAN_POINT('Origin',(-16.4781198441213,-59.0678831978422,15.));
#9352=CARTESIAN_POINT('',(-19.3262775022469,-58.1255467640457,15.));
#9353=CARTESIAN_POINT('Origin',(-56.3748951482305,-45.8677062860075,15.));
#9354=CARTESIAN_POINT('',(-17.4175698470938,-43.5914092832577,15.));
#9355=CARTESIAN_POINT('Origin',(-14.4226779605256,-43.4164161754851,15.));
#9356=CARTESIAN_POINT('',(-15.0809399689995,-40.4895251409231,15.));
#9357=CARTESIAN_POINT('Origin',(-15.3003606384908,-39.513894796069,15.));
#9358=CARTESIAN_POINT('',(-15.0270849558536,-40.4758305534239,15.));
#9359=CARTESIAN_POINT('Origin',(-5.55111512312578E-16,-130.,15.));
#9360=CARTESIAN_POINT('',(33.2914130371525,-45.5484043054282,15.));
#9361=CARTESIAN_POINT('',(28.9978965157388,-43.9795826850846,17.5445830326135));
#9362=CARTESIAN_POINT('Ctrl Pts',(31.3702824285615,-44.8161072871051,15.));
#9363=CARTESIAN_POINT('Ctrl Pts',(31.3715031865759,-44.8165568500738,15.0321589415831));
#9364=CARTESIAN_POINT('Ctrl Pts',(31.3721027304604,-44.8167776634439,15.0641575520785));
#9365=CARTESIAN_POINT('Ctrl Pts',(31.3721027304604,-44.8167776634439,15.4031111178749));
#9366=CARTESIAN_POINT('Ctrl Pts',(31.3126928024802,-44.7948255806593,15.7300338655673));
#9367=CARTESIAN_POINT('Ctrl Pts',(31.0730382081594,-44.7071352642028,16.329843979364));
#9368=CARTESIAN_POINT('Ctrl Pts',(30.8928427506827,-44.6415176856257,16.6027686386396));
#9369=CARTESIAN_POINT('Ctrl Pts',(30.4741715890272,-44.4911349866308,17.0395665859586));
#9370=CARTESIAN_POINT('Ctrl Pts',(30.205433040821,-44.3955663229783,17.2302533194931));
#9371=CARTESIAN_POINT('Ctrl Pts',(29.6171622803929,-44.19026308861,17.482749687013));
#9372=CARTESIAN_POINT('Ctrl Pts',(29.2976092665747,-44.0806172952908,17.5445830326135));
#9373=CARTESIAN_POINT('Ctrl Pts',(28.9978965157388,-43.9795826850845,17.5445830326135));
#9374=CARTESIAN_POINT('',(25.4440275894963,-42.8622260016091,17.5445830326135));
#9375=CARTESIAN_POINT('Origin',(-5.55111512312578E-16,-130.,17.5445830326135));
#9376=CARTESIAN_POINT('',(24.1951363744743,-42.5072255943938,18.4275578570199));
#9377=CARTESIAN_POINT('Ctrl Pts',(24.1951363744743,-42.5072255943938,18.4275578570199));
#9378=CARTESIAN_POINT('Ctrl Pts',(24.1997921952186,-42.5085131089184,18.4149919060539));
#9379=CARTESIAN_POINT('Ctrl Pts',(24.2046296356788,-42.5098512479778,18.4024943540092));
#9380=CARTESIAN_POINT('Ctrl Pts',(24.2774940363031,-42.5300140810783,18.2220587695068));
#9381=CARTESIAN_POINT('Ctrl Pts',(24.379673502726,-42.5583819522763,18.0689084758473));
#9382=CARTESIAN_POINT('Ctrl Pts',(24.6163520876534,-42.6247130580913,17.8251845593112));
#9383=CARTESIAN_POINT('Ctrl Pts',(24.767347204058,-42.6673132817271,17.7191783387487));
#9384=CARTESIAN_POINT('Ctrl Pts',(25.0974215559309,-42.7615962536955,17.5788871464894));
#9385=CARTESIAN_POINT('Ctrl Pts',(25.2764854864022,-42.8133040967001,17.5445830326135));
#9386=CARTESIAN_POINT('Ctrl Pts',(25.4440275894963,-42.8622260016091,17.5445830326135));
#9387=CARTESIAN_POINT('',(22.1148530153049,-41.9583991883316,19.8952697230397));
#9388=CARTESIAN_POINT('Ctrl Pts',(24.1951363744743,-42.5072255943938,18.4275578570199));
#9389=CARTESIAN_POINT('Ctrl Pts',(24.187031097041,-42.5049841716685,18.4494338106673));
#9390=CARTESIAN_POINT('Ctrl Pts',(24.178594319052,-42.5026522873426,18.4711854651351));
#9391=CARTESIAN_POINT('Ctrl Pts',(24.0562661124825,-42.4688618860145,18.7729009329979));
#9392=CARTESIAN_POINT('Ctrl Pts',(23.8852165860972,-42.4218740898585,19.0280873090932));
#9393=CARTESIAN_POINT('Ctrl Pts',(23.4906326892094,-42.3152099909369,19.4316512285175));
#9394=CARTESIAN_POINT('Ctrl Pts',(23.240314976686,-42.2483150034117,19.6065607864974));
#9395=CARTESIAN_POINT('Ctrl Pts',(22.6921355497252,-42.1049634840089,19.8383662145581));
#9396=CARTESIAN_POINT('Ctrl Pts',(22.394257496267,-42.0285817948646,19.8952697230397));
#9397=CARTESIAN_POINT('Ctrl Pts',(22.1148530153049,-41.9583991883316,19.8952697230397));
#9398=CARTESIAN_POINT('',(-6.44086850455686,-39.4521926810113,19.8952697230397));
#9399=CARTESIAN_POINT('Origin',(-5.55111512312578E-16,-130.,19.8952697230397));
#9400=CARTESIAN_POINT('',(-8.59758941182941,-39.6314675693176,18.4275578570199));
#9401=CARTESIAN_POINT('Ctrl Pts',(-6.44086850455686,-39.4521926810113,19.8952697230397));
#9402=CARTESIAN_POINT('Ctrl Pts',(-6.73088008620902,-39.4728218548977,19.8952697230397));
#9403=CARTESIAN_POINT('Ctrl Pts',(-7.04038126007712,-39.4963812329704,19.8379564547899));
#9404=CARTESIAN_POINT('Ctrl Pts',(-7.61046295774234,-39.5425357873348,19.6043239589971));
#9405=CARTESIAN_POINT('Ctrl Pts',(-7.87104420222746,-39.5650530509632,19.4279911048862));
#9406=CARTESIAN_POINT('Ctrl Pts',(-8.27920178297619,-39.6015143134382,19.0230562406322));
#9407=CARTESIAN_POINT('Ctrl Pts',(-8.45546211324697,-39.6179818863375,18.7688072965732));
#9408=CARTESIAN_POINT('Ctrl Pts',(-8.58122568410474,-39.6299118152726,18.4691242985574));
#9409=CARTESIAN_POINT('Ctrl Pts',(-8.58956354192567,-39.6307039945172,18.4483981115166));
#9410=CARTESIAN_POINT('Ctrl Pts',(-8.59758941182941,-39.6314675693176,18.4275578570199));
#9411=CARTESIAN_POINT('',(-9.89772709037581,-39.764612286453,17.5445830326135));
#9412=CARTESIAN_POINT('Ctrl Pts',(-9.89772709037581,-39.764612286453,17.5445830326135));
#9413=CARTESIAN_POINT('Ctrl Pts',(-9.72301173715796,-39.7454481322507,17.5445830326135));
#9414=CARTESIAN_POINT('Ctrl Pts',(-9.5362988676778,-39.7255344239319,17.5788909935365));
#9415=CARTESIAN_POINT('Ctrl Pts',(-9.192117322933,-39.6898393852705,17.7194934625006));
#9416=CARTESIAN_POINT('Ctrl Pts',(-9.03466214836694,-39.6740307876529,17.8258140937162));
#9417=CARTESIAN_POINT('Ctrl Pts',(-8.78876147022987,-39.6497771753234,18.0698782395309));
#9418=CARTESIAN_POINT('Ctrl Pts',(-8.6828479398612,-39.6395919404337,18.2227233542048));
#9419=CARTESIAN_POINT('Ctrl Pts',(-8.60733915115082,-39.632395534434,18.4027871595882));
#9420=CARTESIAN_POINT('Ctrl Pts',(-8.60237217584036,-39.6319225976345,18.4151387647119));
#9421=CARTESIAN_POINT('Ctrl Pts',(-8.59758941182941,-39.6314675693176,18.4275578570199));
#9422=CARTESIAN_POINT('',(-10.6515392838989,-39.850485812439,17.5445830326135));
#9423=CARTESIAN_POINT('Origin',(-5.55111512312578E-16,-130.,17.5445830326135));
#9424=CARTESIAN_POINT('Ctrl Pts',(-10.6515392838989,-39.850485812439,17.5445830326135));
#9425=CARTESIAN_POINT('Ctrl Pts',(-10.9657691280048,-39.8876133727906,17.5445830326135));
#9426=CARTESIAN_POINT('Ctrl Pts',(-11.3012039819278,-39.929082769698,17.4827456865361));
#9427=CARTESIAN_POINT('Ctrl Pts',(-11.919445509784,-40.0088106485398,17.2302127484111));
#9428=CARTESIAN_POINT('Ctrl Pts',(-12.202254092804,-40.0469779272108,17.0394930448938));
#9429=CARTESIAN_POINT('Ctrl Pts',(-12.6430711017831,-40.1078924499621,16.6026631777038));
#9430=CARTESIAN_POINT('Ctrl Pts',(-12.8329643983376,-40.1349817101386,16.3297730971712));
#9431=CARTESIAN_POINT('Ctrl Pts',(-13.0856154583687,-40.171423502261,15.7300134622305));
#9432=CARTESIAN_POINT('Ctrl Pts',(-13.1482991012528,-40.1806678486547,15.4031061185751));
#9433=CARTESIAN_POINT('Ctrl Pts',(-13.1482991012528,-40.1806678486547,15.0959429261019));
#9434=CARTESIAN_POINT('Ctrl Pts',(-13.1482991012528,-40.1806678486547,15.064157449572));
#9435=CARTESIAN_POINT('Ctrl Pts',(-13.1476666516677,-40.1805752596905,15.0321588378733));
#9436=CARTESIAN_POINT('Ctrl Pts',(-13.1463789148451,-40.1803867810765,15.));
#9437=CARTESIAN_POINT('Origin',(25.2506462563752,-44.7042683282697,18.9125830326135));
#9438=CARTESIAN_POINT('',(25.2506462563752,-44.7042683282697,17.5445830326135));
#9439=CARTESIAN_POINT('',(23.9785069143985,-44.5707165643896,18.4275578570199));
#9440=CARTESIAN_POINT('Origin',(-5.55111512312578E-16,-130.,15.));
#9441=CARTESIAN_POINT('Ctrl Pts',(30.2073798841858,-45.139484064019,17.155779157));
#9442=CARTESIAN_POINT('Ctrl Pts',(30.3562822963924,-45.1924881222855,17.0570369680151));
#9443=CARTESIAN_POINT('Ctrl Pts',(30.4925086654835,-45.241425958184,16.9419611988746));
#9444=CARTESIAN_POINT('Ctrl Pts',(30.8176089917153,-45.3588989211789,16.6026523591084));
#9445=CARTESIAN_POINT('Ctrl Pts',(30.9977271301818,-45.4248844570797,16.3297667596717));
#9446=CARTESIAN_POINT('Ctrl Pts',(31.2372908088409,-45.5130724945674,15.7300129686846));
#9447=CARTESIAN_POINT('Ctrl Pts',(31.2966862429601,-45.5351529060869,15.4031068186173));
#9448=CARTESIAN_POINT('Ctrl Pts',(31.2966862429601,-45.5351529060869,15.0641574290324));
#9449=CARTESIAN_POINT('Ctrl Pts',(31.2960868300456,-45.5349307985325,15.0321588174018));
#9450=CARTESIAN_POINT('Ctrl Pts',(31.2948663529705,-45.5344786061311,15.));
#9451=CARTESIAN_POINT('',(33.0346950017444,-46.1996307255742,15.));
#9452=CARTESIAN_POINT('Origin',(-10.7641717685803,-40.9233598111415,17.5445830326135));
#9453=CARTESIAN_POINT('',(28.8817978094496,-45.085473970472,17.5445830326135));
#9454=CARTESIAN_POINT('Origin',(-10.0274938452162,-41.0006977511221,18.9125830326135));
#9455=CARTESIAN_POINT('',(-9.97253019473701,-40.4771447846783,17.5445830326135));
#9456=CARTESIAN_POINT('Ctrl Pts',(-9.24961974809893,-40.3995675294813,17.7437791570002));
#9457=CARTESIAN_POINT('Ctrl Pts',(-9.30990711521627,-40.4057911068244,17.7077083320966));
#9458=CARTESIAN_POINT('Ctrl Pts',(-9.37340492415334,-40.4124083290548,17.675950633158));
#9459=CARTESIAN_POINT('Ctrl Pts',(-9.61103077316696,-40.4374463811569,17.5788906430442));
#9460=CARTESIAN_POINT('Ctrl Pts',(-9.79778331884335,-40.457678599288,17.5445830326135));
#9461=CARTESIAN_POINT('Ctrl Pts',(-9.97253019473702,-40.4771447846783,17.5445830326135));
#9462=CARTESIAN_POINT('',(-10.0274938452162,-41.0006977511221,17.5445830326135));
#9463=CARTESIAN_POINT('',(-8.75535450323952,-41.1342495150022,18.4275578570199));
#9464=CARTESIAN_POINT('Origin',(-6.64075966334111,-41.3562439628127,17.6213319195864));
#9465=CARTESIAN_POINT('',(-6.64075966334111,-41.3562439628128,19.8952697230397));
#9466=CARTESIAN_POINT('Origin',(-10.7641717685803,-40.9233598111415,17.5445830326135));
#9467=CARTESIAN_POINT('',(-10.726482160047,-40.5643496984642,17.5445830326135));
#9468=CARTESIAN_POINT('Origin',(-5.55111512312578E-16,-130.,17.5445830326135));
#9469=CARTESIAN_POINT('',(-10.7641717685803,-40.9233598111415,17.5445830326135));
#9470=CARTESIAN_POINT('Origin',(21.8639120745001,-44.348722116579,17.6213319195864));
#9471=CARTESIAN_POINT('',(21.8639120745001,-44.348722116579,19.8952697230397));
#9472=CARTESIAN_POINT('Origin',(-6.64075966334111,-41.3562439628128,19.8952697230397));
#9473=CARTESIAN_POINT('Origin',(-10.7641717685803,-40.9233598111415,15.0959429261019));
#9474=CARTESIAN_POINT('Ctrl Pts',(-13.2218274297795,-40.8990670991289,15.));
#9475=CARTESIAN_POINT('Ctrl Pts',(-13.2231154399664,-40.8992582289843,15.032158711859));
#9476=CARTESIAN_POINT('Ctrl Pts',(-13.2237480313557,-40.89935212137,15.0641573247106));
#9477=CARTESIAN_POINT('Ctrl Pts',(-13.2237480313557,-40.89935212137,15.0959429261019));
#9478=CARTESIAN_POINT('Ctrl Pts',(-13.2237480313557,-40.89935212137,15.4031017459138));
#9479=CARTESIAN_POINT('Ctrl Pts',(-13.1610518300887,-40.8899782267459,15.7299922344428));
#9480=CARTESIAN_POINT('Ctrl Pts',(-12.9083865181877,-40.8530268424548,16.3296947018619));
#9481=CARTESIAN_POINT('Ctrl Pts',(-12.7184927211033,-40.8255587664211,16.6025451453696));
#9482=CARTESIAN_POINT('Ctrl Pts',(-12.2776287064627,-40.7637750272911,17.0394077277549));
#9483=CARTESIAN_POINT('Ctrl Pts',(-11.994730806221,-40.7250502996625,17.2301637447682));
#9484=CARTESIAN_POINT('Ctrl Pts',(-11.3763131342964,-40.644140032229,17.4827392014112));
#9485=CARTESIAN_POINT('Ctrl Pts',(-11.0407913001985,-40.6020464264827,17.5445830326135));
#9486=CARTESIAN_POINT('Ctrl Pts',(-10.726482160047,-40.5643496984642,17.5445830326135));
#9487=CARTESIAN_POINT('Origin',(28.8817978094496,-45.085473970472,15.0959429261019));
#9488=CARTESIAN_POINT('Origin',(-5.55111512312578E-16,-130.,15.));
#9489=CARTESIAN_POINT('',(-14.8781482579213,-41.1606299616903,15.));
#9490=CARTESIAN_POINT('Origin',(-17.2548755928408,-59.6976851562634,15.));
#9491=CARTESIAN_POINT('',(-17.2548755928408,-59.6976851562634,15.));
#9492=CARTESIAN_POINT('Origin',(-16.4781198441213,-59.0678831978422,15.));
#9493=CARTESIAN_POINT('',(-17.4275057301632,-58.7537710532434,15.));
#9494=CARTESIAN_POINT('Origin',(-56.3748951482305,-45.8677062860075,15.));
#9495=CARTESIAN_POINT('',(-15.4209752560483,-43.4747472114093,15.));
#9496=CARTESIAN_POINT('Origin',(-14.4226779605256,-43.4164161754851,15.));
#9497=CARTESIAN_POINT('Origin',(-12.7072447457771,-63.7186291524668,15.));
#9498=CARTESIAN_POINT('Origin',(32.1911928854035,-48.3393746774827,15.));
#9499=CARTESIAN_POINT('',(33.7823408610595,-45.796099600035,15.));
#9500=CARTESIAN_POINT('Origin',(32.7215755439555,-47.4916163183334,15.));
#9501=CARTESIAN_POINT('',(34.6874512565585,-47.859492224853,15.));
#9502=CARTESIAN_POINT('Origin',(32.8738132578734,-57.5513117484539,15.));
#9503=CARTESIAN_POINT('',(32.8738132578734,-57.5513117484539,15.));
#9504=CARTESIAN_POINT('Origin',(29.9249996889689,-56.9994978886746,15.));
#9505=CARTESIAN_POINT('Origin',(-56.3748951482305,-45.8677062860075,15.));
#9506=CARTESIAN_POINT('',(-18.6617073820176,-58.3454252652649,15.));
#9507=CARTESIAN_POINT('',(-16.7187617402279,-43.5505775581108,15.));
#9508=CARTESIAN_POINT('Origin',(-16.4781198441213,-59.0678831978422,15.));
#9509=CARTESIAN_POINT('',(-18.2646580661762,-60.516427702211,15.));
#9510=CARTESIAN_POINT('Origin',(-14.493782967832,-65.1671736568356,15.));
#9511=CARTESIAN_POINT('',(-14.493782967832,-65.1671736568356,15.));
#9512=CARTESIAN_POINT('Origin',(-12.7072447457771,-63.7186291524668,15.));
#9513=CARTESIAN_POINT('Origin',(29.9249996889689,-56.9994978886746,15.));
#9514=CARTESIAN_POINT('',(32.1857567584624,-57.4225551811721,15.));
#9515=CARTESIAN_POINT('Origin',(33.9993947571475,-47.7307356575712,15.));
#9516=CARTESIAN_POINT('',(33.9993947571475,-47.7307356575712,15.));
#9517=CARTESIAN_POINT('Origin',(32.7215755439555,-47.4916163183334,15.));
#9518=CARTESIAN_POINT('',(33.4110730000731,-46.3895304514395,15.));
#9519=CARTESIAN_POINT('Origin',(32.1911928854035,-48.3393746774827,15.));
#9520=CARTESIAN_POINT('Origin',(-15.3003606384908,-39.513894796069,15.));
#9521=CARTESIAN_POINT('',(-14.9273455003556,-41.1724663823209,15.));
#9522=CARTESIAN_POINT('Origin',(-14.4226779605256,-43.4164161754851,15.));
#9523=UNCERTAINTY_MEASURE_WITH_UNIT(LENGTH_MEASURE(0.01),#9527,
'DISTANCE_ACCURACY_VALUE',
'Maximum model space distance between geometric entities at asserted c
onnectivities');
#9524=UNCERTAINTY_MEASURE_WITH_UNIT(LENGTH_MEASURE(0.01),#9527,
'DISTANCE_ACCURACY_VALUE',
'Maximum model space distance between geometric entities at asserted c
onnectivities');
#9525=(
GEOMETRIC_REPRESENTATION_CONTEXT(3)
GLOBAL_UNCERTAINTY_ASSIGNED_CONTEXT((#9523))
GLOBAL_UNIT_ASSIGNED_CONTEXT((#9527,#9529,#9530))
REPRESENTATION_CONTEXT('','3D')
);
#9526=(
GEOMETRIC_REPRESENTATION_CONTEXT(3)
GLOBAL_UNCERTAINTY_ASSIGNED_CONTEXT((#9524))
GLOBAL_UNIT_ASSIGNED_CONTEXT((#9527,#9529,#9530))
REPRESENTATION_CONTEXT('','3D')
);
#9527=(
LENGTH_UNIT()
NAMED_UNIT(*)
SI_UNIT(.MILLI.,.METRE.)
);
#9528=(
LENGTH_UNIT()
NAMED_UNIT(*)
SI_UNIT($,.METRE.)
);
#9529=(
NAMED_UNIT(*)
PLANE_ANGLE_UNIT()
SI_UNIT($,.RADIAN.)
);
#9530=(
NAMED_UNIT(*)
SI_UNIT($,.STERADIAN.)
SOLID_ANGLE_UNIT()
);
#9531=SHAPE_DEFINITION_REPRESENTATION(#9532,#9533);
#9532=PRODUCT_DEFINITION_SHAPE('',$,#9535);
#9533=SHAPE_REPRESENTATION('',(#3523),#9525);
#9534=PRODUCT_DEFINITION_CONTEXT('part definition',#9539,'design');
#9535=PRODUCT_DEFINITION('2026-08-27-17-11-34-310','(Unsaved)',#9536,#9534);
#9536=PRODUCT_DEFINITION_FORMATION('',$,#9541);
#9537=PRODUCT_RELATED_PRODUCT_CATEGORY('(Unsaved)','(Unsaved)',(#9541));
#9538=APPLICATION_PROTOCOL_DEFINITION('international standard',
'automotive_design',2009,#9539);
#9539=APPLICATION_CONTEXT(
'Core Data for Automotive Mechanical Design Process');
#9540=PRODUCT_CONTEXT('part definition',#9539,'mechanical');
#9541=PRODUCT('2026-08-27-17-11-34-310','(Unsaved)',$,(#9540));
#9542=PRESENTATION_STYLE_ASSIGNMENT((#9543));
#9543=SURFACE_STYLE_USAGE(.BOTH.,#9544);
#9544=SURFACE_SIDE_STYLE('',(#9545));
#9545=SURFACE_STYLE_FILL_AREA(#9546);
#9546=FILL_AREA_STYLE('Steel - Satin',(#9547));
#9547=FILL_AREA_STYLE_COLOUR('Steel - Satin',#9548);
#9548=COLOUR_RGB('Steel - Satin',0.627450980392157,0.627450980392157,0.627450980392157);
ENDSEC;
END-ISO-10303-21;
