ISO-10303-21;
HEADER;
/* Generated by software containing ST-Developer
 * from STEP Tools, Inc. (www.steptools.com) 
 */

FILE_DESCRIPTION(
/* description */ (''),
/* implementation_level */ '2;1');

FILE_NAME(
/* name */ 'zero_forearm_part2_v1.step',
/* time_stamp */ '2026-08-27T17:11:25+02:00',
/* author */ (''),
/* organization */ (''),
/* preprocessor_version */ 'ST-DEVELOPER v20.1',
/* originating_system */ 'Autodesk Translation Framework v15.8.0.0',
/* authorisation */ '');

FILE_SCHEMA (('AUTOMOTIVE_DESIGN { 1 0 10303 214 3 1 1 }'));
ENDSEC;

DATA;
#10=MECHANICAL_DESIGN_GEOMETRIC_PRESENTATION_REPRESENTATION('',(#13),#9950);
#11=SHAPE_REPRESENTATION_RELATIONSHIP('SRR','None',#9957,#12);
#12=ADVANCED_BREP_SHAPE_REPRESENTATION('',(#14),#9949);
#13=STYLED_ITEM('',(#9966),#14);
#14=MANIFOLD_SOLID_BREP('zero_forearm_part2_v1',#5376);
#15=B_SPLINE_SURFACE_WITH_KNOTS('',3,3,((#8599,#8600,#8601,#8602,#8603,
#8604),(#8605,#8606,#8607,#8608,#8609,#8610),(#8611,#8612,#8613,#8614,#8615,
#8616),(#8617,#8618,#8619,#8620,#8621,#8622),(#8623,#8624,#8625,#8626,#8627,
#8628),(#8629,#8630,#8631,#8632,#8633,#8634)),.UNSPECIFIED.,.F.,.F.,.F.,
(4,1,1,4),(4,1,1,4),(0.,0.285714285714286,0.571428571428571,1.),(8.22804376983302E-11,
0.00240750692789713,0.00481501377351383,0.0337050959209142),
 .UNSPECIFIED.);
#16=B_SPLINE_SURFACE_WITH_KNOTS('',3,3,((#8653,#8654,#8655,#8656,#8657,
#8658),(#8659,#8660,#8661,#8662,#8663,#8664),(#8665,#8666,#8667,#8668,#8669,
#8670),(#8671,#8672,#8673,#8674,#8675,#8676),(#8677,#8678,#8679,#8680,#8681,
#8682)),.UNSPECIFIED.,.F.,.F.,.F.,(4,1,4),(4,2,4),(0.,0.5,1.),(6.15727019492251E-16,
0.0548180342088275,0.0553257652424018),.UNSPECIFIED.);
#17=B_SPLINE_SURFACE_WITH_KNOTS('',3,3,((#8708,#8709,#8710,#8711,#8712,
#8713,#8714,#8715),(#8716,#8717,#8718,#8719,#8720,#8721,#8722,#8723),(#8724,
#8725,#8726,#8727,#8728,#8729,#8730,#8731),(#8732,#8733,#8734,#8735,#8736,
#8737,#8738,#8739),(#8740,#8741,#8742,#8743,#8744,#8745,#8746,#8747)),
 .UNSPECIFIED.,.F.,.F.,.F.,(4,1,4),(4,1,1,1,1,4),(0.,0.571428571428571,
1.),(0.,0.0949683142222093,0.189936628444419,0.316561047407364,0.379873256888837,
0.44318546637031),.UNSPECIFIED.);
#18=B_SPLINE_SURFACE_WITH_KNOTS('',3,3,((#8795,#8796,#8797,#8798,#8799,
#8800,#8801,#8802,#8803),(#8804,#8805,#8806,#8807,#8808,#8809,#8810,#8811,
#8812),(#8813,#8814,#8815,#8816,#8817,#8818,#8819,#8820,#8821),(#8822,#8823,
#8824,#8825,#8826,#8827,#8828,#8829,#8830),(#8831,#8832,#8833,#8834,#8835,
#8836,#8837,#8838,#8839)),.UNSPECIFIED.,.F.,.F.,.F.,(4,1,4),(4,1,1,1,1,
1,4),(0.,0.571428571428571,1.),(0.246549401092128,0.324036712942309,0.401524024792489,
0.47901133664267,0.633985960343031,0.711473272193212,0.788960584043392),
 .UNSPECIFIED.);
#19=B_SPLINE_SURFACE_WITH_KNOTS('',3,3,((#8890,#8891,#8892,#8893,#8894),
(#8895,#8896,#8897,#8898,#8899),(#8900,#8901,#8902,#8903,#8904),(#8905,
#8906,#8907,#8908,#8909),(#8910,#8911,#8912,#8913,#8914),(#8915,#8916,#8917,
#8918,#8919)),.UNSPECIFIED.,.F.,.F.,.F.,(4,1,1,4),(4,1,4),(0.,0.285714285714286,
0.571428571428571,1.),(1.44669775663949,1.53297373392236,1.61924971120523),
 .UNSPECIFIED.);
#20=(
BOUNDED_CURVE()
B_SPLINE_CURVE(2,(#8418,#8419,#8420),.UNSPECIFIED.,.F.,.F.)
B_SPLINE_CURVE_WITH_KNOTS((3,3),(0.,0.29567878061472),.UNSPECIFIED.)
CURVE()
GEOMETRIC_REPRESENTATION_ITEM()
RATIONAL_B_SPLINE_CURVE((1.,1.21056873238649,1.24992486045343))
REPRESENTATION_ITEM('')
);
#21=(
BOUNDED_CURVE()
B_SPLINE_CURVE(2,(#8430,#8431,#8432),.UNSPECIFIED.,.F.,.F.)
B_SPLINE_CURVE_WITH_KNOTS((3,3),(0.,0.252533400578657),.UNSPECIFIED.)
CURVE()
GEOMETRIC_REPRESENTATION_ITEM()
RATIONAL_B_SPLINE_CURVE((1.,1.04204717412116,1.03435799765245))
REPRESENTATION_ITEM('')
);
#22=(
BOUNDED_CURVE()
B_SPLINE_CURVE(2,(#8436,#8437,#8438),.UNSPECIFIED.,.F.,.F.)
B_SPLINE_CURVE_WITH_KNOTS((3,3),(0.,0.42698411683235),.UNSPECIFIED.)
CURVE()
GEOMETRIC_REPRESENTATION_ITEM()
RATIONAL_B_SPLINE_CURVE((1.,1.07109346908671,1.))
REPRESENTATION_ITEM('')
);
#23=(
BOUNDED_CURVE()
B_SPLINE_CURVE(2,(#8587,#8588,#8589),.UNSPECIFIED.,.F.,.F.)
B_SPLINE_CURVE_WITH_KNOTS((3,3),(0.,0.417725613848353),.UNSPECIFIED.)
CURVE()
GEOMETRIC_REPRESENTATION_ITEM()
RATIONAL_B_SPLINE_CURVE((1.,1.06505549729529,1.))
REPRESENTATION_ITEM('')
);
#24=(
BOUNDED_CURVE()
B_SPLINE_CURVE(2,(#8592,#8593,#8594),.UNSPECIFIED.,.F.,.F.)
B_SPLINE_CURVE_WITH_KNOTS((3,3),(0.,0.417725613848353),.UNSPECIFIED.)
CURVE()
GEOMETRIC_REPRESENTATION_ITEM()
RATIONAL_B_SPLINE_CURVE((1.,1.06505549729523,1.))
REPRESENTATION_ITEM('')
);
#25=(
BOUNDED_CURVE()
B_SPLINE_CURVE(2,(#9600,#9601,#9602),.UNSPECIFIED.,.F.,.F.)
B_SPLINE_CURVE_WITH_KNOTS((3,3),(0.251156891240509,0.937562217298897),
 .UNSPECIFIED.)
CURVE()
GEOMETRIC_REPRESENTATION_ITEM()
RATIONAL_B_SPLINE_CURVE((1.73842229562756,2.59141171967928,2.59141171967951))
REPRESENTATION_ITEM('')
);
#26=(
BOUNDED_CURVE()
B_SPLINE_CURVE(2,(#9603,#9604,#9605),.UNSPECIFIED.,.F.,.F.)
B_SPLINE_CURVE_WITH_KNOTS((3,3),(0.937562217298897,1.00819756435929),
 .UNSPECIFIED.)
CURVE()
GEOMETRIC_REPRESENTATION_ITEM()
RATIONAL_B_SPLINE_CURVE((2.59141171967951,2.59141171967953,2.5823788337911))
REPRESENTATION_ITEM('')
);
#27=(
BOUNDED_CURVE()
B_SPLINE_CURVE(2,(#9715,#9716,#9717),.UNSPECIFIED.,.F.,.F.)
B_SPLINE_CURVE_WITH_KNOTS((3,3),(0.123463261987031,0.142607957241051),
 .UNSPECIFIED.)
CURVE()
GEOMETRIC_REPRESENTATION_ITEM()
RATIONAL_B_SPLINE_CURVE((3.77442978354911,3.97615516767358,4.17373055455105))
REPRESENTATION_ITEM('')
);
#28=TOROIDAL_SURFACE('',#5549,1.911,0.486);
#29=TOROIDAL_SURFACE('',#5557,1.911,0.486);
#30=TOROIDAL_SURFACE('',#5564,1.911,0.486);
#31=TOROIDAL_SURFACE('',#5572,1.411,0.486);
#32=TOROIDAL_SURFACE('',#5580,1.411,0.486);
#33=TOROIDAL_SURFACE('',#5588,1.411,0.486);
#34=TOROIDAL_SURFACE('',#5596,1.36222237026418,0.486);
#35=TOROIDAL_SURFACE('',#5605,1.407954425122,0.486);
#36=TOROIDAL_SURFACE('',#5614,1.411,0.486);
#37=TOROIDAL_SURFACE('',#5622,1.911,0.486);
#38=TOROIDAL_SURFACE('',#5631,1.911,0.486);
#39=TOROIDAL_SURFACE('',#5706,2.761,0.761);
#40=CONICAL_SURFACE('',#5469,2.4695,0.785398163397449);
#41=CONICAL_SURFACE('',#5531,2.4695,0.785398163397449);
#42=CONICAL_SURFACE('',#5545,4.62944730505122,0.785398163397448);
#43=CONICAL_SURFACE('',#5662,3.5385,0.785398163397449);
#44=CONICAL_SURFACE('',#5665,4.42811714295,0.785398163397449);
#45=CONICAL_SURFACE('',#5668,3.57013307275,0.785398163397448);
#46=CONICAL_SURFACE('',#5673,4.17811714295,0.785398163397449);
#47=CONICAL_SURFACE('',#5676,4.17811714295,0.785398163397449);
#48=CONICAL_SURFACE('',#5678,3.85311714295,0.785398163397449);
#49=CONICAL_SURFACE('',#5682,4.17811714295,0.785398163397449);
#50=CONICAL_SURFACE('',#5685,3.85311714295,0.785398163397449);
#51=CONICAL_SURFACE('',#5689,3.85311714295,0.785398163397449);
#52=CONICAL_SURFACE('',#5691,3.92811714295,0.785398163397449);
#53=CONICAL_SURFACE('',#5694,3.85311714295,0.785398163397449);
#54=CONICAL_SURFACE('',#5700,4.42811714295,0.785398163397449);
#55=CONICAL_SURFACE('',#5855,1.3,0.785398163397449);
#56=CONICAL_SURFACE('',#5858,1.29999999999999,0.785398163397445);
#57=CONICAL_SURFACE('',#5861,1.29999999999999,0.785398163397445);
#58=CONICAL_SURFACE('',#5864,1.3,0.785398163397449);
#59=CONICAL_SURFACE('',#5867,1.3,0.785398163397449);
#60=CONICAL_SURFACE('',#5870,1.29999999999999,0.785398163397445);
#61=CONICAL_SURFACE('',#5873,1.29999999999999,0.785398163397445);
#62=CONICAL_SURFACE('',#5876,1.3,0.785398163397449);
#63=CONICAL_SURFACE('',#5879,1.3,0.785398163397445);
#64=CONICAL_SURFACE('',#5882,1.29999999999999,0.785398163397445);
#65=CONICAL_SURFACE('',#5885,1.3,0.785398163397449);
#66=CONICAL_SURFACE('',#5888,1.29999999999999,0.785398163397445);
#67=CONICAL_SURFACE('',#5891,1.3,0.785398163397449);
#68=CONICAL_SURFACE('',#5894,1.29999999999999,0.785398163397445);
#69=CONICAL_SURFACE('',#5897,1.29999999999999,0.785398163397445);
#70=CONICAL_SURFACE('',#5900,1.3,0.785398163397449);
#71=CONICAL_SURFACE('',#5904,1.3,0.785398163397449);
#72=FACE_BOUND('',#617,.T.);
#73=FACE_BOUND('',#618,.T.);
#74=FACE_BOUND('',#619,.T.);
#75=FACE_BOUND('',#620,.T.);
#76=FACE_BOUND('',#621,.T.);
#77=FACE_BOUND('',#622,.T.);
#78=FACE_BOUND('',#623,.T.);
#79=FACE_BOUND('',#624,.T.);
#80=FACE_BOUND('',#625,.T.);
#81=FACE_BOUND('',#626,.T.);
#82=FACE_BOUND('',#627,.T.);
#83=FACE_BOUND('',#628,.T.);
#84=FACE_BOUND('',#629,.T.);
#85=FACE_BOUND('',#630,.T.);
#86=FACE_BOUND('',#631,.T.);
#87=FACE_BOUND('',#632,.T.);
#88=FACE_BOUND('',#633,.T.);
#89=FACE_BOUND('',#634,.T.);
#90=FACE_BOUND('',#635,.T.);
#91=FACE_BOUND('',#636,.T.);
#92=FACE_BOUND('',#637,.T.);
#93=FACE_BOUND('',#638,.T.);
#94=FACE_BOUND('',#639,.T.);
#95=FACE_BOUND('',#640,.T.);
#96=FACE_BOUND('',#643,.T.);
#97=FACE_BOUND('',#644,.T.);
#98=FACE_BOUND('',#645,.T.);
#99=FACE_BOUND('',#646,.T.);
#100=FACE_BOUND('',#647,.T.);
#101=FACE_BOUND('',#648,.T.);
#102=FACE_BOUND('',#649,.T.);
#103=FACE_BOUND('',#650,.T.);
#104=FACE_BOUND('',#651,.T.);
#105=FACE_BOUND('',#652,.T.);
#106=FACE_BOUND('',#653,.T.);
#107=FACE_BOUND('',#654,.T.);
#108=FACE_BOUND('',#655,.T.);
#109=FACE_BOUND('',#656,.T.);
#110=FACE_BOUND('',#657,.T.);
#111=FACE_BOUND('',#658,.T.);
#112=FACE_BOUND('',#659,.T.);
#113=FACE_BOUND('',#660,.T.);
#114=FACE_BOUND('',#661,.T.);
#115=FACE_BOUND('',#662,.T.);
#116=FACE_BOUND('',#663,.T.);
#117=FACE_BOUND('',#664,.T.);
#118=FACE_BOUND('',#665,.T.);
#119=FACE_BOUND('',#666,.T.);
#120=FACE_BOUND('',#667,.T.);
#121=FACE_BOUND('',#668,.T.);
#122=FACE_BOUND('',#669,.T.);
#123=FACE_BOUND('',#670,.T.);
#124=FACE_BOUND('',#671,.T.);
#125=FACE_BOUND('',#672,.T.);
#126=FACE_BOUND('',#673,.T.);
#127=FACE_BOUND('',#674,.T.);
#128=FACE_BOUND('',#675,.T.);
#129=FACE_BOUND('',#676,.T.);
#130=FACE_BOUND('',#677,.T.);
#131=FACE_BOUND('',#678,.T.);
#132=FACE_BOUND('',#679,.T.);
#133=FACE_BOUND('',#680,.T.);
#134=FACE_BOUND('',#681,.T.);
#135=FACE_BOUND('',#682,.T.);
#136=FACE_BOUND('',#683,.T.);
#137=FACE_BOUND('',#684,.T.);
#138=FACE_BOUND('',#685,.T.);
#139=FACE_BOUND('',#686,.T.);
#140=FACE_BOUND('',#687,.T.);
#141=FACE_BOUND('',#693,.T.);
#142=FACE_BOUND('',#697,.T.);
#143=FACE_BOUND('',#704,.T.);
#144=FACE_BOUND('',#708,.T.);
#145=FACE_BOUND('',#712,.T.);
#146=FACE_BOUND('',#716,.T.);
#147=FACE_BOUND('',#720,.T.);
#148=FACE_BOUND('',#724,.T.);
#149=FACE_BOUND('',#727,.T.);
#150=FACE_BOUND('',#731,.T.);
#151=FACE_BOUND('',#736,.T.);
#152=FACE_BOUND('',#739,.T.);
#153=FACE_BOUND('',#744,.T.);
#154=FACE_BOUND('',#797,.T.);
#155=FACE_BOUND('',#803,.T.);
#156=FACE_BOUND('',#813,.T.);
#157=FACE_BOUND('',#845,.T.);
#158=FACE_BOUND('',#852,.T.);
#159=FACE_BOUND('',#855,.T.);
#160=FACE_BOUND('',#857,.T.);
#161=FACE_BOUND('',#860,.T.);
#162=FACE_BOUND('',#872,.T.);
#163=FACE_BOUND('',#875,.T.);
#164=FACE_BOUND('',#878,.T.);
#165=FACE_BOUND('',#957,.T.);
#166=FACE_BOUND('',#960,.T.);
#167=FACE_BOUND('',#963,.T.);
#168=FACE_BOUND('',#966,.T.);
#169=FACE_BOUND('',#983,.T.);
#170=PLANE('',#5419);
#171=PLANE('',#5429);
#172=PLANE('',#5434);
#173=PLANE('',#5441);
#174=PLANE('',#5472);
#175=PLANE('',#5538);
#176=PLANE('',#5539);
#177=PLANE('',#5543);
#178=PLANE('',#5544);
#179=PLANE('',#5555);
#180=PLANE('',#5563);
#181=PLANE('',#5570);
#182=PLANE('',#5578);
#183=PLANE('',#5586);
#184=PLANE('',#5594);
#185=PLANE('',#5601);
#186=PLANE('',#5610);
#187=PLANE('',#5620);
#188=PLANE('',#5626);
#189=PLANE('',#5637);
#190=PLANE('',#5639);
#191=PLANE('',#5645);
#192=PLANE('',#5646);
#193=PLANE('',#5647);
#194=PLANE('',#5648);
#195=PLANE('',#5651);
#196=PLANE('',#5652);
#197=PLANE('',#5653);
#198=PLANE('',#5654);
#199=PLANE('',#5655);
#200=PLANE('',#5656);
#201=PLANE('',#5657);
#202=PLANE('',#5658);
#203=PLANE('',#5659);
#204=PLANE('',#5660);
#205=PLANE('',#5661);
#206=PLANE('',#5664);
#207=PLANE('',#5672);
#208=PLANE('',#5703);
#209=PLANE('',#5714);
#210=PLANE('',#5715);
#211=PLANE('',#5720);
#212=PLANE('',#5730);
#213=PLANE('',#5731);
#214=PLANE('',#5742);
#215=PLANE('',#5752);
#216=PLANE('',#5753);
#217=PLANE('',#5756);
#218=PLANE('',#5757);
#219=PLANE('',#5758);
#220=PLANE('',#5761);
#221=PLANE('',#5765);
#222=PLANE('',#5769);
#223=PLANE('',#5773);
#224=PLANE('',#5778);
#225=PLANE('',#5780);
#226=PLANE('',#5784);
#227=PLANE('',#5788);
#228=PLANE('',#5792);
#229=PLANE('',#5796);
#230=PLANE('',#5799);
#231=PLANE('',#5800);
#232=PLANE('',#5802);
#233=PLANE('',#5803);
#234=PLANE('',#5804);
#235=PLANE('',#5807);
#236=PLANE('',#5808);
#237=PLANE('',#5811);
#238=PLANE('',#5812);
#239=PLANE('',#5813);
#240=PLANE('',#5815);
#241=PLANE('',#5816);
#242=PLANE('',#5817);
#243=PLANE('',#5818);
#244=PLANE('',#5819);
#245=PLANE('',#5820);
#246=PLANE('',#5822);
#247=PLANE('',#5823);
#248=PLANE('',#5825);
#249=PLANE('',#5827);
#250=PLANE('',#5828);
#251=PLANE('',#5830);
#252=PLANE('',#5831);
#253=PLANE('',#5832);
#254=PLANE('',#5833);
#255=PLANE('',#5834);
#256=PLANE('',#5835);
#257=PLANE('',#5836);
#258=PLANE('',#5843);
#259=PLANE('',#5846);
#260=PLANE('',#5850);
#261=PLANE('',#5851);
#262=PLANE('',#5852);
#263=PLANE('',#5853);
#264=PLANE('',#5854);
#265=PLANE('',#5907);
#266=PLANE('',#5908);
#267=PLANE('',#5909);
#268=PLANE('',#5910);
#269=PLANE('',#5911);
#270=PLANE('',#5912);
#271=PLANE('',#5913);
#272=PLANE('',#5914);
#273=PLANE('',#5915);
#274=PLANE('',#5916);
#275=PLANE('',#5917);
#276=PLANE('',#5918);
#277=PLANE('',#5919);
#278=PLANE('',#5920);
#279=PLANE('',#5921);
#280=PLANE('',#5922);
#281=PLANE('',#5923);
#282=PLANE('',#5924);
#283=PLANE('',#5925);
#284=PLANE('',#5926);
#285=PLANE('',#5927);
#286=PLANE('',#5928);
#287=PLANE('',#5929);
#288=PLANE('',#5930);
#289=PLANE('',#5931);
#290=PLANE('',#5932);
#291=PLANE('',#5933);
#292=PLANE('',#5934);
#293=PLANE('',#5935);
#294=PLANE('',#5936);
#295=PLANE('',#5937);
#296=PLANE('',#5938);
#297=PLANE('',#5939);
#298=PLANE('',#5940);
#299=PLANE('',#5941);
#300=PLANE('',#5942);
#301=PLANE('',#5945);
#302=PLANE('',#5948);
#303=PLANE('',#5952);
#304=PLANE('',#5956);
#305=PLANE('',#5960);
#306=PLANE('',#5965);
#307=FACE_OUTER_BOUND('',#600,.T.);
#308=FACE_OUTER_BOUND('',#601,.T.);
#309=FACE_OUTER_BOUND('',#602,.T.);
#310=FACE_OUTER_BOUND('',#603,.T.);
#311=FACE_OUTER_BOUND('',#604,.T.);
#312=FACE_OUTER_BOUND('',#605,.T.);
#313=FACE_OUTER_BOUND('',#606,.T.);
#314=FACE_OUTER_BOUND('',#607,.T.);
#315=FACE_OUTER_BOUND('',#608,.T.);
#316=FACE_OUTER_BOUND('',#609,.T.);
#317=FACE_OUTER_BOUND('',#610,.T.);
#318=FACE_OUTER_BOUND('',#611,.T.);
#319=FACE_OUTER_BOUND('',#612,.T.);
#320=FACE_OUTER_BOUND('',#613,.T.);
#321=FACE_OUTER_BOUND('',#614,.T.);
#322=FACE_OUTER_BOUND('',#615,.T.);
#323=FACE_OUTER_BOUND('',#616,.T.);
#324=FACE_OUTER_BOUND('',#641,.T.);
#325=FACE_OUTER_BOUND('',#642,.T.);
#326=FACE_OUTER_BOUND('',#688,.T.);
#327=FACE_OUTER_BOUND('',#689,.T.);
#328=FACE_OUTER_BOUND('',#690,.T.);
#329=FACE_OUTER_BOUND('',#691,.T.);
#330=FACE_OUTER_BOUND('',#692,.T.);
#331=FACE_OUTER_BOUND('',#694,.T.);
#332=FACE_OUTER_BOUND('',#695,.T.);
#333=FACE_OUTER_BOUND('',#696,.T.);
#334=FACE_OUTER_BOUND('',#698,.T.);
#335=FACE_OUTER_BOUND('',#699,.T.);
#336=FACE_OUTER_BOUND('',#700,.T.);
#337=FACE_OUTER_BOUND('',#701,.T.);
#338=FACE_OUTER_BOUND('',#702,.T.);
#339=FACE_OUTER_BOUND('',#703,.T.);
#340=FACE_OUTER_BOUND('',#705,.T.);
#341=FACE_OUTER_BOUND('',#706,.T.);
#342=FACE_OUTER_BOUND('',#707,.T.);
#343=FACE_OUTER_BOUND('',#709,.T.);
#344=FACE_OUTER_BOUND('',#710,.T.);
#345=FACE_OUTER_BOUND('',#711,.T.);
#346=FACE_OUTER_BOUND('',#713,.T.);
#347=FACE_OUTER_BOUND('',#714,.T.);
#348=FACE_OUTER_BOUND('',#715,.T.);
#349=FACE_OUTER_BOUND('',#717,.T.);
#350=FACE_OUTER_BOUND('',#718,.T.);
#351=FACE_OUTER_BOUND('',#719,.T.);
#352=FACE_OUTER_BOUND('',#721,.T.);
#353=FACE_OUTER_BOUND('',#722,.T.);
#354=FACE_OUTER_BOUND('',#723,.T.);
#355=FACE_OUTER_BOUND('',#725,.T.);
#356=FACE_OUTER_BOUND('',#726,.T.);
#357=FACE_OUTER_BOUND('',#728,.T.);
#358=FACE_OUTER_BOUND('',#729,.T.);
#359=FACE_OUTER_BOUND('',#730,.T.);
#360=FACE_OUTER_BOUND('',#732,.T.);
#361=FACE_OUTER_BOUND('',#733,.T.);
#362=FACE_OUTER_BOUND('',#734,.T.);
#363=FACE_OUTER_BOUND('',#735,.T.);
#364=FACE_OUTER_BOUND('',#737,.T.);
#365=FACE_OUTER_BOUND('',#738,.T.);
#366=FACE_OUTER_BOUND('',#740,.T.);
#367=FACE_OUTER_BOUND('',#741,.T.);
#368=FACE_OUTER_BOUND('',#742,.T.);
#369=FACE_OUTER_BOUND('',#743,.T.);
#370=FACE_OUTER_BOUND('',#745,.T.);
#371=FACE_OUTER_BOUND('',#746,.T.);
#372=FACE_OUTER_BOUND('',#747,.T.);
#373=FACE_OUTER_BOUND('',#748,.T.);
#374=FACE_OUTER_BOUND('',#749,.T.);
#375=FACE_OUTER_BOUND('',#750,.T.);
#376=FACE_OUTER_BOUND('',#751,.T.);
#377=FACE_OUTER_BOUND('',#752,.T.);
#378=FACE_OUTER_BOUND('',#753,.T.);
#379=FACE_OUTER_BOUND('',#754,.T.);
#380=FACE_OUTER_BOUND('',#755,.T.);
#381=FACE_OUTER_BOUND('',#756,.T.);
#382=FACE_OUTER_BOUND('',#757,.T.);
#383=FACE_OUTER_BOUND('',#758,.T.);
#384=FACE_OUTER_BOUND('',#759,.T.);
#385=FACE_OUTER_BOUND('',#760,.T.);
#386=FACE_OUTER_BOUND('',#761,.T.);
#387=FACE_OUTER_BOUND('',#762,.T.);
#388=FACE_OUTER_BOUND('',#763,.T.);
#389=FACE_OUTER_BOUND('',#764,.T.);
#390=FACE_OUTER_BOUND('',#765,.T.);
#391=FACE_OUTER_BOUND('',#766,.T.);
#392=FACE_OUTER_BOUND('',#767,.T.);
#393=FACE_OUTER_BOUND('',#768,.T.);
#394=FACE_OUTER_BOUND('',#769,.T.);
#395=FACE_OUTER_BOUND('',#770,.T.);
#396=FACE_OUTER_BOUND('',#771,.T.);
#397=FACE_OUTER_BOUND('',#772,.T.);
#398=FACE_OUTER_BOUND('',#773,.T.);
#399=FACE_OUTER_BOUND('',#774,.T.);
#400=FACE_OUTER_BOUND('',#775,.T.);
#401=FACE_OUTER_BOUND('',#776,.T.);
#402=FACE_OUTER_BOUND('',#777,.T.);
#403=FACE_OUTER_BOUND('',#778,.T.);
#404=FACE_OUTER_BOUND('',#779,.T.);
#405=FACE_OUTER_BOUND('',#780,.T.);
#406=FACE_OUTER_BOUND('',#781,.T.);
#407=FACE_OUTER_BOUND('',#782,.T.);
#408=FACE_OUTER_BOUND('',#783,.T.);
#409=FACE_OUTER_BOUND('',#784,.T.);
#410=FACE_OUTER_BOUND('',#785,.T.);
#411=FACE_OUTER_BOUND('',#786,.T.);
#412=FACE_OUTER_BOUND('',#787,.T.);
#413=FACE_OUTER_BOUND('',#788,.T.);
#414=FACE_OUTER_BOUND('',#789,.T.);
#415=FACE_OUTER_BOUND('',#790,.T.);
#416=FACE_OUTER_BOUND('',#791,.T.);
#417=FACE_OUTER_BOUND('',#792,.T.);
#418=FACE_OUTER_BOUND('',#793,.T.);
#419=FACE_OUTER_BOUND('',#794,.T.);
#420=FACE_OUTER_BOUND('',#795,.T.);
#421=FACE_OUTER_BOUND('',#796,.T.);
#422=FACE_OUTER_BOUND('',#798,.T.);
#423=FACE_OUTER_BOUND('',#799,.T.);
#424=FACE_OUTER_BOUND('',#800,.T.);
#425=FACE_OUTER_BOUND('',#801,.T.);
#426=FACE_OUTER_BOUND('',#802,.T.);
#427=FACE_OUTER_BOUND('',#804,.T.);
#428=FACE_OUTER_BOUND('',#805,.T.);
#429=FACE_OUTER_BOUND('',#806,.T.);
#430=FACE_OUTER_BOUND('',#807,.T.);
#431=FACE_OUTER_BOUND('',#808,.T.);
#432=FACE_OUTER_BOUND('',#809,.T.);
#433=FACE_OUTER_BOUND('',#810,.T.);
#434=FACE_OUTER_BOUND('',#811,.T.);
#435=FACE_OUTER_BOUND('',#812,.T.);
#436=FACE_OUTER_BOUND('',#814,.T.);
#437=FACE_OUTER_BOUND('',#815,.T.);
#438=FACE_OUTER_BOUND('',#816,.T.);
#439=FACE_OUTER_BOUND('',#817,.T.);
#440=FACE_OUTER_BOUND('',#818,.T.);
#441=FACE_OUTER_BOUND('',#819,.T.);
#442=FACE_OUTER_BOUND('',#820,.T.);
#443=FACE_OUTER_BOUND('',#821,.T.);
#444=FACE_OUTER_BOUND('',#822,.T.);
#445=FACE_OUTER_BOUND('',#823,.T.);
#446=FACE_OUTER_BOUND('',#824,.T.);
#447=FACE_OUTER_BOUND('',#825,.T.);
#448=FACE_OUTER_BOUND('',#826,.T.);
#449=FACE_OUTER_BOUND('',#827,.T.);
#450=FACE_OUTER_BOUND('',#828,.T.);
#451=FACE_OUTER_BOUND('',#829,.T.);
#452=FACE_OUTER_BOUND('',#830,.T.);
#453=FACE_OUTER_BOUND('',#831,.T.);
#454=FACE_OUTER_BOUND('',#832,.T.);
#455=FACE_OUTER_BOUND('',#833,.T.);
#456=FACE_OUTER_BOUND('',#834,.T.);
#457=FACE_OUTER_BOUND('',#835,.T.);
#458=FACE_OUTER_BOUND('',#836,.T.);
#459=FACE_OUTER_BOUND('',#837,.T.);
#460=FACE_OUTER_BOUND('',#838,.T.);
#461=FACE_OUTER_BOUND('',#839,.T.);
#462=FACE_OUTER_BOUND('',#840,.T.);
#463=FACE_OUTER_BOUND('',#841,.T.);
#464=FACE_OUTER_BOUND('',#842,.T.);
#465=FACE_OUTER_BOUND('',#843,.T.);
#466=FACE_OUTER_BOUND('',#844,.T.);
#467=FACE_OUTER_BOUND('',#846,.T.);
#468=FACE_OUTER_BOUND('',#847,.T.);
#469=FACE_OUTER_BOUND('',#848,.T.);
#470=FACE_OUTER_BOUND('',#849,.T.);
#471=FACE_OUTER_BOUND('',#850,.T.);
#472=FACE_OUTER_BOUND('',#851,.T.);
#473=FACE_OUTER_BOUND('',#853,.T.);
#474=FACE_OUTER_BOUND('',#854,.T.);
#475=FACE_OUTER_BOUND('',#856,.T.);
#476=FACE_OUTER_BOUND('',#858,.T.);
#477=FACE_OUTER_BOUND('',#859,.T.);
#478=FACE_OUTER_BOUND('',#861,.T.);
#479=FACE_OUTER_BOUND('',#862,.T.);
#480=FACE_OUTER_BOUND('',#863,.T.);
#481=FACE_OUTER_BOUND('',#864,.T.);
#482=FACE_OUTER_BOUND('',#865,.T.);
#483=FACE_OUTER_BOUND('',#866,.T.);
#484=FACE_OUTER_BOUND('',#867,.T.);
#485=FACE_OUTER_BOUND('',#868,.T.);
#486=FACE_OUTER_BOUND('',#869,.T.);
#487=FACE_OUTER_BOUND('',#870,.T.);
#488=FACE_OUTER_BOUND('',#871,.T.);
#489=FACE_OUTER_BOUND('',#873,.T.);
#490=FACE_OUTER_BOUND('',#874,.T.);
#491=FACE_OUTER_BOUND('',#876,.T.);
#492=FACE_OUTER_BOUND('',#877,.T.);
#493=FACE_OUTER_BOUND('',#879,.T.);
#494=FACE_OUTER_BOUND('',#880,.T.);
#495=FACE_OUTER_BOUND('',#881,.T.);
#496=FACE_OUTER_BOUND('',#882,.T.);
#497=FACE_OUTER_BOUND('',#883,.T.);
#498=FACE_OUTER_BOUND('',#884,.T.);
#499=FACE_OUTER_BOUND('',#885,.T.);
#500=FACE_OUTER_BOUND('',#886,.T.);
#501=FACE_OUTER_BOUND('',#887,.T.);
#502=FACE_OUTER_BOUND('',#888,.T.);
#503=FACE_OUTER_BOUND('',#889,.T.);
#504=FACE_OUTER_BOUND('',#890,.T.);
#505=FACE_OUTER_BOUND('',#891,.T.);
#506=FACE_OUTER_BOUND('',#892,.T.);
#507=FACE_OUTER_BOUND('',#893,.T.);
#508=FACE_OUTER_BOUND('',#894,.T.);
#509=FACE_OUTER_BOUND('',#895,.T.);
#510=FACE_OUTER_BOUND('',#896,.T.);
#511=FACE_OUTER_BOUND('',#897,.T.);
#512=FACE_OUTER_BOUND('',#898,.T.);
#513=FACE_OUTER_BOUND('',#899,.T.);
#514=FACE_OUTER_BOUND('',#900,.T.);
#515=FACE_OUTER_BOUND('',#901,.T.);
#516=FACE_OUTER_BOUND('',#902,.T.);
#517=FACE_OUTER_BOUND('',#903,.T.);
#518=FACE_OUTER_BOUND('',#904,.T.);
#519=FACE_OUTER_BOUND('',#905,.T.);
#520=FACE_OUTER_BOUND('',#906,.T.);
#521=FACE_OUTER_BOUND('',#907,.T.);
#522=FACE_OUTER_BOUND('',#908,.T.);
#523=FACE_OUTER_BOUND('',#909,.T.);
#524=FACE_OUTER_BOUND('',#910,.T.);
#525=FACE_OUTER_BOUND('',#911,.T.);
#526=FACE_OUTER_BOUND('',#912,.T.);
#527=FACE_OUTER_BOUND('',#913,.T.);
#528=FACE_OUTER_BOUND('',#914,.T.);
#529=FACE_OUTER_BOUND('',#915,.T.);
#530=FACE_OUTER_BOUND('',#916,.T.);
#531=FACE_OUTER_BOUND('',#917,.T.);
#532=FACE_OUTER_BOUND('',#918,.T.);
#533=FACE_OUTER_BOUND('',#919,.T.);
#534=FACE_OUTER_BOUND('',#920,.T.);
#535=FACE_OUTER_BOUND('',#921,.T.);
#536=FACE_OUTER_BOUND('',#922,.T.);
#537=FACE_OUTER_BOUND('',#923,.T.);
#538=FACE_OUTER_BOUND('',#924,.T.);
#539=FACE_OUTER_BOUND('',#925,.T.);
#540=FACE_OUTER_BOUND('',#926,.T.);
#541=FACE_OUTER_BOUND('',#927,.T.);
#542=FACE_OUTER_BOUND('',#928,.T.);
#543=FACE_OUTER_BOUND('',#929,.T.);
#544=FACE_OUTER_BOUND('',#930,.T.);
#545=FACE_OUTER_BOUND('',#931,.T.);
#546=FACE_OUTER_BOUND('',#932,.T.);
#547=FACE_OUTER_BOUND('',#933,.T.);
#548=FACE_OUTER_BOUND('',#934,.T.);
#549=FACE_OUTER_BOUND('',#935,.T.);
#550=FACE_OUTER_BOUND('',#936,.T.);
#551=FACE_OUTER_BOUND('',#937,.T.);
#552=FACE_OUTER_BOUND('',#938,.T.);
#553=FACE_OUTER_BOUND('',#939,.T.);
#554=FACE_OUTER_BOUND('',#940,.T.);
#555=FACE_OUTER_BOUND('',#941,.T.);
#556=FACE_OUTER_BOUND('',#942,.T.);
#557=FACE_OUTER_BOUND('',#943,.T.);
#558=FACE_OUTER_BOUND('',#944,.T.);
#559=FACE_OUTER_BOUND('',#945,.T.);
#560=FACE_OUTER_BOUND('',#946,.T.);
#561=FACE_OUTER_BOUND('',#947,.T.);
#562=FACE_OUTER_BOUND('',#948,.T.);
#563=FACE_OUTER_BOUND('',#949,.T.);
#564=FACE_OUTER_BOUND('',#950,.T.);
#565=FACE_OUTER_BOUND('',#951,.T.);
#566=FACE_OUTER_BOUND('',#952,.T.);
#567=FACE_OUTER_BOUND('',#953,.T.);
#568=FACE_OUTER_BOUND('',#954,.T.);
#569=FACE_OUTER_BOUND('',#955,.T.);
#570=FACE_OUTER_BOUND('',#956,.T.);
#571=FACE_OUTER_BOUND('',#958,.T.);
#572=FACE_OUTER_BOUND('',#959,.T.);
#573=FACE_OUTER_BOUND('',#961,.T.);
#574=FACE_OUTER_BOUND('',#962,.T.);
#575=FACE_OUTER_BOUND('',#964,.T.);
#576=FACE_OUTER_BOUND('',#965,.T.);
#577=FACE_OUTER_BOUND('',#967,.T.);
#578=FACE_OUTER_BOUND('',#968,.T.);
#579=FACE_OUTER_BOUND('',#969,.T.);
#580=FACE_OUTER_BOUND('',#970,.T.);
#581=FACE_OUTER_BOUND('',#971,.T.);
#582=FACE_OUTER_BOUND('',#972,.T.);
#583=FACE_OUTER_BOUND('',#973,.T.);
#584=FACE_OUTER_BOUND('',#974,.T.);
#585=FACE_OUTER_BOUND('',#975,.T.);
#586=FACE_OUTER_BOUND('',#976,.T.);
#587=FACE_OUTER_BOUND('',#977,.T.);
#588=FACE_OUTER_BOUND('',#978,.T.);
#589=FACE_OUTER_BOUND('',#979,.T.);
#590=FACE_OUTER_BOUND('',#980,.T.);
#591=FACE_OUTER_BOUND('',#981,.T.);
#592=FACE_OUTER_BOUND('',#982,.T.);
#593=FACE_OUTER_BOUND('',#984,.T.);
#594=FACE_OUTER_BOUND('',#985,.T.);
#595=FACE_OUTER_BOUND('',#986,.T.);
#596=FACE_OUTER_BOUND('',#987,.T.);
#597=FACE_OUTER_BOUND('',#988,.T.);
#598=FACE_OUTER_BOUND('',#989,.T.);
#599=FACE_OUTER_BOUND('',#990,.T.);
#600=EDGE_LOOP('',(#3434,#3435,#3436,#3437,#3438,#3439));
#601=EDGE_LOOP('',(#3440,#3441,#3442,#3443));
#602=EDGE_LOOP('',(#3444,#3445,#3446,#3447));
#603=EDGE_LOOP('',(#3448,#3449,#3450,#3451));
#604=EDGE_LOOP('',(#3452,#3453,#3454,#3455));
#605=EDGE_LOOP('',(#3456,#3457,#3458,#3459));
#606=EDGE_LOOP('',(#3460,#3461,#3462,#3463,#3464,#3465));
#607=EDGE_LOOP('',(#3466,#3467,#3468,#3469));
#608=EDGE_LOOP('',(#3470,#3471,#3472,#3473));
#609=EDGE_LOOP('',(#3474,#3475,#3476));
#610=EDGE_LOOP('',(#3477,#3478,#3479,#3480,#3481,#3482,#3483,#3484,#3485,
#3486));
#611=EDGE_LOOP('',(#3487,#3488,#3489,#3490));
#612=EDGE_LOOP('',(#3491,#3492,#3493,#3494));
#613=EDGE_LOOP('',(#3495,#3496,#3497,#3498,#3499,#3500));
#614=EDGE_LOOP('',(#3501,#3502,#3503));
#615=EDGE_LOOP('',(#3504,#3505,#3506,#3507,#3508,#3509,#3510,#3511,#3512,
#3513,#3514,#3515,#3516,#3517,#3518,#3519,#3520,#3521));
#616=EDGE_LOOP('',(#3522,#3523,#3524,#3525,#3526,#3527,#3528,#3529,#3530,
#3531,#3532,#3533,#3534,#3535,#3536,#3537,#3538,#3539,#3540,#3541,#3542,
#3543,#3544,#3545,#3546,#3547,#3548,#3549,#3550,#3551,#3552));
#617=EDGE_LOOP('',(#3553));
#618=EDGE_LOOP('',(#3554));
#619=EDGE_LOOP('',(#3555));
#620=EDGE_LOOP('',(#3556));
#621=EDGE_LOOP('',(#3557));
#622=EDGE_LOOP('',(#3558));
#623=EDGE_LOOP('',(#3559));
#624=EDGE_LOOP('',(#3560));
#625=EDGE_LOOP('',(#3561));
#626=EDGE_LOOP('',(#3562));
#627=EDGE_LOOP('',(#3563));
#628=EDGE_LOOP('',(#3564));
#629=EDGE_LOOP('',(#3565));
#630=EDGE_LOOP('',(#3566));
#631=EDGE_LOOP('',(#3567));
#632=EDGE_LOOP('',(#3568));
#633=EDGE_LOOP('',(#3569));
#634=EDGE_LOOP('',(#3570));
#635=EDGE_LOOP('',(#3571));
#636=EDGE_LOOP('',(#3572));
#637=EDGE_LOOP('',(#3573));
#638=EDGE_LOOP('',(#3574,#3575));
#639=EDGE_LOOP('',(#3576));
#640=EDGE_LOOP('',(#3577));
#641=EDGE_LOOP('',(#3578,#3579,#3580,#3581));
#642=EDGE_LOOP('',(#3582,#3583,#3584,#3585,#3586,#3587,#3588,#3589,#3590,
#3591,#3592,#3593,#3594,#3595,#3596,#3597));
#643=EDGE_LOOP('',(#3598));
#644=EDGE_LOOP('',(#3599));
#645=EDGE_LOOP('',(#3600));
#646=EDGE_LOOP('',(#3601,#3602,#3603,#3604,#3605,#3606));
#647=EDGE_LOOP('',(#3607,#3608,#3609,#3610));
#648=EDGE_LOOP('',(#3611));
#649=EDGE_LOOP('',(#3612,#3613,#3614,#3615,#3616,#3617,#3618));
#650=EDGE_LOOP('',(#3619));
#651=EDGE_LOOP('',(#3620));
#652=EDGE_LOOP('',(#3621));
#653=EDGE_LOOP('',(#3622));
#654=EDGE_LOOP('',(#3623));
#655=EDGE_LOOP('',(#3624));
#656=EDGE_LOOP('',(#3625));
#657=EDGE_LOOP('',(#3626));
#658=EDGE_LOOP('',(#3627));
#659=EDGE_LOOP('',(#3628));
#660=EDGE_LOOP('',(#3629));
#661=EDGE_LOOP('',(#3630));
#662=EDGE_LOOP('',(#3631));
#663=EDGE_LOOP('',(#3632));
#664=EDGE_LOOP('',(#3633));
#665=EDGE_LOOP('',(#3634));
#666=EDGE_LOOP('',(#3635,#3636,#3637));
#667=EDGE_LOOP('',(#3638));
#668=EDGE_LOOP('',(#3639));
#669=EDGE_LOOP('',(#3640));
#670=EDGE_LOOP('',(#3641));
#671=EDGE_LOOP('',(#3642));
#672=EDGE_LOOP('',(#3643,#3644));
#673=EDGE_LOOP('',(#3645,#3646,#3647,#3648,#3649,#3650,#3651,#3652));
#674=EDGE_LOOP('',(#3653));
#675=EDGE_LOOP('',(#3654));
#676=EDGE_LOOP('',(#3655));
#677=EDGE_LOOP('',(#3656));
#678=EDGE_LOOP('',(#3657));
#679=EDGE_LOOP('',(#3658));
#680=EDGE_LOOP('',(#3659,#3660));
#681=EDGE_LOOP('',(#3661));
#682=EDGE_LOOP('',(#3662));
#683=EDGE_LOOP('',(#3663));
#684=EDGE_LOOP('',(#3664));
#685=EDGE_LOOP('',(#3665));
#686=EDGE_LOOP('',(#3666));
#687=EDGE_LOOP('',(#3667));
#688=EDGE_LOOP('',(#3668,#3669,#3670,#3671));
#689=EDGE_LOOP('',(#3672,#3673,#3674,#3675));
#690=EDGE_LOOP('',(#3676,#3677,#3678,#3679));
#691=EDGE_LOOP('',(#3680,#3681,#3682,#3683));
#692=EDGE_LOOP('',(#3684));
#693=EDGE_LOOP('',(#3685));
#694=EDGE_LOOP('',(#3686));
#695=EDGE_LOOP('',(#3687,#3688,#3689,#3690));
#696=EDGE_LOOP('',(#3691));
#697=EDGE_LOOP('',(#3692));
#698=EDGE_LOOP('',(#3693));
#699=EDGE_LOOP('',(#3694,#3695,#3696,#3697,#3698,#3699,#3700));
#700=EDGE_LOOP('',(#3701,#3702,#3703,#3704));
#701=EDGE_LOOP('',(#3705,#3706,#3707,#3708));
#702=EDGE_LOOP('',(#3709,#3710,#3711,#3712));
#703=EDGE_LOOP('',(#3713));
#704=EDGE_LOOP('',(#3714));
#705=EDGE_LOOP('',(#3715,#3716,#3717,#3718));
#706=EDGE_LOOP('',(#3719,#3720,#3721,#3722));
#707=EDGE_LOOP('',(#3723));
#708=EDGE_LOOP('',(#3724));
#709=EDGE_LOOP('',(#3725,#3726,#3727,#3728));
#710=EDGE_LOOP('',(#3729,#3730,#3731,#3732));
#711=EDGE_LOOP('',(#3733));
#712=EDGE_LOOP('',(#3734));
#713=EDGE_LOOP('',(#3735,#3736,#3737,#3738));
#714=EDGE_LOOP('',(#3739,#3740,#3741,#3742));
#715=EDGE_LOOP('',(#3743));
#716=EDGE_LOOP('',(#3744));
#717=EDGE_LOOP('',(#3745,#3746,#3747,#3748));
#718=EDGE_LOOP('',(#3749,#3750,#3751,#3752));
#719=EDGE_LOOP('',(#3753));
#720=EDGE_LOOP('',(#3754));
#721=EDGE_LOOP('',(#3755,#3756,#3757,#3758));
#722=EDGE_LOOP('',(#3759,#3760,#3761,#3762));
#723=EDGE_LOOP('',(#3763));
#724=EDGE_LOOP('',(#3764));
#725=EDGE_LOOP('',(#3765,#3766,#3767,#3768,#3769));
#726=EDGE_LOOP('',(#3770,#3771));
#727=EDGE_LOOP('',(#3772));
#728=EDGE_LOOP('',(#3773,#3774,#3775,#3776,#3777));
#729=EDGE_LOOP('',(#3778,#3779,#3780,#3781,#3782));
#730=EDGE_LOOP('',(#3783,#3784));
#731=EDGE_LOOP('',(#3785));
#732=EDGE_LOOP('',(#3786,#3787,#3788,#3789,#3790));
#733=EDGE_LOOP('',(#3791,#3792,#3793,#3794));
#734=EDGE_LOOP('',(#3795,#3796,#3797,#3798));
#735=EDGE_LOOP('',(#3799));
#736=EDGE_LOOP('',(#3800));
#737=EDGE_LOOP('',(#3801,#3802,#3803,#3804));
#738=EDGE_LOOP('',(#3805));
#739=EDGE_LOOP('',(#3806));
#740=EDGE_LOOP('',(#3807,#3808,#3809,#3810,#3811,#3812));
#741=EDGE_LOOP('',(#3813,#3814,#3815,#3816));
#742=EDGE_LOOP('',(#3817,#3818,#3819,#3820));
#743=EDGE_LOOP('',(#3821));
#744=EDGE_LOOP('',(#3822));
#745=EDGE_LOOP('',(#3823));
#746=EDGE_LOOP('',(#3824,#3825,#3826,#3827));
#747=EDGE_LOOP('',(#3828,#3829,#3830,#3831));
#748=EDGE_LOOP('',(#3832,#3833,#3834,#3835));
#749=EDGE_LOOP('',(#3836,#3837,#3838,#3839));
#750=EDGE_LOOP('',(#3840,#3841,#3842,#3843));
#751=EDGE_LOOP('',(#3844,#3845,#3846,#3847,#3848,#3849,#3850,#3851,#3852,
#3853,#3854,#3855,#3856,#3857,#3858,#3859,#3860,#3861,#3862,#3863));
#752=EDGE_LOOP('',(#3864,#3865,#3866,#3867));
#753=EDGE_LOOP('',(#3868,#3869,#3870,#3871));
#754=EDGE_LOOP('',(#3872,#3873,#3874,#3875));
#755=EDGE_LOOP('',(#3876,#3877,#3878,#3879,#3880));
#756=EDGE_LOOP('',(#3881,#3882,#3883,#3884,#3885));
#757=EDGE_LOOP('',(#3886,#3887,#3888,#3889));
#758=EDGE_LOOP('',(#3890,#3891,#3892,#3893,#3894));
#759=EDGE_LOOP('',(#3895,#3896,#3897,#3898,#3899));
#760=EDGE_LOOP('',(#3900,#3901,#3902,#3903));
#761=EDGE_LOOP('',(#3904,#3905,#3906,#3907,#3908));
#762=EDGE_LOOP('',(#3909,#3910,#3911,#3912,#3913));
#763=EDGE_LOOP('',(#3914,#3915,#3916,#3917,#3918,#3919,#3920,#3921,#3922,
#3923));
#764=EDGE_LOOP('',(#3924,#3925,#3926,#3927,#3928,#3929,#3930));
#765=EDGE_LOOP('',(#3931,#3932,#3933,#3934,#3935));
#766=EDGE_LOOP('',(#3936,#3937,#3938,#3939));
#767=EDGE_LOOP('',(#3940,#3941,#3942,#3943,#3944));
#768=EDGE_LOOP('',(#3945,#3946,#3947,#3948,#3949));
#769=EDGE_LOOP('',(#3950));
#770=EDGE_LOOP('',(#3951,#3952,#3953,#3954,#3955,#3956));
#771=EDGE_LOOP('',(#3957,#3958,#3959,#3960));
#772=EDGE_LOOP('',(#3961,#3962,#3963,#3964,#3965,#3966,#3967,#3968));
#773=EDGE_LOOP('',(#3969,#3970,#3971,#3972,#3973,#3974));
#774=EDGE_LOOP('',(#3975,#3976,#3977,#3978));
#775=EDGE_LOOP('',(#3979,#3980,#3981,#3982));
#776=EDGE_LOOP('',(#3983,#3984,#3985,#3986));
#777=EDGE_LOOP('',(#3987,#3988,#3989,#3990));
#778=EDGE_LOOP('',(#3991,#3992,#3993,#3994));
#779=EDGE_LOOP('',(#3995,#3996,#3997,#3998));
#780=EDGE_LOOP('',(#3999,#4000,#4001,#4002,#4003,#4004,#4005,#4006,#4007));
#781=EDGE_LOOP('',(#4008,#4009,#4010,#4011,#4012,#4013,#4014,#4015));
#782=EDGE_LOOP('',(#4016,#4017,#4018,#4019));
#783=EDGE_LOOP('',(#4020,#4021,#4022,#4023));
#784=EDGE_LOOP('',(#4024,#4025,#4026,#4027));
#785=EDGE_LOOP('',(#4028,#4029,#4030,#4031));
#786=EDGE_LOOP('',(#4032,#4033,#4034,#4035));
#787=EDGE_LOOP('',(#4036,#4037,#4038,#4039));
#788=EDGE_LOOP('',(#4040,#4041,#4042,#4043));
#789=EDGE_LOOP('',(#4044,#4045,#4046,#4047,#4048,#4049));
#790=EDGE_LOOP('',(#4050,#4051,#4052,#4053));
#791=EDGE_LOOP('',(#4054,#4055,#4056));
#792=EDGE_LOOP('',(#4057,#4058,#4059,#4060,#4061));
#793=EDGE_LOOP('',(#4062,#4063,#4064,#4065));
#794=EDGE_LOOP('',(#4066,#4067,#4068,#4069));
#795=EDGE_LOOP('',(#4070,#4071,#4072,#4073));
#796=EDGE_LOOP('',(#4074,#4075,#4076,#4077,#4078));
#797=EDGE_LOOP('',(#4079));
#798=EDGE_LOOP('',(#4080,#4081,#4082,#4083,#4084,#4085));
#799=EDGE_LOOP('',(#4086,#4087,#4088,#4089,#4090,#4091));
#800=EDGE_LOOP('',(#4092,#4093,#4094,#4095));
#801=EDGE_LOOP('',(#4096,#4097,#4098,#4099));
#802=EDGE_LOOP('',(#4100,#4101,#4102,#4103,#4104,#4105,#4106));
#803=EDGE_LOOP('',(#4107));
#804=EDGE_LOOP('',(#4108,#4109,#4110,#4111,#4112,#4113,#4114,#4115,#4116));
#805=EDGE_LOOP('',(#4117,#4118,#4119,#4120));
#806=EDGE_LOOP('',(#4121,#4122,#4123,#4124));
#807=EDGE_LOOP('',(#4125,#4126,#4127,#4128,#4129));
#808=EDGE_LOOP('',(#4130,#4131,#4132,#4133));
#809=EDGE_LOOP('',(#4134,#4135,#4136,#4137));
#810=EDGE_LOOP('',(#4138,#4139,#4140,#4141,#4142,#4143,#4144,#4145,#4146,
#4147,#4148,#4149,#4150,#4151,#4152,#4153,#4154,#4155,#4156,#4157,#4158,
#4159,#4160,#4161,#4162,#4163,#4164,#4165,#4166,#4167,#4168,#4169,#4170,
#4171,#4172,#4173,#4174,#4175,#4176,#4177,#4178,#4179,#4180,#4181,#4182));
#811=EDGE_LOOP('',(#4183,#4184,#4185,#4186,#4187,#4188,#4189,#4190,#4191,
#4192,#4193,#4194,#4195,#4196,#4197,#4198,#4199,#4200,#4201,#4202,#4203,
#4204,#4205,#4206,#4207,#4208,#4209,#4210,#4211,#4212,#4213,#4214,#4215,
#4216,#4217,#4218,#4219,#4220,#4221,#4222,#4223,#4224,#4225,#4226,#4227));
#812=EDGE_LOOP('',(#4228,#4229,#4230,#4231));
#813=EDGE_LOOP('',(#4232));
#814=EDGE_LOOP('',(#4233,#4234,#4235,#4236,#4237,#4238,#4239,#4240,#4241));
#815=EDGE_LOOP('',(#4242));
#816=EDGE_LOOP('',(#4243));
#817=EDGE_LOOP('',(#4244));
#818=EDGE_LOOP('',(#4245,#4246,#4247,#4248));
#819=EDGE_LOOP('',(#4249,#4250,#4251,#4252));
#820=EDGE_LOOP('',(#4253,#4254,#4255,#4256,#4257));
#821=EDGE_LOOP('',(#4258,#4259,#4260,#4261,#4262,#4263,#4264,#4265,#4266,
#4267,#4268,#4269,#4270,#4271,#4272));
#822=EDGE_LOOP('',(#4273,#4274,#4275,#4276,#4277,#4278,#4279,#4280,#4281,
#4282));
#823=EDGE_LOOP('',(#4283,#4284,#4285,#4286,#4287,#4288,#4289,#4290,#4291,
#4292));
#824=EDGE_LOOP('',(#4293,#4294,#4295,#4296,#4297,#4298,#4299,#4300,#4301,
#4302));
#825=EDGE_LOOP('',(#4303,#4304,#4305,#4306,#4307,#4308,#4309,#4310,#4311,
#4312,#4313,#4314,#4315,#4316,#4317));
#826=EDGE_LOOP('',(#4318,#4319,#4320,#4321));
#827=EDGE_LOOP('',(#4322,#4323,#4324,#4325,#4326,#4327,#4328,#4329,#4330,
#4331));
#828=EDGE_LOOP('',(#4332,#4333,#4334,#4335,#4336,#4337,#4338,#4339,#4340,
#4341));
#829=EDGE_LOOP('',(#4342,#4343,#4344,#4345,#4346,#4347,#4348,#4349,#4350,
#4351));
#830=EDGE_LOOP('',(#4352,#4353,#4354,#4355));
#831=EDGE_LOOP('',(#4356,#4357,#4358,#4359,#4360,#4361,#4362));
#832=EDGE_LOOP('',(#4363,#4364,#4365,#4366));
#833=EDGE_LOOP('',(#4367,#4368,#4369,#4370,#4371,#4372));
#834=EDGE_LOOP('',(#4373,#4374,#4375,#4376));
#835=EDGE_LOOP('',(#4377,#4378,#4379,#4380));
#836=EDGE_LOOP('',(#4381,#4382,#4383,#4384,#4385,#4386));
#837=EDGE_LOOP('',(#4387,#4388,#4389,#4390));
#838=EDGE_LOOP('',(#4391,#4392,#4393,#4394));
#839=EDGE_LOOP('',(#4395,#4396,#4397,#4398,#4399,#4400,#4401,#4402,#4403,
#4404));
#840=EDGE_LOOP('',(#4405,#4406,#4407,#4408));
#841=EDGE_LOOP('',(#4409,#4410,#4411,#4412,#4413,#4414,#4415,#4416,#4417,
#4418,#4419,#4420));
#842=EDGE_LOOP('',(#4421,#4422,#4423,#4424));
#843=EDGE_LOOP('',(#4425,#4426,#4427,#4428));
#844=EDGE_LOOP('',(#4429,#4430,#4431,#4432));
#845=EDGE_LOOP('',(#4433));
#846=EDGE_LOOP('',(#4434,#4435,#4436,#4437));
#847=EDGE_LOOP('',(#4438,#4439,#4440,#4441));
#848=EDGE_LOOP('',(#4442,#4443,#4444,#4445));
#849=EDGE_LOOP('',(#4446,#4447,#4448,#4449));
#850=EDGE_LOOP('',(#4450,#4451,#4452,#4453));
#851=EDGE_LOOP('',(#4454,#4455,#4456,#4457));
#852=EDGE_LOOP('',(#4458));
#853=EDGE_LOOP('',(#4459,#4460,#4461,#4462));
#854=EDGE_LOOP('',(#4463,#4464,#4465,#4466));
#855=EDGE_LOOP('',(#4467));
#856=EDGE_LOOP('',(#4468,#4469,#4470,#4471));
#857=EDGE_LOOP('',(#4472));
#858=EDGE_LOOP('',(#4473,#4474,#4475,#4476));
#859=EDGE_LOOP('',(#4477,#4478,#4479,#4480));
#860=EDGE_LOOP('',(#4481));
#861=EDGE_LOOP('',(#4482,#4483,#4484,#4485));
#862=EDGE_LOOP('',(#4486,#4487,#4488,#4489));
#863=EDGE_LOOP('',(#4490,#4491,#4492));
#864=EDGE_LOOP('',(#4493));
#865=EDGE_LOOP('',(#4494));
#866=EDGE_LOOP('',(#4495));
#867=EDGE_LOOP('',(#4496));
#868=EDGE_LOOP('',(#4497,#4498,#4499,#4500));
#869=EDGE_LOOP('',(#4501,#4502,#4503,#4504));
#870=EDGE_LOOP('',(#4505,#4506,#4507,#4508));
#871=EDGE_LOOP('',(#4509));
#872=EDGE_LOOP('',(#4510));
#873=EDGE_LOOP('',(#4511,#4512,#4513,#4514));
#874=EDGE_LOOP('',(#4515));
#875=EDGE_LOOP('',(#4516));
#876=EDGE_LOOP('',(#4517,#4518,#4519,#4520));
#877=EDGE_LOOP('',(#4521));
#878=EDGE_LOOP('',(#4522));
#879=EDGE_LOOP('',(#4523));
#880=EDGE_LOOP('',(#4524));
#881=EDGE_LOOP('',(#4525));
#882=EDGE_LOOP('',(#4526));
#883=EDGE_LOOP('',(#4527,#4528,#4529,#4530,#4531,#4532,#4533,#4534,#4535,
#4536,#4537));
#884=EDGE_LOOP('',(#4538,#4539,#4540,#4541));
#885=EDGE_LOOP('',(#4542,#4543,#4544,#4545,#4546,#4547));
#886=EDGE_LOOP('',(#4548,#4549,#4550,#4551));
#887=EDGE_LOOP('',(#4552,#4553,#4554,#4555));
#888=EDGE_LOOP('',(#4556,#4557,#4558,#4559));
#889=EDGE_LOOP('',(#4560,#4561,#4562,#4563));
#890=EDGE_LOOP('',(#4564,#4565,#4566,#4567));
#891=EDGE_LOOP('',(#4568,#4569,#4570,#4571));
#892=EDGE_LOOP('',(#4572,#4573,#4574,#4575));
#893=EDGE_LOOP('',(#4576,#4577,#4578,#4579));
#894=EDGE_LOOP('',(#4580,#4581,#4582,#4583));
#895=EDGE_LOOP('',(#4584,#4585,#4586,#4587));
#896=EDGE_LOOP('',(#4588,#4589,#4590,#4591,#4592,#4593));
#897=EDGE_LOOP('',(#4594,#4595,#4596,#4597));
#898=EDGE_LOOP('',(#4598,#4599,#4600,#4601));
#899=EDGE_LOOP('',(#4602,#4603,#4604,#4605));
#900=EDGE_LOOP('',(#4606,#4607,#4608,#4609));
#901=EDGE_LOOP('',(#4610,#4611,#4612,#4613));
#902=EDGE_LOOP('',(#4614,#4615,#4616,#4617));
#903=EDGE_LOOP('',(#4618,#4619,#4620,#4621));
#904=EDGE_LOOP('',(#4622,#4623,#4624,#4625));
#905=EDGE_LOOP('',(#4626,#4627,#4628,#4629));
#906=EDGE_LOOP('',(#4630,#4631,#4632,#4633));
#907=EDGE_LOOP('',(#4634,#4635,#4636,#4637));
#908=EDGE_LOOP('',(#4638,#4639,#4640,#4641,#4642,#4643));
#909=EDGE_LOOP('',(#4644,#4645,#4646,#4647));
#910=EDGE_LOOP('',(#4648,#4649,#4650,#4651));
#911=EDGE_LOOP('',(#4652,#4653,#4654,#4655));
#912=EDGE_LOOP('',(#4656,#4657,#4658,#4659));
#913=EDGE_LOOP('',(#4660,#4661,#4662,#4663,#4664,#4665));
#914=EDGE_LOOP('',(#4666,#4667,#4668,#4669,#4670));
#915=EDGE_LOOP('',(#4671,#4672,#4673,#4674));
#916=EDGE_LOOP('',(#4675,#4676,#4677,#4678,#4679,#4680));
#917=EDGE_LOOP('',(#4681,#4682,#4683,#4684));
#918=EDGE_LOOP('',(#4685,#4686,#4687,#4688));
#919=EDGE_LOOP('',(#4689,#4690,#4691,#4692));
#920=EDGE_LOOP('',(#4693,#4694,#4695,#4696));
#921=EDGE_LOOP('',(#4697,#4698,#4699,#4700));
#922=EDGE_LOOP('',(#4701,#4702,#4703,#4704));
#923=EDGE_LOOP('',(#4705,#4706,#4707,#4708));
#924=EDGE_LOOP('',(#4709,#4710,#4711,#4712));
#925=EDGE_LOOP('',(#4713,#4714,#4715,#4716));
#926=EDGE_LOOP('',(#4717,#4718,#4719,#4720));
#927=EDGE_LOOP('',(#4721,#4722,#4723,#4724));
#928=EDGE_LOOP('',(#4725,#4726,#4727,#4728));
#929=EDGE_LOOP('',(#4729,#4730,#4731,#4732));
#930=EDGE_LOOP('',(#4733,#4734,#4735,#4736));
#931=EDGE_LOOP('',(#4737,#4738,#4739,#4740));
#932=EDGE_LOOP('',(#4741,#4742,#4743,#4744));
#933=EDGE_LOOP('',(#4745,#4746,#4747,#4748));
#934=EDGE_LOOP('',(#4749,#4750,#4751,#4752));
#935=EDGE_LOOP('',(#4753,#4754,#4755,#4756));
#936=EDGE_LOOP('',(#4757,#4758,#4759,#4760));
#937=EDGE_LOOP('',(#4761,#4762,#4763,#4764));
#938=EDGE_LOOP('',(#4765,#4766,#4767,#4768));
#939=EDGE_LOOP('',(#4769,#4770,#4771,#4772));
#940=EDGE_LOOP('',(#4773,#4774,#4775,#4776));
#941=EDGE_LOOP('',(#4777,#4778,#4779,#4780));
#942=EDGE_LOOP('',(#4781,#4782,#4783,#4784));
#943=EDGE_LOOP('',(#4785,#4786,#4787,#4788));
#944=EDGE_LOOP('',(#4789,#4790,#4791,#4792));
#945=EDGE_LOOP('',(#4793,#4794,#4795,#4796));
#946=EDGE_LOOP('',(#4797,#4798,#4799,#4800));
#947=EDGE_LOOP('',(#4801,#4802,#4803,#4804));
#948=EDGE_LOOP('',(#4805,#4806,#4807,#4808));
#949=EDGE_LOOP('',(#4809,#4810,#4811,#4812));
#950=EDGE_LOOP('',(#4813,#4814,#4815,#4816));
#951=EDGE_LOOP('',(#4817,#4818,#4819,#4820));
#952=EDGE_LOOP('',(#4821,#4822,#4823,#4824));
#953=EDGE_LOOP('',(#4825,#4826,#4827,#4828,#4829,#4830,#4831));
#954=EDGE_LOOP('',(#4832,#4833,#4834,#4835));
#955=EDGE_LOOP('',(#4836,#4837,#4838,#4839));
#956=EDGE_LOOP('',(#4840));
#957=EDGE_LOOP('',(#4841));
#958=EDGE_LOOP('',(#4842,#4843,#4844,#4845,#4846,#4847));
#959=EDGE_LOOP('',(#4848));
#960=EDGE_LOOP('',(#4849));
#961=EDGE_LOOP('',(#4850,#4851,#4852,#4853));
#962=EDGE_LOOP('',(#4854));
#963=EDGE_LOOP('',(#4855));
#964=EDGE_LOOP('',(#4856,#4857,#4858,#4859,#4860,#4861));
#965=EDGE_LOOP('',(#4862));
#966=EDGE_LOOP('',(#4863));
#967=EDGE_LOOP('',(#4864,#4865,#4866,#4867,#4868,#4869));
#968=EDGE_LOOP('',(#4870,#4871,#4872,#4873,#4874,#4875));
#969=EDGE_LOOP('',(#4876,#4877,#4878,#4879,#4880,#4881));
#970=EDGE_LOOP('',(#4882,#4883,#4884,#4885));
#971=EDGE_LOOP('',(#4886,#4887,#4888,#4889));
#972=EDGE_LOOP('',(#4890,#4891,#4892,#4893));
#973=EDGE_LOOP('',(#4894,#4895,#4896,#4897));
#974=EDGE_LOOP('',(#4898,#4899,#4900,#4901));
#975=EDGE_LOOP('',(#4902,#4903,#4904,#4905,#4906,#4907));
#976=EDGE_LOOP('',(#4908,#4909,#4910,#4911,#4912,#4913));
#977=EDGE_LOOP('',(#4914,#4915,#4916,#4917,#4918,#4919));
#978=EDGE_LOOP('',(#4920,#4921,#4922,#4923,#4924,#4925));
#979=EDGE_LOOP('',(#4926,#4927,#4928,#4929,#4930,#4931));
#980=EDGE_LOOP('',(#4932,#4933,#4934,#4935,#4936,#4937));
#981=EDGE_LOOP('',(#4938,#4939,#4940,#4941));
#982=EDGE_LOOP('',(#4942,#4943,#4944,#4945));
#983=EDGE_LOOP('',(#4946,#4947));
#984=EDGE_LOOP('',(#4948,#4949,#4950,#4951));
#985=EDGE_LOOP('',(#4952,#4953,#4954,#4955));
#986=EDGE_LOOP('',(#4956,#4957,#4958,#4959));
#987=EDGE_LOOP('',(#4960,#4961,#4962,#4963));
#988=EDGE_LOOP('',(#4964,#4965,#4966,#4967));
#989=EDGE_LOOP('',(#4968,#4969,#4970,#4971));
#990=EDGE_LOOP('',(#4972,#4973,#4974,#4975));
#991=B_SPLINE_CURVE_WITH_KNOTS('',3,(#7597,#7598,#7599,#7600,#7601,#7602,
#7603,#7604,#7605,#7606,#7607,#7608,#7609,#7610),.UNSPECIFIED.,.F.,.F.,
(4,2,2,2,2,2,4),(0.248043253757368,0.25386304906104,0.293703832485489,0.333544615909939,
0.373385399334388,0.413226182758838,0.419045978062509),.UNSPECIFIED.);
#992=B_SPLINE_CURVE_WITH_KNOTS('',3,(#7650,#7651,#7652,#7653,#7654,#7655,
#7656,#7657,#7658,#7659,#7660,#7661,#7662,#7663),.UNSPECIFIED.,.F.,.F.,
(4,2,2,2,2,2,4),(0.248043253757361,0.253863049061039,0.293703832485488,
0.333544615909937,0.373385399334387,0.413226182758836,0.419045978062514),
 .UNSPECIFIED.);
#993=B_SPLINE_CURVE_WITH_KNOTS('',3,(#7692,#7693,#7694,#7695,#7696,#7697,
#7698,#7699,#7700,#7701,#7702,#7703,#7704,#7705,#7706,#7707,#7708,#7709,
#7710,#7711,#7712,#7713,#7714,#7715,#7716,#7717,#7718),.UNSPECIFIED.,.F.,
 .F.,(4,2,2,2,2,2,2,3,2,2,2,2,4),(-0.262277320922884,-0.252726173148632,
-0.212759216524286,-0.172792259899939,-0.130055804699816,-0.0873193494996931,
-0.0436596747498466,0.,0.0424092714231148,0.0848185428462296,0.124393477043099,
0.163968411239967,0.164145525635749),.UNSPECIFIED.);
#994=B_SPLINE_CURVE_WITH_KNOTS('',3,(#7726,#7727,#7728,#7729,#7730,#7731,
#7732,#7733,#7734,#7735),.UNSPECIFIED.,.F.,.F.,(4,2,2,2,4),(0.309786904559504,
0.314209262318517,0.35407125034101,0.393933238363502,0.398355596122515),
 .UNSPECIFIED.);
#995=B_SPLINE_CURVE_WITH_KNOTS('',3,(#7752,#7753,#7754,#7755,#7756,#7757,
#7758,#7759,#7760,#7761,#7762,#7763,#7764,#7765),.UNSPECIFIED.,.F.,.F.,
(4,2,2,2,2,2,4),(0.248043253757361,0.253863049061039,0.293703832485488,
0.333544615909938,0.373385399334388,0.413226182758837,0.419045978062515),
 .UNSPECIFIED.);
#996=B_SPLINE_CURVE_WITH_KNOTS('',3,(#7774,#7775,#7776,#7777,#7778,#7779,
#7780,#7781,#7782,#7783,#7784,#7785,#7786,#7787,#7788,#7789,#7790,#7791),
 .UNSPECIFIED.,.F.,.F.,(4,2,2,2,2,2,2,2,4),(1.66078572846222,1.71690175467864,
1.79168440795326,1.82907573459058,1.86646706122789,1.90385838786521,1.94124971450252,
2.01603236777715,2.07214839399357),.UNSPECIFIED.);
#997=B_SPLINE_CURVE_WITH_KNOTS('',3,(#7812,#7813,#7814,#7815,#7816,#7817,
#7818,#7819,#7820,#7821,#7822,#7823,#7824,#7825,#7826,#7827,#7828,#7829,
#7830,#7831,#7832,#7833,#7834,#7835,#7836,#7837),.UNSPECIFIED.,.F.,.F.,
(4,2,2,2,2,2,2,2,2,2,2,2,4),(1.66604479537761,1.66777397808881,1.72747530434551,
1.80193067987832,1.83915836764472,1.85777221152792,1.87638605541112,1.89499989929432,
1.91361374317752,1.95084143094393,2.02529680647673,2.08499813273343,2.0867273154449),
 .UNSPECIFIED.);
#998=B_SPLINE_CURVE_WITH_KNOTS('',3,(#7859,#7860,#7861,#7862,#7863,#7864,
#7865,#7866),.UNSPECIFIED.,.F.,.F.,(4,2,2,4),(-0.000628076544260834,0.,
0.112671387902709,0.205678297833474),.UNSPECIFIED.);
#999=B_SPLINE_CURVE_WITH_KNOTS('',3,(#7870,#7871,#7872,#7873,#7874,#7875,
#7876,#7877,#7878,#7879,#7880,#7881),.UNSPECIFIED.,.F.,.F.,(4,2,2,2,2,4),
(0.,0.108647221133296,0.148117316256494,0.213293921832499,0.277660988092711,
0.278425502487349),.UNSPECIFIED.);
#1000=B_SPLINE_CURVE_WITH_KNOTS('',3,(#8116,#8117,#8118,#8119,#8120,#8121,
#8122,#8123,#8124,#8125,#8126,#8127,#8128,#8129,#8130,#8131,#8132,#8133,
#8134,#8135,#8136),.UNSPECIFIED.,.F.,.F.,(4,3,2,2,2,2,2,2,2,4),(1.85534240119329,
1.87704530440044,1.98439187555388,2.09173844670731,2.16029563003863,2.22885281336995,
2.29740999670127,2.36596718003259,2.47331375118602,2.49093522966197),
 .UNSPECIFIED.);
#1001=B_SPLINE_CURVE_WITH_KNOTS('',3,(#8140,#8141,#8142,#8143,#8144,#8145),
 .UNSPECIFIED.,.F.,.F.,(4,2,4),(2.49093522966197,2.58066032233945,2.60236322554538),
 .UNSPECIFIED.);
#1002=B_SPLINE_CURVE_WITH_KNOTS('',3,(#8388,#8389,#8390,#8391,#8392,#8393,
#8394,#8395,#8396,#8397,#8398,#8399,#8400,#8401,#8402,#8403,#8404,#8405,
#8406,#8407),.UNSPECIFIED.,.F.,.F.,(4,2,2,2,2,2,2,2,2,4),(0.398084124015147,
0.420122313504909,0.467389220530396,0.514656127555884,0.545938788721027,
0.57722144988617,0.608504111051312,0.639786772216454,0.687053679241942,
0.688275716686036),.UNSPECIFIED.);
#1003=B_SPLINE_CURVE_WITH_KNOTS('',3,(#8412,#8413,#8414,#8415,#8416,#8417),
 .UNSPECIFIED.,.F.,.F.,(4,2,4),(1.96886571760001,2.04768656452186,2.23073407455469),
 .UNSPECIFIED.);
#1004=B_SPLINE_CURVE_WITH_KNOTS('',3,(#8421,#8422,#8423,#8424,#8425,#8426,
#8427),.UNSPECIFIED.,.F.,.F.,(4,3,4),(0.688275716686036,0.73432058626743,
0.756358775757192),.UNSPECIFIED.);
#1005=B_SPLINE_CURVE_WITH_KNOTS('',3,(#8453,#8454,#8455,#8456,#8457,#8458,
#8459,#8460,#8461,#8462,#8463,#8464,#8465,#8466,#8467,#8468,#8469,#8470),
 .UNSPECIFIED.,.F.,.F.,(4,2,2,2,2,2,2,2,4),(0.0353552676026344,0.107346571153434,
0.214693142306868,0.283250325638188,0.351807508969508,0.420364692300827,
0.488921875632146,0.59626844678558,0.66825975033638),.UNSPECIFIED.);
#1006=B_SPLINE_CURVE_WITH_KNOTS('',3,(#8477,#8478,#8479,#8480,#8481,#8482,
#8483,#8484,#8485,#8486),.UNSPECIFIED.,.F.,.F.,(4,2,2,2,4),(0.505620911201708,
0.535177937853619,0.568369522210568,0.601561106567516,0.631118133219578),
 .UNSPECIFIED.);
#1007=B_SPLINE_CURVE_WITH_KNOTS('',3,(#8490,#8491,#8492,#8493,#8494,#8495,
#8496,#8497,#8498,#8499),.UNSPECIFIED.,.F.,.F.,(4,2,2,2,4),(1.57548324149886,
1.63825463921701,1.87229101624801,2.10632739327901,2.16909879099715),
 .UNSPECIFIED.);
#1008=B_SPLINE_CURVE_WITH_KNOTS('',3,(#8524,#8525,#8526,#8527,#8528,#8529,
#8530,#8531,#8532,#8533,#8534,#8535,#8536,#8537,#8538,#8539,#8540,#8541,
#8542,#8543,#8544,#8545,#8546,#8547,#8548,#8549,#8550),.UNSPECIFIED.,.F.,
 .F.,(4,2,2,2,2,2,2,2,2,2,3,2,4),(0.320645980155378,0.358964704255328,0.41605471326713,
0.463859722694435,0.511664732121741,0.543395746871806,0.575126761621871,
0.606857776371936,0.638588791122001,0.686393800549306,0.734198809976611,
0.791288818988413,0.802335766012638),.UNSPECIFIED.);
#1009=B_SPLINE_CURVE_WITH_KNOTS('',3,(#8554,#8555,#8556,#8557,#8558,#8559,
#8560,#8561,#8562,#8563),.UNSPECIFIED.,.F.,.F.,(4,2,2,2,4),(1.50941443701123,
1.7073449669866,1.95125139084183,2.19515781469705,2.39308834467243),
 .UNSPECIFIED.);
#1010=B_SPLINE_CURVE_WITH_KNOTS('',3,(#8564,#8565,#8566,#8567),
 .UNSPECIFIED.,.F.,.F.,(4,4),(0.802335766012638,0.829609071114078),
 .UNSPECIFIED.);
#1011=B_SPLINE_CURVE_WITH_KNOTS('',3,(#8639,#8640,#8641,#8642,#8643,#8644),
 .UNSPECIFIED.,.F.,.F.,(4,1,1,4),(-0.0337050959209142,-0.00481501377351383,
-0.00240750692789713,-8.22804376983302E-11),.UNSPECIFIED.);
#1012=B_SPLINE_CURVE_WITH_KNOTS('',3,(#8647,#8648,#8649,#8650,#8651,#8652),
 .UNSPECIFIED.,.F.,.F.,(4,1,1,4),(1.08777643256036E-9,0.00240750692789713,
0.00481501377351383,0.0337050959209142),.UNSPECIFIED.);
#1013=B_SPLINE_CURVE_WITH_KNOTS('',3,(#8684,#8685,#8686,#8687,#8688,#8689),
 .UNSPECIFIED.,.F.,.F.,(4,2,4),(6.15727019492251E-16,0.0548180342088275,
0.0553257652424018),.UNSPECIFIED.);
#1014=B_SPLINE_CURVE_WITH_KNOTS('',3,(#8690,#8691,#8692,#8693,#8694,#8695),
 .UNSPECIFIED.,.F.,.F.,(4,2,4),(-0.0553257652424018,-0.0548180342088275,
-6.15727019492251E-16),.UNSPECIFIED.);
#1015=B_SPLINE_CURVE_WITH_KNOTS('',3,(#8749,#8750,#8751,#8752,#8753,#8754,
#8755,#8756),.UNSPECIFIED.,.F.,.F.,(4,1,1,1,1,4),(-0.44318546637031,-0.379873256888837,
-0.316561047407364,-0.189936628444419,-0.0949683142222093,0.),
 .UNSPECIFIED.);
#1016=B_SPLINE_CURVE_WITH_KNOTS('',3,(#8759,#8760,#8761,#8762,#8763,#8764),
 .UNSPECIFIED.,.F.,.F.,(4,1,1,4),(0.,0.0949683142222093,0.189936628444419,
0.228377215074053),.UNSPECIFIED.);
#1017=B_SPLINE_CURVE_WITH_KNOTS('',3,(#8776,#8777,#8778,#8779,#8780,#8781,
#8782,#8783,#8784,#8785,#8786,#8787,#8788,#8789,#8790,#8791,#8792,#8793,
#8794),.UNSPECIFIED.,.F.,.F.,(4,2,2,2,3,2,2,2,4),(0.50750353053671,0.509050727720458,
0.546713736116917,0.584915253343977,0.623116770571036,0.66102432883084,
0.698931887090644,0.736889561310862,0.738712449622162),.UNSPECIFIED.);
#1018=B_SPLINE_CURVE_WITH_KNOTS('',3,(#8841,#8842,#8843,#8844,#8845,#8846),
 .UNSPECIFIED.,.F.,.F.,(4,1,1,4),(0.568777181040645,0.633985960343031,0.711473272193212,
0.788960584043392),.UNSPECIFIED.);
#1019=B_SPLINE_CURVE_WITH_KNOTS('',3,(#8849,#8850,#8851,#8852,#8853,#8854,
#8855,#8856,#8857),.UNSPECIFIED.,.F.,.F.,(4,1,1,1,1,1,4),(-0.788960584043392,
-0.711473272193212,-0.633985960343031,-0.47901133664267,-0.401524024792489,
-0.324036712942309,-0.246549401092128),.UNSPECIFIED.);
#1020=B_SPLINE_CURVE_WITH_KNOTS('',3,(#8880,#8881,#8882,#8883,#8884),
 .UNSPECIFIED.,.F.,.F.,(4,1,4),(1.44669775663949,1.53297373392236,1.61924970966423),
 .UNSPECIFIED.);
#1021=B_SPLINE_CURVE_WITH_KNOTS('',3,(#8920,#8921,#8922,#8923,#8924),
 .UNSPECIFIED.,.F.,.F.,(4,1,4),(-1.61924970977657,-1.53297373392236,-1.44669775663949),
 .UNSPECIFIED.);
#1022=B_SPLINE_CURVE_WITH_KNOTS('',3,(#9126,#9127,#9128,#9129,#9130,#9131,
#9132,#9133,#9134,#9135,#9136,#9137,#9138,#9139,#9140,#9141,#9142,#9143,
#9144,#9145,#9146,#9147,#9148,#9149,#9150,#9151,#9152),.UNSPECIFIED.,.F.,
 .F.,(4,2,2,2,2,2,3,2,2,2,2,2,4),(2.45613967154638,2.50284632408589,2.57483245523839,
2.69335238798683,2.75261235436106,2.78224233754817,2.81187232073528,2.8415023039224,
2.87113228710951,2.93039225348373,3.04891218623218,3.12089831738468,3.16760496992469),
 .UNSPECIFIED.);
#1023=B_SPLINE_CURVE_WITH_KNOTS('',3,(#9156,#9157,#9158,#9159,#9160,#9161,
#9162,#9163,#9164,#9165,#9166,#9167,#9168,#9169,#9170,#9171,#9172,#9173,
#9174,#9175,#9176,#9177,#9178,#9179,#9180,#9181,#9182),.UNSPECIFIED.,.F.,
 .F.,(4,2,2,2,2,2,3,2,2,2,2,2,4),(2.45127631948959,2.49541102957315,2.56668377471271,
2.68492320225601,2.74404291602766,2.77360277291349,2.80316262979931,2.83272248668514,
2.86228234357096,2.92140205734261,3.03964148488591,3.11091423002547,3.15504894010875),
 .UNSPECIFIED.);
#1024=B_SPLINE_CURVE_WITH_KNOTS('',3,(#9186,#9187,#9188,#9189,#9190,#9191,
#9192,#9193,#9194,#9195,#9196,#9197,#9198,#9199,#9200,#9201,#9202,#9203,
#9204,#9205,#9206,#9207,#9208,#9209,#9210,#9211,#9212),.UNSPECIFIED.,.F.,
 .F.,(4,2,2,2,2,2,3,2,2,2,2,2,4),(2.45127631948959,2.49541102957315,2.56668377471271,
2.68492320225601,2.74404291602766,2.77360277291349,2.80316262979931,2.83272248668514,
2.86228234357096,2.92140205734261,3.03964148488591,3.11091423002547,3.15504894010875),
 .UNSPECIFIED.);
#1025=B_SPLINE_CURVE_WITH_KNOTS('',3,(#9216,#9217,#9218,#9219,#9220,#9221,
#9222,#9223,#9224,#9225,#9226,#9227,#9228,#9229,#9230,#9231,#9232,#9233,
#9234,#9235,#9236,#9237,#9238,#9239,#9240,#9241,#9242),.UNSPECIFIED.,.F.,
 .F.,(4,2,2,2,2,2,3,2,2,2,2,2,4),(2.45127631948958,2.49541102957314,2.5666837747127,
2.684923202256,2.74404291602765,2.77360277291348,2.8031626297993,2.83272248668513,
2.86228234357095,2.9214020573426,3.0396414848859,3.11091423002546,3.15504894010874),
 .UNSPECIFIED.);
#1026=B_SPLINE_CURVE_WITH_KNOTS('',3,(#9246,#9247,#9248,#9249,#9250,#9251,
#9252,#9253,#9254,#9255),.UNSPECIFIED.,.F.,.F.,(4,2,2,2,4),(2.45127631948958,
2.49541102957314,2.5666837747127,2.684923202256,2.71479482911064),
 .UNSPECIFIED.);
#1027=B_SPLINE_CURVE_WITH_KNOTS('',3,(#9257,#9258,#9259,#9260,#9261,#9262,
#9263,#9264,#9265,#9266,#9267,#9268,#9269,#9270,#9271,#9272,#9273,#9274,
#9275),.UNSPECIFIED.,.F.,.F.,(4,2,2,2,3,2,2,2,4),(0.507892919838798,0.509158713992844,
0.546821688897195,0.585021353612955,0.623221018328716,0.661420683044476,
0.699620347760237,0.737283322664588,0.738549116818951),.UNSPECIFIED.);
#1028=B_SPLINE_CURVE_WITH_KNOTS('',3,(#9332,#9333,#9334,#9335,#9336,#9337,
#9338,#9339,#9340,#9341,#9342,#9343),.UNSPECIFIED.,.F.,.F.,(4,2,2,2,2,4),
(0.448195944011802,0.460663390730502,0.499669385988961,0.53867538124742,
0.577310951322842,0.615946521398263),.UNSPECIFIED.);
#1029=B_SPLINE_CURVE_WITH_KNOTS('',3,(#9344,#9345,#9346,#9347,#9348,#9349,
#9350,#9351,#9352,#9353,#9354,#9355),.UNSPECIFIED.,.F.,.F.,(4,2,2,2,2,4),
(0.615946521398263,0.654582091473685,0.693217661549106,0.732223656807565,
0.771229652066024,0.783697098784725),.UNSPECIFIED.);
#1030=B_SPLINE_CURVE_WITH_KNOTS('',3,(#9357,#9358,#9359,#9360,#9361,#9362,
#9363,#9364,#9365,#9366,#9367,#9368),.UNSPECIFIED.,.F.,.F.,(4,2,2,2,2,4),
(0.180655808688929,0.190719283248941,0.291818746594273,0.342368478266939,
0.392918209939605,0.539338746968913),.UNSPECIFIED.);
#1031=B_SPLINE_CURVE_WITH_KNOTS('',3,(#9372,#9373,#9374,#9375,#9376,#9377,
#9378,#9379,#9380,#9381,#9382,#9383,#9384,#9385,#9386,#9387,#9388,#9389,
#9390,#9391,#9392,#9393,#9394,#9395,#9396,#9397,#9398),.UNSPECIFIED.,.F.,
 .F.,(4,2,2,2,2,2,3,2,2,2,2,2,4),(2.45127631948959,2.49541102957315,2.56668377471271,
2.68492320225601,2.74404291602766,2.77360277291348,2.80316262979931,2.83272248668513,
2.86228234357096,2.9214020573426,3.0396414848859,3.11091423002547,3.15504894010875),
 .UNSPECIFIED.);
#1032=B_SPLINE_CURVE_WITH_KNOTS('',3,(#9402,#9403,#9404,#9405,#9406,#9407,
#9408,#9409,#9410,#9411,#9412,#9413,#9414,#9415,#9416,#9417,#9418,#9419,
#9420,#9421,#9422,#9423,#9424,#9425,#9426,#9427,#9428),.UNSPECIFIED.,.F.,
 .F.,(4,2,2,2,2,2,3,2,2,2,2,2,4),(2.45127631948959,2.49541102957315,2.56668377471271,
2.68492320225601,2.74404291602766,2.77360277291349,2.80316262979931,2.83272248668513,
2.86228234357096,2.92140205734261,3.03964148488591,3.11091423002547,3.15504894010875),
 .UNSPECIFIED.);
#1033=B_SPLINE_CURVE_WITH_KNOTS('',3,(#9432,#9433,#9434,#9435,#9436,#9437,
#9438,#9439,#9440,#9441,#9442,#9443,#9444,#9445,#9446,#9447,#9448,#9449,
#9450,#9451,#9452,#9453,#9454,#9455,#9456,#9457,#9458),.UNSPECIFIED.,.F.,
 .F.,(4,2,2,2,2,2,3,2,2,2,2,2,4),(2.45127631948959,2.49541102957315,2.56668377471271,
2.68492320225601,2.74404291602766,2.77360277291349,2.80316262979931,2.83272248668514,
2.86228234357096,2.92140205734261,3.03964148488591,3.11091423002547,3.15504894010875),
 .UNSPECIFIED.);
#1034=B_SPLINE_CURVE_WITH_KNOTS('',3,(#9461,#9462,#9463,#9464,#9465,#9466,
#9467,#9468,#9469,#9470,#9471,#9472,#9473,#9474,#9475,#9476,#9477,#9478,
#9479,#9480,#9481,#9482,#9483,#9484,#9485,#9486,#9487),.UNSPECIFIED.,.F.,
 .F.,(4,2,2,2,2,2,3,2,2,2,2,2,4),(2.45613967154638,2.50284632408589,2.57483245523839,
2.69335238798684,2.75261235436106,2.78224233754817,2.81187232073528,2.8415023039224,
2.87113228710951,2.93039225348373,3.04891218623218,3.12089831738468,3.16760496992469),
 .UNSPECIFIED.);
#1035=B_SPLINE_CURVE_WITH_KNOTS('',3,(#9558,#9559,#9560,#9561),
 .UNSPECIFIED.,.F.,.F.,(4,4),(1.36243668308844,1.37130732764456),
 .UNSPECIFIED.);
#1036=LINE('',#7593,#1447);
#1037=LINE('',#7616,#1448);
#1038=LINE('',#7622,#1449);
#1039=LINE('',#7629,#1450);
#1040=LINE('',#7632,#1451);
#1041=LINE('',#7640,#1452);
#1042=LINE('',#7646,#1453);
#1043=LINE('',#7669,#1454);
#1044=LINE('',#7675,#1455);
#1045=LINE('',#7686,#1456);
#1046=LINE('',#7690,#1457);
#1047=LINE('',#7720,#1458);
#1048=LINE('',#7737,#1459);
#1049=LINE('',#7740,#1460);
#1050=LINE('',#7742,#1461);
#1051=LINE('',#7743,#1462);
#1052=LINE('',#7748,#1463);
#1053=LINE('',#7770,#1464);
#1054=LINE('',#7772,#1465);
#1055=LINE('',#7792,#1466);
#1056=LINE('',#7794,#1467);
#1057=LINE('',#7798,#1468);
#1058=LINE('',#7802,#1469);
#1059=LINE('',#7806,#1470);
#1060=LINE('',#7810,#1471);
#1061=LINE('',#7838,#1472);
#1062=LINE('',#7843,#1473);
#1063=LINE('',#7847,#1474);
#1064=LINE('',#7849,#1475);
#1065=LINE('',#7851,#1476);
#1066=LINE('',#7857,#1477);
#1067=LINE('',#7883,#1478);
#1068=LINE('',#7889,#1479);
#1069=LINE('',#7891,#1480);
#1070=LINE('',#7892,#1481);
#1071=LINE('',#7936,#1482);
#1072=LINE('',#7941,#1483);
#1073=LINE('',#7943,#1484);
#1074=LINE('',#7945,#1485);
#1075=LINE('',#7947,#1486);
#1076=LINE('',#7949,#1487);
#1077=LINE('',#7951,#1488);
#1078=LINE('',#7953,#1489);
#1079=LINE('',#7955,#1490);
#1080=LINE('',#7957,#1491);
#1081=LINE('',#7959,#1492);
#1082=LINE('',#7961,#1493);
#1083=LINE('',#7963,#1494);
#1084=LINE('',#7965,#1495);
#1085=LINE('',#7967,#1496);
#1086=LINE('',#7969,#1497);
#1087=LINE('',#7970,#1498);
#1088=LINE('',#7979,#1499);
#1089=LINE('',#8061,#1500);
#1090=LINE('',#8089,#1501);
#1091=LINE('',#8092,#1502);
#1092=LINE('',#8097,#1503);
#1093=LINE('',#8102,#1504);
#1094=LINE('',#8110,#1505);
#1095=LINE('',#8138,#1506);
#1096=LINE('',#8149,#1507);
#1097=LINE('',#8158,#1508);
#1098=LINE('',#8171,#1509);
#1099=LINE('',#8182,#1510);
#1100=LINE('',#8195,#1511);
#1101=LINE('',#8208,#1512);
#1102=LINE('',#8221,#1513);
#1103=LINE('',#8237,#1514);
#1104=LINE('',#8241,#1515);
#1105=LINE('',#8254,#1516);
#1106=LINE('',#8258,#1517);
#1107=LINE('',#8268,#1518);
#1108=LINE('',#8284,#1519);
#1109=LINE('',#8295,#1520);
#1110=LINE('',#8305,#1521);
#1111=LINE('',#8309,#1522);
#1112=LINE('',#8314,#1523);
#1113=LINE('',#8315,#1524);
#1114=LINE('',#8316,#1525);
#1115=LINE('',#8319,#1526);
#1116=LINE('',#8320,#1527);
#1117=LINE('',#8324,#1528);
#1118=LINE('',#8325,#1529);
#1119=LINE('',#8326,#1530);
#1120=LINE('',#8329,#1531);
#1121=LINE('',#8331,#1532);
#1122=LINE('',#8333,#1533);
#1123=LINE('',#8334,#1534);
#1124=LINE('',#8336,#1535);
#1125=LINE('',#8338,#1536);
#1126=LINE('',#8340,#1537);
#1127=LINE('',#8345,#1538);
#1128=LINE('',#8347,#1539);
#1129=LINE('',#8348,#1540);
#1130=LINE('',#8350,#1541);
#1131=LINE('',#8351,#1542);
#1132=LINE('',#8354,#1543);
#1133=LINE('',#8355,#1544);
#1134=LINE('',#8358,#1545);
#1135=LINE('',#8359,#1546);
#1136=LINE('',#8362,#1547);
#1137=LINE('',#8363,#1548);
#1138=LINE('',#8366,#1549);
#1139=LINE('',#8367,#1550);
#1140=LINE('',#8370,#1551);
#1141=LINE('',#8371,#1552);
#1142=LINE('',#8374,#1553);
#1143=LINE('',#8375,#1554);
#1144=LINE('',#8377,#1555);
#1145=LINE('',#8381,#1556);
#1146=LINE('',#8382,#1557);
#1147=LINE('',#8384,#1558);
#1148=LINE('',#8409,#1559);
#1149=LINE('',#8433,#1560);
#1150=LINE('',#8435,#1561);
#1151=LINE('',#8442,#1562);
#1152=LINE('',#8445,#1563);
#1153=LINE('',#8450,#1564);
#1154=LINE('',#8472,#1565);
#1155=LINE('',#8475,#1566);
#1156=LINE('',#8488,#1567);
#1157=LINE('',#8502,#1568);
#1158=LINE('',#8507,#1569);
#1159=LINE('',#8510,#1570);
#1160=LINE('',#8513,#1571);
#1161=LINE('',#8516,#1572);
#1162=LINE('',#8519,#1573);
#1163=LINE('',#8521,#1574);
#1164=LINE('',#8552,#1575);
#1165=LINE('',#8570,#1576);
#1166=LINE('',#8573,#1577);
#1167=LINE('',#8576,#1578);
#1168=LINE('',#8579,#1579);
#1169=LINE('',#8583,#1580);
#1170=LINE('',#8596,#1581);
#1171=LINE('',#8597,#1582);
#1172=LINE('',#8706,#1583);
#1173=LINE('',#8707,#1584);
#1174=LINE('',#8766,#1585);
#1175=LINE('',#8767,#1586);
#1176=LINE('',#8769,#1587);
#1177=LINE('',#8771,#1588);
#1178=LINE('',#8772,#1589);
#1179=LINE('',#8774,#1590);
#1180=LINE('',#8862,#1591);
#1181=LINE('',#8863,#1592);
#1182=LINE('',#8870,#1593);
#1183=LINE('',#8872,#1594);
#1184=LINE('',#8874,#1595);
#1185=LINE('',#8875,#1596);
#1186=LINE('',#8885,#1597);
#1187=LINE('',#8889,#1598);
#1188=LINE('',#8927,#1599);
#1189=LINE('',#8930,#1600);
#1190=LINE('',#8932,#1601);
#1191=LINE('',#8935,#1602);
#1192=LINE('',#8937,#1603);
#1193=LINE('',#8938,#1604);
#1194=LINE('',#8941,#1605);
#1195=LINE('',#8943,#1606);
#1196=LINE('',#8947,#1607);
#1197=LINE('',#8949,#1608);
#1198=LINE('',#8951,#1609);
#1199=LINE('',#8955,#1610);
#1200=LINE('',#8957,#1611);
#1201=LINE('',#8959,#1612);
#1202=LINE('',#8963,#1613);
#1203=LINE('',#8965,#1614);
#1204=LINE('',#8967,#1615);
#1205=LINE('',#8971,#1616);
#1206=LINE('',#8973,#1617);
#1207=LINE('',#8975,#1618);
#1208=LINE('',#8979,#1619);
#1209=LINE('',#8981,#1620);
#1210=LINE('',#8983,#1621);
#1211=LINE('',#8987,#1622);
#1212=LINE('',#8989,#1623);
#1213=LINE('',#8991,#1624);
#1214=LINE('',#8995,#1625);
#1215=LINE('',#8997,#1626);
#1216=LINE('',#8999,#1627);
#1217=LINE('',#9003,#1628);
#1218=LINE('',#9005,#1629);
#1219=LINE('',#9007,#1630);
#1220=LINE('',#9011,#1631);
#1221=LINE('',#9013,#1632);
#1222=LINE('',#9015,#1633);
#1223=LINE('',#9018,#1634);
#1224=LINE('',#9019,#1635);
#1225=LINE('',#9022,#1636);
#1226=LINE('',#9023,#1637);
#1227=LINE('',#9027,#1638);
#1228=LINE('',#9029,#1639);
#1229=LINE('',#9031,#1640);
#1230=LINE('',#9035,#1641);
#1231=LINE('',#9037,#1642);
#1232=LINE('',#9039,#1643);
#1233=LINE('',#9043,#1644);
#1234=LINE('',#9045,#1645);
#1235=LINE('',#9047,#1646);
#1236=LINE('',#9051,#1647);
#1237=LINE('',#9053,#1648);
#1238=LINE('',#9055,#1649);
#1239=LINE('',#9059,#1650);
#1240=LINE('',#9061,#1651);
#1241=LINE('',#9063,#1652);
#1242=LINE('',#9067,#1653);
#1243=LINE('',#9069,#1654);
#1244=LINE('',#9071,#1655);
#1245=LINE('',#9075,#1656);
#1246=LINE('',#9077,#1657);
#1247=LINE('',#9079,#1658);
#1248=LINE('',#9083,#1659);
#1249=LINE('',#9085,#1660);
#1250=LINE('',#9087,#1661);
#1251=LINE('',#9090,#1662);
#1252=LINE('',#9091,#1663);
#1253=LINE('',#9092,#1664);
#1254=LINE('',#9095,#1665);
#1255=LINE('',#9096,#1666);
#1256=LINE('',#9099,#1667);
#1257=LINE('',#9103,#1668);
#1258=LINE('',#9105,#1669);
#1259=LINE('',#9107,#1670);
#1260=LINE('',#9110,#1671);
#1261=LINE('',#9115,#1672);
#1262=LINE('',#9117,#1673);
#1263=LINE('',#9120,#1674);
#1264=LINE('',#9123,#1675);
#1265=LINE('',#9154,#1676);
#1266=LINE('',#9184,#1677);
#1267=LINE('',#9214,#1678);
#1268=LINE('',#9244,#1679);
#1269=LINE('',#9280,#1680);
#1270=LINE('',#9282,#1681);
#1271=LINE('',#9284,#1682);
#1272=LINE('',#9288,#1683);
#1273=LINE('',#9290,#1684);
#1274=LINE('',#9292,#1685);
#1275=LINE('',#9298,#1686);
#1276=LINE('',#9300,#1687);
#1277=LINE('',#9302,#1688);
#1278=LINE('',#9306,#1689);
#1279=LINE('',#9308,#1690);
#1280=LINE('',#9310,#1691);
#1281=LINE('',#9316,#1692);
#1282=LINE('',#9318,#1693);
#1283=LINE('',#9320,#1694);
#1284=LINE('',#9324,#1695);
#1285=LINE('',#9326,#1696);
#1286=LINE('',#9328,#1697);
#1287=LINE('',#9370,#1698);
#1288=LINE('',#9400,#1699);
#1289=LINE('',#9430,#1700);
#1290=LINE('',#9460,#1701);
#1291=LINE('',#9491,#1702);
#1292=LINE('',#9493,#1703);
#1293=LINE('',#9498,#1704);
#1294=LINE('',#9500,#1705);
#1295=LINE('',#9502,#1706);
#1296=LINE('',#9506,#1707);
#1297=LINE('',#9508,#1708);
#1298=LINE('',#9510,#1709);
#1299=LINE('',#9516,#1710);
#1300=LINE('',#9518,#1711);
#1301=LINE('',#9520,#1712);
#1302=LINE('',#9524,#1713);
#1303=LINE('',#9526,#1714);
#1304=LINE('',#9528,#1715);
#1305=LINE('',#9534,#1716);
#1306=LINE('',#9536,#1717);
#1307=LINE('',#9538,#1718);
#1308=LINE('',#9542,#1719);
#1309=LINE('',#9544,#1720);
#1310=LINE('',#9546,#1721);
#1311=LINE('',#9551,#1722);
#1312=LINE('',#9554,#1723);
#1313=LINE('',#9562,#1724);
#1314=LINE('',#9564,#1725);
#1315=LINE('',#9567,#1726);
#1316=LINE('',#9571,#1727);
#1317=LINE('',#9572,#1728);
#1318=LINE('',#9574,#1729);
#1319=LINE('',#9575,#1730);
#1320=LINE('',#9577,#1731);
#1321=LINE('',#9579,#1732);
#1322=LINE('',#9581,#1733);
#1323=LINE('',#9584,#1734);
#1324=LINE('',#9586,#1735);
#1325=LINE('',#9590,#1736);
#1326=LINE('',#9592,#1737);
#1327=LINE('',#9594,#1738);
#1328=LINE('',#9597,#1739);
#1329=LINE('',#9607,#1740);
#1330=LINE('',#9609,#1741);
#1331=LINE('',#9611,#1742);
#1332=LINE('',#9615,#1743);
#1333=LINE('',#9617,#1744);
#1334=LINE('',#9619,#1745);
#1335=LINE('',#9622,#1746);
#1336=LINE('',#9624,#1747);
#1337=LINE('',#9625,#1748);
#1338=LINE('',#9627,#1749);
#1339=LINE('',#9628,#1750);
#1340=LINE('',#9632,#1751);
#1341=LINE('',#9633,#1752);
#1342=LINE('',#9635,#1753);
#1343=LINE('',#9636,#1754);
#1344=LINE('',#9638,#1755);
#1345=LINE('',#9639,#1756);
#1346=LINE('',#9641,#1757);
#1347=LINE('',#9642,#1758);
#1348=LINE('',#9644,#1759);
#1349=LINE('',#9645,#1760);
#1350=LINE('',#9647,#1761);
#1351=LINE('',#9651,#1762);
#1352=LINE('',#9652,#1763);
#1353=LINE('',#9654,#1764);
#1354=LINE('',#9655,#1765);
#1355=LINE('',#9659,#1766);
#1356=LINE('',#9660,#1767);
#1357=LINE('',#9664,#1768);
#1358=LINE('',#9665,#1769);
#1359=LINE('',#9667,#1770);
#1360=LINE('',#9668,#1771);
#1361=LINE('',#9672,#1772);
#1362=LINE('',#9673,#1773);
#1363=LINE('',#9675,#1774);
#1364=LINE('',#9676,#1775);
#1365=LINE('',#9685,#1776);
#1366=LINE('',#9689,#1777);
#1367=LINE('',#9692,#1778);
#1368=LINE('',#9697,#1779);
#1369=LINE('',#9704,#1780);
#1370=LINE('',#9714,#1781);
#1371=LINE('',#9719,#1782);
#1372=LINE('',#9723,#1783);
#1373=LINE('',#9725,#1784);
#1374=LINE('',#9729,#1785);
#1375=LINE('',#9731,#1786);
#1376=LINE('',#9735,#1787);
#1377=LINE('',#9737,#1788);
#1378=LINE('',#9741,#1789);
#1379=LINE('',#9743,#1790);
#1380=LINE('',#9747,#1791);
#1381=LINE('',#9749,#1792);
#1382=LINE('',#9753,#1793);
#1383=LINE('',#9755,#1794);
#1384=LINE('',#9759,#1795);
#1385=LINE('',#9761,#1796);
#1386=LINE('',#9765,#1797);
#1387=LINE('',#9767,#1798);
#1388=LINE('',#9771,#1799);
#1389=LINE('',#9773,#1800);
#1390=LINE('',#9777,#1801);
#1391=LINE('',#9779,#1802);
#1392=LINE('',#9783,#1803);
#1393=LINE('',#9785,#1804);
#1394=LINE('',#9789,#1805);
#1395=LINE('',#9791,#1806);
#1396=LINE('',#9795,#1807);
#1397=LINE('',#9797,#1808);
#1398=LINE('',#9801,#1809);
#1399=LINE('',#9803,#1810);
#1400=LINE('',#9807,#1811);
#1401=LINE('',#9813,#1812);
#1402=LINE('',#9815,#1813);
#1403=LINE('',#9819,#1814);
#1404=LINE('',#9820,#1815);
#1405=LINE('',#9822,#1816);
#1406=LINE('',#9824,#1817);
#1407=LINE('',#9826,#1818);
#1408=LINE('',#9828,#1819);
#1409=LINE('',#9830,#1820);
#1410=LINE('',#9832,#1821);
#1411=LINE('',#9834,#1822);
#1412=LINE('',#9836,#1823);
#1413=LINE('',#9839,#1824);
#1414=LINE('',#9841,#1825);
#1415=LINE('',#9843,#1826);
#1416=LINE('',#9845,#1827);
#1417=LINE('',#9847,#1828);
#1418=LINE('',#9849,#1829);
#1419=LINE('',#9851,#1830);
#1420=LINE('',#9853,#1831);
#1421=LINE('',#9855,#1832);
#1422=LINE('',#9857,#1833);
#1423=LINE('',#9859,#1834);
#1424=LINE('',#9861,#1835);
#1425=LINE('',#9863,#1836);
#1426=LINE('',#9865,#1837);
#1427=LINE('',#9867,#1838);
#1428=LINE('',#9869,#1839);
#1429=LINE('',#9871,#1840);
#1430=LINE('',#9873,#1841);
#1431=LINE('',#9875,#1842);
#1432=LINE('',#9877,#1843);
#1433=LINE('',#9879,#1844);
#1434=LINE('',#9881,#1845);
#1435=LINE('',#9884,#1846);
#1436=LINE('',#9891,#1847);
#1437=LINE('',#9898,#1848);
#1438=LINE('',#9905,#1849);
#1439=LINE('',#9912,#1850);
#1440=LINE('',#9918,#1851);
#1441=LINE('',#9920,#1852);
#1442=LINE('',#9922,#1853);
#1443=LINE('',#9940,#1854);
#1444=LINE('',#9942,#1855);
#1445=LINE('',#9944,#1856);
#1446=LINE('',#9946,#1857);
#1447=VECTOR('',#5991,1.05);
#1448=VECTOR('',#6000,1.05);
#1449=VECTOR('',#6007,1.05);
#1450=VECTOR('',#6014,10.);
#1451=VECTOR('',#6017,10.);
#1452=VECTOR('',#6028,1.05);
#1453=VECTOR('',#6035,1.05);
#1454=VECTOR('',#6044,1.05);
#1455=VECTOR('',#6051,1.05);
#1456=VECTOR('',#6064,1.05);
#1457=VECTOR('',#6067,10.);
#1458=VECTOR('',#6068,10.);
#1459=VECTOR('',#6075,10.);
#1460=VECTOR('',#6078,10.);
#1461=VECTOR('',#6081,10.);
#1462=VECTOR('',#6082,10.);
#1463=VECTOR('',#6087,1.05);
#1464=VECTOR('',#6098,10.);
#1465=VECTOR('',#6099,10.);
#1466=VECTOR('',#6100,10.);
#1467=VECTOR('',#6101,10.);
#1468=VECTOR('',#6104,10.);
#1469=VECTOR('',#6107,10.);
#1470=VECTOR('',#6110,10.);
#1471=VECTOR('',#6113,10.);
#1472=VECTOR('',#6114,10.);
#1473=VECTOR('',#6119,10.);
#1474=VECTOR('',#6122,10.);
#1475=VECTOR('',#6123,10.);
#1476=VECTOR('',#6124,10.);
#1477=VECTOR('',#6129,10.);
#1478=VECTOR('',#6132,10.);
#1479=VECTOR('',#6137,10.);
#1480=VECTOR('',#6138,10.);
#1481=VECTOR('',#6139,10.);
#1482=VECTOR('',#6184,2.4695);
#1483=VECTOR('',#6189,10.);
#1484=VECTOR('',#6190,10.);
#1485=VECTOR('',#6191,10.);
#1486=VECTOR('',#6192,10.);
#1487=VECTOR('',#6193,10.);
#1488=VECTOR('',#6194,10.);
#1489=VECTOR('',#6195,10.);
#1490=VECTOR('',#6196,10.);
#1491=VECTOR('',#6197,10.);
#1492=VECTOR('',#6198,10.);
#1493=VECTOR('',#6199,10.);
#1494=VECTOR('',#6200,10.);
#1495=VECTOR('',#6201,10.);
#1496=VECTOR('',#6202,10.);
#1497=VECTOR('',#6203,10.);
#1498=VECTOR('',#6204,10.);
#1499=VECTOR('',#6211,10.);
#1500=VECTOR('',#6292,10.);
#1501=VECTOR('',#6323,2.);
#1502=VECTOR('',#6326,2.4695);
#1503=VECTOR('',#6333,2.);
#1504=VECTOR('',#6338,0.939999999999999);
#1505=VECTOR('',#6349,0.940000000000001);
#1506=VECTOR('',#6358,4.62944730505122);
#1507=VECTOR('',#6365,3.24144730505122);
#1508=VECTOR('',#6376,1.425);
#1509=VECTOR('',#6393,1.425);
#1510=VECTOR('',#6408,1.425);
#1511=VECTOR('',#6425,0.924999999999998);
#1512=VECTOR('',#6442,0.925000000000002);
#1513=VECTOR('',#6459,0.924999999999998);
#1514=VECTOR('',#6478,10.);
#1515=VECTOR('',#6483,0.876222370264177);
#1516=VECTOR('',#6498,10.);
#1517=VECTOR('',#6503,0.921954425122005);
#1518=VECTOR('',#6516,0.925000000000002);
#1519=VECTOR('',#6537,1.425);
#1520=VECTOR('',#6552,1.425);
#1521=VECTOR('',#6565,1.43178207432481);
#1522=VECTOR('',#6570,1.4);
#1523=VECTOR('',#6575,10.);
#1524=VECTOR('',#6576,10.);
#1525=VECTOR('',#6577,10.);
#1526=VECTOR('',#6580,10.);
#1527=VECTOR('',#6581,10.);
#1528=VECTOR('',#6584,10.);
#1529=VECTOR('',#6585,10.);
#1530=VECTOR('',#6586,10.);
#1531=VECTOR('',#6589,10.);
#1532=VECTOR('',#6590,10.);
#1533=VECTOR('',#6591,10.);
#1534=VECTOR('',#6592,10.);
#1535=VECTOR('',#6593,10.);
#1536=VECTOR('',#6594,10.);
#1537=VECTOR('',#6595,10.);
#1538=VECTOR('',#6600,10.);
#1539=VECTOR('',#6601,10.);
#1540=VECTOR('',#6602,10.);
#1541=VECTOR('',#6603,10.);
#1542=VECTOR('',#6604,10.);
#1543=VECTOR('',#6607,10.);
#1544=VECTOR('',#6608,10.);
#1545=VECTOR('',#6611,10.);
#1546=VECTOR('',#6612,10.);
#1547=VECTOR('',#6615,10.);
#1548=VECTOR('',#6616,10.);
#1549=VECTOR('',#6619,10.);
#1550=VECTOR('',#6620,10.);
#1551=VECTOR('',#6623,10.);
#1552=VECTOR('',#6624,10.);
#1553=VECTOR('',#6627,10.);
#1554=VECTOR('',#6628,10.);
#1555=VECTOR('',#6631,10.);
#1556=VECTOR('',#6636,10.);
#1557=VECTOR('',#6637,10.);
#1558=VECTOR('',#6640,10.);
#1559=VECTOR('',#6645,3.5385);
#1560=VECTOR('',#6650,10.);
#1561=VECTOR('',#6651,10.);
#1562=VECTOR('',#6658,2.675);
#1563=VECTOR('',#6661,3.57013307275);
#1564=VECTOR('',#6668,2.675);
#1565=VECTOR('',#6673,4.17811714295);
#1566=VECTOR('',#6678,2.75);
#1567=VECTOR('',#6681,4.17811714295);
#1568=VECTOR('',#6686,3.85311714295);
#1569=VECTOR('',#6693,2.75);
#1570=VECTOR('',#6696,4.17811714295);
#1571=VECTOR('',#6701,2.75);
#1572=VECTOR('',#6704,3.85311714295);
#1573=VECTOR('',#6709,2.425);
#1574=VECTOR('',#6712,2.425);
#1575=VECTOR('',#6715,3.85311714295);
#1576=VECTOR('',#6720,3.92811714295);
#1577=VECTOR('',#6725,2.425);
#1578=VECTOR('',#6728,3.85311714295);
#1579=VECTOR('',#6733,2.425);
#1580=VECTOR('',#6738,2.5);
#1581=VECTOR('',#6747,10.);
#1582=VECTOR('',#6748,10.);
#1583=VECTOR('',#6767,10.);
#1584=VECTOR('',#6768,10.);
#1585=VECTOR('',#6773,10.);
#1586=VECTOR('',#6774,10.);
#1587=VECTOR('',#6777,10.);
#1588=VECTOR('',#6778,10.);
#1589=VECTOR('',#6779,10.);
#1590=VECTOR('',#6782,10.);
#1591=VECTOR('',#6791,10.);
#1592=VECTOR('',#6792,10.);
#1593=VECTOR('',#6799,10.);
#1594=VECTOR('',#6800,10.);
#1595=VECTOR('',#6801,10.);
#1596=VECTOR('',#6802,10.);
#1597=VECTOR('',#6807,10.);
#1598=VECTOR('',#6812,10.);
#1599=VECTOR('',#6815,10.);
#1600=VECTOR('',#6818,10.);
#1601=VECTOR('',#6821,1.5);
#1602=VECTOR('',#6824,10.);
#1603=VECTOR('',#6825,10.);
#1604=VECTOR('',#6826,10.);
#1605=VECTOR('',#6829,10.);
#1606=VECTOR('',#6830,10.);
#1607=VECTOR('',#6833,10.);
#1608=VECTOR('',#6834,10.);
#1609=VECTOR('',#6835,10.);
#1610=VECTOR('',#6838,10.);
#1611=VECTOR('',#6839,10.);
#1612=VECTOR('',#6840,10.);
#1613=VECTOR('',#6843,10.);
#1614=VECTOR('',#6844,10.);
#1615=VECTOR('',#6845,10.);
#1616=VECTOR('',#6848,10.);
#1617=VECTOR('',#6849,10.);
#1618=VECTOR('',#6850,10.);
#1619=VECTOR('',#6853,10.);
#1620=VECTOR('',#6854,10.);
#1621=VECTOR('',#6855,10.);
#1622=VECTOR('',#6858,10.);
#1623=VECTOR('',#6859,10.);
#1624=VECTOR('',#6860,10.);
#1625=VECTOR('',#6863,10.);
#1626=VECTOR('',#6864,10.);
#1627=VECTOR('',#6865,10.);
#1628=VECTOR('',#6868,10.);
#1629=VECTOR('',#6869,10.);
#1630=VECTOR('',#6870,10.);
#1631=VECTOR('',#6873,10.);
#1632=VECTOR('',#6874,10.);
#1633=VECTOR('',#6875,10.);
#1634=VECTOR('',#6878,10.);
#1635=VECTOR('',#6879,10.);
#1636=VECTOR('',#6882,10.);
#1637=VECTOR('',#6883,10.);
#1638=VECTOR('',#6886,10.);
#1639=VECTOR('',#6887,10.);
#1640=VECTOR('',#6888,10.);
#1641=VECTOR('',#6891,10.);
#1642=VECTOR('',#6892,10.);
#1643=VECTOR('',#6893,10.);
#1644=VECTOR('',#6896,10.);
#1645=VECTOR('',#6897,10.);
#1646=VECTOR('',#6898,10.);
#1647=VECTOR('',#6901,10.);
#1648=VECTOR('',#6902,10.);
#1649=VECTOR('',#6903,10.);
#1650=VECTOR('',#6906,10.);
#1651=VECTOR('',#6907,10.);
#1652=VECTOR('',#6908,10.);
#1653=VECTOR('',#6911,10.);
#1654=VECTOR('',#6912,10.);
#1655=VECTOR('',#6913,10.);
#1656=VECTOR('',#6916,10.);
#1657=VECTOR('',#6917,10.);
#1658=VECTOR('',#6918,10.);
#1659=VECTOR('',#6921,10.);
#1660=VECTOR('',#6922,10.);
#1661=VECTOR('',#6923,10.);
#1662=VECTOR('',#6926,10.);
#1663=VECTOR('',#6927,10.);
#1664=VECTOR('',#6928,10.);
#1665=VECTOR('',#6931,10.);
#1666=VECTOR('',#6932,10.);
#1667=VECTOR('',#6935,10.);
#1668=VECTOR('',#6938,10.);
#1669=VECTOR('',#6939,10.);
#1670=VECTOR('',#6940,10.);
#1671=VECTOR('',#6943,10.);
#1672=VECTOR('',#6952,1.5);
#1673=VECTOR('',#6955,1.5);
#1674=VECTOR('',#6958,10.);
#1675=VECTOR('',#6961,10.);
#1676=VECTOR('',#6964,10.);
#1677=VECTOR('',#6965,10.);
#1678=VECTOR('',#6966,10.);
#1679=VECTOR('',#6967,10.);
#1680=VECTOR('',#6974,10.);
#1681=VECTOR('',#6975,10.);
#1682=VECTOR('',#6976,10.);
#1683=VECTOR('',#6979,10.);
#1684=VECTOR('',#6980,10.);
#1685=VECTOR('',#6981,10.);
#1686=VECTOR('',#6988,10.);
#1687=VECTOR('',#6989,10.);
#1688=VECTOR('',#6990,10.);
#1689=VECTOR('',#6993,10.);
#1690=VECTOR('',#6994,10.);
#1691=VECTOR('',#6995,10.);
#1692=VECTOR('',#7002,10.);
#1693=VECTOR('',#7003,10.);
#1694=VECTOR('',#7004,10.);
#1695=VECTOR('',#7007,10.);
#1696=VECTOR('',#7008,10.);
#1697=VECTOR('',#7009,10.);
#1698=VECTOR('',#7014,10.);
#1699=VECTOR('',#7015,10.);
#1700=VECTOR('',#7016,10.);
#1701=VECTOR('',#7017,10.);
#1702=VECTOR('',#7020,10.);
#1703=VECTOR('',#7023,10.);
#1704=VECTOR('',#7028,10.);
#1705=VECTOR('',#7029,10.);
#1706=VECTOR('',#7030,10.);
#1707=VECTOR('',#7033,10.);
#1708=VECTOR('',#7034,10.);
#1709=VECTOR('',#7035,10.);
#1710=VECTOR('',#7042,10.);
#1711=VECTOR('',#7043,10.);
#1712=VECTOR('',#7044,10.);
#1713=VECTOR('',#7047,10.);
#1714=VECTOR('',#7048,10.);
#1715=VECTOR('',#7049,10.);
#1716=VECTOR('',#7056,10.);
#1717=VECTOR('',#7057,10.);
#1718=VECTOR('',#7058,10.);
#1719=VECTOR('',#7061,10.);
#1720=VECTOR('',#7062,10.);
#1721=VECTOR('',#7063,10.);
#1722=VECTOR('',#7070,10.);
#1723=VECTOR('',#7073,10.);
#1724=VECTOR('',#7076,10.);
#1725=VECTOR('',#7079,10.);
#1726=VECTOR('',#7082,10.);
#1727=VECTOR('',#7087,10.);
#1728=VECTOR('',#7088,10.);
#1729=VECTOR('',#7091,10.);
#1730=VECTOR('',#7092,10.);
#1731=VECTOR('',#7095,10.);
#1732=VECTOR('',#7098,10.);
#1733=VECTOR('',#7101,10.);
#1734=VECTOR('',#7104,10.);
#1735=VECTOR('',#7105,10.);
#1736=VECTOR('',#7108,10.);
#1737=VECTOR('',#7109,10.);
#1738=VECTOR('',#7110,10.);
#1739=VECTOR('',#7115,10.);
#1740=VECTOR('',#7118,10.);
#1741=VECTOR('',#7119,10.);
#1742=VECTOR('',#7120,10.);
#1743=VECTOR('',#7123,10.);
#1744=VECTOR('',#7124,10.);
#1745=VECTOR('',#7125,10.);
#1746=VECTOR('',#7130,10.);
#1747=VECTOR('',#7133,10.);
#1748=VECTOR('',#7134,10.);
#1749=VECTOR('',#7137,10.);
#1750=VECTOR('',#7138,10.);
#1751=VECTOR('',#7143,10.);
#1752=VECTOR('',#7144,10.);
#1753=VECTOR('',#7147,10.);
#1754=VECTOR('',#7148,10.);
#1755=VECTOR('',#7151,10.);
#1756=VECTOR('',#7152,10.);
#1757=VECTOR('',#7155,10.);
#1758=VECTOR('',#7156,10.);
#1759=VECTOR('',#7159,10.);
#1760=VECTOR('',#7160,10.);
#1761=VECTOR('',#7163,10.);
#1762=VECTOR('',#7168,10.);
#1763=VECTOR('',#7169,10.);
#1764=VECTOR('',#7172,10.);
#1765=VECTOR('',#7173,10.);
#1766=VECTOR('',#7178,10.);
#1767=VECTOR('',#7179,10.);
#1768=VECTOR('',#7184,10.);
#1769=VECTOR('',#7185,10.);
#1770=VECTOR('',#7188,10.);
#1771=VECTOR('',#7189,10.);
#1772=VECTOR('',#7194,10.);
#1773=VECTOR('',#7195,10.);
#1774=VECTOR('',#7198,10.);
#1775=VECTOR('',#7199,10.);
#1776=VECTOR('',#7214,1.5);
#1777=VECTOR('',#7219,1.5);
#1778=VECTOR('',#7222,2.575);
#1779=VECTOR('',#7229,2.575);
#1780=VECTOR('',#7238,1.425);
#1781=VECTOR('',#7255,1.3);
#1782=VECTOR('',#7258,1.);
#1783=VECTOR('',#7263,1.29999999999999);
#1784=VECTOR('',#7266,0.999999999999996);
#1785=VECTOR('',#7271,1.29999999999999);
#1786=VECTOR('',#7274,0.999999999999996);
#1787=VECTOR('',#7279,1.3);
#1788=VECTOR('',#7282,1.);
#1789=VECTOR('',#7287,1.3);
#1790=VECTOR('',#7290,1.);
#1791=VECTOR('',#7295,1.29999999999999);
#1792=VECTOR('',#7298,0.999999999999996);
#1793=VECTOR('',#7303,1.29999999999999);
#1794=VECTOR('',#7306,0.999999999999996);
#1795=VECTOR('',#7311,1.3);
#1796=VECTOR('',#7314,1.);
#1797=VECTOR('',#7319,1.3);
#1798=VECTOR('',#7322,1.);
#1799=VECTOR('',#7327,1.29999999999999);
#1800=VECTOR('',#7330,0.999999999999996);
#1801=VECTOR('',#7335,1.3);
#1802=VECTOR('',#7338,1.);
#1803=VECTOR('',#7343,1.29999999999999);
#1804=VECTOR('',#7346,0.999999999999996);
#1805=VECTOR('',#7351,1.3);
#1806=VECTOR('',#7354,1.);
#1807=VECTOR('',#7359,1.29999999999999);
#1808=VECTOR('',#7362,0.999999999999996);
#1809=VECTOR('',#7367,1.29999999999999);
#1810=VECTOR('',#7370,0.999999999999996);
#1811=VECTOR('',#7375,1.3);
#1812=VECTOR('',#7384,1.3);
#1813=VECTOR('',#7387,1.);
#1814=VECTOR('',#7392,10.);
#1815=VECTOR('',#7393,10.);
#1816=VECTOR('',#7396,10.);
#1817=VECTOR('',#7399,10.);
#1818=VECTOR('',#7402,10.);
#1819=VECTOR('',#7405,10.);
#1820=VECTOR('',#7408,10.);
#1821=VECTOR('',#7411,10.);
#1822=VECTOR('',#7414,10.);
#1823=VECTOR('',#7417,10.);
#1824=VECTOR('',#7422,10.);
#1825=VECTOR('',#7425,10.);
#1826=VECTOR('',#7428,10.);
#1827=VECTOR('',#7431,10.);
#1828=VECTOR('',#7434,10.);
#1829=VECTOR('',#7437,10.);
#1830=VECTOR('',#7440,10.);
#1831=VECTOR('',#7443,10.);
#1832=VECTOR('',#7446,10.);
#1833=VECTOR('',#7449,10.);
#1834=VECTOR('',#7452,10.);
#1835=VECTOR('',#7455,10.);
#1836=VECTOR('',#7458,10.);
#1837=VECTOR('',#7461,10.);
#1838=VECTOR('',#7464,10.);
#1839=VECTOR('',#7467,10.);
#1840=VECTOR('',#7470,10.);
#1841=VECTOR('',#7473,10.);
#1842=VECTOR('',#7476,10.);
#1843=VECTOR('',#7479,10.);
#1844=VECTOR('',#7482,10.);
#1845=VECTOR('',#7485,10.);
#1846=VECTOR('',#7490,10.);
#1847=VECTOR('',#7501,2.575);
#1848=VECTOR('',#7510,2.575);
#1849=VECTOR('',#7519,2.575);
#1850=VECTOR('',#7528,2.575);
#1851=VECTOR('',#7537,0.999999999999996);
#1852=VECTOR('',#7540,1.);
#1853=VECTOR('',#7543,0.999999999999996);
#1854=VECTOR('',#7578,1.5);
#1855=VECTOR('',#7581,1.5);
#1856=VECTOR('',#7584,1.5);
#1857=VECTOR('',#7587,1.5);
#1858=CIRCLE('',#5391,1.05);
#1859=CIRCLE('',#5392,1.05);
#1860=CIRCLE('',#5393,1.05);
#1861=CIRCLE('',#5395,1.05);
#1862=CIRCLE('',#5396,1.05);
#1863=CIRCLE('',#5398,1.05);
#1864=CIRCLE('',#5399,1.05);
#1865=CIRCLE('',#5401,1.05);
#1866=CIRCLE('',#5402,1.05);
#1867=CIRCLE('',#5404,5.3562342859);
#1868=CIRCLE('',#5405,5.3562342859);
#1869=CIRCLE('',#5407,1.05);
#1870=CIRCLE('',#5408,1.05);
#1871=CIRCLE('',#5410,1.05);
#1872=CIRCLE('',#5411,1.05);
#1873=CIRCLE('',#5412,1.05);
#1874=CIRCLE('',#5414,1.05);
#1875=CIRCLE('',#5415,1.05);
#1876=CIRCLE('',#5417,1.05);
#1877=CIRCLE('',#5418,1.05);
#1878=CIRCLE('',#5420,1.425);
#1879=CIRCLE('',#5421,1.05);
#1880=CIRCLE('',#5422,1.05);
#1881=CIRCLE('',#5424,1.05);
#1882=CIRCLE('',#5425,1.05);
#1883=CIRCLE('',#5426,1.05);
#1884=CIRCLE('',#5428,1.05);
#1885=CIRCLE('',#5431,1.05);
#1886=CIRCLE('',#5432,1.05);
#1887=CIRCLE('',#5433,1.05);
#1888=CIRCLE('',#5435,1.);
#1889=CIRCLE('',#5437,2.3);
#1890=CIRCLE('',#5438,2.3);
#1891=CIRCLE('',#5439,2.3);
#1892=CIRCLE('',#5440,2.3);
#1893=CIRCLE('',#5442,1.6);
#1894=CIRCLE('',#5443,1.);
#1895=CIRCLE('',#5444,0.999999999999996);
#1896=CIRCLE('',#5445,0.999999999999996);
#1897=CIRCLE('',#5446,1.9);
#1898=CIRCLE('',#5447,0.999999999999996);
#1899=CIRCLE('',#5448,0.999999999999996);
#1900=CIRCLE('',#5449,1.59999999999999);
#1901=CIRCLE('',#5450,1.59999999999999);
#1902=CIRCLE('',#5451,1.5);
#1903=CIRCLE('',#5452,1.5);
#1904=CIRCLE('',#5453,1.6);
#1905=CIRCLE('',#5454,1.59999999999999);
#1906=CIRCLE('',#5455,1.6);
#1907=CIRCLE('',#5456,1.59999999999999);
#1908=CIRCLE('',#5457,1.59999999999999);
#1909=CIRCLE('',#5458,1.59999999999999);
#1910=CIRCLE('',#5459,1.6);
#1911=CIRCLE('',#5460,1.6);
#1912=CIRCLE('',#5461,1.59999999999999);
#1913=CIRCLE('',#5462,1.6);
#1914=CIRCLE('',#5463,1.6);
#1915=CIRCLE('',#5464,1.6);
#1916=CIRCLE('',#5465,1.59999999999999);
#1917=CIRCLE('',#5466,1.6);
#1918=CIRCLE('',#5467,1.59999999999999);
#1919=CIRCLE('',#5468,1.5);
#1920=CIRCLE('',#5470,2.939);
#1921=CIRCLE('',#5471,2.);
#1922=CIRCLE('',#5473,1.);
#1923=CIRCLE('',#5474,2.575);
#1924=CIRCLE('',#5475,4.402);
#1925=CIRCLE('',#5476,5.8562342859);
#1926=CIRCLE('',#5477,4.402);
#1927=CIRCLE('',#5478,4.402);
#1928=CIRCLE('',#5479,1.);
#1929=CIRCLE('',#5480,5.6062342859);
#1930=CIRCLE('',#5481,2.575);
#1931=CIRCLE('',#5482,2.575);
#1932=CIRCLE('',#5483,5.6062342859);
#1933=CIRCLE('',#5484,5.6062342859);
#1934=CIRCLE('',#5485,5.6062342859);
#1935=CIRCLE('',#5486,5.2812342859);
#1936=CIRCLE('',#5487,5.2812342859);
#1937=CIRCLE('',#5488,5.6062342859);
#1938=CIRCLE('',#5489,5.6062342859);
#1939=CIRCLE('',#5490,0.999999999999996);
#1940=CIRCLE('',#5491,0.999999999999996);
#1941=CIRCLE('',#5492,5.2812342859);
#1942=CIRCLE('',#5493,1.);
#1943=CIRCLE('',#5494,0.999999999999996);
#1944=CIRCLE('',#5495,0.999999999999996);
#1945=CIRCLE('',#5496,0.999999999999996);
#1946=CIRCLE('',#5497,0.999999999999996);
#1947=CIRCLE('',#5498,1.);
#1948=CIRCLE('',#5499,0.999999999999996);
#1949=CIRCLE('',#5500,0.999999999999996);
#1950=CIRCLE('',#5501,0.999999999999996);
#1951=CIRCLE('',#5502,0.999999999999996);
#1952=CIRCLE('',#5503,1.);
#1953=CIRCLE('',#5504,1.);
#1954=CIRCLE('',#5505,1.);
#1955=CIRCLE('',#5506,0.999999999999996);
#1956=CIRCLE('',#5507,2.575);
#1957=CIRCLE('',#5508,6.01744730505122);
#1958=CIRCLE('',#5509,2.575);
#1959=CIRCLE('',#5510,6.01744730505122);
#1960=CIRCLE('',#5511,2.575);
#1961=CIRCLE('',#5512,2.575);
#1962=CIRCLE('',#5513,1.5);
#1963=CIRCLE('',#5514,1.5);
#1964=CIRCLE('',#5515,1.5);
#1965=CIRCLE('',#5516,5.8562342859);
#1966=CIRCLE('',#5517,5.3562342859);
#1967=CIRCLE('',#5518,5.3562342859);
#1968=CIRCLE('',#5519,5.2812342859);
#1969=CIRCLE('',#5520,5.2812342859);
#1970=CIRCLE('',#5521,1.);
#1971=CIRCLE('',#5522,5.2812342859);
#1972=CIRCLE('',#5523,5.3562342859);
#1973=CIRCLE('',#5524,5.2812342859);
#1974=CIRCLE('',#5525,4.4652661455);
#1975=CIRCLE('',#5526,1.4);
#1976=CIRCLE('',#5527,1.43178207432481);
#1977=CIRCLE('',#5528,2.939);
#1978=CIRCLE('',#5530,2.);
#1979=CIRCLE('',#5532,2.);
#1980=CIRCLE('',#5534,2.);
#1981=CIRCLE('',#5536,0.939999999999999);
#1982=CIRCLE('',#5537,0.939999999999999);
#1983=CIRCLE('',#5541,0.940000000000001);
#1984=CIRCLE('',#5542,0.940000000000001);
#1985=CIRCLE('',#5546,3.24144730505122);
#1986=CIRCLE('',#5548,3.24144730505122);
#1987=CIRCLE('',#5550,1.911);
#1988=CIRCLE('',#5551,0.486);
#1989=CIRCLE('',#5552,1.425);
#1990=CIRCLE('',#5554,1.425);
#1991=CIRCLE('',#5556,2.75);
#1992=CIRCLE('',#5558,1.911);
#1993=CIRCLE('',#5559,0.486);
#1994=CIRCLE('',#5560,1.425);
#1995=CIRCLE('',#5562,1.425);
#1996=CIRCLE('',#5565,1.911);
#1997=CIRCLE('',#5566,0.486);
#1998=CIRCLE('',#5567,1.425);
#1999=CIRCLE('',#5569,1.425);
#2000=CIRCLE('',#5571,2.75);
#2001=CIRCLE('',#5573,1.411);
#2002=CIRCLE('',#5574,0.486);
#2003=CIRCLE('',#5575,0.924999999999998);
#2004=CIRCLE('',#5577,0.924999999999998);
#2005=CIRCLE('',#5579,2.425);
#2006=CIRCLE('',#5581,1.411);
#2007=CIRCLE('',#5582,0.486);
#2008=CIRCLE('',#5583,0.925000000000002);
#2009=CIRCLE('',#5585,0.925000000000002);
#2010=CIRCLE('',#5587,2.425);
#2011=CIRCLE('',#5589,1.411);
#2012=CIRCLE('',#5590,0.486);
#2013=CIRCLE('',#5591,0.924999999999998);
#2014=CIRCLE('',#5593,0.924999999999998);
#2015=CIRCLE('',#5595,2.425);
#2016=CIRCLE('',#5597,1.36222237026418);
#2017=CIRCLE('',#5598,0.486);
#2018=CIRCLE('',#5599,0.876222370264177);
#2019=CIRCLE('',#5600,0.876222370264177);
#2020=CIRCLE('',#5602,3.);
#2021=CIRCLE('',#5604,0.876222370264177);
#2022=CIRCLE('',#5606,1.407954425122);
#2023=CIRCLE('',#5607,0.486);
#2024=CIRCLE('',#5608,0.921954425122005);
#2025=CIRCLE('',#5609,0.921954425122005);
#2026=CIRCLE('',#5611,3.);
#2027=CIRCLE('',#5613,0.921954425122005);
#2028=CIRCLE('',#5615,1.411);
#2029=CIRCLE('',#5616,0.486);
#2030=CIRCLE('',#5617,0.925000000000002);
#2031=CIRCLE('',#5619,0.925000000000002);
#2032=CIRCLE('',#5621,2.425);
#2033=CIRCLE('',#5623,1.911);
#2034=CIRCLE('',#5624,0.486);
#2035=CIRCLE('',#5625,1.425);
#2036=CIRCLE('',#5627,2.675);
#2037=CIRCLE('',#5629,1.425);
#2038=CIRCLE('',#5630,1.425);
#2039=CIRCLE('',#5632,1.911);
#2040=CIRCLE('',#5633,0.486);
#2041=CIRCLE('',#5634,1.425);
#2042=CIRCLE('',#5636,1.425);
#2043=CIRCLE('',#5638,2.675);
#2044=CIRCLE('',#5640,1.);
#2045=CIRCLE('',#5642,1.43178207432481);
#2046=CIRCLE('',#5644,1.4);
#2047=CIRCLE('',#5649,2.);
#2048=CIRCLE('',#5650,2.);
#2049=CIRCLE('',#5663,2.675);
#2050=CIRCLE('',#5666,3.);
#2051=CIRCLE('',#5669,2.675);
#2052=CIRCLE('',#5670,2.675);
#2053=CIRCLE('',#5674,2.75);
#2054=CIRCLE('',#5677,2.75);
#2055=CIRCLE('',#5679,2.425);
#2056=CIRCLE('',#5681,2.75);
#2057=CIRCLE('',#5683,2.75);
#2058=CIRCLE('',#5686,2.425);
#2059=CIRCLE('',#5690,2.425);
#2060=CIRCLE('',#5692,2.5);
#2061=CIRCLE('',#5695,2.425);
#2062=CIRCLE('',#5698,2.5);
#2063=CIRCLE('',#5701,3.);
#2064=CIRCLE('',#5704,0.476000000000002);
#2065=CIRCLE('',#5705,0.476000000000001);
#2066=CIRCLE('',#5707,2.761);
#2067=CIRCLE('',#5708,0.761000000000003);
#2068=CIRCLE('',#5709,2.);
#2069=CIRCLE('',#5711,0.761);
#2070=CIRCLE('',#5712,0.760999999999994);
#2071=CIRCLE('',#5717,1.368);
#2072=CIRCLE('',#5719,1.368);
#2073=CIRCLE('',#5721,1.9);
#2074=CIRCLE('',#5722,0.476);
#2075=CIRCLE('',#5723,1.5);
#2076=CIRCLE('',#5726,0.476000000000001);
#2077=CIRCLE('',#5728,2.);
#2078=CIRCLE('',#5732,2.);
#2079=CIRCLE('',#5733,2.01);
#2080=CIRCLE('',#5734,2.);
#2081=CIRCLE('',#5735,2.);
#2082=CIRCLE('',#5736,2.);
#2083=CIRCLE('',#5737,2.);
#2084=CIRCLE('',#5738,1.99999999999999);
#2085=CIRCLE('',#5739,1.99999999999999);
#2086=CIRCLE('',#5740,1.99999999999999);
#2087=CIRCLE('',#5741,1.99999999999999);
#2088=CIRCLE('',#5743,1.99999999999999);
#2089=CIRCLE('',#5744,1.99999999999999);
#2090=CIRCLE('',#5745,1.99999999999999);
#2091=CIRCLE('',#5746,1.99999999999999);
#2092=CIRCLE('',#5747,2.);
#2093=CIRCLE('',#5748,2.);
#2094=CIRCLE('',#5749,2.);
#2095=CIRCLE('',#5750,2.);
#2096=CIRCLE('',#5751,2.01);
#2097=CIRCLE('',#5754,2.01);
#2098=CIRCLE('',#5755,2.);
#2099=CIRCLE('',#5762,2.01);
#2100=CIRCLE('',#5764,2.);
#2101=CIRCLE('',#5766,1.99999999999999);
#2102=CIRCLE('',#5767,1.99999999999999);
#2103=CIRCLE('',#5768,1.99999999999999);
#2104=CIRCLE('',#5770,2.);
#2105=CIRCLE('',#5771,1.99999999999999);
#2106=CIRCLE('',#5772,1.99999999999999);
#2107=CIRCLE('',#5774,2.);
#2108=CIRCLE('',#5775,2.);
#2109=CIRCLE('',#5776,2.);
#2110=CIRCLE('',#5779,1.6);
#2111=CIRCLE('',#5781,2.);
#2112=CIRCLE('',#5782,2.);
#2113=CIRCLE('',#5783,2.01);
#2114=CIRCLE('',#5785,2.);
#2115=CIRCLE('',#5786,2.);
#2116=CIRCLE('',#5787,2.);
#2117=CIRCLE('',#5789,1.99999999999999);
#2118=CIRCLE('',#5790,1.99999999999999);
#2119=CIRCLE('',#5791,2.);
#2120=CIRCLE('',#5793,1.99999999999999);
#2121=CIRCLE('',#5795,1.99999999999999);
#2122=CIRCLE('',#5798,2.01);
#2123=CIRCLE('',#5805,2.);
#2124=CIRCLE('',#5806,2.);
#2125=CIRCLE('',#5809,1.99999999999999);
#2126=CIRCLE('',#5810,1.99999999999999);
#2127=CIRCLE('',#5814,1.5);
#2128=CIRCLE('',#5821,1.5);
#2129=CIRCLE('',#5824,1.5);
#2130=CIRCLE('',#5826,1.5);
#2131=CIRCLE('',#5829,1.5);
#2132=CIRCLE('',#5838,1.5);
#2133=CIRCLE('',#5840,1.5);
#2134=CIRCLE('',#5842,2.575);
#2135=CIRCLE('',#5845,2.575);
#2136=CIRCLE('',#5848,1.425);
#2137=CIRCLE('',#5849,1.425);
#2138=CIRCLE('',#5856,1.);
#2139=CIRCLE('',#5859,0.999999999999996);
#2140=CIRCLE('',#5862,0.999999999999996);
#2141=CIRCLE('',#5865,1.);
#2142=CIRCLE('',#5868,1.);
#2143=CIRCLE('',#5871,0.999999999999996);
#2144=CIRCLE('',#5874,0.999999999999996);
#2145=CIRCLE('',#5877,1.);
#2146=CIRCLE('',#5880,1.);
#2147=CIRCLE('',#5883,0.999999999999996);
#2148=CIRCLE('',#5886,1.);
#2149=CIRCLE('',#5889,0.999999999999996);
#2150=CIRCLE('',#5892,1.);
#2151=CIRCLE('',#5895,0.999999999999996);
#2152=CIRCLE('',#5898,0.999999999999996);
#2153=CIRCLE('',#5901,1.);
#2154=CIRCLE('',#5902,1.);
#2155=CIRCLE('',#5905,1.);
#2156=CIRCLE('',#5944,1.99999999999999);
#2157=CIRCLE('',#5947,2.575);
#2158=CIRCLE('',#5949,1.5);
#2159=CIRCLE('',#5951,2.575);
#2160=CIRCLE('',#5953,1.5);
#2161=CIRCLE('',#5955,2.575);
#2162=CIRCLE('',#5957,1.5);
#2163=CIRCLE('',#5959,2.575);
#2164=CIRCLE('',#5961,1.5);
#2165=VERTEX_POINT('',#7590);
#2166=VERTEX_POINT('',#7592);
#2167=VERTEX_POINT('',#7594);
#2168=VERTEX_POINT('',#7596);
#2169=VERTEX_POINT('',#7613);
#2170=VERTEX_POINT('',#7615);
#2171=VERTEX_POINT('',#7619);
#2172=VERTEX_POINT('',#7621);
#2173=VERTEX_POINT('',#7625);
#2174=VERTEX_POINT('',#7626);
#2175=VERTEX_POINT('',#7628);
#2176=VERTEX_POINT('',#7630);
#2177=VERTEX_POINT('',#7637);
#2178=VERTEX_POINT('',#7639);
#2179=VERTEX_POINT('',#7643);
#2180=VERTEX_POINT('',#7645);
#2181=VERTEX_POINT('',#7647);
#2182=VERTEX_POINT('',#7649);
#2183=VERTEX_POINT('',#7666);
#2184=VERTEX_POINT('',#7668);
#2185=VERTEX_POINT('',#7672);
#2186=VERTEX_POINT('',#7674);
#2187=VERTEX_POINT('',#7678);
#2188=VERTEX_POINT('',#7679);
#2189=VERTEX_POINT('',#7681);
#2190=VERTEX_POINT('',#7685);
#2191=VERTEX_POINT('',#7687);
#2192=VERTEX_POINT('',#7689);
#2193=VERTEX_POINT('',#7691);
#2194=VERTEX_POINT('',#7719);
#2195=VERTEX_POINT('',#7724);
#2196=VERTEX_POINT('',#7725);
#2197=VERTEX_POINT('',#7736);
#2198=VERTEX_POINT('',#7738);
#2199=VERTEX_POINT('',#7745);
#2200=VERTEX_POINT('',#7747);
#2201=VERTEX_POINT('',#7749);
#2202=VERTEX_POINT('',#7751);
#2203=VERTEX_POINT('',#7771);
#2204=VERTEX_POINT('',#7773);
#2205=VERTEX_POINT('',#7793);
#2206=VERTEX_POINT('',#7795);
#2207=VERTEX_POINT('',#7797);
#2208=VERTEX_POINT('',#7799);
#2209=VERTEX_POINT('',#7801);
#2210=VERTEX_POINT('',#7803);
#2211=VERTEX_POINT('',#7805);
#2212=VERTEX_POINT('',#7807);
#2213=VERTEX_POINT('',#7809);
#2214=VERTEX_POINT('',#7811);
#2215=VERTEX_POINT('',#7840);
#2216=VERTEX_POINT('',#7842);
#2217=VERTEX_POINT('',#7844);
#2218=VERTEX_POINT('',#7846);
#2219=VERTEX_POINT('',#7848);
#2220=VERTEX_POINT('',#7850);
#2221=VERTEX_POINT('',#7852);
#2222=VERTEX_POINT('',#7854);
#2223=VERTEX_POINT('',#7856);
#2224=VERTEX_POINT('',#7858);
#2225=VERTEX_POINT('',#7867);
#2226=VERTEX_POINT('',#7869);
#2227=VERTEX_POINT('',#7882);
#2228=VERTEX_POINT('',#7884);
#2229=VERTEX_POINT('',#7886);
#2230=VERTEX_POINT('',#7888);
#2231=VERTEX_POINT('',#7890);
#2232=VERTEX_POINT('',#7893);
#2233=VERTEX_POINT('',#7896);
#2234=VERTEX_POINT('',#7898);
#2235=VERTEX_POINT('',#7900);
#2236=VERTEX_POINT('',#7902);
#2237=VERTEX_POINT('',#7904);
#2238=VERTEX_POINT('',#7906);
#2239=VERTEX_POINT('',#7908);
#2240=VERTEX_POINT('',#7910);
#2241=VERTEX_POINT('',#7912);
#2242=VERTEX_POINT('',#7914);
#2243=VERTEX_POINT('',#7916);
#2244=VERTEX_POINT('',#7918);
#2245=VERTEX_POINT('',#7920);
#2246=VERTEX_POINT('',#7922);
#2247=VERTEX_POINT('',#7924);
#2248=VERTEX_POINT('',#7926);
#2249=VERTEX_POINT('',#7928);
#2250=VERTEX_POINT('',#7930);
#2251=VERTEX_POINT('',#7933);
#2252=VERTEX_POINT('',#7935);
#2253=VERTEX_POINT('',#7939);
#2254=VERTEX_POINT('',#7940);
#2255=VERTEX_POINT('',#7942);
#2256=VERTEX_POINT('',#7944);
#2257=VERTEX_POINT('',#7946);
#2258=VERTEX_POINT('',#7948);
#2259=VERTEX_POINT('',#7950);
#2260=VERTEX_POINT('',#7952);
#2261=VERTEX_POINT('',#7954);
#2262=VERTEX_POINT('',#7956);
#2263=VERTEX_POINT('',#7958);
#2264=VERTEX_POINT('',#7960);
#2265=VERTEX_POINT('',#7962);
#2266=VERTEX_POINT('',#7964);
#2267=VERTEX_POINT('',#7966);
#2268=VERTEX_POINT('',#7968);
#2269=VERTEX_POINT('',#7971);
#2270=VERTEX_POINT('',#7973);
#2271=VERTEX_POINT('',#7975);
#2272=VERTEX_POINT('',#7976);
#2273=VERTEX_POINT('',#7978);
#2274=VERTEX_POINT('',#7980);
#2275=VERTEX_POINT('',#7982);
#2276=VERTEX_POINT('',#7984);
#2277=VERTEX_POINT('',#7987);
#2278=VERTEX_POINT('',#7988);
#2279=VERTEX_POINT('',#7990);
#2280=VERTEX_POINT('',#7992);
#2281=VERTEX_POINT('',#7995);
#2282=VERTEX_POINT('',#7997);
#2283=VERTEX_POINT('',#7998);
#2284=VERTEX_POINT('',#8000);
#2285=VERTEX_POINT('',#8002);
#2286=VERTEX_POINT('',#8004);
#2287=VERTEX_POINT('',#8006);
#2288=VERTEX_POINT('',#8008);
#2289=VERTEX_POINT('',#8011);
#2290=VERTEX_POINT('',#8013);
#2291=VERTEX_POINT('',#8015);
#2292=VERTEX_POINT('',#8017);
#2293=VERTEX_POINT('',#8019);
#2294=VERTEX_POINT('',#8021);
#2295=VERTEX_POINT('',#8023);
#2296=VERTEX_POINT('',#8025);
#2297=VERTEX_POINT('',#8027);
#2298=VERTEX_POINT('',#8029);
#2299=VERTEX_POINT('',#8031);
#2300=VERTEX_POINT('',#8033);
#2301=VERTEX_POINT('',#8035);
#2302=VERTEX_POINT('',#8037);
#2303=VERTEX_POINT('',#8039);
#2304=VERTEX_POINT('',#8041);
#2305=VERTEX_POINT('',#8043);
#2306=VERTEX_POINT('',#8044);
#2307=VERTEX_POINT('',#8046);
#2308=VERTEX_POINT('',#8049);
#2309=VERTEX_POINT('',#8051);
#2310=VERTEX_POINT('',#8053);
#2311=VERTEX_POINT('',#8055);
#2312=VERTEX_POINT('',#8057);
#2313=VERTEX_POINT('',#8059);
#2314=VERTEX_POINT('',#8060);
#2315=VERTEX_POINT('',#8063);
#2316=VERTEX_POINT('',#8065);
#2317=VERTEX_POINT('',#8067);
#2318=VERTEX_POINT('',#8069);
#2319=VERTEX_POINT('',#8071);
#2320=VERTEX_POINT('',#8073);
#2321=VERTEX_POINT('',#8076);
#2322=VERTEX_POINT('',#8078);
#2323=VERTEX_POINT('',#8080);
#2324=VERTEX_POINT('',#8082);
#2325=VERTEX_POINT('',#8084);
#2326=VERTEX_POINT('',#8087);
#2327=VERTEX_POINT('',#8091);
#2328=VERTEX_POINT('',#8095);
#2329=VERTEX_POINT('',#8099);
#2330=VERTEX_POINT('',#8101);
#2331=VERTEX_POINT('',#8107);
#2332=VERTEX_POINT('',#8109);
#2333=VERTEX_POINT('',#8115);
#2334=VERTEX_POINT('',#8137);
#2335=VERTEX_POINT('',#8147);
#2336=VERTEX_POINT('',#8151);
#2337=VERTEX_POINT('',#8153);
#2338=VERTEX_POINT('',#8157);
#2339=VERTEX_POINT('',#8161);
#2340=VERTEX_POINT('',#8164);
#2341=VERTEX_POINT('',#8166);
#2342=VERTEX_POINT('',#8170);
#2343=VERTEX_POINT('',#8175);
#2344=VERTEX_POINT('',#8177);
#2345=VERTEX_POINT('',#8181);
#2346=VERTEX_POINT('',#8185);
#2347=VERTEX_POINT('',#8188);
#2348=VERTEX_POINT('',#8190);
#2349=VERTEX_POINT('',#8194);
#2350=VERTEX_POINT('',#8198);
#2351=VERTEX_POINT('',#8201);
#2352=VERTEX_POINT('',#8203);
#2353=VERTEX_POINT('',#8207);
#2354=VERTEX_POINT('',#8211);
#2355=VERTEX_POINT('',#8214);
#2356=VERTEX_POINT('',#8216);
#2357=VERTEX_POINT('',#8220);
#2358=VERTEX_POINT('',#8224);
#2359=VERTEX_POINT('',#8227);
#2360=VERTEX_POINT('',#8229);
#2361=VERTEX_POINT('',#8231);
#2362=VERTEX_POINT('',#8235);
#2363=VERTEX_POINT('',#8236);
#2364=VERTEX_POINT('',#8240);
#2365=VERTEX_POINT('',#8244);
#2366=VERTEX_POINT('',#8246);
#2367=VERTEX_POINT('',#8248);
#2368=VERTEX_POINT('',#8252);
#2369=VERTEX_POINT('',#8253);
#2370=VERTEX_POINT('',#8257);
#2371=VERTEX_POINT('',#8261);
#2372=VERTEX_POINT('',#8263);
#2373=VERTEX_POINT('',#8267);
#2374=VERTEX_POINT('',#8271);
#2375=VERTEX_POINT('',#8274);
#2376=VERTEX_POINT('',#8276);
#2377=VERTEX_POINT('',#8280);
#2378=VERTEX_POINT('',#8283);
#2379=VERTEX_POINT('',#8288);
#2380=VERTEX_POINT('',#8290);
#2381=VERTEX_POINT('',#8294);
#2382=VERTEX_POINT('',#8298);
#2383=VERTEX_POINT('',#8301);
#2384=VERTEX_POINT('',#8304);
#2385=VERTEX_POINT('',#8308);
#2386=VERTEX_POINT('',#8312);
#2387=VERTEX_POINT('',#8313);
#2388=VERTEX_POINT('',#8318);
#2389=VERTEX_POINT('',#8322);
#2390=VERTEX_POINT('',#8323);
#2391=VERTEX_POINT('',#8328);
#2392=VERTEX_POINT('',#8330);
#2393=VERTEX_POINT('',#8332);
#2394=VERTEX_POINT('',#8335);
#2395=VERTEX_POINT('',#8337);
#2396=VERTEX_POINT('',#8339);
#2397=VERTEX_POINT('',#8342);
#2398=VERTEX_POINT('',#8344);
#2399=VERTEX_POINT('',#8346);
#2400=VERTEX_POINT('',#8349);
#2401=VERTEX_POINT('',#8353);
#2402=VERTEX_POINT('',#8357);
#2403=VERTEX_POINT('',#8361);
#2404=VERTEX_POINT('',#8365);
#2405=VERTEX_POINT('',#8369);
#2406=VERTEX_POINT('',#8373);
#2407=VERTEX_POINT('',#8380);
#2408=VERTEX_POINT('',#8387);
#2409=VERTEX_POINT('',#8408);
#2410=VERTEX_POINT('',#8411);
#2411=VERTEX_POINT('',#8429);
#2412=VERTEX_POINT('',#8434);
#2413=VERTEX_POINT('',#8444);
#2414=VERTEX_POINT('',#8446);
#2415=VERTEX_POINT('',#8471);
#2416=VERTEX_POINT('',#8487);
#2417=VERTEX_POINT('',#8501);
#2418=VERTEX_POINT('',#8505);
#2419=VERTEX_POINT('',#8509);
#2420=VERTEX_POINT('',#8515);
#2421=VERTEX_POINT('',#8523);
#2422=VERTEX_POINT('',#8551);
#2423=VERTEX_POINT('',#8569);
#2424=VERTEX_POINT('',#8575);
#2425=VERTEX_POINT('',#8581);
#2426=VERTEX_POINT('',#8586);
#2427=VERTEX_POINT('',#8590);
#2428=VERTEX_POINT('',#8635);
#2429=VERTEX_POINT('',#8636);
#2430=VERTEX_POINT('',#8638);
#2431=VERTEX_POINT('',#8645);
#2432=VERTEX_POINT('',#8683);
#2433=VERTEX_POINT('',#8697);
#2434=VERTEX_POINT('',#8699);
#2435=VERTEX_POINT('',#8703);
#2436=VERTEX_POINT('',#8704);
#2437=VERTEX_POINT('',#8748);
#2438=VERTEX_POINT('',#8757);
#2439=VERTEX_POINT('',#8770);
#2440=VERTEX_POINT('',#8840);
#2441=VERTEX_POINT('',#8847);
#2442=VERTEX_POINT('',#8859);
#2443=VERTEX_POINT('',#8860);
#2444=VERTEX_POINT('',#8865);
#2445=VERTEX_POINT('',#8867);
#2446=VERTEX_POINT('',#8869);
#2447=VERTEX_POINT('',#8871);
#2448=VERTEX_POINT('',#8873);
#2449=VERTEX_POINT('',#8876);
#2450=VERTEX_POINT('',#8879);
#2451=VERTEX_POINT('',#8887);
#2452=VERTEX_POINT('',#8926);
#2453=VERTEX_POINT('',#8928);
#2454=VERTEX_POINT('',#8934);
#2455=VERTEX_POINT('',#8936);
#2456=VERTEX_POINT('',#8940);
#2457=VERTEX_POINT('',#8942);
#2458=VERTEX_POINT('',#8944);
#2459=VERTEX_POINT('',#8946);
#2460=VERTEX_POINT('',#8948);
#2461=VERTEX_POINT('',#8950);
#2462=VERTEX_POINT('',#8952);
#2463=VERTEX_POINT('',#8954);
#2464=VERTEX_POINT('',#8956);
#2465=VERTEX_POINT('',#8958);
#2466=VERTEX_POINT('',#8960);
#2467=VERTEX_POINT('',#8962);
#2468=VERTEX_POINT('',#8964);
#2469=VERTEX_POINT('',#8966);
#2470=VERTEX_POINT('',#8968);
#2471=VERTEX_POINT('',#8970);
#2472=VERTEX_POINT('',#8972);
#2473=VERTEX_POINT('',#8974);
#2474=VERTEX_POINT('',#8976);
#2475=VERTEX_POINT('',#8978);
#2476=VERTEX_POINT('',#8980);
#2477=VERTEX_POINT('',#8982);
#2478=VERTEX_POINT('',#8984);
#2479=VERTEX_POINT('',#8986);
#2480=VERTEX_POINT('',#8988);
#2481=VERTEX_POINT('',#8990);
#2482=VERTEX_POINT('',#8992);
#2483=VERTEX_POINT('',#8994);
#2484=VERTEX_POINT('',#8996);
#2485=VERTEX_POINT('',#8998);
#2486=VERTEX_POINT('',#9000);
#2487=VERTEX_POINT('',#9002);
#2488=VERTEX_POINT('',#9004);
#2489=VERTEX_POINT('',#9006);
#2490=VERTEX_POINT('',#9008);
#2491=VERTEX_POINT('',#9010);
#2492=VERTEX_POINT('',#9012);
#2493=VERTEX_POINT('',#9014);
#2494=VERTEX_POINT('',#9017);
#2495=VERTEX_POINT('',#9021);
#2496=VERTEX_POINT('',#9024);
#2497=VERTEX_POINT('',#9026);
#2498=VERTEX_POINT('',#9028);
#2499=VERTEX_POINT('',#9030);
#2500=VERTEX_POINT('',#9032);
#2501=VERTEX_POINT('',#9034);
#2502=VERTEX_POINT('',#9036);
#2503=VERTEX_POINT('',#9038);
#2504=VERTEX_POINT('',#9040);
#2505=VERTEX_POINT('',#9042);
#2506=VERTEX_POINT('',#9044);
#2507=VERTEX_POINT('',#9046);
#2508=VERTEX_POINT('',#9048);
#2509=VERTEX_POINT('',#9050);
#2510=VERTEX_POINT('',#9052);
#2511=VERTEX_POINT('',#9054);
#2512=VERTEX_POINT('',#9056);
#2513=VERTEX_POINT('',#9058);
#2514=VERTEX_POINT('',#9060);
#2515=VERTEX_POINT('',#9062);
#2516=VERTEX_POINT('',#9064);
#2517=VERTEX_POINT('',#9066);
#2518=VERTEX_POINT('',#9068);
#2519=VERTEX_POINT('',#9070);
#2520=VERTEX_POINT('',#9072);
#2521=VERTEX_POINT('',#9074);
#2522=VERTEX_POINT('',#9076);
#2523=VERTEX_POINT('',#9078);
#2524=VERTEX_POINT('',#9080);
#2525=VERTEX_POINT('',#9082);
#2526=VERTEX_POINT('',#9084);
#2527=VERTEX_POINT('',#9086);
#2528=VERTEX_POINT('',#9088);
#2529=VERTEX_POINT('',#9094);
#2530=VERTEX_POINT('',#9098);
#2531=VERTEX_POINT('',#9100);
#2532=VERTEX_POINT('',#9102);
#2533=VERTEX_POINT('',#9104);
#2534=VERTEX_POINT('',#9106);
#2535=VERTEX_POINT('',#9108);
#2536=VERTEX_POINT('',#9119);
#2537=VERTEX_POINT('',#9121);
#2538=VERTEX_POINT('',#9125);
#2539=VERTEX_POINT('',#9153);
#2540=VERTEX_POINT('',#9155);
#2541=VERTEX_POINT('',#9183);
#2542=VERTEX_POINT('',#9185);
#2543=VERTEX_POINT('',#9213);
#2544=VERTEX_POINT('',#9215);
#2545=VERTEX_POINT('',#9243);
#2546=VERTEX_POINT('',#9245);
#2547=VERTEX_POINT('',#9277);
#2548=VERTEX_POINT('',#9279);
#2549=VERTEX_POINT('',#9281);
#2550=VERTEX_POINT('',#9283);
#2551=VERTEX_POINT('',#9285);
#2552=VERTEX_POINT('',#9287);
#2553=VERTEX_POINT('',#9289);
#2554=VERTEX_POINT('',#9291);
#2555=VERTEX_POINT('',#9295);
#2556=VERTEX_POINT('',#9297);
#2557=VERTEX_POINT('',#9299);
#2558=VERTEX_POINT('',#9301);
#2559=VERTEX_POINT('',#9303);
#2560=VERTEX_POINT('',#9305);
#2561=VERTEX_POINT('',#9307);
#2562=VERTEX_POINT('',#9309);
#2563=VERTEX_POINT('',#9313);
#2564=VERTEX_POINT('',#9315);
#2565=VERTEX_POINT('',#9317);
#2566=VERTEX_POINT('',#9319);
#2567=VERTEX_POINT('',#9321);
#2568=VERTEX_POINT('',#9323);
#2569=VERTEX_POINT('',#9325);
#2570=VERTEX_POINT('',#9327);
#2571=VERTEX_POINT('',#9331);
#2572=VERTEX_POINT('',#9356);
#2573=VERTEX_POINT('',#9369);
#2574=VERTEX_POINT('',#9371);
#2575=VERTEX_POINT('',#9399);
#2576=VERTEX_POINT('',#9401);
#2577=VERTEX_POINT('',#9429);
#2578=VERTEX_POINT('',#9431);
#2579=VERTEX_POINT('',#9459);
#2580=VERTEX_POINT('',#9489);
#2581=VERTEX_POINT('',#9490);
#2582=VERTEX_POINT('',#9495);
#2583=VERTEX_POINT('',#9497);
#2584=VERTEX_POINT('',#9499);
#2585=VERTEX_POINT('',#9501);
#2586=VERTEX_POINT('',#9503);
#2587=VERTEX_POINT('',#9505);
#2588=VERTEX_POINT('',#9507);
#2589=VERTEX_POINT('',#9509);
#2590=VERTEX_POINT('',#9513);
#2591=VERTEX_POINT('',#9515);
#2592=VERTEX_POINT('',#9517);
#2593=VERTEX_POINT('',#9519);
#2594=VERTEX_POINT('',#9521);
#2595=VERTEX_POINT('',#9523);
#2596=VERTEX_POINT('',#9525);
#2597=VERTEX_POINT('',#9527);
#2598=VERTEX_POINT('',#9531);
#2599=VERTEX_POINT('',#9533);
#2600=VERTEX_POINT('',#9535);
#2601=VERTEX_POINT('',#9537);
#2602=VERTEX_POINT('',#9539);
#2603=VERTEX_POINT('',#9541);
#2604=VERTEX_POINT('',#9543);
#2605=VERTEX_POINT('',#9545);
#2606=VERTEX_POINT('',#9549);
#2607=VERTEX_POINT('',#9553);
#2608=VERTEX_POINT('',#9555);
#2609=VERTEX_POINT('',#9557);
#2610=VERTEX_POINT('',#9566);
#2611=VERTEX_POINT('',#9570);
#2612=VERTEX_POINT('',#9583);
#2613=VERTEX_POINT('',#9585);
#2614=VERTEX_POINT('',#9587);
#2615=VERTEX_POINT('',#9589);
#2616=VERTEX_POINT('',#9591);
#2617=VERTEX_POINT('',#9593);
#2618=VERTEX_POINT('',#9599);
#2619=VERTEX_POINT('',#9606);
#2620=VERTEX_POINT('',#9608);
#2621=VERTEX_POINT('',#9610);
#2622=VERTEX_POINT('',#9612);
#2623=VERTEX_POINT('',#9614);
#2624=VERTEX_POINT('',#9616);
#2625=VERTEX_POINT('',#9618);
#2626=VERTEX_POINT('',#9629);
#2627=VERTEX_POINT('',#9648);
#2628=VERTEX_POINT('',#9656);
#2629=VERTEX_POINT('',#9661);
#2630=VERTEX_POINT('',#9669);
#2631=VERTEX_POINT('',#9683);
#2632=VERTEX_POINT('',#9687);
#2633=VERTEX_POINT('',#9691);
#2634=VERTEX_POINT('',#9696);
#2635=VERTEX_POINT('',#9701);
#2636=VERTEX_POINT('',#9703);
#2637=VERTEX_POINT('',#9712);
#2638=VERTEX_POINT('',#9721);
#2639=VERTEX_POINT('',#9727);
#2640=VERTEX_POINT('',#9733);
#2641=VERTEX_POINT('',#9739);
#2642=VERTEX_POINT('',#9745);
#2643=VERTEX_POINT('',#9751);
#2644=VERTEX_POINT('',#9757);
#2645=VERTEX_POINT('',#9763);
#2646=VERTEX_POINT('',#9769);
#2647=VERTEX_POINT('',#9775);
#2648=VERTEX_POINT('',#9781);
#2649=VERTEX_POINT('',#9787);
#2650=VERTEX_POINT('',#9793);
#2651=VERTEX_POINT('',#9799);
#2652=VERTEX_POINT('',#9805);
#2653=VERTEX_POINT('',#9811);
#2654=VERTEX_POINT('',#9818);
#2655=VERTEX_POINT('',#9890);
#2656=VERTEX_POINT('',#9894);
#2657=VERTEX_POINT('',#9897);
#2658=VERTEX_POINT('',#9901);
#2659=VERTEX_POINT('',#9904);
#2660=VERTEX_POINT('',#9908);
#2661=VERTEX_POINT('',#9911);
#2662=VERTEX_POINT('',#9915);
#2663=EDGE_CURVE('',#2165,#2165,#1858,.T.);
#2664=EDGE_CURVE('',#2165,#2166,#1036,.T.);
#2665=EDGE_CURVE('',#2167,#2166,#1859,.T.);
#2666=EDGE_CURVE('',#2168,#2167,#991,.T.);
#2667=EDGE_CURVE('',#2166,#2168,#1860,.T.);
#2668=EDGE_CURVE('',#2169,#2169,#1861,.T.);
#2669=EDGE_CURVE('',#2169,#2170,#1037,.T.);
#2670=EDGE_CURVE('',#2170,#2170,#1862,.T.);
#2671=EDGE_CURVE('',#2171,#2171,#1863,.T.);
#2672=EDGE_CURVE('',#2171,#2172,#1038,.T.);
#2673=EDGE_CURVE('',#2172,#2172,#1864,.T.);
#2674=EDGE_CURVE('',#2173,#2174,#1865,.T.);
#2675=EDGE_CURVE('',#2175,#2173,#1039,.T.);
#2676=EDGE_CURVE('',#2176,#2175,#1866,.T.);
#2677=EDGE_CURVE('',#2176,#2174,#1040,.T.);
#2678=EDGE_CURVE('',#2174,#2173,#1867,.T.);
#2679=EDGE_CURVE('',#2175,#2176,#1868,.T.);
#2680=EDGE_CURVE('',#2177,#2177,#1869,.T.);
#2681=EDGE_CURVE('',#2177,#2178,#1041,.T.);
#2682=EDGE_CURVE('',#2178,#2178,#1870,.T.);
#2683=EDGE_CURVE('',#2179,#2179,#1871,.T.);
#2684=EDGE_CURVE('',#2179,#2180,#1042,.T.);
#2685=EDGE_CURVE('',#2181,#2180,#1872,.T.);
#2686=EDGE_CURVE('',#2182,#2181,#992,.T.);
#2687=EDGE_CURVE('',#2180,#2182,#1873,.T.);
#2688=EDGE_CURVE('',#2183,#2183,#1874,.T.);
#2689=EDGE_CURVE('',#2183,#2184,#1043,.T.);
#2690=EDGE_CURVE('',#2184,#2184,#1875,.T.);
#2691=EDGE_CURVE('',#2185,#2185,#1876,.T.);
#2692=EDGE_CURVE('',#2185,#2186,#1044,.T.);
#2693=EDGE_CURVE('',#2186,#2186,#1877,.T.);
#2694=EDGE_CURVE('',#2187,#2188,#1878,.T.);
#2695=EDGE_CURVE('',#2189,#2187,#1879,.T.);
#2696=EDGE_CURVE('',#2188,#2189,#1880,.T.);
#2697=EDGE_CURVE('',#2189,#2190,#1045,.T.);
#2698=EDGE_CURVE('',#2191,#2190,#1881,.T.);
#2699=EDGE_CURVE('',#2192,#2191,#1046,.T.);
#2700=EDGE_CURVE('',#2193,#2192,#993,.T.);
#2701=EDGE_CURVE('',#2194,#2193,#1047,.T.);
#2702=EDGE_CURVE('',#2190,#2194,#1882,.T.);
#2703=EDGE_CURVE('',#2188,#2187,#1883,.T.);
#2704=EDGE_CURVE('',#2195,#2196,#994,.T.);
#2705=EDGE_CURVE('',#2197,#2195,#1048,.T.);
#2706=EDGE_CURVE('',#2198,#2197,#1884,.T.);
#2707=EDGE_CURVE('',#2198,#2196,#1049,.T.);
#2708=EDGE_CURVE('',#2196,#2195,#1050,.T.);
#2709=EDGE_CURVE('',#2197,#2198,#1051,.T.);
#2710=EDGE_CURVE('',#2199,#2199,#1885,.T.);
#2711=EDGE_CURVE('',#2199,#2200,#1052,.T.);
#2712=EDGE_CURVE('',#2201,#2200,#1886,.T.);
#2713=EDGE_CURVE('',#2202,#2201,#995,.T.);
#2714=EDGE_CURVE('',#2200,#2202,#1887,.T.);
#2715=EDGE_CURVE('',#2191,#2194,#1888,.T.);
#2716=EDGE_CURVE('',#2167,#2182,#1053,.T.);
#2717=EDGE_CURVE('',#2181,#2203,#1054,.T.);
#2718=EDGE_CURVE('',#2204,#2203,#996,.F.);
#2719=EDGE_CURVE('',#2204,#2202,#1055,.T.);
#2720=EDGE_CURVE('',#2201,#2205,#1056,.T.);
#2721=EDGE_CURVE('',#2206,#2205,#1889,.T.);
#2722=EDGE_CURVE('',#2207,#2206,#1057,.T.);
#2723=EDGE_CURVE('',#2208,#2207,#1890,.F.);
#2724=EDGE_CURVE('',#2208,#2209,#1058,.T.);
#2725=EDGE_CURVE('',#2209,#2210,#1891,.T.);
#2726=EDGE_CURVE('',#2211,#2210,#1059,.T.);
#2727=EDGE_CURVE('',#2212,#2211,#1892,.T.);
#2728=EDGE_CURVE('',#2212,#2213,#1060,.T.);
#2729=EDGE_CURVE('',#2214,#2213,#997,.F.);
#2730=EDGE_CURVE('',#2214,#2168,#1061,.T.);
#2731=EDGE_CURVE('',#2215,#2214,#1893,.T.);
#2732=EDGE_CURVE('',#2216,#2215,#1062,.T.);
#2733=EDGE_CURVE('',#2217,#2216,#1894,.T.);
#2734=EDGE_CURVE('',#2218,#2217,#1063,.T.);
#2735=EDGE_CURVE('',#2219,#2218,#1064,.T.);
#2736=EDGE_CURVE('',#2220,#2219,#1065,.T.);
#2737=EDGE_CURVE('',#2221,#2220,#1895,.T.);
#2738=EDGE_CURVE('',#2222,#2221,#1896,.T.);
#2739=EDGE_CURVE('',#2223,#2222,#1066,.T.);
#2740=EDGE_CURVE('',#2224,#2223,#998,.F.);
#2741=EDGE_CURVE('',#2224,#2225,#1897,.T.);
#2742=EDGE_CURVE('',#2226,#2225,#999,.F.);
#2743=EDGE_CURVE('',#2227,#2226,#1067,.T.);
#2744=EDGE_CURVE('',#2228,#2227,#1898,.T.);
#2745=EDGE_CURVE('',#2229,#2228,#1899,.T.);
#2746=EDGE_CURVE('',#2230,#2229,#1068,.T.);
#2747=EDGE_CURVE('',#2230,#2231,#1069,.T.);
#2748=EDGE_CURVE('',#2205,#2231,#1070,.T.);
#2749=EDGE_CURVE('',#2232,#2204,#1900,.T.);
#2750=EDGE_CURVE('',#2203,#2232,#1901,.T.);
#2751=EDGE_CURVE('',#2233,#2233,#1902,.T.);
#2752=EDGE_CURVE('',#2234,#2234,#1903,.T.);
#2753=EDGE_CURVE('',#2235,#2235,#1904,.T.);
#2754=EDGE_CURVE('',#2236,#2236,#1905,.T.);
#2755=EDGE_CURVE('',#2237,#2237,#1906,.T.);
#2756=EDGE_CURVE('',#2238,#2238,#1907,.T.);
#2757=EDGE_CURVE('',#2239,#2239,#1908,.T.);
#2758=EDGE_CURVE('',#2240,#2240,#1909,.T.);
#2759=EDGE_CURVE('',#2241,#2241,#1910,.T.);
#2760=EDGE_CURVE('',#2242,#2242,#1911,.T.);
#2761=EDGE_CURVE('',#2243,#2243,#1912,.T.);
#2762=EDGE_CURVE('',#2244,#2244,#1913,.T.);
#2763=EDGE_CURVE('',#2245,#2245,#1914,.T.);
#2764=EDGE_CURVE('',#2246,#2246,#1915,.T.);
#2765=EDGE_CURVE('',#2247,#2247,#1916,.T.);
#2766=EDGE_CURVE('',#2248,#2248,#1917,.T.);
#2767=EDGE_CURVE('',#2249,#2249,#1918,.T.);
#2768=EDGE_CURVE('',#2250,#2250,#1919,.T.);
#2769=EDGE_CURVE('',#2251,#2251,#1920,.T.);
#2770=EDGE_CURVE('',#2251,#2252,#1071,.T.);
#2771=EDGE_CURVE('',#2252,#2252,#1921,.T.);
#2772=EDGE_CURVE('',#2253,#2254,#1072,.T.);
#2773=EDGE_CURVE('',#2253,#2255,#1073,.T.);
#2774=EDGE_CURVE('',#2256,#2255,#1074,.T.);
#2775=EDGE_CURVE('',#2257,#2256,#1075,.T.);
#2776=EDGE_CURVE('',#2258,#2257,#1076,.T.);
#2777=EDGE_CURVE('',#2259,#2258,#1077,.T.);
#2778=EDGE_CURVE('',#2260,#2259,#1078,.T.);
#2779=EDGE_CURVE('',#2260,#2261,#1079,.T.);
#2780=EDGE_CURVE('',#2262,#2261,#1080,.T.);
#2781=EDGE_CURVE('',#2263,#2262,#1081,.T.);
#2782=EDGE_CURVE('',#2264,#2263,#1082,.T.);
#2783=EDGE_CURVE('',#2265,#2264,#1083,.T.);
#2784=EDGE_CURVE('',#2266,#2265,#1084,.T.);
#2785=EDGE_CURVE('',#2266,#2267,#1085,.T.);
#2786=EDGE_CURVE('',#2268,#2267,#1086,.T.);
#2787=EDGE_CURVE('',#2254,#2268,#1087,.T.);
#2788=EDGE_CURVE('',#2269,#2269,#1922,.T.);
#2789=EDGE_CURVE('',#2270,#2270,#1923,.T.);
#2790=EDGE_CURVE('',#2271,#2272,#1924,.T.);
#2791=EDGE_CURVE('',#2273,#2271,#1088,.T.);
#2792=EDGE_CURVE('',#2274,#2273,#1925,.T.);
#2793=EDGE_CURVE('',#2275,#2274,#1926,.T.);
#2794=EDGE_CURVE('',#2276,#2275,#1927,.T.);
#2795=EDGE_CURVE('',#2276,#2272,#1928,.T.);
#2796=EDGE_CURVE('',#2277,#2278,#1929,.T.);
#2797=EDGE_CURVE('',#2277,#2279,#1930,.T.);
#2798=EDGE_CURVE('',#2279,#2280,#1931,.T.);
#2799=EDGE_CURVE('',#2278,#2280,#1932,.T.);
#2800=EDGE_CURVE('',#2281,#2281,#1933,.T.);
#2801=EDGE_CURVE('',#2282,#2283,#1934,.T.);
#2802=EDGE_CURVE('',#2284,#2282,#1935,.T.);
#2803=EDGE_CURVE('',#2285,#2284,#1936,.T.);
#2804=EDGE_CURVE('',#2286,#2285,#1937,.T.);
#2805=EDGE_CURVE('',#2287,#2286,#1938,.T.);
#2806=EDGE_CURVE('',#2287,#2288,#1939,.T.);
#2807=EDGE_CURVE('',#2288,#2283,#1940,.T.);
#2808=EDGE_CURVE('',#2289,#2289,#1941,.T.);
#2809=EDGE_CURVE('',#2290,#2290,#1942,.T.);
#2810=EDGE_CURVE('',#2291,#2291,#1943,.T.);
#2811=EDGE_CURVE('',#2292,#2292,#1944,.T.);
#2812=EDGE_CURVE('',#2293,#2293,#1945,.T.);
#2813=EDGE_CURVE('',#2294,#2294,#1946,.T.);
#2814=EDGE_CURVE('',#2295,#2295,#1947,.T.);
#2815=EDGE_CURVE('',#2296,#2296,#1948,.T.);
#2816=EDGE_CURVE('',#2297,#2297,#1949,.T.);
#2817=EDGE_CURVE('',#2298,#2298,#1950,.T.);
#2818=EDGE_CURVE('',#2299,#2299,#1951,.T.);
#2819=EDGE_CURVE('',#2300,#2300,#1952,.T.);
#2820=EDGE_CURVE('',#2301,#2301,#1953,.T.);
#2821=EDGE_CURVE('',#2302,#2302,#1954,.T.);
#2822=EDGE_CURVE('',#2303,#2303,#1955,.T.);
#2823=EDGE_CURVE('',#2304,#2304,#1956,.T.);
#2824=EDGE_CURVE('',#2305,#2306,#1957,.T.);
#2825=EDGE_CURVE('',#2305,#2307,#1958,.T.);
#2826=EDGE_CURVE('',#2306,#2307,#1959,.T.);
#2827=EDGE_CURVE('',#2308,#2308,#1960,.T.);
#2828=EDGE_CURVE('',#2309,#2309,#1961,.T.);
#2829=EDGE_CURVE('',#2310,#2310,#1962,.T.);
#2830=EDGE_CURVE('',#2311,#2311,#1963,.T.);
#2831=EDGE_CURVE('',#2312,#2312,#1964,.T.);
#2832=EDGE_CURVE('',#2313,#2314,#1089,.T.);
#2833=EDGE_CURVE('',#2314,#2313,#1965,.T.);
#2834=EDGE_CURVE('',#2315,#2175,#1966,.T.);
#2835=EDGE_CURVE('',#2316,#2315,#1967,.T.);
#2836=EDGE_CURVE('',#2317,#2316,#1968,.T.);
#2837=EDGE_CURVE('',#2318,#2317,#1969,.T.);
#2838=EDGE_CURVE('',#2318,#2319,#1970,.T.);
#2839=EDGE_CURVE('',#2320,#2319,#1971,.T.);
#2840=EDGE_CURVE('',#2176,#2320,#1972,.T.);
#2841=EDGE_CURVE('',#2321,#2321,#1973,.T.);
#2842=EDGE_CURVE('',#2322,#2322,#1974,.T.);
#2843=EDGE_CURVE('',#2323,#2323,#1975,.T.);
#2844=EDGE_CURVE('',#2324,#2324,#1976,.T.);
#2845=EDGE_CURVE('',#2325,#2325,#1977,.T.);
#2846=EDGE_CURVE('',#2326,#2326,#1978,.T.);
#2847=EDGE_CURVE('',#2326,#2252,#1090,.T.);
#2848=EDGE_CURVE('',#2325,#2327,#1091,.T.);
#2849=EDGE_CURVE('',#2327,#2327,#1979,.T.);
#2850=EDGE_CURVE('',#2328,#2328,#1980,.T.);
#2851=EDGE_CURVE('',#2328,#2327,#1092,.T.);
#2852=EDGE_CURVE('',#2329,#2329,#1981,.T.);
#2853=EDGE_CURVE('',#2329,#2330,#1093,.T.);
#2854=EDGE_CURVE('',#2330,#2330,#1982,.T.);
#2855=EDGE_CURVE('',#2331,#2331,#1983,.T.);
#2856=EDGE_CURVE('',#2331,#2332,#1094,.T.);
#2857=EDGE_CURVE('',#2332,#2332,#1984,.T.);
#2858=EDGE_CURVE('',#2305,#2333,#1000,.T.);
#2859=EDGE_CURVE('',#2306,#2334,#1095,.T.);
#2860=EDGE_CURVE('',#2334,#2334,#1985,.T.);
#2861=EDGE_CURVE('',#2333,#2307,#1001,.T.);
#2862=EDGE_CURVE('',#2335,#2335,#1986,.T.);
#2863=EDGE_CURVE('',#2335,#2334,#1096,.T.);
#2864=EDGE_CURVE('',#2336,#2336,#1987,.T.);
#2865=EDGE_CURVE('',#2336,#2337,#1988,.T.);
#2866=EDGE_CURVE('',#2337,#2337,#1989,.T.);
#2867=EDGE_CURVE('',#2337,#2338,#1097,.T.);
#2868=EDGE_CURVE('',#2338,#2338,#1990,.T.);
#2869=EDGE_CURVE('',#2339,#2339,#1991,.T.);
#2870=EDGE_CURVE('',#2340,#2340,#1992,.T.);
#2871=EDGE_CURVE('',#2340,#2341,#1993,.T.);
#2872=EDGE_CURVE('',#2341,#2341,#1994,.T.);
#2873=EDGE_CURVE('',#2341,#2342,#1098,.T.);
#2874=EDGE_CURVE('',#2342,#2342,#1995,.T.);
#2875=EDGE_CURVE('',#2343,#2343,#1996,.T.);
#2876=EDGE_CURVE('',#2343,#2344,#1997,.T.);
#2877=EDGE_CURVE('',#2344,#2344,#1998,.T.);
#2878=EDGE_CURVE('',#2344,#2345,#1099,.T.);
#2879=EDGE_CURVE('',#2345,#2345,#1999,.T.);
#2880=EDGE_CURVE('',#2346,#2346,#2000,.T.);
#2881=EDGE_CURVE('',#2347,#2347,#2001,.T.);
#2882=EDGE_CURVE('',#2347,#2348,#2002,.T.);
#2883=EDGE_CURVE('',#2348,#2348,#2003,.T.);
#2884=EDGE_CURVE('',#2348,#2349,#1100,.T.);
#2885=EDGE_CURVE('',#2349,#2349,#2004,.T.);
#2886=EDGE_CURVE('',#2350,#2350,#2005,.T.);
#2887=EDGE_CURVE('',#2351,#2351,#2006,.T.);
#2888=EDGE_CURVE('',#2351,#2352,#2007,.T.);
#2889=EDGE_CURVE('',#2352,#2352,#2008,.T.);
#2890=EDGE_CURVE('',#2352,#2353,#1101,.T.);
#2891=EDGE_CURVE('',#2353,#2353,#2009,.T.);
#2892=EDGE_CURVE('',#2354,#2354,#2010,.T.);
#2893=EDGE_CURVE('',#2355,#2355,#2011,.T.);
#2894=EDGE_CURVE('',#2355,#2356,#2012,.T.);
#2895=EDGE_CURVE('',#2356,#2356,#2013,.T.);
#2896=EDGE_CURVE('',#2356,#2357,#1102,.T.);
#2897=EDGE_CURVE('',#2357,#2357,#2014,.T.);
#2898=EDGE_CURVE('',#2358,#2358,#2015,.T.);
#2899=EDGE_CURVE('',#2359,#2359,#2016,.T.);
#2900=EDGE_CURVE('',#2359,#2360,#2017,.T.);
#2901=EDGE_CURVE('',#2360,#2361,#2018,.T.);
#2902=EDGE_CURVE('',#2361,#2360,#2019,.T.);
#2903=EDGE_CURVE('',#2362,#2363,#1103,.T.);
#2904=EDGE_CURVE('',#2363,#2362,#2020,.T.);
#2905=EDGE_CURVE('',#2361,#2364,#1104,.T.);
#2906=EDGE_CURVE('',#2364,#2364,#2021,.T.);
#2907=EDGE_CURVE('',#2365,#2365,#2022,.T.);
#2908=EDGE_CURVE('',#2365,#2366,#2023,.T.);
#2909=EDGE_CURVE('',#2366,#2367,#2024,.T.);
#2910=EDGE_CURVE('',#2367,#2366,#2025,.T.);
#2911=EDGE_CURVE('',#2368,#2369,#1105,.T.);
#2912=EDGE_CURVE('',#2369,#2368,#2026,.T.);
#2913=EDGE_CURVE('',#2367,#2370,#1106,.T.);
#2914=EDGE_CURVE('',#2370,#2370,#2027,.T.);
#2915=EDGE_CURVE('',#2371,#2371,#2028,.T.);
#2916=EDGE_CURVE('',#2371,#2372,#2029,.T.);
#2917=EDGE_CURVE('',#2372,#2372,#2030,.T.);
#2918=EDGE_CURVE('',#2372,#2373,#1107,.T.);
#2919=EDGE_CURVE('',#2373,#2373,#2031,.T.);
#2920=EDGE_CURVE('',#2374,#2374,#2032,.T.);
#2921=EDGE_CURVE('',#2375,#2375,#2033,.T.);
#2922=EDGE_CURVE('',#2375,#2376,#2034,.T.);
#2923=EDGE_CURVE('',#2376,#2376,#2035,.T.);
#2924=EDGE_CURVE('',#2377,#2377,#2036,.T.);
#2925=EDGE_CURVE('',#2376,#2378,#1108,.T.);
#2926=EDGE_CURVE('',#2378,#2187,#2037,.T.);
#2927=EDGE_CURVE('',#2188,#2378,#2038,.T.);
#2928=EDGE_CURVE('',#2379,#2379,#2039,.T.);
#2929=EDGE_CURVE('',#2379,#2380,#2040,.T.);
#2930=EDGE_CURVE('',#2380,#2380,#2041,.T.);
#2931=EDGE_CURVE('',#2380,#2381,#1109,.T.);
#2932=EDGE_CURVE('',#2381,#2381,#2042,.T.);
#2933=EDGE_CURVE('',#2382,#2382,#2043,.T.);
#2934=EDGE_CURVE('',#2383,#2383,#2044,.T.);
#2935=EDGE_CURVE('',#2324,#2384,#1110,.T.);
#2936=EDGE_CURVE('',#2384,#2384,#2045,.T.);
#2937=EDGE_CURVE('',#2323,#2385,#1111,.T.);
#2938=EDGE_CURVE('',#2385,#2385,#2046,.T.);
#2939=EDGE_CURVE('',#2386,#2387,#1112,.T.);
#2940=EDGE_CURVE('',#2387,#2264,#1113,.T.);
#2941=EDGE_CURVE('',#2263,#2386,#1114,.T.);
#2942=EDGE_CURVE('',#2387,#2388,#1115,.T.);
#2943=EDGE_CURVE('',#2388,#2265,#1116,.T.);
#2944=EDGE_CURVE('',#2389,#2390,#1117,.T.);
#2945=EDGE_CURVE('',#2390,#2268,#1118,.T.);
#2946=EDGE_CURVE('',#2267,#2389,#1119,.T.);
#2947=EDGE_CURVE('',#2391,#2262,#1120,.T.);
#2948=EDGE_CURVE('',#2392,#2391,#1121,.T.);
#2949=EDGE_CURVE('',#2393,#2392,#1122,.T.);
#2950=EDGE_CURVE('',#2257,#2393,#1123,.T.);
#2951=EDGE_CURVE('',#2256,#2394,#1124,.T.);
#2952=EDGE_CURVE('',#2394,#2395,#1125,.T.);
#2953=EDGE_CURVE('',#2395,#2396,#1126,.T.);
#2954=EDGE_CURVE('',#2396,#2219,#2047,.T.);
#2955=EDGE_CURVE('',#2218,#2397,#2048,.T.);
#2956=EDGE_CURVE('',#2397,#2398,#1127,.T.);
#2957=EDGE_CURVE('',#2398,#2399,#1128,.T.);
#2958=EDGE_CURVE('',#2399,#2254,#1129,.T.);
#2959=EDGE_CURVE('',#2400,#2390,#1130,.T.);
#2960=EDGE_CURVE('',#2386,#2400,#1131,.T.);
#2961=EDGE_CURVE('',#2401,#2391,#1132,.T.);
#2962=EDGE_CURVE('',#2261,#2401,#1133,.T.);
#2963=EDGE_CURVE('',#2393,#2402,#1134,.T.);
#2964=EDGE_CURVE('',#2402,#2258,#1135,.T.);
#2965=EDGE_CURVE('',#2402,#2403,#1136,.T.);
#2966=EDGE_CURVE('',#2403,#2259,#1137,.T.);
#2967=EDGE_CURVE('',#2392,#2404,#1138,.T.);
#2968=EDGE_CURVE('',#2404,#2403,#1139,.T.);
#2969=EDGE_CURVE('',#2400,#2405,#1140,.T.);
#2970=EDGE_CURVE('',#2405,#2388,#1141,.T.);
#2971=EDGE_CURVE('',#2406,#2266,#1142,.T.);
#2972=EDGE_CURVE('',#2389,#2406,#1143,.T.);
#2973=EDGE_CURVE('',#2405,#2406,#1144,.T.);
#2974=EDGE_CURVE('',#2407,#2260,#1145,.T.);
#2975=EDGE_CURVE('',#2401,#2407,#1146,.T.);
#2976=EDGE_CURVE('',#2404,#2407,#1147,.T.);
#2977=EDGE_CURVE('',#2276,#2408,#1002,.T.);
#2978=EDGE_CURVE('',#2275,#2409,#1148,.T.);
#2979=EDGE_CURVE('',#2409,#2409,#2049,.T.);
#2980=EDGE_CURVE('',#2410,#2274,#1003,.T.);
#2981=EDGE_CURVE('',#2271,#2410,#20,.T.);
#2982=EDGE_CURVE('',#2408,#2272,#1004,.T.);
#2983=EDGE_CURVE('',#2411,#2410,#21,.T.);
#2984=EDGE_CURVE('',#2363,#2411,#1149,.T.);
#2985=EDGE_CURVE('',#2412,#2362,#1150,.T.);
#2986=EDGE_CURVE('',#2273,#2412,#22,.T.);
#2987=EDGE_CURVE('',#2412,#2411,#2050,.T.);
#2988=EDGE_CURVE('',#2382,#2409,#1151,.T.);
#2989=EDGE_CURVE('',#2322,#2413,#1152,.T.);
#2990=EDGE_CURVE('',#2413,#2414,#2051,.T.);
#2991=EDGE_CURVE('',#2414,#2413,#2052,.T.);
#2992=EDGE_CURVE('',#2377,#2414,#1153,.T.);
#2993=EDGE_CURVE('',#2277,#2280,#1005,.T.);
#2994=EDGE_CURVE('',#2278,#2415,#1154,.T.);
#2995=EDGE_CURVE('',#2415,#2415,#2053,.T.);
#2996=EDGE_CURVE('',#2339,#2415,#1155,.T.);
#2997=EDGE_CURVE('',#2287,#2283,#1006,.T.);
#2998=EDGE_CURVE('',#2286,#2416,#1156,.T.);
#2999=EDGE_CURVE('',#2416,#2416,#2054,.T.);
#3000=EDGE_CURVE('',#2282,#2285,#1007,.T.);
#3001=EDGE_CURVE('',#2284,#2417,#1157,.T.);
#3002=EDGE_CURVE('',#2417,#2417,#2055,.T.);
#3003=EDGE_CURVE('',#2418,#2418,#2056,.T.);
#3004=EDGE_CURVE('',#2418,#2416,#1158,.T.);
#3005=EDGE_CURVE('',#2281,#2419,#1159,.T.);
#3006=EDGE_CURVE('',#2419,#2419,#2057,.T.);
#3007=EDGE_CURVE('',#2346,#2419,#1160,.T.);
#3008=EDGE_CURVE('',#2321,#2420,#1161,.T.);
#3009=EDGE_CURVE('',#2420,#2420,#2058,.T.);
#3010=EDGE_CURVE('',#2350,#2420,#1162,.T.);
#3011=EDGE_CURVE('',#2354,#2417,#1163,.T.);
#3012=EDGE_CURVE('',#2318,#2421,#1008,.T.);
#3013=EDGE_CURVE('',#2317,#2422,#1164,.T.);
#3014=EDGE_CURVE('',#2422,#2422,#2059,.T.);
#3015=EDGE_CURVE('',#2320,#2316,#1009,.T.);
#3016=EDGE_CURVE('',#2421,#2319,#1010,.T.);
#3017=EDGE_CURVE('',#2315,#2423,#1165,.T.);
#3018=EDGE_CURVE('',#2423,#2423,#2060,.T.);
#3019=EDGE_CURVE('',#2358,#2422,#1166,.T.);
#3020=EDGE_CURVE('',#2289,#2424,#1167,.T.);
#3021=EDGE_CURVE('',#2424,#2424,#2061,.T.);
#3022=EDGE_CURVE('',#2374,#2424,#1168,.T.);
#3023=EDGE_CURVE('',#2425,#2425,#2062,.T.);
#3024=EDGE_CURVE('',#2425,#2423,#1169,.T.);
#3025=EDGE_CURVE('',#2313,#2426,#23,.T.);
#3026=EDGE_CURVE('',#2426,#2427,#2063,.T.);
#3027=EDGE_CURVE('',#2427,#2314,#24,.T.);
#3028=EDGE_CURVE('',#2426,#2368,#1170,.T.);
#3029=EDGE_CURVE('',#2369,#2427,#1171,.T.);
#3030=EDGE_CURVE('',#2428,#2429,#2064,.T.);
#3031=EDGE_CURVE('',#2428,#2430,#1011,.T.);
#3032=EDGE_CURVE('',#2430,#2431,#2065,.T.);
#3033=EDGE_CURVE('',#2431,#2429,#1012,.T.);
#3034=EDGE_CURVE('',#2429,#2432,#1013,.T.);
#3035=EDGE_CURVE('',#2432,#2428,#1014,.T.);
#3036=EDGE_CURVE('',#2432,#2433,#2066,.T.);
#3037=EDGE_CURVE('',#2433,#2434,#2067,.T.);
#3038=EDGE_CURVE('',#2434,#2430,#2068,.T.);
#3039=EDGE_CURVE('',#2435,#2436,#2069,.T.);
#3040=EDGE_CURVE('',#2436,#2434,#1172,.T.);
#3041=EDGE_CURVE('',#2433,#2435,#1173,.T.);
#3042=EDGE_CURVE('',#2223,#2437,#1015,.T.);
#3043=EDGE_CURVE('',#2437,#2438,#2070,.T.);
#3044=EDGE_CURVE('',#2438,#2224,#1016,.T.);
#3045=EDGE_CURVE('',#2429,#2438,#1174,.T.);
#3046=EDGE_CURVE('',#2437,#2432,#1175,.T.);
#3047=EDGE_CURVE('',#2435,#2395,#1176,.T.);
#3048=EDGE_CURVE('',#2439,#2394,#1177,.T.);
#3049=EDGE_CURVE('',#2439,#2436,#1178,.T.);
#3050=EDGE_CURVE('',#2396,#2437,#1179,.T.);
#3051=EDGE_CURVE('',#2220,#2222,#1017,.F.);
#3052=EDGE_CURVE('',#2225,#2440,#1018,.T.);
#3053=EDGE_CURVE('',#2440,#2441,#2071,.T.);
#3054=EDGE_CURVE('',#2441,#2226,#1019,.T.);
#3055=EDGE_CURVE('',#2442,#2443,#2072,.T.);
#3056=EDGE_CURVE('',#2443,#2441,#1180,.T.);
#3057=EDGE_CURVE('',#2440,#2442,#1181,.T.);
#3058=EDGE_CURVE('',#2442,#2444,#2073,.T.);
#3059=EDGE_CURVE('',#2445,#2444,#2074,.T.);
#3060=EDGE_CURVE('',#2445,#2446,#1182,.T.);
#3061=EDGE_CURVE('',#2446,#2447,#1183,.T.);
#3062=EDGE_CURVE('',#2447,#2448,#1184,.T.);
#3063=EDGE_CURVE('',#2448,#2443,#1185,.T.);
#3064=EDGE_CURVE('',#2449,#2449,#2075,.T.);
#3065=EDGE_CURVE('',#2450,#2431,#1020,.T.);
#3066=EDGE_CURVE('',#2444,#2450,#1186,.T.);
#3067=EDGE_CURVE('',#2450,#2451,#2076,.T.);
#3068=EDGE_CURVE('',#2451,#2445,#1187,.T.);
#3069=EDGE_CURVE('',#2430,#2451,#1021,.T.);
#3070=EDGE_CURVE('',#2452,#2434,#1188,.T.);
#3071=EDGE_CURVE('',#2453,#2452,#2077,.T.);
#3072=EDGE_CURVE('',#2453,#2451,#1189,.T.);
#3073=EDGE_CURVE('',#2250,#2310,#1190,.T.);
#3074=EDGE_CURVE('',#2255,#2454,#1191,.T.);
#3075=EDGE_CURVE('',#2455,#2253,#1192,.T.);
#3076=EDGE_CURVE('',#2454,#2455,#1193,.T.);
#3077=EDGE_CURVE('',#2456,#2399,#1194,.T.);
#3078=EDGE_CURVE('',#2456,#2457,#1195,.T.);
#3079=EDGE_CURVE('',#2457,#2458,#2078,.T.);
#3080=EDGE_CURVE('',#2458,#2459,#1196,.T.);
#3081=EDGE_CURVE('',#2460,#2459,#1197,.T.);
#3082=EDGE_CURVE('',#2460,#2461,#1198,.T.);
#3083=EDGE_CURVE('',#2461,#2462,#2079,.T.);
#3084=EDGE_CURVE('',#2462,#2463,#1199,.T.);
#3085=EDGE_CURVE('',#2464,#2463,#1200,.T.);
#3086=EDGE_CURVE('',#2464,#2465,#1201,.T.);
#3087=EDGE_CURVE('',#2465,#2466,#2080,.T.);
#3088=EDGE_CURVE('',#2466,#2467,#1202,.T.);
#3089=EDGE_CURVE('',#2468,#2467,#1203,.T.);
#3090=EDGE_CURVE('',#2468,#2469,#1204,.T.);
#3091=EDGE_CURVE('',#2469,#2470,#2081,.T.);
#3092=EDGE_CURVE('',#2470,#2471,#1205,.T.);
#3093=EDGE_CURVE('',#2472,#2471,#1206,.T.);
#3094=EDGE_CURVE('',#2472,#2473,#1207,.T.);
#3095=EDGE_CURVE('',#2473,#2474,#2082,.T.);
#3096=EDGE_CURVE('',#2474,#2475,#1208,.T.);
#3097=EDGE_CURVE('',#2476,#2475,#1209,.T.);
#3098=EDGE_CURVE('',#2476,#2477,#1210,.T.);
#3099=EDGE_CURVE('',#2477,#2478,#2083,.T.);
#3100=EDGE_CURVE('',#2478,#2479,#1211,.T.);
#3101=EDGE_CURVE('',#2480,#2479,#1212,.T.);
#3102=EDGE_CURVE('',#2480,#2481,#1213,.T.);
#3103=EDGE_CURVE('',#2481,#2482,#2084,.T.);
#3104=EDGE_CURVE('',#2482,#2483,#1214,.T.);
#3105=EDGE_CURVE('',#2484,#2483,#1215,.T.);
#3106=EDGE_CURVE('',#2484,#2485,#1216,.T.);
#3107=EDGE_CURVE('',#2485,#2486,#2085,.T.);
#3108=EDGE_CURVE('',#2486,#2487,#1217,.T.);
#3109=EDGE_CURVE('',#2488,#2487,#1218,.T.);
#3110=EDGE_CURVE('',#2488,#2489,#1219,.T.);
#3111=EDGE_CURVE('',#2489,#2490,#2086,.T.);
#3112=EDGE_CURVE('',#2490,#2491,#1220,.T.);
#3113=EDGE_CURVE('',#2492,#2491,#1221,.T.);
#3114=EDGE_CURVE('',#2492,#2493,#1222,.T.);
#3115=EDGE_CURVE('',#2493,#2210,#2087,.T.);
#3116=EDGE_CURVE('',#2209,#2494,#1223,.T.);
#3117=EDGE_CURVE('',#2494,#2455,#1224,.T.);
#3118=EDGE_CURVE('',#2495,#2454,#1225,.T.);
#3119=EDGE_CURVE('',#2495,#2208,#1226,.T.);
#3120=EDGE_CURVE('',#2207,#2496,#2088,.T.);
#3121=EDGE_CURVE('',#2496,#2497,#1227,.T.);
#3122=EDGE_CURVE('',#2498,#2497,#1228,.T.);
#3123=EDGE_CURVE('',#2498,#2499,#1229,.T.);
#3124=EDGE_CURVE('',#2499,#2500,#2089,.T.);
#3125=EDGE_CURVE('',#2500,#2501,#1230,.T.);
#3126=EDGE_CURVE('',#2502,#2501,#1231,.T.);
#3127=EDGE_CURVE('',#2502,#2503,#1232,.T.);
#3128=EDGE_CURVE('',#2503,#2504,#2090,.T.);
#3129=EDGE_CURVE('',#2504,#2505,#1233,.T.);
#3130=EDGE_CURVE('',#2506,#2505,#1234,.T.);
#3131=EDGE_CURVE('',#2506,#2507,#1235,.T.);
#3132=EDGE_CURVE('',#2507,#2508,#2091,.T.);
#3133=EDGE_CURVE('',#2508,#2509,#1236,.T.);
#3134=EDGE_CURVE('',#2510,#2509,#1237,.T.);
#3135=EDGE_CURVE('',#2510,#2511,#1238,.T.);
#3136=EDGE_CURVE('',#2511,#2512,#2092,.T.);
#3137=EDGE_CURVE('',#2512,#2513,#1239,.T.);
#3138=EDGE_CURVE('',#2514,#2513,#1240,.T.);
#3139=EDGE_CURVE('',#2514,#2515,#1241,.T.);
#3140=EDGE_CURVE('',#2515,#2516,#2093,.T.);
#3141=EDGE_CURVE('',#2516,#2517,#1242,.T.);
#3142=EDGE_CURVE('',#2518,#2517,#1243,.T.);
#3143=EDGE_CURVE('',#2518,#2519,#1244,.T.);
#3144=EDGE_CURVE('',#2519,#2520,#2094,.T.);
#3145=EDGE_CURVE('',#2520,#2521,#1245,.T.);
#3146=EDGE_CURVE('',#2522,#2521,#1246,.T.);
#3147=EDGE_CURVE('',#2522,#2523,#1247,.T.);
#3148=EDGE_CURVE('',#2523,#2524,#2095,.T.);
#3149=EDGE_CURVE('',#2524,#2525,#1248,.T.);
#3150=EDGE_CURVE('',#2526,#2525,#1249,.T.);
#3151=EDGE_CURVE('',#2526,#2527,#1250,.T.);
#3152=EDGE_CURVE('',#2527,#2528,#2096,.T.);
#3153=EDGE_CURVE('',#2528,#2447,#1251,.T.);
#3154=EDGE_CURVE('',#2446,#2453,#1252,.T.);
#3155=EDGE_CURVE('',#2452,#2439,#1253,.T.);
#3156=EDGE_CURVE('',#2398,#2529,#1254,.T.);
#3157=EDGE_CURVE('',#2529,#2456,#1255,.T.);
#3158=EDGE_CURVE('',#2530,#2397,#1256,.T.);
#3159=EDGE_CURVE('',#2530,#2531,#2097,.T.);
#3160=EDGE_CURVE('',#2531,#2532,#1257,.T.);
#3161=EDGE_CURVE('',#2533,#2532,#1258,.T.);
#3162=EDGE_CURVE('',#2533,#2534,#1259,.T.);
#3163=EDGE_CURVE('',#2534,#2535,#2098,.T.);
#3164=EDGE_CURVE('',#2535,#2529,#1260,.T.);
#3165=EDGE_CURVE('',#2233,#2312,#1261,.T.);
#3166=EDGE_CURVE('',#2234,#2311,#1262,.T.);
#3167=EDGE_CURVE('',#2448,#2536,#1263,.T.);
#3168=EDGE_CURVE('',#2536,#2537,#2099,.T.);
#3169=EDGE_CURVE('',#2441,#2537,#1264,.T.);
#3170=EDGE_CURVE('',#2538,#2537,#1022,.F.);
#3171=EDGE_CURVE('',#2538,#2539,#1265,.T.);
#3172=EDGE_CURVE('',#2540,#2539,#1023,.F.);
#3173=EDGE_CURVE('',#2540,#2541,#1266,.T.);
#3174=EDGE_CURVE('',#2542,#2541,#1024,.F.);
#3175=EDGE_CURVE('',#2542,#2543,#1267,.T.);
#3176=EDGE_CURVE('',#2544,#2543,#1025,.F.);
#3177=EDGE_CURVE('',#2544,#2545,#1268,.T.);
#3178=EDGE_CURVE('',#2545,#2546,#1026,.T.);
#3179=EDGE_CURVE('',#2230,#2546,#2100,.F.);
#3180=EDGE_CURVE('',#2227,#2229,#1027,.F.);
#3181=EDGE_CURVE('',#2544,#2547,#2101,.T.);
#3182=EDGE_CURVE('',#2547,#2548,#1269,.T.);
#3183=EDGE_CURVE('',#2549,#2548,#1270,.T.);
#3184=EDGE_CURVE('',#2550,#2549,#1271,.T.);
#3185=EDGE_CURVE('',#2550,#2551,#2102,.T.);
#3186=EDGE_CURVE('',#2551,#2552,#1272,.T.);
#3187=EDGE_CURVE('',#2553,#2552,#1273,.T.);
#3188=EDGE_CURVE('',#2553,#2554,#1274,.T.);
#3189=EDGE_CURVE('',#2554,#2545,#2103,.T.);
#3190=EDGE_CURVE('',#2542,#2555,#2104,.T.);
#3191=EDGE_CURVE('',#2555,#2556,#1275,.T.);
#3192=EDGE_CURVE('',#2557,#2556,#1276,.T.);
#3193=EDGE_CURVE('',#2558,#2557,#1277,.T.);
#3194=EDGE_CURVE('',#2558,#2559,#2105,.T.);
#3195=EDGE_CURVE('',#2559,#2560,#1278,.T.);
#3196=EDGE_CURVE('',#2561,#2560,#1279,.T.);
#3197=EDGE_CURVE('',#2562,#2561,#1280,.T.);
#3198=EDGE_CURVE('',#2562,#2543,#2106,.T.);
#3199=EDGE_CURVE('',#2540,#2563,#2107,.T.);
#3200=EDGE_CURVE('',#2563,#2564,#1281,.T.);
#3201=EDGE_CURVE('',#2565,#2564,#1282,.T.);
#3202=EDGE_CURVE('',#2566,#2565,#1283,.T.);
#3203=EDGE_CURVE('',#2566,#2567,#2108,.T.);
#3204=EDGE_CURVE('',#2567,#2568,#1284,.T.);
#3205=EDGE_CURVE('',#2569,#2568,#1285,.T.);
#3206=EDGE_CURVE('',#2570,#2569,#1286,.T.);
#3207=EDGE_CURVE('',#2570,#2541,#2109,.T.);
#3208=EDGE_CURVE('',#2571,#2217,#1028,.F.);
#3209=EDGE_CURVE('',#2216,#2571,#1029,.F.);
#3210=EDGE_CURVE('',#2215,#2572,#1030,.T.);
#3211=EDGE_CURVE('',#2572,#2573,#1287,.T.);
#3212=EDGE_CURVE('',#2574,#2573,#1031,.F.);
#3213=EDGE_CURVE('',#2574,#2575,#1288,.T.);
#3214=EDGE_CURVE('',#2576,#2575,#1032,.F.);
#3215=EDGE_CURVE('',#2576,#2577,#1289,.T.);
#3216=EDGE_CURVE('',#2578,#2577,#1033,.F.);
#3217=EDGE_CURVE('',#2578,#2579,#1290,.T.);
#3218=EDGE_CURVE('',#2530,#2579,#1034,.F.);
#3219=EDGE_CURVE('',#2580,#2581,#1291,.T.);
#3220=EDGE_CURVE('',#2213,#2580,#2110,.T.);
#3221=EDGE_CURVE('',#2581,#2212,#1292,.T.);
#3222=EDGE_CURVE('',#2578,#2582,#2111,.T.);
#3223=EDGE_CURVE('',#2582,#2583,#1293,.T.);
#3224=EDGE_CURVE('',#2584,#2583,#1294,.T.);
#3225=EDGE_CURVE('',#2584,#2585,#1295,.T.);
#3226=EDGE_CURVE('',#2585,#2586,#2112,.T.);
#3227=EDGE_CURVE('',#2586,#2587,#1296,.T.);
#3228=EDGE_CURVE('',#2588,#2587,#1297,.T.);
#3229=EDGE_CURVE('',#2588,#2589,#1298,.T.);
#3230=EDGE_CURVE('',#2589,#2579,#2113,.T.);
#3231=EDGE_CURVE('',#2576,#2590,#2114,.T.);
#3232=EDGE_CURVE('',#2590,#2591,#1299,.T.);
#3233=EDGE_CURVE('',#2592,#2591,#1300,.T.);
#3234=EDGE_CURVE('',#2592,#2593,#1301,.T.);
#3235=EDGE_CURVE('',#2593,#2594,#2115,.T.);
#3236=EDGE_CURVE('',#2594,#2595,#1302,.T.);
#3237=EDGE_CURVE('',#2596,#2595,#1303,.T.);
#3238=EDGE_CURVE('',#2596,#2597,#1304,.T.);
#3239=EDGE_CURVE('',#2597,#2577,#2116,.T.);
#3240=EDGE_CURVE('',#2574,#2598,#2117,.T.);
#3241=EDGE_CURVE('',#2598,#2599,#1305,.T.);
#3242=EDGE_CURVE('',#2600,#2599,#1306,.T.);
#3243=EDGE_CURVE('',#2600,#2601,#1307,.T.);
#3244=EDGE_CURVE('',#2601,#2602,#2118,.T.);
#3245=EDGE_CURVE('',#2602,#2603,#1308,.T.);
#3246=EDGE_CURVE('',#2604,#2603,#1309,.T.);
#3247=EDGE_CURVE('',#2604,#2605,#1310,.T.);
#3248=EDGE_CURVE('',#2605,#2575,#2119,.T.);
#3249=EDGE_CURVE('',#2211,#2606,#2120,.T.);
#3250=EDGE_CURVE('',#2606,#2581,#1311,.T.);
#3251=EDGE_CURVE('',#2607,#2493,#1312,.T.);
#3252=EDGE_CURVE('',#2608,#2607,#2121,.T.);
#3253=EDGE_CURVE('',#2608,#2609,#1035,.T.);
#3254=EDGE_CURVE('',#2606,#2609,#1313,.T.);
#3255=EDGE_CURVE('',#2536,#2528,#1314,.T.);
#3256=EDGE_CURVE('',#2610,#2527,#1315,.T.);
#3257=EDGE_CURVE('',#2538,#2610,#2122,.T.);
#3258=EDGE_CURVE('',#2610,#2611,#1316,.T.);
#3259=EDGE_CURVE('',#2611,#2526,#1317,.T.);
#3260=EDGE_CURVE('',#2463,#2588,#1318,.T.);
#3261=EDGE_CURVE('',#2462,#2589,#1319,.T.);
#3262=EDGE_CURVE('',#2461,#2531,#1320,.T.);
#3263=EDGE_CURVE('',#2532,#2460,#1321,.T.);
#3264=EDGE_CURVE('',#2587,#2464,#1322,.T.);
#3265=EDGE_CURVE('',#2612,#2611,#1323,.T.);
#3266=EDGE_CURVE('',#2613,#2612,#1324,.T.);
#3267=EDGE_CURVE('',#2613,#2614,#2123,.T.);
#3268=EDGE_CURVE('',#2614,#2615,#1325,.T.);
#3269=EDGE_CURVE('',#2616,#2615,#1326,.T.);
#3270=EDGE_CURVE('',#2617,#2616,#1327,.T.);
#3271=EDGE_CURVE('',#2617,#2539,#2124,.T.);
#3272=EDGE_CURVE('',#2525,#2612,#1328,.T.);
#3273=EDGE_CURVE('',#2572,#2618,#25,.T.);
#3274=EDGE_CURVE('',#2618,#2608,#26,.T.);
#3275=EDGE_CURVE('',#2607,#2619,#1329,.T.);
#3276=EDGE_CURVE('',#2620,#2619,#1330,.T.);
#3277=EDGE_CURVE('',#2620,#2621,#1331,.T.);
#3278=EDGE_CURVE('',#2621,#2622,#2125,.T.);
#3279=EDGE_CURVE('',#2622,#2623,#1332,.T.);
#3280=EDGE_CURVE('',#2624,#2623,#1333,.T.);
#3281=EDGE_CURVE('',#2624,#2625,#1334,.T.);
#3282=EDGE_CURVE('',#2625,#2573,#2126,.T.);
#3283=EDGE_CURVE('',#2494,#2495,#1335,.T.);
#3284=EDGE_CURVE('',#2483,#2600,#1336,.T.);
#3285=EDGE_CURVE('',#2599,#2484,#1337,.T.);
#3286=EDGE_CURVE('',#2619,#2492,#1338,.T.);
#3287=EDGE_CURVE('',#2491,#2620,#1339,.T.);
#3288=EDGE_CURVE('',#2626,#2626,#2127,.T.);
#3289=EDGE_CURVE('',#2548,#2502,#1340,.T.);
#3290=EDGE_CURVE('',#2501,#2549,#1341,.T.);
#3291=EDGE_CURVE('',#2509,#2557,#1342,.T.);
#3292=EDGE_CURVE('',#2556,#2510,#1343,.T.);
#3293=EDGE_CURVE('',#2564,#2518,#1344,.T.);
#3294=EDGE_CURVE('',#2517,#2565,#1345,.T.);
#3295=EDGE_CURVE('',#2471,#2596,#1346,.T.);
#3296=EDGE_CURVE('',#2595,#2472,#1347,.T.);
#3297=EDGE_CURVE('',#2615,#2522,#1348,.T.);
#3298=EDGE_CURVE('',#2521,#2616,#1349,.T.);
#3299=EDGE_CURVE('',#2459,#2533,#1350,.T.);
#3300=EDGE_CURVE('',#2627,#2627,#2128,.T.);
#3301=EDGE_CURVE('',#2467,#2584,#1351,.T.);
#3302=EDGE_CURVE('',#2583,#2468,#1352,.T.);
#3303=EDGE_CURVE('',#2591,#2476,#1353,.T.);
#3304=EDGE_CURVE('',#2475,#2592,#1354,.T.);
#3305=EDGE_CURVE('',#2628,#2628,#2129,.T.);
#3306=EDGE_CURVE('',#2513,#2569,#1355,.T.);
#3307=EDGE_CURVE('',#2568,#2514,#1356,.T.);
#3308=EDGE_CURVE('',#2629,#2629,#2130,.T.);
#3309=EDGE_CURVE('',#2560,#2506,#1357,.T.);
#3310=EDGE_CURVE('',#2505,#2561,#1358,.T.);
#3311=EDGE_CURVE('',#2497,#2553,#1359,.T.);
#3312=EDGE_CURVE('',#2552,#2498,#1360,.T.);
#3313=EDGE_CURVE('',#2630,#2630,#2131,.T.);
#3314=EDGE_CURVE('',#2487,#2624,#1361,.T.);
#3315=EDGE_CURVE('',#2623,#2488,#1362,.T.);
#3316=EDGE_CURVE('',#2603,#2480,#1363,.T.);
#3317=EDGE_CURVE('',#2479,#2604,#1364,.T.);
#3318=EDGE_CURVE('',#2631,#2631,#2132,.T.);
#3319=EDGE_CURVE('',#2631,#2449,#1365,.T.);
#3320=EDGE_CURVE('',#2632,#2632,#2133,.T.);
#3321=EDGE_CURVE('',#2632,#2627,#1366,.T.);
#3322=EDGE_CURVE('',#2309,#2633,#1367,.T.);
#3323=EDGE_CURVE('',#2633,#2633,#2134,.T.);
#3324=EDGE_CURVE('',#2308,#2634,#1368,.T.);
#3325=EDGE_CURVE('',#2634,#2634,#2135,.T.);
#3326=EDGE_CURVE('',#2635,#2635,#2136,.T.);
#3327=EDGE_CURVE('',#2635,#2636,#1369,.T.);
#3328=EDGE_CURVE('',#2636,#2636,#2137,.T.);
#3329=EDGE_CURVE('',#2637,#2637,#2138,.T.);
#3330=EDGE_CURVE('',#2637,#2618,#1370,.T.);
#3331=EDGE_CURVE('',#2609,#2580,#27,.T.);
#3332=EDGE_CURVE('',#2637,#2383,#1371,.T.);
#3333=EDGE_CURVE('',#2638,#2638,#2139,.T.);
#3334=EDGE_CURVE('',#2638,#2232,#1372,.T.);
#3335=EDGE_CURVE('',#2638,#2293,#1373,.T.);
#3336=EDGE_CURVE('',#2639,#2639,#2140,.T.);
#3337=EDGE_CURVE('',#2639,#2249,#1374,.T.);
#3338=EDGE_CURVE('',#2639,#2294,#1375,.T.);
#3339=EDGE_CURVE('',#2640,#2640,#2141,.T.);
#3340=EDGE_CURVE('',#2640,#2235,#1376,.T.);
#3341=EDGE_CURVE('',#2640,#2302,#1377,.T.);
#3342=EDGE_CURVE('',#2641,#2641,#2142,.T.);
#3343=EDGE_CURVE('',#2641,#2248,#1378,.T.);
#3344=EDGE_CURVE('',#2641,#2301,#1379,.T.);
#3345=EDGE_CURVE('',#2642,#2642,#2143,.T.);
#3346=EDGE_CURVE('',#2642,#2236,#1380,.T.);
#3347=EDGE_CURVE('',#2642,#2292,#1381,.T.);
#3348=EDGE_CURVE('',#2643,#2643,#2144,.T.);
#3349=EDGE_CURVE('',#2643,#2247,#1382,.T.);
#3350=EDGE_CURVE('',#2643,#2288,#1383,.T.);
#3351=EDGE_CURVE('',#2644,#2644,#2145,.T.);
#3352=EDGE_CURVE('',#2644,#2237,#1384,.T.);
#3353=EDGE_CURVE('',#2644,#2295,#1385,.T.);
#3354=EDGE_CURVE('',#2645,#2645,#2146,.T.);
#3355=EDGE_CURVE('',#2645,#2246,#1386,.T.);
#3356=EDGE_CURVE('',#2645,#2300,#1387,.T.);
#3357=EDGE_CURVE('',#2646,#2646,#2147,.T.);
#3358=EDGE_CURVE('',#2646,#2238,#1388,.T.);
#3359=EDGE_CURVE('',#2646,#2296,#1389,.T.);
#3360=EDGE_CURVE('',#2647,#2647,#2148,.T.);
#3361=EDGE_CURVE('',#2647,#2245,#1390,.T.);
#3362=EDGE_CURVE('',#2647,#2290,#1391,.T.);
#3363=EDGE_CURVE('',#2648,#2648,#2149,.T.);
#3364=EDGE_CURVE('',#2648,#2239,#1392,.T.);
#3365=EDGE_CURVE('',#2648,#2299,#1393,.T.);
#3366=EDGE_CURVE('',#2649,#2649,#2150,.T.);
#3367=EDGE_CURVE('',#2649,#2244,#1394,.T.);
#3368=EDGE_CURVE('',#2649,#2421,#1395,.T.);
#3369=EDGE_CURVE('',#2650,#2650,#2151,.T.);
#3370=EDGE_CURVE('',#2650,#2240,#1396,.T.);
#3371=EDGE_CURVE('',#2650,#2297,#1397,.T.);
#3372=EDGE_CURVE('',#2651,#2651,#2152,.T.);
#3373=EDGE_CURVE('',#2651,#2243,#1398,.T.);
#3374=EDGE_CURVE('',#2651,#2298,#1399,.T.);
#3375=EDGE_CURVE('',#2192,#2652,#2153,.T.);
#3376=EDGE_CURVE('',#2652,#2241,#1400,.T.);
#3377=EDGE_CURVE('',#2652,#2193,#2154,.T.);
#3378=EDGE_CURVE('',#2653,#2653,#2155,.T.);
#3379=EDGE_CURVE('',#2653,#2242,#1401,.T.);
#3380=EDGE_CURVE('',#2653,#2408,#1402,.T.);
#3381=EDGE_CURVE('',#2546,#2654,#1403,.T.);
#3382=EDGE_CURVE('',#2654,#2231,#1404,.T.);
#3383=EDGE_CURVE('',#2585,#2466,#1405,.T.);
#3384=EDGE_CURVE('',#2523,#2614,#1406,.T.);
#3385=EDGE_CURVE('',#2586,#2465,#1407,.T.);
#3386=EDGE_CURVE('',#2524,#2613,#1408,.T.);
#3387=EDGE_CURVE('',#2601,#2482,#1409,.T.);
#3388=EDGE_CURVE('',#2507,#2559,#1410,.T.);
#3389=EDGE_CURVE('',#2602,#2481,#1411,.T.);
#3390=EDGE_CURVE('',#2508,#2558,#1412,.T.);
#3391=EDGE_CURVE('',#2496,#2554,#1413,.T.);
#3392=EDGE_CURVE('',#2605,#2478,#1414,.T.);
#3393=EDGE_CURVE('',#2511,#2555,#1415,.T.);
#3394=EDGE_CURVE('',#2590,#2477,#1416,.T.);
#3395=EDGE_CURVE('',#2512,#2570,#1417,.T.);
#3396=EDGE_CURVE('',#2597,#2470,#1418,.T.);
#3397=EDGE_CURVE('',#2519,#2563,#1419,.T.);
#3398=EDGE_CURVE('',#2582,#2469,#1420,.T.);
#3399=EDGE_CURVE('',#2520,#2617,#1421,.T.);
#3400=EDGE_CURVE('',#2625,#2486,#1422,.T.);
#3401=EDGE_CURVE('',#2503,#2547,#1423,.T.);
#3402=EDGE_CURVE('',#2598,#2485,#1424,.T.);
#3403=EDGE_CURVE('',#2504,#2562,#1425,.T.);
#3404=EDGE_CURVE('',#2621,#2490,#1426,.T.);
#3405=EDGE_CURVE('',#2499,#2551,#1427,.T.);
#3406=EDGE_CURVE('',#2622,#2489,#1428,.T.);
#3407=EDGE_CURVE('',#2500,#2550,#1429,.T.);
#3408=EDGE_CURVE('',#2593,#2474,#1430,.T.);
#3409=EDGE_CURVE('',#2515,#2567,#1431,.T.);
#3410=EDGE_CURVE('',#2594,#2473,#1432,.T.);
#3411=EDGE_CURVE('',#2516,#2566,#1433,.T.);
#3412=EDGE_CURVE('',#2534,#2458,#1434,.T.);
#3413=EDGE_CURVE('',#2535,#2457,#1435,.T.);
#3414=EDGE_CURVE('',#2654,#2206,#2156,.T.);
#3415=EDGE_CURVE('',#2270,#2655,#1436,.T.);
#3416=EDGE_CURVE('',#2655,#2655,#2157,.T.);
#3417=EDGE_CURVE('',#2656,#2656,#2158,.T.);
#3418=EDGE_CURVE('',#2333,#2657,#1437,.T.);
#3419=EDGE_CURVE('',#2657,#2657,#2159,.T.);
#3420=EDGE_CURVE('',#2658,#2658,#2160,.T.);
#3421=EDGE_CURVE('',#2304,#2659,#1438,.T.);
#3422=EDGE_CURVE('',#2659,#2659,#2161,.T.);
#3423=EDGE_CURVE('',#2660,#2660,#2162,.T.);
#3424=EDGE_CURVE('',#2279,#2661,#1439,.T.);
#3425=EDGE_CURVE('',#2661,#2661,#2163,.T.);
#3426=EDGE_CURVE('',#2662,#2662,#2164,.T.);
#3427=EDGE_CURVE('',#2228,#2291,#1440,.T.);
#3428=EDGE_CURVE('',#2571,#2269,#1441,.T.);
#3429=EDGE_CURVE('',#2221,#2303,#1442,.T.);
#3430=EDGE_CURVE('',#2662,#2630,#1443,.T.);
#3431=EDGE_CURVE('',#2660,#2629,#1444,.T.);
#3432=EDGE_CURVE('',#2656,#2628,#1445,.T.);
#3433=EDGE_CURVE('',#2658,#2626,#1446,.T.);
#3434=ORIENTED_EDGE('',*,*,#2663,.F.);
#3435=ORIENTED_EDGE('',*,*,#2664,.T.);
#3436=ORIENTED_EDGE('',*,*,#2665,.F.);
#3437=ORIENTED_EDGE('',*,*,#2666,.F.);
#3438=ORIENTED_EDGE('',*,*,#2667,.F.);
#3439=ORIENTED_EDGE('',*,*,#2664,.F.);
#3440=ORIENTED_EDGE('',*,*,#2668,.F.);
#3441=ORIENTED_EDGE('',*,*,#2669,.T.);
#3442=ORIENTED_EDGE('',*,*,#2670,.F.);
#3443=ORIENTED_EDGE('',*,*,#2669,.F.);
#3444=ORIENTED_EDGE('',*,*,#2671,.F.);
#3445=ORIENTED_EDGE('',*,*,#2672,.T.);
#3446=ORIENTED_EDGE('',*,*,#2673,.F.);
#3447=ORIENTED_EDGE('',*,*,#2672,.F.);
#3448=ORIENTED_EDGE('',*,*,#2674,.F.);
#3449=ORIENTED_EDGE('',*,*,#2675,.F.);
#3450=ORIENTED_EDGE('',*,*,#2676,.F.);
#3451=ORIENTED_EDGE('',*,*,#2677,.T.);
#3452=ORIENTED_EDGE('',*,*,#2678,.F.);
#3453=ORIENTED_EDGE('',*,*,#2677,.F.);
#3454=ORIENTED_EDGE('',*,*,#2679,.F.);
#3455=ORIENTED_EDGE('',*,*,#2675,.T.);
#3456=ORIENTED_EDGE('',*,*,#2680,.F.);
#3457=ORIENTED_EDGE('',*,*,#2681,.T.);
#3458=ORIENTED_EDGE('',*,*,#2682,.F.);
#3459=ORIENTED_EDGE('',*,*,#2681,.F.);
#3460=ORIENTED_EDGE('',*,*,#2683,.F.);
#3461=ORIENTED_EDGE('',*,*,#2684,.T.);
#3462=ORIENTED_EDGE('',*,*,#2685,.F.);
#3463=ORIENTED_EDGE('',*,*,#2686,.F.);
#3464=ORIENTED_EDGE('',*,*,#2687,.F.);
#3465=ORIENTED_EDGE('',*,*,#2684,.F.);
#3466=ORIENTED_EDGE('',*,*,#2688,.F.);
#3467=ORIENTED_EDGE('',*,*,#2689,.T.);
#3468=ORIENTED_EDGE('',*,*,#2690,.F.);
#3469=ORIENTED_EDGE('',*,*,#2689,.F.);
#3470=ORIENTED_EDGE('',*,*,#2691,.F.);
#3471=ORIENTED_EDGE('',*,*,#2692,.T.);
#3472=ORIENTED_EDGE('',*,*,#2693,.F.);
#3473=ORIENTED_EDGE('',*,*,#2692,.F.);
#3474=ORIENTED_EDGE('',*,*,#2694,.F.);
#3475=ORIENTED_EDGE('',*,*,#2695,.F.);
#3476=ORIENTED_EDGE('',*,*,#2696,.F.);
#3477=ORIENTED_EDGE('',*,*,#2696,.T.);
#3478=ORIENTED_EDGE('',*,*,#2697,.T.);
#3479=ORIENTED_EDGE('',*,*,#2698,.F.);
#3480=ORIENTED_EDGE('',*,*,#2699,.F.);
#3481=ORIENTED_EDGE('',*,*,#2700,.F.);
#3482=ORIENTED_EDGE('',*,*,#2701,.F.);
#3483=ORIENTED_EDGE('',*,*,#2702,.F.);
#3484=ORIENTED_EDGE('',*,*,#2697,.F.);
#3485=ORIENTED_EDGE('',*,*,#2695,.T.);
#3486=ORIENTED_EDGE('',*,*,#2703,.F.);
#3487=ORIENTED_EDGE('',*,*,#2704,.F.);
#3488=ORIENTED_EDGE('',*,*,#2705,.F.);
#3489=ORIENTED_EDGE('',*,*,#2706,.F.);
#3490=ORIENTED_EDGE('',*,*,#2707,.T.);
#3491=ORIENTED_EDGE('',*,*,#2708,.F.);
#3492=ORIENTED_EDGE('',*,*,#2707,.F.);
#3493=ORIENTED_EDGE('',*,*,#2709,.F.);
#3494=ORIENTED_EDGE('',*,*,#2705,.T.);
#3495=ORIENTED_EDGE('',*,*,#2710,.F.);
#3496=ORIENTED_EDGE('',*,*,#2711,.T.);
#3497=ORIENTED_EDGE('',*,*,#2712,.F.);
#3498=ORIENTED_EDGE('',*,*,#2713,.F.);
#3499=ORIENTED_EDGE('',*,*,#2714,.F.);
#3500=ORIENTED_EDGE('',*,*,#2711,.F.);
#3501=ORIENTED_EDGE('',*,*,#2698,.T.);
#3502=ORIENTED_EDGE('',*,*,#2702,.T.);
#3503=ORIENTED_EDGE('',*,*,#2715,.F.);
#3504=ORIENTED_EDGE('',*,*,#2666,.T.);
#3505=ORIENTED_EDGE('',*,*,#2716,.T.);
#3506=ORIENTED_EDGE('',*,*,#2686,.T.);
#3507=ORIENTED_EDGE('',*,*,#2717,.T.);
#3508=ORIENTED_EDGE('',*,*,#2718,.F.);
#3509=ORIENTED_EDGE('',*,*,#2719,.T.);
#3510=ORIENTED_EDGE('',*,*,#2713,.T.);
#3511=ORIENTED_EDGE('',*,*,#2720,.T.);
#3512=ORIENTED_EDGE('',*,*,#2721,.F.);
#3513=ORIENTED_EDGE('',*,*,#2722,.F.);
#3514=ORIENTED_EDGE('',*,*,#2723,.F.);
#3515=ORIENTED_EDGE('',*,*,#2724,.T.);
#3516=ORIENTED_EDGE('',*,*,#2725,.T.);
#3517=ORIENTED_EDGE('',*,*,#2726,.F.);
#3518=ORIENTED_EDGE('',*,*,#2727,.F.);
#3519=ORIENTED_EDGE('',*,*,#2728,.T.);
#3520=ORIENTED_EDGE('',*,*,#2729,.F.);
#3521=ORIENTED_EDGE('',*,*,#2730,.T.);
#3522=ORIENTED_EDGE('',*,*,#2665,.T.);
#3523=ORIENTED_EDGE('',*,*,#2667,.T.);
#3524=ORIENTED_EDGE('',*,*,#2730,.F.);
#3525=ORIENTED_EDGE('',*,*,#2731,.F.);
#3526=ORIENTED_EDGE('',*,*,#2732,.F.);
#3527=ORIENTED_EDGE('',*,*,#2733,.F.);
#3528=ORIENTED_EDGE('',*,*,#2734,.F.);
#3529=ORIENTED_EDGE('',*,*,#2735,.F.);
#3530=ORIENTED_EDGE('',*,*,#2736,.F.);
#3531=ORIENTED_EDGE('',*,*,#2737,.F.);
#3532=ORIENTED_EDGE('',*,*,#2738,.F.);
#3533=ORIENTED_EDGE('',*,*,#2739,.F.);
#3534=ORIENTED_EDGE('',*,*,#2740,.F.);
#3535=ORIENTED_EDGE('',*,*,#2741,.T.);
#3536=ORIENTED_EDGE('',*,*,#2742,.F.);
#3537=ORIENTED_EDGE('',*,*,#2743,.F.);
#3538=ORIENTED_EDGE('',*,*,#2744,.F.);
#3539=ORIENTED_EDGE('',*,*,#2745,.F.);
#3540=ORIENTED_EDGE('',*,*,#2746,.F.);
#3541=ORIENTED_EDGE('',*,*,#2747,.T.);
#3542=ORIENTED_EDGE('',*,*,#2748,.F.);
#3543=ORIENTED_EDGE('',*,*,#2720,.F.);
#3544=ORIENTED_EDGE('',*,*,#2712,.T.);
#3545=ORIENTED_EDGE('',*,*,#2714,.T.);
#3546=ORIENTED_EDGE('',*,*,#2719,.F.);
#3547=ORIENTED_EDGE('',*,*,#2749,.F.);
#3548=ORIENTED_EDGE('',*,*,#2750,.F.);
#3549=ORIENTED_EDGE('',*,*,#2717,.F.);
#3550=ORIENTED_EDGE('',*,*,#2685,.T.);
#3551=ORIENTED_EDGE('',*,*,#2687,.T.);
#3552=ORIENTED_EDGE('',*,*,#2716,.F.);
#3553=ORIENTED_EDGE('',*,*,#2751,.T.);
#3554=ORIENTED_EDGE('',*,*,#2752,.T.);
#3555=ORIENTED_EDGE('',*,*,#2753,.F.);
#3556=ORIENTED_EDGE('',*,*,#2754,.F.);
#3557=ORIENTED_EDGE('',*,*,#2755,.F.);
#3558=ORIENTED_EDGE('',*,*,#2756,.F.);
#3559=ORIENTED_EDGE('',*,*,#2757,.F.);
#3560=ORIENTED_EDGE('',*,*,#2758,.F.);
#3561=ORIENTED_EDGE('',*,*,#2759,.F.);
#3562=ORIENTED_EDGE('',*,*,#2760,.F.);
#3563=ORIENTED_EDGE('',*,*,#2761,.F.);
#3564=ORIENTED_EDGE('',*,*,#2762,.F.);
#3565=ORIENTED_EDGE('',*,*,#2763,.F.);
#3566=ORIENTED_EDGE('',*,*,#2764,.F.);
#3567=ORIENTED_EDGE('',*,*,#2765,.F.);
#3568=ORIENTED_EDGE('',*,*,#2766,.F.);
#3569=ORIENTED_EDGE('',*,*,#2767,.F.);
#3570=ORIENTED_EDGE('',*,*,#2768,.T.);
#3571=ORIENTED_EDGE('',*,*,#2693,.T.);
#3572=ORIENTED_EDGE('',*,*,#2690,.T.);
#3573=ORIENTED_EDGE('',*,*,#2682,.T.);
#3574=ORIENTED_EDGE('',*,*,#2678,.T.);
#3575=ORIENTED_EDGE('',*,*,#2674,.T.);
#3576=ORIENTED_EDGE('',*,*,#2673,.T.);
#3577=ORIENTED_EDGE('',*,*,#2670,.T.);
#3578=ORIENTED_EDGE('',*,*,#2769,.T.);
#3579=ORIENTED_EDGE('',*,*,#2770,.T.);
#3580=ORIENTED_EDGE('',*,*,#2771,.T.);
#3581=ORIENTED_EDGE('',*,*,#2770,.F.);
#3582=ORIENTED_EDGE('',*,*,#2772,.F.);
#3583=ORIENTED_EDGE('',*,*,#2773,.T.);
#3584=ORIENTED_EDGE('',*,*,#2774,.F.);
#3585=ORIENTED_EDGE('',*,*,#2775,.F.);
#3586=ORIENTED_EDGE('',*,*,#2776,.F.);
#3587=ORIENTED_EDGE('',*,*,#2777,.F.);
#3588=ORIENTED_EDGE('',*,*,#2778,.F.);
#3589=ORIENTED_EDGE('',*,*,#2779,.T.);
#3590=ORIENTED_EDGE('',*,*,#2780,.F.);
#3591=ORIENTED_EDGE('',*,*,#2781,.F.);
#3592=ORIENTED_EDGE('',*,*,#2782,.F.);
#3593=ORIENTED_EDGE('',*,*,#2783,.F.);
#3594=ORIENTED_EDGE('',*,*,#2784,.F.);
#3595=ORIENTED_EDGE('',*,*,#2785,.T.);
#3596=ORIENTED_EDGE('',*,*,#2786,.F.);
#3597=ORIENTED_EDGE('',*,*,#2787,.F.);
#3598=ORIENTED_EDGE('',*,*,#2769,.F.);
#3599=ORIENTED_EDGE('',*,*,#2788,.T.);
#3600=ORIENTED_EDGE('',*,*,#2789,.T.);
#3601=ORIENTED_EDGE('',*,*,#2790,.F.);
#3602=ORIENTED_EDGE('',*,*,#2791,.F.);
#3603=ORIENTED_EDGE('',*,*,#2792,.F.);
#3604=ORIENTED_EDGE('',*,*,#2793,.F.);
#3605=ORIENTED_EDGE('',*,*,#2794,.F.);
#3606=ORIENTED_EDGE('',*,*,#2795,.T.);
#3607=ORIENTED_EDGE('',*,*,#2796,.F.);
#3608=ORIENTED_EDGE('',*,*,#2797,.T.);
#3609=ORIENTED_EDGE('',*,*,#2798,.T.);
#3610=ORIENTED_EDGE('',*,*,#2799,.F.);
#3611=ORIENTED_EDGE('',*,*,#2800,.F.);
#3612=ORIENTED_EDGE('',*,*,#2801,.F.);
#3613=ORIENTED_EDGE('',*,*,#2802,.F.);
#3614=ORIENTED_EDGE('',*,*,#2803,.F.);
#3615=ORIENTED_EDGE('',*,*,#2804,.F.);
#3616=ORIENTED_EDGE('',*,*,#2805,.F.);
#3617=ORIENTED_EDGE('',*,*,#2806,.T.);
#3618=ORIENTED_EDGE('',*,*,#2807,.T.);
#3619=ORIENTED_EDGE('',*,*,#2808,.F.);
#3620=ORIENTED_EDGE('',*,*,#2809,.T.);
#3621=ORIENTED_EDGE('',*,*,#2810,.T.);
#3622=ORIENTED_EDGE('',*,*,#2811,.T.);
#3623=ORIENTED_EDGE('',*,*,#2812,.T.);
#3624=ORIENTED_EDGE('',*,*,#2813,.T.);
#3625=ORIENTED_EDGE('',*,*,#2814,.T.);
#3626=ORIENTED_EDGE('',*,*,#2815,.T.);
#3627=ORIENTED_EDGE('',*,*,#2816,.T.);
#3628=ORIENTED_EDGE('',*,*,#2817,.T.);
#3629=ORIENTED_EDGE('',*,*,#2818,.T.);
#3630=ORIENTED_EDGE('',*,*,#2819,.T.);
#3631=ORIENTED_EDGE('',*,*,#2820,.T.);
#3632=ORIENTED_EDGE('',*,*,#2821,.T.);
#3633=ORIENTED_EDGE('',*,*,#2822,.T.);
#3634=ORIENTED_EDGE('',*,*,#2823,.T.);
#3635=ORIENTED_EDGE('',*,*,#2824,.F.);
#3636=ORIENTED_EDGE('',*,*,#2825,.T.);
#3637=ORIENTED_EDGE('',*,*,#2826,.F.);
#3638=ORIENTED_EDGE('',*,*,#2827,.T.);
#3639=ORIENTED_EDGE('',*,*,#2828,.T.);
#3640=ORIENTED_EDGE('',*,*,#2829,.T.);
#3641=ORIENTED_EDGE('',*,*,#2830,.T.);
#3642=ORIENTED_EDGE('',*,*,#2831,.T.);
#3643=ORIENTED_EDGE('',*,*,#2832,.F.);
#3644=ORIENTED_EDGE('',*,*,#2833,.F.);
#3645=ORIENTED_EDGE('',*,*,#2676,.T.);
#3646=ORIENTED_EDGE('',*,*,#2834,.F.);
#3647=ORIENTED_EDGE('',*,*,#2835,.F.);
#3648=ORIENTED_EDGE('',*,*,#2836,.F.);
#3649=ORIENTED_EDGE('',*,*,#2837,.F.);
#3650=ORIENTED_EDGE('',*,*,#2838,.T.);
#3651=ORIENTED_EDGE('',*,*,#2839,.F.);
#3652=ORIENTED_EDGE('',*,*,#2840,.F.);
#3653=ORIENTED_EDGE('',*,*,#2841,.F.);
#3654=ORIENTED_EDGE('',*,*,#2842,.F.);
#3655=ORIENTED_EDGE('',*,*,#2843,.T.);
#3656=ORIENTED_EDGE('',*,*,#2844,.T.);
#3657=ORIENTED_EDGE('',*,*,#2845,.F.);
#3658=ORIENTED_EDGE('',*,*,#2710,.T.);
#3659=ORIENTED_EDGE('',*,*,#2709,.T.);
#3660=ORIENTED_EDGE('',*,*,#2706,.T.);
#3661=ORIENTED_EDGE('',*,*,#2691,.T.);
#3662=ORIENTED_EDGE('',*,*,#2688,.T.);
#3663=ORIENTED_EDGE('',*,*,#2683,.T.);
#3664=ORIENTED_EDGE('',*,*,#2680,.T.);
#3665=ORIENTED_EDGE('',*,*,#2671,.T.);
#3666=ORIENTED_EDGE('',*,*,#2668,.T.);
#3667=ORIENTED_EDGE('',*,*,#2663,.T.);
#3668=ORIENTED_EDGE('',*,*,#2846,.F.);
#3669=ORIENTED_EDGE('',*,*,#2847,.T.);
#3670=ORIENTED_EDGE('',*,*,#2771,.F.);
#3671=ORIENTED_EDGE('',*,*,#2847,.F.);
#3672=ORIENTED_EDGE('',*,*,#2845,.T.);
#3673=ORIENTED_EDGE('',*,*,#2848,.T.);
#3674=ORIENTED_EDGE('',*,*,#2849,.T.);
#3675=ORIENTED_EDGE('',*,*,#2848,.F.);
#3676=ORIENTED_EDGE('',*,*,#2850,.F.);
#3677=ORIENTED_EDGE('',*,*,#2851,.T.);
#3678=ORIENTED_EDGE('',*,*,#2849,.F.);
#3679=ORIENTED_EDGE('',*,*,#2851,.F.);
#3680=ORIENTED_EDGE('',*,*,#2852,.F.);
#3681=ORIENTED_EDGE('',*,*,#2853,.T.);
#3682=ORIENTED_EDGE('',*,*,#2854,.F.);
#3683=ORIENTED_EDGE('',*,*,#2853,.F.);
#3684=ORIENTED_EDGE('',*,*,#2846,.T.);
#3685=ORIENTED_EDGE('',*,*,#2852,.T.);
#3686=ORIENTED_EDGE('',*,*,#2854,.T.);
#3687=ORIENTED_EDGE('',*,*,#2855,.F.);
#3688=ORIENTED_EDGE('',*,*,#2856,.T.);
#3689=ORIENTED_EDGE('',*,*,#2857,.F.);
#3690=ORIENTED_EDGE('',*,*,#2856,.F.);
#3691=ORIENTED_EDGE('',*,*,#2850,.T.);
#3692=ORIENTED_EDGE('',*,*,#2855,.T.);
#3693=ORIENTED_EDGE('',*,*,#2857,.T.);
#3694=ORIENTED_EDGE('',*,*,#2858,.F.);
#3695=ORIENTED_EDGE('',*,*,#2824,.T.);
#3696=ORIENTED_EDGE('',*,*,#2859,.T.);
#3697=ORIENTED_EDGE('',*,*,#2860,.T.);
#3698=ORIENTED_EDGE('',*,*,#2859,.F.);
#3699=ORIENTED_EDGE('',*,*,#2826,.T.);
#3700=ORIENTED_EDGE('',*,*,#2861,.F.);
#3701=ORIENTED_EDGE('',*,*,#2862,.F.);
#3702=ORIENTED_EDGE('',*,*,#2863,.T.);
#3703=ORIENTED_EDGE('',*,*,#2860,.F.);
#3704=ORIENTED_EDGE('',*,*,#2863,.F.);
#3705=ORIENTED_EDGE('',*,*,#2864,.T.);
#3706=ORIENTED_EDGE('',*,*,#2865,.T.);
#3707=ORIENTED_EDGE('',*,*,#2866,.T.);
#3708=ORIENTED_EDGE('',*,*,#2865,.F.);
#3709=ORIENTED_EDGE('',*,*,#2866,.F.);
#3710=ORIENTED_EDGE('',*,*,#2867,.T.);
#3711=ORIENTED_EDGE('',*,*,#2868,.F.);
#3712=ORIENTED_EDGE('',*,*,#2867,.F.);
#3713=ORIENTED_EDGE('',*,*,#2869,.T.);
#3714=ORIENTED_EDGE('',*,*,#2864,.F.);
#3715=ORIENTED_EDGE('',*,*,#2870,.T.);
#3716=ORIENTED_EDGE('',*,*,#2871,.T.);
#3717=ORIENTED_EDGE('',*,*,#2872,.T.);
#3718=ORIENTED_EDGE('',*,*,#2871,.F.);
#3719=ORIENTED_EDGE('',*,*,#2872,.F.);
#3720=ORIENTED_EDGE('',*,*,#2873,.T.);
#3721=ORIENTED_EDGE('',*,*,#2874,.F.);
#3722=ORIENTED_EDGE('',*,*,#2873,.F.);
#3723=ORIENTED_EDGE('',*,*,#2862,.T.);
#3724=ORIENTED_EDGE('',*,*,#2870,.F.);
#3725=ORIENTED_EDGE('',*,*,#2875,.T.);
#3726=ORIENTED_EDGE('',*,*,#2876,.T.);
#3727=ORIENTED_EDGE('',*,*,#2877,.T.);
#3728=ORIENTED_EDGE('',*,*,#2876,.F.);
#3729=ORIENTED_EDGE('',*,*,#2877,.F.);
#3730=ORIENTED_EDGE('',*,*,#2878,.T.);
#3731=ORIENTED_EDGE('',*,*,#2879,.F.);
#3732=ORIENTED_EDGE('',*,*,#2878,.F.);
#3733=ORIENTED_EDGE('',*,*,#2880,.T.);
#3734=ORIENTED_EDGE('',*,*,#2875,.F.);
#3735=ORIENTED_EDGE('',*,*,#2881,.T.);
#3736=ORIENTED_EDGE('',*,*,#2882,.T.);
#3737=ORIENTED_EDGE('',*,*,#2883,.T.);
#3738=ORIENTED_EDGE('',*,*,#2882,.F.);
#3739=ORIENTED_EDGE('',*,*,#2883,.F.);
#3740=ORIENTED_EDGE('',*,*,#2884,.T.);
#3741=ORIENTED_EDGE('',*,*,#2885,.F.);
#3742=ORIENTED_EDGE('',*,*,#2884,.F.);
#3743=ORIENTED_EDGE('',*,*,#2886,.T.);
#3744=ORIENTED_EDGE('',*,*,#2881,.F.);
#3745=ORIENTED_EDGE('',*,*,#2887,.T.);
#3746=ORIENTED_EDGE('',*,*,#2888,.T.);
#3747=ORIENTED_EDGE('',*,*,#2889,.T.);
#3748=ORIENTED_EDGE('',*,*,#2888,.F.);
#3749=ORIENTED_EDGE('',*,*,#2889,.F.);
#3750=ORIENTED_EDGE('',*,*,#2890,.T.);
#3751=ORIENTED_EDGE('',*,*,#2891,.F.);
#3752=ORIENTED_EDGE('',*,*,#2890,.F.);
#3753=ORIENTED_EDGE('',*,*,#2892,.T.);
#3754=ORIENTED_EDGE('',*,*,#2887,.F.);
#3755=ORIENTED_EDGE('',*,*,#2893,.T.);
#3756=ORIENTED_EDGE('',*,*,#2894,.T.);
#3757=ORIENTED_EDGE('',*,*,#2895,.T.);
#3758=ORIENTED_EDGE('',*,*,#2894,.F.);
#3759=ORIENTED_EDGE('',*,*,#2895,.F.);
#3760=ORIENTED_EDGE('',*,*,#2896,.T.);
#3761=ORIENTED_EDGE('',*,*,#2897,.F.);
#3762=ORIENTED_EDGE('',*,*,#2896,.F.);
#3763=ORIENTED_EDGE('',*,*,#2898,.T.);
#3764=ORIENTED_EDGE('',*,*,#2893,.F.);
#3765=ORIENTED_EDGE('',*,*,#2899,.T.);
#3766=ORIENTED_EDGE('',*,*,#2900,.T.);
#3767=ORIENTED_EDGE('',*,*,#2901,.T.);
#3768=ORIENTED_EDGE('',*,*,#2902,.T.);
#3769=ORIENTED_EDGE('',*,*,#2900,.F.);
#3770=ORIENTED_EDGE('',*,*,#2903,.T.);
#3771=ORIENTED_EDGE('',*,*,#2904,.T.);
#3772=ORIENTED_EDGE('',*,*,#2899,.F.);
#3773=ORIENTED_EDGE('',*,*,#2902,.F.);
#3774=ORIENTED_EDGE('',*,*,#2905,.T.);
#3775=ORIENTED_EDGE('',*,*,#2906,.F.);
#3776=ORIENTED_EDGE('',*,*,#2905,.F.);
#3777=ORIENTED_EDGE('',*,*,#2901,.F.);
#3778=ORIENTED_EDGE('',*,*,#2907,.T.);
#3779=ORIENTED_EDGE('',*,*,#2908,.T.);
#3780=ORIENTED_EDGE('',*,*,#2909,.T.);
#3781=ORIENTED_EDGE('',*,*,#2910,.T.);
#3782=ORIENTED_EDGE('',*,*,#2908,.F.);
#3783=ORIENTED_EDGE('',*,*,#2911,.T.);
#3784=ORIENTED_EDGE('',*,*,#2912,.T.);
#3785=ORIENTED_EDGE('',*,*,#2907,.F.);
#3786=ORIENTED_EDGE('',*,*,#2910,.F.);
#3787=ORIENTED_EDGE('',*,*,#2913,.T.);
#3788=ORIENTED_EDGE('',*,*,#2914,.F.);
#3789=ORIENTED_EDGE('',*,*,#2913,.F.);
#3790=ORIENTED_EDGE('',*,*,#2909,.F.);
#3791=ORIENTED_EDGE('',*,*,#2915,.T.);
#3792=ORIENTED_EDGE('',*,*,#2916,.T.);
#3793=ORIENTED_EDGE('',*,*,#2917,.T.);
#3794=ORIENTED_EDGE('',*,*,#2916,.F.);
#3795=ORIENTED_EDGE('',*,*,#2917,.F.);
#3796=ORIENTED_EDGE('',*,*,#2918,.T.);
#3797=ORIENTED_EDGE('',*,*,#2919,.F.);
#3798=ORIENTED_EDGE('',*,*,#2918,.F.);
#3799=ORIENTED_EDGE('',*,*,#2920,.T.);
#3800=ORIENTED_EDGE('',*,*,#2915,.F.);
#3801=ORIENTED_EDGE('',*,*,#2921,.T.);
#3802=ORIENTED_EDGE('',*,*,#2922,.T.);
#3803=ORIENTED_EDGE('',*,*,#2923,.T.);
#3804=ORIENTED_EDGE('',*,*,#2922,.F.);
#3805=ORIENTED_EDGE('',*,*,#2924,.T.);
#3806=ORIENTED_EDGE('',*,*,#2921,.F.);
#3807=ORIENTED_EDGE('',*,*,#2923,.F.);
#3808=ORIENTED_EDGE('',*,*,#2925,.T.);
#3809=ORIENTED_EDGE('',*,*,#2926,.T.);
#3810=ORIENTED_EDGE('',*,*,#2694,.T.);
#3811=ORIENTED_EDGE('',*,*,#2927,.T.);
#3812=ORIENTED_EDGE('',*,*,#2925,.F.);
#3813=ORIENTED_EDGE('',*,*,#2928,.T.);
#3814=ORIENTED_EDGE('',*,*,#2929,.T.);
#3815=ORIENTED_EDGE('',*,*,#2930,.T.);
#3816=ORIENTED_EDGE('',*,*,#2929,.F.);
#3817=ORIENTED_EDGE('',*,*,#2930,.F.);
#3818=ORIENTED_EDGE('',*,*,#2931,.T.);
#3819=ORIENTED_EDGE('',*,*,#2932,.F.);
#3820=ORIENTED_EDGE('',*,*,#2931,.F.);
#3821=ORIENTED_EDGE('',*,*,#2933,.T.);
#3822=ORIENTED_EDGE('',*,*,#2928,.F.);
#3823=ORIENTED_EDGE('',*,*,#2934,.F.);
#3824=ORIENTED_EDGE('',*,*,#2844,.F.);
#3825=ORIENTED_EDGE('',*,*,#2935,.T.);
#3826=ORIENTED_EDGE('',*,*,#2936,.F.);
#3827=ORIENTED_EDGE('',*,*,#2935,.F.);
#3828=ORIENTED_EDGE('',*,*,#2843,.F.);
#3829=ORIENTED_EDGE('',*,*,#2937,.T.);
#3830=ORIENTED_EDGE('',*,*,#2938,.F.);
#3831=ORIENTED_EDGE('',*,*,#2937,.F.);
#3832=ORIENTED_EDGE('',*,*,#2939,.T.);
#3833=ORIENTED_EDGE('',*,*,#2940,.T.);
#3834=ORIENTED_EDGE('',*,*,#2782,.T.);
#3835=ORIENTED_EDGE('',*,*,#2941,.T.);
#3836=ORIENTED_EDGE('',*,*,#2940,.F.);
#3837=ORIENTED_EDGE('',*,*,#2942,.T.);
#3838=ORIENTED_EDGE('',*,*,#2943,.T.);
#3839=ORIENTED_EDGE('',*,*,#2783,.T.);
#3840=ORIENTED_EDGE('',*,*,#2944,.T.);
#3841=ORIENTED_EDGE('',*,*,#2945,.T.);
#3842=ORIENTED_EDGE('',*,*,#2786,.T.);
#3843=ORIENTED_EDGE('',*,*,#2946,.T.);
#3844=ORIENTED_EDGE('',*,*,#2941,.F.);
#3845=ORIENTED_EDGE('',*,*,#2781,.T.);
#3846=ORIENTED_EDGE('',*,*,#2947,.F.);
#3847=ORIENTED_EDGE('',*,*,#2948,.F.);
#3848=ORIENTED_EDGE('',*,*,#2949,.F.);
#3849=ORIENTED_EDGE('',*,*,#2950,.F.);
#3850=ORIENTED_EDGE('',*,*,#2775,.T.);
#3851=ORIENTED_EDGE('',*,*,#2951,.T.);
#3852=ORIENTED_EDGE('',*,*,#2952,.T.);
#3853=ORIENTED_EDGE('',*,*,#2953,.T.);
#3854=ORIENTED_EDGE('',*,*,#2954,.T.);
#3855=ORIENTED_EDGE('',*,*,#2735,.T.);
#3856=ORIENTED_EDGE('',*,*,#2955,.T.);
#3857=ORIENTED_EDGE('',*,*,#2956,.T.);
#3858=ORIENTED_EDGE('',*,*,#2957,.T.);
#3859=ORIENTED_EDGE('',*,*,#2958,.T.);
#3860=ORIENTED_EDGE('',*,*,#2787,.T.);
#3861=ORIENTED_EDGE('',*,*,#2945,.F.);
#3862=ORIENTED_EDGE('',*,*,#2959,.F.);
#3863=ORIENTED_EDGE('',*,*,#2960,.F.);
#3864=ORIENTED_EDGE('',*,*,#2961,.T.);
#3865=ORIENTED_EDGE('',*,*,#2947,.T.);
#3866=ORIENTED_EDGE('',*,*,#2780,.T.);
#3867=ORIENTED_EDGE('',*,*,#2962,.T.);
#3868=ORIENTED_EDGE('',*,*,#2963,.T.);
#3869=ORIENTED_EDGE('',*,*,#2964,.T.);
#3870=ORIENTED_EDGE('',*,*,#2776,.T.);
#3871=ORIENTED_EDGE('',*,*,#2950,.T.);
#3872=ORIENTED_EDGE('',*,*,#2964,.F.);
#3873=ORIENTED_EDGE('',*,*,#2965,.T.);
#3874=ORIENTED_EDGE('',*,*,#2966,.T.);
#3875=ORIENTED_EDGE('',*,*,#2777,.T.);
#3876=ORIENTED_EDGE('',*,*,#2949,.T.);
#3877=ORIENTED_EDGE('',*,*,#2967,.T.);
#3878=ORIENTED_EDGE('',*,*,#2968,.T.);
#3879=ORIENTED_EDGE('',*,*,#2965,.F.);
#3880=ORIENTED_EDGE('',*,*,#2963,.F.);
#3881=ORIENTED_EDGE('',*,*,#2960,.T.);
#3882=ORIENTED_EDGE('',*,*,#2969,.T.);
#3883=ORIENTED_EDGE('',*,*,#2970,.T.);
#3884=ORIENTED_EDGE('',*,*,#2942,.F.);
#3885=ORIENTED_EDGE('',*,*,#2939,.F.);
#3886=ORIENTED_EDGE('',*,*,#2946,.F.);
#3887=ORIENTED_EDGE('',*,*,#2785,.F.);
#3888=ORIENTED_EDGE('',*,*,#2971,.F.);
#3889=ORIENTED_EDGE('',*,*,#2972,.F.);
#3890=ORIENTED_EDGE('',*,*,#2959,.T.);
#3891=ORIENTED_EDGE('',*,*,#2944,.F.);
#3892=ORIENTED_EDGE('',*,*,#2972,.T.);
#3893=ORIENTED_EDGE('',*,*,#2973,.F.);
#3894=ORIENTED_EDGE('',*,*,#2969,.F.);
#3895=ORIENTED_EDGE('',*,*,#2971,.T.);
#3896=ORIENTED_EDGE('',*,*,#2784,.T.);
#3897=ORIENTED_EDGE('',*,*,#2943,.F.);
#3898=ORIENTED_EDGE('',*,*,#2970,.F.);
#3899=ORIENTED_EDGE('',*,*,#2973,.T.);
#3900=ORIENTED_EDGE('',*,*,#2962,.F.);
#3901=ORIENTED_EDGE('',*,*,#2779,.F.);
#3902=ORIENTED_EDGE('',*,*,#2974,.F.);
#3903=ORIENTED_EDGE('',*,*,#2975,.F.);
#3904=ORIENTED_EDGE('',*,*,#2948,.T.);
#3905=ORIENTED_EDGE('',*,*,#2961,.F.);
#3906=ORIENTED_EDGE('',*,*,#2975,.T.);
#3907=ORIENTED_EDGE('',*,*,#2976,.F.);
#3908=ORIENTED_EDGE('',*,*,#2967,.F.);
#3909=ORIENTED_EDGE('',*,*,#2974,.T.);
#3910=ORIENTED_EDGE('',*,*,#2778,.T.);
#3911=ORIENTED_EDGE('',*,*,#2966,.F.);
#3912=ORIENTED_EDGE('',*,*,#2968,.F.);
#3913=ORIENTED_EDGE('',*,*,#2976,.T.);
#3914=ORIENTED_EDGE('',*,*,#2977,.F.);
#3915=ORIENTED_EDGE('',*,*,#2794,.T.);
#3916=ORIENTED_EDGE('',*,*,#2978,.T.);
#3917=ORIENTED_EDGE('',*,*,#2979,.T.);
#3918=ORIENTED_EDGE('',*,*,#2978,.F.);
#3919=ORIENTED_EDGE('',*,*,#2793,.T.);
#3920=ORIENTED_EDGE('',*,*,#2980,.F.);
#3921=ORIENTED_EDGE('',*,*,#2981,.F.);
#3922=ORIENTED_EDGE('',*,*,#2790,.T.);
#3923=ORIENTED_EDGE('',*,*,#2982,.F.);
#3924=ORIENTED_EDGE('',*,*,#2981,.T.);
#3925=ORIENTED_EDGE('',*,*,#2983,.F.);
#3926=ORIENTED_EDGE('',*,*,#2984,.F.);
#3927=ORIENTED_EDGE('',*,*,#2903,.F.);
#3928=ORIENTED_EDGE('',*,*,#2985,.F.);
#3929=ORIENTED_EDGE('',*,*,#2986,.F.);
#3930=ORIENTED_EDGE('',*,*,#2791,.T.);
#3931=ORIENTED_EDGE('',*,*,#2980,.T.);
#3932=ORIENTED_EDGE('',*,*,#2792,.T.);
#3933=ORIENTED_EDGE('',*,*,#2986,.T.);
#3934=ORIENTED_EDGE('',*,*,#2987,.T.);
#3935=ORIENTED_EDGE('',*,*,#2983,.T.);
#3936=ORIENTED_EDGE('',*,*,#2933,.F.);
#3937=ORIENTED_EDGE('',*,*,#2988,.T.);
#3938=ORIENTED_EDGE('',*,*,#2979,.F.);
#3939=ORIENTED_EDGE('',*,*,#2988,.F.);
#3940=ORIENTED_EDGE('',*,*,#2842,.T.);
#3941=ORIENTED_EDGE('',*,*,#2989,.T.);
#3942=ORIENTED_EDGE('',*,*,#2990,.T.);
#3943=ORIENTED_EDGE('',*,*,#2991,.T.);
#3944=ORIENTED_EDGE('',*,*,#2989,.F.);
#3945=ORIENTED_EDGE('',*,*,#2924,.F.);
#3946=ORIENTED_EDGE('',*,*,#2992,.T.);
#3947=ORIENTED_EDGE('',*,*,#2990,.F.);
#3948=ORIENTED_EDGE('',*,*,#2991,.F.);
#3949=ORIENTED_EDGE('',*,*,#2992,.F.);
#3950=ORIENTED_EDGE('',*,*,#2932,.T.);
#3951=ORIENTED_EDGE('',*,*,#2993,.F.);
#3952=ORIENTED_EDGE('',*,*,#2796,.T.);
#3953=ORIENTED_EDGE('',*,*,#2994,.T.);
#3954=ORIENTED_EDGE('',*,*,#2995,.T.);
#3955=ORIENTED_EDGE('',*,*,#2994,.F.);
#3956=ORIENTED_EDGE('',*,*,#2799,.T.);
#3957=ORIENTED_EDGE('',*,*,#2869,.F.);
#3958=ORIENTED_EDGE('',*,*,#2996,.T.);
#3959=ORIENTED_EDGE('',*,*,#2995,.F.);
#3960=ORIENTED_EDGE('',*,*,#2996,.F.);
#3961=ORIENTED_EDGE('',*,*,#2997,.F.);
#3962=ORIENTED_EDGE('',*,*,#2805,.T.);
#3963=ORIENTED_EDGE('',*,*,#2998,.T.);
#3964=ORIENTED_EDGE('',*,*,#2999,.T.);
#3965=ORIENTED_EDGE('',*,*,#2998,.F.);
#3966=ORIENTED_EDGE('',*,*,#2804,.T.);
#3967=ORIENTED_EDGE('',*,*,#3000,.F.);
#3968=ORIENTED_EDGE('',*,*,#2801,.T.);
#3969=ORIENTED_EDGE('',*,*,#3000,.T.);
#3970=ORIENTED_EDGE('',*,*,#2803,.T.);
#3971=ORIENTED_EDGE('',*,*,#3001,.T.);
#3972=ORIENTED_EDGE('',*,*,#3002,.T.);
#3973=ORIENTED_EDGE('',*,*,#3001,.F.);
#3974=ORIENTED_EDGE('',*,*,#2802,.T.);
#3975=ORIENTED_EDGE('',*,*,#3003,.F.);
#3976=ORIENTED_EDGE('',*,*,#3004,.T.);
#3977=ORIENTED_EDGE('',*,*,#2999,.F.);
#3978=ORIENTED_EDGE('',*,*,#3004,.F.);
#3979=ORIENTED_EDGE('',*,*,#2800,.T.);
#3980=ORIENTED_EDGE('',*,*,#3005,.T.);
#3981=ORIENTED_EDGE('',*,*,#3006,.T.);
#3982=ORIENTED_EDGE('',*,*,#3005,.F.);
#3983=ORIENTED_EDGE('',*,*,#2880,.F.);
#3984=ORIENTED_EDGE('',*,*,#3007,.T.);
#3985=ORIENTED_EDGE('',*,*,#3006,.F.);
#3986=ORIENTED_EDGE('',*,*,#3007,.F.);
#3987=ORIENTED_EDGE('',*,*,#2841,.T.);
#3988=ORIENTED_EDGE('',*,*,#3008,.T.);
#3989=ORIENTED_EDGE('',*,*,#3009,.T.);
#3990=ORIENTED_EDGE('',*,*,#3008,.F.);
#3991=ORIENTED_EDGE('',*,*,#2886,.F.);
#3992=ORIENTED_EDGE('',*,*,#3010,.T.);
#3993=ORIENTED_EDGE('',*,*,#3009,.F.);
#3994=ORIENTED_EDGE('',*,*,#3010,.F.);
#3995=ORIENTED_EDGE('',*,*,#2892,.F.);
#3996=ORIENTED_EDGE('',*,*,#3011,.T.);
#3997=ORIENTED_EDGE('',*,*,#3002,.F.);
#3998=ORIENTED_EDGE('',*,*,#3011,.F.);
#3999=ORIENTED_EDGE('',*,*,#3012,.F.);
#4000=ORIENTED_EDGE('',*,*,#2837,.T.);
#4001=ORIENTED_EDGE('',*,*,#3013,.T.);
#4002=ORIENTED_EDGE('',*,*,#3014,.T.);
#4003=ORIENTED_EDGE('',*,*,#3013,.F.);
#4004=ORIENTED_EDGE('',*,*,#2836,.T.);
#4005=ORIENTED_EDGE('',*,*,#3015,.F.);
#4006=ORIENTED_EDGE('',*,*,#2839,.T.);
#4007=ORIENTED_EDGE('',*,*,#3016,.F.);
#4008=ORIENTED_EDGE('',*,*,#3015,.T.);
#4009=ORIENTED_EDGE('',*,*,#2835,.T.);
#4010=ORIENTED_EDGE('',*,*,#3017,.T.);
#4011=ORIENTED_EDGE('',*,*,#3018,.T.);
#4012=ORIENTED_EDGE('',*,*,#3017,.F.);
#4013=ORIENTED_EDGE('',*,*,#2834,.T.);
#4014=ORIENTED_EDGE('',*,*,#2679,.T.);
#4015=ORIENTED_EDGE('',*,*,#2840,.T.);
#4016=ORIENTED_EDGE('',*,*,#2898,.F.);
#4017=ORIENTED_EDGE('',*,*,#3019,.T.);
#4018=ORIENTED_EDGE('',*,*,#3014,.F.);
#4019=ORIENTED_EDGE('',*,*,#3019,.F.);
#4020=ORIENTED_EDGE('',*,*,#2808,.T.);
#4021=ORIENTED_EDGE('',*,*,#3020,.T.);
#4022=ORIENTED_EDGE('',*,*,#3021,.T.);
#4023=ORIENTED_EDGE('',*,*,#3020,.F.);
#4024=ORIENTED_EDGE('',*,*,#2920,.F.);
#4025=ORIENTED_EDGE('',*,*,#3022,.T.);
#4026=ORIENTED_EDGE('',*,*,#3021,.F.);
#4027=ORIENTED_EDGE('',*,*,#3022,.F.);
#4028=ORIENTED_EDGE('',*,*,#3023,.F.);
#4029=ORIENTED_EDGE('',*,*,#3024,.T.);
#4030=ORIENTED_EDGE('',*,*,#3018,.F.);
#4031=ORIENTED_EDGE('',*,*,#3024,.F.);
#4032=ORIENTED_EDGE('',*,*,#2987,.F.);
#4033=ORIENTED_EDGE('',*,*,#2985,.T.);
#4034=ORIENTED_EDGE('',*,*,#2904,.F.);
#4035=ORIENTED_EDGE('',*,*,#2984,.T.);
#4036=ORIENTED_EDGE('',*,*,#3025,.T.);
#4037=ORIENTED_EDGE('',*,*,#3026,.T.);
#4038=ORIENTED_EDGE('',*,*,#3027,.T.);
#4039=ORIENTED_EDGE('',*,*,#2833,.T.);
#4040=ORIENTED_EDGE('',*,*,#3026,.F.);
#4041=ORIENTED_EDGE('',*,*,#3028,.T.);
#4042=ORIENTED_EDGE('',*,*,#2912,.F.);
#4043=ORIENTED_EDGE('',*,*,#3029,.T.);
#4044=ORIENTED_EDGE('',*,*,#2832,.T.);
#4045=ORIENTED_EDGE('',*,*,#3027,.F.);
#4046=ORIENTED_EDGE('',*,*,#3029,.F.);
#4047=ORIENTED_EDGE('',*,*,#2911,.F.);
#4048=ORIENTED_EDGE('',*,*,#3028,.F.);
#4049=ORIENTED_EDGE('',*,*,#3025,.F.);
#4050=ORIENTED_EDGE('',*,*,#3030,.F.);
#4051=ORIENTED_EDGE('',*,*,#3031,.T.);
#4052=ORIENTED_EDGE('',*,*,#3032,.T.);
#4053=ORIENTED_EDGE('',*,*,#3033,.T.);
#4054=ORIENTED_EDGE('',*,*,#3034,.T.);
#4055=ORIENTED_EDGE('',*,*,#3035,.T.);
#4056=ORIENTED_EDGE('',*,*,#3030,.T.);
#4057=ORIENTED_EDGE('',*,*,#3031,.F.);
#4058=ORIENTED_EDGE('',*,*,#3035,.F.);
#4059=ORIENTED_EDGE('',*,*,#3036,.T.);
#4060=ORIENTED_EDGE('',*,*,#3037,.T.);
#4061=ORIENTED_EDGE('',*,*,#3038,.T.);
#4062=ORIENTED_EDGE('',*,*,#3039,.T.);
#4063=ORIENTED_EDGE('',*,*,#3040,.T.);
#4064=ORIENTED_EDGE('',*,*,#3037,.F.);
#4065=ORIENTED_EDGE('',*,*,#3041,.T.);
#4066=ORIENTED_EDGE('',*,*,#2740,.T.);
#4067=ORIENTED_EDGE('',*,*,#3042,.T.);
#4068=ORIENTED_EDGE('',*,*,#3043,.T.);
#4069=ORIENTED_EDGE('',*,*,#3044,.T.);
#4070=ORIENTED_EDGE('',*,*,#3034,.F.);
#4071=ORIENTED_EDGE('',*,*,#3045,.T.);
#4072=ORIENTED_EDGE('',*,*,#3043,.F.);
#4073=ORIENTED_EDGE('',*,*,#3046,.T.);
#4074=ORIENTED_EDGE('',*,*,#3039,.F.);
#4075=ORIENTED_EDGE('',*,*,#3047,.T.);
#4076=ORIENTED_EDGE('',*,*,#2952,.F.);
#4077=ORIENTED_EDGE('',*,*,#3048,.F.);
#4078=ORIENTED_EDGE('',*,*,#3049,.T.);
#4079=ORIENTED_EDGE('',*,*,#2936,.T.);
#4080=ORIENTED_EDGE('',*,*,#3041,.F.);
#4081=ORIENTED_EDGE('',*,*,#3036,.F.);
#4082=ORIENTED_EDGE('',*,*,#3046,.F.);
#4083=ORIENTED_EDGE('',*,*,#3050,.F.);
#4084=ORIENTED_EDGE('',*,*,#2953,.F.);
#4085=ORIENTED_EDGE('',*,*,#3047,.F.);
#4086=ORIENTED_EDGE('',*,*,#3042,.F.);
#4087=ORIENTED_EDGE('',*,*,#2739,.T.);
#4088=ORIENTED_EDGE('',*,*,#3051,.F.);
#4089=ORIENTED_EDGE('',*,*,#2736,.T.);
#4090=ORIENTED_EDGE('',*,*,#2954,.F.);
#4091=ORIENTED_EDGE('',*,*,#3050,.T.);
#4092=ORIENTED_EDGE('',*,*,#2742,.T.);
#4093=ORIENTED_EDGE('',*,*,#3052,.T.);
#4094=ORIENTED_EDGE('',*,*,#3053,.T.);
#4095=ORIENTED_EDGE('',*,*,#3054,.T.);
#4096=ORIENTED_EDGE('',*,*,#3055,.T.);
#4097=ORIENTED_EDGE('',*,*,#3056,.T.);
#4098=ORIENTED_EDGE('',*,*,#3053,.F.);
#4099=ORIENTED_EDGE('',*,*,#3057,.T.);
#4100=ORIENTED_EDGE('',*,*,#3055,.F.);
#4101=ORIENTED_EDGE('',*,*,#3058,.T.);
#4102=ORIENTED_EDGE('',*,*,#3059,.F.);
#4103=ORIENTED_EDGE('',*,*,#3060,.T.);
#4104=ORIENTED_EDGE('',*,*,#3061,.T.);
#4105=ORIENTED_EDGE('',*,*,#3062,.T.);
#4106=ORIENTED_EDGE('',*,*,#3063,.T.);
#4107=ORIENTED_EDGE('',*,*,#3064,.T.);
#4108=ORIENTED_EDGE('',*,*,#3033,.F.);
#4109=ORIENTED_EDGE('',*,*,#3065,.F.);
#4110=ORIENTED_EDGE('',*,*,#3066,.F.);
#4111=ORIENTED_EDGE('',*,*,#3058,.F.);
#4112=ORIENTED_EDGE('',*,*,#3057,.F.);
#4113=ORIENTED_EDGE('',*,*,#3052,.F.);
#4114=ORIENTED_EDGE('',*,*,#2741,.F.);
#4115=ORIENTED_EDGE('',*,*,#3044,.F.);
#4116=ORIENTED_EDGE('',*,*,#3045,.F.);
#4117=ORIENTED_EDGE('',*,*,#3059,.T.);
#4118=ORIENTED_EDGE('',*,*,#3066,.T.);
#4119=ORIENTED_EDGE('',*,*,#3067,.T.);
#4120=ORIENTED_EDGE('',*,*,#3068,.T.);
#4121=ORIENTED_EDGE('',*,*,#3032,.F.);
#4122=ORIENTED_EDGE('',*,*,#3069,.T.);
#4123=ORIENTED_EDGE('',*,*,#3067,.F.);
#4124=ORIENTED_EDGE('',*,*,#3065,.T.);
#4125=ORIENTED_EDGE('',*,*,#3038,.F.);
#4126=ORIENTED_EDGE('',*,*,#3070,.F.);
#4127=ORIENTED_EDGE('',*,*,#3071,.F.);
#4128=ORIENTED_EDGE('',*,*,#3072,.T.);
#4129=ORIENTED_EDGE('',*,*,#3069,.F.);
#4130=ORIENTED_EDGE('',*,*,#2768,.F.);
#4131=ORIENTED_EDGE('',*,*,#3073,.T.);
#4132=ORIENTED_EDGE('',*,*,#2829,.F.);
#4133=ORIENTED_EDGE('',*,*,#3073,.F.);
#4134=ORIENTED_EDGE('',*,*,#3074,.F.);
#4135=ORIENTED_EDGE('',*,*,#2773,.F.);
#4136=ORIENTED_EDGE('',*,*,#3075,.F.);
#4137=ORIENTED_EDGE('',*,*,#3076,.F.);
#4138=ORIENTED_EDGE('',*,*,#2772,.T.);
#4139=ORIENTED_EDGE('',*,*,#2958,.F.);
#4140=ORIENTED_EDGE('',*,*,#3077,.F.);
#4141=ORIENTED_EDGE('',*,*,#3078,.T.);
#4142=ORIENTED_EDGE('',*,*,#3079,.T.);
#4143=ORIENTED_EDGE('',*,*,#3080,.T.);
#4144=ORIENTED_EDGE('',*,*,#3081,.F.);
#4145=ORIENTED_EDGE('',*,*,#3082,.T.);
#4146=ORIENTED_EDGE('',*,*,#3083,.T.);
#4147=ORIENTED_EDGE('',*,*,#3084,.T.);
#4148=ORIENTED_EDGE('',*,*,#3085,.F.);
#4149=ORIENTED_EDGE('',*,*,#3086,.T.);
#4150=ORIENTED_EDGE('',*,*,#3087,.T.);
#4151=ORIENTED_EDGE('',*,*,#3088,.T.);
#4152=ORIENTED_EDGE('',*,*,#3089,.F.);
#4153=ORIENTED_EDGE('',*,*,#3090,.T.);
#4154=ORIENTED_EDGE('',*,*,#3091,.T.);
#4155=ORIENTED_EDGE('',*,*,#3092,.T.);
#4156=ORIENTED_EDGE('',*,*,#3093,.F.);
#4157=ORIENTED_EDGE('',*,*,#3094,.T.);
#4158=ORIENTED_EDGE('',*,*,#3095,.T.);
#4159=ORIENTED_EDGE('',*,*,#3096,.T.);
#4160=ORIENTED_EDGE('',*,*,#3097,.F.);
#4161=ORIENTED_EDGE('',*,*,#3098,.T.);
#4162=ORIENTED_EDGE('',*,*,#3099,.T.);
#4163=ORIENTED_EDGE('',*,*,#3100,.T.);
#4164=ORIENTED_EDGE('',*,*,#3101,.F.);
#4165=ORIENTED_EDGE('',*,*,#3102,.T.);
#4166=ORIENTED_EDGE('',*,*,#3103,.T.);
#4167=ORIENTED_EDGE('',*,*,#3104,.T.);
#4168=ORIENTED_EDGE('',*,*,#3105,.F.);
#4169=ORIENTED_EDGE('',*,*,#3106,.T.);
#4170=ORIENTED_EDGE('',*,*,#3107,.T.);
#4171=ORIENTED_EDGE('',*,*,#3108,.T.);
#4172=ORIENTED_EDGE('',*,*,#3109,.F.);
#4173=ORIENTED_EDGE('',*,*,#3110,.T.);
#4174=ORIENTED_EDGE('',*,*,#3111,.T.);
#4175=ORIENTED_EDGE('',*,*,#3112,.T.);
#4176=ORIENTED_EDGE('',*,*,#3113,.F.);
#4177=ORIENTED_EDGE('',*,*,#3114,.T.);
#4178=ORIENTED_EDGE('',*,*,#3115,.T.);
#4179=ORIENTED_EDGE('',*,*,#2725,.F.);
#4180=ORIENTED_EDGE('',*,*,#3116,.T.);
#4181=ORIENTED_EDGE('',*,*,#3117,.T.);
#4182=ORIENTED_EDGE('',*,*,#3075,.T.);
#4183=ORIENTED_EDGE('',*,*,#3074,.T.);
#4184=ORIENTED_EDGE('',*,*,#3118,.F.);
#4185=ORIENTED_EDGE('',*,*,#3119,.T.);
#4186=ORIENTED_EDGE('',*,*,#2723,.T.);
#4187=ORIENTED_EDGE('',*,*,#3120,.T.);
#4188=ORIENTED_EDGE('',*,*,#3121,.T.);
#4189=ORIENTED_EDGE('',*,*,#3122,.F.);
#4190=ORIENTED_EDGE('',*,*,#3123,.T.);
#4191=ORIENTED_EDGE('',*,*,#3124,.T.);
#4192=ORIENTED_EDGE('',*,*,#3125,.T.);
#4193=ORIENTED_EDGE('',*,*,#3126,.F.);
#4194=ORIENTED_EDGE('',*,*,#3127,.T.);
#4195=ORIENTED_EDGE('',*,*,#3128,.T.);
#4196=ORIENTED_EDGE('',*,*,#3129,.T.);
#4197=ORIENTED_EDGE('',*,*,#3130,.F.);
#4198=ORIENTED_EDGE('',*,*,#3131,.T.);
#4199=ORIENTED_EDGE('',*,*,#3132,.T.);
#4200=ORIENTED_EDGE('',*,*,#3133,.T.);
#4201=ORIENTED_EDGE('',*,*,#3134,.F.);
#4202=ORIENTED_EDGE('',*,*,#3135,.T.);
#4203=ORIENTED_EDGE('',*,*,#3136,.T.);
#4204=ORIENTED_EDGE('',*,*,#3137,.T.);
#4205=ORIENTED_EDGE('',*,*,#3138,.F.);
#4206=ORIENTED_EDGE('',*,*,#3139,.T.);
#4207=ORIENTED_EDGE('',*,*,#3140,.T.);
#4208=ORIENTED_EDGE('',*,*,#3141,.T.);
#4209=ORIENTED_EDGE('',*,*,#3142,.F.);
#4210=ORIENTED_EDGE('',*,*,#3143,.T.);
#4211=ORIENTED_EDGE('',*,*,#3144,.T.);
#4212=ORIENTED_EDGE('',*,*,#3145,.T.);
#4213=ORIENTED_EDGE('',*,*,#3146,.F.);
#4214=ORIENTED_EDGE('',*,*,#3147,.T.);
#4215=ORIENTED_EDGE('',*,*,#3148,.T.);
#4216=ORIENTED_EDGE('',*,*,#3149,.T.);
#4217=ORIENTED_EDGE('',*,*,#3150,.F.);
#4218=ORIENTED_EDGE('',*,*,#3151,.T.);
#4219=ORIENTED_EDGE('',*,*,#3152,.T.);
#4220=ORIENTED_EDGE('',*,*,#3153,.T.);
#4221=ORIENTED_EDGE('',*,*,#3061,.F.);
#4222=ORIENTED_EDGE('',*,*,#3154,.T.);
#4223=ORIENTED_EDGE('',*,*,#3071,.T.);
#4224=ORIENTED_EDGE('',*,*,#3155,.T.);
#4225=ORIENTED_EDGE('',*,*,#3048,.T.);
#4226=ORIENTED_EDGE('',*,*,#2951,.F.);
#4227=ORIENTED_EDGE('',*,*,#2774,.T.);
#4228=ORIENTED_EDGE('',*,*,#3156,.T.);
#4229=ORIENTED_EDGE('',*,*,#3157,.T.);
#4230=ORIENTED_EDGE('',*,*,#3077,.T.);
#4231=ORIENTED_EDGE('',*,*,#2957,.F.);
#4232=ORIENTED_EDGE('',*,*,#2938,.T.);
#4233=ORIENTED_EDGE('',*,*,#3158,.F.);
#4234=ORIENTED_EDGE('',*,*,#3159,.T.);
#4235=ORIENTED_EDGE('',*,*,#3160,.T.);
#4236=ORIENTED_EDGE('',*,*,#3161,.F.);
#4237=ORIENTED_EDGE('',*,*,#3162,.T.);
#4238=ORIENTED_EDGE('',*,*,#3163,.T.);
#4239=ORIENTED_EDGE('',*,*,#3164,.T.);
#4240=ORIENTED_EDGE('',*,*,#3156,.F.);
#4241=ORIENTED_EDGE('',*,*,#2956,.F.);
#4242=ORIENTED_EDGE('',*,*,#3023,.T.);
#4243=ORIENTED_EDGE('',*,*,#2914,.T.);
#4244=ORIENTED_EDGE('',*,*,#2906,.T.);
#4245=ORIENTED_EDGE('',*,*,#2751,.F.);
#4246=ORIENTED_EDGE('',*,*,#3165,.T.);
#4247=ORIENTED_EDGE('',*,*,#2831,.F.);
#4248=ORIENTED_EDGE('',*,*,#3165,.F.);
#4249=ORIENTED_EDGE('',*,*,#2752,.F.);
#4250=ORIENTED_EDGE('',*,*,#3166,.T.);
#4251=ORIENTED_EDGE('',*,*,#2830,.F.);
#4252=ORIENTED_EDGE('',*,*,#3166,.F.);
#4253=ORIENTED_EDGE('',*,*,#3056,.F.);
#4254=ORIENTED_EDGE('',*,*,#3063,.F.);
#4255=ORIENTED_EDGE('',*,*,#3167,.T.);
#4256=ORIENTED_EDGE('',*,*,#3168,.T.);
#4257=ORIENTED_EDGE('',*,*,#3169,.F.);
#4258=ORIENTED_EDGE('',*,*,#3054,.F.);
#4259=ORIENTED_EDGE('',*,*,#3169,.T.);
#4260=ORIENTED_EDGE('',*,*,#3170,.F.);
#4261=ORIENTED_EDGE('',*,*,#3171,.T.);
#4262=ORIENTED_EDGE('',*,*,#3172,.F.);
#4263=ORIENTED_EDGE('',*,*,#3173,.T.);
#4264=ORIENTED_EDGE('',*,*,#3174,.F.);
#4265=ORIENTED_EDGE('',*,*,#3175,.T.);
#4266=ORIENTED_EDGE('',*,*,#3176,.F.);
#4267=ORIENTED_EDGE('',*,*,#3177,.T.);
#4268=ORIENTED_EDGE('',*,*,#3178,.T.);
#4269=ORIENTED_EDGE('',*,*,#3179,.F.);
#4270=ORIENTED_EDGE('',*,*,#2746,.T.);
#4271=ORIENTED_EDGE('',*,*,#3180,.F.);
#4272=ORIENTED_EDGE('',*,*,#2743,.T.);
#4273=ORIENTED_EDGE('',*,*,#3177,.F.);
#4274=ORIENTED_EDGE('',*,*,#3181,.T.);
#4275=ORIENTED_EDGE('',*,*,#3182,.T.);
#4276=ORIENTED_EDGE('',*,*,#3183,.F.);
#4277=ORIENTED_EDGE('',*,*,#3184,.F.);
#4278=ORIENTED_EDGE('',*,*,#3185,.T.);
#4279=ORIENTED_EDGE('',*,*,#3186,.T.);
#4280=ORIENTED_EDGE('',*,*,#3187,.F.);
#4281=ORIENTED_EDGE('',*,*,#3188,.T.);
#4282=ORIENTED_EDGE('',*,*,#3189,.T.);
#4283=ORIENTED_EDGE('',*,*,#3175,.F.);
#4284=ORIENTED_EDGE('',*,*,#3190,.T.);
#4285=ORIENTED_EDGE('',*,*,#3191,.T.);
#4286=ORIENTED_EDGE('',*,*,#3192,.F.);
#4287=ORIENTED_EDGE('',*,*,#3193,.F.);
#4288=ORIENTED_EDGE('',*,*,#3194,.T.);
#4289=ORIENTED_EDGE('',*,*,#3195,.T.);
#4290=ORIENTED_EDGE('',*,*,#3196,.F.);
#4291=ORIENTED_EDGE('',*,*,#3197,.F.);
#4292=ORIENTED_EDGE('',*,*,#3198,.T.);
#4293=ORIENTED_EDGE('',*,*,#3173,.F.);
#4294=ORIENTED_EDGE('',*,*,#3199,.T.);
#4295=ORIENTED_EDGE('',*,*,#3200,.T.);
#4296=ORIENTED_EDGE('',*,*,#3201,.F.);
#4297=ORIENTED_EDGE('',*,*,#3202,.F.);
#4298=ORIENTED_EDGE('',*,*,#3203,.T.);
#4299=ORIENTED_EDGE('',*,*,#3204,.T.);
#4300=ORIENTED_EDGE('',*,*,#3205,.F.);
#4301=ORIENTED_EDGE('',*,*,#3206,.F.);
#4302=ORIENTED_EDGE('',*,*,#3207,.T.);
#4303=ORIENTED_EDGE('',*,*,#2734,.T.);
#4304=ORIENTED_EDGE('',*,*,#3208,.F.);
#4305=ORIENTED_EDGE('',*,*,#3209,.F.);
#4306=ORIENTED_EDGE('',*,*,#2732,.T.);
#4307=ORIENTED_EDGE('',*,*,#3210,.T.);
#4308=ORIENTED_EDGE('',*,*,#3211,.T.);
#4309=ORIENTED_EDGE('',*,*,#3212,.F.);
#4310=ORIENTED_EDGE('',*,*,#3213,.T.);
#4311=ORIENTED_EDGE('',*,*,#3214,.F.);
#4312=ORIENTED_EDGE('',*,*,#3215,.T.);
#4313=ORIENTED_EDGE('',*,*,#3216,.F.);
#4314=ORIENTED_EDGE('',*,*,#3217,.T.);
#4315=ORIENTED_EDGE('',*,*,#3218,.F.);
#4316=ORIENTED_EDGE('',*,*,#3158,.T.);
#4317=ORIENTED_EDGE('',*,*,#2955,.F.);
#4318=ORIENTED_EDGE('',*,*,#3219,.F.);
#4319=ORIENTED_EDGE('',*,*,#3220,.F.);
#4320=ORIENTED_EDGE('',*,*,#2728,.F.);
#4321=ORIENTED_EDGE('',*,*,#3221,.F.);
#4322=ORIENTED_EDGE('',*,*,#3217,.F.);
#4323=ORIENTED_EDGE('',*,*,#3222,.T.);
#4324=ORIENTED_EDGE('',*,*,#3223,.T.);
#4325=ORIENTED_EDGE('',*,*,#3224,.F.);
#4326=ORIENTED_EDGE('',*,*,#3225,.T.);
#4327=ORIENTED_EDGE('',*,*,#3226,.T.);
#4328=ORIENTED_EDGE('',*,*,#3227,.T.);
#4329=ORIENTED_EDGE('',*,*,#3228,.F.);
#4330=ORIENTED_EDGE('',*,*,#3229,.T.);
#4331=ORIENTED_EDGE('',*,*,#3230,.T.);
#4332=ORIENTED_EDGE('',*,*,#3215,.F.);
#4333=ORIENTED_EDGE('',*,*,#3231,.T.);
#4334=ORIENTED_EDGE('',*,*,#3232,.T.);
#4335=ORIENTED_EDGE('',*,*,#3233,.F.);
#4336=ORIENTED_EDGE('',*,*,#3234,.T.);
#4337=ORIENTED_EDGE('',*,*,#3235,.T.);
#4338=ORIENTED_EDGE('',*,*,#3236,.T.);
#4339=ORIENTED_EDGE('',*,*,#3237,.F.);
#4340=ORIENTED_EDGE('',*,*,#3238,.T.);
#4341=ORIENTED_EDGE('',*,*,#3239,.T.);
#4342=ORIENTED_EDGE('',*,*,#3213,.F.);
#4343=ORIENTED_EDGE('',*,*,#3240,.T.);
#4344=ORIENTED_EDGE('',*,*,#3241,.T.);
#4345=ORIENTED_EDGE('',*,*,#3242,.F.);
#4346=ORIENTED_EDGE('',*,*,#3243,.T.);
#4347=ORIENTED_EDGE('',*,*,#3244,.T.);
#4348=ORIENTED_EDGE('',*,*,#3245,.T.);
#4349=ORIENTED_EDGE('',*,*,#3246,.F.);
#4350=ORIENTED_EDGE('',*,*,#3247,.T.);
#4351=ORIENTED_EDGE('',*,*,#3248,.T.);
#4352=ORIENTED_EDGE('',*,*,#2727,.T.);
#4353=ORIENTED_EDGE('',*,*,#3249,.T.);
#4354=ORIENTED_EDGE('',*,*,#3250,.T.);
#4355=ORIENTED_EDGE('',*,*,#3221,.T.);
#4356=ORIENTED_EDGE('',*,*,#2726,.T.);
#4357=ORIENTED_EDGE('',*,*,#3115,.F.);
#4358=ORIENTED_EDGE('',*,*,#3251,.F.);
#4359=ORIENTED_EDGE('',*,*,#3252,.F.);
#4360=ORIENTED_EDGE('',*,*,#3253,.T.);
#4361=ORIENTED_EDGE('',*,*,#3254,.F.);
#4362=ORIENTED_EDGE('',*,*,#3249,.F.);
#4363=ORIENTED_EDGE('',*,*,#3167,.F.);
#4364=ORIENTED_EDGE('',*,*,#3062,.F.);
#4365=ORIENTED_EDGE('',*,*,#3153,.F.);
#4366=ORIENTED_EDGE('',*,*,#3255,.F.);
#4367=ORIENTED_EDGE('',*,*,#3168,.F.);
#4368=ORIENTED_EDGE('',*,*,#3255,.T.);
#4369=ORIENTED_EDGE('',*,*,#3152,.F.);
#4370=ORIENTED_EDGE('',*,*,#3256,.F.);
#4371=ORIENTED_EDGE('',*,*,#3257,.F.);
#4372=ORIENTED_EDGE('',*,*,#3170,.T.);
#4373=ORIENTED_EDGE('',*,*,#3258,.F.);
#4374=ORIENTED_EDGE('',*,*,#3256,.T.);
#4375=ORIENTED_EDGE('',*,*,#3151,.F.);
#4376=ORIENTED_EDGE('',*,*,#3259,.F.);
#4377=ORIENTED_EDGE('',*,*,#3229,.F.);
#4378=ORIENTED_EDGE('',*,*,#3260,.F.);
#4379=ORIENTED_EDGE('',*,*,#3084,.F.);
#4380=ORIENTED_EDGE('',*,*,#3261,.T.);
#4381=ORIENTED_EDGE('',*,*,#3230,.F.);
#4382=ORIENTED_EDGE('',*,*,#3261,.F.);
#4383=ORIENTED_EDGE('',*,*,#3083,.F.);
#4384=ORIENTED_EDGE('',*,*,#3262,.T.);
#4385=ORIENTED_EDGE('',*,*,#3159,.F.);
#4386=ORIENTED_EDGE('',*,*,#3218,.T.);
#4387=ORIENTED_EDGE('',*,*,#3160,.F.);
#4388=ORIENTED_EDGE('',*,*,#3262,.F.);
#4389=ORIENTED_EDGE('',*,*,#3082,.F.);
#4390=ORIENTED_EDGE('',*,*,#3263,.F.);
#4391=ORIENTED_EDGE('',*,*,#3260,.T.);
#4392=ORIENTED_EDGE('',*,*,#3228,.T.);
#4393=ORIENTED_EDGE('',*,*,#3264,.T.);
#4394=ORIENTED_EDGE('',*,*,#3085,.T.);
#4395=ORIENTED_EDGE('',*,*,#3171,.F.);
#4396=ORIENTED_EDGE('',*,*,#3257,.T.);
#4397=ORIENTED_EDGE('',*,*,#3258,.T.);
#4398=ORIENTED_EDGE('',*,*,#3265,.F.);
#4399=ORIENTED_EDGE('',*,*,#3266,.F.);
#4400=ORIENTED_EDGE('',*,*,#3267,.T.);
#4401=ORIENTED_EDGE('',*,*,#3268,.T.);
#4402=ORIENTED_EDGE('',*,*,#3269,.F.);
#4403=ORIENTED_EDGE('',*,*,#3270,.F.);
#4404=ORIENTED_EDGE('',*,*,#3271,.T.);
#4405=ORIENTED_EDGE('',*,*,#3259,.T.);
#4406=ORIENTED_EDGE('',*,*,#3150,.T.);
#4407=ORIENTED_EDGE('',*,*,#3272,.T.);
#4408=ORIENTED_EDGE('',*,*,#3265,.T.);
#4409=ORIENTED_EDGE('',*,*,#3273,.T.);
#4410=ORIENTED_EDGE('',*,*,#3274,.T.);
#4411=ORIENTED_EDGE('',*,*,#3252,.T.);
#4412=ORIENTED_EDGE('',*,*,#3275,.T.);
#4413=ORIENTED_EDGE('',*,*,#3276,.F.);
#4414=ORIENTED_EDGE('',*,*,#3277,.T.);
#4415=ORIENTED_EDGE('',*,*,#3278,.T.);
#4416=ORIENTED_EDGE('',*,*,#3279,.T.);
#4417=ORIENTED_EDGE('',*,*,#3280,.F.);
#4418=ORIENTED_EDGE('',*,*,#3281,.T.);
#4419=ORIENTED_EDGE('',*,*,#3282,.T.);
#4420=ORIENTED_EDGE('',*,*,#3211,.F.);
#4421=ORIENTED_EDGE('',*,*,#3076,.T.);
#4422=ORIENTED_EDGE('',*,*,#3117,.F.);
#4423=ORIENTED_EDGE('',*,*,#3283,.T.);
#4424=ORIENTED_EDGE('',*,*,#3118,.T.);
#4425=ORIENTED_EDGE('',*,*,#3284,.T.);
#4426=ORIENTED_EDGE('',*,*,#3242,.T.);
#4427=ORIENTED_EDGE('',*,*,#3285,.T.);
#4428=ORIENTED_EDGE('',*,*,#3105,.T.);
#4429=ORIENTED_EDGE('',*,*,#3286,.T.);
#4430=ORIENTED_EDGE('',*,*,#3113,.T.);
#4431=ORIENTED_EDGE('',*,*,#3287,.T.);
#4432=ORIENTED_EDGE('',*,*,#3276,.T.);
#4433=ORIENTED_EDGE('',*,*,#3288,.T.);
#4434=ORIENTED_EDGE('',*,*,#3289,.T.);
#4435=ORIENTED_EDGE('',*,*,#3126,.T.);
#4436=ORIENTED_EDGE('',*,*,#3290,.T.);
#4437=ORIENTED_EDGE('',*,*,#3183,.T.);
#4438=ORIENTED_EDGE('',*,*,#3291,.T.);
#4439=ORIENTED_EDGE('',*,*,#3192,.T.);
#4440=ORIENTED_EDGE('',*,*,#3292,.T.);
#4441=ORIENTED_EDGE('',*,*,#3134,.T.);
#4442=ORIENTED_EDGE('',*,*,#3293,.T.);
#4443=ORIENTED_EDGE('',*,*,#3142,.T.);
#4444=ORIENTED_EDGE('',*,*,#3294,.T.);
#4445=ORIENTED_EDGE('',*,*,#3201,.T.);
#4446=ORIENTED_EDGE('',*,*,#3295,.T.);
#4447=ORIENTED_EDGE('',*,*,#3237,.T.);
#4448=ORIENTED_EDGE('',*,*,#3296,.T.);
#4449=ORIENTED_EDGE('',*,*,#3093,.T.);
#4450=ORIENTED_EDGE('',*,*,#3297,.T.);
#4451=ORIENTED_EDGE('',*,*,#3146,.T.);
#4452=ORIENTED_EDGE('',*,*,#3298,.T.);
#4453=ORIENTED_EDGE('',*,*,#3269,.T.);
#4454=ORIENTED_EDGE('',*,*,#3263,.T.);
#4455=ORIENTED_EDGE('',*,*,#3081,.T.);
#4456=ORIENTED_EDGE('',*,*,#3299,.T.);
#4457=ORIENTED_EDGE('',*,*,#3161,.T.);
#4458=ORIENTED_EDGE('',*,*,#3300,.T.);
#4459=ORIENTED_EDGE('',*,*,#3301,.T.);
#4460=ORIENTED_EDGE('',*,*,#3224,.T.);
#4461=ORIENTED_EDGE('',*,*,#3302,.T.);
#4462=ORIENTED_EDGE('',*,*,#3089,.T.);
#4463=ORIENTED_EDGE('',*,*,#3303,.T.);
#4464=ORIENTED_EDGE('',*,*,#3097,.T.);
#4465=ORIENTED_EDGE('',*,*,#3304,.T.);
#4466=ORIENTED_EDGE('',*,*,#3233,.T.);
#4467=ORIENTED_EDGE('',*,*,#3305,.T.);
#4468=ORIENTED_EDGE('',*,*,#3306,.T.);
#4469=ORIENTED_EDGE('',*,*,#3205,.T.);
#4470=ORIENTED_EDGE('',*,*,#3307,.T.);
#4471=ORIENTED_EDGE('',*,*,#3138,.T.);
#4472=ORIENTED_EDGE('',*,*,#3308,.T.);
#4473=ORIENTED_EDGE('',*,*,#3309,.T.);
#4474=ORIENTED_EDGE('',*,*,#3130,.T.);
#4475=ORIENTED_EDGE('',*,*,#3310,.T.);
#4476=ORIENTED_EDGE('',*,*,#3196,.T.);
#4477=ORIENTED_EDGE('',*,*,#3311,.T.);
#4478=ORIENTED_EDGE('',*,*,#3187,.T.);
#4479=ORIENTED_EDGE('',*,*,#3312,.T.);
#4480=ORIENTED_EDGE('',*,*,#3122,.T.);
#4481=ORIENTED_EDGE('',*,*,#3313,.T.);
#4482=ORIENTED_EDGE('',*,*,#3314,.T.);
#4483=ORIENTED_EDGE('',*,*,#3280,.T.);
#4484=ORIENTED_EDGE('',*,*,#3315,.T.);
#4485=ORIENTED_EDGE('',*,*,#3109,.T.);
#4486=ORIENTED_EDGE('',*,*,#3316,.T.);
#4487=ORIENTED_EDGE('',*,*,#3101,.T.);
#4488=ORIENTED_EDGE('',*,*,#3317,.T.);
#4489=ORIENTED_EDGE('',*,*,#3246,.T.);
#4490=ORIENTED_EDGE('',*,*,#2703,.T.);
#4491=ORIENTED_EDGE('',*,*,#2926,.F.);
#4492=ORIENTED_EDGE('',*,*,#2927,.F.);
#4493=ORIENTED_EDGE('',*,*,#2897,.T.);
#4494=ORIENTED_EDGE('',*,*,#2891,.T.);
#4495=ORIENTED_EDGE('',*,*,#2919,.T.);
#4496=ORIENTED_EDGE('',*,*,#2885,.T.);
#4497=ORIENTED_EDGE('',*,*,#3318,.F.);
#4498=ORIENTED_EDGE('',*,*,#3319,.T.);
#4499=ORIENTED_EDGE('',*,*,#3064,.F.);
#4500=ORIENTED_EDGE('',*,*,#3319,.F.);
#4501=ORIENTED_EDGE('',*,*,#3320,.F.);
#4502=ORIENTED_EDGE('',*,*,#3321,.T.);
#4503=ORIENTED_EDGE('',*,*,#3300,.F.);
#4504=ORIENTED_EDGE('',*,*,#3321,.F.);
#4505=ORIENTED_EDGE('',*,*,#2828,.F.);
#4506=ORIENTED_EDGE('',*,*,#3322,.T.);
#4507=ORIENTED_EDGE('',*,*,#3323,.T.);
#4508=ORIENTED_EDGE('',*,*,#3322,.F.);
#4509=ORIENTED_EDGE('',*,*,#3323,.F.);
#4510=ORIENTED_EDGE('',*,*,#3318,.T.);
#4511=ORIENTED_EDGE('',*,*,#2827,.F.);
#4512=ORIENTED_EDGE('',*,*,#3324,.T.);
#4513=ORIENTED_EDGE('',*,*,#3325,.T.);
#4514=ORIENTED_EDGE('',*,*,#3324,.F.);
#4515=ORIENTED_EDGE('',*,*,#3325,.F.);
#4516=ORIENTED_EDGE('',*,*,#3320,.T.);
#4517=ORIENTED_EDGE('',*,*,#3326,.F.);
#4518=ORIENTED_EDGE('',*,*,#3327,.T.);
#4519=ORIENTED_EDGE('',*,*,#3328,.F.);
#4520=ORIENTED_EDGE('',*,*,#3327,.F.);
#4521=ORIENTED_EDGE('',*,*,#3003,.T.);
#4522=ORIENTED_EDGE('',*,*,#3326,.T.);
#4523=ORIENTED_EDGE('',*,*,#3328,.T.);
#4524=ORIENTED_EDGE('',*,*,#2868,.T.);
#4525=ORIENTED_EDGE('',*,*,#2879,.T.);
#4526=ORIENTED_EDGE('',*,*,#2874,.T.);
#4527=ORIENTED_EDGE('',*,*,#3329,.T.);
#4528=ORIENTED_EDGE('',*,*,#3330,.T.);
#4529=ORIENTED_EDGE('',*,*,#3273,.F.);
#4530=ORIENTED_EDGE('',*,*,#3210,.F.);
#4531=ORIENTED_EDGE('',*,*,#2731,.T.);
#4532=ORIENTED_EDGE('',*,*,#2729,.T.);
#4533=ORIENTED_EDGE('',*,*,#3220,.T.);
#4534=ORIENTED_EDGE('',*,*,#3331,.F.);
#4535=ORIENTED_EDGE('',*,*,#3253,.F.);
#4536=ORIENTED_EDGE('',*,*,#3274,.F.);
#4537=ORIENTED_EDGE('',*,*,#3330,.F.);
#4538=ORIENTED_EDGE('',*,*,#3329,.F.);
#4539=ORIENTED_EDGE('',*,*,#3332,.T.);
#4540=ORIENTED_EDGE('',*,*,#2934,.T.);
#4541=ORIENTED_EDGE('',*,*,#3332,.F.);
#4542=ORIENTED_EDGE('',*,*,#3333,.T.);
#4543=ORIENTED_EDGE('',*,*,#3334,.T.);
#4544=ORIENTED_EDGE('',*,*,#2749,.T.);
#4545=ORIENTED_EDGE('',*,*,#2718,.T.);
#4546=ORIENTED_EDGE('',*,*,#2750,.T.);
#4547=ORIENTED_EDGE('',*,*,#3334,.F.);
#4548=ORIENTED_EDGE('',*,*,#3333,.F.);
#4549=ORIENTED_EDGE('',*,*,#3335,.T.);
#4550=ORIENTED_EDGE('',*,*,#2812,.F.);
#4551=ORIENTED_EDGE('',*,*,#3335,.F.);
#4552=ORIENTED_EDGE('',*,*,#3336,.T.);
#4553=ORIENTED_EDGE('',*,*,#3337,.T.);
#4554=ORIENTED_EDGE('',*,*,#2767,.T.);
#4555=ORIENTED_EDGE('',*,*,#3337,.F.);
#4556=ORIENTED_EDGE('',*,*,#3336,.F.);
#4557=ORIENTED_EDGE('',*,*,#3338,.T.);
#4558=ORIENTED_EDGE('',*,*,#2813,.F.);
#4559=ORIENTED_EDGE('',*,*,#3338,.F.);
#4560=ORIENTED_EDGE('',*,*,#3339,.T.);
#4561=ORIENTED_EDGE('',*,*,#3340,.T.);
#4562=ORIENTED_EDGE('',*,*,#2753,.T.);
#4563=ORIENTED_EDGE('',*,*,#3340,.F.);
#4564=ORIENTED_EDGE('',*,*,#3339,.F.);
#4565=ORIENTED_EDGE('',*,*,#3341,.T.);
#4566=ORIENTED_EDGE('',*,*,#2821,.F.);
#4567=ORIENTED_EDGE('',*,*,#3341,.F.);
#4568=ORIENTED_EDGE('',*,*,#3342,.T.);
#4569=ORIENTED_EDGE('',*,*,#3343,.T.);
#4570=ORIENTED_EDGE('',*,*,#2766,.T.);
#4571=ORIENTED_EDGE('',*,*,#3343,.F.);
#4572=ORIENTED_EDGE('',*,*,#3342,.F.);
#4573=ORIENTED_EDGE('',*,*,#3344,.T.);
#4574=ORIENTED_EDGE('',*,*,#2820,.F.);
#4575=ORIENTED_EDGE('',*,*,#3344,.F.);
#4576=ORIENTED_EDGE('',*,*,#3345,.T.);
#4577=ORIENTED_EDGE('',*,*,#3346,.T.);
#4578=ORIENTED_EDGE('',*,*,#2754,.T.);
#4579=ORIENTED_EDGE('',*,*,#3346,.F.);
#4580=ORIENTED_EDGE('',*,*,#3345,.F.);
#4581=ORIENTED_EDGE('',*,*,#3347,.T.);
#4582=ORIENTED_EDGE('',*,*,#2811,.F.);
#4583=ORIENTED_EDGE('',*,*,#3347,.F.);
#4584=ORIENTED_EDGE('',*,*,#3348,.T.);
#4585=ORIENTED_EDGE('',*,*,#3349,.T.);
#4586=ORIENTED_EDGE('',*,*,#2765,.T.);
#4587=ORIENTED_EDGE('',*,*,#3349,.F.);
#4588=ORIENTED_EDGE('',*,*,#3348,.F.);
#4589=ORIENTED_EDGE('',*,*,#3350,.T.);
#4590=ORIENTED_EDGE('',*,*,#2806,.F.);
#4591=ORIENTED_EDGE('',*,*,#2997,.T.);
#4592=ORIENTED_EDGE('',*,*,#2807,.F.);
#4593=ORIENTED_EDGE('',*,*,#3350,.F.);
#4594=ORIENTED_EDGE('',*,*,#3351,.T.);
#4595=ORIENTED_EDGE('',*,*,#3352,.T.);
#4596=ORIENTED_EDGE('',*,*,#2755,.T.);
#4597=ORIENTED_EDGE('',*,*,#3352,.F.);
#4598=ORIENTED_EDGE('',*,*,#3351,.F.);
#4599=ORIENTED_EDGE('',*,*,#3353,.T.);
#4600=ORIENTED_EDGE('',*,*,#2814,.F.);
#4601=ORIENTED_EDGE('',*,*,#3353,.F.);
#4602=ORIENTED_EDGE('',*,*,#3354,.T.);
#4603=ORIENTED_EDGE('',*,*,#3355,.T.);
#4604=ORIENTED_EDGE('',*,*,#2764,.T.);
#4605=ORIENTED_EDGE('',*,*,#3355,.F.);
#4606=ORIENTED_EDGE('',*,*,#3354,.F.);
#4607=ORIENTED_EDGE('',*,*,#3356,.T.);
#4608=ORIENTED_EDGE('',*,*,#2819,.F.);
#4609=ORIENTED_EDGE('',*,*,#3356,.F.);
#4610=ORIENTED_EDGE('',*,*,#3357,.T.);
#4611=ORIENTED_EDGE('',*,*,#3358,.T.);
#4612=ORIENTED_EDGE('',*,*,#2756,.T.);
#4613=ORIENTED_EDGE('',*,*,#3358,.F.);
#4614=ORIENTED_EDGE('',*,*,#3357,.F.);
#4615=ORIENTED_EDGE('',*,*,#3359,.T.);
#4616=ORIENTED_EDGE('',*,*,#2815,.F.);
#4617=ORIENTED_EDGE('',*,*,#3359,.F.);
#4618=ORIENTED_EDGE('',*,*,#3360,.T.);
#4619=ORIENTED_EDGE('',*,*,#3361,.T.);
#4620=ORIENTED_EDGE('',*,*,#2763,.T.);
#4621=ORIENTED_EDGE('',*,*,#3361,.F.);
#4622=ORIENTED_EDGE('',*,*,#3360,.F.);
#4623=ORIENTED_EDGE('',*,*,#3362,.T.);
#4624=ORIENTED_EDGE('',*,*,#2809,.F.);
#4625=ORIENTED_EDGE('',*,*,#3362,.F.);
#4626=ORIENTED_EDGE('',*,*,#3363,.T.);
#4627=ORIENTED_EDGE('',*,*,#3364,.T.);
#4628=ORIENTED_EDGE('',*,*,#2757,.T.);
#4629=ORIENTED_EDGE('',*,*,#3364,.F.);
#4630=ORIENTED_EDGE('',*,*,#3363,.F.);
#4631=ORIENTED_EDGE('',*,*,#3365,.T.);
#4632=ORIENTED_EDGE('',*,*,#2818,.F.);
#4633=ORIENTED_EDGE('',*,*,#3365,.F.);
#4634=ORIENTED_EDGE('',*,*,#3366,.T.);
#4635=ORIENTED_EDGE('',*,*,#3367,.T.);
#4636=ORIENTED_EDGE('',*,*,#2762,.T.);
#4637=ORIENTED_EDGE('',*,*,#3367,.F.);
#4638=ORIENTED_EDGE('',*,*,#3366,.F.);
#4639=ORIENTED_EDGE('',*,*,#3368,.T.);
#4640=ORIENTED_EDGE('',*,*,#3016,.T.);
#4641=ORIENTED_EDGE('',*,*,#2838,.F.);
#4642=ORIENTED_EDGE('',*,*,#3012,.T.);
#4643=ORIENTED_EDGE('',*,*,#3368,.F.);
#4644=ORIENTED_EDGE('',*,*,#3369,.T.);
#4645=ORIENTED_EDGE('',*,*,#3370,.T.);
#4646=ORIENTED_EDGE('',*,*,#2758,.T.);
#4647=ORIENTED_EDGE('',*,*,#3370,.F.);
#4648=ORIENTED_EDGE('',*,*,#3369,.F.);
#4649=ORIENTED_EDGE('',*,*,#3371,.T.);
#4650=ORIENTED_EDGE('',*,*,#2816,.F.);
#4651=ORIENTED_EDGE('',*,*,#3371,.F.);
#4652=ORIENTED_EDGE('',*,*,#3372,.T.);
#4653=ORIENTED_EDGE('',*,*,#3373,.T.);
#4654=ORIENTED_EDGE('',*,*,#2761,.T.);
#4655=ORIENTED_EDGE('',*,*,#3373,.F.);
#4656=ORIENTED_EDGE('',*,*,#3372,.F.);
#4657=ORIENTED_EDGE('',*,*,#3374,.T.);
#4658=ORIENTED_EDGE('',*,*,#2817,.F.);
#4659=ORIENTED_EDGE('',*,*,#3374,.F.);
#4660=ORIENTED_EDGE('',*,*,#2700,.T.);
#4661=ORIENTED_EDGE('',*,*,#3375,.T.);
#4662=ORIENTED_EDGE('',*,*,#3376,.T.);
#4663=ORIENTED_EDGE('',*,*,#2759,.T.);
#4664=ORIENTED_EDGE('',*,*,#3376,.F.);
#4665=ORIENTED_EDGE('',*,*,#3377,.T.);
#4666=ORIENTED_EDGE('',*,*,#2699,.T.);
#4667=ORIENTED_EDGE('',*,*,#2715,.T.);
#4668=ORIENTED_EDGE('',*,*,#2701,.T.);
#4669=ORIENTED_EDGE('',*,*,#3377,.F.);
#4670=ORIENTED_EDGE('',*,*,#3375,.F.);
#4671=ORIENTED_EDGE('',*,*,#3378,.T.);
#4672=ORIENTED_EDGE('',*,*,#3379,.T.);
#4673=ORIENTED_EDGE('',*,*,#2760,.T.);
#4674=ORIENTED_EDGE('',*,*,#3379,.F.);
#4675=ORIENTED_EDGE('',*,*,#3378,.F.);
#4676=ORIENTED_EDGE('',*,*,#3380,.T.);
#4677=ORIENTED_EDGE('',*,*,#2982,.T.);
#4678=ORIENTED_EDGE('',*,*,#2795,.F.);
#4679=ORIENTED_EDGE('',*,*,#2977,.T.);
#4680=ORIENTED_EDGE('',*,*,#3380,.F.);
#4681=ORIENTED_EDGE('',*,*,#3254,.T.);
#4682=ORIENTED_EDGE('',*,*,#3331,.T.);
#4683=ORIENTED_EDGE('',*,*,#3219,.T.);
#4684=ORIENTED_EDGE('',*,*,#3250,.F.);
#4685=ORIENTED_EDGE('',*,*,#3381,.T.);
#4686=ORIENTED_EDGE('',*,*,#3382,.T.);
#4687=ORIENTED_EDGE('',*,*,#2747,.F.);
#4688=ORIENTED_EDGE('',*,*,#3179,.T.);
#4689=ORIENTED_EDGE('',*,*,#3225,.F.);
#4690=ORIENTED_EDGE('',*,*,#3301,.F.);
#4691=ORIENTED_EDGE('',*,*,#3088,.F.);
#4692=ORIENTED_EDGE('',*,*,#3383,.F.);
#4693=ORIENTED_EDGE('',*,*,#3268,.F.);
#4694=ORIENTED_EDGE('',*,*,#3384,.F.);
#4695=ORIENTED_EDGE('',*,*,#3147,.F.);
#4696=ORIENTED_EDGE('',*,*,#3297,.F.);
#4697=ORIENTED_EDGE('',*,*,#3227,.F.);
#4698=ORIENTED_EDGE('',*,*,#3385,.T.);
#4699=ORIENTED_EDGE('',*,*,#3086,.F.);
#4700=ORIENTED_EDGE('',*,*,#3264,.F.);
#4701=ORIENTED_EDGE('',*,*,#3266,.T.);
#4702=ORIENTED_EDGE('',*,*,#3272,.F.);
#4703=ORIENTED_EDGE('',*,*,#3149,.F.);
#4704=ORIENTED_EDGE('',*,*,#3386,.T.);
#4705=ORIENTED_EDGE('',*,*,#3243,.F.);
#4706=ORIENTED_EDGE('',*,*,#3284,.F.);
#4707=ORIENTED_EDGE('',*,*,#3104,.F.);
#4708=ORIENTED_EDGE('',*,*,#3387,.F.);
#4709=ORIENTED_EDGE('',*,*,#3195,.F.);
#4710=ORIENTED_EDGE('',*,*,#3388,.F.);
#4711=ORIENTED_EDGE('',*,*,#3131,.F.);
#4712=ORIENTED_EDGE('',*,*,#3309,.F.);
#4713=ORIENTED_EDGE('',*,*,#3245,.F.);
#4714=ORIENTED_EDGE('',*,*,#3389,.T.);
#4715=ORIENTED_EDGE('',*,*,#3102,.F.);
#4716=ORIENTED_EDGE('',*,*,#3316,.F.);
#4717=ORIENTED_EDGE('',*,*,#3193,.T.);
#4718=ORIENTED_EDGE('',*,*,#3291,.F.);
#4719=ORIENTED_EDGE('',*,*,#3133,.F.);
#4720=ORIENTED_EDGE('',*,*,#3390,.T.);
#4721=ORIENTED_EDGE('',*,*,#3275,.F.);
#4722=ORIENTED_EDGE('',*,*,#3251,.T.);
#4723=ORIENTED_EDGE('',*,*,#3114,.F.);
#4724=ORIENTED_EDGE('',*,*,#3286,.F.);
#4725=ORIENTED_EDGE('',*,*,#3188,.F.);
#4726=ORIENTED_EDGE('',*,*,#3311,.F.);
#4727=ORIENTED_EDGE('',*,*,#3121,.F.);
#4728=ORIENTED_EDGE('',*,*,#3391,.T.);
#4729=ORIENTED_EDGE('',*,*,#3247,.F.);
#4730=ORIENTED_EDGE('',*,*,#3317,.F.);
#4731=ORIENTED_EDGE('',*,*,#3100,.F.);
#4732=ORIENTED_EDGE('',*,*,#3392,.F.);
#4733=ORIENTED_EDGE('',*,*,#3191,.F.);
#4734=ORIENTED_EDGE('',*,*,#3393,.F.);
#4735=ORIENTED_EDGE('',*,*,#3135,.F.);
#4736=ORIENTED_EDGE('',*,*,#3292,.F.);
#4737=ORIENTED_EDGE('',*,*,#3232,.F.);
#4738=ORIENTED_EDGE('',*,*,#3394,.T.);
#4739=ORIENTED_EDGE('',*,*,#3098,.F.);
#4740=ORIENTED_EDGE('',*,*,#3303,.F.);
#4741=ORIENTED_EDGE('',*,*,#3206,.T.);
#4742=ORIENTED_EDGE('',*,*,#3306,.F.);
#4743=ORIENTED_EDGE('',*,*,#3137,.F.);
#4744=ORIENTED_EDGE('',*,*,#3395,.T.);
#4745=ORIENTED_EDGE('',*,*,#3238,.F.);
#4746=ORIENTED_EDGE('',*,*,#3295,.F.);
#4747=ORIENTED_EDGE('',*,*,#3092,.F.);
#4748=ORIENTED_EDGE('',*,*,#3396,.F.);
#4749=ORIENTED_EDGE('',*,*,#3200,.F.);
#4750=ORIENTED_EDGE('',*,*,#3397,.F.);
#4751=ORIENTED_EDGE('',*,*,#3143,.F.);
#4752=ORIENTED_EDGE('',*,*,#3293,.F.);
#4753=ORIENTED_EDGE('',*,*,#3223,.F.);
#4754=ORIENTED_EDGE('',*,*,#3398,.T.);
#4755=ORIENTED_EDGE('',*,*,#3090,.F.);
#4756=ORIENTED_EDGE('',*,*,#3302,.F.);
#4757=ORIENTED_EDGE('',*,*,#3270,.T.);
#4758=ORIENTED_EDGE('',*,*,#3298,.F.);
#4759=ORIENTED_EDGE('',*,*,#3145,.F.);
#4760=ORIENTED_EDGE('',*,*,#3399,.T.);
#4761=ORIENTED_EDGE('',*,*,#3281,.F.);
#4762=ORIENTED_EDGE('',*,*,#3314,.F.);
#4763=ORIENTED_EDGE('',*,*,#3108,.F.);
#4764=ORIENTED_EDGE('',*,*,#3400,.F.);
#4765=ORIENTED_EDGE('',*,*,#3182,.F.);
#4766=ORIENTED_EDGE('',*,*,#3401,.F.);
#4767=ORIENTED_EDGE('',*,*,#3127,.F.);
#4768=ORIENTED_EDGE('',*,*,#3289,.F.);
#4769=ORIENTED_EDGE('',*,*,#3241,.F.);
#4770=ORIENTED_EDGE('',*,*,#3402,.T.);
#4771=ORIENTED_EDGE('',*,*,#3106,.F.);
#4772=ORIENTED_EDGE('',*,*,#3285,.F.);
#4773=ORIENTED_EDGE('',*,*,#3197,.T.);
#4774=ORIENTED_EDGE('',*,*,#3310,.F.);
#4775=ORIENTED_EDGE('',*,*,#3129,.F.);
#4776=ORIENTED_EDGE('',*,*,#3403,.T.);
#4777=ORIENTED_EDGE('',*,*,#3277,.F.);
#4778=ORIENTED_EDGE('',*,*,#3287,.F.);
#4779=ORIENTED_EDGE('',*,*,#3112,.F.);
#4780=ORIENTED_EDGE('',*,*,#3404,.F.);
#4781=ORIENTED_EDGE('',*,*,#3186,.F.);
#4782=ORIENTED_EDGE('',*,*,#3405,.F.);
#4783=ORIENTED_EDGE('',*,*,#3123,.F.);
#4784=ORIENTED_EDGE('',*,*,#3312,.F.);
#4785=ORIENTED_EDGE('',*,*,#3279,.F.);
#4786=ORIENTED_EDGE('',*,*,#3406,.T.);
#4787=ORIENTED_EDGE('',*,*,#3110,.F.);
#4788=ORIENTED_EDGE('',*,*,#3315,.F.);
#4789=ORIENTED_EDGE('',*,*,#3184,.T.);
#4790=ORIENTED_EDGE('',*,*,#3290,.F.);
#4791=ORIENTED_EDGE('',*,*,#3125,.F.);
#4792=ORIENTED_EDGE('',*,*,#3407,.T.);
#4793=ORIENTED_EDGE('',*,*,#3234,.F.);
#4794=ORIENTED_EDGE('',*,*,#3304,.F.);
#4795=ORIENTED_EDGE('',*,*,#3096,.F.);
#4796=ORIENTED_EDGE('',*,*,#3408,.F.);
#4797=ORIENTED_EDGE('',*,*,#3204,.F.);
#4798=ORIENTED_EDGE('',*,*,#3409,.F.);
#4799=ORIENTED_EDGE('',*,*,#3139,.F.);
#4800=ORIENTED_EDGE('',*,*,#3307,.F.);
#4801=ORIENTED_EDGE('',*,*,#3236,.F.);
#4802=ORIENTED_EDGE('',*,*,#3410,.T.);
#4803=ORIENTED_EDGE('',*,*,#3094,.F.);
#4804=ORIENTED_EDGE('',*,*,#3296,.F.);
#4805=ORIENTED_EDGE('',*,*,#3202,.T.);
#4806=ORIENTED_EDGE('',*,*,#3294,.F.);
#4807=ORIENTED_EDGE('',*,*,#3141,.F.);
#4808=ORIENTED_EDGE('',*,*,#3411,.T.);
#4809=ORIENTED_EDGE('',*,*,#3162,.F.);
#4810=ORIENTED_EDGE('',*,*,#3299,.F.);
#4811=ORIENTED_EDGE('',*,*,#3080,.F.);
#4812=ORIENTED_EDGE('',*,*,#3412,.F.);
#4813=ORIENTED_EDGE('',*,*,#3068,.F.);
#4814=ORIENTED_EDGE('',*,*,#3072,.F.);
#4815=ORIENTED_EDGE('',*,*,#3154,.F.);
#4816=ORIENTED_EDGE('',*,*,#3060,.F.);
#4817=ORIENTED_EDGE('',*,*,#3164,.F.);
#4818=ORIENTED_EDGE('',*,*,#3413,.T.);
#4819=ORIENTED_EDGE('',*,*,#3078,.F.);
#4820=ORIENTED_EDGE('',*,*,#3157,.F.);
#4821=ORIENTED_EDGE('',*,*,#3040,.F.);
#4822=ORIENTED_EDGE('',*,*,#3049,.F.);
#4823=ORIENTED_EDGE('',*,*,#3155,.F.);
#4824=ORIENTED_EDGE('',*,*,#3070,.T.);
#4825=ORIENTED_EDGE('',*,*,#2722,.T.);
#4826=ORIENTED_EDGE('',*,*,#3414,.F.);
#4827=ORIENTED_EDGE('',*,*,#3381,.F.);
#4828=ORIENTED_EDGE('',*,*,#3178,.F.);
#4829=ORIENTED_EDGE('',*,*,#3189,.F.);
#4830=ORIENTED_EDGE('',*,*,#3391,.F.);
#4831=ORIENTED_EDGE('',*,*,#3120,.F.);
#4832=ORIENTED_EDGE('',*,*,#2724,.F.);
#4833=ORIENTED_EDGE('',*,*,#3119,.F.);
#4834=ORIENTED_EDGE('',*,*,#3283,.F.);
#4835=ORIENTED_EDGE('',*,*,#3116,.F.);
#4836=ORIENTED_EDGE('',*,*,#2789,.F.);
#4837=ORIENTED_EDGE('',*,*,#3415,.T.);
#4838=ORIENTED_EDGE('',*,*,#3416,.T.);
#4839=ORIENTED_EDGE('',*,*,#3415,.F.);
#4840=ORIENTED_EDGE('',*,*,#3416,.F.);
#4841=ORIENTED_EDGE('',*,*,#3417,.F.);
#4842=ORIENTED_EDGE('',*,*,#2825,.F.);
#4843=ORIENTED_EDGE('',*,*,#2858,.T.);
#4844=ORIENTED_EDGE('',*,*,#3418,.T.);
#4845=ORIENTED_EDGE('',*,*,#3419,.T.);
#4846=ORIENTED_EDGE('',*,*,#3418,.F.);
#4847=ORIENTED_EDGE('',*,*,#2861,.T.);
#4848=ORIENTED_EDGE('',*,*,#3419,.F.);
#4849=ORIENTED_EDGE('',*,*,#3420,.F.);
#4850=ORIENTED_EDGE('',*,*,#2823,.F.);
#4851=ORIENTED_EDGE('',*,*,#3421,.T.);
#4852=ORIENTED_EDGE('',*,*,#3422,.T.);
#4853=ORIENTED_EDGE('',*,*,#3421,.F.);
#4854=ORIENTED_EDGE('',*,*,#3422,.F.);
#4855=ORIENTED_EDGE('',*,*,#3423,.F.);
#4856=ORIENTED_EDGE('',*,*,#2797,.F.);
#4857=ORIENTED_EDGE('',*,*,#2993,.T.);
#4858=ORIENTED_EDGE('',*,*,#2798,.F.);
#4859=ORIENTED_EDGE('',*,*,#3424,.T.);
#4860=ORIENTED_EDGE('',*,*,#3425,.T.);
#4861=ORIENTED_EDGE('',*,*,#3424,.F.);
#4862=ORIENTED_EDGE('',*,*,#3425,.F.);
#4863=ORIENTED_EDGE('',*,*,#3426,.F.);
#4864=ORIENTED_EDGE('',*,*,#2745,.T.);
#4865=ORIENTED_EDGE('',*,*,#3427,.T.);
#4866=ORIENTED_EDGE('',*,*,#2810,.F.);
#4867=ORIENTED_EDGE('',*,*,#3427,.F.);
#4868=ORIENTED_EDGE('',*,*,#2744,.T.);
#4869=ORIENTED_EDGE('',*,*,#3180,.T.);
#4870=ORIENTED_EDGE('',*,*,#2733,.T.);
#4871=ORIENTED_EDGE('',*,*,#3209,.T.);
#4872=ORIENTED_EDGE('',*,*,#3428,.T.);
#4873=ORIENTED_EDGE('',*,*,#2788,.F.);
#4874=ORIENTED_EDGE('',*,*,#3428,.F.);
#4875=ORIENTED_EDGE('',*,*,#3208,.T.);
#4876=ORIENTED_EDGE('',*,*,#2738,.T.);
#4877=ORIENTED_EDGE('',*,*,#3429,.T.);
#4878=ORIENTED_EDGE('',*,*,#2822,.F.);
#4879=ORIENTED_EDGE('',*,*,#3429,.F.);
#4880=ORIENTED_EDGE('',*,*,#2737,.T.);
#4881=ORIENTED_EDGE('',*,*,#3051,.T.);
#4882=ORIENTED_EDGE('',*,*,#2721,.T.);
#4883=ORIENTED_EDGE('',*,*,#2748,.T.);
#4884=ORIENTED_EDGE('',*,*,#3382,.F.);
#4885=ORIENTED_EDGE('',*,*,#3414,.T.);
#4886=ORIENTED_EDGE('',*,*,#3384,.T.);
#4887=ORIENTED_EDGE('',*,*,#3267,.F.);
#4888=ORIENTED_EDGE('',*,*,#3386,.F.);
#4889=ORIENTED_EDGE('',*,*,#3148,.F.);
#4890=ORIENTED_EDGE('',*,*,#3383,.T.);
#4891=ORIENTED_EDGE('',*,*,#3087,.F.);
#4892=ORIENTED_EDGE('',*,*,#3385,.F.);
#4893=ORIENTED_EDGE('',*,*,#3226,.F.);
#4894=ORIENTED_EDGE('',*,*,#3388,.T.);
#4895=ORIENTED_EDGE('',*,*,#3194,.F.);
#4896=ORIENTED_EDGE('',*,*,#3390,.F.);
#4897=ORIENTED_EDGE('',*,*,#3132,.F.);
#4898=ORIENTED_EDGE('',*,*,#3387,.T.);
#4899=ORIENTED_EDGE('',*,*,#3103,.F.);
#4900=ORIENTED_EDGE('',*,*,#3389,.F.);
#4901=ORIENTED_EDGE('',*,*,#3244,.F.);
#4902=ORIENTED_EDGE('',*,*,#3207,.F.);
#4903=ORIENTED_EDGE('',*,*,#3395,.F.);
#4904=ORIENTED_EDGE('',*,*,#3136,.F.);
#4905=ORIENTED_EDGE('',*,*,#3393,.T.);
#4906=ORIENTED_EDGE('',*,*,#3190,.F.);
#4907=ORIENTED_EDGE('',*,*,#3174,.T.);
#4908=ORIENTED_EDGE('',*,*,#3248,.F.);
#4909=ORIENTED_EDGE('',*,*,#3392,.T.);
#4910=ORIENTED_EDGE('',*,*,#3099,.F.);
#4911=ORIENTED_EDGE('',*,*,#3394,.F.);
#4912=ORIENTED_EDGE('',*,*,#3231,.F.);
#4913=ORIENTED_EDGE('',*,*,#3214,.T.);
#4914=ORIENTED_EDGE('',*,*,#3271,.F.);
#4915=ORIENTED_EDGE('',*,*,#3399,.F.);
#4916=ORIENTED_EDGE('',*,*,#3144,.F.);
#4917=ORIENTED_EDGE('',*,*,#3397,.T.);
#4918=ORIENTED_EDGE('',*,*,#3199,.F.);
#4919=ORIENTED_EDGE('',*,*,#3172,.T.);
#4920=ORIENTED_EDGE('',*,*,#3239,.F.);
#4921=ORIENTED_EDGE('',*,*,#3396,.T.);
#4922=ORIENTED_EDGE('',*,*,#3091,.F.);
#4923=ORIENTED_EDGE('',*,*,#3398,.F.);
#4924=ORIENTED_EDGE('',*,*,#3222,.F.);
#4925=ORIENTED_EDGE('',*,*,#3216,.T.);
#4926=ORIENTED_EDGE('',*,*,#3198,.F.);
#4927=ORIENTED_EDGE('',*,*,#3403,.F.);
#4928=ORIENTED_EDGE('',*,*,#3128,.F.);
#4929=ORIENTED_EDGE('',*,*,#3401,.T.);
#4930=ORIENTED_EDGE('',*,*,#3181,.F.);
#4931=ORIENTED_EDGE('',*,*,#3176,.T.);
#4932=ORIENTED_EDGE('',*,*,#3282,.F.);
#4933=ORIENTED_EDGE('',*,*,#3400,.T.);
#4934=ORIENTED_EDGE('',*,*,#3107,.F.);
#4935=ORIENTED_EDGE('',*,*,#3402,.F.);
#4936=ORIENTED_EDGE('',*,*,#3240,.F.);
#4937=ORIENTED_EDGE('',*,*,#3212,.T.);
#4938=ORIENTED_EDGE('',*,*,#3405,.T.);
#4939=ORIENTED_EDGE('',*,*,#3185,.F.);
#4940=ORIENTED_EDGE('',*,*,#3407,.F.);
#4941=ORIENTED_EDGE('',*,*,#3124,.F.);
#4942=ORIENTED_EDGE('',*,*,#3404,.T.);
#4943=ORIENTED_EDGE('',*,*,#3111,.F.);
#4944=ORIENTED_EDGE('',*,*,#3406,.F.);
#4945=ORIENTED_EDGE('',*,*,#3278,.F.);
#4946=ORIENTED_EDGE('',*,*,#2708,.T.);
#4947=ORIENTED_EDGE('',*,*,#2704,.T.);
#4948=ORIENTED_EDGE('',*,*,#3409,.T.);
#4949=ORIENTED_EDGE('',*,*,#3203,.F.);
#4950=ORIENTED_EDGE('',*,*,#3411,.F.);
#4951=ORIENTED_EDGE('',*,*,#3140,.F.);
#4952=ORIENTED_EDGE('',*,*,#3408,.T.);
#4953=ORIENTED_EDGE('',*,*,#3095,.F.);
#4954=ORIENTED_EDGE('',*,*,#3410,.F.);
#4955=ORIENTED_EDGE('',*,*,#3235,.F.);
#4956=ORIENTED_EDGE('',*,*,#3412,.T.);
#4957=ORIENTED_EDGE('',*,*,#3079,.F.);
#4958=ORIENTED_EDGE('',*,*,#3413,.F.);
#4959=ORIENTED_EDGE('',*,*,#3163,.F.);
#4960=ORIENTED_EDGE('',*,*,#3426,.T.);
#4961=ORIENTED_EDGE('',*,*,#3430,.T.);
#4962=ORIENTED_EDGE('',*,*,#3313,.F.);
#4963=ORIENTED_EDGE('',*,*,#3430,.F.);
#4964=ORIENTED_EDGE('',*,*,#3423,.T.);
#4965=ORIENTED_EDGE('',*,*,#3431,.T.);
#4966=ORIENTED_EDGE('',*,*,#3308,.F.);
#4967=ORIENTED_EDGE('',*,*,#3431,.F.);
#4968=ORIENTED_EDGE('',*,*,#3417,.T.);
#4969=ORIENTED_EDGE('',*,*,#3432,.T.);
#4970=ORIENTED_EDGE('',*,*,#3305,.F.);
#4971=ORIENTED_EDGE('',*,*,#3432,.F.);
#4972=ORIENTED_EDGE('',*,*,#3420,.T.);
#4973=ORIENTED_EDGE('',*,*,#3433,.T.);
#4974=ORIENTED_EDGE('',*,*,#3288,.F.);
#4975=ORIENTED_EDGE('',*,*,#3433,.F.);
#4976=CYLINDRICAL_SURFACE('',#5390,1.05);
#4977=CYLINDRICAL_SURFACE('',#5394,1.05);
#4978=CYLINDRICAL_SURFACE('',#5397,1.05);
#4979=CYLINDRICAL_SURFACE('',#5400,1.05);
#4980=CYLINDRICAL_SURFACE('',#5403,5.3562342859);
#4981=CYLINDRICAL_SURFACE('',#5406,1.05);
#4982=CYLINDRICAL_SURFACE('',#5409,1.05);
#4983=CYLINDRICAL_SURFACE('',#5413,1.05);
#4984=CYLINDRICAL_SURFACE('',#5416,1.05);
#4985=CYLINDRICAL_SURFACE('',#5423,1.05);
#4986=CYLINDRICAL_SURFACE('',#5427,1.05);
#4987=CYLINDRICAL_SURFACE('',#5430,1.05);
#4988=CYLINDRICAL_SURFACE('',#5436,2.3);
#4989=CYLINDRICAL_SURFACE('',#5529,2.);
#4990=CYLINDRICAL_SURFACE('',#5533,2.);
#4991=CYLINDRICAL_SURFACE('',#5535,0.939999999999999);
#4992=CYLINDRICAL_SURFACE('',#5540,0.940000000000001);
#4993=CYLINDRICAL_SURFACE('',#5547,3.24144730505122);
#4994=CYLINDRICAL_SURFACE('',#5553,1.425);
#4995=CYLINDRICAL_SURFACE('',#5561,1.425);
#4996=CYLINDRICAL_SURFACE('',#5568,1.425);
#4997=CYLINDRICAL_SURFACE('',#5576,0.924999999999998);
#4998=CYLINDRICAL_SURFACE('',#5584,0.925000000000002);
#4999=CYLINDRICAL_SURFACE('',#5592,0.924999999999998);
#5000=CYLINDRICAL_SURFACE('',#5603,0.876222370264177);
#5001=CYLINDRICAL_SURFACE('',#5612,0.921954425122005);
#5002=CYLINDRICAL_SURFACE('',#5618,0.925000000000002);
#5003=CYLINDRICAL_SURFACE('',#5628,1.425);
#5004=CYLINDRICAL_SURFACE('',#5635,1.425);
#5005=CYLINDRICAL_SURFACE('',#5641,1.43178207432481);
#5006=CYLINDRICAL_SURFACE('',#5643,1.4);
#5007=CYLINDRICAL_SURFACE('',#5667,2.675);
#5008=CYLINDRICAL_SURFACE('',#5671,2.675);
#5009=CYLINDRICAL_SURFACE('',#5675,2.75);
#5010=CYLINDRICAL_SURFACE('',#5680,2.75);
#5011=CYLINDRICAL_SURFACE('',#5684,2.75);
#5012=CYLINDRICAL_SURFACE('',#5687,2.425);
#5013=CYLINDRICAL_SURFACE('',#5688,2.425);
#5014=CYLINDRICAL_SURFACE('',#5693,2.425);
#5015=CYLINDRICAL_SURFACE('',#5696,2.425);
#5016=CYLINDRICAL_SURFACE('',#5697,2.5);
#5017=CYLINDRICAL_SURFACE('',#5699,3.);
#5018=CYLINDRICAL_SURFACE('',#5702,3.);
#5019=CYLINDRICAL_SURFACE('',#5710,0.761);
#5020=CYLINDRICAL_SURFACE('',#5713,0.761);
#5021=CYLINDRICAL_SURFACE('',#5716,2.);
#5022=CYLINDRICAL_SURFACE('',#5718,1.368);
#5023=CYLINDRICAL_SURFACE('',#5724,1.9);
#5024=CYLINDRICAL_SURFACE('',#5725,0.476);
#5025=CYLINDRICAL_SURFACE('',#5727,2.);
#5026=CYLINDRICAL_SURFACE('',#5729,1.5);
#5027=CYLINDRICAL_SURFACE('',#5759,1.5);
#5028=CYLINDRICAL_SURFACE('',#5760,1.5);
#5029=CYLINDRICAL_SURFACE('',#5763,2.);
#5030=CYLINDRICAL_SURFACE('',#5777,2.);
#5031=CYLINDRICAL_SURFACE('',#5794,1.99999999999999);
#5032=CYLINDRICAL_SURFACE('',#5797,2.01);
#5033=CYLINDRICAL_SURFACE('',#5801,2.01);
#5034=CYLINDRICAL_SURFACE('',#5837,1.5);
#5035=CYLINDRICAL_SURFACE('',#5839,1.5);
#5036=CYLINDRICAL_SURFACE('',#5841,2.575);
#5037=CYLINDRICAL_SURFACE('',#5844,2.575);
#5038=CYLINDRICAL_SURFACE('',#5847,1.425);
#5039=CYLINDRICAL_SURFACE('',#5857,1.);
#5040=CYLINDRICAL_SURFACE('',#5860,0.999999999999996);
#5041=CYLINDRICAL_SURFACE('',#5863,0.999999999999996);
#5042=CYLINDRICAL_SURFACE('',#5866,1.);
#5043=CYLINDRICAL_SURFACE('',#5869,1.);
#5044=CYLINDRICAL_SURFACE('',#5872,0.999999999999996);
#5045=CYLINDRICAL_SURFACE('',#5875,0.999999999999996);
#5046=CYLINDRICAL_SURFACE('',#5878,1.);
#5047=CYLINDRICAL_SURFACE('',#5881,1.);
#5048=CYLINDRICAL_SURFACE('',#5884,0.999999999999996);
#5049=CYLINDRICAL_SURFACE('',#5887,1.);
#5050=CYLINDRICAL_SURFACE('',#5890,0.999999999999996);
#5051=CYLINDRICAL_SURFACE('',#5893,1.);
#5052=CYLINDRICAL_SURFACE('',#5896,0.999999999999996);
#5053=CYLINDRICAL_SURFACE('',#5899,0.999999999999996);
#5054=CYLINDRICAL_SURFACE('',#5903,1.);
#5055=CYLINDRICAL_SURFACE('',#5906,1.);
#5056=CYLINDRICAL_SURFACE('',#5943,1.99999999999999);
#5057=CYLINDRICAL_SURFACE('',#5946,2.575);
#5058=CYLINDRICAL_SURFACE('',#5950,2.575);
#5059=CYLINDRICAL_SURFACE('',#5954,2.575);
#5060=CYLINDRICAL_SURFACE('',#5958,2.575);
#5061=CYLINDRICAL_SURFACE('',#5962,0.999999999999996);
#5062=CYLINDRICAL_SURFACE('',#5963,1.);
#5063=CYLINDRICAL_SURFACE('',#5964,0.999999999999996);
#5064=CYLINDRICAL_SURFACE('',#5966,2.);
#5065=CYLINDRICAL_SURFACE('',#5967,2.);
#5066=CYLINDRICAL_SURFACE('',#5968,1.99999999999999);
#5067=CYLINDRICAL_SURFACE('',#5969,1.99999999999999);
#5068=CYLINDRICAL_SURFACE('',#5970,2.);
#5069=CYLINDRICAL_SURFACE('',#5971,2.);
#5070=CYLINDRICAL_SURFACE('',#5972,2.);
#5071=CYLINDRICAL_SURFACE('',#5973,2.);
#5072=CYLINDRICAL_SURFACE('',#5974,1.99999999999999);
#5073=CYLINDRICAL_SURFACE('',#5975,1.99999999999999);
#5074=CYLINDRICAL_SURFACE('',#5976,1.99999999999999);
#5075=CYLINDRICAL_SURFACE('',#5977,1.99999999999999);
#5076=CYLINDRICAL_SURFACE('',#5978,2.);
#5077=CYLINDRICAL_SURFACE('',#5979,2.);
#5078=CYLINDRICAL_SURFACE('',#5980,2.);
#5079=CYLINDRICAL_SURFACE('',#5981,1.5);
#5080=CYLINDRICAL_SURFACE('',#5982,1.5);
#5081=CYLINDRICAL_SURFACE('',#5983,1.5);
#5082=CYLINDRICAL_SURFACE('',#5984,1.5);
#5083=ADVANCED_FACE('',(#307),#4976,.F.);
#5084=ADVANCED_FACE('',(#308),#4977,.F.);
#5085=ADVANCED_FACE('',(#309),#4978,.F.);
#5086=ADVANCED_FACE('',(#310),#4979,.F.);
#5087=ADVANCED_FACE('',(#311),#4980,.T.);
#5088=ADVANCED_FACE('',(#312),#4981,.F.);
#5089=ADVANCED_FACE('',(#313),#4982,.F.);
#5090=ADVANCED_FACE('',(#314),#4983,.F.);
#5091=ADVANCED_FACE('',(#315),#4984,.F.);
#5092=ADVANCED_FACE('',(#316),#170,.F.);
#5093=ADVANCED_FACE('',(#317),#4985,.F.);
#5094=ADVANCED_FACE('',(#318),#4986,.F.);
#5095=ADVANCED_FACE('',(#319),#171,.F.);
#5096=ADVANCED_FACE('',(#320),#4987,.F.);
#5097=ADVANCED_FACE('',(#321),#172,.F.);
#5098=ADVANCED_FACE('',(#322),#4988,.F.);
#5099=ADVANCED_FACE('',(#323,#72,#73,#74,#75,#76,#77,#78,#79,#80,#81,#82,
#83,#84,#85,#86,#87,#88,#89,#90,#91,#92,#93,#94,#95),#173,.T.);
#5100=ADVANCED_FACE('',(#324),#40,.T.);
#5101=ADVANCED_FACE('',(#325,#96,#97,#98,#99,#100,#101,#102,#103,#104,#105,
#106,#107,#108,#109,#110,#111,#112,#113,#114,#115,#116,#117,#118,#119,#120,
#121,#122,#123,#124,#125,#126,#127,#128,#129,#130,#131,#132,#133,#134,#135,
#136,#137,#138,#139,#140),#174,.T.);
#5102=ADVANCED_FACE('',(#326),#4989,.T.);
#5103=ADVANCED_FACE('',(#327),#41,.T.);
#5104=ADVANCED_FACE('',(#328),#4990,.T.);
#5105=ADVANCED_FACE('',(#329),#4991,.F.);
#5106=ADVANCED_FACE('',(#330,#141),#175,.T.);
#5107=ADVANCED_FACE('',(#331),#176,.T.);
#5108=ADVANCED_FACE('',(#332),#4992,.F.);
#5109=ADVANCED_FACE('',(#333,#142),#177,.T.);
#5110=ADVANCED_FACE('',(#334),#178,.T.);
#5111=ADVANCED_FACE('',(#335),#42,.T.);
#5112=ADVANCED_FACE('',(#336),#4993,.T.);
#5113=ADVANCED_FACE('',(#337),#28,.T.);
#5114=ADVANCED_FACE('',(#338),#4994,.F.);
#5115=ADVANCED_FACE('',(#339,#143),#179,.T.);
#5116=ADVANCED_FACE('',(#340),#29,.T.);
#5117=ADVANCED_FACE('',(#341),#4995,.F.);
#5118=ADVANCED_FACE('',(#342,#144),#180,.T.);
#5119=ADVANCED_FACE('',(#343),#30,.T.);
#5120=ADVANCED_FACE('',(#344),#4996,.F.);
#5121=ADVANCED_FACE('',(#345,#145),#181,.T.);
#5122=ADVANCED_FACE('',(#346),#31,.T.);
#5123=ADVANCED_FACE('',(#347),#4997,.F.);
#5124=ADVANCED_FACE('',(#348,#146),#182,.T.);
#5125=ADVANCED_FACE('',(#349),#32,.T.);
#5126=ADVANCED_FACE('',(#350),#4998,.F.);
#5127=ADVANCED_FACE('',(#351,#147),#183,.T.);
#5128=ADVANCED_FACE('',(#352),#33,.T.);
#5129=ADVANCED_FACE('',(#353),#4999,.F.);
#5130=ADVANCED_FACE('',(#354,#148),#184,.T.);
#5131=ADVANCED_FACE('',(#355),#34,.T.);
#5132=ADVANCED_FACE('',(#356,#149),#185,.T.);
#5133=ADVANCED_FACE('',(#357),#5000,.F.);
#5134=ADVANCED_FACE('',(#358),#35,.T.);
#5135=ADVANCED_FACE('',(#359,#150),#186,.T.);
#5136=ADVANCED_FACE('',(#360),#5001,.F.);
#5137=ADVANCED_FACE('',(#361),#36,.T.);
#5138=ADVANCED_FACE('',(#362),#5002,.F.);
#5139=ADVANCED_FACE('',(#363,#151),#187,.T.);
#5140=ADVANCED_FACE('',(#364),#37,.T.);
#5141=ADVANCED_FACE('',(#365,#152),#188,.T.);
#5142=ADVANCED_FACE('',(#366),#5003,.F.);
#5143=ADVANCED_FACE('',(#367),#38,.T.);
#5144=ADVANCED_FACE('',(#368),#5004,.F.);
#5145=ADVANCED_FACE('',(#369,#153),#189,.T.);
#5146=ADVANCED_FACE('',(#370),#190,.F.);
#5147=ADVANCED_FACE('',(#371),#5005,.F.);
#5148=ADVANCED_FACE('',(#372),#5006,.F.);
#5149=ADVANCED_FACE('',(#373),#191,.T.);
#5150=ADVANCED_FACE('',(#374),#192,.T.);
#5151=ADVANCED_FACE('',(#375),#193,.T.);
#5152=ADVANCED_FACE('',(#376),#194,.T.);
#5153=ADVANCED_FACE('',(#377),#195,.T.);
#5154=ADVANCED_FACE('',(#378),#196,.T.);
#5155=ADVANCED_FACE('',(#379),#197,.T.);
#5156=ADVANCED_FACE('',(#380),#198,.T.);
#5157=ADVANCED_FACE('',(#381),#199,.T.);
#5158=ADVANCED_FACE('',(#382),#200,.F.);
#5159=ADVANCED_FACE('',(#383),#201,.T.);
#5160=ADVANCED_FACE('',(#384),#202,.T.);
#5161=ADVANCED_FACE('',(#385),#203,.F.);
#5162=ADVANCED_FACE('',(#386),#204,.T.);
#5163=ADVANCED_FACE('',(#387),#205,.T.);
#5164=ADVANCED_FACE('',(#388),#43,.T.);
#5165=ADVANCED_FACE('',(#389),#206,.F.);
#5166=ADVANCED_FACE('',(#390),#44,.T.);
#5167=ADVANCED_FACE('',(#391),#5007,.T.);
#5168=ADVANCED_FACE('',(#392),#45,.T.);
#5169=ADVANCED_FACE('',(#393),#5008,.T.);
#5170=ADVANCED_FACE('',(#394),#207,.T.);
#5171=ADVANCED_FACE('',(#395),#46,.T.);
#5172=ADVANCED_FACE('',(#396),#5009,.T.);
#5173=ADVANCED_FACE('',(#397),#47,.T.);
#5174=ADVANCED_FACE('',(#398),#48,.T.);
#5175=ADVANCED_FACE('',(#399),#5010,.T.);
#5176=ADVANCED_FACE('',(#400),#49,.T.);
#5177=ADVANCED_FACE('',(#401),#5011,.T.);
#5178=ADVANCED_FACE('',(#402),#50,.T.);
#5179=ADVANCED_FACE('',(#403),#5012,.T.);
#5180=ADVANCED_FACE('',(#404),#5013,.T.);
#5181=ADVANCED_FACE('',(#405),#51,.T.);
#5182=ADVANCED_FACE('',(#406),#52,.T.);
#5183=ADVANCED_FACE('',(#407),#5014,.T.);
#5184=ADVANCED_FACE('',(#408),#53,.T.);
#5185=ADVANCED_FACE('',(#409),#5015,.T.);
#5186=ADVANCED_FACE('',(#410),#5016,.T.);
#5187=ADVANCED_FACE('',(#411),#5017,.T.);
#5188=ADVANCED_FACE('',(#412),#54,.T.);
#5189=ADVANCED_FACE('',(#413),#5018,.T.);
#5190=ADVANCED_FACE('',(#414),#208,.F.);
#5191=ADVANCED_FACE('',(#415),#15,.F.);
#5192=ADVANCED_FACE('',(#416),#16,.F.);
#5193=ADVANCED_FACE('',(#417),#39,.T.);
#5194=ADVANCED_FACE('',(#418),#5019,.T.);
#5195=ADVANCED_FACE('',(#419),#17,.F.);
#5196=ADVANCED_FACE('',(#420),#5020,.T.);
#5197=ADVANCED_FACE('',(#421,#154),#209,.T.);
#5198=ADVANCED_FACE('',(#422),#210,.F.);
#5199=ADVANCED_FACE('',(#423),#5021,.F.);
#5200=ADVANCED_FACE('',(#424),#18,.F.);
#5201=ADVANCED_FACE('',(#425),#5022,.T.);
#5202=ADVANCED_FACE('',(#426,#155),#211,.F.);
#5203=ADVANCED_FACE('',(#427),#5023,.F.);
#5204=ADVANCED_FACE('',(#428),#5024,.T.);
#5205=ADVANCED_FACE('',(#429),#19,.F.);
#5206=ADVANCED_FACE('',(#430),#5025,.F.);
#5207=ADVANCED_FACE('',(#431),#5026,.F.);
#5208=ADVANCED_FACE('',(#432),#212,.F.);
#5209=ADVANCED_FACE('',(#433),#213,.T.);
#5210=ADVANCED_FACE('',(#434),#214,.T.);
#5211=ADVANCED_FACE('',(#435,#156),#215,.T.);
#5212=ADVANCED_FACE('',(#436),#216,.F.);
#5213=ADVANCED_FACE('',(#437),#217,.T.);
#5214=ADVANCED_FACE('',(#438),#218,.T.);
#5215=ADVANCED_FACE('',(#439),#219,.T.);
#5216=ADVANCED_FACE('',(#440),#5027,.F.);
#5217=ADVANCED_FACE('',(#441),#5028,.F.);
#5218=ADVANCED_FACE('',(#442),#220,.F.);
#5219=ADVANCED_FACE('',(#443),#5029,.F.);
#5220=ADVANCED_FACE('',(#444),#221,.F.);
#5221=ADVANCED_FACE('',(#445),#222,.F.);
#5222=ADVANCED_FACE('',(#446),#223,.F.);
#5223=ADVANCED_FACE('',(#447),#5030,.F.);
#5224=ADVANCED_FACE('',(#448),#224,.T.);
#5225=ADVANCED_FACE('',(#449),#225,.F.);
#5226=ADVANCED_FACE('',(#450),#226,.F.);
#5227=ADVANCED_FACE('',(#451),#227,.F.);
#5228=ADVANCED_FACE('',(#452),#228,.T.);
#5229=ADVANCED_FACE('',(#453),#5031,.F.);
#5230=ADVANCED_FACE('',(#454),#229,.F.);
#5231=ADVANCED_FACE('',(#455),#5032,.F.);
#5232=ADVANCED_FACE('',(#456),#230,.F.);
#5233=ADVANCED_FACE('',(#457),#231,.F.);
#5234=ADVANCED_FACE('',(#458),#5033,.F.);
#5235=ADVANCED_FACE('',(#459),#232,.F.);
#5236=ADVANCED_FACE('',(#460),#233,.T.);
#5237=ADVANCED_FACE('',(#461),#234,.F.);
#5238=ADVANCED_FACE('',(#462),#235,.T.);
#5239=ADVANCED_FACE('',(#463),#236,.F.);
#5240=ADVANCED_FACE('',(#464),#237,.T.);
#5241=ADVANCED_FACE('',(#465),#238,.T.);
#5242=ADVANCED_FACE('',(#466,#157),#239,.F.);
#5243=ADVANCED_FACE('',(#467),#240,.T.);
#5244=ADVANCED_FACE('',(#468),#241,.T.);
#5245=ADVANCED_FACE('',(#469),#242,.T.);
#5246=ADVANCED_FACE('',(#470),#243,.T.);
#5247=ADVANCED_FACE('',(#471),#244,.T.);
#5248=ADVANCED_FACE('',(#472,#158),#245,.F.);
#5249=ADVANCED_FACE('',(#473),#246,.T.);
#5250=ADVANCED_FACE('',(#474,#159),#247,.F.);
#5251=ADVANCED_FACE('',(#475,#160),#248,.F.);
#5252=ADVANCED_FACE('',(#476),#249,.T.);
#5253=ADVANCED_FACE('',(#477,#161),#250,.F.);
#5254=ADVANCED_FACE('',(#478),#251,.T.);
#5255=ADVANCED_FACE('',(#479),#252,.T.);
#5256=ADVANCED_FACE('',(#480),#253,.T.);
#5257=ADVANCED_FACE('',(#481),#254,.T.);
#5258=ADVANCED_FACE('',(#482),#255,.T.);
#5259=ADVANCED_FACE('',(#483),#256,.T.);
#5260=ADVANCED_FACE('',(#484),#257,.T.);
#5261=ADVANCED_FACE('',(#485),#5034,.F.);
#5262=ADVANCED_FACE('',(#486),#5035,.F.);
#5263=ADVANCED_FACE('',(#487),#5036,.F.);
#5264=ADVANCED_FACE('',(#488,#162),#258,.T.);
#5265=ADVANCED_FACE('',(#489),#5037,.F.);
#5266=ADVANCED_FACE('',(#490,#163),#259,.T.);
#5267=ADVANCED_FACE('',(#491),#5038,.F.);
#5268=ADVANCED_FACE('',(#492,#164),#260,.T.);
#5269=ADVANCED_FACE('',(#493),#261,.T.);
#5270=ADVANCED_FACE('',(#494),#262,.T.);
#5271=ADVANCED_FACE('',(#495),#263,.T.);
#5272=ADVANCED_FACE('',(#496),#264,.T.);
#5273=ADVANCED_FACE('',(#497),#55,.F.);
#5274=ADVANCED_FACE('',(#498),#5039,.F.);
#5275=ADVANCED_FACE('',(#499),#56,.F.);
#5276=ADVANCED_FACE('',(#500),#5040,.F.);
#5277=ADVANCED_FACE('',(#501),#57,.F.);
#5278=ADVANCED_FACE('',(#502),#5041,.F.);
#5279=ADVANCED_FACE('',(#503),#58,.F.);
#5280=ADVANCED_FACE('',(#504),#5042,.F.);
#5281=ADVANCED_FACE('',(#505),#59,.F.);
#5282=ADVANCED_FACE('',(#506),#5043,.F.);
#5283=ADVANCED_FACE('',(#507),#60,.F.);
#5284=ADVANCED_FACE('',(#508),#5044,.F.);
#5285=ADVANCED_FACE('',(#509),#61,.F.);
#5286=ADVANCED_FACE('',(#510),#5045,.F.);
#5287=ADVANCED_FACE('',(#511),#62,.F.);
#5288=ADVANCED_FACE('',(#512),#5046,.F.);
#5289=ADVANCED_FACE('',(#513),#63,.F.);
#5290=ADVANCED_FACE('',(#514),#5047,.F.);
#5291=ADVANCED_FACE('',(#515),#64,.F.);
#5292=ADVANCED_FACE('',(#516),#5048,.F.);
#5293=ADVANCED_FACE('',(#517),#65,.F.);
#5294=ADVANCED_FACE('',(#518),#5049,.F.);
#5295=ADVANCED_FACE('',(#519),#66,.F.);
#5296=ADVANCED_FACE('',(#520),#5050,.F.);
#5297=ADVANCED_FACE('',(#521),#67,.F.);
#5298=ADVANCED_FACE('',(#522),#5051,.F.);
#5299=ADVANCED_FACE('',(#523),#68,.F.);
#5300=ADVANCED_FACE('',(#524),#5052,.F.);
#5301=ADVANCED_FACE('',(#525),#69,.F.);
#5302=ADVANCED_FACE('',(#526),#5053,.F.);
#5303=ADVANCED_FACE('',(#527),#70,.F.);
#5304=ADVANCED_FACE('',(#528),#5054,.F.);
#5305=ADVANCED_FACE('',(#529),#71,.F.);
#5306=ADVANCED_FACE('',(#530),#5055,.F.);
#5307=ADVANCED_FACE('',(#531),#265,.F.);
#5308=ADVANCED_FACE('',(#532),#266,.F.);
#5309=ADVANCED_FACE('',(#533),#267,.F.);
#5310=ADVANCED_FACE('',(#534),#268,.F.);
#5311=ADVANCED_FACE('',(#535),#269,.F.);
#5312=ADVANCED_FACE('',(#536),#270,.F.);
#5313=ADVANCED_FACE('',(#537),#271,.F.);
#5314=ADVANCED_FACE('',(#538),#272,.F.);
#5315=ADVANCED_FACE('',(#539),#273,.F.);
#5316=ADVANCED_FACE('',(#540),#274,.F.);
#5317=ADVANCED_FACE('',(#541),#275,.F.);
#5318=ADVANCED_FACE('',(#542),#276,.F.);
#5319=ADVANCED_FACE('',(#543),#277,.F.);
#5320=ADVANCED_FACE('',(#544),#278,.F.);
#5321=ADVANCED_FACE('',(#545),#279,.F.);
#5322=ADVANCED_FACE('',(#546),#280,.F.);
#5323=ADVANCED_FACE('',(#547),#281,.F.);
#5324=ADVANCED_FACE('',(#548),#282,.F.);
#5325=ADVANCED_FACE('',(#549),#283,.F.);
#5326=ADVANCED_FACE('',(#550),#284,.F.);
#5327=ADVANCED_FACE('',(#551),#285,.F.);
#5328=ADVANCED_FACE('',(#552),#286,.F.);
#5329=ADVANCED_FACE('',(#553),#287,.F.);
#5330=ADVANCED_FACE('',(#554),#288,.F.);
#5331=ADVANCED_FACE('',(#555),#289,.F.);
#5332=ADVANCED_FACE('',(#556),#290,.F.);
#5333=ADVANCED_FACE('',(#557),#291,.F.);
#5334=ADVANCED_FACE('',(#558),#292,.F.);
#5335=ADVANCED_FACE('',(#559),#293,.F.);
#5336=ADVANCED_FACE('',(#560),#294,.F.);
#5337=ADVANCED_FACE('',(#561),#295,.F.);
#5338=ADVANCED_FACE('',(#562),#296,.F.);
#5339=ADVANCED_FACE('',(#563),#297,.F.);
#5340=ADVANCED_FACE('',(#564),#298,.F.);
#5341=ADVANCED_FACE('',(#565),#299,.F.);
#5342=ADVANCED_FACE('',(#566),#300,.F.);
#5343=ADVANCED_FACE('',(#567),#5056,.F.);
#5344=ADVANCED_FACE('',(#568),#301,.T.);
#5345=ADVANCED_FACE('',(#569),#5057,.F.);
#5346=ADVANCED_FACE('',(#570,#165),#302,.T.);
#5347=ADVANCED_FACE('',(#571),#5058,.F.);
#5348=ADVANCED_FACE('',(#572,#166),#303,.T.);
#5349=ADVANCED_FACE('',(#573),#5059,.F.);
#5350=ADVANCED_FACE('',(#574,#167),#304,.T.);
#5351=ADVANCED_FACE('',(#575),#5060,.F.);
#5352=ADVANCED_FACE('',(#576,#168),#305,.T.);
#5353=ADVANCED_FACE('',(#577),#5061,.F.);
#5354=ADVANCED_FACE('',(#578),#5062,.F.);
#5355=ADVANCED_FACE('',(#579),#5063,.F.);
#5356=ADVANCED_FACE('',(#580),#306,.T.);
#5357=ADVANCED_FACE('',(#581),#5064,.F.);
#5358=ADVANCED_FACE('',(#582),#5065,.F.);
#5359=ADVANCED_FACE('',(#583),#5066,.F.);
#5360=ADVANCED_FACE('',(#584),#5067,.F.);
#5361=ADVANCED_FACE('',(#585),#5068,.F.);
#5362=ADVANCED_FACE('',(#586),#5069,.F.);
#5363=ADVANCED_FACE('',(#587),#5070,.F.);
#5364=ADVANCED_FACE('',(#588),#5071,.F.);
#5365=ADVANCED_FACE('',(#589),#5072,.F.);
#5366=ADVANCED_FACE('',(#590),#5073,.F.);
#5367=ADVANCED_FACE('',(#591),#5074,.F.);
#5368=ADVANCED_FACE('',(#592,#169),#5075,.F.);
#5369=ADVANCED_FACE('',(#593),#5076,.F.);
#5370=ADVANCED_FACE('',(#594),#5077,.F.);
#5371=ADVANCED_FACE('',(#595),#5078,.F.);
#5372=ADVANCED_FACE('',(#596),#5079,.F.);
#5373=ADVANCED_FACE('',(#597),#5080,.F.);
#5374=ADVANCED_FACE('',(#598),#5081,.F.);
#5375=ADVANCED_FACE('',(#599),#5082,.F.);
#5376=CLOSED_SHELL('',(#5083,#5084,#5085,#5086,#5087,#5088,#5089,#5090,
#5091,#5092,#5093,#5094,#5095,#5096,#5097,#5098,#5099,#5100,#5101,#5102,
#5103,#5104,#5105,#5106,#5107,#5108,#5109,#5110,#5111,#5112,#5113,#5114,
#5115,#5116,#5117,#5118,#5119,#5120,#5121,#5122,#5123,#5124,#5125,#5126,
#5127,#5128,#5129,#5130,#5131,#5132,#5133,#5134,#5135,#5136,#5137,#5138,
#5139,#5140,#5141,#5142,#5143,#5144,#5145,#5146,#5147,#5148,#5149,#5150,
#5151,#5152,#5153,#5154,#5155,#5156,#5157,#5158,#5159,#5160,#5161,#5162,
#5163,#5164,#5165,#5166,#5167,#5168,#5169,#5170,#5171,#5172,#5173,#5174,
#5175,#5176,#5177,#5178,#5179,#5180,#5181,#5182,#5183,#5184,#5185,#5186,
#5187,#5188,#5189,#5190,#5191,#5192,#5193,#5194,#5195,#5196,#5197,#5198,
#5199,#5200,#5201,#5202,#5203,#5204,#5205,#5206,#5207,#5208,#5209,#5210,
#5211,#5212,#5213,#5214,#5215,#5216,#5217,#5218,#5219,#5220,#5221,#5222,
#5223,#5224,#5225,#5226,#5227,#5228,#5229,#5230,#5231,#5232,#5233,#5234,
#5235,#5236,#5237,#5238,#5239,#5240,#5241,#5242,#5243,#5244,#5245,#5246,
#5247,#5248,#5249,#5250,#5251,#5252,#5253,#5254,#5255,#5256,#5257,#5258,
#5259,#5260,#5261,#5262,#5263,#5264,#5265,#5266,#5267,#5268,#5269,#5270,
#5271,#5272,#5273,#5274,#5275,#5276,#5277,#5278,#5279,#5280,#5281,#5282,
#5283,#5284,#5285,#5286,#5287,#5288,#5289,#5290,#5291,#5292,#5293,#5294,
#5295,#5296,#5297,#5298,#5299,#5300,#5301,#5302,#5303,#5304,#5305,#5306,
#5307,#5308,#5309,#5310,#5311,#5312,#5313,#5314,#5315,#5316,#5317,#5318,
#5319,#5320,#5321,#5322,#5323,#5324,#5325,#5326,#5327,#5328,#5329,#5330,
#5331,#5332,#5333,#5334,#5335,#5336,#5337,#5338,#5339,#5340,#5341,#5342,
#5343,#5344,#5345,#5346,#5347,#5348,#5349,#5350,#5351,#5352,#5353,#5354,
#5355,#5356,#5357,#5358,#5359,#5360,#5361,#5362,#5363,#5364,#5365,#5366,
#5367,#5368,#5369,#5370,#5371,#5372,#5373,#5374,#5375));
#5377=DERIVED_UNIT_ELEMENT(#5379,1.);
#5378=DERIVED_UNIT_ELEMENT(#9952,-3.);
#5379=(
MASS_UNIT()
NAMED_UNIT(*)
SI_UNIT(.KILO.,.GRAM.)
);
#5380=DERIVED_UNIT((#5377,#5378));
#5381=MEASURE_REPRESENTATION_ITEM('density measure',
POSITIVE_RATIO_MEASURE(7850.),#5380);
#5382=PROPERTY_DEFINITION_REPRESENTATION(#5387,#5384);
#5383=PROPERTY_DEFINITION_REPRESENTATION(#5388,#5385);
#5384=REPRESENTATION('material name',(#5386),#9949);
#5385=REPRESENTATION('density',(#5381),#9949);
#5386=DESCRIPTIVE_REPRESENTATION_ITEM('Steel','Steel');
#5387=PROPERTY_DEFINITION('material property','material name',#9959);
#5388=PROPERTY_DEFINITION('material property','density of part',#9959);
#5389=AXIS2_PLACEMENT_3D('',#7588,#5985,#5986);
#5390=AXIS2_PLACEMENT_3D('',#7589,#5987,#5988);
#5391=AXIS2_PLACEMENT_3D('',#7591,#5989,#5990);
#5392=AXIS2_PLACEMENT_3D('',#7595,#5992,#5993);
#5393=AXIS2_PLACEMENT_3D('',#7611,#5994,#5995);
#5394=AXIS2_PLACEMENT_3D('',#7612,#5996,#5997);
#5395=AXIS2_PLACEMENT_3D('',#7614,#5998,#5999);
#5396=AXIS2_PLACEMENT_3D('',#7617,#6001,#6002);
#5397=AXIS2_PLACEMENT_3D('',#7618,#6003,#6004);
#5398=AXIS2_PLACEMENT_3D('',#7620,#6005,#6006);
#5399=AXIS2_PLACEMENT_3D('',#7623,#6008,#6009);
#5400=AXIS2_PLACEMENT_3D('',#7624,#6010,#6011);
#5401=AXIS2_PLACEMENT_3D('',#7627,#6012,#6013);
#5402=AXIS2_PLACEMENT_3D('',#7631,#6015,#6016);
#5403=AXIS2_PLACEMENT_3D('',#7633,#6018,#6019);
#5404=AXIS2_PLACEMENT_3D('',#7634,#6020,#6021);
#5405=AXIS2_PLACEMENT_3D('',#7635,#6022,#6023);
#5406=AXIS2_PLACEMENT_3D('',#7636,#6024,#6025);
#5407=AXIS2_PLACEMENT_3D('',#7638,#6026,#6027);
#5408=AXIS2_PLACEMENT_3D('',#7641,#6029,#6030);
#5409=AXIS2_PLACEMENT_3D('',#7642,#6031,#6032);
#5410=AXIS2_PLACEMENT_3D('',#7644,#6033,#6034);
#5411=AXIS2_PLACEMENT_3D('',#7648,#6036,#6037);
#5412=AXIS2_PLACEMENT_3D('',#7664,#6038,#6039);
#5413=AXIS2_PLACEMENT_3D('',#7665,#6040,#6041);
#5414=AXIS2_PLACEMENT_3D('',#7667,#6042,#6043);
#5415=AXIS2_PLACEMENT_3D('',#7670,#6045,#6046);
#5416=AXIS2_PLACEMENT_3D('',#7671,#6047,#6048);
#5417=AXIS2_PLACEMENT_3D('',#7673,#6049,#6050);
#5418=AXIS2_PLACEMENT_3D('',#7676,#6052,#6053);
#5419=AXIS2_PLACEMENT_3D('',#7677,#6054,#6055);
#5420=AXIS2_PLACEMENT_3D('',#7680,#6056,#6057);
#5421=AXIS2_PLACEMENT_3D('',#7682,#6058,#6059);
#5422=AXIS2_PLACEMENT_3D('',#7683,#6060,#6061);
#5423=AXIS2_PLACEMENT_3D('',#7684,#6062,#6063);
#5424=AXIS2_PLACEMENT_3D('',#7688,#6065,#6066);
#5425=AXIS2_PLACEMENT_3D('',#7721,#6069,#6070);
#5426=AXIS2_PLACEMENT_3D('',#7722,#6071,#6072);
#5427=AXIS2_PLACEMENT_3D('',#7723,#6073,#6074);
#5428=AXIS2_PLACEMENT_3D('',#7739,#6076,#6077);
#5429=AXIS2_PLACEMENT_3D('',#7741,#6079,#6080);
#5430=AXIS2_PLACEMENT_3D('',#7744,#6083,#6084);
#5431=AXIS2_PLACEMENT_3D('',#7746,#6085,#6086);
#5432=AXIS2_PLACEMENT_3D('',#7750,#6088,#6089);
#5433=AXIS2_PLACEMENT_3D('',#7766,#6090,#6091);
#5434=AXIS2_PLACEMENT_3D('',#7767,#6092,#6093);
#5435=AXIS2_PLACEMENT_3D('',#7768,#6094,#6095);
#5436=AXIS2_PLACEMENT_3D('',#7769,#6096,#6097);
#5437=AXIS2_PLACEMENT_3D('',#7796,#6102,#6103);
#5438=AXIS2_PLACEMENT_3D('',#7800,#6105,#6106);
#5439=AXIS2_PLACEMENT_3D('',#7804,#6108,#6109);
#5440=AXIS2_PLACEMENT_3D('',#7808,#6111,#6112);
#5441=AXIS2_PLACEMENT_3D('',#7839,#6115,#6116);
#5442=AXIS2_PLACEMENT_3D('',#7841,#6117,#6118);
#5443=AXIS2_PLACEMENT_3D('',#7845,#6120,#6121);
#5444=AXIS2_PLACEMENT_3D('',#7853,#6125,#6126);
#5445=AXIS2_PLACEMENT_3D('',#7855,#6127,#6128);
#5446=AXIS2_PLACEMENT_3D('',#7868,#6130,#6131);
#5447=AXIS2_PLACEMENT_3D('',#7885,#6133,#6134);
#5448=AXIS2_PLACEMENT_3D('',#7887,#6135,#6136);
#5449=AXIS2_PLACEMENT_3D('',#7894,#6140,#6141);
#5450=AXIS2_PLACEMENT_3D('',#7895,#6142,#6143);
#5451=AXIS2_PLACEMENT_3D('',#7897,#6144,#6145);
#5452=AXIS2_PLACEMENT_3D('',#7899,#6146,#6147);
#5453=AXIS2_PLACEMENT_3D('',#7901,#6148,#6149);
#5454=AXIS2_PLACEMENT_3D('',#7903,#6150,#6151);
#5455=AXIS2_PLACEMENT_3D('',#7905,#6152,#6153);
#5456=AXIS2_PLACEMENT_3D('',#7907,#6154,#6155);
#5457=AXIS2_PLACEMENT_3D('',#7909,#6156,#6157);
#5458=AXIS2_PLACEMENT_3D('',#7911,#6158,#6159);
#5459=AXIS2_PLACEMENT_3D('',#7913,#6160,#6161);
#5460=AXIS2_PLACEMENT_3D('',#7915,#6162,#6163);
#5461=AXIS2_PLACEMENT_3D('',#7917,#6164,#6165);
#5462=AXIS2_PLACEMENT_3D('',#7919,#6166,#6167);
#5463=AXIS2_PLACEMENT_3D('',#7921,#6168,#6169);
#5464=AXIS2_PLACEMENT_3D('',#7923,#6170,#6171);
#5465=AXIS2_PLACEMENT_3D('',#7925,#6172,#6173);
#5466=AXIS2_PLACEMENT_3D('',#7927,#6174,#6175);
#5467=AXIS2_PLACEMENT_3D('',#7929,#6176,#6177);
#5468=AXIS2_PLACEMENT_3D('',#7931,#6178,#6179);
#5469=AXIS2_PLACEMENT_3D('',#7932,#6180,#6181);
#5470=AXIS2_PLACEMENT_3D('',#7934,#6182,#6183);
#5471=AXIS2_PLACEMENT_3D('',#7937,#6185,#6186);
#5472=AXIS2_PLACEMENT_3D('',#7938,#6187,#6188);
#5473=AXIS2_PLACEMENT_3D('',#7972,#6205,#6206);
#5474=AXIS2_PLACEMENT_3D('',#7974,#6207,#6208);
#5475=AXIS2_PLACEMENT_3D('',#7977,#6209,#6210);
#5476=AXIS2_PLACEMENT_3D('',#7981,#6212,#6213);
#5477=AXIS2_PLACEMENT_3D('',#7983,#6214,#6215);
#5478=AXIS2_PLACEMENT_3D('',#7985,#6216,#6217);
#5479=AXIS2_PLACEMENT_3D('',#7986,#6218,#6219);
#5480=AXIS2_PLACEMENT_3D('',#7989,#6220,#6221);
#5481=AXIS2_PLACEMENT_3D('',#7991,#6222,#6223);
#5482=AXIS2_PLACEMENT_3D('',#7993,#6224,#6225);
#5483=AXIS2_PLACEMENT_3D('',#7994,#6226,#6227);
#5484=AXIS2_PLACEMENT_3D('',#7996,#6228,#6229);
#5485=AXIS2_PLACEMENT_3D('',#7999,#6230,#6231);
#5486=AXIS2_PLACEMENT_3D('',#8001,#6232,#6233);
#5487=AXIS2_PLACEMENT_3D('',#8003,#6234,#6235);
#5488=AXIS2_PLACEMENT_3D('',#8005,#6236,#6237);
#5489=AXIS2_PLACEMENT_3D('',#8007,#6238,#6239);
#5490=AXIS2_PLACEMENT_3D('',#8009,#6240,#6241);
#5491=AXIS2_PLACEMENT_3D('',#8010,#6242,#6243);
#5492=AXIS2_PLACEMENT_3D('',#8012,#6244,#6245);
#5493=AXIS2_PLACEMENT_3D('',#8014,#6246,#6247);
#5494=AXIS2_PLACEMENT_3D('',#8016,#6248,#6249);
#5495=AXIS2_PLACEMENT_3D('',#8018,#6250,#6251);
#5496=AXIS2_PLACEMENT_3D('',#8020,#6252,#6253);
#5497=AXIS2_PLACEMENT_3D('',#8022,#6254,#6255);
#5498=AXIS2_PLACEMENT_3D('',#8024,#6256,#6257);
#5499=AXIS2_PLACEMENT_3D('',#8026,#6258,#6259);
#5500=AXIS2_PLACEMENT_3D('',#8028,#6260,#6261);
#5501=AXIS2_PLACEMENT_3D('',#8030,#6262,#6263);
#5502=AXIS2_PLACEMENT_3D('',#8032,#6264,#6265);
#5503=AXIS2_PLACEMENT_3D('',#8034,#6266,#6267);
#5504=AXIS2_PLACEMENT_3D('',#8036,#6268,#6269);
#5505=AXIS2_PLACEMENT_3D('',#8038,#6270,#6271);
#5506=AXIS2_PLACEMENT_3D('',#8040,#6272,#6273);
#5507=AXIS2_PLACEMENT_3D('',#8042,#6274,#6275);
#5508=AXIS2_PLACEMENT_3D('',#8045,#6276,#6277);
#5509=AXIS2_PLACEMENT_3D('',#8047,#6278,#6279);
#5510=AXIS2_PLACEMENT_3D('',#8048,#6280,#6281);
#5511=AXIS2_PLACEMENT_3D('',#8050,#6282,#6283);
#5512=AXIS2_PLACEMENT_3D('',#8052,#6284,#6285);
#5513=AXIS2_PLACEMENT_3D('',#8054,#6286,#6287);
#5514=AXIS2_PLACEMENT_3D('',#8056,#6288,#6289);
#5515=AXIS2_PLACEMENT_3D('',#8058,#6290,#6291);
#5516=AXIS2_PLACEMENT_3D('',#8062,#6293,#6294);
#5517=AXIS2_PLACEMENT_3D('',#8064,#6295,#6296);
#5518=AXIS2_PLACEMENT_3D('',#8066,#6297,#6298);
#5519=AXIS2_PLACEMENT_3D('',#8068,#6299,#6300);
#5520=AXIS2_PLACEMENT_3D('',#8070,#6301,#6302);
#5521=AXIS2_PLACEMENT_3D('',#8072,#6303,#6304);
#5522=AXIS2_PLACEMENT_3D('',#8074,#6305,#6306);
#5523=AXIS2_PLACEMENT_3D('',#8075,#6307,#6308);
#5524=AXIS2_PLACEMENT_3D('',#8077,#6309,#6310);
#5525=AXIS2_PLACEMENT_3D('',#8079,#6311,#6312);
#5526=AXIS2_PLACEMENT_3D('',#8081,#6313,#6314);
#5527=AXIS2_PLACEMENT_3D('',#8083,#6315,#6316);
#5528=AXIS2_PLACEMENT_3D('',#8085,#6317,#6318);
#5529=AXIS2_PLACEMENT_3D('',#8086,#6319,#6320);
#5530=AXIS2_PLACEMENT_3D('',#8088,#6321,#6322);
#5531=AXIS2_PLACEMENT_3D('',#8090,#6324,#6325);
#5532=AXIS2_PLACEMENT_3D('',#8093,#6327,#6328);
#5533=AXIS2_PLACEMENT_3D('',#8094,#6329,#6330);
#5534=AXIS2_PLACEMENT_3D('',#8096,#6331,#6332);
#5535=AXIS2_PLACEMENT_3D('',#8098,#6334,#6335);
#5536=AXIS2_PLACEMENT_3D('',#8100,#6336,#6337);
#5537=AXIS2_PLACEMENT_3D('',#8103,#6339,#6340);
#5538=AXIS2_PLACEMENT_3D('',#8104,#6341,#6342);
#5539=AXIS2_PLACEMENT_3D('',#8105,#6343,#6344);
#5540=AXIS2_PLACEMENT_3D('',#8106,#6345,#6346);
#5541=AXIS2_PLACEMENT_3D('',#8108,#6347,#6348);
#5542=AXIS2_PLACEMENT_3D('',#8111,#6350,#6351);
#5543=AXIS2_PLACEMENT_3D('',#8112,#6352,#6353);
#5544=AXIS2_PLACEMENT_3D('',#8113,#6354,#6355);
#5545=AXIS2_PLACEMENT_3D('',#8114,#6356,#6357);
#5546=AXIS2_PLACEMENT_3D('',#8139,#6359,#6360);
#5547=AXIS2_PLACEMENT_3D('',#8146,#6361,#6362);
#5548=AXIS2_PLACEMENT_3D('',#8148,#6363,#6364);
#5549=AXIS2_PLACEMENT_3D('',#8150,#6366,#6367);
#5550=AXIS2_PLACEMENT_3D('',#8152,#6368,#6369);
#5551=AXIS2_PLACEMENT_3D('',#8154,#6370,#6371);
#5552=AXIS2_PLACEMENT_3D('',#8155,#6372,#6373);
#5553=AXIS2_PLACEMENT_3D('',#8156,#6374,#6375);
#5554=AXIS2_PLACEMENT_3D('',#8159,#6377,#6378);
#5555=AXIS2_PLACEMENT_3D('',#8160,#6379,#6380);
#5556=AXIS2_PLACEMENT_3D('',#8162,#6381,#6382);
#5557=AXIS2_PLACEMENT_3D('',#8163,#6383,#6384);
#5558=AXIS2_PLACEMENT_3D('',#8165,#6385,#6386);
#5559=AXIS2_PLACEMENT_3D('',#8167,#6387,#6388);
#5560=AXIS2_PLACEMENT_3D('',#8168,#6389,#6390);
#5561=AXIS2_PLACEMENT_3D('',#8169,#6391,#6392);
#5562=AXIS2_PLACEMENT_3D('',#8172,#6394,#6395);
#5563=AXIS2_PLACEMENT_3D('',#8173,#6396,#6397);
#5564=AXIS2_PLACEMENT_3D('',#8174,#6398,#6399);
#5565=AXIS2_PLACEMENT_3D('',#8176,#6400,#6401);
#5566=AXIS2_PLACEMENT_3D('',#8178,#6402,#6403);
#5567=AXIS2_PLACEMENT_3D('',#8179,#6404,#6405);
#5568=AXIS2_PLACEMENT_3D('',#8180,#6406,#6407);
#5569=AXIS2_PLACEMENT_3D('',#8183,#6409,#6410);
#5570=AXIS2_PLACEMENT_3D('',#8184,#6411,#6412);
#5571=AXIS2_PLACEMENT_3D('',#8186,#6413,#6414);
#5572=AXIS2_PLACEMENT_3D('',#8187,#6415,#6416);
#5573=AXIS2_PLACEMENT_3D('',#8189,#6417,#6418);
#5574=AXIS2_PLACEMENT_3D('',#8191,#6419,#6420);
#5575=AXIS2_PLACEMENT_3D('',#8192,#6421,#6422);
#5576=AXIS2_PLACEMENT_3D('',#8193,#6423,#6424);
#5577=AXIS2_PLACEMENT_3D('',#8196,#6426,#6427);
#5578=AXIS2_PLACEMENT_3D('',#8197,#6428,#6429);
#5579=AXIS2_PLACEMENT_3D('',#8199,#6430,#6431);
#5580=AXIS2_PLACEMENT_3D('',#8200,#6432,#6433);
#5581=AXIS2_PLACEMENT_3D('',#8202,#6434,#6435);
#5582=AXIS2_PLACEMENT_3D('',#8204,#6436,#6437);
#5583=AXIS2_PLACEMENT_3D('',#8205,#6438,#6439);
#5584=AXIS2_PLACEMENT_3D('',#8206,#6440,#6441);
#5585=AXIS2_PLACEMENT_3D('',#8209,#6443,#6444);
#5586=AXIS2_PLACEMENT_3D('',#8210,#6445,#6446);
#5587=AXIS2_PLACEMENT_3D('',#8212,#6447,#6448);
#5588=AXIS2_PLACEMENT_3D('',#8213,#6449,#6450);
#5589=AXIS2_PLACEMENT_3D('',#8215,#6451,#6452);
#5590=AXIS2_PLACEMENT_3D('',#8217,#6453,#6454);
#5591=AXIS2_PLACEMENT_3D('',#8218,#6455,#6456);
#5592=AXIS2_PLACEMENT_3D('',#8219,#6457,#6458);
#5593=AXIS2_PLACEMENT_3D('',#8222,#6460,#6461);
#5594=AXIS2_PLACEMENT_3D('',#8223,#6462,#6463);
#5595=AXIS2_PLACEMENT_3D('',#8225,#6464,#6465);
#5596=AXIS2_PLACEMENT_3D('',#8226,#6466,#6467);
#5597=AXIS2_PLACEMENT_3D('',#8228,#6468,#6469);
#5598=AXIS2_PLACEMENT_3D('',#8230,#6470,#6471);
#5599=AXIS2_PLACEMENT_3D('',#8232,#6472,#6473);
#5600=AXIS2_PLACEMENT_3D('',#8233,#6474,#6475);
#5601=AXIS2_PLACEMENT_3D('',#8234,#6476,#6477);
#5602=AXIS2_PLACEMENT_3D('',#8238,#6479,#6480);
#5603=AXIS2_PLACEMENT_3D('',#8239,#6481,#6482);
#5604=AXIS2_PLACEMENT_3D('',#8242,#6484,#6485);
#5605=AXIS2_PLACEMENT_3D('',#8243,#6486,#6487);
#5606=AXIS2_PLACEMENT_3D('',#8245,#6488,#6489);
#5607=AXIS2_PLACEMENT_3D('',#8247,#6490,#6491);
#5608=AXIS2_PLACEMENT_3D('',#8249,#6492,#6493);
#5609=AXIS2_PLACEMENT_3D('',#8250,#6494,#6495);
#5610=AXIS2_PLACEMENT_3D('',#8251,#6496,#6497);
#5611=AXIS2_PLACEMENT_3D('',#8255,#6499,#6500);
#5612=AXIS2_PLACEMENT_3D('',#8256,#6501,#6502);
#5613=AXIS2_PLACEMENT_3D('',#8259,#6504,#6505);
#5614=AXIS2_PLACEMENT_3D('',#8260,#6506,#6507);
#5615=AXIS2_PLACEMENT_3D('',#8262,#6508,#6509);
#5616=AXIS2_PLACEMENT_3D('',#8264,#6510,#6511);
#5617=AXIS2_PLACEMENT_3D('',#8265,#6512,#6513);
#5618=AXIS2_PLACEMENT_3D('',#8266,#6514,#6515);
#5619=AXIS2_PLACEMENT_3D('',#8269,#6517,#6518);
#5620=AXIS2_PLACEMENT_3D('',#8270,#6519,#6520);
#5621=AXIS2_PLACEMENT_3D('',#8272,#6521,#6522);
#5622=AXIS2_PLACEMENT_3D('',#8273,#6523,#6524);
#5623=AXIS2_PLACEMENT_3D('',#8275,#6525,#6526);
#5624=AXIS2_PLACEMENT_3D('',#8277,#6527,#6528);
#5625=AXIS2_PLACEMENT_3D('',#8278,#6529,#6530);
#5626=AXIS2_PLACEMENT_3D('',#8279,#6531,#6532);
#5627=AXIS2_PLACEMENT_3D('',#8281,#6533,#6534);
#5628=AXIS2_PLACEMENT_3D('',#8282,#6535,#6536);
#5629=AXIS2_PLACEMENT_3D('',#8285,#6538,#6539);
#5630=AXIS2_PLACEMENT_3D('',#8286,#6540,#6541);
#5631=AXIS2_PLACEMENT_3D('',#8287,#6542,#6543);
#5632=AXIS2_PLACEMENT_3D('',#8289,#6544,#6545);
#5633=AXIS2_PLACEMENT_3D('',#8291,#6546,#6547);
#5634=AXIS2_PLACEMENT_3D('',#8292,#6548,#6549);
#5635=AXIS2_PLACEMENT_3D('',#8293,#6550,#6551);
#5636=AXIS2_PLACEMENT_3D('',#8296,#6553,#6554);
#5637=AXIS2_PLACEMENT_3D('',#8297,#6555,#6556);
#5638=AXIS2_PLACEMENT_3D('',#8299,#6557,#6558);
#5639=AXIS2_PLACEMENT_3D('',#8300,#6559,#6560);
#5640=AXIS2_PLACEMENT_3D('',#8302,#6561,#6562);
#5641=AXIS2_PLACEMENT_3D('',#8303,#6563,#6564);
#5642=AXIS2_PLACEMENT_3D('',#8306,#6566,#6567);
#5643=AXIS2_PLACEMENT_3D('',#8307,#6568,#6569);
#5644=AXIS2_PLACEMENT_3D('',#8310,#6571,#6572);
#5645=AXIS2_PLACEMENT_3D('',#8311,#6573,#6574);
#5646=AXIS2_PLACEMENT_3D('',#8317,#6578,#6579);
#5647=AXIS2_PLACEMENT_3D('',#8321,#6582,#6583);
#5648=AXIS2_PLACEMENT_3D('',#8327,#6587,#6588);
#5649=AXIS2_PLACEMENT_3D('',#8341,#6596,#6597);
#5650=AXIS2_PLACEMENT_3D('',#8343,#6598,#6599);
#5651=AXIS2_PLACEMENT_3D('',#8352,#6605,#6606);
#5652=AXIS2_PLACEMENT_3D('',#8356,#6609,#6610);
#5653=AXIS2_PLACEMENT_3D('',#8360,#6613,#6614);
#5654=AXIS2_PLACEMENT_3D('',#8364,#6617,#6618);
#5655=AXIS2_PLACEMENT_3D('',#8368,#6621,#6622);
#5656=AXIS2_PLACEMENT_3D('',#8372,#6625,#6626);
#5657=AXIS2_PLACEMENT_3D('',#8376,#6629,#6630);
#5658=AXIS2_PLACEMENT_3D('',#8378,#6632,#6633);
#5659=AXIS2_PLACEMENT_3D('',#8379,#6634,#6635);
#5660=AXIS2_PLACEMENT_3D('',#8383,#6638,#6639);
#5661=AXIS2_PLACEMENT_3D('',#8385,#6641,#6642);
#5662=AXIS2_PLACEMENT_3D('',#8386,#6643,#6644);
#5663=AXIS2_PLACEMENT_3D('',#8410,#6646,#6647);
#5664=AXIS2_PLACEMENT_3D('',#8428,#6648,#6649);
#5665=AXIS2_PLACEMENT_3D('',#8439,#6652,#6653);
#5666=AXIS2_PLACEMENT_3D('',#8440,#6654,#6655);
#5667=AXIS2_PLACEMENT_3D('',#8441,#6656,#6657);
#5668=AXIS2_PLACEMENT_3D('',#8443,#6659,#6660);
#5669=AXIS2_PLACEMENT_3D('',#8447,#6662,#6663);
#5670=AXIS2_PLACEMENT_3D('',#8448,#6664,#6665);
#5671=AXIS2_PLACEMENT_3D('',#8449,#6666,#6667);
#5672=AXIS2_PLACEMENT_3D('',#8451,#6669,#6670);
#5673=AXIS2_PLACEMENT_3D('',#8452,#6671,#6672);
#5674=AXIS2_PLACEMENT_3D('',#8473,#6674,#6675);
#5675=AXIS2_PLACEMENT_3D('',#8474,#6676,#6677);
#5676=AXIS2_PLACEMENT_3D('',#8476,#6679,#6680);
#5677=AXIS2_PLACEMENT_3D('',#8489,#6682,#6683);
#5678=AXIS2_PLACEMENT_3D('',#8500,#6684,#6685);
#5679=AXIS2_PLACEMENT_3D('',#8503,#6687,#6688);
#5680=AXIS2_PLACEMENT_3D('',#8504,#6689,#6690);
#5681=AXIS2_PLACEMENT_3D('',#8506,#6691,#6692);
#5682=AXIS2_PLACEMENT_3D('',#8508,#6694,#6695);
#5683=AXIS2_PLACEMENT_3D('',#8511,#6697,#6698);
#5684=AXIS2_PLACEMENT_3D('',#8512,#6699,#6700);
#5685=AXIS2_PLACEMENT_3D('',#8514,#6702,#6703);
#5686=AXIS2_PLACEMENT_3D('',#8517,#6705,#6706);
#5687=AXIS2_PLACEMENT_3D('',#8518,#6707,#6708);
#5688=AXIS2_PLACEMENT_3D('',#8520,#6710,#6711);
#5689=AXIS2_PLACEMENT_3D('',#8522,#6713,#6714);
#5690=AXIS2_PLACEMENT_3D('',#8553,#6716,#6717);
#5691=AXIS2_PLACEMENT_3D('',#8568,#6718,#6719);
#5692=AXIS2_PLACEMENT_3D('',#8571,#6721,#6722);
#5693=AXIS2_PLACEMENT_3D('',#8572,#6723,#6724);
#5694=AXIS2_PLACEMENT_3D('',#8574,#6726,#6727);
#5695=AXIS2_PLACEMENT_3D('',#8577,#6729,#6730);
#5696=AXIS2_PLACEMENT_3D('',#8578,#6731,#6732);
#5697=AXIS2_PLACEMENT_3D('',#8580,#6734,#6735);
#5698=AXIS2_PLACEMENT_3D('',#8582,#6736,#6737);
#5699=AXIS2_PLACEMENT_3D('',#8584,#6739,#6740);
#5700=AXIS2_PLACEMENT_3D('',#8585,#6741,#6742);
#5701=AXIS2_PLACEMENT_3D('',#8591,#6743,#6744);
#5702=AXIS2_PLACEMENT_3D('',#8595,#6745,#6746);
#5703=AXIS2_PLACEMENT_3D('',#8598,#6749,#6750);
#5704=AXIS2_PLACEMENT_3D('',#8637,#6751,#6752);
#5705=AXIS2_PLACEMENT_3D('',#8646,#6753,#6754);
#5706=AXIS2_PLACEMENT_3D('',#8696,#6755,#6756);
#5707=AXIS2_PLACEMENT_3D('',#8698,#6757,#6758);
#5708=AXIS2_PLACEMENT_3D('',#8700,#6759,#6760);
#5709=AXIS2_PLACEMENT_3D('',#8701,#6761,#6762);
#5710=AXIS2_PLACEMENT_3D('',#8702,#6763,#6764);
#5711=AXIS2_PLACEMENT_3D('',#8705,#6765,#6766);
#5712=AXIS2_PLACEMENT_3D('',#8758,#6769,#6770);
#5713=AXIS2_PLACEMENT_3D('',#8765,#6771,#6772);
#5714=AXIS2_PLACEMENT_3D('',#8768,#6775,#6776);
#5715=AXIS2_PLACEMENT_3D('',#8773,#6780,#6781);
#5716=AXIS2_PLACEMENT_3D('',#8775,#6783,#6784);
#5717=AXIS2_PLACEMENT_3D('',#8848,#6785,#6786);
#5718=AXIS2_PLACEMENT_3D('',#8858,#6787,#6788);
#5719=AXIS2_PLACEMENT_3D('',#8861,#6789,#6790);
#5720=AXIS2_PLACEMENT_3D('',#8864,#6793,#6794);
#5721=AXIS2_PLACEMENT_3D('',#8866,#6795,#6796);
#5722=AXIS2_PLACEMENT_3D('',#8868,#6797,#6798);
#5723=AXIS2_PLACEMENT_3D('',#8877,#6803,#6804);
#5724=AXIS2_PLACEMENT_3D('',#8878,#6805,#6806);
#5725=AXIS2_PLACEMENT_3D('',#8886,#6808,#6809);
#5726=AXIS2_PLACEMENT_3D('',#8888,#6810,#6811);
#5727=AXIS2_PLACEMENT_3D('',#8925,#6813,#6814);
#5728=AXIS2_PLACEMENT_3D('',#8929,#6816,#6817);
#5729=AXIS2_PLACEMENT_3D('',#8931,#6819,#6820);
#5730=AXIS2_PLACEMENT_3D('',#8933,#6822,#6823);
#5731=AXIS2_PLACEMENT_3D('',#8939,#6827,#6828);
#5732=AXIS2_PLACEMENT_3D('',#8945,#6831,#6832);
#5733=AXIS2_PLACEMENT_3D('',#8953,#6836,#6837);
#5734=AXIS2_PLACEMENT_3D('',#8961,#6841,#6842);
#5735=AXIS2_PLACEMENT_3D('',#8969,#6846,#6847);
#5736=AXIS2_PLACEMENT_3D('',#8977,#6851,#6852);
#5737=AXIS2_PLACEMENT_3D('',#8985,#6856,#6857);
#5738=AXIS2_PLACEMENT_3D('',#8993,#6861,#6862);
#5739=AXIS2_PLACEMENT_3D('',#9001,#6866,#6867);
#5740=AXIS2_PLACEMENT_3D('',#9009,#6871,#6872);
#5741=AXIS2_PLACEMENT_3D('',#9016,#6876,#6877);
#5742=AXIS2_PLACEMENT_3D('',#9020,#6880,#6881);
#5743=AXIS2_PLACEMENT_3D('',#9025,#6884,#6885);
#5744=AXIS2_PLACEMENT_3D('',#9033,#6889,#6890);
#5745=AXIS2_PLACEMENT_3D('',#9041,#6894,#6895);
#5746=AXIS2_PLACEMENT_3D('',#9049,#6899,#6900);
#5747=AXIS2_PLACEMENT_3D('',#9057,#6904,#6905);
#5748=AXIS2_PLACEMENT_3D('',#9065,#6909,#6910);
#5749=AXIS2_PLACEMENT_3D('',#9073,#6914,#6915);
#5750=AXIS2_PLACEMENT_3D('',#9081,#6919,#6920);
#5751=AXIS2_PLACEMENT_3D('',#9089,#6924,#6925);
#5752=AXIS2_PLACEMENT_3D('',#9093,#6929,#6930);
#5753=AXIS2_PLACEMENT_3D('',#9097,#6933,#6934);
#5754=AXIS2_PLACEMENT_3D('',#9101,#6936,#6937);
#5755=AXIS2_PLACEMENT_3D('',#9109,#6941,#6942);
#5756=AXIS2_PLACEMENT_3D('',#9111,#6944,#6945);
#5757=AXIS2_PLACEMENT_3D('',#9112,#6946,#6947);
#5758=AXIS2_PLACEMENT_3D('',#9113,#6948,#6949);
#5759=AXIS2_PLACEMENT_3D('',#9114,#6950,#6951);
#5760=AXIS2_PLACEMENT_3D('',#9116,#6953,#6954);
#5761=AXIS2_PLACEMENT_3D('',#9118,#6956,#6957);
#5762=AXIS2_PLACEMENT_3D('',#9122,#6959,#6960);
#5763=AXIS2_PLACEMENT_3D('',#9124,#6962,#6963);
#5764=AXIS2_PLACEMENT_3D('',#9256,#6968,#6969);
#5765=AXIS2_PLACEMENT_3D('',#9276,#6970,#6971);
#5766=AXIS2_PLACEMENT_3D('',#9278,#6972,#6973);
#5767=AXIS2_PLACEMENT_3D('',#9286,#6977,#6978);
#5768=AXIS2_PLACEMENT_3D('',#9293,#6982,#6983);
#5769=AXIS2_PLACEMENT_3D('',#9294,#6984,#6985);
#5770=AXIS2_PLACEMENT_3D('',#9296,#6986,#6987);
#5771=AXIS2_PLACEMENT_3D('',#9304,#6991,#6992);
#5772=AXIS2_PLACEMENT_3D('',#9311,#6996,#6997);
#5773=AXIS2_PLACEMENT_3D('',#9312,#6998,#6999);
#5774=AXIS2_PLACEMENT_3D('',#9314,#7000,#7001);
#5775=AXIS2_PLACEMENT_3D('',#9322,#7005,#7006);
#5776=AXIS2_PLACEMENT_3D('',#9329,#7010,#7011);
#5777=AXIS2_PLACEMENT_3D('',#9330,#7012,#7013);
#5778=AXIS2_PLACEMENT_3D('',#9488,#7018,#7019);
#5779=AXIS2_PLACEMENT_3D('',#9492,#7021,#7022);
#5780=AXIS2_PLACEMENT_3D('',#9494,#7024,#7025);
#5781=AXIS2_PLACEMENT_3D('',#9496,#7026,#7027);
#5782=AXIS2_PLACEMENT_3D('',#9504,#7031,#7032);
#5783=AXIS2_PLACEMENT_3D('',#9511,#7036,#7037);
#5784=AXIS2_PLACEMENT_3D('',#9512,#7038,#7039);
#5785=AXIS2_PLACEMENT_3D('',#9514,#7040,#7041);
#5786=AXIS2_PLACEMENT_3D('',#9522,#7045,#7046);
#5787=AXIS2_PLACEMENT_3D('',#9529,#7050,#7051);
#5788=AXIS2_PLACEMENT_3D('',#9530,#7052,#7053);
#5789=AXIS2_PLACEMENT_3D('',#9532,#7054,#7055);
#5790=AXIS2_PLACEMENT_3D('',#9540,#7059,#7060);
#5791=AXIS2_PLACEMENT_3D('',#9547,#7064,#7065);
#5792=AXIS2_PLACEMENT_3D('',#9548,#7066,#7067);
#5793=AXIS2_PLACEMENT_3D('',#9550,#7068,#7069);
#5794=AXIS2_PLACEMENT_3D('',#9552,#7071,#7072);
#5795=AXIS2_PLACEMENT_3D('',#9556,#7074,#7075);
#5796=AXIS2_PLACEMENT_3D('',#9563,#7077,#7078);
#5797=AXIS2_PLACEMENT_3D('',#9565,#7080,#7081);
#5798=AXIS2_PLACEMENT_3D('',#9568,#7083,#7084);
#5799=AXIS2_PLACEMENT_3D('',#9569,#7085,#7086);
#5800=AXIS2_PLACEMENT_3D('',#9573,#7089,#7090);
#5801=AXIS2_PLACEMENT_3D('',#9576,#7093,#7094);
#5802=AXIS2_PLACEMENT_3D('',#9578,#7096,#7097);
#5803=AXIS2_PLACEMENT_3D('',#9580,#7099,#7100);
#5804=AXIS2_PLACEMENT_3D('',#9582,#7102,#7103);
#5805=AXIS2_PLACEMENT_3D('',#9588,#7106,#7107);
#5806=AXIS2_PLACEMENT_3D('',#9595,#7111,#7112);
#5807=AXIS2_PLACEMENT_3D('',#9596,#7113,#7114);
#5808=AXIS2_PLACEMENT_3D('',#9598,#7116,#7117);
#5809=AXIS2_PLACEMENT_3D('',#9613,#7121,#7122);
#5810=AXIS2_PLACEMENT_3D('',#9620,#7126,#7127);
#5811=AXIS2_PLACEMENT_3D('',#9621,#7128,#7129);
#5812=AXIS2_PLACEMENT_3D('',#9623,#7131,#7132);
#5813=AXIS2_PLACEMENT_3D('',#9626,#7135,#7136);
#5814=AXIS2_PLACEMENT_3D('',#9630,#7139,#7140);
#5815=AXIS2_PLACEMENT_3D('',#9631,#7141,#7142);
#5816=AXIS2_PLACEMENT_3D('',#9634,#7145,#7146);
#5817=AXIS2_PLACEMENT_3D('',#9637,#7149,#7150);
#5818=AXIS2_PLACEMENT_3D('',#9640,#7153,#7154);
#5819=AXIS2_PLACEMENT_3D('',#9643,#7157,#7158);
#5820=AXIS2_PLACEMENT_3D('',#9646,#7161,#7162);
#5821=AXIS2_PLACEMENT_3D('',#9649,#7164,#7165);
#5822=AXIS2_PLACEMENT_3D('',#9650,#7166,#7167);
#5823=AXIS2_PLACEMENT_3D('',#9653,#7170,#7171);
#5824=AXIS2_PLACEMENT_3D('',#9657,#7174,#7175);
#5825=AXIS2_PLACEMENT_3D('',#9658,#7176,#7177);
#5826=AXIS2_PLACEMENT_3D('',#9662,#7180,#7181);
#5827=AXIS2_PLACEMENT_3D('',#9663,#7182,#7183);
#5828=AXIS2_PLACEMENT_3D('',#9666,#7186,#7187);
#5829=AXIS2_PLACEMENT_3D('',#9670,#7190,#7191);
#5830=AXIS2_PLACEMENT_3D('',#9671,#7192,#7193);
#5831=AXIS2_PLACEMENT_3D('',#9674,#7196,#7197);
#5832=AXIS2_PLACEMENT_3D('',#9677,#7200,#7201);
#5833=AXIS2_PLACEMENT_3D('',#9678,#7202,#7203);
#5834=AXIS2_PLACEMENT_3D('',#9679,#7204,#7205);
#5835=AXIS2_PLACEMENT_3D('',#9680,#7206,#7207);
#5836=AXIS2_PLACEMENT_3D('',#9681,#7208,#7209);
#5837=AXIS2_PLACEMENT_3D('',#9682,#7210,#7211);
#5838=AXIS2_PLACEMENT_3D('',#9684,#7212,#7213);
#5839=AXIS2_PLACEMENT_3D('',#9686,#7215,#7216);
#5840=AXIS2_PLACEMENT_3D('',#9688,#7217,#7218);
#5841=AXIS2_PLACEMENT_3D('',#9690,#7220,#7221);
#5842=AXIS2_PLACEMENT_3D('',#9693,#7223,#7224);
#5843=AXIS2_PLACEMENT_3D('',#9694,#7225,#7226);
#5844=AXIS2_PLACEMENT_3D('',#9695,#7227,#7228);
#5845=AXIS2_PLACEMENT_3D('',#9698,#7230,#7231);
#5846=AXIS2_PLACEMENT_3D('',#9699,#7232,#7233);
#5847=AXIS2_PLACEMENT_3D('',#9700,#7234,#7235);
#5848=AXIS2_PLACEMENT_3D('',#9702,#7236,#7237);
#5849=AXIS2_PLACEMENT_3D('',#9705,#7239,#7240);
#5850=AXIS2_PLACEMENT_3D('',#9706,#7241,#7242);
#5851=AXIS2_PLACEMENT_3D('',#9707,#7243,#7244);
#5852=AXIS2_PLACEMENT_3D('',#9708,#7245,#7246);
#5853=AXIS2_PLACEMENT_3D('',#9709,#7247,#7248);
#5854=AXIS2_PLACEMENT_3D('',#9710,#7249,#7250);
#5855=AXIS2_PLACEMENT_3D('',#9711,#7251,#7252);
#5856=AXIS2_PLACEMENT_3D('',#9713,#7253,#7254);
#5857=AXIS2_PLACEMENT_3D('',#9718,#7256,#7257);
#5858=AXIS2_PLACEMENT_3D('',#9720,#7259,#7260);
#5859=AXIS2_PLACEMENT_3D('',#9722,#7261,#7262);
#5860=AXIS2_PLACEMENT_3D('',#9724,#7264,#7265);
#5861=AXIS2_PLACEMENT_3D('',#9726,#7267,#7268);
#5862=AXIS2_PLACEMENT_3D('',#9728,#7269,#7270);
#5863=AXIS2_PLACEMENT_3D('',#9730,#7272,#7273);
#5864=AXIS2_PLACEMENT_3D('',#9732,#7275,#7276);
#5865=AXIS2_PLACEMENT_3D('',#9734,#7277,#7278);
#5866=AXIS2_PLACEMENT_3D('',#9736,#7280,#7281);
#5867=AXIS2_PLACEMENT_3D('',#9738,#7283,#7284);
#5868=AXIS2_PLACEMENT_3D('',#9740,#7285,#7286);
#5869=AXIS2_PLACEMENT_3D('',#9742,#7288,#7289);
#5870=AXIS2_PLACEMENT_3D('',#9744,#7291,#7292);
#5871=AXIS2_PLACEMENT_3D('',#9746,#7293,#7294);
#5872=AXIS2_PLACEMENT_3D('',#9748,#7296,#7297);
#5873=AXIS2_PLACEMENT_3D('',#9750,#7299,#7300);
#5874=AXIS2_PLACEMENT_3D('',#9752,#7301,#7302);
#5875=AXIS2_PLACEMENT_3D('',#9754,#7304,#7305);
#5876=AXIS2_PLACEMENT_3D('',#9756,#7307,#7308);
#5877=AXIS2_PLACEMENT_3D('',#9758,#7309,#7310);
#5878=AXIS2_PLACEMENT_3D('',#9760,#7312,#7313);
#5879=AXIS2_PLACEMENT_3D('',#9762,#7315,#7316);
#5880=AXIS2_PLACEMENT_3D('',#9764,#7317,#7318);
#5881=AXIS2_PLACEMENT_3D('',#9766,#7320,#7321);
#5882=AXIS2_PLACEMENT_3D('',#9768,#7323,#7324);
#5883=AXIS2_PLACEMENT_3D('',#9770,#7325,#7326);
#5884=AXIS2_PLACEMENT_3D('',#9772,#7328,#7329);
#5885=AXIS2_PLACEMENT_3D('',#9774,#7331,#7332);
#5886=AXIS2_PLACEMENT_3D('',#9776,#7333,#7334);
#5887=AXIS2_PLACEMENT_3D('',#9778,#7336,#7337);
#5888=AXIS2_PLACEMENT_3D('',#9780,#7339,#7340);
#5889=AXIS2_PLACEMENT_3D('',#9782,#7341,#7342);
#5890=AXIS2_PLACEMENT_3D('',#9784,#7344,#7345);
#5891=AXIS2_PLACEMENT_3D('',#9786,#7347,#7348);
#5892=AXIS2_PLACEMENT_3D('',#9788,#7349,#7350);
#5893=AXIS2_PLACEMENT_3D('',#9790,#7352,#7353);
#5894=AXIS2_PLACEMENT_3D('',#9792,#7355,#7356);
#5895=AXIS2_PLACEMENT_3D('',#9794,#7357,#7358);
#5896=AXIS2_PLACEMENT_3D('',#9796,#7360,#7361);
#5897=AXIS2_PLACEMENT_3D('',#9798,#7363,#7364);
#5898=AXIS2_PLACEMENT_3D('',#9800,#7365,#7366);
#5899=AXIS2_PLACEMENT_3D('',#9802,#7368,#7369);
#5900=AXIS2_PLACEMENT_3D('',#9804,#7371,#7372);
#5901=AXIS2_PLACEMENT_3D('',#9806,#7373,#7374);
#5902=AXIS2_PLACEMENT_3D('',#9808,#7376,#7377);
#5903=AXIS2_PLACEMENT_3D('',#9809,#7378,#7379);
#5904=AXIS2_PLACEMENT_3D('',#9810,#7380,#7381);
#5905=AXIS2_PLACEMENT_3D('',#9812,#7382,#7383);
#5906=AXIS2_PLACEMENT_3D('',#9814,#7385,#7386);
#5907=AXIS2_PLACEMENT_3D('',#9816,#7388,#7389);
#5908=AXIS2_PLACEMENT_3D('',#9817,#7390,#7391);
#5909=AXIS2_PLACEMENT_3D('',#9821,#7394,#7395);
#5910=AXIS2_PLACEMENT_3D('',#9823,#7397,#7398);
#5911=AXIS2_PLACEMENT_3D('',#9825,#7400,#7401);
#5912=AXIS2_PLACEMENT_3D('',#9827,#7403,#7404);
#5913=AXIS2_PLACEMENT_3D('',#9829,#7406,#7407);
#5914=AXIS2_PLACEMENT_3D('',#9831,#7409,#7410);
#5915=AXIS2_PLACEMENT_3D('',#9833,#7412,#7413);
#5916=AXIS2_PLACEMENT_3D('',#9835,#7415,#7416);
#5917=AXIS2_PLACEMENT_3D('',#9837,#7418,#7419);
#5918=AXIS2_PLACEMENT_3D('',#9838,#7420,#7421);
#5919=AXIS2_PLACEMENT_3D('',#9840,#7423,#7424);
#5920=AXIS2_PLACEMENT_3D('',#9842,#7426,#7427);
#5921=AXIS2_PLACEMENT_3D('',#9844,#7429,#7430);
#5922=AXIS2_PLACEMENT_3D('',#9846,#7432,#7433);
#5923=AXIS2_PLACEMENT_3D('',#9848,#7435,#7436);
#5924=AXIS2_PLACEMENT_3D('',#9850,#7438,#7439);
#5925=AXIS2_PLACEMENT_3D('',#9852,#7441,#7442);
#5926=AXIS2_PLACEMENT_3D('',#9854,#7444,#7445);
#5927=AXIS2_PLACEMENT_3D('',#9856,#7447,#7448);
#5928=AXIS2_PLACEMENT_3D('',#9858,#7450,#7451);
#5929=AXIS2_PLACEMENT_3D('',#9860,#7453,#7454);
#5930=AXIS2_PLACEMENT_3D('',#9862,#7456,#7457);
#5931=AXIS2_PLACEMENT_3D('',#9864,#7459,#7460);
#5932=AXIS2_PLACEMENT_3D('',#9866,#7462,#7463);
#5933=AXIS2_PLACEMENT_3D('',#9868,#7465,#7466);
#5934=AXIS2_PLACEMENT_3D('',#9870,#7468,#7469);
#5935=AXIS2_PLACEMENT_3D('',#9872,#7471,#7472);
#5936=AXIS2_PLACEMENT_3D('',#9874,#7474,#7475);
#5937=AXIS2_PLACEMENT_3D('',#9876,#7477,#7478);
#5938=AXIS2_PLACEMENT_3D('',#9878,#7480,#7481);
#5939=AXIS2_PLACEMENT_3D('',#9880,#7483,#7484);
#5940=AXIS2_PLACEMENT_3D('',#9882,#7486,#7487);
#5941=AXIS2_PLACEMENT_3D('',#9883,#7488,#7489);
#5942=AXIS2_PLACEMENT_3D('',#9885,#7491,#7492);
#5943=AXIS2_PLACEMENT_3D('',#9886,#7493,#7494);
#5944=AXIS2_PLACEMENT_3D('',#9887,#7495,#7496);
#5945=AXIS2_PLACEMENT_3D('',#9888,#7497,#7498);
#5946=AXIS2_PLACEMENT_3D('',#9889,#7499,#7500);
#5947=AXIS2_PLACEMENT_3D('',#9892,#7502,#7503);
#5948=AXIS2_PLACEMENT_3D('',#9893,#7504,#7505);
#5949=AXIS2_PLACEMENT_3D('',#9895,#7506,#7507);
#5950=AXIS2_PLACEMENT_3D('',#9896,#7508,#7509);
#5951=AXIS2_PLACEMENT_3D('',#9899,#7511,#7512);
#5952=AXIS2_PLACEMENT_3D('',#9900,#7513,#7514);
#5953=AXIS2_PLACEMENT_3D('',#9902,#7515,#7516);
#5954=AXIS2_PLACEMENT_3D('',#9903,#7517,#7518);
#5955=AXIS2_PLACEMENT_3D('',#9906,#7520,#7521);
#5956=AXIS2_PLACEMENT_3D('',#9907,#7522,#7523);
#5957=AXIS2_PLACEMENT_3D('',#9909,#7524,#7525);
#5958=AXIS2_PLACEMENT_3D('',#9910,#7526,#7527);
#5959=AXIS2_PLACEMENT_3D('',#9913,#7529,#7530);
#5960=AXIS2_PLACEMENT_3D('',#9914,#7531,#7532);
#5961=AXIS2_PLACEMENT_3D('',#9916,#7533,#7534);
#5962=AXIS2_PLACEMENT_3D('',#9917,#7535,#7536);
#5963=AXIS2_PLACEMENT_3D('',#9919,#7538,#7539);
#5964=AXIS2_PLACEMENT_3D('',#9921,#7541,#7542);
#5965=AXIS2_PLACEMENT_3D('',#9923,#7544,#7545);
#5966=AXIS2_PLACEMENT_3D('',#9924,#7546,#7547);
#5967=AXIS2_PLACEMENT_3D('',#9925,#7548,#7549);
#5968=AXIS2_PLACEMENT_3D('',#9926,#7550,#7551);
#5969=AXIS2_PLACEMENT_3D('',#9927,#7552,#7553);
#5970=AXIS2_PLACEMENT_3D('',#9928,#7554,#7555);
#5971=AXIS2_PLACEMENT_3D('',#9929,#7556,#7557);
#5972=AXIS2_PLACEMENT_3D('',#9930,#7558,#7559);
#5973=AXIS2_PLACEMENT_3D('',#9931,#7560,#7561);
#5974=AXIS2_PLACEMENT_3D('',#9932,#7562,#7563);
#5975=AXIS2_PLACEMENT_3D('',#9933,#7564,#7565);
#5976=AXIS2_PLACEMENT_3D('',#9934,#7566,#7567);
#5977=AXIS2_PLACEMENT_3D('',#9935,#7568,#7569);
#5978=AXIS2_PLACEMENT_3D('',#9936,#7570,#7571);
#5979=AXIS2_PLACEMENT_3D('',#9937,#7572,#7573);
#5980=AXIS2_PLACEMENT_3D('',#9938,#7574,#7575);
#5981=AXIS2_PLACEMENT_3D('',#9939,#7576,#7577);
#5982=AXIS2_PLACEMENT_3D('',#9941,#7579,#7580);
#5983=AXIS2_PLACEMENT_3D('',#9943,#7582,#7583);
#5984=AXIS2_PLACEMENT_3D('',#9945,#7585,#7586);
#5985=DIRECTION('axis',(0.,0.,1.));
#5986=DIRECTION('refdir',(1.,0.,0.));
#5987=DIRECTION('center_axis',(0.,0.,-1.));
#5988=DIRECTION('ref_axis',(1.,0.,0.));
#5989=DIRECTION('center_axis',(0.,0.,-1.));
#5990=DIRECTION('ref_axis',(1.,0.,0.));
#5991=DIRECTION('',(0.,0.,-1.));
#5992=DIRECTION('center_axis',(0.,0.,1.));
#5993=DIRECTION('ref_axis',(1.,0.,0.));
#5994=DIRECTION('center_axis',(0.,0.,1.));
#5995=DIRECTION('ref_axis',(1.,0.,0.));
#5996=DIRECTION('center_axis',(0.,0.,-1.));
#5997=DIRECTION('ref_axis',(1.,0.,0.));
#5998=DIRECTION('center_axis',(0.,0.,-1.));
#5999=DIRECTION('ref_axis',(1.,0.,0.));
#6000=DIRECTION('',(0.,0.,-1.));
#6001=DIRECTION('center_axis',(0.,0.,1.));
#6002=DIRECTION('ref_axis',(1.,0.,0.));
#6003=DIRECTION('center_axis',(0.,0.,-1.));
#6004=DIRECTION('ref_axis',(1.,0.,0.));
#6005=DIRECTION('center_axis',(0.,0.,-1.));
#6006=DIRECTION('ref_axis',(1.,0.,0.));
#6007=DIRECTION('',(0.,0.,-1.));
#6008=DIRECTION('center_axis',(0.,0.,1.));
#6009=DIRECTION('ref_axis',(1.,0.,0.));
#6010=DIRECTION('center_axis',(0.,0.,-1.));
#6011=DIRECTION('ref_axis',(-0.272039595988635,0.962286058412123,0.));
#6012=DIRECTION('center_axis',(0.,0.,1.));
#6013=DIRECTION('ref_axis',(1.,0.,0.));
#6014=DIRECTION('',(0.,0.,-1.));
#6015=DIRECTION('center_axis',(0.,0.,-1.));
#6016=DIRECTION('ref_axis',(1.,0.,0.));
#6017=DIRECTION('',(0.,0.,-1.));
#6018=DIRECTION('center_axis',(0.,0.,-1.));
#6019=DIRECTION('ref_axis',(0.933906707577042,-0.3575167989656,0.));
#6020=DIRECTION('center_axis',(0.,0.,-1.));
#6021=DIRECTION('ref_axis',(0.933906707577042,-0.3575167989656,0.));
#6022=DIRECTION('center_axis',(0.,0.,1.));
#6023=DIRECTION('ref_axis',(-1.,0.,0.));
#6024=DIRECTION('center_axis',(0.,0.,-1.));
#6025=DIRECTION('ref_axis',(1.,0.,0.));
#6026=DIRECTION('center_axis',(0.,0.,-1.));
#6027=DIRECTION('ref_axis',(1.,0.,0.));
#6028=DIRECTION('',(0.,0.,-1.));
#6029=DIRECTION('center_axis',(0.,0.,1.));
#6030=DIRECTION('ref_axis',(1.,0.,0.));
#6031=DIRECTION('center_axis',(0.,0.,-1.));
#6032=DIRECTION('ref_axis',(1.,0.,0.));
#6033=DIRECTION('center_axis',(0.,0.,-1.));
#6034=DIRECTION('ref_axis',(1.,0.,0.));
#6035=DIRECTION('',(0.,0.,-1.));
#6036=DIRECTION('center_axis',(0.,0.,1.));
#6037=DIRECTION('ref_axis',(1.,0.,0.));
#6038=DIRECTION('center_axis',(0.,0.,1.));
#6039=DIRECTION('ref_axis',(1.,0.,0.));
#6040=DIRECTION('center_axis',(0.,0.,-1.));
#6041=DIRECTION('ref_axis',(1.,0.,0.));
#6042=DIRECTION('center_axis',(0.,0.,-1.));
#6043=DIRECTION('ref_axis',(1.,0.,0.));
#6044=DIRECTION('',(0.,0.,-1.));
#6045=DIRECTION('center_axis',(0.,0.,1.));
#6046=DIRECTION('ref_axis',(1.,0.,0.));
#6047=DIRECTION('center_axis',(0.,0.,-1.));
#6048=DIRECTION('ref_axis',(1.,0.,0.));
#6049=DIRECTION('center_axis',(0.,0.,-1.));
#6050=DIRECTION('ref_axis',(1.,0.,0.));
#6051=DIRECTION('',(0.,0.,-1.));
#6052=DIRECTION('center_axis',(0.,0.,1.));
#6053=DIRECTION('ref_axis',(1.,0.,0.));
#6054=DIRECTION('center_axis',(0.,0.,1.));
#6055=DIRECTION('ref_axis',(-1.,0.,0.));
#6056=DIRECTION('center_axis',(0.,0.,-1.));
#6057=DIRECTION('ref_axis',(-1.,0.,0.));
#6058=DIRECTION('center_axis',(0.,0.,1.));
#6059=DIRECTION('ref_axis',(1.,0.,0.));
#6060=DIRECTION('center_axis',(0.,0.,1.));
#6061=DIRECTION('ref_axis',(1.,0.,0.));
#6062=DIRECTION('center_axis',(0.,0.,-1.));
#6063=DIRECTION('ref_axis',(1.,0.,0.));
#6064=DIRECTION('',(0.,0.,-1.));
#6065=DIRECTION('center_axis',(0.,0.,1.));
#6066=DIRECTION('ref_axis',(1.,0.,0.));
#6067=DIRECTION('',(0.,0.,1.));
#6068=DIRECTION('',(0.,0.,-1.));
#6069=DIRECTION('center_axis',(0.,0.,1.));
#6070=DIRECTION('ref_axis',(1.,0.,0.));
#6071=DIRECTION('center_axis',(0.,0.,-1.));
#6072=DIRECTION('ref_axis',(1.,0.,0.));
#6073=DIRECTION('center_axis',(0.,0.,-1.));
#6074=DIRECTION('ref_axis',(1.,0.,0.));
#6075=DIRECTION('',(0.,0.,-1.));
#6076=DIRECTION('center_axis',(0.,0.,-1.));
#6077=DIRECTION('ref_axis',(1.,0.,0.));
#6078=DIRECTION('',(0.,0.,-1.));
#6079=DIRECTION('center_axis',(1.01356770407652E-15,1.,0.));
#6080=DIRECTION('ref_axis',(1.,-1.01356770407652E-15,0.));
#6081=DIRECTION('',(-1.,0.,0.));
#6082=DIRECTION('',(1.,-1.01356770407652E-15,0.));
#6083=DIRECTION('center_axis',(0.,0.,-1.));
#6084=DIRECTION('ref_axis',(1.,0.,0.));
#6085=DIRECTION('center_axis',(0.,0.,-1.));
#6086=DIRECTION('ref_axis',(1.,0.,0.));
#6087=DIRECTION('',(0.,0.,-1.));
#6088=DIRECTION('center_axis',(0.,0.,1.));
#6089=DIRECTION('ref_axis',(1.,0.,0.));
#6090=DIRECTION('center_axis',(0.,0.,1.));
#6091=DIRECTION('ref_axis',(1.,0.,0.));
#6092=DIRECTION('center_axis',(0.,0.,1.));
#6093=DIRECTION('ref_axis',(-1.,0.,0.));
#6094=DIRECTION('center_axis',(0.,0.,1.));
#6095=DIRECTION('ref_axis',(1.,0.,0.));
#6096=DIRECTION('center_axis',(1.,0.,0.));
#6097=DIRECTION('ref_axis',(0.,-0.707106781186543,0.707106781186552));
#6098=DIRECTION('',(1.,0.,0.));
#6099=DIRECTION('',(1.,0.,0.));
#6100=DIRECTION('',(1.,0.,0.));
#6101=DIRECTION('',(1.,0.,0.));
#6102=DIRECTION('center_axis',(-1.,0.,0.));
#6103=DIRECTION('ref_axis',(0.,-0.707106781186543,0.707106781186552));
#6104=DIRECTION('',(-1.,0.,0.));
#6105=DIRECTION('center_axis',(1.,0.,0.));
#6106=DIRECTION('ref_axis',(0.,-0.707106781186543,0.707106781186552));
#6107=DIRECTION('',(-1.,0.,0.));
#6108=DIRECTION('center_axis',(-1.,0.,0.));
#6109=DIRECTION('ref_axis',(0.,-0.707106781186543,0.707106781186552));
#6110=DIRECTION('',(-1.,0.,0.));
#6111=DIRECTION('center_axis',(1.,0.,0.));
#6112=DIRECTION('ref_axis',(0.,-0.707106781186543,0.707106781186552));
#6113=DIRECTION('',(1.,0.,0.));
#6114=DIRECTION('',(1.,0.,0.));
#6115=DIRECTION('center_axis',(0.,0.,-1.));
#6116=DIRECTION('ref_axis',(-1.,0.,0.));
#6117=DIRECTION('center_axis',(0.,0.,-1.));
#6118=DIRECTION('ref_axis',(1.,0.,0.));
#6119=DIRECTION('',(0.,-1.,0.));
#6120=DIRECTION('center_axis',(0.,0.,-1.));
#6121=DIRECTION('ref_axis',(1.,0.,0.));
#6122=DIRECTION('',(0.,-1.,0.));
#6123=DIRECTION('',(-1.,0.,0.));
#6124=DIRECTION('',(0.,1.,0.));
#6125=DIRECTION('center_axis',(0.,0.,-1.));
#6126=DIRECTION('ref_axis',(1.,0.,0.));
#6127=DIRECTION('center_axis',(0.,0.,-1.));
#6128=DIRECTION('ref_axis',(1.,0.,0.));
#6129=DIRECTION('',(0.,1.,0.));
#6130=DIRECTION('center_axis',(0.,0.,-1.));
#6131=DIRECTION('ref_axis',(1.,0.,0.));
#6132=DIRECTION('',(0.,1.,0.));
#6133=DIRECTION('center_axis',(0.,0.,-1.));
#6134=DIRECTION('ref_axis',(1.,0.,0.));
#6135=DIRECTION('center_axis',(0.,0.,-1.));
#6136=DIRECTION('ref_axis',(1.,0.,0.));
#6137=DIRECTION('',(0.,1.,0.));
#6138=DIRECTION('',(1.,0.,0.));
#6139=DIRECTION('',(0.,1.,0.));
#6140=DIRECTION('center_axis',(0.,0.,-1.));
#6141=DIRECTION('ref_axis',(1.,0.,0.));
#6142=DIRECTION('center_axis',(0.,0.,-1.));
#6143=DIRECTION('ref_axis',(1.,0.,0.));
#6144=DIRECTION('center_axis',(0.,0.,1.));
#6145=DIRECTION('ref_axis',(-1.,0.,0.));
#6146=DIRECTION('center_axis',(0.,0.,1.));
#6147=DIRECTION('ref_axis',(-1.,0.,0.));
#6148=DIRECTION('center_axis',(0.,0.,-1.));
#6149=DIRECTION('ref_axis',(1.,0.,0.));
#6150=DIRECTION('center_axis',(0.,0.,-1.));
#6151=DIRECTION('ref_axis',(1.,0.,0.));
#6152=DIRECTION('center_axis',(0.,0.,-1.));
#6153=DIRECTION('ref_axis',(1.,0.,0.));
#6154=DIRECTION('center_axis',(0.,0.,-1.));
#6155=DIRECTION('ref_axis',(1.,0.,0.));
#6156=DIRECTION('center_axis',(0.,0.,-1.));
#6157=DIRECTION('ref_axis',(1.,0.,0.));
#6158=DIRECTION('center_axis',(0.,0.,-1.));
#6159=DIRECTION('ref_axis',(1.,0.,0.));
#6160=DIRECTION('center_axis',(0.,0.,-1.));
#6161=DIRECTION('ref_axis',(1.,0.,0.));
#6162=DIRECTION('center_axis',(0.,0.,-1.));
#6163=DIRECTION('ref_axis',(1.,0.,0.));
#6164=DIRECTION('center_axis',(0.,0.,-1.));
#6165=DIRECTION('ref_axis',(1.,0.,0.));
#6166=DIRECTION('center_axis',(0.,0.,-1.));
#6167=DIRECTION('ref_axis',(1.,0.,0.));
#6168=DIRECTION('center_axis',(0.,0.,-1.));
#6169=DIRECTION('ref_axis',(1.,0.,0.));
#6170=DIRECTION('center_axis',(0.,0.,-1.));
#6171=DIRECTION('ref_axis',(1.,0.,0.));
#6172=DIRECTION('center_axis',(0.,0.,-1.));
#6173=DIRECTION('ref_axis',(1.,0.,0.));
#6174=DIRECTION('center_axis',(0.,0.,-1.));
#6175=DIRECTION('ref_axis',(1.,0.,0.));
#6176=DIRECTION('center_axis',(0.,0.,-1.));
#6177=DIRECTION('ref_axis',(1.,0.,0.));
#6178=DIRECTION('center_axis',(0.,0.,1.));
#6179=DIRECTION('ref_axis',(-1.,0.,0.));
#6180=DIRECTION('center_axis',(0.,0.,-1.));
#6181=DIRECTION('ref_axis',(-1.,0.,0.));
#6182=DIRECTION('center_axis',(0.,0.,1.));
#6183=DIRECTION('ref_axis',(-1.,0.,0.));
#6184=DIRECTION('',(-0.707106781186548,8.65956056235494E-17,0.707106781186547));
#6185=DIRECTION('center_axis',(0.,0.,-1.));
#6186=DIRECTION('ref_axis',(-1.,0.,0.));
#6187=DIRECTION('center_axis',(0.,0.,1.));
#6188=DIRECTION('ref_axis',(1.,0.,0.));
#6189=DIRECTION('',(0.,1.,0.));
#6190=DIRECTION('',(1.,0.,0.));
#6191=DIRECTION('',(0.,-1.,0.));
#6192=DIRECTION('',(1.,0.,0.));
#6193=DIRECTION('',(0.707106781186548,-0.707106781186548,0.));
#6194=DIRECTION('',(0.,-1.,0.));
#6195=DIRECTION('',(1.,0.,0.));
#6196=DIRECTION('',(0.,-1.,0.));
#6197=DIRECTION('',(0.707106781186545,0.70710678118655,0.));
#6198=DIRECTION('',(1.,0.,0.));
#6199=DIRECTION('',(0.707106781186542,-0.707106781186553,0.));
#6200=DIRECTION('',(0.,-1.,0.));
#6201=DIRECTION('',(1.,0.,0.));
#6202=DIRECTION('',(0.,-1.,0.));
#6203=DIRECTION('',(0.70710678118655,0.707106781186545,0.));
#6204=DIRECTION('',(1.,0.,0.));
#6205=DIRECTION('center_axis',(0.,0.,-1.));
#6206=DIRECTION('ref_axis',(1.,0.,0.));
#6207=DIRECTION('center_axis',(0.,0.,-1.));
#6208=DIRECTION('ref_axis',(-1.,0.,0.));
#6209=DIRECTION('center_axis',(0.,0.,1.));
#6210=DIRECTION('ref_axis',(-1.,0.,0.));
#6211=DIRECTION('',(0.,1.,0.));
#6212=DIRECTION('center_axis',(0.,0.,1.));
#6213=DIRECTION('ref_axis',(-1.,0.,0.));
#6214=DIRECTION('center_axis',(0.,0.,1.));
#6215=DIRECTION('ref_axis',(-1.,0.,0.));
#6216=DIRECTION('center_axis',(0.,0.,1.));
#6217=DIRECTION('ref_axis',(-1.,0.,0.));
#6218=DIRECTION('center_axis',(0.,0.,-1.));
#6219=DIRECTION('ref_axis',(1.,0.,0.));
#6220=DIRECTION('center_axis',(0.,0.,1.));
#6221=DIRECTION('ref_axis',(-1.,0.,0.));
#6222=DIRECTION('center_axis',(0.,0.,-1.));
#6223=DIRECTION('ref_axis',(-1.,0.,0.));
#6224=DIRECTION('center_axis',(0.,0.,-1.));
#6225=DIRECTION('ref_axis',(-1.,0.,0.));
#6226=DIRECTION('center_axis',(0.,0.,1.));
#6227=DIRECTION('ref_axis',(-1.,0.,0.));
#6228=DIRECTION('center_axis',(0.,0.,1.));
#6229=DIRECTION('ref_axis',(-1.,0.,0.));
#6230=DIRECTION('center_axis',(0.,0.,1.));
#6231=DIRECTION('ref_axis',(-1.,0.,0.));
#6232=DIRECTION('center_axis',(0.,0.,1.));
#6233=DIRECTION('ref_axis',(-1.,0.,0.));
#6234=DIRECTION('center_axis',(0.,0.,1.));
#6235=DIRECTION('ref_axis',(-1.,0.,0.));
#6236=DIRECTION('center_axis',(0.,0.,1.));
#6237=DIRECTION('ref_axis',(-1.,0.,0.));
#6238=DIRECTION('center_axis',(0.,0.,1.));
#6239=DIRECTION('ref_axis',(-1.,0.,0.));
#6240=DIRECTION('center_axis',(0.,0.,-1.));
#6241=DIRECTION('ref_axis',(1.,0.,0.));
#6242=DIRECTION('center_axis',(0.,0.,-1.));
#6243=DIRECTION('ref_axis',(1.,0.,0.));
#6244=DIRECTION('center_axis',(0.,0.,1.));
#6245=DIRECTION('ref_axis',(-1.,0.,0.));
#6246=DIRECTION('center_axis',(0.,0.,-1.));
#6247=DIRECTION('ref_axis',(1.,0.,0.));
#6248=DIRECTION('center_axis',(0.,0.,-1.));
#6249=DIRECTION('ref_axis',(1.,0.,0.));
#6250=DIRECTION('center_axis',(0.,0.,-1.));
#6251=DIRECTION('ref_axis',(1.,0.,0.));
#6252=DIRECTION('center_axis',(0.,0.,-1.));
#6253=DIRECTION('ref_axis',(1.,0.,0.));
#6254=DIRECTION('center_axis',(0.,0.,-1.));
#6255=DIRECTION('ref_axis',(1.,0.,0.));
#6256=DIRECTION('center_axis',(0.,0.,-1.));
#6257=DIRECTION('ref_axis',(1.,0.,0.));
#6258=DIRECTION('center_axis',(0.,0.,-1.));
#6259=DIRECTION('ref_axis',(1.,0.,0.));
#6260=DIRECTION('center_axis',(0.,0.,-1.));
#6261=DIRECTION('ref_axis',(1.,0.,0.));
#6262=DIRECTION('center_axis',(0.,0.,-1.));
#6263=DIRECTION('ref_axis',(1.,0.,0.));
#6264=DIRECTION('center_axis',(0.,0.,-1.));
#6265=DIRECTION('ref_axis',(1.,0.,0.));
#6266=DIRECTION('center_axis',(0.,0.,-1.));
#6267=DIRECTION('ref_axis',(1.,0.,0.));
#6268=DIRECTION('center_axis',(0.,0.,-1.));
#6269=DIRECTION('ref_axis',(1.,0.,0.));
#6270=DIRECTION('center_axis',(0.,0.,-1.));
#6271=DIRECTION('ref_axis',(1.,0.,0.));
#6272=DIRECTION('center_axis',(0.,0.,-1.));
#6273=DIRECTION('ref_axis',(1.,0.,0.));
#6274=DIRECTION('center_axis',(0.,0.,-1.));
#6275=DIRECTION('ref_axis',(-1.,0.,0.));
#6276=DIRECTION('center_axis',(0.,0.,1.));
#6277=DIRECTION('ref_axis',(-1.,0.,0.));
#6278=DIRECTION('center_axis',(0.,0.,-1.));
#6279=DIRECTION('ref_axis',(-1.,0.,0.));
#6280=DIRECTION('center_axis',(0.,0.,1.));
#6281=DIRECTION('ref_axis',(-1.,0.,0.));
#6282=DIRECTION('center_axis',(0.,0.,-1.));
#6283=DIRECTION('ref_axis',(-1.,0.,0.));
#6284=DIRECTION('center_axis',(0.,0.,-1.));
#6285=DIRECTION('ref_axis',(-1.,0.,0.));
#6286=DIRECTION('center_axis',(0.,0.,-1.));
#6287=DIRECTION('ref_axis',(-1.,0.,0.));
#6288=DIRECTION('center_axis',(0.,0.,-1.));
#6289=DIRECTION('ref_axis',(-1.,0.,0.));
#6290=DIRECTION('center_axis',(0.,0.,-1.));
#6291=DIRECTION('ref_axis',(-1.,0.,0.));
#6292=DIRECTION('',(0.,-1.,0.));
#6293=DIRECTION('center_axis',(0.,0.,1.));
#6294=DIRECTION('ref_axis',(1.,0.,0.));
#6295=DIRECTION('center_axis',(0.,0.,1.));
#6296=DIRECTION('ref_axis',(-1.,0.,0.));
#6297=DIRECTION('center_axis',(0.,0.,1.));
#6298=DIRECTION('ref_axis',(-1.,0.,0.));
#6299=DIRECTION('center_axis',(0.,0.,1.));
#6300=DIRECTION('ref_axis',(-1.,0.,0.));
#6301=DIRECTION('center_axis',(0.,0.,1.));
#6302=DIRECTION('ref_axis',(-1.,0.,0.));
#6303=DIRECTION('center_axis',(0.,0.,-1.));
#6304=DIRECTION('ref_axis',(1.,0.,0.));
#6305=DIRECTION('center_axis',(0.,0.,1.));
#6306=DIRECTION('ref_axis',(-1.,0.,0.));
#6307=DIRECTION('center_axis',(0.,0.,1.));
#6308=DIRECTION('ref_axis',(-1.,0.,0.));
#6309=DIRECTION('center_axis',(0.,0.,1.));
#6310=DIRECTION('ref_axis',(-1.,0.,0.));
#6311=DIRECTION('center_axis',(0.,0.,1.));
#6312=DIRECTION('ref_axis',(1.,0.,0.));
#6313=DIRECTION('center_axis',(0.,0.,-1.));
#6314=DIRECTION('ref_axis',(1.,0.,0.));
#6315=DIRECTION('center_axis',(0.,0.,-1.));
#6316=DIRECTION('ref_axis',(1.,0.,0.));
#6317=DIRECTION('center_axis',(0.,0.,1.));
#6318=DIRECTION('ref_axis',(-1.,0.,0.));
#6319=DIRECTION('center_axis',(0.,0.,1.));
#6320=DIRECTION('ref_axis',(-1.,0.,0.));
#6321=DIRECTION('center_axis',(0.,0.,1.));
#6322=DIRECTION('ref_axis',(-1.,0.,0.));
#6323=DIRECTION('',(0.,0.,-1.));
#6324=DIRECTION('center_axis',(0.,0.,-1.));
#6325=DIRECTION('ref_axis',(-1.,0.,0.));
#6326=DIRECTION('',(-0.707106781186548,8.65956056235494E-17,0.707106781186547));
#6327=DIRECTION('center_axis',(0.,0.,-1.));
#6328=DIRECTION('ref_axis',(-1.,0.,0.));
#6329=DIRECTION('center_axis',(0.,0.,1.));
#6330=DIRECTION('ref_axis',(-1.,0.,0.));
#6331=DIRECTION('center_axis',(0.,0.,1.));
#6332=DIRECTION('ref_axis',(-1.,0.,0.));
#6333=DIRECTION('',(0.,0.,-1.));
#6334=DIRECTION('center_axis',(0.,0.,1.));
#6335=DIRECTION('ref_axis',(-1.,0.,0.));
#6336=DIRECTION('center_axis',(0.,0.,-1.));
#6337=DIRECTION('ref_axis',(-1.,0.,0.));
#6338=DIRECTION('',(0.,0.,-1.));
#6339=DIRECTION('center_axis',(0.,0.,1.));
#6340=DIRECTION('ref_axis',(-1.,0.,0.));
#6341=DIRECTION('center_axis',(0.,0.,1.));
#6342=DIRECTION('ref_axis',(-1.,0.,0.));
#6343=DIRECTION('center_axis',(0.,0.,1.));
#6344=DIRECTION('ref_axis',(1.,0.,0.));
#6345=DIRECTION('center_axis',(0.,0.,1.));
#6346=DIRECTION('ref_axis',(-1.,0.,0.));
#6347=DIRECTION('center_axis',(0.,0.,-1.));
#6348=DIRECTION('ref_axis',(-1.,0.,0.));
#6349=DIRECTION('',(0.,0.,-1.));
#6350=DIRECTION('center_axis',(0.,0.,1.));
#6351=DIRECTION('ref_axis',(-1.,0.,0.));
#6352=DIRECTION('center_axis',(0.,0.,1.));
#6353=DIRECTION('ref_axis',(-1.,0.,0.));
#6354=DIRECTION('center_axis',(0.,0.,1.));
#6355=DIRECTION('ref_axis',(1.,0.,0.));
#6356=DIRECTION('center_axis',(0.,0.,-1.));
#6357=DIRECTION('ref_axis',(-1.,0.,0.));
#6358=DIRECTION('',(-0.707106781186547,8.65956056235493E-17,0.707106781186548));
#6359=DIRECTION('center_axis',(0.,0.,-1.));
#6360=DIRECTION('ref_axis',(-1.,0.,0.));
#6361=DIRECTION('center_axis',(0.,0.,1.));
#6362=DIRECTION('ref_axis',(-1.,0.,0.));
#6363=DIRECTION('center_axis',(0.,0.,1.));
#6364=DIRECTION('ref_axis',(-1.,0.,0.));
#6365=DIRECTION('',(0.,0.,-1.));
#6366=DIRECTION('center_axis',(0.,0.,-1.));
#6367=DIRECTION('ref_axis',(-1.,0.,0.));
#6368=DIRECTION('center_axis',(0.,0.,1.));
#6369=DIRECTION('ref_axis',(-1.,0.,0.));
#6370=DIRECTION('center_axis',(0.,-1.,0.));
#6371=DIRECTION('ref_axis',(1.,0.,0.));
#6372=DIRECTION('center_axis',(0.,0.,-1.));
#6373=DIRECTION('ref_axis',(-1.,0.,0.));
#6374=DIRECTION('center_axis',(0.,0.,1.));
#6375=DIRECTION('ref_axis',(-1.,0.,0.));
#6376=DIRECTION('',(0.,0.,-1.));
#6377=DIRECTION('center_axis',(0.,0.,1.));
#6378=DIRECTION('ref_axis',(-1.,0.,0.));
#6379=DIRECTION('center_axis',(0.,0.,1.));
#6380=DIRECTION('ref_axis',(-1.,0.,0.));
#6381=DIRECTION('center_axis',(0.,0.,1.));
#6382=DIRECTION('ref_axis',(-1.,0.,0.));
#6383=DIRECTION('center_axis',(0.,0.,-1.));
#6384=DIRECTION('ref_axis',(-1.,0.,0.));
#6385=DIRECTION('center_axis',(0.,0.,1.));
#6386=DIRECTION('ref_axis',(-1.,0.,0.));
#6387=DIRECTION('center_axis',(0.,-1.,0.));
#6388=DIRECTION('ref_axis',(1.,0.,0.));
#6389=DIRECTION('center_axis',(0.,0.,-1.));
#6390=DIRECTION('ref_axis',(-1.,0.,0.));
#6391=DIRECTION('center_axis',(0.,0.,1.));
#6392=DIRECTION('ref_axis',(-1.,0.,0.));
#6393=DIRECTION('',(0.,0.,-1.));
#6394=DIRECTION('center_axis',(0.,0.,1.));
#6395=DIRECTION('ref_axis',(-1.,0.,0.));
#6396=DIRECTION('center_axis',(0.,0.,1.));
#6397=DIRECTION('ref_axis',(-1.,0.,0.));
#6398=DIRECTION('center_axis',(0.,0.,-1.));
#6399=DIRECTION('ref_axis',(-1.,0.,0.));
#6400=DIRECTION('center_axis',(0.,0.,1.));
#6401=DIRECTION('ref_axis',(-1.,0.,0.));
#6402=DIRECTION('center_axis',(0.,-1.,0.));
#6403=DIRECTION('ref_axis',(1.,0.,0.));
#6404=DIRECTION('center_axis',(0.,0.,-1.));
#6405=DIRECTION('ref_axis',(-1.,0.,0.));
#6406=DIRECTION('center_axis',(0.,0.,1.));
#6407=DIRECTION('ref_axis',(-1.,0.,0.));
#6408=DIRECTION('',(0.,0.,-1.));
#6409=DIRECTION('center_axis',(0.,0.,1.));
#6410=DIRECTION('ref_axis',(-1.,0.,0.));
#6411=DIRECTION('center_axis',(0.,0.,1.));
#6412=DIRECTION('ref_axis',(-1.,0.,0.));
#6413=DIRECTION('center_axis',(0.,0.,1.));
#6414=DIRECTION('ref_axis',(-1.,0.,0.));
#6415=DIRECTION('center_axis',(0.,0.,-1.));
#6416=DIRECTION('ref_axis',(-1.,0.,0.));
#6417=DIRECTION('center_axis',(0.,0.,1.));
#6418=DIRECTION('ref_axis',(-1.,0.,0.));
#6419=DIRECTION('center_axis',(0.,-1.,0.));
#6420=DIRECTION('ref_axis',(1.,0.,0.));
#6421=DIRECTION('center_axis',(0.,0.,-1.));
#6422=DIRECTION('ref_axis',(-1.,0.,0.));
#6423=DIRECTION('center_axis',(0.,0.,1.));
#6424=DIRECTION('ref_axis',(-1.,0.,0.));
#6425=DIRECTION('',(0.,0.,-1.));
#6426=DIRECTION('center_axis',(0.,0.,1.));
#6427=DIRECTION('ref_axis',(-1.,0.,0.));
#6428=DIRECTION('center_axis',(0.,0.,1.));
#6429=DIRECTION('ref_axis',(-1.,0.,0.));
#6430=DIRECTION('center_axis',(0.,0.,1.));
#6431=DIRECTION('ref_axis',(-1.,0.,0.));
#6432=DIRECTION('center_axis',(0.,0.,-1.));
#6433=DIRECTION('ref_axis',(-1.,0.,0.));
#6434=DIRECTION('center_axis',(0.,0.,1.));
#6435=DIRECTION('ref_axis',(-1.,0.,0.));
#6436=DIRECTION('center_axis',(0.,-1.,0.));
#6437=DIRECTION('ref_axis',(1.,0.,0.));
#6438=DIRECTION('center_axis',(0.,0.,-1.));
#6439=DIRECTION('ref_axis',(-1.,0.,0.));
#6440=DIRECTION('center_axis',(0.,0.,1.));
#6441=DIRECTION('ref_axis',(-1.,0.,0.));
#6442=DIRECTION('',(0.,0.,-1.));
#6443=DIRECTION('center_axis',(0.,0.,1.));
#6444=DIRECTION('ref_axis',(-1.,0.,0.));
#6445=DIRECTION('center_axis',(0.,0.,1.));
#6446=DIRECTION('ref_axis',(-1.,0.,0.));
#6447=DIRECTION('center_axis',(0.,0.,1.));
#6448=DIRECTION('ref_axis',(-1.,0.,0.));
#6449=DIRECTION('center_axis',(0.,0.,-1.));
#6450=DIRECTION('ref_axis',(-1.,0.,0.));
#6451=DIRECTION('center_axis',(0.,0.,1.));
#6452=DIRECTION('ref_axis',(-1.,0.,0.));
#6453=DIRECTION('center_axis',(0.,-1.,0.));
#6454=DIRECTION('ref_axis',(1.,0.,0.));
#6455=DIRECTION('center_axis',(0.,0.,-1.));
#6456=DIRECTION('ref_axis',(-1.,0.,0.));
#6457=DIRECTION('center_axis',(0.,0.,1.));
#6458=DIRECTION('ref_axis',(-1.,0.,0.));
#6459=DIRECTION('',(0.,0.,-1.));
#6460=DIRECTION('center_axis',(0.,0.,1.));
#6461=DIRECTION('ref_axis',(-1.,0.,0.));
#6462=DIRECTION('center_axis',(0.,0.,1.));
#6463=DIRECTION('ref_axis',(-1.,0.,0.));
#6464=DIRECTION('center_axis',(0.,0.,1.));
#6465=DIRECTION('ref_axis',(-1.,0.,0.));
#6466=DIRECTION('center_axis',(0.,0.,-1.));
#6467=DIRECTION('ref_axis',(-1.,0.,0.));
#6468=DIRECTION('center_axis',(0.,0.,1.));
#6469=DIRECTION('ref_axis',(1.,0.,0.));
#6470=DIRECTION('center_axis',(0.,-1.,0.));
#6471=DIRECTION('ref_axis',(1.,0.,0.));
#6472=DIRECTION('center_axis',(0.,0.,-1.));
#6473=DIRECTION('ref_axis',(1.,0.,0.));
#6474=DIRECTION('center_axis',(0.,0.,-1.));
#6475=DIRECTION('ref_axis',(1.,0.,0.));
#6476=DIRECTION('center_axis',(0.,0.,1.));
#6477=DIRECTION('ref_axis',(-1.,0.,0.));
#6478=DIRECTION('',(0.,1.,0.));
#6479=DIRECTION('center_axis',(0.,0.,1.));
#6480=DIRECTION('ref_axis',(1.,0.,0.));
#6481=DIRECTION('center_axis',(0.,0.,1.));
#6482=DIRECTION('ref_axis',(1.,0.,0.));
#6483=DIRECTION('',(0.,0.,-1.));
#6484=DIRECTION('center_axis',(0.,0.,1.));
#6485=DIRECTION('ref_axis',(1.,0.,0.));
#6486=DIRECTION('center_axis',(0.,0.,-1.));
#6487=DIRECTION('ref_axis',(-1.,0.,0.));
#6488=DIRECTION('center_axis',(0.,0.,1.));
#6489=DIRECTION('ref_axis',(1.,0.,0.));
#6490=DIRECTION('center_axis',(0.,-1.,0.));
#6491=DIRECTION('ref_axis',(1.,0.,0.));
#6492=DIRECTION('center_axis',(0.,0.,-1.));
#6493=DIRECTION('ref_axis',(1.,0.,0.));
#6494=DIRECTION('center_axis',(0.,0.,-1.));
#6495=DIRECTION('ref_axis',(1.,0.,0.));
#6496=DIRECTION('center_axis',(0.,0.,1.));
#6497=DIRECTION('ref_axis',(-1.,0.,0.));
#6498=DIRECTION('',(0.,-1.,0.));
#6499=DIRECTION('center_axis',(0.,0.,1.));
#6500=DIRECTION('ref_axis',(1.,0.,0.));
#6501=DIRECTION('center_axis',(0.,0.,1.));
#6502=DIRECTION('ref_axis',(1.,0.,0.));
#6503=DIRECTION('',(0.,0.,-1.));
#6504=DIRECTION('center_axis',(0.,0.,1.));
#6505=DIRECTION('ref_axis',(1.,0.,0.));
#6506=DIRECTION('center_axis',(0.,0.,-1.));
#6507=DIRECTION('ref_axis',(-1.,0.,0.));
#6508=DIRECTION('center_axis',(0.,0.,1.));
#6509=DIRECTION('ref_axis',(-1.,0.,0.));
#6510=DIRECTION('center_axis',(0.,-1.,0.));
#6511=DIRECTION('ref_axis',(1.,0.,0.));
#6512=DIRECTION('center_axis',(0.,0.,-1.));
#6513=DIRECTION('ref_axis',(-1.,0.,0.));
#6514=DIRECTION('center_axis',(0.,0.,1.));
#6515=DIRECTION('ref_axis',(-1.,0.,0.));
#6516=DIRECTION('',(0.,0.,-1.));
#6517=DIRECTION('center_axis',(0.,0.,1.));
#6518=DIRECTION('ref_axis',(-1.,0.,0.));
#6519=DIRECTION('center_axis',(0.,0.,1.));
#6520=DIRECTION('ref_axis',(-1.,0.,0.));
#6521=DIRECTION('center_axis',(0.,0.,1.));
#6522=DIRECTION('ref_axis',(-1.,0.,0.));
#6523=DIRECTION('center_axis',(0.,0.,-1.));
#6524=DIRECTION('ref_axis',(-1.,0.,0.));
#6525=DIRECTION('center_axis',(0.,0.,1.));
#6526=DIRECTION('ref_axis',(-1.,0.,0.));
#6527=DIRECTION('center_axis',(0.,-1.,0.));
#6528=DIRECTION('ref_axis',(1.,0.,0.));
#6529=DIRECTION('center_axis',(0.,0.,-1.));
#6530=DIRECTION('ref_axis',(-1.,0.,0.));
#6531=DIRECTION('center_axis',(0.,0.,1.));
#6532=DIRECTION('ref_axis',(-1.,0.,0.));
#6533=DIRECTION('center_axis',(0.,0.,1.));
#6534=DIRECTION('ref_axis',(-1.,0.,0.));
#6535=DIRECTION('center_axis',(0.,0.,1.));
#6536=DIRECTION('ref_axis',(-1.,0.,0.));
#6537=DIRECTION('',(0.,0.,-1.));
#6538=DIRECTION('center_axis',(0.,0.,-1.));
#6539=DIRECTION('ref_axis',(-1.,0.,0.));
#6540=DIRECTION('center_axis',(0.,0.,-1.));
#6541=DIRECTION('ref_axis',(-1.,0.,0.));
#6542=DIRECTION('center_axis',(0.,0.,-1.));
#6543=DIRECTION('ref_axis',(-1.,0.,0.));
#6544=DIRECTION('center_axis',(0.,0.,1.));
#6545=DIRECTION('ref_axis',(-1.,0.,0.));
#6546=DIRECTION('center_axis',(0.,-1.,0.));
#6547=DIRECTION('ref_axis',(1.,0.,0.));
#6548=DIRECTION('center_axis',(0.,0.,-1.));
#6549=DIRECTION('ref_axis',(-1.,0.,0.));
#6550=DIRECTION('center_axis',(0.,0.,1.));
#6551=DIRECTION('ref_axis',(-1.,0.,0.));
#6552=DIRECTION('',(0.,0.,-1.));
#6553=DIRECTION('center_axis',(0.,0.,1.));
#6554=DIRECTION('ref_axis',(-1.,0.,0.));
#6555=DIRECTION('center_axis',(0.,0.,1.));
#6556=DIRECTION('ref_axis',(-1.,0.,0.));
#6557=DIRECTION('center_axis',(0.,0.,1.));
#6558=DIRECTION('ref_axis',(-1.,0.,0.));
#6559=DIRECTION('center_axis',(0.,0.,1.));
#6560=DIRECTION('ref_axis',(-1.,0.,0.));
#6561=DIRECTION('center_axis',(0.,0.,1.));
#6562=DIRECTION('ref_axis',(1.,0.,0.));
#6563=DIRECTION('center_axis',(0.,0.,-1.));
#6564=DIRECTION('ref_axis',(1.,0.,0.));
#6565=DIRECTION('',(0.,0.,-1.));
#6566=DIRECTION('center_axis',(0.,0.,1.));
#6567=DIRECTION('ref_axis',(1.,0.,0.));
#6568=DIRECTION('center_axis',(0.,0.,-1.));
#6569=DIRECTION('ref_axis',(1.,0.,0.));
#6570=DIRECTION('',(0.,0.,-1.));
#6571=DIRECTION('center_axis',(0.,0.,1.));
#6572=DIRECTION('ref_axis',(1.,0.,0.));
#6573=DIRECTION('center_axis',(0.707106781186553,0.707106781186542,0.));
#6574=DIRECTION('ref_axis',(0.,0.,-1.));
#6575=DIRECTION('',(-0.707106781186542,0.707106781186553,0.));
#6576=DIRECTION('',(0.,0.,1.));
#6577=DIRECTION('',(0.,0.,-1.));
#6578=DIRECTION('center_axis',(1.,0.,0.));
#6579=DIRECTION('ref_axis',(0.,0.,-1.));
#6580=DIRECTION('',(0.,1.,0.));
#6581=DIRECTION('',(0.,-1.799165976564E-15,1.));
#6582=DIRECTION('center_axis',(-0.707106781186545,0.70710678118655,0.));
#6583=DIRECTION('ref_axis',(0.,0.,1.));
#6584=DIRECTION('',(-0.70710678118655,-0.707106781186545,3.46222065456319E-9));
#6585=DIRECTION('',(0.,0.,1.));
#6586=DIRECTION('',(0.,0.,-1.));
#6587=DIRECTION('center_axis',(0.,1.,0.));
#6588=DIRECTION('ref_axis',(0.,0.,1.));
#6589=DIRECTION('',(0.,0.,1.));
#6590=DIRECTION('',(-1.,0.,4.89631940561151E-9));
#6591=DIRECTION('',(-1.,0.,0.));
#6592=DIRECTION('',(0.,0.,-1.));
#6593=DIRECTION('',(0.,0.,-1.));
#6594=DIRECTION('',(-1.,0.,0.));
#6595=DIRECTION('',(0.,0.,1.));
#6596=DIRECTION('center_axis',(0.,-1.,0.));
#6597=DIRECTION('ref_axis',(0.707106781186546,0.,0.707106781186549));
#6598=DIRECTION('center_axis',(0.,-1.,0.));
#6599=DIRECTION('ref_axis',(-0.707106781186549,0.,0.707106781186546));
#6600=DIRECTION('',(0.,0.,-1.));
#6601=DIRECTION('',(-1.,0.,0.));
#6602=DIRECTION('',(0.,0.,1.));
#6603=DIRECTION('',(-1.,0.,4.89631940561151E-9));
#6604=DIRECTION('',(-1.,0.,0.));
#6605=DIRECTION('center_axis',(-0.70710678118655,0.707106781186545,0.));
#6606=DIRECTION('ref_axis',(0.,0.,1.));
#6607=DIRECTION('',(-0.707106781186545,-0.70710678118655,3.46222065456317E-9));
#6608=DIRECTION('',(0.,0.,-1.));
#6609=DIRECTION('center_axis',(0.707106781186548,0.707106781186548,0.));
#6610=DIRECTION('ref_axis',(0.,0.,-1.));
#6611=DIRECTION('',(-0.707106781186548,0.707106781186548,0.));
#6612=DIRECTION('',(0.,0.,1.));
#6613=DIRECTION('center_axis',(1.,0.,0.));
#6614=DIRECTION('ref_axis',(0.,0.,-1.));
#6615=DIRECTION('',(0.,1.,0.));
#6616=DIRECTION('',(0.,-8.12116407952524E-16,1.));
#6617=DIRECTION('center_axis',(0.,0.,-1.));
#6618=DIRECTION('ref_axis',(0.,1.,0.));
#6619=DIRECTION('',(0.,1.,0.));
#6620=DIRECTION('',(1.,0.,0.));
#6621=DIRECTION('center_axis',(0.,0.,-1.));
#6622=DIRECTION('ref_axis',(0.,1.,0.));
#6623=DIRECTION('',(0.,1.,0.));
#6624=DIRECTION('',(1.,0.,0.));
#6625=DIRECTION('center_axis',(1.,0.,0.));
#6626=DIRECTION('ref_axis',(0.,0.,-1.));
#6627=DIRECTION('',(0.,0.,1.));
#6628=DIRECTION('',(0.,1.,0.));
#6629=DIRECTION('center_axis',(-4.89631940561151E-9,0.,-1.));
#6630=DIRECTION('ref_axis',(-1.,5.90701263434522E-17,4.89631940561151E-9));
#6631=DIRECTION('',(-1.,5.90701263434522E-17,4.89631940561151E-9));
#6632=DIRECTION('center_axis',(0.,1.,0.));
#6633=DIRECTION('ref_axis',(0.,0.,1.));
#6634=DIRECTION('center_axis',(1.,0.,0.));
#6635=DIRECTION('ref_axis',(0.,0.,-1.));
#6636=DIRECTION('',(0.,0.,1.));
#6637=DIRECTION('',(0.,1.,0.));
#6638=DIRECTION('center_axis',(-4.89631940561151E-9,0.,-1.));
#6639=DIRECTION('ref_axis',(-1.,5.90701263434522E-17,4.89631940561151E-9));
#6640=DIRECTION('',(-1.,5.90701263434522E-17,4.89631940561151E-9));
#6641=DIRECTION('center_axis',(0.,1.,0.));
#6642=DIRECTION('ref_axis',(0.,0.,1.));
#6643=DIRECTION('center_axis',(0.,0.,-1.));
#6644=DIRECTION('ref_axis',(-1.,0.,0.));
#6645=DIRECTION('',(-0.707106781186548,8.65956056235493E-17,0.707106781186547));
#6646=DIRECTION('center_axis',(0.,0.,-1.));
#6647=DIRECTION('ref_axis',(-1.,0.,0.));
#6648=DIRECTION('center_axis',(-1.,0.,0.));
#6649=DIRECTION('ref_axis',(0.,-1.,0.));
#6650=DIRECTION('',(0.,0.,-1.));
#6651=DIRECTION('',(0.,0.,1.));
#6652=DIRECTION('center_axis',(0.,0.,-1.));
#6653=DIRECTION('ref_axis',(-1.,0.,0.));
#6654=DIRECTION('center_axis',(0.,0.,-1.));
#6655=DIRECTION('ref_axis',(-1.,0.,0.));
#6656=DIRECTION('center_axis',(0.,0.,1.));
#6657=DIRECTION('ref_axis',(-1.,0.,0.));
#6658=DIRECTION('',(0.,0.,-1.));
#6659=DIRECTION('center_axis',(0.,0.,-1.));
#6660=DIRECTION('ref_axis',(1.,0.,0.));
#6661=DIRECTION('',(0.707106781186547,-8.65956056235493E-17,0.707106781186548));
#6662=DIRECTION('center_axis',(0.,0.,-1.));
#6663=DIRECTION('ref_axis',(1.,0.,0.));
#6664=DIRECTION('center_axis',(0.,0.,-1.));
#6665=DIRECTION('ref_axis',(1.,0.,0.));
#6666=DIRECTION('center_axis',(0.,0.,1.));
#6667=DIRECTION('ref_axis',(-1.,0.,0.));
#6668=DIRECTION('',(0.,0.,-1.));
#6669=DIRECTION('center_axis',(0.,0.,1.));
#6670=DIRECTION('ref_axis',(1.,0.,0.));
#6671=DIRECTION('center_axis',(0.,0.,-1.));
#6672=DIRECTION('ref_axis',(-1.,0.,0.));
#6673=DIRECTION('',(-0.707106781186548,8.65956056235494E-17,0.707106781186547));
#6674=DIRECTION('center_axis',(0.,0.,-1.));
#6675=DIRECTION('ref_axis',(-1.,0.,0.));
#6676=DIRECTION('center_axis',(0.,0.,1.));
#6677=DIRECTION('ref_axis',(-1.,0.,0.));
#6678=DIRECTION('',(0.,0.,-1.));
#6679=DIRECTION('center_axis',(0.,0.,-1.));
#6680=DIRECTION('ref_axis',(-1.,0.,0.));
#6681=DIRECTION('',(-0.707106781186548,8.65956056235494E-17,0.707106781186547));
#6682=DIRECTION('center_axis',(0.,0.,-1.));
#6683=DIRECTION('ref_axis',(-1.,0.,0.));
#6684=DIRECTION('center_axis',(0.,0.,-1.));
#6685=DIRECTION('ref_axis',(-1.,0.,0.));
#6686=DIRECTION('',(-0.707106781186548,8.65956056235493E-17,0.707106781186547));
#6687=DIRECTION('center_axis',(0.,0.,-1.));
#6688=DIRECTION('ref_axis',(-1.,0.,0.));
#6689=DIRECTION('center_axis',(0.,0.,1.));
#6690=DIRECTION('ref_axis',(-1.,0.,0.));
#6691=DIRECTION('center_axis',(0.,0.,1.));
#6692=DIRECTION('ref_axis',(-1.,0.,0.));
#6693=DIRECTION('',(0.,0.,-1.));
#6694=DIRECTION('center_axis',(0.,0.,-1.));
#6695=DIRECTION('ref_axis',(-1.,0.,0.));
#6696=DIRECTION('',(-0.707106781186548,8.65956056235494E-17,0.707106781186547));
#6697=DIRECTION('center_axis',(0.,0.,-1.));
#6698=DIRECTION('ref_axis',(-1.,0.,0.));
#6699=DIRECTION('center_axis',(0.,0.,1.));
#6700=DIRECTION('ref_axis',(-1.,0.,0.));
#6701=DIRECTION('',(0.,0.,-1.));
#6702=DIRECTION('center_axis',(0.,0.,-1.));
#6703=DIRECTION('ref_axis',(-1.,0.,0.));
#6704=DIRECTION('',(-0.707106781186548,8.65956056235494E-17,0.707106781186547));
#6705=DIRECTION('center_axis',(0.,0.,-1.));
#6706=DIRECTION('ref_axis',(-1.,0.,0.));
#6707=DIRECTION('center_axis',(0.,0.,1.));
#6708=DIRECTION('ref_axis',(-1.,0.,0.));
#6709=DIRECTION('',(0.,0.,-1.));
#6710=DIRECTION('center_axis',(0.,0.,1.));
#6711=DIRECTION('ref_axis',(-1.,0.,0.));
#6712=DIRECTION('',(0.,0.,-1.));
#6713=DIRECTION('center_axis',(0.,0.,-1.));
#6714=DIRECTION('ref_axis',(-1.,0.,0.));
#6715=DIRECTION('',(-0.707106781186548,8.65956056235494E-17,0.707106781186547));
#6716=DIRECTION('center_axis',(0.,0.,-1.));
#6717=DIRECTION('ref_axis',(-1.,0.,0.));
#6718=DIRECTION('center_axis',(0.,0.,-1.));
#6719=DIRECTION('ref_axis',(-1.,0.,0.));
#6720=DIRECTION('',(-0.707106781186548,8.65956056235494E-17,0.707106781186547));
#6721=DIRECTION('center_axis',(0.,0.,-1.));
#6722=DIRECTION('ref_axis',(-1.,0.,0.));
#6723=DIRECTION('center_axis',(0.,0.,1.));
#6724=DIRECTION('ref_axis',(-1.,0.,0.));
#6725=DIRECTION('',(0.,0.,-1.));
#6726=DIRECTION('center_axis',(0.,0.,-1.));
#6727=DIRECTION('ref_axis',(-1.,0.,0.));
#6728=DIRECTION('',(-0.707106781186548,8.65956056235493E-17,0.707106781186547));
#6729=DIRECTION('center_axis',(0.,0.,-1.));
#6730=DIRECTION('ref_axis',(-1.,0.,0.));
#6731=DIRECTION('center_axis',(0.,0.,1.));
#6732=DIRECTION('ref_axis',(-1.,0.,0.));
#6733=DIRECTION('',(0.,0.,-1.));
#6734=DIRECTION('center_axis',(0.,0.,1.));
#6735=DIRECTION('ref_axis',(-1.,0.,0.));
#6736=DIRECTION('center_axis',(0.,0.,1.));
#6737=DIRECTION('ref_axis',(-1.,0.,0.));
#6738=DIRECTION('',(0.,0.,-1.));
#6739=DIRECTION('center_axis',(0.,0.,1.));
#6740=DIRECTION('ref_axis',(-1.,1.22464679914735E-16,0.));
#6741=DIRECTION('center_axis',(0.,0.,-1.));
#6742=DIRECTION('ref_axis',(1.,0.,0.));
#6743=DIRECTION('center_axis',(0.,0.,-1.));
#6744=DIRECTION('ref_axis',(1.,0.,0.));
#6745=DIRECTION('center_axis',(0.,0.,1.));
#6746=DIRECTION('ref_axis',(1.,0.,0.));
#6747=DIRECTION('',(0.,0.,1.));
#6748=DIRECTION('',(0.,0.,-1.));
#6749=DIRECTION('center_axis',(1.,0.,0.));
#6750=DIRECTION('ref_axis',(0.,1.,0.));
#6751=DIRECTION('center_axis',(-0.447798718247922,0.338954056547243,0.82739739876657));
#6752=DIRECTION('ref_axis',(-0.60353250657647,0.568173152413936,-0.559399483715827));
#6753=DIRECTION('center_axis',(-0.558032558454496,0.51181039837884,0.653184338311952));
#6754=DIRECTION('ref_axis',(-3.20128051051987E-8,0.787140670628883,-0.616773511624738));
#6755=DIRECTION('center_axis',(1.,0.,0.));
#6756=DIRECTION('ref_axis',(0.,0.326235596901313,0.945288493167268));
#6757=DIRECTION('center_axis',(-1.,0.,0.));
#6758=DIRECTION('ref_axis',(0.,0.448625737785861,0.893719725303236));
#6759=DIRECTION('center_axis',(0.,-1.38595515557674E-14,1.));
#6760=DIRECTION('ref_axis',(-1.,0.,0.));
#6761=DIRECTION('center_axis',(1.,0.,0.));
#6762=DIRECTION('ref_axis',(0.,0.448625737785861,0.893719725303236));
#6763=DIRECTION('center_axis',(0.,1.32811726310299E-14,-1.));
#6764=DIRECTION('ref_axis',(-0.70710678118655,-0.707106781186545,-9.28438378985149E-15));
#6765=DIRECTION('center_axis',(0.,0.,1.));
#6766=DIRECTION('ref_axis',(-0.70710678118655,-0.707106781186545,-9.28438378985149E-15));
#6767=DIRECTION('',(0.,-1.32811726310299E-14,1.));
#6768=DIRECTION('',(0.,1.32811726310299E-14,-1.));
#6769=DIRECTION('center_axis',(1.458900163765E-15,-1.10429107644694E-15,
1.));
#6770=DIRECTION('ref_axis',(-1.,0.,1.458900163765E-15));
#6771=DIRECTION('center_axis',(0.,0.,1.));
#6772=DIRECTION('ref_axis',(-0.895414012224642,-0.445234485088215,0.));
#6773=DIRECTION('',(0.,0.,1.));
#6774=DIRECTION('',(0.,0.,-1.));
#6775=DIRECTION('center_axis',(0.,0.,-1.));
#6776=DIRECTION('ref_axis',(-1.,0.,0.));
#6777=DIRECTION('',(0.,1.,0.));
#6778=DIRECTION('',(0.,1.,0.));
#6779=DIRECTION('',(-1.,0.,0.));
#6780=DIRECTION('center_axis',(1.,0.,0.));
#6781=DIRECTION('ref_axis',(0.,0.,-1.));
#6782=DIRECTION('',(0.,-1.,0.));
#6783=DIRECTION('center_axis',(0.,1.,0.));
#6784=DIRECTION('ref_axis',(0.707106781186546,0.,0.707106781186549));
#6785=DIRECTION('center_axis',(1.01445817308585E-15,9.3359695919893E-16,
1.));
#6786=DIRECTION('ref_axis',(-0.677172582619325,0.735824227209646,0.));
#6787=DIRECTION('center_axis',(0.,0.,-1.));
#6788=DIRECTION('ref_axis',(-0.915743572901095,0.401763249551694,0.));
#6789=DIRECTION('center_axis',(0.,0.,1.));
#6790=DIRECTION('ref_axis',(-0.915743572901095,0.401763249551694,0.));
#6791=DIRECTION('',(0.,0.,1.));
#6792=DIRECTION('',(0.,0.,-1.));
#6793=DIRECTION('center_axis',(0.,0.,1.));
#6794=DIRECTION('ref_axis',(1.,0.,0.));
#6795=DIRECTION('center_axis',(0.,0.,1.));
#6796=DIRECTION('ref_axis',(1.,0.,0.));
#6797=DIRECTION('center_axis',(0.,0.,1.));
#6798=DIRECTION('ref_axis',(-0.870388279778482,0.492365963917343,0.));
#6799=DIRECTION('',(1.,0.,0.));
#6800=DIRECTION('',(0.,-1.,0.));
#6801=DIRECTION('',(-1.,0.,0.));
#6802=DIRECTION('',(0.,1.,0.));
#6803=DIRECTION('center_axis',(0.,0.,1.));
#6804=DIRECTION('ref_axis',(-1.,0.,0.));
#6805=DIRECTION('center_axis',(0.,0.,-1.));
#6806=DIRECTION('ref_axis',(1.,0.,0.));
#6807=DIRECTION('',(0.,0.,1.));
#6808=DIRECTION('center_axis',(0.,0.,1.));
#6809=DIRECTION('ref_axis',(-0.870388279778482,0.492365963917343,0.));
#6810=DIRECTION('center_axis',(-4.90653893338585E-15,8.16340459283095E-15,
-1.));
#6811=DIRECTION('ref_axis',(-0.85709912871098,-0.515151515151492,0.));
#6812=DIRECTION('',(0.,8.71576953911338E-15,-1.));
#6813=DIRECTION('center_axis',(1.,0.,0.));
#6814=DIRECTION('ref_axis',(0.,-1.,0.));
#6815=DIRECTION('',(-1.,0.,0.));
#6816=DIRECTION('center_axis',(-1.,0.,0.));
#6817=DIRECTION('ref_axis',(0.,-1.,0.));
#6818=DIRECTION('',(-1.,0.,0.));
#6819=DIRECTION('center_axis',(0.,0.,1.));
#6820=DIRECTION('ref_axis',(-1.,0.,0.));
#6821=DIRECTION('',(0.,0.,1.));
#6822=DIRECTION('center_axis',(0.,1.,0.));
#6823=DIRECTION('ref_axis',(0.,0.,1.));
#6824=DIRECTION('',(0.,0.,-1.));
#6825=DIRECTION('',(0.,0.,1.));
#6826=DIRECTION('',(-1.,0.,0.));
#6827=DIRECTION('center_axis',(-1.,0.,0.));
#6828=DIRECTION('ref_axis',(0.,-1.,0.));
#6829=DIRECTION('',(0.,1.,0.));
#6830=DIRECTION('',(0.,-1.32811726310299E-14,1.));
#6831=DIRECTION('center_axis',(1.,0.,0.));
#6832=DIRECTION('ref_axis',(0.,-1.,0.));
#6833=DIRECTION('',(0.,8.71576953911338E-15,-1.));
#6834=DIRECTION('',(0.,1.,0.));
#6835=DIRECTION('',(0.,0.,1.));
#6836=DIRECTION('center_axis',(1.,0.,0.));
#6837=DIRECTION('ref_axis',(0.,-0.999829502645691,-0.0184652549202764));
#6838=DIRECTION('',(0.,0.,-1.));
#6839=DIRECTION('',(0.,1.,0.));
#6840=DIRECTION('',(0.,0.,1.));
#6841=DIRECTION('center_axis',(1.,0.,0.));
#6842=DIRECTION('ref_axis',(0.,-1.,0.));
#6843=DIRECTION('',(0.,0.,-1.));
#6844=DIRECTION('',(0.,1.,0.));
#6845=DIRECTION('',(0.,0.,1.));
#6846=DIRECTION('center_axis',(1.,0.,0.));
#6847=DIRECTION('ref_axis',(0.,-1.,0.));
#6848=DIRECTION('',(0.,0.,-1.));
#6849=DIRECTION('',(0.,1.,0.));
#6850=DIRECTION('',(0.,0.,1.));
#6851=DIRECTION('center_axis',(1.,0.,0.));
#6852=DIRECTION('ref_axis',(0.,-1.,0.));
#6853=DIRECTION('',(0.,0.,-1.));
#6854=DIRECTION('',(0.,1.,0.));
#6855=DIRECTION('',(0.,1.14235166520917E-15,1.));
#6856=DIRECTION('center_axis',(1.,0.,0.));
#6857=DIRECTION('ref_axis',(0.,-1.,0.));
#6858=DIRECTION('',(0.,-1.14235166520917E-15,-1.));
#6859=DIRECTION('',(0.,1.,0.));
#6860=DIRECTION('',(0.,0.,1.));
#6861=DIRECTION('center_axis',(1.,0.,0.));
#6862=DIRECTION('ref_axis',(0.,-1.,0.));
#6863=DIRECTION('',(0.,0.,-1.));
#6864=DIRECTION('',(0.,1.,0.));
#6865=DIRECTION('',(0.,0.,1.));
#6866=DIRECTION('center_axis',(1.,0.,0.));
#6867=DIRECTION('ref_axis',(0.,-1.,0.));
#6868=DIRECTION('',(0.,0.,-1.));
#6869=DIRECTION('',(0.,1.,0.));
#6870=DIRECTION('',(0.,0.,1.));
#6871=DIRECTION('center_axis',(1.,0.,0.));
#6872=DIRECTION('ref_axis',(0.,-1.,0.));
#6873=DIRECTION('',(0.,0.,-1.));
#6874=DIRECTION('',(0.,1.,0.));
#6875=DIRECTION('',(0.,2.28470333041835E-15,1.));
#6876=DIRECTION('center_axis',(1.,0.,0.));
#6877=DIRECTION('ref_axis',(0.,-1.,0.));
#6878=DIRECTION('',(0.,-2.28470333041835E-15,-1.));
#6879=DIRECTION('',(0.,-1.,0.));
#6880=DIRECTION('center_axis',(1.,0.,0.));
#6881=DIRECTION('ref_axis',(0.,1.,0.));
#6882=DIRECTION('',(0.,-1.,0.));
#6883=DIRECTION('',(0.,2.28470333041835E-15,1.));
#6884=DIRECTION('center_axis',(-1.,0.,0.));
#6885=DIRECTION('ref_axis',(0.,-1.,0.));
#6886=DIRECTION('',(0.,-2.28470333041835E-15,-1.));
#6887=DIRECTION('',(0.,-1.,0.));
#6888=DIRECTION('',(0.,0.,1.));
#6889=DIRECTION('center_axis',(-1.,0.,0.));
#6890=DIRECTION('ref_axis',(0.,-1.,0.));
#6891=DIRECTION('',(0.,0.,-1.));
#6892=DIRECTION('',(0.,-1.,0.));
#6893=DIRECTION('',(0.,0.,1.));
#6894=DIRECTION('center_axis',(-1.,0.,0.));
#6895=DIRECTION('ref_axis',(0.,-1.,0.));
#6896=DIRECTION('',(0.,0.,-1.));
#6897=DIRECTION('',(0.,-1.,0.));
#6898=DIRECTION('',(0.,0.,1.));
#6899=DIRECTION('center_axis',(-1.,0.,0.));
#6900=DIRECTION('ref_axis',(0.,-1.,0.));
#6901=DIRECTION('',(0.,0.,-1.));
#6902=DIRECTION('',(0.,-1.,0.));
#6903=DIRECTION('',(0.,1.14235166520917E-15,1.));
#6904=DIRECTION('center_axis',(-1.,0.,0.));
#6905=DIRECTION('ref_axis',(0.,-1.,0.));
#6906=DIRECTION('',(0.,-1.14235166520917E-15,-1.));
#6907=DIRECTION('',(0.,-1.,0.));
#6908=DIRECTION('',(0.,0.,1.));
#6909=DIRECTION('center_axis',(-1.,0.,0.));
#6910=DIRECTION('ref_axis',(0.,-1.,0.));
#6911=DIRECTION('',(0.,0.,-1.));
#6912=DIRECTION('',(0.,-1.,0.));
#6913=DIRECTION('',(0.,0.,1.));
#6914=DIRECTION('center_axis',(-1.,0.,0.));
#6915=DIRECTION('ref_axis',(0.,-1.,0.));
#6916=DIRECTION('',(0.,0.,-1.));
#6917=DIRECTION('',(0.,-1.,0.));
#6918=DIRECTION('',(0.,0.,1.));
#6919=DIRECTION('center_axis',(-1.,0.,0.));
#6920=DIRECTION('ref_axis',(0.,-1.,0.));
#6921=DIRECTION('',(0.,0.,-1.));
#6922=DIRECTION('',(0.,-1.,0.));
#6923=DIRECTION('',(0.,0.,1.));
#6924=DIRECTION('center_axis',(-1.,0.,0.));
#6925=DIRECTION('ref_axis',(0.,-0.999829502645691,-0.0184652549202764));
#6926=DIRECTION('',(0.,0.,-1.));
#6927=DIRECTION('',(0.,-8.71576953911338E-15,1.));
#6928=DIRECTION('',(0.,1.32811726310299E-14,-1.));
#6929=DIRECTION('center_axis',(0.,0.,-1.));
#6930=DIRECTION('ref_axis',(-1.,0.,0.));
#6931=DIRECTION('',(0.,-1.,0.));
#6932=DIRECTION('',(-1.,0.,0.));
#6933=DIRECTION('center_axis',(-1.,0.,0.));
#6934=DIRECTION('ref_axis',(0.,0.,1.));
#6935=DIRECTION('',(0.,1.,0.));
#6936=DIRECTION('center_axis',(-1.,0.,0.));
#6937=DIRECTION('ref_axis',(0.,-0.999829502645691,-0.0184652549202764));
#6938=DIRECTION('',(0.,0.,-1.));
#6939=DIRECTION('',(0.,-1.,0.));
#6940=DIRECTION('',(0.,-8.71576953911338E-15,1.));
#6941=DIRECTION('center_axis',(-1.,0.,0.));
#6942=DIRECTION('ref_axis',(0.,-1.,0.));
#6943=DIRECTION('',(0.,1.32811726310299E-14,-1.));
#6944=DIRECTION('center_axis',(0.,0.,1.));
#6945=DIRECTION('ref_axis',(-1.,0.,0.));
#6946=DIRECTION('center_axis',(0.,0.,1.));
#6947=DIRECTION('ref_axis',(1.,0.,0.));
#6948=DIRECTION('center_axis',(0.,0.,1.));
#6949=DIRECTION('ref_axis',(1.,0.,0.));
#6950=DIRECTION('center_axis',(0.,0.,1.));
#6951=DIRECTION('ref_axis',(-1.,0.,0.));
#6952=DIRECTION('',(0.,0.,1.));
#6953=DIRECTION('center_axis',(0.,0.,1.));
#6954=DIRECTION('ref_axis',(-1.,0.,0.));
#6955=DIRECTION('',(0.,0.,1.));
#6956=DIRECTION('center_axis',(1.,0.,0.));
#6957=DIRECTION('ref_axis',(0.,0.,-1.));
#6958=DIRECTION('',(0.,0.,1.));
#6959=DIRECTION('center_axis',(1.,0.,0.));
#6960=DIRECTION('ref_axis',(0.,-0.999829502645691,-0.0184652549202764));
#6961=DIRECTION('',(0.,-1.,0.));
#6962=DIRECTION('center_axis',(0.,1.,0.));
#6963=DIRECTION('ref_axis',(0.707106781186546,0.,0.707106781186549));
#6964=DIRECTION('',(0.,-1.,0.));
#6965=DIRECTION('',(0.,-1.,0.));
#6966=DIRECTION('',(0.,-1.,0.));
#6967=DIRECTION('',(0.,-1.,0.));
#6968=DIRECTION('center_axis',(0.,-1.,0.));
#6969=DIRECTION('ref_axis',(0.707106781186546,0.,0.707106781186549));
#6970=DIRECTION('center_axis',(1.,0.,0.));
#6971=DIRECTION('ref_axis',(0.,0.,-1.));
#6972=DIRECTION('center_axis',(1.,0.,0.));
#6973=DIRECTION('ref_axis',(0.,-1.,0.));
#6974=DIRECTION('',(0.,0.,-1.));
#6975=DIRECTION('',(0.,1.,0.));
#6976=DIRECTION('',(0.,0.,-1.));
#6977=DIRECTION('center_axis',(1.,0.,0.));
#6978=DIRECTION('ref_axis',(0.,-1.,0.));
#6979=DIRECTION('',(0.,0.,-1.));
#6980=DIRECTION('',(0.,1.,0.));
#6981=DIRECTION('',(0.,2.28470333041835E-15,1.));
#6982=DIRECTION('center_axis',(1.,0.,0.));
#6983=DIRECTION('ref_axis',(0.,-1.,0.));
#6984=DIRECTION('center_axis',(1.,0.,0.));
#6985=DIRECTION('ref_axis',(0.,0.,-1.));
#6986=DIRECTION('center_axis',(1.,0.,0.));
#6987=DIRECTION('ref_axis',(0.,-1.,0.));
#6988=DIRECTION('',(0.,0.,-1.));
#6989=DIRECTION('',(0.,1.,0.));
#6990=DIRECTION('',(0.,0.,-1.));
#6991=DIRECTION('center_axis',(1.,0.,0.));
#6992=DIRECTION('ref_axis',(0.,-1.,0.));
#6993=DIRECTION('',(0.,0.,-1.));
#6994=DIRECTION('',(0.,1.,0.));
#6995=DIRECTION('',(0.,0.,-1.));
#6996=DIRECTION('center_axis',(1.,0.,0.));
#6997=DIRECTION('ref_axis',(0.,-1.,0.));
#6998=DIRECTION('center_axis',(1.,0.,0.));
#6999=DIRECTION('ref_axis',(0.,0.,-1.));
#7000=DIRECTION('center_axis',(1.,0.,0.));
#7001=DIRECTION('ref_axis',(0.,-1.,0.));
#7002=DIRECTION('',(0.,0.,-1.));
#7003=DIRECTION('',(0.,1.,0.));
#7004=DIRECTION('',(0.,0.,-1.));
#7005=DIRECTION('center_axis',(1.,0.,0.));
#7006=DIRECTION('ref_axis',(0.,-1.,0.));
#7007=DIRECTION('',(0.,0.,-1.));
#7008=DIRECTION('',(0.,1.,0.));
#7009=DIRECTION('',(0.,0.,-1.));
#7010=DIRECTION('center_axis',(1.,0.,0.));
#7011=DIRECTION('ref_axis',(0.,-1.,0.));
#7012=DIRECTION('center_axis',(0.,-1.,0.));
#7013=DIRECTION('ref_axis',(-0.707106781186549,0.,0.707106781186546));
#7014=DIRECTION('',(0.,1.,0.));
#7015=DIRECTION('',(0.,1.,0.));
#7016=DIRECTION('',(0.,1.,0.));
#7017=DIRECTION('',(0.,1.,0.));
#7018=DIRECTION('center_axis',(0.,0.,-1.));
#7019=DIRECTION('ref_axis',(-1.,0.,0.));
#7020=DIRECTION('',(-1.,0.,0.));
#7021=DIRECTION('center_axis',(0.,0.,-1.));
#7022=DIRECTION('ref_axis',(1.,0.,0.));
#7023=DIRECTION('',(0.,-1.,0.));
#7024=DIRECTION('center_axis',(-1.,0.,0.));
#7025=DIRECTION('ref_axis',(0.,0.,1.));
#7026=DIRECTION('center_axis',(-1.,0.,0.));
#7027=DIRECTION('ref_axis',(0.,-1.,0.));
#7028=DIRECTION('',(0.,0.,-1.));
#7029=DIRECTION('',(0.,-1.,0.));
#7030=DIRECTION('',(0.,0.,1.));
#7031=DIRECTION('center_axis',(-1.,0.,0.));
#7032=DIRECTION('ref_axis',(0.,-1.,0.));
#7033=DIRECTION('',(0.,0.,-1.));
#7034=DIRECTION('',(0.,-1.,0.));
#7035=DIRECTION('',(0.,0.,1.));
#7036=DIRECTION('center_axis',(-1.,0.,0.));
#7037=DIRECTION('ref_axis',(0.,-0.999829502645691,-0.0184652549202764));
#7038=DIRECTION('center_axis',(-1.,0.,0.));
#7039=DIRECTION('ref_axis',(0.,0.,1.));
#7040=DIRECTION('center_axis',(-1.,0.,0.));
#7041=DIRECTION('ref_axis',(0.,-1.,0.));
#7042=DIRECTION('',(0.,-1.14235166520917E-15,-1.));
#7043=DIRECTION('',(0.,-1.,0.));
#7044=DIRECTION('',(0.,0.,1.));
#7045=DIRECTION('center_axis',(-1.,0.,0.));
#7046=DIRECTION('ref_axis',(0.,-1.,0.));
#7047=DIRECTION('',(0.,0.,-1.));
#7048=DIRECTION('',(0.,-1.,0.));
#7049=DIRECTION('',(0.,0.,1.));
#7050=DIRECTION('center_axis',(-1.,0.,0.));
#7051=DIRECTION('ref_axis',(0.,-1.,0.));
#7052=DIRECTION('center_axis',(-1.,0.,0.));
#7053=DIRECTION('ref_axis',(0.,0.,1.));
#7054=DIRECTION('center_axis',(-1.,0.,0.));
#7055=DIRECTION('ref_axis',(0.,-1.,0.));
#7056=DIRECTION('',(0.,0.,-1.));
#7057=DIRECTION('',(0.,-1.,0.));
#7058=DIRECTION('',(0.,0.,1.));
#7059=DIRECTION('center_axis',(-1.,0.,0.));
#7060=DIRECTION('ref_axis',(0.,-1.,0.));
#7061=DIRECTION('',(0.,0.,-1.));
#7062=DIRECTION('',(0.,-1.,0.));
#7063=DIRECTION('',(0.,1.14235166520917E-15,1.));
#7064=DIRECTION('center_axis',(-1.,0.,0.));
#7065=DIRECTION('ref_axis',(0.,-1.,0.));
#7066=DIRECTION('center_axis',(1.,0.,0.));
#7067=DIRECTION('ref_axis',(0.,1.,0.));
#7068=DIRECTION('center_axis',(-1.,0.,0.));
#7069=DIRECTION('ref_axis',(0.,-1.,0.));
#7070=DIRECTION('',(0.,0.,1.));
#7071=DIRECTION('center_axis',(1.,0.,0.));
#7072=DIRECTION('ref_axis',(0.,-1.,0.));
#7073=DIRECTION('',(-1.,0.,0.));
#7074=DIRECTION('center_axis',(-1.,0.,0.));
#7075=DIRECTION('ref_axis',(0.,-1.,0.));
#7076=DIRECTION('',(1.,0.,0.));
#7077=DIRECTION('center_axis',(0.,1.,0.));
#7078=DIRECTION('ref_axis',(0.,0.,1.));
#7079=DIRECTION('',(1.,0.,0.));
#7080=DIRECTION('center_axis',(1.,0.,0.));
#7081=DIRECTION('ref_axis',(0.,2.80943213690224E-14,1.));
#7082=DIRECTION('',(1.,0.,0.));
#7083=DIRECTION('center_axis',(1.,0.,0.));
#7084=DIRECTION('ref_axis',(0.,-0.999829502645691,-0.0184652549202764));
#7085=DIRECTION('center_axis',(0.,-1.,0.));
#7086=DIRECTION('ref_axis',(0.,0.,-1.));
#7087=DIRECTION('',(0.,0.,-1.));
#7088=DIRECTION('',(1.,0.,0.));
#7089=DIRECTION('center_axis',(0.,-1.,0.));
#7090=DIRECTION('ref_axis',(0.,0.,-1.));
#7091=DIRECTION('',(1.,0.,0.));
#7092=DIRECTION('',(1.,0.,0.));
#7093=DIRECTION('center_axis',(1.,0.,0.));
#7094=DIRECTION('ref_axis',(0.,2.7848353114966E-14,1.));
#7095=DIRECTION('',(1.,0.,0.));
#7096=DIRECTION('center_axis',(0.,1.,0.));
#7097=DIRECTION('ref_axis',(0.,0.,1.));
#7098=DIRECTION('',(-1.,0.,0.));
#7099=DIRECTION('center_axis',(0.,0.,-1.));
#7100=DIRECTION('ref_axis',(-1.,0.,0.));
#7101=DIRECTION('',(-1.,0.,0.));
#7102=DIRECTION('center_axis',(1.,0.,0.));
#7103=DIRECTION('ref_axis',(0.,0.,-1.));
#7104=DIRECTION('',(0.,1.,0.));
#7105=DIRECTION('',(0.,0.,-1.));
#7106=DIRECTION('center_axis',(1.,0.,0.));
#7107=DIRECTION('ref_axis',(0.,-1.,0.));
#7108=DIRECTION('',(0.,0.,-1.));
#7109=DIRECTION('',(0.,1.,0.));
#7110=DIRECTION('',(0.,0.,-1.));
#7111=DIRECTION('center_axis',(1.,0.,0.));
#7112=DIRECTION('ref_axis',(0.,-1.,0.));
#7113=DIRECTION('center_axis',(0.,0.,-1.));
#7114=DIRECTION('ref_axis',(-1.,0.,0.));
#7115=DIRECTION('',(-1.,0.,0.));
#7116=DIRECTION('center_axis',(-1.,0.,0.));
#7117=DIRECTION('ref_axis',(0.,0.,1.));
#7118=DIRECTION('',(0.,-2.28470333041835E-15,-1.));
#7119=DIRECTION('',(0.,-1.,0.));
#7120=DIRECTION('',(0.,0.,1.));
#7121=DIRECTION('center_axis',(-1.,0.,0.));
#7122=DIRECTION('ref_axis',(0.,-1.,0.));
#7123=DIRECTION('',(0.,0.,-1.));
#7124=DIRECTION('',(0.,-1.,0.));
#7125=DIRECTION('',(0.,0.,1.));
#7126=DIRECTION('center_axis',(-1.,0.,0.));
#7127=DIRECTION('ref_axis',(0.,-1.,0.));
#7128=DIRECTION('center_axis',(0.,0.,-1.));
#7129=DIRECTION('ref_axis',(-1.,0.,0.));
#7130=DIRECTION('',(1.,0.,0.));
#7131=DIRECTION('center_axis',(0.,0.,-1.));
#7132=DIRECTION('ref_axis',(-1.,0.,0.));
#7133=DIRECTION('',(1.,0.,0.));
#7134=DIRECTION('',(-1.,0.,0.));
#7135=DIRECTION('center_axis',(0.,0.,1.));
#7136=DIRECTION('ref_axis',(1.,0.,0.));
#7137=DIRECTION('',(-1.,0.,0.));
#7138=DIRECTION('',(1.,0.,0.));
#7139=DIRECTION('center_axis',(0.,0.,1.));
#7140=DIRECTION('ref_axis',(1.,0.,0.));
#7141=DIRECTION('center_axis',(0.,0.,-1.));
#7142=DIRECTION('ref_axis',(-1.,0.,0.));
#7143=DIRECTION('',(1.,0.,0.));
#7144=DIRECTION('',(-1.,0.,0.));
#7145=DIRECTION('center_axis',(0.,0.,-1.));
#7146=DIRECTION('ref_axis',(-1.,0.,0.));
#7147=DIRECTION('',(-1.,0.,0.));
#7148=DIRECTION('',(1.,0.,0.));
#7149=DIRECTION('center_axis',(0.,0.,-1.));
#7150=DIRECTION('ref_axis',(-1.,0.,0.));
#7151=DIRECTION('',(1.,0.,0.));
#7152=DIRECTION('',(-1.,0.,0.));
#7153=DIRECTION('center_axis',(0.,0.,-1.));
#7154=DIRECTION('ref_axis',(-1.,0.,0.));
#7155=DIRECTION('',(1.,0.,0.));
#7156=DIRECTION('',(-1.,0.,0.));
#7157=DIRECTION('center_axis',(0.,0.,-1.));
#7158=DIRECTION('ref_axis',(-1.,0.,0.));
#7159=DIRECTION('',(1.,0.,0.));
#7160=DIRECTION('',(-1.,0.,0.));
#7161=DIRECTION('center_axis',(0.,0.,1.));
#7162=DIRECTION('ref_axis',(1.,0.,0.));
#7163=DIRECTION('',(1.,0.,0.));
#7164=DIRECTION('center_axis',(0.,0.,1.));
#7165=DIRECTION('ref_axis',(-1.,0.,0.));
#7166=DIRECTION('center_axis',(0.,0.,-1.));
#7167=DIRECTION('ref_axis',(-1.,0.,0.));
#7168=DIRECTION('',(1.,0.,0.));
#7169=DIRECTION('',(-1.,0.,0.));
#7170=DIRECTION('center_axis',(0.,0.,1.));
#7171=DIRECTION('ref_axis',(1.,0.,0.));
#7172=DIRECTION('',(-1.,0.,0.));
#7173=DIRECTION('',(1.,0.,0.));
#7174=DIRECTION('center_axis',(0.,0.,1.));
#7175=DIRECTION('ref_axis',(1.,0.,0.));
#7176=DIRECTION('center_axis',(0.,0.,1.));
#7177=DIRECTION('ref_axis',(1.,0.,0.));
#7178=DIRECTION('',(-1.,0.,0.));
#7179=DIRECTION('',(1.,0.,0.));
#7180=DIRECTION('center_axis',(0.,0.,1.));
#7181=DIRECTION('ref_axis',(1.,0.,0.));
#7182=DIRECTION('center_axis',(0.,0.,-1.));
#7183=DIRECTION('ref_axis',(-1.,0.,0.));
#7184=DIRECTION('',(1.,0.,0.));
#7185=DIRECTION('',(-1.,0.,0.));
#7186=DIRECTION('center_axis',(0.,0.,1.));
#7187=DIRECTION('ref_axis',(1.,0.,0.));
#7188=DIRECTION('',(-1.,0.,0.));
#7189=DIRECTION('',(1.,0.,0.));
#7190=DIRECTION('center_axis',(0.,0.,1.));
#7191=DIRECTION('ref_axis',(1.,0.,0.));
#7192=DIRECTION('center_axis',(0.,0.,-1.));
#7193=DIRECTION('ref_axis',(-1.,0.,0.));
#7194=DIRECTION('',(1.,0.,0.));
#7195=DIRECTION('',(-1.,0.,0.));
#7196=DIRECTION('center_axis',(0.,0.,-1.));
#7197=DIRECTION('ref_axis',(-1.,0.,0.));
#7198=DIRECTION('',(-1.,0.,0.));
#7199=DIRECTION('',(1.,0.,0.));
#7200=DIRECTION('center_axis',(0.,0.,1.));
#7201=DIRECTION('ref_axis',(1.,0.,0.));
#7202=DIRECTION('center_axis',(0.,0.,1.));
#7203=DIRECTION('ref_axis',(1.,0.,0.));
#7204=DIRECTION('center_axis',(0.,0.,1.));
#7205=DIRECTION('ref_axis',(1.,0.,0.));
#7206=DIRECTION('center_axis',(0.,0.,1.));
#7207=DIRECTION('ref_axis',(1.,0.,0.));
#7208=DIRECTION('center_axis',(0.,0.,1.));
#7209=DIRECTION('ref_axis',(1.,0.,0.));
#7210=DIRECTION('center_axis',(0.,0.,-1.));
#7211=DIRECTION('ref_axis',(-1.,0.,0.));
#7212=DIRECTION('center_axis',(0.,0.,-1.));
#7213=DIRECTION('ref_axis',(-1.,0.,0.));
#7214=DIRECTION('',(0.,0.,-1.));
#7215=DIRECTION('center_axis',(0.,0.,-1.));
#7216=DIRECTION('ref_axis',(-1.,0.,0.));
#7217=DIRECTION('center_axis',(0.,0.,-1.));
#7218=DIRECTION('ref_axis',(-1.,0.,0.));
#7219=DIRECTION('',(0.,0.,-1.));
#7220=DIRECTION('center_axis',(0.,0.,-1.));
#7221=DIRECTION('ref_axis',(-1.,0.,0.));
#7222=DIRECTION('',(0.,0.,-1.));
#7223=DIRECTION('center_axis',(0.,0.,-1.));
#7224=DIRECTION('ref_axis',(-1.,0.,0.));
#7225=DIRECTION('center_axis',(0.,0.,1.));
#7226=DIRECTION('ref_axis',(-1.,0.,0.));
#7227=DIRECTION('center_axis',(0.,0.,-1.));
#7228=DIRECTION('ref_axis',(-1.,0.,0.));
#7229=DIRECTION('',(0.,0.,-1.));
#7230=DIRECTION('center_axis',(0.,0.,-1.));
#7231=DIRECTION('ref_axis',(-1.,0.,0.));
#7232=DIRECTION('center_axis',(0.,0.,1.));
#7233=DIRECTION('ref_axis',(-1.,0.,0.));
#7234=DIRECTION('center_axis',(0.,0.,1.));
#7235=DIRECTION('ref_axis',(-1.,0.,0.));
#7236=DIRECTION('center_axis',(0.,0.,-1.));
#7237=DIRECTION('ref_axis',(-1.,0.,0.));
#7238=DIRECTION('',(0.,0.,-1.));
#7239=DIRECTION('center_axis',(0.,0.,1.));
#7240=DIRECTION('ref_axis',(-1.,0.,0.));
#7241=DIRECTION('center_axis',(0.,0.,1.));
#7242=DIRECTION('ref_axis',(-1.,0.,0.));
#7243=DIRECTION('center_axis',(0.,0.,1.));
#7244=DIRECTION('ref_axis',(1.,0.,0.));
#7245=DIRECTION('center_axis',(0.,0.,1.));
#7246=DIRECTION('ref_axis',(1.,0.,0.));
#7247=DIRECTION('center_axis',(0.,0.,1.));
#7248=DIRECTION('ref_axis',(1.,0.,0.));
#7249=DIRECTION('center_axis',(0.,0.,1.));
#7250=DIRECTION('ref_axis',(1.,0.,0.));
#7251=DIRECTION('center_axis',(0.,0.,-1.));
#7252=DIRECTION('ref_axis',(1.,0.,0.));
#7253=DIRECTION('center_axis',(0.,0.,1.));
#7254=DIRECTION('ref_axis',(1.,0.,0.));
#7255=DIRECTION('',(-0.707106781186548,-8.65956056235494E-17,-0.707106781186547));
#7256=DIRECTION('center_axis',(0.,0.,1.));
#7257=DIRECTION('ref_axis',(1.,0.,0.));
#7258=DIRECTION('',(0.,0.,1.));
#7259=DIRECTION('center_axis',(0.,0.,-1.));
#7260=DIRECTION('ref_axis',(1.,0.,0.));
#7261=DIRECTION('center_axis',(0.,0.,1.));
#7262=DIRECTION('ref_axis',(1.,0.,0.));
#7263=DIRECTION('',(-0.707106781186545,-8.65956056235491E-17,-0.70710678118655));
#7264=DIRECTION('center_axis',(0.,0.,1.));
#7265=DIRECTION('ref_axis',(1.,0.,0.));
#7266=DIRECTION('',(0.,0.,1.));
#7267=DIRECTION('center_axis',(0.,0.,-1.));
#7268=DIRECTION('ref_axis',(1.,0.,0.));
#7269=DIRECTION('center_axis',(0.,0.,1.));
#7270=DIRECTION('ref_axis',(1.,0.,0.));
#7271=DIRECTION('',(-0.707106781186545,-8.65956056235491E-17,-0.70710678118655));
#7272=DIRECTION('center_axis',(0.,0.,1.));
#7273=DIRECTION('ref_axis',(1.,0.,0.));
#7274=DIRECTION('',(0.,0.,1.));
#7275=DIRECTION('center_axis',(0.,0.,-1.));
#7276=DIRECTION('ref_axis',(1.,0.,0.));
#7277=DIRECTION('center_axis',(0.,0.,1.));
#7278=DIRECTION('ref_axis',(1.,0.,0.));
#7279=DIRECTION('',(-0.707106781186548,-8.65956056235494E-17,-0.707106781186547));
#7280=DIRECTION('center_axis',(0.,0.,1.));
#7281=DIRECTION('ref_axis',(1.,0.,0.));
#7282=DIRECTION('',(0.,0.,1.));
#7283=DIRECTION('center_axis',(0.,0.,-1.));
#7284=DIRECTION('ref_axis',(1.,0.,0.));
#7285=DIRECTION('center_axis',(0.,0.,1.));
#7286=DIRECTION('ref_axis',(1.,0.,0.));
#7287=DIRECTION('',(-0.707106781186548,-8.65956056235494E-17,-0.707106781186547));
#7288=DIRECTION('center_axis',(0.,0.,1.));
#7289=DIRECTION('ref_axis',(1.,0.,0.));
#7290=DIRECTION('',(0.,0.,1.));
#7291=DIRECTION('center_axis',(0.,0.,-1.));
#7292=DIRECTION('ref_axis',(1.,0.,0.));
#7293=DIRECTION('center_axis',(0.,0.,1.));
#7294=DIRECTION('ref_axis',(1.,0.,0.));
#7295=DIRECTION('',(-0.707106781186545,-8.65956056235491E-17,-0.70710678118655));
#7296=DIRECTION('center_axis',(0.,0.,1.));
#7297=DIRECTION('ref_axis',(1.,0.,0.));
#7298=DIRECTION('',(0.,0.,1.));
#7299=DIRECTION('center_axis',(0.,0.,-1.));
#7300=DIRECTION('ref_axis',(1.,0.,0.));
#7301=DIRECTION('center_axis',(0.,0.,1.));
#7302=DIRECTION('ref_axis',(1.,0.,0.));
#7303=DIRECTION('',(-0.707106781186545,-8.65956056235491E-17,-0.70710678118655));
#7304=DIRECTION('center_axis',(0.,0.,1.));
#7305=DIRECTION('ref_axis',(1.,0.,0.));
#7306=DIRECTION('',(0.,0.,1.));
#7307=DIRECTION('center_axis',(0.,0.,-1.));
#7308=DIRECTION('ref_axis',(1.,0.,0.));
#7309=DIRECTION('center_axis',(0.,0.,1.));
#7310=DIRECTION('ref_axis',(1.,0.,0.));
#7311=DIRECTION('',(-0.707106781186548,-8.65956056235494E-17,-0.707106781186547));
#7312=DIRECTION('center_axis',(0.,0.,1.));
#7313=DIRECTION('ref_axis',(1.,0.,0.));
#7314=DIRECTION('',(0.,0.,1.));
#7315=DIRECTION('center_axis',(0.,0.,-1.));
#7316=DIRECTION('ref_axis',(1.,0.,0.));
#7317=DIRECTION('center_axis',(0.,0.,1.));
#7318=DIRECTION('ref_axis',(1.,0.,0.));
#7319=DIRECTION('',(-0.707106781186545,-8.6595605623549E-17,-0.70710678118655));
#7320=DIRECTION('center_axis',(0.,0.,1.));
#7321=DIRECTION('ref_axis',(1.,0.,0.));
#7322=DIRECTION('',(0.,0.,1.));
#7323=DIRECTION('center_axis',(0.,0.,-1.));
#7324=DIRECTION('ref_axis',(1.,0.,0.));
#7325=DIRECTION('center_axis',(0.,0.,1.));
#7326=DIRECTION('ref_axis',(1.,0.,0.));
#7327=DIRECTION('',(-0.707106781186545,-8.65956056235491E-17,-0.70710678118655));
#7328=DIRECTION('center_axis',(0.,0.,1.));
#7329=DIRECTION('ref_axis',(1.,0.,0.));
#7330=DIRECTION('',(0.,0.,1.));
#7331=DIRECTION('center_axis',(0.,0.,-1.));
#7332=DIRECTION('ref_axis',(1.,0.,0.));
#7333=DIRECTION('center_axis',(0.,0.,1.));
#7334=DIRECTION('ref_axis',(1.,0.,0.));
#7335=DIRECTION('',(-0.707106781186548,-8.65956056235494E-17,-0.707106781186547));
#7336=DIRECTION('center_axis',(0.,0.,1.));
#7337=DIRECTION('ref_axis',(1.,0.,0.));
#7338=DIRECTION('',(0.,0.,1.));
#7339=DIRECTION('center_axis',(0.,0.,-1.));
#7340=DIRECTION('ref_axis',(1.,0.,0.));
#7341=DIRECTION('center_axis',(0.,0.,1.));
#7342=DIRECTION('ref_axis',(1.,0.,0.));
#7343=DIRECTION('',(-0.707106781186545,-8.65956056235491E-17,-0.70710678118655));
#7344=DIRECTION('center_axis',(0.,0.,1.));
#7345=DIRECTION('ref_axis',(1.,0.,0.));
#7346=DIRECTION('',(0.,0.,1.));
#7347=DIRECTION('center_axis',(0.,0.,-1.));
#7348=DIRECTION('ref_axis',(1.,0.,0.));
#7349=DIRECTION('center_axis',(0.,0.,1.));
#7350=DIRECTION('ref_axis',(1.,0.,0.));
#7351=DIRECTION('',(-0.707106781186548,-8.65956056235494E-17,-0.707106781186547));
#7352=DIRECTION('center_axis',(0.,0.,1.));
#7353=DIRECTION('ref_axis',(1.,0.,0.));
#7354=DIRECTION('',(0.,0.,1.));
#7355=DIRECTION('center_axis',(0.,0.,-1.));
#7356=DIRECTION('ref_axis',(1.,0.,0.));
#7357=DIRECTION('center_axis',(0.,0.,1.));
#7358=DIRECTION('ref_axis',(1.,0.,0.));
#7359=DIRECTION('',(-0.707106781186545,-8.65956056235491E-17,-0.70710678118655));
#7360=DIRECTION('center_axis',(0.,0.,1.));
#7361=DIRECTION('ref_axis',(1.,0.,0.));
#7362=DIRECTION('',(0.,0.,1.));
#7363=DIRECTION('center_axis',(0.,0.,-1.));
#7364=DIRECTION('ref_axis',(1.,0.,0.));
#7365=DIRECTION('center_axis',(0.,0.,1.));
#7366=DIRECTION('ref_axis',(1.,0.,0.));
#7367=DIRECTION('',(-0.707106781186545,-8.65956056235491E-17,-0.70710678118655));
#7368=DIRECTION('center_axis',(0.,0.,1.));
#7369=DIRECTION('ref_axis',(1.,0.,0.));
#7370=DIRECTION('',(0.,0.,1.));
#7371=DIRECTION('center_axis',(0.,0.,-1.));
#7372=DIRECTION('ref_axis',(1.,0.,0.));
#7373=DIRECTION('center_axis',(0.,0.,1.));
#7374=DIRECTION('ref_axis',(1.,0.,0.));
#7375=DIRECTION('',(-0.707106781186548,-8.65956056235494E-17,-0.707106781186547));
#7376=DIRECTION('center_axis',(0.,0.,1.));
#7377=DIRECTION('ref_axis',(1.,0.,0.));
#7378=DIRECTION('center_axis',(0.,0.,1.));
#7379=DIRECTION('ref_axis',(-0.904718409671994,0.426010092838865,0.));
#7380=DIRECTION('center_axis',(0.,0.,-1.));
#7381=DIRECTION('ref_axis',(1.,0.,0.));
#7382=DIRECTION('center_axis',(0.,0.,1.));
#7383=DIRECTION('ref_axis',(1.,0.,0.));
#7384=DIRECTION('',(-0.707106781186548,-8.65956056235494E-17,-0.707106781186547));
#7385=DIRECTION('center_axis',(0.,0.,1.));
#7386=DIRECTION('ref_axis',(1.,0.,0.));
#7387=DIRECTION('',(0.,0.,1.));
#7388=DIRECTION('center_axis',(0.,1.,0.));
#7389=DIRECTION('ref_axis',(-1.,0.,0.));
#7390=DIRECTION('center_axis',(0.,1.,0.));
#7391=DIRECTION('ref_axis',(-1.,0.,0.));
#7392=DIRECTION('',(1.,0.,0.));
#7393=DIRECTION('',(0.,0.,1.));
#7394=DIRECTION('center_axis',(0.,-1.,0.));
#7395=DIRECTION('ref_axis',(0.,0.,-1.));
#7396=DIRECTION('',(-1.,0.,0.));
#7397=DIRECTION('center_axis',(0.,-1.,0.));
#7398=DIRECTION('ref_axis',(0.,0.,-1.));
#7399=DIRECTION('',(-1.,0.,0.));
#7400=DIRECTION('center_axis',(0.,1.,0.));
#7401=DIRECTION('ref_axis',(0.,0.,1.));
#7402=DIRECTION('',(-1.,0.,0.));
#7403=DIRECTION('center_axis',(0.,1.,0.));
#7404=DIRECTION('ref_axis',(0.,0.,1.));
#7405=DIRECTION('',(-1.,0.,0.));
#7406=DIRECTION('center_axis',(0.,-1.,0.));
#7407=DIRECTION('ref_axis',(0.,0.,-1.));
#7408=DIRECTION('',(-1.,0.,0.));
#7409=DIRECTION('center_axis',(0.,-1.,0.));
#7410=DIRECTION('ref_axis',(0.,0.,-1.));
#7411=DIRECTION('',(-1.,0.,0.));
#7412=DIRECTION('center_axis',(0.,1.,0.));
#7413=DIRECTION('ref_axis',(0.,0.,1.));
#7414=DIRECTION('',(-1.,0.,0.));
#7415=DIRECTION('center_axis',(0.,1.,0.));
#7416=DIRECTION('ref_axis',(0.,0.,1.));
#7417=DIRECTION('',(-1.,0.,0.));
#7418=DIRECTION('center_axis',(0.,1.,-2.28470333041835E-15));
#7419=DIRECTION('ref_axis',(0.,2.28470333041835E-15,1.));
#7420=DIRECTION('center_axis',(0.,1.,-2.28470333041835E-15));
#7421=DIRECTION('ref_axis',(0.,2.28470333041835E-15,1.));
#7422=DIRECTION('',(-1.,0.,0.));
#7423=DIRECTION('center_axis',(0.,-1.,1.14235166520917E-15));
#7424=DIRECTION('ref_axis',(0.,-1.14235166520917E-15,-1.));
#7425=DIRECTION('',(-1.,0.,0.));
#7426=DIRECTION('center_axis',(0.,-1.,1.14235166520917E-15));
#7427=DIRECTION('ref_axis',(0.,-1.14235166520917E-15,-1.));
#7428=DIRECTION('',(-1.,0.,0.));
#7429=DIRECTION('center_axis',(0.,1.,-1.14235166520917E-15));
#7430=DIRECTION('ref_axis',(0.,1.14235166520917E-15,1.));
#7431=DIRECTION('',(-1.,0.,0.));
#7432=DIRECTION('center_axis',(0.,1.,-1.14235166520917E-15));
#7433=DIRECTION('ref_axis',(0.,1.14235166520917E-15,1.));
#7434=DIRECTION('',(-1.,0.,0.));
#7435=DIRECTION('center_axis',(0.,-1.,0.));
#7436=DIRECTION('ref_axis',(0.,0.,-1.));
#7437=DIRECTION('',(-1.,0.,0.));
#7438=DIRECTION('center_axis',(0.,-1.,0.));
#7439=DIRECTION('ref_axis',(0.,0.,-1.));
#7440=DIRECTION('',(-1.,0.,0.));
#7441=DIRECTION('center_axis',(0.,1.,0.));
#7442=DIRECTION('ref_axis',(0.,0.,1.));
#7443=DIRECTION('',(-1.,0.,0.));
#7444=DIRECTION('center_axis',(0.,1.,0.));
#7445=DIRECTION('ref_axis',(0.,0.,1.));
#7446=DIRECTION('',(-1.,0.,0.));
#7447=DIRECTION('center_axis',(0.,-1.,0.));
#7448=DIRECTION('ref_axis',(0.,0.,-1.));
#7449=DIRECTION('',(-1.,0.,0.));
#7450=DIRECTION('center_axis',(0.,-1.,0.));
#7451=DIRECTION('ref_axis',(0.,0.,-1.));
#7452=DIRECTION('',(-1.,0.,0.));
#7453=DIRECTION('center_axis',(0.,1.,0.));
#7454=DIRECTION('ref_axis',(0.,0.,1.));
#7455=DIRECTION('',(-1.,0.,0.));
#7456=DIRECTION('center_axis',(0.,1.,0.));
#7457=DIRECTION('ref_axis',(0.,0.,1.));
#7458=DIRECTION('',(-1.,0.,0.));
#7459=DIRECTION('center_axis',(0.,-1.,0.));
#7460=DIRECTION('ref_axis',(0.,0.,-1.));
#7461=DIRECTION('',(-1.,0.,0.));
#7462=DIRECTION('center_axis',(0.,-1.,0.));
#7463=DIRECTION('ref_axis',(0.,0.,-1.));
#7464=DIRECTION('',(-1.,0.,0.));
#7465=DIRECTION('center_axis',(0.,1.,0.));
#7466=DIRECTION('ref_axis',(0.,0.,1.));
#7467=DIRECTION('',(-1.,0.,0.));
#7468=DIRECTION('center_axis',(0.,1.,0.));
#7469=DIRECTION('ref_axis',(0.,0.,1.));
#7470=DIRECTION('',(-1.,0.,0.));
#7471=DIRECTION('center_axis',(0.,-1.,0.));
#7472=DIRECTION('ref_axis',(0.,0.,-1.));
#7473=DIRECTION('',(-1.,0.,0.));
#7474=DIRECTION('center_axis',(0.,-1.,0.));
#7475=DIRECTION('ref_axis',(0.,0.,-1.));
#7476=DIRECTION('',(-1.,0.,0.));
#7477=DIRECTION('center_axis',(0.,1.,0.));
#7478=DIRECTION('ref_axis',(0.,0.,1.));
#7479=DIRECTION('',(-1.,0.,0.));
#7480=DIRECTION('center_axis',(0.,1.,0.));
#7481=DIRECTION('ref_axis',(0.,0.,1.));
#7482=DIRECTION('',(-1.,0.,0.));
#7483=DIRECTION('center_axis',(0.,-1.,-8.71576953911338E-15));
#7484=DIRECTION('ref_axis',(0.,8.71576953911338E-15,-1.));
#7485=DIRECTION('',(-1.,0.,0.));
#7486=DIRECTION('center_axis',(0.,-1.,-8.71576953911338E-15));
#7487=DIRECTION('ref_axis',(0.,8.71576953911338E-15,-1.));
#7488=DIRECTION('center_axis',(0.,1.,1.32811726310299E-14));
#7489=DIRECTION('ref_axis',(0.,-1.32811726310299E-14,1.));
#7490=DIRECTION('',(-1.,0.,0.));
#7491=DIRECTION('center_axis',(0.,1.,1.32811726310299E-14));
#7492=DIRECTION('ref_axis',(0.,-1.32811726310299E-14,1.));
#7493=DIRECTION('center_axis',(1.,0.,0.));
#7494=DIRECTION('ref_axis',(0.,-1.,0.));
#7495=DIRECTION('center_axis',(1.,0.,0.));
#7496=DIRECTION('ref_axis',(0.,-1.,0.));
#7497=DIRECTION('center_axis',(0.,1.,0.));
#7498=DIRECTION('ref_axis',(-1.,0.,0.));
#7499=DIRECTION('center_axis',(0.,0.,-1.));
#7500=DIRECTION('ref_axis',(-1.,0.,0.));
#7501=DIRECTION('',(0.,0.,-1.));
#7502=DIRECTION('center_axis',(0.,0.,-1.));
#7503=DIRECTION('ref_axis',(-1.,0.,0.));
#7504=DIRECTION('center_axis',(0.,0.,1.));
#7505=DIRECTION('ref_axis',(-1.,0.,0.));
#7506=DIRECTION('center_axis',(0.,0.,1.));
#7507=DIRECTION('ref_axis',(1.,0.,0.));
#7508=DIRECTION('center_axis',(0.,0.,-1.));
#7509=DIRECTION('ref_axis',(-1.,0.,0.));
#7510=DIRECTION('',(0.,0.,-1.));
#7511=DIRECTION('center_axis',(0.,0.,-1.));
#7512=DIRECTION('ref_axis',(-1.,0.,0.));
#7513=DIRECTION('center_axis',(0.,0.,1.));
#7514=DIRECTION('ref_axis',(-1.,0.,0.));
#7515=DIRECTION('center_axis',(0.,0.,1.));
#7516=DIRECTION('ref_axis',(1.,0.,0.));
#7517=DIRECTION('center_axis',(0.,0.,-1.));
#7518=DIRECTION('ref_axis',(-1.,0.,0.));
#7519=DIRECTION('',(0.,0.,-1.));
#7520=DIRECTION('center_axis',(0.,0.,-1.));
#7521=DIRECTION('ref_axis',(-1.,0.,0.));
#7522=DIRECTION('center_axis',(0.,0.,1.));
#7523=DIRECTION('ref_axis',(-1.,0.,0.));
#7524=DIRECTION('center_axis',(0.,0.,1.));
#7525=DIRECTION('ref_axis',(1.,0.,0.));
#7526=DIRECTION('center_axis',(0.,0.,-1.));
#7527=DIRECTION('ref_axis',(-1.,0.,0.));
#7528=DIRECTION('',(0.,0.,-1.));
#7529=DIRECTION('center_axis',(0.,0.,-1.));
#7530=DIRECTION('ref_axis',(-1.,0.,0.));
#7531=DIRECTION('center_axis',(0.,0.,1.));
#7532=DIRECTION('ref_axis',(-1.,0.,0.));
#7533=DIRECTION('center_axis',(0.,0.,1.));
#7534=DIRECTION('ref_axis',(1.,0.,0.));
#7535=DIRECTION('center_axis',(0.,0.,1.));
#7536=DIRECTION('ref_axis',(1.,0.,0.));
#7537=DIRECTION('',(0.,0.,1.));
#7538=DIRECTION('center_axis',(0.,0.,1.));
#7539=DIRECTION('ref_axis',(1.,0.,0.));
#7540=DIRECTION('',(0.,0.,1.));
#7541=DIRECTION('center_axis',(0.,0.,1.));
#7542=DIRECTION('ref_axis',(1.,0.,0.));
#7543=DIRECTION('',(0.,0.,1.));
#7544=DIRECTION('center_axis',(-1.,0.,0.));
#7545=DIRECTION('ref_axis',(0.,-1.,0.));
#7546=DIRECTION('center_axis',(1.,0.,0.));
#7547=DIRECTION('ref_axis',(0.,-1.,0.));
#7548=DIRECTION('center_axis',(1.,0.,0.));
#7549=DIRECTION('ref_axis',(0.,-1.,0.));
#7550=DIRECTION('center_axis',(1.,0.,0.));
#7551=DIRECTION('ref_axis',(0.,-1.,0.));
#7552=DIRECTION('center_axis',(1.,0.,0.));
#7553=DIRECTION('ref_axis',(0.,-1.,0.));
#7554=DIRECTION('center_axis',(1.,0.,0.));
#7555=DIRECTION('ref_axis',(0.,-1.,0.));
#7556=DIRECTION('center_axis',(1.,0.,0.));
#7557=DIRECTION('ref_axis',(0.,-1.,0.));
#7558=DIRECTION('center_axis',(1.,0.,0.));
#7559=DIRECTION('ref_axis',(0.,-1.,0.));
#7560=DIRECTION('center_axis',(1.,0.,0.));
#7561=DIRECTION('ref_axis',(0.,-1.,0.));
#7562=DIRECTION('center_axis',(1.,0.,0.));
#7563=DIRECTION('ref_axis',(0.,-1.,0.));
#7564=DIRECTION('center_axis',(1.,0.,0.));
#7565=DIRECTION('ref_axis',(0.,-1.,0.));
#7566=DIRECTION('center_axis',(1.,0.,0.));
#7567=DIRECTION('ref_axis',(0.,-1.,0.));
#7568=DIRECTION('center_axis',(1.,0.,0.));
#7569=DIRECTION('ref_axis',(0.,-1.,0.));
#7570=DIRECTION('center_axis',(1.,0.,0.));
#7571=DIRECTION('ref_axis',(0.,-1.,0.));
#7572=DIRECTION('center_axis',(1.,0.,0.));
#7573=DIRECTION('ref_axis',(0.,-1.,0.));
#7574=DIRECTION('center_axis',(1.,0.,0.));
#7575=DIRECTION('ref_axis',(0.,-1.,0.));
#7576=DIRECTION('center_axis',(0.,0.,1.));
#7577=DIRECTION('ref_axis',(1.,0.,0.));
#7578=DIRECTION('',(0.,0.,-1.));
#7579=DIRECTION('center_axis',(0.,0.,1.));
#7580=DIRECTION('ref_axis',(1.,0.,0.));
#7581=DIRECTION('',(0.,0.,-1.));
#7582=DIRECTION('center_axis',(0.,0.,1.));
#7583=DIRECTION('ref_axis',(1.,0.,0.));
#7584=DIRECTION('',(0.,0.,-1.));
#7585=DIRECTION('center_axis',(0.,0.,1.));
#7586=DIRECTION('ref_axis',(1.,0.,0.));
#7587=DIRECTION('',(0.,0.,-1.));
#7588=CARTESIAN_POINT('',(0.,0.,0.));
#7589=CARTESIAN_POINT('Origin',(30.0628771843665,-145.503837884657,5.675));
#7590=CARTESIAN_POINT('',(29.0128771843665,-145.503837884657,5.675));
#7591=CARTESIAN_POINT('Origin',(30.0628771843665,-145.503837884657,5.675));
#7592=CARTESIAN_POINT('',(29.0128771843665,-145.503837884657,3.875));
#7593=CARTESIAN_POINT('',(29.0128771843665,-145.503837884657,5.675));
#7594=CARTESIAN_POINT('',(30.848916820238,-146.2,3.875));
#7595=CARTESIAN_POINT('Origin',(30.0628771843665,-145.503837884657,3.875));
#7596=CARTESIAN_POINT('',(29.2768375484949,-146.2,3.875));
#7597=CARTESIAN_POINT('Ctrl Pts',(29.2768375484949,-146.2,3.875));
#7598=CARTESIAN_POINT('Ctrl Pts',(29.2899200888609,-146.214771552544,3.875));
#7599=CARTESIAN_POINT('Ctrl Pts',(29.3033208594596,-146.229062302968,3.87485767616231));
#7600=CARTESIAN_POINT('Ctrl Pts',(29.410433254042,-146.33717476899,3.87284351692345));
#7601=CARTESIAN_POINT('Ctrl Pts',(29.5288548181141,-146.41878522325,3.86522032722325));
#7602=CARTESIAN_POINT('Ctrl Pts',(29.7886565324257,-146.527122529998,3.85227184298843));
#7603=CARTESIAN_POINT('Ctrl Pts',(29.9300745729516,-146.553837884657,3.84761935910558));
#7604=CARTESIAN_POINT('Ctrl Pts',(30.1956797957813,-146.553837884657,3.84761935910558));
#7605=CARTESIAN_POINT('Ctrl Pts',(30.3370978363073,-146.527122529998,3.85227184298843));
#7606=CARTESIAN_POINT('Ctrl Pts',(30.5968995506188,-146.41878522325,3.86522032722325));
#7607=CARTESIAN_POINT('Ctrl Pts',(30.7153211146909,-146.33717476899,3.87284351692345));
#7608=CARTESIAN_POINT('Ctrl Pts',(30.8224335092734,-146.229062302968,3.87485767616231));
#7609=CARTESIAN_POINT('Ctrl Pts',(30.835834279872,-146.214771552544,3.875));
#7610=CARTESIAN_POINT('Ctrl Pts',(30.848916820238,-146.2,3.875));
#7611=CARTESIAN_POINT('Origin',(30.0628771843665,-145.503837884657,3.875));
#7612=CARTESIAN_POINT('Origin',(41.2039013296319,-128.580460171512,5.675));
#7613=CARTESIAN_POINT('',(40.1539013296319,-128.580460171512,5.675));
#7614=CARTESIAN_POINT('Origin',(41.2039013296319,-128.580460171512,5.675));
#7615=CARTESIAN_POINT('',(40.1539013296319,-128.580460171512,3.875));
#7616=CARTESIAN_POINT('',(40.1539013296319,-128.580460171512,5.675));
#7617=CARTESIAN_POINT('Origin',(41.2039013296319,-128.580460171512,3.875));
#7618=CARTESIAN_POINT('Origin',(48.629001444741,-7.59120236779222,5.675));
#7619=CARTESIAN_POINT('',(47.579001444741,-7.59120236779222,5.675));
#7620=CARTESIAN_POINT('Origin',(48.629001444741,-7.59120236779222,5.675));
#7621=CARTESIAN_POINT('',(47.579001444741,-7.59120236779222,3.875));
#7622=CARTESIAN_POINT('',(47.579001444741,-7.59120236779222,5.675));
#7623=CARTESIAN_POINT('Origin',(48.629001444741,-7.59120236779222,3.875));
#7624=CARTESIAN_POINT('Origin',(27.0793971860996,-7.67367178486991,5.675));
#7625=CARTESIAN_POINT('',(27.97320856505,-8.22467198347139,3.875));
#7626=CARTESIAN_POINT('',(26.6063613632685,-8.61108157269936,3.875));
#7627=CARTESIAN_POINT('Origin',(27.0793971860996,-7.67367178486991,3.875));
#7628=CARTESIAN_POINT('',(27.97320856505,-8.22467198347139,5.675));
#7629=CARTESIAN_POINT('',(27.97320856505,-8.22467198347139,5.675));
#7630=CARTESIAN_POINT('',(26.6063613632685,-8.61108157269936,5.675));
#7631=CARTESIAN_POINT('Origin',(27.0793971860996,-7.67367178486991,5.675));
#7632=CARTESIAN_POINT('',(26.6063613632685,-8.61108157269936,5.675));
#7633=CARTESIAN_POINT('Origin',(28.7340270078181,-13.5265962589203,5.675));
#7634=CARTESIAN_POINT('Origin',(28.7340270078181,-13.5265962589203,3.875));
#7635=CARTESIAN_POINT('Origin',(28.7340270078181,-13.5265962589203,5.675));
#7636=CARTESIAN_POINT('Origin',(55.9282677628689,-128.515202038133,5.675));
#7637=CARTESIAN_POINT('',(54.8782677628689,-128.515202038133,5.675));
#7638=CARTESIAN_POINT('Origin',(55.9282677628689,-128.515202038133,5.675));
#7639=CARTESIAN_POINT('',(54.8782677628689,-128.515202038133,3.875));
#7640=CARTESIAN_POINT('',(54.8782677628689,-128.515202038133,5.675));
#7641=CARTESIAN_POINT('Origin',(55.9282677628689,-128.515202038133,3.875));
#7642=CARTESIAN_POINT('Origin',(37.3962105176997,-145.503837884657,5.675));
#7643=CARTESIAN_POINT('',(36.3462105176998,-145.503837884657,5.675));
#7644=CARTESIAN_POINT('Origin',(37.3962105176997,-145.503837884657,5.675));
#7645=CARTESIAN_POINT('',(36.3462105176998,-145.503837884657,3.875));
#7646=CARTESIAN_POINT('',(36.3462105176998,-145.503837884657,5.675));
#7647=CARTESIAN_POINT('',(38.1822501535714,-146.2,3.875));
#7648=CARTESIAN_POINT('Origin',(37.3962105176997,-145.503837884657,3.875));
#7649=CARTESIAN_POINT('',(36.6101708818281,-146.2,3.875));
#7650=CARTESIAN_POINT('Ctrl Pts',(36.6101708818281,-146.2,3.875));
#7651=CARTESIAN_POINT('Ctrl Pts',(36.6232534221942,-146.214771552544,3.875));
#7652=CARTESIAN_POINT('Ctrl Pts',(36.6366541927928,-146.229062302968,3.87485767616231));
#7653=CARTESIAN_POINT('Ctrl Pts',(36.7437665873753,-146.33717476899,3.87284351692345));
#7654=CARTESIAN_POINT('Ctrl Pts',(36.8621881514474,-146.41878522325,3.86522032722325));
#7655=CARTESIAN_POINT('Ctrl Pts',(37.1219898657589,-146.527122529998,3.85227184298842));
#7656=CARTESIAN_POINT('Ctrl Pts',(37.2634079062849,-146.553837884657,3.84761935910558));
#7657=CARTESIAN_POINT('Ctrl Pts',(37.5290131291146,-146.553837884657,3.84761935910558));
#7658=CARTESIAN_POINT('Ctrl Pts',(37.6704311696406,-146.527122529998,3.85227184298842));
#7659=CARTESIAN_POINT('Ctrl Pts',(37.9302328839521,-146.41878522325,3.86522032722325));
#7660=CARTESIAN_POINT('Ctrl Pts',(38.0486544480242,-146.33717476899,3.87284351692345));
#7661=CARTESIAN_POINT('Ctrl Pts',(38.1557668426067,-146.229062302968,3.87485767616231));
#7662=CARTESIAN_POINT('Ctrl Pts',(38.1691676132053,-146.214771552544,3.875));
#7663=CARTESIAN_POINT('Ctrl Pts',(38.1822501535714,-146.2,3.875));
#7664=CARTESIAN_POINT('Origin',(37.3962105176997,-145.503837884657,3.875));
#7665=CARTESIAN_POINT('Origin',(33.8705679962986,-128.612579785868,5.675));
#7666=CARTESIAN_POINT('',(32.8205679962986,-128.612579785868,5.675));
#7667=CARTESIAN_POINT('Origin',(33.8705679962986,-128.612579785868,5.675));
#7668=CARTESIAN_POINT('',(32.8205679962986,-128.612579785868,3.875));
#7669=CARTESIAN_POINT('',(32.8205679962986,-128.612579785868,5.675));
#7670=CARTESIAN_POINT('Origin',(33.8705679962986,-128.612579785868,3.875));
#7671=CARTESIAN_POINT('Origin',(41.8248053670054,-7.67367178486992,5.675));
#7672=CARTESIAN_POINT('',(40.7748053670054,-7.67367178486992,5.675));
#7673=CARTESIAN_POINT('Origin',(41.8248053670054,-7.67367178486992,5.675));
#7674=CARTESIAN_POINT('',(40.7748053670054,-7.67367178486992,3.875));
#7675=CARTESIAN_POINT('',(40.7748053670054,-7.67367178486992,5.675));
#7676=CARTESIAN_POINT('Origin',(41.8248053670054,-7.67367178486992,3.875));
#7677=CARTESIAN_POINT('Origin',(34.6733386055795,-7.67367178486992,5.675));
#7678=CARTESIAN_POINT('',(35.6643989755064,-8.02051374190556,5.675));
#7679=CARTESIAN_POINT('',(34.7767808835403,-6.62877959180391,5.675));
#7680=CARTESIAN_POINT('Origin',(36.2,-6.70000000000001,5.675));
#7681=CARTESIAN_POINT('',(33.6233386055795,-7.67367178486992,5.675));
#7682=CARTESIAN_POINT('Origin',(34.6733386055795,-7.67367178486992,5.675));
#7683=CARTESIAN_POINT('Origin',(34.6733386055795,-7.67367178486992,5.675));
#7684=CARTESIAN_POINT('Origin',(34.6733386055795,-7.67367178486992,5.675));
#7685=CARTESIAN_POINT('',(33.6233386055795,-7.67367178486992,5.254));
#7686=CARTESIAN_POINT('',(33.6233386055795,-7.67367178486992,5.675));
#7687=CARTESIAN_POINT('',(34.57516226581,-6.62827166706359,5.254));
#7688=CARTESIAN_POINT('Origin',(34.6733386055795,-7.67367178486992,5.254));
#7689=CARTESIAN_POINT('',(34.57516226581,-6.62827166706359,4.475));
#7690=CARTESIAN_POINT('',(34.57516226581,-6.62827166706359,5.675));
#7691=CARTESIAN_POINT('',(33.804962753982,-8.26394577240646,4.475));
#7692=CARTESIAN_POINT('Ctrl Pts',(33.804962753982,-8.26394577240646,4.475));
#7693=CARTESIAN_POINT('Ctrl Pts',(33.8233524024231,-8.29099952534631,4.4719985923223));
#7694=CARTESIAN_POINT('Ctrl Pts',(33.8427738353984,-8.31684097680995,4.46896636439171));
#7695=CARTESIAN_POINT('Ctrl Pts',(33.9472503918324,-8.44366137525975,4.45327706316254));
#7696=CARTESIAN_POINT('Ctrl Pts',(34.057697893168,-8.53581772231813,4.43883998466721));
#7697=CARTESIAN_POINT('Ctrl Pts',(34.3064795960487,-8.66751461257721,4.41031180529177));
#7698=CARTESIAN_POINT('Ctrl Pts',(34.4448145233635,-8.70705300750955,4.39621711646778));
#7699=CARTESIAN_POINT('Ctrl Pts',(34.7181776501996,-8.73226195732961,4.37100816664772));
#7700=CARTESIAN_POINT('Ctrl Pts',(34.8710419251693,-8.715759378151,4.35843742078046));
#7701=CARTESIAN_POINT('Ctrl Pts',(35.1551131858809,-8.61861961743289,4.33804289911356));
#7702=CARTESIAN_POINT('Ctrl Pts',(35.2863174319499,-8.53797872768225,4.33019863068844));
#7703=CARTESIAN_POINT('Ctrl Pts',(35.4965859451708,-8.3414431231703,4.320325526955));
#7704=CARTESIAN_POINT('Ctrl Pts',(35.58731086299,-8.21281756869334,4.31782046341693));
#7705=CARTESIAN_POINT('Ctrl Pts',(35.7033394888121,-7.92886121269069,4.31929451651669));
#7706=CARTESIAN_POINT('Ctrl Pts',(35.7286434627579,-7.77353052980218,4.32327555293464));
#7707=CARTESIAN_POINT('Ctrl Pts',(35.722356569767,-7.62827012397733,4.32956244592554));
#7708=CARTESIAN_POINT('Ctrl Pts',(35.7162497319862,-7.48716994370904,4.33566928370632));
#7709=CARTESIAN_POINT('Ctrl Pts',(35.6796071482173,-7.33882538666306,4.34467932011429));
#7710=CARTESIAN_POINT('Ctrl Pts',(35.5467334876778,-7.07210726381693,4.36694643624198));
#7711=CARTESIAN_POINT('Ctrl Pts',(35.450507398151,-6.9537329289591,4.3802240592514));
#7712=CARTESIAN_POINT('Ctrl Pts',(35.2407604642131,-6.78048806795899,4.40620048805461));
#7713=CARTESIAN_POINT('Ctrl Pts',(35.1161289692415,-6.71144285049238,4.42045183141171));
#7714=CARTESIAN_POINT('Ctrl Pts',(34.8496124519852,-6.62922199463477,4.44873926972331));
#7715=CARTESIAN_POINT('Ctrl Pts',(34.7077277395134,-6.61604528032389,4.46277515634657));
#7716=CARTESIAN_POINT('Ctrl Pts',(34.5763335918996,-6.62816216130993,4.47489203733261));
#7717=CARTESIAN_POINT('Ctrl Pts',(34.5757480079047,-6.62821665844639,4.47494602047003));
#7718=CARTESIAN_POINT('Ctrl Pts',(34.57516226581,-6.62827166706359,4.475));
#7719=CARTESIAN_POINT('',(33.804962753982,-8.26394577240646,5.254));
#7720=CARTESIAN_POINT('',(33.804962753982,-8.26394577240646,5.675));
#7721=CARTESIAN_POINT('Origin',(34.6733386055795,-7.67367178486992,5.254));
#7722=CARTESIAN_POINT('Origin',(34.6733386055795,-7.67367178486992,5.675));
#7723=CARTESIAN_POINT('Origin',(19.203901329632,-128.709957533603,5.675));
#7724=CARTESIAN_POINT('',(18.7566877341263,-129.6599575336,-1.30640686511901));
#7725=CARTESIAN_POINT('',(19.6511149251376,-129.6599575336,-1.30640686511901));
#7726=CARTESIAN_POINT('Ctrl Pts',(18.7566877341263,-129.6599575336,-1.30640686511901));
#7727=CARTESIAN_POINT('Ctrl Pts',(18.770817675277,-129.666609219691,-1.30694056845233));
#7728=CARTESIAN_POINT('Ctrl Pts',(18.7851045578118,-129.67294945704,-1.30748275048861));
#7729=CARTESIAN_POINT('Ctrl Pts',(18.9295111953389,-129.733211533267,-1.31289693498937));
#7730=CARTESIAN_POINT('Ctrl Pts',(19.0710280362237,-129.759957533603,-1.31696644488218));
#7731=CARTESIAN_POINT('Ctrl Pts',(19.3367746230403,-129.759957533603,-1.31696644488218));
#7732=CARTESIAN_POINT('Ctrl Pts',(19.4782914639251,-129.733211533267,-1.31289693498937));
#7733=CARTESIAN_POINT('Ctrl Pts',(19.6226981014521,-129.67294945704,-1.30748275048861));
#7734=CARTESIAN_POINT('Ctrl Pts',(19.636984983987,-129.666609219691,-1.30694056845233));
#7735=CARTESIAN_POINT('Ctrl Pts',(19.6511149251376,-129.6599575336,-1.30640686511901));
#7736=CARTESIAN_POINT('',(18.7566877341263,-129.6599575336,5.675));
#7737=CARTESIAN_POINT('',(18.7566877341263,-129.6599575336,5.675));
#7738=CARTESIAN_POINT('',(19.6511149251376,-129.6599575336,5.675));
#7739=CARTESIAN_POINT('Origin',(19.203901329632,-128.709957533603,5.675));
#7740=CARTESIAN_POINT('',(19.6511149251376,-129.6599575336,5.675));
#7741=CARTESIAN_POINT('Origin',(18.7566877341263,-129.6599575336,5.675));
#7742=CARTESIAN_POINT('',(12.5,-129.6599575336,-1.30640686511901));
#7743=CARTESIAN_POINT('',(30.1283438670631,-129.6599575336,5.675));
#7744=CARTESIAN_POINT('Origin',(52.001972710307,-145.503837884657,5.675));
#7745=CARTESIAN_POINT('',(50.951972710307,-145.503837884657,5.675));
#7746=CARTESIAN_POINT('Origin',(52.001972710307,-145.503837884657,5.675));
#7747=CARTESIAN_POINT('',(50.951972710307,-145.503837884657,3.875));
#7748=CARTESIAN_POINT('',(50.951972710307,-145.503837884657,5.675));
#7749=CARTESIAN_POINT('',(52.7880123461786,-146.2,3.875));
#7750=CARTESIAN_POINT('Origin',(52.001972710307,-145.503837884657,3.875));
#7751=CARTESIAN_POINT('',(51.2159330744354,-146.2,3.875));
#7752=CARTESIAN_POINT('Ctrl Pts',(51.2159330744354,-146.2,3.875));
#7753=CARTESIAN_POINT('Ctrl Pts',(51.2290156148014,-146.214771552544,3.875));
#7754=CARTESIAN_POINT('Ctrl Pts',(51.2424163854001,-146.229062302968,3.87485767616231));
#7755=CARTESIAN_POINT('Ctrl Pts',(51.3495287799825,-146.33717476899,3.87284351692345));
#7756=CARTESIAN_POINT('Ctrl Pts',(51.4679503440546,-146.41878522325,3.86522032722325));
#7757=CARTESIAN_POINT('Ctrl Pts',(51.7277520583662,-146.527122529998,3.85227184298842));
#7758=CARTESIAN_POINT('Ctrl Pts',(51.8691700988922,-146.553837884657,3.84761935910558));
#7759=CARTESIAN_POINT('Ctrl Pts',(52.1347753217218,-146.553837884657,3.84761935910558));
#7760=CARTESIAN_POINT('Ctrl Pts',(52.2761933622478,-146.527122529998,3.85227184298842));
#7761=CARTESIAN_POINT('Ctrl Pts',(52.5359950765594,-146.41878522325,3.86522032722325));
#7762=CARTESIAN_POINT('Ctrl Pts',(52.6544166406315,-146.33717476899,3.87284351692345));
#7763=CARTESIAN_POINT('Ctrl Pts',(52.7615290352139,-146.229062302968,3.87485767616231));
#7764=CARTESIAN_POINT('Ctrl Pts',(52.7749298058126,-146.214771552544,3.875));
#7765=CARTESIAN_POINT('Ctrl Pts',(52.7880123461786,-146.2,3.875));
#7766=CARTESIAN_POINT('Origin',(52.001972710307,-145.503837884657,3.875));
#7767=CARTESIAN_POINT('Origin',(36.2,-6.70000000000003,5.254));
#7768=CARTESIAN_POINT('Origin',(34.5769190156926,-7.62827012397733,5.254));
#7769=CARTESIAN_POINT('Origin',(52.5,-146.2,1.575));
#7770=CARTESIAN_POINT('',(52.5,-146.2,3.875));
#7771=CARTESIAN_POINT('',(43.235338265265,-146.2,3.875));
#7772=CARTESIAN_POINT('',(52.5,-146.2,3.875));
#7773=CARTESIAN_POINT('',(46.1128371792526,-146.2,3.875));
#7774=CARTESIAN_POINT('Ctrl Pts',(43.235338265265,-146.2,3.875));
#7775=CARTESIAN_POINT('Ctrl Pts',(43.323871053083,-146.381966429142,3.875));
#7776=CARTESIAN_POINT('Ctrl Pts',(43.4285575589275,-146.555498595772,3.85245289499261));
#7777=CARTESIAN_POINT('Ctrl Pts',(43.6821411308575,-146.901943124791,3.77464224698749));
#7778=CARTESIAN_POINT('Ctrl Pts',(43.8584653539153,-147.090880728284,3.70189980835993));
#7779=CARTESIAN_POINT('Ctrl Pts',(44.1429920813105,-147.312487687288,3.58975740321522));
#7780=CARTESIAN_POINT('Ctrl Pts',(44.2399035300145,-147.376066290891,3.55241417953923));
#7781=CARTESIAN_POINT('Ctrl Pts',(44.443606189761,-147.47332665061,3.49123118429499));
#7782=CARTESIAN_POINT('Ctrl Pts',(44.5494499668011,-147.508452405258,3.4665475947423));
#7783=CARTESIAN_POINT('Ctrl Pts',(44.7987254777165,-147.508452405258,3.4665475947423));
#7784=CARTESIAN_POINT('Ctrl Pts',(44.9045692547566,-147.47332665061,3.491231184295));
#7785=CARTESIAN_POINT('Ctrl Pts',(45.1082719145031,-147.376066290891,3.55241417953923));
#7786=CARTESIAN_POINT('Ctrl Pts',(45.2051833632071,-147.312487687288,3.58975740321522));
#7787=CARTESIAN_POINT('Ctrl Pts',(45.4897100906022,-147.090880728284,3.70189980835994));
#7788=CARTESIAN_POINT('Ctrl Pts',(45.6660343136601,-146.901943124791,3.77464224698749));
#7789=CARTESIAN_POINT('Ctrl Pts',(45.9196178855901,-146.555498595772,3.85245289499261));
#7790=CARTESIAN_POINT('Ctrl Pts',(46.0243043914346,-146.381966429142,3.875));
#7791=CARTESIAN_POINT('Ctrl Pts',(46.1128371792526,-146.2,3.875));
#7792=CARTESIAN_POINT('',(52.5,-146.2,3.875));
#7793=CARTESIAN_POINT('',(63.5,-146.2,3.875));
#7794=CARTESIAN_POINT('',(52.5,-146.2,3.875));
#7795=CARTESIAN_POINT('',(63.5,-146.954948931652,3.74756809113013));
#7796=CARTESIAN_POINT('Origin',(63.5,-146.2,1.575));
#7797=CARTESIAN_POINT('',(70.5,-146.954948931652,3.74756809113013));
#7798=CARTESIAN_POINT('',(52.5,-146.954948931652,3.74756809113013));
#7799=CARTESIAN_POINT('',(70.5,-148.5,1.575));
#7800=CARTESIAN_POINT('Origin',(70.5,-146.2,1.575));
#7801=CARTESIAN_POINT('',(12.5,-148.5,1.575));
#7802=CARTESIAN_POINT('',(52.5,-148.5,1.575));
#7803=CARTESIAN_POINT('',(12.5,-146.954948931652,3.74756809113013));
#7804=CARTESIAN_POINT('Origin',(12.5,-146.2,1.575));
#7805=CARTESIAN_POINT('',(19.5,-146.954948931652,3.74756809113013));
#7806=CARTESIAN_POINT('',(52.5,-146.954948931652,3.74756809113013));
#7807=CARTESIAN_POINT('',(19.5,-146.2,3.875));
#7808=CARTESIAN_POINT('Origin',(19.5,-146.2,1.575));
#7809=CARTESIAN_POINT('',(21.1267101910458,-146.2,3.875));
#7810=CARTESIAN_POINT('',(52.5,-146.2,3.875));
#7811=CARTESIAN_POINT('',(24.0171988707073,-146.2,3.875));
#7812=CARTESIAN_POINT('Ctrl Pts',(21.126710191047,-146.200000000003,3.875));
#7813=CARTESIAN_POINT('Ctrl Pts',(21.1293844431652,-146.205630011506,3.87499999999999));
#7814=CARTESIAN_POINT('Ctrl Pts',(21.1320731090788,-146.211253662255,3.87497932581275));
#7815=CARTESIAN_POINT('Ctrl Pts',(21.2280980958716,-146.410791270748,3.87351572815439));
#7816=CARTESIAN_POINT('Ctrl Pts',(21.3400411698417,-146.595691797399,3.84646106008729));
#7817=CARTESIAN_POINT('Ctrl Pts',(21.6010898438716,-146.948145051822,3.75923548877847));
#7818=CARTESIAN_POINT('Ctrl Pts',(21.7763470573077,-147.134617279514,3.68311002446968));
#7819=CARTESIAN_POINT('Ctrl Pts',(22.0553685535821,-147.354947556332,3.56574135360672));
#7820=CARTESIAN_POINT('Ctrl Pts',(22.1495379583731,-147.418435175992,3.52664642409212));
#7821=CARTESIAN_POINT('Ctrl Pts',(22.2973776809966,-147.492600336538,3.4776466217599));
#7822=CARTESIAN_POINT('Ctrl Pts',(22.3476315905309,-147.513694000509,3.46300782963745));
#7823=CARTESIAN_POINT('Ctrl Pts',(22.4539100228464,-147.544898305246,3.44090838570168));
#7824=CARTESIAN_POINT('Ctrl Pts',(22.5099083845992,-147.555083097743,3.43342669971451));
#7825=CARTESIAN_POINT('Ctrl Pts',(22.6340006771539,-147.555083097743,3.43342669971451));
#7826=CARTESIAN_POINT('Ctrl Pts',(22.6899990389067,-147.544898305246,3.44090838570163));
#7827=CARTESIAN_POINT('Ctrl Pts',(22.7962774712222,-147.513694000509,3.46300782963741));
#7828=CARTESIAN_POINT('Ctrl Pts',(22.8465313807565,-147.492600336538,3.47764662175991));
#7829=CARTESIAN_POINT('Ctrl Pts',(22.99437110338,-147.418435175992,3.52664642409213));
#7830=CARTESIAN_POINT('Ctrl Pts',(23.088540508171,-147.354947556332,3.56574135360672));
#7831=CARTESIAN_POINT('Ctrl Pts',(23.3675620044453,-147.134617279514,3.68311002446968));
#7832=CARTESIAN_POINT('Ctrl Pts',(23.5428192178815,-146.948145051822,3.75923548877847));
#7833=CARTESIAN_POINT('Ctrl Pts',(23.8038678919114,-146.595691797399,3.84646106008729));
#7834=CARTESIAN_POINT('Ctrl Pts',(23.9158109658815,-146.410791270748,3.87351572815439));
#7835=CARTESIAN_POINT('Ctrl Pts',(24.0118359526747,-146.211253662254,3.87497932581275));
#7836=CARTESIAN_POINT('Ctrl Pts',(24.0145246185888,-146.205630011504,3.875));
#7837=CARTESIAN_POINT('Ctrl Pts',(24.0171988707073,-146.2,3.875));
#7838=CARTESIAN_POINT('',(52.5,-146.2,3.875));
#7839=CARTESIAN_POINT('Origin',(41.5,-66.6787234353508,3.875));
#7840=CARTESIAN_POINT('',(22.755,-143.924014797077,3.875));
#7841=CARTESIAN_POINT('Origin',(22.5719545308765,-145.513509797457,3.875));
#7842=CARTESIAN_POINT('',(22.755,-60.6254022043798,3.875));
#7843=CARTESIAN_POINT('',(22.755,-25.7680851530262,3.875));
#7844=CARTESIAN_POINT('',(22.755,-58.6414261018709,3.875));
#7845=CARTESIAN_POINT('Origin',(22.6286682693525,-59.6334141531254,3.875));
#7846=CARTESIAN_POINT('',(22.755,21.89,3.87500018405262));
#7847=CARTESIAN_POINT('',(22.755,-25.7680851530262,3.875));
#7848=CARTESIAN_POINT('',(60.345,21.89,3.87500018405262));
#7849=CARTESIAN_POINT('',(41.5,21.89,3.875));
#7850=CARTESIAN_POINT('',(60.345,10.4941828529366,3.875));
#7851=CARTESIAN_POINT('',(60.345,-21.0893617176754,3.875));
#7852=CARTESIAN_POINT('',(58.9809052947554,9.56282092242149,3.875));
#7853=CARTESIAN_POINT('Origin',(59.9809052947553,9.56282092242149,3.875));
#7854=CARTESIAN_POINT('',(60.345,8.63145899190639,3.875));
#7855=CARTESIAN_POINT('Origin',(59.9809052947553,9.56282092242149,3.875));
#7856=CARTESIAN_POINT('',(60.3450000004816,7.19726844618439,3.875));
#7857=CARTESIAN_POINT('',(60.345,-21.0893617176754,3.875));
#7858=CARTESIAN_POINT('',(62.0344060691797,6.62329650721541,3.87499999986996));
#7859=CARTESIAN_POINT('Ctrl Pts',(60.345,7.19726844554377,3.875));
#7860=CARTESIAN_POINT('Ctrl Pts',(60.3470915920553,7.19717703765988,3.875));
#7861=CARTESIAN_POINT('Ctrl Pts',(60.3491830241676,7.19708210390544,3.875));
#7862=CARTESIAN_POINT('Ctrl Pts',(60.7264300445655,7.17932123929487,3.875));
#7863=CARTESIAN_POINT('Ctrl Pts',(61.0351837665886,7.05119136365166,3.875));
#7864=CARTESIAN_POINT('Ctrl Pts',(61.5482835939661,6.81499712677455,3.875));
#7865=CARTESIAN_POINT('Ctrl Pts',(61.7847559089402,6.69646867653772,3.875));
#7866=CARTESIAN_POINT('Ctrl Pts',(62.0344060689845,6.6232965072726,3.875));
#7867=CARTESIAN_POINT('',(62.4039972523272,3.12883604401455,3.87499999991851));
#7868=CARTESIAN_POINT('Origin',(61.5,4.79999999999998,3.875));
#7869=CARTESIAN_POINT('',(60.3450000000516,1.74291004378318,3.875));
#7870=CARTESIAN_POINT('Ctrl Pts',(62.4039972522573,3.12883604397672,3.875));
#7871=CARTESIAN_POINT('Ctrl Pts',(62.085458094573,2.95652588718745,3.875));
#7872=CARTESIAN_POINT('Ctrl Pts',(61.8112507484269,2.72637755880355,3.875));
#7873=CARTESIAN_POINT('Ctrl Pts',(61.4727714035726,2.4354577892847,3.875));
#7874=CARTESIAN_POINT('Ctrl Pts',(61.3895709028508,2.36321494797098,3.875));
#7875=CARTESIAN_POINT('Ctrl Pts',(61.1593230742145,2.17202753323087,3.875));
#7876=CARTESIAN_POINT('Ctrl Pts',(61.0124679338185,2.0590433571161,3.875));
#7877=CARTESIAN_POINT('Ctrl Pts',(60.6915825077408,1.8682149808412,3.875));
#7878=CARTESIAN_POINT('Ctrl Pts',(60.5278232943395,1.79561091909602,3.875));
#7879=CARTESIAN_POINT('Ctrl Pts',(60.3491963286654,1.74410904670655,3.875));
#7880=CARTESIAN_POINT('Ctrl Pts',(60.3470986441249,1.74350786956055,3.875));
#7881=CARTESIAN_POINT('Ctrl Pts',(60.345,1.74291004384888,3.875));
#7882=CARTESIAN_POINT('',(60.345,-75.5697080310664,3.875));
#7883=CARTESIAN_POINT('',(60.345,-21.0893617176754,3.875));
#7884=CARTESIAN_POINT('',(58.9781800737794,-76.4999999969177,3.875));
#7885=CARTESIAN_POINT('Origin',(59.9781800737794,-76.4999999969177,3.875));
#7886=CARTESIAN_POINT('',(60.345,-77.430291962769,3.875));
#7887=CARTESIAN_POINT('Origin',(59.9781800737794,-76.4999999969177,3.875));
#7888=CARTESIAN_POINT('',(60.345,-145.804029454646,3.875));
#7889=CARTESIAN_POINT('',(60.345,-21.0893617176754,3.875));
#7890=CARTESIAN_POINT('',(63.5,-145.804029454646,3.875));
#7891=CARTESIAN_POINT('',(52.5,-145.804029454646,3.875));
#7892=CARTESIAN_POINT('',(63.5,15.1425531292983,3.875));
#7893=CARTESIAN_POINT('',(43.0740877222588,-145.5,3.875));
#7894=CARTESIAN_POINT('Origin',(44.6740877222588,-145.5,3.875));
#7895=CARTESIAN_POINT('Origin',(44.6740877222588,-145.5,3.875));
#7896=CARTESIAN_POINT('',(43.,-52.7,3.875));
#7897=CARTESIAN_POINT('Origin',(41.5,-52.7,3.875));
#7898=CARTESIAN_POINT('',(43.,-72.7,3.875));
#7899=CARTESIAN_POINT('Origin',(41.5,-72.7,3.875));
#7900=CARTESIAN_POINT('',(24.8922288860619,-128.626182780435,3.875));
#7901=CARTESIAN_POINT('Origin',(26.4922288860619,-128.626182780435,3.875));
#7902=CARTESIAN_POINT('',(50.8167006909475,-110.997679388944,3.875));
#7903=CARTESIAN_POINT('Origin',(52.4167006909475,-110.997679388944,3.875));
#7904=CARTESIAN_POINT('',(32.9732022523164,-94.0000000018498,3.875));
#7905=CARTESIAN_POINT('Origin',(34.5732022523164,-94.0000000018498,3.875));
#7906=CARTESIAN_POINT('',(43.0711078171159,-59.6140433090186,3.875));
#7907=CARTESIAN_POINT('Origin',(44.6711078171159,-59.6140433090186,3.875));
#7908=CARTESIAN_POINT('',(47.0055831074687,-42.1594476462459,3.875));
#7909=CARTESIAN_POINT('Origin',(48.6055831074687,-42.1594476462459,3.875));
#7910=CARTESIAN_POINT('',(50.8184237187011,-25.1438512512842,3.875));
#7911=CARTESIAN_POINT('Origin',(52.4184237187011,-25.1438512512842,3.875));
#7912=CARTESIAN_POINT('',(32.9769190156926,-7.62827012397733,3.875));
#7913=CARTESIAN_POINT('Origin',(34.5769190156926,-7.62827012397733,3.875));
#7914=CARTESIAN_POINT('',(36.9824286544143,9.65007186709942,3.875));
#7915=CARTESIAN_POINT('Origin',(38.5824286544143,9.65007186709942,3.875));
#7916=CARTESIAN_POINT('',(54.5774193675212,-7.57368368806041,3.875));
#7917=CARTESIAN_POINT('Origin',(56.1774193675211,-7.57368368806041,3.875));
#7918=CARTESIAN_POINT('',(29.1929665735688,-24.9887433699088,3.875));
#7919=CARTESIAN_POINT('Origin',(30.7929665735688,-24.9887433699088,3.875));
#7920=CARTESIAN_POINT('',(25.2974668054437,-41.9176911941742,3.875));
#7921=CARTESIAN_POINT('Origin',(26.8974668054437,-41.9176911941742,3.875));
#7922=CARTESIAN_POINT('',(36.9863105123568,-76.499999998017,3.875));
#7923=CARTESIAN_POINT('Origin',(38.5863105123568,-76.499999998017,3.875));
#7924=CARTESIAN_POINT('',(54.5807891466771,-94.0001942671434,3.875));
#7925=CARTESIAN_POINT('Origin',(56.1807891466771,-94.0001942671434,3.875));
#7926=CARTESIAN_POINT('',(28.7955961824541,-111.141957143079,3.875));
#7927=CARTESIAN_POINT('Origin',(30.3955961824541,-111.141957143079,3.875));
#7928=CARTESIAN_POINT('',(46.9976115722654,-128.494912597244,3.875));
#7929=CARTESIAN_POINT('Origin',(48.5976115722654,-128.494912597244,3.875));
#7930=CARTESIAN_POINT('',(63.,4.79999999999998,3.875));
#7931=CARTESIAN_POINT('Origin',(61.5,4.79999999999998,3.875));
#7932=CARTESIAN_POINT('Origin',(26.8309458037377,-32.3107927908519,6.1445));
#7933=CARTESIAN_POINT('',(29.7699458037377,-32.3107927908519,5.675));
#7934=CARTESIAN_POINT('Origin',(26.8309458037377,-32.3107927908519,5.675));
#7935=CARTESIAN_POINT('',(28.8309458037377,-32.3107927908519,6.614));
#7936=CARTESIAN_POINT('',(29.3004458037377,-32.3107927908519,6.1445));
#7937=CARTESIAN_POINT('Origin',(26.8309458037377,-32.3107927908519,6.614));
#7938=CARTESIAN_POINT('Origin',(41.5,-62.5,5.675));
#7939=CARTESIAN_POINT('',(12.5,-151.,5.675));
#7940=CARTESIAN_POINT('',(12.5,21.89,5.675));
#7941=CARTESIAN_POINT('',(12.5,19.89,5.675));
#7942=CARTESIAN_POINT('',(70.5,-151.,5.675));
#7943=CARTESIAN_POINT('',(43.066072478111,-151.,5.675));
#7944=CARTESIAN_POINT('',(70.5,21.89,5.675));
#7945=CARTESIAN_POINT('',(70.5,-149.5,5.675));
#7946=CARTESIAN_POINT('',(58.9738881310744,21.89,5.675));
#7947=CARTESIAN_POINT('',(41.5,21.89,5.675));
#7948=CARTESIAN_POINT('',(58.3492560867744,22.5146320443,5.675));
#7949=CARTESIAN_POINT('',(75.5467580872308,5.31713004384359,5.675));
#7950=CARTESIAN_POINT('',(58.3492560867744,24.89,5.675));
#7951=CARTESIAN_POINT('',(58.3492560867744,19.89,5.675));
#7952=CARTESIAN_POINT('',(54.6592560867743,24.89,5.675));
#7953=CARTESIAN_POINT('',(12.5,24.89,5.675));
#7954=CARTESIAN_POINT('',(54.6592560867744,22.5146320443,5.675));
#7955=CARTESIAN_POINT('',(54.6592560867744,-21.305,5.675));
#7956=CARTESIAN_POINT('',(54.0346240424743,21.89,5.675));
#7957=CARTESIAN_POINT('',(29.9596260429308,-2.18499799954373,5.675));
#7958=CARTESIAN_POINT('',(28.9730287591954,21.89,5.675));
#7959=CARTESIAN_POINT('',(41.5,21.89,5.675));
#7960=CARTESIAN_POINT('',(28.3483967148954,22.5146320443,5.675));
#7961=CARTESIAN_POINT('',(53.0461135583215,-2.18308479912646,5.675));
#7962=CARTESIAN_POINT('',(28.3483967148954,24.89,5.675));
#7963=CARTESIAN_POINT('',(28.3483967148954,21.4099018711314,5.675));
#7964=CARTESIAN_POINT('',(24.6601154586532,24.89,5.675));
#7965=CARTESIAN_POINT('',(28.0983967148954,24.89,5.675));
#7966=CARTESIAN_POINT('',(24.6601154586532,22.5146320443,5.675));
#7967=CARTESIAN_POINT('',(24.6601154586532,-21.305,5.675));
#7968=CARTESIAN_POINT('',(24.0354834143532,21.89,5.675));
#7969=CARTESIAN_POINT('',(7.46027057183995,5.31478715748685,5.675));
#7970=CARTESIAN_POINT('',(41.5,21.89,5.675));
#7971=CARTESIAN_POINT('',(21.6286682693525,-59.6334141531254,5.675));
#7972=CARTESIAN_POINT('Origin',(22.6286682693525,-59.6334141531254,5.675));
#7973=CARTESIAN_POINT('',(19.075,-68.5,5.675));
#7974=CARTESIAN_POINT('Origin',(16.5,-68.5,5.675));
#7975=CARTESIAN_POINT('',(33.300022996001,9.98824255473368,5.675));
#7976=CARTESIAN_POINT('',(37.7082587239167,9.1644517144967,5.675));
#7977=CARTESIAN_POINT('Origin',(36.2,13.3,5.675));
#7978=CARTESIAN_POINT('',(33.300022996001,3.22126284793191,5.675));
#7979=CARTESIAN_POINT('',(33.300022996001,6.00000008940697,5.675));
#7980=CARTESIAN_POINT('',(32.0032740195225,14.6285687956538,5.675));
#7981=CARTESIAN_POINT('Origin',(31.5,8.79399980792009,5.675));
#7982=CARTESIAN_POINT('',(40.602,13.3,5.675));
#7983=CARTESIAN_POINT('Origin',(36.2,13.3,5.675));
#7984=CARTESIAN_POINT('',(39.3788054079916,10.2548727156121,5.675));
#7985=CARTESIAN_POINT('Origin',(36.2,13.3,5.675));
#7986=CARTESIAN_POINT('Origin',(38.5824286544143,9.65007186709942,5.675));
#7987=CARTESIAN_POINT('',(63.9583726566157,-137.586774338452,5.675));
#7988=CARTESIAN_POINT('',(68.1062342859,-143.,5.67499999999999));
#7989=CARTESIAN_POINT('Origin',(62.5,-143.,5.675));
#7990=CARTESIAN_POINT('',(69.075,-138.,5.675));
#7991=CARTESIAN_POINT('Origin',(66.5,-138.,5.675));
#7992=CARTESIAN_POINT('',(67.4610651842039,-140.388928360523,5.675));
#7993=CARTESIAN_POINT('Origin',(66.5,-138.,5.675));
#7994=CARTESIAN_POINT('Origin',(62.5,-143.,5.675));
#7995=CARTESIAN_POINT('',(26.1062342859,-95.,5.675));
#7996=CARTESIAN_POINT('Origin',(20.5,-95.,5.675));
#7997=CARTESIAN_POINT('',(57.9190573908304,-91.768154137355,5.675));
#7998=CARTESIAN_POINT('',(57.0807417509664,-93.5642065264524,5.675));
#7999=CARTESIAN_POINT('Origin',(62.5,-95.,5.675));
#8000=CARTESIAN_POINT('',(63.4812342859,-86.4943977121,5.675));
#8001=CARTESIAN_POINT('Origin',(58.2,-86.4943977121,5.675));
#8002=CARTESIAN_POINT('',(62.6134389810943,-89.3949135184219,5.675));
#8003=CARTESIAN_POINT('Origin',(58.2,-86.4943977121,5.675));
#8004=CARTESIAN_POINT('',(68.1062342859009,-95.,5.67499999999916));
#8005=CARTESIAN_POINT('Origin',(62.5,-95.,5.675));
#8006=CARTESIAN_POINT('',(56.9021937746846,-94.6927080667816,5.675));
#8007=CARTESIAN_POINT('Origin',(62.5,-95.,5.675));
#8008=CARTESIAN_POINT('',(55.1807891466771,-94.0001942671434,5.675));
#8009=CARTESIAN_POINT('Origin',(56.1807891466771,-94.0001942671434,5.675));
#8010=CARTESIAN_POINT('Origin',(56.1807891466771,-94.0001942671434,5.675));
#8011=CARTESIAN_POINT('',(63.4812342859,-20.4943977121,5.675));
#8012=CARTESIAN_POINT('Origin',(58.2,-20.4943977121,5.675));
#8013=CARTESIAN_POINT('',(25.8974668054437,-41.9176911941742,5.675));
#8014=CARTESIAN_POINT('Origin',(26.8974668054437,-41.9176911941742,5.675));
#8015=CARTESIAN_POINT('',(58.9781800737794,-76.4999999969177,5.675));
#8016=CARTESIAN_POINT('Origin',(59.9781800737794,-76.4999999969177,5.675));
#8017=CARTESIAN_POINT('',(51.4167006909475,-110.997679388944,5.675));
#8018=CARTESIAN_POINT('Origin',(52.4167006909475,-110.997679388944,5.675));
#8019=CARTESIAN_POINT('',(43.6740877222588,-145.5,5.675));
#8020=CARTESIAN_POINT('Origin',(44.6740877222588,-145.5,5.675));
#8021=CARTESIAN_POINT('',(47.5976115722654,-128.494912597244,5.675));
#8022=CARTESIAN_POINT('Origin',(48.5976115722654,-128.494912597244,5.675));
#8023=CARTESIAN_POINT('',(33.5732022523164,-94.0000000018498,5.675));
#8024=CARTESIAN_POINT('Origin',(34.5732022523164,-94.0000000018498,5.675));
#8025=CARTESIAN_POINT('',(43.6711078171159,-59.6140433090186,5.675));
#8026=CARTESIAN_POINT('Origin',(44.6711078171159,-59.6140433090186,5.675));
#8027=CARTESIAN_POINT('',(51.4184237187011,-25.1438512512842,5.675));
#8028=CARTESIAN_POINT('Origin',(52.4184237187011,-25.1438512512842,5.675));
#8029=CARTESIAN_POINT('',(55.1774193675212,-7.57368368806041,5.675));
#8030=CARTESIAN_POINT('Origin',(56.1774193675211,-7.57368368806041,5.675));
#8031=CARTESIAN_POINT('',(47.6055831074687,-42.1594476462459,5.675));
#8032=CARTESIAN_POINT('Origin',(48.6055831074687,-42.1594476462459,5.675));
#8033=CARTESIAN_POINT('',(37.5863105123568,-76.499999998017,5.675));
#8034=CARTESIAN_POINT('Origin',(38.5863105123568,-76.499999998017,5.675));
#8035=CARTESIAN_POINT('',(29.3955961824541,-111.141957143079,5.675));
#8036=CARTESIAN_POINT('Origin',(30.3955961824541,-111.141957143079,5.675));
#8037=CARTESIAN_POINT('',(25.4922288860619,-128.626182780435,5.675));
#8038=CARTESIAN_POINT('Origin',(26.4922288860619,-128.626182780435,5.675));
#8039=CARTESIAN_POINT('',(58.9809052947554,9.56282092242149,5.675));
#8040=CARTESIAN_POINT('Origin',(59.9809052947553,9.56282092242149,5.675));
#8041=CARTESIAN_POINT('',(69.075,-68.5,5.675));
#8042=CARTESIAN_POINT('Origin',(66.5,-68.5,5.675));
#8043=CARTESIAN_POINT('',(15.1708292043769,-140.205431929592,5.675));
#8044=CARTESIAN_POINT('',(26.5174473050601,-143.,5.67499999999118));
#8045=CARTESIAN_POINT('Origin',(20.5,-143.,5.675));
#8046=CARTESIAN_POINT('',(18.943410105958,-137.187367208327,5.675));
#8047=CARTESIAN_POINT('Origin',(16.5,-138.,5.675));
#8048=CARTESIAN_POINT('Origin',(20.5,-143.,5.675));
#8049=CARTESIAN_POINT('',(19.075,-0.078734268853112,5.675));
#8050=CARTESIAN_POINT('Origin',(16.5,-0.0787342688531123,5.675));
#8051=CARTESIAN_POINT('',(69.075,-0.0111789178477792,5.675));
#8052=CARTESIAN_POINT('Origin',(66.5,-0.0111789178477795,5.675));
#8053=CARTESIAN_POINT('',(63.,4.79999999999998,5.675));
#8054=CARTESIAN_POINT('Origin',(61.5,4.79999999999998,5.675));
#8055=CARTESIAN_POINT('',(43.,-72.7,5.675));
#8056=CARTESIAN_POINT('Origin',(41.5,-72.7,5.675));
#8057=CARTESIAN_POINT('',(43.,-52.7,5.675));
#8058=CARTESIAN_POINT('Origin',(41.5,-52.7,5.675));
#8059=CARTESIAN_POINT('',(49.0492881403386,14.467703634486,5.675));
#8060=CARTESIAN_POINT('',(49.0492881403386,3.12029598135425,5.675));
#8061=CARTESIAN_POINT('',(49.0492881403386,13.7225618292678,5.675));
#8062=CARTESIAN_POINT('Origin',(50.5,8.79399980792015,5.675));
#8063=CARTESIAN_POINT('',(34.0902612937182,-13.5265962589203,5.675));
#8064=CARTESIAN_POINT('Origin',(28.7340270078181,-13.5265962589203,5.675));
#8065=CARTESIAN_POINT('',(33.7362501347743,-15.4415399953251,5.675));
#8066=CARTESIAN_POINT('Origin',(28.7340270078181,-13.5265962589203,5.675));
#8067=CARTESIAN_POINT('',(37.4812342859,-20.4943977121,5.675));
#8068=CARTESIAN_POINT('Origin',(32.2,-20.4943977121,5.675));
#8069=CARTESIAN_POINT('',(31.4697726473587,-25.7249047234728,5.675));
#8070=CARTESIAN_POINT('Origin',(32.2,-20.4943977121,5.675));
#8071=CARTESIAN_POINT('',(29.8171953099483,-25.2075365167219,5.675));
#8072=CARTESIAN_POINT('Origin',(30.7929665735688,-24.9887433699088,5.675));
#8073=CARTESIAN_POINT('',(27.2434347515377,-18.671242063149,5.675));
#8074=CARTESIAN_POINT('Origin',(32.2,-20.4943977121,5.675));
#8075=CARTESIAN_POINT('Origin',(28.7340270078181,-13.5265962589203,5.675));
#8076=CARTESIAN_POINT('',(37.4812342859,-86.4943977121,5.675));
#8077=CARTESIAN_POINT('Origin',(32.2,-86.4943977121,5.675));
#8078=CARTESIAN_POINT('',(31.7347338545,-6.70000000000001,5.675));
#8079=CARTESIAN_POINT('Origin',(36.2,-6.70000000000001,5.675));
#8080=CARTESIAN_POINT('',(15.9313588614468,18.7762741957959,5.675));
#8081=CARTESIAN_POINT('Origin',(17.3313588614468,18.7762741957959,5.675));
#8082=CARTESIAN_POINT('',(64.7420045440484,18.7565580044988,5.675));
#8083=CARTESIAN_POINT('Origin',(66.1737866183732,18.7565580044988,5.675));
#8084=CARTESIAN_POINT('',(19.7699458037377,-32.3107927908519,5.675));
#8085=CARTESIAN_POINT('Origin',(16.8309458037377,-32.3107927908519,5.675));
#8086=CARTESIAN_POINT('Origin',(26.8309458037377,-32.3107927908519,5.675));
#8087=CARTESIAN_POINT('',(28.8309458037377,-32.3107927908519,7.675));
#8088=CARTESIAN_POINT('Origin',(26.8309458037377,-32.3107927908519,7.675));
#8089=CARTESIAN_POINT('',(28.8309458037377,-32.3107927908519,5.675));
#8090=CARTESIAN_POINT('Origin',(16.8309458037377,-32.3107927908519,6.1445));
#8091=CARTESIAN_POINT('',(18.8309458037377,-32.3107927908519,6.614));
#8092=CARTESIAN_POINT('',(19.3004458037377,-32.3107927908519,6.1445));
#8093=CARTESIAN_POINT('Origin',(16.8309458037377,-32.3107927908519,6.614));
#8094=CARTESIAN_POINT('Origin',(16.8309458037377,-32.3107927908519,5.675));
#8095=CARTESIAN_POINT('',(18.8309458037377,-32.3107927908519,7.675));
#8096=CARTESIAN_POINT('Origin',(16.8309458037377,-32.3107927908519,7.675));
#8097=CARTESIAN_POINT('',(18.8309458037377,-32.3107927908519,5.675));
#8098=CARTESIAN_POINT('Origin',(26.8309458037377,-32.3107927908519,5.675));
#8099=CARTESIAN_POINT('',(27.7709458037377,-32.3107927908519,7.675));
#8100=CARTESIAN_POINT('Origin',(26.8309458037377,-32.3107927908519,7.675));
#8101=CARTESIAN_POINT('',(27.7709458037377,-32.3107927908519,5.675));
#8102=CARTESIAN_POINT('',(27.7709458037377,-32.3107927908519,5.675));
#8103=CARTESIAN_POINT('Origin',(26.8309458037377,-32.3107927908519,5.675));
#8104=CARTESIAN_POINT('Origin',(26.8309458037377,-32.3107927908519,7.675));
#8105=CARTESIAN_POINT('Origin',(41.5,-62.5,5.675));
#8106=CARTESIAN_POINT('Origin',(16.8309458037377,-32.3107927908519,5.675));
#8107=CARTESIAN_POINT('',(17.7709458037377,-32.3107927908519,7.675));
#8108=CARTESIAN_POINT('Origin',(16.8309458037377,-32.3107927908519,7.675));
#8109=CARTESIAN_POINT('',(17.7709458037377,-32.3107927908519,5.675));
#8110=CARTESIAN_POINT('',(17.7709458037377,-32.3107927908519,5.675));
#8111=CARTESIAN_POINT('Origin',(16.8309458037377,-32.3107927908519,5.675));
#8112=CARTESIAN_POINT('Origin',(16.8309458037377,-32.3107927908519,7.675));
#8113=CARTESIAN_POINT('Origin',(41.5,-62.5,5.675));
#8114=CARTESIAN_POINT('Origin',(20.5,-143.,7.063));
#8115=CARTESIAN_POINT('',(19.075,-138.000000000002,6.49334882551067));
#8116=CARTESIAN_POINT('Ctrl Pts',(15.1708292043693,-140.205431929587,5.67499999999117));
#8117=CARTESIAN_POINT('Ctrl Pts',(15.2155050916699,-140.232357215229,5.72707024864139));
#8118=CARTESIAN_POINT('Ctrl Pts',(15.2605880991858,-140.257675772939,5.77875309307877));
#8119=CARTESIAN_POINT('Ctrl Pts',(15.3059097018604,-140.281397238512,5.82990732650947));
#8120=CARTESIAN_POINT('Ctrl Pts',(15.5300787266151,-140.398727992264,6.0829256211752));
#8121=CARTESIAN_POINT('Ctrl Pts',(15.7923222681626,-140.491845556862,6.35913160922934));
#8122=CARTESIAN_POINT('Ctrl Pts',(16.3482507425772,-140.585937940899,6.89079078221614));
#8123=CARTESIAN_POINT('Ctrl Pts',(16.6416463122087,-140.587484239698,7.14644518761053));
#8124=CARTESIAN_POINT('Ctrl Pts',(17.1113859390964,-140.508247061483,7.4883042321276));
#8125=CARTESIAN_POINT('Ctrl Pts',(17.3170477206392,-140.452083632679,7.6203040687383));
#8126=CARTESIAN_POINT('Ctrl Pts',(17.7261473094976,-140.2752680645,7.809444686371));
#8127=CARTESIAN_POINT('Ctrl Pts',(17.9301425270303,-140.153494960654,7.86432306761836));
#8128=CARTESIAN_POINT('Ctrl Pts',(18.287036967875,-139.867979407978,7.86432306761836));
#8129=CARTESIAN_POINT('Ctrl Pts',(18.4506194340131,-139.695690364888,7.80944468637099));
#8130=CARTESIAN_POINT('Ctrl Pts',(18.7129247761322,-139.335381988285,7.62030406873829));
#8131=CARTESIAN_POINT('Ctrl Pts',(18.8128636343285,-139.147064905298,7.48830423212761));
#8132=CARTESIAN_POINT('Ctrl Pts',(18.9932817750741,-138.706175869406,7.14644518761053));
#8133=CARTESIAN_POINT('Ctrl Pts',(19.0561770964086,-138.419596857834,6.89079078221614));
#8134=CARTESIAN_POINT('Ctrl Pts',(19.0737765777353,-138.091873442609,6.58132393478061));
#8135=CARTESIAN_POINT('Ctrl Pts',(19.0749999999999,-138.045807387309,6.53740202770025));
#8136=CARTESIAN_POINT('Ctrl Pts',(19.075,-138.000000000004,6.49334882551065));
#8137=CARTESIAN_POINT('',(23.7414473050512,-143.,8.451));
#8138=CARTESIAN_POINT('',(25.1294473050512,-143.,7.063));
#8139=CARTESIAN_POINT('Origin',(20.5,-143.,8.451));
#8140=CARTESIAN_POINT('Ctrl Pts',(19.075,-138.000000000004,6.49334882551066));
#8141=CARTESIAN_POINT('Ctrl Pts',(19.0750000000004,-137.766757819058,6.26903860916896));
#8142=CARTESIAN_POINT('Ctrl Pts',(19.0424190268296,-137.540156543432,6.04139139809227));
#8143=CARTESIAN_POINT('Ctrl Pts',(18.9746765371936,-137.286405022537,5.77875309308167));
#8144=CARTESIAN_POINT('Ctrl Pts',(18.9598717752248,-137.236863868392,5.72707024864724));
#8145=CARTESIAN_POINT('Ctrl Pts',(18.943410105958,-137.187367208327,5.67500000000001));
#8146=CARTESIAN_POINT('Origin',(20.5,-143.,5.675));
#8147=CARTESIAN_POINT('',(23.7414473050512,-143.,9.675));
#8148=CARTESIAN_POINT('Origin',(20.5,-143.,9.675));
#8149=CARTESIAN_POINT('',(23.7414473050512,-143.,5.675));
#8150=CARTESIAN_POINT('Origin',(62.5,-143.,9.189));
#8151=CARTESIAN_POINT('',(64.411,-143.,9.675));
#8152=CARTESIAN_POINT('Origin',(62.5,-143.,9.675));
#8153=CARTESIAN_POINT('',(63.925,-143.,9.189));
#8154=CARTESIAN_POINT('Origin',(64.411,-143.,9.189));
#8155=CARTESIAN_POINT('Origin',(62.5,-143.,9.189));
#8156=CARTESIAN_POINT('Origin',(62.5,-143.,5.675));
#8157=CARTESIAN_POINT('',(63.925,-143.,5.675));
#8158=CARTESIAN_POINT('',(63.925,-143.,5.675));
#8159=CARTESIAN_POINT('Origin',(62.5,-143.,5.675));
#8160=CARTESIAN_POINT('Origin',(62.5,-143.,9.675));
#8161=CARTESIAN_POINT('',(65.25,-143.,9.675));
#8162=CARTESIAN_POINT('Origin',(62.5,-143.,9.675));
#8163=CARTESIAN_POINT('Origin',(20.5,-143.,9.189));
#8164=CARTESIAN_POINT('',(22.411,-143.,9.675));
#8165=CARTESIAN_POINT('Origin',(20.5,-143.,9.675));
#8166=CARTESIAN_POINT('',(21.925,-143.,9.189));
#8167=CARTESIAN_POINT('Origin',(22.411,-143.,9.189));
#8168=CARTESIAN_POINT('Origin',(20.5,-143.,9.189));
#8169=CARTESIAN_POINT('Origin',(20.5,-143.,5.675));
#8170=CARTESIAN_POINT('',(21.925,-143.,5.675));
#8171=CARTESIAN_POINT('',(21.925,-143.,5.675));
#8172=CARTESIAN_POINT('Origin',(20.5,-143.,5.675));
#8173=CARTESIAN_POINT('Origin',(20.5,-143.,9.675));
#8174=CARTESIAN_POINT('Origin',(20.5,-95.,9.189));
#8175=CARTESIAN_POINT('',(22.411,-95.,9.675));
#8176=CARTESIAN_POINT('Origin',(20.5,-95.,9.675));
#8177=CARTESIAN_POINT('',(21.925,-95.,9.189));
#8178=CARTESIAN_POINT('Origin',(22.411,-95.,9.189));
#8179=CARTESIAN_POINT('Origin',(20.5,-95.,9.189));
#8180=CARTESIAN_POINT('Origin',(20.5,-95.,5.675));
#8181=CARTESIAN_POINT('',(21.925,-95.,5.675));
#8182=CARTESIAN_POINT('',(21.925,-95.,5.675));
#8183=CARTESIAN_POINT('Origin',(20.5,-95.,5.675));
#8184=CARTESIAN_POINT('Origin',(20.5,-95.,9.675));
#8185=CARTESIAN_POINT('',(23.25,-95.,9.675));
#8186=CARTESIAN_POINT('Origin',(20.5,-95.,9.675));
#8187=CARTESIAN_POINT('Origin',(32.2,-86.4943977121,14.189));
#8188=CARTESIAN_POINT('',(33.611,-86.4943977121,14.675));
#8189=CARTESIAN_POINT('Origin',(32.2,-86.4943977121,14.675));
#8190=CARTESIAN_POINT('',(33.125,-86.4943977121,14.189));
#8191=CARTESIAN_POINT('Origin',(33.611,-86.4943977121,14.189));
#8192=CARTESIAN_POINT('Origin',(32.2,-86.4943977121,14.189));
#8193=CARTESIAN_POINT('Origin',(32.2,-86.4943977121,5.675));
#8194=CARTESIAN_POINT('',(33.125,-86.4943977121,5.675));
#8195=CARTESIAN_POINT('',(33.125,-86.4943977121,5.675));
#8196=CARTESIAN_POINT('Origin',(32.2,-86.4943977121,5.675));
#8197=CARTESIAN_POINT('Origin',(32.2,-86.4943977121,14.675));
#8198=CARTESIAN_POINT('',(34.625,-86.4943977121,14.675));
#8199=CARTESIAN_POINT('Origin',(32.2,-86.4943977121,14.675));
#8200=CARTESIAN_POINT('Origin',(58.2,-86.4943977121,14.189));
#8201=CARTESIAN_POINT('',(59.611,-86.4943977121,14.675));
#8202=CARTESIAN_POINT('Origin',(58.2,-86.4943977121,14.675));
#8203=CARTESIAN_POINT('',(59.125,-86.4943977121,14.189));
#8204=CARTESIAN_POINT('Origin',(59.611,-86.4943977121,14.189));
#8205=CARTESIAN_POINT('Origin',(58.2,-86.4943977121,14.189));
#8206=CARTESIAN_POINT('Origin',(58.2,-86.4943977121,5.675));
#8207=CARTESIAN_POINT('',(59.125,-86.4943977121,5.675));
#8208=CARTESIAN_POINT('',(59.125,-86.4943977121,5.675));
#8209=CARTESIAN_POINT('Origin',(58.2,-86.4943977121,5.675));
#8210=CARTESIAN_POINT('Origin',(58.2,-86.4943977121,14.675));
#8211=CARTESIAN_POINT('',(60.625,-86.4943977121,14.675));
#8212=CARTESIAN_POINT('Origin',(58.2,-86.4943977121,14.675));
#8213=CARTESIAN_POINT('Origin',(32.2,-20.4943977121,14.189));
#8214=CARTESIAN_POINT('',(33.611,-20.4943977121,14.675));
#8215=CARTESIAN_POINT('Origin',(32.2,-20.4943977121,14.675));
#8216=CARTESIAN_POINT('',(33.125,-20.4943977121,14.189));
#8217=CARTESIAN_POINT('Origin',(33.611,-20.4943977121,14.189));
#8218=CARTESIAN_POINT('Origin',(32.2,-20.4943977121,14.189));
#8219=CARTESIAN_POINT('Origin',(32.2,-20.4943977121,5.675));
#8220=CARTESIAN_POINT('',(33.125,-20.4943977121,5.675));
#8221=CARTESIAN_POINT('',(33.125,-20.4943977121,5.675));
#8222=CARTESIAN_POINT('Origin',(32.2,-20.4943977121,5.675));
#8223=CARTESIAN_POINT('Origin',(32.2,-20.4943977121,14.675));
#8224=CARTESIAN_POINT('',(34.625,-20.4943977121,14.675));
#8225=CARTESIAN_POINT('Origin',(32.2,-20.4943977121,14.675));
#8226=CARTESIAN_POINT('Origin',(31.5,8.79399980792009,19.989));
#8227=CARTESIAN_POINT('',(32.8622223702642,8.79399980792009,20.475));
#8228=CARTESIAN_POINT('Origin',(31.5,8.79399980792009,20.475));
#8229=CARTESIAN_POINT('',(32.3762223702642,8.79399980792009,19.989));
#8230=CARTESIAN_POINT('Origin',(32.8622223702642,8.79399980792009,19.989));
#8231=CARTESIAN_POINT('',(30.6237776297358,8.79399980792009,19.989));
#8232=CARTESIAN_POINT('Origin',(31.5,8.79399980792009,19.989));
#8233=CARTESIAN_POINT('Origin',(31.5,8.79399980792009,19.989));
#8234=CARTESIAN_POINT('Origin',(30.9650114980005,8.79399980792009,20.475));
#8235=CARTESIAN_POINT('',(33.300022996001,6.39401705509298,20.475));
#8236=CARTESIAN_POINT('',(33.300022996001,11.1939825607472,20.475));
#8237=CARTESIAN_POINT('',(33.300022996001,11.258280818594,20.475));
#8238=CARTESIAN_POINT('Origin',(31.5,8.79399980792009,20.475));
#8239=CARTESIAN_POINT('Origin',(31.5,8.79399980792009,5.675));
#8240=CARTESIAN_POINT('',(30.6237776297358,8.79399980792009,5.675));
#8241=CARTESIAN_POINT('',(30.6237776297358,8.79399980792009,5.675));
#8242=CARTESIAN_POINT('Origin',(31.5,8.79399980792009,5.675));
#8243=CARTESIAN_POINT('Origin',(50.5,8.79399980792015,19.989));
#8244=CARTESIAN_POINT('',(51.907954425122,8.79399980792015,20.475));
#8245=CARTESIAN_POINT('Origin',(50.5,8.79399980792015,20.475));
#8246=CARTESIAN_POINT('',(51.421954425122,8.79399980792015,19.989));
#8247=CARTESIAN_POINT('Origin',(51.907954425122,8.79399980792015,19.989));
#8248=CARTESIAN_POINT('',(49.578045574878,8.79399980792015,19.989));
#8249=CARTESIAN_POINT('Origin',(50.5,8.79399980792015,19.989));
#8250=CARTESIAN_POINT('Origin',(50.5,8.79399980792015,19.989));
#8251=CARTESIAN_POINT('Origin',(51.2096440701693,8.79399980792015,20.475));
#8252=CARTESIAN_POINT('',(49.0492881403386,11.4199158576517,20.475));
#8253=CARTESIAN_POINT('',(49.0492881403386,6.16808375818858,20.475));
#8254=CARTESIAN_POINT('',(49.0492881403386,7.39699994866356,20.475));
#8255=CARTESIAN_POINT('Origin',(50.5,8.79399980792015,20.475));
#8256=CARTESIAN_POINT('Origin',(50.5,8.79399980792015,5.675));
#8257=CARTESIAN_POINT('',(49.578045574878,8.79399980792015,5.675));
#8258=CARTESIAN_POINT('',(49.578045574878,8.79399980792015,5.675));
#8259=CARTESIAN_POINT('Origin',(50.5,8.79399980792015,5.675));
#8260=CARTESIAN_POINT('Origin',(58.2,-20.4943977121,14.189));
#8261=CARTESIAN_POINT('',(59.611,-20.4943977121,14.675));
#8262=CARTESIAN_POINT('Origin',(58.2,-20.4943977121,14.675));
#8263=CARTESIAN_POINT('',(59.125,-20.4943977121,14.189));
#8264=CARTESIAN_POINT('Origin',(59.611,-20.4943977121,14.189));
#8265=CARTESIAN_POINT('Origin',(58.2,-20.4943977121,14.189));
#8266=CARTESIAN_POINT('Origin',(58.2,-20.4943977121,5.675));
#8267=CARTESIAN_POINT('',(59.125,-20.4943977121,5.675));
#8268=CARTESIAN_POINT('',(59.125,-20.4943977121,5.675));
#8269=CARTESIAN_POINT('Origin',(58.2,-20.4943977121,5.675));
#8270=CARTESIAN_POINT('Origin',(58.2,-20.4943977121,14.675));
#8271=CARTESIAN_POINT('',(60.625,-20.4943977121,14.675));
#8272=CARTESIAN_POINT('Origin',(58.2,-20.4943977121,14.675));
#8273=CARTESIAN_POINT('Origin',(36.2,-6.70000000000001,13.189));
#8274=CARTESIAN_POINT('',(38.111,-6.70000000000001,13.675));
#8275=CARTESIAN_POINT('Origin',(36.2,-6.70000000000001,13.675));
#8276=CARTESIAN_POINT('',(37.625,-6.70000000000001,13.189));
#8277=CARTESIAN_POINT('Origin',(38.111,-6.70000000000001,13.189));
#8278=CARTESIAN_POINT('Origin',(36.2,-6.70000000000001,13.189));
#8279=CARTESIAN_POINT('Origin',(36.2,-6.70000000000001,13.675));
#8280=CARTESIAN_POINT('',(38.875,-6.70000000000001,13.675));
#8281=CARTESIAN_POINT('Origin',(36.2,-6.70000000000001,13.675));
#8282=CARTESIAN_POINT('Origin',(36.2,-6.70000000000001,5.675));
#8283=CARTESIAN_POINT('',(37.625,-6.70000000000001,5.675));
#8284=CARTESIAN_POINT('',(37.625,-6.70000000000001,5.675));
#8285=CARTESIAN_POINT('Origin',(36.2,-6.70000000000001,5.675));
#8286=CARTESIAN_POINT('Origin',(36.2,-6.70000000000001,5.675));
#8287=CARTESIAN_POINT('Origin',(36.2,13.3,13.189));
#8288=CARTESIAN_POINT('',(38.111,13.3,13.675));
#8289=CARTESIAN_POINT('Origin',(36.2,13.3,13.675));
#8290=CARTESIAN_POINT('',(37.625,13.3,13.189));
#8291=CARTESIAN_POINT('Origin',(38.111,13.3,13.189));
#8292=CARTESIAN_POINT('Origin',(36.2,13.3,13.189));
#8293=CARTESIAN_POINT('Origin',(36.2,13.3,5.675));
#8294=CARTESIAN_POINT('',(37.625,13.3,5.675));
#8295=CARTESIAN_POINT('',(37.625,13.3,5.675));
#8296=CARTESIAN_POINT('Origin',(36.2,13.3,5.675));
#8297=CARTESIAN_POINT('Origin',(36.2,13.3,13.675));
#8298=CARTESIAN_POINT('',(38.875,13.3,13.675));
#8299=CARTESIAN_POINT('Origin',(36.2,13.3,13.675));
#8300=CARTESIAN_POINT('Origin',(22.5719545308765,-145.513509797457,5.542));
#8301=CARTESIAN_POINT('',(21.5719545308765,-145.513509797457,5.542));
#8302=CARTESIAN_POINT('Origin',(22.5719545308765,-145.513509797457,5.542));
#8303=CARTESIAN_POINT('Origin',(66.1737866183732,18.7565580044988,5.675));
#8304=CARTESIAN_POINT('',(64.7420045440484,18.7565580044988,-6.97499999999999));
#8305=CARTESIAN_POINT('',(64.7420045440484,18.7565580044988,5.675));
#8306=CARTESIAN_POINT('Origin',(66.1737866183732,18.7565580044988,-6.97499999999999));
#8307=CARTESIAN_POINT('Origin',(17.3313588614468,18.7762741957959,5.675));
#8308=CARTESIAN_POINT('',(15.9313588614468,18.7762741957959,-6.975));
#8309=CARTESIAN_POINT('',(15.9313588614468,18.7762741957959,5.675));
#8310=CARTESIAN_POINT('Origin',(17.3313588614468,18.7762741957959,-6.975));
#8311=CARTESIAN_POINT('Origin',(28.6607127370454,22.20231602215,2.51255543004549));
#8312=CARTESIAN_POINT('',(28.9730287591954,21.89,3.87511101798063));
#8313=CARTESIAN_POINT('',(28.3483967148954,22.5146320443,3.87511101798063));
#8314=CARTESIAN_POINT('',(29.0982127370454,21.76481602215,3.87511101798063));
#8315=CARTESIAN_POINT('',(28.3483967148954,22.5146320443,2.51255543004549));
#8316=CARTESIAN_POINT('',(28.9730287591954,21.89,2.51255543004549));
#8317=CARTESIAN_POINT('Origin',(28.3483967148954,19.89,5.67511086009097));
#8318=CARTESIAN_POINT('',(28.3483967148954,24.89,3.87511101798063));
#8319=CARTESIAN_POINT('',(28.3483967148954,19.89,3.87511101798063));
#8320=CARTESIAN_POINT('',(28.3483967148954,24.89,3.87511103684556));
#8321=CARTESIAN_POINT('Origin',(24.3477994365032,22.20231602215,1.61255551814223));
#8322=CARTESIAN_POINT('',(24.6601154586532,22.5146320443,3.87511103481556));
#8323=CARTESIAN_POINT('',(24.0354834143532,21.89,3.87511103787396));
#8324=CARTESIAN_POINT('',(24.7073697533333,22.5618863389801,3.87511103458419));
#8325=CARTESIAN_POINT('',(24.0354834143532,21.89,1.61255551814223));
#8326=CARTESIAN_POINT('',(24.6601154586532,22.5146320443,1.61255551814223));
#8327=CARTESIAN_POINT('Origin',(41.5,21.89,-0.650000000000001));
#8328=CARTESIAN_POINT('',(54.0346240424743,21.89,3.87511089098858));
#8329=CARTESIAN_POINT('',(54.0346240424743,21.89,1.61255544469954));
#8330=CARTESIAN_POINT('',(58.0992560867744,21.89,3.87511087108684));
#8331=CARTESIAN_POINT('',(49.7996280544654,21.89,3.87511091172447));
#8332=CARTESIAN_POINT('',(58.9738881310744,21.89,3.87511087108684));
#8333=CARTESIAN_POINT('',(49.7996280433872,21.89,3.87511087108684));
#8334=CARTESIAN_POINT('',(58.9738881310744,21.89,2.5125));
#8335=CARTESIAN_POINT('',(70.5,21.89,-6.975));
#8336=CARTESIAN_POINT('',(70.5,21.89,-0.325));
#8337=CARTESIAN_POINT('',(62.345,21.89,-6.975));
#8338=CARTESIAN_POINT('',(41.5,21.89,-6.97499999999999));
#8339=CARTESIAN_POINT('',(62.345,21.89,1.875));
#8340=CARTESIAN_POINT('',(62.345,21.89,-0.325));
#8341=CARTESIAN_POINT('Origin',(60.345,21.89,1.875));
#8342=CARTESIAN_POINT('',(20.7550009858096,21.89,1.875));
#8343=CARTESIAN_POINT('Origin',(22.755,21.89,1.875));
#8344=CARTESIAN_POINT('',(20.7550009858096,21.89,-6.975));
#8345=CARTESIAN_POINT('',(20.755,21.89,-0.325));
#8346=CARTESIAN_POINT('',(12.5,21.89,-6.975));
#8347=CARTESIAN_POINT('',(41.5,21.89,-6.975));
#8348=CARTESIAN_POINT('',(12.5,21.89,-0.325));
#8349=CARTESIAN_POINT('',(28.0983967148954,21.89,3.87511101798063));
#8350=CARTESIAN_POINT('',(34.7991983685259,21.89,3.87511098517137));
#8351=CARTESIAN_POINT('',(34.7991983574477,21.89,3.87511101798063));
#8352=CARTESIAN_POINT('Origin',(54.3469400646243,22.20231602215,1.61255544469954));
#8353=CARTESIAN_POINT('',(54.6592560867743,22.5146320443,3.87511088793018));
#8354=CARTESIAN_POINT('',(54.7069400673939,22.5623160249195,3.87511088769671));
#8355=CARTESIAN_POINT('',(54.6592560867743,22.5146320443,1.61255544469954));
#8356=CARTESIAN_POINT('Origin',(58.6615721089244,22.20231602215,2.5125));
#8357=CARTESIAN_POINT('',(58.3492560867744,22.5146320443,3.87511087108684));
#8358=CARTESIAN_POINT('',(59.0990721089244,21.76481602215,3.87511087108684));
#8359=CARTESIAN_POINT('',(58.3492560867744,22.5146320443,2.5125));
#8360=CARTESIAN_POINT('Origin',(58.3492560867744,19.89,5.675));
#8361=CARTESIAN_POINT('',(58.3492560867744,24.89,3.87511087108684));
#8362=CARTESIAN_POINT('',(58.3492560867744,19.89,3.87511087108684));
#8363=CARTESIAN_POINT('',(58.3492560867744,24.89,3.87511088923395));
#8364=CARTESIAN_POINT('Origin',(58.0992560867744,19.89,3.87511087108684));
#8365=CARTESIAN_POINT('',(58.0992560867744,24.89,3.87511087108684));
#8366=CARTESIAN_POINT('',(58.0992560867744,19.89,3.87511087108684));
#8367=CARTESIAN_POINT('',(58.0992560867744,24.89,3.87511087108684));
#8368=CARTESIAN_POINT('Origin',(28.0983967148954,19.89,3.87511101798063));
#8369=CARTESIAN_POINT('',(28.0983967148954,24.89,3.87511101798063));
#8370=CARTESIAN_POINT('',(28.0983967148954,19.89,3.87511101798063));
#8371=CARTESIAN_POINT('',(28.0983967148954,24.89,3.87511101798063));
#8372=CARTESIAN_POINT('Origin',(24.6601154586532,19.89,3.87511103628445));
#8373=CARTESIAN_POINT('',(24.6601154586532,24.89,3.87511103628445));
#8374=CARTESIAN_POINT('',(24.6601154586532,24.89,3.61261094818771));
#8375=CARTESIAN_POINT('',(24.6601154586532,19.89,3.87511103481556));
#8376=CARTESIAN_POINT('Origin',(28.0983967148954,19.89,3.87511101798063));
#8377=CARTESIAN_POINT('',(60.3449999999987,24.89,3.87511086009096));
#8378=CARTESIAN_POINT('Origin',(41.4999999999991,24.89,3.35011086009097));
#8379=CARTESIAN_POINT('Origin',(54.6592560867743,19.89,3.87511088939908));
#8380=CARTESIAN_POINT('',(54.6592560867743,24.89,3.87511088939908));
#8381=CARTESIAN_POINT('',(54.6592560867744,24.89,4.32508316247125));
#8382=CARTESIAN_POINT('',(54.6592560867743,19.89,3.87511088793018));
#8383=CARTESIAN_POINT('Origin',(58.0992560867744,19.89,3.87511087108684));
#8384=CARTESIAN_POINT('',(60.3449999999987,24.89,3.87511086009096));
#8385=CARTESIAN_POINT('Origin',(56.2292560867744,24.89,4.77505543554342));
#8386=CARTESIAN_POINT('Origin',(36.2,13.3,6.5385));
#8387=CARTESIAN_POINT('',(37.5824286544143,9.6500718478311,6.17404155271972));
#8388=CARTESIAN_POINT('Ctrl Pts',(39.3788054079916,10.2548727156121,5.675));
#8389=CARTESIAN_POINT('Ctrl Pts',(39.3456870188221,10.2984816412863,5.7290826088163));
#8390=CARTESIAN_POINT('Ctrl Pts',(39.3096983569614,10.3383864840856,5.78265738570674));
#8391=CARTESIAN_POINT('Ctrl Pts',(39.1914076864238,10.4510441146519,5.94601106476247));
#8392=CARTESIAN_POINT('Ctrl Pts',(39.0902972693253,10.5204238820443,6.06728487756174));
#8393=CARTESIAN_POINT('Ctrl Pts',(38.8618208626268,10.6182574221745,6.29877459569819));
#8394=CARTESIAN_POINT('Ctrl Pts',(38.7345732040644,10.6469140101478,6.40902151620644));
#8395=CARTESIAN_POINT('Ctrl Pts',(38.5189590164133,10.6517448773287,6.55749079082293));
#8396=CARTESIAN_POINT('Ctrl Pts',(38.4206516058187,10.6422035920102,6.61487512803233));
#8397=CARTESIAN_POINT('Ctrl Pts',(38.2228248456145,10.5887850353746,6.69563340100501));
#8398=CARTESIAN_POINT('Ctrl Pts',(38.1231523773847,10.5444647835628,6.71833716964558));
#8399=CARTESIAN_POINT('Ctrl Pts',(37.9485124790143,10.430471553304,6.71833716964558));
#8400=CARTESIAN_POINT('Ctrl Pts',(37.8678254622972,10.3570652117729,6.69563340100501));
#8401=CARTESIAN_POINT('Ctrl Pts',(37.7393058560505,10.1974667153635,6.61487512803233));
#8402=CARTESIAN_POINT('Ctrl Pts',(37.6910061216262,10.1113126744955,6.55749079082292));
#8403=CARTESIAN_POINT('Ctrl Pts',(37.6086512757788,9.91198757682949,6.40902151620644));
#8404=CARTESIAN_POINT('Ctrl Pts',(37.5836717828848,9.78396729883154,6.29877459569819));
#8405=CARTESIAN_POINT('Ctrl Pts',(37.5824440874252,9.65648957502373,6.180037271909));
#8406=CARTESIAN_POINT('Ctrl Pts',(37.5824286543236,9.65327934586467,6.17704112548991));
#8407=CARTESIAN_POINT('Ctrl Pts',(37.5824286544143,9.65007183884165,6.1740415623322));
#8408=CARTESIAN_POINT('',(38.875,13.3,7.402));
#8409=CARTESIAN_POINT('',(39.7385,13.3,6.5385));
#8410=CARTESIAN_POINT('Origin',(36.2,13.3,7.402));
#8411=CARTESIAN_POINT('',(33.300022996001,12.804785790506,7.13504423265613));
#8412=CARTESIAN_POINT('Ctrl Pts',(33.300022996001,12.804785790506,7.13504423265613));
#8413=CARTESIAN_POINT('Ctrl Pts',(33.1434856127382,13.0068826489816,7.0147590877722));
#8414=CARTESIAN_POINT('Ctrl Pts',(32.9977770405125,13.2029145820773,6.87826826188062));
#8415=CARTESIAN_POINT('Ctrl Pts',(32.5594836161817,13.8064229464978,6.42481332821625));
#8416=CARTESIAN_POINT('Ctrl Pts',(32.2777328016222,14.217840603533,6.06062220830418));
#8417=CARTESIAN_POINT('Ctrl Pts',(32.0032740195225,14.6285687956538,5.675));
#8418=CARTESIAN_POINT('Ctrl Pts',(33.300022996001,9.98824255473368,5.675));
#8419=CARTESIAN_POINT('Ctrl Pts',(33.300022996001,11.6764911930222,6.94512039920791));
#8420=CARTESIAN_POINT('Ctrl Pts',(33.300022996001,12.804785790506,7.13504423265613));
#8421=CARTESIAN_POINT('Ctrl Pts',(37.5824286544143,9.65007183884165,6.1740415623322));
#8422=CARTESIAN_POINT('Ctrl Pts',(37.5824286578293,9.52921691473937,6.0610217076088));
#8423=CARTESIAN_POINT('Ctrl Pts',(37.6050765656175,9.41224547115767,5.94313069488386));
#8424=CARTESIAN_POINT('Ctrl Pts',(37.6419648318085,9.31017806255205,5.83460189648435));
#8425=CARTESIAN_POINT('Ctrl Pts',(37.659620449202,9.26132612938275,5.78265738570674));
#8426=CARTESIAN_POINT('Ctrl Pts',(37.6816665700829,9.21232052954494,5.72908260881629));
#8427=CARTESIAN_POINT('Ctrl Pts',(37.7082587239167,9.1644517144967,5.675));
#8428=CARTESIAN_POINT('Origin',(33.300022996001,13.7225618292678,5.675));
#8429=CARTESIAN_POINT('',(33.300022996001,11.1939825607472,8.5312342859));
#8430=CARTESIAN_POINT('Ctrl Pts',(33.300022996001,11.1939825607472,8.5312342859));
#8431=CARTESIAN_POINT('Ctrl Pts',(33.300022996001,11.8473472869764,8.00854626114812));
#8432=CARTESIAN_POINT('Ctrl Pts',(33.300022996001,12.804785790506,7.13504423265613));
#8433=CARTESIAN_POINT('',(33.300022996001,11.1939825607472,5.675));
#8434=CARTESIAN_POINT('',(33.300022996001,6.39401705509298,8.5312342859));
#8435=CARTESIAN_POINT('',(33.300022996001,6.39401705509298,5.675));
#8436=CARTESIAN_POINT('Ctrl Pts',(33.300022996001,3.22126284793191,5.675));
#8437=CARTESIAN_POINT('Ctrl Pts',(33.300022996001,5.3192642522412,7.67143822243438));
#8438=CARTESIAN_POINT('Ctrl Pts',(33.300022996001,6.39401705509298,8.5312342859));
#8439=CARTESIAN_POINT('Origin',(31.5,8.79399980792009,7.10311714295));
#8440=CARTESIAN_POINT('Origin',(31.5,8.79399980792009,8.5312342859));
#8441=CARTESIAN_POINT('Origin',(36.2,13.3,5.675));
#8442=CARTESIAN_POINT('',(38.875,13.3,5.675));
#8443=CARTESIAN_POINT('Origin',(36.2,-6.70000000000001,6.57013307275));
#8444=CARTESIAN_POINT('',(33.525,-6.70000000000001,7.4652661455));
#8445=CARTESIAN_POINT('',(32.62986692725,-6.70000000000001,6.57013307275));
#8446=CARTESIAN_POINT('',(38.875,-6.70000000000001,7.4652661455));
#8447=CARTESIAN_POINT('Origin',(36.2,-6.70000000000001,7.4652661455));
#8448=CARTESIAN_POINT('Origin',(36.2,-6.70000000000001,7.4652661455));
#8449=CARTESIAN_POINT('Origin',(36.2,-6.70000000000001,5.675));
#8450=CARTESIAN_POINT('',(38.875,-6.70000000000001,5.675));
#8451=CARTESIAN_POINT('Origin',(41.5,-62.5,5.675));
#8452=CARTESIAN_POINT('Origin',(62.5,-143.,7.10311714295));
#8453=CARTESIAN_POINT('Ctrl Pts',(63.9583726566157,-137.586774338452,5.675));
#8454=CARTESIAN_POINT('Ctrl Pts',(63.9297464626655,-137.762845488072,5.85245610924616));
#8455=CARTESIAN_POINT('Ctrl Pts',(63.918566419343,-137.949290880014,6.03547123443542));
#8456=CARTESIAN_POINT('Ctrl Pts',(63.9438229035914,-138.419596857833,6.47957776306492));
#8457=CARTESIAN_POINT('Ctrl Pts',(64.0067182249259,-138.706175869406,6.73523216845931));
#8458=CARTESIAN_POINT('Ctrl Pts',(64.1871363656715,-139.147064905298,7.07709121297639));
#8459=CARTESIAN_POINT('Ctrl Pts',(64.2870752238678,-139.335381988285,7.20909104958708));
#8460=CARTESIAN_POINT('Ctrl Pts',(64.5493805659869,-139.695690364888,7.39823166721977));
#8461=CARTESIAN_POINT('Ctrl Pts',(64.712963032125,-139.867979407978,7.45311004846716));
#8462=CARTESIAN_POINT('Ctrl Pts',(65.0698574729697,-140.153494960654,7.45311004846715));
#8463=CARTESIAN_POINT('Ctrl Pts',(65.2738526905024,-140.2752680645,7.39823166721977));
#8464=CARTESIAN_POINT('Ctrl Pts',(65.6829522793609,-140.452083632679,7.20909104958708));
#8465=CARTESIAN_POINT('Ctrl Pts',(65.8886140609037,-140.508247061483,7.0770912129764));
#8466=CARTESIAN_POINT('Ctrl Pts',(66.3583536877914,-140.587484239698,6.73523216845932));
#8467=CARTESIAN_POINT('Ctrl Pts',(66.6517492574228,-140.585937940899,6.47957776306493));
#8468=CARTESIAN_POINT('Ctrl Pts',(67.1161284640329,-140.507340515766,6.03547123443542));
#8469=CARTESIAN_POINT('Ctrl Pts',(67.2955722515398,-140.455506119171,5.85245610924618));
#8470=CARTESIAN_POINT('Ctrl Pts',(67.4610651842039,-140.388928360523,5.675));
#8471=CARTESIAN_POINT('',(65.25,-143.,8.5312342859));
#8472=CARTESIAN_POINT('',(66.67811714295,-143.,7.10311714295));
#8473=CARTESIAN_POINT('Origin',(62.5,-143.,8.5312342859));
#8474=CARTESIAN_POINT('Origin',(62.5,-143.,5.675));
#8475=CARTESIAN_POINT('',(65.25,-143.,5.675));
#8476=CARTESIAN_POINT('Origin',(62.5,-95.,7.10311714295));
#8477=CARTESIAN_POINT('Ctrl Pts',(56.9021937746846,-94.6927080667816,5.675));
#8478=CARTESIAN_POINT('Ctrl Pts',(56.9603171057701,-94.6321599014422,5.72971715346929));
#8479=CARTESIAN_POINT('Ctrl Pts',(57.0170062174197,-94.5571013216168,5.78111052542084));
#8480=CARTESIAN_POINT('Ctrl Pts',(57.1140534543758,-94.3755306741696,5.86013938538655));
#8481=CARTESIAN_POINT('Ctrl Pts',(57.1512132198093,-94.2657465620102,5.8834192438558));
#8482=CARTESIAN_POINT('Ctrl Pts',(57.1857928756289,-94.0471879668971,5.8834192438558));
#8483=CARTESIAN_POINT('Ctrl Pts',(57.1843391027347,-93.9312945417424,5.86013938538654));
#8484=CARTESIAN_POINT('Ctrl Pts',(57.1480838479653,-93.7286331919072,5.78111052542064));
#8485=CARTESIAN_POINT('Ctrl Pts',(57.117334609931,-93.6397403904808,5.72971715346876));
#8486=CARTESIAN_POINT('Ctrl Pts',(57.0807417509658,-93.5642065264512,5.67499999999916));
#8487=CARTESIAN_POINT('',(65.25,-95.,8.5312342859));
#8488=CARTESIAN_POINT('',(66.67811714295,-95.,7.10311714295));
#8489=CARTESIAN_POINT('Origin',(62.5,-95.,8.5312342859));
#8490=CARTESIAN_POINT('Ctrl Pts',(57.9190573908304,-91.768154137355,5.675));
#8491=CARTESIAN_POINT('Ctrl Pts',(58.0715353586511,-91.6942007300156,5.75695997219851));
#8492=CARTESIAN_POINT('Ctrl Pts',(58.2257258789487,-91.6191879594255,5.83385374233829));
#8493=CARTESIAN_POINT('Ctrl Pts',(58.9660748587009,-91.2576882583634,6.16840076118588));
#8494=CARTESIAN_POINT('Ctrl Pts',(59.5804752375172,-90.9541458666352,6.35335732599616));
#8495=CARTESIAN_POINT('Ctrl Pts',(60.9728941798701,-90.250209655012,6.35335732599616));
#8496=CARTESIAN_POINT('Ctrl Pts',(61.5816034587685,-89.9354099999159,6.16840076118587));
#8497=CARTESIAN_POINT('Ctrl Pts',(62.3116584174619,-89.5535482409306,5.83385374233828));
#8498=CARTESIAN_POINT('Ctrl Pts',(62.4634829204754,-89.4738553768463,5.75695997219851));
#8499=CARTESIAN_POINT('Ctrl Pts',(62.6134389810942,-89.3949135184219,5.675));
#8500=CARTESIAN_POINT('Origin',(58.2,-86.4943977121,7.10311714295));
#8501=CARTESIAN_POINT('',(60.625,-86.4943977121,8.5312342859));
#8502=CARTESIAN_POINT('',(62.05311714295,-86.4943977121,7.10311714295));
#8503=CARTESIAN_POINT('Origin',(58.2,-86.4943977121,8.5312342859));
#8504=CARTESIAN_POINT('Origin',(62.5,-95.,5.675));
#8505=CARTESIAN_POINT('',(65.25,-95.,9.675));
#8506=CARTESIAN_POINT('Origin',(62.5,-95.,9.675));
#8507=CARTESIAN_POINT('',(65.25,-95.,5.675));
#8508=CARTESIAN_POINT('Origin',(20.5,-95.,7.10311714295));
#8509=CARTESIAN_POINT('',(23.25,-95.,8.5312342859));
#8510=CARTESIAN_POINT('',(24.67811714295,-95.,7.10311714295));
#8511=CARTESIAN_POINT('Origin',(20.5,-95.,8.5312342859));
#8512=CARTESIAN_POINT('Origin',(20.5,-95.,5.675));
#8513=CARTESIAN_POINT('',(23.25,-95.,5.675));
#8514=CARTESIAN_POINT('Origin',(32.2,-86.4943977121,7.10311714295));
#8515=CARTESIAN_POINT('',(34.625,-86.4943977121,8.5312342859));
#8516=CARTESIAN_POINT('',(36.05311714295,-86.4943977121,7.10311714295));
#8517=CARTESIAN_POINT('Origin',(32.2,-86.4943977121,8.5312342859));
#8518=CARTESIAN_POINT('Origin',(32.2,-86.4943977121,5.675));
#8519=CARTESIAN_POINT('',(34.625,-86.4943977121,5.675));
#8520=CARTESIAN_POINT('Origin',(58.2,-86.4943977121,5.675));
#8521=CARTESIAN_POINT('',(60.625,-86.4943977121,5.675));
#8522=CARTESIAN_POINT('Origin',(32.2,-20.4943977121,7.10311714295));
#8523=CARTESIAN_POINT('',(29.7929665735688,-24.9887433699112,5.8579058531815));
#8524=CARTESIAN_POINT('Ctrl Pts',(31.4697726473587,-25.7249047234728,5.675));
#8525=CARTESIAN_POINT('Ctrl Pts',(31.5466751937913,-25.6542026820473,5.75565611999534));
#8526=CARTESIAN_POINT('Ctrl Pts',(31.6112529109162,-25.5723014649607,5.84447259135987));
#8527=CARTESIAN_POINT('Ctrl Pts',(31.7356076045253,-25.3546938255018,6.07417138069122));
#8528=CARTESIAN_POINT('Ctrl Pts',(31.7769516729533,-25.2120825176324,6.21961948085526));
#8529=CARTESIAN_POINT('Ctrl Pts',(31.799033780716,-24.9658306886899,6.46685941035853));
#8530=CARTESIAN_POINT('Ctrl Pts',(31.7901128591556,-24.8421204152649,6.58947641841643));
#8531=CARTESIAN_POINT('Ctrl Pts',(31.7228089536972,-24.5999088732034,6.82334095617994));
#8532=CARTESIAN_POINT('Ctrl Pts',(31.6646562327182,-24.4813712795144,6.93461707276475));
#8533=CARTESIAN_POINT('Ctrl Pts',(31.5309878637426,-24.3083515569901,7.08456906470119));
#8534=CARTESIAN_POINT('Ctrl Pts',(31.4605225023683,-24.2369590061958,7.14251704300327));
#8535=CARTESIAN_POINT('Ctrl Pts',(31.2915824372429,-24.1157067125738,7.22394968376003));
#8536=CARTESIAN_POINT('Ctrl Pts',(31.1926739709915,-24.066018438119,7.24678782639339));
#8537=CARTESIAN_POINT('Ctrl Pts',(30.9907958244675,-24.002816957447,7.24678782639339));
#8538=CARTESIAN_POINT('Ctrl Pts',(30.8812105260539,-23.9872326163929,7.22394968376003));
#8539=CARTESIAN_POINT('Ctrl Pts',(30.6732870286946,-23.990501187802,7.14251704300327));
#8540=CARTESIAN_POINT('Ctrl Pts',(30.5746902836165,-24.0089658925799,7.08456906470119));
#8541=CARTESIAN_POINT('Ctrl Pts',(30.3662215071396,-24.0748736044293,6.93461707276475));
#8542=CARTESIAN_POINT('Ctrl Pts',(30.2508550836385,-24.1390879984808,6.82334095617994));
#8543=CARTESIAN_POINT('Ctrl Pts',(30.0574467943685,-24.2996790332224,6.58947641841643));
#8544=CARTESIAN_POINT('Ctrl Pts',(29.9795733696619,-24.396216820212,6.46685941035853));
#8545=CARTESIAN_POINT('Ctrl Pts',(29.9238435405672,-24.4941474201619,6.35418192255608));
#8546=CARTESIAN_POINT('Ctrl Pts',(29.8572895019139,-24.611098737621,6.21961948085526));
#8547=CARTESIAN_POINT('Ctrl Pts',(29.8099292965628,-24.751826588722,6.07417138069123));
#8548=CARTESIAN_POINT('Ctrl Pts',(29.7942640129233,-24.930131835756,5.91013004191916));
#8549=CARTESIAN_POINT('Ctrl Pts',(29.7929665735687,-24.9593500178675,5.8838170681768));
#8550=CARTESIAN_POINT('Ctrl Pts',(29.7929665735688,-24.9887433699137,5.8579058531815));
#8551=CARTESIAN_POINT('',(34.625,-20.4943977121,8.5312342859));
#8552=CARTESIAN_POINT('',(36.05311714295,-20.4943977121,7.10311714295));
#8553=CARTESIAN_POINT('Origin',(32.2,-20.4943977121,8.5312342859));
#8554=CARTESIAN_POINT('Ctrl Pts',(27.2434347515377,-18.671242063149,5.675));
#8555=CARTESIAN_POINT('Ctrl Pts',(27.6790178999976,-18.4509893393535,6.00777094022882));
#8556=CARTESIAN_POINT('Ctrl Pts',(28.1179589390995,-18.2293934167574,6.3101549445691));
#8557=CARTESIAN_POINT('Ctrl Pts',(29.1525835485802,-17.7087623913792,6.86578461404038));
#8558=CARTESIAN_POINT('Ctrl Pts',(29.7557787787458,-17.4061675978581,7.10261536348621));
#8559=CARTESIAN_POINT('Ctrl Pts',(31.2116509571303,-16.68197738029,7.10261536348621));
#8560=CARTESIAN_POINT('Ctrl Pts',(31.8168791978422,-16.3834696393426,6.86578461404039));
#8561=CARTESIAN_POINT('Ctrl Pts',(32.8562735770258,-15.872427496608,6.3101549445691));
#8562=CARTESIAN_POINT('Ctrl Pts',(33.2978103639793,-15.6560499227103,6.00777094022882));
#8563=CARTESIAN_POINT('Ctrl Pts',(33.7362501347743,-15.4415399953251,5.675));
#8564=CARTESIAN_POINT('Ctrl Pts',(29.7929665735688,-24.9887433699137,5.85790585318149));
#8565=CARTESIAN_POINT('Ctrl Pts',(29.7929665735692,-25.0613112799933,5.79393483290175));
#8566=CARTESIAN_POINT('Ctrl Pts',(29.8009256719901,-25.1349773647493,5.73241346979616));
#8567=CARTESIAN_POINT('Ctrl Pts',(29.8171953099452,-25.2075365167079,5.6750000000111));
#8568=CARTESIAN_POINT('Origin',(28.7340270078181,-13.5265962589203,7.10311714295));
#8569=CARTESIAN_POINT('',(31.2340270078181,-13.5265962589203,8.5312342859));
#8570=CARTESIAN_POINT('',(32.6621441507681,-13.5265962589203,7.10311714295));
#8571=CARTESIAN_POINT('Origin',(28.7340270078181,-13.5265962589203,8.5312342859));
#8572=CARTESIAN_POINT('Origin',(32.2,-20.4943977121,5.675));
#8573=CARTESIAN_POINT('',(34.625,-20.4943977121,5.675));
#8574=CARTESIAN_POINT('Origin',(58.2,-20.4943977121,7.10311714295));
#8575=CARTESIAN_POINT('',(60.625,-20.4943977121,8.5312342859));
#8576=CARTESIAN_POINT('',(62.05311714295,-20.4943977121,7.10311714295));
#8577=CARTESIAN_POINT('Origin',(58.2,-20.4943977121,8.5312342859));
#8578=CARTESIAN_POINT('Origin',(58.2,-20.4943977121,5.675));
#8579=CARTESIAN_POINT('',(60.625,-20.4943977121,5.675));
#8580=CARTESIAN_POINT('Origin',(28.7340270078181,-13.5265962589203,5.675));
#8581=CARTESIAN_POINT('',(31.2340270078181,-13.5265962589203,20.475));
#8582=CARTESIAN_POINT('Origin',(28.7340270078181,-13.5265962589203,20.475));
#8583=CARTESIAN_POINT('',(31.2340270078181,-13.5265962589203,5.675));
#8584=CARTESIAN_POINT('Origin',(31.5,8.79399980792009,5.675));
#8585=CARTESIAN_POINT('Origin',(50.5,8.79399980792015,7.10311714295));
#8586=CARTESIAN_POINT('',(49.0492881403386,11.4199158576517,8.5312342859));
#8587=CARTESIAN_POINT('Ctrl Pts',(49.0492881403386,14.467703634486,5.675));
#8588=CARTESIAN_POINT('Ctrl Pts',(49.0492881403386,12.452336978789,7.62755055520793));
#8589=CARTESIAN_POINT('Ctrl Pts',(49.0492881403386,11.4199158576517,8.5312342859));
#8590=CARTESIAN_POINT('',(49.0492881403386,6.16808375818858,8.5312342859));
#8591=CARTESIAN_POINT('Origin',(50.5,8.79399980792015,8.5312342859));
#8592=CARTESIAN_POINT('Ctrl Pts',(49.0492881403386,6.16808375818859,8.5312342859));
#8593=CARTESIAN_POINT('Ctrl Pts',(49.0492881403386,5.13566263705133,7.62755055520794));
#8594=CARTESIAN_POINT('Ctrl Pts',(49.0492881403386,3.12029598135425,5.675));
#8595=CARTESIAN_POINT('Origin',(50.5,8.79399980792015,5.675));
#8596=CARTESIAN_POINT('',(49.0492881403386,11.4199158576517,5.675));
#8597=CARTESIAN_POINT('',(49.0492881403386,6.16808375818858,5.675));
#8598=CARTESIAN_POINT('Origin',(49.0492881403386,6.00000008940697,5.675));
#8599=CARTESIAN_POINT('Ctrl Pts',(62.7842592519634,6.20024218396191,-1.77286878521713));
#8600=CARTESIAN_POINT('Ctrl Pts',(62.7806781804541,6.20352663308821,-1.7676269660746));
#8601=CARTESIAN_POINT('Ctrl Pts',(62.7735462136685,6.21001612317007,-1.7570308253004));
#8602=CARTESIAN_POINT('Ctrl Pts',(62.72424944531,6.25421430395085,-1.68112757726832));
#8603=CARTESIAN_POINT('Ctrl Pts',(62.6811957542683,6.28884084295188,-1.60203532568514));
#8604=CARTESIAN_POINT('Ctrl Pts',(62.6467117624953,6.31494294735972,-1.52235672962211));
#8605=CARTESIAN_POINT('Ctrl Pts',(62.7364758670809,6.24406764132087,-1.84803135065175));
#8606=CARTESIAN_POINT('Ctrl Pts',(62.7326988150002,6.24731251009577,-1.84191589938486));
#8607=CARTESIAN_POINT('Ctrl Pts',(62.7252017593308,6.25369472829128,-1.82959768622976));
#8608=CARTESIAN_POINT('Ctrl Pts',(62.6738889652436,6.29670082683013,-1.74202936227992));
#8609=CARTESIAN_POINT('Ctrl Pts',(62.6306999993161,6.32880380236113,-1.65347007673738));
#8610=CARTESIAN_POINT('Ctrl Pts',(62.5970752832199,6.35251448411836,-1.56461233333206));
#8611=CARTESIAN_POINT('Ctrl Pts',(62.6847433679061,6.37853108712362,-1.99758822804388));
#8612=CARTESIAN_POINT('Ctrl Pts',(62.6799157889974,6.38123215949044,-1.98973884124748));
#8613=CARTESIAN_POINT('Ctrl Pts',(62.6704015137361,6.38648779312862,-1.97400824160429));
#8614=CARTESIAN_POINT('Ctrl Pts',(62.6063470077044,6.42072623635987,-1.86329090101294));
#8615=CARTESIAN_POINT('Ctrl Pts',(62.5567843653921,6.44257923321366,-1.75609487636973));
#8616=CARTESIAN_POINT('Ctrl Pts',(62.5200106308651,6.456565161345,-1.64894647770233));
#8617=CARTESIAN_POINT('Ctrl Pts',(62.7792685022861,6.69138652401964,-2.16197453436312));
#8618=CARTESIAN_POINT('Ctrl Pts',(62.7706425921814,6.69288005282159,-2.15335001437811));
#8619=CARTESIAN_POINT('Ctrl Pts',(62.7536724530662,6.69562561696114,-2.13601305336997));
#8620=CARTESIAN_POINT('Ctrl Pts',(62.6396135040821,6.71102155213417,-2.01350733013206));
#8621=CARTESIAN_POINT('Ctrl Pts',(62.5539577993892,6.70941400498479,-1.89077769813689));
#8622=CARTESIAN_POINT('Ctrl Pts',(62.490971075646,6.70011958178212,-1.76443830127494));
#8623=CARTESIAN_POINT('Ctrl Pts',(62.9824432888172,6.87447169371199,-2.13185553653287));
#8624=CARTESIAN_POINT('Ctrl Pts',(62.971008142664,6.87652056598475,-2.12563928277407));
#8625=CARTESIAN_POINT('Ctrl Pts',(62.9483690137058,6.88032003507058,-2.11299093610438));
#8626=CARTESIAN_POINT('Ctrl Pts',(62.7939057304314,6.9017474570866,-2.02060929587414));
#8627=CARTESIAN_POINT('Ctrl Pts',(62.6685400407743,6.89844387565279,-1.91470986017061));
#8628=CARTESIAN_POINT('Ctrl Pts',(62.5722570435822,6.88029819416521,-1.79425773188193));
#8629=CARTESIAN_POINT('Ctrl Pts',(63.1059999756383,6.92571865874224,-2.06645297675052));
#8630=CARTESIAN_POINT('Ctrl Pts',(63.0940423314748,6.92903634032958,-2.0622188738859));
#8631=CARTESIAN_POINT('Ctrl Pts',(63.0702278053513,6.93529353365329,-2.05342402816914));
#8632=CARTESIAN_POINT('Ctrl Pts',(62.9056197507755,6.97353039613894,-1.98694661384453));
#8633=CARTESIAN_POINT('Ctrl Pts',(62.7618581095838,6.97950652813659,-1.89805277718587));
#8634=CARTESIAN_POINT('Ctrl Pts',(62.6467117624953,6.96492644314203,-1.78863088387084));
#8635=CARTESIAN_POINT('',(62.6467117624953,6.96492644314203,-1.78863088387083));
#8636=CARTESIAN_POINT('',(62.6467117624953,6.31494294735972,-1.5223567296221));
#8637=CARTESIAN_POINT('Origin',(62.9339932356257,6.69447602259299,-1.5223567296221));
#8638=CARTESIAN_POINT('',(63.1059999756382,6.92571865874224,-2.06645297675051));
#8639=CARTESIAN_POINT('Ctrl Pts',(62.6467117624953,6.96492644314203,-1.78863088387084));
#8640=CARTESIAN_POINT('Ctrl Pts',(62.7618581095838,6.97950652813659,-1.89805277718587));
#8641=CARTESIAN_POINT('Ctrl Pts',(62.9056197507755,6.97353039613894,-1.98694661384453));
#8642=CARTESIAN_POINT('Ctrl Pts',(63.0702278053513,6.93529353365329,-2.05342402816914));
#8643=CARTESIAN_POINT('Ctrl Pts',(63.0940423314748,6.92903634032958,-2.0622188738859));
#8644=CARTESIAN_POINT('Ctrl Pts',(63.1059999756383,6.92571865874224,-2.06645297675052));
#8645=CARTESIAN_POINT('',(62.7842592494444,6.20024218627226,-1.77286877617406));
#8646=CARTESIAN_POINT('Origin',(63.1059999908763,6.55103969952289,-1.77286878521714));
#8647=CARTESIAN_POINT('Ctrl Pts',(62.7842592474765,6.20024218807716,-1.77286877864939));
#8648=CARTESIAN_POINT('Ctrl Pts',(62.7806781774754,6.20352663579855,-1.76762696164912));
#8649=CARTESIAN_POINT('Ctrl Pts',(62.7735462121979,6.21001612448859,-1.75703082303605));
#8650=CARTESIAN_POINT('Ctrl Pts',(62.72424944531,6.25421430395085,-1.68112757726832));
#8651=CARTESIAN_POINT('Ctrl Pts',(62.6811957542683,6.28884084295188,-1.60203532568514));
#8652=CARTESIAN_POINT('Ctrl Pts',(62.6467117624953,6.31494294735972,-1.52235672962211));
#8653=CARTESIAN_POINT('Ctrl Pts',(62.6467117624953,6.31494294735972,-1.5223567296221));
#8654=CARTESIAN_POINT('Ctrl Pts',(62.4282251427093,6.48032288941829,-1.37116906658916));
#8655=CARTESIAN_POINT('Ctrl Pts',(62.3488994433152,6.69027387199495,-1.20073601249439));
#8656=CARTESIAN_POINT('Ctrl Pts',(62.3449954452706,6.91753441318105,-1.03757958565993));
#8657=CARTESIAN_POINT('Ctrl Pts',(62.345,6.91962604639867,-1.0360764163547));
#8658=CARTESIAN_POINT('Ctrl Pts',(62.345,6.92171746469695,-1.03457614589292));
#8659=CARTESIAN_POINT('Ctrl Pts',(62.5598479237633,6.38069313668734,-1.59630403611452));
#8660=CARTESIAN_POINT('Ctrl Pts',(62.388146350419,6.56236316955463,-1.39720745316055));
#8661=CARTESIAN_POINT('Ctrl Pts',(62.3491592466728,6.72770172212705,-1.22150375247467));
#8662=CARTESIAN_POINT('Ctrl Pts',(62.3449869394293,6.91822375705974,-1.03793052752044));
#8663=CARTESIAN_POINT('Ctrl Pts',(62.345,6.91996870644049,-1.03625531004028));
#8664=CARTESIAN_POINT('Ctrl Pts',(62.345,6.92171746469695,-1.03457614589292));
#8665=CARTESIAN_POINT('Ctrl Pts',(62.4570782304947,6.60393214892867,-1.74337714255725));
#8666=CARTESIAN_POINT('Ctrl Pts',(62.3500626557044,6.71557542164394,-1.45207979081869));
#8667=CARTESIAN_POINT('Ctrl Pts',(62.3486684564898,6.8032450609466,-1.26292889726741));
#8668=CARTESIAN_POINT('Ctrl Pts',(62.3449830954241,6.91959775389671,-1.0386332111903));
#8669=CARTESIAN_POINT('Ctrl Pts',(62.345,6.92065402652414,-1.03661309741145));
#8670=CARTESIAN_POINT('Ctrl Pts',(62.345,6.92171746469695,-1.03457614589292));
#8671=CARTESIAN_POINT('Ctrl Pts',(62.5598479237633,6.86619348600241,-1.79519553988376));
#8672=CARTESIAN_POINT('Ctrl Pts',(62.388146350419,6.86009781527651,-1.53614006851814));
#8673=CARTESIAN_POINT('Ctrl Pts',(62.3491592466738,6.87999600580183,-1.30067368742275));
#8674=CARTESIAN_POINT('Ctrl Pts',(62.3449869394293,6.920963902003,-1.03935985196201));
#8675=CARTESIAN_POINT('Ctrl Pts',(62.345,6.92133934660779,-1.03697088478262));
#8676=CARTESIAN_POINT('Ctrl Pts',(62.345,6.92171746469695,-1.03457614589292));
#8677=CARTESIAN_POINT('Ctrl Pts',(62.6467117624953,6.96492644314203,-1.78863088387083));
#8678=CARTESIAN_POINT('Ctrl Pts',(62.4282251427093,6.93726118438927,-1.58100623744921));
#8679=CARTESIAN_POINT('Ctrl Pts',(62.3488994433168,6.91799481275342,-1.31944135116243));
#8680=CARTESIAN_POINT('Ctrl Pts',(62.3449954452706,6.9216494798531,-1.03972395454139));
#8681=CARTESIAN_POINT('Ctrl Pts',(62.345,6.92168200664962,-1.0371497784682));
#8682=CARTESIAN_POINT('Ctrl Pts',(62.345,6.92171746469695,-1.03457614589292));
#8683=CARTESIAN_POINT('',(62.345,6.92171746469695,-1.03457614589292));
#8684=CARTESIAN_POINT('Ctrl Pts',(62.6467117624953,6.31494294735972,-1.5223567296221));
#8685=CARTESIAN_POINT('Ctrl Pts',(62.4282251427093,6.48032288941829,-1.37116906658916));
#8686=CARTESIAN_POINT('Ctrl Pts',(62.3488994433152,6.69027387199495,-1.20073601249439));
#8687=CARTESIAN_POINT('Ctrl Pts',(62.3449954452706,6.91753441318105,-1.03757958565993));
#8688=CARTESIAN_POINT('Ctrl Pts',(62.345,6.91962604639867,-1.0360764163547));
#8689=CARTESIAN_POINT('Ctrl Pts',(62.345,6.92171746469695,-1.03457614589292));
#8690=CARTESIAN_POINT('Ctrl Pts',(62.345,6.92171746469695,-1.03457614589292));
#8691=CARTESIAN_POINT('Ctrl Pts',(62.345,6.92168200664962,-1.0371497784682));
#8692=CARTESIAN_POINT('Ctrl Pts',(62.3449954452706,6.9216494798531,-1.03972395454139));
#8693=CARTESIAN_POINT('Ctrl Pts',(62.3488994433168,6.91799481275342,-1.31944135116243));
#8694=CARTESIAN_POINT('Ctrl Pts',(62.4282251427093,6.93726118438927,-1.58100623744921));
#8695=CARTESIAN_POINT('Ctrl Pts',(62.6467117624953,6.96492644314203,-1.78863088387083));
#8696=CARTESIAN_POINT('Origin',(63.106,8.5,-3.3));
#8697=CARTESIAN_POINT('',(62.345,11.261,-3.29999999999996));
#8698=CARTESIAN_POINT('Origin',(62.345,8.5,-3.3));
#8699=CARTESIAN_POINT('',(63.106,10.5,-3.29999999999997));
#8700=CARTESIAN_POINT('Origin',(63.106,11.261,-3.29999999999996));
#8701=CARTESIAN_POINT('Origin',(63.106,8.5,-3.3));
#8702=CARTESIAN_POINT('Origin',(63.106,11.261,-2.98750000000008));
#8703=CARTESIAN_POINT('',(62.345,11.261,-6.975));
#8704=CARTESIAN_POINT('',(63.106,10.5,-6.975));
#8705=CARTESIAN_POINT('Origin',(63.106,11.261,-6.97499999999901));
#8706=CARTESIAN_POINT('',(63.106,10.5,-2.98750000000009));
#8707=CARTESIAN_POINT('',(62.345,11.261,-2.98750000000008));
#8708=CARTESIAN_POINT('Ctrl Pts',(62.6467117624953,6.31494294735972,1.875));
#8709=CARTESIAN_POINT('Ctrl Pts',(62.6467117624953,6.31494294735972,2.19156104740736));
#8710=CARTESIAN_POINT('Ctrl Pts',(62.5658562274708,6.37999948003358,2.82072749964627));
#8711=CARTESIAN_POINT('Ctrl Pts',(62.2100910815554,6.58842599522761,3.71742585565638));
#8712=CARTESIAN_POINT('Ctrl Pts',(61.6761093891879,6.72788146276344,4.32052825888261));
#8713=CARTESIAN_POINT('Ctrl Pts',(61.0980909373721,6.67524279531466,4.59608072264507));
#8714=CARTESIAN_POINT('Ctrl Pts',(60.8110657777402,6.57709800552749,4.636));
#8715=CARTESIAN_POINT('Ctrl Pts',(60.6753100338219,6.51169111106094,4.636));
#8716=CARTESIAN_POINT('Ctrl Pts',(62.5400497902004,6.3956790163019,1.875));
#8717=CARTESIAN_POINT('Ctrl Pts',(62.5400497902004,6.3956790163019,2.17231511471875));
#8718=CARTESIAN_POINT('Ctrl Pts',(62.4516588236603,6.45785623963544,2.76290597908409));
#8719=CARTESIAN_POINT('Ctrl Pts',(62.0719739855986,6.64353308311161,3.59231594606996));
#8720=CARTESIAN_POINT('Ctrl Pts',(61.5533850130761,6.73113619888696,4.12229601290552));
#8721=CARTESIAN_POINT('Ctrl Pts',(61.050055152718,6.65889315625059,4.36138418901811));
#8722=CARTESIAN_POINT('Ctrl Pts',(60.7981889505765,6.57069579507194,4.40388285883247));
#8723=CARTESIAN_POINT('Ctrl Pts',(60.6753100338219,6.51169111106094,4.40830933243983));
#8724=CARTESIAN_POINT('Ctrl Pts',(62.3918141053111,6.58722118898493,1.875));
#8725=CARTESIAN_POINT('Ctrl Pts',(62.3918141053111,6.58722118898493,2.13870942796328));
#8726=CARTESIAN_POINT('Ctrl Pts',(62.2960545832394,6.65431151195615,2.66115984731055));
#8727=CARTESIAN_POINT('Ctrl Pts',(61.8872563874248,6.85368241827835,3.37337960016459));
#8728=CARTESIAN_POINT('Ctrl Pts',(61.3681321832487,6.92859312843828,3.77888504664854));
#8729=CARTESIAN_POINT('Ctrl Pts',(60.9242175711571,6.83927146269887,3.95707266303932));
#8730=CARTESIAN_POINT('Ctrl Pts',(60.7036853653088,6.74619494034077,4.0027289958856));
#8731=CARTESIAN_POINT('Ctrl Pts',(60.5923266949382,6.68392776890658,4.01420166511562));
#8732=CARTESIAN_POINT('Ctrl Pts',(62.345,6.82138806893646,1.875));
#8733=CARTESIAN_POINT('Ctrl Pts',(62.345,6.82138806893646,2.11300797600442));
#8734=CARTESIAN_POINT('Ctrl Pts',(62.2567641233053,6.905269131717,2.58553474695647));
#8735=CARTESIAN_POINT('Ctrl Pts',(61.8747004171071,7.16948484414093,3.24205252605183));
#8736=CARTESIAN_POINT('Ctrl Pts',(61.3405543911199,7.32882312149183,3.6502959782454));
#8737=CARTESIAN_POINT('Ctrl Pts',(60.8091345400584,7.25046900423297,3.83435549522456));
#8738=CARTESIAN_POINT('Ctrl Pts',(60.5460256039224,7.12626070683276,3.86984760079657));
#8739=CARTESIAN_POINT('Ctrl Pts',(60.4191213982615,7.04342525143813,3.875));
#8740=CARTESIAN_POINT('Ctrl Pts',(62.345,6.92171746469696,1.875));
#8741=CARTESIAN_POINT('Ctrl Pts',(62.345,6.92171746469696,2.10430898037477));
#8742=CARTESIAN_POINT('Ctrl Pts',(62.2629715287366,7.01283085072072,2.56006157163805));
#8743=CARTESIAN_POINT('Ctrl Pts',(61.9020454518839,7.30473767015825,3.20960764625599));
#8744=CARTESIAN_POINT('Ctrl Pts',(61.3603175183015,7.50004872232288,3.64648008611562));
#8745=CARTESIAN_POINT('Ctrl Pts',(60.773914003068,7.42632688333279,3.8460834644296));
#8746=CARTESIAN_POINT('Ctrl Pts',(60.4827250937176,7.28887252247821,3.875));
#8747=CARTESIAN_POINT('Ctrl Pts',(60.345,7.19726844554377,3.875));
#8748=CARTESIAN_POINT('',(62.345,6.92171746469696,1.875));
#8749=CARTESIAN_POINT('Ctrl Pts',(60.345,7.19726844554377,3.875));
#8750=CARTESIAN_POINT('Ctrl Pts',(60.4827250937176,7.28887252247821,3.875));
#8751=CARTESIAN_POINT('Ctrl Pts',(60.773914003068,7.42632688333279,3.8460834644296));
#8752=CARTESIAN_POINT('Ctrl Pts',(61.3603175183015,7.50004872232288,3.64648008611562));
#8753=CARTESIAN_POINT('Ctrl Pts',(61.9020454518839,7.30473767015825,3.20960764625599));
#8754=CARTESIAN_POINT('Ctrl Pts',(62.2629715287366,7.01283085072072,2.56006157163805));
#8755=CARTESIAN_POINT('Ctrl Pts',(62.345,6.92171746469696,2.10430898037477));
#8756=CARTESIAN_POINT('Ctrl Pts',(62.345,6.92171746469696,1.875));
#8757=CARTESIAN_POINT('',(62.6467117624953,6.31494294735972,1.875));
#8758=CARTESIAN_POINT('Origin',(63.106,6.92171746469696,1.875));
#8759=CARTESIAN_POINT('Ctrl Pts',(62.6467117624953,6.31494294735972,1.875));
#8760=CARTESIAN_POINT('Ctrl Pts',(62.6467117624953,6.31494294735972,2.19156104740736));
#8761=CARTESIAN_POINT('Ctrl Pts',(62.5658562274708,6.37999948003358,2.82072749964627));
#8762=CARTESIAN_POINT('Ctrl Pts',(62.3091959279488,6.53036500187351,3.46763423370046));
#8763=CARTESIAN_POINT('Ctrl Pts',(62.0989942662284,6.6046345795107,3.78804216838914));
#8764=CARTESIAN_POINT('Ctrl Pts',(62.0339776224251,6.62360322211972,3.87461101309832));
#8765=CARTESIAN_POINT('Origin',(63.106,6.92171746469695,3.875));
#8766=CARTESIAN_POINT('',(62.6467117624953,6.31494294735971,3.875));
#8767=CARTESIAN_POINT('',(62.345,6.92171746469695,3.875));
#8768=CARTESIAN_POINT('Origin',(41.5,-62.5,-6.97499999999999));
#8769=CARTESIAN_POINT('',(62.345,15.1425531292983,-6.975));
#8770=CARTESIAN_POINT('',(70.5,10.5,-6.97499999999999));
#8771=CARTESIAN_POINT('',(70.5,19.89,-6.975));
#8772=CARTESIAN_POINT('',(27.,10.5,-6.975));
#8773=CARTESIAN_POINT('Origin',(62.345,24.5,0.));
#8774=CARTESIAN_POINT('',(62.345,-21.0893617176754,1.875));
#8775=CARTESIAN_POINT('Origin',(60.345,-21.0893617176754,1.875));
#8776=CARTESIAN_POINT('Ctrl Pts',(60.3449999999999,8.63145899190637,3.875));
#8777=CARTESIAN_POINT('Ctrl Pts',(60.350073706691,8.63344244182166,3.875));
#8778=CARTESIAN_POINT('Ctrl Pts',(60.3551320265848,8.63546767623816,3.87498069058766));
#8779=CARTESIAN_POINT('Ctrl Pts',(60.4829037189254,8.68784039258936,3.8740112732576));
#8780=CARTESIAN_POINT('Ctrl Pts',(60.5952819762591,8.76402794077974,3.8613145510349));
#8781=CARTESIAN_POINT('Ctrl Pts',(60.7737988187813,8.94048979150692,3.83062037067364));
#8782=CARTESIAN_POINT('Ctrl Pts',(60.8515666158393,9.05298046358794,3.81053577216447));
#8783=CARTESIAN_POINT('Ctrl Pts',(60.9551400751063,9.30041894852372,3.7804232443313));
#8784=CARTESIAN_POINT('Ctrl Pts',(60.9809052947553,9.43548253166462,3.77121318846328));
#8785=CARTESIAN_POINT('Ctrl Pts',(60.9809052947553,9.56282092242149,3.77121318846328));
#8786=CARTESIAN_POINT('Ctrl Pts',(60.9809052947553,9.68917944995417,3.77121318846328));
#8787=CARTESIAN_POINT('Ctrl Pts',(60.9555299547361,9.82328290045992,3.78027743379625));
#8788=CARTESIAN_POINT('Ctrl Pts',(60.853403062657,10.0692609827259,3.81003360863123));
#8789=CARTESIAN_POINT('Ctrl Pts',(60.7766916982472,10.1812480813027,3.82992830552233));
#8790=CARTESIAN_POINT('Ctrl Pts',(60.5992152141032,10.3587245654467,3.86082437914992));
#8791=CARTESIAN_POINT('Ctrl Pts',(60.4863278216229,10.4359745155522,3.87381786097373));
#8792=CARTESIAN_POINT('Ctrl Pts',(60.3569268344172,10.4894540578734,3.87497322826725));
#8793=CARTESIAN_POINT('Ctrl Pts',(60.3509740445807,10.4918474364573,3.875));
#8794=CARTESIAN_POINT('Ctrl Pts',(60.345,10.4941828529366,3.875));
#8795=CARTESIAN_POINT('Ctrl Pts',(60.828488372093,3.02262211851678,5.243));
#8796=CARTESIAN_POINT('Ctrl Pts',(60.9689694916729,2.96954690795968,5.243));
#8797=CARTESIAN_POINT('Ctrl Pts',(61.2631995116471,2.89734713161279,5.18945344228598));
#8798=CARTESIAN_POINT('Ctrl Pts',(61.6937047577745,2.89518347782923,4.93013484070984));
#8799=CARTESIAN_POINT('Ctrl Pts',(62.1961073577204,3.00262333100644,4.37593736955713));
#8800=CARTESIAN_POINT('Ctrl Pts',(62.5550537520495,3.20743499952649,3.59264959340971));
#8801=CARTESIAN_POINT('Ctrl Pts',(62.7513285574936,3.3682263414253,2.64924714335111));
#8802=CARTESIAN_POINT('Ctrl Pts',(62.7866279069767,3.40193396830165,2.1332910395006));
#8803=CARTESIAN_POINT('Ctrl Pts',(62.7866279069767,3.40193396830165,1.875));
#8804=CARTESIAN_POINT('Ctrl Pts',(60.828488372093,3.02262211851678,4.8336953571323));
#8805=CARTESIAN_POINT('Ctrl Pts',(60.9429271117524,2.97968150672033,4.82694119565732));
#8806=CARTESIAN_POINT('Ctrl Pts',(61.1692325771442,2.91796134494793,4.77425610033887));
#8807=CARTESIAN_POINT('Ctrl Pts',(61.5094824022573,2.88264909487777,4.56743808727692));
#8808=CARTESIAN_POINT('Ctrl Pts',(61.9643270004214,2.91670663517699,4.11683207942598));
#8809=CARTESIAN_POINT('Ctrl Pts',(62.3580148491902,3.07448701426623,3.43495588127977));
#8810=CARTESIAN_POINT('Ctrl Pts',(62.5856728728724,3.2233520988224,2.58191983408628));
#8811=CARTESIAN_POINT('Ctrl Pts',(62.6280856779716,3.25602894547195,2.11082724579169));
#8812=CARTESIAN_POINT('Ctrl Pts',(62.6280856779716,3.25602894547195,1.875));
#8813=CARTESIAN_POINT('Ctrl Pts',(60.7071509158537,2.70146236200223,4.12496052181955));
#8814=CARTESIAN_POINT('Ctrl Pts',(60.7987904179306,2.65420192098954,4.10745826597217));
#8815=CARTESIAN_POINT('Ctrl Pts',(60.9657551200442,2.58417356752468,4.05772181741137));
#8816=CARTESIAN_POINT('Ctrl Pts',(61.2351392185134,2.52924919735285,3.93883540058941));
#8817=CARTESIAN_POINT('Ctrl Pts',(61.6664006727234,2.54528244727908,3.66314743503422));
#8818=CARTESIAN_POINT('Ctrl Pts',(62.1035395873265,2.72033285291479,3.15854091799443));
#8819=CARTESIAN_POINT('Ctrl Pts',(62.363284387239,2.89595201235979,2.46354896138792));
#8820=CARTESIAN_POINT('Ctrl Pts',(62.412368880057,2.93406819740676,2.07157220158245));
#8821=CARTESIAN_POINT('Ctrl Pts',(62.412368880057,2.93406819740676,1.875));
#8822=CARTESIAN_POINT('Ctrl Pts',(60.4534945369902,2.03007676188365,3.875));
#8823=CARTESIAN_POINT('Ctrl Pts',(60.5759952843539,1.95192714935199,3.86714786669935));
#8824=CARTESIAN_POINT('Ctrl Pts',(60.8238493261954,1.84387506981905,3.8290159516027));
#8825=CARTESIAN_POINT('Ctrl Pts',(61.197683172744,1.82491763907358,3.69915880688938));
#8826=CARTESIAN_POINT('Ctrl Pts',(61.6797629682517,1.95941901604369,3.41367902651341));
#8827=CARTESIAN_POINT('Ctrl Pts',(62.0766487317887,2.25862009270451,2.9589227902965));
#8828=CARTESIAN_POINT('Ctrl Pts',(62.3032580125243,2.5049357431673,2.36876893461396));
#8829=CARTESIAN_POINT('Ctrl Pts',(62.345,2.55692299617727,2.03977839320215));
#8830=CARTESIAN_POINT('Ctrl Pts',(62.345,2.55692299617727,1.875));
#8831=CARTESIAN_POINT('Ctrl Pts',(60.345,1.74291004384888,3.875));
#8832=CARTESIAN_POINT('Ctrl Pts',(60.4884842789057,1.65162068169068,3.875));
#8833=CARTESIAN_POINT('Ctrl Pts',(60.789004251801,1.52743706637402,3.84320275670191));
#8834=CARTESIAN_POINT('Ctrl Pts',(61.2287126979643,1.52371558186632,3.68921308830751));
#8835=CARTESIAN_POINT('Ctrl Pts',(61.7418554960088,1.70851212933108,3.36011720282497));
#8836=CARTESIAN_POINT('Ctrl Pts',(62.1084753286966,2.06078819918557,2.89498194383003));
#8837=CARTESIAN_POINT('Ctrl Pts',(62.3089460325944,2.33734930725153,2.33476671220376));
#8838=CARTESIAN_POINT('Ctrl Pts',(62.345,2.39532642547885,2.02837947713812));
#8839=CARTESIAN_POINT('Ctrl Pts',(62.345,2.39532642547885,1.875));
#8840=CARTESIAN_POINT('',(62.7866279069767,3.40193396830165,1.875));
#8841=CARTESIAN_POINT('Ctrl Pts',(62.4041392265518,3.12893618533956,3.8751436647653));
#8842=CARTESIAN_POINT('Ctrl Pts',(62.4755637651499,3.16753613301646,3.70850567756047));
#8843=CARTESIAN_POINT('Ctrl Pts',(62.6118978121416,3.25400252856059,3.31942641817437));
#8844=CARTESIAN_POINT('Ctrl Pts',(62.7513285574936,3.3682263414253,2.64924714335111));
#8845=CARTESIAN_POINT('Ctrl Pts',(62.7866279069767,3.40193396830165,2.1332910395006));
#8846=CARTESIAN_POINT('Ctrl Pts',(62.7866279069767,3.40193396830165,1.875));
#8847=CARTESIAN_POINT('',(62.345,2.39532642547885,1.875));
#8848=CARTESIAN_POINT('Origin',(63.713,2.39532642547885,1.875));
#8849=CARTESIAN_POINT('Ctrl Pts',(62.345,2.39532642547885,1.875));
#8850=CARTESIAN_POINT('Ctrl Pts',(62.345,2.39532642547885,2.02837947713812));
#8851=CARTESIAN_POINT('Ctrl Pts',(62.3089460325944,2.33734930725153,2.33476671220376));
#8852=CARTESIAN_POINT('Ctrl Pts',(62.1084753286966,2.06078819918557,2.89498194383003));
#8853=CARTESIAN_POINT('Ctrl Pts',(61.7418554960088,1.70851212933108,3.36011720282497));
#8854=CARTESIAN_POINT('Ctrl Pts',(61.2287126979643,1.52371558186632,3.68921308830751));
#8855=CARTESIAN_POINT('Ctrl Pts',(60.789004251801,1.52743706637402,3.84320275670191));
#8856=CARTESIAN_POINT('Ctrl Pts',(60.4884842789057,1.65162068169068,3.875));
#8857=CARTESIAN_POINT('Ctrl Pts',(60.345,1.74291004384888,3.875));
#8858=CARTESIAN_POINT('Origin',(63.713,2.39532642547886,3.875));
#8859=CARTESIAN_POINT('',(62.7866279069767,3.40193396830165,-6.975));
#8860=CARTESIAN_POINT('',(62.345,2.39532642547886,-6.975));
#8861=CARTESIAN_POINT('Origin',(63.713,2.39532642547886,-6.975));
#8862=CARTESIAN_POINT('',(62.345,2.39532642547886,3.875));
#8863=CARTESIAN_POINT('',(62.7866279069767,3.40193396830165,3.875));
#8864=CARTESIAN_POINT('Origin',(41.5,-62.5,-6.975));
#8865=CARTESIAN_POINT('',(63.1284883445509,5.77878787878783,-6.975));
#8866=CARTESIAN_POINT('Origin',(61.5,4.79999999999998,-6.975));
#8867=CARTESIAN_POINT('',(63.5364675298173,6.50000000000003,-6.975));
#8868=CARTESIAN_POINT('Origin',(63.5364675298173,6.02399999999994,-6.975));
#8869=CARTESIAN_POINT('',(70.5,6.50000000000002,-6.975));
#8870=CARTESIAN_POINT('',(27.,6.50000000000003,-6.975));
#8871=CARTESIAN_POINT('',(70.5,-6.49034269968216,-6.975));
#8872=CARTESIAN_POINT('',(70.5,24.5,-6.975));
#8873=CARTESIAN_POINT('',(62.345,-6.49034269968216,-6.975));
#8874=CARTESIAN_POINT('',(27.,-6.49034269968216,-6.975));
#8875=CARTESIAN_POINT('',(62.345,15.1425531292983,-6.975));
#8876=CARTESIAN_POINT('',(68.,-0.0111789178477793,-6.975));
#8877=CARTESIAN_POINT('Origin',(66.5,-0.0111789178477795,-6.975));
#8878=CARTESIAN_POINT('Origin',(61.5,4.79999999999998,3.875));
#8879=CARTESIAN_POINT('',(63.1284883445509,5.77878787878783,-3.30000000000002));
#8880=CARTESIAN_POINT('Ctrl Pts',(63.1284883445509,5.77878787878788,-3.30000000000002));
#8881=CARTESIAN_POINT('Ctrl Pts',(63.1284883445509,5.77878787878787,-3.01241340905713));
#8882=CARTESIAN_POINT('Ctrl Pts',(63.0837500457325,5.86115370155516,-2.43627776626098));
#8883=CARTESIAN_POINT('Ctrl Pts',(62.9126003467043,6.08253166278107,-1.96072897377213));
#8884=CARTESIAN_POINT('Ctrl Pts',(62.7842592474765,6.20024218807716,-1.7728687786494));
#8885=CARTESIAN_POINT('',(63.1284883445509,5.77878787878783,3.875));
#8886=CARTESIAN_POINT('Origin',(63.5364675298173,6.02399999999994,3.875));
#8887=CARTESIAN_POINT('',(63.5364675298173,6.5,-3.30000000000002));
#8888=CARTESIAN_POINT('Origin',(63.5364675298173,6.02399999999994,-3.30000000000002));
#8889=CARTESIAN_POINT('',(63.5364675298173,6.49999999999994,3.875));
#8890=CARTESIAN_POINT('Ctrl Pts',(63.1284883445509,5.77878787878788,-3.30000000000002));
#8891=CARTESIAN_POINT('Ctrl Pts',(63.1284883445509,5.77878787878787,-3.01241340905713));
#8892=CARTESIAN_POINT('Ctrl Pts',(63.083750045333,5.86115370229074,-2.43627776111572));
#8893=CARTESIAN_POINT('Ctrl Pts',(62.9126003436473,6.08253166673516,-1.96072896527822));
#8894=CARTESIAN_POINT('Ctrl Pts',(62.7842592405995,6.20024219438454,-1.77286876858312));
#8895=CARTESIAN_POINT('Ctrl Pts',(63.0791661275951,5.86084922954696,-3.30000000000002));
#8896=CARTESIAN_POINT('Ctrl Pts',(63.0791661275951,5.86084922954696,-3.0253980184006));
#8897=CARTESIAN_POINT('Ctrl Pts',(63.0316998036501,5.93767422490514,-2.47550671557689));
#8898=CARTESIAN_POINT('Ctrl Pts',(62.8607716873629,6.13814034914722,-2.02610330785523));
#8899=CARTESIAN_POINT('Ctrl Pts',(62.7364758567088,6.24406765011988,-1.84803133721758));
#8900=CARTESIAN_POINT('Ctrl Pts',(63.0320304249682,6.05490483448525,-3.30000000000002));
#8901=CARTESIAN_POINT('Ctrl Pts',(63.0320304249682,6.05490483448525,-3.05128520441712));
#8902=CARTESIAN_POINT('Ctrl Pts',(62.9792784154959,6.12399555815705,-2.55359006782331));
#8903=CARTESIAN_POINT('Ctrl Pts',(62.8051024483977,6.29179955535538,-2.15615398872724));
#8904=CARTESIAN_POINT('Ctrl Pts',(62.6847440529988,6.3785308318439,-1.99758742351462));
#8905=CARTESIAN_POINT('Ctrl Pts',(63.1562755307952,6.38375972132879,-3.30000000000002));
#8906=CARTESIAN_POINT('Ctrl Pts',(63.1562755307952,6.38375972132879,-3.08072285454149));
#8907=CARTESIAN_POINT('Ctrl Pts',(63.098650722258,6.45222989493157,-2.64261354651953));
#8908=CARTESIAN_POINT('Ctrl Pts',(62.9094005661296,6.6112837360268,-2.29975340901145));
#8909=CARTESIAN_POINT('Ctrl Pts',(62.77926923127,6.69138566960153,-2.16197323173791));
#8910=CARTESIAN_POINT('Ctrl Pts',(63.3928528392695,6.49999999999999,-3.30000000000002));
#8911=CARTESIAN_POINT('Ctrl Pts',(63.3928528392695,6.49999999999999,-3.0779676777775));
#8912=CARTESIAN_POINT('Ctrl Pts',(63.3361795197965,6.577364070906,-2.63294706126441));
#8913=CARTESIAN_POINT('Ctrl Pts',(63.131419964627,6.77303661354957,-2.27432098556633));
#8914=CARTESIAN_POINT('Ctrl Pts',(62.9824432904181,6.87447170423219,-2.13185552837003));
#8915=CARTESIAN_POINT('Ctrl Pts',(63.5364675298173,6.49999999999999,-3.30000000000002));
#8916=CARTESIAN_POINT('Ctrl Pts',(63.5364675298173,6.49999999999999,-3.06770065351949));
#8917=CARTESIAN_POINT('Ctrl Pts',(63.4805211093216,6.58319921632634,-2.6023245243261));
#8918=CARTESIAN_POINT('Ctrl Pts',(63.2664939034243,6.80681712446338,-2.21819787179179));
#8919=CARTESIAN_POINT('Ctrl Pts',(63.1059999766655,6.92571866927034,-2.06645296331432));
#8920=CARTESIAN_POINT('Ctrl Pts',(63.1059999846384,6.92571866336362,-2.0664529708526));
#8921=CARTESIAN_POINT('Ctrl Pts',(63.2664939069684,6.80681712076046,-2.21819787815258));
#8922=CARTESIAN_POINT('Ctrl Pts',(63.4805211097848,6.58319921563749,-2.60232452817921));
#8923=CARTESIAN_POINT('Ctrl Pts',(63.5364675298173,6.49999999999999,-3.06770065351949));
#8924=CARTESIAN_POINT('Ctrl Pts',(63.5364675298173,6.5,-3.29999999988242));
#8925=CARTESIAN_POINT('Origin',(12.5,8.5,-3.3));
#8926=CARTESIAN_POINT('',(70.5,10.5,-3.3));
#8927=CARTESIAN_POINT('',(12.5,10.5,-3.29999999999997));
#8928=CARTESIAN_POINT('',(70.5,6.5,-3.3));
#8929=CARTESIAN_POINT('Origin',(70.5,8.5,-3.3));
#8930=CARTESIAN_POINT('',(12.5,6.5,-3.30000000000002));
#8931=CARTESIAN_POINT('Origin',(61.5,4.79999999999998,5.675));
#8932=CARTESIAN_POINT('',(63.,4.79999999999998,5.675));
#8933=CARTESIAN_POINT('Origin',(44.632144956222,-151.,-0.775241695275519));
#8934=CARTESIAN_POINT('',(70.5,-151.,-6.975));
#8935=CARTESIAN_POINT('',(70.5,-151.,-0.38762084763776));
#8936=CARTESIAN_POINT('',(12.5,-151.,-6.975));
#8937=CARTESIAN_POINT('',(12.5,-151.,-0.38762084763776));
#8938=CARTESIAN_POINT('',(43.066072478111,-151.,-6.97499999999992));
#8939=CARTESIAN_POINT('Origin',(12.5,24.5,0.));
#8940=CARTESIAN_POINT('',(12.5,10.5,-6.97499999999999));
#8941=CARTESIAN_POINT('',(12.5,19.89,-6.975));
#8942=CARTESIAN_POINT('',(12.5,10.5,-3.3));
#8943=CARTESIAN_POINT('',(12.5,10.5,-2.98750000000009));
#8944=CARTESIAN_POINT('',(12.5,6.5,-3.3));
#8945=CARTESIAN_POINT('Origin',(12.5,8.5,-3.3));
#8946=CARTESIAN_POINT('',(12.5,6.50000000000002,-6.975));
#8947=CARTESIAN_POINT('',(12.5,6.49999999999999,-1.65000000000008));
#8948=CARTESIAN_POINT('',(12.5,-6.49034269968216,-6.975));
#8949=CARTESIAN_POINT('',(12.5,-149.5,-6.975));
#8950=CARTESIAN_POINT('',(12.5,-6.49034269968216,1.76288483761013));
#8951=CARTESIAN_POINT('',(12.5,-6.49034269968216,-3.4875));
#8952=CARTESIAN_POINT('',(12.5,-10.5096573003178,1.76288483761024));
#8953=CARTESIAN_POINT('Origin',(12.5,-8.5,1.8));
#8954=CARTESIAN_POINT('',(12.5,-10.5096573003178,-6.975));
#8955=CARTESIAN_POINT('',(12.5,-10.5096573003178,0.881442418805122));
#8956=CARTESIAN_POINT('',(12.5,-24.,-6.975));
#8957=CARTESIAN_POINT('',(12.5,-149.5,-6.975));
#8958=CARTESIAN_POINT('',(12.5,-24.,-3.3));
#8959=CARTESIAN_POINT('',(12.5,-24.,-2.9875));
#8960=CARTESIAN_POINT('',(12.5,-28.,-3.3));
#8961=CARTESIAN_POINT('Origin',(12.5,-26.,-3.3));
#8962=CARTESIAN_POINT('',(12.5,-28.,-6.975));
#8963=CARTESIAN_POINT('',(12.5,-28.,-1.65));
#8964=CARTESIAN_POINT('',(12.5,-41.,-6.97499999999999));
#8965=CARTESIAN_POINT('',(12.5,-149.5,-6.975));
#8966=CARTESIAN_POINT('',(12.5,-41.,1.8));
#8967=CARTESIAN_POINT('',(12.5,-41.,-2.9875));
#8968=CARTESIAN_POINT('',(12.5,-45.,1.8));
#8969=CARTESIAN_POINT('Origin',(12.5,-43.,1.8));
#8970=CARTESIAN_POINT('',(12.5,-45.,-6.97499999999999));
#8971=CARTESIAN_POINT('',(12.5,-45.,0.9));
#8972=CARTESIAN_POINT('',(12.5,-58.5,-6.97499999999999));
#8973=CARTESIAN_POINT('',(12.5,-149.5,-6.975));
#8974=CARTESIAN_POINT('',(12.5,-58.5,-3.3));
#8975=CARTESIAN_POINT('',(12.5,-58.5,-2.98749999999999));
#8976=CARTESIAN_POINT('',(12.5,-62.5,-3.3));
#8977=CARTESIAN_POINT('Origin',(12.5,-60.5,-3.3));
#8978=CARTESIAN_POINT('',(12.5,-62.5,-6.97499999999999));
#8979=CARTESIAN_POINT('',(12.5,-62.5,-1.65));
#8980=CARTESIAN_POINT('',(12.5,-75.5,-6.97499999999998));
#8981=CARTESIAN_POINT('',(12.5,-149.5,-6.975));
#8982=CARTESIAN_POINT('',(12.5,-75.5,1.8));
#8983=CARTESIAN_POINT('',(12.5,-75.5,-2.98749999999993));
#8984=CARTESIAN_POINT('',(12.5,-79.5,1.8));
#8985=CARTESIAN_POINT('Origin',(12.5,-77.5,1.8));
#8986=CARTESIAN_POINT('',(12.5,-79.5,-6.97499999999998));
#8987=CARTESIAN_POINT('',(12.5,-79.5,0.90000000000006));
#8988=CARTESIAN_POINT('',(12.5,-93.,-6.97499999999997));
#8989=CARTESIAN_POINT('',(12.5,-149.5,-6.975));
#8990=CARTESIAN_POINT('',(12.5,-93.,-3.3));
#8991=CARTESIAN_POINT('',(12.5,-93.,-2.98749999999999));
#8992=CARTESIAN_POINT('',(12.5,-97.,-3.3));
#8993=CARTESIAN_POINT('Origin',(12.5,-95.,-3.3));
#8994=CARTESIAN_POINT('',(12.5,-97.,-6.97499999999997));
#8995=CARTESIAN_POINT('',(12.5,-97.,-1.65));
#8996=CARTESIAN_POINT('',(12.5,-110.,-6.97499999999996));
#8997=CARTESIAN_POINT('',(12.5,-149.5,-6.975));
#8998=CARTESIAN_POINT('',(12.5,-110.,1.8));
#8999=CARTESIAN_POINT('',(12.5,-110.,-2.98749999999998));
#9000=CARTESIAN_POINT('',(12.5,-114.,1.8));
#9001=CARTESIAN_POINT('Origin',(12.5,-112.,1.8));
#9002=CARTESIAN_POINT('',(12.5,-114.,-6.97499999999995));
#9003=CARTESIAN_POINT('',(12.5,-114.,0.900000000000001));
#9004=CARTESIAN_POINT('',(12.5,-127.5,-6.97499999999994));
#9005=CARTESIAN_POINT('',(12.5,-149.5,-6.975));
#9006=CARTESIAN_POINT('',(12.5,-127.5,-3.3));
#9007=CARTESIAN_POINT('',(12.5,-127.5,-2.98749999999997));
#9008=CARTESIAN_POINT('',(12.5,-131.5,-3.3));
#9009=CARTESIAN_POINT('Origin',(12.5,-129.5,-3.3));
#9010=CARTESIAN_POINT('',(12.5,-131.5,-6.97499999999994));
#9011=CARTESIAN_POINT('',(12.5,-131.5,-1.65));
#9012=CARTESIAN_POINT('',(12.5,-144.5,-6.97499999999993));
#9013=CARTESIAN_POINT('',(12.5,-149.5,-6.975));
#9014=CARTESIAN_POINT('',(12.5,-144.5,1.8));
#9015=CARTESIAN_POINT('',(12.5,-144.5,-2.98749999999977));
#9016=CARTESIAN_POINT('Origin',(12.5,-146.5,1.8));
#9017=CARTESIAN_POINT('',(12.5,-148.5,-6.97499999999992));
#9018=CARTESIAN_POINT('',(12.5,-148.5,0.900000000000199));
#9019=CARTESIAN_POINT('',(12.5,-149.5,-6.975));
#9020=CARTESIAN_POINT('Origin',(70.5,-149.5,0.));
#9021=CARTESIAN_POINT('',(70.5,-148.5,-6.97499999999992));
#9022=CARTESIAN_POINT('',(70.5,24.5,-6.975));
#9023=CARTESIAN_POINT('',(70.5,-148.5,0.900000000000001));
#9024=CARTESIAN_POINT('',(70.5,-144.5,1.8));
#9025=CARTESIAN_POINT('Origin',(70.5,-146.5,1.8));
#9026=CARTESIAN_POINT('',(70.5,-144.5,-6.97499999999993));
#9027=CARTESIAN_POINT('',(70.5,-144.5,-2.98749999999997));
#9028=CARTESIAN_POINT('',(70.5,-131.5,-6.97499999999994));
#9029=CARTESIAN_POINT('',(70.5,24.5,-6.975));
#9030=CARTESIAN_POINT('',(70.5,-131.5,-3.3));
#9031=CARTESIAN_POINT('',(70.5,-131.5,-1.65));
#9032=CARTESIAN_POINT('',(70.5,-127.5,-3.3));
#9033=CARTESIAN_POINT('Origin',(70.5,-129.5,-3.3));
#9034=CARTESIAN_POINT('',(70.5,-127.5,-6.97499999999994));
#9035=CARTESIAN_POINT('',(70.5,-127.5,-2.98749999999997));
#9036=CARTESIAN_POINT('',(70.5,-114.,-6.97499999999995));
#9037=CARTESIAN_POINT('',(70.5,24.5,-6.975));
#9038=CARTESIAN_POINT('',(70.5,-114.,1.8));
#9039=CARTESIAN_POINT('',(70.5,-114.,0.900000000000001));
#9040=CARTESIAN_POINT('',(70.5,-110.,1.8));
#9041=CARTESIAN_POINT('Origin',(70.5,-112.,1.8));
#9042=CARTESIAN_POINT('',(70.5,-110.,-6.97499999999996));
#9043=CARTESIAN_POINT('',(70.5,-110.,-2.98749999999998));
#9044=CARTESIAN_POINT('',(70.5,-97.,-6.97499999999997));
#9045=CARTESIAN_POINT('',(70.5,24.5,-6.975));
#9046=CARTESIAN_POINT('',(70.5,-97.,-3.3));
#9047=CARTESIAN_POINT('',(70.5,-97.,-1.65));
#9048=CARTESIAN_POINT('',(70.5,-93.,-3.3));
#9049=CARTESIAN_POINT('Origin',(70.5,-95.,-3.3));
#9050=CARTESIAN_POINT('',(70.5,-93.,-6.97499999999997));
#9051=CARTESIAN_POINT('',(70.5,-93.,-2.98749999999999));
#9052=CARTESIAN_POINT('',(70.5,-79.5,-6.97499999999998));
#9053=CARTESIAN_POINT('',(70.5,24.5,-6.975));
#9054=CARTESIAN_POINT('',(70.5,-79.5,1.8));
#9055=CARTESIAN_POINT('',(70.5,-79.5,0.899999999999961));
#9056=CARTESIAN_POINT('',(70.5,-75.5,1.8));
#9057=CARTESIAN_POINT('Origin',(70.5,-77.5,1.8));
#9058=CARTESIAN_POINT('',(70.5,-75.5,-6.97499999999998));
#9059=CARTESIAN_POINT('',(70.5,-75.5,-2.98750000000003));
#9060=CARTESIAN_POINT('',(70.5,-62.5,-6.97499999999999));
#9061=CARTESIAN_POINT('',(70.5,24.5,-6.975));
#9062=CARTESIAN_POINT('',(70.5,-62.5,-3.3));
#9063=CARTESIAN_POINT('',(70.5,-62.5,-1.65));
#9064=CARTESIAN_POINT('',(70.5,-58.5,-3.3));
#9065=CARTESIAN_POINT('Origin',(70.5,-60.5,-3.3));
#9066=CARTESIAN_POINT('',(70.5,-58.5,-6.97499999999999));
#9067=CARTESIAN_POINT('',(70.5,-58.5,-2.98749999999999));
#9068=CARTESIAN_POINT('',(70.5,-45.,-6.97499999999999));
#9069=CARTESIAN_POINT('',(70.5,24.5,-6.975));
#9070=CARTESIAN_POINT('',(70.5,-45.,1.8));
#9071=CARTESIAN_POINT('',(70.5,-45.,0.9));
#9072=CARTESIAN_POINT('',(70.5,-41.,1.8));
#9073=CARTESIAN_POINT('Origin',(70.5,-43.,1.8));
#9074=CARTESIAN_POINT('',(70.5,-41.,-6.97499999999999));
#9075=CARTESIAN_POINT('',(70.5,-41.,-2.9875));
#9076=CARTESIAN_POINT('',(70.5,-28.,-6.975));
#9077=CARTESIAN_POINT('',(70.5,24.5,-6.975));
#9078=CARTESIAN_POINT('',(70.5,-28.,-3.3));
#9079=CARTESIAN_POINT('',(70.5,-28.,-1.65));
#9080=CARTESIAN_POINT('',(70.5,-24.,-3.3));
#9081=CARTESIAN_POINT('Origin',(70.5,-26.,-3.3));
#9082=CARTESIAN_POINT('',(70.5,-24.,-6.975));
#9083=CARTESIAN_POINT('',(70.5,-24.,-2.9875));
#9084=CARTESIAN_POINT('',(70.5,-10.5096573003178,-6.975));
#9085=CARTESIAN_POINT('',(70.5,24.5,-6.975));
#9086=CARTESIAN_POINT('',(70.5,-10.5096573003178,1.76288483761024));
#9087=CARTESIAN_POINT('',(70.5,-10.5096573003178,0.881442418805122));
#9088=CARTESIAN_POINT('',(70.5,-6.49034269968216,1.76288483761013));
#9089=CARTESIAN_POINT('Origin',(70.5,-8.5,1.8));
#9090=CARTESIAN_POINT('',(70.5,-6.49034269968217,-3.4875));
#9091=CARTESIAN_POINT('',(70.5,6.49999999999999,-1.64999999999932));
#9092=CARTESIAN_POINT('',(70.5,10.5,-2.98749999999893));
#9093=CARTESIAN_POINT('Origin',(41.5,-62.5,-6.975));
#9094=CARTESIAN_POINT('',(20.755,10.5,-6.975));
#9095=CARTESIAN_POINT('',(20.7550009858096,24.5,-6.975));
#9096=CARTESIAN_POINT('',(27.,10.5,-6.975));
#9097=CARTESIAN_POINT('Origin',(20.755,15.1425531292983,0.));
#9098=CARTESIAN_POINT('',(20.755,-6.49139974111323,1.875));
#9099=CARTESIAN_POINT('',(20.755,-25.7680851530262,1.875));
#9100=CARTESIAN_POINT('',(20.755,-6.49034269968216,1.76288483761013));
#9101=CARTESIAN_POINT('Origin',(20.755,-8.5,1.8));
#9102=CARTESIAN_POINT('',(20.755,-6.49034269968216,-6.975));
#9103=CARTESIAN_POINT('',(20.755,-6.49034269968216,-3.4875));
#9104=CARTESIAN_POINT('',(20.755,6.50000000000002,-6.975));
#9105=CARTESIAN_POINT('',(20.755,-23.6787234353508,-6.975));
#9106=CARTESIAN_POINT('',(20.755,6.5,-3.3));
#9107=CARTESIAN_POINT('',(20.755,6.49999999999999,-1.65000000000004));
#9108=CARTESIAN_POINT('',(20.755,10.5,-3.3));
#9109=CARTESIAN_POINT('Origin',(20.755,8.5,-3.3));
#9110=CARTESIAN_POINT('',(20.755,10.5,-2.98750000000003));
#9111=CARTESIAN_POINT('Origin',(28.7340270078181,-13.5265962589203,20.475));
#9112=CARTESIAN_POINT('Origin',(41.5,-62.5,5.675));
#9113=CARTESIAN_POINT('Origin',(41.5,-62.5,5.675));
#9114=CARTESIAN_POINT('Origin',(41.5,-52.7,5.675));
#9115=CARTESIAN_POINT('',(43.,-52.7,5.675));
#9116=CARTESIAN_POINT('Origin',(41.5,-72.7,5.675));
#9117=CARTESIAN_POINT('',(43.,-72.7,5.675));
#9118=CARTESIAN_POINT('Origin',(62.345,24.5,0.));
#9119=CARTESIAN_POINT('',(62.345,-6.49034269968216,1.76288483761013));
#9120=CARTESIAN_POINT('',(62.345,-6.49034269968216,-3.4875));
#9121=CARTESIAN_POINT('',(62.345,-6.49139974111323,1.875));
#9122=CARTESIAN_POINT('Origin',(62.345,-8.5,1.8));
#9123=CARTESIAN_POINT('',(62.345,-21.0893617176754,1.875));
#9124=CARTESIAN_POINT('Origin',(60.345,-21.0893617176754,1.875));
#9125=CARTESIAN_POINT('',(62.345,-10.5086002588868,1.875));
#9126=CARTESIAN_POINT('Ctrl Pts',(62.345,-6.49139974111325,1.87500000000056));
#9127=CARTESIAN_POINT('Ctrl Pts',(62.3449999999999,-6.49734316495957,2.03417283568461));
#9128=CARTESIAN_POINT('Ctrl Pts',(62.3254171316875,-6.52289047103108,2.19537148854658));
#9129=CARTESIAN_POINT('Ctrl Pts',(62.2309728395088,-6.63284110748538,2.58334673039977));
#9130=CARTESIAN_POINT('Ctrl Pts',(62.1308178513948,-6.74285090084151,2.79869355555476));
#9131=CARTESIAN_POINT('Ctrl Pts',(61.8323923934187,-7.06936715300988,3.25430309674571));
#9132=CARTESIAN_POINT('Ctrl Pts',(61.5903367599433,-7.33026803239822,3.46283457236604));
#9133=CARTESIAN_POINT('Ctrl Pts',(61.2433525618753,-7.73977760593461,3.66690856353583));
#9134=CARTESIAN_POINT('Ctrl Pts',(61.1316123327432,-7.87685810977029,3.71661718892342));
#9135=CARTESIAN_POINT('Ctrl Pts',(60.9885670285845,-8.09096492672651,3.76931022905206));
#9136=CARTESIAN_POINT('Ctrl Pts',(60.9452834891389,-8.16316103732345,3.78312279731787));
#9137=CARTESIAN_POINT('Ctrl Pts',(60.8768336333036,-8.31851893027589,3.80332227869305));
#9138=CARTESIAN_POINT('Ctrl Pts',(60.8507420291018,-8.40123338937629,3.81));
#9139=CARTESIAN_POINT('Ctrl Pts',(60.8507420291018,-8.5,3.81));
#9140=CARTESIAN_POINT('Ctrl Pts',(60.8507420291018,-8.59876661062371,3.81));
#9141=CARTESIAN_POINT('Ctrl Pts',(60.8768336333036,-8.68148106972412,3.80332227869305));
#9142=CARTESIAN_POINT('Ctrl Pts',(60.9452834891389,-8.83683896267655,3.78312279731787));
#9143=CARTESIAN_POINT('Ctrl Pts',(60.9885670285845,-8.9090350732735,3.76931022905206));
#9144=CARTESIAN_POINT('Ctrl Pts',(61.1316123327432,-9.12314189022972,3.71661718892341));
#9145=CARTESIAN_POINT('Ctrl Pts',(61.2433525618753,-9.2602223940654,3.66690856353583));
#9146=CARTESIAN_POINT('Ctrl Pts',(61.5903367599433,-9.6697319676018,3.46283457236603));
#9147=CARTESIAN_POINT('Ctrl Pts',(61.8323923934187,-9.93063284699013,3.25430309674571));
#9148=CARTESIAN_POINT('Ctrl Pts',(62.1308178513948,-10.2571490991585,2.79869355555476));
#9149=CARTESIAN_POINT('Ctrl Pts',(62.2309728395088,-10.3671588925146,2.58334673039977));
#9150=CARTESIAN_POINT('Ctrl Pts',(62.3254171316879,-10.4771095289694,2.19537148854493));
#9151=CARTESIAN_POINT('Ctrl Pts',(62.3450000000003,-10.502656835041,2.03417283568111));
#9152=CARTESIAN_POINT('Ctrl Pts',(62.345,-10.5086002588869,1.87499999999539));
#9153=CARTESIAN_POINT('',(62.345,-41.0014067447327,1.875));
#9154=CARTESIAN_POINT('',(62.345,-21.0893617176754,1.875));
#9155=CARTESIAN_POINT('',(62.345,-44.9985932552673,1.875));
#9156=CARTESIAN_POINT('Ctrl Pts',(62.345,-41.0014067447327,1.875));
#9157=CARTESIAN_POINT('Ctrl Pts',(62.345,-41.0070629393499,2.02572576549947));
#9158=CARTESIAN_POINT('Ctrl Pts',(62.3274823088977,-41.0303394911684,2.17821543156083));
#9159=CARTESIAN_POINT('Ctrl Pts',(62.2401912197953,-41.1332245510322,2.55770158279929));
#9160=CARTESIAN_POINT('Ctrl Pts',(62.1436731038757,-41.2400366430593,2.77312467322684));
#9161=CARTESIAN_POINT('Ctrl Pts',(61.8524020028806,-41.5612047587633,3.23254411896721));
#9162=CARTESIAN_POINT('Ctrl Pts',(61.6133702509219,-41.8207117328652,3.44431888858779));
#9163=CARTESIAN_POINT('Ctrl Pts',(61.2707969370189,-42.2315855112996,3.65285025853443));
#9164=CARTESIAN_POINT('Ctrl Pts',(61.1604728288211,-42.3697488940554,3.70394344306429));
#9165=CARTESIAN_POINT('Ctrl Pts',(61.0202891537146,-42.586559544006,3.75821582862688));
#9166=CARTESIAN_POINT('Ctrl Pts',(60.9780658134349,-42.6599314356387,3.77247860818213));
#9167=CARTESIAN_POINT('Ctrl Pts',(60.9120384983431,-42.8175428145595,3.79324539139374));
#9168=CARTESIAN_POINT('Ctrl Pts',(60.8875633603552,-42.9014671437139,3.8));
#9169=CARTESIAN_POINT('Ctrl Pts',(60.8875633603552,-43.,3.8));
#9170=CARTESIAN_POINT('Ctrl Pts',(60.8875633603552,-43.0985328562861,3.8));
#9171=CARTESIAN_POINT('Ctrl Pts',(60.9120384983431,-43.1824571854405,3.79324539139374));
#9172=CARTESIAN_POINT('Ctrl Pts',(60.9780658134349,-43.3400685643613,3.77247860818213));
#9173=CARTESIAN_POINT('Ctrl Pts',(61.0202891537146,-43.413440455994,3.75821582862688));
#9174=CARTESIAN_POINT('Ctrl Pts',(61.1604728288211,-43.6302511059446,3.70394344306429));
#9175=CARTESIAN_POINT('Ctrl Pts',(61.2707969370189,-43.7684144887004,3.65285025853442));
#9176=CARTESIAN_POINT('Ctrl Pts',(61.6133702509219,-44.1792882671348,3.44431888858779));
#9177=CARTESIAN_POINT('Ctrl Pts',(61.8524020028806,-44.4387952412367,3.23254411896721));
#9178=CARTESIAN_POINT('Ctrl Pts',(62.1436731038757,-44.7599633569408,2.77312467322684));
#9179=CARTESIAN_POINT('Ctrl Pts',(62.2401912197953,-44.8667754489678,2.55770158279929));
#9180=CARTESIAN_POINT('Ctrl Pts',(62.3274823088975,-44.9696605088313,2.17821543156174));
#9181=CARTESIAN_POINT('Ctrl Pts',(62.3449999999998,-44.9929370606498,2.0257257655014));
#9182=CARTESIAN_POINT('Ctrl Pts',(62.345,-44.9985932552672,1.87500000000286));
#9183=CARTESIAN_POINT('',(62.345,-75.5014067447327,1.875));
#9184=CARTESIAN_POINT('',(62.345,-21.0893617176754,1.875));
#9185=CARTESIAN_POINT('',(62.345,-79.4985932552673,1.875));
#9186=CARTESIAN_POINT('Ctrl Pts',(62.345,-75.5014067447327,1.875));
#9187=CARTESIAN_POINT('Ctrl Pts',(62.345,-75.5070629393499,2.02572576549946));
#9188=CARTESIAN_POINT('Ctrl Pts',(62.3274823088977,-75.5303394911684,2.17821543156082));
#9189=CARTESIAN_POINT('Ctrl Pts',(62.2401912197953,-75.6332245510322,2.55770158279929));
#9190=CARTESIAN_POINT('Ctrl Pts',(62.1436731038757,-75.7400366430593,2.77312467322684));
#9191=CARTESIAN_POINT('Ctrl Pts',(61.8524020028806,-76.0612047587633,3.23254411896721));
#9192=CARTESIAN_POINT('Ctrl Pts',(61.6133702509219,-76.3207117328652,3.44431888858779));
#9193=CARTESIAN_POINT('Ctrl Pts',(61.2707969370189,-76.7315855112996,3.65285025853443));
#9194=CARTESIAN_POINT('Ctrl Pts',(61.1604728288211,-76.8697488940554,3.70394344306429));
#9195=CARTESIAN_POINT('Ctrl Pts',(61.0202891537146,-77.086559544006,3.75821582862688));
#9196=CARTESIAN_POINT('Ctrl Pts',(60.9780658134349,-77.1599314356387,3.77247860818213));
#9197=CARTESIAN_POINT('Ctrl Pts',(60.9120384983431,-77.3175428145595,3.79324539139374));
#9198=CARTESIAN_POINT('Ctrl Pts',(60.8875633603552,-77.4014671437139,3.8));
#9199=CARTESIAN_POINT('Ctrl Pts',(60.8875633603552,-77.5,3.8));
#9200=CARTESIAN_POINT('Ctrl Pts',(60.8875633603552,-77.5985328562861,3.8));
#9201=CARTESIAN_POINT('Ctrl Pts',(60.9120384983431,-77.6824571854405,3.79324539139374));
#9202=CARTESIAN_POINT('Ctrl Pts',(60.9780658134349,-77.8400685643613,3.77247860818213));
#9203=CARTESIAN_POINT('Ctrl Pts',(61.0202891537146,-77.913440455994,3.75821582862688));
#9204=CARTESIAN_POINT('Ctrl Pts',(61.1604728288211,-78.1302511059446,3.70394344306429));
#9205=CARTESIAN_POINT('Ctrl Pts',(61.2707969370189,-78.2684144887004,3.65285025853443));
#9206=CARTESIAN_POINT('Ctrl Pts',(61.6133702509219,-78.6792882671348,3.44431888858779));
#9207=CARTESIAN_POINT('Ctrl Pts',(61.8524020028806,-78.9387952412367,3.23254411896721));
#9208=CARTESIAN_POINT('Ctrl Pts',(62.1436731038757,-79.2599633569408,2.77312467322684));
#9209=CARTESIAN_POINT('Ctrl Pts',(62.2401912197953,-79.3667754489678,2.55770158279929));
#9210=CARTESIAN_POINT('Ctrl Pts',(62.3274823088975,-79.4696605088313,2.17821543156174));
#9211=CARTESIAN_POINT('Ctrl Pts',(62.3449999999998,-79.4929370606498,2.02572576550139));
#9212=CARTESIAN_POINT('Ctrl Pts',(62.345,-79.4985932552672,1.87500000000286));
#9213=CARTESIAN_POINT('',(62.345,-110.001406744733,1.875));
#9214=CARTESIAN_POINT('',(62.345,-21.0893617176754,1.875));
#9215=CARTESIAN_POINT('',(62.345,-113.998593255267,1.875));
#9216=CARTESIAN_POINT('Ctrl Pts',(62.345,-110.001406744733,1.875));
#9217=CARTESIAN_POINT('Ctrl Pts',(62.345,-110.00706293935,2.02572576549946));
#9218=CARTESIAN_POINT('Ctrl Pts',(62.3274823088977,-110.030339491168,2.17821543156081));
#9219=CARTESIAN_POINT('Ctrl Pts',(62.2401912197953,-110.133224551032,2.55770158279927));
#9220=CARTESIAN_POINT('Ctrl Pts',(62.1436731038757,-110.240036643059,2.77312467322682));
#9221=CARTESIAN_POINT('Ctrl Pts',(61.8524020028806,-110.561204758763,3.23254411896719));
#9222=CARTESIAN_POINT('Ctrl Pts',(61.6133702509219,-110.820711732865,3.44431888858777));
#9223=CARTESIAN_POINT('Ctrl Pts',(61.2707969370189,-111.2315855113,3.65285025853441));
#9224=CARTESIAN_POINT('Ctrl Pts',(61.1604728288211,-111.369748894055,3.70394344306428));
#9225=CARTESIAN_POINT('Ctrl Pts',(61.0202891537147,-111.586559544006,3.75821582862687));
#9226=CARTESIAN_POINT('Ctrl Pts',(60.9780658134349,-111.659931435639,3.77247860818212));
#9227=CARTESIAN_POINT('Ctrl Pts',(60.9120384983432,-111.81754281456,3.79324539139373));
#9228=CARTESIAN_POINT('Ctrl Pts',(60.8875633603553,-111.901467143714,3.79999999999999));
#9229=CARTESIAN_POINT('Ctrl Pts',(60.8875633603553,-112.,3.79999999999999));
#9230=CARTESIAN_POINT('Ctrl Pts',(60.8875633603553,-112.098532856286,3.79999999999999));
#9231=CARTESIAN_POINT('Ctrl Pts',(60.9120384983432,-112.182457185441,3.79324539139373));
#9232=CARTESIAN_POINT('Ctrl Pts',(60.9780658134349,-112.340068564361,3.77247860818212));
#9233=CARTESIAN_POINT('Ctrl Pts',(61.0202891537147,-112.413440455994,3.75821582862687));
#9234=CARTESIAN_POINT('Ctrl Pts',(61.1604728288211,-112.630251105945,3.70394344306428));
#9235=CARTESIAN_POINT('Ctrl Pts',(61.2707969370189,-112.7684144887,3.65285025853441));
#9236=CARTESIAN_POINT('Ctrl Pts',(61.6133702509219,-113.179288267135,3.44431888858777));
#9237=CARTESIAN_POINT('Ctrl Pts',(61.8524020028806,-113.438795241237,3.23254411896719));
#9238=CARTESIAN_POINT('Ctrl Pts',(62.1436731038757,-113.759963356941,2.77312467322682));
#9239=CARTESIAN_POINT('Ctrl Pts',(62.2401912197953,-113.866775448968,2.55770158279927));
#9240=CARTESIAN_POINT('Ctrl Pts',(62.3274823088975,-113.969660508831,2.17821543156173));
#9241=CARTESIAN_POINT('Ctrl Pts',(62.3449999999998,-113.99293706065,2.02572576550139));
#9242=CARTESIAN_POINT('Ctrl Pts',(62.345,-113.998593255267,1.87500000000286));
#9243=CARTESIAN_POINT('',(62.345,-144.501406744733,1.875));
#9244=CARTESIAN_POINT('',(62.345,-21.0893617176754,1.875));
#9245=CARTESIAN_POINT('',(61.2167797868606,-145.804029455852,3.67500000089477));
#9246=CARTESIAN_POINT('Ctrl Pts',(62.345,-144.501406744733,1.875));
#9247=CARTESIAN_POINT('Ctrl Pts',(62.345,-144.50706293935,2.02572576549946));
#9248=CARTESIAN_POINT('Ctrl Pts',(62.3274823088977,-144.530339491168,2.17821543156081));
#9249=CARTESIAN_POINT('Ctrl Pts',(62.2401912197953,-144.633224551032,2.55770158279927));
#9250=CARTESIAN_POINT('Ctrl Pts',(62.1436731038757,-144.740036643059,2.77312467322681));
#9251=CARTESIAN_POINT('Ctrl Pts',(61.8524020028806,-145.061204758763,3.23254411896719));
#9252=CARTESIAN_POINT('Ctrl Pts',(61.6133702509219,-145.320711732865,3.44431888858777));
#9253=CARTESIAN_POINT('Ctrl Pts',(61.3272902983771,-145.663828800851,3.61846159614068));
#9254=CARTESIAN_POINT('Ctrl Pts',(61.2708091392027,-145.733531835475,3.64883239129406));
#9255=CARTESIAN_POINT('Ctrl Pts',(61.216779787396,-145.804029456358,3.67500000063549));
#9256=CARTESIAN_POINT('Origin',(60.345,-145.804029454646,1.875));
#9257=CARTESIAN_POINT('Ctrl Pts',(60.3450000000031,-77.4302919627677,3.875));
#9258=CARTESIAN_POINT('Ctrl Pts',(60.3491463254014,-77.4286570407943,3.87499999999999));
#9259=CARTESIAN_POINT('Ctrl Pts',(60.3532822277224,-77.4269941966027,3.87498710485657));
#9260=CARTESIAN_POINT('Ctrl Pts',(60.4801390544887,-77.3750031218704,3.87420012964079));
#9261=CARTESIAN_POINT('Ctrl Pts',(60.5925318682836,-77.2988144689773,3.86165873512787));
#9262=CARTESIAN_POINT('Ctrl Pts',(60.7710691384512,-77.1223386898204,3.83121627245615));
#9263=CARTESIAN_POINT('Ctrl Pts',(60.8488416039301,-77.009841086813,3.81124632394336));
#9264=CARTESIAN_POINT('Ctrl Pts',(60.9524171603081,-76.7623953307779,3.78129241482125));
#9265=CARTESIAN_POINT('Ctrl Pts',(60.9781800737794,-76.6273322126369,3.77212492845588));
#9266=CARTESIAN_POINT('Ctrl Pts',(60.9781800737794,-76.4999999969177,3.77212492845588));
#9267=CARTESIAN_POINT('Ctrl Pts',(60.9781800737794,-76.3726677811985,3.77212492845588));
#9268=CARTESIAN_POINT('Ctrl Pts',(60.9524171603081,-76.2376046630574,3.78129241482125));
#9269=CARTESIAN_POINT('Ctrl Pts',(60.8488416039301,-75.9901589070223,3.81124632394336));
#9270=CARTESIAN_POINT('Ctrl Pts',(60.7710691384512,-75.8776613040149,3.83121627245615));
#9271=CARTESIAN_POINT('Ctrl Pts',(60.5925318682836,-75.701185524858,3.86165873512787));
#9272=CARTESIAN_POINT('Ctrl Pts',(60.4801390544887,-75.6249968719649,3.87420012964079));
#9273=CARTESIAN_POINT('Ctrl Pts',(60.3532822277213,-75.5730057972322,3.87498710485657));
#9274=CARTESIAN_POINT('Ctrl Pts',(60.3491463253994,-75.5713429530402,3.875));
#9275=CARTESIAN_POINT('Ctrl Pts',(60.345,-75.5697080310664,3.875));
#9276=CARTESIAN_POINT('Origin',(62.345,24.5,0.));
#9277=CARTESIAN_POINT('',(62.345,-114.,1.8));
#9278=CARTESIAN_POINT('Origin',(62.345,-112.,1.8));
#9279=CARTESIAN_POINT('',(62.345,-114.,-6.975));
#9280=CARTESIAN_POINT('',(62.345,-114.,-5.975));
#9281=CARTESIAN_POINT('',(62.345,-127.5,-6.975));
#9282=CARTESIAN_POINT('',(62.345,15.1425531292983,-6.975));
#9283=CARTESIAN_POINT('',(62.345,-127.5,-3.3));
#9284=CARTESIAN_POINT('',(62.345,-127.5,-5.975));
#9285=CARTESIAN_POINT('',(62.345,-131.5,-3.3));
#9286=CARTESIAN_POINT('Origin',(62.345,-129.5,-3.3));
#9287=CARTESIAN_POINT('',(62.345,-131.5,-6.975));
#9288=CARTESIAN_POINT('',(62.345,-131.5,-5.975));
#9289=CARTESIAN_POINT('',(62.345,-144.5,-6.975));
#9290=CARTESIAN_POINT('',(62.345,15.1425531292983,-6.975));
#9291=CARTESIAN_POINT('',(62.345,-144.5,1.8));
#9292=CARTESIAN_POINT('',(62.345,-144.5,-2.98749999999977));
#9293=CARTESIAN_POINT('Origin',(62.345,-146.5,1.8));
#9294=CARTESIAN_POINT('Origin',(62.345,24.5,0.));
#9295=CARTESIAN_POINT('',(62.345,-79.5,1.8));
#9296=CARTESIAN_POINT('Origin',(62.345,-77.5,1.8));
#9297=CARTESIAN_POINT('',(62.345,-79.5,-6.975));
#9298=CARTESIAN_POINT('',(62.345,-79.5,-5.975));
#9299=CARTESIAN_POINT('',(62.345,-93.,-6.975));
#9300=CARTESIAN_POINT('',(62.345,15.1425531292983,-6.975));
#9301=CARTESIAN_POINT('',(62.345,-93.,-3.3));
#9302=CARTESIAN_POINT('',(62.345,-93.,-5.975));
#9303=CARTESIAN_POINT('',(62.345,-97.,-3.3));
#9304=CARTESIAN_POINT('Origin',(62.345,-95.,-3.3));
#9305=CARTESIAN_POINT('',(62.345,-97.,-6.975));
#9306=CARTESIAN_POINT('',(62.345,-97.,-5.975));
#9307=CARTESIAN_POINT('',(62.345,-110.,-6.975));
#9308=CARTESIAN_POINT('',(62.345,15.1425531292983,-6.975));
#9309=CARTESIAN_POINT('',(62.345,-110.,1.8));
#9310=CARTESIAN_POINT('',(62.345,-110.,-5.975));
#9311=CARTESIAN_POINT('Origin',(62.345,-112.,1.8));
#9312=CARTESIAN_POINT('Origin',(62.345,24.5,0.));
#9313=CARTESIAN_POINT('',(62.345,-45.,1.8));
#9314=CARTESIAN_POINT('Origin',(62.345,-43.,1.8));
#9315=CARTESIAN_POINT('',(62.345,-45.,-6.975));
#9316=CARTESIAN_POINT('',(62.345,-45.,-5.975));
#9317=CARTESIAN_POINT('',(62.345,-58.5,-6.975));
#9318=CARTESIAN_POINT('',(62.345,15.1425531292983,-6.975));
#9319=CARTESIAN_POINT('',(62.345,-58.5,-3.3));
#9320=CARTESIAN_POINT('',(62.345,-58.5,-5.975));
#9321=CARTESIAN_POINT('',(62.345,-62.5,-3.3));
#9322=CARTESIAN_POINT('Origin',(62.345,-60.5,-3.3));
#9323=CARTESIAN_POINT('',(62.345,-62.5,-6.975));
#9324=CARTESIAN_POINT('',(62.345,-62.5,-5.975));
#9325=CARTESIAN_POINT('',(62.345,-75.5,-6.975));
#9326=CARTESIAN_POINT('',(62.345,15.1425531292983,-6.975));
#9327=CARTESIAN_POINT('',(62.345,-75.5,1.8));
#9328=CARTESIAN_POINT('',(62.345,-75.5,-5.975));
#9329=CARTESIAN_POINT('Origin',(62.345,-77.5,1.8));
#9330=CARTESIAN_POINT('Origin',(22.755,-25.7680851530262,1.875));
#9331=CARTESIAN_POINT('',(21.6286682693525,-59.6334141531254,3.52768776014604));
#9332=CARTESIAN_POINT('Ctrl Pts',(22.755,-58.6414261018709,3.875));
#9333=CARTESIAN_POINT('Ctrl Pts',(22.7124927554521,-58.6360127163347,3.875));
#9334=CARTESIAN_POINT('Ctrl Pts',(22.6701434352236,-58.6334141531254,3.87363114248776));
#9335=CARTESIAN_POINT('Ctrl Pts',(22.4989079294999,-58.6334141531254,3.86279326080883));
#9336=CARTESIAN_POINT('Ctrl Pts',(22.3630327629058,-58.6601154424,3.84035249945286));
#9337=CARTESIAN_POINT('Ctrl Pts',(22.1166932789968,-58.764072932865,3.7746876777337));
#9338=CARTESIAN_POINT('Ctrl Pts',(22.0060385761868,-58.8411832271908,3.73194796170496));
#9339=CARTESIAN_POINT('Ctrl Pts',(21.8326095753685,-59.0159200563016,3.65213841981034));
#9340=CARTESIAN_POINT('Ctrl Pts',(21.7569469460622,-59.1258615590571,3.60920831538918));
#9341=CARTESIAN_POINT('Ctrl Pts',(21.6549418913754,-59.3700434164463,3.54636499163887));
#9342=CARTESIAN_POINT('Ctrl Pts',(21.6286682693525,-59.5046289195406,3.52768776014604));
#9343=CARTESIAN_POINT('Ctrl Pts',(21.6286682693525,-59.6334141531254,3.52768776014604));
#9344=CARTESIAN_POINT('Ctrl Pts',(21.6286682693525,-59.6334141531254,3.52768776014604));
#9345=CARTESIAN_POINT('Ctrl Pts',(21.6286682693525,-59.7621993867101,3.52768776014604));
#9346=CARTESIAN_POINT('Ctrl Pts',(21.6549418913754,-59.8967848898044,3.54636499163887));
#9347=CARTESIAN_POINT('Ctrl Pts',(21.7569469460622,-60.1409667471936,3.60920831538918));
#9348=CARTESIAN_POINT('Ctrl Pts',(21.8326095753685,-60.2509082499491,3.65213841981034));
#9349=CARTESIAN_POINT('Ctrl Pts',(22.0060385761868,-60.4256450790599,3.73194796170496));
#9350=CARTESIAN_POINT('Ctrl Pts',(22.1166932789968,-60.5027553733857,3.7746876777337));
#9351=CARTESIAN_POINT('Ctrl Pts',(22.3630327629058,-60.6067128638507,3.84035249945286));
#9352=CARTESIAN_POINT('Ctrl Pts',(22.4989079294999,-60.6334141531254,3.86279326080883));
#9353=CARTESIAN_POINT('Ctrl Pts',(22.6701434352236,-60.6334141531254,3.87363114248776));
#9354=CARTESIAN_POINT('Ctrl Pts',(22.7124927554521,-60.6308155899161,3.875));
#9355=CARTESIAN_POINT('Ctrl Pts',(22.755,-60.6254022043798,3.875));
#9356=CARTESIAN_POINT('',(20.755,-142.405668708739,1.875));
#9357=CARTESIAN_POINT('Ctrl Pts',(22.755,-143.924014797077,3.875));
#9358=CARTESIAN_POINT('Ctrl Pts',(22.7206785228259,-143.920062352503,3.875));
#9359=CARTESIAN_POINT('Ctrl Pts',(22.6867690146477,-143.916396168927,3.87411437301525));
#9360=CARTESIAN_POINT('Ctrl Pts',(22.3186027122956,-143.878908137587,3.85539460259039));
#9361=CARTESIAN_POINT('Ctrl Pts',(21.9722841947097,-143.876151882305,3.7462364625766));
#9362=CARTESIAN_POINT('Ctrl Pts',(21.5437880719975,-143.794793933983,3.47547520928541));
#9363=CARTESIAN_POINT('Ctrl Pts',(21.4149833528605,-143.75188237299,3.3680854210083));
#9364=CARTESIAN_POINT('Ctrl Pts',(21.1972210235516,-143.624393430095,3.13922858430875));
#9365=CARTESIAN_POINT('Ctrl Pts',(21.1078755191399,-143.540233302455,3.01789856165125));
#9366=CARTESIAN_POINT('Ctrl Pts',(20.831241329936,-143.16738748,2.55363518601358));
#9367=CARTESIAN_POINT('Ctrl Pts',(20.755,-142.794878447567,2.21100056068345));
#9368=CARTESIAN_POINT('Ctrl Pts',(20.755,-142.405668708739,1.875));
#9369=CARTESIAN_POINT('',(20.755,-113.998593255267,1.875));
#9370=CARTESIAN_POINT('',(20.755,-25.7680851530262,1.875));
#9371=CARTESIAN_POINT('',(20.755,-110.001406744733,1.875));
#9372=CARTESIAN_POINT('Ctrl Pts',(20.755,-113.998593255267,1.875));
#9373=CARTESIAN_POINT('Ctrl Pts',(20.755,-113.99293706065,2.02572576549946));
#9374=CARTESIAN_POINT('Ctrl Pts',(20.7725176911023,-113.969660508832,2.17821543156081));
#9375=CARTESIAN_POINT('Ctrl Pts',(20.8598087802047,-113.866775448968,2.55770158279927));
#9376=CARTESIAN_POINT('Ctrl Pts',(20.9563268961243,-113.759963356941,2.77312467322682));
#9377=CARTESIAN_POINT('Ctrl Pts',(21.2475979971194,-113.438795241237,3.23254411896719));
#9378=CARTESIAN_POINT('Ctrl Pts',(21.4866297490781,-113.179288267135,3.44431888858777));
#9379=CARTESIAN_POINT('Ctrl Pts',(21.829203062981,-112.7684144887,3.65285025853442));
#9380=CARTESIAN_POINT('Ctrl Pts',(21.9395271711789,-112.630251105945,3.70394344306428));
#9381=CARTESIAN_POINT('Ctrl Pts',(22.0797108462853,-112.413440455994,3.75821582862687));
#9382=CARTESIAN_POINT('Ctrl Pts',(22.1219341865651,-112.340068564361,3.77247860818212));
#9383=CARTESIAN_POINT('Ctrl Pts',(22.1879615016568,-112.18245718544,3.79324539139373));
#9384=CARTESIAN_POINT('Ctrl Pts',(22.2124366396447,-112.098532856286,3.79999999999999));
#9385=CARTESIAN_POINT('Ctrl Pts',(22.2124366396447,-112.,3.79999999999999));
#9386=CARTESIAN_POINT('Ctrl Pts',(22.2124366396447,-111.901467143714,3.79999999999999));
#9387=CARTESIAN_POINT('Ctrl Pts',(22.1879615016568,-111.81754281456,3.79324539139373));
#9388=CARTESIAN_POINT('Ctrl Pts',(22.1219341865651,-111.659931435639,3.77247860818212));
#9389=CARTESIAN_POINT('Ctrl Pts',(22.0797108462853,-111.586559544006,3.75821582862687));
#9390=CARTESIAN_POINT('Ctrl Pts',(21.9395271711789,-111.369748894055,3.70394344306428));
#9391=CARTESIAN_POINT('Ctrl Pts',(21.829203062981,-111.2315855113,3.65285025853442));
#9392=CARTESIAN_POINT('Ctrl Pts',(21.4866297490781,-110.820711732865,3.44431888858777));
#9393=CARTESIAN_POINT('Ctrl Pts',(21.2475979971194,-110.561204758763,3.23254411896719));
#9394=CARTESIAN_POINT('Ctrl Pts',(20.9563268961243,-110.240036643059,2.77312467322682));
#9395=CARTESIAN_POINT('Ctrl Pts',(20.8598087802047,-110.133224551032,2.55770158279928));
#9396=CARTESIAN_POINT('Ctrl Pts',(20.7725176911025,-110.030339491169,2.17821543156173));
#9397=CARTESIAN_POINT('Ctrl Pts',(20.7550000000002,-110.00706293935,2.02572576550139));
#9398=CARTESIAN_POINT('Ctrl Pts',(20.755,-110.001406744733,1.87500000000286));
#9399=CARTESIAN_POINT('',(20.755,-79.4985932552673,1.875));
#9400=CARTESIAN_POINT('',(20.755,-25.7680851530262,1.875));
#9401=CARTESIAN_POINT('',(20.755,-75.5014067447327,1.875));
#9402=CARTESIAN_POINT('Ctrl Pts',(20.755,-79.4985932552673,1.875));
#9403=CARTESIAN_POINT('Ctrl Pts',(20.755,-79.4929370606501,2.02572576549947));
#9404=CARTESIAN_POINT('Ctrl Pts',(20.7725176911023,-79.4696605088316,2.17821543156083));
#9405=CARTESIAN_POINT('Ctrl Pts',(20.8598087802047,-79.3667754489678,2.5577015827993));
#9406=CARTESIAN_POINT('Ctrl Pts',(20.9563268961243,-79.2599633569408,2.77312467322684));
#9407=CARTESIAN_POINT('Ctrl Pts',(21.2475979971194,-78.9387952412367,3.23254411896721));
#9408=CARTESIAN_POINT('Ctrl Pts',(21.4866297490781,-78.6792882671348,3.44431888858779));
#9409=CARTESIAN_POINT('Ctrl Pts',(21.8292030629811,-78.2684144887004,3.65285025853443));
#9410=CARTESIAN_POINT('Ctrl Pts',(21.9395271711789,-78.1302511059446,3.70394344306429));
#9411=CARTESIAN_POINT('Ctrl Pts',(22.0797108462854,-77.913440455994,3.75821582862688));
#9412=CARTESIAN_POINT('Ctrl Pts',(22.1219341865651,-77.8400685643613,3.77247860818213));
#9413=CARTESIAN_POINT('Ctrl Pts',(22.1879615016569,-77.6824571854405,3.79324539139374));
#9414=CARTESIAN_POINT('Ctrl Pts',(22.2124366396448,-77.5985328562861,3.8));
#9415=CARTESIAN_POINT('Ctrl Pts',(22.2124366396448,-77.5,3.8));
#9416=CARTESIAN_POINT('Ctrl Pts',(22.2124366396448,-77.4014671437139,3.8));
#9417=CARTESIAN_POINT('Ctrl Pts',(22.1879615016569,-77.3175428145595,3.79324539139374));
#9418=CARTESIAN_POINT('Ctrl Pts',(22.1219341865651,-77.1599314356387,3.77247860818213));
#9419=CARTESIAN_POINT('Ctrl Pts',(22.0797108462854,-77.086559544006,3.75821582862689));
#9420=CARTESIAN_POINT('Ctrl Pts',(21.9395271711789,-76.8697488940554,3.70394344306429));
#9421=CARTESIAN_POINT('Ctrl Pts',(21.8292030629811,-76.7315855112996,3.65285025853443));
#9422=CARTESIAN_POINT('Ctrl Pts',(21.4866297490781,-76.3207117328652,3.44431888858779));
#9423=CARTESIAN_POINT('Ctrl Pts',(21.2475979971194,-76.0612047587633,3.23254411896721));
#9424=CARTESIAN_POINT('Ctrl Pts',(20.9563268961243,-75.7400366430593,2.77312467322684));
#9425=CARTESIAN_POINT('Ctrl Pts',(20.8598087802047,-75.6332245510322,2.5577015827993));
#9426=CARTESIAN_POINT('Ctrl Pts',(20.7725176911025,-75.5303394911687,2.17821543156174));
#9427=CARTESIAN_POINT('Ctrl Pts',(20.7550000000002,-75.5070629393502,2.0257257655014));
#9428=CARTESIAN_POINT('Ctrl Pts',(20.755,-75.5014067447328,1.87500000000285));
#9429=CARTESIAN_POINT('',(20.755,-44.9985932552673,1.875));
#9430=CARTESIAN_POINT('',(20.755,-25.7680851530262,1.875));
#9431=CARTESIAN_POINT('',(20.755,-41.0014067447327,1.875));
#9432=CARTESIAN_POINT('Ctrl Pts',(20.755,-44.9985932552673,1.875));
#9433=CARTESIAN_POINT('Ctrl Pts',(20.755,-44.9929370606501,2.02572576549947));
#9434=CARTESIAN_POINT('Ctrl Pts',(20.7725176911023,-44.9696605088316,2.17821543156083));
#9435=CARTESIAN_POINT('Ctrl Pts',(20.8598087802047,-44.8667754489678,2.5577015827993));
#9436=CARTESIAN_POINT('Ctrl Pts',(20.9563268961243,-44.7599633569408,2.77312467322684));
#9437=CARTESIAN_POINT('Ctrl Pts',(21.2475979971194,-44.4387952412367,3.23254411896721));
#9438=CARTESIAN_POINT('Ctrl Pts',(21.4866297490781,-44.1792882671348,3.44431888858779));
#9439=CARTESIAN_POINT('Ctrl Pts',(21.8292030629811,-43.7684144887004,3.65285025853442));
#9440=CARTESIAN_POINT('Ctrl Pts',(21.9395271711789,-43.6302511059446,3.70394344306429));
#9441=CARTESIAN_POINT('Ctrl Pts',(22.0797108462854,-43.413440455994,3.75821582862688));
#9442=CARTESIAN_POINT('Ctrl Pts',(22.1219341865651,-43.3400685643613,3.77247860818213));
#9443=CARTESIAN_POINT('Ctrl Pts',(22.1879615016569,-43.1824571854405,3.79324539139374));
#9444=CARTESIAN_POINT('Ctrl Pts',(22.2124366396447,-43.0985328562861,3.8));
#9445=CARTESIAN_POINT('Ctrl Pts',(22.2124366396447,-43.,3.8));
#9446=CARTESIAN_POINT('Ctrl Pts',(22.2124366396447,-42.9014671437139,3.8));
#9447=CARTESIAN_POINT('Ctrl Pts',(22.1879615016569,-42.8175428145595,3.79324539139374));
#9448=CARTESIAN_POINT('Ctrl Pts',(22.1219341865651,-42.6599314356387,3.77247860818213));
#9449=CARTESIAN_POINT('Ctrl Pts',(22.0797108462854,-42.586559544006,3.75821582862688));
#9450=CARTESIAN_POINT('Ctrl Pts',(21.9395271711789,-42.3697488940554,3.70394344306429));
#9451=CARTESIAN_POINT('Ctrl Pts',(21.8292030629811,-42.2315855112996,3.65285025853442));
#9452=CARTESIAN_POINT('Ctrl Pts',(21.4866297490781,-41.8207117328652,3.44431888858779));
#9453=CARTESIAN_POINT('Ctrl Pts',(21.2475979971194,-41.5612047587633,3.23254411896721));
#9454=CARTESIAN_POINT('Ctrl Pts',(20.9563268961243,-41.2400366430593,2.77312467322684));
#9455=CARTESIAN_POINT('Ctrl Pts',(20.8598087802047,-41.1332245510322,2.5577015827993));
#9456=CARTESIAN_POINT('Ctrl Pts',(20.7725176911025,-41.0303394911687,2.17821543156174));
#9457=CARTESIAN_POINT('Ctrl Pts',(20.7550000000002,-41.0070629393502,2.0257257655014));
#9458=CARTESIAN_POINT('Ctrl Pts',(20.755,-41.0014067447328,1.87500000000286));
#9459=CARTESIAN_POINT('',(20.755,-10.5086002588868,1.875));
#9460=CARTESIAN_POINT('',(20.755,-25.7680851530262,1.875));
#9461=CARTESIAN_POINT('Ctrl Pts',(20.755,-10.5086002588868,1.87500000000055));
#9462=CARTESIAN_POINT('Ctrl Pts',(20.7550000000001,-10.5026568350404,2.03417283568461));
#9463=CARTESIAN_POINT('Ctrl Pts',(20.7745828683125,-10.4771095289689,2.19537148854658));
#9464=CARTESIAN_POINT('Ctrl Pts',(20.8690271604912,-10.3671588925146,2.58334673039977));
#9465=CARTESIAN_POINT('Ctrl Pts',(20.9691821486052,-10.2571490991585,2.79869355555476));
#9466=CARTESIAN_POINT('Ctrl Pts',(21.2676076065813,-9.93063284699012,3.25430309674571));
#9467=CARTESIAN_POINT('Ctrl Pts',(21.5096632400567,-9.66973196760179,3.46283457236603));
#9468=CARTESIAN_POINT('Ctrl Pts',(21.8566474381247,-9.2602223940654,3.66690856353583));
#9469=CARTESIAN_POINT('Ctrl Pts',(21.9683876672568,-9.12314189022971,3.71661718892342));
#9470=CARTESIAN_POINT('Ctrl Pts',(22.1114329714155,-8.90903507327349,3.76931022905206));
#9471=CARTESIAN_POINT('Ctrl Pts',(22.1547165108611,-8.83683896267655,3.78312279731787));
#9472=CARTESIAN_POINT('Ctrl Pts',(22.2231663666964,-8.68148106972411,3.80332227869305));
#9473=CARTESIAN_POINT('Ctrl Pts',(22.2492579708982,-8.59876661062371,3.81));
#9474=CARTESIAN_POINT('Ctrl Pts',(22.2492579708982,-8.5,3.81));
#9475=CARTESIAN_POINT('Ctrl Pts',(22.2492579708982,-8.40123338937629,3.81));
#9476=CARTESIAN_POINT('Ctrl Pts',(22.2231663666964,-8.31851893027589,3.80332227869305));
#9477=CARTESIAN_POINT('Ctrl Pts',(22.1547165108611,-8.16316103732346,3.78312279731787));
#9478=CARTESIAN_POINT('Ctrl Pts',(22.1114329714155,-8.09096492672651,3.76931022905206));
#9479=CARTESIAN_POINT('Ctrl Pts',(21.9683876672568,-7.87685810977029,3.71661718892342));
#9480=CARTESIAN_POINT('Ctrl Pts',(21.8566474381247,-7.73977760593461,3.66690856353583));
#9481=CARTESIAN_POINT('Ctrl Pts',(21.5096632400567,-7.33026803239821,3.46283457236603));
#9482=CARTESIAN_POINT('Ctrl Pts',(21.2676076065813,-7.06936715300988,3.25430309674571));
#9483=CARTESIAN_POINT('Ctrl Pts',(20.9691821486052,-6.74285090084151,2.79869355555476));
#9484=CARTESIAN_POINT('Ctrl Pts',(20.8690271604912,-6.63284110748538,2.58334673039977));
#9485=CARTESIAN_POINT('Ctrl Pts',(20.774582868312,-6.52289047103061,2.19537148854493));
#9486=CARTESIAN_POINT('Ctrl Pts',(20.7549999999996,-6.49734316495903,2.03417283568111));
#9487=CARTESIAN_POINT('Ctrl Pts',(20.755,-6.49139974111306,1.87499999999538));
#9488=CARTESIAN_POINT('Origin',(41.5,-66.6787234353508,3.875));
#9489=CARTESIAN_POINT('',(20.9985511087413,-145.804029454646,3.875));
#9490=CARTESIAN_POINT('',(19.5,-145.804029454646,3.875));
#9491=CARTESIAN_POINT('',(19.5,-145.804029454646,3.875));
#9492=CARTESIAN_POINT('Origin',(22.5719545308765,-145.513509797457,3.875));
#9493=CARTESIAN_POINT('',(19.5,-107.589361717675,3.875));
#9494=CARTESIAN_POINT('Origin',(20.755,15.1425531292983,0.));
#9495=CARTESIAN_POINT('',(20.755,-41.,1.8));
#9496=CARTESIAN_POINT('Origin',(20.755,-43.,1.8));
#9497=CARTESIAN_POINT('',(20.755,-41.,-6.975));
#9498=CARTESIAN_POINT('',(20.755,-41.,-2.9875));
#9499=CARTESIAN_POINT('',(20.755,-28.,-6.975));
#9500=CARTESIAN_POINT('',(20.755,-23.6787234353508,-6.975));
#9501=CARTESIAN_POINT('',(20.755,-28.,-3.3));
#9502=CARTESIAN_POINT('',(20.755,-28.,-1.65));
#9503=CARTESIAN_POINT('',(20.755,-24.,-3.3));
#9504=CARTESIAN_POINT('Origin',(20.755,-26.,-3.3));
#9505=CARTESIAN_POINT('',(20.755,-24.,-6.975));
#9506=CARTESIAN_POINT('',(20.755,-24.,-2.9875));
#9507=CARTESIAN_POINT('',(20.755,-10.5096573003178,-6.975));
#9508=CARTESIAN_POINT('',(20.755,-23.6787234353508,-6.975));
#9509=CARTESIAN_POINT('',(20.755,-10.5096573003178,1.76288483761024));
#9510=CARTESIAN_POINT('',(20.755,-10.5096573003178,0.881442418805122));
#9511=CARTESIAN_POINT('Origin',(20.755,-8.5,1.8));
#9512=CARTESIAN_POINT('Origin',(20.755,15.1425531292983,0.));
#9513=CARTESIAN_POINT('',(20.755,-75.5,1.8));
#9514=CARTESIAN_POINT('Origin',(20.755,-77.5,1.8));
#9515=CARTESIAN_POINT('',(20.755,-75.5,-6.975));
#9516=CARTESIAN_POINT('',(20.755,-75.5,-2.98749999999994));
#9517=CARTESIAN_POINT('',(20.755,-62.5,-6.975));
#9518=CARTESIAN_POINT('',(20.755,-23.6787234353508,-6.975));
#9519=CARTESIAN_POINT('',(20.755,-62.5,-3.3));
#9520=CARTESIAN_POINT('',(20.755,-62.5,-1.65));
#9521=CARTESIAN_POINT('',(20.755,-58.5,-3.3));
#9522=CARTESIAN_POINT('Origin',(20.755,-60.5,-3.3));
#9523=CARTESIAN_POINT('',(20.755,-58.5,-6.975));
#9524=CARTESIAN_POINT('',(20.755,-58.5,-2.98749999999999));
#9525=CARTESIAN_POINT('',(20.755,-45.,-6.975));
#9526=CARTESIAN_POINT('',(20.755,-23.6787234353508,-6.975));
#9527=CARTESIAN_POINT('',(20.755,-45.,1.8));
#9528=CARTESIAN_POINT('',(20.755,-45.,0.9));
#9529=CARTESIAN_POINT('Origin',(20.755,-43.,1.8));
#9530=CARTESIAN_POINT('Origin',(20.755,15.1425531292983,0.));
#9531=CARTESIAN_POINT('',(20.755,-110.,1.8));
#9532=CARTESIAN_POINT('Origin',(20.755,-112.,1.8));
#9533=CARTESIAN_POINT('',(20.755,-110.,-6.975));
#9534=CARTESIAN_POINT('',(20.755,-110.,-2.98749999999998));
#9535=CARTESIAN_POINT('',(20.755,-97.,-6.975));
#9536=CARTESIAN_POINT('',(20.755,-23.6787234353508,-6.975));
#9537=CARTESIAN_POINT('',(20.755,-97.,-3.3));
#9538=CARTESIAN_POINT('',(20.755,-97.,-1.65));
#9539=CARTESIAN_POINT('',(20.755,-93.,-3.3));
#9540=CARTESIAN_POINT('Origin',(20.755,-95.,-3.3));
#9541=CARTESIAN_POINT('',(20.755,-93.,-6.975));
#9542=CARTESIAN_POINT('',(20.755,-93.,-2.98749999999999));
#9543=CARTESIAN_POINT('',(20.755,-79.5,-6.975));
#9544=CARTESIAN_POINT('',(20.755,-23.6787234353508,-6.975));
#9545=CARTESIAN_POINT('',(20.755,-79.5,1.8));
#9546=CARTESIAN_POINT('',(20.755,-79.5,0.900000000000055));
#9547=CARTESIAN_POINT('Origin',(20.755,-77.5,1.8));
#9548=CARTESIAN_POINT('Origin',(19.5,-148.5,0.));
#9549=CARTESIAN_POINT('',(19.5,-145.804029454646,3.675));
#9550=CARTESIAN_POINT('Origin',(19.5,-146.5,1.8));
#9551=CARTESIAN_POINT('',(19.5,-145.804029454646,3.675));
#9552=CARTESIAN_POINT('Origin',(12.5,-146.5,1.8));
#9553=CARTESIAN_POINT('',(20.755,-144.5,1.8));
#9554=CARTESIAN_POINT('',(12.5,-144.5,1.8));
#9555=CARTESIAN_POINT('',(20.755,-145.72880560492,3.64533444258687));
#9556=CARTESIAN_POINT('Origin',(20.755,-146.5,1.8));
#9557=CARTESIAN_POINT('',(20.7955541456067,-145.804029454646,3.675));
#9558=CARTESIAN_POINT('Ctrl Pts',(20.755,-145.72880560492,3.64533444258684));
#9559=CARTESIAN_POINT('Ctrl Pts',(20.7682603261144,-145.7533921737,3.65560955781773));
#9560=CARTESIAN_POINT('Ctrl Pts',(20.7817762955496,-145.778498820005,3.66552342948565));
#9561=CARTESIAN_POINT('Ctrl Pts',(20.7955541456067,-145.804029454646,3.675));
#9562=CARTESIAN_POINT('',(19.5,-145.804029454646,3.675));
#9563=CARTESIAN_POINT('Origin',(12.5,-6.49034269968216,-6.975));
#9564=CARTESIAN_POINT('',(12.5,-6.49034269968216,1.76288483761013));
#9565=CARTESIAN_POINT('Origin',(12.5,-8.5,1.8));
#9566=CARTESIAN_POINT('',(62.345,-10.5096573003178,1.76288483761024));
#9567=CARTESIAN_POINT('',(12.5,-10.5096573003178,1.76288483761024));
#9568=CARTESIAN_POINT('Origin',(62.345,-8.5,1.8));
#9569=CARTESIAN_POINT('Origin',(12.5,-10.5096573003178,1.76288483761024));
#9570=CARTESIAN_POINT('',(62.345,-10.5096573003178,-6.975));
#9571=CARTESIAN_POINT('',(62.345,-10.5096573003178,0.881442418805122));
#9572=CARTESIAN_POINT('',(27.,-10.5096573003178,-6.975));
#9573=CARTESIAN_POINT('Origin',(12.5,-10.5096573003178,1.76288483761024));
#9574=CARTESIAN_POINT('',(27.,-10.5096573003178,-6.975));
#9575=CARTESIAN_POINT('',(12.5,-10.5096573003178,1.76288483761024));
#9576=CARTESIAN_POINT('Origin',(12.5,-8.5,1.8));
#9577=CARTESIAN_POINT('',(12.5,-6.49034269968216,1.76288483761013));
#9578=CARTESIAN_POINT('Origin',(12.5,-6.49034269968216,-6.975));
#9579=CARTESIAN_POINT('',(27.,-6.49034269968216,-6.975));
#9580=CARTESIAN_POINT('Origin',(41.5,-62.5,-6.975));
#9581=CARTESIAN_POINT('',(27.,-24.,-6.975));
#9582=CARTESIAN_POINT('Origin',(62.345,24.5,0.));
#9583=CARTESIAN_POINT('',(62.345,-24.,-6.975));
#9584=CARTESIAN_POINT('',(62.345,15.1425531292983,-6.975));
#9585=CARTESIAN_POINT('',(62.345,-24.,-3.3));
#9586=CARTESIAN_POINT('',(62.345,-24.,-5.975));
#9587=CARTESIAN_POINT('',(62.345,-28.,-3.3));
#9588=CARTESIAN_POINT('Origin',(62.345,-26.,-3.3));
#9589=CARTESIAN_POINT('',(62.345,-28.,-6.975));
#9590=CARTESIAN_POINT('',(62.345,-28.,-5.975));
#9591=CARTESIAN_POINT('',(62.345,-41.,-6.975));
#9592=CARTESIAN_POINT('',(62.345,15.1425531292983,-6.975));
#9593=CARTESIAN_POINT('',(62.345,-41.,1.8));
#9594=CARTESIAN_POINT('',(62.345,-41.,-5.975));
#9595=CARTESIAN_POINT('Origin',(62.345,-43.,1.8));
#9596=CARTESIAN_POINT('Origin',(41.5,-62.5,-6.975));
#9597=CARTESIAN_POINT('',(27.,-24.,-6.975));
#9598=CARTESIAN_POINT('Origin',(20.755,15.1425531292983,0.));
#9599=CARTESIAN_POINT('',(20.755,-145.513509797457,3.65804546912339));
#9600=CARTESIAN_POINT('Ctrl Pts',(20.755,-142.405668708739,1.875));
#9601=CARTESIAN_POINT('Ctrl Pts',(20.755,-144.471077944798,3.65804546912307));
#9602=CARTESIAN_POINT('Ctrl Pts',(20.755,-145.513509797457,3.65804546912339));
#9603=CARTESIAN_POINT('Ctrl Pts',(20.755,-145.513509797457,3.65804546912339));
#9604=CARTESIAN_POINT('Ctrl Pts',(20.755,-145.620782472805,3.65804546912342));
#9605=CARTESIAN_POINT('Ctrl Pts',(20.755,-145.72880560492,3.64533444258687));
#9606=CARTESIAN_POINT('',(20.755,-144.5,-6.975));
#9607=CARTESIAN_POINT('',(20.755,-144.5,-2.98749999999978));
#9608=CARTESIAN_POINT('',(20.755,-131.5,-6.975));
#9609=CARTESIAN_POINT('',(20.755,-23.6787234353508,-6.975));
#9610=CARTESIAN_POINT('',(20.755,-131.5,-3.3));
#9611=CARTESIAN_POINT('',(20.755,-131.5,-1.65));
#9612=CARTESIAN_POINT('',(20.755,-127.5,-3.3));
#9613=CARTESIAN_POINT('Origin',(20.755,-129.5,-3.3));
#9614=CARTESIAN_POINT('',(20.755,-127.5,-6.975));
#9615=CARTESIAN_POINT('',(20.755,-127.5,-2.98749999999997));
#9616=CARTESIAN_POINT('',(20.755,-114.,-6.975));
#9617=CARTESIAN_POINT('',(20.755,-23.6787234353508,-6.975));
#9618=CARTESIAN_POINT('',(20.755,-114.,1.8));
#9619=CARTESIAN_POINT('',(20.755,-114.,0.900000000000001));
#9620=CARTESIAN_POINT('Origin',(20.755,-112.,1.8));
#9621=CARTESIAN_POINT('Origin',(41.5,-62.5,-6.97499999999992));
#9622=CARTESIAN_POINT('',(27.,-148.5,-6.975));
#9623=CARTESIAN_POINT('Origin',(41.5,-62.5,-6.97499999999997));
#9624=CARTESIAN_POINT('',(27.,-97.,-6.975));
#9625=CARTESIAN_POINT('',(27.,-110.,-6.975));
#9626=CARTESIAN_POINT('Origin',(41.5,-62.5,-6.975));
#9627=CARTESIAN_POINT('',(27.,-144.5,-6.975));
#9628=CARTESIAN_POINT('',(27.,-131.5,-6.975));
#9629=CARTESIAN_POINT('',(15.,-138.,-6.975));
#9630=CARTESIAN_POINT('Origin',(16.5,-138.,-6.975));
#9631=CARTESIAN_POINT('Origin',(41.5,-62.5,-6.975));
#9632=CARTESIAN_POINT('',(27.,-114.,-6.975));
#9633=CARTESIAN_POINT('',(27.,-127.5,-6.975));
#9634=CARTESIAN_POINT('Origin',(41.5,-62.5,-6.97499999999997));
#9635=CARTESIAN_POINT('',(27.,-93.,-6.975));
#9636=CARTESIAN_POINT('',(27.,-79.5,-6.975));
#9637=CARTESIAN_POINT('Origin',(41.5,-62.5,-6.975));
#9638=CARTESIAN_POINT('',(27.,-45.,-6.975));
#9639=CARTESIAN_POINT('',(27.,-58.5,-6.975));
#9640=CARTESIAN_POINT('Origin',(41.5,-62.5,-6.97499999999999));
#9641=CARTESIAN_POINT('',(27.,-45.,-6.975));
#9642=CARTESIAN_POINT('',(27.,-58.5,-6.975));
#9643=CARTESIAN_POINT('Origin',(41.5,-62.5,-6.975));
#9644=CARTESIAN_POINT('',(27.,-28.,-6.975));
#9645=CARTESIAN_POINT('',(27.,-41.,-6.975));
#9646=CARTESIAN_POINT('Origin',(41.5,-62.5,-6.975));
#9647=CARTESIAN_POINT('',(27.,6.50000000000003,-6.975));
#9648=CARTESIAN_POINT('',(18.,-0.0787342688531121,-6.975));
#9649=CARTESIAN_POINT('Origin',(16.5,-0.0787342688531123,-6.975));
#9650=CARTESIAN_POINT('Origin',(41.5,-62.5,-6.975));
#9651=CARTESIAN_POINT('',(27.,-28.,-6.975));
#9652=CARTESIAN_POINT('',(27.,-41.,-6.975));
#9653=CARTESIAN_POINT('Origin',(41.5,-62.5,-6.975));
#9654=CARTESIAN_POINT('',(27.,-75.5,-6.975));
#9655=CARTESIAN_POINT('',(27.,-62.5,-6.975));
#9656=CARTESIAN_POINT('',(15.,-68.5,-6.975));
#9657=CARTESIAN_POINT('Origin',(16.5,-68.5,-6.975));
#9658=CARTESIAN_POINT('Origin',(41.5,-62.5,-6.975));
#9659=CARTESIAN_POINT('',(27.,-75.5,-6.975));
#9660=CARTESIAN_POINT('',(27.,-62.5,-6.975));
#9661=CARTESIAN_POINT('',(65.,-68.5,-6.975));
#9662=CARTESIAN_POINT('Origin',(66.5,-68.5,-6.975));
#9663=CARTESIAN_POINT('Origin',(41.5,-62.5,-6.975));
#9664=CARTESIAN_POINT('',(27.,-97.,-6.975));
#9665=CARTESIAN_POINT('',(27.,-110.,-6.975));
#9666=CARTESIAN_POINT('Origin',(41.5,-62.5,-6.975));
#9667=CARTESIAN_POINT('',(27.,-144.5,-6.975));
#9668=CARTESIAN_POINT('',(27.,-131.5,-6.975));
#9669=CARTESIAN_POINT('',(65.,-138.,-6.975));
#9670=CARTESIAN_POINT('Origin',(66.5,-138.,-6.975));
#9671=CARTESIAN_POINT('Origin',(41.5,-62.5,-6.97499999999995));
#9672=CARTESIAN_POINT('',(27.,-114.,-6.975));
#9673=CARTESIAN_POINT('',(27.,-127.5,-6.975));
#9674=CARTESIAN_POINT('Origin',(41.5,-62.5,-6.975));
#9675=CARTESIAN_POINT('',(27.,-93.,-6.975));
#9676=CARTESIAN_POINT('',(27.,-79.5,-6.975));
#9677=CARTESIAN_POINT('Origin',(41.5,-62.5,5.675));
#9678=CARTESIAN_POINT('Origin',(41.5,-62.5,5.675));
#9679=CARTESIAN_POINT('Origin',(41.5,-62.5,5.675));
#9680=CARTESIAN_POINT('Origin',(41.5,-62.5,5.675));
#9681=CARTESIAN_POINT('Origin',(41.5,-62.5,5.675));
#9682=CARTESIAN_POINT('Origin',(66.5,-0.0111789178477795,2.675));
#9683=CARTESIAN_POINT('',(68.,-0.0111789178477793,2.675));
#9684=CARTESIAN_POINT('Origin',(66.5,-0.0111789178477795,2.675));
#9685=CARTESIAN_POINT('',(68.,-0.0111789178477797,2.675));
#9686=CARTESIAN_POINT('Origin',(16.5,-0.0787342688531123,2.675));
#9687=CARTESIAN_POINT('',(18.,-0.0787342688531121,2.675));
#9688=CARTESIAN_POINT('Origin',(16.5,-0.0787342688531123,2.675));
#9689=CARTESIAN_POINT('',(18.,-0.0787342688531125,2.675));
#9690=CARTESIAN_POINT('Origin',(66.5,-0.0111789178477795,5.675));
#9691=CARTESIAN_POINT('',(69.075,-0.0111789178477792,2.675));
#9692=CARTESIAN_POINT('',(69.075,-0.0111789178477798,5.675));
#9693=CARTESIAN_POINT('Origin',(66.5,-0.0111789178477795,2.675));
#9694=CARTESIAN_POINT('Origin',(66.5,-0.0111789178477795,2.675));
#9695=CARTESIAN_POINT('Origin',(16.5,-0.0787342688531123,5.675));
#9696=CARTESIAN_POINT('',(19.075,-0.078734268853112,2.675));
#9697=CARTESIAN_POINT('',(19.075,-0.0787342688531126,5.675));
#9698=CARTESIAN_POINT('Origin',(16.5,-0.0787342688531123,2.675));
#9699=CARTESIAN_POINT('Origin',(16.5,-0.0787342688531123,2.675));
#9700=CARTESIAN_POINT('Origin',(62.5,-95.,5.675));
#9701=CARTESIAN_POINT('',(63.925,-95.,9.675));
#9702=CARTESIAN_POINT('Origin',(62.5,-95.,9.675));
#9703=CARTESIAN_POINT('',(63.925,-95.,5.675));
#9704=CARTESIAN_POINT('',(63.925,-95.,5.675));
#9705=CARTESIAN_POINT('Origin',(62.5,-95.,5.675));
#9706=CARTESIAN_POINT('Origin',(62.5,-95.,9.675));
#9707=CARTESIAN_POINT('Origin',(41.5,-62.5,5.675));
#9708=CARTESIAN_POINT('Origin',(41.5,-62.5,5.675));
#9709=CARTESIAN_POINT('Origin',(41.5,-62.5,5.675));
#9710=CARTESIAN_POINT('Origin',(41.5,-62.5,5.675));
#9711=CARTESIAN_POINT('Origin',(22.5719545308765,-145.513509797457,4.175));
#9712=CARTESIAN_POINT('',(21.5719545308765,-145.513509797457,4.475));
#9713=CARTESIAN_POINT('Origin',(22.5719545308765,-145.513509797457,4.475));
#9714=CARTESIAN_POINT('',(21.2719545308765,-145.513509797457,4.175));
#9715=CARTESIAN_POINT('Ctrl Pts',(20.7955541456067,-145.804029454646,3.675));
#9716=CARTESIAN_POINT('Ctrl Pts',(20.9030231260898,-145.804029454646,3.78105996574147));
#9717=CARTESIAN_POINT('Ctrl Pts',(20.9985511087413,-145.804029454646,3.87500000000002));
#9718=CARTESIAN_POINT('Origin',(22.5719545308765,-145.513509797457,0.));
#9719=CARTESIAN_POINT('',(21.5719545308765,-145.513509797457,0.));
#9720=CARTESIAN_POINT('Origin',(44.6740877222588,-145.5,4.175));
#9721=CARTESIAN_POINT('',(43.6740877222588,-145.5,4.475));
#9722=CARTESIAN_POINT('Origin',(44.6740877222588,-145.5,4.475));
#9723=CARTESIAN_POINT('',(43.3740877222588,-145.5,4.175));
#9724=CARTESIAN_POINT('Origin',(44.6740877222588,-145.5,0.));
#9725=CARTESIAN_POINT('',(43.6740877222588,-145.5,0.));
#9726=CARTESIAN_POINT('Origin',(48.5976115722654,-128.494912597244,4.175));
#9727=CARTESIAN_POINT('',(47.5976115722654,-128.494912597244,4.475));
#9728=CARTESIAN_POINT('Origin',(48.5976115722654,-128.494912597244,4.475));
#9729=CARTESIAN_POINT('',(47.2976115722654,-128.494912597244,4.175));
#9730=CARTESIAN_POINT('Origin',(48.5976115722654,-128.494912597244,0.));
#9731=CARTESIAN_POINT('',(47.5976115722654,-128.494912597244,0.));
#9732=CARTESIAN_POINT('Origin',(26.4922288860619,-128.626182780435,4.175));
#9733=CARTESIAN_POINT('',(25.4922288860619,-128.626182780435,4.475));
#9734=CARTESIAN_POINT('Origin',(26.4922288860619,-128.626182780435,4.475));
#9735=CARTESIAN_POINT('',(25.1922288860619,-128.626182780435,4.175));
#9736=CARTESIAN_POINT('Origin',(26.4922288860619,-128.626182780435,0.));
#9737=CARTESIAN_POINT('',(25.4922288860619,-128.626182780435,0.));
#9738=CARTESIAN_POINT('Origin',(30.3955961824541,-111.141957143079,4.175));
#9739=CARTESIAN_POINT('',(29.3955961824541,-111.141957143079,4.475));
#9740=CARTESIAN_POINT('Origin',(30.3955961824541,-111.141957143079,4.475));
#9741=CARTESIAN_POINT('',(29.0955961824541,-111.141957143079,4.175));
#9742=CARTESIAN_POINT('Origin',(30.3955961824541,-111.141957143079,0.));
#9743=CARTESIAN_POINT('',(29.3955961824541,-111.141957143079,0.));
#9744=CARTESIAN_POINT('Origin',(52.4167006909475,-110.997679388944,4.175));
#9745=CARTESIAN_POINT('',(51.4167006909475,-110.997679388944,4.475));
#9746=CARTESIAN_POINT('Origin',(52.4167006909475,-110.997679388944,4.475));
#9747=CARTESIAN_POINT('',(51.1167006909475,-110.997679388944,4.175));
#9748=CARTESIAN_POINT('Origin',(52.4167006909475,-110.997679388944,0.));
#9749=CARTESIAN_POINT('',(51.4167006909475,-110.997679388944,0.));
#9750=CARTESIAN_POINT('Origin',(56.1807891466771,-94.0001942671434,4.175));
#9751=CARTESIAN_POINT('',(55.1807891466771,-94.0001942671434,4.475));
#9752=CARTESIAN_POINT('Origin',(56.1807891466771,-94.0001942671434,4.475));
#9753=CARTESIAN_POINT('',(54.8807891466771,-94.0001942671434,4.175));
#9754=CARTESIAN_POINT('Origin',(56.1807891466771,-94.0001942671434,0.));
#9755=CARTESIAN_POINT('',(55.1807891466771,-94.0001942671434,0.));
#9756=CARTESIAN_POINT('Origin',(34.5732022523164,-94.0000000018498,4.175));
#9757=CARTESIAN_POINT('',(33.5732022523164,-94.0000000018498,4.475));
#9758=CARTESIAN_POINT('Origin',(34.5732022523164,-94.0000000018498,4.475));
#9759=CARTESIAN_POINT('',(33.2732022523164,-94.0000000018498,4.175));
#9760=CARTESIAN_POINT('Origin',(34.5732022523164,-94.0000000018498,0.));
#9761=CARTESIAN_POINT('',(33.5732022523164,-94.0000000018498,0.));
#9762=CARTESIAN_POINT('Origin',(38.5863105123568,-76.499999998017,4.175));
#9763=CARTESIAN_POINT('',(37.5863105123568,-76.499999998017,4.475));
#9764=CARTESIAN_POINT('Origin',(38.5863105123568,-76.499999998017,4.475));
#9765=CARTESIAN_POINT('',(37.2863105123568,-76.499999998017,4.175));
#9766=CARTESIAN_POINT('Origin',(38.5863105123568,-76.499999998017,0.));
#9767=CARTESIAN_POINT('',(37.5863105123568,-76.499999998017,0.));
#9768=CARTESIAN_POINT('Origin',(44.6711078171159,-59.6140433090186,4.175));
#9769=CARTESIAN_POINT('',(43.6711078171159,-59.6140433090186,4.475));
#9770=CARTESIAN_POINT('Origin',(44.6711078171159,-59.6140433090186,4.475));
#9771=CARTESIAN_POINT('',(43.3711078171159,-59.6140433090186,4.175));
#9772=CARTESIAN_POINT('Origin',(44.6711078171159,-59.6140433090186,0.));
#9773=CARTESIAN_POINT('',(43.6711078171159,-59.6140433090186,0.));
#9774=CARTESIAN_POINT('Origin',(26.8974668054437,-41.9176911941742,4.175));
#9775=CARTESIAN_POINT('',(25.8974668054437,-41.9176911941742,4.475));
#9776=CARTESIAN_POINT('Origin',(26.8974668054437,-41.9176911941742,4.475));
#9777=CARTESIAN_POINT('',(25.5974668054437,-41.9176911941742,4.175));
#9778=CARTESIAN_POINT('Origin',(26.8974668054437,-41.9176911941742,0.));
#9779=CARTESIAN_POINT('',(25.8974668054437,-41.9176911941742,0.));
#9780=CARTESIAN_POINT('Origin',(48.6055831074687,-42.1594476462459,4.175));
#9781=CARTESIAN_POINT('',(47.6055831074687,-42.1594476462459,4.475));
#9782=CARTESIAN_POINT('Origin',(48.6055831074687,-42.1594476462459,4.475));
#9783=CARTESIAN_POINT('',(47.3055831074687,-42.1594476462459,4.175));
#9784=CARTESIAN_POINT('Origin',(48.6055831074687,-42.1594476462459,0.));
#9785=CARTESIAN_POINT('',(47.6055831074687,-42.1594476462459,0.));
#9786=CARTESIAN_POINT('Origin',(30.7929665735688,-24.9887433699088,4.175));
#9787=CARTESIAN_POINT('',(29.7929665735688,-24.9887433699088,4.475));
#9788=CARTESIAN_POINT('Origin',(30.7929665735688,-24.9887433699088,4.475));
#9789=CARTESIAN_POINT('',(29.4929665735688,-24.9887433699088,4.175));
#9790=CARTESIAN_POINT('Origin',(30.7929665735688,-24.9887433699088,0.));
#9791=CARTESIAN_POINT('',(29.7929665735688,-24.9887433699088,0.));
#9792=CARTESIAN_POINT('Origin',(52.4184237187011,-25.1438512512842,4.175));
#9793=CARTESIAN_POINT('',(51.4184237187011,-25.1438512512842,4.475));
#9794=CARTESIAN_POINT('Origin',(52.4184237187011,-25.1438512512842,4.475));
#9795=CARTESIAN_POINT('',(51.1184237187011,-25.1438512512842,4.175));
#9796=CARTESIAN_POINT('Origin',(52.4184237187011,-25.1438512512842,0.));
#9797=CARTESIAN_POINT('',(51.4184237187011,-25.1438512512842,0.));
#9798=CARTESIAN_POINT('Origin',(56.1774193675211,-7.57368368806041,4.175));
#9799=CARTESIAN_POINT('',(55.1774193675212,-7.57368368806041,4.475));
#9800=CARTESIAN_POINT('Origin',(56.1774193675211,-7.57368368806041,4.475));
#9801=CARTESIAN_POINT('',(54.8774193675212,-7.57368368806041,4.175));
#9802=CARTESIAN_POINT('Origin',(56.1774193675211,-7.57368368806041,0.));
#9803=CARTESIAN_POINT('',(55.1774193675212,-7.57368368806041,0.));
#9804=CARTESIAN_POINT('Origin',(34.5769190156926,-7.62827012397733,4.175));
#9805=CARTESIAN_POINT('',(33.5769190156926,-7.62827012397733,4.475));
#9806=CARTESIAN_POINT('Origin',(34.5769190156926,-7.62827012397733,4.475));
#9807=CARTESIAN_POINT('',(33.2769190156926,-7.62827012397733,4.175));
#9808=CARTESIAN_POINT('Origin',(34.5769190156926,-7.62827012397733,4.475));
#9809=CARTESIAN_POINT('Origin',(34.5769190156926,-7.62827012397733,0.));
#9810=CARTESIAN_POINT('Origin',(38.5824286544143,9.65007186709942,4.175));
#9811=CARTESIAN_POINT('',(37.5824286544143,9.65007186709942,4.475));
#9812=CARTESIAN_POINT('Origin',(38.5824286544143,9.65007186709942,4.475));
#9813=CARTESIAN_POINT('',(37.2824286544143,9.65007186709942,4.175));
#9814=CARTESIAN_POINT('Origin',(38.5824286544143,9.65007186709942,0.));
#9815=CARTESIAN_POINT('',(37.5824286544143,9.65007186709942,0.));
#9816=CARTESIAN_POINT('Origin',(20.755,-145.804029454646,3.675));
#9817=CARTESIAN_POINT('Origin',(63.5,-145.804029454646,3.675));
#9818=CARTESIAN_POINT('',(63.5,-145.804029454646,3.675));
#9819=CARTESIAN_POINT('',(63.5,-145.804029454646,3.675));
#9820=CARTESIAN_POINT('',(63.5,-145.804029454646,3.675));
#9821=CARTESIAN_POINT('Origin',(12.5,-28.,-3.3));
#9822=CARTESIAN_POINT('',(12.5,-28.,-3.3));
#9823=CARTESIAN_POINT('Origin',(12.5,-28.,-3.3));
#9824=CARTESIAN_POINT('',(12.5,-28.,-3.3));
#9825=CARTESIAN_POINT('Origin',(12.5,-24.,-5.975));
#9826=CARTESIAN_POINT('',(12.5,-24.,-3.3));
#9827=CARTESIAN_POINT('Origin',(12.5,-24.,-5.975));
#9828=CARTESIAN_POINT('',(12.5,-24.,-3.3));
#9829=CARTESIAN_POINT('Origin',(12.5,-97.,-3.3));
#9830=CARTESIAN_POINT('',(12.5,-97.,-3.3));
#9831=CARTESIAN_POINT('Origin',(12.5,-97.,-3.3));
#9832=CARTESIAN_POINT('',(12.5,-97.,-3.3));
#9833=CARTESIAN_POINT('Origin',(12.5,-93.,-5.97499999999997));
#9834=CARTESIAN_POINT('',(12.5,-93.,-3.3));
#9835=CARTESIAN_POINT('Origin',(12.5,-93.,-5.97499999999997));
#9836=CARTESIAN_POINT('',(12.5,-93.,-3.3));
#9837=CARTESIAN_POINT('Origin',(12.5,-144.5,-5.97499999999993));
#9838=CARTESIAN_POINT('Origin',(12.5,-144.5,-5.97499999999993));
#9839=CARTESIAN_POINT('',(12.5,-144.5,1.8));
#9840=CARTESIAN_POINT('Origin',(12.5,-79.5,1.8));
#9841=CARTESIAN_POINT('',(12.5,-79.5,1.8));
#9842=CARTESIAN_POINT('Origin',(12.5,-79.5,1.8));
#9843=CARTESIAN_POINT('',(12.5,-79.5,1.8));
#9844=CARTESIAN_POINT('Origin',(12.5,-75.5,-5.97499999999998));
#9845=CARTESIAN_POINT('',(12.5,-75.5,1.8));
#9846=CARTESIAN_POINT('Origin',(12.5,-75.5,-5.97499999999998));
#9847=CARTESIAN_POINT('',(12.5,-75.5,1.8));
#9848=CARTESIAN_POINT('Origin',(12.5,-45.,1.8));
#9849=CARTESIAN_POINT('',(12.5,-45.,1.8));
#9850=CARTESIAN_POINT('Origin',(12.5,-45.,1.8));
#9851=CARTESIAN_POINT('',(12.5,-45.,1.8));
#9852=CARTESIAN_POINT('Origin',(12.5,-41.,-5.97499999999999));
#9853=CARTESIAN_POINT('',(12.5,-41.,1.8));
#9854=CARTESIAN_POINT('Origin',(12.5,-41.,-5.97499999999999));
#9855=CARTESIAN_POINT('',(12.5,-41.,1.8));
#9856=CARTESIAN_POINT('Origin',(12.5,-114.,1.8));
#9857=CARTESIAN_POINT('',(12.5,-114.,1.8));
#9858=CARTESIAN_POINT('Origin',(12.5,-114.,1.8));
#9859=CARTESIAN_POINT('',(12.5,-114.,1.8));
#9860=CARTESIAN_POINT('Origin',(12.5,-110.,-5.97499999999996));
#9861=CARTESIAN_POINT('',(12.5,-110.,1.8));
#9862=CARTESIAN_POINT('Origin',(12.5,-110.,-5.97499999999996));
#9863=CARTESIAN_POINT('',(12.5,-110.,1.8));
#9864=CARTESIAN_POINT('Origin',(12.5,-131.5,-3.3));
#9865=CARTESIAN_POINT('',(12.5,-131.5,-3.3));
#9866=CARTESIAN_POINT('Origin',(12.5,-131.5,-3.3));
#9867=CARTESIAN_POINT('',(12.5,-131.5,-3.3));
#9868=CARTESIAN_POINT('Origin',(12.5,-127.5,-5.97499999999994));
#9869=CARTESIAN_POINT('',(12.5,-127.5,-3.3));
#9870=CARTESIAN_POINT('Origin',(12.5,-127.5,-5.97499999999994));
#9871=CARTESIAN_POINT('',(12.5,-127.5,-3.3));
#9872=CARTESIAN_POINT('Origin',(12.5,-62.5,-3.3));
#9873=CARTESIAN_POINT('',(12.5,-62.5,-3.3));
#9874=CARTESIAN_POINT('Origin',(12.5,-62.5,-3.3));
#9875=CARTESIAN_POINT('',(12.5,-62.5,-3.3));
#9876=CARTESIAN_POINT('Origin',(12.5,-58.5,-5.97499999999999));
#9877=CARTESIAN_POINT('',(12.5,-58.5,-3.3));
#9878=CARTESIAN_POINT('Origin',(12.5,-58.5,-5.97499999999999));
#9879=CARTESIAN_POINT('',(12.5,-58.5,-3.3));
#9880=CARTESIAN_POINT('Origin',(12.5,6.5,-3.3));
#9881=CARTESIAN_POINT('',(12.5,6.5,-3.30000000000002));
#9882=CARTESIAN_POINT('Origin',(12.5,6.5,-3.3));
#9883=CARTESIAN_POINT('Origin',(12.5,10.5,-5.97499999999999));
#9884=CARTESIAN_POINT('',(12.5,10.5,-3.29999999999997));
#9885=CARTESIAN_POINT('Origin',(12.5,10.5,-5.97499999999999));
#9886=CARTESIAN_POINT('Origin',(12.5,-146.5,1.8));
#9887=CARTESIAN_POINT('Origin',(63.5,-146.5,1.8));
#9888=CARTESIAN_POINT('Origin',(63.5,-148.5,0.));
#9889=CARTESIAN_POINT('Origin',(16.5,-68.5,5.675));
#9890=CARTESIAN_POINT('',(19.075,-68.5,2.675));
#9891=CARTESIAN_POINT('',(19.075,-68.5,5.675));
#9892=CARTESIAN_POINT('Origin',(16.5,-68.5,2.675));
#9893=CARTESIAN_POINT('Origin',(16.5,-68.5,2.675));
#9894=CARTESIAN_POINT('',(15.,-68.5,2.675));
#9895=CARTESIAN_POINT('Origin',(16.5,-68.5,2.675));
#9896=CARTESIAN_POINT('Origin',(16.5,-138.,5.675));
#9897=CARTESIAN_POINT('',(19.075,-138.,2.675));
#9898=CARTESIAN_POINT('',(19.075,-138.,5.675));
#9899=CARTESIAN_POINT('Origin',(16.5,-138.,2.675));
#9900=CARTESIAN_POINT('Origin',(16.5,-138.,2.675));
#9901=CARTESIAN_POINT('',(15.,-138.,2.675));
#9902=CARTESIAN_POINT('Origin',(16.5,-138.,2.675));
#9903=CARTESIAN_POINT('Origin',(66.5,-68.5,5.675));
#9904=CARTESIAN_POINT('',(69.075,-68.5,2.675));
#9905=CARTESIAN_POINT('',(69.075,-68.5,5.675));
#9906=CARTESIAN_POINT('Origin',(66.5,-68.5,2.675));
#9907=CARTESIAN_POINT('Origin',(66.5,-68.5,2.675));
#9908=CARTESIAN_POINT('',(65.,-68.5,2.675));
#9909=CARTESIAN_POINT('Origin',(66.5,-68.5,2.675));
#9910=CARTESIAN_POINT('Origin',(66.5,-138.,5.675));
#9911=CARTESIAN_POINT('',(69.075,-138.,2.675));
#9912=CARTESIAN_POINT('',(69.075,-138.,5.675));
#9913=CARTESIAN_POINT('Origin',(66.5,-138.,2.675));
#9914=CARTESIAN_POINT('Origin',(66.5,-138.,2.675));
#9915=CARTESIAN_POINT('',(65.,-138.,2.675));
#9916=CARTESIAN_POINT('Origin',(66.5,-138.,2.675));
#9917=CARTESIAN_POINT('Origin',(59.9781800737794,-76.4999999969177,0.));
#9918=CARTESIAN_POINT('',(58.9781800737794,-76.4999999969177,0.));
#9919=CARTESIAN_POINT('Origin',(22.6286682693525,-59.6334141531254,0.));
#9920=CARTESIAN_POINT('',(21.6286682693525,-59.6334141531254,0.));
#9921=CARTESIAN_POINT('Origin',(59.9809052947553,9.56282092242149,0.));
#9922=CARTESIAN_POINT('',(58.9809052947554,9.56282092242149,0.));
#9923=CARTESIAN_POINT('Origin',(63.5,15.1425531292983,0.));
#9924=CARTESIAN_POINT('Origin',(12.5,-26.,-3.3));
#9925=CARTESIAN_POINT('Origin',(12.5,-26.,-3.3));
#9926=CARTESIAN_POINT('Origin',(12.5,-95.,-3.3));
#9927=CARTESIAN_POINT('Origin',(12.5,-95.,-3.3));
#9928=CARTESIAN_POINT('Origin',(12.5,-77.5,1.8));
#9929=CARTESIAN_POINT('Origin',(12.5,-77.5,1.8));
#9930=CARTESIAN_POINT('Origin',(12.5,-43.,1.8));
#9931=CARTESIAN_POINT('Origin',(12.5,-43.,1.8));
#9932=CARTESIAN_POINT('Origin',(12.5,-112.,1.8));
#9933=CARTESIAN_POINT('Origin',(12.5,-112.,1.8));
#9934=CARTESIAN_POINT('Origin',(12.5,-129.5,-3.3));
#9935=CARTESIAN_POINT('Origin',(12.5,-129.5,-3.3));
#9936=CARTESIAN_POINT('Origin',(12.5,-60.5,-3.3));
#9937=CARTESIAN_POINT('Origin',(12.5,-60.5,-3.3));
#9938=CARTESIAN_POINT('Origin',(12.5,8.5,-3.3));
#9939=CARTESIAN_POINT('Origin',(66.5,-138.,0.));
#9940=CARTESIAN_POINT('',(65.,-138.,0.));
#9941=CARTESIAN_POINT('Origin',(66.5,-68.5,0.));
#9942=CARTESIAN_POINT('',(65.,-68.5,0.));
#9943=CARTESIAN_POINT('Origin',(16.5,-68.5,0.));
#9944=CARTESIAN_POINT('',(15.,-68.5,0.));
#9945=CARTESIAN_POINT('Origin',(16.5,-138.,0.));
#9946=CARTESIAN_POINT('',(15.,-138.,0.));
#9947=UNCERTAINTY_MEASURE_WITH_UNIT(LENGTH_MEASURE(0.01),#9951,
'DISTANCE_ACCURACY_VALUE',
'Maximum model space distance between geometric entities at asserted c
onnectivities');
#9948=UNCERTAINTY_MEASURE_WITH_UNIT(LENGTH_MEASURE(0.01),#9951,
'DISTANCE_ACCURACY_VALUE',
'Maximum model space distance between geometric entities at asserted c
onnectivities');
#9949=(
GEOMETRIC_REPRESENTATION_CONTEXT(3)
GLOBAL_UNCERTAINTY_ASSIGNED_CONTEXT((#9947))
GLOBAL_UNIT_ASSIGNED_CONTEXT((#9951,#9953,#9954))
REPRESENTATION_CONTEXT('','3D')
);
#9950=(
GEOMETRIC_REPRESENTATION_CONTEXT(3)
GLOBAL_UNCERTAINTY_ASSIGNED_CONTEXT((#9948))
GLOBAL_UNIT_ASSIGNED_CONTEXT((#9951,#9953,#9954))
REPRESENTATION_CONTEXT('','3D')
);
#9951=(
LENGTH_UNIT()
NAMED_UNIT(*)
SI_UNIT(.MILLI.,.METRE.)
);
#9952=(
LENGTH_UNIT()
NAMED_UNIT(*)
SI_UNIT($,.METRE.)
);
#9953=(
NAMED_UNIT(*)
PLANE_ANGLE_UNIT()
SI_UNIT($,.RADIAN.)
);
#9954=(
NAMED_UNIT(*)
SI_UNIT($,.STERADIAN.)
SOLID_ANGLE_UNIT()
);
#9955=SHAPE_DEFINITION_REPRESENTATION(#9956,#9957);
#9956=PRODUCT_DEFINITION_SHAPE('',$,#9959);
#9957=SHAPE_REPRESENTATION('',(#5389),#9949);
#9958=PRODUCT_DEFINITION_CONTEXT('part definition',#9963,'design');
#9959=PRODUCT_DEFINITION('2026-08-27-17-11-24-881','(Unsaved)',#9960,#9958);
#9960=PRODUCT_DEFINITION_FORMATION('',$,#9965);
#9961=PRODUCT_RELATED_PRODUCT_CATEGORY('(Unsaved)','(Unsaved)',(#9965));
#9962=APPLICATION_PROTOCOL_DEFINITION('international standard',
'automotive_design',2009,#9963);
#9963=APPLICATION_CONTEXT(
'Core Data for Automotive Mechanical Design Process');
#9964=PRODUCT_CONTEXT('part definition',#9963,'mechanical');
#9965=PRODUCT('2026-08-27-17-11-24-881','(Unsaved)',$,(#9964));
#9966=PRESENTATION_STYLE_ASSIGNMENT((#9967));
#9967=SURFACE_STYLE_USAGE(.BOTH.,#9968);
#9968=SURFACE_SIDE_STYLE('',(#9969));
#9969=SURFACE_STYLE_FILL_AREA(#9970);
#9970=FILL_AREA_STYLE('Steel - Satin',(#9971));
#9971=FILL_AREA_STYLE_COLOUR('Steel - Satin',#9972);
#9972=COLOUR_RGB('Steel - Satin',0.627450980392157,0.627450980392157,0.627450980392157);
ENDSEC;
END-ISO-10303-21;
